image_id,true_label,predicted_label,uncertainty_score,risk_score,decision,category
ISIC_0031382,nv,nv,8.745245e-05,4.2132997e-06,auto_accept,low_unc_low_risk
ISIC_0025947,nv,nv,0.02661292,0.00048782528,auto_accept,low_unc_low_risk
ISIC_0029691,nv,nv,4.1792468e-05,1.3651773e-07,auto_accept,low_unc_low_risk
ISIC_0031732,nv,nv,3.9032297e-08,7.29956e-11,auto_accept,low_unc_low_risk
ISIC_0026035,nv,nv,1.3225806e-06,3.2683705e-08,auto_accept,low_unc_low_risk
ISIC_0028474,nv,nv,1.7911318e-05,1.1979054e-07,auto_accept,low_unc_low_risk
ISIC_0032449,nv,nv,0.0054228734,0.0005108838,auto_accept,low_unc_low_risk
ISIC_0028064,nv,nv,4.5072625e-06,1.2949606e-07,auto_accept,low_unc_low_risk
ISIC_0028013,nv,nv,0.00019103002,2.5108757e-06,auto_accept,low_unc_low_risk
ISIC_0027971,nv,nv,0.00024254038,1.6149382e-06,auto_accept,low_unc_low_risk
ISIC_0028338,nv,nv,0.022025589,0.0027899952,auto_accept,low_unc_low_risk
ISIC_0033056,bkl,bkl,0.0011795398,0.0003107429,auto_accept,low_unc_low_risk
ISIC_0024341,nv,nv,8.42524e-06,4.66721e-08,auto_accept,low_unc_low_risk
ISIC_0032201,nv,nv,0.00042653547,1.87258e-05,auto_accept,low_unc_low_risk
ISIC_0032229,nv,nv,0.0012621259,5.301114e-05,auto_accept,low_unc_low_risk
ISIC_0027741,nv,nv,0.0021402272,1.4465354e-07,auto_accept,low_unc_low_risk
ISIC_0029222,nv,nv,0.5719821,0.21810155,escalate,high_unc_low_risk
ISIC_0032952,nv,nv,0.013350651,0.0017681295,auto_accept,low_unc_low_risk
ISIC_0028439,nv,nv,9.592381e-05,5.807256e-06,auto_accept,low_unc_low_risk
ISIC_0028692,nv,nv,0.0006189225,9.375617e-05,auto_accept,low_unc_low_risk
ISIC_0033926,nv,nv,0.0069831586,0.00037708104,auto_accept,low_unc_low_risk
ISIC_0034227,nv,nv,0.018151803,0.001074165,auto_accept,low_unc_low_risk
ISIC_0029941,nv,nv,3.7970965e-06,4.219514e-08,auto_accept,low_unc_low_risk
ISIC_0028316,bcc,bcc,0.008865718,0.99859494,auto_accept,low_unc_low_risk
ISIC_0030063,nv,nv,0.00020110045,4.0412306e-05,auto_accept,low_unc_low_risk
ISIC_0025626,nv,nv,3.2195737e-06,3.2325494e-07,auto_accept,low_unc_low_risk
ISIC_0024819,nv,nv,0.00057843176,1.2363877e-06,auto_accept,low_unc_low_risk
ISIC_0029490,nv,nv,0.00023930722,2.8103983e-07,auto_accept,low_unc_low_risk
ISIC_0033148,nv,nv,0.08002998,0.006077329,auto_accept,low_unc_low_risk
ISIC_0029105,nv,nv,0.0021779737,0.00024293551,auto_accept,low_unc_low_risk
ISIC_0031905,nv,nv,0.0008007526,5.814869e-05,auto_accept,low_unc_low_risk
ISIC_0032196,nv,nv,5.458029e-06,5.757713e-10,auto_accept,low_unc_low_risk
ISIC_0032137,nv,nv,0.00013777836,2.5061617e-08,auto_accept,low_unc_low_risk
ISIC_0026630,nv,nv,0.55753577,0.2806125,escalate,high_unc_low_risk
ISIC_0024734,nv,nv,0.018263616,0.001944508,auto_accept,low_unc_low_risk
ISIC_0026073,nv,nv,0.0027340064,0.00023799717,auto_accept,low_unc_low_risk
ISIC_0030499,nv,nv,1.7830775e-05,1.2082813e-06,auto_accept,low_unc_low_risk
ISIC_0028000,nv,nv,0.009796936,0.0014904013,auto_accept,low_unc_low_risk
ISIC_0028577,bcc,bcc,0.0022839708,0.9997508,auto_accept,low_unc_low_risk
ISIC_0029314,nv,nv,0.0008768807,3.145343e-05,auto_accept,low_unc_low_risk
ISIC_0025398,nv,nv,0.0008861129,1.3777393e-05,auto_accept,low_unc_low_risk
ISIC_0027898,nv,nv,1.9965921e-06,8.038259e-09,auto_accept,low_unc_low_risk
ISIC_0028066,nv,nv,0.56228685,5.1059244e-05,escalate,high_unc_low_risk
ISIC_0026344,nv,nv,0.00030810124,2.0328567e-05,auto_accept,low_unc_low_risk
ISIC_0029148,nv,nv,1.0826814e-06,6.6162293e-09,auto_accept,low_unc_low_risk
ISIC_0026234,nv,nv,0.056315042,0.0005194744,auto_accept,low_unc_low_risk
ISIC_0030780,nv,nv,0.00025604284,8.096261e-06,auto_accept,low_unc_low_risk
ISIC_0029910,nv,nv,1.0391973e-05,1.1535971e-08,auto_accept,low_unc_low_risk
ISIC_0029295,nv,nv,0.0006861302,2.4382554e-05,auto_accept,low_unc_low_risk
ISIC_0028432,nv,nv,0.0020710076,0.00012706945,auto_accept,low_unc_low_risk
ISIC_0026561,nv,nv,0.010564309,0.0012115532,auto_accept,low_unc_low_risk
ISIC_0032069,nv,nv,0.0060538393,1.3151466e-06,auto_accept,low_unc_low_risk
ISIC_0027637,nv,nv,0.00013617723,1.0812121e-06,auto_accept,low_unc_low_risk
ISIC_0032800,nv,nv,0.012124526,4.7305643e-05,auto_accept,low_unc_low_risk
ISIC_0030947,nv,nv,2.0219642e-05,5.23901e-07,auto_accept,low_unc_low_risk
ISIC_0027630,nv,nv,0.00061910256,3.1699816e-05,auto_accept,low_unc_low_risk
ISIC_0032120,nv,nv,0.0012089867,4.973012e-07,auto_accept,low_unc_low_risk
ISIC_0033164,nv,nv,0.3066634,0.020309646,escalate,high_unc_low_risk
ISIC_0030335,bcc,bcc,0.0013059573,0.99965525,auto_accept,low_unc_low_risk
ISIC_0026052,nv,nv,0.0032682999,0.00017811482,auto_accept,low_unc_low_risk
ISIC_0031610,nv,nv,2.373959e-05,7.327469e-08,auto_accept,low_unc_low_risk
ISIC_0028676,nv,nv,1.0990515e-05,7.251922e-07,auto_accept,low_unc_low_risk
ISIC_0031720,nv,nv,0.0069297394,0.0008460093,auto_accept,low_unc_low_risk
ISIC_0026383,nv,nv,0.0035926949,7.51194e-06,auto_accept,low_unc_low_risk
ISIC_0025514,nv,nv,0.0017812873,9.1150105e-05,auto_accept,low_unc_low_risk
ISIC_0031364,nv,nv,0.008529266,0.0008347267,auto_accept,low_unc_low_risk
ISIC_0032491,nv,nv,8.581322e-06,4.0863952e-07,auto_accept,low_unc_low_risk
ISIC_0024474,nv,nv,1.0699918e-05,9.934906e-08,auto_accept,low_unc_low_risk
ISIC_0033922,nv,nv,0.0006142755,6.564273e-05,auto_accept,low_unc_low_risk
ISIC_0029024,nv,nv,0.00018119747,1.9426143e-06,auto_accept,low_unc_low_risk
ISIC_0028327,nv,nv,0.15173541,0.00025967864,escalate,high_unc_low_risk
ISIC_0025516,nv,nv,8.1549246e-08,8.932565e-10,auto_accept,low_unc_low_risk
ISIC_0031956,nv,nv,5.595827e-07,5.1214266e-10,auto_accept,low_unc_low_risk
ISIC_0024826,nv,nv,0.00758335,0.00053356466,auto_accept,low_unc_low_risk
ISIC_0030797,nv,nv,3.2613734e-05,2.2031936e-06,auto_accept,low_unc_low_risk
ISIC_0025969,nv,nv,0.016315361,2.435627e-05,auto_accept,low_unc_low_risk
ISIC_0027119,nv,nv,2.5921856e-06,4.811248e-09,auto_accept,low_unc_low_risk
ISIC_0031860,nv,nv,0.00059678283,9.350085e-08,auto_accept,low_unc_low_risk
ISIC_0030761,nv,nv,0.00604465,0.00030415104,auto_accept,low_unc_low_risk
ISIC_0026475,mel,nv,0.0052303444,0.001110258,auto_accept,low_unc_low_risk
ISIC_0031635,nv,nv,0.60132015,0.30255425,escalate,high_unc_low_risk
ISIC_0024894,nv,nv,0.00039529247,9.573946e-06,auto_accept,low_unc_low_risk
ISIC_0026572,nv,nv,0.00032045748,1.7673205e-05,auto_accept,low_unc_low_risk
ISIC_0024462,nv,nv,0.00022376946,1.2488885e-05,auto_accept,low_unc_low_risk
ISIC_0031882,nv,nv,5.923761e-08,2.1737807e-12,auto_accept,low_unc_low_risk
ISIC_0032899,nv,nv,0.00048290918,4.7449998e-05,auto_accept,low_unc_low_risk
ISIC_0025839,nv,nv,0.00031264435,1.1836251e-05,auto_accept,low_unc_low_risk
ISIC_0025313,mel,nv,0.023476813,0.0035334828,auto_accept,low_unc_low_risk
ISIC_0024992,nv,nv,3.6595272e-06,1.17620385e-08,auto_accept,low_unc_low_risk
ISIC_0030496,nv,nv,0.0027299738,9.357736e-05,auto_accept,low_unc_low_risk
ISIC_0026592,nv,nv,0.09185922,0.0002730872,auto_accept,low_unc_low_risk
ISIC_0031997,nv,nv,0.014351281,0.0021904777,auto_accept,low_unc_low_risk
ISIC_0030573,nv,nv,0.0012446592,2.6909851e-05,auto_accept,low_unc_low_risk
ISIC_0028192,nv,nv,0.005870857,2.4843157e-05,auto_accept,low_unc_low_risk
ISIC_0027493,nv,nv,0.00073221605,4.4778713e-05,auto_accept,low_unc_low_risk
ISIC_0028099,nv,nv,2.3849448e-06,2.8362427e-08,auto_accept,low_unc_low_risk
ISIC_0028908,nv,nv,2.4591859e-07,6.732017e-09,auto_accept,low_unc_low_risk
ISIC_0027361,nv,nv,3.1714997e-05,6.03832e-08,auto_accept,low_unc_low_risk
ISIC_0025380,nv,nv,8.278856e-05,5.352164e-06,auto_accept,low_unc_low_risk
ISIC_0024868,nv,nv,1.4797137e-06,2.6824544e-08,auto_accept,low_unc_low_risk
ISIC_0025974,nv,nv,3.8215006e-05,1.1436157e-06,auto_accept,low_unc_low_risk
ISIC_0032464,nv,nv,9.98474e-06,4.9655192e-08,auto_accept,low_unc_low_risk
ISIC_0027800,nv,nv,3.0711322e-05,1.4145796e-07,auto_accept,low_unc_low_risk
ISIC_0026733,nv,nv,0.032617148,0.00026658078,auto_accept,low_unc_low_risk
ISIC_0027925,nv,nv,0.04087731,0.003979079,auto_accept,low_unc_low_risk
ISIC_0025645,nv,nv,0.0008977062,4.0251187e-05,auto_accept,low_unc_low_risk
ISIC_0028827,nv,nv,0.009807307,0.0009124298,auto_accept,low_unc_low_risk
ISIC_0030178,nv,nv,1.381551e-08,7.440777e-11,auto_accept,low_unc_low_risk
ISIC_0027051,nv,nv,0.00024486592,1.6041078e-07,auto_accept,low_unc_low_risk
ISIC_0029460,akiec,bkl,0.007567538,0.0018587445,auto_accept,low_unc_low_risk
ISIC_0026425,nv,nv,3.336372e-05,1.0378992e-06,auto_accept,low_unc_low_risk
ISIC_0024668,nv,nv,0.0018864005,6.841204e-05,auto_accept,low_unc_low_risk
ISIC_0029376,nv,nv,0.00016515737,7.473967e-06,auto_accept,low_unc_low_risk
ISIC_0027001,nv,nv,9.522103e-06,3.1683032e-07,auto_accept,low_unc_low_risk
ISIC_0029816,nv,nv,0.000105237224,7.19002e-07,auto_accept,low_unc_low_risk
ISIC_0033335,nv,nv,4.0778912e-05,1.5944321e-06,auto_accept,low_unc_low_risk
ISIC_0033689,nv,nv,4.545312e-05,3.6669744e-06,auto_accept,low_unc_low_risk
ISIC_0025672,nv,nv,0.00010178964,9.74741e-07,auto_accept,low_unc_low_risk
ISIC_0026013,nv,nv,0.0036427856,7.914742e-06,auto_accept,low_unc_low_risk
ISIC_0031952,nv,nv,0.0015502967,2.0336379e-06,auto_accept,low_unc_low_risk
ISIC_0028456,nv,nv,0.0005688006,1.1558011e-05,auto_accept,low_unc_low_risk
ISIC_0029556,nv,nv,1.6320872e-05,2.935195e-09,auto_accept,low_unc_low_risk
ISIC_0031328,nv,nv,0.09740647,2.1585127e-05,auto_accept,low_unc_low_risk
ISIC_0024308,nv,nv,0.0055379425,0.00074110145,auto_accept,low_unc_low_risk
ISIC_0026731,nv,nv,0.00019702487,1.4344506e-06,auto_accept,low_unc_low_risk
ISIC_0024520,nv,nv,0.00029951215,7.986576e-06,auto_accept,low_unc_low_risk
ISIC_0028269,nv,nv,0.00042639504,4.9376295e-06,auto_accept,low_unc_low_risk
ISIC_0032427,nv,nv,4.0520667e-06,1.4233241e-07,auto_accept,low_unc_low_risk
ISIC_0026435,nv,nv,0.0026022259,0.00027329533,auto_accept,low_unc_low_risk
ISIC_0028826,bkl,bkl,0.0023951987,6.720589e-07,auto_accept,low_unc_low_risk
ISIC_0024410,mel,nv,0.0006055223,1.1774218e-05,auto_accept,low_unc_low_risk
ISIC_0032316,bcc,bcc,0.011347675,0.9350806,auto_accept,low_unc_low_risk
ISIC_0032298,nv,nv,0.012647893,0.00076939235,auto_accept,low_unc_low_risk
ISIC_0030003,nv,nv,0.00142357,4.8721085e-05,auto_accept,low_unc_low_risk
ISIC_0028830,bkl,bkl,0.0045541544,0.00013100919,auto_accept,low_unc_low_risk
ISIC_0024347,nv,nv,3.6556678e-05,2.5744473e-06,auto_accept,low_unc_low_risk
ISIC_0028805,nv,nv,0.0016652645,2.6941766e-06,auto_accept,low_unc_low_risk
ISIC_0031752,nv,nv,0.0034503113,0.0003302223,auto_accept,low_unc_low_risk
ISIC_0025871,nv,nv,0.034763124,0.0018680575,auto_accept,low_unc_low_risk
ISIC_0025147,nv,nv,3.1633077e-05,9.242635e-08,auto_accept,low_unc_low_risk
ISIC_0026781,nv,nv,0.058949657,0.00014209774,auto_accept,low_unc_low_risk
ISIC_0032851,nv,nv,0.0017631582,0.00013025694,auto_accept,low_unc_low_risk
ISIC_0027724,nv,nv,0.034711864,0.0025734906,auto_accept,low_unc_low_risk
ISIC_0025561,nv,nv,2.9892575e-05,1.0276643e-07,auto_accept,low_unc_low_risk
ISIC_0027417,nv,nv,0.00018653921,6.8688705e-06,auto_accept,low_unc_low_risk
ISIC_0033437,bkl,bkl,0.07664785,0.0027885681,auto_accept,low_unc_low_risk
ISIC_0033490,bkl,bkl,0.0009857367,2.8876466e-06,auto_accept,low_unc_low_risk
ISIC_0025840,nv,nv,0.028436914,3.2683822e-06,auto_accept,low_unc_low_risk
ISIC_0033989,nv,nv,0.20954233,0.039093446,escalate,high_unc_low_risk
ISIC_0034191,nv,nv,0.06593572,0.0029948642,auto_accept,low_unc_low_risk
ISIC_0029688,nv,nv,0.00066060026,0.00037256206,auto_accept,low_unc_low_risk
ISIC_0028337,nv,nv,0.0014913405,0.00014381693,auto_accept,low_unc_low_risk
ISIC_0033092,vasc,vasc,0.00020000106,0.0010351451,auto_accept,low_unc_low_risk
ISIC_0032419,nv,nv,0.02472255,0.0024957473,auto_accept,low_unc_low_risk
ISIC_0030361,nv,nv,2.502835e-08,3.8385964e-10,auto_accept,low_unc_low_risk
ISIC_0025595,nv,nv,0.0010389541,1.20141385e-05,auto_accept,low_unc_low_risk
ISIC_0028274,nv,nv,3.4692403e-05,1.4776691e-07,auto_accept,low_unc_low_risk
ISIC_0031575,nv,nv,7.1489535e-06,6.541808e-08,auto_accept,low_unc_low_risk
ISIC_0025517,nv,nv,0.008603232,0.0010189275,auto_accept,low_unc_low_risk
ISIC_0029815,nv,nv,2.5246369e-08,1.4813142e-10,auto_accept,low_unc_low_risk
ISIC_0031717,nv,nv,6.781389e-08,6.353351e-10,auto_accept,low_unc_low_risk
ISIC_0028600,nv,nv,0.000961859,1.8150848e-06,auto_accept,low_unc_low_risk
ISIC_0032710,nv,nv,0.0014191011,0.00013016482,auto_accept,low_unc_low_risk
ISIC_0033601,bkl,bkl,3.2784085e-06,6.5025347e-07,auto_accept,low_unc_low_risk
ISIC_0029442,nv,nv,0.0009909442,8.108494e-07,auto_accept,low_unc_low_risk
ISIC_0029282,nv,nv,1.7815127e-06,1.861402e-08,auto_accept,low_unc_low_risk
ISIC_0033151,akiec,bkl,0.021861685,0.008185961,auto_accept,low_unc_low_risk
ISIC_0031816,nv,nv,0.0002135726,3.5063945e-06,auto_accept,low_unc_low_risk
ISIC_0031327,nv,nv,4.105665e-07,3.8317788e-10,auto_accept,low_unc_low_risk
ISIC_0028907,nv,nv,0.0009873732,4.9249506e-05,auto_accept,low_unc_low_risk
ISIC_0030053,nv,nv,9.513164e-05,1.2029063e-06,auto_accept,low_unc_low_risk
ISIC_0029607,nv,nv,0.09458895,0.0005379097,auto_accept,low_unc_low_risk
ISIC_0025175,nv,nv,9.533008e-05,5.1631854e-08,auto_accept,low_unc_low_risk
ISIC_0028961,nv,nv,0.0028104219,9.341536e-05,auto_accept,low_unc_low_risk
ISIC_0024335,nv,nv,0.0058129174,0.0008465585,auto_accept,low_unc_low_risk
ISIC_0026797,nv,nv,0.00048297242,2.821946e-05,auto_accept,low_unc_low_risk
ISIC_0027813,nv,nv,0.002380346,0.00023932788,auto_accept,low_unc_low_risk
ISIC_0025965,nv,nv,0.00020550683,1.4438176e-05,auto_accept,low_unc_low_risk
ISIC_0024656,nv,nv,2.1774439e-07,2.0155029e-11,auto_accept,low_unc_low_risk
ISIC_0034212,nv,nv,0.014839426,0.0002566981,auto_accept,low_unc_low_risk
ISIC_0031850,nv,nv,0.00047938564,2.9042283e-05,auto_accept,low_unc_low_risk
ISIC_0029788,nv,nv,0.0020199665,0.00013530413,auto_accept,low_unc_low_risk
ISIC_0029321,nv,nv,3.9109464e-06,3.2915664e-09,auto_accept,low_unc_low_risk
ISIC_0025715,nv,nv,0.0012284465,7.491142e-05,auto_accept,low_unc_low_risk
ISIC_0025896,nv,nv,1.1295902e-05,2.8571087e-08,auto_accept,low_unc_low_risk
ISIC_0032999,nv,nv,0.00014912857,1.5023487e-05,auto_accept,low_unc_low_risk
ISIC_0028857,nv,nv,0.0021527722,0.00014443274,auto_accept,low_unc_low_risk
ISIC_0033177,nv,nv,4.4675974e-07,9.037308e-10,auto_accept,low_unc_low_risk
ISIC_0034109,nv,nv,0.020789945,0.0016603011,auto_accept,low_unc_low_risk
ISIC_0032859,nv,nv,0.048679974,0.00012353044,auto_accept,low_unc_low_risk
ISIC_0031088,bkl,bkl,0.030458106,0.0018645481,auto_accept,low_unc_low_risk
ISIC_0028134,nv,nv,0.013175566,0.001533669,auto_accept,low_unc_low_risk
ISIC_0025669,nv,nv,0.008234023,0.00071944826,auto_accept,low_unc_low_risk
ISIC_0024648,nv,nv,8.953069e-05,3.9611288e-09,auto_accept,low_unc_low_risk
ISIC_0032368,nv,nv,0.0014739675,0.000113303395,auto_accept,low_unc_low_risk
ISIC_0031488,nv,nv,0.00011025217,6.5681525e-06,auto_accept,low_unc_low_risk
ISIC_0032606,nv,nv,0.00042910659,7.805988e-06,auto_accept,low_unc_low_risk
ISIC_0030255,mel,nv,0.058247864,0.0072866045,auto_accept,low_unc_low_risk
ISIC_0025508,nv,nv,0.0038353973,0.0001921412,auto_accept,low_unc_low_risk
ISIC_0030745,nv,nv,0.028595626,0.0033112199,auto_accept,low_unc_low_risk
ISIC_0033080,nv,nv,0.00046084172,5.300305e-05,auto_accept,low_unc_low_risk
ISIC_0024485,nv,nv,0.0005186672,3.2306139e-07,auto_accept,low_unc_low_risk
ISIC_0027508,nv,nv,0.00014253486,3.5466977e-07,auto_accept,low_unc_low_risk
ISIC_0030186,nv,nv,2.0499372e-05,7.073636e-07,auto_accept,low_unc_low_risk
ISIC_0025055,nv,nv,0.00061387103,5.149606e-05,auto_accept,low_unc_low_risk
ISIC_0031148,nv,nv,0.036504973,0.0038006883,auto_accept,low_unc_low_risk
ISIC_0024956,nv,nv,3.7555926e-06,1.9316748e-09,auto_accept,low_unc_low_risk
ISIC_0030136,nv,nv,0.00032130338,1.7050323e-05,auto_accept,low_unc_low_risk
ISIC_0028563,nv,nv,2.2838107e-05,8.718161e-09,auto_accept,low_unc_low_risk
ISIC_0026107,bkl,nv,0.025535922,7.1355025e-05,auto_accept,low_unc_low_risk
ISIC_0032554,nv,nv,0.027073612,0.0028419974,auto_accept,low_unc_low_risk
ISIC_0033998,nv,nv,0.010523454,0.00020419343,auto_accept,low_unc_low_risk
ISIC_0032145,nv,nv,0.004674695,0.0020019037,auto_accept,low_unc_low_risk
ISIC_0029407,nv,nv,0.0004756306,2.6349273e-05,auto_accept,low_unc_low_risk
ISIC_0028136,nv,nv,0.013031353,0.00020052562,auto_accept,low_unc_low_risk
ISIC_0029071,nv,nv,0.0006107936,9.5254045e-06,auto_accept,low_unc_low_risk
ISIC_0024658,nv,nv,1.5286189e-06,6.766275e-08,auto_accept,low_unc_low_risk
ISIC_0032261,nv,nv,0.0019299013,5.8706766e-05,auto_accept,low_unc_low_risk
ISIC_0032352,nv,nv,0.0034256482,0.00026459259,auto_accept,low_unc_low_risk
ISIC_0031376,bkl,bkl,2.9376868e-05,9.046057e-06,auto_accept,low_unc_low_risk
ISIC_0033427,nv,nv,7.213777e-08,4.7517137e-09,auto_accept,low_unc_low_risk
ISIC_0026590,bkl,bkl,0.0024858408,3.3723587e-05,auto_accept,low_unc_low_risk
ISIC_0029127,nv,nv,0.1976806,0.04026353,escalate,high_unc_low_risk
ISIC_0026739,nv,nv,1.381551e-08,2.8770807e-11,auto_accept,low_unc_low_risk
ISIC_0032131,nv,nv,0.00012589387,1.4401118e-06,auto_accept,low_unc_low_risk
ISIC_0028699,nv,nv,0.00016035177,3.656456e-07,auto_accept,low_unc_low_risk
ISIC_0030366,mel,nv,0.012998013,8.156023e-05,auto_accept,low_unc_low_risk
ISIC_0032487,nv,nv,6.413705e-05,4.6219293e-06,auto_accept,low_unc_low_risk
ISIC_0026903,nv,nv,0.00063756265,5.048925e-05,auto_accept,low_unc_low_risk
ISIC_0031497,nv,nv,0.000705291,5.3827927e-05,auto_accept,low_unc_low_risk
ISIC_0030069,nv,nv,0.013186478,0.0017350502,auto_accept,low_unc_low_risk
ISIC_0028189,nv,nv,2.6440955e-05,1.5479638e-06,auto_accept,low_unc_low_risk
ISIC_0030665,df,df,0.025811465,0.000101281454,auto_accept,low_unc_low_risk
ISIC_0032085,nv,nv,0.00064741663,3.4616984e-05,auto_accept,low_unc_low_risk
ISIC_0026261,nv,nv,1.0326382e-06,5.2372062e-08,auto_accept,low_unc_low_risk
ISIC_0026379,nv,nv,1.7726781e-05,6.203081e-07,auto_accept,low_unc_low_risk
ISIC_0028008,nv,nv,0.004045445,0.0007870046,auto_accept,low_unc_low_risk
ISIC_0031879,nv,nv,8.081983e-06,1.5848676e-07,auto_accept,low_unc_low_risk
ISIC_0026419,nv,nv,0.013900865,4.0767056e-05,auto_accept,low_unc_low_risk
ISIC_0030662,nv,nv,0.0010899366,6.987237e-05,auto_accept,low_unc_low_risk
ISIC_0026495,nv,nv,2.1575546e-05,5.163402e-07,auto_accept,low_unc_low_risk
ISIC_0030295,nv,nv,0.0021132804,1.554891e-05,auto_accept,low_unc_low_risk
ISIC_0026143,nv,nv,9.657257e-06,5.9381666e-08,auto_accept,low_unc_low_risk
ISIC_0024527,nv,nv,0.00038538323,1.534149e-06,auto_accept,low_unc_low_risk
ISIC_0031067,nv,nv,9.302921e-05,7.2199896e-06,auto_accept,low_unc_low_risk
ISIC_0029954,nv,nv,2.7621672e-07,7.637663e-09,auto_accept,low_unc_low_risk
ISIC_0034008,nv,nv,0.034660704,0.00037229309,auto_accept,low_unc_low_risk
ISIC_0033540,nv,nv,0.013315505,2.6034209e-06,auto_accept,low_unc_low_risk
ISIC_0028417,nv,nv,0.031781573,0.0035422258,auto_accept,low_unc_low_risk
ISIC_0026019,nv,nv,2.588168e-07,1.8864398e-11,auto_accept,low_unc_low_risk
ISIC_0026197,nv,nv,4.7165955e-07,1.7760021e-09,auto_accept,low_unc_low_risk
ISIC_0032398,nv,nv,0.010467271,0.00011742593,auto_accept,low_unc_low_risk
ISIC_0024406,nv,nv,0.00030083008,3.307304e-05,auto_accept,low_unc_low_risk
ISIC_0026353,nv,nv,0.012519631,0.00041066454,auto_accept,low_unc_low_risk
ISIC_0033655,mel,mel,0.01820728,0.99468166,auto_accept,low_unc_low_risk
ISIC_0029122,nv,nv,0.000896906,6.380322e-05,auto_accept,low_unc_low_risk
ISIC_0030588,nv,nv,0.16241357,0.010762928,escalate,high_unc_low_risk
ISIC_0033664,nv,nv,0.030103352,0.004007293,auto_accept,low_unc_low_risk
ISIC_0031390,nv,nv,2.7846017e-06,4.143309e-09,auto_accept,low_unc_low_risk
ISIC_0031010,nv,nv,0.0053215805,0.00026093193,auto_accept,low_unc_low_risk
ISIC_0028780,nv,nv,0.06041414,0.0012013826,auto_accept,low_unc_low_risk
ISIC_0025141,nv,nv,0.6422869,0.005743149,escalate,high_unc_low_risk
ISIC_0026469,nv,nv,2.994834e-07,4.491578e-09,auto_accept,low_unc_low_risk
ISIC_0024651,nv,nv,0.16168895,5.3776675e-05,escalate,high_unc_low_risk
ISIC_0026670,nv,nv,0.0106685255,0.0016557595,auto_accept,low_unc_low_risk
ISIC_0029161,bkl,bkl,0.00023572633,6.0240325e-08,auto_accept,low_unc_low_risk
ISIC_0026639,nv,nv,0.0005635001,3.3298624e-05,auto_accept,low_unc_low_risk
ISIC_0026616,nv,nv,7.3969977e-06,4.9943186e-08,auto_accept,low_unc_low_risk
ISIC_0026838,nv,nv,0.0005357826,2.586526e-05,auto_accept,low_unc_low_risk
ISIC_0029911,nv,nv,0.00074229715,1.0116493e-05,auto_accept,low_unc_low_risk
ISIC_0026341,nv,nv,0.002059706,4.3895074e-05,auto_accept,low_unc_low_risk
ISIC_0026578,nv,nv,0.0032854918,8.9674046e-05,auto_accept,low_unc_low_risk
ISIC_0031985,nv,nv,9.450772e-06,4.189745e-07,auto_accept,low_unc_low_risk
ISIC_0028181,nv,nv,7.740649e-06,1.8291011e-07,auto_accept,low_unc_low_risk
ISIC_0028743,nv,nv,0.000114532,3.947554e-06,auto_accept,low_unc_low_risk
ISIC_0025977,nv,nv,4.019557e-07,1.5407382e-09,auto_accept,low_unc_low_risk
ISIC_0026516,mel,nv,0.0038736134,0.00031771956,auto_accept,low_unc_low_risk
ISIC_0028819,nv,nv,0.0050467956,8.953228e-05,auto_accept,low_unc_low_risk
ISIC_0030194,nv,nv,0.1319531,0.051592104,escalate,high_unc_low_risk
ISIC_0024549,nv,nv,0.007842552,0.0006003126,auto_accept,low_unc_low_risk
ISIC_0030407,nv,nv,4.8314963e-05,2.5402792e-06,auto_accept,low_unc_low_risk
ISIC_0027279,bkl,bkl,0.012262624,4.0341572e-05,auto_accept,low_unc_low_risk
ISIC_0024493,nv,nv,0.0707721,5.0593746e-05,auto_accept,low_unc_low_risk
ISIC_0032528,nv,nv,2.426813e-07,3.4900074e-09,auto_accept,low_unc_low_risk
ISIC_0030684,nv,nv,4.509296e-06,1.9633232e-08,auto_accept,low_unc_low_risk
ISIC_0025393,nv,nv,0.018706502,4.6179994e-05,auto_accept,low_unc_low_risk
ISIC_0025571,nv,nv,0.02053618,8.860329e-05,auto_accept,low_unc_low_risk
ISIC_0028589,nv,nv,0.33134454,2.6991327e-05,escalate,high_unc_low_risk
ISIC_0033011,nv,nv,1.3765252e-05,1.2840206e-07,auto_accept,low_unc_low_risk
ISIC_0033796,nv,nv,0.003770384,4.5280307e-05,auto_accept,low_unc_low_risk
ISIC_0028515,nv,nv,0.00022079308,4.4621128e-08,auto_accept,low_unc_low_risk
ISIC_0029633,nv,bkl,0.1024995,5.854463e-05,auto_accept,low_unc_low_risk
ISIC_0033560,mel,mel,0.03904428,0.9877901,auto_accept,low_unc_low_risk
ISIC_0028996,nv,nv,0.0020382213,1.0598633e-07,auto_accept,low_unc_low_risk
ISIC_0029739,nv,nv,0.00019576024,9.779266e-06,auto_accept,low_unc_low_risk
ISIC_0034206,nv,nv,0.013475595,0.0017572005,auto_accept,low_unc_low_risk
ISIC_0032339,nv,nv,0.0006131658,4.431178e-05,auto_accept,low_unc_low_risk
ISIC_0030389,nv,nv,0.0149475625,0.0018969146,auto_accept,low_unc_low_risk
ISIC_0027147,nv,bkl,0.22306173,0.0009093705,escalate,high_unc_low_risk
ISIC_0026027,nv,nv,0.31900483,0.15773249,escalate,high_unc_low_risk
ISIC_0031214,nv,nv,1.0216322e-05,3.4091053e-07,auto_accept,low_unc_low_risk
ISIC_0027633,nv,nv,0.002675386,0.00031585433,auto_accept,low_unc_low_risk
ISIC_0027006,bkl,bkl,0.00022089075,9.23238e-08,auto_accept,low_unc_low_risk
ISIC_0033652,nv,nv,0.016147964,0.0018836918,auto_accept,low_unc_low_risk
ISIC_0031058,nv,nv,0.0004913066,7.070217e-07,auto_accept,low_unc_low_risk
ISIC_0026795,nv,nv,0.5847307,0.2682447,escalate,high_unc_low_risk
ISIC_0030204,nv,nv,0.016118078,3.4540677e-05,auto_accept,low_unc_low_risk
ISIC_0028301,nv,nv,0.0004763907,1.0697662e-05,auto_accept,low_unc_low_risk
ISIC_0032161,nv,nv,0.00067732914,1.2002532e-07,auto_accept,low_unc_low_risk
ISIC_0025334,nv,nv,1.843528e-05,3.844081e-07,auto_accept,low_unc_low_risk
ISIC_0027193,nv,nv,2.1324775e-05,5.7726194e-08,auto_accept,low_unc_low_risk
ISIC_0026676,nv,nv,0.012350382,0.0008700772,auto_accept,low_unc_low_risk
ISIC_0025593,nv,nv,0.0001413303,3.279397e-06,auto_accept,low_unc_low_risk
ISIC_0026963,mel,bkl,0.0076812035,0.0071380185,auto_accept,low_unc_low_risk
ISIC_0030054,nv,nv,0.0013943824,3.7371456e-06,auto_accept,low_unc_low_risk
ISIC_0029981,nv,nv,0.0008415847,8.856451e-06,auto_accept,low_unc_low_risk
ISIC_0026589,nv,nv,0.00027656325,5.4641597e-10,auto_accept,low_unc_low_risk
ISIC_0027384,nv,nv,0.0015487066,6.0248716e-08,auto_accept,low_unc_low_risk
ISIC_0029116,nv,nv,0.00010823277,4.3341784e-06,auto_accept,low_unc_low_risk
ISIC_0027941,nv,nv,0.050055854,2.1627573e-05,auto_accept,low_unc_low_risk
ISIC_0034247,nv,nv,0.014247492,0.0008236682,auto_accept,low_unc_low_risk
ISIC_0029782,nv,nv,0.00022233857,5.3617678e-05,auto_accept,low_unc_low_risk
ISIC_0027153,nv,nv,0.00030600998,1.7218597e-05,auto_accept,low_unc_low_risk
ISIC_0028019,nv,nv,9.167129e-07,4.8396505e-09,auto_accept,low_unc_low_risk
ISIC_0025447,nv,nv,0.009959855,0.0008756683,auto_accept,low_unc_low_risk
ISIC_0032080,nv,nv,0.0011472402,6.845276e-05,auto_accept,low_unc_low_risk
ISIC_0033121,nv,nv,0.002183789,0.00014871421,auto_accept,low_unc_low_risk
ISIC_0032506,nv,nv,6.418259e-06,5.3798313e-08,auto_accept,low_unc_low_risk
ISIC_0025769,nv,nv,0.071489654,0.013581415,auto_accept,low_unc_low_risk
ISIC_0027227,nv,nv,0.0014051163,9.524992e-05,auto_accept,low_unc_low_risk
ISIC_0028483,nv,nv,0.06274226,8.672308e-06,auto_accept,low_unc_low_risk
ISIC_0029347,nv,nv,8.863815e-06,1.9898322e-07,auto_accept,low_unc_low_risk
ISIC_0024597,nv,nv,0.00046957057,1.1198728e-06,auto_accept,low_unc_low_risk
ISIC_0024617,nv,nv,0.119625665,0.014085859,auto_accept,low_unc_low_risk
ISIC_0024976,nv,nv,0.0010359176,6.409434e-06,auto_accept,low_unc_low_risk
ISIC_0028049,nv,nv,6.7944654e-07,1.5283057e-08,auto_accept,low_unc_low_risk
ISIC_0032865,nv,nv,0.0041542477,0.00038527828,auto_accept,low_unc_low_risk
ISIC_0032006,bkl,bkl,0.02700046,1.1719735e-06,auto_accept,low_unc_low_risk
ISIC_0024434,nv,nv,0.00037289393,3.3045613e-05,auto_accept,low_unc_low_risk
ISIC_0028298,nv,nv,0.000117417505,1.1686888e-06,auto_accept,low_unc_low_risk
ISIC_0033927,nv,nv,0.00013758332,7.2044736e-06,auto_accept,low_unc_low_risk
ISIC_0024405,nv,nv,1.7165954e-05,4.701501e-07,auto_accept,low_unc_low_risk
ISIC_0031156,nv,nv,1.2863622e-07,4.7608645e-10,auto_accept,low_unc_low_risk
ISIC_0031415,nv,nv,0.0033180662,1.2035273e-05,auto_accept,low_unc_low_risk
ISIC_0032362,nv,nv,0.042817872,4.172554e-05,auto_accept,low_unc_low_risk
ISIC_0027879,nv,nv,0.0001676438,2.9448188e-06,auto_accept,low_unc_low_risk
ISIC_0026834,nv,nv,0.0013967329,0.00015029601,auto_accept,low_unc_low_risk
ISIC_0028673,nv,nv,0.033619676,0.0061191088,auto_accept,low_unc_low_risk
ISIC_0032785,nv,nv,0.00072606275,4.7606318e-05,auto_accept,low_unc_low_risk
ISIC_0032678,nv,nv,0.0015572936,0.00010656403,auto_accept,low_unc_low_risk
ISIC_0031925,bcc,bcc,0.08424718,0.9187849,auto_accept,low_unc_low_risk
ISIC_0029967,df,df,0.001743151,0.00032498813,auto_accept,low_unc_low_risk
ISIC_0027742,mel,nv,0.0036419306,0.00056828983,auto_accept,low_unc_low_risk
ISIC_0030421,nv,nv,0.005687317,1.1821237e-05,auto_accept,low_unc_low_risk
ISIC_0030461,nv,nv,0.00031791904,1.8737899e-07,auto_accept,low_unc_low_risk
ISIC_0028028,nv,nv,2.2195677e-06,5.550698e-09,auto_accept,low_unc_low_risk
ISIC_0026551,nv,nv,0.075112,0.01958786,auto_accept,low_unc_low_risk
ISIC_0031829,nv,nv,0.70189,0.360256,escalate,high_unc_low_risk
ISIC_0026999,nv,nv,3.2572043e-06,1.4084408e-08,auto_accept,low_unc_low_risk
ISIC_0031033,nv,nv,1.4524763e-06,3.1915612e-09,auto_accept,low_unc_low_risk
ISIC_0027011,nv,nv,3.0582538e-05,1.0271181e-06,auto_accept,low_unc_low_risk
ISIC_0028597,nv,nv,0.00051834545,9.141705e-06,auto_accept,low_unc_low_risk
ISIC_0028012,nv,nv,0.004106957,0.00017866149,auto_accept,low_unc_low_risk
ISIC_0026864,nv,nv,1.9896286e-06,6.8076346e-08,auto_accept,low_unc_low_risk
ISIC_0025952,nv,nv,0.00041821806,1.0609414e-05,auto_accept,low_unc_low_risk
ISIC_0026095,nv,nv,0.00024748454,9.492843e-07,auto_accept,low_unc_low_risk
ISIC_0028604,nv,nv,1.5468545e-06,1.0782754e-08,auto_accept,low_unc_low_risk
ISIC_0029936,nv,nv,3.7858084e-05,2.7861824e-06,auto_accept,low_unc_low_risk
ISIC_0029167,nv,nv,0.005350586,0.00042380916,auto_accept,low_unc_low_risk
ISIC_0031656,nv,nv,1.8886629e-05,3.6097475e-07,auto_accept,low_unc_low_risk
ISIC_0031419,nv,nv,0.0011357598,1.1259457e-05,auto_accept,low_unc_low_risk
ISIC_0030386,nv,nv,9.8622e-05,3.0520973e-06,auto_accept,low_unc_low_risk
ISIC_0024340,nv,nv,0.0023299225,0.00025844417,auto_accept,low_unc_low_risk
ISIC_0025280,nv,nv,0.00024184288,1.9747087e-07,auto_accept,low_unc_low_risk
ISIC_0032380,nv,nv,0.0094119655,0.00067713356,auto_accept,low_unc_low_risk
ISIC_0033810,df,df,6.3947687e-07,4.5951055e-07,auto_accept,low_unc_low_risk
ISIC_0027132,nv,nv,1.381551e-08,1.0768305e-12,auto_accept,low_unc_low_risk
ISIC_0028339,nv,nv,0.0040818346,0.00029196375,auto_accept,low_unc_low_risk
ISIC_0033628,nv,nv,0.03855818,0.005707014,auto_accept,low_unc_low_risk
ISIC_0028047,nv,nv,0.00020007572,8.493225e-06,auto_accept,low_unc_low_risk
ISIC_0025028,nv,nv,0.007946128,6.969887e-05,auto_accept,low_unc_low_risk
ISIC_0030301,nv,nv,3.934251e-07,4.0753456e-10,auto_accept,low_unc_low_risk
ISIC_0026434,nv,nv,6.9582595e-05,1.6678428e-06,auto_accept,low_unc_low_risk
ISIC_0029706,nv,nv,2.977202e-05,2.1076046e-07,auto_accept,low_unc_low_risk
ISIC_0032059,nv,nv,0.0010288855,0.00013309649,auto_accept,low_unc_low_risk
ISIC_0028603,nv,nv,0.011496337,0.0009893628,auto_accept,low_unc_low_risk
ISIC_0030098,nv,nv,0.00076269376,1.952745e-05,auto_accept,low_unc_low_risk
ISIC_0032273,nv,nv,0.00043586738,1.4674438e-05,auto_accept,low_unc_low_risk
ISIC_0028102,nv,nv,0.0006316472,6.989852e-06,auto_accept,low_unc_low_risk
ISIC_0024325,nv,nv,3.760339e-05,1.9000554e-09,auto_accept,low_unc_low_risk
ISIC_0026175,nv,nv,0.0023289528,2.3541483e-05,auto_accept,low_unc_low_risk
ISIC_0029498,nv,nv,0.00011791127,7.980736e-06,auto_accept,low_unc_low_risk
ISIC_0030455,nv,nv,0.00059790706,4.9476213e-05,auto_accept,low_unc_low_risk
ISIC_0027122,nv,nv,6.146553e-05,1.2926226e-06,auto_accept,low_unc_low_risk
ISIC_0028934,nv,nv,1.1145673e-05,4.2260538e-08,auto_accept,low_unc_low_risk
ISIC_0027278,nv,nv,0.004818321,7.4350544e-05,auto_accept,low_unc_low_risk
ISIC_0032434,nv,nv,0.0044637006,5.5614528e-05,auto_accept,low_unc_low_risk
ISIC_0027689,nv,nv,0.036403224,0.0020761183,auto_accept,low_unc_low_risk
ISIC_0026005,nv,nv,0.0012958279,0.00011801504,auto_accept,low_unc_low_risk
ISIC_0025648,nv,nv,0.0005329109,3.0480612e-07,auto_accept,low_unc_low_risk
ISIC_0027809,nv,nv,3.7873158e-07,2.7118777e-10,auto_accept,low_unc_low_risk
ISIC_0027733,nv,nv,0.0029610477,5.3481584e-05,auto_accept,low_unc_low_risk
ISIC_0029590,nv,nv,0.0025023608,0.00012360855,auto_accept,low_unc_low_risk
ISIC_0025187,nv,nv,0.020263163,0.00095167296,auto_accept,low_unc_low_risk
ISIC_0027313,nv,nv,0.003994231,0.00014406301,auto_accept,low_unc_low_risk
ISIC_0027453,nv,nv,0.002294794,0.00010110824,auto_accept,low_unc_low_risk
ISIC_0029999,nv,nv,0.008906228,9.664075e-05,auto_accept,low_unc_low_risk
ISIC_0031512,nv,nv,5.6659833e-06,7.343979e-08,auto_accept,low_unc_low_risk
ISIC_0032584,nv,nv,7.158231e-05,8.023067e-06,auto_accept,low_unc_low_risk
ISIC_0031402,nv,nv,0.001014857,4.4316173e-05,auto_accept,low_unc_low_risk
ISIC_0030733,nv,nv,0.22357826,0.0036051697,escalate,high_unc_low_risk
ISIC_0026678,nv,nv,0.00022246216,2.230189e-06,auto_accept,low_unc_low_risk
ISIC_0030637,nv,nv,0.0011503686,8.992335e-06,auto_accept,low_unc_low_risk
ISIC_0030927,nv,nv,0.001078429,9.077988e-05,auto_accept,low_unc_low_risk
ISIC_0024558,nv,nv,7.793433e-07,2.1156552e-08,auto_accept,low_unc_low_risk
ISIC_0029690,nv,nv,2.0272691e-05,2.6323838e-07,auto_accept,low_unc_low_risk
ISIC_0031024,bkl,bkl,0.000646653,3.4710865e-07,auto_accept,low_unc_low_risk
ISIC_0031529,mel,nv,0.00080462184,8.620296e-05,auto_accept,low_unc_low_risk
ISIC_0033904,nv,nv,0.0012611353,6.606783e-06,auto_accept,low_unc_low_risk
ISIC_0029237,nv,nv,2.4305064e-06,9.002289e-08,auto_accept,low_unc_low_risk
ISIC_0028754,nv,nv,0.0006153553,5.478881e-05,auto_accept,low_unc_low_risk
ISIC_0031162,nv,nv,2.6439515e-05,1.2908733e-06,auto_accept,low_unc_low_risk
ISIC_0026370,nv,nv,0.009519595,0.0014545752,auto_accept,low_unc_low_risk
ISIC_0030131,nv,nv,0.0012198944,1.773767e-05,auto_accept,low_unc_low_risk
ISIC_0034228,nv,nv,0.0012358669,2.5080684e-05,auto_accept,low_unc_low_risk
ISIC_0029449,nv,nv,0.00012778517,4.855436e-07,auto_accept,low_unc_low_risk
ISIC_0027732,nv,nv,0.0020273102,2.9454952e-05,auto_accept,low_unc_low_risk
ISIC_0032166,nv,nv,0.004261815,0.000510709,auto_accept,low_unc_low_risk
ISIC_0031250,nv,nv,8.4686566e-05,1.5520554e-06,auto_accept,low_unc_low_risk
ISIC_0025721,nv,nv,9.069624e-05,3.512955e-06,auto_accept,low_unc_low_risk
ISIC_0029125,nv,nv,0.0014775952,4.42787e-07,auto_accept,low_unc_low_risk
ISIC_0027886,nv,nv,0.0075840666,0.00043915812,auto_accept,low_unc_low_risk
ISIC_0030650,nv,nv,4.750661e-05,1.5985627e-06,auto_accept,low_unc_low_risk
ISIC_0025215,nv,nv,0.00018424133,9.68966e-07,auto_accept,low_unc_low_risk
ISIC_0029244,nv,nv,0.0025174937,0.00019487036,auto_accept,low_unc_low_risk
ISIC_0024995,nv,nv,0.00021865396,8.909311e-06,auto_accept,low_unc_low_risk
ISIC_0028720,nv,nv,0.0014924001,0.000103751474,auto_accept,low_unc_low_risk
ISIC_0029850,nv,nv,2.4881365e-05,1.8178775e-07,auto_accept,low_unc_low_risk
ISIC_0032933,nv,nv,0.0047622276,1.3246805e-05,auto_accept,low_unc_low_risk
ISIC_0024414,nv,nv,2.0662648e-05,4.6247723e-07,auto_accept,low_unc_low_risk
ISIC_0029386,nv,nv,0.00013590216,1.0152477e-05,auto_accept,low_unc_low_risk
ISIC_0032476,mel,mel,0.012417751,0.9964258,auto_accept,low_unc_low_risk
ISIC_0028390,nv,nv,1.381551e-08,2.2826532e-11,auto_accept,low_unc_low_risk
ISIC_0025931,nv,nv,0.05190154,0.008570895,auto_accept,low_unc_low_risk
ISIC_0032712,nv,nv,0.5702121,0.031085681,escalate,high_unc_low_risk
ISIC_0028196,nv,nv,0.00020318499,1.2098855e-05,auto_accept,low_unc_low_risk
ISIC_0033584,nv,nv,0.002764716,0.00017323844,auto_accept,low_unc_low_risk
ISIC_0028950,nv,nv,0.000927891,3.4655895e-05,auto_accept,low_unc_low_risk
ISIC_0032802,nv,nv,0.034559052,0.0028960644,auto_accept,low_unc_low_risk
ISIC_0028348,nv,nv,2.4307698e-07,2.5805238e-11,auto_accept,low_unc_low_risk
ISIC_0033799,nv,nv,0.02919824,0.0029088545,auto_accept,low_unc_low_risk
ISIC_0028282,nv,nv,0.00011510964,4.393095e-06,auto_accept,low_unc_low_risk
ISIC_0026269,nv,nv,0.0024743855,4.0423674e-05,auto_accept,low_unc_low_risk
ISIC_0028161,nv,nv,0.06577412,0.0004034083,auto_accept,low_unc_low_risk
ISIC_0024709,bkl,bkl,0.27725363,0.0007473421,escalate,high_unc_low_risk
ISIC_0030911,nv,nv,8.634329e-05,3.6655301e-06,auto_accept,low_unc_low_risk
ISIC_0025619,nv,nv,0.0065924283,6.483943e-05,auto_accept,low_unc_low_risk
ISIC_0029595,nv,nv,1.6161853e-07,7.822022e-09,auto_accept,low_unc_low_risk
ISIC_0033843,mel,mel,0.016888412,0.99443614,auto_accept,low_unc_low_risk
ISIC_0033778,bkl,bkl,0.07150975,0.00042059706,auto_accept,low_unc_low_risk
ISIC_0030486,mel,mel,0.06083169,0.9999707,escalate,low_unc_high_risk
ISIC_0032005,nv,nv,0.00015999626,4.8791185e-06,auto_accept,low_unc_low_risk
ISIC_0025321,vasc,vasc,0.002305482,0.00047164896,auto_accept,low_unc_low_risk
ISIC_0033040,nv,nv,0.0010576913,8.198355e-06,auto_accept,low_unc_low_risk
ISIC_0032319,nv,nv,3.074226e-05,8.0310804e-07,auto_accept,low_unc_low_risk
ISIC_0029675,nv,nv,0.0005686198,5.8016262e-06,auto_accept,low_unc_low_risk
ISIC_0033878,mel,mel,0.0025703467,0.99913895,auto_accept,low_unc_low_risk
ISIC_0027817,nv,nv,1.1090738e-05,2.842037e-08,auto_accept,low_unc_low_risk
ISIC_0033839,nv,nv,0.13501073,0.027109683,escalate,high_unc_low_risk
ISIC_0026328,nv,nv,0.00066107884,9.868409e-06,auto_accept,low_unc_low_risk
ISIC_0025258,nv,nv,4.9270275e-05,5.1897345e-08,auto_accept,low_unc_low_risk
ISIC_0032469,nv,nv,5.898611e-05,5.0822894e-07,auto_accept,low_unc_low_risk
ISIC_0025658,nv,nv,0.00013234293,3.1001493e-06,auto_accept,low_unc_low_risk
ISIC_0029845,nv,nv,0.1035717,0.009970449,auto_accept,low_unc_low_risk
ISIC_0032407,nv,nv,7.639971e-05,1.925531e-06,auto_accept,low_unc_low_risk
ISIC_0028472,nv,nv,0.39539102,0.002099459,escalate,high_unc_low_risk
ISIC_0029189,nv,nv,0.0007375566,1.6972195e-05,auto_accept,low_unc_low_risk
ISIC_0030279,nv,nv,0.051389035,0.00029260217,auto_accept,low_unc_low_risk
ISIC_0025416,nv,nv,8.9808826e-05,2.8875913e-06,auto_accept,low_unc_low_risk
ISIC_0030556,nv,nv,0.000105644904,2.6586654e-06,auto_accept,low_unc_low_risk
ISIC_0029111,nv,nv,0.0018020396,6.581107e-06,auto_accept,low_unc_low_risk
ISIC_0032457,nv,nv,0.00027775863,1.3779594e-06,auto_accept,low_unc_low_risk
ISIC_0032980,nv,nv,0.0018911521,0.00011235177,auto_accept,low_unc_low_risk
ISIC_0025205,nv,nv,1.2340131e-05,2.4480167e-09,auto_accept,low_unc_low_risk
ISIC_0032167,nv,nv,0.000461502,1.87893e-05,auto_accept,low_unc_low_risk
ISIC_0029678,bkl,nv,0.40998834,0.0011083446,escalate,high_unc_low_risk
ISIC_0031621,nv,nv,1.9676345e-05,1.3203733e-06,auto_accept,low_unc_low_risk
ISIC_0028443,nv,nv,4.6841596e-06,2.9940928e-08,auto_accept,low_unc_low_risk
ISIC_0026458,mel,mel,0.00041605282,0.9999311,auto_accept,low_unc_low_risk
ISIC_0031357,nv,nv,3.704001e-06,8.709751e-09,auto_accept,low_unc_low_risk
ISIC_0032612,nv,mel,0.7370902,0.4254787,escalate,high_unc_low_risk
ISIC_0028068,nv,nv,0.0006314831,8.2543025e-08,auto_accept,low_unc_low_risk
ISIC_0028141,nv,nv,0.026898565,0.00064540835,auto_accept,low_unc_low_risk
ISIC_0030228,nv,nv,7.322519e-07,2.3611161e-08,auto_accept,low_unc_low_risk
ISIC_0028943,bkl,bkl,0.0071839145,0.0006394729,auto_accept,low_unc_low_risk
ISIC_0025912,nv,nv,0.026907286,0.0003013475,auto_accept,low_unc_low_risk
ISIC_0026284,nv,nv,2.6414493e-06,5.7744884e-09,auto_accept,low_unc_low_risk
ISIC_0024751,nv,nv,3.4952784e-05,2.2628908e-06,auto_accept,low_unc_low_risk
ISIC_0024601,nv,nv,0.0046901824,0.0002241465,auto_accept,low_unc_low_risk
ISIC_0029078,nv,nv,0.011040864,6.724475e-06,auto_accept,low_unc_low_risk
ISIC_0024379,nv,nv,0.0073151262,1.3599149e-06,auto_accept,low_unc_low_risk
ISIC_0025210,nv,nv,0.00019998127,1.5850801e-05,auto_accept,low_unc_low_risk
ISIC_0033407,nv,nv,0.0008390504,3.20854e-05,auto_accept,low_unc_low_risk
ISIC_0024395,nv,nv,0.0056550903,2.2695196e-05,auto_accept,low_unc_low_risk
ISIC_0030325,nv,nv,0.0011811858,1.4610761e-05,auto_accept,low_unc_low_risk
ISIC_0027304,nv,nv,0.02151187,0.0020143266,auto_accept,low_unc_low_risk
ISIC_0031828,nv,nv,4.5568186e-06,5.2528826e-08,auto_accept,low_unc_low_risk
ISIC_0027977,nv,nv,2.7864333e-05,4.0143112e-07,auto_accept,low_unc_low_risk
ISIC_0026477,bkl,nv,0.0029099034,0.00021504289,auto_accept,low_unc_low_risk
ISIC_0025662,nv,nv,9.023649e-06,2.1322471e-07,auto_accept,low_unc_low_risk
ISIC_0026108,nv,nv,5.3896238e-06,1.3449232e-08,auto_accept,low_unc_low_risk
ISIC_0034217,nv,nv,0.011998422,0.0007099735,auto_accept,low_unc_low_risk
ISIC_0026046,bkl,bkl,7.1746235e-06,1.224445e-08,auto_accept,low_unc_low_risk
ISIC_0026757,nv,nv,0.0005687035,1.5106297e-05,auto_accept,low_unc_low_risk
ISIC_0030577,nv,nv,1.1541667e-06,1.9504014e-08,auto_accept,low_unc_low_risk
ISIC_0029612,bkl,bkl,0.015233452,8.07874e-05,auto_accept,low_unc_low_risk
ISIC_0026979,nv,nv,0.0034104716,5.0230592e-05,auto_accept,low_unc_low_risk
ISIC_0032752,nv,nv,0.0036609385,1.2151721e-05,auto_accept,low_unc_low_risk
ISIC_0025761,nv,nv,0.016360456,4.2768916e-05,auto_accept,low_unc_low_risk
ISIC_0028407,nv,nv,0.015920378,0.001907594,auto_accept,low_unc_low_risk
ISIC_0031787,nv,nv,7.3995756e-07,2.2504232e-09,auto_accept,low_unc_low_risk
ISIC_0026012,nv,nv,0.18864428,0.013085532,escalate,high_unc_low_risk
ISIC_0028540,nv,nv,0.0003591147,2.4678622e-05,auto_accept,low_unc_low_risk
ISIC_0027322,nv,nv,0.0004373631,9.322888e-06,auto_accept,low_unc_low_risk
ISIC_0029526,nv,nv,0.00038709503,3.4113796e-06,auto_accept,low_unc_low_risk
ISIC_0027075,nv,nv,0.01745319,0.000103717444,auto_accept,low_unc_low_risk
ISIC_0028410,mel,mel,0.05398965,0.9850193,auto_accept,low_unc_low_risk
ISIC_0030878,nv,nv,0.00077777385,8.177397e-06,auto_accept,low_unc_low_risk
ISIC_0028560,bkl,bkl,0.7135616,0.17966695,escalate,high_unc_low_risk
ISIC_0030509,nv,nv,2.38075e-06,6.1603046e-08,auto_accept,low_unc_low_risk
ISIC_0033749,vasc,vasc,0.00080316537,8.353371e-05,auto_accept,low_unc_low_risk
ISIC_0033767,nv,nv,0.02224127,0.002922631,auto_accept,low_unc_low_risk
ISIC_0025742,nv,nv,0.2426656,6.303137e-05,escalate,high_unc_low_risk
ISIC_0030889,nv,nv,0.0024147914,0.00045203112,auto_accept,low_unc_low_risk
ISIC_0027511,nv,nv,7.0072315e-07,5.1757336e-09,auto_accept,low_unc_low_risk
ISIC_0033519,nv,nv,0.0018117194,8.0318365e-05,auto_accept,low_unc_low_risk
ISIC_0032011,nv,nv,0.00025039175,7.099744e-07,auto_accept,low_unc_low_risk
ISIC_0026619,nv,nv,0.0010641093,1.7637038e-05,auto_accept,low_unc_low_risk
ISIC_0034029,nv,nv,0.081328295,0.02859827,auto_accept,low_unc_low_risk
ISIC_0025759,nv,nv,0.04135853,8.616662e-06,auto_accept,low_unc_low_risk
ISIC_0030480,nv,nv,8.50214e-05,1.1257182e-06,auto_accept,low_unc_low_risk
ISIC_0032686,nv,nv,0.21402226,0.038943753,escalate,high_unc_low_risk
ISIC_0025828,nv,nv,0.002454601,0.00023775698,auto_accept,low_unc_low_risk
ISIC_0030527,nv,nv,3.7551446e-05,3.849004e-07,auto_accept,low_unc_low_risk
ISIC_0028169,nv,nv,0.0011976798,3.9186554e-05,auto_accept,low_unc_low_risk
ISIC_0025168,nv,nv,0.08530979,0.02957689,auto_accept,low_unc_low_risk
ISIC_0033792,nv,nv,0.023354031,0.0024217684,auto_accept,low_unc_low_risk
ISIC_0028093,nv,nv,2.9380399e-06,1.847445e-08,auto_accept,low_unc_low_risk
ISIC_0034295,nv,nv,0.0025958507,8.407386e-05,auto_accept,low_unc_low_risk
ISIC_0024460,nv,nv,0.0008812354,1.8871766e-05,auto_accept,low_unc_low_risk
ISIC_0024535,nv,nv,4.570346e-06,5.5623588e-08,auto_accept,low_unc_low_risk
ISIC_0026774,mel,nv,0.03640997,0.00048530014,auto_accept,low_unc_low_risk
ISIC_0031731,nv,nv,7.601208e-06,2.0483515e-07,auto_accept,low_unc_low_risk
ISIC_0028392,nv,nv,1.5499658e-06,2.7201455e-10,auto_accept,low_unc_low_risk
ISIC_0027696,nv,nv,0.00013282258,3.1353259e-06,auto_accept,low_unc_low_risk
ISIC_0029695,nv,nv,0.00042933732,8.773631e-06,auto_accept,low_unc_low_risk
ISIC_0028641,nv,nv,1.0649983e-05,3.4285893e-08,auto_accept,low_unc_low_risk
ISIC_0033111,nv,nv,0.004277715,4.724514e-05,auto_accept,low_unc_low_risk
ISIC_0028905,nv,nv,0.0018495527,0.00025706526,auto_accept,low_unc_low_risk
ISIC_0028383,nv,nv,0.0002850883,2.18746e-06,auto_accept,low_unc_low_risk
ISIC_0032330,bkl,bkl,0.0004065008,5.8382035e-08,auto_accept,low_unc_low_risk
ISIC_0025122,nv,nv,0.020715402,0.00032593327,auto_accept,low_unc_low_risk
ISIC_0027025,bkl,bkl,0.0006119595,0.000104797604,auto_accept,low_unc_low_risk
ISIC_0025306,nv,nv,3.758227e-06,1.8655824e-07,auto_accept,low_unc_low_risk
ISIC_0027392,bkl,akiec,0.124663025,0.94634914,escalate,high_unc_low_risk
ISIC_0034178,nv,nv,0.0010779406,8.975052e-05,auto_accept,low_unc_low_risk
ISIC_0031089,nv,nv,1.3133639e-06,3.439744e-08,auto_accept,low_unc_low_risk
ISIC_0026859,nv,nv,3.402893e-06,7.5619395e-09,auto_accept,low_unc_low_risk
ISIC_0030593,nv,nv,0.3197376,0.07676842,escalate,high_unc_low_risk
ISIC_0031420,nv,nv,0.00021151127,7.7954235e-07,auto_accept,low_unc_low_risk
ISIC_0025347,nv,nv,1.381551e-08,2.7017752e-13,auto_accept,low_unc_low_risk
ISIC_0025889,nv,nv,6.675183e-05,4.1101035e-07,auto_accept,low_unc_low_risk
ISIC_0032488,nv,nv,0.002019238,7.2629956e-07,auto_accept,low_unc_low_risk
ISIC_0025807,vasc,vasc,0.001882267,3.3254506e-05,auto_accept,low_unc_low_risk
ISIC_0026220,nv,nv,1.5095954e-05,1.693576e-07,auto_accept,low_unc_low_risk
ISIC_0028893,nv,nv,3.8737548e-05,6.043402e-07,auto_accept,low_unc_low_risk
ISIC_0032638,mel,mel,0.00031296536,0.99994195,auto_accept,low_unc_low_risk
ISIC_0029426,nv,nv,0.00038655888,4.051397e-06,auto_accept,low_unc_low_risk
ISIC_0030468,nv,nv,0.00021805767,3.3528781e-06,auto_accept,low_unc_low_risk
ISIC_0027789,nv,nv,0.000105468105,7.004092e-07,auto_accept,low_unc_low_risk
ISIC_0029017,mel,nv,0.026099492,0.0047758752,auto_accept,low_unc_low_risk
ISIC_0032279,nv,nv,0.00022988097,1.6686361e-05,auto_accept,low_unc_low_risk
ISIC_0025610,nv,nv,0.03251694,0.0056832116,auto_accept,low_unc_low_risk
ISIC_0031673,nv,nv,2.0458363e-05,4.775703e-08,auto_accept,low_unc_low_risk
ISIC_0028007,nv,nv,3.251448e-05,8.768692e-09,auto_accept,low_unc_low_risk
ISIC_0030289,nv,nv,0.0039965482,2.333551e-07,auto_accept,low_unc_low_risk
ISIC_0033461,nv,nv,0.021713914,0.0005734751,auto_accept,low_unc_low_risk
ISIC_0028974,nv,nv,0.0011367796,1.4651497e-06,auto_accept,low_unc_low_risk
ISIC_0033031,vasc,vasc,0.0022497447,0.0005368597,auto_accept,low_unc_low_risk
ISIC_0025999,nv,nv,0.0033393994,4.498282e-06,auto_accept,low_unc_low_risk
ISIC_0031772,nv,nv,4.226467e-07,1.3438711e-09,auto_accept,low_unc_low_risk
ISIC_0026127,nv,nv,0.0038520622,9.6011785e-09,auto_accept,low_unc_low_risk
ISIC_0030559,nv,nv,0.04770978,0.0010204059,auto_accept,low_unc_low_risk
ISIC_0030679,nv,nv,0.0045735096,1.12799e-06,auto_accept,low_unc_low_risk
ISIC_0024759,nv,nv,9.783485e-05,1.7010623e-06,auto_accept,low_unc_low_risk
ISIC_0029703,nv,nv,0.00030648557,1.1912167e-05,auto_accept,low_unc_low_risk
ISIC_0029772,nv,nv,0.00010748455,6.243038e-06,auto_accept,low_unc_low_risk
ISIC_0030851,nv,nv,0.043378305,0.008903002,auto_accept,low_unc_low_risk
ISIC_0031267,nv,nv,0.0005355825,1.3254563e-05,auto_accept,low_unc_low_risk
ISIC_0030740,nv,nv,0.29223472,0.10936657,escalate,high_unc_low_risk
ISIC_0029335,nv,nv,1.3164041e-05,4.2146073e-08,auto_accept,low_unc_low_risk
ISIC_0029668,nv,nv,0.0055005187,0.00042992114,auto_accept,low_unc_low_risk
ISIC_0028246,nv,nv,1.183526e-05,1.5203489e-07,auto_accept,low_unc_low_risk
ISIC_0027176,nv,nv,7.682913e-07,1.6633952e-09,auto_accept,low_unc_low_risk
ISIC_0025518,nv,nv,0.013487498,7.0060516e-05,auto_accept,low_unc_low_risk
ISIC_0031933,nv,nv,0.24115023,0.07835316,escalate,high_unc_low_risk
ISIC_0029761,nv,nv,0.0054434254,0.00032949744,auto_accept,low_unc_low_risk
ISIC_0029866,nv,nv,6.278446e-05,1.8888749e-06,auto_accept,low_unc_low_risk
ISIC_0033021,nv,nv,0.004702574,0.00021348902,auto_accept,low_unc_low_risk
ISIC_0029198,nv,nv,1.9740007e-06,1.6103318e-08,auto_accept,low_unc_low_risk
ISIC_0025090,nv,nv,0.015625376,8.5725456e-05,auto_accept,low_unc_low_risk
ISIC_0026565,nv,nv,0.00095208397,3.5903904e-05,auto_accept,low_unc_low_risk
ISIC_0028567,mel,nv,1.8887863e-07,1.1397812e-08,auto_accept,low_unc_low_risk
ISIC_0027413,nv,nv,0.00052388204,2.7498429e-05,auto_accept,low_unc_low_risk
ISIC_0030068,nv,nv,1.1843322e-05,1.8975472e-07,auto_accept,low_unc_low_risk
ISIC_0027467,nv,nv,8.446881e-05,4.2289917e-06,auto_accept,low_unc_low_risk
ISIC_0029956,nv,nv,3.3038855e-06,2.2645592e-09,auto_accept,low_unc_low_risk
ISIC_0030990,nv,nv,0.0011293815,2.9898361e-05,auto_accept,low_unc_low_risk
ISIC_0026455,nv,nv,0.05854261,0.0056625977,auto_accept,low_unc_low_risk
ISIC_0025794,nv,nv,0.0028844622,3.1474804e-06,auto_accept,low_unc_low_risk
ISIC_0030909,nv,nv,0.098060496,0.0011217528,auto_accept,low_unc_low_risk
ISIC_0025047,nv,nv,1.8684623e-06,3.958332e-10,auto_accept,low_unc_low_risk
ISIC_0024334,nv,nv,1.4559238e-05,4.661738e-08,auto_accept,low_unc_low_risk
ISIC_0031501,nv,nv,0.022085482,0.00041689188,auto_accept,low_unc_low_risk
ISIC_0030772,nv,nv,0.0018048261,0.00044194097,auto_accept,low_unc_low_risk
ISIC_0027843,nv,nv,0.00076557416,1.959242e-05,auto_accept,low_unc_low_risk
ISIC_0031086,nv,nv,1.7315657e-06,1.2714013e-08,auto_accept,low_unc_low_risk
ISIC_0031195,nv,nv,1.3539253e-06,3.212718e-09,auto_accept,low_unc_low_risk
ISIC_0025124,nv,nv,0.00084265205,1.2887644e-05,auto_accept,low_unc_low_risk
ISIC_0028722,nv,nv,1.8526793e-05,2.411008e-07,auto_accept,low_unc_low_risk
ISIC_0029345,bkl,bkl,0.00025555983,1.0098411e-05,auto_accept,low_unc_low_risk
ISIC_0024531,nv,nv,2.064145e-08,4.0263126e-11,auto_accept,low_unc_low_risk
ISIC_0025460,nv,nv,2.7746652e-05,5.123606e-07,auto_accept,low_unc_low_risk
ISIC_0026573,nv,nv,0.009028109,0.0016364339,auto_accept,low_unc_low_risk
ISIC_0024944,nv,nv,0.0035856352,0.0003332391,auto_accept,low_unc_low_risk
ISIC_0032087,nv,nv,0.013244035,0.00083569804,auto_accept,low_unc_low_risk
ISIC_0028618,nv,nv,2.672321e-05,5.8541712e-08,auto_accept,low_unc_low_risk
ISIC_0029621,nv,nv,0.001251673,7.905855e-08,auto_accept,low_unc_low_risk
ISIC_0026745,mel,mel,0.0014967042,0.99873286,auto_accept,low_unc_low_risk
ISIC_0030449,nv,nv,5.1003246e-07,7.3414e-09,auto_accept,low_unc_low_risk
ISIC_0027545,bcc,nv,0.21878168,0.008057298,escalate,high_unc_low_risk
ISIC_0027808,nv,nv,0.0041767797,1.3771191e-08,auto_accept,low_unc_low_risk
ISIC_0030829,nv,nv,0.031621456,0.0009720433,auto_accept,low_unc_low_risk
ISIC_0031491,nv,nv,0.00819389,0.00045892084,auto_accept,low_unc_low_risk
ISIC_0031554,mel,nv,0.048403125,0.00034082227,auto_accept,low_unc_low_risk
ISIC_0031966,nv,nv,0.0064717885,3.8603444e-05,auto_accept,low_unc_low_risk
ISIC_0030001,nv,nv,7.3635465e-06,7.296731e-08,auto_accept,low_unc_low_risk
ISIC_0032944,nv,nv,0.00060888595,1.7799541e-06,auto_accept,low_unc_low_risk
ISIC_0025041,nv,nv,0.0010748531,4.1382333e-07,auto_accept,low_unc_low_risk
ISIC_0028378,nv,nv,0.05320273,0.010235445,auto_accept,low_unc_low_risk
ISIC_0031448,nv,nv,0.0030082026,0.00014345287,auto_accept,low_unc_low_risk
ISIC_0030881,nv,nv,1.9362028e-06,3.3678886e-09,auto_accept,low_unc_low_risk
ISIC_0034319,nv,nv,0.13949545,0.033721104,escalate,high_unc_low_risk
ISIC_0026689,nv,nv,0.00018062082,6.116774e-07,auto_accept,low_unc_low_risk
ISIC_0030490,nv,nv,7.287778e-08,3.4552476e-09,auto_accept,low_unc_low_risk
ISIC_0028290,nv,nv,0.012996504,4.075524e-06,auto_accept,low_unc_low_risk
ISIC_0030489,nv,nv,5.297415e-07,1.6976019e-08,auto_accept,low_unc_low_risk
ISIC_0025242,nv,nv,9.89632e-06,1.1424467e-07,auto_accept,low_unc_low_risk
ISIC_0029680,bcc,bcc,0.0009589854,0.99985325,auto_accept,low_unc_low_risk
ISIC_0033719,nv,nv,0.008131699,1.3579838e-06,auto_accept,low_unc_low_risk
ISIC_0030347,nv,nv,0.00040989695,9.780554e-06,auto_accept,low_unc_low_risk
ISIC_0028453,nv,nv,0.5475465,6.1501187e-06,escalate,high_unc_low_risk
ISIC_0025035,mel,nv,0.05668502,0.003338379,auto_accept,low_unc_low_risk
ISIC_0027111,nv,nv,0.014046888,0.0010413398,auto_accept,low_unc_low_risk
ISIC_0030562,nv,nv,0.0019949488,8.964548e-05,auto_accept,low_unc_low_risk
ISIC_0034210,nv,nv,0.007101958,0.0007320727,auto_accept,low_unc_low_risk
ISIC_0027844,nv,nv,1.381551e-08,1.6882302e-13,auto_accept,low_unc_low_risk
ISIC_0028046,nv,nv,0.001735724,0.00011998386,auto_accept,low_unc_low_risk
ISIC_0030125,nv,nv,2.5000883e-05,2.1789444e-06,auto_accept,low_unc_low_risk
ISIC_0030205,nv,nv,0.00033886908,1.1492657e-05,auto_accept,low_unc_low_risk
ISIC_0029765,nv,nv,0.0014221214,3.8194694e-06,auto_accept,low_unc_low_risk
ISIC_0027870,nv,nv,8.7999026e-05,3.661945e-07,auto_accept,low_unc_low_risk
ISIC_0027289,nv,nv,0.00030058066,8.5555104e-05,auto_accept,low_unc_low_risk
ISIC_0025483,nv,nv,0.00088031206,2.1882927e-06,auto_accept,low_unc_low_risk
ISIC_0033769,nv,nv,2.691032e-07,3.0244757e-10,auto_accept,low_unc_low_risk
ISIC_0031588,nv,nv,0.0018011442,2.0309852e-05,auto_accept,low_unc_low_risk
ISIC_0024950,nv,nv,0.00018442517,3.2288673e-07,auto_accept,low_unc_low_risk
ISIC_0025991,nv,nv,0.0007877582,3.5158213e-05,auto_accept,low_unc_low_risk
ISIC_0024488,nv,nv,0.00025469286,1.6058129e-06,auto_accept,low_unc_low_risk
ISIC_0033380,nv,nv,0.0003137155,5.974356e-07,auto_accept,low_unc_low_risk
ISIC_0028957,nv,nv,1.3219919e-06,7.0250984e-08,auto_accept,low_unc_low_risk
ISIC_0030515,nv,nv,0.00012958964,1.07713295e-05,auto_accept,low_unc_low_risk
ISIC_0024401,nv,nv,5.6520634e-07,8.557787e-10,auto_accept,low_unc_low_risk
ISIC_0032687,mel,mel,0.024378167,0.99352235,auto_accept,low_unc_low_risk
ISIC_0024918,mel,nv,0.0249495,0.0028151071,auto_accept,low_unc_low_risk
ISIC_0029835,nv,nv,1.762865e-07,1.6970375e-09,auto_accept,low_unc_low_risk
ISIC_0029379,nv,nv,0.00012878962,1.9845656e-07,auto_accept,low_unc_low_risk
ISIC_0027169,nv,nv,2.442935e-05,7.5953983e-07,auto_accept,low_unc_low_risk
ISIC_0025743,bkl,bkl,9.45948e-05,1.5259808e-05,auto_accept,low_unc_low_risk
ISIC_0027944,nv,nv,0.00089468807,3.4270928e-07,auto_accept,low_unc_low_risk
ISIC_0028545,nv,nv,0.01823702,0.00073526875,auto_accept,low_unc_low_risk
ISIC_0031719,vasc,nv,0.035487242,0.00015869614,auto_accept,low_unc_low_risk
ISIC_0033711,nv,nv,0.0013972193,0.00017925564,auto_accept,low_unc_low_risk
ISIC_0032796,nv,nv,8.320411e-05,1.1771938e-05,auto_accept,low_unc_low_risk
ISIC_0030846,nv,nv,0.0005400759,6.2414547e-06,auto_accept,low_unc_low_risk
ISIC_0031626,nv,nv,0.00022268084,9.890012e-06,auto_accept,low_unc_low_risk
ISIC_0031367,nv,nv,0.0030608044,0.0001280846,auto_accept,low_unc_low_risk
ISIC_0033702,nv,nv,3.220957e-07,1.6537978e-08,auto_accept,low_unc_low_risk
ISIC_0029085,nv,nv,5.3867232e-05,1.2688146e-07,auto_accept,low_unc_low_risk
ISIC_0030699,nv,nv,0.00018121097,3.6972787e-07,auto_accept,low_unc_low_risk
ISIC_0027173,nv,nv,7.509753e-05,8.3397566e-07,auto_accept,low_unc_low_risk
ISIC_0027077,nv,nv,0.041526128,0.0006297268,auto_accept,low_unc_low_risk
ISIC_0024306,nv,nv,5.3513436e-06,6.227217e-08,auto_accept,low_unc_low_risk
ISIC_0026058,nv,nv,2.088095e-07,4.963667e-10,auto_accept,low_unc_low_risk
ISIC_0032357,nv,nv,1.9395991e-05,1.9332717e-08,auto_accept,low_unc_low_risk
ISIC_0027564,nv,nv,4.3797805e-05,3.092006e-06,auto_accept,low_unc_low_risk
ISIC_0031472,nv,nv,0.00017870098,6.795439e-07,auto_accept,low_unc_low_risk
ISIC_0026136,nv,nv,0.0014665753,6.637961e-05,auto_accept,low_unc_low_risk
ISIC_0027583,nv,nv,6.9864373e-06,4.6033957e-08,auto_accept,low_unc_low_risk
ISIC_0031608,nv,nv,3.3816577e-06,1.0680985e-07,auto_accept,low_unc_low_risk
ISIC_0030936,nv,nv,0.0066887327,0.000101866666,auto_accept,low_unc_low_risk
ISIC_0031541,nv,nv,0.011659573,9.417543e-05,auto_accept,low_unc_low_risk
ISIC_0025371,nv,nv,0.0030821022,6.338374e-05,auto_accept,low_unc_low_risk
ISIC_0024409,bkl,bkl,0.00054891396,1.3789638e-06,auto_accept,low_unc_low_risk
ISIC_0026232,nv,nv,0.000679548,5.597604e-06,auto_accept,low_unc_low_risk
ISIC_0026078,nv,nv,0.0026141738,7.512991e-05,auto_accept,low_unc_low_risk
ISIC_0030646,nv,nv,0.00072068465,3.7628553e-07,auto_accept,low_unc_low_risk
ISIC_0029875,nv,nv,0.019922081,0.00016344491,auto_accept,low_unc_low_risk
ISIC_0029971,nv,nv,2.899422e-06,1.984988e-09,auto_accept,low_unc_low_risk
ISIC_0025225,nv,nv,0.0017709312,4.1534813e-06,auto_accept,low_unc_low_risk
ISIC_0028586,nv,nv,0.009072104,0.00041158372,auto_accept,low_unc_low_risk
ISIC_0032458,nv,nv,0.0017375853,1.1081874e-05,auto_accept,low_unc_low_risk
ISIC_0032003,nv,nv,0.0069229817,0.00019578837,auto_accept,low_unc_low_risk
ISIC_0029520,nv,nv,0.0010151753,3.0208987e-05,auto_accept,low_unc_low_risk
ISIC_0024907,nv,nv,0.00011596542,8.1519975e-06,auto_accept,low_unc_low_risk
ISIC_0027195,nv,nv,0.010593507,4.9049562e-05,auto_accept,low_unc_low_risk
ISIC_0027200,nv,nv,1.0897358e-05,2.66803e-07,auto_accept,low_unc_low_risk
ISIC_0032197,mel,nv,3.9083366e-06,1.3013945e-07,auto_accept,low_unc_low_risk
ISIC_0030012,nv,nv,0.00017606976,1.3182456e-06,auto_accept,low_unc_low_risk
ISIC_0031801,nv,nv,0.00012547549,9.2571145e-06,auto_accept,low_unc_low_risk
ISIC_0030370,nv,nv,0.22424763,0.06641697,escalate,high_unc_low_risk
ISIC_0032563,nv,nv,0.007840666,7.201084e-05,auto_accept,low_unc_low_risk
ISIC_0030041,nv,nv,0.0005667212,1.8506104e-06,auto_accept,low_unc_low_risk
ISIC_0024486,nv,nv,0.02461844,0.0013295239,auto_accept,low_unc_low_risk
ISIC_0029597,nv,nv,8.233243e-07,5.8795224e-10,auto_accept,low_unc_low_risk
ISIC_0029114,nv,nv,2.9393473e-08,1.7953089e-10,auto_accept,low_unc_low_risk
ISIC_0025900,nv,nv,0.09390327,0.006633529,auto_accept,low_unc_low_risk
ISIC_0027566,nv,nv,0.046155676,0.004982722,auto_accept,low_unc_low_risk
ISIC_0028566,nv,nv,5.6486882e-05,2.0184816e-06,auto_accept,low_unc_low_risk
ISIC_0032786,nv,nv,0.11443608,0.024641609,auto_accept,low_unc_low_risk
ISIC_0028374,nv,nv,5.6305977e-05,3.1678305e-06,auto_accept,low_unc_low_risk
ISIC_0033766,nv,nv,0.010812055,0.00043512462,auto_accept,low_unc_low_risk
ISIC_0034316,mel,mel,0.0149410395,0.99815303,auto_accept,low_unc_low_risk
ISIC_0027233,nv,nv,0.00072993553,7.714355e-06,auto_accept,low_unc_low_risk
ISIC_0028371,nv,nv,0.0050237253,0.0005978634,auto_accept,low_unc_low_risk
ISIC_0024873,nv,nv,1.8011871e-06,7.133534e-09,auto_accept,low_unc_low_risk
ISIC_0027761,nv,nv,0.004036324,0.00032241287,auto_accept,low_unc_low_risk
ISIC_0025760,nv,nv,4.169595e-05,1.4627651e-06,auto_accept,low_unc_low_risk
ISIC_0030955,nv,nv,1.2495551e-06,1.6599287e-08,auto_accept,low_unc_low_risk
ISIC_0025216,nv,nv,2.409448e-05,5.8498264e-09,auto_accept,low_unc_low_risk
ISIC_0025897,nv,nv,0.01680886,0.0021966198,auto_accept,low_unc_low_risk
ISIC_0032403,nv,nv,0.0041020736,6.1142937e-06,auto_accept,low_unc_low_risk
ISIC_0028235,nv,nv,0.015595161,0.0009017191,auto_accept,low_unc_low_risk
ISIC_0033113,nv,nv,0.0040641325,0.00034775338,auto_accept,low_unc_low_risk
ISIC_0031068,nv,nv,0.00016327814,1.6399743e-07,auto_accept,low_unc_low_risk
ISIC_0030631,nv,nv,0.00076583115,2.578517e-05,auto_accept,low_unc_low_risk
ISIC_0030129,mel,nv,0.010459108,0.00029550627,auto_accept,low_unc_low_risk
ISIC_0029957,nv,nv,0.016557124,4.016185e-05,auto_accept,low_unc_low_risk
ISIC_0029567,akiec,akiec,0.0069473456,0.9999683,auto_accept,low_unc_low_risk
ISIC_0024491,nv,nv,2.2466751e-05,2.6728477e-08,auto_accept,low_unc_low_risk
ISIC_0024390,nv,nv,6.468713e-05,2.017831e-06,auto_accept,low_unc_low_risk
ISIC_0024585,nv,nv,1.5245553e-05,3.664971e-07,auto_accept,low_unc_low_risk
ISIC_0031163,nv,nv,0.021055859,0.0038662935,auto_accept,low_unc_low_risk
ISIC_0026734,nv,nv,0.0007110809,7.561217e-06,auto_accept,low_unc_low_risk
ISIC_0027731,nv,nv,0.009417442,0.00055324985,auto_accept,low_unc_low_risk
ISIC_0033921,nv,nv,0.000370708,4.169845e-05,auto_accept,low_unc_low_risk
ISIC_0028884,nv,nv,0.005850855,0.0002718066,auto_accept,low_unc_low_risk
ISIC_0032742,nv,nv,0.019247556,0.0023106127,auto_accept,low_unc_low_risk
ISIC_0025042,nv,nv,2.1609745e-07,6.4818035e-09,auto_accept,low_unc_low_risk
ISIC_0030332,nv,nv,0.00019553886,2.2592853e-06,auto_accept,low_unc_low_risk
ISIC_0029542,nv,nv,5.681106e-06,3.7141035e-08,auto_accept,low_unc_low_risk
ISIC_0033143,nv,nv,0.0013520131,2.5482695e-06,auto_accept,low_unc_low_risk
ISIC_0028150,nv,nv,0.0023448018,4.198251e-05,auto_accept,low_unc_low_risk
ISIC_0029784,nv,nv,0.00028406712,4.539118e-09,auto_accept,low_unc_low_risk
ISIC_0029424,nv,nv,0.0011044575,0.0001254992,auto_accept,low_unc_low_risk
ISIC_0028039,nv,nv,0.0027883132,0.0001535611,auto_accept,low_unc_low_risk
ISIC_0028910,nv,nv,0.01771275,0.0016848578,auto_accept,low_unc_low_risk
ISIC_0026001,nv,nv,4.719095e-06,6.338999e-09,auto_accept,low_unc_low_risk
ISIC_0029445,nv,nv,9.103317e-06,7.192652e-09,auto_accept,low_unc_low_risk
ISIC_0029308,bkl,bkl,6.3295124e-06,6.099059e-06,auto_accept,low_unc_low_risk
ISIC_0024744,nv,nv,7.2806455e-07,6.193456e-09,auto_accept,low_unc_low_risk
ISIC_0026128,nv,nv,0.0073423595,5.2016716e-05,auto_accept,low_unc_low_risk
ISIC_0030539,mel,bkl,0.005235534,0.008876295,auto_accept,low_unc_low_risk
ISIC_0028675,nv,nv,0.00064760057,3.150256e-07,auto_accept,low_unc_low_risk
ISIC_0024865,mel,mel,0.00013201412,0.99997437,escalate,low_unc_high_risk
ISIC_0026939,nv,nv,0.0013348681,6.8770237e-07,auto_accept,low_unc_low_risk
ISIC_0025585,nv,nv,0.0002901553,1.0077093e-05,auto_accept,low_unc_low_risk
ISIC_0026397,nv,nv,0.00014000532,4.3307838e-07,auto_accept,low_unc_low_risk
ISIC_0029266,nv,nv,2.3837842e-05,2.0526756e-09,auto_accept,low_unc_low_risk
ISIC_0024775,nv,nv,0.00095674,1.833109e-05,auto_accept,low_unc_low_risk
ISIC_0030710,nv,nv,0.021631667,2.5868094e-06,auto_accept,low_unc_low_risk
ISIC_0032852,nv,nv,0.00051258685,5.9919175e-06,auto_accept,low_unc_low_risk
ISIC_0025163,nv,nv,0.0003052316,1.9460078e-05,auto_accept,low_unc_low_risk
ISIC_0028270,nv,nv,0.0064552184,2.2955095e-05,auto_accept,low_unc_low_risk
ISIC_0031129,nv,nv,6.944159e-05,4.145347e-07,auto_accept,low_unc_low_risk
ISIC_0034273,nv,nv,0.006253705,0.00020601446,auto_accept,low_unc_low_risk
ISIC_0028240,nv,nv,0.047697935,0.002080599,auto_accept,low_unc_low_risk
ISIC_0034019,nv,nv,0.008329885,0.00080345944,auto_accept,low_unc_low_risk
ISIC_0030604,mel,mel,0.00023271152,0.99995863,auto_accept,low_unc_low_risk
ISIC_0025615,nv,nv,0.0062818523,0.00012640789,auto_accept,low_unc_low_risk
ISIC_0029903,nv,nv,2.0930142e-05,6.6636225e-08,auto_accept,low_unc_low_risk
ISIC_0032287,mel,nv,0.0013748534,1.0012261e-05,auto_accept,low_unc_low_risk
ISIC_0030284,nv,nv,1.2452371e-05,6.792854e-07,auto_accept,low_unc_low_risk
ISIC_0027632,nv,nv,0.44490936,1.6841153e-07,escalate,high_unc_low_risk
ISIC_0031804,nv,nv,7.495428e-05,2.8867797e-07,auto_accept,low_unc_low_risk
ISIC_0029388,nv,nv,2.9441169e-06,1.1816528e-07,auto_accept,low_unc_low_risk
ISIC_0029508,nv,nv,3.9287164e-07,1.7646576e-08,auto_accept,low_unc_low_risk
ISIC_0030992,nv,nv,1.7578518e-06,1.0411529e-08,auto_accept,low_unc_low_risk
ISIC_0025701,nv,nv,0.0049036406,2.8335982e-05,auto_accept,low_unc_low_risk
ISIC_0024567,nv,nv,1.2214916e-05,9.670987e-08,auto_accept,low_unc_low_risk
ISIC_0024991,nv,nv,2.8355284e-06,1.9426384e-08,auto_accept,low_unc_low_risk
ISIC_0033214,nv,nv,3.6946e-05,3.322938e-07,auto_accept,low_unc_low_risk
ISIC_0031022,nv,nv,4.7465535e-05,5.823701e-08,auto_accept,low_unc_low_risk
ISIC_0031892,nv,nv,2.1435704e-05,2.8204795e-08,auto_accept,low_unc_low_risk
ISIC_0033682,nv,nv,0.04273036,0.0066963863,auto_accept,low_unc_low_risk
ISIC_0030072,nv,nv,0.0001220173,2.0413283e-06,auto_accept,low_unc_low_risk
ISIC_0027230,nv,nv,7.400877e-05,3.59322e-07,auto_accept,low_unc_low_risk
ISIC_0026032,nv,nv,0.045263268,4.4875927e-05,auto_accept,low_unc_low_risk
ISIC_0024714,nv,nv,0.034055244,0.0011351879,auto_accept,low_unc_low_risk
ISIC_0030077,nv,nv,1.5194638e-05,5.2815557e-07,auto_accept,low_unc_low_risk
ISIC_0030104,vasc,vasc,2.6660377e-06,5.4697338e-08,auto_accept,low_unc_low_risk
ISIC_0031205,nv,nv,0.05809322,3.605577e-08,auto_accept,low_unc_low_risk
ISIC_0027424,nv,nv,0.00019577895,4.741612e-06,auto_accept,low_unc_low_risk
ISIC_0025307,nv,nv,3.1491065e-06,3.538443e-08,auto_accept,low_unc_low_risk
ISIC_0026946,nv,nv,0.00023293059,1.1065642e-05,auto_accept,low_unc_low_risk
ISIC_0028458,nv,nv,0.00057176553,1.3693129e-05,auto_accept,low_unc_low_risk
ISIC_0033789,nv,nv,9.081538e-08,1.09235e-11,auto_accept,low_unc_low_risk
ISIC_0026033,nv,nv,0.0002077838,9.583761e-07,auto_accept,low_unc_low_risk
ISIC_0027245,nv,nv,6.226122e-05,2.1007809e-06,auto_accept,low_unc_low_risk
ISIC_0026244,nv,nv,0.0012091724,3.7544247e-05,auto_accept,low_unc_low_risk
ISIC_0028287,nv,nv,0.016545989,0.0029853017,auto_accept,low_unc_low_risk
ISIC_0027013,nv,nv,0.0012669938,4.967179e-05,auto_accept,low_unc_low_risk
ISIC_0025375,nv,nv,0.030982504,0.002943171,auto_accept,low_unc_low_risk
ISIC_0028109,mel,nv,0.0064274264,0.0009980662,auto_accept,low_unc_low_risk
ISIC_0024555,nv,nv,1.381551e-08,2.1586575e-13,auto_accept,low_unc_low_risk
ISIC_0030657,nv,nv,0.0009179715,1.8467638e-06,auto_accept,low_unc_low_risk
ISIC_0026021,nv,nv,0.00275259,0.000107487846,auto_accept,low_unc_low_risk
ISIC_0027299,nv,nv,0.07158727,0.0003607563,auto_accept,low_unc_low_risk
ISIC_0031207,nv,nv,0.00013261396,5.5097184e-06,auto_accept,low_unc_low_risk
ISIC_0029104,nv,nv,0.005039112,0.00037242603,auto_accept,low_unc_low_risk
ISIC_0032438,nv,nv,1.8149059e-07,1.8112189e-11,auto_accept,low_unc_low_risk
ISIC_0025682,nv,nv,0.03529813,0.008434617,auto_accept,low_unc_low_risk
ISIC_0031157,nv,nv,5.838033e-05,7.6451876e-08,auto_accept,low_unc_low_risk
ISIC_0033554,df,df,9.982509e-08,4.0951022e-08,auto_accept,low_unc_low_risk
ISIC_0026724,nv,nv,4.1956228e-06,7.2726934e-08,auto_accept,low_unc_low_risk
ISIC_0026339,nv,nv,3.885617e-05,2.733229e-07,auto_accept,low_unc_low_risk
ISIC_0030550,nv,nv,0.0007215817,4.7230817e-05,auto_accept,low_unc_low_risk
ISIC_0025316,mel,nv,0.03775207,0.004322808,auto_accept,low_unc_low_risk
ISIC_0032399,nv,nv,0.00014212336,6.4215114e-06,auto_accept,low_unc_low_risk
ISIC_0028319,nv,nv,0.0015842682,1.5174482e-08,auto_accept,low_unc_low_risk
ISIC_0031667,nv,nv,0.49645728,0.13809076,escalate,high_unc_low_risk
ISIC_0030885,nv,nv,0.005074172,0.00018384925,auto_accept,low_unc_low_risk
ISIC_0029275,nv,nv,3.4682118e-05,4.4288709e-07,auto_accept,low_unc_low_risk
ISIC_0030763,nv,nv,0.00023235631,1.4304016e-05,auto_accept,low_unc_low_risk
ISIC_0031017,bkl,bkl,0.01305127,0.001194152,auto_accept,low_unc_low_risk
ISIC_0031030,nv,nv,7.947987e-05,2.4777586e-07,auto_accept,low_unc_low_risk
ISIC_0029930,akiec,akiec,0.02409296,0.9930587,auto_accept,low_unc_low_risk
ISIC_0027097,nv,nv,1.8545293e-06,4.7755574e-08,auto_accept,low_unc_low_risk
ISIC_0026833,nv,nv,2.2917782e-05,8.787109e-07,auto_accept,low_unc_low_risk
ISIC_0033823,nv,nv,0.0015623462,0.00015250505,auto_accept,low_unc_low_risk
ISIC_0031360,nv,nv,2.785395e-05,6.543417e-07,auto_accept,low_unc_low_risk
ISIC_0025913,nv,nv,3.2397056e-06,7.917985e-09,auto_accept,low_unc_low_risk
ISIC_0026637,bkl,nv,0.012007452,0.0009862258,auto_accept,low_unc_low_risk
ISIC_0025340,nv,nv,4.5811e-06,4.1237033e-08,auto_accept,low_unc_low_risk
ISIC_0024858,nv,nv,1.2065406e-06,2.8245482e-09,auto_accept,low_unc_low_risk
ISIC_0031622,nv,nv,0.0019618638,7.0806277e-06,auto_accept,low_unc_low_risk
ISIC_0027885,nv,nv,0.0047609205,5.9473978e-06,auto_accept,low_unc_low_risk
ISIC_0033168,nv,nv,0.004564438,1.1175587e-06,auto_accept,low_unc_low_risk
ISIC_0026873,nv,nv,1.1965192e-05,7.649166e-09,auto_accept,low_unc_low_risk
ISIC_0026011,nv,nv,0.000113178576,1.2817443e-06,auto_accept,low_unc_low_risk
ISIC_0031047,nv,nv,0.001934406,0.00015786153,auto_accept,low_unc_low_risk
ISIC_0025020,nv,nv,9.1909953e-07,3.1646188e-08,auto_accept,low_unc_low_risk
ISIC_0031566,nv,nv,4.4186454e-05,7.560651e-07,auto_accept,low_unc_low_risk
ISIC_0030251,nv,nv,0.011008518,0.002061609,auto_accept,low_unc_low_risk
ISIC_0026381,nv,nv,0.003895812,0.00028003257,auto_accept,low_unc_low_risk
ISIC_0027751,nv,nv,0.00019485177,6.277809e-06,auto_accept,low_unc_low_risk
ISIC_0028936,nv,nv,5.91213e-06,1.645878e-07,auto_accept,low_unc_low_risk
ISIC_0028440,nv,nv,7.0080105e-06,2.653655e-07,auto_accept,low_unc_low_risk
ISIC_0026819,nv,nv,0.0023859357,7.5608725e-05,auto_accept,low_unc_low_risk
ISIC_0029228,nv,nv,3.8070136e-06,2.7430989e-08,auto_accept,low_unc_low_risk
ISIC_0024350,nv,nv,2.4388128e-05,4.671449e-07,auto_accept,low_unc_low_risk
ISIC_0027443,nv,nv,0.0004764257,3.8721582e-06,auto_accept,low_unc_low_risk
ISIC_0025481,nv,nv,0.0010259151,2.0138093e-06,auto_accept,low_unc_low_risk
ISIC_0031902,nv,nv,2.4656043e-05,6.1963766e-07,auto_accept,low_unc_low_risk
ISIC_0033210,nv,nv,0.004346711,9.7654214e-05,auto_accept,low_unc_low_risk
ISIC_0031589,nv,nv,2.5621533e-05,2.8132166e-07,auto_accept,low_unc_low_risk
ISIC_0026824,nv,nv,0.000581339,2.331852e-06,auto_accept,low_unc_low_risk
ISIC_0031549,nv,nv,0.00016833203,3.673271e-07,auto_accept,low_unc_low_risk
ISIC_0033370,nv,nv,0.0024623955,0.0011657403,auto_accept,low_unc_low_risk
ISIC_0030815,nv,nv,0.0011331516,3.4296998e-05,auto_accept,low_unc_low_risk
ISIC_0025636,nv,nv,6.240291e-05,1.0663392e-06,auto_accept,low_unc_low_risk
ISIC_0030913,nv,nv,0.016717931,0.0013613739,auto_accept,low_unc_low_risk
ISIC_0031792,nv,nv,1.2086107e-06,6.717783e-08,auto_accept,low_unc_low_risk
ISIC_0033298,nv,nv,0.0006420779,1.43159305e-05,auto_accept,low_unc_low_risk
ISIC_0025727,nv,nv,4.7541967e-06,4.0679723e-07,auto_accept,low_unc_low_risk
ISIC_0031304,nv,nv,0.0056747217,0.0003805841,auto_accept,low_unc_low_risk
ISIC_0031581,nv,nv,7.606261e-07,5.5407545e-09,auto_accept,low_unc_low_risk
ISIC_0031984,nv,nv,0.0005931029,5.0700775e-05,auto_accept,low_unc_low_risk
ISIC_0032144,nv,nv,0.0037088431,0.00035453876,auto_accept,low_unc_low_risk
ISIC_0028634,nv,nv,2.2237982e-07,3.401692e-09,auto_accept,low_unc_low_risk
ISIC_0028366,nv,nv,0.00082441734,1.0409352e-05,auto_accept,low_unc_low_risk
ISIC_0026402,nv,nv,0.48908645,0.10880461,escalate,high_unc_low_risk
ISIC_0027370,bkl,bkl,0.024105567,2.906101e-08,auto_accept,low_unc_low_risk
ISIC_0025432,nv,nv,0.006468638,0.00024684024,auto_accept,low_unc_low_risk
ISIC_0027205,nv,nv,0.0038066243,6.315875e-05,auto_accept,low_unc_low_risk
ISIC_0030669,nv,nv,0.0003992018,2.3488648e-05,auto_accept,low_unc_low_risk
ISIC_0026146,nv,nv,1.8950319e-05,4.051788e-08,auto_accept,low_unc_low_risk
ISIC_0031481,nv,nv,3.8888533e-07,6.2867898e-09,auto_accept,low_unc_low_risk
ISIC_0026366,nv,nv,0.0009115388,7.006899e-08,auto_accept,low_unc_low_risk
ISIC_0028506,nv,nv,3.1210223e-07,1.8581447e-09,auto_accept,low_unc_low_risk
ISIC_0030190,nv,nv,7.8882775e-05,4.768658e-06,auto_accept,low_unc_low_risk
ISIC_0029134,nv,nv,0.00029056103,1.4057014e-06,auto_accept,low_unc_low_risk
ISIC_0028058,nv,nv,0.0010363068,6.0771996e-05,auto_accept,low_unc_low_risk
ISIC_0025003,nv,nv,0.026333058,0.00028289043,auto_accept,low_unc_low_risk
ISIC_0029946,nv,nv,3.8075133e-05,3.376745e-07,auto_accept,low_unc_low_risk
ISIC_0030214,nv,nv,0.0100054545,0.0008314917,auto_accept,low_unc_low_risk
ISIC_0026791,nv,nv,0.00067235716,1.4669869e-06,auto_accept,low_unc_low_risk
ISIC_0027548,nv,nv,0.012142896,0.001396858,auto_accept,low_unc_low_risk
ISIC_0028616,nv,nv,0.0006583937,1.43397065e-05,auto_accept,low_unc_low_risk
ISIC_0024820,nv,nv,0.0012662372,6.29369e-05,auto_accept,low_unc_low_risk
ISIC_0029132,nv,nv,0.047421876,0.01250543,auto_accept,low_unc_low_risk
ISIC_0026830,nv,nv,0.013914362,0.0007467481,auto_accept,low_unc_low_risk
ISIC_0030548,nv,nv,0.00035542494,1.4655703e-06,auto_accept,low_unc_low_risk
ISIC_0026494,nv,nv,0.02006769,0.0004806852,auto_accept,low_unc_low_risk
ISIC_0033356,nv,nv,0.01502514,0.0006126452,auto_accept,low_unc_low_risk
ISIC_0033134,nv,nv,0.3006766,0.00027427447,escalate,high_unc_low_risk
ISIC_0029485,nv,nv,0.0005718789,2.3721117e-05,auto_accept,low_unc_low_risk
ISIC_0026856,nv,nv,3.907486e-07,4.600626e-10,auto_accept,low_unc_low_risk
ISIC_0026535,nv,nv,0.00084171066,2.1655496e-05,auto_accept,low_unc_low_risk
ISIC_0029456,nv,nv,0.0001146473,7.703017e-07,auto_accept,low_unc_low_risk
ISIC_0027273,nv,nv,0.001689893,0.0001188487,auto_accept,low_unc_low_risk
ISIC_0028986,nv,nv,3.3644483e-05,7.6702804e-08,auto_accept,low_unc_low_risk
ISIC_0032603,mel,nv,0.0024779423,0.00011251259,auto_accept,low_unc_low_risk
ISIC_0029934,nv,nv,0.015300161,0.0019916282,auto_accept,low_unc_low_risk
ISIC_0031780,nv,nv,0.0027863663,0.00017828507,auto_accept,low_unc_low_risk
ISIC_0029700,nv,nv,0.0034642362,0.0002359173,auto_accept,low_unc_low_risk
ISIC_0028554,nv,nv,0.0005675787,1.8128056e-05,auto_accept,low_unc_low_risk
ISIC_0028585,nv,nv,0.0466905,0.00031569687,auto_accept,low_unc_low_risk
ISIC_0030148,nv,nv,0.0021351,1.678413e-05,auto_accept,low_unc_low_risk
ISIC_0033680,nv,nv,1.9101606e-05,3.712857e-08,auto_accept,low_unc_low_risk
ISIC_0029468,nv,nv,3.5267433e-06,6.907345e-10,auto_accept,low_unc_low_risk
ISIC_0031101,nv,nv,0.00058021804,1.8198763e-05,auto_accept,low_unc_low_risk
ISIC_0024542,nv,nv,0.001410355,6.6718144e-06,auto_accept,low_unc_low_risk
ISIC_0027658,nv,nv,0.000547425,4.5670695e-05,auto_accept,low_unc_low_risk
ISIC_0025643,nv,nv,0.00026705704,5.8666346e-06,auto_accept,low_unc_low_risk
ISIC_0028249,nv,nv,0.07487416,0.00031972866,auto_accept,low_unc_low_risk
ISIC_0029692,nv,nv,2.6324193e-07,9.332586e-09,auto_accept,low_unc_low_risk
ISIC_0027243,nv,nv,0.00022393571,2.6900434e-06,auto_accept,low_unc_low_risk
ISIC_0027300,mel,mel,0.13256241,0.9966239,escalate,high_unc_low_risk
ISIC_0031167,nv,nv,0.0018601203,7.883992e-05,auto_accept,low_unc_low_risk
ISIC_0027426,nv,nv,0.004960503,0.00037831243,auto_accept,low_unc_low_risk
ISIC_0025480,nv,nv,3.38859e-05,4.3416725e-07,auto_accept,low_unc_low_risk
ISIC_0030359,nv,nv,6.868574e-06,4.7630767e-08,auto_accept,low_unc_low_risk
ISIC_0027247,nv,nv,0.042915486,5.2333904e-05,auto_accept,low_unc_low_risk
ISIC_0032054,nv,nv,0.00041306356,9.9664185e-06,auto_accept,low_unc_low_risk
ISIC_0026264,nv,nv,0.016624754,6.192759e-05,auto_accept,low_unc_low_risk
ISIC_0033305,bkl,bkl,0.022628514,4.6834688e-05,auto_accept,low_unc_low_risk
ISIC_0024540,nv,nv,0.012000495,0.0015441212,auto_accept,low_unc_low_risk
ISIC_0031503,nv,nv,0.00022831884,1.7651054e-08,auto_accept,low_unc_low_risk
ISIC_0031571,nv,nv,0.0003100355,5.607642e-07,auto_accept,low_unc_low_risk
ISIC_0029242,mel,mel,0.39526084,0.76851076,escalate,high_unc_low_risk
ISIC_0032578,nv,nv,0.0762243,0.007337048,auto_accept,low_unc_low_risk
ISIC_0029880,bkl,bkl,8.086193e-06,5.0952417e-07,auto_accept,low_unc_low_risk
ISIC_0032296,nv,nv,0.00031925752,6.9587386e-06,auto_accept,low_unc_low_risk
ISIC_0028229,bkl,bkl,0.11238556,0.06177067,auto_accept,low_unc_low_risk
ISIC_0031230,nv,nv,0.011789734,0.0007760682,auto_accept,low_unc_low_risk
ISIC_0030494,nv,nv,0.0020566073,9.0135145e-06,auto_accept,low_unc_low_risk
ISIC_0026511,bkl,bkl,0.00027262597,3.4852512e-06,auto_accept,low_unc_low_risk
ISIC_0028695,nv,nv,0.03411684,1.1523759e-05,auto_accept,low_unc_low_risk
ISIC_0028445,mel,nv,0.13504663,0.032394383,escalate,high_unc_low_risk
ISIC_0030402,nv,nv,0.00024582996,4.852084e-06,auto_accept,low_unc_low_risk
ISIC_0033764,nv,mel,0.017383192,0.99471164,auto_accept,low_unc_low_risk
ISIC_0034149,nv,nv,0.00013153686,1.8405185e-06,auto_accept,low_unc_low_risk
ISIC_0029364,nv,nv,7.0359056e-05,6.717463e-06,auto_accept,low_unc_low_risk
ISIC_0032057,vasc,vasc,2.29815e-06,1.0658778e-06,auto_accept,low_unc_low_risk
ISIC_0028284,nv,nv,5.1462364e-05,4.5842592e-07,auto_accept,low_unc_low_risk
ISIC_0030622,nv,nv,3.0738694e-05,1.2404824e-06,auto_accept,low_unc_low_risk
ISIC_0031919,nv,nv,0.0072406987,6.8536636e-08,auto_accept,low_unc_low_risk
ISIC_0027134,nv,nv,7.5174944e-07,5.4340915e-10,auto_accept,low_unc_low_risk
ISIC_0027053,bkl,bkl,0.00082508073,6.4375645e-06,auto_accept,low_unc_low_risk
ISIC_0030132,nv,nv,3.270349e-06,7.7538154e-08,auto_accept,low_unc_low_risk
ISIC_0029918,nv,nv,0.16993846,0.01729322,escalate,high_unc_low_risk
ISIC_0024373,nv,nv,0.0037515045,6.143229e-05,auto_accept,low_unc_low_risk
ISIC_0026289,nv,nv,0.002375844,0.000117495154,auto_accept,low_unc_low_risk
ISIC_0024492,nv,nv,0.0012671701,1.851308e-05,auto_accept,low_unc_low_risk
ISIC_0031995,nv,nv,0.0015506003,5.6061286e-05,auto_accept,low_unc_low_risk
ISIC_0032127,nv,nv,0.00091581803,8.3916675e-06,auto_accept,low_unc_low_risk
ISIC_0025497,nv,nv,0.0005009425,2.8677974e-05,auto_accept,low_unc_low_risk
ISIC_0033597,nv,nv,0.00065040257,8.401356e-06,auto_accept,low_unc_low_risk
ISIC_0032068,nv,nv,0.01274061,0.00013027135,auto_accept,low_unc_low_risk
ISIC_0028962,nv,nv,3.300923e-07,3.5736771e-09,auto_accept,low_unc_low_risk
ISIC_0025070,nv,nv,2.9491972e-07,3.8231227e-09,auto_accept,low_unc_low_risk
ISIC_0027641,nv,nv,1.848049e-05,1.8428862e-07,auto_accept,low_unc_low_risk
ISIC_0025845,nv,nv,4.0869354e-06,2.8401608e-09,auto_accept,low_unc_low_risk
ISIC_0032939,nv,nv,0.060073916,0.004788023,auto_accept,low_unc_low_risk
ISIC_0034261,nv,nv,0.0011630689,8.447277e-05,auto_accept,low_unc_low_risk
ISIC_0028942,nv,nv,3.3945332e-06,9.48576e-08,auto_accept,low_unc_low_risk
ISIC_0026687,bcc,bcc,0.0054619294,0.99966943,auto_accept,low_unc_low_risk
ISIC_0027514,nv,nv,0.19640392,0.018887516,escalate,high_unc_low_risk
ISIC_0032390,nv,nv,0.0002279147,8.011926e-06,auto_accept,low_unc_low_risk
ISIC_0026850,nv,nv,0.0077855443,9.038986e-06,auto_accept,low_unc_low_risk
ISIC_0034138,nv,nv,0.10517586,0.021654688,auto_accept,low_unc_low_risk
ISIC_0029058,nv,nv,7.067773e-05,5.1289885e-07,auto_accept,low_unc_low_risk
ISIC_0032392,nv,nv,2.2274322e-07,5.062407e-10,auto_accept,low_unc_low_risk
ISIC_0031285,nv,nv,0.0021895284,7.153619e-05,auto_accept,low_unc_low_risk
ISIC_0031964,nv,nv,0.0010367485,1.686712e-05,auto_accept,low_unc_low_risk
ISIC_0026908,nv,nv,7.796213e-06,1.5776955e-07,auto_accept,low_unc_low_risk
ISIC_0024483,nv,nv,0.00016171108,1.2673938e-06,auto_accept,low_unc_low_risk
ISIC_0030566,nv,nv,0.0024164086,0.0001191402,auto_accept,low_unc_low_risk
ISIC_0032262,nv,nv,0.00027209602,9.983865e-06,auto_accept,low_unc_low_risk
ISIC_0029224,nv,nv,4.5628352e-07,1.6097973e-08,auto_accept,low_unc_low_risk
ISIC_0031461,nv,nv,0.00019270938,6.086516e-07,auto_accept,low_unc_low_risk
ISIC_0025792,nv,nv,0.020677067,0.00062089757,auto_accept,low_unc_low_risk
ISIC_0032162,nv,nv,0.0064294077,0.00029633316,auto_accept,low_unc_low_risk
ISIC_0031755,nv,nv,0.00033331293,2.9892483e-06,auto_accept,low_unc_low_risk
ISIC_0027682,nv,nv,0.00017048646,4.5978677e-06,auto_accept,low_unc_low_risk
ISIC_0033531,bkl,bkl,0.046915296,2.9008677e-06,auto_accept,low_unc_low_risk
ISIC_0033166,mel,nv,0.041442253,0.009381732,auto_accept,low_unc_low_risk
ISIC_0033844,vasc,vasc,5.6036733e-05,2.8190761e-05,auto_accept,low_unc_low_risk
ISIC_0030333,mel,mel,0.012934782,0.9957124,auto_accept,low_unc_low_risk
ISIC_0027929,nv,nv,1.4481159e-05,1.6354512e-07,auto_accept,low_unc_low_risk
ISIC_0026460,nv,nv,0.019414792,3.7675803e-05,auto_accept,low_unc_low_risk
ISIC_0030981,nv,nv,0.0025724142,0.0006628041,auto_accept,low_unc_low_risk
ISIC_0031486,nv,nv,0.00040272705,4.0361653e-07,auto_accept,low_unc_low_risk
ISIC_0026241,nv,nv,0.00092001975,8.623732e-06,auto_accept,low_unc_low_risk
ISIC_0030941,nv,nv,1.3737138e-05,8.9533296e-07,auto_accept,low_unc_low_risk
ISIC_0025012,nv,nv,1.1497974e-05,1.7492466e-07,auto_accept,low_unc_low_risk
ISIC_0030900,nv,nv,0.021012811,0.0041317763,auto_accept,low_unc_low_risk
ISIC_0025462,nv,nv,0.0026579741,8.223827e-05,auto_accept,low_unc_low_risk
ISIC_0028853,nv,nv,0.0015495233,0.00012406708,auto_accept,low_unc_low_risk
ISIC_0029635,nv,nv,0.00022885026,2.6107355e-06,auto_accept,low_unc_low_risk
ISIC_0029714,nv,nv,0.0025401618,3.9613533e-06,auto_accept,low_unc_low_risk
ISIC_0028470,nv,nv,4.4458586e-05,8.520699e-07,auto_accept,low_unc_low_risk
ISIC_0030814,nv,nv,0.0005889111,5.5707037e-08,auto_accept,low_unc_low_risk
ISIC_0027602,nv,nv,9.087588e-06,1.09120684e-07,auto_accept,low_unc_low_risk
ISIC_0028204,nv,nv,6.146965e-06,1.7752114e-07,auto_accept,low_unc_low_risk
ISIC_0030718,nv,nv,9.0675094e-05,5.3127144e-07,auto_accept,low_unc_low_risk
ISIC_0025482,nv,nv,0.0010724941,2.3666726e-05,auto_accept,low_unc_low_risk
ISIC_0030464,nv,nv,0.0030755745,8.388525e-05,auto_accept,low_unc_low_risk
ISIC_0032484,nv,nv,0.0018613486,3.604497e-05,auto_accept,low_unc_low_risk
ISIC_0030016,nv,nv,0.0007067179,2.2336191e-05,auto_accept,low_unc_low_risk
ISIC_0033091,nv,nv,0.00818795,0.00066053146,auto_accept,low_unc_low_risk
ISIC_0030007,bkl,bkl,0.009756107,0.00070640934,auto_accept,low_unc_low_risk
ISIC_0032709,mel,mel,0.00461689,0.99848735,auto_accept,low_unc_low_risk
ISIC_0025864,nv,nv,0.0019416258,8.544161e-05,auto_accept,low_unc_low_risk
ISIC_0030880,nv,nv,0.18102859,0.000107624044,escalate,high_unc_low_risk
ISIC_0026587,nv,nv,2.7736058e-05,1.2115116e-07,auto_accept,low_unc_low_risk
ISIC_0028250,nv,nv,0.00067669677,3.4043464e-06,auto_accept,low_unc_low_risk
ISIC_0031438,nv,nv,0.0010035782,3.0834995e-05,auto_accept,low_unc_low_risk
ISIC_0032212,nv,nv,7.430616e-06,1.0784646e-08,auto_accept,low_unc_low_risk
ISIC_0031910,nv,nv,7.4206914e-06,2.6067698e-07,auto_accept,low_unc_low_risk
ISIC_0032756,bkl,bkl,7.70614e-05,4.2523584e-06,auto_accept,low_unc_low_risk
ISIC_0026233,nv,nv,0.0045160893,0.0005107827,auto_accept,low_unc_low_risk
ISIC_0028191,nv,nv,7.518817e-05,4.2127294e-06,auto_accept,low_unc_low_risk
ISIC_0033171,mel,mel,0.23103057,0.8964427,escalate,high_unc_low_risk
ISIC_0034056,nv,nv,0.029814301,0.000646393,auto_accept,low_unc_low_risk
ISIC_0030907,nv,nv,0.0014206779,7.478587e-05,auto_accept,low_unc_low_risk
ISIC_0032771,nv,nv,6.125183e-06,7.453145e-08,auto_accept,low_unc_low_risk
ISIC_0026627,nv,nv,3.5932856e-06,1.11752465e-08,auto_accept,low_unc_low_risk
ISIC_0031713,nv,nv,0.038634773,0.005449551,auto_accept,low_unc_low_risk
ISIC_0032108,nv,nv,0.0007059467,2.3688715e-06,auto_accept,low_unc_low_risk
ISIC_0034192,nv,nv,1.1136001e-05,1.5753486e-07,auto_accept,low_unc_low_risk
ISIC_0028387,nv,nv,0.0013929566,5.069522e-06,auto_accept,low_unc_low_risk
ISIC_0032666,nv,nv,0.0008363984,3.1493502e-05,auto_accept,low_unc_low_risk
ISIC_0025026,nv,nv,0.032906335,0.0038721047,auto_accept,low_unc_low_risk
ISIC_0033502,nv,nv,0.00486458,2.1116605e-07,auto_accept,low_unc_low_risk
ISIC_0026394,nv,nv,2.0487423e-05,1.2589778e-09,auto_accept,low_unc_low_risk
ISIC_0031400,bcc,bcc,0.0001327877,0.9999895,escalate,low_unc_high_risk
ISIC_0034197,bkl,bkl,0.0011676251,0.00021065417,auto_accept,low_unc_low_risk
ISIC_0026862,nv,nv,0.24671626,0.009136993,escalate,high_unc_low_risk
ISIC_0033448,nv,nv,0.003968683,0.000121436475,auto_accept,low_unc_low_risk
ISIC_0032720,nv,nv,1.4154716e-06,1.08320615e-08,auto_accept,low_unc_low_risk
ISIC_0024496,mel,nv,0.016570555,0.0005253779,auto_accept,low_unc_low_risk
ISIC_0031479,mel,mel,0.06687698,0.994858,auto_accept,low_unc_low_risk
ISIC_0030074,nv,nv,0.015748482,0.0012365076,auto_accept,low_unc_low_risk
ISIC_0025164,nv,nv,0.00020772473,1.1141131e-05,auto_accept,low_unc_low_risk
ISIC_0027628,nv,nv,6.986864e-07,9.659474e-10,auto_accept,low_unc_low_risk
ISIC_0032041,nv,nv,0.0038912618,7.7820994e-05,auto_accept,low_unc_low_risk
ISIC_0030113,nv,nv,0.0006938048,1.7291064e-05,auto_accept,low_unc_low_risk
ISIC_0028184,nv,nv,6.308102e-07,1.3456204e-09,auto_accept,low_unc_low_risk
ISIC_0033978,nv,nv,0.0053419964,5.900574e-05,auto_accept,low_unc_low_risk
ISIC_0030472,nv,nv,7.7939245e-07,2.2002136e-09,auto_accept,low_unc_low_risk
ISIC_0027749,nv,nv,0.0031851623,5.4196516e-05,auto_accept,low_unc_low_risk
ISIC_0027728,nv,nv,0.00027824842,4.7378424e-05,auto_accept,low_unc_low_risk
ISIC_0027128,nv,nv,0.0039842897,7.728219e-05,auto_accept,low_unc_low_risk
ISIC_0026380,nv,nv,0.00020920052,2.217995e-06,auto_accept,low_unc_low_risk
ISIC_0030027,nv,nv,0.010680552,0.00013462026,auto_accept,low_unc_low_risk
ISIC_0028142,nv,nv,0.00083782204,5.2481384e-05,auto_accept,low_unc_low_risk
ISIC_0024728,nv,nv,7.52032e-07,1.2334831e-09,auto_accept,low_unc_low_risk
ISIC_0025772,nv,nv,0.0006120533,6.9341413e-06,auto_accept,low_unc_low_risk
ISIC_0026588,nv,nv,2.2661556e-05,9.2829865e-08,auto_accept,low_unc_low_risk
ISIC_0028131,nv,nv,0.040635113,0.00029128062,auto_accept,low_unc_low_risk
ISIC_0025891,mel,nv,0.645976,0.21049306,escalate,high_unc_low_risk
ISIC_0030248,nv,nv,1.9853942e-05,1.2331753e-06,auto_accept,low_unc_low_risk
ISIC_0029888,nv,nv,0.01655321,0.000380508,auto_accept,low_unc_low_risk
ISIC_0034116,nv,nv,0.0025065846,0.00014978855,auto_accept,low_unc_low_risk
ISIC_0029858,nv,nv,0.0048348363,0.00090498046,auto_accept,low_unc_low_risk
ISIC_0032904,nv,nv,4.562307e-08,4.7859633e-11,auto_accept,low_unc_low_risk
ISIC_0030794,akiec,akiec,0.0051134955,0.99815506,auto_accept,low_unc_low_risk
ISIC_0025338,nv,nv,0.0037726357,6.0628794e-05,auto_accept,low_unc_low_risk
ISIC_0024849,nv,nv,8.473389e-05,1.8003536e-06,auto_accept,low_unc_low_risk
ISIC_0031445,nv,nv,0.0076562716,0.00038267733,auto_accept,low_unc_low_risk
ISIC_0026020,nv,nv,0.0012021781,3.717733e-07,auto_accept,low_unc_low_risk
ISIC_0029483,nv,nv,0.011199858,0.0027316331,auto_accept,low_unc_low_risk
ISIC_0034293,nv,nv,9.814315e-06,6.990106e-08,auto_accept,low_unc_low_risk
ISIC_0031938,nv,nv,0.0017288006,1.6908123e-05,auto_accept,low_unc_low_risk
ISIC_0031533,nv,nv,0.010790729,1.4264212e-05,auto_accept,low_unc_low_risk
ISIC_0034110,nv,nv,0.068583995,0.00013992663,auto_accept,low_unc_low_risk
ISIC_0027523,nv,nv,0.101790674,0.004495253,auto_accept,low_unc_low_risk
ISIC_0031114,nv,nv,0.0017869307,0.00010135103,auto_accept,low_unc_low_risk
ISIC_0029284,nv,nv,0.0038170693,0.00012321115,auto_accept,low_unc_low_risk
ISIC_0033771,nv,nv,0.031138433,0.0040410203,auto_accept,low_unc_low_risk
ISIC_0026195,nv,nv,0.0016677934,3.194269e-06,auto_accept,low_unc_low_risk
ISIC_0031219,nv,nv,7.060604e-06,3.9427576e-07,auto_accept,low_unc_low_risk
ISIC_0025420,nv,nv,1.1983515e-05,2.7628587e-07,auto_accept,low_unc_low_risk
ISIC_0034294,mel,mel,0.017528227,0.99587834,auto_accept,low_unc_low_risk
ISIC_0026917,nv,nv,0.0017599382,0.00015597031,auto_accept,low_unc_low_risk
ISIC_0027472,nv,nv,0.00046788497,2.2203456e-05,auto_accept,low_unc_low_risk
ISIC_0031877,nv,nv,1.7632098e-07,2.844008e-10,auto_accept,low_unc_low_risk
ISIC_0032748,nv,nv,3.9831048e-05,2.5055654e-06,auto_accept,low_unc_low_risk
ISIC_0033188,nv,nv,1.985263e-07,4.47777e-10,auto_accept,low_unc_low_risk
ISIC_0026933,nv,nv,0.00061715726,1.8461632e-06,auto_accept,low_unc_low_risk
ISIC_0031190,nv,nv,4.9095997e-06,5.2847295e-08,auto_accept,low_unc_low_risk
ISIC_0029529,nv,nv,1.1084217e-05,1.0202993e-07,auto_accept,low_unc_low_risk
ISIC_0033957,mel,mel,0.01150008,0.996603,auto_accept,low_unc_low_risk
ISIC_0028553,nv,nv,0.00025230306,6.6774796e-06,auto_accept,low_unc_low_risk
ISIC_0030553,nv,nv,0.07995429,0.014202805,auto_accept,low_unc_low_risk
ISIC_0026953,nv,nv,0.0062556053,3.4522367e-05,auto_accept,low_unc_low_risk
ISIC_0027985,nv,nv,3.238517e-05,4.822063e-07,auto_accept,low_unc_low_risk
ISIC_0030215,nv,nv,0.0001530081,9.440612e-06,auto_accept,low_unc_low_risk
ISIC_0025635,nv,nv,0.013783936,0.0008635815,auto_accept,low_unc_low_risk
ISIC_0027336,nv,nv,6.442858e-07,1.2325806e-08,auto_accept,low_unc_low_risk
ISIC_0033329,nv,nv,0.00023795605,6.8689747e-07,auto_accept,low_unc_low_risk
ISIC_0033058,nv,nv,0.06916917,0.0031162053,auto_accept,low_unc_low_risk
ISIC_0028690,nv,nv,0.0002295759,5.122495e-06,auto_accept,low_unc_low_risk
ISIC_0033629,bkl,bkl,0.003766228,0.00018899846,auto_accept,low_unc_low_risk
ISIC_0025352,nv,nv,0.0033420734,9.065669e-05,auto_accept,low_unc_low_risk
ISIC_0033309,nv,nv,0.0059701926,0.0003636899,auto_accept,low_unc_low_risk
ISIC_0029447,nv,nv,0.0099935755,7.4372963e-07,auto_accept,low_unc_low_risk
ISIC_0032346,nv,nv,0.0048189005,0.0005519163,auto_accept,low_unc_low_risk
ISIC_0034235,bkl,bkl,0.00800781,0.00014691758,auto_accept,low_unc_low_risk
ISIC_0032443,nv,nv,0.007455272,0.0005176717,auto_accept,low_unc_low_risk
ISIC_0025318,nv,nv,0.0032775486,0.00023111234,auto_accept,low_unc_low_risk
ISIC_0030860,nv,nv,0.000115442985,1.1819086e-07,auto_accept,low_unc_low_risk
ISIC_0031406,mel,nv,0.02487013,0.00384485,auto_accept,low_unc_low_risk
ISIC_0028296,nv,nv,0.000868238,4.5773068e-05,auto_accept,low_unc_low_risk
ISIC_0028657,nv,nv,0.004841707,0.00024651334,auto_accept,low_unc_low_risk
ISIC_0029097,nv,nv,2.854805e-08,2.038739e-12,auto_accept,low_unc_low_risk
ISIC_0029428,nv,nv,8.455081e-06,2.9501808e-09,auto_accept,low_unc_low_risk
ISIC_0029261,nv,nv,0.0034699002,0.00022047115,auto_accept,low_unc_low_risk
ISIC_0030734,nv,nv,0.00023396123,3.9879096e-06,auto_accept,low_unc_low_risk
ISIC_0029310,nv,nv,0.037698958,0.000613151,auto_accept,low_unc_low_risk
ISIC_0031256,nv,nv,0.017047146,0.00092878926,auto_accept,low_unc_low_risk
ISIC_0024804,nv,nv,5.716978e-05,1.4919098e-06,auto_accept,low_unc_low_risk
ISIC_0025646,nv,nv,0.006953332,2.2314303e-07,auto_accept,low_unc_low_risk
ISIC_0027321,nv,nv,0.0016801489,1.0770364e-05,auto_accept,low_unc_low_risk
ISIC_0024528,nv,nv,0.010826835,0.00021287639,auto_accept,low_unc_low_risk
ISIC_0034085,mel,mel,0.0013054422,0.99974805,auto_accept,low_unc_low_risk
ISIC_0026651,nv,nv,5.834595e-05,6.45555e-07,auto_accept,low_unc_low_risk
ISIC_0025731,bcc,bcc,0.0015482282,0.99980575,auto_accept,low_unc_low_risk
ISIC_0027837,nv,nv,0.0010727494,1.3048698e-06,auto_accept,low_unc_low_risk
ISIC_0029949,nv,nv,2.4036464e-05,2.937935e-08,auto_accept,low_unc_low_risk
ISIC_0033733,nv,nv,0.005313625,0.00018112357,auto_accept,low_unc_low_risk
ISIC_0024613,nv,nv,0.046515606,1.3827214e-05,auto_accept,low_unc_low_risk
ISIC_0027415,nv,nv,0.0015507733,1.994454e-06,auto_accept,low_unc_low_risk
ISIC_0032885,nv,nv,0.00017272757,1.9554378e-05,auto_accept,low_unc_low_risk
ISIC_0025567,bkl,bkl,0.0008914955,4.0361306e-07,auto_accept,low_unc_low_risk
ISIC_0031930,nv,nv,0.10997692,0.012508823,auto_accept,low_unc_low_risk
ISIC_0024551,nv,nv,9.163499e-07,2.3265684e-08,auto_accept,low_unc_low_risk
ISIC_0024320,nv,nv,2.0558986e-05,1.2845866e-11,auto_accept,low_unc_low_risk
ISIC_0032361,nv,nv,4.7484214e-06,1.3930364e-07,auto_accept,low_unc_low_risk
ISIC_0031176,nv,nv,0.00036492254,4.0593255e-05,auto_accept,low_unc_low_risk
ISIC_0027477,nv,nv,0.0044921064,1.6686314e-05,auto_accept,low_unc_low_risk
ISIC_0030934,nv,nv,0.0018205547,3.1637086e-05,auto_accept,low_unc_low_risk
ISIC_0033506,nv,nv,5.121166e-05,5.2932133e-08,auto_accept,low_unc_low_risk
ISIC_0025267,nv,nv,8.864733e-07,1.5333747e-08,auto_accept,low_unc_low_risk
ISIC_0025612,vasc,vasc,0.00031126477,6.271359e-06,auto_accept,low_unc_low_risk
ISIC_0030252,nv,nv,3.843903e-05,8.7540536e-07,auto_accept,low_unc_low_risk
ISIC_0032900,nv,nv,0.016735924,0.0015342693,auto_accept,low_unc_low_risk
ISIC_0034215,nv,nv,0.09343738,0.01153146,auto_accept,low_unc_low_risk
ISIC_0029429,nv,nv,0.00069868274,1.4689e-05,auto_accept,low_unc_low_risk
ISIC_0032240,vasc,vasc,4.7894564e-06,3.295026e-05,auto_accept,low_unc_low_risk
ISIC_0030755,bcc,bcc,0.003246122,0.9995732,auto_accept,low_unc_low_risk
ISIC_0031921,nv,nv,0.00025086902,1.2505213e-05,auto_accept,low_unc_low_risk
ISIC_0027603,nv,nv,0.0013128121,8.420576e-05,auto_accept,low_unc_low_risk
ISIC_0026926,nv,nv,0.0003712453,1.5597936e-07,auto_accept,low_unc_low_risk
ISIC_0032275,nv,nv,3.1598333e-08,3.5568717e-10,auto_accept,low_unc_low_risk
ISIC_0028105,nv,nv,0.0003380605,1.566545e-05,auto_accept,low_unc_low_risk
ISIC_0028781,nv,nv,4.7671972e-05,2.1639041e-06,auto_accept,low_unc_low_risk
ISIC_0032801,nv,nv,5.0403294e-05,3.6324193e-06,auto_accept,low_unc_low_risk
ISIC_0030899,nv,nv,0.00041529213,0.000114980285,auto_accept,low_unc_low_risk
ISIC_0029992,nv,nv,1.2472031e-05,1.3365195e-09,auto_accept,low_unc_low_risk
ISIC_0030413,nv,nv,2.2545417e-05,9.308471e-07,auto_accept,low_unc_low_risk
ISIC_0031734,nv,nv,0.0010022885,1.4056881e-06,auto_accept,low_unc_low_risk
ISIC_0026989,mel,nv,0.0002001075,1.0814988e-06,auto_accept,low_unc_low_risk
ISIC_0028023,nv,nv,0.011976971,1.3245239e-05,auto_accept,low_unc_low_risk
ISIC_0030652,nv,nv,0.0035569924,4.1424028e-05,auto_accept,low_unc_low_risk
ISIC_0033477,mel,mel,0.00095980556,0.99972314,auto_accept,low_unc_low_risk
ISIC_0028813,nv,nv,0.0042563146,9.395362e-05,auto_accept,low_unc_low_risk
ISIC_0030547,nv,nv,0.00039712404,9.185041e-06,auto_accept,low_unc_low_risk
ISIC_0024469,nv,nv,0.0004975348,8.138197e-08,auto_accept,low_unc_low_risk
ISIC_0033014,nv,nv,0.00027812136,2.4703693e-06,auto_accept,low_unc_low_risk
ISIC_0033937,nv,nv,0.013233982,0.0012927054,auto_accept,low_unc_low_risk
ISIC_0027553,nv,nv,0.00011990512,6.226966e-06,auto_accept,low_unc_low_risk
ISIC_0028668,nv,nv,0.0006868666,2.7212282e-06,auto_accept,low_unc_low_risk
ISIC_0030963,nv,nv,0.0012072094,7.959722e-05,auto_accept,low_unc_low_risk
ISIC_0025833,nv,nv,0.010571044,0.0007672595,auto_accept,low_unc_low_risk
ISIC_0028097,nv,nv,0.00017147476,5.6374233e-08,auto_accept,low_unc_low_risk
ISIC_0025647,nv,nv,0.0016550912,9.088088e-05,auto_accept,low_unc_low_risk
ISIC_0028601,nv,nv,0.0035984006,7.95605e-05,auto_accept,low_unc_low_risk
ISIC_0029603,bkl,bkl,0.0049909772,9.303293e-05,auto_accept,low_unc_low_risk
ISIC_0029890,nv,nv,0.008157044,0.00034218578,auto_accept,low_unc_low_risk
ISIC_0026832,nv,nv,0.002679347,3.6371825e-05,auto_accept,low_unc_low_risk
ISIC_0026736,nv,nv,0.00012017494,1.5588911e-06,auto_accept,low_unc_low_risk
ISIC_0032820,nv,nv,0.010066596,0.00097396225,auto_accept,low_unc_low_risk
ISIC_0029312,nv,nv,0.0017989103,1.0204691e-05,auto_accept,low_unc_low_risk
ISIC_0033341,nv,nv,0.010605385,0.00049283233,auto_accept,low_unc_low_risk
ISIC_0027607,nv,mel,0.06679902,0.97974145,auto_accept,low_unc_low_risk
ISIC_0027595,bcc,bcc,0.0019276664,0.9997656,auto_accept,low_unc_low_risk
ISIC_0024634,bcc,bcc,0.0032764345,0.99961156,auto_accept,low_unc_low_risk
ISIC_0033663,mel,mel,0.0051358542,0.9988481,auto_accept,low_unc_low_risk
ISIC_0026267,nv,nv,4.577851e-05,3.0018757e-07,auto_accept,low_unc_low_risk
ISIC_0025665,nv,nv,4.408664e-05,1.2243513e-06,auto_accept,low_unc_low_risk
ISIC_0027037,bkl,bkl,0.037929576,0.0007662596,auto_accept,low_unc_low_risk
ISIC_0024968,nv,nv,0.0005466177,1.1892357e-06,auto_accept,low_unc_low_risk
ISIC_0027095,nv,nv,2.0035191e-05,4.3566163e-07,auto_accept,low_unc_low_risk
ISIC_0029966,nv,nv,0.0030743761,5.5153298e-05,auto_accept,low_unc_low_risk
ISIC_0033962,mel,mel,0.0032293552,0.9996928,auto_accept,low_unc_low_risk
ISIC_0032355,nv,nv,0.0097788945,1.2414198e-06,auto_accept,low_unc_low_risk
ISIC_0029457,nv,nv,0.02488056,0.0028054242,auto_accept,low_unc_low_risk
ISIC_0033906,nv,nv,0.000545047,2.142851e-05,auto_accept,low_unc_low_risk
ISIC_0031660,nv,nv,0.010037752,0.0012981028,auto_accept,low_unc_low_risk
ISIC_0026929,nv,nv,0.12253279,0.019199211,escalate,high_unc_low_risk
ISIC_0026087,nv,nv,0.0020587104,7.919219e-06,auto_accept,low_unc_low_risk
ISIC_0027914,nv,nv,8.718892e-05,2.6415605e-06,auto_accept,low_unc_low_risk
ISIC_0027610,nv,nv,1.7479945e-08,3.342518e-11,auto_accept,low_unc_low_risk
ISIC_0028391,nv,nv,0.011195045,0.00071770034,auto_accept,low_unc_low_risk
ISIC_0026820,nv,nv,0.029392727,0.0032055795,auto_accept,low_unc_low_risk
ISIC_0025523,nv,nv,0.00014627741,2.8929614e-07,auto_accept,low_unc_low_risk
ISIC_0024998,nv,nv,0.012881858,0.0019406731,auto_accept,low_unc_low_risk
ISIC_0029007,nv,nv,0.25906938,1.1995672e-08,escalate,high_unc_low_risk
ISIC_0029285,nv,nv,0.0003345567,1.7731924e-06,auto_accept,low_unc_low_risk
ISIC_0031968,nv,nv,0.0007374213,2.331024e-05,auto_accept,low_unc_low_risk
ISIC_0025143,nv,nv,0.06094548,6.2957565e-07,auto_accept,low_unc_low_risk
ISIC_0031392,nv,nv,0.0024068179,1.0968929e-05,auto_accept,low_unc_low_risk
ISIC_0027620,mel,nv,0.03333928,0.004951004,auto_accept,low_unc_low_risk
ISIC_0026377,nv,nv,0.0014334228,2.7809241e-07,auto_accept,low_unc_low_risk
ISIC_0031076,nv,nv,8.153635e-08,2.8773128e-10,auto_accept,low_unc_low_risk
ISIC_0033221,nv,nv,9.295994e-05,4.1110625e-06,auto_accept,low_unc_low_risk
ISIC_0029593,nv,nv,3.7597616e-05,1.8950155e-07,auto_accept,low_unc_low_risk
ISIC_0032056,nv,nv,0.001034432,8.907048e-05,auto_accept,low_unc_low_risk
ISIC_0029233,bkl,bkl,0.027966807,3.5024055e-05,auto_accept,low_unc_low_risk
ISIC_0027137,nv,nv,0.04191075,0.0025457442,auto_accept,low_unc_low_risk
ISIC_0028305,nv,nv,0.014130102,0.002042858,auto_accept,low_unc_low_risk
ISIC_0027474,nv,nv,0.00012157422,1.1738706e-06,auto_accept,low_unc_low_risk
ISIC_0026555,nv,nv,0.0061898152,0.0020261952,auto_accept,low_unc_low_risk
ISIC_0032091,nv,nv,9.484966e-05,9.1024026e-07,auto_accept,low_unc_low_risk
ISIC_0032953,nv,nv,0.007930235,0.00051524455,auto_accept,low_unc_low_risk
ISIC_0031884,nv,nv,0.035323195,0.0005837618,auto_accept,low_unc_low_risk
ISIC_0024930,mel,nv,0.00040065066,4.5265067e-05,auto_accept,low_unc_low_risk
ISIC_0024616,nv,nv,0.003611774,1.89607e-05,auto_accept,low_unc_low_risk
ISIC_0031758,nv,nv,3.96546e-05,6.292947e-07,auto_accept,low_unc_low_risk
ISIC_0030982,nv,nv,0.0045087296,3.1495485e-05,auto_accept,low_unc_low_risk
ISIC_0033015,nv,nv,0.06523868,0.00033490316,auto_accept,low_unc_low_risk
ISIC_0027286,nv,nv,0.10888061,0.016461233,auto_accept,low_unc_low_risk
ISIC_0028402,nv,nv,0.007853929,0.00037991136,auto_accept,low_unc_low_risk
ISIC_0027968,nv,nv,0.00021740097,9.538148e-06,auto_accept,low_unc_low_risk
ISIC_0031661,nv,nv,0.00092031504,8.801151e-06,auto_accept,low_unc_low_risk
ISIC_0027820,bkl,bkl,0.00035822447,2.1124728e-05,auto_accept,low_unc_low_risk
ISIC_0028133,nv,nv,0.19077256,8.695977e-06,escalate,high_unc_low_risk
ISIC_0028044,nv,nv,4.3068605e-05,3.5632658e-07,auto_accept,low_unc_low_risk
ISIC_0032053,nv,nv,0.0025226376,0.0001288666,auto_accept,low_unc_low_risk
ISIC_0026386,nv,nv,3.104698e-05,2.18192e-06,auto_accept,low_unc_low_risk
ISIC_0032707,nv,nv,0.008710879,0.00078079413,auto_accept,low_unc_low_risk
ISIC_0025920,nv,nv,0.0006206596,7.3002357e-06,auto_accept,low_unc_low_risk
ISIC_0032221,nv,nv,2.291238e-05,1.6410818e-06,auto_accept,low_unc_low_risk
ISIC_0031936,nv,nv,0.00073816517,1.4494821e-05,auto_accept,low_unc_low_risk
ISIC_0029720,nv,nv,0.042529088,0.0019855031,auto_accept,low_unc_low_risk
ISIC_0033563,nv,nv,0.008422262,0.00057102065,auto_accept,low_unc_low_risk
ISIC_0032744,nv,nv,0.0046959734,4.2839212e-05,auto_accept,low_unc_low_risk
ISIC_0030033,nv,nv,0.012056698,0.0018402336,auto_accept,low_unc_low_risk
ISIC_0033607,mel,nv,0.00065008464,1.9155825e-05,auto_accept,low_unc_low_risk
ISIC_0026893,bkl,bkl,0.68060964,0.029179227,escalate,high_unc_low_risk
ISIC_0029620,nv,nv,0.00015148154,1.4343522e-06,auto_accept,low_unc_low_risk
ISIC_0033333,mel,mel,0.63955235,0.6676185,escalate,high_unc_low_risk
ISIC_0029795,nv,nv,3.7044374e-05,2.7283788e-08,auto_accept,low_unc_low_risk
ISIC_0033399,mel,mel,0.007063812,0.99730575,auto_accept,low_unc_low_risk
ISIC_0029440,nv,nv,0.00028124545,5.916115e-06,auto_accept,low_unc_low_risk
ISIC_0028396,nv,nv,0.0015904556,7.8601275e-05,auto_accept,low_unc_low_risk
ISIC_0024398,nv,nv,0.019273084,0.0029998731,auto_accept,low_unc_low_risk
ISIC_0031185,nv,nv,0.00010700142,2.415529e-06,auto_accept,low_unc_low_risk
ISIC_0026373,nv,nv,1.0066456e-07,1.05785436e-10,auto_accept,low_unc_low_risk
ISIC_0026334,nv,nv,0.0016854882,0.00010848534,auto_accept,low_unc_low_risk
ISIC_0028762,nv,nv,0.018866116,0.0018092825,auto_accept,low_unc_low_risk
ISIC_0031553,nv,nv,4.729344e-06,8.6961435e-08,auto_accept,low_unc_low_risk
ISIC_0033444,mel,nv,0.004453789,0.0006452082,auto_accept,low_unc_low_risk
ISIC_0027955,nv,nv,9.69947e-06,2.8623322e-07,auto_accept,low_unc_low_risk
ISIC_0028482,nv,nv,0.00027685764,1.19468195e-05,auto_accept,low_unc_low_risk
ISIC_0028434,nv,nv,5.430995e-06,1.4482243e-08,auto_accept,low_unc_low_risk
ISIC_0026547,nv,nv,2.0754303e-05,8.00228e-07,auto_accept,low_unc_low_risk
ISIC_0025332,nv,nv,0.00064207375,2.855653e-05,auto_accept,low_unc_low_risk
ISIC_0025040,bkl,nv,0.0260947,0.0005426164,auto_accept,low_unc_low_risk
ISIC_0033541,nv,nv,0.10229189,0.016501822,auto_accept,low_unc_low_risk
ISIC_0027899,nv,nv,0.00012176588,1.5262643e-06,auto_accept,low_unc_low_risk
ISIC_0030584,nv,nv,6.2273626e-05,9.383474e-07,auto_accept,low_unc_low_risk
ISIC_0026667,nv,nv,0.00014386613,4.445959e-07,auto_accept,low_unc_low_risk
ISIC_0027528,nv,nv,0.00018070654,1.7336864e-06,auto_accept,low_unc_low_risk
ISIC_0025396,nv,nv,0.015329808,0.0042272997,auto_accept,low_unc_low_risk
ISIC_0024366,nv,nv,5.5403916e-06,1.12151604e-07,auto_accept,low_unc_low_risk
ISIC_0025951,nv,nv,0.0031678153,2.7697848e-05,auto_accept,low_unc_low_risk
ISIC_0027481,nv,nv,0.0040264702,9.982566e-05,auto_accept,low_unc_low_risk
ISIC_0031849,nv,nv,0.0013758613,5.624935e-05,auto_accept,low_unc_low_risk
ISIC_0029159,nv,nv,0.00029918592,1.3032654e-06,auto_accept,low_unc_low_risk
ISIC_0027636,nv,nv,0.004989392,0.0002457635,auto_accept,low_unc_low_risk
ISIC_0030202,nv,nv,0.008051993,0.00019676788,auto_accept,low_unc_low_risk
ISIC_0026183,nv,nv,0.004295708,2.1617388e-05,auto_accept,low_unc_low_risk
ISIC_0028667,nv,nv,0.00014412291,2.8708748e-06,auto_accept,low_unc_low_risk
ISIC_0031433,nv,nv,0.0012512701,8.080034e-05,auto_accept,low_unc_low_risk
ISIC_0031923,nv,nv,6.2924286e-05,1.3508641e-06,auto_accept,low_unc_low_risk
ISIC_0025450,mel,nv,0.05691821,0.00046795662,auto_accept,low_unc_low_risk
ISIC_0030193,nv,nv,0.011023466,0.0002536057,auto_accept,low_unc_low_risk
ISIC_0029304,nv,nv,0.00012366782,3.5923085e-07,auto_accept,low_unc_low_risk
ISIC_0025356,nv,nv,1.0380937e-05,7.641068e-07,auto_accept,low_unc_low_risk
ISIC_0025391,mel,mel,0.0684535,0.985707,auto_accept,low_unc_low_risk
ISIC_0030141,nv,nv,0.0016496477,1.3696107e-05,auto_accept,low_unc_low_risk
ISIC_0030682,nv,nv,0.036246847,0.00026746118,auto_accept,low_unc_low_risk
ISIC_0025776,nv,nv,0.002619316,0.00012519621,auto_accept,low_unc_low_risk
ISIC_0026613,nv,nv,0.001692197,3.2096385e-05,auto_accept,low_unc_low_risk
ISIC_0026879,nv,nv,0.0050379466,0.00030559825,auto_accept,low_unc_low_risk
ISIC_0032572,nv,nv,0.0014855375,0.00011852785,auto_accept,low_unc_low_risk
ISIC_0031073,nv,nv,0.0019504741,8.186912e-08,auto_accept,low_unc_low_risk
ISIC_0026814,nv,nv,5.800369e-05,3.1739635e-06,auto_accept,low_unc_low_risk
ISIC_0032115,nv,nv,0.00048348337,1.1487945e-05,auto_accept,low_unc_low_risk
ISIC_0028886,nv,nv,0.0016375093,3.9530925e-05,auto_accept,low_unc_low_risk
ISIC_0031299,nv,nv,0.03390096,0.00022629085,auto_accept,low_unc_low_risk
ISIC_0029403,nv,nv,0.0007311182,5.0287963e-06,auto_accept,low_unc_low_risk
ISIC_0027623,nv,nv,0.029912798,0.01287622,auto_accept,low_unc_low_risk
ISIC_0027207,nv,nv,0.0064971847,8.547388e-05,auto_accept,low_unc_low_risk
ISIC_0028054,nv,nv,8.4927386e-05,1.4037983e-08,auto_accept,low_unc_low_risk
ISIC_0030152,nv,nv,3.5188207e-06,4.2724945e-08,auto_accept,low_unc_low_risk
ISIC_0026563,nv,nv,1.381551e-08,3.2453906e-13,auto_accept,low_unc_low_risk
ISIC_0025370,nv,nv,0.005121801,0.0005528961,auto_accept,low_unc_low_risk
ISIC_0024979,nv,nv,5.3838494e-06,7.437836e-08,auto_accept,low_unc_low_risk
ISIC_0031606,nv,nv,0.0025722552,3.713801e-05,auto_accept,low_unc_low_risk
ISIC_0029491,nv,nv,0.00073194306,8.1971464e-08,auto_accept,low_unc_low_risk
ISIC_0029991,bkl,akiec,0.03973687,0.98321646,auto_accept,low_unc_low_risk
ISIC_0032090,nv,bcc,0.25164443,0.9176641,escalate,high_unc_low_risk
ISIC_0031136,nv,nv,0.02892778,0.0057393,auto_accept,low_unc_low_risk
ISIC_0028855,nv,nv,6.982576e-06,4.574038e-09,auto_accept,low_unc_low_risk
ISIC_0025435,nv,nv,0.00036230698,1.4739571e-05,auto_accept,low_unc_low_risk
ISIC_0026317,nv,nv,5.5600947e-07,5.76553e-09,auto_accept,low_unc_low_risk
ISIC_0029684,nv,nv,5.679774e-06,5.803052e-09,auto_accept,low_unc_low_risk
ISIC_0026265,bkl,bkl,0.0002899559,7.0287446e-05,auto_accept,low_unc_low_risk
ISIC_0026714,bkl,bkl,0.0009883426,1.2912847e-06,auto_accept,low_unc_low_risk
ISIC_0024696,bkl,mel,0.10968987,0.96190035,auto_accept,low_unc_low_risk
ISIC_0024812,nv,nv,0.0049269926,1.3815273e-05,auto_accept,low_unc_low_risk
ISIC_0030364,nv,nv,0.023327293,9.889547e-09,auto_accept,low_unc_low_risk
ISIC_0031881,nv,nv,0.0072130207,0.0007048895,auto_accept,low_unc_low_risk
ISIC_0029685,nv,nv,0.009711787,8.7703826e-05,auto_accept,low_unc_low_risk
ISIC_0025173,nv,nv,0.052069016,0.0046523423,auto_accept,low_unc_low_risk
ISIC_0025692,nv,nv,0.00034414086,1.750199e-06,auto_accept,low_unc_low_risk
ISIC_0024637,nv,nv,0.0064964085,0.0008544914,auto_accept,low_unc_low_risk
ISIC_0030807,nv,nv,0.0002706389,6.6291936e-06,auto_accept,low_unc_low_risk
ISIC_0030388,nv,nv,0.0012627959,1.2133946e-05,auto_accept,low_unc_low_risk
ISIC_0024376,nv,nv,0.00096275774,4.116076e-06,auto_accept,low_unc_low_risk
ISIC_0031110,nv,nv,6.403241e-06,1.7768458e-07,auto_accept,low_unc_low_risk
ISIC_0028295,nv,nv,0.0001948539,1.6100717e-05,auto_accept,low_unc_low_risk
ISIC_0025529,bkl,bkl,0.0022457938,5.146807e-05,auto_accept,low_unc_low_risk
ISIC_0026204,nv,nv,8.9306e-06,2.3439713e-07,auto_accept,low_unc_low_risk
ISIC_0027746,nv,nv,0.0015008623,2.2718376e-07,auto_accept,low_unc_low_risk
ISIC_0032465,nv,nv,0.00016739062,3.0117253e-06,auto_accept,low_unc_low_risk
ISIC_0033836,nv,nv,0.012661212,0.000333431,auto_accept,low_unc_low_risk
ISIC_0034104,mel,mel,0.016295306,0.9951198,auto_accept,low_unc_low_risk
ISIC_0029968,nv,nv,0.0015308958,7.322893e-05,auto_accept,low_unc_low_risk
ISIC_0027764,nv,nv,0.0031860988,0.00026050888,auto_accept,low_unc_low_risk
ISIC_0027214,nv,nv,1.579146e-05,3.2365935e-07,auto_accept,low_unc_low_risk
ISIC_0028713,nv,nv,0.0324503,4.2059665e-07,auto_accept,low_unc_low_risk
ISIC_0031265,nv,nv,1.416304e-05,3.354572e-07,auto_accept,low_unc_low_risk
ISIC_0028462,nv,nv,8.011977e-05,1.2696061e-07,auto_accept,low_unc_low_risk
ISIC_0030274,nv,nv,0.0002394174,1.1280395e-06,auto_accept,low_unc_low_risk
ISIC_0031476,nv,nv,0.0049107894,8.648175e-06,auto_accept,low_unc_low_risk
ISIC_0031210,nv,nv,0.0012373438,2.7550823e-05,auto_accept,low_unc_low_risk
ISIC_0024352,nv,nv,0.011993905,0.0011047649,auto_accept,low_unc_low_risk
ISIC_0030467,nv,nv,0.0018461904,0.00020354686,auto_accept,low_unc_low_risk
ISIC_0030838,nv,nv,0.0017919956,1.0604513e-06,auto_accept,low_unc_low_risk
ISIC_0031963,nv,nv,0.032711405,0.00024163681,auto_accept,low_unc_low_risk
ISIC_0026092,vasc,vasc,0.00011749559,0.00011816616,auto_accept,low_unc_low_risk
ISIC_0030572,nv,nv,1.2917411e-05,8.0484185e-08,auto_accept,low_unc_low_risk
ISIC_0029446,nv,nv,7.3254385e-05,6.176256e-09,auto_accept,low_unc_low_risk
ISIC_0027438,nv,nv,2.5884498e-05,4.77481e-07,auto_accept,low_unc_low_risk
ISIC_0029969,nv,nv,0.04359429,3.4242883e-05,auto_accept,low_unc_low_risk
ISIC_0031112,nv,nv,0.25348467,6.385812e-05,escalate,high_unc_low_risk
ISIC_0030861,nv,nv,4.917802e-07,6.52792e-09,auto_accept,low_unc_low_risk
ISIC_0031275,nv,nv,8.194782e-06,5.8445206e-08,auto_accept,low_unc_low_risk
ISIC_0026660,nv,nv,0.00012671566,7.887487e-06,auto_accept,low_unc_low_risk
ISIC_0030394,bkl,bkl,4.8649294e-05,1.5912041e-06,auto_accept,low_unc_low_risk
ISIC_0025558,nv,nv,0.00024293875,2.9058884e-07,auto_accept,low_unc_low_risk
ISIC_0031637,nv,nv,0.05447894,1.2149253e-06,auto_accept,low_unc_low_risk
ISIC_0027264,nv,nv,0.39615926,0.0010462961,escalate,high_unc_low_risk
ISIC_0031221,nv,nv,0.11831606,0.0017325544,auto_accept,low_unc_low_risk
ISIC_0028216,nv,nv,0.18372056,0.00682179,escalate,high_unc_low_risk
ISIC_0024596,nv,nv,0.14467397,0.041031003,escalate,high_unc_low_risk
ISIC_0030582,nv,nv,0.008417655,0.00026023109,auto_accept,low_unc_low_risk
ISIC_0032312,nv,nv,0.0010647504,4.0353943e-06,auto_accept,low_unc_low_risk
ISIC_0025265,mel,nv,0.014454282,0.0017516528,auto_accept,low_unc_low_risk
ISIC_0028569,nv,nv,0.0022923062,0.00013103517,auto_accept,low_unc_low_risk
ISIC_0027534,nv,nv,0.009512839,0.00031274048,auto_accept,low_unc_low_risk
ISIC_0029246,nv,nv,5.1307575e-07,9.0642377e-10,auto_accept,low_unc_low_risk
ISIC_0033025,nv,nv,0.0033378971,0.00022022512,auto_accept,low_unc_low_risk
ISIC_0028177,nv,nv,9.4896695e-06,1.3040247e-07,auto_accept,low_unc_low_risk
ISIC_0033228,nv,nv,0.0022548693,0.00013331676,auto_accept,low_unc_low_risk
ISIC_0032814,nv,nv,0.00404941,6.574697e-05,auto_accept,low_unc_low_risk
ISIC_0026701,nv,nv,0.00035512564,2.8056659e-06,auto_accept,low_unc_low_risk
ISIC_0027695,nv,nv,0.005256324,0.00065375975,auto_accept,low_unc_low_risk
ISIC_0033780,df,df,9.460957e-07,9.326732e-07,auto_accept,low_unc_low_risk
ISIC_0031970,nv,nv,0.062628515,1.624985e-07,auto_accept,low_unc_low_risk
ISIC_0027396,nv,nv,0.0010953638,3.999902e-05,auto_accept,low_unc_low_risk
ISIC_0027894,nv,nv,4.2654497e-06,2.1480606e-07,auto_accept,low_unc_low_risk
ISIC_0031342,nv,nv,0.0018773973,1.0076238e-06,auto_accept,low_unc_low_risk
ISIC_0028369,nv,nv,0.0019224234,9.560463e-05,auto_accept,low_unc_low_risk
ISIC_0028967,nv,nv,0.00010812269,6.1132214e-06,auto_accept,low_unc_low_risk
ISIC_0029168,nv,nv,5.011543e-05,1.2473179e-06,auto_accept,low_unc_low_risk
ISIC_0033486,bkl,mel,0.17044623,0.971457,escalate,high_unc_low_risk
ISIC_0024957,nv,nv,6.0779585e-05,2.1757155e-06,auto_accept,low_unc_low_risk
ISIC_0025685,nv,nv,8.411303e-06,1.255029e-07,auto_accept,low_unc_low_risk
ISIC_0029494,nv,nv,0.0001175603,1.7646428e-06,auto_accept,low_unc_low_risk
ISIC_0025364,nv,nv,0.0050132815,0.00025077522,auto_accept,low_unc_low_risk
ISIC_0029907,nv,nv,0.00040274518,2.7099757e-05,auto_accept,low_unc_low_risk
ISIC_0026243,nv,nv,0.00012292266,4.3177235e-07,auto_accept,low_unc_low_risk
ISIC_0024811,nv,nv,0.0019860407,7.1650946e-05,auto_accept,low_unc_low_risk
ISIC_0026342,nv,nv,1.3466397e-06,1.7700545e-08,auto_accept,low_unc_low_risk
ISIC_0025923,nv,nv,0.001232984,2.9630864e-05,auto_accept,low_unc_low_risk
ISIC_0029737,nv,nv,1.6880724e-06,2.5843256e-08,auto_accept,low_unc_low_risk
ISIC_0024785,nv,nv,0.0008600663,2.9117966e-05,auto_accept,low_unc_low_risk
ISIC_0025418,nv,nv,0.0017769687,1.0799384e-06,auto_accept,low_unc_low_risk
ISIC_0031653,nv,nv,8.42171e-05,6.558511e-08,auto_accept,low_unc_low_risk
ISIC_0033039,nv,nv,0.00019053422,3.3500737e-07,auto_accept,low_unc_low_risk
ISIC_0033748,nv,nv,0.008024148,0.0012395361,auto_accept,low_unc_low_risk
ISIC_0030450,nv,nv,0.00087954465,9.846683e-06,auto_accept,low_unc_low_risk
ISIC_0026306,nv,nv,0.0002596543,1.1784234e-06,auto_accept,low_unc_low_risk
ISIC_0026882,nv,nv,5.457003e-05,1.4115666e-06,auto_accept,low_unc_low_risk
ISIC_0031083,nv,nv,0.004313953,0.00010388035,auto_accept,low_unc_low_risk
ISIC_0026294,nv,nv,0.00012917943,2.1636718e-07,auto_accept,low_unc_low_risk
ISIC_0025494,nv,nv,1.6736913e-06,1.7017351e-08,auto_accept,low_unc_low_risk
ISIC_0025176,nv,nv,0.0033713654,0.000133097,auto_accept,low_unc_low_risk
ISIC_0029436,nv,nv,0.0023243183,2.8316641e-05,auto_accept,low_unc_low_risk
ISIC_0026554,nv,bkl,0.061419226,7.859131e-05,auto_accept,low_unc_low_risk
ISIC_0025201,nv,nv,0.0012005403,1.695571e-05,auto_accept,low_unc_low_risk
ISIC_0026674,nv,nv,0.0027383415,0.0001411725,auto_accept,low_unc_low_risk
ISIC_0026088,nv,nv,0.0003482406,1.7602278e-07,auto_accept,low_unc_low_risk
ISIC_0030972,nv,nv,0.00068626436,6.1414557e-06,auto_accept,low_unc_low_risk
ISIC_0028140,nv,nv,0.001603062,4.2171378e-05,auto_accept,low_unc_low_risk
ISIC_0027752,nv,nv,0.18517299,0.03697212,escalate,high_unc_low_risk
ISIC_0030522,bkl,nv,0.48213723,0.00012322537,escalate,high_unc_low_risk
ISIC_0031329,bkl,bkl,5.9205536e-06,2.3096307e-07,auto_accept,low_unc_low_risk
ISIC_0024939,nv,nv,8.676809e-06,2.2005251e-08,auto_accept,low_unc_low_risk
ISIC_0031916,nv,nv,1.4340008e-05,5.3641926e-09,auto_accept,low_unc_low_risk
ISIC_0027121,nv,nv,0.0001575748,2.7837956e-05,auto_accept,low_unc_low_risk
ISIC_0033108,nv,nv,0.0048902375,0.0001389303,auto_accept,low_unc_low_risk
ISIC_0034066,bcc,bcc,0.00033482708,0.9997992,auto_accept,low_unc_low_risk
ISIC_0032708,nv,nv,0.0072170123,0.00051749987,auto_accept,low_unc_low_risk
ISIC_0025369,nv,nv,1.019546e-06,3.7233794e-09,auto_accept,low_unc_low_risk
ISIC_0026368,nv,nv,0.0039382507,1.15215735e-05,auto_accept,low_unc_low_risk
ISIC_0033618,nv,nv,0.523459,0.2070886,escalate,high_unc_low_risk
ISIC_0026944,nv,nv,0.00018504263,5.542903e-07,auto_accept,low_unc_low_risk
ISIC_0034264,nv,nv,0.012689271,0.00021998398,auto_accept,low_unc_low_risk
ISIC_0033144,nv,nv,0.0771273,0.011952727,auto_accept,low_unc_low_risk
ISIC_0028011,nv,nv,0.0019180874,5.2798037e-05,auto_accept,low_unc_low_risk
ISIC_0026529,nv,nv,1.2971811e-06,1.496295e-08,auto_accept,low_unc_low_risk
ISIC_0030087,nv,nv,5.3819444e-06,5.7577193e-08,auto_accept,low_unc_low_risk
ISIC_0026776,nv,nv,0.00015257609,3.4960435e-06,auto_accept,low_unc_low_risk
ISIC_0031487,nv,nv,0.0004511158,3.3533528e-08,auto_accept,low_unc_low_risk
ISIC_0025232,nv,nv,4.366846e-06,1.5328168e-07,auto_accept,low_unc_low_risk
ISIC_0028932,nv,nv,0.0048770434,0.00012326146,auto_accept,low_unc_low_risk
ISIC_0026913,nv,nv,0.013950187,0.000100540325,auto_accept,low_unc_low_risk
ISIC_0032236,nv,nv,0.03373662,0.0018286321,auto_accept,low_unc_low_risk
ISIC_0026682,nv,nv,0.015047627,5.7411335e-06,auto_accept,low_unc_low_risk
ISIC_0027363,nv,nv,0.00090104097,7.0718874e-05,auto_accept,low_unc_low_risk
ISIC_0027619,nv,nv,0.002658309,0.00016582423,auto_accept,low_unc_low_risk
ISIC_0028882,nv,nv,0.10635011,0.00059798104,auto_accept,low_unc_low_risk
ISIC_0027308,nv,nv,0.006106189,0.00012079215,auto_accept,low_unc_low_risk
ISIC_0028367,nv,nv,0.22239704,0.017262496,escalate,high_unc_low_risk
ISIC_0025006,nv,nv,1.1465646e-05,5.2233798e-08,auto_accept,low_unc_low_risk
ISIC_0028792,bkl,bkl,0.00011297481,3.3959823e-05,auto_accept,low_unc_low_risk
ISIC_0027624,nv,nv,1.1267107e-05,3.058736e-07,auto_accept,low_unc_low_risk
ISIC_0027570,nv,nv,0.0017039123,1.5021797e-05,auto_accept,low_unc_low_risk
ISIC_0029086,nv,nv,0.000118551274,5.543051e-07,auto_accept,low_unc_low_risk
ISIC_0033673,nv,nv,0.0058207624,0.0005560327,auto_accept,low_unc_low_risk
ISIC_0030993,nv,nv,0.00013318904,2.2580966e-06,auto_accept,low_unc_low_risk
ISIC_0028180,bkl,bkl,0.0023531627,0.0018027048,auto_accept,low_unc_low_risk
ISIC_0032016,nv,nv,0.0012775532,4.2687665e-05,auto_accept,low_unc_low_risk
ISIC_0033191,nv,nv,0.0001623516,6.5102736e-06,auto_accept,low_unc_low_risk
ISIC_0024889,nv,nv,0.008431912,0.00043211793,auto_accept,low_unc_low_risk
ISIC_0033137,nv,nv,0.045314252,0.002083865,auto_accept,low_unc_low_risk
ISIC_0030818,mel,nv,0.051079154,0.0050497698,auto_accept,low_unc_low_risk
ISIC_0024639,nv,nv,9.360941e-06,9.642521e-10,auto_accept,low_unc_low_risk
ISIC_0027970,nv,nv,1.6769525e-05,1.2209614e-07,auto_accept,low_unc_low_risk
ISIC_0025875,nv,nv,6.0887072e-05,1.9187104e-07,auto_accept,low_unc_low_risk
ISIC_0030542,bkl,bkl,0.0006618988,2.1596284e-06,auto_accept,low_unc_low_risk
ISIC_0027201,nv,nv,0.005128295,0.0006165063,auto_accept,low_unc_low_risk
ISIC_0033069,nv,nv,0.18128328,0.034507096,escalate,high_unc_low_risk
ISIC_0031764,nv,nv,1.4756709e-05,2.410068e-07,auto_accept,low_unc_low_risk
ISIC_0024901,nv,nv,0.0013719774,1.9503179e-05,auto_accept,low_unc_low_risk
ISIC_0033635,bkl,bkl,0.020607797,4.0397084e-05,auto_accept,low_unc_low_risk
ISIC_0027777,nv,nv,0.00023442737,2.9348548e-06,auto_accept,low_unc_low_risk
ISIC_0026911,nv,nv,0.00040370531,6.673539e-06,auto_accept,low_unc_low_risk
ISIC_0030611,nv,nv,0.00035878294,1.4715837e-05,auto_accept,low_unc_low_risk
ISIC_0028501,nv,nv,1.14678436e-07,1.7855157e-09,auto_accept,low_unc_low_risk
ISIC_0026756,nv,nv,0.0023900066,0.000129119,auto_accept,low_unc_low_risk
ISIC_0028024,nv,nv,3.6256515e-06,2.1293753e-08,auto_accept,low_unc_low_risk
ISIC_0026285,nv,nv,7.300036e-06,6.374982e-10,auto_accept,low_unc_low_risk
ISIC_0026167,mel,nv,2.564825e-05,2.0097611e-06,auto_accept,low_unc_low_risk
ISIC_0028494,nv,nv,2.1798e-06,7.511558e-08,auto_accept,low_unc_low_risk
ISIC_0028786,nv,nv,9.681423e-05,7.688324e-07,auto_accept,low_unc_low_risk
ISIC_0033996,nv,nv,0.011750864,0.00010493601,auto_accept,low_unc_low_risk
ISIC_0028806,nv,nv,0.006192222,0.00011137885,auto_accept,low_unc_low_risk
ISIC_0032377,nv,nv,0.0007820813,3.1332962e-05,auto_accept,low_unc_low_risk
ISIC_0024818,nv,nv,0.09556359,0.019668082,auto_accept,low_unc_low_risk
ISIC_0030599,nv,nv,0.014605348,2.625719e-05,auto_accept,low_unc_low_risk
ISIC_0027151,bkl,nv,0.26660952,0.04528342,escalate,high_unc_low_risk
ISIC_0030791,nv,nv,0.00030493722,1.3214126e-05,auto_accept,low_unc_low_risk
ISIC_0026077,nv,nv,0.00022772398,2.1451979e-06,auto_accept,low_unc_low_risk
ISIC_0029538,mel,nv,0.042841896,0.011379376,auto_accept,low_unc_low_risk
ISIC_0032301,nv,nv,8.8845445e-05,1.6903019e-06,auto_accept,low_unc_low_risk
ISIC_0028954,nv,nv,0.0014454119,0.00013997176,auto_accept,low_unc_low_risk
ISIC_0032518,nv,nv,0.051399317,0.007585278,auto_accept,low_unc_low_risk
ISIC_0026101,nv,nv,0.042552564,4.4684526e-05,auto_accept,low_unc_low_risk
ISIC_0026320,nv,nv,0.00026198564,4.1769254e-06,auto_accept,low_unc_low_risk
ISIC_0032431,nv,nv,1.4591462e-06,4.0806503e-10,auto_accept,low_unc_low_risk
ISIC_0032255,nv,nv,6.761369e-06,3.2524326e-07,auto_accept,low_unc_low_risk
ISIC_0026170,nv,nv,3.37249e-06,6.156171e-08,auto_accept,low_unc_low_risk
ISIC_0032690,mel,nv,8.934925e-05,9.882092e-06,auto_accept,low_unc_low_risk
ISIC_0028851,nv,nv,5.176517e-05,1.4541222e-06,auto_accept,low_unc_low_risk
ISIC_0031655,nv,nv,0.0027865593,4.0530626e-06,auto_accept,low_unc_low_risk
ISIC_0027864,nv,nv,0.0025044598,2.0928259e-05,auto_accept,low_unc_low_risk
ISIC_0027386,nv,nv,2.1330223e-07,6.6852106e-09,auto_accept,low_unc_low_risk
ISIC_0030185,nv,nv,7.963819e-05,3.7476383e-07,auto_accept,low_unc_low_risk
ISIC_0026721,nv,nv,4.2132397e-06,6.674267e-09,auto_accept,low_unc_low_risk
ISIC_0028683,nv,nv,0.000118733435,4.0578945e-07,auto_accept,low_unc_low_risk
ISIC_0034308,nv,nv,0.06384896,0.009537785,auto_accept,low_unc_low_risk
ISIC_0030250,nv,nv,0.0025795465,2.2597744e-06,auto_accept,low_unc_low_risk
ISIC_0026898,nv,nv,0.00043714442,2.2522128e-05,auto_accept,low_unc_low_risk
ISIC_0027482,nv,nv,0.10951163,0.018699864,auto_accept,low_unc_low_risk
ISIC_0027016,nv,nv,8.962005e-06,1.5434669e-10,auto_accept,low_unc_low_risk
ISIC_0029942,nv,nv,0.0032927676,0.00013365125,auto_accept,low_unc_low_risk
ISIC_0027935,nv,nv,0.00014131541,2.2362694e-06,auto_accept,low_unc_low_risk
ISIC_0033765,nv,nv,0.003201353,0.00038354305,auto_accept,low_unc_low_risk
ISIC_0031467,nv,nv,0.0006738826,5.725626e-07,auto_accept,low_unc_low_risk
ISIC_0025279,nv,nv,0.0028956232,9.222744e-05,auto_accept,low_unc_low_risk
ISIC_0027208,nv,nv,0.0006887661,5.205532e-05,auto_accept,low_unc_low_risk
ISIC_0029920,nv,nv,9.677039e-08,3.362574e-09,auto_accept,low_unc_low_risk
ISIC_0032946,nv,nv,0.00022351138,9.278574e-06,auto_accept,low_unc_low_risk
ISIC_0030984,nv,nv,1.7313612e-05,3.4361514e-07,auto_accept,low_unc_low_risk
ISIC_0031634,nv,nv,0.0027858154,6.788861e-05,auto_accept,low_unc_low_risk
ISIC_0029453,mel,nv,0.012330895,0.0006782728,auto_accept,low_unc_low_risk
ISIC_0031802,nv,nv,0.0022688142,0.0003325009,auto_accept,low_unc_low_risk
ISIC_0025880,nv,nv,0.00042018993,1.5826421e-05,auto_accept,low_unc_low_risk
ISIC_0031183,nv,nv,0.0027432516,0.00014655253,auto_accept,low_unc_low_risk
ISIC_0033763,nv,nv,0.018955939,0.0018366972,auto_accept,low_unc_low_risk
ISIC_0028379,nv,nv,0.0072212517,0.0003502873,auto_accept,low_unc_low_risk
ISIC_0031800,nv,nv,0.0010149344,3.578161e-06,auto_accept,low_unc_low_risk
ISIC_0025503,nv,nv,1.5858973e-06,4.1466452e-09,auto_accept,low_unc_low_risk
ISIC_0025887,nv,nv,0.018056948,0.0030084334,auto_accept,low_unc_low_risk
ISIC_0026376,nv,nv,0.00010425678,8.936823e-06,auto_accept,low_unc_low_risk
ISIC_0031320,nv,nv,0.00023008992,4.0482687e-06,auto_accept,low_unc_low_risk
ISIC_0029848,nv,nv,0.001769128,9.615614e-05,auto_accept,low_unc_low_risk
ISIC_0030209,nv,nv,0.035005555,0.0030332,auto_accept,low_unc_low_risk
ISIC_0025229,nv,nv,8.7342705e-05,2.8215181e-06,auto_accept,low_unc_low_risk
ISIC_0029863,nv,nv,0.0010449061,5.284005e-05,auto_accept,low_unc_low_risk
ISIC_0029464,bkl,bkl,0.6092959,0.0032011457,escalate,high_unc_low_risk
ISIC_0027730,nv,nv,0.0012176582,7.9652345e-05,auto_accept,low_unc_low_risk
ISIC_0032962,nv,nv,0.0023520596,4.541564e-06,auto_accept,low_unc_low_risk
ISIC_0029180,nv,nv,2.1905298e-06,8.62376e-09,auto_accept,low_unc_low_risk
ISIC_0027216,df,df,0.0028783055,1.1541339e-06,auto_accept,low_unc_low_risk
ISIC_0026973,nv,nv,4.0644092e-05,7.320861e-07,auto_accept,low_unc_low_risk
ISIC_0025456,nv,nv,0.060689863,0.0018107943,auto_accept,low_unc_low_risk
ISIC_0027133,nv,nv,0.00021429357,1.0376576e-05,auto_accept,low_unc_low_risk
ISIC_0031066,nv,nv,2.1360518e-05,5.841868e-07,auto_accept,low_unc_low_risk
ISIC_0027604,mel,mel,0.00809521,0.99789065,auto_accept,low_unc_low_risk
ISIC_0032295,nv,nv,0.039331697,0.00067237177,auto_accept,low_unc_low_risk
ISIC_0031232,nv,nv,1.12199605e-05,3.9889179e-07,auto_accept,low_unc_low_risk
ISIC_0024589,nv,nv,9.733813e-06,2.8260678e-09,auto_accept,low_unc_low_risk
ISIC_0028956,nv,nv,0.00010034665,2.718995e-07,auto_accept,low_unc_low_risk
ISIC_0030286,nv,nv,2.403767e-08,2.8952815e-10,auto_accept,low_unc_low_risk
ISIC_0033971,nv,nv,0.00050692237,7.833072e-06,auto_accept,low_unc_low_risk
ISIC_0031684,nv,nv,1.7369957e-05,2.1544103e-07,auto_accept,low_unc_low_risk
ISIC_0033980,mel,nv,0.022151206,0.003343603,auto_accept,low_unc_low_risk
ISIC_0030090,nv,nv,0.001136674,0.00012615601,auto_accept,low_unc_low_risk
ISIC_0029451,nv,nv,0.033440914,0.00828546,auto_accept,low_unc_low_risk
ISIC_0027409,nv,nv,0.001056071,2.796874e-06,auto_accept,low_unc_low_risk
ISIC_0030149,nv,nv,0.00019659633,1.5978692e-07,auto_accept,low_unc_low_risk
ISIC_0033326,nv,nv,0.0015759096,0.00015004743,auto_accept,low_unc_low_risk
ISIC_0028538,nv,nv,0.0012971222,1.8468181e-05,auto_accept,low_unc_low_risk
ISIC_0031104,nv,nv,1.5682144e-05,8.612912e-07,auto_accept,low_unc_low_risk
ISIC_0026675,bkl,bkl,0.0024716435,6.248587e-05,auto_accept,low_unc_low_risk
ISIC_0031777,nv,nv,0.00028748327,1.0545672e-05,auto_accept,low_unc_low_risk
ISIC_0032402,nv,nv,0.000101545826,5.2042983e-06,auto_accept,low_unc_low_risk
ISIC_0024838,nv,nv,0.0008128142,1.1241003e-05,auto_accept,low_unc_low_risk
ISIC_0031855,nv,nv,0.008771796,5.6210347e-06,auto_accept,low_unc_low_risk
ISIC_0029378,nv,nv,0.000113611466,5.8032253e-07,auto_accept,low_unc_low_risk
ISIC_0032367,nv,nv,0.00048778567,2.8717275e-05,auto_accept,low_unc_low_risk
ISIC_0028745,nv,nv,1.5478152e-05,7.2575894e-08,auto_accept,low_unc_low_risk
ISIC_0032073,nv,nv,0.004728324,7.861791e-05,auto_accept,low_unc_low_risk
ISIC_0027268,nv,nv,0.010109897,1.3076067e-05,auto_accept,low_unc_low_risk
ISIC_0030720,nv,nv,0.00017211333,5.3047124e-06,auto_accept,low_unc_low_risk
ISIC_0024942,nv,nv,5.269359e-05,6.271379e-07,auto_accept,low_unc_low_risk
ISIC_0030728,nv,nv,9.615281e-08,3.6799093e-09,auto_accept,low_unc_low_risk
ISIC_0032645,mel,mel,0.11569878,0.9782913,auto_accept,low_unc_low_risk
ISIC_0032136,nv,nv,0.0026972538,0.00039521503,auto_accept,low_unc_low_risk
ISIC_0026396,nv,nv,0.00013924144,1.5656657e-06,auto_accept,low_unc_low_risk
ISIC_0030343,nv,nv,0.018131364,0.0021582125,auto_accept,low_unc_low_risk
ISIC_0029808,nv,nv,0.008879852,0.0009827174,auto_accept,low_unc_low_risk
ISIC_0030944,nv,nv,0.011293964,4.8664874e-06,auto_accept,low_unc_low_risk
ISIC_0033067,nv,nv,0.00012097525,1.3192192e-05,auto_accept,low_unc_low_risk
ISIC_0026303,nv,nv,0.00021096693,3.2392134e-06,auto_accept,low_unc_low_risk
ISIC_0025308,nv,nv,1.418151e-06,5.272084e-08,auto_accept,low_unc_low_risk
ISIC_0034164,nv,nv,0.009580211,0.00028835147,auto_accept,low_unc_low_risk
ISIC_0028090,nv,nv,0.00022158235,8.003533e-06,auto_accept,low_unc_low_risk
ISIC_0025859,nv,nv,7.188158e-05,9.938003e-07,auto_accept,low_unc_low_risk
ISIC_0024355,nv,nv,5.607645e-06,1.497469e-07,auto_accept,low_unc_low_risk
ISIC_0027479,nv,nv,0.0026267953,0.00022449982,auto_accept,low_unc_low_risk
ISIC_0033022,bkl,bkl,2.4652807e-06,7.289553e-08,auto_accept,low_unc_low_risk
ISIC_0025448,nv,nv,1.5672511e-07,1.9257704e-09,auto_accept,low_unc_low_risk
ISIC_0026962,nv,nv,0.0003876164,8.916096e-08,auto_accept,low_unc_low_risk
ISIC_0029767,nv,nv,2.9718608e-06,4.8915485e-08,auto_accept,low_unc_low_risk
ISIC_0033777,nv,nv,0.054202363,6.432334e-05,auto_accept,low_unc_low_risk
ISIC_0029439,vasc,vasc,6.2919185e-05,6.6090006e-06,auto_accept,low_unc_low_risk
ISIC_0024385,nv,nv,0.0017736801,0.00014769376,auto_accept,low_unc_low_risk
ISIC_0027656,nv,nv,0.0012502786,3.2188336e-06,auto_accept,low_unc_low_risk
ISIC_0034111,nv,nv,0.040516745,1.0046379e-06,auto_accept,low_unc_low_risk
ISIC_0031645,nv,nv,0.010686813,0.0008710241,auto_accept,low_unc_low_risk
ISIC_0032783,nv,nv,0.009344679,0.00055666326,auto_accept,low_unc_low_risk
ISIC_0027906,nv,nv,4.8408907e-05,1.0434561e-06,auto_accept,low_unc_low_risk
ISIC_0031595,nv,nv,0.12077172,0.024072332,auto_accept,low_unc_low_risk
ISIC_0025624,nv,nv,0.00010023133,1.1836943e-07,auto_accept,low_unc_low_risk
ISIC_0034039,nv,nv,0.60998946,0.27993858,escalate,high_unc_low_risk
ISIC_0026271,nv,nv,0.007710881,0.0004391358,auto_accept,low_unc_low_risk
ISIC_0030224,nv,nv,4.5612804e-05,2.437701e-06,auto_accept,low_unc_low_risk
ISIC_0032317,nv,nv,0.0032441786,0.00010074589,auto_accept,low_unc_low_risk
ISIC_0026719,nv,nv,4.1006874e-06,6.3915586e-08,auto_accept,low_unc_low_risk
ISIC_0025300,nv,nv,0.005486786,0.0005119484,auto_accept,low_unc_low_risk
ISIC_0031757,nv,nv,0.00046674383,5.475747e-05,auto_accept,low_unc_low_risk
ISIC_0032871,nv,nv,0.11636457,0.02360266,auto_accept,low_unc_low_risk
ISIC_0028904,nv,nv,9.007732e-05,8.849327e-08,auto_accept,low_unc_low_risk
ISIC_0031423,nv,nv,5.782806e-07,7.3338144e-09,auto_accept,low_unc_low_risk
ISIC_0028259,nv,nv,0.032374337,0.00024601087,auto_accept,low_unc_low_risk
ISIC_0027491,nv,nv,0.0030422404,0.00031191032,auto_accept,low_unc_low_risk
ISIC_0027315,nv,nv,0.018173285,0.0013789266,auto_accept,low_unc_low_risk
ISIC_0025407,nv,nv,0.005985292,9.090359e-05,auto_accept,low_unc_low_risk
ISIC_0032300,nv,nv,0.0017392026,2.0577902e-06,auto_accept,low_unc_low_risk
ISIC_0031658,nv,nv,0.00019768257,7.943127e-06,auto_accept,low_unc_low_risk
ISIC_0034194,nv,nv,0.0068785544,0.0008964609,auto_accept,low_unc_low_risk
ISIC_0028322,nv,nv,2.9080129e-05,3.857419e-07,auto_accept,low_unc_low_risk
ISIC_0027160,nv,nv,0.013944545,0.00056545273,auto_accept,low_unc_low_risk
ISIC_0030374,nv,nv,1.9585545e-05,1.5927982e-07,auto_accept,low_unc_low_risk
ISIC_0025263,nv,nv,2.100791e-06,1.2794633e-08,auto_accept,low_unc_low_risk
ISIC_0026521,nv,nv,0.00073534297,3.4997997e-06,auto_accept,low_unc_low_risk
ISIC_0029614,nv,nv,0.004529751,0.00022581322,auto_accept,low_unc_low_risk
ISIC_0024449,mel,mel,0.031785745,0.9882868,auto_accept,low_unc_low_risk
ISIC_0026185,nv,nv,0.010003063,0.0014992317,auto_accept,low_unc_low_risk
ISIC_0031830,nv,nv,0.055865407,5.7658635e-05,auto_accept,low_unc_low_risk
ISIC_0030013,nv,nv,1.1855996e-07,1.6165987e-10,auto_accept,low_unc_low_risk
ISIC_0026763,nv,nv,0.00010171275,3.5538283e-06,auto_accept,low_unc_low_risk
ISIC_0033234,nv,nv,0.049310103,0.006552903,auto_accept,low_unc_low_risk
ISIC_0025917,nv,nv,1.079846e-05,1.2112276e-09,auto_accept,low_unc_low_risk
ISIC_0024437,nv,nv,0.025516307,0.000312693,auto_accept,low_unc_low_risk
ISIC_0031683,nv,nv,0.000154107,3.6949592e-07,auto_accept,low_unc_low_risk
ISIC_0026906,nv,nv,0.0004776603,2.1445926e-06,auto_accept,low_unc_low_risk
ISIC_0026331,nv,nv,0.00046295873,2.0265968e-05,auto_accept,low_unc_low_risk
ISIC_0027425,bcc,bcc,0.021782825,0.9798948,auto_accept,low_unc_low_risk
ISIC_0025060,nv,nv,9.409938e-08,9.314882e-11,auto_accept,low_unc_low_risk
ISIC_0032272,nv,nv,0.0008764084,7.569954e-05,auto_accept,low_unc_low_risk
ISIC_0025499,nv,nv,0.006704998,4.4413373e-06,auto_accept,low_unc_low_risk
ISIC_0028939,nv,nv,0.00067823124,3.1002442e-06,auto_accept,low_unc_low_risk
ISIC_0029385,nv,nv,0.0046594054,9.986135e-05,auto_accept,low_unc_low_risk
ISIC_0031463,nv,nv,2.7815902e-05,7.048578e-07,auto_accept,low_unc_low_risk
ISIC_0024834,nv,nv,0.10199097,0.00027199017,auto_accept,low_unc_low_risk
ISIC_0031174,nv,nv,5.258876e-05,2.803334e-07,auto_accept,low_unc_low_risk
ISIC_0027387,mel,nv,0.044111922,0.0066443034,auto_accept,low_unc_low_risk
ISIC_0032691,nv,nv,0.44954604,0.15466294,escalate,high_unc_low_risk
ISIC_0032263,nv,nv,8.37412e-06,3.3835693e-07,auto_accept,low_unc_low_risk
ISIC_0028313,nv,nv,4.6567533e-05,3.3452286e-06,auto_accept,low_unc_low_risk
ISIC_0033135,vasc,vasc,8.261382e-05,3.4750406e-05,auto_accept,low_unc_low_risk
ISIC_0024407,nv,nv,0.014922818,0.0011441965,auto_accept,low_unc_low_risk
ISIC_0025973,bkl,bkl,0.12686774,0.014952999,escalate,high_unc_low_risk
ISIC_0030428,nv,nv,0.00068906066,3.3593395e-05,auto_accept,low_unc_low_risk
ISIC_0029922,nv,nv,1.8476941e-05,6.170948e-08,auto_accept,low_unc_low_risk
ISIC_0026631,bkl,bkl,1.8926852e-05,7.096134e-06,auto_accept,low_unc_low_risk
ISIC_0031322,nv,nv,7.93413e-05,2.1210794e-06,auto_accept,low_unc_low_risk
ISIC_0032483,nv,nv,2.4975077e-06,1.2309859e-07,auto_accept,low_unc_low_risk
ISIC_0028766,nv,nv,0.0073864316,9.871245e-05,auto_accept,low_unc_low_risk
ISIC_0034016,nv,nv,0.00016063322,3.0400886e-06,auto_accept,low_unc_low_risk
ISIC_0027919,nv,nv,0.0016809106,3.8128678e-06,auto_accept,low_unc_low_risk
ISIC_0024429,nv,nv,0.00018843866,1.5129754e-05,auto_accept,low_unc_low_risk
ISIC_0024309,nv,nv,0.0007386496,8.7363915e-06,auto_accept,low_unc_low_risk
ISIC_0028648,nv,nv,0.072700195,0.0018557487,auto_accept,low_unc_low_risk
ISIC_0029274,nv,nv,0.0013814316,2.3919563e-05,auto_accept,low_unc_low_risk
ISIC_0033877,nv,nv,0.0003306195,3.195619e-06,auto_accept,low_unc_low_risk
ISIC_0031863,nv,nv,0.0068483804,9.896417e-06,auto_accept,low_unc_low_risk
ISIC_0027807,nv,nv,0.001310546,0.000115231414,auto_accept,low_unc_low_risk
ISIC_0033608,vasc,vasc,6.209932e-08,2.1191153e-09,auto_accept,low_unc_low_risk
ISIC_0024526,nv,nv,0.010165968,0.0009858002,auto_accept,low_unc_low_risk
ISIC_0032285,nv,nv,0.011380712,0.0013961064,auto_accept,low_unc_low_risk
ISIC_0028733,nv,nv,0.0005744668,2.2458153e-05,auto_accept,low_unc_low_risk
ISIC_0029611,nv,nv,0.002964254,5.6998833e-05,auto_accept,low_unc_low_risk
ISIC_0030135,nv,nv,6.0260707e-05,5.346052e-06,auto_accept,low_unc_low_risk
ISIC_0026288,nv,nv,2.775394e-05,2.4663834e-07,auto_accept,low_unc_low_risk
ISIC_0029245,nv,nv,6.251413e-07,9.00128e-11,auto_accept,low_unc_low_risk
ISIC_0030958,nv,nv,5.987462e-07,1.1056834e-08,auto_accept,low_unc_low_risk
ISIC_0033133,nv,nv,0.020365538,0.0028689164,auto_accept,low_unc_low_risk
ISIC_0028769,nv,nv,3.4384597e-05,1.2549063e-10,auto_accept,low_unc_low_risk
ISIC_0026931,nv,nv,6.3707107e-06,6.644572e-08,auto_accept,low_unc_low_risk
ISIC_0025394,mel,nv,3.948824e-05,3.189281e-08,auto_accept,low_unc_low_risk
ISIC_0030320,nv,nv,0.00276231,4.8745044e-08,auto_accept,low_unc_low_risk
ISIC_0025866,nv,nv,0.05864266,0.014547154,auto_accept,low_unc_low_risk
ISIC_0029156,nv,nv,5.3661124e-06,1.0359037e-08,auto_accept,low_unc_low_risk
ISIC_0030154,nv,nv,0.019139094,0.0013883976,auto_accept,low_unc_low_risk
ISIC_0031216,nv,nv,0.041715596,0.00088809634,auto_accept,low_unc_low_risk
ISIC_0032451,nv,nv,0.0023016706,0.00021028773,auto_accept,low_unc_low_risk
ISIC_0033698,nv,nv,0.0015135035,0.00011545711,auto_accept,low_unc_low_risk
ISIC_0034213,nv,nv,0.16180909,0.043665167,escalate,high_unc_low_risk
ISIC_0029898,nv,nv,0.039410252,0.0012263301,auto_accept,low_unc_low_risk
ISIC_0031227,nv,nv,0.0010138187,1.4655293e-05,auto_accept,low_unc_low_risk
ISIC_0029742,vasc,vasc,9.607021e-06,5.1305545e-07,auto_accept,low_unc_low_risk
ISIC_0027507,mel,nv,0.20675308,0.01412966,escalate,high_unc_low_risk
ISIC_0028469,nv,nv,1.5993586e-05,4.4959346e-08,auto_accept,low_unc_low_risk
ISIC_0030043,nv,nv,0.007591451,2.9112161e-06,auto_accept,low_unc_low_risk
ISIC_0025397,nv,nv,0.00035640475,7.765774e-06,auto_accept,low_unc_low_risk
ISIC_0032779,nv,nv,0.002739053,0.00031847073,auto_accept,low_unc_low_risk
ISIC_0028785,nv,nv,0.2175048,0.03417578,escalate,high_unc_low_risk
ISIC_0029594,nv,nv,5.1228976e-06,1.5927284e-07,auto_accept,low_unc_low_risk
ISIC_0026336,vasc,vasc,1.5784937e-05,3.3780602e-06,auto_accept,low_unc_low_risk
ISIC_0025705,nv,nv,7.4239055e-05,5.5521155e-06,auto_accept,low_unc_low_risk
ISIC_0024478,nv,nv,0.012494591,5.2463315e-06,auto_accept,low_unc_low_risk
ISIC_0027177,nv,nv,0.00020531582,9.813217e-06,auto_accept,low_unc_low_risk
ISIC_0024892,nv,nv,0.0056808237,9.245621e-05,auto_accept,low_unc_low_risk
ISIC_0031627,nv,nv,7.0831746e-05,2.9557975e-06,auto_accept,low_unc_low_risk
ISIC_0033142,nv,nv,0.00065418484,3.5662984e-07,auto_accept,low_unc_low_risk
ISIC_0027614,nv,nv,0.0002947537,2.9539113e-05,auto_accept,low_unc_low_risk
ISIC_0025323,nv,nv,0.3837869,0.09720609,escalate,high_unc_low_risk
ISIC_0025633,nv,nv,0.053508706,0.0025461596,auto_accept,low_unc_low_risk
ISIC_0032516,nv,nv,0.00079746393,9.014963e-05,auto_accept,low_unc_low_risk
ISIC_0026831,bcc,bcc,0.0107882265,0.99713194,auto_accept,low_unc_low_risk
ISIC_0031641,nv,nv,1.381551e-08,7.395691e-13,auto_accept,low_unc_low_risk
ISIC_0030549,akiec,bcc,0.012978069,0.9998926,auto_accept,low_unc_low_risk
ISIC_0033824,nv,nv,0.0013501984,5.5045322e-05,auto_accept,low_unc_low_risk
ISIC_0028551,nv,nv,0.0035213365,1.7948805e-05,auto_accept,low_unc_low_risk
ISIC_0028479,bkl,bkl,0.004318305,0.0017882294,auto_accept,low_unc_low_risk
ISIC_0033525,nv,nv,0.026237257,0.0019127504,auto_accept,low_unc_low_risk
ISIC_0033328,nv,nv,0.14630173,0.02518194,escalate,high_unc_low_risk
ISIC_0029821,nv,nv,0.00027666485,2.4729346e-05,auto_accept,low_unc_low_risk
ISIC_0027078,nv,nv,0.00024873458,1.8445864e-05,auto_accept,low_unc_low_risk
ISIC_0031065,vasc,vasc,5.825403e-06,8.146262e-06,auto_accept,low_unc_low_risk
ISIC_0031983,nv,nv,0.00033485176,1.0252401e-06,auto_accept,low_unc_low_risk
ISIC_0030085,nv,nv,0.0022312906,0.00020775529,auto_accept,low_unc_low_risk
ISIC_0030502,nv,nv,0.0019914175,2.1859149e-05,auto_accept,low_unc_low_risk
ISIC_0027723,nv,nv,0.0011387337,7.6554854e-05,auto_accept,low_unc_low_risk
ISIC_0030999,nv,nv,0.001495134,1.3071e-07,auto_accept,low_unc_low_risk
ISIC_0029599,nv,nv,0.00021603427,3.343701e-06,auto_accept,low_unc_low_risk
ISIC_0026707,nv,nv,0.0004684703,1.9249176e-06,auto_accept,low_unc_low_risk
ISIC_0034024,bkl,bkl,0.0069341785,0.0001396008,auto_accept,low_unc_low_risk
ISIC_0027048,nv,nv,0.0034162682,0.0004969399,auto_accept,low_unc_low_risk
ISIC_0032350,nv,nv,3.2737673e-06,3.8531508e-07,auto_accept,low_unc_low_risk
ISIC_0029248,df,df,0.00023800955,5.455269e-06,auto_accept,low_unc_low_risk
ISIC_0027500,nv,nv,0.010772863,0.00057255715,auto_accept,low_unc_low_risk
ISIC_0033388,nv,nv,0.0035792964,2.714437e-05,auto_accept,low_unc_low_risk
ISIC_0030962,nv,nv,2.148583e-07,2.4962423e-09,auto_accept,low_unc_low_risk
ISIC_0031551,nv,nv,0.0003908373,1.2986602e-05,auto_accept,low_unc_low_risk
ISIC_0031843,nv,nv,0.0021379255,3.728994e-05,auto_accept,low_unc_low_risk
ISIC_0029551,nv,nv,0.062643,0.0053991103,auto_accept,low_unc_low_risk
ISIC_0024670,nv,nv,2.5805892e-05,6.073851e-08,auto_accept,low_unc_low_risk
ISIC_0030996,nv,nv,0.0029884344,2.5256793e-06,auto_accept,low_unc_low_risk
ISIC_0032239,nv,nv,0.0009454872,6.233458e-05,auto_accept,low_unc_low_risk
ISIC_0027912,nv,nv,0.050885726,0.0028695262,auto_accept,low_unc_low_risk
ISIC_0026291,bkl,bkl,6.4945402e-06,2.4775838e-07,auto_accept,low_unc_low_risk
ISIC_0030117,nv,nv,0.03426766,0.0042247255,auto_accept,low_unc_low_risk
ISIC_0026112,nv,nv,0.00011740749,7.5462515e-07,auto_accept,low_unc_low_risk
ISIC_0027901,nv,nv,2.7938153e-05,8.802156e-07,auto_accept,low_unc_low_risk
ISIC_0033726,nv,nv,0.03574648,0.0039612725,auto_accept,low_unc_low_risk
ISIC_0028300,nv,nv,0.01460441,0.0011915988,auto_accept,low_unc_low_risk
ISIC_0027104,nv,nv,2.2947717e-08,8.971491e-11,auto_accept,low_unc_low_risk
ISIC_0028549,nv,nv,0.0004801032,1.7756325e-06,auto_accept,low_unc_low_risk
ISIC_0027541,nv,nv,0.0007568351,4.5767876e-05,auto_accept,low_unc_low_risk
ISIC_0031521,nv,nv,0.018717246,0.0022295078,auto_accept,low_unc_low_risk
ISIC_0031252,nv,nv,1.381551e-08,1.777343e-14,auto_accept,low_unc_low_risk
ISIC_0031974,nv,nv,0.118837714,0.005759602,auto_accept,low_unc_low_risk
ISIC_0028182,nv,nv,4.4288727e-06,4.3536357e-09,auto_accept,low_unc_low_risk
ISIC_0032217,nv,nv,0.004487346,0.00015393301,auto_accept,low_unc_low_risk
ISIC_0028078,nv,nv,0.0043555945,0.00042415413,auto_accept,low_unc_low_risk
ISIC_0026938,nv,nv,0.0012174858,3.6886854e-06,auto_accept,low_unc_low_risk
ISIC_0025430,nv,nv,0.0001927217,1.11995135e-07,auto_accept,low_unc_low_risk
ISIC_0025604,nv,nv,7.9458306e-07,2.0527264e-09,auto_accept,low_unc_low_risk
ISIC_0026178,akiec,akiec,0.00053415797,0.99980253,auto_accept,low_unc_low_risk
ISIC_0029569,nv,nv,0.00048352688,2.4078035e-06,auto_accept,low_unc_low_risk
ISIC_0027909,nv,nv,0.00012821141,3.2413768e-06,auto_accept,low_unc_low_risk
ISIC_0025787,nv,nv,0.00021101981,7.66308e-06,auto_accept,low_unc_low_risk
ISIC_0026748,nv,nv,0.00026526142,3.6760565e-07,auto_accept,low_unc_low_risk
ISIC_0024961,mel,mel,0.09184199,0.9405637,auto_accept,low_unc_low_risk
ISIC_0024779,nv,nv,2.4714076e-05,2.0134009e-07,auto_accept,low_unc_low_risk
ISIC_0028778,nv,nv,0.0027522205,5.9472114e-07,auto_accept,low_unc_low_risk
ISIC_0031046,nv,nv,0.0011504055,2.041471e-05,auto_accept,low_unc_low_risk
ISIC_0031514,nv,nv,0.0008360278,9.956207e-06,auto_accept,low_unc_low_risk
ISIC_0030746,bcc,bcc,0.010257925,0.9960562,auto_accept,low_unc_low_risk
ISIC_0026164,nv,nv,8.891172e-05,2.9371788e-06,auto_accept,low_unc_low_risk
ISIC_0027726,nv,nv,1.883087e-05,1.09259794e-07,auto_accept,low_unc_low_risk
ISIC_0029152,nv,nv,0.00045083778,6.479547e-05,auto_accept,low_unc_low_risk
ISIC_0027040,nv,nv,0.018243197,0.0024362982,auto_accept,low_unc_low_risk
ISIC_0029112,nv,nv,0.0015720613,9.382702e-05,auto_accept,low_unc_low_risk
ISIC_0032104,nv,nv,0.00046920206,2.5285779e-05,auto_accept,low_unc_low_risk
ISIC_0031805,nv,nv,0.0021785786,0.00011710468,auto_accept,low_unc_low_risk
ISIC_0034296,bkl,bkl,0.2012375,0.000115120936,escalate,high_unc_low_risk
ISIC_0029565,nv,nv,6.464022e-07,1.6300847e-08,auto_accept,low_unc_low_risk
ISIC_0026785,nv,nv,0.01161726,8.45762e-06,auto_accept,low_unc_low_risk
ISIC_0030842,nv,nv,4.25854e-05,2.2071217e-06,auto_accept,low_unc_low_risk
ISIC_0025349,nv,nv,0.0011000918,1.5799547e-05,auto_accept,low_unc_low_risk
ISIC_0030966,nv,nv,0.009283332,0.0010036874,auto_accept,low_unc_low_risk
ISIC_0031525,nv,nv,1.27994435e-05,2.9266822e-08,auto_accept,low_unc_low_risk
ISIC_0034167,bkl,nv,0.4729398,1.4788956e-09,escalate,high_unc_low_risk
ISIC_0029657,nv,nv,2.1689217e-05,5.413594e-08,auto_accept,low_unc_low_risk
ISIC_0031097,nv,nv,0.003984688,0.00028481512,auto_accept,low_unc_low_risk
ISIC_0029069,nv,nv,1.3152124e-05,2.9226992e-08,auto_accept,low_unc_low_risk
ISIC_0030862,nv,nv,0.003709705,7.529249e-05,auto_accept,low_unc_low_risk
ISIC_0032242,nv,nv,0.08829562,0.0036902644,auto_accept,low_unc_low_risk
ISIC_0029476,nv,nv,0.002620814,8.556758e-05,auto_accept,low_unc_low_risk
ISIC_0027927,nv,nv,0.00013033857,1.2662763e-06,auto_accept,low_unc_low_risk
ISIC_0030872,nv,nv,0.00916803,0.0003526658,auto_accept,low_unc_low_risk
ISIC_0024835,nv,nv,5.365779e-05,3.672812e-06,auto_accept,low_unc_low_risk
ISIC_0026537,nv,nv,6.144656e-06,4.9179203e-08,auto_accept,low_unc_low_risk
ISIC_0030158,akiec,akiec,0.017557416,0.99536246,auto_accept,low_unc_low_risk
ISIC_0031739,nv,nv,0.0036421418,0.00019499843,auto_accept,low_unc_low_risk
ISIC_0030664,nv,nv,0.00011820329,1.1508065e-07,auto_accept,low_unc_low_risk
ISIC_0030520,nv,nv,0.10009736,0.010996538,auto_accept,low_unc_low_risk
ISIC_0025884,nv,nv,0.0009616918,2.9100534e-05,auto_accept,low_unc_low_risk
ISIC_0026548,nv,nv,0.00026743772,1.5420614e-05,auto_accept,low_unc_low_risk
ISIC_0024704,nv,nv,0.07763167,0.024734907,auto_accept,low_unc_low_risk
ISIC_0028846,bkl,bkl,0.006773057,0.0007233526,auto_accept,low_unc_low_risk
ISIC_0024797,nv,nv,9.076222e-06,2.3749965e-07,auto_accept,low_unc_low_risk
ISIC_0031341,nv,nv,3.6601157e-06,3.250962e-08,auto_accept,low_unc_low_risk
ISIC_0027814,bcc,bcc,0.028921606,0.9993387,auto_accept,low_unc_low_risk
ISIC_0026677,nv,nv,3.8417853e-05,2.0742864e-07,auto_accept,low_unc_low_risk
ISIC_0029136,nv,nv,0.00033785644,2.0057567e-05,auto_accept,low_unc_low_risk
ISIC_0028455,nv,nv,0.00022113154,1.8848895e-07,auto_accept,low_unc_low_risk
ISIC_0032609,nv,nv,0.0010613393,4.2475298e-05,auto_accept,low_unc_low_risk
ISIC_0027221,nv,nv,0.00025074295,1.1345558e-05,auto_accept,low_unc_low_risk
ISIC_0024830,nv,nv,0.0006256544,6.3397065e-06,auto_accept,low_unc_low_risk
ISIC_0025139,nv,nv,0.0016627323,4.212866e-06,auto_accept,low_unc_low_risk
ISIC_0029253,nv,nv,0.0026195568,7.271775e-06,auto_accept,low_unc_low_risk
ISIC_0027034,nv,nv,0.024308616,0.000591978,auto_accept,low_unc_low_risk
ISIC_0028050,bcc,bcc,0.002494616,0.9999292,auto_accept,low_unc_low_risk
ISIC_0027317,nv,nv,4.702317e-06,3.438037e-09,auto_accept,low_unc_low_risk
ISIC_0030651,nv,nv,0.001642123,0.0004969005,auto_accept,low_unc_low_risk
ISIC_0025120,nv,nv,0.0027811534,7.2324215e-06,auto_accept,low_unc_low_risk
ISIC_0033690,nv,nv,0.0033188516,0.00023238907,auto_accept,low_unc_low_risk
ISIC_0027229,bcc,bcc,0.0055608745,0.9999782,escalate,low_unc_high_risk
ISIC_0031743,akiec,akiec,0.20081197,0.85751057,escalate,high_unc_low_risk
ISIC_0029618,nv,nv,0.0010672814,9.861257e-07,auto_accept,low_unc_low_risk
ISIC_0025998,nv,nv,0.03104567,0.00030110453,auto_accept,low_unc_low_risk
ISIC_0030570,nv,nv,0.0011722465,7.938808e-05,auto_accept,low_unc_low_risk
ISIC_0024487,nv,nv,0.0095759425,5.940406e-05,auto_accept,low_unc_low_risk
ISIC_0031276,vasc,vasc,2.208426e-05,1.9367392e-06,auto_accept,low_unc_low_risk
ISIC_0030218,nv,nv,2.7605763e-06,1.933906e-08,auto_accept,low_unc_low_risk
ISIC_0024327,nv,nv,0.009208487,6.668205e-05,auto_accept,low_unc_low_risk
ISIC_0027091,nv,nv,0.024562433,0.003470829,auto_accept,low_unc_low_risk
ISIC_0032884,nv,nv,0.03410902,0.0034980704,auto_accept,low_unc_low_risk
ISIC_0030896,nv,nv,0.0019915868,1.2247998e-05,auto_accept,low_unc_low_risk
ISIC_0026407,nv,nv,0.0019511926,4.7600843e-06,auto_accept,low_unc_low_risk
ISIC_0024698,nv,nv,0.24369378,0.052440416,escalate,high_unc_low_risk
ISIC_0026767,nv,nv,9.310325e-06,5.205408e-08,auto_accept,low_unc_low_risk
ISIC_0031851,bkl,bkl,0.009018088,0.008715944,auto_accept,low_unc_low_risk
ISIC_0025004,nv,nv,0.00033272285,4.984496e-06,auto_accept,low_unc_low_risk
ISIC_0032614,vasc,vasc,5.922958e-06,5.0687586e-06,auto_accept,low_unc_low_risk
ISIC_0034046,mel,mel,0.00085146667,0.99981374,auto_accept,low_unc_low_risk
ISIC_0031237,nv,nv,0.09200254,0.015877368,auto_accept,low_unc_low_risk
ISIC_0032644,nv,nv,0.00014171982,8.2051224e-07,auto_accept,low_unc_low_risk
ISIC_0025058,nv,nv,6.8211043e-06,8.114595e-11,auto_accept,low_unc_low_risk
ISIC_0034246,mel,mel,0.034582082,0.9874735,auto_accept,low_unc_low_risk
ISIC_0030237,nv,nv,3.9523187e-05,2.7148675e-07,auto_accept,low_unc_low_risk
ISIC_0027054,nv,nv,0.00076297927,5.763713e-06,auto_accept,low_unc_low_risk
ISIC_0030459,bkl,bkl,0.018127274,0.0019189187,auto_accept,low_unc_low_risk
ISIC_0028888,nv,nv,0.12637955,8.2329294e-05,escalate,high_unc_low_risk
ISIC_0025910,nv,nv,0.007147304,0.00022697412,auto_accept,low_unc_low_risk
ISIC_0031811,nv,nv,0.0002202778,4.586438e-06,auto_accept,low_unc_low_risk
ISIC_0025857,nv,nv,0.0029904423,7.791212e-06,auto_accept,low_unc_low_risk
ISIC_0031443,df,df,0.0049072155,0.0012154267,auto_accept,low_unc_low_risk
ISIC_0033963,nv,nv,0.03397567,0.0024463348,auto_accept,low_unc_low_risk
ISIC_0030302,nv,nv,0.00012375138,4.570962e-08,auto_accept,low_unc_low_risk
ISIC_0031107,nv,nv,0.066380724,0.015774466,auto_accept,low_unc_low_risk
ISIC_0030928,nv,nv,0.000553369,3.1403624e-06,auto_accept,low_unc_low_risk
ISIC_0030078,nv,nv,0.0065157213,3.09201e-05,auto_accept,low_unc_low_risk
ISIC_0029144,nv,nv,3.6542267e-06,1.5979037e-08,auto_accept,low_unc_low_risk
ISIC_0027152,nv,nv,0.20241688,0.0756818,escalate,high_unc_low_risk
ISIC_0027469,nv,nv,0.3567274,0.031500455,escalate,high_unc_low_risk
ISIC_0027234,mel,mel,0.011081953,0.9935958,auto_accept,low_unc_low_risk
ISIC_0027782,nv,nv,0.00010884552,7.3334104e-07,auto_accept,low_unc_low_risk
ISIC_0025056,nv,nv,3.5879307e-06,3.627845e-08,auto_accept,low_unc_low_risk
ISIC_0025967,nv,nv,0.026484612,0.00023319121,auto_accept,low_unc_low_risk
ISIC_0025387,bkl,bkl,1.6581665e-05,1.3111854e-06,auto_accept,low_unc_low_risk
ISIC_0032010,nv,nv,0.0015903739,8.786606e-05,auto_accept,low_unc_low_risk
ISIC_0032267,nv,nv,0.020019049,3.7476528e-07,auto_accept,low_unc_low_risk
ISIC_0025377,nv,nv,4.0511448e-05,1.3344828e-07,auto_accept,low_unc_low_risk
ISIC_0031845,nv,nv,0.00011651498,8.872868e-07,auto_accept,low_unc_low_risk
ISIC_0026541,nv,nv,0.0032049203,9.984725e-05,auto_accept,low_unc_low_risk
ISIC_0028828,nv,nv,0.030593997,0.003699944,auto_accept,low_unc_low_risk
ISIC_0030447,nv,nv,0.00013155316,5.2867736e-06,auto_accept,low_unc_low_risk
ISIC_0031054,nv,nv,0.0004902909,0.00018135115,auto_accept,low_unc_low_risk
ISIC_0030634,nv,nv,8.154842e-06,9.719242e-10,auto_accept,low_unc_low_risk
ISIC_0024380,nv,nv,0.11043346,0.00026301228,auto_accept,low_unc_low_risk
ISIC_0034082,nv,nv,0.00010305316,1.4241675e-06,auto_accept,low_unc_low_risk
ISIC_0033840,nv,nv,0.064519264,0.007294024,auto_accept,low_unc_low_risk
ISIC_0030500,nv,nv,6.8104174e-07,1.3918089e-08,auto_accept,low_unc_low_risk
ISIC_0032943,nv,nv,0.007181352,0.0010350056,auto_accept,low_unc_low_risk
ISIC_0026398,nv,nv,0.0010494713,8.309611e-05,auto_accept,low_unc_low_risk
ISIC_0025422,nv,nv,0.2288862,0.06389015,escalate,high_unc_low_risk
ISIC_0029434,mel,mel,0.70215535,0.52497846,escalate,high_unc_low_risk
ISIC_0031540,nv,nv,0.0007121113,8.819636e-06,auto_accept,low_unc_low_risk
ISIC_0025189,nv,nv,0.0007565857,6.7180013e-06,auto_accept,low_unc_low_risk
ISIC_0031325,nv,nv,0.00051081803,2.248575e-05,auto_accept,low_unc_low_risk
ISIC_0031865,nv,nv,0.007640924,0.0015217013,auto_accept,low_unc_low_risk
ISIC_0033237,nv,nv,0.010445266,0.0014508843,auto_accept,low_unc_low_risk
ISIC_0027330,nv,nv,0.0015321322,4.9030765e-05,auto_accept,low_unc_low_risk
ISIC_0032165,nv,nv,0.24884024,0.00027412336,escalate,high_unc_low_risk
ISIC_0031161,nv,nv,1.0837556e-05,4.3844084e-10,auto_accept,low_unc_low_risk
ISIC_0029387,nv,nv,0.017027395,0.00210444,auto_accept,low_unc_low_risk
ISIC_0031870,nv,nv,5.0752613e-05,5.51754e-07,auto_accept,low_unc_low_risk
ISIC_0029121,nv,nv,0.004916323,0.00037041397,auto_accept,low_unc_low_risk
ISIC_0025109,nv,nv,2.813871e-06,1.3341966e-09,auto_accept,low_unc_low_risk
ISIC_0031140,bcc,bcc,0.0016195873,0.99996626,auto_accept,low_unc_low_risk
ISIC_0029721,nv,nv,0.0019274815,0.00011427908,auto_accept,low_unc_low_risk
ISIC_0026527,nv,nv,5.633286e-06,2.708139e-07,auto_accept,low_unc_low_risk
ISIC_0024780,nv,nv,0.0002575988,1.5578671e-07,auto_accept,low_unc_low_risk
ISIC_0031006,nv,nv,4.4376568e-05,1.5692219e-06,auto_accept,low_unc_low_risk
ISIC_0025579,nv,nv,2.1750442e-05,2.1844103e-06,auto_accept,low_unc_low_risk
ISIC_0029360,akiec,bcc,0.54615515,0.89326096,escalate,high_unc_low_risk
ISIC_0026346,nv,nv,6.3036126e-08,9.997284e-10,auto_accept,low_unc_low_risk
ISIC_0034266,nv,nv,0.0009964657,4.5342535e-05,auto_accept,low_unc_low_risk
ISIC_0028979,nv,nv,0.0005051724,2.1281594e-05,auto_accept,low_unc_low_risk
ISIC_0025813,nv,nv,0.012609373,1.9843952e-07,auto_accept,low_unc_low_risk
ISIC_0033588,nv,nv,0.0566121,0.008769735,auto_accept,low_unc_low_risk
ISIC_0033700,mel,mel,0.020110043,0.99382824,auto_accept,low_unc_low_risk
ISIC_0030108,nv,nv,3.4914614e-05,5.5795715e-07,auto_accept,low_unc_low_risk
ISIC_0028703,nv,nv,1.6773776e-05,1.1286512e-07,auto_accept,low_unc_low_risk
ISIC_0031274,nv,nv,0.0015646393,8.36986e-05,auto_accept,low_unc_low_risk
ISIC_0031434,nv,nv,1.574088e-08,1.2442402e-11,auto_accept,low_unc_low_risk
ISIC_0026852,nv,nv,0.0017746282,9.283203e-05,auto_accept,low_unc_low_risk
ISIC_0030773,nv,nv,0.012024548,0.0019272189,auto_accept,low_unc_low_risk
ISIC_0027168,nv,nv,1.2098821e-05,3.7678322e-07,auto_accept,low_unc_low_risk
ISIC_0032848,nv,nv,0.0545466,1.1438011e-06,auto_accept,low_unc_low_risk
ISIC_0028320,nv,nv,0.00057218544,3.7028734e-05,auto_accept,low_unc_low_risk
ISIC_0024467,nv,nv,2.4182806e-05,1.2149809e-06,auto_accept,low_unc_low_risk
ISIC_0026104,bkl,bkl,2.8957245e-05,4.1282835e-08,auto_accept,low_unc_low_risk
ISIC_0027590,mel,mel,0.013887841,0.99252456,auto_accept,low_unc_low_risk
ISIC_0027539,nv,nv,1.3360585e-05,3.839743e-07,auto_accept,low_unc_low_risk
ISIC_0029762,nv,nv,7.121914e-05,1.0885808e-06,auto_accept,low_unc_low_risk
ISIC_0032703,nv,nv,0.00036625253,3.244146e-07,auto_accept,low_unc_low_risk
ISIC_0029998,nv,nv,0.002855264,2.3817996e-05,auto_accept,low_unc_low_risk
ISIC_0029543,nv,nv,0.00020386069,6.799433e-08,auto_accept,low_unc_low_risk
ISIC_0026426,nv,nv,0.0066830516,0.00012233955,auto_accept,low_unc_low_risk
ISIC_0028572,nv,nv,0.0017602664,1.0993737e-06,auto_accept,low_unc_low_risk
ISIC_0030647,nv,nv,0.00010168118,3.2206202e-09,auto_accept,low_unc_low_risk
ISIC_0027877,nv,nv,2.150036e-07,1.9182844e-09,auto_accept,low_unc_low_risk
ISIC_0028848,nv,nv,0.2639987,0.06841868,escalate,high_unc_low_risk
ISIC_0028849,nv,nv,0.0035485814,0.0005603507,auto_accept,low_unc_low_risk
ISIC_0029416,nv,nv,0.006841673,0.00053827284,auto_accept,low_unc_low_risk
ISIC_0030099,nv,nv,0.02400171,0.0027985894,auto_accept,low_unc_low_risk
ISIC_0030275,vasc,vasc,0.0055125845,0.00039509262,auto_accept,low_unc_low_risk
ISIC_0031924,nv,nv,0.0043226993,4.280515e-05,auto_accept,low_unc_low_risk
ISIC_0026259,nv,nv,2.912206e-06,2.424311e-08,auto_accept,low_unc_low_risk
ISIC_0028678,nv,nv,0.0035052549,0.00039100903,auto_accept,low_unc_low_risk
ISIC_0027952,nv,nv,0.001259448,5.9924427e-05,auto_accept,low_unc_low_risk
ISIC_0025660,nv,nv,0.00086392806,8.709749e-05,auto_accept,low_unc_low_risk
ISIC_0030287,nv,nv,0.0010477782,5.1250077e-05,auto_accept,low_unc_low_risk
ISIC_0025191,nv,nv,0.00022845963,1.3185361e-06,auto_accept,low_unc_low_risk
ISIC_0031815,nv,nv,0.009323197,0.0002065526,auto_accept,low_unc_low_risk
ISIC_0027845,nv,nv,1.6538739e-06,1.4587479e-08,auto_accept,low_unc_low_risk
ISIC_0030004,nv,nv,0.0004541529,6.6373536e-06,auto_accept,low_unc_low_risk
ISIC_0027380,nv,nv,5.085245e-05,6.554322e-07,auto_accept,low_unc_low_risk
ISIC_0027489,nv,nv,0.000790716,4.4493434e-05,auto_accept,low_unc_low_risk
ISIC_0026144,nv,nv,2.2823357e-05,4.2860677e-07,auto_accept,low_unc_low_risk
ISIC_0028924,nv,nv,0.003479187,0.00015232163,auto_accept,low_unc_low_risk
ISIC_0033313,nv,nv,2.6544503e-05,8.0016935e-07,auto_accept,low_unc_low_risk
ISIC_0028042,nv,nv,0.00072416925,4.0606345e-05,auto_accept,low_unc_low_risk
ISIC_0030834,nv,nv,0.0046764673,0.00024927245,auto_accept,low_unc_low_risk
ISIC_0028741,nv,nv,0.003914458,0.00029738806,auto_accept,low_unc_low_risk
ISIC_0029637,nv,nv,7.605966e-07,8.093639e-10,auto_accept,low_unc_low_risk
ISIC_0029996,nv,nv,1.7454464e-05,2.1039617e-07,auto_accept,low_unc_low_risk
ISIC_0030411,nv,nv,0.00839585,0.00041126568,auto_accept,low_unc_low_risk
ISIC_0025449,nv,nv,7.690004e-05,1.3279337e-06,auto_accept,low_unc_low_risk
ISIC_0031014,nv,nv,0.01588994,0.0050283666,auto_accept,low_unc_low_risk
ISIC_0033551,bcc,bcc,0.055522315,0.66203445,auto_accept,low_unc_low_risk
ISIC_0026812,nv,nv,6.600608e-08,9.692991e-10,auto_accept,low_unc_low_risk
ISIC_0028783,nv,nv,0.0014160986,1.4265519e-06,auto_accept,low_unc_low_risk
ISIC_0025255,nv,nv,0.071914874,0.004378766,auto_accept,low_unc_low_risk
ISIC_0026135,bkl,bkl,0.0829594,3.461877e-05,auto_accept,low_unc_low_risk
ISIC_0026250,nv,nv,0.00026611818,8.423379e-06,auto_accept,low_unc_low_risk
ISIC_0027055,nv,nv,0.00011932583,9.826027e-06,auto_accept,low_unc_low_risk
ISIC_0029350,nv,nv,0.012182286,1.438334e-05,auto_accept,low_unc_low_risk
ISIC_0024695,nv,nv,0.00023817596,8.40772e-06,auto_accept,low_unc_low_risk
ISIC_0032033,nv,nv,0.03133241,1.3652667e-05,auto_accept,low_unc_low_risk
ISIC_0030563,nv,nv,0.00593629,0.00037415605,auto_accept,low_unc_low_risk
ISIC_0030628,nv,nv,0.059434377,0.0048887935,auto_accept,low_unc_low_risk
ISIC_0029817,nv,nv,4.4413287e-06,2.3595224e-08,auto_accept,low_unc_low_risk
ISIC_0034272,nv,nv,0.00043406023,2.0243576e-06,auto_accept,low_unc_low_risk
ISIC_0024442,nv,nv,4.6905734e-06,4.4633133e-08,auto_accept,low_unc_low_risk
ISIC_0027881,nv,nv,0.0076471055,5.849284e-05,auto_accept,low_unc_low_risk
ISIC_0027301,nv,nv,0.10293601,0.015373632,auto_accept,low_unc_low_risk
ISIC_0028431,vasc,vasc,5.431367e-06,2.0713152e-07,auto_accept,low_unc_low_risk
ISIC_0025131,bkl,bkl,1.5792924e-07,8.325848e-09,auto_accept,low_unc_low_risk
ISIC_0029250,nv,nv,0.000101978956,1.9183076e-06,auto_accept,low_unc_low_risk
ISIC_0033032,nv,nv,0.00050422654,3.8890146e-05,auto_accept,low_unc_low_risk
ISIC_0032669,nv,nv,0.03058468,0.0054456196,auto_accept,low_unc_low_risk
ISIC_0024503,nv,nv,0.004439462,0.0010251441,auto_accept,low_unc_low_risk
ISIC_0030309,nv,nv,0.0014864565,3.3129643e-07,auto_accept,low_unc_low_risk
ISIC_0024433,nv,nv,0.008189009,0.00069288234,auto_accept,low_unc_low_risk
ISIC_0025569,nv,nv,0.016995618,0.00027730138,auto_accept,low_unc_low_risk
ISIC_0027395,nv,nv,0.0006896191,1.487607e-05,auto_accept,low_unc_low_risk
ISIC_0025729,nv,nv,0.12783599,0.0006811857,escalate,high_unc_low_risk
ISIC_0032948,nv,nv,0.023523996,0.001950536,auto_accept,low_unc_low_risk
ISIC_0033355,nv,nv,0.12144769,0.029705537,escalate,high_unc_low_risk
ISIC_0024983,nv,nv,0.00088283623,7.632342e-05,auto_accept,low_unc_low_risk
ISIC_0025552,nv,nv,0.00013897229,4.7415125e-07,auto_accept,low_unc_low_risk
ISIC_0030075,nv,nv,0.0018521602,0.00014667542,auto_accept,low_unc_low_risk
ISIC_0033760,nv,nv,0.106560074,0.019357098,auto_accept,low_unc_low_risk
ISIC_0026901,nv,nv,0.0066804895,0.00059669156,auto_accept,low_unc_low_risk
ISIC_0024911,mel,nv,0.07375853,0.011828857,auto_accept,low_unc_low_risk
ISIC_0030845,nv,nv,0.35758442,0.12400131,escalate,high_unc_low_risk
ISIC_0027765,nv,nv,8.0721176e-05,6.077798e-07,auto_accept,low_unc_low_risk
ISIC_0032293,nv,nv,0.0039446577,0.00031299668,auto_accept,low_unc_low_risk
ISIC_0031560,nv,nv,0.01999092,0.0022345579,auto_accept,low_unc_low_risk
ISIC_0025452,vasc,vasc,2.590911e-06,6.543168e-08,auto_accept,low_unc_low_risk
ISIC_0031690,nv,nv,0.0021939895,0.00010963062,auto_accept,low_unc_low_risk
ISIC_0025570,nv,nv,6.0979033e-05,4.1284457e-07,auto_accept,low_unc_low_risk
ISIC_0024598,nv,nv,8.838483e-05,9.590801e-07,auto_accept,low_unc_low_risk
ISIC_0025657,nv,nv,0.0044168886,0.00046518914,auto_accept,low_unc_low_risk
ISIC_0030705,bkl,bkl,0.005557098,7.4219923e-07,auto_accept,low_unc_low_risk
ISIC_0031466,nv,nv,0.0010057625,8.008357e-05,auto_accept,low_unc_low_risk
ISIC_0024718,nv,nv,0.004907484,9.50543e-05,auto_accept,low_unc_low_risk
ISIC_0031500,nv,nv,0.007965288,6.239423e-05,auto_accept,low_unc_low_risk
ISIC_0031725,nv,nv,0.03377973,0.0034788684,auto_accept,low_unc_low_risk
ISIC_0033759,nv,nv,7.37094e-06,2.7106685e-07,auto_accept,low_unc_low_risk
ISIC_0024776,nv,nv,0.001229762,2.4443274e-05,auto_accept,low_unc_low_risk
ISIC_0028446,nv,nv,0.00066561374,3.0395436e-06,auto_accept,low_unc_low_risk
ISIC_0028435,nv,nv,0.00089335826,4.592843e-05,auto_accept,low_unc_low_risk
ISIC_0028306,mel,nv,0.037127353,0.00947324,auto_accept,low_unc_low_risk
ISIC_0033625,nv,nv,0.0005082641,5.4652206e-05,auto_accept,low_unc_low_risk
ISIC_0025777,bkl,bkl,0.14590603,1.5737953e-05,escalate,high_unc_low_risk
ISIC_0024421,nv,nv,2.357988e-05,7.2817016e-08,auto_accept,low_unc_low_risk
ISIC_0026480,nv,nv,0.009207555,0.00032355153,auto_accept,low_unc_low_risk
ISIC_0031818,nv,nv,0.00089369895,2.674779e-06,auto_accept,low_unc_low_risk
ISIC_0027382,nv,nv,0.34573278,0.11638381,escalate,high_unc_low_risk
ISIC_0029322,nv,nv,0.0037255106,2.317736e-06,auto_accept,low_unc_low_risk
ISIC_0025071,nv,nv,0.0011857158,1.2986253e-06,auto_accept,low_unc_low_risk
ISIC_0028903,nv,nv,1.2405581e-05,1.266937e-06,auto_accept,low_unc_low_risk
ISIC_0025385,nv,nv,1.8616879e-06,8.862498e-09,auto_accept,low_unc_low_risk
ISIC_0030213,nv,nv,7.077505e-05,2.981564e-10,auto_accept,low_unc_low_risk
ISIC_0026891,nv,nv,0.0031851376,2.0845477e-05,auto_accept,low_unc_low_risk
ISIC_0027440,nv,nv,0.03879824,6.983527e-05,auto_accept,low_unc_low_risk
ISIC_0028428,nv,nv,0.00012942335,6.895399e-06,auto_accept,low_unc_low_risk
ISIC_0024912,nv,nv,2.2785542e-05,8.376631e-07,auto_accept,low_unc_low_risk
ISIC_0032520,nv,nv,0.022992069,4.0607352e-05,auto_accept,low_unc_low_risk
ISIC_0025556,nv,nv,0.0005946593,1.4522356e-05,auto_accept,low_unc_low_risk
ISIC_0030355,nv,nv,0.0074319504,0.0011095057,auto_accept,low_unc_low_risk
ISIC_0034258,nv,nv,0.0025580653,0.00043322882,auto_accept,low_unc_low_risk
ISIC_0028630,nv,nv,0.0010149541,7.8700505e-05,auto_accept,low_unc_low_risk
ISIC_0031524,nv,nv,0.060051378,0.00035772743,auto_accept,low_unc_low_risk
ISIC_0024649,nv,nv,0.0033242386,0.00035841664,auto_accept,low_unc_low_risk
ISIC_0030713,nv,nv,3.384427e-05,1.0576819e-06,auto_accept,low_unc_low_risk
ISIC_0031414,nv,nv,1.0549955e-05,3.3124147e-07,auto_accept,low_unc_low_risk
ISIC_0026404,nv,bkl,0.02500711,0.0010633387,auto_accept,low_unc_low_risk
ISIC_0031485,bkl,nv,0.15494399,0.0007815538,escalate,high_unc_low_risk
ISIC_0034121,nv,nv,0.15673159,0.018131245,escalate,high_unc_low_risk
ISIC_0026121,nv,nv,1.3245701e-05,2.0301891e-07,auto_accept,low_unc_low_risk
ISIC_0030513,nv,nv,0.00092655036,2.7336688e-05,auto_accept,low_unc_low_risk
ISIC_0024719,nv,nv,0.0006065887,4.508826e-05,auto_accept,low_unc_low_risk
ISIC_0031240,nv,nv,0.00091557903,4.787209e-05,auto_accept,low_unc_low_risk
ISIC_0025486,nv,nv,0.0007209328,3.691971e-05,auto_accept,low_unc_low_risk
ISIC_0025202,nv,nv,0.0006720489,4.702982e-06,auto_accept,low_unc_low_risk
ISIC_0030147,nv,nv,0.0003548574,3.6952201e-06,auto_accept,low_unc_low_risk
ISIC_0026217,nv,nv,0.0037330457,0.00036003703,auto_accept,low_unc_low_risk
ISIC_0031055,nv,nv,0.00021972915,5.7650545e-06,auto_accept,low_unc_low_risk
ISIC_0029015,nv,nv,2.0469197e-06,8.702112e-09,auto_accept,low_unc_low_risk
ISIC_0025287,nv,nv,0.009949505,0.0013065556,auto_accept,low_unc_low_risk
ISIC_0025161,nv,nv,0.0020283938,0.00023078074,auto_accept,low_unc_low_risk
ISIC_0030565,bkl,akiec,0.005669142,0.99905235,auto_accept,low_unc_low_risk
ISIC_0024990,nv,nv,0.00017452527,2.2555935e-06,auto_accept,low_unc_low_risk
ISIC_0032021,nv,nv,0.0023875337,0.00020948162,auto_accept,low_unc_low_risk
ISIC_0032942,nv,nv,0.021343198,0.002808999,auto_accept,low_unc_low_risk
ISIC_0030641,nv,nv,0.008635296,9.036245e-06,auto_accept,low_unc_low_risk
ISIC_0027697,nv,nv,0.015647938,0.00065480435,auto_accept,low_unc_low_risk
ISIC_0025607,nv,nv,0.00057264057,1.0106928e-05,auto_accept,low_unc_low_risk
ISIC_0029694,nv,nv,3.1774816e-05,1.3532028e-09,auto_accept,low_unc_low_risk
ISIC_0025169,nv,nv,0.009819763,8.83923e-05,auto_accept,low_unc_low_risk
ISIC_0027905,bkl,nv,0.119157284,0.00493365,auto_accept,low_unc_low_risk
ISIC_0028635,nv,nv,6.235465e-06,6.158344e-07,auto_accept,low_unc_low_risk
ISIC_0030015,df,df,0.000106870364,0.003076028,auto_accept,low_unc_low_risk
ISIC_0024368,nv,nv,5.183103e-07,1.1057171e-08,auto_accept,low_unc_low_risk
ISIC_0030985,nv,nv,3.6833993e-05,4.4414712e-08,auto_accept,low_unc_low_risk
ISIC_0026431,nv,nv,0.0001321669,4.498046e-06,auto_accept,low_unc_low_risk
ISIC_0025511,nv,nv,0.14703692,0.02455786,escalate,high_unc_low_risk
ISIC_0028914,nv,nv,0.020588806,2.770246e-06,auto_accept,low_unc_low_risk
ISIC_0024583,nv,nv,0.0005675439,1.4590086e-05,auto_accept,low_unc_low_risk
ISIC_0029458,nv,nv,0.00065715367,7.775428e-07,auto_accept,low_unc_low_risk
ISIC_0030994,nv,nv,0.009668327,0.0007063258,auto_accept,low_unc_low_risk
ISIC_0026659,nv,nv,0.022032551,6.288763e-06,auto_accept,low_unc_low_risk
ISIC_0027871,nv,nv,2.9525916e-05,1.0964618e-06,auto_accept,low_unc_low_risk
ISIC_0026292,nv,nv,6.3401435e-06,1.1921058e-07,auto_accept,low_unc_low_risk
ISIC_0028409,nv,nv,0.012334756,6.492593e-05,auto_accept,low_unc_low_risk
ISIC_0030917,nv,nv,0.007634443,0.00072296517,auto_accept,low_unc_low_risk
ISIC_0033505,bkl,bkl,0.0065149525,4.008135e-05,auto_accept,low_unc_low_risk
ISIC_0031137,nv,nv,0.0022898954,0.00012683858,auto_accept,low_unc_low_risk
ISIC_0025739,nv,nv,0.009261893,0.00021527491,auto_accept,low_unc_low_risk
ISIC_0028712,nv,nv,5.5394394e-05,7.103916e-07,auto_accept,low_unc_low_risk
ISIC_0028959,nv,nv,1.8676354e-07,7.6016893e-10,auto_accept,low_unc_low_risk
ISIC_0029804,nv,nv,0.0052260603,0.00031739168,auto_accept,low_unc_low_risk
ISIC_0025639,nv,nv,0.00035604235,4.8937595e-06,auto_accept,low_unc_low_risk
ISIC_0027805,nv,nv,4.3555414e-05,7.2914446e-08,auto_accept,low_unc_low_risk
ISIC_0032169,nv,nv,0.00070173224,1.706127e-05,auto_accept,low_unc_low_risk
ISIC_0033400,bkl,bkl,0.0040444317,0.00011931938,auto_accept,low_unc_low_risk
ISIC_0025560,nv,nv,7.135006e-07,1.6745223e-11,auto_accept,low_unc_low_risk
ISIC_0028137,nv,nv,0.0006986308,1.8513094e-06,auto_accept,low_unc_low_risk
ISIC_0032472,nv,nv,0.0013532856,8.6330474e-05,auto_accept,low_unc_low_risk
ISIC_0028006,nv,nv,0.0002546992,3.4891837e-05,auto_accept,low_unc_low_risk
ISIC_0027520,nv,nv,2.0915433e-05,3.9312198e-07,auto_accept,low_unc_low_risk
ISIC_0033016,nv,nv,0.2744136,0.0672715,escalate,high_unc_low_risk
ISIC_0029990,nv,nv,8.255553e-06,9.9796324e-08,auto_accept,low_unc_low_risk
ISIC_0027318,nv,nv,0.028738758,0.0010705256,auto_accept,low_unc_low_risk
ISIC_0030156,nv,nv,0.13743171,7.07058e-06,escalate,high_unc_low_risk
ISIC_0026169,nv,nv,7.983791e-05,2.5873044e-08,auto_accept,low_unc_low_risk
ISIC_0031715,nv,nv,0.0031547325,6.764894e-08,auto_accept,low_unc_low_risk
ISIC_0026808,nv,nv,8.5578125e-05,3.5602534e-06,auto_accept,low_unc_low_risk
ISIC_0028610,nv,nv,2.2454105e-05,1.7243687e-07,auto_accept,low_unc_low_risk
ISIC_0032576,bkl,bkl,0.12678945,0.08392766,escalate,high_unc_low_risk
ISIC_0031939,nv,nv,0.0020919617,7.9075653e-07,auto_accept,low_unc_low_risk
ISIC_0031546,nv,nv,2.4994371e-05,4.2578998e-07,auto_accept,low_unc_low_risk
ISIC_0024960,nv,nv,0.0043217214,3.4583856e-05,auto_accept,low_unc_low_risk
ISIC_0029828,nv,nv,0.043278128,0.0014855335,auto_accept,low_unc_low_risk
ISIC_0029482,nv,nv,0.00010561823,3.7854372e-07,auto_accept,low_unc_low_risk
ISIC_0026866,nv,nv,0.004552238,0.0005114298,auto_accept,low_unc_low_risk
ISIC_0032237,nv,nv,0.00016945016,5.178179e-06,auto_accept,low_unc_low_risk
ISIC_0030419,nv,nv,2.0191405e-06,3.2106676e-08,auto_accept,low_unc_low_risk
ISIC_0028791,nv,nv,0.0005851814,6.2651794e-05,auto_accept,low_unc_low_risk
ISIC_0031953,mel,nv,0.15304641,0.017345186,escalate,high_unc_low_risk
ISIC_0031723,nv,nv,3.7579255e-05,3.5476583e-07,auto_accept,low_unc_low_risk
ISIC_0025863,nv,nv,0.09737999,0.017591802,auto_accept,low_unc_low_risk
ISIC_0030667,nv,nv,0.0012138732,6.851828e-06,auto_accept,low_unc_low_risk
ISIC_0030716,nv,nv,0.00868694,0.0002470448,auto_accept,low_unc_low_risk
ISIC_0031696,nv,nv,0.00080800033,3.683882e-05,auto_accept,low_unc_low_risk
ISIC_0031837,nv,nv,0.07215148,0.0024240515,auto_accept,low_unc_low_risk
ISIC_0034083,nv,nv,0.00023279444,1.409689e-05,auto_accept,low_unc_low_risk
ISIC_0024408,bkl,bkl,3.323845e-05,2.2041724e-05,auto_accept,low_unc_low_risk
ISIC_0027897,nv,nv,0.0018629706,0.0003583239,auto_accept,low_unc_low_risk
ISIC_0025962,nv,nv,0.0002220513,2.9387086e-06,auto_accept,low_unc_low_risk
ISIC_0027942,nv,nv,0.0029020712,0.00013961186,auto_accept,low_unc_low_risk
ISIC_0024993,nv,nv,0.016451972,0.0013132042,auto_accept,low_unc_low_risk
ISIC_0025749,nv,nv,0.0010642305,8.712543e-09,auto_accept,low_unc_low_risk
ISIC_0027272,nv,nv,0.00013079325,1.4685378e-06,auto_accept,low_unc_low_risk
ISIC_0033717,mel,nv,0.38757074,0.1419708,escalate,high_unc_low_risk
ISIC_0027926,nv,nv,5.385347e-06,1.155757e-09,auto_accept,low_unc_low_risk
ISIC_0031283,nv,nv,8.335004e-06,2.5136498e-07,auto_accept,low_unc_low_risk
ISIC_0026664,mel,mel,0.23117198,0.9033,escalate,high_unc_low_risk
ISIC_0026699,nv,nv,0.035857458,0.004220663,auto_accept,low_unc_low_risk
ISIC_0034181,nv,nv,0.0003163509,1.0129469e-05,auto_accept,low_unc_low_risk
ISIC_0026685,nv,nv,9.628684e-06,6.3187073e-09,auto_accept,low_unc_low_risk
ISIC_0026039,nv,nv,0.0001689206,2.5704437e-06,auto_accept,low_unc_low_risk
ISIC_0031895,nv,nv,0.0067300643,0.00040673575,auto_accept,low_unc_low_risk
ISIC_0026318,nv,nv,0.0052938727,0.00034217697,auto_accept,low_unc_low_risk
ISIC_0026278,nv,nv,0.008456396,0.00024242137,auto_accept,low_unc_low_risk
ISIC_0031782,nv,nv,8.907723e-05,3.3813606e-06,auto_accept,low_unc_low_risk
ISIC_0026256,nv,nv,3.618599e-06,1.7218373e-08,auto_accept,low_unc_low_risk
ISIC_0028234,nv,nv,3.8780658e-05,2.4601236e-06,auto_accept,low_unc_low_risk
ISIC_0028263,nv,nv,1.371592e-05,2.1361163e-07,auto_accept,low_unc_low_risk
ISIC_0026617,nv,nv,0.0005038619,5.04636e-06,auto_accept,low_unc_low_risk
ISIC_0028770,nv,nv,0.0005250823,2.2926875e-05,auto_accept,low_unc_low_risk
ISIC_0030184,nv,nv,0.020948866,0.002863456,auto_accept,low_unc_low_risk
ISIC_0028775,nv,nv,0.027202474,1.8133635e-07,auto_accept,low_unc_low_risk
ISIC_0026540,nv,nv,0.026908988,0.0013983733,auto_accept,low_unc_low_risk
ISIC_0025773,nv,nv,0.0018667609,6.289214e-05,auto_accept,low_unc_low_risk
ISIC_0025804,bkl,nv,3.951999e-05,6.0934035e-08,auto_accept,low_unc_low_risk
ISIC_0028845,nv,nv,0.008671753,0.0007134832,auto_accept,low_unc_low_risk
ISIC_0027521,nv,nv,1.4201163e-06,3.1744032e-10,auto_accept,low_unc_low_risk
ISIC_0032541,nv,nv,0.30168226,0.07231749,escalate,high_unc_low_risk
ISIC_0032193,nv,nv,0.0025665218,0.00017639258,auto_accept,low_unc_low_risk
ISIC_0031042,nv,mel,0.66778004,0.52950025,escalate,high_unc_low_risk
ISIC_0030121,nv,nv,0.07409121,0.016968368,auto_accept,low_unc_low_risk
ISIC_0024769,nv,nv,1.2293012e-05,3.3070737e-08,auto_accept,low_unc_low_risk
ISIC_0030517,nv,nv,1.453353e-05,1.75181e-08,auto_accept,low_unc_low_risk
ISIC_0026536,nv,nv,5.3350286e-06,7.129647e-08,auto_accept,low_unc_low_risk
ISIC_0024650,nv,nv,1.7185225e-06,1.1728436e-08,auto_accept,low_unc_low_risk
ISIC_0030514,bcc,akiec,0.8045509,0.9769314,escalate,high_unc_low_risk
ISIC_0033126,nv,nv,0.00020785084,2.891673e-05,auto_accept,low_unc_low_risk
ISIC_0028798,nv,nv,0.0004479313,1.4197348e-05,auto_accept,low_unc_low_risk
ISIC_0026486,nv,nv,0.024989216,0.0023471084,auto_accept,low_unc_low_risk
ISIC_0030850,nv,nv,0.00017074814,1.1565029e-08,auto_accept,low_unc_low_risk
ISIC_0034234,nv,nv,4.672931e-05,1.5750061e-06,auto_accept,low_unc_low_risk
ISIC_0030518,nv,nv,2.2455399e-05,5.001988e-07,auto_accept,low_unc_low_risk
ISIC_0026372,nv,nv,1.5468537e-05,4.8761785e-07,auto_accept,low_unc_low_risk
ISIC_0031155,nv,nv,0.01889487,0.0040134904,auto_accept,low_unc_low_risk
ISIC_0032496,nv,nv,0.015424766,0.0020316646,auto_accept,low_unc_low_risk
ISIC_0025841,nv,nv,0.0008943184,3.0200918e-06,auto_accept,low_unc_low_risk
ISIC_0028975,nv,nv,0.0044208,4.8403126e-05,auto_accept,low_unc_low_risk
ISIC_0030424,nv,nv,0.0007309868,2.0028876e-05,auto_accept,low_unc_low_risk
ISIC_0028788,nv,nv,2.5745094e-06,5.6051725e-08,auto_accept,low_unc_low_risk
ISIC_0031371,nv,nv,0.0010899944,7.138564e-05,auto_accept,low_unc_low_risk
ISIC_0025740,nv,nv,1.7479957e-07,4.0427386e-09,auto_accept,low_unc_low_risk
ISIC_0032417,bkl,bkl,0.000483484,3.8572057e-06,auto_accept,low_unc_low_risk
ISIC_0029288,bkl,bkl,0.0039294944,0.000526517,auto_accept,low_unc_low_risk
ISIC_0030181,bcc,bcc,0.003938031,0.99954236,auto_accept,low_unc_low_risk
ISIC_0031079,nv,nv,0.0001614895,1.0279588e-05,auto_accept,low_unc_low_risk
ISIC_0027009,nv,nv,0.0033081088,0.0005131747,auto_accept,low_unc_low_risk
ISIC_0030373,nv,nv,0.030365506,1.6240908e-06,auto_accept,low_unc_low_risk
ISIC_0026358,nv,nv,0.2979444,0.035006765,escalate,high_unc_low_risk
ISIC_0025054,nv,nv,0.00035549075,0.00011604276,auto_accept,low_unc_low_risk
ISIC_0027661,nv,nv,8.838745e-05,1.6144978e-06,auto_accept,low_unc_low_risk
ISIC_0025282,nv,nv,2.0845207e-05,3.7853263e-09,auto_accept,low_unc_low_risk
ISIC_0024880,bkl,bkl,0.0013116812,3.9355376e-07,auto_accept,low_unc_low_risk
ISIC_0030127,nv,nv,2.7877428e-05,1.3219444e-06,auto_accept,low_unc_low_risk
ISIC_0029693,nv,nv,0.0024852613,0.0003002125,auto_accept,low_unc_low_risk
ISIC_0032211,nv,nv,0.21772857,7.589817e-05,escalate,high_unc_low_risk
ISIC_0034170,mel,mel,0.0011569671,0.99990857,auto_accept,low_unc_low_risk
ISIC_0025706,nv,nv,0.00015631276,3.7761235e-06,auto_accept,low_unc_low_risk
ISIC_0026086,mel,mel,0.05810625,0.9971855,auto_accept,low_unc_low_risk
ISIC_0030523,nv,nv,2.040903e-05,3.1109306e-07,auto_accept,low_unc_low_risk
ISIC_0024724,nv,nv,0.0002787251,4.0795137e-05,auto_accept,low_unc_low_risk
ISIC_0025723,nv,nv,0.0012964766,5.364223e-05,auto_accept,low_unc_low_risk
ISIC_0026543,nv,nv,0.0016849701,2.2351065e-05,auto_accept,low_unc_low_risk
ISIC_0034301,nv,nv,0.1394462,0.027404297,escalate,high_unc_low_risk
ISIC_0028406,vasc,vasc,2.07497e-05,2.5250772e-06,auto_accept,low_unc_low_risk
ISIC_0027028,nv,nv,0.0002726147,2.556358e-06,auto_accept,low_unc_low_risk
ISIC_0030357,nv,nv,0.00030763278,1.2986378e-05,auto_accept,low_unc_low_risk
ISIC_0030997,nv,nv,7.270812e-05,5.461112e-07,auto_accept,low_unc_low_risk
ISIC_0031251,nv,nv,0.0006457754,7.1242885e-06,auto_accept,low_unc_low_risk
ISIC_0033565,vasc,vasc,3.3568716e-07,9.875204e-07,auto_accept,low_unc_low_risk
ISIC_0030112,nv,nv,0.000149454,1.4740393e-06,auto_accept,low_unc_low_risk
ISIC_0025395,nv,nv,0.0005635193,2.907246e-05,auto_accept,low_unc_low_risk
ISIC_0027096,nv,nv,0.0023219672,0.00033850662,auto_accept,low_unc_low_risk
ISIC_0026238,nv,nv,0.001984345,3.2003613e-06,auto_accept,low_unc_low_risk
ISIC_0027081,nv,nv,0.0023709645,6.609241e-05,auto_accept,low_unc_low_risk
ISIC_0031693,nv,nv,0.006815514,0.00023201623,auto_accept,low_unc_low_risk
ISIC_0026181,nv,nv,5.023784e-05,5.279994e-07,auto_accept,low_unc_low_risk
ISIC_0028867,nv,nv,0.05860764,0.006246046,auto_accept,low_unc_low_risk
ISIC_0031084,nv,nv,0.00032053667,1.6274571e-05,auto_accept,low_unc_low_risk
ISIC_0030853,nv,nv,0.00054918154,5.703831e-07,auto_accept,low_unc_low_risk
ISIC_0030062,nv,nv,1.2094276e-05,1.1477519e-07,auto_accept,low_unc_low_risk
ISIC_0030671,nv,nv,0.00010972664,1.4276364e-07,auto_accept,low_unc_low_risk
ISIC_0028067,nv,nv,0.55178046,0.09109944,escalate,high_unc_low_risk
ISIC_0034225,nv,nv,0.0040796655,0.00038494953,auto_accept,low_unc_low_risk
ISIC_0025429,nv,nv,6.0015045e-05,2.2996226e-06,auto_accept,low_unc_low_risk
ISIC_0032089,nv,nv,0.00014816296,2.997887e-06,auto_accept,low_unc_low_risk
ISIC_0030884,nv,nv,2.7049284e-06,6.500179e-08,auto_accept,low_unc_low_risk
ISIC_0029711,nv,nv,0.00014319166,5.3433455e-06,auto_accept,low_unc_low_risk
ISIC_0029400,nv,nv,0.0029996145,2.9379937e-05,auto_accept,low_unc_low_risk
ISIC_0029234,nv,nv,6.6102935e-08,4.3166157e-10,auto_accept,low_unc_low_risk
ISIC_0031647,nv,nv,0.00026704144,8.164181e-06,auto_accept,low_unc_low_risk
ISIC_0024748,bkl,nv,0.0019372696,7.1521245e-06,auto_accept,low_unc_low_risk
ISIC_0028794,nv,nv,2.396381e-05,4.7339265e-07,auto_accept,low_unc_low_risk
ISIC_0032134,mel,mel,0.013884265,0.9940645,auto_accept,low_unc_low_risk
ISIC_0024387,nv,nv,0.0005066596,5.1593233e-05,auto_accept,low_unc_low_risk
ISIC_0028949,nv,nv,7.081181e-07,8.1745e-10,auto_accept,low_unc_low_risk
ISIC_0028072,nv,nv,0.0042198338,4.152053e-05,auto_accept,low_unc_low_risk
ISIC_0029356,nv,nv,0.008918183,0.00032346701,auto_accept,low_unc_low_risk
ISIC_0026451,nv,nv,2.2057015e-05,2.0261923e-06,auto_accept,low_unc_low_risk
ISIC_0027374,bkl,bkl,0.050992895,6.4785822e-06,auto_accept,low_unc_low_risk
ISIC_0026438,mel,nv,0.06459076,0.00980733,auto_accept,low_unc_low_risk
ISIC_0028863,nv,nv,0.00023151029,8.5435795e-07,auto_accept,low_unc_low_risk
ISIC_0028083,nv,nv,0.009850411,1.2774776e-09,auto_accept,low_unc_low_risk
ISIC_0033723,nv,nv,0.00036896433,2.6064687e-05,auto_accept,low_unc_low_risk
ISIC_0027057,bcc,bcc,0.00064427464,0.9999734,escalate,low_unc_high_risk
ISIC_0027019,nv,nv,0.018136619,0.0010754322,auto_accept,low_unc_low_risk
ISIC_0030474,nv,nv,0.00029825556,4.2127948e-07,auto_accept,low_unc_low_risk
ISIC_0027762,nv,nv,1.6940976e-07,2.9115643e-09,auto_accept,low_unc_low_risk
ISIC_0026161,nv,nv,0.00041507094,7.5716357e-06,auto_accept,low_unc_low_risk
ISIC_0029896,nv,nv,0.012105654,0.0011427304,auto_accept,low_unc_low_risk
ISIC_0030368,nv,nv,4.7102077e-07,4.7940762e-11,auto_accept,low_unc_low_risk
ISIC_0027191,nv,nv,0.00012261063,5.122878e-07,auto_accept,low_unc_low_risk
ISIC_0026322,nv,nv,0.0040544574,3.8734135e-05,auto_accept,low_unc_low_risk
ISIC_0028492,nv,nv,7.872168e-08,9.60099e-10,auto_accept,low_unc_low_risk
ISIC_0024887,nv,nv,2.3523406e-05,4.1912637e-07,auto_accept,low_unc_low_risk
ISIC_0027981,nv,nv,1.33643625e-05,9.324902e-08,auto_accept,low_unc_low_risk
ISIC_0027910,nv,nv,0.0033215757,3.389709e-05,auto_accept,low_unc_low_risk
ISIC_0030788,nv,nv,0.002224004,4.0082534e-05,auto_accept,low_unc_low_risk
ISIC_0032386,nv,nv,9.107436e-05,5.6709354e-07,auto_accept,low_unc_low_risk
ISIC_0025061,nv,nv,0.030665627,0.00027191336,auto_accept,low_unc_low_risk
ISIC_0028248,nv,nv,1.7071721e-06,1.1476238e-07,auto_accept,low_unc_low_risk
ISIC_0025445,nv,nv,0.0023011572,0.00016313134,auto_accept,low_unc_low_risk
ISIC_0028919,nv,nv,4.2312703e-07,7.969678e-10,auto_accept,low_unc_low_risk
ISIC_0025631,nv,nv,1.5389214e-05,1.0021212e-06,auto_accept,low_unc_low_risk
ISIC_0026302,nv,nv,0.0010175616,9.311044e-06,auto_accept,low_unc_low_risk
ISIC_0025294,nv,nv,0.000522669,4.194345e-06,auto_accept,low_unc_low_risk
ISIC_0024388,nv,nv,0.0029312642,6.3883804e-06,auto_accept,low_unc_low_risk
ISIC_0025227,nv,nv,0.0037814013,0.00028349308,auto_accept,low_unc_low_risk
ISIC_0029646,nv,nv,0.0010851466,4.3727032e-05,auto_accept,low_unc_low_risk
ISIC_0034042,nv,nv,0.09456264,0.021820322,auto_accept,low_unc_low_risk
ISIC_0025929,nv,nv,6.725269e-05,2.218382e-06,auto_accept,low_unc_low_risk
ISIC_0027673,mel,mel,0.016427055,0.99232155,auto_accept,low_unc_low_risk
ISIC_0030102,nv,nv,0.006507354,0.0004808105,auto_accept,low_unc_low_risk
ISIC_0033293,nv,nv,0.016015574,0.0014363726,auto_accept,low_unc_low_risk
ISIC_0025093,nv,nv,0.00020122576,7.837997e-06,auto_accept,low_unc_low_risk
ISIC_0032097,nv,nv,0.0013228735,9.009514e-05,auto_accept,low_unc_low_risk
ISIC_0025116,nv,nv,5.224838e-05,4.9523675e-07,auto_accept,low_unc_low_risk
ISIC_0032004,nv,nv,0.00016596113,3.695689e-06,auto_accept,low_unc_low_risk
ISIC_0033756,nv,nv,0.003780647,0.0005151527,auto_accept,low_unc_low_risk
ISIC_0026487,nv,nv,0.0005043226,3.7728583e-05,auto_accept,low_unc_low_risk
ISIC_0033185,bkl,bkl,0.0062173638,0.003471804,auto_accept,low_unc_low_risk
ISIC_0025581,nv,nv,8.469162e-08,4.75901e-11,auto_accept,low_unc_low_risk
ISIC_0026482,nv,nv,0.0012654318,0.00011044843,auto_accept,low_unc_low_risk
ISIC_0025756,nv,nv,9.681783e-08,5.2879936e-09,auto_accept,low_unc_low_risk
ISIC_0028471,nv,nv,0.00016092064,2.6729243e-08,auto_accept,low_unc_low_risk
ISIC_0030399,nv,nv,0.034054913,0.0009895797,auto_accept,low_unc_low_risk
ISIC_0030624,nv,nv,2.2670722e-06,8.889912e-08,auto_accept,low_unc_low_risk
ISIC_0030643,nv,nv,4.753066e-06,3.849459e-08,auto_accept,low_unc_low_risk
ISIC_0024307,nv,nv,0.0038865956,0.00040175876,auto_accept,low_unc_low_risk
ISIC_0032571,nv,nv,0.06964172,0.0005381072,auto_accept,low_unc_low_risk
ISIC_0029334,nv,nv,0.0024416924,4.225431e-05,auto_accept,low_unc_low_risk
ISIC_0029797,nv,nv,6.16332e-07,7.884336e-12,auto_accept,low_unc_low_risk
ISIC_0032388,nv,nv,0.0076546897,0.00014656901,auto_accept,low_unc_low_risk
ISIC_0029579,nv,nv,0.00023089137,8.157722e-06,auto_accept,low_unc_low_risk
ISIC_0030567,nv,nv,0.016338825,0.0006481277,auto_accept,low_unc_low_risk
ISIC_0027887,nv,nv,0.0009439802,1.4861465e-05,auto_accept,low_unc_low_risk
ISIC_0030581,nv,nv,0.0011348424,0.00019952927,auto_accept,low_unc_low_risk
ISIC_0025736,nv,nv,0.0011188012,3.398503e-05,auto_accept,low_unc_low_risk
ISIC_0024860,nv,nv,0.00015892745,4.3882864e-07,auto_accept,low_unc_low_risk
ISIC_0031826,nv,nv,8.556951e-05,2.9159453e-06,auto_accept,low_unc_low_risk
ISIC_0025146,nv,nv,0.0063116285,0.00025607282,auto_accept,low_unc_low_risk
ISIC_0027446,nv,nv,0.0001593493,1.206697e-05,auto_accept,low_unc_low_risk
ISIC_0028862,nv,nv,0.0027116495,0.00011034338,auto_accept,low_unc_low_risk
ISIC_0028084,bcc,bcc,0.013882171,0.99979,auto_accept,low_unc_low_risk
ISIC_0025343,nv,nv,0.0021243095,8.659935e-05,auto_accept,low_unc_low_risk
ISIC_0033981,mel,mel,0.0024773746,0.9996443,auto_accept,low_unc_low_risk
ISIC_0025698,nv,nv,3.905501e-06,8.0663526e-08,auto_accept,low_unc_low_risk
ISIC_0030852,nv,nv,0.0019358394,2.0845e-05,auto_accept,low_unc_low_risk
ISIC_0028468,nv,nv,0.09528544,0.0030016133,auto_accept,low_unc_low_risk
ISIC_0024591,nv,nv,1.7107034e-06,1.8291983e-08,auto_accept,low_unc_low_risk
ISIC_0032979,nv,nv,0.024917612,1.6953623e-05,auto_accept,low_unc_low_risk
ISIC_0026450,nv,nv,0.00056601263,9.204553e-07,auto_accept,low_unc_low_risk
ISIC_0028356,nv,nv,0.0012987349,4.0586406e-06,auto_accept,low_unc_low_risk
ISIC_0032106,nv,nv,0.00019245203,1.5279464e-06,auto_accept,low_unc_low_risk
ISIC_0029461,nv,nv,0.004218924,0.0007609701,auto_accept,low_unc_low_risk
ISIC_0025538,nv,nv,0.00015822328,3.486182e-06,auto_accept,low_unc_low_risk
ISIC_0029852,nv,nv,0.00083676237,5.7576162e-05,auto_accept,low_unc_low_risk
ISIC_0032676,nv,nv,0.03907075,0.0008352327,auto_accept,low_unc_low_risk
ISIC_0025908,nv,nv,0.0005070987,5.1505735e-06,auto_accept,low_unc_low_risk
ISIC_0030498,nv,nv,0.00096138776,4.8742628e-08,auto_accept,low_unc_low_risk
ISIC_0027516,nv,nv,0.00014450972,2.6488988e-07,auto_accept,low_unc_low_risk
ISIC_0030327,nv,nv,0.00064708706,1.1876957e-05,auto_accept,low_unc_low_risk
ISIC_0028911,nv,nv,1.6939466e-05,2.9862568e-07,auto_accept,low_unc_low_risk
ISIC_0027165,nv,nv,0.0033063656,0.00023341965,auto_accept,low_unc_low_risk
ISIC_0028416,nv,nv,0.00088748796,1.2684711e-06,auto_accept,low_unc_low_risk
ISIC_0026695,nv,nv,0.00036345824,1.4381475e-05,auto_accept,low_unc_low_risk
ISIC_0024765,nv,nv,9.097573e-05,3.132209e-06,auto_accept,low_unc_low_risk
ISIC_0033875,nv,nv,0.03312007,0.0070143915,auto_accept,low_unc_low_risk
ISIC_0028015,nv,nv,0.02637455,0.0003273892,auto_accept,low_unc_low_risk
ISIC_0024844,nv,nv,2.1960113e-06,4.7684554e-09,auto_accept,low_unc_low_risk
ISIC_0026026,nv,nv,1.2695136e-06,1.4197093e-08,auto_accept,low_unc_low_risk
ISIC_0029465,nv,nv,0.008641926,0.0010724907,auto_accept,low_unc_low_risk
ISIC_0031387,nv,nv,1.741974e-05,1.1178741e-06,auto_accept,low_unc_low_risk
ISIC_0031202,nv,nv,0.009506467,0.0014302232,auto_accept,low_unc_low_risk
ISIC_0029842,nv,nv,0.011734617,0.0004682725,auto_accept,low_unc_low_risk
ISIC_0024815,nv,nv,0.009596365,4.4566474e-05,auto_accept,low_unc_low_risk
ISIC_0028723,nv,nv,5.16846e-07,2.538699e-08,auto_accept,low_unc_low_risk
ISIC_0030751,nv,nv,0.00028341002,3.476925e-06,auto_accept,low_unc_low_risk
ISIC_0026145,nv,nv,0.0010913088,2.4413826e-05,auto_accept,low_unc_low_risk
ISIC_0028397,nv,nv,0.008355272,5.131531e-06,auto_accept,low_unc_low_risk
ISIC_0025192,nv,nv,0.00014614608,2.0256089e-06,auto_accept,low_unc_low_risk
ISIC_0026307,nv,nv,1.381551e-08,3.8274852e-13,auto_accept,low_unc_low_risk
ISIC_0027465,nv,nv,0.0034716902,1.7862783e-06,auto_accept,low_unc_low_risk
ISIC_0024393,nv,nv,0.0010120748,6.786335e-06,auto_accept,low_unc_low_risk
ISIC_0031643,bcc,bcc,4.2067048e-05,0.99999774,escalate,low_unc_high_risk
ISIC_0026375,nv,nv,1.381551e-08,2.3958415e-13,auto_accept,low_unc_low_risk
ISIC_0034251,nv,nv,0.50470173,0.0010237157,escalate,high_unc_low_risk
ISIC_0033389,nv,nv,0.09527033,0.005063939,auto_accept,low_unc_low_risk
ISIC_0025583,bkl,bkl,0.02940987,0.0031230578,auto_accept,low_unc_low_risk
ISIC_0033340,nv,nv,0.012117651,0.0014721468,auto_accept,low_unc_low_risk
ISIC_0028918,nv,nv,0.0010462817,0.00012739167,auto_accept,low_unc_low_risk
ISIC_0032663,nv,nv,0.055598963,0.01200251,auto_accept,low_unc_low_risk
ISIC_0028906,nv,nv,6.8375084e-07,2.1598943e-08,auto_accept,low_unc_low_risk
ISIC_0024736,nv,nv,0.00026997764,4.444354e-06,auto_accept,low_unc_low_risk
ISIC_0029257,nv,nv,0.00027224736,1.5873022e-05,auto_accept,low_unc_low_risk
ISIC_0028912,nv,nv,0.0061228764,0.00036184612,auto_accept,low_unc_low_risk
ISIC_0028568,bcc,bcc,0.030827608,0.9975656,auto_accept,low_unc_low_risk
ISIC_0034018,nv,nv,0.0013866466,7.972261e-06,auto_accept,low_unc_low_risk
ISIC_0026483,nv,nv,8.379248e-06,2.5624058e-07,auto_accept,low_unc_low_risk
ISIC_0027432,nv,nv,0.000162087,1.1103138e-05,auto_accept,low_unc_low_risk
ISIC_0031116,nv,nv,2.6953736e-05,2.2426473e-08,auto_accept,low_unc_low_risk
ISIC_0026916,mel,mel,0.0023278825,0.99901867,auto_accept,low_unc_low_risk
ISIC_0034274,nv,nv,5.8293648e-05,2.8504926e-06,auto_accept,low_unc_low_risk
ISIC_0024859,nv,nv,0.019054735,0.00025917232,auto_accept,low_unc_low_risk
ISIC_0032231,nv,nv,9.1950176e-05,1.0271602e-06,auto_accept,low_unc_low_risk
ISIC_0031775,nv,nv,3.7301038e-06,1.9481595e-08,auto_accept,low_unc_low_risk
ISIC_0026921,nv,nv,0.0076735895,0.00036217135,auto_accept,low_unc_low_risk
ISIC_0033059,nv,nv,0.0007480102,4.9198577e-05,auto_accept,low_unc_low_risk
ISIC_0030904,nv,nv,5.4018624e-06,3.8923844e-08,auto_accept,low_unc_low_risk
ISIC_0025463,nv,nv,0.11061261,0.027764406,auto_accept,low_unc_low_risk
ISIC_0031347,nv,nv,1.6545215e-05,6.951402e-07,auto_accept,low_unc_low_risk
ISIC_0032856,mel,mel,0.026576528,0.9921963,auto_accept,low_unc_low_risk
ISIC_0027029,nv,nv,0.0042215544,1.19548895e-05,auto_accept,low_unc_low_risk
ISIC_0028889,nv,nv,0.008786089,2.2584698e-05,auto_accept,low_unc_low_risk
ISIC_0029773,nv,nv,0.02661211,0.0017780336,auto_accept,low_unc_low_risk
ISIC_0030481,nv,nv,1.6157154e-06,4.0142954e-08,auto_accept,low_unc_low_risk
ISIC_0028966,nv,nv,0.027680032,0.0027538363,auto_accept,low_unc_low_risk
ISIC_0024504,bcc,bcc,0.0035068174,0.999311,auto_accept,low_unc_low_risk
ISIC_0029184,nv,nv,0.0010909908,1.715968e-05,auto_accept,low_unc_low_risk
ISIC_0027862,nv,nv,0.015329546,0.000106214844,auto_accept,low_unc_low_risk
ISIC_0029408,nv,nv,4.0748164e-05,6.027314e-07,auto_accept,low_unc_low_risk
ISIC_0024600,nv,nv,6.7585074e-07,3.7837022e-09,auto_accept,low_unc_low_risk
ISIC_0033010,nv,nv,0.0013331721,0.00011045012,auto_accept,low_unc_low_risk
ISIC_0030109,nv,nv,0.006978653,0.0004073655,auto_accept,low_unc_low_risk
ISIC_0027948,nv,nv,0.12315424,0.028142892,escalate,high_unc_low_risk
ISIC_0026272,nv,nv,2.2433994e-07,7.9931874e-09,auto_accept,low_unc_low_risk
ISIC_0029506,nv,nv,0.002235473,1.3225043e-06,auto_accept,low_unc_low_risk
ISIC_0026002,nv,nv,0.00013015924,1.846151e-07,auto_accept,low_unc_low_risk
ISIC_0032595,nv,nv,0.018542726,0.0031917547,auto_accept,low_unc_low_risk
ISIC_0027399,nv,nv,3.7420225e-05,3.3801697e-07,auto_accept,low_unc_low_risk
ISIC_0028267,nv,nv,0.00012688525,3.7160103e-06,auto_accept,low_unc_low_risk
ISIC_0026624,nv,nv,8.606744e-06,8.8526356e-08,auto_accept,low_unc_low_risk
ISIC_0032155,nv,nv,6.5623085e-06,1.3903767e-07,auto_accept,low_unc_low_risk
ISIC_0028062,nv,nv,0.00013671003,1.4516087e-06,auto_accept,low_unc_low_risk
ISIC_0032659,nv,nv,0.00019573241,9.672048e-06,auto_accept,low_unc_low_risk
ISIC_0024801,nv,nv,0.00011715837,1.0589334e-08,auto_accept,low_unc_low_risk
ISIC_0026133,nv,nv,0.012338941,0.00021707472,auto_accept,low_unc_low_risk
ISIC_0025997,nv,nv,1.1510224e-05,3.5009233e-08,auto_accept,low_unc_low_risk
ISIC_0032680,nv,nv,0.053676195,0.00023229292,auto_accept,low_unc_low_risk
ISIC_0029908,nv,nv,0.00017867463,1.2532353e-06,auto_accept,low_unc_low_risk
ISIC_0025670,nv,nv,0.00027808634,1.562335e-06,auto_accept,low_unc_low_risk
ISIC_0030009,nv,nv,0.0016483043,1.1053544e-06,auto_accept,low_unc_low_risk
ISIC_0026010,nv,nv,0.00074700837,1.3028382e-05,auto_accept,low_unc_low_risk
ISIC_0027824,nv,nv,6.15839e-07,1.9802865e-10,auto_accept,low_unc_low_risk
ISIC_0027288,nv,nv,2.0273988e-06,1.6531514e-08,auto_accept,low_unc_low_risk
ISIC_0027112,nv,nv,0.11944409,0.0002921545,auto_accept,low_unc_low_risk
ISIC_0026400,nv,nv,0.013488069,0.0018403594,auto_accept,low_unc_low_risk
ISIC_0030482,nv,nv,1.5718244e-06,7.8443996e-10,auto_accept,low_unc_low_risk
ISIC_0026184,nv,nv,5.4557477e-06,5.115318e-09,auto_accept,low_unc_low_risk
ISIC_0029038,nv,nv,6.071968e-06,1.6997717e-07,auto_accept,low_unc_low_risk
ISIC_0029293,nv,nv,1.4522003e-06,1.0232709e-08,auto_accept,low_unc_low_risk
ISIC_0029629,nv,nv,7.516522e-05,2.9124166e-07,auto_accept,low_unc_low_risk
ISIC_0024377,nv,nv,0.04373437,0.006678955,auto_accept,low_unc_low_risk
ISIC_0027076,mel,nv,0.36435357,0.0068543153,escalate,high_unc_low_risk
ISIC_0030571,nv,nv,0.001305348,3.363648e-05,auto_accept,low_unc_low_risk
ISIC_0029807,nv,nv,0.3110653,0.07267509,escalate,high_unc_low_risk
ISIC_0025798,nv,nv,0.07485866,0.0034278932,auto_accept,low_unc_low_risk
ISIC_0027022,nv,nv,1.87375e-05,7.647826e-07,auto_accept,low_unc_low_risk
ISIC_0029336,nv,nv,8.816237e-05,3.9224344e-07,auto_accept,low_unc_low_risk
ISIC_0029256,nv,nv,6.9109146e-06,1.4880236e-07,auto_accept,low_unc_low_risk
ISIC_0027745,df,df,2.314019e-05,6.1318775e-07,auto_accept,low_unc_low_risk
ISIC_0028018,nv,nv,7.548779e-06,1.12480656e-07,auto_accept,low_unc_low_risk
ISIC_0024479,nv,nv,0.08376529,0.019925032,auto_accept,low_unc_low_risk
ISIC_0028832,nv,nv,0.00013125842,2.4064773e-08,auto_accept,low_unc_low_risk
ISIC_0027740,nv,nv,1.3064084e-05,8.6092356e-08,auto_accept,low_unc_low_risk
ISIC_0033308,nv,nv,7.816504e-05,1.5260824e-06,auto_accept,low_unc_low_risk
ISIC_0028281,nv,nv,6.869642e-05,4.7142072e-07,auto_accept,low_unc_low_risk
ISIC_0024922,nv,nv,0.023583077,0.0021378347,auto_accept,low_unc_low_risk
ISIC_0025271,nv,nv,0.017457144,0.0014955343,auto_accept,low_unc_low_risk
ISIC_0031049,nv,nv,3.388863e-05,1.0197734e-06,auto_accept,low_unc_low_risk
ISIC_0024578,nv,nv,0.021323571,5.1568735e-05,auto_accept,low_unc_low_risk
ISIC_0024521,nv,nv,0.009458545,6.143382e-05,auto_accept,low_unc_low_risk
ISIC_0028328,nv,nv,0.00031880522,2.7815524e-06,auto_accept,low_unc_low_risk
ISIC_0026681,nv,nv,0.007083698,0.0006593686,auto_accept,low_unc_low_risk
ISIC_0025850,nv,nv,0.08342112,0.016487349,auto_accept,low_unc_low_risk
ISIC_0026928,nv,nv,0.00012172668,1.2213869e-06,auto_accept,low_unc_low_risk
ISIC_0027378,nv,nv,0.0031710386,0.00011745394,auto_accept,low_unc_low_risk
ISIC_0033467,nv,nv,0.052357893,0.0056573357,auto_accept,low_unc_low_risk
ISIC_0033374,nv,nv,0.00024668148,2.3582397e-05,auto_accept,low_unc_low_risk
ISIC_0029048,bkl,bkl,0.00137205,2.5999966e-06,auto_accept,low_unc_low_risk
ISIC_0029338,nv,nv,0.000509122,5.908447e-06,auto_accept,low_unc_low_risk
ISIC_0034201,bkl,bkl,0.0030418523,0.00012317923,auto_accept,low_unc_low_risk
ISIC_0024895,nv,nv,0.0005170259,1.5677673e-05,auto_accept,low_unc_low_risk
ISIC_0024810,nv,nv,2.1791951e-05,8.2299186e-07,auto_accept,low_unc_low_risk
ISIC_0028424,nv,nv,1.1470699e-05,3.5434546e-08,auto_accept,low_unc_low_risk
ISIC_0030469,nv,nv,0.023183888,0.0005939354,auto_accept,low_unc_low_risk
ISIC_0032093,nv,nv,3.184905e-05,1.1353936e-06,auto_accept,low_unc_low_risk
ISIC_0025451,mel,nv,0.026446186,0.0043029883,auto_accept,low_unc_low_risk
ISIC_0025872,nv,nv,1.8022755e-06,6.012081e-09,auto_accept,low_unc_low_risk
ISIC_0032590,nv,nv,0.0015522118,0.0003496934,auto_accept,low_unc_low_risk
ISIC_0026919,nv,nv,0.0040595722,6.36173e-05,auto_accept,low_unc_low_risk
ISIC_0029174,nv,vasc,0.0068057296,2.1025884e-05,auto_accept,low_unc_low_risk
ISIC_0030477,nv,nv,6.041986e-05,3.0497697e-06,auto_accept,low_unc_low_risk
ISIC_0025181,nv,nv,0.18070012,0.036708716,escalate,high_unc_low_risk
ISIC_0025239,nv,mel,0.0054352526,0.99790925,auto_accept,low_unc_low_risk
ISIC_0033472,nv,nv,0.0032803114,6.112795e-05,auto_accept,low_unc_low_risk
ISIC_0034162,mel,mel,0.006017748,0.99858415,auto_accept,low_unc_low_risk
ISIC_0033035,nv,nv,0.00080944004,4.22776e-05,auto_accept,low_unc_low_risk
ISIC_0025359,nv,nv,0.00019532477,7.321238e-07,auto_accept,low_unc_low_risk
ISIC_0030983,nv,nv,1.381551e-08,1.4330502e-13,auto_accept,low_unc_low_risk
ISIC_0032672,mel,mel,0.014909787,0.9956559,auto_accept,low_unc_low_risk
ISIC_0033574,nv,nv,0.04621598,0.003347979,auto_accept,low_unc_low_risk
ISIC_0027988,nv,nv,0.046860322,0.0009767129,auto_accept,low_unc_low_risk
ISIC_0030541,nv,nv,0.00011157093,1.6220847e-06,auto_accept,low_unc_low_risk
ISIC_0027225,nv,nv,0.009311927,0.00041921166,auto_accept,low_unc_low_risk
ISIC_0026304,nv,nv,0.00034805862,2.5284385e-07,auto_accept,low_unc_low_risk
ISIC_0025213,nv,nv,0.00037513894,2.5783696e-05,auto_accept,low_unc_low_risk
ISIC_0025303,mel,nv,0.084739886,0.00046878995,auto_accept,low_unc_low_risk
ISIC_0032226,nv,nv,0.001574532,2.9075234e-05,auto_accept,low_unc_low_risk
ISIC_0026474,nv,nv,5.322975e-07,5.088923e-10,auto_accept,low_unc_low_risk
ISIC_0027557,nv,nv,5.4694856e-06,1.3710936e-08,auto_accept,low_unc_low_risk
ISIC_0027220,nv,nv,5.3603813e-05,2.0400148e-06,auto_accept,low_unc_low_risk
ISIC_0032803,nv,nv,0.018661404,0.000185319,auto_accept,low_unc_low_risk
ISIC_0024631,nv,nv,0.0003083199,2.3828743e-06,auto_accept,low_unc_low_risk
ISIC_0025801,nv,nv,0.0009692975,6.840382e-05,auto_accept,low_unc_low_risk
ISIC_0026655,nv,nv,0.0008610311,1.4085239e-05,auto_accept,low_unc_low_risk
ISIC_0030322,nv,nv,0.61146927,0.23258734,escalate,high_unc_low_risk
ISIC_0033319,nv,nv,0.010958147,0.0015174241,auto_accept,low_unc_low_risk
ISIC_0028101,nv,nv,4.3528874e-07,6.3152976e-09,auto_accept,low_unc_low_risk
ISIC_0026597,nv,nv,2.1394617e-05,5.388744e-07,auto_accept,low_unc_low_risk
ISIC_0031914,nv,nv,8.541706e-05,1.2011146e-06,auto_accept,low_unc_low_risk
ISIC_0029306,nv,nv,0.0033086052,0.0006802949,auto_accept,low_unc_low_risk
ISIC_0027773,nv,nv,5.9290058e-05,1.1594558e-06,auto_accept,low_unc_low_risk
ISIC_0030385,nv,nv,4.3744947e-07,3.35033e-11,auto_accept,low_unc_low_risk
ISIC_0026662,nv,nv,8.0954975e-05,3.6344572e-09,auto_accept,low_unc_low_risk
ISIC_0033737,nv,nv,0.009786667,0.00080360676,auto_accept,low_unc_low_risk
ISIC_0026628,nv,nv,0.00011026854,1.38101e-07,auto_accept,low_unc_low_risk
ISIC_0028107,bcc,bcc,0.009056877,0.998833,auto_accept,low_unc_low_risk
ISIC_0033435,nv,nv,0.0021147789,1.4600669e-06,auto_accept,low_unc_low_risk
ISIC_0026357,nv,nv,1.381551e-08,4.0187875e-14,auto_accept,low_unc_low_risk
ISIC_0033647,nv,nv,0.008983242,0.0007688796,auto_accept,low_unc_low_risk
ISIC_0026863,nv,nv,9.869777e-08,7.7994183e-10,auto_accept,low_unc_low_risk
ISIC_0025311,nv,nv,0.0016879837,0.000120273224,auto_accept,low_unc_low_risk
ISIC_0025815,nv,nv,0.00017852914,4.330617e-06,auto_accept,low_unc_low_risk
ISIC_0024903,nv,nv,0.0064935912,9.2027934e-05,auto_accept,low_unc_low_risk
ISIC_0030717,nv,nv,0.008968798,0.00051576586,auto_accept,low_unc_low_risk
ISIC_0032028,nv,nv,0.00054660434,2.6067476e-06,auto_accept,low_unc_low_risk
ISIC_0033645,nv,nv,0.010920154,0.001981151,auto_accept,low_unc_low_risk
ISIC_0025930,nv,nv,0.0001492137,6.909901e-06,auto_accept,low_unc_low_risk
ISIC_0029550,nv,nv,0.0026340086,7.053561e-05,auto_accept,low_unc_low_risk
ISIC_0024605,nv,nv,0.00067167444,1.0643708e-05,auto_accept,low_unc_low_risk
ISIC_0031388,nv,nv,0.001497902,3.954589e-06,auto_accept,low_unc_low_risk
ISIC_0030613,nv,nv,0.0025204904,0.000110384426,auto_accept,low_unc_low_risk
ISIC_0030140,nv,nv,0.009057253,0.00068024505,auto_accept,low_unc_low_risk
ISIC_0029663,nv,nv,0.0047607794,0.00022048144,auto_accept,low_unc_low_risk
ISIC_0027838,mel,nv,0.006534153,0.00044011133,auto_accept,low_unc_low_risk
ISIC_0033631,bkl,bkl,0.00026748583,1.2046588e-07,auto_accept,low_unc_low_risk
ISIC_0026485,nv,nv,3.4919617e-06,2.616359e-09,auto_accept,low_unc_low_risk
ISIC_0030345,nv,nv,0.00018998345,4.9872065e-06,auto_accept,low_unc_low_risk
ISIC_0032297,nv,nv,3.9328468e-05,3.3799924e-07,auto_accept,low_unc_low_risk
ISIC_0031840,nv,nv,5.3212898e-05,1.1363032e-09,auto_accept,low_unc_low_risk
ISIC_0030433,nv,nv,0.00034809922,4.028744e-05,auto_accept,low_unc_low_risk
ISIC_0032719,bkl,bkl,0.0016944284,0.00033232503,auto_accept,low_unc_low_risk
ISIC_0029129,bcc,bcc,0.0088072345,0.99865985,auto_accept,low_unc_low_risk
ISIC_0024689,nv,nv,0.038270846,0.0006200186,auto_accept,low_unc_low_risk
ISIC_0026208,nv,nv,0.00025808768,2.4401315e-06,auto_accept,low_unc_low_risk
ISIC_0029619,nv,nv,0.017290756,2.0209068e-06,auto_accept,low_unc_low_risk
ISIC_0028833,nv,nv,0.0002679166,8.8302636e-07,auto_accept,low_unc_low_risk
ISIC_0025309,nv,nv,0.004165975,2.3964405e-05,auto_accept,low_unc_low_risk
ISIC_0032030,bcc,bcc,0.0004325051,0.99998856,escalate,low_unc_high_risk
ISIC_0033469,mel,mel,0.023909865,0.99284464,auto_accept,low_unc_low_risk
ISIC_0031856,nv,nv,2.5676065e-05,1.0446419e-06,auto_accept,low_unc_low_risk
ISIC_0030048,nv,nv,0.00013815676,2.1398876e-06,auto_accept,low_unc_low_risk
ISIC_0030239,nv,nv,0.00021761048,8.162477e-06,auto_accept,low_unc_low_risk
ISIC_0033718,nv,nv,0.026971938,0.001201953,auto_accept,low_unc_low_risk
ISIC_0025464,nv,nv,0.00010259909,3.9978777e-06,auto_accept,low_unc_low_risk
ISIC_0029102,bkl,bkl,0.044262458,0.009894327,auto_accept,low_unc_low_risk
ISIC_0032760,nv,nv,0.0030907616,0.0002220087,auto_accept,low_unc_low_risk
ISIC_0024584,nv,nv,0.00049054483,3.3740869e-06,auto_accept,low_unc_low_risk
ISIC_0027353,nv,nv,0.0002680812,6.601811e-08,auto_accept,low_unc_low_risk
ISIC_0024721,nv,nv,1.455141e-05,1.5421185e-07,auto_accept,low_unc_low_risk
ISIC_0030902,nv,nv,0.0005168895,1.753651e-05,auto_accept,low_unc_low_risk
ISIC_0031099,nv,nv,6.216841e-05,1.12192e-08,auto_accept,low_unc_low_risk
ISIC_0025757,nv,nv,7.042328e-06,3.828182e-07,auto_accept,low_unc_low_risk
ISIC_0026363,nv,nv,0.002382483,3.769881e-05,auto_accept,low_unc_low_risk
ISIC_0030749,nv,nv,6.785083e-05,2.6789069e-06,auto_accept,low_unc_low_risk
ISIC_0033258,mel,mel,0.021026699,0.9949373,auto_accept,low_unc_low_risk
ISIC_0025246,nv,nv,0.001621433,9.524904e-06,auto_accept,low_unc_low_risk
ISIC_0033464,nv,nv,0.003779196,2.5484358e-05,auto_accept,low_unc_low_risk
ISIC_0026821,nv,nv,1.5484698e-05,8.6679584e-08,auto_accept,low_unc_low_risk
ISIC_0031153,nv,nv,0.00015107285,4.3060263e-06,auto_accept,low_unc_low_risk
ISIC_0030418,nv,nv,0.0033327548,0.00033618446,auto_accept,low_unc_low_risk
ISIC_0032977,nv,nv,0.0018641307,8.5454565e-05,auto_accept,low_unc_low_risk
ISIC_0031484,nv,nv,5.029878e-06,3.3706742e-11,auto_accept,low_unc_low_risk
ISIC_0029188,nv,nv,9.162321e-05,9.93665e-08,auto_accept,low_unc_low_risk
ISIC_0032467,nv,nv,2.3974646e-05,3.823442e-07,auto_accept,low_unc_low_risk
ISIC_0026799,nv,nv,0.0027070385,0.00024354775,auto_accept,low_unc_low_risk
ISIC_0034185,nv,nv,0.0006394529,6.944372e-05,auto_accept,low_unc_low_risk
ISIC_0029916,nv,nv,9.320874e-07,3.7636068e-09,auto_accept,low_unc_low_risk
ISIC_0025382,nv,nv,0.00029877663,2.1431659e-05,auto_accept,low_unc_low_risk
ISIC_0033916,nv,nv,0.14915027,0.008343547,escalate,high_unc_low_risk
ISIC_0031944,nv,nv,0.1033304,3.4506997e-05,auto_accept,low_unc_low_risk
ISIC_0034309,nv,nv,0.0029528774,0.0001887413,auto_accept,low_unc_low_risk
ISIC_0031468,bkl,bkl,0.16535875,0.00034322965,escalate,high_unc_low_risk
ISIC_0030435,nv,nv,0.0002911371,3.582835e-07,auto_accept,low_unc_low_risk
ISIC_0027256,vasc,vasc,3.132812e-05,4.551708e-05,auto_accept,low_unc_low_risk
ISIC_0032338,nv,nv,0.0023875125,0.0002300145,auto_accept,low_unc_low_risk
ISIC_0028575,nv,nv,0.00018738485,1.3376482e-06,auto_accept,low_unc_low_risk
ISIC_0033285,nv,nv,0.0113137625,0.0013125646,auto_accept,low_unc_low_risk
ISIC_0032540,nv,nv,0.5495864,0.28584123,escalate,high_unc_low_risk
ISIC_0030456,nv,nv,0.26307973,0.077479884,escalate,high_unc_low_risk
ISIC_0025174,nv,nv,0.006938351,3.229639e-05,auto_accept,low_unc_low_risk
ISIC_0024766,nv,nv,0.0034399135,9.2925853e-07,auto_accept,low_unc_low_risk
ISIC_0027262,nv,nv,0.0010504703,6.80639e-05,auto_accept,low_unc_low_risk
ISIC_0028731,nv,nv,0.00015103936,2.0535289e-07,auto_accept,low_unc_low_risk
ISIC_0027000,nv,nv,3.3225926e-05,1.1977764e-07,auto_accept,low_unc_low_risk
ISIC_0033276,nv,nv,0.00065953226,3.525894e-05,auto_accept,low_unc_low_risk
ISIC_0031511,bkl,bkl,0.00057806785,7.3567753e-06,auto_accept,low_unc_low_risk
ISIC_0029965,nv,nv,0.0025200536,2.3169374e-05,auto_accept,low_unc_low_risk
ISIC_0024610,nv,nv,3.0514104e-05,6.3171314e-07,auto_accept,low_unc_low_risk
ISIC_0025224,nv,nv,0.0012770379,1.7167391e-05,auto_accept,low_unc_low_risk
ISIC_0025110,nv,nv,0.00025395726,1.4419049e-05,auto_accept,low_unc_low_risk
ISIC_0028661,nv,nv,2.3517643e-07,4.6638593e-10,auto_accept,low_unc_low_risk
ISIC_0030596,nv,nv,0.00027177425,1.2964911e-05,auto_accept,low_unc_low_risk
ISIC_0024727,nv,nv,0.008619639,0.00072657136,auto_accept,low_unc_low_risk
ISIC_0027995,nv,nv,0.005317807,3.984997e-05,auto_accept,low_unc_low_risk
ISIC_0034252,bkl,bkl,0.0012385375,0.00027502072,auto_accept,low_unc_low_risk
ISIC_0025412,nv,nv,1.2354025e-07,2.1899558e-09,auto_accept,low_unc_low_risk
ISIC_0033518,mel,mel,0.31458488,0.8778612,escalate,high_unc_low_risk
ISIC_0031912,nv,nv,3.5647702e-07,5.812332e-10,auto_accept,low_unc_low_risk
ISIC_0028617,nv,nv,3.809481e-06,1.8386496e-08,auto_accept,low_unc_low_risk
ISIC_0026065,nv,nv,0.00037295642,7.8857354e-08,auto_accept,low_unc_low_risk
ISIC_0026172,nv,nv,0.0031485914,0.00019092018,auto_accept,low_unc_low_risk
ISIC_0027574,nv,nv,0.00039767427,6.4798305e-06,auto_accept,low_unc_low_risk
ISIC_0033675,df,df,1.6077747e-06,9.181021e-06,auto_accept,low_unc_low_risk
ISIC_0033838,nv,nv,0.00041058325,1.9483181e-05,auto_accept,low_unc_low_risk
ISIC_0030179,nv,nv,9.429854e-05,3.732451e-06,auto_accept,low_unc_low_risk
ISIC_0031296,nv,nv,0.0015398939,8.556213e-06,auto_accept,low_unc_low_risk
ISIC_0024758,bkl,bkl,0.05553067,0.010625884,auto_accept,low_unc_low_risk
ISIC_0028751,nv,nv,0.00015489134,1.7736977e-05,auto_accept,low_unc_low_risk
ISIC_0027369,nv,nv,0.00054125127,6.6810085e-06,auto_accept,low_unc_low_risk
ISIC_0026038,nv,nv,0.0001784925,2.3314874e-06,auto_accept,low_unc_low_risk
ISIC_0031535,nv,nv,0.0026042724,0.000179965,auto_accept,low_unc_low_risk
ISIC_0025600,bcc,bcc,0.0016422828,0.9997646,auto_accept,low_unc_low_risk
ISIC_0026472,nv,nv,0.0005582159,1.9206274e-05,auto_accept,low_unc_low_risk
ISIC_0025437,nv,nv,0.021092601,0.00010457409,auto_accept,low_unc_low_risk
ISIC_0032442,nv,nv,0.000116512034,5.5149753e-06,auto_accept,low_unc_low_risk
ISIC_0031028,nv,nv,4.3464843e-06,5.4528904e-08,auto_accept,low_unc_low_risk
ISIC_0026680,nv,nv,2.8599412e-05,6.391571e-08,auto_accept,low_unc_low_risk
ISIC_0032366,nv,nv,0.001027532,5.5435175e-06,auto_accept,low_unc_low_risk
ISIC_0033447,nv,nv,0.24159029,0.08579903,escalate,high_unc_low_risk
ISIC_0027129,nv,nv,0.0011093157,0.0002614325,auto_accept,low_unc_low_risk
ISIC_0027873,nv,nv,0.0007771724,1.1463693e-05,auto_accept,low_unc_low_risk
ISIC_0031193,nv,nv,0.00073677645,4.8397123e-05,auto_accept,low_unc_low_risk
ISIC_0031962,nv,nv,1.8620614e-05,1.1971307e-08,auto_accept,low_unc_low_risk
ISIC_0027594,nv,nv,3.6871916e-05,1.1317289e-06,auto_accept,low_unc_low_risk
ISIC_0028793,nv,nv,0.0074198116,0.00088630477,auto_accept,low_unc_low_risk
ISIC_0031469,nv,nv,0.0025821046,6.8662243e-06,auto_accept,low_unc_low_risk
ISIC_0024919,nv,nv,0.00027273752,1.9588515e-05,auto_accept,low_unc_low_risk
ISIC_0031751,nv,nv,1.8372279e-05,1.4937292e-07,auto_accept,low_unc_low_risk
ISIC_0025030,bkl,bkl,1.6454487e-05,7.859488e-06,auto_accept,low_unc_low_risk
ISIC_0027215,nv,nv,0.00044053528,1.8447889e-05,auto_accept,low_unc_low_risk
ISIC_0026484,nv,nv,6.3697703e-06,2.3670951e-08,auto_accept,low_unc_low_risk
ISIC_0024544,nv,nv,4.165723e-07,1.174186e-09,auto_accept,low_unc_low_risk
ISIC_0034207,nv,nv,0.003778892,0.0003232078,auto_accept,low_unc_low_risk
ISIC_0033162,nv,nv,0.030240169,0.004553368,auto_accept,low_unc_low_risk
ISIC_0029155,nv,nv,9.692501e-06,2.6021846e-07,auto_accept,low_unc_low_risk
ISIC_0032716,mel,mel,0.00016728818,0.9999546,auto_accept,low_unc_low_risk
ISIC_0030290,nv,nv,0.007629709,0.0003592053,auto_accept,low_unc_low_risk
ISIC_0031899,nv,nv,0.004551104,0.00024098107,auto_accept,low_unc_low_risk
ISIC_0030018,nv,nv,0.029742708,4.10936e-05,auto_accept,low_unc_low_risk
ISIC_0027116,nv,nv,0.00033601277,2.7663053e-05,auto_accept,low_unc_low_risk
ISIC_0027547,nv,nv,5.6364506e-06,7.769759e-08,auto_accept,low_unc_low_risk
ISIC_0031490,nv,nv,0.0032155153,0.00017019617,auto_accept,low_unc_low_risk
ISIC_0032117,nv,nv,0.0013739639,1.1017531e-05,auto_accept,low_unc_low_risk
ISIC_0026364,nv,nv,0.0002755139,2.7832853e-06,auto_accept,low_unc_low_risk
ISIC_0027835,nv,nv,6.0488624e-08,2.0764162e-09,auto_accept,low_unc_low_risk
ISIC_0025269,nv,nv,1.1782763e-05,2.0571296e-07,auto_accept,low_unc_low_risk
ISIC_0027290,nv,nv,0.0023133347,0.00032190702,auto_accept,low_unc_low_risk
ISIC_0026768,nv,nv,5.6289562e-05,5.3345815e-07,auto_accept,low_unc_low_risk
ISIC_0033604,nv,nv,0.097263545,2.9467765e-05,auto_accept,low_unc_low_risk
ISIC_0027592,nv,nv,0.0008197227,7.813704e-06,auto_accept,low_unc_low_risk
ISIC_0028394,nv,nv,0.00030257434,4.9639316e-06,auto_accept,low_unc_low_risk
ISIC_0025007,nv,nv,0.0016994446,5.6560148e-05,auto_accept,low_unc_low_risk
ISIC_0027170,nv,nv,0.0060633514,0.0001604762,auto_accept,low_unc_low_risk
ISIC_0033173,nv,nv,0.000109345,5.53219e-06,auto_accept,low_unc_low_risk
ISIC_0034073,nv,nv,0.107326105,0.015944248,auto_accept,low_unc_low_risk
ISIC_0032315,bkl,nv,0.013649609,0.0005020456,auto_accept,low_unc_low_risk
ISIC_0029409,nv,mel,0.22913207,0.9126802,escalate,high_unc_low_risk
ISIC_0028070,nv,nv,9.530278e-08,1.4479971e-09,auto_accept,low_unc_low_risk
ISIC_0028985,nv,nv,0.0055386247,0.00013163667,auto_accept,low_unc_low_risk
ISIC_0033315,nv,nv,0.0046582706,0.00020948541,auto_accept,low_unc_low_risk
ISIC_0030554,nv,nv,8.0546704e-07,1.6573022e-09,auto_accept,low_unc_low_risk
ISIC_0030610,nv,nv,0.00016232807,8.680914e-06,auto_accept,low_unc_low_risk
ISIC_0028280,nv,nv,0.019398283,0.0018961816,auto_accept,low_unc_low_risk
ISIC_0026415,nv,nv,9.304642e-06,1.6667059e-07,auto_accept,low_unc_low_risk
ISIC_0026447,nv,nv,4.0727764e-06,2.7987547e-08,auto_accept,low_unc_low_risk
ISIC_0026915,nv,nv,0.0001315908,3.874116e-06,auto_accept,low_unc_low_risk
ISIC_0030946,nv,nv,1.2615149e-06,9.5213785e-08,auto_accept,low_unc_low_risk
ISIC_0030058,nv,nv,0.00017779751,1.1670738e-06,auto_accept,low_unc_low_risk
ISIC_0032336,nv,nv,0.0010751729,3.0274277e-05,auto_accept,low_unc_low_risk
ISIC_0024866,nv,nv,0.0002564916,1.7927936e-05,auto_accept,low_unc_low_risk
ISIC_0029834,nv,nv,0.0005413972,6.7923047e-06,auto_accept,low_unc_low_risk
ISIC_0031398,nv,nv,0.01144593,0.00017094499,auto_accept,low_unc_low_risk
ISIC_0026730,nv,nv,0.014147481,1.5295227e-05,auto_accept,low_unc_low_risk
ISIC_0027579,nv,nv,0.00013181947,3.3522278e-07,auto_accept,low_unc_low_risk
ISIC_0024974,nv,nv,7.6127303e-06,5.8636925e-08,auto_accept,low_unc_low_risk
ISIC_0032681,bkl,bkl,0.007672093,0.00017983344,auto_accept,low_unc_low_risk
ISIC_0031623,nv,nv,1.4550089e-06,7.543216e-08,auto_accept,low_unc_low_risk
ISIC_0031648,vasc,vasc,9.7228534e-05,3.0834937e-05,auto_accept,low_unc_low_risk
ISIC_0027785,nv,nv,0.00017091403,3.5328938e-07,auto_accept,low_unc_low_risk
ISIC_0025936,nv,nv,0.059719246,0.014948462,auto_accept,low_unc_low_risk
ISIC_0026391,nv,nv,0.0016025087,8.448607e-05,auto_accept,low_unc_low_risk
ISIC_0031370,nv,nv,0.0053197728,2.4305153e-05,auto_accept,low_unc_low_risk
ISIC_0026507,nv,nv,1.1667867e-05,2.982932e-08,auto_accept,low_unc_low_risk
ISIC_0029219,nv,nv,9.0584945e-05,2.7627848e-07,auto_accept,low_unc_low_risk
ISIC_0029349,nv,nv,0.4771666,0.13577676,escalate,high_unc_low_risk
ISIC_0027791,nv,nv,0.004422803,9.298453e-06,auto_accept,low_unc_low_risk
ISIC_0032413,nv,nv,0.0005068774,9.911463e-06,auto_accept,low_unc_low_risk
ISIC_0032839,vasc,vasc,0.00084838894,0.0005185775,auto_accept,low_unc_low_risk
ISIC_0032966,nv,nv,0.46156335,0.009590783,escalate,high_unc_low_risk
ISIC_0029632,mel,mel,0.19939823,0.9997615,escalate,high_unc_low_risk
ISIC_0027459,nv,nv,6.3232874e-05,5.500402e-07,auto_accept,low_unc_low_risk
ISIC_0029267,nv,nv,3.4461405e-05,1.2527645e-06,auto_accept,low_unc_low_risk
ISIC_0027775,nv,nv,0.01766313,3.605438e-09,auto_accept,low_unc_low_risk
ISIC_0031330,nv,nv,7.063898e-05,2.776422e-07,auto_accept,low_unc_low_risk
ISIC_0028574,nv,nv,0.00014911983,4.6952377e-06,auto_accept,low_unc_low_risk
ISIC_0026991,nv,nv,0.00019152957,9.707607e-06,auto_accept,low_unc_low_risk
ISIC_0032394,nv,nv,0.0066514416,0.0011519174,auto_accept,low_unc_low_risk
ISIC_0024694,nv,nv,0.00018677609,8.361144e-06,auto_accept,low_unc_low_risk
ISIC_0033734,nv,nv,0.0004860831,3.0694297e-05,auto_accept,low_unc_low_risk
ISIC_0024464,nv,nv,2.2677392e-05,1.0338904e-06,auto_accept,low_unc_low_risk
ISIC_0029681,nv,nv,0.0019310592,1.6101556e-06,auto_accept,low_unc_low_risk
ISIC_0032485,nv,nv,3.632589e-05,7.5115287e-07,auto_accept,low_unc_low_risk
ISIC_0028203,nv,nv,0.024929965,0.0017026343,auto_accept,low_unc_low_risk
ISIC_0030398,nv,nv,8.4446525e-05,3.550481e-07,auto_accept,low_unc_low_risk
ISIC_0032416,nv,nv,0.010577524,0.00022543932,auto_accept,low_unc_low_risk
ISIC_0027834,nv,nv,0.0011167707,6.8312824e-05,auto_accept,low_unc_low_risk
ISIC_0032828,nv,nv,0.020688262,0.0018392728,auto_accept,low_unc_low_risk
ISIC_0029989,nv,nv,0.0004355489,8.249703e-06,auto_accept,low_unc_low_risk
ISIC_0026983,nv,nv,8.0797065e-05,3.2135904e-07,auto_accept,low_unc_low_risk
ISIC_0033548,nv,nv,8.5915766e-05,5.0064727e-06,auto_accept,low_unc_low_risk
ISIC_0030126,nv,nv,0.0034680062,1.4318975e-06,auto_accept,low_unc_low_risk
ISIC_0029616,nv,nv,0.005572238,0.00050926936,auto_accept,low_unc_low_risk
ISIC_0026839,nv,nv,0.24063866,0.06199411,escalate,high_unc_low_risk
ISIC_0025582,nv,nv,2.4512361e-05,1.5018983e-07,auto_accept,low_unc_low_risk
ISIC_0026421,nv,nv,0.58278316,0.00012356069,escalate,high_unc_low_risk
ISIC_0032111,bkl,bkl,0.00028399078,3.6045506e-06,auto_accept,low_unc_low_risk
ISIC_0027403,nv,nv,0.25359413,0.04296263,escalate,high_unc_low_risk
ISIC_0027445,nv,nv,0.00011107767,3.909538e-06,auto_accept,low_unc_low_risk
ISIC_0029073,nv,nv,5.025121e-05,4.8762905e-07,auto_accept,low_unc_low_risk
ISIC_0030454,nv,nv,0.002706819,3.9862247e-05,auto_accept,low_unc_low_risk
ISIC_0025151,nv,nv,0.00026474844,6.1663636e-06,auto_accept,low_unc_low_risk
ISIC_0032223,nv,nv,0.0009815027,5.2768137e-05,auto_accept,low_unc_low_risk
ISIC_0025293,nv,nv,4.079673e-05,1.257363e-06,auto_accept,low_unc_low_risk
ISIC_0033905,mel,mel,0.005613715,0.99929047,auto_accept,low_unc_low_risk
ISIC_0031994,nv,nv,0.0019102998,1.02936565e-05,auto_accept,low_unc_low_risk
ISIC_0024311,nv,nv,0.0002711118,1.8991743e-06,auto_accept,low_unc_low_risk
ISIC_0026036,nv,nv,0.0054455,0.00022947784,auto_accept,low_unc_low_risk
ISIC_0024888,nv,nv,0.011964776,8.272624e-05,auto_accept,low_unc_low_risk
ISIC_0025528,nv,nv,0.00027429897,9.850617e-07,auto_accept,low_unc_low_risk
ISIC_0030304,nv,nv,0.0075513455,0.00010854888,auto_accept,low_unc_low_risk
ISIC_0032683,nv,nv,0.040277824,0.0012524007,auto_accept,low_unc_low_risk
ISIC_0028665,nv,nv,0.006890292,1.0319463e-07,auto_accept,low_unc_low_risk
ISIC_0027720,nv,nv,0.0005474733,1.0475437e-05,auto_accept,low_unc_low_risk
ISIC_0027364,nv,nv,4.8407042e-08,5.1360316e-10,auto_accept,low_unc_low_risk
ISIC_0033513,nv,nv,0.0009529109,5.0172424e-05,auto_accept,low_unc_low_risk
ISIC_0032440,nv,nv,0.0007427423,3.843238e-06,auto_accept,low_unc_low_risk
ISIC_0025886,nv,nv,0.00030650097,3.1367176e-07,auto_accept,low_unc_low_risk
ISIC_0026990,nv,nv,0.00026316935,5.418893e-07,auto_accept,low_unc_low_risk
ISIC_0032186,nv,mel,0.26186037,0.9207131,escalate,high_unc_low_risk
ISIC_0029531,nv,nv,0.0020975026,0.00021716331,auto_accept,low_unc_low_risk
ISIC_0033589,nv,nv,0.0017665301,0.00025114848,auto_accept,low_unc_low_risk
ISIC_0034214,vasc,vasc,7.4415395e-05,0.00012539083,auto_accept,low_unc_low_risk
ISIC_0033002,nv,nv,8.2554266e-07,2.4854874e-08,auto_accept,low_unc_low_risk
ISIC_0032568,nv,nv,4.9866446e-07,2.2388775e-08,auto_accept,low_unc_low_risk
ISIC_0026598,nv,nv,1.2299313e-05,2.1492902e-07,auto_accept,low_unc_low_risk
ISIC_0026878,nv,nv,2.2816428e-05,1.18578e-07,auto_accept,low_unc_low_risk
ISIC_0033934,nv,mel,0.026756573,0.99073255,auto_accept,low_unc_low_risk
ISIC_0031373,nv,nv,6.64447e-05,1.7672768e-06,auto_accept,low_unc_low_risk
ISIC_0028484,nv,nv,0.24857062,0.1025806,escalate,high_unc_low_risk
ISIC_0033909,nv,nv,0.0010968443,2.9457284e-05,auto_accept,low_unc_low_risk
ISIC_0027501,nv,nv,0.0073367734,0.0007513593,auto_accept,low_unc_low_risk
ISIC_0032411,nv,nv,0.00011474502,3.9418655e-06,auto_accept,low_unc_low_risk
ISIC_0033542,nv,nv,0.00017168699,1.6784674e-05,auto_accept,low_unc_low_risk
ISIC_0032084,nv,nv,0.00015269937,1.8417651e-06,auto_accept,low_unc_low_risk
ISIC_0030748,nv,nv,6.0849274e-05,1.1382157e-06,auto_accept,low_unc_low_risk
ISIC_0033417,nv,nv,0.0006332564,4.8481517e-05,auto_accept,low_unc_low_risk
ISIC_0026162,nv,nv,0.00071854313,6.823779e-07,auto_accept,low_unc_low_risk
ISIC_0025324,mel,nv,0.0038199562,0.0003187511,auto_accept,low_unc_low_risk
ISIC_0031199,nv,nv,0.0020268694,9.16309e-05,auto_accept,low_unc_low_risk
ISIC_0026985,nv,nv,1.998666e-05,1.9016118e-08,auto_accept,low_unc_low_risk
ISIC_0033871,mel,nv,0.012423981,0.0016365227,auto_accept,low_unc_low_risk
ISIC_0033567,nv,nv,0.0007915143,0.00015671585,auto_accept,low_unc_low_risk
ISIC_0033481,nv,nv,0.037817612,0.0017818672,auto_accept,low_unc_low_risk
ISIC_0030405,nv,nv,8.4715255e-05,2.8718111e-06,auto_accept,low_unc_low_risk
ISIC_0027657,nv,nv,0.0003698159,4.037042e-06,auto_accept,low_unc_low_risk
ISIC_0027518,nv,nv,0.00264244,0.00018950787,auto_accept,low_unc_low_risk
ISIC_0026446,bkl,nv,0.5073389,2.4635608e-06,escalate,high_unc_low_risk
ISIC_0034118,mel,mel,0.34736338,0.7159952,escalate,high_unc_low_risk
ISIC_0027263,mel,mel,0.06889927,0.9660673,auto_accept,low_unc_low_risk
ISIC_0025976,nv,nv,0.00022849825,1.1670677e-05,auto_accept,low_unc_low_risk
ISIC_0024353,nv,nv,9.898013e-06,1.06903194e-07,auto_accept,low_unc_low_risk
ISIC_0032077,nv,nv,0.0002625427,1.8955155e-06,auto_accept,low_unc_low_risk
ISIC_0030393,nv,nv,0.0005162124,2.9366885e-05,auto_accept,low_unc_low_risk
ISIC_0026899,nv,nv,0.00039041275,3.9513093e-06,auto_accept,low_unc_low_risk
ISIC_0024852,nv,nv,1.6917516e-05,1.0150738e-07,auto_accept,low_unc_low_risk
ISIC_0029503,nv,nv,0.00025131,6.5355096e-07,auto_accept,low_unc_low_risk
ISIC_0028514,nv,nv,0.029900504,0.0004104074,auto_accept,low_unc_low_risk
ISIC_0031323,nv,nv,0.00010253615,6.863383e-06,auto_accept,low_unc_low_risk
ISIC_0025240,nv,nv,0.00078229385,5.037071e-06,auto_accept,low_unc_low_risk
ISIC_0024438,nv,nv,4.5575085e-05,2.9524704e-06,auto_accept,low_unc_low_risk
ISIC_0025750,nv,nv,0.00018990738,1.1884409e-06,auto_accept,low_unc_low_risk
ISIC_0024399,nv,nv,0.0008320135,2.0394473e-05,auto_accept,low_unc_low_risk
ISIC_0024630,mel,mel,0.00094901555,0.99961084,auto_accept,low_unc_low_risk
ISIC_0028302,nv,nv,0.0037964617,0.00014089224,auto_accept,low_unc_low_risk
ISIC_0031246,nv,nv,0.002165752,0.0001031808,auto_accept,low_unc_low_risk
ISIC_0028516,nv,nv,0.0071168286,0.0032165442,auto_accept,low_unc_low_risk
ISIC_0026900,nv,nv,4.4854055e-06,4.2223316e-08,auto_accept,low_unc_low_risk
ISIC_0030777,nv,nv,2.7234852e-05,2.2279156e-07,auto_accept,low_unc_low_risk
ISIC_0026134,nv,nv,7.2497845e-05,6.963013e-07,auto_accept,low_unc_low_risk
ISIC_0031460,nv,nv,0.013882713,0.0011804856,auto_accept,low_unc_low_risk
ISIC_0028485,nv,nv,0.0010566001,2.5036901e-05,auto_accept,low_unc_low_risk
ISIC_0026560,nv,nv,0.0069991066,0.00085288193,auto_accept,low_unc_low_risk
ISIC_0027654,nv,bkl,0.0009878671,7.825456e-07,auto_accept,low_unc_low_risk
ISIC_0031020,nv,nv,0.0003489546,1.3245339e-05,auto_accept,low_unc_low_risk
ISIC_0026641,nv,nv,1.6795909e-06,4.6185576e-08,auto_accept,low_unc_low_risk
ISIC_0030017,nv,nv,7.242499e-06,2.9512403e-08,auto_accept,low_unc_low_risk
ISIC_0032521,nv,nv,0.01401151,0.002566294,auto_accept,low_unc_low_risk
ISIC_0026920,nv,nv,1.9473267e-05,3.956145e-09,auto_accept,low_unc_low_risk
ISIC_0027962,nv,nv,0.0059317676,0.00011873361,auto_accept,low_unc_low_risk
ISIC_0024685,nv,nv,6.8721693e-06,3.3431476e-08,auto_accept,low_unc_low_risk
ISIC_0027312,nv,nv,0.629673,0.3476887,escalate,high_unc_low_risk
ISIC_0025441,nv,nv,1.6441629e-05,6.121816e-07,auto_accept,low_unc_low_risk
ISIC_0027309,nv,nv,0.0006926682,1.092408e-05,auto_accept,low_unc_low_risk
ISIC_0031003,nv,nv,0.00015073958,2.2061033e-06,auto_accept,low_unc_low_risk
ISIC_0029902,nv,nv,0.008768723,4.2431246e-05,auto_accept,low_unc_low_risk
ISIC_0031300,nv,nv,0.008187809,7.9637806e-07,auto_accept,low_unc_low_risk
ISIC_0032282,nv,nv,3.7869304e-05,8.618831e-08,auto_accept,low_unc_low_risk
ISIC_0028096,nv,nv,0.0014488241,2.2857841e-05,auto_accept,low_unc_low_risk
ISIC_0030709,nv,nv,0.02429485,0.0015574457,auto_accept,low_unc_low_risk
ISIC_0029471,nv,nv,0.00025228015,5.653333e-06,auto_accept,low_unc_low_risk
ISIC_0026591,nv,nv,0.011067123,0.0004053604,auto_accept,low_unc_low_risk
ISIC_0030952,nv,nv,0.46894142,4.470908e-05,escalate,high_unc_low_risk
ISIC_0033903,nv,nv,0.019598732,0.0024165474,auto_accept,low_unc_low_risk
ISIC_0032674,nv,mel,0.42360166,0.7794503,escalate,high_unc_low_risk
ISIC_0028143,nv,nv,0.00016827596,2.504853e-07,auto_accept,low_unc_low_risk
ISIC_0027180,nv,nv,0.00012888393,4.9890045e-06,auto_accept,low_unc_low_risk
ISIC_0027280,nv,nv,0.00015392636,9.336636e-06,auto_accept,low_unc_low_risk
ISIC_0031638,nv,nv,0.00064175576,2.361576e-07,auto_accept,low_unc_low_risk
ISIC_0030692,nv,nv,0.0024192426,0.00015781277,auto_accept,low_unc_low_risk
ISIC_0027542,nv,nv,7.829348e-06,5.8792814e-08,auto_accept,low_unc_low_risk
ISIC_0024764,nv,nv,7.196346e-08,1.2136876e-10,auto_accept,low_unc_low_risk
ISIC_0025827,nv,nv,8.8261666e-05,2.8055347e-06,auto_accept,low_unc_low_risk
ISIC_0030614,nv,nv,3.4074197e-05,9.917296e-07,auto_accept,low_unc_low_risk
ISIC_0027711,nv,nv,0.42970183,0.15751116,escalate,high_unc_low_risk
ISIC_0032964,nv,nv,0.0027185988,0.00018880233,auto_accept,low_unc_low_risk
ISIC_0029756,nv,nv,0.011730669,0.0006940544,auto_accept,low_unc_low_risk
ISIC_0026966,nv,nv,4.267146e-05,2.273759e-06,auto_accept,low_unc_low_risk
ISIC_0032119,nv,nv,4.6604382e-05,8.0173055e-07,auto_accept,low_unc_low_risk
ISIC_0032375,nv,nv,0.000111196394,1.0368355e-05,auto_accept,low_unc_low_risk
ISIC_0029686,nv,nv,0.00012887447,2.1913647e-06,auto_accept,low_unc_low_risk
ISIC_0032121,nv,nv,0.0008936709,1.9297799e-05,auto_accept,low_unc_low_risk
ISIC_0027484,nv,nv,0.0056790016,0.00012041702,auto_accept,low_unc_low_risk
ISIC_0025473,nv,nv,5.593911e-06,2.2741492e-06,auto_accept,low_unc_low_risk
ISIC_0024699,nv,nv,6.926509e-05,4.220717e-07,auto_accept,low_unc_low_risk
ISIC_0033065,nv,nv,0.0010700396,6.850409e-05,auto_accept,low_unc_low_risk
ISIC_0024788,nv,nv,0.007140517,3.3963488e-07,auto_accept,low_unc_low_risk
ISIC_0029790,nv,nv,0.030251382,0.0051153307,auto_accept,low_unc_low_risk
ISIC_0031337,nv,nv,0.00036208433,4.8402293e-05,auto_accept,low_unc_low_risk
ISIC_0027158,nv,nv,9.309225e-06,1.1133339e-07,auto_accept,low_unc_low_risk
ISIC_0025092,nv,nv,2.896081e-07,6.299129e-09,auto_accept,low_unc_low_risk
ISIC_0031478,nv,nv,7.15674e-05,4.8492024e-07,auto_accept,low_unc_low_risk
ISIC_0031477,nv,nv,0.00012901866,1.4073257e-06,auto_accept,low_unc_low_risk
ISIC_0034100,mel,mel,0.0009405502,0.99981624,auto_accept,low_unc_low_risk
ISIC_0030166,nv,nv,0.0008046607,3.169287e-06,auto_accept,low_unc_low_risk
ISIC_0028531,nv,nv,0.0034189755,0.00015187076,auto_accept,low_unc_low_risk
ISIC_0028503,bkl,bkl,5.419854e-05,1.8239605e-06,auto_accept,low_unc_low_risk
ISIC_0025797,nv,nv,0.0001220932,1.6906333e-05,auto_accept,low_unc_low_risk
ISIC_0033826,nv,nv,0.0009326071,5.7732195e-05,auto_accept,low_unc_low_risk
ISIC_0032599,nv,nv,0.0064074374,6.210744e-05,auto_accept,low_unc_low_risk
ISIC_0026703,nv,nv,0.017277906,0.0015880801,auto_accept,low_unc_low_risk
ISIC_0032893,nv,nv,0.0026880659,0.00034414642,auto_accept,low_unc_low_risk
ISIC_0029444,nv,nv,7.1343675e-05,3.0194167e-09,auto_accept,low_unc_low_risk
ISIC_0028005,nv,nv,0.00057271024,3.243996e-05,auto_accept,low_unc_low_risk
ISIC_0030146,nv,nv,0.0046787956,4.06161e-05,auto_accept,low_unc_low_risk
ISIC_0029536,nv,nv,3.847075e-05,3.8961428e-08,auto_accept,low_unc_low_risk
ISIC_0031372,df,nv,0.15881789,0.0003383534,escalate,high_unc_low_risk
ISIC_0029341,bcc,bcc,0.16163632,0.95070904,escalate,high_unc_low_risk
ISIC_0030765,nv,nv,0.00709739,0.0012899104,auto_accept,low_unc_low_risk
ISIC_0028251,nv,nv,0.011830361,4.8551425e-05,auto_accept,low_unc_low_risk
ISIC_0027804,nv,nv,0.0008405784,2.3802579e-05,auto_accept,low_unc_low_risk
ISIC_0027692,nv,nv,0.0033411414,0.00018736691,auto_accept,low_unc_low_risk
ISIC_0031082,nv,nv,4.1198876e-07,7.549315e-09,auto_accept,low_unc_low_risk
ISIC_0030397,nv,nv,0.0001487217,1.5638985e-05,auto_accept,low_unc_low_risk
ISIC_0033932,nv,nv,0.006681204,9.093879e-05,auto_accept,low_unc_low_risk
ISIC_0025078,nv,nv,3.5017425e-07,4.6024273e-09,auto_accept,low_unc_low_risk
ISIC_0033005,df,df,0.00029953662,4.1960448e-05,auto_accept,low_unc_low_risk
ISIC_0026332,nv,nv,0.108298,0.0013740871,auto_accept,low_unc_low_risk
ISIC_0029081,mel,mel,0.22372948,0.9042692,escalate,high_unc_low_risk
ISIC_0032075,nv,nv,0.10231811,2.7043652e-06,auto_accept,low_unc_low_risk
ISIC_0027524,nv,nv,7.3430034e-05,1.2857488e-06,auto_accept,low_unc_low_risk
ISIC_0028030,nv,nv,5.1742163e-06,1.7265013e-07,auto_accept,low_unc_low_risk
ISIC_0028923,nv,nv,0.0010078498,3.4765028e-05,auto_accept,low_unc_low_risk
ISIC_0032337,nv,nv,0.0012870317,1.9015095e-05,auto_accept,low_unc_low_risk
ISIC_0025194,nv,nv,0.000502214,1.7775383e-08,auto_accept,low_unc_low_risk
ISIC_0027251,nv,nv,0.010470759,3.5582943e-05,auto_accept,low_unc_low_risk
ISIC_0025098,nv,nv,7.573295e-06,6.381266e-08,auto_accept,low_unc_low_risk
ISIC_0032143,nv,nv,0.0024727238,0.00012442228,auto_accept,low_unc_low_risk
ISIC_0029016,nv,nv,4.1348045e-05,1.8271414e-06,auto_accept,low_unc_low_risk
ISIC_0025613,nv,nv,7.087199e-05,3.4039783e-08,auto_accept,low_unc_low_risk
ISIC_0025344,nv,nv,6.997995e-06,2.1209239e-08,auto_accept,low_unc_low_risk
ISIC_0029151,nv,nv,0.0009504855,8.29014e-05,auto_accept,low_unc_low_risk
ISIC_0029273,nv,nv,0.0008286163,4.6613193e-05,auto_accept,low_unc_low_risk
ISIC_0029225,nv,nv,1.5761398e-07,2.0978722e-10,auto_accept,low_unc_low_risk
ISIC_0026502,nv,nv,0.010619074,0.0015882765,auto_accept,low_unc_low_risk
ISIC_0026945,nv,nv,0.0011206941,0.00016377939,auto_accept,low_unc_low_risk
ISIC_0030980,nv,nv,0.0021125511,1.1570241e-07,auto_accept,low_unc_low_risk
ISIC_0033365,nv,nv,0.08837846,0.010676025,auto_accept,low_unc_low_risk
ISIC_0027390,nv,nv,0.057611316,0.0032931985,auto_accept,low_unc_low_risk
ISIC_0033208,nv,nv,0.040239003,0.005358806,auto_accept,low_unc_low_risk
ISIC_0025009,nv,nv,0.00043494775,1.9730137e-06,auto_accept,low_unc_low_risk
ISIC_0025625,nv,nv,0.0008174643,6.299519e-06,auto_accept,low_unc_low_risk
ISIC_0032012,nv,nv,3.8312424e-05,1.4749476e-07,auto_accept,low_unc_low_risk
ISIC_0031355,nv,nv,0.013178902,0.0009608494,auto_accept,low_unc_low_risk
ISIC_0025423,nv,nv,0.022832759,0.0019363925,auto_accept,low_unc_low_risk
ISIC_0025493,nv,nv,7.988684e-05,2.1041944e-07,auto_accept,low_unc_low_risk
ISIC_0024614,nv,nv,1.4004864e-05,2.7373923e-07,auto_accept,low_unc_low_risk
ISIC_0029785,nv,nv,0.019026313,0.0033397514,auto_accept,low_unc_low_risk
ISIC_0031080,nv,nv,0.09597573,0.013713669,auto_accept,low_unc_low_risk
ISIC_0030020,nv,nv,0.00017491344,6.1457706e-07,auto_accept,low_unc_low_risk
ISIC_0030725,nv,nv,0.00026059465,1.6907221e-05,auto_accept,low_unc_low_risk
ISIC_0030439,nv,nv,6.662729e-06,1.370161e-07,auto_accept,low_unc_low_risk
ISIC_0030262,nv,nv,7.201849e-06,2.2655891e-07,auto_accept,low_unc_low_risk
ISIC_0028183,nv,nv,0.00062583067,9.72243e-06,auto_accept,low_unc_low_risk
ISIC_0027496,nv,nv,0.0001623618,1.0335433e-06,auto_accept,low_unc_low_risk
ISIC_0028933,nv,nv,0.0001179909,6.102807e-10,auto_accept,low_unc_low_risk
ISIC_0024559,nv,nv,0.00041781113,3.9521956e-07,auto_accept,low_unc_low_risk
ISIC_0030595,nv,nv,0.00040029918,2.0413518e-06,auto_accept,low_unc_low_risk
ISIC_0032340,nv,nv,0.0010209075,1.4121851e-05,auto_accept,low_unc_low_risk
ISIC_0032902,nv,nv,0.119861364,0.020302314,auto_accept,low_unc_low_risk
ISIC_0025002,nv,nv,4.077325e-05,5.635424e-08,auto_accept,low_unc_low_risk
ISIC_0026216,nv,nv,0.120188646,0.015214241,auto_accept,low_unc_low_risk
ISIC_0025425,vasc,vasc,0.00023243797,8.6550205e-07,auto_accept,low_unc_low_risk
ISIC_0031135,nv,nv,0.00032247748,3.3649664e-07,auto_accept,low_unc_low_risk
ISIC_0033870,nv,nv,0.020718541,0.0031245172,auto_accept,low_unc_low_risk
ISIC_0030363,nv,nv,0.00023036507,5.350755e-06,auto_accept,low_unc_low_risk
ISIC_0025079,nv,nv,0.002098038,0.0001507602,auto_accept,low_unc_low_risk
ISIC_0032495,nv,nv,4.382537e-06,4.4958833e-07,auto_accept,low_unc_low_risk
ISIC_0026445,nv,nv,0.00066534954,4.298743e-05,auto_accept,low_unc_low_risk
ISIC_0033197,nv,nv,0.00021409268,2.4634086e-05,auto_accept,low_unc_low_risk
ISIC_0026887,nv,nv,7.400886e-05,7.1108093e-07,auto_accept,low_unc_low_risk
ISIC_0028674,nv,nv,0.0002245117,5.6881193e-09,auto_accept,low_unc_low_risk
ISIC_0026594,nv,nv,4.9929666e-05,5.603119e-07,auto_accept,low_unc_low_risk
ISIC_0024839,bkl,bkl,0.0026192716,4.4472396e-05,auto_accept,low_unc_low_risk
ISIC_0028824,nv,nv,0.0041164528,7.0246883e-06,auto_accept,low_unc_low_risk
ISIC_0025730,nv,nv,0.03315873,0.004765212,auto_accept,low_unc_low_risk
ISIC_0031625,nv,nv,0.037786532,0.0013688091,auto_accept,low_unc_low_risk
ISIC_0025638,nv,nv,0.0030663246,6.435379e-06,auto_accept,low_unc_low_risk
ISIC_0032245,mel,nv,0.34448868,0.004162831,escalate,high_unc_low_risk
ISIC_0029940,nv,nv,7.718439e-05,3.7180982e-06,auto_accept,low_unc_low_risk
ISIC_0032256,nv,nv,4.218942e-06,2.2034735e-08,auto_accept,low_unc_low_risk
ISIC_0025217,nv,nv,0.0010761435,2.983502e-05,auto_accept,low_unc_low_risk
ISIC_0030530,nv,nv,0.0006416199,8.944898e-06,auto_accept,low_unc_low_risk
ISIC_0025862,nv,nv,8.59447e-05,6.128551e-07,auto_accept,low_unc_low_risk
ISIC_0026499,nv,nv,0.0021149844,0.00012957348,auto_accept,low_unc_low_risk
ISIC_0028686,nv,nv,0.0006744759,3.8385904e-05,auto_accept,low_unc_low_risk
ISIC_0028164,nv,nv,0.012571048,5.1394013e-06,auto_accept,low_unc_low_risk
ISIC_0033095,nv,nv,0.011802752,0.0010922826,auto_accept,low_unc_low_risk
ISIC_0027198,nv,nv,6.851062e-05,2.402072e-06,auto_accept,low_unc_low_risk
ISIC_0030409,nv,nv,0.0007068306,1.7504944e-06,auto_accept,low_unc_low_risk
ISIC_0025193,nv,nv,0.010629471,0.0004635511,auto_accept,low_unc_low_risk
ISIC_0026972,nv,nv,0.022750901,0.0010156918,auto_accept,low_unc_low_risk
ISIC_0030612,nv,nv,0.0009809363,3.3966373e-07,auto_accept,low_unc_low_risk
ISIC_0024539,akiec,bkl,6.83497e-07,9.8384334e-08,auto_accept,low_unc_low_risk
ISIC_0028138,nv,nv,2.3717845e-05,1.6343176e-07,auto_accept,low_unc_low_risk
ISIC_0024884,nv,nv,0.004942791,2.8245871e-05,auto_accept,low_unc_low_risk
ISIC_0025733,nv,nv,5.441157e-07,2.5867765e-08,auto_accept,low_unc_low_risk
ISIC_0033023,mel,mel,0.023584988,0.9944226,auto_accept,low_unc_low_risk
ISIC_0031492,nv,nv,9.3761744e-05,1.1892516e-06,auto_accept,low_unc_low_risk
ISIC_0032023,nv,nv,0.0058431504,0.00025616903,auto_accept,low_unc_low_risk
ISIC_0031861,nv,nv,0.0070410767,0.00010717997,auto_accept,low_unc_low_risk
ISIC_0026299,nv,nv,2.2135328e-05,3.7398582e-08,auto_accept,low_unc_low_risk
ISIC_0029861,nv,nv,5.5403916e-06,1.12151604e-07,auto_accept,low_unc_low_risk
ISIC_0030703,nv,nv,1.686767e-05,7.16688e-07,auto_accept,low_unc_low_risk
ISIC_0032002,nv,nv,0.0011989315,2.3796152e-09,auto_accept,low_unc_low_risk
ISIC_0033898,nv,nv,0.0025710105,7.686317e-05,auto_accept,low_unc_low_risk
ISIC_0031835,nv,nv,0.001364851,6.1185216e-05,auto_accept,low_unc_low_risk
ISIC_0024430,nv,nv,1.8872441e-06,4.429306e-08,auto_accept,low_unc_low_risk
ISIC_0029093,nv,nv,2.0588499e-05,7.767506e-07,auto_accept,low_unc_low_risk
ISIC_0033062,nv,nv,0.01689935,0.003498747,auto_accept,low_unc_low_risk
ISIC_0026448,nv,nv,0.08483526,0.015687002,auto_accept,low_unc_low_risk
ISIC_0031213,nv,nv,1.3490734e-05,3.3261088e-07,auto_accept,low_unc_low_risk
ISIC_0028533,nv,nv,0.00074482244,3.6618368e-07,auto_accept,low_unc_low_risk
ISIC_0025994,nv,nv,0.026328087,6.660445e-05,auto_accept,low_unc_low_risk
ISIC_0034136,nv,nv,0.15733951,0.010291054,escalate,high_unc_low_risk
ISIC_0031425,nv,nv,0.00023198528,1.4472253e-05,auto_accept,low_unc_low_risk
ISIC_0024715,nv,nv,0.00010140288,3.21608e-07,auto_accept,low_unc_low_risk
ISIC_0031204,nv,nv,0.0014957644,7.983111e-06,auto_accept,low_unc_low_risk
ISIC_0024691,nv,nv,0.0012688894,3.0283632e-05,auto_accept,low_unc_low_risk
ISIC_0030621,nv,nv,0.42372927,0.14789273,escalate,high_unc_low_risk
ISIC_0033804,mel,nv,0.044029523,0.005700794,auto_accept,low_unc_low_risk
ISIC_0031338,nv,nv,0.00013828881,7.2191774e-06,auto_accept,low_unc_low_risk
ISIC_0029950,nv,nv,0.0033779708,6.236312e-05,auto_accept,low_unc_low_risk
ISIC_0030779,nv,nv,0.0033106718,0.00018500723,auto_accept,low_unc_low_risk
ISIC_0031417,mel,nv,0.00013190469,2.81437e-06,auto_accept,low_unc_low_risk
ISIC_0026796,mel,bkl,0.0022398133,0.000872513,auto_accept,low_unc_low_risk
ISIC_0031036,nv,nv,0.04855198,0.0040585413,auto_accept,low_unc_low_risk
ISIC_0032974,nv,nv,0.017355775,0.0008963725,auto_accept,low_unc_low_risk
ISIC_0031657,nv,nv,8.5731635e-06,2.1315192e-07,auto_accept,low_unc_low_risk
ISIC_0026762,nv,nv,0.0044091553,5.852286e-05,auto_accept,low_unc_low_risk
ISIC_0033273,nv,nv,0.009132841,0.00070264377,auto_accept,low_unc_low_risk
ISIC_0029518,bkl,bkl,0.038974103,0.026070353,auto_accept,low_unc_low_risk
ISIC_0029766,nv,nv,0.05210146,0.0008015079,auto_accept,low_unc_low_risk
ISIC_0028291,mel,mel,0.06326942,0.98543185,auto_accept,low_unc_low_risk
ISIC_0024316,nv,nv,0.00062783994,4.9394666e-06,auto_accept,low_unc_low_risk
ISIC_0025367,nv,nv,0.0003174957,2.8677427e-05,auto_accept,low_unc_low_risk
ISIC_0025688,nv,nv,5.8629048e-05,2.0664399e-07,auto_accept,low_unc_low_risk
ISIC_0026102,nv,nv,0.0003258551,9.768398e-06,auto_accept,low_unc_low_risk
ISIC_0032523,nv,nv,5.262748e-05,1.9937463e-06,auto_accept,low_unc_low_risk
ISIC_0029787,nv,nv,7.4479107e-07,1.5923411e-09,auto_accept,low_unc_low_risk
ISIC_0027332,bkl,nv,0.17002887,0.00040313034,escalate,high_unc_low_risk
ISIC_0028948,nv,nv,0.0034368716,0.00026335905,auto_accept,low_unc_low_risk
ISIC_0029181,nv,nv,1.7169583e-06,2.8089532e-08,auto_accept,low_unc_low_risk
ISIC_0028272,nv,nv,0.0060701044,0.0017056349,auto_accept,low_unc_low_risk
ISIC_0026936,nv,nv,0.0027293952,0.00020528096,auto_accept,low_unc_low_risk
ISIC_0029939,nv,nv,0.030539257,0.00094785786,auto_accept,low_unc_low_risk
ISIC_0030938,nv,nv,0.00025620186,1.5613639e-06,auto_accept,low_unc_low_risk
ISIC_0031685,nv,nv,0.003850446,0.00016494918,auto_accept,low_unc_low_risk
ISIC_0026888,nv,nv,0.035910197,0.017728668,auto_accept,low_unc_low_risk
ISIC_0032919,vasc,vasc,1.1512329e-05,2.6262455e-06,auto_accept,low_unc_low_risk
ISIC_0030196,nv,nv,0.08558808,0.0014937416,auto_accept,low_unc_low_risk
ISIC_0028355,nv,nv,9.7035954e-05,9.055917e-08,auto_accept,low_unc_low_risk
ISIC_0030268,nv,nv,0.016789397,0.0011703606,auto_accept,low_unc_low_risk
ISIC_0024742,nv,nv,0.13343614,0.0075860927,escalate,high_unc_low_risk
ISIC_0031687,nv,nv,5.165664e-05,1.0063792e-06,auto_accept,low_unc_low_risk
ISIC_0026007,nv,nv,0.0011887819,8.091715e-07,auto_accept,low_unc_low_risk
ISIC_0027510,nv,nv,4.6822374e-06,8.653092e-08,auto_accept,low_unc_low_risk
ISIC_0028167,nv,nv,0.017524855,0.00017278033,auto_accept,low_unc_low_risk
ISIC_0027342,nv,nv,0.0008885989,2.4025621e-06,auto_accept,low_unc_low_risk
ISIC_0025245,nv,nv,0.07014688,0.009349728,auto_accept,low_unc_low_risk
ISIC_0032916,nv,nv,0.0011051361,0.00010681441,auto_accept,low_unc_low_risk
ISIC_0024489,bkl,bkl,0.0001907398,0.00016817694,auto_accept,low_unc_low_risk
ISIC_0026016,bkl,bkl,0.00080305425,7.790907e-06,auto_accept,low_unc_low_risk
ISIC_0033153,nv,nv,0.0027673652,0.00027878984,auto_accept,low_unc_low_risk
ISIC_0033776,bkl,bkl,0.0006744303,6.873861e-05,auto_accept,low_unc_low_risk
ISIC_0024365,nv,nv,0.006537475,5.6425332e-08,auto_accept,low_unc_low_risk
ISIC_0026896,nv,nv,0.00020124088,5.7971083e-06,auto_accept,low_unc_low_risk
ISIC_0025495,nv,nv,4.055929e-05,3.1179312e-07,auto_accept,low_unc_low_risk
ISIC_0031907,nv,nv,3.3999353e-07,5.8652554e-09,auto_accept,low_unc_low_risk
ISIC_0032628,nv,nv,0.00010576763,9.031489e-06,auto_accept,low_unc_low_risk
ISIC_0028561,nv,nv,8.214539e-08,1.9953776e-09,auto_accept,low_unc_low_risk
ISIC_0028126,mel,nv,0.001530655,0.00018597824,auto_accept,low_unc_low_risk
ISIC_0027537,nv,nv,0.19724977,0.032897197,escalate,high_unc_low_risk
ISIC_0025440,nv,nv,0.00017405025,2.9701226e-09,auto_accept,low_unc_low_risk
ISIC_0033912,nv,nv,0.030304676,0.004258534,auto_accept,low_unc_low_risk
ISIC_0024796,nv,nv,6.9726675e-06,2.2463853e-07,auto_accept,low_unc_low_risk
ISIC_0024444,nv,nv,0.0047674836,0.00013770782,auto_accept,low_unc_low_risk
ISIC_0028162,nv,nv,0.007195166,0.00026017305,auto_accept,low_unc_low_risk
ISIC_0030645,nv,nv,0.037749015,0.00041532962,auto_accept,low_unc_low_risk
ISIC_0031785,nv,nv,0.01154455,8.600132e-05,auto_accept,low_unc_low_risk
ISIC_0025921,nv,nv,0.00026609405,2.7702301e-06,auto_accept,low_unc_low_risk
ISIC_0032358,bkl,bkl,0.0034103175,0.0029037336,auto_accept,low_unc_low_risk
ISIC_0025922,nv,nv,0.036368564,2.2004066e-05,auto_accept,low_unc_low_risk
ISIC_0028359,nv,nv,0.23713331,4.1838142e-05,escalate,high_unc_low_risk
ISIC_0030312,nv,df,0.00055286614,0.00023304942,auto_accept,low_unc_low_risk
ISIC_0027499,nv,nv,0.0005797094,7.786234e-06,auto_accept,low_unc_low_risk
ISIC_0024828,nv,nv,0.0013306722,3.889141e-06,auto_accept,low_unc_low_risk
ISIC_0029361,nv,nv,0.0024752757,0.00015394313,auto_accept,low_unc_low_risk
ISIC_0032088,nv,nv,4.1934847e-05,9.760042e-07,auto_accept,low_unc_low_risk
ISIC_0027551,nv,nv,2.7082105e-08,8.477981e-11,auto_accept,low_unc_low_risk
ISIC_0029463,nv,nv,0.015332042,0.0002096593,auto_accept,low_unc_low_risk
ISIC_0033410,bkl,bkl,0.0007284586,8.320426e-05,auto_accept,low_unc_low_risk
ISIC_0027816,nv,nv,0.0025340754,0.0001716604,auto_accept,low_unc_low_risk
ISIC_0031184,nv,nv,0.006096308,7.1151044e-05,auto_accept,low_unc_low_risk
ISIC_0030362,nv,nv,0.00554133,0.00054068136,auto_accept,low_unc_low_risk
ISIC_0033699,nv,nv,0.4633089,0.16990778,escalate,high_unc_low_risk
ISIC_0033714,nv,nv,0.025342608,0.0036700675,auto_accept,low_unc_low_risk
ISIC_0027946,nv,nv,4.9788632e-05,2.730944e-07,auto_accept,low_unc_low_risk
ISIC_0032607,nv,nv,0.00016887266,1.5799698e-05,auto_accept,low_unc_low_risk
ISIC_0024342,nv,nv,0.0012318413,3.2585224e-06,auto_accept,low_unc_low_risk
ISIC_0027412,nv,nv,0.00078145677,5.161174e-05,auto_accept,low_unc_low_risk
ISIC_0031248,nv,nv,1.3489758e-05,3.6658972e-07,auto_accept,low_unc_low_risk
ISIC_0027778,nv,nv,0.00021357121,2.1029236e-06,auto_accept,low_unc_low_risk
ISIC_0031788,nv,nv,0.0043364884,8.170705e-05,auto_accept,low_unc_low_risk
ISIC_0028530,nv,nv,5.214475e-06,2.0902162e-07,auto_accept,low_unc_low_risk
ISIC_0024735,nv,nv,0.00027711116,1.7707065e-06,auto_accept,low_unc_low_risk
ISIC_0031568,nv,nv,4.4554385e-05,3.0663531e-07,auto_accept,low_unc_low_risk
ISIC_0032928,nv,nv,0.0064792186,0.00036399375,auto_accept,low_unc_low_risk
ISIC_0028879,nv,nv,4.2902124e-05,1.5466298e-07,auto_accept,low_unc_low_risk
ISIC_0028790,df,df,0.0029126364,0.02355619,auto_accept,low_unc_low_risk
ISIC_0026106,nv,nv,2.4929097e-06,3.9416708e-08,auto_accept,low_unc_low_risk
ISIC_0030282,nv,nv,0.0015091818,4.1979423e-05,auto_accept,low_unc_low_risk
ISIC_0026969,nv,nv,0.006983253,0.0003916867,auto_accept,low_unc_low_risk
ISIC_0028700,nv,nv,0.00019487804,1.5214592e-08,auto_accept,low_unc_low_risk
ISIC_0029063,nv,nv,0.00022817378,3.6673518e-06,auto_accept,low_unc_low_risk
ISIC_0025053,nv,nv,0.00031863042,2.9058847e-06,auto_accept,low_unc_low_risk
ISIC_0029240,nv,nv,6.98558e-05,4.5042957e-06,auto_accept,low_unc_low_risk
ISIC_0027743,nv,nv,3.2101747e-05,1.579371e-06,auto_accept,low_unc_low_risk
ISIC_0030339,bcc,bcc,0.0010529886,0.99953926,auto_accept,low_unc_low_risk
ISIC_0025949,nv,nv,8.136458e-07,2.6053996e-08,auto_accept,low_unc_low_risk
ISIC_0028421,nv,nv,0.00046636743,1.50503465e-05,auto_accept,low_unc_low_risk
ISIC_0027586,nv,nv,0.0017766792,1.2627394e-06,auto_accept,low_unc_low_risk
ISIC_0028809,nv,nv,0.0001886385,3.927805e-06,auto_accept,low_unc_low_risk
ISIC_0033743,nv,nv,0.10932269,0.0011327745,auto_accept,low_unc_low_risk
ISIC_0030942,nv,nv,0.029272655,0.0018265375,auto_accept,low_unc_low_risk
ISIC_0024917,nv,nv,0.008626206,1.2888492e-05,auto_accept,low_unc_low_risk
ISIC_0028021,nv,nv,0.0023781243,6.5258328e-06,auto_accept,low_unc_low_risk
ISIC_0027032,nv,nv,0.0002298488,1.8043363e-07,auto_accept,low_unc_low_risk
ISIC_0025355,nv,nv,0.010901096,0.00071350555,auto_accept,low_unc_low_risk
ISIC_0031179,nv,nv,0.0032761954,0.0003936985,auto_accept,low_unc_low_risk
ISIC_0033774,nv,nv,0.011762106,0.0012271554,auto_accept,low_unc_low_risk
ISIC_0031873,nv,nv,0.0015228315,2.8546405e-05,auto_accept,low_unc_low_risk
ISIC_0025059,nv,nv,0.0036697474,0.00018394552,auto_accept,low_unc_low_risk
ISIC_0030865,nv,nv,9.544793e-05,3.6930746e-06,auto_accept,low_unc_low_risk
ISIC_0033741,nv,nv,0.008563776,0.00019224088,auto_accept,low_unc_low_risk
ISIC_0028247,nv,nv,0.004939316,0.00051551225,auto_accept,low_unc_low_risk
ISIC_0031894,nv,nv,0.024911191,0.002687429,auto_accept,low_unc_low_risk
ISIC_0032333,nv,nv,0.0010428744,9.9517514e-05,auto_accept,low_unc_low_risk
ISIC_0027647,nv,nv,0.000249929,3.218512e-05,auto_accept,low_unc_low_risk
ISIC_0027014,nv,nv,0.045294553,0.00499672,auto_accept,low_unc_low_risk
ISIC_0028971,nv,nv,0.026081946,0.00045238182,auto_accept,low_unc_low_risk
ISIC_0030169,nv,nv,1.381551e-08,2.452509e-12,auto_accept,low_unc_low_risk
ISIC_0034292,nv,nv,0.0034418632,0.00014270552,auto_accept,low_unc_low_risk
ISIC_0024706,vasc,vasc,6.760633e-05,6.6428884e-06,auto_accept,low_unc_low_risk
ISIC_0024762,nv,nv,0.0008988907,1.0507495e-05,auto_accept,low_unc_low_risk
ISIC_0033238,mel,mel,0.51968634,0.9844982,escalate,high_unc_low_risk
ISIC_0031920,nv,nv,0.00016035835,1.3915408e-08,auto_accept,low_unc_low_risk
ISIC_0033800,nv,nv,0.0003290127,2.6820491e-05,auto_accept,low_unc_low_risk
ISIC_0030715,nv,nv,0.0015599505,2.0581983e-06,auto_accept,low_unc_low_risk
ISIC_0024381,bkl,bkl,1.8552842e-06,1.2133089e-06,auto_accept,low_unc_low_risk
ISIC_0032037,nv,nv,5.8024623e-05,3.023816e-07,auto_accept,low_unc_low_risk
ISIC_0029032,bkl,bkl,0.00048721663,1.041108e-05,auto_accept,low_unc_low_risk
ISIC_0031992,nv,nv,6.632548e-05,8.709769e-07,auto_accept,low_unc_low_risk
ISIC_0031409,nv,nv,7.94341e-06,1.5506099e-07,auto_accept,low_unc_low_risk
ISIC_0028507,nv,nv,0.004941125,0.0004823644,auto_accept,low_unc_low_risk
ISIC_0030658,nv,nv,0.0008705962,6.916602e-05,auto_accept,low_unc_low_risk
ISIC_0027799,nv,nv,0.00030193353,2.8232785e-06,auto_accept,low_unc_low_risk
ISIC_0029154,nv,nv,4.0252915e-05,7.286223e-07,auto_accept,low_unc_low_risk
ISIC_0028682,nv,nv,0.00035153335,1.2104054e-09,auto_accept,low_unc_low_risk
ISIC_0033047,mel,mel,0.010924736,0.99663985,auto_accept,low_unc_low_risk
ISIC_0027212,nv,nv,0.0011041535,2.5904606e-06,auto_accept,low_unc_low_risk
ISIC_0025914,nv,nv,0.031949844,0.0019099604,auto_accept,low_unc_low_risk
ISIC_0024678,nv,nv,0.00454608,4.4666205e-05,auto_accept,low_unc_low_risk
ISIC_0026392,nv,nv,6.479267e-06,7.153935e-08,auto_accept,low_unc_low_risk
ISIC_0027228,nv,nv,0.0019450972,1.1668696e-05,auto_accept,low_unc_low_risk
ISIC_0024988,nv,nv,0.0012142324,7.331697e-05,auto_accept,low_unc_low_risk
ISIC_0025868,nv,nv,0.0010850042,7.0266847e-06,auto_accept,low_unc_low_risk
ISIC_0032159,bkl,bkl,0.00027578906,0.00029332333,auto_accept,low_unc_low_risk
ISIC_0032039,nv,nv,1.8003583e-06,1.6478506e-07,auto_accept,low_unc_low_risk
ISIC_0025966,nv,nv,0.0033374098,3.3511576e-05,auto_accept,low_unc_low_risk
ISIC_0027690,nv,nv,1.9082905e-05,2.7581584e-10,auto_accept,low_unc_low_risk
ISIC_0025578,vasc,vasc,0.00012144351,9.3911694e-05,auto_accept,low_unc_low_risk
ISIC_0030848,nv,nv,3.0860025e-07,7.830751e-10,auto_accept,low_unc_low_risk
ISIC_0033753,nv,nv,0.0059147687,1.9156008e-05,auto_accept,low_unc_low_risk
ISIC_0032450,mel,mel,0.0042548184,0.99978024,auto_accept,low_unc_low_risk
ISIC_0031182,nv,nv,0.001321941,2.895575e-05,auto_accept,low_unc_low_risk
ISIC_0029814,nv,nv,7.916219e-08,8.0540313e-10,auto_accept,low_unc_low_risk
ISIC_0032830,nv,nv,0.016453255,0.00085254427,auto_accept,low_unc_low_risk
ISIC_0026199,nv,nv,0.0005694487,2.1947048e-06,auto_accept,low_unc_low_risk
ISIC_0024645,nv,nv,0.0007515864,7.39595e-05,auto_accept,low_unc_low_risk
ISIC_0028405,nv,nv,0.011169402,5.0335175e-06,auto_accept,low_unc_low_risk
ISIC_0030212,nv,nv,0.0016172209,6.2675286e-07,auto_accept,low_unc_low_risk
ISIC_0025043,nv,nv,0.0011351742,8.270905e-05,auto_accept,low_unc_low_risk
ISIC_0025590,nv,nv,4.5105917e-06,1.8399271e-07,auto_accept,low_unc_low_risk
ISIC_0029200,nv,nv,0.0025657844,8.096594e-05,auto_accept,low_unc_low_risk
ISIC_0034208,mel,mel,0.019173587,0.9966893,auto_accept,low_unc_low_risk
ISIC_0033818,nv,nv,0.24238327,0.090590335,escalate,high_unc_low_risk
ISIC_0026708,nv,nv,7.914777e-05,6.628435e-06,auto_accept,low_unc_low_risk
ISIC_0032565,nv,mel,0.0402311,0.9888987,auto_accept,low_unc_low_risk
ISIC_0028149,nv,nv,0.041447,0.005175441,auto_accept,low_unc_low_risk
ISIC_0034044,nv,nv,0.00027050785,9.484255e-07,auto_accept,low_unc_low_risk
ISIC_0029769,nv,nv,0.027542688,0.0016027458,auto_accept,low_unc_low_risk
ISIC_0029959,nv,nv,0.016246568,0.002340287,auto_accept,low_unc_low_risk
ISIC_0030283,vasc,vasc,5.754804e-05,6.3895476e-07,auto_accept,low_unc_low_risk
ISIC_0028521,nv,nv,2.2724397e-07,6.1624034e-10,auto_accept,low_unc_low_risk
ISIC_0030092,nv,nv,0.00084268197,7.6315344e-05,auto_accept,low_unc_low_risk
ISIC_0027086,nv,bkl,0.3743162,0.0025973977,escalate,high_unc_low_risk
ISIC_0030236,nv,nv,0.0008846005,6.6316215e-06,auto_accept,low_unc_low_risk
ISIC_0030300,nv,nv,0.0005453715,2.5812773e-05,auto_accept,low_unc_low_risk
ISIC_0034081,nv,nv,0.00092787395,2.1120639e-05,auto_accept,low_unc_low_risk
ISIC_0033583,bkl,bkl,0.0004979691,1.8841842e-05,auto_accept,low_unc_low_risk
ISIC_0026198,nv,nv,0.013726677,0.0001002036,auto_accept,low_unc_low_risk
ISIC_0029255,nv,nv,5.204412e-07,8.01477e-10,auto_accept,low_unc_low_risk
ISIC_0033632,nv,nv,0.019154942,0.0005519578,auto_accept,low_unc_low_risk
ISIC_0030466,nv,nv,2.433097e-06,5.3834135e-08,auto_accept,low_unc_low_risk
ISIC_0029625,nv,nv,0.00015457149,1.9964233e-05,auto_accept,low_unc_low_risk
ISIC_0033731,nv,nv,0.34145057,0.11854171,escalate,high_unc_low_risk
ISIC_0028864,nv,nv,0.00020356577,4.1662715e-06,auto_accept,low_unc_low_risk
ISIC_0027626,df,df,0.0025657355,0.001888771,auto_accept,low_unc_low_risk
ISIC_0025072,nv,nv,6.785399e-05,1.9608776e-06,auto_accept,low_unc_low_risk
ISIC_0033671,nv,nv,0.013192237,0.00057442277,auto_accept,low_unc_low_risk
ISIC_0026202,nv,nv,0.017306846,0.000125254,auto_accept,low_unc_low_risk
ISIC_0026986,nv,nv,7.957724e-05,2.6812788e-07,auto_accept,low_unc_low_risk
ISIC_0026098,nv,nv,0.0006125381,5.411856e-06,auto_accept,low_unc_low_risk
ISIC_0029649,nv,nv,0.014465449,0.0023212535,auto_accept,low_unc_low_risk
ISIC_0026240,nv,nv,0.029700097,0.0030488318,auto_accept,low_unc_low_risk
ISIC_0033841,nv,nv,3.837394e-05,3.2243888e-06,auto_accept,low_unc_low_risk
ISIC_0034193,nv,nv,0.00023207691,1.8597273e-05,auto_accept,low_unc_low_risk
ISIC_0031053,nv,nv,3.1462303e-05,2.4682029e-06,auto_accept,low_unc_low_risk
ISIC_0033474,nv,nv,0.078502774,0.0021989313,auto_accept,low_unc_low_risk
ISIC_0025062,nv,nv,0.065547414,0.014231152,auto_accept,low_unc_low_risk
ISIC_0026740,nv,nv,0.006185568,0.00016395922,auto_accept,low_unc_low_risk
ISIC_0029596,bkl,bkl,0.009343916,0.00625752,auto_accept,low_unc_low_risk
ISIC_0024713,nv,nv,0.0008754114,1.2990541e-05,auto_accept,low_unc_low_risk
ISIC_0028360,nv,nv,2.991369e-06,5.95317e-08,auto_accept,low_unc_low_risk
ISIC_0027966,bcc,bcc,0.015278907,0.994528,auto_accept,low_unc_low_risk
ISIC_0032985,mel,mel,0.0042272084,0.9992461,auto_accept,low_unc_low_risk
ISIC_0030161,nv,nv,0.016977072,0.0014849628,auto_accept,low_unc_low_risk
ISIC_0033880,nv,nv,0.0011340115,3.1242882e-05,auto_accept,low_unc_low_risk
ISIC_0027073,nv,nv,0.6215201,2.165236e-08,escalate,high_unc_low_risk
ISIC_0026189,nv,nv,6.461942e-05,6.7776e-09,auto_accept,low_unc_low_risk
ISIC_0024978,nv,nv,0.0002856124,2.667445e-07,auto_accept,low_unc_low_risk
ISIC_0033918,nv,nv,0.0002132578,6.770335e-06,auto_accept,low_unc_low_risk
ISIC_0029317,nv,nv,0.0002227079,1.572775e-05,auto_accept,low_unc_low_risk
ISIC_0027596,nv,nv,0.008916761,6.796661e-05,auto_accept,low_unc_low_risk
ISIC_0032499,nv,nv,2.2492504e-05,6.2400346e-08,auto_accept,low_unc_low_risk
ISIC_0027750,nv,nv,5.2969713e-06,4.4927777e-09,auto_accept,low_unc_low_risk
ISIC_0029586,nv,nv,0.09569655,6.768831e-06,auto_accept,low_unc_low_risk
ISIC_0026471,df,df,0.0064368877,0.00036488142,auto_accept,low_unc_low_risk
ISIC_0033352,nv,nv,0.0012154577,1.897224e-05,auto_accept,low_unc_low_risk
ISIC_0027757,nv,nv,0.020585485,0.0032051743,auto_accept,low_unc_low_risk
ISIC_0032266,nv,nv,0.00030730007,1.2592095e-07,auto_accept,low_unc_low_risk
ISIC_0030200,nv,nv,3.5247497e-06,6.244677e-08,auto_accept,low_unc_low_risk
ISIC_0027020,nv,nv,1.4024093e-08,9.246078e-11,auto_accept,low_unc_low_risk
ISIC_0027307,nv,nv,7.5371376e-05,1.772007e-08,auto_accept,low_unc_low_risk
ISIC_0029641,nv,nv,0.067839116,0.011670285,auto_accept,low_unc_low_risk
ISIC_0025881,nv,nv,0.0030867807,6.8720125e-05,auto_accept,low_unc_low_risk
ISIC_0030811,nv,nv,1.3837602e-05,5.8230976e-09,auto_accept,low_unc_low_risk
ISIC_0032494,nv,nv,0.006027913,0.0005420064,auto_accept,low_unc_low_risk
ISIC_0031051,nv,nv,2.1047168e-05,1.7248966e-07,auto_accept,low_unc_low_risk
ISIC_0028784,nv,nv,0.00016868523,1.01117045e-07,auto_accept,low_unc_low_risk
ISIC_0029708,nv,nv,0.0018984069,2.5115005e-05,auto_accept,low_unc_low_risk
ISIC_0032713,nv,nv,0.15366803,0.041393705,escalate,high_unc_low_risk
ISIC_0024576,nv,nv,0.0045629535,8.3283325e-05,auto_accept,low_unc_low_risk
ISIC_0026727,nv,nv,2.0670464e-06,4.163627e-10,auto_accept,low_unc_low_risk
ISIC_0025933,nv,nv,0.00028341176,1.0552834e-05,auto_accept,low_unc_low_risk
ISIC_0025251,nv,nv,0.0020438533,1.2441338e-06,auto_accept,low_unc_low_risk
ISIC_0024906,nv,nv,0.0026829673,6.6770815e-05,auto_accept,low_unc_low_risk
ISIC_0031736,nv,nv,0.00016878132,3.807007e-06,auto_accept,low_unc_low_risk
ISIC_0028152,nv,nv,0.016574545,0.000768784,auto_accept,low_unc_low_risk
ISIC_0024807,nv,nv,0.00019480179,3.3572054e-08,auto_accept,low_unc_low_risk
ISIC_0027729,nv,nv,0.03711075,0.0008545825,auto_accept,low_unc_low_risk
ISIC_0030617,nv,nv,0.0033686233,5.583395e-06,auto_accept,low_unc_low_risk
ISIC_0027485,nv,nv,0.014755494,2.4408519e-05,auto_accept,low_unc_low_risk
ISIC_0026576,bkl,bkl,0.016964773,1.8147456e-06,auto_accept,low_unc_low_risk
ISIC_0033398,nv,bcc,0.003579858,0.9995808,auto_accept,low_unc_low_risk
ISIC_0031494,mel,nv,0.0004600041,2.0305222e-05,auto_accept,low_unc_low_risk
ISIC_0032533,mel,nv,0.0047739083,0.00017046854,auto_accept,low_unc_low_risk
ISIC_0027164,nv,nv,5.4855773e-06,7.340647e-08,auto_accept,low_unc_low_risk
ISIC_0030100,nv,nv,0.0008458551,3.9439797e-08,auto_accept,low_unc_low_risk
ISIC_0026325,nv,nv,0.0020012823,5.345612e-07,auto_accept,low_unc_low_risk
ISIC_0033837,nv,nv,0.09155479,0.017501554,auto_accept,low_unc_low_risk
ISIC_0030632,nv,nv,0.00011588318,2.9282905e-06,auto_accept,low_unc_low_risk
ISIC_0033495,nv,nv,6.152839e-05,8.387827e-06,auto_accept,low_unc_low_risk
ISIC_0029800,nv,nv,0.0012747791,5.554817e-05,auto_accept,low_unc_low_risk
ISIC_0031130,bkl,bkl,0.00057408656,9.036101e-05,auto_accept,low_unc_low_risk
ISIC_0027572,nv,nv,0.0037422238,2.7739372e-05,auto_accept,low_unc_low_risk
ISIC_0029096,nv,nv,4.5971865e-05,1.337573e-06,auto_accept,low_unc_low_risk
ISIC_0030380,nv,nv,0.002047841,1.4591575e-05,auto_accept,low_unc_low_risk
ISIC_0033045,nv,nv,0.009494171,0.00028163558,auto_accept,low_unc_low_risk
ISIC_0027938,nv,nv,0.0054917876,0.00030868693,auto_accept,low_unc_low_risk
ISIC_0031391,nv,nv,0.00015493392,2.2561217e-07,auto_accept,low_unc_low_risk
ISIC_0026673,nv,nv,2.8359827e-06,3.7641805e-09,auto_accept,low_unc_low_risk
ISIC_0024663,nv,nv,0.0005644843,1.6528995e-05,auto_accept,low_unc_low_risk
ISIC_0026880,nv,nv,0.0015108003,7.929465e-06,auto_accept,low_unc_low_risk
ISIC_0031947,nv,nv,0.0011127571,2.0907294e-06,auto_accept,low_unc_low_risk
ISIC_0032728,nv,nv,0.0002470613,5.7847647e-06,auto_accept,low_unc_low_risk
ISIC_0026300,nv,nv,0.00032769097,3.311494e-06,auto_accept,low_unc_low_risk
ISIC_0026951,nv,nv,0.011616634,0.0017430353,auto_accept,low_unc_low_risk
ISIC_0026093,nv,nv,5.022647e-06,2.118385e-08,auto_accept,low_unc_low_risk
ISIC_0033259,nv,nv,0.0023401305,3.7904716e-05,auto_accept,low_unc_low_risk
ISIC_0028038,nv,nv,0.00046799344,7.473069e-06,auto_accept,low_unc_low_risk
ISIC_0025820,nv,nv,0.002924427,0.00028780958,auto_accept,low_unc_low_risk
ISIC_0033653,mel,mel,0.5123683,0.7173847,escalate,high_unc_low_risk
ISIC_0028004,nv,nv,3.739806e-08,5.979745e-11,auto_accept,low_unc_low_risk
ISIC_0033914,nv,nv,0.20479019,0.026223192,escalate,high_unc_low_risk
ISIC_0025052,nv,nv,0.0013920073,7.0238507e-06,auto_accept,low_unc_low_risk
ISIC_0029734,nv,nv,1.0795346e-05,1.1014299e-07,auto_accept,low_unc_low_risk
ISIC_0029829,nv,nv,6.29064e-05,1.7260649e-06,auto_accept,low_unc_low_risk
ISIC_0025496,nv,nv,0.0004479777,1.7835535e-07,auto_accept,low_unc_low_risk
ISIC_0024534,nv,nv,0.0024121213,1.5124084e-05,auto_accept,low_unc_low_risk
ISIC_0031340,nv,nv,0.00027607227,1.0042172e-05,auto_accept,low_unc_low_risk
ISIC_0033109,nv,nv,0.016109586,0.0014510183,auto_accept,low_unc_low_risk
ISIC_0028257,nv,nv,8.7353826e-08,1.01786815e-10,auto_accept,low_unc_low_risk
ISIC_0029906,nv,nv,0.0054151374,0.00015976973,auto_accept,low_unc_low_risk
ISIC_0031883,nv,nv,0.29939154,0.00077087106,escalate,high_unc_low_risk
ISIC_0028541,nv,nv,6.730149e-05,2.2941376e-06,auto_accept,low_unc_low_risk
ISIC_0029832,nv,nv,0.00028680087,5.8485516e-06,auto_accept,low_unc_low_risk
ISIC_0033316,nv,nv,0.014248548,0.002252517,auto_accept,low_unc_low_risk
ISIC_0031842,nv,nv,2.2721093e-07,2.3022495e-12,auto_accept,low_unc_low_risk
ISIC_0025498,nv,nv,6.521458e-07,6.8030106e-09,auto_accept,low_unc_low_risk
ISIC_0026801,nv,nv,5.438309e-07,3.992767e-09,auto_accept,low_unc_low_risk
ISIC_0029993,nv,nv,0.003084056,0.00017037382,auto_accept,low_unc_low_risk
ISIC_0027891,nv,nv,0.00016135506,3.72943e-07,auto_accept,low_unc_low_risk
ISIC_0026428,nv,nv,7.502294e-08,8.553023e-10,auto_accept,low_unc_low_risk
ISIC_0029523,nv,nv,5.8541467e-05,4.950568e-08,auto_accept,low_unc_low_risk
ISIC_0025943,nv,nv,1.1411449e-05,1.6734094e-07,auto_accept,low_unc_low_risk
ISIC_0024659,nv,nv,4.1947533e-05,1.0838912e-06,auto_accept,low_unc_low_risk
ISIC_0032260,nv,nv,0.0010138509,0.000108731096,auto_accept,low_unc_low_risk
ISIC_0033623,nv,nv,0.00032988336,1.1792041e-05,auto_accept,low_unc_low_risk
ISIC_0030216,nv,nv,0.005449932,0.0003430713,auto_accept,low_unc_low_risk
ISIC_0025074,nv,nv,0.017456714,0.002058385,auto_accept,low_unc_low_risk
ISIC_0033811,akiec,bkl,0.4596083,0.07904431,escalate,high_unc_low_risk
ISIC_0027002,nv,nv,0.014636767,0.0026339304,auto_accept,low_unc_low_risk
ISIC_0026165,nv,nv,0.0036400214,0.00017567707,auto_accept,low_unc_low_risk
ISIC_0024883,bkl,nv,0.01676229,0.0028209784,auto_accept,low_unc_low_risk
ISIC_0030307,nv,nv,0.02435125,2.1610462e-05,auto_accept,low_unc_low_risk
ISIC_0029022,bkl,bkl,0.00024694606,1.0329076e-05,auto_accept,low_unc_low_risk
ISIC_0030626,nv,nv,0.017680539,0.002256445,auto_accept,low_unc_low_risk
ISIC_0030379,nv,nv,0.023523126,0.0027219157,auto_accept,low_unc_low_risk
ISIC_0025878,nv,nv,7.89986e-05,5.8972955e-07,auto_accept,low_unc_low_risk
ISIC_0033892,nv,nv,0.0003365406,6.8423396e-06,auto_accept,low_unc_low_risk
ISIC_0029870,nv,nv,0.003994621,6.1655424e-05,auto_accept,low_unc_low_risk
ISIC_0031235,nv,nv,0.000116178395,9.338569e-07,auto_accept,low_unc_low_risk
ISIC_0031282,nv,nv,0.0008715495,2.567244e-06,auto_accept,low_unc_low_risk
ISIC_0026059,nv,nv,4.6900954e-08,1.6164477e-10,auto_accept,low_unc_low_risk
ISIC_0027377,nv,nv,0.00018373747,9.209943e-06,auto_accept,low_unc_low_risk
ISIC_0028073,nv,nv,2.2413045e-05,1.2804772e-06,auto_accept,low_unc_low_risk
ISIC_0025190,nv,nv,3.1442661e-07,1.6328097e-09,auto_accept,low_unc_low_risk
ISIC_0026309,nv,nv,0.20382534,0.048847392,escalate,high_unc_low_risk
ISIC_0030875,nv,nv,3.820966e-06,9.255336e-12,auto_accept,low_unc_low_risk
ISIC_0028831,nv,nv,0.074162655,0.0148844225,auto_accept,low_unc_low_risk
ISIC_0025091,nv,nv,0.0005811746,1.5308551e-05,auto_accept,low_unc_low_risk
ISIC_0028612,nv,nv,0.0037584945,0.00041112278,auto_accept,low_unc_low_risk
ISIC_0025817,nv,nv,0.002730194,0.00034995016,auto_accept,low_unc_low_risk
ISIC_0033382,nv,nv,0.09582811,1.4726055e-05,auto_accept,low_unc_low_risk
ISIC_0033649,nv,nv,0.03489757,0.0022234377,auto_accept,low_unc_low_risk
ISIC_0026997,nv,nv,4.2075528e-05,3.3604508e-07,auto_accept,low_unc_low_risk
ISIC_0032996,nv,nv,0.009017495,0.00012500046,auto_accept,low_unc_low_risk
ISIC_0030315,nv,nv,1.4786907e-05,9.4007066e-07,auto_accept,low_unc_low_risk
ISIC_0026110,nv,nv,0.00308729,0.0001640149,auto_accept,low_unc_low_risk
ISIC_0025087,nv,nv,6.3829706e-05,7.167557e-07,auto_accept,low_unc_low_risk
ISIC_0028341,nv,nv,1.397093e-05,2.0223206e-07,auto_accept,low_unc_low_risk
ISIC_0028802,nv,nv,0.0028297743,0.00010826883,auto_accept,low_unc_low_risk
ISIC_0030103,nv,nv,0.053123116,0.0010968978,auto_accept,low_unc_low_risk
ISIC_0030431,nv,nv,2.3659366e-08,4.2346024e-10,auto_accept,low_unc_low_risk
ISIC_0031279,nv,nv,0.0004183616,3.348277e-06,auto_accept,low_unc_low_risk
ISIC_0026943,nv,nv,0.003017443,2.0557505e-05,auto_accept,low_unc_low_risk
ISIC_0033939,nv,nv,0.0014309937,1.5675058e-05,auto_accept,low_unc_low_risk
ISIC_0028334,nv,nv,0.00017334404,2.5810357e-06,auto_accept,low_unc_low_risk
ISIC_0025469,nv,nv,0.024065899,0.001765292,auto_accept,low_unc_low_risk
ISIC_0027860,nv,nv,6.2377476e-05,4.0966206e-06,auto_accept,low_unc_low_risk
ISIC_0026965,nv,nv,0.001120531,4.237294e-05,auto_accept,low_unc_low_risk
ISIC_0031688,nv,nv,0.005042265,6.531143e-05,auto_accept,low_unc_low_risk
ISIC_0025532,nv,nv,0.0005194454,1.7870256e-05,auto_accept,low_unc_low_risk
ISIC_0031144,nv,nv,2.1407866e-05,1.5437769e-07,auto_accept,low_unc_low_risk
ISIC_0029605,nv,nv,0.0009976102,2.3099929e-06,auto_accept,low_unc_low_risk
ISIC_0024568,nv,nv,4.792838e-05,7.954505e-07,auto_accept,low_unc_low_risk
ISIC_0024627,nv,nv,0.00036965238,1.8934319e-05,auto_accept,low_unc_low_risk
ISIC_0025048,nv,nv,7.974513e-05,2.3802895e-06,auto_accept,low_unc_low_risk
ISIC_0028963,nv,nv,0.0036850753,0.0002808732,auto_accept,low_unc_low_risk
ISIC_0027567,nv,nv,0.0023968965,9.043746e-05,auto_accept,low_unc_low_risk
ISIC_0029925,nv,nv,0.0006143719,7.501014e-05,auto_accept,low_unc_low_risk
ISIC_0025937,bkl,bkl,0.027795793,0.011559054,auto_accept,low_unc_low_risk
ISIC_0031979,nv,nv,0.25233442,0.054520924,escalate,high_unc_low_risk
ISIC_0029540,nv,nv,0.0013436859,1.5826699e-06,auto_accept,low_unc_low_risk
ISIC_0031271,df,df,8.934352e-08,4.4642665e-08,auto_accept,low_unc_low_risk
ISIC_0029553,nv,mel,0.7184965,0.4247332,escalate,high_unc_low_risk
ISIC_0031587,nv,nv,4.239554e-06,3.927322e-08,auto_accept,low_unc_low_risk
ISIC_0033568,mel,nv,0.060930938,0.009082977,auto_accept,low_unc_low_risk
ISIC_0032406,nv,nv,9.559825e-06,9.4347286e-09,auto_accept,low_unc_low_risk
ISIC_0028153,nv,nv,0.015288897,0.0013828828,auto_accept,low_unc_low_risk
ISIC_0025775,nv,nv,0.0002455141,2.8585976e-07,auto_accept,low_unc_low_risk
ISIC_0027920,bcc,bcc,0.00048406894,0.9929919,auto_accept,low_unc_low_risk
ISIC_0034126,bkl,bkl,0.02299549,0.00014868387,auto_accept,low_unc_low_risk
ISIC_0026463,nv,nv,0.071991086,0.0118328035,auto_accept,low_unc_low_risk
ISIC_0024397,nv,nv,0.00012945021,8.0263426e-08,auto_accept,low_unc_low_risk
ISIC_0028522,nv,nv,0.0020088363,7.8322635e-05,auto_accept,low_unc_low_risk
ISIC_0030600,nv,nv,0.00010890329,6.2699833e-06,auto_accept,low_unc_low_risk
ISIC_0025426,nv,nv,1.4805482e-06,1.6074685e-08,auto_accept,low_unc_low_risk
ISIC_0033202,nv,nv,0.009507152,0.0010054988,auto_accept,low_unc_low_risk
ISIC_0032026,nv,nv,0.0020772596,0.00029281425,auto_accept,low_unc_low_risk
ISIC_0027763,nv,nv,0.018330453,1.7744946e-05,auto_accept,low_unc_low_risk
ISIC_0027831,bkl,bkl,0.0021993818,0.0045301514,auto_accept,low_unc_low_risk
ISIC_0030764,nv,nv,0.0010403816,5.8810247e-06,auto_accept,low_unc_low_risk
ISIC_0028564,nv,nv,0.003349574,9.196853e-05,auto_accept,low_unc_low_risk
ISIC_0026006,nv,nv,0.00016590198,9.1212155e-07,auto_accept,low_unc_low_risk
ISIC_0032864,nv,nv,0.0011777277,0.00013427844,auto_accept,low_unc_low_risk
ISIC_0029803,nv,nv,0.0073803063,0.0015225086,auto_accept,low_unc_low_risk
ISIC_0026308,nv,nv,0.00045756204,1.6983755e-05,auto_accept,low_unc_low_risk
ISIC_0029839,mel,nv,0.027162012,0.007266914,auto_accept,low_unc_low_risk
ISIC_0024643,bkl,bkl,0.0024246266,4.9736776e-05,auto_accept,low_unc_low_risk
ISIC_0029960,nv,nv,0.00015461721,6.296252e-06,auto_accept,low_unc_low_risk
ISIC_0031613,nv,nv,0.11280786,0.01358939,auto_accept,low_unc_low_risk
ISIC_0033207,nv,nv,0.0055166013,0.0006321224,auto_accept,low_unc_low_risk
ISIC_0029117,nv,nv,7.909328e-05,4.2711276e-06,auto_accept,low_unc_low_risk
ISIC_0025938,nv,nv,0.12081589,5.6882633e-05,auto_accept,low_unc_low_risk
ISIC_0032749,nv,nv,0.010627717,0.00020247877,auto_accept,low_unc_low_risk
ISIC_0030921,nv,nv,0.00091477064,6.964606e-05,auto_accept,low_unc_low_risk
ISIC_0025979,nv,nv,0.02737488,0.0007797197,auto_accept,low_unc_low_risk
ISIC_0028636,nv,nv,0.0069774254,0.00029450865,auto_accept,low_unc_low_risk
ISIC_0028801,nv,nv,0.011582379,1.6727581e-05,auto_accept,low_unc_low_risk
ISIC_0029183,nv,nv,0.14153358,0.0030937148,escalate,high_unc_low_risk
ISIC_0032734,nv,nv,0.00020470003,9.3015915e-06,auto_accept,low_unc_low_risk
ISIC_0031946,nv,nv,0.00026218136,2.4211002e-05,auto_accept,low_unc_low_risk
ISIC_0027035,nv,nv,4.1661357e-07,6.099366e-09,auto_accept,low_unc_low_risk
ISIC_0028244,nv,nv,0.0059286878,0.00025458785,auto_accept,low_unc_low_risk
ISIC_0026977,nv,nv,3.494083e-07,2.0611704e-08,auto_accept,low_unc_low_risk
ISIC_0032474,nv,nv,0.0007694682,1.0001849e-05,auto_accept,low_unc_low_risk
ISIC_0027123,nv,nv,2.7253378e-05,7.869821e-07,auto_accept,low_unc_low_risk
ISIC_0031615,nv,nv,0.002561931,1.2220159e-05,auto_accept,low_unc_low_risk
ISIC_0033959,nv,nv,0.10416544,0.00072103937,auto_accept,low_unc_low_risk
ISIC_0034098,nv,nv,7.342667e-05,5.788777e-06,auto_accept,low_unc_low_risk
ISIC_0031590,nv,nv,0.0037345444,1.8813364e-05,auto_accept,low_unc_low_risk
ISIC_0033865,bkl,bkl,0.0006544762,5.440223e-06,auto_accept,low_unc_low_risk
ISIC_0026505,nv,nv,1.2028934e-06,5.5835965e-08,auto_accept,low_unc_low_risk
ISIC_0027674,nv,nv,0.0002566042,2.4408844e-05,auto_accept,low_unc_low_risk
ISIC_0029270,bkl,bkl,0.00043185832,7.692976e-05,auto_accept,low_unc_low_risk
ISIC_0029077,nv,nv,0.0043195616,3.2132524e-05,auto_accept,low_unc_low_risk
ISIC_0028025,nv,nv,0.0013479673,8.427139e-05,auto_accept,low_unc_low_risk
ISIC_0034250,nv,nv,0.0027989617,5.9619865e-06,auto_accept,low_unc_low_risk
ISIC_0027918,nv,nv,7.2813775e-05,3.1975242e-06,auto_accept,low_unc_low_risk
ISIC_0033117,mel,mel,0.29780543,0.8726144,escalate,high_unc_low_risk
ISIC_0030805,nv,nv,4.78227e-05,1.1578432e-07,auto_accept,low_unc_low_risk
ISIC_0024565,nv,nv,0.0006693094,3.2760014e-05,auto_accept,low_unc_low_risk
ISIC_0029307,nv,nv,1.0582069e-05,7.465837e-08,auto_accept,low_unc_low_risk
ISIC_0033543,nv,nv,0.00011102463,3.3306396e-06,auto_accept,low_unc_low_risk
ISIC_0024536,nv,nv,0.00014926147,4.594826e-06,auto_accept,low_unc_low_risk
ISIC_0028742,nv,nv,0.00017809891,5.18458e-07,auto_accept,low_unc_low_risk
ISIC_0030719,nv,nv,0.008689587,3.6543122e-05,auto_accept,low_unc_low_risk
ISIC_0031027,nv,nv,0.016075198,0.0011278518,auto_accept,low_unc_low_risk
ISIC_0026160,nv,nv,0.00036203722,6.6973903e-06,auto_accept,low_unc_low_risk
ISIC_0025545,nv,nv,0.0017283967,2.8992723e-05,auto_accept,low_unc_low_risk
ISIC_0026683,nv,nv,9.678224e-07,2.6454192e-08,auto_accept,low_unc_low_risk
ISIC_0028595,nv,nv,0.00016337629,7.619185e-09,auto_accept,low_unc_low_risk
ISIC_0032210,nv,nv,0.007321574,1.3844395e-05,auto_accept,low_unc_low_risk
ISIC_0026570,nv,nv,0.00011722407,3.8079802e-06,auto_accept,low_unc_low_risk
ISIC_0029294,nv,nv,0.002692403,8.828515e-05,auto_accept,low_unc_low_risk
ISIC_0032795,nv,nv,0.02752163,0.0035068362,auto_accept,low_unc_low_risk
ISIC_0028737,nv,nv,1.381551e-08,2.7085471e-11,auto_accept,low_unc_low_risk
ISIC_0031313,nv,nv,0.00087112933,2.1596243e-06,auto_accept,low_unc_low_risk
ISIC_0025796,nv,nv,0.0031667228,0.000287957,auto_accept,low_unc_low_risk
ISIC_0030931,nv,nv,0.000105087995,3.346336e-06,auto_accept,low_unc_low_risk
ISIC_0028318,nv,nv,1.8144432e-05,1.7322324e-07,auto_accept,low_unc_low_risk
ISIC_0029410,nv,nv,0.0032409874,0.00021810892,auto_accept,low_unc_low_risk
ISIC_0025580,nv,nv,0.0022867604,9.674919e-05,auto_accept,low_unc_low_risk
ISIC_0031771,nv,nv,0.086799175,0.0005821979,auto_accept,low_unc_low_risk
ISIC_0030558,nv,nv,1.7889955e-05,6.681504e-08,auto_accept,low_unc_low_risk
ISIC_0028157,nv,nv,1.3405622e-06,7.4052617e-09,auto_accept,low_unc_low_risk
ISIC_0032401,nv,nv,0.0006580683,2.3292207e-06,auto_accept,low_unc_low_risk
ISIC_0030253,nv,nv,0.023911767,0.0013256996,auto_accept,low_unc_low_risk
ISIC_0033120,mel,nv,0.01584853,0.00069530366,auto_accept,low_unc_low_risk
ISIC_0025916,nv,nv,0.006042897,3.1265477e-05,auto_accept,low_unc_low_risk
ISIC_0029670,nv,nv,4.5885125e-05,3.7883336e-07,auto_accept,low_unc_low_risk
ISIC_0027444,nv,nv,0.029102389,0.0037339726,auto_accept,low_unc_low_risk
ISIC_0032064,nv,nv,0.001257365,1.3558379e-05,auto_accept,low_unc_low_risk
ISIC_0025399,nv,nv,3.0524764e-06,1.2282536e-07,auto_accept,low_unc_low_risk
ISIC_0031544,nv,nv,0.01529011,0.00018511557,auto_accept,low_unc_low_risk
ISIC_0027460,nv,nv,0.039257597,0.00032892372,auto_accept,low_unc_low_risk
ISIC_0024498,bkl,bkl,0.0046496014,0.00041902607,auto_accept,low_unc_low_risk
ISIC_0027347,nv,nv,0.00221015,6.3365235e-07,auto_accept,low_unc_low_risk
ISIC_0033830,nv,nv,0.04653847,0.00034638814,auto_accept,low_unc_low_risk
ISIC_0027217,nv,nv,2.3989016e-05,1.0386439e-06,auto_accept,low_unc_low_risk
ISIC_0030799,nv,nv,2.7125577e-07,7.53585e-09,auto_accept,low_unc_low_risk
ISIC_0027913,nv,nv,1.7689837e-05,3.3743266e-08,auto_accept,low_unc_low_risk
ISIC_0026612,nv,nv,3.052828e-05,2.978969e-08,auto_accept,low_unc_low_risk
ISIC_0033216,mel,nv,0.01336498,0.00037576733,auto_accept,low_unc_low_risk
ISIC_0025747,nv,nv,0.04406932,0.0063737542,auto_accept,low_unc_low_risk
ISIC_0033227,nv,nv,0.022129375,0.0020959987,auto_accept,low_unc_low_risk
ISIC_0029197,nv,nv,7.692502e-05,4.531959e-06,auto_accept,low_unc_low_risk
ISIC_0031682,nv,nv,0.0052009774,6.6724107e-07,auto_accept,low_unc_low_risk
ISIC_0025365,nv,nv,0.0021706931,2.1213007e-05,auto_accept,low_unc_low_risk
ISIC_0025290,nv,nv,0.009060681,0.00038114146,auto_accept,low_unc_low_risk
ISIC_0027080,nv,nv,2.349866e-06,4.5880032e-08,auto_accept,low_unc_low_risk
ISIC_0029023,nv,nv,0.07922077,0.0031170098,auto_accept,low_unc_low_risk
ISIC_0031703,nv,nv,9.142876e-07,3.6119303e-08,auto_accept,low_unc_low_risk
ISIC_0024455,nv,nv,0.00017514327,1.0848947e-05,auto_accept,low_unc_low_risk
ISIC_0032452,nv,nv,0.010594724,1.3553983e-05,auto_accept,low_unc_low_risk
ISIC_0027015,nv,nv,1.8107783e-06,1.748978e-07,auto_accept,low_unc_low_risk
ISIC_0026508,nv,nv,0.00076022395,6.9731946e-06,auto_accept,low_unc_low_risk
ISIC_0033003,nv,nv,0.017209379,0.0010189262,auto_accept,low_unc_low_risk
ISIC_0033006,nv,nv,4.175607e-05,3.2556025e-06,auto_accept,low_unc_low_risk
ISIC_0027039,nv,nv,5.1458983e-06,1.8418355e-07,auto_accept,low_unc_low_risk
ISIC_0031887,nv,nv,0.66222376,0.23312974,escalate,high_unc_low_risk
ISIC_0030908,nv,nv,0.0021466906,0.00028064358,auto_accept,low_unc_low_risk
ISIC_0028510,nv,nv,0.001421024,5.980854e-05,auto_accept,low_unc_low_risk
ISIC_0028466,nv,nv,0.0008841746,8.038958e-06,auto_accept,low_unc_low_risk
ISIC_0025283,nv,nv,1.8019023e-08,6.97382e-12,auto_accept,low_unc_low_risk
ISIC_0025273,nv,nv,0.011056154,0.00012929665,auto_accept,low_unc_low_risk
ISIC_0032754,nv,nv,0.004641589,0.00038371314,auto_accept,low_unc_low_risk
ISIC_0033819,mel,mel,0.0009814751,0.99969625,auto_accept,low_unc_low_risk
ISIC_0026004,nv,nv,5.262158e-07,3.3255168e-09,auto_accept,low_unc_low_risk
ISIC_0032896,nv,nv,0.0029190043,1.0268928e-06,auto_accept,low_unc_low_risk
ISIC_0031869,nv,nv,0.00036060537,2.643907e-06,auto_accept,low_unc_low_risk
ISIC_0030949,nv,nv,4.4615717e-06,6.6680066e-09,auto_accept,low_unc_low_risk
ISIC_0030544,nv,nv,5.7512725e-08,9.9591016e-11,auto_accept,low_unc_low_risk
ISIC_0031139,nv,nv,0.00021247043,1.7010218e-06,auto_accept,low_unc_low_risk
ISIC_0027758,nv,nv,0.008638547,5.6859633e-05,auto_accept,low_unc_low_risk
ISIC_0030903,nv,nv,1.940826e-06,6.3260517e-09,auto_accept,low_unc_low_risk
ISIC_0028125,nv,nv,0.0027098723,7.051758e-05,auto_accept,low_unc_low_risk
ISIC_0024677,nv,nv,1.9534e-06,7.696711e-10,auto_accept,low_unc_low_risk
ISIC_0028268,nv,nv,0.00035745965,3.432625e-05,auto_accept,low_unc_low_risk
ISIC_0029346,nv,nv,0.0059336494,1.0680654e-06,auto_accept,low_unc_low_risk
ISIC_0029165,nv,nv,0.05176657,2.4987692e-06,auto_accept,low_unc_low_risk
ISIC_0031188,nv,nv,0.013176911,0.00025269605,auto_accept,low_unc_low_risk
ISIC_0024945,nv,nv,0.00014550507,2.4613228e-06,auto_accept,low_unc_low_risk
ISIC_0030676,nv,nv,3.019051e-07,1.0115635e-08,auto_accept,low_unc_low_risk
ISIC_0030832,nv,nv,0.0012428529,7.4432835e-05,auto_accept,low_unc_low_risk
ISIC_0033408,nv,nv,1.7110011e-05,9.2157785e-07,auto_accept,low_unc_low_risk
ISIC_0025795,nv,nv,0.0010158437,1.0783504e-06,auto_accept,low_unc_low_risk
ISIC_0024697,nv,nv,0.70410603,0.47245494,escalate,high_unc_low_risk
ISIC_0033008,nv,nv,0.01997593,0.00283288,auto_accept,low_unc_low_risk
ISIC_0025566,nv,nv,4.5701714e-08,4.6036278e-10,auto_accept,low_unc_low_risk
ISIC_0030317,nv,nv,7.1865256e-06,2.305918e-07,auto_accept,low_unc_low_risk
ISIC_0033283,nv,nv,0.004499033,0.0007447138,auto_accept,low_unc_low_risk
ISIC_0030857,nv,nv,0.00034120114,3.1027173e-07,auto_accept,low_unc_low_risk
ISIC_0026510,nv,nv,9.226554e-05,2.0268265e-06,auto_accept,low_unc_low_risk
ISIC_0028592,nv,nv,0.0003290804,7.4235527e-06,auto_accept,low_unc_low_risk
ISIC_0025767,bkl,bkl,3.7823604e-06,1.4926526e-07,auto_accept,low_unc_low_risk
ISIC_0032826,bkl,bkl,0.021756897,8.4872295e-07,auto_accept,low_unc_low_risk
ISIC_0025064,bkl,nv,0.00034255217,6.4554797e-06,auto_accept,low_unc_low_risk
ISIC_0026408,nv,nv,3.205148e-05,1.2954438e-06,auto_accept,low_unc_low_risk
ISIC_0025114,nv,nv,0.00058174424,1.5445925e-05,auto_accept,low_unc_low_risk
ISIC_0027793,mel,nv,0.00338455,0.00021972635,auto_accept,low_unc_low_risk
ISIC_0027269,vasc,vasc,0.00030266264,0.00085789413,auto_accept,low_unc_low_risk
ISIC_0024609,nv,nv,1.4345212e-06,7.781591e-09,auto_accept,low_unc_low_risk
ISIC_0031258,bcc,bcc,0.0029755947,0.9990883,auto_accept,low_unc_low_risk
ISIC_0028991,nv,nv,0.00014125257,2.8474068e-07,auto_accept,low_unc_low_risk
ISIC_0025673,nv,nv,0.016727278,0.00024511694,auto_accept,low_unc_low_risk
ISIC_0028976,nv,nv,6.849634e-05,4.117898e-06,auto_accept,low_unc_low_risk
ISIC_0030199,nv,nv,0.0001277257,2.1910657e-06,auto_accept,low_unc_low_risk
ISIC_0032556,bkl,bkl,0.094451204,0.00080949283,auto_accept,low_unc_low_risk
ISIC_0028955,nv,nv,1.2040657e-05,1.5190574e-07,auto_accept,low_unc_low_risk
ISIC_0028422,nv,nv,1.5218053e-05,4.2648617e-07,auto_accept,low_unc_low_risk
ISIC_0028921,nv,nv,0.00019942694,8.092772e-06,auto_accept,low_unc_low_risk
ISIC_0028178,nv,nv,0.00024077894,1.3416775e-05,auto_accept,low_unc_low_risk
ISIC_0030128,nv,nv,2.909639e-05,7.742509e-08,auto_accept,low_unc_low_risk
ISIC_0024985,nv,nv,0.00081052247,5.1923683e-07,auto_accept,low_unc_low_risk
ISIC_0026196,nv,nv,3.840453e-07,1.5486528e-08,auto_accept,low_unc_low_risk
ISIC_0031935,nv,nv,4.857241e-05,1.294284e-07,auto_accept,low_unc_low_risk
ISIC_0025902,nv,nv,0.00068576104,4.5859404e-05,auto_accept,low_unc_low_risk
ISIC_0031562,nv,nv,0.00049255864,1.8537881e-05,auto_accept,low_unc_low_risk
ISIC_0032446,nv,nv,0.00013503585,4.3933464e-06,auto_accept,low_unc_low_risk
ISIC_0031379,nv,nv,0.033578,0.004863825,auto_accept,low_unc_low_risk
ISIC_0034099,nv,nv,0.0015665771,6.612569e-05,auto_accept,low_unc_low_risk
ISIC_0031998,nv,nv,0.0017507988,5.5993382e-08,auto_accept,low_unc_low_risk
ISIC_0031559,nv,nv,1.966676e-07,8.904667e-10,auto_accept,low_unc_low_risk
ISIC_0033125,mel,mel,0.026875366,0.99201655,auto_accept,low_unc_low_risk
ISIC_0025602,nv,nv,0.0010826263,1.2959838e-06,auto_accept,low_unc_low_risk
ISIC_0029084,nv,nv,1.1251804e-05,2.3621234e-07,auto_accept,low_unc_low_risk
ISIC_0032445,bkl,bkl,0.03860668,0.0028176003,auto_accept,low_unc_low_risk
ISIC_0028796,nv,nv,0.0016160668,3.4902023e-05,auto_accept,low_unc_low_risk
ISIC_0027581,nv,nv,4.7657477e-06,3.013423e-08,auto_accept,low_unc_low_risk
ISIC_0031220,nv,nv,0.0046260585,0.00010078797,auto_accept,low_unc_low_risk
ISIC_0027688,nv,mel,0.7935076,0.9554876,escalate,high_unc_low_risk
ISIC_0024326,nv,nv,0.17481723,0.009850829,escalate,high_unc_low_risk
ISIC_0027554,nv,nv,0.11356444,0.00021396711,auto_accept,low_unc_low_risk
ISIC_0025774,nv,nv,0.0035529253,0.00017898991,auto_accept,low_unc_low_risk
ISIC_0031722,nv,nv,8.2419837e-07,5.6635017e-09,auto_accept,low_unc_low_risk
ISIC_0027066,nv,mel,0.24875619,0.8851257,escalate,high_unc_low_risk
ISIC_0032927,mel,mel,9.221067e-05,0.9999776,escalate,low_unc_high_risk
ISIC_0025253,nv,nv,3.5373705e-05,1.2286276e-06,auto_accept,low_unc_low_risk
ISIC_0031807,nv,nv,0.0045574354,0.00021682918,auto_accept,low_unc_low_risk
ISIC_0025329,nv,nv,0.0014302903,2.4027204e-06,auto_accept,low_unc_low_risk
ISIC_0026747,nv,nv,0.015494058,3.547855e-05,auto_accept,low_unc_low_risk
ISIC_0030206,nv,nv,0.003004198,0.00031807082,auto_accept,low_unc_low_risk
ISIC_0025527,nv,nv,1.2767802e-05,5.986384e-08,auto_accept,low_unc_low_risk
ISIC_0025854,nv,nv,7.573956e-05,2.7355028e-07,auto_accept,low_unc_low_risk
ISIC_0026356,nv,nv,3.855404e-06,2.557667e-07,auto_accept,low_unc_low_risk
ISIC_0029163,mel,mel,0.0016833278,0.99953556,auto_accept,low_unc_low_risk
ISIC_0031291,nv,nv,0.007754202,2.5494055e-05,auto_accept,low_unc_low_risk
ISIC_0029113,bkl,bkl,0.530001,0.00016781923,escalate,high_unc_low_risk
ISIC_0033190,nv,nv,6.6929115e-06,8.5002405e-08,auto_accept,low_unc_low_risk
ISIC_0032515,nv,nv,0.005510304,0.00019555887,auto_accept,low_unc_low_risk
ISIC_0031978,nv,nv,0.011497201,0.00092592643,auto_accept,low_unc_low_risk
ISIC_0032183,nv,nv,0.001054086,2.9128993e-05,auto_accept,low_unc_low_risk
ISIC_0028176,nv,nv,2.7145486e-05,1.2104694e-10,auto_accept,low_unc_low_risk
ISIC_0033697,nv,nv,0.0010160507,0.00011981889,auto_accept,low_unc_low_risk
ISIC_0024633,nv,nv,0.0013759236,2.0794867e-05,auto_accept,low_unc_low_risk
ISIC_0028861,nv,nv,0.0016274212,5.7701596e-05,auto_accept,low_unc_low_risk
ISIC_0024321,nv,nv,2.5919642e-05,1.4416494e-06,auto_accept,low_unc_low_risk
ISIC_0033987,bkl,bkl,5.0320637e-08,5.2739724e-09,auto_accept,low_unc_low_risk
ISIC_0031652,nv,nv,0.0006603528,2.9447918e-07,auto_accept,low_unc_low_risk
ISIC_0026361,nv,nv,0.00062844227,1.5213512e-05,auto_accept,low_unc_low_risk
ISIC_0032188,nv,nv,9.214006e-05,3.7484892e-06,auto_accept,low_unc_low_risk
ISIC_0031509,nv,nv,7.839299e-06,3.9099527e-07,auto_accept,low_unc_low_risk
ISIC_0029548,bkl,bkl,0.00029282022,4.6539645e-07,auto_accept,low_unc_low_risk
ISIC_0030030,nv,nv,9.6673386e-05,2.5442168e-06,auto_accept,low_unc_low_risk
ISIC_0025152,nv,nv,4.6323867e-06,1.4531265e-09,auto_accept,low_unc_low_risk
ISIC_0025413,mel,mel,0.009202363,0.9987632,auto_accept,low_unc_low_risk
ISIC_0024641,nv,nv,0.0013083245,3.1598916e-05,auto_accept,low_unc_low_risk
ISIC_0025330,bkl,bkl,0.0031780282,1.492178e-05,auto_accept,low_unc_low_risk
ISIC_0025844,nv,nv,0.00011807853,9.1575964e-07,auto_accept,low_unc_low_risk
ISIC_0025138,nv,nv,0.00050988654,8.343973e-07,auto_accept,low_unc_low_risk
ISIC_0028532,nv,nv,6.464572e-05,2.2501247e-07,auto_accept,low_unc_low_risk
ISIC_0026640,nv,nv,0.00032275924,3.0496529e-05,auto_accept,low_unc_low_risk
ISIC_0030969,nv,nv,0.023233144,1.6358255e-05,auto_accept,low_unc_low_risk
ISIC_0028852,nv,nv,3.189255e-07,5.112791e-09,auto_accept,low_unc_low_risk
ISIC_0030170,nv,nv,0.007866974,1.8915332e-05,auto_accept,low_unc_low_risk
ISIC_0028930,mel,mel,0.17598172,0.96676767,escalate,high_unc_low_risk
ISIC_0030739,nv,nv,0.00015710914,1.5612745e-06,auto_accept,low_unc_low_risk
ISIC_0024580,nv,nv,0.0061855675,0.00042513682,auto_accept,low_unc_low_risk
ISIC_0033018,nv,nv,0.069070496,0.008490019,auto_accept,low_unc_low_risk
ISIC_0030925,mel,mel,0.0022829717,0.9994784,auto_accept,low_unc_low_risk
ISIC_0034079,nv,nv,0.0006800532,3.528976e-05,auto_accept,low_unc_low_risk
ISIC_0025272,nv,nv,0.0011482472,5.3699656e-05,auto_accept,low_unc_low_risk
ISIC_0025591,nv,nv,3.060685e-05,3.131932e-07,auto_accept,low_unc_low_risk
ISIC_0025374,bkl,bkl,0.000185294,6.511468e-05,auto_accept,low_unc_low_risk
ISIC_0030897,nv,nv,1.94963e-06,3.02934e-08,auto_accept,low_unc_low_risk
ISIC_0033489,nv,nv,0.0015223052,4.209584e-05,auto_accept,low_unc_low_risk
ISIC_0029120,nv,nv,0.0028878674,0.00038555937,auto_accept,low_unc_low_risk
ISIC_0030084,nv,nv,0.004025563,6.322631e-06,auto_accept,low_unc_low_risk
ISIC_0032320,nv,nv,0.014080923,0.000927838,auto_accept,low_unc_low_risk
ISIC_0031508,nv,nv,3.4457014e-05,3.5179833e-06,auto_accept,low_unc_low_risk
ISIC_0025895,nv,nv,0.0044047586,0.00016716793,auto_accept,low_unc_low_risk
ISIC_0024977,nv,nv,0.00025988376,1.172608e-05,auto_accept,low_unc_low_risk
ISIC_0030776,nv,nv,1.3770608e-05,4.6419433e-07,auto_accept,low_unc_low_risk
ISIC_0030495,nv,nv,1.4192336e-08,1.5461948e-11,auto_accept,low_unc_low_risk
ISIC_0031891,nv,nv,0.022022601,0.0028770003,auto_accept,low_unc_low_risk
ISIC_0032585,nv,nv,0.0016009707,5.6795798e-05,auto_accept,low_unc_low_risk
ISIC_0031767,nv,nv,1.1753771e-06,1.7525554e-08,auto_accept,low_unc_low_risk
ISIC_0029131,nv,nv,0.00030553475,3.5174767e-06,auto_accept,low_unc_low_risk
ISIC_0026658,nv,nv,0.007917462,1.235474e-05,auto_accept,low_unc_low_risk
ISIC_0025779,nv,nv,0.015422398,0.0017237178,auto_accept,low_unc_low_risk
ISIC_0025771,df,df,8.445914e-05,1.0232006e-06,auto_accept,low_unc_low_risk
ISIC_0032219,mel,mel,0.0542232,0.9871284,auto_accept,low_unc_low_risk
ISIC_0028241,nv,nv,0.0036602183,0.00056196377,auto_accept,low_unc_low_risk
ISIC_0030056,bkl,bkl,2.0664697e-06,2.7215995e-07,auto_accept,low_unc_low_risk
ISIC_0029984,nv,nv,0.0007515701,1.8511455e-05,auto_accept,low_unc_low_risk
ISIC_0032100,nv,nv,0.019505385,8.4623294e-05,auto_accept,low_unc_low_risk
ISIC_0030471,nv,nv,0.0015001533,5.9746853e-06,auto_accept,low_unc_low_risk
ISIC_0027627,nv,nv,0.024888972,0.0017724582,auto_accept,low_unc_low_risk
ISIC_0033640,nv,nv,0.0022136904,0.00021565848,auto_accept,low_unc_low_risk
ISIC_0031147,nv,nv,1.9603654e-05,5.4682727e-07,auto_accept,low_unc_low_risk
ISIC_0025489,mel,nv,0.029765313,0.006097325,auto_accept,low_unc_low_risk
ISIC_0028009,nv,nv,0.009995669,0.0016827792,auto_accept,low_unc_low_risk
ISIC_0033291,nv,nv,0.13130206,0.02750062,escalate,high_unc_low_risk
ISIC_0033256,df,df,0.0006219037,3.0858137e-06,auto_accept,low_unc_low_risk
ISIC_0030752,nv,nv,5.548492e-05,9.179622e-07,auto_accept,low_unc_low_risk
ISIC_0033960,nv,nv,0.023628047,5.6544277e-06,auto_accept,low_unc_low_risk
ISIC_0033223,nv,nv,0.0009795993,3.9547216e-05,auto_accept,low_unc_low_risk
ISIC_0027357,nv,nv,0.00015917541,1.4348228e-06,auto_accept,low_unc_low_risk
ISIC_0030975,nv,nv,0.00076999766,1.1965132e-05,auto_accept,low_unc_low_risk
ISIC_0029572,nv,nv,0.0146802915,0.0020286986,auto_accept,low_unc_low_risk
ISIC_0030961,nv,nv,0.0019540288,0.00030106437,auto_accept,low_unc_low_risk
ISIC_0027833,nv,nv,0.0041292827,0.0014554663,auto_accept,low_unc_low_risk
ISIC_0024543,nv,nv,0.0007787628,4.104653e-05,auto_accept,low_unc_low_risk
ISIC_0027549,nv,nv,9.8336295e-06,3.429695e-08,auto_accept,low_unc_low_risk
ISIC_0026779,nv,nv,1.7571323e-05,5.035631e-08,auto_accept,low_unc_low_risk
ISIC_0028838,nv,nv,0.00029308753,5.6420495e-06,auto_accept,low_unc_low_risk
ISIC_0031999,mel,nv,0.051754855,0.0013830529,auto_accept,low_unc_low_risk
ISIC_0032781,nv,nv,0.024374139,0.0021634323,auto_accept,low_unc_low_risk
ISIC_0024392,nv,nv,6.481834e-05,4.9354267e-06,auto_accept,low_unc_low_risk
ISIC_0032810,mel,mel,0.014864272,0.9965544,auto_accept,low_unc_low_risk
ISIC_0033158,vasc,vasc,1.677925e-07,1.01011025e-07,auto_accept,low_unc_low_risk
ISIC_0032101,nv,nv,8.657366e-05,1.5173981e-06,auto_accept,low_unc_low_risk
ISIC_0031075,nv,nv,0.009113014,0.0002782386,auto_accept,low_unc_low_risk
ISIC_0029419,nv,nv,0.00033774812,1.4488066e-06,auto_accept,low_unc_low_risk
ISIC_0029236,nv,nv,0.010545244,0.00011132437,auto_accept,low_unc_low_risk
ISIC_0028452,nv,nv,6.6596003e-06,1.7562422e-09,auto_accept,low_unc_low_risk
ISIC_0029561,nv,nv,0.0016768932,1.8296728e-08,auto_accept,low_unc_low_risk
ISIC_0033179,nv,nv,0.112210415,0.013387797,auto_accept,low_unc_low_risk
ISIC_0032163,nv,nv,0.08635975,0.017449955,auto_accept,low_unc_low_risk
ISIC_0028988,nv,nv,0.00040333348,1.0681429e-06,auto_accept,low_unc_low_risk
ISIC_0026253,nv,nv,0.0012254731,4.0122674e-07,auto_accept,low_unc_low_risk
ISIC_0032639,nv,nv,0.014912574,0.0015815363,auto_accept,low_unc_low_risk
ISIC_0031885,nv,nv,0.0030769387,1.8203378e-05,auto_accept,low_unc_low_risk
ISIC_0026338,nv,nv,1.172295e-05,8.810725e-08,auto_accept,low_unc_low_risk
ISIC_0026585,nv,nv,0.006133557,3.9101185e-05,auto_accept,low_unc_low_risk
ISIC_0025023,nv,nv,3.4498928e-05,2.0403982e-06,auto_accept,low_unc_low_risk
ISIC_0027411,nv,nv,0.0012732832,7.805853e-05,auto_accept,low_unc_low_risk
ISIC_0030049,nv,nv,0.0073215747,0.0004406529,auto_accept,low_unc_low_risk
ISIC_0029753,nv,nv,0.001186215,7.0300375e-05,auto_accept,low_unc_low_risk
ISIC_0025608,nv,nv,0.0123058185,0.00078143727,auto_accept,low_unc_low_risk
ISIC_0028518,nv,nv,0.014385104,0.0016495271,auto_accept,low_unc_low_risk
ISIC_0031793,nv,nv,5.738052e-05,3.6928318e-06,auto_accept,low_unc_low_risk
ISIC_0028753,nv,nv,5.359659e-05,3.0764414e-07,auto_accept,low_unc_low_risk
ISIC_0024746,nv,nv,0.0008190466,1.8028673e-07,auto_accept,low_unc_low_risk
ISIC_0031026,bcc,bcc,0.016530007,0.98765707,auto_accept,low_unc_low_risk
ISIC_0034233,mel,mel,0.3083678,0.67570937,escalate,high_unc_low_risk
ISIC_0033949,bkl,bkl,0.42038745,2.9683355e-07,escalate,high_unc_low_risk
ISIC_0027866,nv,nv,0.00575332,1.4317406e-05,auto_accept,low_unc_low_risk
ISIC_0033390,nv,nv,0.0051252134,0.00036478508,auto_accept,low_unc_low_risk
ISIC_0033330,nv,nv,0.00020066004,4.1990555e-05,auto_accept,low_unc_low_risk
ISIC_0031172,nv,nv,4.229973e-06,3.3305014e-08,auto_accept,low_unc_low_risk
ISIC_0031201,vasc,vasc,3.4458017e-07,5.8210357e-08,auto_accept,low_unc_low_risk
ISIC_0032205,nv,nv,0.011751852,1.1604752e-05,auto_accept,low_unc_low_risk
ISIC_0030415,nv,nv,0.00242126,0.00018849115,auto_accept,low_unc_low_risk
ISIC_0031862,nv,nv,0.00037455093,9.337964e-07,auto_accept,low_unc_low_risk
ISIC_0033361,bkl,bkl,0.0018326526,0.00019514815,auto_accept,low_unc_low_risk
ISIC_0026974,nv,nv,0.013926447,0.0012942867,auto_accept,low_unc_low_risk
ISIC_0026498,nv,nv,0.00038245198,7.1501006e-08,auto_accept,low_unc_low_risk
ISIC_0032573,nv,nv,0.0068351403,0.000799653,auto_accept,low_unc_low_risk
ISIC_0028063,akiec,akiec,0.011166844,0.999225,auto_accept,low_unc_low_risk
ISIC_0028475,nv,nv,4.916967e-05,1.9402037e-06,auto_accept,low_unc_low_risk
ISIC_0026109,nv,nv,0.00028478677,9.021666e-06,auto_accept,low_unc_low_risk
ISIC_0024802,nv,nv,1.517825e-05,1.8984866e-07,auto_accept,low_unc_low_risk
ISIC_0026221,nv,nv,6.5636684e-08,1.0638842e-10,auto_accept,low_unc_low_risk
ISIC_0027996,bkl,bkl,0.00036520793,2.1162754e-07,auto_accept,low_unc_low_risk
ISIC_0030201,nv,nv,5.774644e-05,2.3212067e-06,auto_accept,low_unc_low_risk
ISIC_0025022,nv,nv,0.00028068048,3.483934e-05,auto_accept,low_unc_low_risk
ISIC_0030538,nv,nv,0.009738265,0.001504738,auto_accept,low_unc_low_risk
ISIC_0030305,nv,nv,0.0038342045,0.0006200242,auto_accept,low_unc_low_risk
ISIC_0027943,nv,nv,1.1309366e-05,3.340821e-08,auto_accept,low_unc_low_risk
ISIC_0027712,nv,nv,0.015925547,0.0003899037,auto_accept,low_unc_low_risk
ISIC_0032233,nv,nv,0.0341885,0.00012764313,auto_accept,low_unc_low_risk
ISIC_0028717,nv,nv,0.0037301418,0.0001496321,auto_accept,low_unc_low_risk
ISIC_0031754,nv,nv,0.008993163,0.002000641,auto_accept,low_unc_low_risk
ISIC_0024964,nv,nv,0.0022684964,0.00011684835,auto_accept,low_unc_low_risk
ISIC_0030220,nv,nv,0.043067146,1.0668006e-05,auto_accept,low_unc_low_risk
ISIC_0032743,nv,nv,0.0016925621,8.8886096e-05,auto_accept,low_unc_low_risk
ISIC_0026255,nv,nv,0.000108693435,1.354254e-06,auto_accept,low_unc_low_risk
ISIC_0032051,bkl,bkl,0.00038606382,9.912994e-07,auto_accept,low_unc_low_risk
ISIC_0028998,nv,nv,0.003786416,0.00044423406,auto_accept,low_unc_low_risk
ISIC_0032798,nv,nv,1.3666285e-05,1.5625585e-07,auto_accept,low_unc_low_risk
ISIC_0032507,nv,nv,3.501114e-06,1.5769578e-08,auto_accept,low_unc_low_risk
ISIC_0032647,nv,nv,0.00036415595,1.411287e-05,auto_accept,low_unc_low_risk
ISIC_0030055,nv,nv,5.141298e-07,8.409839e-11,auto_accept,low_unc_low_risk
ISIC_0026050,nv,nv,2.5886484e-06,9.1162256e-08,auto_accept,low_unc_low_risk
ISIC_0031973,nv,nv,0.012330351,0.0005170708,auto_accept,low_unc_low_risk
ISIC_0028266,nv,nv,0.0007243041,7.038073e-06,auto_accept,low_unc_low_risk
ISIC_0024681,nv,nv,2.1842688e-07,1.9137629e-10,auto_accept,low_unc_low_risk
ISIC_0028212,nv,nv,0.002687464,0.000108165645,auto_accept,low_unc_low_risk
ISIC_0030111,nv,nv,6.1005252e-05,2.7505391e-06,auto_accept,low_unc_low_risk
ISIC_0028524,nv,nv,0.0009348094,8.058074e-05,auto_accept,low_unc_low_risk
ISIC_0030505,nv,nv,9.021495e-06,2.2521834e-07,auto_accept,low_unc_low_risk
ISIC_0026449,nv,nv,0.00011717991,2.8218976e-06,auto_accept,low_unc_low_risk
ISIC_0033036,nv,nv,0.0053196424,0.00030807187,auto_accept,low_unc_low_risk
ISIC_0028664,nv,nv,1.9675052e-05,6.025699e-07,auto_accept,low_unc_low_risk
ISIC_0031904,nv,nv,0.0033073262,5.6486733e-05,auto_accept,low_unc_low_risk
ISIC_0029887,nv,nv,5.121536e-05,2.4792007e-07,auto_accept,low_unc_low_risk
ISIC_0030163,nv,nv,1.381551e-08,3.1200292e-11,auto_accept,low_unc_low_risk
ISIC_0029009,nv,nv,0.0001276645,4.7773337e-08,auto_accept,low_unc_low_risk
ISIC_0025360,nv,nv,0.000543344,3.9255043e-05,auto_accept,low_unc_low_risk
ISIC_0029944,nv,nv,4.5278677e-05,4.051436e-06,auto_accept,low_unc_low_risk
ISIC_0029979,nv,nv,0.009000642,0.0005034575,auto_accept,low_unc_low_risk
ISIC_0025722,nv,nv,4.7947215e-06,1.0141624e-07,auto_accept,low_unc_low_risk
ISIC_0026710,nv,nv,0.039339643,7.4442134e-05,auto_accept,low_unc_low_risk
ISIC_0027855,nv,nv,1.8012963e-05,3.512016e-07,auto_accept,low_unc_low_risk
ISIC_0025788,nv,nv,0.0017674204,8.627854e-05,auto_accept,low_unc_low_risk
ISIC_0028953,nv,nv,0.00084977446,4.745149e-05,auto_accept,low_unc_low_risk
ISIC_0031576,nv,nv,0.0013958296,8.833586e-05,auto_accept,low_unc_low_risk
ISIC_0027890,nv,nv,1.4057755e-06,4.831039e-08,auto_accept,low_unc_low_risk
ISIC_0024855,nv,nv,0.00013089347,5.072313e-06,auto_accept,low_unc_low_risk
ISIC_0028245,nv,nv,5.2091324e-05,2.3749308e-07,auto_accept,low_unc_low_risk
ISIC_0028883,nv,nv,0.0024645398,0.00026538508,auto_accept,low_unc_low_risk
ISIC_0033798,nv,nv,0.43565938,0.16996218,escalate,high_unc_low_risk
ISIC_0033409,nv,nv,3.52065e-05,2.592863e-06,auto_accept,low_unc_low_risk
ISIC_0027515,nv,nv,0.07603797,0.0058251214,auto_accept,low_unc_low_risk
ISIC_0029859,mel,nv,0.004505554,0.00023516273,auto_accept,low_unc_low_risk
ISIC_0030174,nv,nv,0.008645669,0.0001845194,auto_accept,low_unc_low_risk
ISIC_0031432,nv,nv,0.0048482227,0.00039682386,auto_accept,low_unc_low_risk
ISIC_0029535,nv,nv,0.0022235094,5.5145733e-07,auto_accept,low_unc_low_risk
ISIC_0033547,nv,nv,0.006196419,0.00084731216,auto_accept,low_unc_low_risk
ISIC_0025704,nv,nv,0.0005492065,3.8765324e-06,auto_accept,low_unc_low_risk
ISIC_0033558,nv,nv,1.9152947e-06,6.3415873e-09,auto_accept,low_unc_low_risk
ISIC_0025185,nv,nv,2.8538002e-06,3.293408e-08,auto_accept,low_unc_low_risk
ISIC_0026034,nv,nv,0.49016765,0.039130915,escalate,high_unc_low_risk
ISIC_0025304,nv,nv,0.010442814,0.0003368868,auto_accept,low_unc_low_risk
ISIC_0027148,nv,nv,0.00089474017,3.7457205e-05,auto_accept,low_unc_low_risk
ISIC_0028927,nv,nv,0.00017946468,5.8139062e-06,auto_accept,low_unc_low_risk
ISIC_0030234,nv,nv,5.448344e-07,3.8140872e-11,auto_accept,low_unc_low_risk
ISIC_0029738,nv,nv,8.7469205e-05,1.938565e-06,auto_accept,low_unc_low_risk
ISIC_0029904,nv,nv,0.0013540161,0.00012008151,auto_accept,low_unc_low_risk
ISIC_0033842,nv,nv,0.0016220766,0.00010846135,auto_accept,low_unc_low_risk
ISIC_0027448,nv,nv,0.0059934193,0.00031940697,auto_accept,low_unc_low_risk
ISIC_0028535,nv,nv,0.0007764844,1.7843555e-05,auto_accept,low_unc_low_risk
ISIC_0025713,nv,nv,0.106008776,0.015743071,auto_accept,low_unc_low_risk
ISIC_0033438,bkl,bkl,0.0006282936,1.397924e-05,auto_accept,low_unc_low_risk
ISIC_0026741,nv,nv,0.015247441,0.0051957183,auto_accept,low_unc_low_risk
ISIC_0024729,mel,mel,0.06834439,0.98212737,auto_accept,low_unc_low_risk
ISIC_0031187,nv,nv,9.0842695e-05,9.176725e-07,auto_accept,low_unc_low_risk
ISIC_0033982,nv,nv,0.0021192117,0.00031830167,auto_accept,low_unc_low_risk
ISIC_0025944,nv,nv,0.0008672289,1.0014648e-05,auto_accept,low_unc_low_risk
ISIC_0024509,nv,nv,1.7527105e-05,7.953343e-09,auto_accept,low_unc_low_risk
ISIC_0024530,nv,nv,2.5601132e-06,2.2991255e-08,auto_accept,low_unc_low_risk
ISIC_0031096,nv,nv,0.00044894923,8.589977e-07,auto_accept,low_unc_low_risk
ISIC_0027803,nv,nv,4.1499883e-05,1.6317893e-08,auto_accept,low_unc_low_risk
ISIC_0028725,nv,nv,2.1889925e-06,4.898682e-08,auto_accept,low_unc_low_risk
ISIC_0029709,nv,nv,2.547862e-06,2.3634128e-09,auto_accept,low_unc_low_risk
ISIC_0029076,nv,nv,0.038388234,0.0010223486,auto_accept,low_unc_low_risk
ISIC_0027248,nv,nv,0.0029599173,0.00014429919,auto_accept,low_unc_low_risk
ISIC_0025876,bkl,bkl,1.2968396e-06,1.15835554e-07,auto_accept,low_unc_low_risk
ISIC_0028349,nv,nv,0.004180628,4.6697412e-05,auto_accept,low_unc_low_risk
ISIC_0025204,nv,nv,0.0009714019,4.3020286e-06,auto_accept,low_unc_low_risk
ISIC_0029303,nv,nv,0.026206005,7.4027164e-05,auto_accept,low_unc_low_risk
ISIC_0030395,nv,nv,1.7782567e-06,1.1199723e-08,auto_accept,low_unc_low_risk
ISIC_0032341,nv,nv,0.019248743,0.0002531752,auto_accept,low_unc_low_risk
ISIC_0032932,vasc,vasc,0.00064808753,0.0014234417,auto_accept,low_unc_low_risk
ISIC_0029027,nv,nv,0.010143153,0.00030577715,auto_accept,low_unc_low_risk
ISIC_0031297,nv,nv,0.0031465446,9.1714915e-05,auto_accept,low_unc_low_risk
ISIC_0027223,nv,nv,2.40069e-06,2.4535526e-08,auto_accept,low_unc_low_risk
ISIC_0026684,nv,nv,0.0001241297,1.0610566e-05,auto_accept,low_unc_low_risk
ISIC_0026417,df,df,0.0053954674,0.00017930781,auto_accept,low_unc_low_risk
ISIC_0024703,nv,nv,8.751876e-05,3.170194e-06,auto_accept,low_unc_low_risk
ISIC_0029326,nv,nv,0.000106812084,7.4871787e-06,auto_accept,low_unc_low_risk
ISIC_0024310,mel,mel,0.02347127,0.99324703,auto_accept,low_unc_low_risk
ISIC_0032052,nv,nv,0.0007296206,4.619315e-07,auto_accept,low_unc_low_risk
ISIC_0030974,nv,nv,5.800303e-05,7.978825e-07,auto_accept,low_unc_low_risk
ISIC_0025167,nv,nv,0.00053550105,8.907051e-06,auto_accept,low_unc_low_risk
ISIC_0028112,nv,nv,0.0004308871,1.7373444e-05,auto_accept,low_unc_low_risk
ISIC_0028277,nv,nv,0.0001916346,3.8186536e-06,auto_accept,low_unc_low_risk
ISIC_0031694,nv,nv,0.0026011793,7.153052e-05,auto_accept,low_unc_low_risk
ISIC_0030753,nv,nv,1.323089e-05,1.2399044e-08,auto_accept,low_unc_low_risk
ISIC_0026636,nv,nv,0.0016518255,0.00015281714,auto_accept,low_unc_low_risk
ISIC_0034102,nv,nv,0.00018539488,1.2425921e-05,auto_accept,low_unc_low_risk
ISIC_0029450,nv,nv,0.0011327426,1.481313e-05,auto_accept,low_unc_low_risk
ISIC_0031579,nv,nv,0.0001589344,4.416131e-06,auto_accept,low_unc_low_risk
ISIC_0031911,nv,nv,0.009337071,9.509719e-06,auto_accept,low_unc_low_risk
ISIC_0027703,nv,nv,0.003650228,2.4330851e-05,auto_accept,low_unc_low_risk
ISIC_0030288,nv,nv,5.5460372e-08,8.3087115e-10,auto_accept,low_unc_low_risk
ISIC_0027056,nv,nv,0.0041304873,0.00019768898,auto_accept,low_unc_low_risk
ISIC_0028055,nv,nv,0.00048244908,2.0808573e-05,auto_accept,low_unc_low_risk
ISIC_0024606,nv,nv,1.4162543e-05,5.152577e-09,auto_accept,low_unc_low_risk
ISIC_0025479,nv,nv,0.0010863313,5.647542e-05,auto_accept,low_unc_low_risk
ISIC_0026552,nv,nv,0.00052553596,5.0073722e-05,auto_accept,low_unc_low_risk
ISIC_0033688,nv,nv,0.015898963,0.00078411325,auto_accept,low_unc_low_risk
ISIC_0030989,nv,nv,0.0001848648,2.1962373e-06,auto_accept,low_unc_low_risk
ISIC_0032649,nv,nv,0.08788939,0.015511153,auto_accept,low_unc_low_risk
ISIC_0026914,nv,nv,0.13739736,7.5561504e-05,escalate,high_unc_low_risk
ISIC_0030025,nv,nv,0.00018507708,3.2214625e-06,auto_accept,low_unc_low_risk
ISIC_0029883,nv,nv,0.003960304,0.00011860755,auto_accept,low_unc_low_risk
ISIC_0031229,nv,nv,0.00028154024,3.233707e-06,auto_accept,low_unc_low_risk
ISIC_0031260,nv,nv,0.0071022897,7.526925e-07,auto_accept,low_unc_low_risk
ISIC_0026413,nv,nv,0.00223949,0.00011010352,auto_accept,low_unc_low_risk
ISIC_0033253,nv,nv,0.2857461,0.065969996,escalate,high_unc_low_risk
ISIC_0033950,nv,nv,0.00018523008,6.94369e-06,auto_accept,low_unc_low_risk
ISIC_0029799,nv,nv,0.0116210375,1.1822861e-05,auto_accept,low_unc_low_risk
ISIC_0028108,nv,nv,0.0029463293,8.5233616e-05,auto_accept,low_unc_low_risk
ISIC_0032078,nv,nv,0.006884014,2.6259693e-05,auto_accept,low_unc_low_risk
ISIC_0026137,nv,nv,0.0054470617,0.00018220025,auto_accept,low_unc_low_risk
ISIC_0029952,nv,nv,0.00023863371,1.6629363e-05,auto_accept,low_unc_low_risk
ISIC_0024343,nv,nv,9.64535e-05,4.3206313e-07,auto_accept,low_unc_low_risk
ISIC_0033332,nv,nv,0.00013876277,1.6742395e-06,auto_accept,low_unc_low_risk
ISIC_0027494,nv,nv,0.0003543702,1.0021165e-05,auto_accept,low_unc_low_risk
ISIC_0026582,nv,nv,0.0020421948,7.1719376e-05,auto_accept,low_unc_low_risk
ISIC_0027391,nv,nv,0.0009579756,3.1948122e-05,auto_accept,low_unc_low_risk
ISIC_0029977,nv,nv,0.00027891598,2.884748e-06,auto_accept,low_unc_low_risk
ISIC_0028459,nv,nv,0.0021641823,7.472093e-05,auto_accept,low_unc_low_risk
ISIC_0029702,nv,nv,0.0002015142,4.108413e-06,auto_accept,low_unc_low_risk
ISIC_0028902,nv,nv,0.00045359132,2.8950615e-05,auto_accept,low_unc_low_risk
ISIC_0032435,nv,nv,9.428166e-05,4.0680916e-06,auto_accept,low_unc_low_risk
ISIC_0033331,nv,nv,8.083788e-06,2.4085378e-07,auto_accept,low_unc_low_risk
ISIC_0026780,nv,nv,0.004668621,3.1450283e-05,auto_accept,low_unc_low_risk
ISIC_0025811,akiec,akiec,0.0041052112,0.99993587,auto_accept,low_unc_low_risk
ISIC_0025652,nv,nv,0.009466417,2.976521e-06,auto_accept,low_unc_low_risk
ISIC_0024518,nv,nv,0.0061854874,0.0007408796,auto_accept,low_unc_low_risk
ISIC_0033071,nv,nv,0.13249701,0.00063619425,escalate,high_unc_low_risk
ISIC_0026835,bkl,nv,0.2205816,0.012555285,escalate,high_unc_low_risk
ISIC_0027059,nv,nv,0.0032296204,3.2334545e-05,auto_accept,low_unc_low_risk
ISIC_0028488,nv,nv,0.10238007,0.00083757786,auto_accept,low_unc_low_risk
ISIC_0024322,nv,nv,0.00019492576,1.9286883e-06,auto_accept,low_unc_low_risk
ISIC_0028839,nv,nv,5.261696e-05,2.32649e-06,auto_accept,low_unc_low_risk
ISIC_0031569,bcc,bcc,0.008488315,0.9963546,auto_accept,low_unc_low_risk
ISIC_0024611,nv,nv,1.5965436e-05,3.5020727e-07,auto_accept,low_unc_low_risk
ISIC_0032889,nv,nv,1.0270589e-05,1.8688926e-06,auto_accept,low_unc_low_risk
ISIC_0029806,nv,nv,5.889164e-06,8.125525e-08,auto_accept,low_unc_low_risk
ISIC_0026064,nv,nv,0.00018378143,6.2088276e-07,auto_accept,low_unc_low_risk
ISIC_0029507,nv,nv,9.4236285e-08,2.436943e-09,auto_accept,low_unc_low_risk
ISIC_0030775,nv,nv,2.4921328e-05,1.1668535e-06,auto_accept,low_unc_low_risk
ISIC_0033375,nv,nv,0.019227983,5.0584636e-06,auto_accept,low_unc_low_risk
ISIC_0029414,nv,nv,1.15238e-05,1.2963538e-08,auto_accept,low_unc_low_risk
ISIC_0025159,nv,nv,6.969428e-05,1.3131597e-07,auto_accept,low_unc_low_risk
ISIC_0026851,nv,nv,1.0114367e-05,1.1974018e-07,auto_accept,low_unc_low_risk
ISIC_0025107,nv,nv,0.0006930299,8.407784e-06,auto_accept,low_unc_low_risk
ISIC_0028539,nv,nv,0.028130993,1.6632807e-06,auto_accept,low_unc_low_risk
ISIC_0030042,nv,nv,0.00047275212,3.4605266e-05,auto_accept,low_unc_low_risk
ISIC_0033917,nv,nv,0.017244216,1.6726224e-05,auto_accept,low_unc_low_risk
ISIC_0029106,nv,nv,6.090468e-05,4.994009e-07,auto_accept,low_unc_low_risk
ISIC_0033952,bkl,bkl,0.03361875,0.001256022,auto_accept,low_unc_low_risk
ISIC_0024959,nv,nv,0.0018095325,2.4914239e-06,auto_accept,low_unc_low_risk
ISIC_0025823,nv,nv,1.5502303e-05,2.1497158e-06,auto_accept,low_unc_low_risk
ISIC_0029718,nv,nv,0.021963423,0.0036341113,auto_accept,low_unc_low_risk
ISIC_0027655,nv,nv,0.03506927,7.6461976e-05,auto_accept,low_unc_low_risk
ISIC_0026200,nv,nv,0.17751724,2.572317e-06,escalate,high_unc_low_risk
ISIC_0033107,nv,nv,0.06880149,0.0020464777,auto_accept,low_unc_low_risk
ISIC_0031064,nv,nv,0.01795757,0.0024444796,auto_accept,low_unc_low_risk
ISIC_0029277,nv,nv,0.14749432,1.6590728e-05,escalate,high_unc_low_risk
ISIC_0025117,nv,bkl,0.6841915,0.00063375174,escalate,high_unc_low_risk
ISIC_0029937,mel,nv,0.0028848767,0.00017436234,auto_accept,low_unc_low_risk
ISIC_0025296,nv,nv,3.615394e-07,6.666379e-09,auto_accept,low_unc_low_risk
ISIC_0033564,nv,nv,0.022770217,0.0027572745,auto_accept,low_unc_low_risk
ISIC_0031859,nv,nv,0.0047609443,0.00018087246,auto_accept,low_unc_low_risk
ISIC_0030887,nv,nv,0.001164162,3.9260358e-05,auto_accept,low_unc_low_risk
ISIC_0030568,nv,nv,0.00022314473,1.04467645e-05,auto_accept,low_unc_low_risk
ISIC_0028293,nv,nv,1.4135349e-05,2.0646237e-07,auto_accept,low_unc_low_risk
ISIC_0030225,nv,nv,0.00033733982,1.9906587e-05,auto_accept,low_unc_low_risk
ISIC_0025950,nv,nv,0.0016035148,0.00012578028,auto_accept,low_unc_low_risk
ISIC_0025614,nv,nv,0.006925616,0.00073464424,auto_accept,low_unc_low_risk
ISIC_0028460,mel,mel,0.050084904,0.9988273,auto_accept,low_unc_low_risk
ISIC_0026711,nv,nv,0.0012707806,1.5262456e-05,auto_accept,low_unc_low_risk
ISIC_0025628,vasc,vasc,1.1722002e-07,2.5035445e-06,auto_accept,low_unc_low_risk
ISIC_0031909,nv,nv,0.0044341977,7.868894e-05,auto_accept,low_unc_low_risk
ISIC_0033650,nv,nv,6.0913615e-05,2.324995e-06,auto_accept,low_unc_low_risk
ISIC_0027685,nv,nv,0.00022534041,2.7425922e-06,auto_accept,low_unc_low_risk
ISIC_0033381,nv,nv,0.0013874118,0.00013868994,auto_accept,low_unc_low_risk
ISIC_0031365,nv,nv,0.0022187063,9.830311e-06,auto_accept,low_unc_low_risk
ISIC_0031339,mel,mel,0.0018704609,0.9999081,auto_accept,low_unc_low_risk
ISIC_0031548,nv,nv,0.0002464392,1.0372343e-06,auto_accept,low_unc_low_risk
ISIC_0032473,nv,nv,0.005038892,2.188397e-06,auto_accept,low_unc_low_risk
ISIC_0024465,nv,nv,0.0022436422,7.979944e-06,auto_accept,low_unc_low_risk
ISIC_0033944,nv,nv,0.10986942,0.025545366,auto_accept,low_unc_low_risk
ISIC_0028546,nv,nv,0.005035212,2.1379972e-05,auto_accept,low_unc_low_risk
ISIC_0030916,nv,nv,4.158035e-05,9.778181e-07,auto_accept,low_unc_low_risk
ISIC_0034128,nv,nv,0.005017795,0.00023320298,auto_accept,low_unc_low_risk
ISIC_0025717,nv,nv,2.9665038e-05,4.9594234e-07,auto_accept,low_unc_low_risk
ISIC_0024965,nv,nv,1.5904781e-06,3.0165626e-08,auto_accept,low_unc_low_risk
ISIC_0033231,nv,nv,0.010322547,0.0011976348,auto_accept,low_unc_low_risk
ISIC_0027555,nv,nv,1.1607062e-05,5.1247054e-07,auto_accept,low_unc_low_risk
ISIC_0033544,nv,nv,0.033960804,0.0030672115,auto_accept,low_unc_low_risk
ISIC_0025574,nv,nv,1.2566513e-06,1.08517275e-08,auto_accept,low_unc_low_risk
ISIC_0033167,nv,nv,0.026818313,0.0015685101,auto_accept,low_unc_low_risk
ISIC_0030438,nv,nv,0.0019519087,3.0183011e-05,auto_accept,low_unc_low_risk
ISIC_0024970,bkl,bkl,0.0005031113,1.40018965e-05,auto_accept,low_unc_low_risk
ISIC_0027787,nv,nv,4.798865e-07,2.4568703e-10,auto_accept,low_unc_low_risk
ISIC_0030029,nv,nv,3.7392172e-06,1.6525105e-07,auto_accept,low_unc_low_risk
ISIC_0029171,nv,nv,0.0011077735,3.877841e-06,auto_accept,low_unc_low_risk
ISIC_0032397,akiec,akiec,0.019564796,0.9994406,auto_accept,low_unc_low_risk
ISIC_0024947,bkl,bkl,0.00017198645,2.6148018e-05,auto_accept,low_unc_low_risk
ISIC_0025137,nv,nv,9.719564e-07,4.7119418e-08,auto_accept,low_unc_low_risk
ISIC_0026581,nv,nv,0.0077170245,0.00061461865,auto_accept,low_unc_low_risk
ISIC_0024989,nv,nv,0.0017266144,0.00011738249,auto_accept,low_unc_low_risk
ISIC_0032724,mel,mel,0.0014708746,0.99952877,auto_accept,low_unc_low_risk
ISIC_0030045,nv,nv,1.3738813e-06,7.71494e-09,auto_accept,low_unc_low_risk
ISIC_0033686,nv,nv,0.0033007732,2.9925005e-07,auto_accept,low_unc_low_risk
ISIC_0034096,nv,nv,0.006158257,0.00013082067,auto_accept,low_unc_low_risk
ISIC_0030864,nv,nv,0.02599165,0.0046651782,auto_accept,low_unc_low_risk
ISIC_0025333,nv,nv,0.0024543242,7.129476e-05,auto_accept,low_unc_low_risk
ISIC_0028896,nv,nv,0.0011910056,8.887986e-06,auto_accept,low_unc_low_risk
ISIC_0033465,bkl,bkl,0.0025322768,2.82186e-05,auto_accept,low_unc_low_risk
ISIC_0029601,nv,nv,0.0009004336,3.2273974e-06,auto_accept,low_unc_low_risk
ISIC_0034195,nv,nv,0.34404454,0.079231195,escalate,high_unc_low_risk
ISIC_0027329,nv,nv,0.0010848411,5.7067573e-05,auto_accept,low_unc_low_risk
ISIC_0029431,nv,nv,0.00031401112,3.2383236e-05,auto_accept,low_unc_low_risk
ISIC_0028286,nv,nv,0.00074900466,5.0106297e-05,auto_accept,low_unc_low_risk
ISIC_0028034,nv,nv,0.00024053319,6.134311e-08,auto_accept,low_unc_low_risk
ISIC_0031704,nv,nv,0.12739316,0.0037288938,escalate,high_unc_low_risk
ISIC_0031768,nv,nv,6.763215e-07,4.3286135e-09,auto_accept,low_unc_low_risk
ISIC_0029118,nv,nv,0.033639897,8.0863865e-05,auto_accept,low_unc_low_risk
ISIC_0031701,nv,nv,0.0005164119,1.6959284e-05,auto_accept,low_unc_low_risk
ISIC_0028437,nv,nv,8.983324e-05,1.1598539e-06,auto_accept,low_unc_low_risk
ISIC_0028001,nv,nv,5.182738e-05,1.2152904e-06,auto_accept,low_unc_low_risk
ISIC_0030959,bkl,bkl,0.0004479663,8.6298826e-07,auto_accept,low_unc_low_risk
ISIC_0029124,nv,nv,2.290754e-08,3.066914e-12,auto_accept,low_unc_low_risk
ISIC_0026644,bkl,bkl,5.7469016e-08,5.283782e-08,auto_accept,low_unc_low_risk
ISIC_0024587,nv,nv,0.009239546,0.0009163461,auto_accept,low_unc_low_risk
ISIC_0031671,nv,nv,0.000112789196,8.663414e-06,auto_accept,low_unc_low_risk
ISIC_0025444,nv,nv,0.0042047766,6.40713e-06,auto_accept,low_unc_low_risk
ISIC_0030863,nv,nv,0.00051586406,6.97189e-07,auto_accept,low_unc_low_risk
ISIC_0025097,mel,mel,0.02377597,0.99766773,auto_accept,low_unc_low_risk
ISIC_0025378,bkl,bkl,6.2478457e-06,4.4860067e-07,auto_accept,low_unc_low_risk
ISIC_0026410,nv,nv,4.7212892e-05,1.5505967e-06,auto_accept,low_unc_low_risk
ISIC_0032393,nv,nv,2.5611382e-05,4.6034305e-07,auto_accept,low_unc_low_risk
ISIC_0027252,nv,nv,0.003356256,3.9799263e-05,auto_accept,low_unc_low_risk
ISIC_0024686,nv,nv,8.218217e-05,3.356756e-06,auto_accept,low_unc_low_risk
ISIC_0025405,nv,nv,0.00022500305,6.0047487e-06,auto_accept,low_unc_low_risk
ISIC_0030736,nv,nv,0.009188933,0.001294082,auto_accept,low_unc_low_risk
ISIC_0024415,nv,nv,0.00078445615,1.9489796e-07,auto_accept,low_unc_low_risk
ISIC_0025180,bkl,nv,0.0049120113,1.0105708e-07,auto_accept,low_unc_low_risk
ISIC_0032951,nv,nv,6.7391875e-06,4.7815654e-11,auto_accept,low_unc_low_risk
ISIC_0027296,nv,nv,0.0051247166,0.00029980863,auto_accept,low_unc_low_risk
ISIC_0029423,nv,nv,0.0009677361,9.747609e-06,auto_accept,low_unc_low_risk
ISIC_0026858,nv,nv,0.0051356894,0.00021267352,auto_accept,low_unc_low_risk
ISIC_0029530,nv,mel,0.17583539,0.8959323,escalate,high_unc_low_risk
ISIC_0028404,bkl,bkl,0.0018184454,0.0009216931,auto_accept,low_unc_low_risk
ISIC_0032758,nv,nv,0.022432735,0.00038262573,auto_accept,low_unc_low_risk
ISIC_0032328,nv,nv,0.09352415,0.025594166,auto_accept,low_unc_low_risk
ISIC_0034030,nv,nv,0.041879855,0.005899536,auto_accept,low_unc_low_risk
ISIC_0027653,nv,nv,2.0430189e-05,9.54687e-07,auto_accept,low_unc_low_risk
ISIC_0025291,nv,nv,2.5867686e-05,1.1923862e-08,auto_accept,low_unc_low_risk
ISIC_0028037,nv,nv,3.4173572e-05,3.688161e-07,auto_accept,low_unc_low_risk
ISIC_0032581,nv,nv,0.003433164,0.00017582838,auto_accept,low_unc_low_risk
ISIC_0026193,nv,nv,1.6451602e-05,4.142307e-08,auto_accept,low_unc_low_risk
ISIC_0027265,nv,nv,0.009180468,0.00079209293,auto_accept,low_unc_low_risk
ISIC_0032083,nv,nv,0.0005641832,1.1114834e-06,auto_accept,low_unc_low_risk
ISIC_0028875,nv,nv,7.072825e-05,8.444779e-08,auto_accept,low_unc_low_risk
ISIC_0033724,nv,nv,0.049107842,0.00042766385,auto_accept,low_unc_low_risk
ISIC_0031164,nv,nv,0.21905805,0.02565364,escalate,high_unc_low_risk
ISIC_0026534,nv,nv,7.168165e-05,1.1006534e-06,auto_accept,low_unc_low_risk
ISIC_0028199,nv,nv,0.0040941657,8.5398526e-05,auto_accept,low_unc_low_risk
ISIC_0024384,nv,nv,4.45533e-06,3.1503762e-07,auto_accept,low_unc_low_risk
ISIC_0029812,nv,nv,0.021887653,0.00077079836,auto_accept,low_unc_low_risk
ISIC_0026270,nv,nv,0.29010427,0.08842207,escalate,high_unc_low_risk
ISIC_0024529,nv,nv,0.0013536816,1.2939995e-05,auto_accept,low_unc_low_risk
ISIC_0033972,nv,nv,0.0031444216,2.8374381e-05,auto_accept,low_unc_low_risk
ISIC_0029796,nv,nv,0.27316448,0.063179485,escalate,high_unc_low_risk
ISIC_0032838,nv,nv,0.1195914,0.034103442,auto_accept,low_unc_low_risk
ISIC_0032094,nv,nv,1.7723252e-05,5.446079e-09,auto_accept,low_unc_low_risk
ISIC_0032049,nv,nv,0.003590987,6.38446e-05,auto_accept,low_unc_low_risk
ISIC_0033923,nv,nv,0.00090137904,4.1937325e-05,auto_accept,low_unc_low_risk
ISIC_0024638,nv,nv,0.00017128744,2.5263587e-06,auto_accept,low_unc_low_risk
ISIC_0027346,nv,nv,0.0019374428,1.2014105e-05,auto_accept,low_unc_low_risk
ISIC_0026937,nv,nv,0.00015037305,1.1533813e-06,auto_accept,low_unc_low_risk
ISIC_0026755,nv,nv,0.0004558604,3.6619105e-07,auto_accept,low_unc_low_risk
ISIC_0025424,nv,nv,0.010684116,0.0014855836,auto_accept,low_unc_low_risk
ISIC_0027717,nv,nv,2.6799762e-05,5.385338e-07,auto_accept,low_unc_low_risk
ISIC_0026669,nv,nv,0.00095945987,4.1129984e-05,auto_accept,low_unc_low_risk
ISIC_0031839,nv,nv,0.013583958,0.0009839161,auto_accept,low_unc_low_risk
ISIC_0025259,nv,nv,0.061558615,0.010998484,auto_accept,low_unc_low_risk
ISIC_0034166,nv,nv,5.708239e-06,3.8540065e-08,auto_accept,low_unc_low_risk
ISIC_0031809,nv,nv,0.048924793,0.0043595578,auto_accept,low_unc_low_risk
ISIC_0027836,nv,nv,0.013954139,0.001203055,auto_accept,low_unc_low_risk
ISIC_0025211,nv,nv,0.03544667,5.929038e-06,auto_accept,low_unc_low_risk
ISIC_0025502,nv,nv,0.012657681,0.0013137871,auto_accept,low_unc_low_risk
ISIC_0032177,nv,nv,0.0001405341,1.3837494e-07,auto_accept,low_unc_low_risk
ISIC_0024502,nv,nv,0.0003696017,2.512284e-06,auto_accept,low_unc_low_risk
ISIC_0029963,nv,nv,4.6865836e-08,5.277793e-10,auto_accept,low_unc_low_risk
ISIC_0026771,nv,nv,7.24041e-05,3.867759e-06,auto_accept,low_unc_low_risk
ISIC_0029170,mel,nv,0.005748186,0.00060427753,auto_accept,low_unc_low_risk
ISIC_0028346,df,df,0.00095483306,0.011865906,auto_accept,low_unc_low_risk
ISIC_0027115,nv,nv,0.001959109,4.0098066e-06,auto_accept,low_unc_low_risk
ISIC_0027166,nv,nv,0.00010643699,1.0343184e-06,auto_accept,low_unc_low_risk
ISIC_0030738,nv,nv,0.3995214,0.00020813616,escalate,high_unc_low_risk
ISIC_0030292,nv,nv,0.0012324398,8.1831255e-05,auto_accept,low_unc_low_risk
ISIC_0029103,nv,nv,0.0031175944,0.0001927868,auto_accept,low_unc_low_risk
ISIC_0030342,nv,nv,2.8031215e-07,1.0678638e-08,auto_accept,low_unc_low_risk
ISIC_0029736,nv,nv,0.0008988329,3.6620644e-05,auto_accept,low_unc_low_risk
ISIC_0028077,nv,nv,0.001298473,3.5571888e-05,auto_accept,low_unc_low_risk
ISIC_0025459,nv,nv,0.00064393965,6.649086e-05,auto_accept,low_unc_low_risk
ISIC_0027698,nv,nv,0.0015366764,0.00011875037,auto_accept,low_unc_low_risk
ISIC_0029380,nv,nv,0.00032737694,2.7221857e-05,auto_accept,low_unc_low_risk
ISIC_0029928,nv,nv,1.2835128e-06,8.2280485e-09,auto_accept,low_unc_low_risk
ISIC_0033012,bcc,bcc,0.0074226134,0.9987488,auto_accept,low_unc_low_risk
ISIC_0027486,nv,nv,0.0075342334,0.0004996993,auto_accept,low_unc_low_risk
ISIC_0032650,nv,nv,0.025620468,0.001122807,auto_accept,low_unc_low_risk
ISIC_0024847,nv,nv,0.010301931,0.0007962761,auto_accept,low_unc_low_risk
ISIC_0032254,nv,nv,0.004414937,1.2172159e-05,auto_accept,low_unc_low_risk
ISIC_0030412,nv,nv,8.174452e-06,1.7526432e-07,auto_accept,low_unc_low_risk
ISIC_0025274,nv,nv,2.5615043e-05,2.0469372e-08,auto_accept,low_unc_low_risk
ISIC_0024660,nv,nv,0.00015582891,2.3009254e-06,auto_accept,low_unc_low_risk
ISIC_0027456,nv,nv,0.00013611277,7.4675263e-06,auto_accept,low_unc_low_risk
ISIC_0027830,nv,nv,0.00062068255,1.297081e-05,auto_accept,low_unc_low_risk
ISIC_0030331,nv,nv,0.00043989805,1.1790961e-05,auto_accept,low_unc_low_risk
ISIC_0033613,bkl,bkl,0.00012502407,4.7152096e-07,auto_accept,low_unc_low_risk
ISIC_0025342,nv,nv,0.0005987953,1.143788e-06,auto_accept,low_unc_low_risk
ISIC_0028837,nv,nv,0.010995712,0.00013195323,auto_accept,low_unc_low_risk
ISIC_0027669,mel,mel,0.014005653,0.9970498,auto_accept,low_unc_low_risk
ISIC_0024386,df,df,6.913905e-05,1.42233675e-05,auto_accept,low_unc_low_risk
ISIC_0025853,nv,nv,0.06075637,0.0033224847,auto_accept,low_unc_low_risk
ISIC_0034114,nv,nv,0.0043314886,0.00048385345,auto_accept,low_unc_low_risk
ISIC_0029577,nv,nv,0.0006297641,6.2478306e-05,auto_accept,low_unc_low_risk
ISIC_0025386,nv,nv,0.0047645373,5.5466713e-05,auto_accept,low_unc_low_risk
ISIC_0033855,bkl,bkl,0.0005151499,1.7295235e-07,auto_accept,low_unc_low_risk
ISIC_0032141,nv,nv,0.019554144,0.011461523,auto_accept,low_unc_low_risk
ISIC_0027186,nv,nv,0.031081002,1.7050193e-05,auto_accept,low_unc_low_risk
ISIC_0031403,nv,nv,0.00352495,0.00025158108,auto_accept,low_unc_low_risk
ISIC_0027994,nv,nv,0.0041881767,1.4269832e-05,auto_accept,low_unc_low_risk
ISIC_0033260,bkl,bkl,0.00040953743,1.544899e-05,auto_accept,low_unc_low_risk
ISIC_0032228,nv,nv,5.9100175e-06,1.13919256e-07,auto_accept,low_unc_low_risk
ISIC_0024317,nv,nv,0.018130694,0.0030043973,auto_accept,low_unc_low_risk
ISIC_0027999,nv,nv,0.0030679984,0.0004974401,auto_accept,low_unc_low_risk
ISIC_0032122,nv,nv,0.08722371,0.012384071,auto_accept,low_unc_low_risk
ISIC_0032428,nv,nv,0.0013115087,1.4348324e-05,auto_accept,low_unc_low_risk
ISIC_0030493,nv,nv,0.00020186072,1.0595823e-05,auto_accept,low_unc_low_risk
ISIC_0026810,nv,nv,0.009394846,0.0019708718,auto_accept,low_unc_low_risk
ISIC_0032894,bcc,bcc,0.3097903,0.9063597,escalate,high_unc_low_risk
ISIC_0028500,nv,nv,0.0042078835,0.0005253139,auto_accept,low_unc_low_risk
ISIC_0031611,nv,nv,0.009318465,0.0004969759,auto_accept,low_unc_low_risk
ISIC_0030619,nv,nv,0.006240964,5.726913e-05,auto_accept,low_unc_low_risk
ISIC_0028375,nv,nv,6.627193e-05,3.337479e-06,auto_accept,low_unc_low_risk
ISIC_0028088,nv,nv,0.003554024,0.00012179051,auto_accept,low_unc_low_risk
ISIC_0033530,nv,nv,0.008876053,0.0016147824,auto_accept,low_unc_low_risk
ISIC_0031457,df,df,0.0013053968,0.0001180389,auto_accept,low_unc_low_risk
ISIC_0027462,nv,nv,0.00016018163,1.5199677e-05,auto_accept,low_unc_low_risk
ISIC_0024603,nv,nv,4.8725422e-05,2.3526568e-06,auto_accept,low_unc_low_risk
ISIC_0026311,bkl,bkl,0.0001615349,6.708002e-06,auto_accept,low_unc_low_risk
ISIC_0032062,nv,nv,0.0017015664,0.00010905777,auto_accept,low_unc_low_risk
ISIC_0025541,nv,bcc,0.34318244,0.9079591,escalate,high_unc_low_risk
ISIC_0033879,nv,nv,0.0007097742,0.00010901826,auto_accept,low_unc_low_risk
ISIC_0031482,nv,nv,0.478194,8.658744e-07,escalate,high_unc_low_risk
ISIC_0025843,nv,nv,0.00035941316,2.9247012e-06,auto_accept,low_unc_low_risk
ISIC_0032370,nv,nv,0.00062323717,7.6279794e-06,auto_accept,low_unc_low_risk
ISIC_0026119,nv,nv,1.190359e-05,4.234429e-07,auto_accept,low_unc_low_risk
ISIC_0029004,nv,nv,0.000107231645,8.705005e-06,auto_accept,low_unc_low_risk
ISIC_0026806,nv,nv,0.00026101098,3.3252734e-05,auto_accept,low_unc_low_risk
ISIC_0027408,nv,nv,0.10275343,5.4189954e-05,auto_accept,low_unc_low_risk
ISIC_0030470,nv,nv,6.3426537e-06,7.646733e-08,auto_accept,low_unc_low_risk
ISIC_0029373,nv,nv,0.0017782204,3.419066e-06,auto_accept,low_unc_low_risk
ISIC_0027405,nv,nv,7.4573144e-08,5.995505e-11,auto_accept,low_unc_low_risk
ISIC_0029186,nv,nv,0.00079596275,1.7824916e-05,auto_accept,low_unc_low_risk
ISIC_0028242,nv,nv,0.000897003,3.2271345e-07,auto_accept,low_unc_low_risk
ISIC_0029743,nv,nv,1.2427805e-07,1.0154874e-09,auto_accept,low_unc_low_risk
ISIC_0032066,nv,nv,0.016042216,2.3534478e-05,auto_accept,low_unc_low_risk
ISIC_0026079,nv,nv,0.0008142883,1.279885e-06,auto_accept,low_unc_low_risk
ISIC_0033555,nv,nv,0.024777198,0.0020673848,auto_accept,low_unc_low_risk
ISIC_0030430,nv,nv,3.932051e-05,2.431984e-06,auto_accept,low_unc_low_risk
ISIC_0024593,nv,nv,0.00011620105,3.1068205e-06,auto_accept,low_unc_low_risk
ISIC_0033290,nv,nv,0.0028550683,9.243021e-05,auto_accept,low_unc_low_risk
ISIC_0030298,nv,nv,9.794906e-05,3.960129e-06,auto_accept,low_unc_low_risk
ISIC_0028385,nv,nv,0.036852036,7.215051e-05,auto_accept,low_unc_low_risk
ISIC_0029064,nv,nv,0.00016001804,4.4392964e-06,auto_accept,low_unc_low_risk
ISIC_0024928,nv,nv,0.0011855598,1.7791697e-05,auto_accept,low_unc_low_risk
ISIC_0025150,nv,nv,0.34960938,0.008290548,escalate,high_unc_low_risk
ISIC_0026890,nv,nv,2.8950193e-05,1.8185486e-07,auto_accept,low_unc_low_risk
ISIC_0028536,nv,nv,5.7449813e-07,1.09851115e-08,auto_accept,low_unc_low_risk
ISIC_0027810,nv,nv,0.00025023372,1.1765521e-07,auto_accept,low_unc_low_risk
ISIC_0024927,nv,nv,1.381551e-08,1.3323287e-11,auto_accept,low_unc_low_risk
ISIC_0027621,nv,nv,0.25817275,0.0010244801,escalate,high_unc_low_risk
ISIC_0034174,nv,nv,0.0034855593,0.0003148018,auto_accept,low_unc_low_risk
ISIC_0026211,nv,nv,0.010203364,0.0011309815,auto_accept,low_unc_low_risk
ISIC_0031319,nv,nv,0.033941545,0.0012073434,auto_accept,low_unc_low_risk
ISIC_0030256,nv,nv,0.002792684,2.4037077e-05,auto_accept,low_unc_low_risk
ISIC_0027939,nv,nv,0.00085239817,3.7972553e-05,auto_accept,low_unc_low_risk
ISIC_0032769,nv,nv,0.0020273393,0.00015277867,auto_accept,low_unc_low_risk
ISIC_0025415,nv,nv,0.17048718,1.1902273e-06,escalate,high_unc_low_risk
ISIC_0031071,nv,nv,0.01345706,1.7125121e-05,auto_accept,low_unc_low_risk
ISIC_0026452,nv,nv,0.00046091498,1.4641587e-05,auto_accept,low_unc_low_risk
ISIC_0026390,nv,nv,0.0016725494,4.6136855e-05,auto_accept,low_unc_low_risk
ISIC_0028582,mel,mel,0.005401973,0.99818194,auto_accept,low_unc_low_risk
ISIC_0030235,nv,nv,0.00026296623,1.014456e-06,auto_accept,low_unc_low_risk
ISIC_0027902,nv,nv,2.3551427e-05,4.0602598e-07,auto_accept,low_unc_low_risk
ISIC_0024607,nv,nv,1.590481e-06,6.351098e-10,auto_accept,low_unc_low_risk
ISIC_0027267,nv,nv,0.010148958,1.9271316e-05,auto_accept,low_unc_low_risk
ISIC_0032142,nv,nv,3.8349644e-05,1.2985365e-08,auto_accept,low_unc_low_risk
ISIC_0025738,nv,nv,0.0022073116,1.0402616e-06,auto_accept,low_unc_low_risk
ISIC_0026817,nv,nv,9.3840235e-06,1.08818476e-07,auto_accept,low_unc_low_risk
ISIC_0028362,nv,nv,1.0848841e-05,3.1317919e-07,auto_accept,low_unc_low_risk
ISIC_0030460,nv,nv,0.0034731133,0.00012724854,auto_accept,low_unc_low_risk
ISIC_0025013,nv,nv,0.00034523004,7.577718e-06,auto_accept,low_unc_low_risk
ISIC_0024532,nv,nv,0.00039698917,5.4913664e-05,auto_accept,low_unc_low_risk
ISIC_0030660,nv,nv,2.342371e-07,1.9933072e-10,auto_accept,low_unc_low_risk
ISIC_0031269,nv,nv,0.006722497,0.0010196563,auto_accept,low_unc_low_risk
ISIC_0026615,nv,nv,0.038103633,0.0012581068,auto_accept,low_unc_low_risk
ISIC_0031231,nv,nv,4.5287375e-06,1.7900746e-07,auto_accept,low_unc_low_risk
ISIC_0030353,nv,nv,0.0010620179,2.9629163e-07,auto_accept,low_unc_low_risk
ISIC_0027430,nv,nv,0.00026276402,3.1637398e-06,auto_accept,low_unc_low_risk
ISIC_0032479,nv,nv,0.00024518222,8.053099e-07,auto_accept,low_unc_low_risk
ISIC_0033783,bkl,bkl,8.088869e-06,2.346683e-06,auto_accept,low_unc_low_risk
ISIC_0027634,nv,nv,0.0021799447,0.00022906468,auto_accept,low_unc_low_risk
ISIC_0027924,nv,nv,0.0008412259,6.1599356e-05,auto_accept,low_unc_low_risk
ISIC_0034115,bkl,bkl,0.11670435,1.9736069e-08,auto_accept,low_unc_low_risk
ISIC_0030747,mel,nv,2.3367857e-05,5.833445e-07,auto_accept,low_unc_low_risk
ISIC_0031277,bkl,bkl,0.00562459,9.6503354e-05,auto_accept,low_unc_low_risk
ISIC_0034023,nv,nv,0.00010789507,5.2123823e-07,auto_accept,low_unc_low_risk
ISIC_0031092,nv,nv,0.0017264218,4.9761165e-05,auto_accept,low_unc_low_risk
ISIC_0029801,bkl,bkl,3.233982e-06,2.1999801e-07,auto_accept,low_unc_low_risk
ISIC_0027339,nv,nv,6.969999e-05,1.3643914e-06,auto_accept,low_unc_low_risk
ISIC_0030640,nv,nv,0.05876381,0.0018168318,auto_accept,low_unc_low_risk
ISIC_0033282,nv,nv,0.5298609,0.17148846,escalate,high_unc_low_risk
ISIC_0024625,nv,nv,0.0007149023,7.331397e-05,auto_accept,low_unc_low_risk
ISIC_0027687,nv,nv,0.0003266561,1.1514371e-06,auto_accept,low_unc_low_risk
ISIC_0033965,nv,nv,7.7336044e-05,2.4754775e-06,auto_accept,low_unc_low_risk
ISIC_0026725,nv,nv,0.0017757029,0.00010222749,auto_accept,low_unc_low_risk
ISIC_0026875,nv,nv,0.016509766,0.00014932407,auto_accept,low_unc_low_risk
ISIC_0027368,nv,nv,2.1661566e-05,1.1001026e-06,auto_accept,low_unc_low_risk
ISIC_0027210,vasc,vasc,0.0005976756,4.1971016e-05,auto_accept,low_unc_low_risk
ISIC_0033155,nv,nv,0.05298947,0.0012166417,auto_accept,low_unc_low_risk
ISIC_0027464,nv,nv,2.4983316e-05,2.1126678e-07,auto_accept,low_unc_low_risk
ISIC_0030560,nv,nv,3.190421e-05,8.085783e-07,auto_accept,low_unc_low_risk
ISIC_0025758,bkl,bkl,0.019570382,8.15446e-05,auto_accept,low_unc_low_risk
ISIC_0025824,bcc,bcc,9.9571545e-05,0.9999902,escalate,low_unc_high_risk
ISIC_0024354,nv,nv,2.8857407e-05,1.4682574e-07,auto_accept,low_unc_low_risk
ISIC_0026996,mel,nv,0.015660822,0.0012661512,auto_accept,low_unc_low_risk
ISIC_0029882,nv,nv,9.582463e-06,9.9540635e-08,auto_accept,low_unc_low_risk
ISIC_0027341,nv,nv,5.8578325e-06,1.5579852e-08,auto_accept,low_unc_low_risk
ISIC_0029074,nv,nv,6.279123e-05,7.504168e-07,auto_accept,low_unc_low_risk
ISIC_0034200,nv,nv,0.033983763,0.0013087342,auto_accept,low_unc_low_risk
ISIC_0027458,nv,nv,0.0014805922,0.00025552945,auto_accept,low_unc_low_risk
ISIC_0027085,nv,nv,0.0016151813,4.2612573e-06,auto_accept,low_unc_low_risk
ISIC_0031729,nv,nv,0.00045343893,7.084518e-06,auto_accept,low_unc_low_risk
ISIC_0029348,nv,nv,0.009333997,0.00064300076,auto_accept,low_unc_low_risk
ISIC_0027869,nv,nv,0.025275728,2.0995307e-05,auto_accept,low_unc_low_risk
ISIC_0033895,nv,nv,0.0021039667,6.1156934e-06,auto_accept,low_unc_low_risk
ISIC_0029437,nv,nv,0.012906791,2.1751719e-06,auto_accept,low_unc_low_risk
ISIC_0026176,nv,nv,2.5833697e-07,2.8063332e-09,auto_accept,low_unc_low_risk
ISIC_0024574,nv,nv,0.0035557533,9.289863e-05,auto_accept,low_unc_low_risk
ISIC_0033265,nv,nv,0.0041869106,0.00077054795,auto_accept,low_unc_low_risk
ISIC_0031452,nv,nv,0.00013489717,1.2549082e-05,auto_accept,low_unc_low_risk
ISIC_0029871,nv,nv,0.0019495036,4.180731e-05,auto_accept,low_unc_low_risk
ISIC_0032448,nv,nv,0.01734314,7.2235016e-06,auto_accept,low_unc_low_risk
ISIC_0028880,df,df,2.0797297e-07,7.912357e-08,auto_accept,low_unc_low_risk
ISIC_0032601,nv,nv,0.12646577,0.04063988,escalate,high_unc_low_risk
ISIC_0025474,nv,nv,7.1940544e-06,1.2112193e-07,auto_accept,low_unc_low_risk
ISIC_0027625,nv,nv,0.0007753692,2.2305943e-05,auto_accept,low_unc_low_risk
ISIC_0025361,nv,nv,0.00012115575,3.674925e-06,auto_accept,low_unc_low_risk
ISIC_0032288,nv,nv,0.0017219692,1.1685602e-09,auto_accept,low_unc_low_risk
ISIC_0030569,nv,nv,2.0297495e-05,6.686017e-07,auto_accept,low_unc_low_risk
ISIC_0025049,nv,nv,0.0014865818,0.000166383,auto_accept,low_unc_low_risk
ISIC_0024755,nv,nv,1.7301586e-07,3.2627803e-10,auto_accept,low_unc_low_risk
ISIC_0028076,akiec,akiec,0.017101511,0.9627365,auto_accept,low_unc_low_risk
ISIC_0025995,nv,nv,3.601423e-05,1.1822186e-07,auto_accept,low_unc_low_risk
ISIC_0025142,nv,nv,0.00044481602,1.28932725e-05,auto_accept,low_unc_low_risk
ISIC_0027490,nv,nv,6.141065e-08,5.9670525e-11,auto_accept,low_unc_low_risk
ISIC_0024722,nv,nv,5.0367522e-05,4.925383e-08,auto_accept,low_unc_low_risk
ISIC_0028835,nv,nv,0.00011365034,2.099525e-06,auto_accept,low_unc_low_risk
ISIC_0028283,bcc,bcc,0.018922672,0.99963343,auto_accept,low_unc_low_risk
ISIC_0031668,nv,nv,0.012639178,4.5320194e-06,auto_accept,low_unc_low_risk
ISIC_0028380,nv,nv,0.0002703632,1.139622e-05,auto_accept,low_unc_low_risk
ISIC_0031103,vasc,vasc,2.3462567e-06,2.6226414e-07,auto_accept,low_unc_low_risk
ISIC_0026971,nv,nv,4.6607843e-06,1.2106177e-07,auto_accept,low_unc_low_risk
ISIC_0031416,nv,nv,0.0014159143,9.872093e-05,auto_accept,low_unc_low_risk
ISIC_0029822,nv,nv,7.098145e-05,7.92097e-07,auto_accept,low_unc_low_risk
ISIC_0024878,nv,nv,0.00023160936,1.0903244e-05,auto_accept,low_unc_low_risk
ISIC_0032426,nv,nv,2.9179513e-05,3.1107407e-07,auto_accept,low_unc_low_risk
ISIC_0029873,nv,nv,1.9543015e-05,5.529772e-07,auto_accept,low_unc_low_risk
ISIC_0026881,nv,nv,1.2222302e-05,2.578567e-10,auto_accept,low_unc_low_risk
ISIC_0031288,nv,nv,0.0033684545,0.00019254102,auto_accept,low_unc_low_risk
ISIC_0028660,nv,nv,0.00028712177,3.8321085e-07,auto_accept,low_unc_low_risk
ISIC_0029626,nv,nv,0.0012224992,1.5445114e-05,auto_accept,low_unc_low_risk
ISIC_0025694,nv,nv,0.0014123191,4.4205844e-05,auto_accept,low_unc_low_risk
ISIC_0025505,nv,nv,0.04183041,0.005581844,auto_accept,low_unc_low_risk
ISIC_0026501,nv,nv,0.012474515,6.1612045e-05,auto_accept,low_unc_low_risk
ISIC_0026228,nv,nv,0.00012543847,9.433274e-08,auto_accept,low_unc_low_risk
ISIC_0027136,nv,nv,0.31283665,0.00030611435,escalate,high_unc_low_risk
ISIC_0025555,nv,nv,0.017450476,0.0022677092,auto_accept,low_unc_low_risk
ISIC_0030545,nv,nv,0.00017546104,1.1257074e-05,auto_accept,low_unc_low_risk
ISIC_0028547,nv,nv,0.00038744087,4.115073e-07,auto_accept,low_unc_low_risk
ISIC_0032972,bkl,bkl,0.0014532118,2.9617553e-07,auto_accept,low_unc_low_risk
ISIC_0026522,akiec,akiec,0.0017308395,0.9992576,auto_accept,low_unc_low_risk
ISIC_0026696,nv,nv,7.4415264e-05,2.4763932e-07,auto_accept,low_unc_low_risk
ISIC_0027414,nv,nv,5.8999056e-05,1.2220755e-06,auto_accept,low_unc_low_risk
ISIC_0028619,akiec,bkl,0.00021083407,1.7836852e-05,auto_accept,low_unc_low_risk
ISIC_0033815,nv,nv,0.030001335,0.0030538202,auto_accept,low_unc_low_risk
ISIC_0025768,nv,nv,3.6001085e-05,9.157841e-07,auto_accept,low_unc_low_risk
ISIC_0026772,nv,nv,0.0015000401,8.658589e-06,auto_accept,low_unc_low_risk
ISIC_0029988,nv,nv,0.00033466832,1.9930221e-06,auto_accept,low_unc_low_risk
ISIC_0030070,vasc,nv,0.06042267,0.0044735586,auto_accept,low_unc_low_risk
ISIC_0028841,nv,nv,0.0003345725,2.7765627e-05,auto_accept,low_unc_low_risk
ISIC_0028587,bkl,bkl,1.7986963e-07,8.383406e-09,auto_accept,low_unc_low_risk
ISIC_0032130,nv,nv,1.9282143e-06,6.115812e-10,auto_accept,low_unc_low_risk
ISIC_0029955,nv,nv,9.034084e-06,1.9253844e-07,auto_accept,low_unc_low_risk
ISIC_0028523,nv,nv,9.7076125e-08,5.3855205e-11,auto_accept,low_unc_low_risk
ISIC_0024621,nv,nv,1.1458433e-06,9.471577e-10,auto_accept,low_unc_low_risk
ISIC_0032605,nv,nv,0.013681952,0.000923709,auto_accept,low_unc_low_risk
ISIC_0027737,bkl,bkl,0.00011359646,9.131895e-07,auto_accept,low_unc_low_risk
ISIC_0024753,nv,nv,5.1705236e-05,3.831169e-06,auto_accept,low_unc_low_risk
ISIC_0028629,nv,nv,0.007930282,6.7427885e-05,auto_accept,low_unc_low_risk
ISIC_0026242,nv,nv,0.0005137017,1.8121393e-06,auto_accept,low_unc_low_risk
ISIC_0029566,nv,nv,0.00015014982,7.183377e-06,auto_accept,low_unc_low_risk
ISIC_0024394,nv,nv,0.0023309703,0.00018676686,auto_accept,low_unc_low_risk
ISIC_0024510,nv,nv,9.14289e-05,4.8595956e-07,auto_accept,low_unc_low_risk
ISIC_0024861,nv,nv,0.0020550261,2.8335498e-05,auto_accept,low_unc_low_risk
ISIC_0027314,nv,nv,9.865555e-07,1.7448206e-08,auto_accept,low_unc_low_risk
ISIC_0031689,nv,nv,0.000561285,3.461537e-05,auto_accept,low_unc_low_risk
ISIC_0031664,nv,nv,8.4403866e-05,3.6117729e-06,auto_accept,low_unc_low_risk
ISIC_0025348,nv,nv,1.0253723e-07,6.568041e-11,auto_accept,low_unc_low_risk
ISIC_0032475,nv,nv,0.053545605,0.000471087,auto_accept,low_unc_low_risk
ISIC_0033048,nv,nv,0.0025425777,4.1710944e-05,auto_accept,low_unc_low_risk
ISIC_0027092,nv,nv,4.7386875e-06,2.0110848e-07,auto_accept,low_unc_low_risk
ISIC_0033974,nv,nv,0.0153986225,0.000611338,auto_accept,low_unc_low_risk
ISIC_0034075,nv,nv,0.052073933,0.008335893,auto_accept,low_unc_low_risk
ISIC_0029150,nv,nv,0.0009065249,8.064597e-07,auto_accept,low_unc_low_risk
ISIC_0026062,nv,nv,7.0398123e-06,1.9891606e-07,auto_accept,low_unc_low_risk
ISIC_0033591,vasc,vasc,8.096284e-05,1.964625e-05,auto_accept,low_unc_low_risk
ISIC_0032873,mel,mel,0.013803776,0.9936999,auto_accept,low_unc_low_risk
ISIC_0032630,mel,mel,0.0053516924,0.99827206,auto_accept,low_unc_low_risk
ISIC_0027209,nv,nv,0.0025670656,0.00022278354,auto_accept,low_unc_low_risk
ISIC_0030702,nv,nv,0.0006517885,3.4595465e-05,auto_accept,low_unc_low_risk
ISIC_0029375,nv,nv,0.0010731759,2.5256088e-05,auto_accept,low_unc_low_risk
ISIC_0029110,nv,nv,2.709471e-05,2.4674815e-08,auto_accept,low_unc_low_risk
ISIC_0026595,nv,nv,9.695436e-06,1.9659442e-10,auto_accept,low_unc_low_risk
ISIC_0024720,nv,nv,0.25904125,0.03641849,escalate,high_unc_low_risk
ISIC_0033172,nv,nv,0.0019903241,0.0002350206,auto_accept,low_unc_low_risk
ISIC_0026114,nv,nv,2.9381588e-05,1.244385e-07,auto_accept,low_unc_low_risk
ISIC_0032216,nv,nv,1.03484645e-05,1.7951383e-07,auto_accept,low_unc_low_risk
ISIC_0033801,mel,nv,0.08676642,0.010196394,auto_accept,low_unc_low_risk
ISIC_0032391,nv,nv,0.00027568085,8.998081e-07,auto_accept,low_unc_low_risk
ISIC_0030590,nv,nv,0.00013089013,3.3538377e-06,auto_accept,low_unc_low_risk
ISIC_0030686,nv,nv,0.032364316,0.0045701102,auto_accept,low_unc_low_risk
ISIC_0033501,nv,nv,0.09306087,0.009445512,auto_accept,low_unc_low_risk
ISIC_0033885,mel,bkl,0.7144245,0.7427343,escalate,high_unc_low_risk
ISIC_0033086,nv,nv,0.00074579706,2.015234e-05,auto_accept,low_unc_low_risk
ISIC_0025935,nv,nv,1.8592214e-05,2.466765e-09,auto_accept,low_unc_low_risk
ISIC_0026750,nv,nv,0.00041231757,2.2653205e-05,auto_accept,low_unc_low_risk
ISIC_0030762,nv,nv,5.71826e-05,4.4597537e-06,auto_accept,low_unc_low_risk
ISIC_0026982,nv,nv,1.381551e-08,1.504724e-11,auto_accept,low_unc_low_risk
ISIC_0028534,nv,nv,0.13995469,0.023816956,escalate,high_unc_low_risk
ISIC_0024898,mel,nv,0.1227838,0.016481968,escalate,high_unc_low_risk
ISIC_0030816,nv,nv,0.00093893753,6.7214045e-05,auto_accept,low_unc_low_risk
ISIC_0033187,nv,nv,0.08182219,0.003893221,auto_accept,low_unc_low_risk
ISIC_0028799,nv,nv,0.00012044633,3.8784697e-06,auto_accept,low_unc_low_risk
ISIC_0024382,bkl,bkl,0.00030222026,0.00024117068,auto_accept,low_unc_low_risk
ISIC_0032550,mel,mel,0.000106503954,0.9999677,auto_accept,low_unc_low_risk
ISIC_0032881,nv,nv,0.00017376587,4.5200545e-06,auto_accept,low_unc_low_risk
ISIC_0028740,nv,nv,3.571484e-05,2.178844e-09,auto_accept,low_unc_low_risk
ISIC_0029044,nv,nv,0.0002181413,1.2941748e-05,auto_accept,low_unc_low_risk
ISIC_0027593,nv,nv,0.0012847742,1.7022325e-06,auto_accept,low_unc_low_risk
ISIC_0025852,nv,nv,0.0012796745,3.9760722e-05,auto_accept,low_unc_low_risk
ISIC_0025708,mel,nv,0.005956608,0.0008996188,auto_accept,low_unc_low_risk
ISIC_0029643,nv,nv,0.0030420744,7.8677285e-06,auto_accept,low_unc_low_risk
ISIC_0030097,nv,nv,0.0003113575,4.0707423e-06,auto_accept,low_unc_low_risk
