image_id,true_label,predicted_label,uncertainty_score,risk_score,decision,category
ISIC_0031382,nv,nv,2.9727371e-07,8.0994145e-10,auto_accept,low_unc_low_risk
ISIC_0025947,nv,nv,0.00010202632,9.419981e-06,auto_accept,low_unc_low_risk
ISIC_0029691,nv,nv,5.8553223e-06,1.292281e-07,auto_accept,low_unc_low_risk
ISIC_0031732,nv,nv,1.9992513e-07,4.4807008e-10,auto_accept,low_unc_low_risk
ISIC_0026035,nv,nv,2.5365097e-07,2.1762978e-09,auto_accept,low_unc_low_risk
ISIC_0028474,nv,nv,1.6016585e-08,3.1044746e-12,auto_accept,low_unc_low_risk
ISIC_0032449,nv,nv,1.0873989e-05,2.2036885e-07,auto_accept,low_unc_low_risk
ISIC_0028064,nv,nv,3.7842332e-07,3.2304975e-11,auto_accept,low_unc_low_risk
ISIC_0028013,nv,nv,5.3704966e-06,9.0060674e-08,auto_accept,low_unc_low_risk
ISIC_0027971,nv,nv,2.4628983e-07,7.0560857e-10,auto_accept,low_unc_low_risk
ISIC_0028338,nv,nv,0.009815974,8.3164916e-05,escalate,low_unc_low_risk
ISIC_0033056,bkl,bkl,4.2971944e-08,3.1146055e-08,auto_accept,low_unc_low_risk
ISIC_0024341,nv,nv,2.440591e-06,7.589397e-08,auto_accept,low_unc_low_risk
ISIC_0032201,nv,nv,6.0402914e-07,3.3905765e-09,auto_accept,low_unc_low_risk
ISIC_0032229,nv,nv,1.3769226e-05,1.03048286e-07,auto_accept,low_unc_low_risk
ISIC_0027741,nv,nv,0.00022469748,7.97397e-09,auto_accept,low_unc_low_risk
ISIC_0028439,nv,nv,1.6139326e-06,1.1178124e-08,auto_accept,low_unc_low_risk
ISIC_0028692,nv,nv,0.00022024459,9.55604e-06,auto_accept,low_unc_low_risk
ISIC_0033926,nv,nv,5.2220836e-05,1.9731528e-06,auto_accept,low_unc_low_risk
ISIC_0034227,nv,nv,0.00063787255,5.383481e-05,auto_accept,low_unc_low_risk
ISIC_0029941,nv,nv,1.06319685e-05,2.5996346e-07,auto_accept,low_unc_low_risk
ISIC_0028316,bcc,bcc,0.0075170114,0.99934095,escalate,low_unc_low_risk
ISIC_0025626,nv,nv,6.091454e-08,9.444301e-10,auto_accept,low_unc_low_risk
ISIC_0029490,nv,nv,3.3706272e-06,1.2633179e-08,auto_accept,low_unc_low_risk
ISIC_0031905,nv,nv,1.1994291e-05,4.0580298e-07,auto_accept,low_unc_low_risk
ISIC_0032196,nv,nv,2.1219229e-07,4.4753687e-11,auto_accept,low_unc_low_risk
ISIC_0032137,nv,nv,0.00025000458,8.253598e-06,auto_accept,low_unc_low_risk
ISIC_0026073,nv,nv,9.3452645e-06,5.6884264e-08,auto_accept,low_unc_low_risk
ISIC_0030499,nv,nv,1.381551e-08,1.8972352e-12,auto_accept,low_unc_low_risk
ISIC_0029314,nv,nv,2.765715e-06,3.8221547e-08,auto_accept,low_unc_low_risk
ISIC_0025398,nv,nv,4.018554e-05,7.0559975e-07,auto_accept,low_unc_low_risk
ISIC_0027898,nv,nv,1.6654792e-05,4.0656067e-07,auto_accept,low_unc_low_risk
ISIC_0026344,nv,nv,7.0163485e-05,1.07647566e-07,auto_accept,low_unc_low_risk
ISIC_0029148,nv,nv,5.621247e-08,1.8697204e-09,auto_accept,low_unc_low_risk
ISIC_0030780,nv,nv,4.8135835e-06,1.7973939e-08,auto_accept,low_unc_low_risk
ISIC_0029910,nv,nv,1.6419923e-05,4.1222793e-12,auto_accept,low_unc_low_risk
ISIC_0029295,nv,nv,8.0245745e-06,6.09252e-08,auto_accept,low_unc_low_risk
ISIC_0032069,nv,nv,0.00021658542,6.791124e-07,auto_accept,low_unc_low_risk
ISIC_0027637,nv,nv,3.253918e-05,1.5493299e-07,auto_accept,low_unc_low_risk
ISIC_0032800,nv,nv,0.00022350208,6.45584e-07,auto_accept,low_unc_low_risk
ISIC_0030947,nv,nv,3.1757052e-06,4.0427498e-11,auto_accept,low_unc_low_risk
ISIC_0032120,nv,nv,2.3349994e-06,9.882061e-09,auto_accept,low_unc_low_risk
ISIC_0026052,nv,nv,0.0038122712,0.0002829905,escalate,low_unc_low_risk
ISIC_0031610,nv,nv,1.9967001e-06,3.3112757e-09,auto_accept,low_unc_low_risk
ISIC_0028676,nv,nv,1.5834017e-05,5.9422117e-08,auto_accept,low_unc_low_risk
ISIC_0026383,nv,nv,0.0012200371,1.3246349e-05,auto_accept,low_unc_low_risk
ISIC_0025514,nv,nv,0.00033075837,1.672302e-05,auto_accept,low_unc_low_risk
ISIC_0032491,nv,nv,1.971699e-08,8.0557325e-11,auto_accept,low_unc_low_risk
ISIC_0024474,nv,nv,0.00016881357,5.605403e-06,auto_accept,low_unc_low_risk
ISIC_0033922,nv,nv,0.0039226976,0.00031590488,escalate,low_unc_low_risk
ISIC_0029024,nv,nv,0.0014286882,3.122692e-05,auto_accept,low_unc_low_risk
ISIC_0025516,nv,nv,2.4936978e-06,1.197556e-07,auto_accept,low_unc_low_risk
ISIC_0031956,nv,nv,3.766149e-05,8.86255e-07,auto_accept,low_unc_low_risk
ISIC_0024826,nv,nv,8.96362e-06,1.5208505e-07,auto_accept,low_unc_low_risk
ISIC_0030797,nv,nv,2.8061006e-05,1.4364178e-06,auto_accept,low_unc_low_risk
ISIC_0025969,nv,nv,9.642089e-05,1.7778772e-08,auto_accept,low_unc_low_risk
ISIC_0027119,nv,nv,0.00018023918,6.818569e-07,auto_accept,low_unc_low_risk
ISIC_0031860,nv,nv,0.00139387,2.8992577e-08,auto_accept,low_unc_low_risk
ISIC_0026475,mel,nv,0.0012568935,8.155641e-05,auto_accept,low_unc_low_risk
ISIC_0024894,nv,nv,4.5632717e-08,2.6047534e-12,auto_accept,low_unc_low_risk
ISIC_0026572,nv,nv,3.1649204e-05,1.2405428e-06,auto_accept,low_unc_low_risk
ISIC_0024462,nv,nv,0.00039510467,3.1952146e-05,auto_accept,low_unc_low_risk
ISIC_0031882,nv,nv,2.3787626e-08,3.6564606e-11,auto_accept,low_unc_low_risk
ISIC_0032899,nv,nv,0.00062826497,6.1553726e-07,auto_accept,low_unc_low_risk
ISIC_0025839,nv,nv,2.5994061e-06,4.8116355e-08,auto_accept,low_unc_low_risk
ISIC_0025313,mel,nv,6.442599e-06,2.926368e-07,auto_accept,low_unc_low_risk
ISIC_0024992,nv,nv,6.181121e-07,1.5956491e-09,auto_accept,low_unc_low_risk
ISIC_0030496,nv,nv,0.000374135,1.4859703e-06,auto_accept,low_unc_low_risk
ISIC_0026592,nv,nv,0.005118856,0.00017834458,escalate,low_unc_low_risk
ISIC_0031997,nv,nv,6.5936634e-05,2.2592596e-06,auto_accept,low_unc_low_risk
ISIC_0030573,nv,nv,9.472036e-06,6.68802e-08,auto_accept,low_unc_low_risk
ISIC_0028192,nv,nv,5.5049886e-06,2.4147496e-07,auto_accept,low_unc_low_risk
ISIC_0027493,nv,nv,2.6869176e-07,2.3305955e-09,auto_accept,low_unc_low_risk
ISIC_0028099,nv,nv,3.5527272e-08,1.6875792e-10,auto_accept,low_unc_low_risk
ISIC_0028908,nv,nv,5.1016363e-05,2.4012747e-06,auto_accept,low_unc_low_risk
ISIC_0027361,nv,nv,1.2896869e-05,4.547925e-08,auto_accept,low_unc_low_risk
ISIC_0025380,nv,nv,8.9858844e-07,8.164531e-09,auto_accept,low_unc_low_risk
ISIC_0024868,nv,nv,2.8474751e-05,9.660976e-08,auto_accept,low_unc_low_risk
ISIC_0025974,nv,nv,1.9325437e-06,8.344003e-09,auto_accept,low_unc_low_risk
ISIC_0032464,nv,nv,2.5492036e-06,1.3645558e-08,auto_accept,low_unc_low_risk
ISIC_0027800,nv,nv,4.916786e-07,8.194314e-09,auto_accept,low_unc_low_risk
ISIC_0025645,nv,nv,0.00015884532,7.5011867e-06,auto_accept,low_unc_low_risk
ISIC_0028827,nv,nv,6.264897e-05,9.558298e-08,auto_accept,low_unc_low_risk
ISIC_0030178,nv,nv,1.381551e-08,1.4420031e-12,auto_accept,low_unc_low_risk
ISIC_0027051,nv,nv,8.781602e-08,1.599763e-09,auto_accept,low_unc_low_risk
ISIC_0026425,nv,nv,7.581325e-08,2.2688165e-10,auto_accept,low_unc_low_risk
ISIC_0024668,nv,nv,2.1544627e-06,5.6569835e-08,auto_accept,low_unc_low_risk
ISIC_0029376,nv,nv,1.381551e-08,7.6802166e-13,auto_accept,low_unc_low_risk
ISIC_0027001,nv,nv,1.381551e-08,1.2027933e-15,auto_accept,low_unc_low_risk
ISIC_0029816,nv,nv,3.4981987e-08,2.8388132e-12,auto_accept,low_unc_low_risk
ISIC_0033335,nv,nv,4.8544585e-05,1.4534567e-06,auto_accept,low_unc_low_risk
ISIC_0033689,nv,nv,2.3186376e-05,6.050864e-07,auto_accept,low_unc_low_risk
ISIC_0025672,nv,nv,0.00040988048,1.1076707e-05,auto_accept,low_unc_low_risk
ISIC_0026013,nv,nv,0.0015273391,5.240899e-07,auto_accept,low_unc_low_risk
ISIC_0031952,nv,nv,0.0082794195,8.730897e-05,escalate,low_unc_low_risk
ISIC_0028456,nv,nv,2.313407e-06,1.4140038e-09,auto_accept,low_unc_low_risk
ISIC_0029556,nv,nv,2.315903e-08,4.1089074e-10,auto_accept,low_unc_low_risk
ISIC_0024308,nv,nv,0.0020620902,0.00014580041,auto_accept,low_unc_low_risk
ISIC_0026731,nv,nv,3.4073832e-06,5.3730936e-08,auto_accept,low_unc_low_risk
ISIC_0024520,nv,nv,5.786545e-06,6.022905e-09,auto_accept,low_unc_low_risk
ISIC_0028269,nv,nv,2.109962e-05,4.038294e-08,auto_accept,low_unc_low_risk
ISIC_0032427,nv,nv,0.00017394904,5.6863487e-06,auto_accept,low_unc_low_risk
ISIC_0026435,nv,nv,1.9681609e-05,9.770808e-07,auto_accept,low_unc_low_risk
ISIC_0032298,nv,nv,0.0002261683,3.7521015e-06,auto_accept,low_unc_low_risk
ISIC_0030003,nv,nv,0.0012660304,5.580792e-05,auto_accept,low_unc_low_risk
ISIC_0024347,nv,nv,8.222287e-07,5.8942344e-09,auto_accept,low_unc_low_risk
ISIC_0028805,nv,nv,0.0008270697,8.412993e-07,auto_accept,low_unc_low_risk
ISIC_0031752,nv,nv,6.6760455e-05,1.080742e-06,auto_accept,low_unc_low_risk
ISIC_0025871,nv,nv,0.00013542915,3.4196921e-06,auto_accept,low_unc_low_risk
ISIC_0025147,nv,nv,0.0007421132,1.1179147e-06,auto_accept,low_unc_low_risk
ISIC_0032851,nv,nv,0.0044270987,0.0004894112,escalate,low_unc_low_risk
ISIC_0027724,nv,nv,0.048300542,0.003187028,escalate,high_unc_low_risk
ISIC_0025561,nv,nv,7.585647e-05,4.007793e-07,auto_accept,low_unc_low_risk
ISIC_0027417,nv,nv,6.384598e-06,1.1393262e-07,auto_accept,low_unc_low_risk
ISIC_0025840,nv,nv,0.00028406762,2.9419948e-06,auto_accept,low_unc_low_risk
ISIC_0034191,nv,nv,0.0027665673,5.8073338e-06,auto_accept,low_unc_low_risk
ISIC_0029688,nv,nv,1.5595868e-05,2.5996323e-07,auto_accept,low_unc_low_risk
ISIC_0028337,nv,nv,2.2711872e-06,8.917202e-08,auto_accept,low_unc_low_risk
ISIC_0033092,vasc,vasc,6.198994e-07,1.9895806e-05,auto_accept,low_unc_low_risk
ISIC_0032419,nv,nv,0.0001516644,3.0090753e-06,auto_accept,low_unc_low_risk
ISIC_0030361,nv,nv,2.5423353e-06,6.346006e-08,auto_accept,low_unc_low_risk
ISIC_0025595,nv,nv,1.2802935e-06,5.5733684e-09,auto_accept,low_unc_low_risk
ISIC_0028274,nv,nv,1.3239285e-05,7.953787e-08,auto_accept,low_unc_low_risk
ISIC_0031575,nv,nv,3.4503977e-05,1.2258562e-06,auto_accept,low_unc_low_risk
ISIC_0029815,nv,nv,1.5908606e-06,5.0544497e-09,auto_accept,low_unc_low_risk
ISIC_0031717,nv,nv,2.5746067e-06,2.3710587e-07,auto_accept,low_unc_low_risk
ISIC_0028600,nv,nv,0.0024085434,0.00021428886,auto_accept,low_unc_low_risk
ISIC_0033601,bkl,bkl,1.381551e-08,2.5772604e-09,auto_accept,low_unc_low_risk
ISIC_0029442,nv,nv,2.9045717e-05,1.3467534e-08,auto_accept,low_unc_low_risk
ISIC_0029282,nv,nv,0.00011305389,3.3116992e-06,auto_accept,low_unc_low_risk
ISIC_0031816,nv,nv,3.952744e-07,5.6921783e-09,auto_accept,low_unc_low_risk
ISIC_0031327,nv,nv,3.679786e-06,4.9390025e-09,auto_accept,low_unc_low_risk
ISIC_0028907,nv,nv,3.6411656e-08,2.4568564e-10,auto_accept,low_unc_low_risk
ISIC_0030053,nv,nv,0.0025276823,2.9171271e-05,auto_accept,low_unc_low_risk
ISIC_0025175,nv,nv,0.01568682,1.8761444e-05,escalate,low_unc_low_risk
ISIC_0028961,nv,nv,0.18218277,0.0004672234,escalate,high_unc_low_risk
ISIC_0024335,nv,nv,0.00022202634,1.4672667e-06,auto_accept,low_unc_low_risk
ISIC_0026797,nv,nv,1.422057e-08,6.994284e-11,auto_accept,low_unc_low_risk
ISIC_0027813,nv,nv,1.3733904e-07,2.5319713e-09,auto_accept,low_unc_low_risk
ISIC_0025965,nv,nv,1.4458816e-06,3.078959e-08,auto_accept,low_unc_low_risk
ISIC_0024656,nv,nv,6.900516e-07,1.7114367e-10,auto_accept,low_unc_low_risk
ISIC_0034212,nv,nv,6.889176e-05,3.5431278e-06,auto_accept,low_unc_low_risk
ISIC_0031850,nv,nv,2.9720579e-05,5.674934e-07,auto_accept,low_unc_low_risk
ISIC_0029788,nv,nv,0.00034293116,9.3337685e-06,auto_accept,low_unc_low_risk
ISIC_0029321,nv,nv,0.000767118,1.5788213e-07,auto_accept,low_unc_low_risk
ISIC_0025715,nv,nv,3.20767e-07,5.246802e-09,auto_accept,low_unc_low_risk
ISIC_0025896,nv,nv,5.3850925e-07,1.7374208e-09,auto_accept,low_unc_low_risk
ISIC_0032999,nv,nv,1.5090167e-06,5.649996e-08,auto_accept,low_unc_low_risk
ISIC_0033177,nv,nv,1.0905759e-07,2.4643512e-10,auto_accept,low_unc_low_risk
ISIC_0034109,nv,nv,4.1004096e-05,1.2391771e-06,auto_accept,low_unc_low_risk
ISIC_0025669,nv,nv,0.0021134357,1.947768e-06,auto_accept,low_unc_low_risk
ISIC_0024648,nv,nv,1.7465816e-06,5.024173e-09,auto_accept,low_unc_low_risk
ISIC_0032368,nv,nv,0.00034861025,2.1292679e-05,auto_accept,low_unc_low_risk
ISIC_0032606,nv,nv,5.861271e-05,3.0067288e-06,auto_accept,low_unc_low_risk
ISIC_0030255,mel,nv,0.00017936612,9.992372e-06,auto_accept,low_unc_low_risk
ISIC_0025508,nv,nv,0.00015011457,7.188649e-07,auto_accept,low_unc_low_risk
ISIC_0033080,nv,nv,0.0005164743,2.6210604e-05,auto_accept,low_unc_low_risk
ISIC_0024485,nv,nv,1.884807e-05,6.3843557e-09,auto_accept,low_unc_low_risk
ISIC_0027508,nv,nv,0.00011892914,1.5954497e-07,auto_accept,low_unc_low_risk
ISIC_0030186,nv,nv,5.894272e-08,1.0301459e-09,auto_accept,low_unc_low_risk
ISIC_0025055,nv,nv,3.1010183e-07,1.2116504e-09,auto_accept,low_unc_low_risk
ISIC_0024956,nv,nv,4.956061e-08,6.6875255e-11,auto_accept,low_unc_low_risk
ISIC_0030136,nv,nv,7.3901253e-07,9.678931e-10,auto_accept,low_unc_low_risk
ISIC_0028563,nv,nv,5.632709e-05,2.1360018e-08,auto_accept,low_unc_low_risk
ISIC_0033998,nv,nv,0.00023195395,4.3166285e-08,auto_accept,low_unc_low_risk
ISIC_0029407,nv,nv,3.347738e-08,9.509568e-11,auto_accept,low_unc_low_risk
ISIC_0028136,nv,nv,6.021604e-05,6.3934976e-07,auto_accept,low_unc_low_risk
ISIC_0029071,nv,nv,9.346168e-05,4.410146e-06,auto_accept,low_unc_low_risk
ISIC_0024658,nv,nv,2.101153e-08,4.9215913e-11,auto_accept,low_unc_low_risk
ISIC_0032261,nv,nv,0.00015296048,1.3125616e-06,auto_accept,low_unc_low_risk
ISIC_0031376,bkl,bkl,7.810685e-05,3.543551e-05,auto_accept,low_unc_low_risk
ISIC_0033427,nv,nv,3.468753e-06,3.830818e-08,auto_accept,low_unc_low_risk
ISIC_0026739,nv,nv,2.0343073e-08,1.9288206e-10,auto_accept,low_unc_low_risk
ISIC_0032131,nv,nv,1.4796701e-05,1.8772975e-07,auto_accept,low_unc_low_risk
ISIC_0028699,nv,nv,0.0023649416,9.301113e-06,auto_accept,low_unc_low_risk
ISIC_0032487,nv,nv,1.7558202e-07,2.1674824e-09,auto_accept,low_unc_low_risk
ISIC_0026903,nv,nv,1.6203963e-07,1.303633e-09,auto_accept,low_unc_low_risk
ISIC_0031497,nv,nv,1.381551e-08,2.3723414e-13,auto_accept,low_unc_low_risk
ISIC_0030069,nv,nv,0.0031279298,0.0006099069,escalate,low_unc_low_risk
ISIC_0028189,nv,nv,8.318854e-08,6.4009836e-10,auto_accept,low_unc_low_risk
ISIC_0030665,df,df,1.7326398e-05,7.0214014e-08,auto_accept,low_unc_low_risk
ISIC_0032085,nv,nv,2.2394426e-05,6.271839e-07,auto_accept,low_unc_low_risk
ISIC_0026261,nv,nv,4.4163076e-07,6.715371e-09,auto_accept,low_unc_low_risk
ISIC_0026379,nv,nv,6.522716e-05,2.3647228e-06,auto_accept,low_unc_low_risk
ISIC_0028008,nv,nv,0.011183863,0.00092965865,escalate,low_unc_low_risk
ISIC_0031879,nv,nv,6.3558775e-07,6.602765e-09,auto_accept,low_unc_low_risk
ISIC_0026419,nv,nv,0.0022647935,1.8022012e-05,auto_accept,low_unc_low_risk
ISIC_0030662,nv,nv,2.965853e-06,6.327089e-09,auto_accept,low_unc_low_risk
ISIC_0026495,nv,nv,1.7452217e-08,1.265476e-12,auto_accept,low_unc_low_risk
ISIC_0030295,nv,nv,2.1992873e-05,1.06448805e-08,auto_accept,low_unc_low_risk
ISIC_0026143,nv,nv,3.6797173e-05,4.757039e-08,auto_accept,low_unc_low_risk
ISIC_0024527,nv,nv,5.3757598e-05,1.5469101e-06,auto_accept,low_unc_low_risk
ISIC_0031067,nv,nv,5.717621e-07,1.0088429e-08,auto_accept,low_unc_low_risk
ISIC_0029954,nv,nv,3.1876123e-05,4.4215403e-07,auto_accept,low_unc_low_risk
ISIC_0028417,nv,nv,0.0035324225,6.613497e-05,escalate,low_unc_low_risk
ISIC_0026019,nv,nv,5.7151356e-06,1.8841546e-09,auto_accept,low_unc_low_risk
ISIC_0026197,nv,nv,1.9773436e-06,6.3849397e-09,auto_accept,low_unc_low_risk
ISIC_0032398,nv,nv,0.0002538077,9.677648e-08,auto_accept,low_unc_low_risk
ISIC_0024406,nv,nv,1.5204655e-06,4.4816026e-08,auto_accept,low_unc_low_risk
ISIC_0026353,nv,nv,1.946256e-06,3.8247707e-09,auto_accept,low_unc_low_risk
ISIC_0033655,mel,mel,1.4577408e-05,0.99999905,auto_accept,low_unc_low_risk
ISIC_0029122,nv,nv,7.697718e-06,2.3844353e-07,auto_accept,low_unc_low_risk
ISIC_0031390,nv,nv,7.905897e-08,2.879461e-09,auto_accept,low_unc_low_risk
ISIC_0031010,nv,nv,1.3553776e-05,3.4815793e-07,auto_accept,low_unc_low_risk
ISIC_0026469,nv,nv,4.369345e-06,2.5592596e-08,auto_accept,low_unc_low_risk
ISIC_0026639,nv,nv,9.883643e-06,1.9265435e-07,auto_accept,low_unc_low_risk
ISIC_0026616,nv,nv,1.8837393e-06,6.9792327e-09,auto_accept,low_unc_low_risk
ISIC_0026838,nv,nv,2.3915167e-08,6.18168e-12,auto_accept,low_unc_low_risk
ISIC_0029911,nv,nv,9.416667e-05,1.9580544e-07,auto_accept,low_unc_low_risk
ISIC_0026341,nv,nv,0.00276566,0.00010246778,auto_accept,low_unc_low_risk
ISIC_0026578,nv,nv,1.590011e-06,1.6813479e-08,auto_accept,low_unc_low_risk
ISIC_0031985,nv,nv,2.211891e-05,5.203983e-07,auto_accept,low_unc_low_risk
ISIC_0028181,nv,nv,1.6075937e-05,5.2788056e-07,auto_accept,low_unc_low_risk
ISIC_0028743,nv,nv,4.4942936e-08,9.277116e-11,auto_accept,low_unc_low_risk
ISIC_0025977,nv,nv,5.1131284e-08,2.5066804e-10,auto_accept,low_unc_low_risk
ISIC_0026516,mel,nv,0.027908288,0.0025586744,escalate,high_unc_low_risk
ISIC_0028819,nv,nv,0.00039827827,8.8744255e-06,auto_accept,low_unc_low_risk
ISIC_0030407,nv,nv,1.381551e-08,4.2075145e-12,auto_accept,low_unc_low_risk
ISIC_0032528,nv,nv,1.706926e-06,1.5199211e-09,auto_accept,low_unc_low_risk
ISIC_0030684,nv,nv,0.00053923763,9.783527e-07,auto_accept,low_unc_low_risk
ISIC_0033011,nv,nv,2.18777e-06,8.0289155e-08,auto_accept,low_unc_low_risk
ISIC_0028515,nv,nv,2.2094075e-06,2.4386878e-08,auto_accept,low_unc_low_risk
ISIC_0028996,nv,nv,3.0182862e-05,3.26614e-07,auto_accept,low_unc_low_risk
ISIC_0029739,nv,nv,1.3484144e-07,1.6154684e-09,auto_accept,low_unc_low_risk
ISIC_0034206,nv,nv,0.0010300035,3.837335e-05,auto_accept,low_unc_low_risk
ISIC_0032339,nv,nv,3.052264e-05,8.8331694e-07,auto_accept,low_unc_low_risk
ISIC_0030389,nv,nv,0.011104764,0.0015155267,escalate,low_unc_low_risk
ISIC_0031214,nv,nv,1.3451643e-05,2.8655276e-07,auto_accept,low_unc_low_risk
ISIC_0027633,nv,nv,0.00061460433,4.596596e-06,auto_accept,low_unc_low_risk
ISIC_0033652,nv,nv,0.00011566067,5.9090667e-06,auto_accept,low_unc_low_risk
ISIC_0031058,nv,nv,1.2751332e-07,3.8287395e-10,auto_accept,low_unc_low_risk
ISIC_0028301,nv,nv,1.8017136e-06,4.8096993e-08,auto_accept,low_unc_low_risk
ISIC_0032161,nv,nv,1.43997495e-05,2.3156202e-08,auto_accept,low_unc_low_risk
ISIC_0025334,nv,nv,1.6629254e-08,1.8411305e-12,auto_accept,low_unc_low_risk
ISIC_0027193,nv,nv,2.2370433e-07,5.96571e-11,auto_accept,low_unc_low_risk
ISIC_0025593,nv,nv,0.0021185467,4.023307e-05,auto_accept,low_unc_low_risk
ISIC_0030054,nv,nv,4.7933604e-06,1.1931824e-08,auto_accept,low_unc_low_risk
ISIC_0029981,nv,nv,4.5011082e-05,7.5095085e-07,auto_accept,low_unc_low_risk
ISIC_0026589,nv,nv,1.0374373e-05,5.070063e-09,auto_accept,low_unc_low_risk
ISIC_0027384,nv,nv,1.4440746e-05,3.735401e-09,auto_accept,low_unc_low_risk
ISIC_0029116,nv,nv,1.065912e-07,1.4419997e-09,auto_accept,low_unc_low_risk
ISIC_0027941,nv,nv,0.00014484956,1.6251323e-07,auto_accept,low_unc_low_risk
ISIC_0029782,nv,nv,5.5635714e-06,3.7570607e-07,auto_accept,low_unc_low_risk
ISIC_0027153,nv,nv,7.513041e-06,1.3822367e-07,auto_accept,low_unc_low_risk
ISIC_0028019,nv,nv,4.021127e-08,4.4765016e-12,auto_accept,low_unc_low_risk
ISIC_0025447,nv,nv,0.0095228255,0.0009084992,escalate,low_unc_low_risk
ISIC_0032080,nv,nv,7.4939535e-06,1.4647374e-07,auto_accept,low_unc_low_risk
ISIC_0032506,nv,nv,3.7149843e-05,1.2749322e-08,auto_accept,low_unc_low_risk
ISIC_0027227,nv,nv,2.845692e-06,3.363429e-08,auto_accept,low_unc_low_risk
ISIC_0029347,nv,nv,0.00091632246,4.9523333e-05,auto_accept,low_unc_low_risk
ISIC_0024597,nv,nv,4.2821957e-06,2.4459558e-11,auto_accept,low_unc_low_risk
ISIC_0024976,nv,nv,4.2264137e-06,7.642446e-08,auto_accept,low_unc_low_risk
ISIC_0028049,nv,nv,1.381551e-08,2.9278026e-13,auto_accept,low_unc_low_risk
ISIC_0024434,nv,nv,3.7870284e-06,5.169203e-09,auto_accept,low_unc_low_risk
ISIC_0028298,nv,nv,1.2256223e-06,4.238031e-09,auto_accept,low_unc_low_risk
ISIC_0024405,nv,nv,6.6048706e-08,5.77551e-10,auto_accept,low_unc_low_risk
ISIC_0031156,nv,nv,1.8504012e-07,1.04054395e-11,auto_accept,low_unc_low_risk
ISIC_0031415,nv,nv,1.3479685e-06,2.9987206e-09,auto_accept,low_unc_low_risk
ISIC_0027879,nv,nv,9.2634224e-08,1.8598387e-10,auto_accept,low_unc_low_risk
ISIC_0026834,nv,nv,3.7058978e-06,1.1492064e-07,auto_accept,low_unc_low_risk
ISIC_0032785,nv,nv,0.0010925937,3.222286e-06,auto_accept,low_unc_low_risk
ISIC_0032678,nv,nv,8.286162e-06,2.0047636e-07,auto_accept,low_unc_low_risk
ISIC_0029967,df,df,4.3908832e-07,2.2974568e-06,auto_accept,low_unc_low_risk
ISIC_0030421,nv,nv,0.00017267128,6.2801047e-07,auto_accept,low_unc_low_risk
ISIC_0030461,nv,nv,2.6375158e-06,6.385664e-11,auto_accept,low_unc_low_risk
ISIC_0028028,nv,nv,1.8504759e-06,2.0077582e-09,auto_accept,low_unc_low_risk
ISIC_0026551,nv,nv,0.0008162759,4.354016e-05,auto_accept,low_unc_low_risk
ISIC_0026999,nv,nv,3.4411542e-07,2.0441464e-09,auto_accept,low_unc_low_risk
ISIC_0031033,nv,nv,9.765447e-05,6.0920834e-06,auto_accept,low_unc_low_risk
ISIC_0027011,nv,nv,3.3874512e-05,7.214596e-07,auto_accept,low_unc_low_risk
ISIC_0028012,nv,nv,3.8737464e-05,1.8715286e-06,auto_accept,low_unc_low_risk
ISIC_0026864,nv,nv,1.9758557e-08,4.1086034e-13,auto_accept,low_unc_low_risk
ISIC_0025952,nv,nv,0.0003246916,1.1700499e-05,auto_accept,low_unc_low_risk
ISIC_0026095,nv,nv,4.4538834e-07,5.0008856e-12,auto_accept,low_unc_low_risk
ISIC_0028604,nv,nv,1.1010598e-05,8.181105e-08,auto_accept,low_unc_low_risk
ISIC_0029936,nv,nv,0.00019081571,1.19931665e-05,auto_accept,low_unc_low_risk
ISIC_0031656,nv,nv,4.363507e-08,2.4331104e-10,auto_accept,low_unc_low_risk
ISIC_0031419,nv,nv,5.9034e-07,2.7489463e-10,auto_accept,low_unc_low_risk
ISIC_0030386,nv,nv,0.00017572787,6.448391e-06,auto_accept,low_unc_low_risk
ISIC_0025280,nv,nv,2.403236e-05,2.1302044e-07,auto_accept,low_unc_low_risk
ISIC_0032380,nv,nv,0.038308788,0.0033040957,escalate,high_unc_low_risk
ISIC_0033810,df,df,1.381551e-08,1.6600655e-11,auto_accept,low_unc_low_risk
ISIC_0027132,nv,nv,1.381551e-08,3.3633205e-15,auto_accept,low_unc_low_risk
ISIC_0028339,nv,nv,1.149127e-05,4.2130318e-07,auto_accept,low_unc_low_risk
ISIC_0028047,nv,nv,1.6435532e-08,1.94977e-11,auto_accept,low_unc_low_risk
ISIC_0025028,nv,nv,3.313582e-05,9.777858e-08,auto_accept,low_unc_low_risk
ISIC_0030301,nv,nv,3.992429e-07,2.346891e-09,auto_accept,low_unc_low_risk
ISIC_0026434,nv,nv,1.923129e-06,4.2310464e-08,auto_accept,low_unc_low_risk
ISIC_0029706,nv,nv,1.0759992e-07,9.404217e-10,auto_accept,low_unc_low_risk
ISIC_0032059,nv,nv,0.015978485,0.0018008524,escalate,low_unc_low_risk
ISIC_0028603,nv,nv,0.00013296428,3.2461962e-06,auto_accept,low_unc_low_risk
ISIC_0030098,nv,nv,4.066488e-06,1.3256418e-07,auto_accept,low_unc_low_risk
ISIC_0032273,nv,nv,0.0003152146,2.423066e-05,auto_accept,low_unc_low_risk
ISIC_0028102,nv,nv,0.00013016247,2.7157165e-07,auto_accept,low_unc_low_risk
ISIC_0024325,nv,nv,5.567867e-07,2.7482558e-09,auto_accept,low_unc_low_risk
ISIC_0026175,nv,nv,7.1546683e-06,8.42915e-09,auto_accept,low_unc_low_risk
ISIC_0029498,nv,nv,0.0016439157,0.00014596649,auto_accept,low_unc_low_risk
ISIC_0030455,nv,nv,2.6985974e-06,2.119129e-07,auto_accept,low_unc_low_risk
ISIC_0027122,nv,nv,2.809659e-05,2.880298e-07,auto_accept,low_unc_low_risk
ISIC_0028934,nv,nv,2.4515964e-05,9.326171e-11,auto_accept,low_unc_low_risk
ISIC_0032434,nv,nv,0.0007084437,5.611597e-06,auto_accept,low_unc_low_risk
ISIC_0027689,nv,nv,0.00079815445,2.601403e-06,auto_accept,low_unc_low_risk
ISIC_0026005,nv,nv,3.3962934e-07,1.8179497e-08,auto_accept,low_unc_low_risk
ISIC_0025648,nv,nv,0.000104040046,1.6469724e-06,auto_accept,low_unc_low_risk
ISIC_0027809,nv,nv,4.3903724e-06,6.4153487e-09,auto_accept,low_unc_low_risk
ISIC_0029590,nv,nv,0.00015389772,2.9642408e-06,auto_accept,low_unc_low_risk
ISIC_0027313,nv,nv,6.957622e-05,8.172136e-07,auto_accept,low_unc_low_risk
ISIC_0029999,nv,nv,0.0015667034,1.34595275e-05,auto_accept,low_unc_low_risk
ISIC_0031512,nv,nv,4.578744e-06,8.971041e-08,auto_accept,low_unc_low_risk
ISIC_0032584,nv,nv,6.789891e-07,1.5110825e-08,auto_accept,low_unc_low_risk
ISIC_0031402,nv,nv,0.0010527932,7.9998244e-05,auto_accept,low_unc_low_risk
ISIC_0026678,nv,nv,0.039184168,0.008784854,escalate,high_unc_low_risk
ISIC_0030637,nv,nv,6.391198e-05,1.499933e-07,auto_accept,low_unc_low_risk
ISIC_0030927,nv,nv,3.4441517e-05,1.968104e-07,auto_accept,low_unc_low_risk
ISIC_0024558,nv,nv,1.8771254e-06,8.2316e-08,auto_accept,low_unc_low_risk
ISIC_0029690,nv,nv,2.151307e-05,1.2394267e-08,auto_accept,low_unc_low_risk
ISIC_0031529,mel,nv,0.00047654528,1.6866188e-05,auto_accept,low_unc_low_risk
ISIC_0033904,nv,nv,1.381551e-08,2.333048e-15,auto_accept,low_unc_low_risk
ISIC_0029237,nv,nv,7.934143e-06,7.840413e-08,auto_accept,low_unc_low_risk
ISIC_0028754,nv,nv,1.4829763e-05,9.944727e-08,auto_accept,low_unc_low_risk
ISIC_0031162,nv,nv,3.564462e-07,9.231355e-09,auto_accept,low_unc_low_risk
ISIC_0026370,nv,nv,1.9024272e-05,1.3245478e-06,auto_accept,low_unc_low_risk
ISIC_0030131,nv,nv,0.0011851928,3.94986e-05,auto_accept,low_unc_low_risk
ISIC_0034228,nv,nv,0.00033660623,5.7566162e-06,auto_accept,low_unc_low_risk
ISIC_0029449,nv,nv,2.6411397e-05,2.4679528e-07,auto_accept,low_unc_low_risk
ISIC_0027732,nv,nv,1.5010911e-05,4.0841903e-07,auto_accept,low_unc_low_risk
ISIC_0032166,nv,nv,0.00037122035,2.1946584e-05,auto_accept,low_unc_low_risk
ISIC_0031250,nv,nv,0.000676309,3.969552e-06,auto_accept,low_unc_low_risk
ISIC_0025721,nv,nv,5.4689976e-06,1.7338074e-07,auto_accept,low_unc_low_risk
ISIC_0029125,nv,nv,1.50867645e-05,1.0777536e-07,auto_accept,low_unc_low_risk
ISIC_0027886,nv,nv,0.0010276291,3.746228e-05,auto_accept,low_unc_low_risk
ISIC_0025215,nv,nv,0.0001432385,2.4969495e-06,auto_accept,low_unc_low_risk
ISIC_0029244,nv,nv,2.9219123e-05,5.9235845e-07,auto_accept,low_unc_low_risk
ISIC_0028720,nv,nv,0.00048972556,1.0486431e-05,auto_accept,low_unc_low_risk
ISIC_0029850,nv,nv,1.5583336e-07,1.6973871e-09,auto_accept,low_unc_low_risk
ISIC_0032933,nv,bkl,0.66969436,6.241058e-07,escalate,high_unc_low_risk
ISIC_0024414,nv,nv,4.1962167e-07,7.2614075e-09,auto_accept,low_unc_low_risk
ISIC_0029386,nv,nv,2.3591003e-06,2.6993249e-08,auto_accept,low_unc_low_risk
ISIC_0032476,mel,mel,0.0002250854,0.9999882,auto_accept,low_unc_low_risk
ISIC_0028390,nv,nv,2.776264e-07,7.574715e-09,auto_accept,low_unc_low_risk
ISIC_0025931,nv,nv,9.931394e-05,2.2294914e-06,auto_accept,low_unc_low_risk
ISIC_0028196,nv,nv,0.000101342164,6.6892203e-06,auto_accept,low_unc_low_risk
ISIC_0028950,nv,nv,4.234997e-06,5.3276615e-08,auto_accept,low_unc_low_risk
ISIC_0032802,nv,nv,0.00026389034,3.909896e-06,auto_accept,low_unc_low_risk
ISIC_0028348,nv,nv,1.35332575e-05,2.5934508e-08,auto_accept,low_unc_low_risk
ISIC_0026269,nv,nv,2.9277418e-05,2.1190927e-07,auto_accept,low_unc_low_risk
ISIC_0029595,nv,nv,3.6595222e-05,1.95494e-06,auto_accept,low_unc_low_risk
ISIC_0033843,mel,mel,3.1509848e-05,0.99999416,auto_accept,low_unc_low_risk
ISIC_0032005,nv,nv,0.00012033601,3.240465e-06,auto_accept,low_unc_low_risk
ISIC_0033040,nv,nv,6.914393e-06,8.763329e-08,auto_accept,low_unc_low_risk
ISIC_0032319,nv,nv,1.381551e-08,1.9355002e-12,auto_accept,low_unc_low_risk
ISIC_0029675,nv,nv,0.00025934726,7.8536505e-06,auto_accept,low_unc_low_risk
ISIC_0033878,mel,mel,0.0008431884,0.99953353,auto_accept,low_unc_low_risk
ISIC_0027817,nv,nv,6.417546e-07,5.7010228e-09,auto_accept,low_unc_low_risk
ISIC_0026328,nv,nv,2.2669554e-05,5.53988e-07,auto_accept,low_unc_low_risk
ISIC_0025258,nv,nv,4.7463735e-07,2.2127886e-09,auto_accept,low_unc_low_risk
ISIC_0032469,nv,nv,4.9982395e-07,7.5014284e-10,auto_accept,low_unc_low_risk
ISIC_0025658,nv,nv,3.3588945e-05,9.662668e-07,auto_accept,low_unc_low_risk
ISIC_0032407,nv,nv,1.539593e-05,3.9952847e-11,auto_accept,low_unc_low_risk
ISIC_0025416,nv,nv,5.784593e-05,2.6475752e-06,auto_accept,low_unc_low_risk
ISIC_0030556,nv,nv,1.9089427e-06,1.7337669e-08,auto_accept,low_unc_low_risk
ISIC_0032457,nv,nv,1.4058658e-07,6.265288e-10,auto_accept,low_unc_low_risk
ISIC_0032980,nv,nv,9.666524e-05,2.5852235e-06,auto_accept,low_unc_low_risk
ISIC_0025205,nv,nv,0.0011650213,1.7811925e-07,auto_accept,low_unc_low_risk
ISIC_0032167,nv,nv,0.00046441745,5.098032e-05,auto_accept,low_unc_low_risk
ISIC_0031621,nv,nv,0.00054175314,2.332507e-05,auto_accept,low_unc_low_risk
ISIC_0028443,nv,nv,2.5338957e-06,3.342328e-10,auto_accept,low_unc_low_risk
ISIC_0026458,mel,mel,0.0011274063,0.99985456,auto_accept,low_unc_low_risk
ISIC_0031357,nv,nv,1.381551e-08,3.079559e-15,auto_accept,low_unc_low_risk
ISIC_0028068,nv,nv,9.062355e-06,3.0020675e-07,auto_accept,low_unc_low_risk
ISIC_0030228,nv,nv,1.9888401e-07,3.7508507e-09,auto_accept,low_unc_low_risk
ISIC_0028943,bkl,bkl,5.351371e-06,5.280281e-07,auto_accept,low_unc_low_risk
ISIC_0025912,nv,nv,1.4959887e-05,1.7562463e-08,auto_accept,low_unc_low_risk
ISIC_0026284,nv,nv,1.5084499e-08,2.966055e-11,auto_accept,low_unc_low_risk
ISIC_0024601,nv,nv,0.00011384092,1.2478579e-06,auto_accept,low_unc_low_risk
ISIC_0025210,nv,nv,0.00010899727,1.43095285e-05,auto_accept,low_unc_low_risk
ISIC_0033407,nv,nv,0.00027754606,1.3042978e-05,auto_accept,low_unc_low_risk
ISIC_0030325,nv,nv,9.500654e-06,5.103256e-08,auto_accept,low_unc_low_risk
ISIC_0031828,nv,nv,7.393262e-07,1.4280306e-08,auto_accept,low_unc_low_risk
ISIC_0027977,nv,nv,4.293413e-05,1.6962173e-07,auto_accept,low_unc_low_risk
ISIC_0026477,bkl,nv,0.00043755802,2.2161654e-05,auto_accept,low_unc_low_risk
ISIC_0025662,nv,nv,1.4782315e-08,2.0481496e-10,auto_accept,low_unc_low_risk
ISIC_0026108,nv,nv,8.013615e-07,1.4417172e-08,auto_accept,low_unc_low_risk
ISIC_0034217,nv,nv,0.0023679775,6.02452e-06,auto_accept,low_unc_low_risk
ISIC_0026046,bkl,bkl,2.2475684e-05,5.6867233e-08,auto_accept,low_unc_low_risk
ISIC_0026757,nv,nv,9.2923365e-06,1.5447813e-07,auto_accept,low_unc_low_risk
ISIC_0030577,nv,nv,2.8438688e-08,2.5691266e-10,auto_accept,low_unc_low_risk
ISIC_0026979,nv,nv,1.7115506e-05,1.2442877e-07,auto_accept,low_unc_low_risk
ISIC_0025761,nv,nv,1.8005786e-06,2.0414317e-08,auto_accept,low_unc_low_risk
ISIC_0028407,nv,nv,1.3988015e-06,3.1595587e-08,auto_accept,low_unc_low_risk
ISIC_0028540,nv,nv,2.6123602e-05,8.1905023e-07,auto_accept,low_unc_low_risk
ISIC_0027322,nv,nv,2.393616e-05,4.3623413e-07,auto_accept,low_unc_low_risk
ISIC_0029526,nv,nv,2.8350743e-05,1.2325692e-07,auto_accept,low_unc_low_risk
ISIC_0027075,nv,nv,1.5569742e-06,1.4276084e-08,auto_accept,low_unc_low_risk
ISIC_0030509,nv,nv,3.4760703e-06,2.2521125e-07,auto_accept,low_unc_low_risk
ISIC_0033749,vasc,vasc,7.4421115e-07,4.3296566e-08,auto_accept,low_unc_low_risk
ISIC_0030889,nv,nv,3.7456058e-08,4.202458e-10,auto_accept,low_unc_low_risk
ISIC_0027511,nv,nv,3.3287993e-08,1.3131448e-11,auto_accept,low_unc_low_risk
ISIC_0033519,nv,nv,5.7121644e-05,1.0038668e-06,auto_accept,low_unc_low_risk
ISIC_0032011,nv,nv,0.0005234528,1.2439014e-06,auto_accept,low_unc_low_risk
ISIC_0026619,nv,nv,1.0449815e-05,1.7024695e-07,auto_accept,low_unc_low_risk
ISIC_0034029,nv,nv,0.0002963348,1.7344888e-05,auto_accept,low_unc_low_risk
ISIC_0030480,nv,nv,0.00022337727,2.768553e-06,auto_accept,low_unc_low_risk
ISIC_0025828,nv,nv,1.381551e-08,2.6470858e-11,auto_accept,low_unc_low_risk
ISIC_0030527,nv,nv,5.605324e-08,1.985305e-10,auto_accept,low_unc_low_risk
ISIC_0028169,nv,nv,1.4175427e-08,4.8962827e-11,auto_accept,low_unc_low_risk
ISIC_0025168,nv,nv,0.4024868,0.17628571,escalate,high_unc_low_risk
ISIC_0033792,nv,nv,0.0002778312,1.7650971e-05,auto_accept,low_unc_low_risk
ISIC_0028093,nv,nv,1.1061643e-05,8.248747e-08,auto_accept,low_unc_low_risk
ISIC_0034295,nv,nv,1.1709487e-06,3.4186647e-11,auto_accept,low_unc_low_risk
ISIC_0024460,nv,nv,1.1100308e-05,1.7527768e-07,auto_accept,low_unc_low_risk
ISIC_0024535,nv,nv,1.9192832e-06,2.4347607e-08,auto_accept,low_unc_low_risk
ISIC_0031731,nv,nv,4.259843e-07,2.4741853e-10,auto_accept,low_unc_low_risk
ISIC_0028392,nv,nv,1.381551e-08,1.7583511e-12,auto_accept,low_unc_low_risk
ISIC_0027696,nv,nv,2.2633654e-05,7.3800385e-07,auto_accept,low_unc_low_risk
ISIC_0029695,nv,nv,0.00013173859,8.3615055e-07,auto_accept,low_unc_low_risk
ISIC_0028641,nv,nv,1.381551e-08,1.6158873e-13,auto_accept,low_unc_low_risk
ISIC_0028905,nv,nv,0.0020872427,8.309737e-05,auto_accept,low_unc_low_risk
ISIC_0028383,nv,nv,1.72964e-05,1.9134114e-07,auto_accept,low_unc_low_risk
ISIC_0032330,bkl,bkl,5.3698022e-06,5.301587e-09,auto_accept,low_unc_low_risk
ISIC_0025122,nv,nv,2.44006e-05,8.9430716e-07,auto_accept,low_unc_low_risk
ISIC_0027025,bkl,bkl,3.9891634e-07,5.692225e-08,auto_accept,low_unc_low_risk
ISIC_0025306,nv,nv,1.4464277e-08,2.9152288e-11,auto_accept,low_unc_low_risk
ISIC_0034178,nv,nv,0.00042707706,9.055932e-06,auto_accept,low_unc_low_risk
ISIC_0031089,nv,nv,1.3824153e-06,1.0293564e-09,auto_accept,low_unc_low_risk
ISIC_0026859,nv,nv,2.8599302e-08,1.8399635e-10,auto_accept,low_unc_low_risk
ISIC_0031420,nv,nv,0.00063894,1.4038717e-05,auto_accept,low_unc_low_risk
ISIC_0025347,nv,nv,1.381551e-08,6.317911e-13,auto_accept,low_unc_low_risk
ISIC_0025889,nv,nv,3.6421658e-05,1.3957506e-07,auto_accept,low_unc_low_risk
ISIC_0032488,nv,nv,1.1079524e-07,2.1947469e-10,auto_accept,low_unc_low_risk
ISIC_0025807,vasc,vasc,0.00030134578,1.3209942e-05,auto_accept,low_unc_low_risk
ISIC_0026220,nv,nv,1.0412499e-06,1.20081705e-08,auto_accept,low_unc_low_risk
ISIC_0028893,nv,nv,4.597065e-08,4.0491882e-10,auto_accept,low_unc_low_risk
ISIC_0029426,nv,nv,4.538431e-06,1.9377225e-07,auto_accept,low_unc_low_risk
ISIC_0030468,nv,nv,1.7319488e-07,2.8263427e-09,auto_accept,low_unc_low_risk
ISIC_0027789,nv,nv,0.0012075005,3.785408e-06,auto_accept,low_unc_low_risk
ISIC_0032279,nv,nv,6.412092e-05,3.1515592e-06,auto_accept,low_unc_low_risk
ISIC_0031673,nv,nv,4.4304247e-06,1.1498082e-07,auto_accept,low_unc_low_risk
ISIC_0028007,nv,nv,7.5047474e-06,1.7166364e-08,auto_accept,low_unc_low_risk
ISIC_0030289,nv,nv,9.672625e-05,2.1789745e-07,auto_accept,low_unc_low_risk
ISIC_0033031,vasc,vasc,4.6615696e-06,5.919056e-07,auto_accept,low_unc_low_risk
ISIC_0025999,nv,nv,1.7626224e-08,4.6087452e-12,auto_accept,low_unc_low_risk
ISIC_0031772,nv,nv,2.4818956e-08,6.076624e-11,auto_accept,low_unc_low_risk
ISIC_0026127,nv,nv,0.0067097587,3.3906428e-08,escalate,low_unc_low_risk
ISIC_0030679,nv,nv,0.00014668785,1.6570754e-08,auto_accept,low_unc_low_risk
ISIC_0024759,nv,nv,2.4024189e-08,1.259717e-10,auto_accept,low_unc_low_risk
ISIC_0029703,nv,nv,0.001395,8.488742e-05,auto_accept,low_unc_low_risk
ISIC_0029772,nv,nv,1.5830447e-05,3.9537338e-07,auto_accept,low_unc_low_risk
ISIC_0031267,nv,nv,2.531696e-07,2.3241988e-09,auto_accept,low_unc_low_risk
ISIC_0029335,nv,nv,7.0878195e-05,2.4849103e-06,auto_accept,low_unc_low_risk
ISIC_0029668,nv,nv,0.0007464304,8.4723215e-06,auto_accept,low_unc_low_risk
ISIC_0028246,nv,nv,6.1932735e-07,2.9817375e-08,auto_accept,low_unc_low_risk
ISIC_0027176,nv,nv,1.4863213e-07,3.6047436e-09,auto_accept,low_unc_low_risk
ISIC_0029761,nv,nv,5.810319e-06,1.0264674e-07,auto_accept,low_unc_low_risk
ISIC_0029866,nv,nv,1.9527214e-07,1.3685273e-09,auto_accept,low_unc_low_risk
ISIC_0033021,nv,nv,0.011027372,0.0010571681,escalate,low_unc_low_risk
ISIC_0029198,nv,nv,1.5432496e-06,3.6272844e-08,auto_accept,low_unc_low_risk
ISIC_0025090,nv,nv,0.000110716086,3.8284848e-06,auto_accept,low_unc_low_risk
ISIC_0026565,nv,nv,4.548645e-06,7.4638436e-08,auto_accept,low_unc_low_risk
ISIC_0027413,nv,nv,1.970574e-06,5.804668e-09,auto_accept,low_unc_low_risk
ISIC_0030068,nv,nv,9.9211305e-05,2.6985845e-07,auto_accept,low_unc_low_risk
ISIC_0027467,nv,nv,0.0012268266,6.657315e-05,auto_accept,low_unc_low_risk
ISIC_0029956,nv,nv,9.3845756e-08,1.0505159e-09,auto_accept,low_unc_low_risk
ISIC_0030990,nv,nv,1.0492501e-05,2.4363223e-07,auto_accept,low_unc_low_risk
ISIC_0026455,nv,nv,0.005603606,0.00016271422,escalate,low_unc_low_risk
ISIC_0025794,nv,nv,0.0008755493,5.7264347e-06,auto_accept,low_unc_low_risk
ISIC_0030909,nv,nv,0.00021503199,1.7124923e-05,auto_accept,low_unc_low_risk
ISIC_0025047,nv,nv,3.9859555e-05,1.1257113e-09,auto_accept,low_unc_low_risk
ISIC_0024334,nv,nv,6.104195e-08,1.332731e-10,auto_accept,low_unc_low_risk
ISIC_0030772,nv,nv,0.0047094673,0.00045414362,escalate,low_unc_low_risk
ISIC_0027843,nv,nv,7.895609e-05,2.2632037e-06,auto_accept,low_unc_low_risk
ISIC_0031086,nv,nv,4.331529e-07,5.0252944e-09,auto_accept,low_unc_low_risk
ISIC_0031195,nv,nv,9.4578405e-05,4.961796e-09,auto_accept,low_unc_low_risk
ISIC_0028722,nv,nv,0.00019581086,7.1171985e-06,auto_accept,low_unc_low_risk
ISIC_0029345,bkl,bkl,1.4091244e-06,1.3452777e-07,auto_accept,low_unc_low_risk
ISIC_0024531,nv,nv,9.6384966e-08,2.2085962e-10,auto_accept,low_unc_low_risk
ISIC_0025460,nv,nv,5.7494744e-06,2.0191216e-07,auto_accept,low_unc_low_risk
ISIC_0024944,nv,nv,0.005072715,0.0001713108,escalate,low_unc_low_risk
ISIC_0028618,nv,nv,0.00023252032,1.8588318e-05,auto_accept,low_unc_low_risk
ISIC_0029621,nv,nv,2.57896e-05,3.0437823e-07,auto_accept,low_unc_low_risk
ISIC_0030449,nv,nv,1.972671e-08,5.5414232e-12,auto_accept,low_unc_low_risk
ISIC_0027808,nv,nv,0.00043055305,1.4254706e-06,auto_accept,low_unc_low_risk
ISIC_0031554,mel,nv,0.020186787,0.002053609,escalate,high_unc_low_risk
ISIC_0031966,nv,nv,0.00012569154,1.635267e-07,auto_accept,low_unc_low_risk
ISIC_0030001,nv,nv,3.8961236e-05,2.2637284e-06,auto_accept,low_unc_low_risk
ISIC_0025041,nv,nv,0.0026467065,4.3412397e-06,auto_accept,low_unc_low_risk
ISIC_0031448,nv,nv,7.6403616e-05,8.0132855e-07,auto_accept,low_unc_low_risk
ISIC_0030881,nv,nv,1.430557e-05,3.1336437e-08,auto_accept,low_unc_low_risk
ISIC_0030490,nv,nv,4.4120011e-07,3.754243e-09,auto_accept,low_unc_low_risk
ISIC_0028290,nv,nv,4.4902367e-06,4.3903103e-09,auto_accept,low_unc_low_risk
ISIC_0030489,nv,nv,1.4666441e-08,2.1023815e-11,auto_accept,low_unc_low_risk
ISIC_0025242,nv,nv,5.968523e-08,7.9651347e-10,auto_accept,low_unc_low_risk
ISIC_0033719,nv,nv,0.12694213,2.5341744e-06,escalate,high_unc_low_risk
ISIC_0030347,nv,nv,0.00024866193,7.0991683e-07,auto_accept,low_unc_low_risk
ISIC_0027111,nv,nv,0.00020676883,1.5355602e-06,auto_accept,low_unc_low_risk
ISIC_0030562,nv,nv,1.372588e-05,2.228874e-07,auto_accept,low_unc_low_risk
ISIC_0027844,nv,nv,1.360011e-06,9.861791e-11,auto_accept,low_unc_low_risk
ISIC_0028046,nv,nv,8.448167e-06,1.2010192e-07,auto_accept,low_unc_low_risk
ISIC_0030125,nv,nv,2.551757e-06,4.1444014e-08,auto_accept,low_unc_low_risk
ISIC_0030205,nv,nv,3.9145634e-06,4.3076305e-08,auto_accept,low_unc_low_risk
ISIC_0029765,nv,nv,0.00029319816,5.263509e-07,auto_accept,low_unc_low_risk
ISIC_0027870,nv,nv,0.00024349573,2.969484e-08,auto_accept,low_unc_low_risk
ISIC_0027289,nv,nv,2.765683e-07,1.3325468e-08,auto_accept,low_unc_low_risk
ISIC_0025483,nv,nv,3.4727977e-06,5.733388e-09,auto_accept,low_unc_low_risk
ISIC_0033769,nv,nv,7.2064853e-07,2.7525351e-10,auto_accept,low_unc_low_risk
ISIC_0031588,nv,nv,0.0001256371,5.3650336e-07,auto_accept,low_unc_low_risk
ISIC_0024950,nv,nv,0.0014797499,3.4977789e-12,auto_accept,low_unc_low_risk
ISIC_0025991,nv,nv,8.775388e-05,1.1145763e-06,auto_accept,low_unc_low_risk
ISIC_0028957,nv,nv,3.7653574e-08,2.2564524e-10,auto_accept,low_unc_low_risk
ISIC_0030515,nv,nv,1.381551e-08,1.5720234e-12,auto_accept,low_unc_low_risk
ISIC_0024401,nv,nv,1.381551e-08,1.2550026e-13,auto_accept,low_unc_low_risk
ISIC_0032687,mel,mel,8.512165e-05,0.9999871,auto_accept,low_unc_low_risk
ISIC_0029835,nv,nv,3.9242136e-06,1.732087e-07,auto_accept,low_unc_low_risk
ISIC_0029379,nv,nv,2.968947e-07,1.7276278e-11,auto_accept,low_unc_low_risk
ISIC_0027169,nv,nv,1.1864142e-06,1.4296958e-08,auto_accept,low_unc_low_risk
ISIC_0025743,bkl,bkl,2.7289268e-06,1.629002e-06,auto_accept,low_unc_low_risk
ISIC_0027944,nv,nv,0.003020723,8.9816285e-07,escalate,low_unc_low_risk
ISIC_0028545,nv,nv,0.0009484355,1.322121e-05,auto_accept,low_unc_low_risk
ISIC_0033711,nv,nv,0.029648647,3.377956e-05,escalate,high_unc_low_risk
ISIC_0030846,nv,nv,4.8739807e-06,4.602658e-08,auto_accept,low_unc_low_risk
ISIC_0031626,nv,nv,5.362198e-07,1.0873461e-08,auto_accept,low_unc_low_risk
ISIC_0031367,nv,nv,2.1674774e-05,1.260237e-06,auto_accept,low_unc_low_risk
ISIC_0033702,nv,nv,0.001923312,0.00012496614,auto_accept,low_unc_low_risk
ISIC_0029085,nv,nv,5.146065e-06,1.824745e-08,auto_accept,low_unc_low_risk
ISIC_0030699,nv,nv,1.8774686e-05,3.262728e-07,auto_accept,low_unc_low_risk
ISIC_0027173,nv,nv,1.1498665e-05,8.577913e-08,auto_accept,low_unc_low_risk
ISIC_0024306,nv,nv,0.0002578351,7.019766e-06,auto_accept,low_unc_low_risk
ISIC_0026058,nv,nv,5.1632163e-08,9.890277e-10,auto_accept,low_unc_low_risk
ISIC_0032357,nv,nv,9.0099945e-07,3.8596962e-10,auto_accept,low_unc_low_risk
ISIC_0027564,nv,nv,0.00016969682,1.4783889e-05,auto_accept,low_unc_low_risk
ISIC_0031472,nv,nv,1.381551e-08,1.6740064e-13,auto_accept,low_unc_low_risk
ISIC_0026136,nv,nv,3.8712437e-07,9.164935e-09,auto_accept,low_unc_low_risk
ISIC_0027583,nv,nv,1.9612113e-08,1.5977786e-12,auto_accept,low_unc_low_risk
ISIC_0031608,nv,nv,1.5326291e-08,4.5988775e-11,auto_accept,low_unc_low_risk
ISIC_0030936,nv,nv,0.00022615741,3.478134e-08,auto_accept,low_unc_low_risk
ISIC_0025371,nv,nv,0.000667782,2.6104542e-06,auto_accept,low_unc_low_risk
ISIC_0024409,bkl,bkl,0.001753237,1.7924996e-05,auto_accept,low_unc_low_risk
ISIC_0026232,nv,nv,0.00017228063,8.127577e-07,auto_accept,low_unc_low_risk
ISIC_0030646,nv,nv,1.032688e-06,1.2897189e-09,auto_accept,low_unc_low_risk
ISIC_0029875,nv,nv,2.5561547e-05,7.19942e-07,auto_accept,low_unc_low_risk
ISIC_0029971,nv,nv,3.8197854e-06,5.9463613e-08,auto_accept,low_unc_low_risk
ISIC_0028586,nv,nv,0.0035053222,0.0004132229,escalate,low_unc_low_risk
ISIC_0032458,nv,nv,3.179655e-06,1.3079903e-11,auto_accept,low_unc_low_risk
ISIC_0032003,nv,nv,0.00012815597,2.4131657e-07,auto_accept,low_unc_low_risk
ISIC_0029520,nv,nv,0.0030751196,0.00017842198,escalate,low_unc_low_risk
ISIC_0024907,nv,nv,0.0064395545,0.00046302401,escalate,low_unc_low_risk
ISIC_0027195,nv,nv,0.00088860415,1.3686801e-07,auto_accept,low_unc_low_risk
ISIC_0027200,nv,nv,6.0360962e-06,7.311136e-08,auto_accept,low_unc_low_risk
ISIC_0032197,mel,nv,3.5114597e-05,1.5605897e-06,auto_accept,low_unc_low_risk
ISIC_0030012,nv,nv,3.6668948e-07,5.333332e-09,auto_accept,low_unc_low_risk
ISIC_0031801,nv,nv,1.7911236e-07,2.137423e-09,auto_accept,low_unc_low_risk
ISIC_0032563,nv,nv,0.00042369094,8.394918e-06,auto_accept,low_unc_low_risk
ISIC_0030041,nv,nv,0.00021699668,6.029189e-07,auto_accept,low_unc_low_risk
ISIC_0024486,nv,nv,0.00012611004,1.4362028e-06,auto_accept,low_unc_low_risk
ISIC_0029597,nv,nv,5.3168034e-08,1.9973394e-12,auto_accept,low_unc_low_risk
ISIC_0029114,nv,nv,1.5460475e-07,1.2847643e-09,auto_accept,low_unc_low_risk
ISIC_0027566,nv,nv,4.8341294e-06,1.870945e-08,auto_accept,low_unc_low_risk
ISIC_0028566,nv,nv,3.1402549e-06,5.214391e-08,auto_accept,low_unc_low_risk
ISIC_0032786,nv,nv,8.0219776e-05,5.5082523e-06,auto_accept,low_unc_low_risk
ISIC_0028374,nv,nv,1.5594599e-06,8.172539e-09,auto_accept,low_unc_low_risk
ISIC_0033766,nv,nv,1.2717396e-05,3.5679992e-07,auto_accept,low_unc_low_risk
ISIC_0027233,nv,nv,1.809589e-08,3.7568466e-11,auto_accept,low_unc_low_risk
ISIC_0024873,nv,nv,3.0627393e-07,1.5451807e-11,auto_accept,low_unc_low_risk
ISIC_0027761,nv,nv,1.2544493e-05,1.9747483e-07,auto_accept,low_unc_low_risk
ISIC_0025760,nv,nv,1.549591e-08,2.7629695e-11,auto_accept,low_unc_low_risk
ISIC_0030955,nv,nv,6.9711044e-05,7.961039e-07,auto_accept,low_unc_low_risk
ISIC_0025216,nv,nv,6.5298224e-07,1.1278728e-10,auto_accept,low_unc_low_risk
ISIC_0025897,nv,nv,2.5232992e-05,2.3345883e-07,auto_accept,low_unc_low_risk
ISIC_0033113,nv,nv,0.0035352837,0.00014719396,escalate,low_unc_low_risk
ISIC_0031068,nv,nv,0.00010044649,1.9451637e-07,auto_accept,low_unc_low_risk
ISIC_0030631,nv,nv,0.0021611962,4.105984e-05,auto_accept,low_unc_low_risk
ISIC_0029957,nv,nv,0.018141115,7.4231883e-07,escalate,high_unc_low_risk
ISIC_0024491,nv,nv,0.00019983099,6.571571e-07,auto_accept,low_unc_low_risk
ISIC_0024390,nv,nv,0.00060740527,3.2950513e-05,auto_accept,low_unc_low_risk
ISIC_0024585,nv,nv,3.8126622e-08,7.3679896e-11,auto_accept,low_unc_low_risk
ISIC_0026734,nv,nv,1.2955622e-05,8.323279e-08,auto_accept,low_unc_low_risk
ISIC_0027731,nv,nv,1.4487196e-06,2.0211342e-08,auto_accept,low_unc_low_risk
ISIC_0033921,nv,nv,0.018056117,2.8301363e-05,escalate,high_unc_low_risk
ISIC_0025042,nv,nv,1.710606e-08,1.2244899e-11,auto_accept,low_unc_low_risk
ISIC_0030332,nv,nv,0.00027620277,3.8314252e-07,auto_accept,low_unc_low_risk
ISIC_0029542,nv,nv,1.1186556e-05,1.2153659e-08,auto_accept,low_unc_low_risk
ISIC_0033143,nv,nv,0.0012454088,1.967668e-05,auto_accept,low_unc_low_risk
ISIC_0028150,nv,nv,6.0514167e-06,1.2073674e-07,auto_accept,low_unc_low_risk
ISIC_0029784,nv,nv,5.6891345e-06,2.0932596e-10,auto_accept,low_unc_low_risk
ISIC_0029424,nv,nv,1.381551e-08,1.642715e-13,auto_accept,low_unc_low_risk
ISIC_0028039,nv,nv,7.711851e-07,7.925661e-09,auto_accept,low_unc_low_risk
ISIC_0028910,nv,nv,8.032167e-06,8.129817e-09,auto_accept,low_unc_low_risk
ISIC_0026001,nv,nv,3.4958148e-07,2.7861274e-11,auto_accept,low_unc_low_risk
ISIC_0029308,bkl,bkl,5.5884622e-05,0.00016208043,auto_accept,low_unc_low_risk
ISIC_0024744,nv,nv,1.4966366e-08,5.774262e-11,auto_accept,low_unc_low_risk
ISIC_0026128,nv,nv,0.00055414013,1.3189184e-05,auto_accept,low_unc_low_risk
ISIC_0026939,nv,nv,0.00051342463,9.956112e-07,auto_accept,low_unc_low_risk
ISIC_0025585,nv,nv,5.620938e-06,1.866059e-08,auto_accept,low_unc_low_risk
ISIC_0026397,nv,nv,2.0168149e-05,4.351754e-07,auto_accept,low_unc_low_risk
ISIC_0029266,nv,nv,0.0001922719,4.437669e-07,auto_accept,low_unc_low_risk
ISIC_0024775,nv,nv,7.136969e-06,5.544984e-09,auto_accept,low_unc_low_risk
ISIC_0030710,nv,nv,1.1935973e-06,2.6618727e-09,auto_accept,low_unc_low_risk
ISIC_0032852,nv,nv,0.004563315,0.00087319047,escalate,low_unc_low_risk
ISIC_0025163,nv,nv,0.00022149824,1.8569183e-06,auto_accept,low_unc_low_risk
ISIC_0028270,nv,nv,0.002518113,2.4778847e-05,auto_accept,low_unc_low_risk
ISIC_0031129,nv,nv,0.0001257928,5.441482e-07,auto_accept,low_unc_low_risk
ISIC_0034273,nv,nv,0.0026083263,0.00016506955,auto_accept,low_unc_low_risk
ISIC_0028240,nv,nv,0.002374593,1.1388115e-05,auto_accept,low_unc_low_risk
ISIC_0034019,nv,nv,0.00018348845,1.1098522e-05,auto_accept,low_unc_low_risk
ISIC_0025615,nv,nv,0.010838118,7.271337e-05,escalate,low_unc_low_risk
ISIC_0029903,nv,nv,2.0562791e-05,5.073722e-08,auto_accept,low_unc_low_risk
ISIC_0032287,mel,nv,0.00026916323,1.0894825e-05,auto_accept,low_unc_low_risk
ISIC_0030284,nv,nv,9.513872e-08,2.0029083e-09,auto_accept,low_unc_low_risk
ISIC_0031804,nv,nv,0.00013050374,8.9604875e-09,auto_accept,low_unc_low_risk
ISIC_0029388,nv,nv,1.5074987e-08,1.914177e-12,auto_accept,low_unc_low_risk
ISIC_0029508,nv,nv,6.7037363e-06,2.8791254e-07,auto_accept,low_unc_low_risk
ISIC_0030992,nv,nv,2.5308986e-05,1.4817459e-07,auto_accept,low_unc_low_risk
ISIC_0025701,nv,nv,0.0071729664,0.0002758558,escalate,low_unc_low_risk
ISIC_0024567,nv,nv,5.0138607e-07,6.349188e-09,auto_accept,low_unc_low_risk
ISIC_0024991,nv,nv,4.526419e-07,7.4094437e-09,auto_accept,low_unc_low_risk
ISIC_0033214,nv,nv,0.0015658042,1.0833603e-05,auto_accept,low_unc_low_risk
ISIC_0031022,nv,nv,0.00028445918,3.4037576e-08,auto_accept,low_unc_low_risk
ISIC_0031892,nv,nv,2.0694253e-08,5.5946506e-12,auto_accept,low_unc_low_risk
ISIC_0030072,nv,nv,3.541601e-05,9.102064e-07,auto_accept,low_unc_low_risk
ISIC_0027230,nv,nv,4.3685545e-06,1.967074e-09,auto_accept,low_unc_low_risk
ISIC_0030077,nv,nv,7.8181806e-08,1.3134792e-09,auto_accept,low_unc_low_risk
ISIC_0030104,vasc,vasc,1.381551e-08,1.7820564e-12,auto_accept,low_unc_low_risk
ISIC_0027424,nv,nv,5.245025e-07,7.2667655e-10,auto_accept,low_unc_low_risk
ISIC_0025307,nv,nv,1.378244e-07,2.3794926e-09,auto_accept,low_unc_low_risk
ISIC_0026946,nv,nv,1.381551e-08,1.596862e-11,auto_accept,low_unc_low_risk
ISIC_0028458,nv,nv,3.4569957e-06,5.050569e-08,auto_accept,low_unc_low_risk
ISIC_0033789,nv,nv,3.9571355e-06,6.555632e-09,auto_accept,low_unc_low_risk
ISIC_0026033,nv,nv,0.00043479432,1.5486003e-06,auto_accept,low_unc_low_risk
ISIC_0027245,nv,nv,1.951818e-07,2.3733326e-09,auto_accept,low_unc_low_risk
ISIC_0026244,nv,nv,2.190877e-06,3.6090796e-08,auto_accept,low_unc_low_risk
ISIC_0028287,nv,nv,0.0028439912,0.00037310226,auto_accept,low_unc_low_risk
ISIC_0027013,nv,nv,6.5811078e-06,7.708427e-08,auto_accept,low_unc_low_risk
ISIC_0025375,nv,nv,0.0002617152,1.4165456e-05,auto_accept,low_unc_low_risk
ISIC_0030657,nv,nv,3.3019493e-05,2.019766e-08,auto_accept,low_unc_low_risk
ISIC_0026021,nv,nv,1.1340382e-05,1.9961081e-07,auto_accept,low_unc_low_risk
ISIC_0031207,nv,nv,1.3674083e-05,6.046988e-07,auto_accept,low_unc_low_risk
ISIC_0032438,nv,nv,9.157179e-08,1.0582748e-16,auto_accept,low_unc_low_risk
ISIC_0025682,nv,nv,0.00013481046,1.7584035e-06,auto_accept,low_unc_low_risk
ISIC_0031157,nv,nv,0.0004840229,1.6713758e-06,auto_accept,low_unc_low_risk
ISIC_0033554,df,df,1.381551e-08,2.4400068e-10,auto_accept,low_unc_low_risk
ISIC_0026724,nv,nv,3.7138967e-08,1.048824e-13,auto_accept,low_unc_low_risk
ISIC_0026339,nv,nv,3.2851665e-06,1.123788e-07,auto_accept,low_unc_low_risk
ISIC_0030550,nv,nv,2.4118694e-06,3.693645e-08,auto_accept,low_unc_low_risk
ISIC_0032399,nv,nv,1.2237007e-06,7.049525e-09,auto_accept,low_unc_low_risk
ISIC_0029275,nv,nv,3.0054966e-07,1.6342101e-11,auto_accept,low_unc_low_risk
ISIC_0030763,nv,nv,2.6770351e-06,1.316676e-07,auto_accept,low_unc_low_risk
ISIC_0031030,nv,nv,6.752726e-08,5.6863344e-11,auto_accept,low_unc_low_risk
ISIC_0027097,nv,nv,0.00048340726,1.3307556e-05,auto_accept,low_unc_low_risk
ISIC_0026833,nv,nv,2.4264207e-07,1.0634735e-08,auto_accept,low_unc_low_risk
ISIC_0033823,nv,nv,6.973285e-05,1.9479908e-06,auto_accept,low_unc_low_risk
ISIC_0031360,nv,nv,6.171515e-08,5.5624166e-10,auto_accept,low_unc_low_risk
ISIC_0025913,nv,nv,4.8422504e-07,3.46409e-09,auto_accept,low_unc_low_risk
ISIC_0025340,nv,nv,9.425647e-05,8.5776156e-07,auto_accept,low_unc_low_risk
ISIC_0024858,nv,nv,3.276602e-07,9.727013e-10,auto_accept,low_unc_low_risk
ISIC_0026873,nv,nv,3.8632393e-06,3.2860384e-10,auto_accept,low_unc_low_risk
ISIC_0026011,nv,nv,0.00027011088,1.3626021e-06,auto_accept,low_unc_low_risk
ISIC_0031047,nv,nv,6.4588767e-06,1.2703535e-07,auto_accept,low_unc_low_risk
ISIC_0025020,nv,nv,2.6752818e-05,1.924147e-06,auto_accept,low_unc_low_risk
ISIC_0031566,nv,nv,2.0771022e-05,1.6431116e-07,auto_accept,low_unc_low_risk
ISIC_0030251,nv,nv,0.00048254436,3.2125663e-05,auto_accept,low_unc_low_risk
ISIC_0026381,nv,nv,7.276547e-05,3.635236e-07,auto_accept,low_unc_low_risk
ISIC_0027751,nv,nv,1.4075802e-05,1.0778066e-06,auto_accept,low_unc_low_risk
ISIC_0028936,nv,nv,2.138493e-05,3.945131e-07,auto_accept,low_unc_low_risk
ISIC_0028440,nv,nv,2.4487238e-06,2.1315248e-08,auto_accept,low_unc_low_risk
ISIC_0026819,nv,nv,0.0018082568,0.00010736717,auto_accept,low_unc_low_risk
ISIC_0029228,nv,nv,4.8600928e-08,6.513691e-13,auto_accept,low_unc_low_risk
ISIC_0024350,nv,nv,1.381551e-08,3.0425595e-12,auto_accept,low_unc_low_risk
ISIC_0027443,nv,nv,5.0837252e-06,1.0230382e-09,auto_accept,low_unc_low_risk
ISIC_0025481,nv,nv,2.4015137e-06,1.7876566e-08,auto_accept,low_unc_low_risk
ISIC_0031902,nv,nv,2.756415e-07,7.920092e-11,auto_accept,low_unc_low_risk
ISIC_0033210,nv,nv,2.3223109e-05,1.3772143e-07,auto_accept,low_unc_low_risk
ISIC_0031589,nv,nv,1.9567207e-05,1.0408268e-09,auto_accept,low_unc_low_risk
ISIC_0026824,nv,nv,2.4494686e-05,9.5126626e-07,auto_accept,low_unc_low_risk
ISIC_0031549,nv,nv,0.00048399396,3.1228265e-07,auto_accept,low_unc_low_risk
ISIC_0030815,nv,nv,1.5655687e-06,1.3301978e-08,auto_accept,low_unc_low_risk
ISIC_0025636,nv,nv,0.0014004292,6.515119e-05,auto_accept,low_unc_low_risk
ISIC_0031792,nv,nv,1.7875964e-06,2.5390042e-08,auto_accept,low_unc_low_risk
ISIC_0025727,nv,nv,1.987679e-07,2.723189e-09,auto_accept,low_unc_low_risk
ISIC_0031581,nv,nv,4.4887642e-07,1.5655148e-09,auto_accept,low_unc_low_risk
ISIC_0031984,nv,nv,5.708069e-08,1.1216114e-09,auto_accept,low_unc_low_risk
ISIC_0032144,nv,nv,0.0025200194,7.8607045e-05,auto_accept,low_unc_low_risk
ISIC_0028634,nv,nv,5.469781e-08,4.94775e-10,auto_accept,low_unc_low_risk
ISIC_0028366,nv,nv,1.7466287e-05,1.488743e-07,auto_accept,low_unc_low_risk
ISIC_0025432,nv,nv,0.0018609788,6.5138943e-06,auto_accept,low_unc_low_risk
ISIC_0027205,nv,nv,0.001213733,3.4236962e-06,auto_accept,low_unc_low_risk
ISIC_0030669,nv,nv,2.5258933e-06,9.7205856e-08,auto_accept,low_unc_low_risk
ISIC_0026146,nv,nv,1.1878413e-05,1.3781957e-07,auto_accept,low_unc_low_risk
ISIC_0031481,nv,nv,7.2619684e-08,1.6300061e-09,auto_accept,low_unc_low_risk
ISIC_0028506,nv,nv,3.7436113e-08,8.572585e-11,auto_accept,low_unc_low_risk
ISIC_0030190,nv,nv,0.00028337713,1.5502328e-05,auto_accept,low_unc_low_risk
ISIC_0029134,nv,nv,2.9039306e-08,3.8862485e-12,auto_accept,low_unc_low_risk
ISIC_0028058,nv,nv,0.00010068915,8.9515447e-07,auto_accept,low_unc_low_risk
ISIC_0029946,nv,nv,0.022429414,0.0045337076,escalate,high_unc_low_risk
ISIC_0030214,nv,nv,1.5195844e-05,1.41241685e-08,auto_accept,low_unc_low_risk
ISIC_0026791,nv,nv,2.3659973e-06,3.4250254e-09,auto_accept,low_unc_low_risk
ISIC_0027548,nv,nv,0.0011925611,9.892445e-06,auto_accept,low_unc_low_risk
ISIC_0028616,nv,nv,0.00037361344,7.38064e-06,auto_accept,low_unc_low_risk
ISIC_0024820,nv,nv,0.0012146893,5.83065e-05,auto_accept,low_unc_low_risk
ISIC_0029132,nv,nv,0.006739635,0.00061504875,escalate,low_unc_low_risk
ISIC_0030548,nv,nv,0.00035708674,3.6905503e-06,auto_accept,low_unc_low_risk
ISIC_0033356,nv,nv,0.0012608122,3.904869e-06,auto_accept,low_unc_low_risk
ISIC_0029485,nv,nv,2.2661143e-07,3.1257148e-09,auto_accept,low_unc_low_risk
ISIC_0026856,nv,nv,1.381551e-08,1.484777e-13,auto_accept,low_unc_low_risk
ISIC_0026535,nv,nv,2.9623916e-07,1.336499e-09,auto_accept,low_unc_low_risk
ISIC_0028986,nv,nv,1.4856214e-08,1.6204166e-11,auto_accept,low_unc_low_risk
ISIC_0029934,nv,nv,8.2776285e-07,2.0175637e-08,auto_accept,low_unc_low_risk
ISIC_0031780,nv,nv,0.00016007468,4.2095967e-06,auto_accept,low_unc_low_risk
ISIC_0029700,nv,nv,4.9838818e-08,8.271075e-11,auto_accept,low_unc_low_risk
ISIC_0028554,nv,nv,0.004036456,0.00033874632,escalate,low_unc_low_risk
ISIC_0030148,nv,nv,0.00086729706,2.8653503e-07,auto_accept,low_unc_low_risk
ISIC_0033680,nv,nv,0.0004178264,1.7213438e-06,auto_accept,low_unc_low_risk
ISIC_0029468,nv,nv,1.381551e-08,1.4672794e-14,auto_accept,low_unc_low_risk
ISIC_0031101,nv,nv,0.0004897431,1.3054424e-05,auto_accept,low_unc_low_risk
ISIC_0024542,nv,nv,0.000107879656,5.435113e-07,auto_accept,low_unc_low_risk
ISIC_0027658,nv,nv,0.00011446869,1.7175118e-07,auto_accept,low_unc_low_risk
ISIC_0025643,nv,nv,4.9325088e-08,5.2752747e-11,auto_accept,low_unc_low_risk
ISIC_0029692,nv,nv,1.8143794e-08,5.0591514e-11,auto_accept,low_unc_low_risk
ISIC_0027243,nv,nv,0.00018673115,1.2071538e-06,auto_accept,low_unc_low_risk
ISIC_0031167,nv,nv,8.052165e-06,5.186845e-07,auto_accept,low_unc_low_risk
ISIC_0027426,nv,nv,8.970904e-05,8.2339454e-07,auto_accept,low_unc_low_risk
ISIC_0025480,nv,nv,1.8582801e-06,8.9084644e-08,auto_accept,low_unc_low_risk
ISIC_0030359,nv,nv,1.221108e-07,1.5658314e-09,auto_accept,low_unc_low_risk
ISIC_0032054,nv,nv,1.9002993e-05,3.3083202e-07,auto_accept,low_unc_low_risk
ISIC_0026264,nv,nv,0.0010824183,1.4624721e-06,auto_accept,low_unc_low_risk
ISIC_0024540,nv,nv,2.1197084e-05,1.28276e-07,auto_accept,low_unc_low_risk
ISIC_0031503,nv,nv,0.00035021093,5.441803e-07,auto_accept,low_unc_low_risk
ISIC_0031571,nv,nv,0.00052775076,2.5596606e-07,auto_accept,low_unc_low_risk
ISIC_0032578,nv,nv,0.004102481,0.0010104341,escalate,low_unc_low_risk
ISIC_0029880,bkl,bkl,2.68917e-07,1.0846765e-07,auto_accept,low_unc_low_risk
ISIC_0032296,nv,nv,3.8796974e-05,5.9353863e-07,auto_accept,low_unc_low_risk
ISIC_0031230,nv,nv,0.00017373177,4.08526e-06,auto_accept,low_unc_low_risk
ISIC_0030494,nv,nv,2.3162213e-06,2.1175486e-08,auto_accept,low_unc_low_risk
ISIC_0026511,bkl,bkl,2.0045958e-07,4.9699533e-08,auto_accept,low_unc_low_risk
ISIC_0028695,nv,nv,0.0015325134,7.452842e-06,auto_accept,low_unc_low_risk
ISIC_0030402,nv,nv,1.1156229e-05,7.599099e-09,auto_accept,low_unc_low_risk
ISIC_0034149,nv,nv,0.00035745534,6.7850015e-06,auto_accept,low_unc_low_risk
ISIC_0029364,nv,nv,3.840859e-05,8.657101e-07,auto_accept,low_unc_low_risk
ISIC_0032057,vasc,vasc,1.381551e-08,6.8060635e-12,auto_accept,low_unc_low_risk
ISIC_0028284,nv,nv,1.1627472e-07,1.3561691e-09,auto_accept,low_unc_low_risk
ISIC_0030622,nv,nv,1.381551e-08,6.924411e-11,auto_accept,low_unc_low_risk
ISIC_0027134,nv,nv,1.9891818e-06,9.734641e-10,auto_accept,low_unc_low_risk
ISIC_0024373,nv,nv,2.9065754e-05,6.463756e-07,auto_accept,low_unc_low_risk
ISIC_0026289,nv,nv,5.3653002e-05,2.7998765e-06,auto_accept,low_unc_low_risk
ISIC_0024492,nv,nv,0.00010027365,1.2482091e-06,auto_accept,low_unc_low_risk
ISIC_0031995,nv,nv,0.00016035403,4.81675e-06,auto_accept,low_unc_low_risk
ISIC_0025497,nv,nv,1.3407533e-05,2.91385e-07,auto_accept,low_unc_low_risk
ISIC_0032068,nv,nv,9.5028065e-07,7.1687105e-09,auto_accept,low_unc_low_risk
ISIC_0028962,nv,nv,4.1856083e-08,3.3455665e-11,auto_accept,low_unc_low_risk
ISIC_0025070,nv,nv,7.4003356e-07,1.6873493e-08,auto_accept,low_unc_low_risk
ISIC_0027641,nv,nv,2.9657625e-07,2.4045505e-08,auto_accept,low_unc_low_risk
ISIC_0025845,nv,nv,3.753691e-07,6.017046e-10,auto_accept,low_unc_low_risk
ISIC_0034261,nv,nv,0.007119663,0.0007387527,escalate,low_unc_low_risk
ISIC_0028942,nv,nv,1.957647e-05,3.594773e-07,auto_accept,low_unc_low_risk
ISIC_0032390,nv,nv,5.5809073e-07,1.8476847e-08,auto_accept,low_unc_low_risk
ISIC_0029058,nv,nv,9.314988e-06,4.1013914e-07,auto_accept,low_unc_low_risk
ISIC_0032392,nv,nv,9.846797e-06,5.3415402e-08,auto_accept,low_unc_low_risk
ISIC_0031285,nv,nv,0.0010953925,5.601447e-05,auto_accept,low_unc_low_risk
ISIC_0031964,nv,nv,1.5644918e-08,9.6824715e-11,auto_accept,low_unc_low_risk
ISIC_0026908,nv,nv,5.512867e-05,1.2229989e-06,auto_accept,low_unc_low_risk
ISIC_0024483,nv,nv,7.896084e-07,5.7378515e-09,auto_accept,low_unc_low_risk
ISIC_0032262,nv,nv,0.00088988425,3.794512e-05,auto_accept,low_unc_low_risk
ISIC_0029224,nv,nv,1.6788898e-07,9.541503e-12,auto_accept,low_unc_low_risk
ISIC_0031461,nv,nv,9.7034404e-05,9.129752e-06,auto_accept,low_unc_low_risk
ISIC_0025792,nv,nv,4.1897256e-05,5.67397e-07,auto_accept,low_unc_low_risk
ISIC_0032162,nv,nv,5.456929e-05,1.7198734e-06,auto_accept,low_unc_low_risk
ISIC_0031755,nv,nv,6.820004e-05,1.270866e-07,auto_accept,low_unc_low_risk
ISIC_0027682,nv,nv,5.378879e-06,1.9945776e-10,auto_accept,low_unc_low_risk
ISIC_0033844,vasc,vasc,1.4557517e-08,1.2347918e-09,auto_accept,low_unc_low_risk
ISIC_0030333,mel,mel,3.6891084e-05,0.9999968,auto_accept,low_unc_low_risk
ISIC_0027929,nv,nv,1.381551e-08,4.854815e-12,auto_accept,low_unc_low_risk
ISIC_0030981,nv,nv,3.2031596e-05,1.0491736e-06,auto_accept,low_unc_low_risk
ISIC_0031486,nv,nv,6.341719e-05,3.4306734e-07,auto_accept,low_unc_low_risk
ISIC_0026241,nv,nv,5.1152455e-07,1.1702057e-10,auto_accept,low_unc_low_risk
ISIC_0030941,nv,nv,1.2277391e-07,4.511446e-09,auto_accept,low_unc_low_risk
ISIC_0025012,nv,nv,6.228469e-05,1.4752791e-05,auto_accept,low_unc_low_risk
ISIC_0025462,nv,nv,7.998203e-06,4.1526146e-08,auto_accept,low_unc_low_risk
ISIC_0028853,nv,nv,7.276833e-07,2.3415077e-09,auto_accept,low_unc_low_risk
ISIC_0029635,nv,nv,3.5055107e-06,9.764343e-09,auto_accept,low_unc_low_risk
ISIC_0028470,nv,nv,1.8076218e-05,2.2373287e-07,auto_accept,low_unc_low_risk
ISIC_0030814,nv,nv,6.086993e-06,2.1706239e-08,auto_accept,low_unc_low_risk
ISIC_0027602,nv,nv,7.3911783e-06,1.37879335e-08,auto_accept,low_unc_low_risk
ISIC_0028204,nv,nv,2.7347178e-07,2.318673e-09,auto_accept,low_unc_low_risk
ISIC_0030718,nv,nv,1.1573105e-06,3.601383e-09,auto_accept,low_unc_low_risk
ISIC_0025482,nv,nv,5.3895906e-06,8.943655e-08,auto_accept,low_unc_low_risk
ISIC_0030464,nv,nv,0.00016271332,8.885731e-06,auto_accept,low_unc_low_risk
ISIC_0032484,nv,nv,3.8534185e-06,3.135479e-08,auto_accept,low_unc_low_risk
ISIC_0030016,nv,nv,0.0034352476,4.9408845e-06,escalate,low_unc_low_risk
ISIC_0033091,nv,nv,0.00011187176,5.9400973e-06,auto_accept,low_unc_low_risk
ISIC_0030007,bkl,bkl,0.0026701961,0.00035576272,auto_accept,low_unc_low_risk
ISIC_0032709,mel,mel,1.2415917e-07,1.0,escalate,low_unc_high_risk
ISIC_0025864,nv,nv,9.83058e-07,6.2504193e-09,auto_accept,low_unc_low_risk
ISIC_0026587,nv,nv,1.5029611e-05,6.688077e-07,auto_accept,low_unc_low_risk
ISIC_0028250,nv,nv,8.546685e-05,1.0341507e-06,auto_accept,low_unc_low_risk
ISIC_0031438,nv,nv,2.0343781e-05,2.593125e-07,auto_accept,low_unc_low_risk
ISIC_0032212,nv,nv,2.2360075e-06,1.7689812e-08,auto_accept,low_unc_low_risk
ISIC_0031910,nv,nv,1.671931e-08,9.2208234e-11,auto_accept,low_unc_low_risk
ISIC_0030907,nv,nv,2.961156e-05,8.506288e-07,auto_accept,low_unc_low_risk
ISIC_0032771,nv,nv,7.318749e-06,2.5083767e-07,auto_accept,low_unc_low_risk
ISIC_0026627,nv,nv,1.4790623e-08,6.7871067e-13,auto_accept,low_unc_low_risk
ISIC_0032108,nv,nv,0.00013246504,1.0003842e-05,auto_accept,low_unc_low_risk
ISIC_0034192,nv,nv,2.1288939e-08,3.4585276e-11,auto_accept,low_unc_low_risk
ISIC_0028387,nv,nv,0.0006209861,6.7767755e-06,auto_accept,low_unc_low_risk
ISIC_0025026,nv,nv,4.6584287e-06,1.5191951e-07,auto_accept,low_unc_low_risk
ISIC_0026394,nv,nv,4.61661e-07,3.0359742e-12,auto_accept,low_unc_low_risk
ISIC_0034197,bkl,bkl,7.737147e-05,1.0889009e-05,auto_accept,low_unc_low_risk
ISIC_0033448,nv,nv,1.8938239e-05,1.449756e-07,auto_accept,low_unc_low_risk
ISIC_0032720,nv,nv,8.641409e-06,1.1351918e-07,auto_accept,low_unc_low_risk
ISIC_0031479,mel,mel,0.0044344994,0.9992281,escalate,low_unc_low_risk
ISIC_0030074,nv,nv,2.4549356e-06,2.8542162e-08,auto_accept,low_unc_low_risk
ISIC_0025164,nv,nv,1.2616917e-05,5.160173e-07,auto_accept,low_unc_low_risk
ISIC_0027628,nv,nv,2.568274e-06,3.5286842e-08,auto_accept,low_unc_low_risk
ISIC_0030113,nv,nv,0.0058059627,6.3315296e-05,escalate,low_unc_low_risk
ISIC_0028184,nv,nv,6.895249e-07,1.1662756e-09,auto_accept,low_unc_low_risk
ISIC_0030472,nv,nv,0.00011997988,2.424539e-06,auto_accept,low_unc_low_risk
ISIC_0027749,nv,nv,5.44656e-06,9.463149e-09,auto_accept,low_unc_low_risk
ISIC_0027728,nv,nv,5.2475602e-06,3.2681123e-07,auto_accept,low_unc_low_risk
ISIC_0027128,nv,nv,1.1036463e-05,3.1028418e-07,auto_accept,low_unc_low_risk
ISIC_0026380,nv,nv,3.547698e-06,1.750334e-08,auto_accept,low_unc_low_risk
ISIC_0030027,nv,nv,4.133573e-05,3.3010622e-07,auto_accept,low_unc_low_risk
ISIC_0028142,nv,nv,1.2198352e-06,4.175831e-08,auto_accept,low_unc_low_risk
ISIC_0024728,nv,nv,1.381551e-08,2.0590472e-13,auto_accept,low_unc_low_risk
ISIC_0025772,nv,nv,6.5651875e-05,1.5517417e-06,auto_accept,low_unc_low_risk
ISIC_0026588,nv,nv,0.00033931734,1.3289498e-06,auto_accept,low_unc_low_risk
ISIC_0030248,nv,nv,1.5406591e-05,4.5685562e-07,auto_accept,low_unc_low_risk
ISIC_0029888,nv,nv,7.857541e-05,1.9558277e-06,auto_accept,low_unc_low_risk
ISIC_0034116,nv,nv,0.00010882246,1.7775059e-05,auto_accept,low_unc_low_risk
ISIC_0029858,nv,nv,4.205256e-07,3.2863845e-09,auto_accept,low_unc_low_risk
ISIC_0032904,nv,nv,4.0570217e-08,4.4853024e-13,auto_accept,low_unc_low_risk
ISIC_0030794,akiec,akiec,5.049816e-06,0.9999999,escalate,low_unc_high_risk
ISIC_0024849,nv,nv,8.704112e-05,5.9171424e-07,auto_accept,low_unc_low_risk
ISIC_0031445,nv,nv,3.6206625e-06,1.023105e-08,auto_accept,low_unc_low_risk
ISIC_0029483,nv,nv,0.00026448793,1.4022085e-05,auto_accept,low_unc_low_risk
ISIC_0034293,nv,nv,0.00022412716,7.4238194e-08,auto_accept,low_unc_low_risk
ISIC_0031938,nv,nv,4.5304754e-05,2.8701143e-07,auto_accept,low_unc_low_risk
ISIC_0031114,nv,nv,7.338852e-05,2.3928235e-06,auto_accept,low_unc_low_risk
ISIC_0029284,nv,nv,0.0004175895,7.329831e-07,auto_accept,low_unc_low_risk
ISIC_0026195,nv,nv,0.00036947135,3.9956345e-07,auto_accept,low_unc_low_risk
ISIC_0031219,nv,nv,1.381551e-08,5.0208128e-12,auto_accept,low_unc_low_risk
ISIC_0025420,nv,nv,5.391123e-08,3.3720265e-10,auto_accept,low_unc_low_risk
ISIC_0034294,mel,mel,0.00013133639,0.9999914,auto_accept,low_unc_low_risk
ISIC_0026917,nv,nv,2.9133318e-07,3.0211203e-10,auto_accept,low_unc_low_risk
ISIC_0027472,nv,nv,0.00031081005,8.02726e-06,auto_accept,low_unc_low_risk
ISIC_0031877,nv,nv,1.381551e-08,9.6665645e-15,auto_accept,low_unc_low_risk
ISIC_0032748,nv,nv,1.6995152e-07,5.612701e-09,auto_accept,low_unc_low_risk
ISIC_0033188,nv,nv,0.0005243527,1.6129241e-05,auto_accept,low_unc_low_risk
ISIC_0026933,nv,nv,7.670781e-05,2.1892422e-06,auto_accept,low_unc_low_risk
ISIC_0031190,nv,nv,1.381551e-08,4.0226822e-11,auto_accept,low_unc_low_risk
ISIC_0029529,nv,nv,1.5106929e-07,1.2005943e-09,auto_accept,low_unc_low_risk
ISIC_0033957,mel,mel,0.0003322318,0.99994314,auto_accept,low_unc_low_risk
ISIC_0028553,nv,nv,1.4172699e-08,5.905774e-11,auto_accept,low_unc_low_risk
ISIC_0026953,nv,nv,1.4405743e-05,3.0269493e-07,auto_accept,low_unc_low_risk
ISIC_0027985,nv,nv,0.0015729747,2.732439e-06,auto_accept,low_unc_low_risk
ISIC_0030215,nv,nv,1.381551e-08,1.4514521e-11,auto_accept,low_unc_low_risk
ISIC_0025635,nv,nv,1.5296046e-06,1.7946251e-09,auto_accept,low_unc_low_risk
ISIC_0027336,nv,nv,8.438509e-07,2.8860314e-09,auto_accept,low_unc_low_risk
ISIC_0033329,nv,nv,1.0545276e-05,1.0822004e-08,auto_accept,low_unc_low_risk
ISIC_0028690,nv,nv,0.0013725117,2.688456e-05,auto_accept,low_unc_low_risk
ISIC_0033629,bkl,bkl,0.00034147102,1.3171449e-06,auto_accept,low_unc_low_risk
ISIC_0032346,nv,nv,8.882134e-06,1.2261049e-07,auto_accept,low_unc_low_risk
ISIC_0032443,nv,nv,1.02925924e-07,4.2008153e-10,auto_accept,low_unc_low_risk
ISIC_0025318,nv,nv,1.4434979e-06,8.854338e-09,auto_accept,low_unc_low_risk
ISIC_0030860,nv,nv,1.9954494e-05,3.7243257e-08,auto_accept,low_unc_low_risk
ISIC_0028296,nv,nv,1.2929953e-05,2.1625084e-07,auto_accept,low_unc_low_risk
ISIC_0028657,nv,nv,2.9685123e-06,1.35348746e-08,auto_accept,low_unc_low_risk
ISIC_0029097,nv,nv,1.381551e-08,4.498482e-12,auto_accept,low_unc_low_risk
ISIC_0029428,nv,nv,5.905749e-07,7.7035e-09,auto_accept,low_unc_low_risk
ISIC_0029261,nv,nv,0.0016172258,5.3059393e-05,auto_accept,low_unc_low_risk
ISIC_0030734,nv,nv,6.518082e-07,1.9325923e-09,auto_accept,low_unc_low_risk
ISIC_0031256,nv,nv,0.00027770823,9.58607e-06,auto_accept,low_unc_low_risk
ISIC_0024804,nv,nv,0.00012488652,1.3983049e-06,auto_accept,low_unc_low_risk
ISIC_0027321,nv,nv,3.0168449e-05,1.6350825e-08,auto_accept,low_unc_low_risk
ISIC_0034085,mel,mel,0.00085596717,0.9998871,auto_accept,low_unc_low_risk
ISIC_0026651,nv,nv,0.00041704436,3.4749053e-07,auto_accept,low_unc_low_risk
ISIC_0027837,nv,nv,2.0341622e-07,1.2810191e-11,auto_accept,low_unc_low_risk
ISIC_0029949,nv,nv,2.9179915e-07,1.7082286e-09,auto_accept,low_unc_low_risk
ISIC_0033733,nv,nv,0.0022649101,0.00011996672,auto_accept,low_unc_low_risk
ISIC_0027415,nv,nv,0.0050385944,4.9913615e-07,escalate,low_unc_low_risk
ISIC_0032885,nv,nv,0.0026138322,0.00012766042,auto_accept,low_unc_low_risk
ISIC_0024551,nv,nv,5.179669e-05,1.1057488e-06,auto_accept,low_unc_low_risk
ISIC_0024320,nv,nv,2.573675e-07,3.8298184e-11,auto_accept,low_unc_low_risk
ISIC_0032361,nv,nv,1.381551e-08,2.605885e-13,auto_accept,low_unc_low_risk
ISIC_0031176,nv,nv,6.157088e-05,4.3979826e-06,auto_accept,low_unc_low_risk
ISIC_0027477,nv,nv,5.8327398e-05,6.7417983e-07,auto_accept,low_unc_low_risk
ISIC_0030934,nv,nv,6.2647005e-06,5.566856e-09,auto_accept,low_unc_low_risk
ISIC_0033506,nv,nv,0.0068474254,1.1903329e-06,escalate,low_unc_low_risk
ISIC_0025267,nv,nv,1.2597762e-07,6.409927e-10,auto_accept,low_unc_low_risk
ISIC_0025612,vasc,vasc,6.8615145e-06,3.8440935e-09,auto_accept,low_unc_low_risk
ISIC_0030252,nv,nv,1.9532719e-07,1.4438601e-09,auto_accept,low_unc_low_risk
ISIC_0034215,nv,nv,0.010232851,0.00042655904,escalate,low_unc_low_risk
ISIC_0029429,nv,nv,5.0740823e-07,5.289423e-10,auto_accept,low_unc_low_risk
ISIC_0030755,bcc,bcc,0.0010223065,0.9999815,auto_accept,low_unc_low_risk
ISIC_0031921,nv,nv,4.934304e-08,2.439872e-10,auto_accept,low_unc_low_risk
ISIC_0027603,nv,nv,0.00084949925,3.4624085e-05,auto_accept,low_unc_low_risk
ISIC_0026926,nv,nv,4.5997527e-05,7.0142056e-07,auto_accept,low_unc_low_risk
ISIC_0032275,nv,nv,3.286131e-05,2.511649e-07,auto_accept,low_unc_low_risk
ISIC_0028105,nv,nv,0.0012755255,4.730438e-08,auto_accept,low_unc_low_risk
ISIC_0028781,nv,nv,8.8557675e-07,2.4598034e-08,auto_accept,low_unc_low_risk
ISIC_0032801,nv,nv,0.0001509192,2.2244485e-05,auto_accept,low_unc_low_risk
ISIC_0030899,nv,nv,1.10977835e-05,5.478619e-07,auto_accept,low_unc_low_risk
ISIC_0029992,nv,nv,1.381551e-08,1.0300619e-12,auto_accept,low_unc_low_risk
ISIC_0030413,nv,nv,1.6883563e-05,2.021967e-08,auto_accept,low_unc_low_risk
ISIC_0031734,nv,nv,4.670215e-05,1.8720534e-06,auto_accept,low_unc_low_risk
ISIC_0026989,mel,nv,4.5974382e-05,3.5497055e-07,auto_accept,low_unc_low_risk
ISIC_0030652,nv,nv,0.00074714335,1.5105328e-06,auto_accept,low_unc_low_risk
ISIC_0028813,nv,nv,0.000129148,1.3433358e-06,auto_accept,low_unc_low_risk
ISIC_0030547,nv,nv,2.8955844e-06,4.2904766e-08,auto_accept,low_unc_low_risk
ISIC_0024469,nv,nv,0.00031283876,9.545593e-06,auto_accept,low_unc_low_risk
ISIC_0027553,nv,nv,1.7096447e-05,1.6924326e-06,auto_accept,low_unc_low_risk
ISIC_0028668,nv,nv,0.0002586004,3.4923605e-07,auto_accept,low_unc_low_risk
ISIC_0025833,nv,nv,3.6812664e-05,7.4551775e-07,auto_accept,low_unc_low_risk
ISIC_0028097,nv,nv,7.075664e-07,6.429025e-11,auto_accept,low_unc_low_risk
ISIC_0028601,nv,nv,2.5076813e-05,4.1957188e-07,auto_accept,low_unc_low_risk
ISIC_0029890,nv,nv,3.3334818e-05,4.995728e-07,auto_accept,low_unc_low_risk
ISIC_0026832,nv,nv,0.0018673473,9.386631e-06,auto_accept,low_unc_low_risk
ISIC_0026736,nv,nv,5.9110626e-08,1.8658424e-11,auto_accept,low_unc_low_risk
ISIC_0032820,nv,nv,8.097079e-06,3.766151e-07,auto_accept,low_unc_low_risk
ISIC_0029312,nv,nv,8.96222e-06,4.6481716e-08,auto_accept,low_unc_low_risk
ISIC_0027595,bcc,bcc,0.0003759978,0.99996305,auto_accept,low_unc_low_risk
ISIC_0033663,mel,mel,2.0156251e-06,0.99999976,auto_accept,low_unc_low_risk
ISIC_0026267,nv,nv,0.00014513363,1.794291e-06,auto_accept,low_unc_low_risk
ISIC_0025665,nv,nv,1.110473e-05,4.3607605e-07,auto_accept,low_unc_low_risk
ISIC_0024968,nv,nv,2.0441345e-05,5.5154253e-10,auto_accept,low_unc_low_risk
ISIC_0027095,nv,nv,1.6801823e-07,4.3843e-10,auto_accept,low_unc_low_risk
ISIC_0029966,nv,nv,0.00014543877,4.0713257e-07,auto_accept,low_unc_low_risk
ISIC_0033906,nv,nv,0.0051959483,0.00023821305,escalate,low_unc_low_risk
ISIC_0026087,nv,nv,0.0002837282,3.0868764e-06,auto_accept,low_unc_low_risk
ISIC_0027914,nv,nv,1.2672228e-07,3.8928483e-10,auto_accept,low_unc_low_risk
ISIC_0027610,nv,nv,6.893525e-07,1.6279843e-08,auto_accept,low_unc_low_risk
ISIC_0028391,nv,nv,0.0035326444,0.00010438609,escalate,low_unc_low_risk
ISIC_0025523,nv,nv,9.197285e-07,8.862083e-11,auto_accept,low_unc_low_risk
ISIC_0029285,nv,nv,2.1685435e-06,2.8437723e-08,auto_accept,low_unc_low_risk
ISIC_0031968,nv,nv,8.282425e-07,7.88826e-09,auto_accept,low_unc_low_risk
ISIC_0025143,nv,nv,9.08612e-06,9.891871e-08,auto_accept,low_unc_low_risk
ISIC_0031392,nv,nv,0.00059729954,3.3871722e-05,auto_accept,low_unc_low_risk
ISIC_0026377,nv,nv,0.011206309,6.141116e-06,escalate,low_unc_low_risk
ISIC_0031076,nv,nv,1.381551e-08,2.3904882e-16,auto_accept,low_unc_low_risk
ISIC_0033221,nv,nv,0.00017123122,6.4584165e-06,auto_accept,low_unc_low_risk
ISIC_0029593,nv,nv,6.443098e-05,8.451303e-07,auto_accept,low_unc_low_risk
ISIC_0032056,nv,nv,2.4620247e-06,7.02475e-08,auto_accept,low_unc_low_risk
ISIC_0027474,nv,nv,0.00083762617,1.9436671e-05,auto_accept,low_unc_low_risk
ISIC_0032091,nv,nv,1.6381385e-08,4.891317e-11,auto_accept,low_unc_low_risk
ISIC_0032953,nv,nv,8.883142e-05,1.404269e-06,auto_accept,low_unc_low_risk
ISIC_0024930,mel,nv,0.0021010302,6.467159e-05,auto_accept,low_unc_low_risk
ISIC_0031758,nv,nv,3.780224e-06,2.6784566e-08,auto_accept,low_unc_low_risk
ISIC_0030982,nv,nv,5.295044e-05,1.8522504e-08,auto_accept,low_unc_low_risk
ISIC_0028402,nv,nv,6.1013607e-06,2.6057524e-08,auto_accept,low_unc_low_risk
ISIC_0027968,nv,nv,6.977509e-07,1.5897898e-08,auto_accept,low_unc_low_risk
ISIC_0031661,nv,nv,5.3202435e-05,3.0388023e-07,auto_accept,low_unc_low_risk
ISIC_0028044,nv,nv,4.7320267e-05,4.8720324e-07,auto_accept,low_unc_low_risk
ISIC_0032053,nv,nv,5.8739977e-07,1.9772683e-09,auto_accept,low_unc_low_risk
ISIC_0032707,nv,nv,0.0001622956,9.673173e-06,auto_accept,low_unc_low_risk
ISIC_0025920,nv,nv,5.8713553e-08,1.4772597e-10,auto_accept,low_unc_low_risk
ISIC_0032221,nv,nv,0.0062109665,0.00066304044,escalate,low_unc_low_risk
ISIC_0031936,nv,nv,2.6091562e-05,1.0785551e-06,auto_accept,low_unc_low_risk
ISIC_0033563,nv,nv,8.0502956e-05,4.3952114e-06,auto_accept,low_unc_low_risk
ISIC_0029620,nv,nv,4.6100555e-05,1.0889898e-06,auto_accept,low_unc_low_risk
ISIC_0029795,nv,nv,1.206011e-06,2.869473e-08,auto_accept,low_unc_low_risk
ISIC_0029440,nv,nv,8.9180794e-05,2.7865417e-07,auto_accept,low_unc_low_risk
ISIC_0028396,nv,nv,6.8140575e-06,1.1483004e-07,auto_accept,low_unc_low_risk
ISIC_0024398,nv,nv,4.491952e-05,1.8498216e-06,auto_accept,low_unc_low_risk
ISIC_0031185,nv,nv,0.00090151106,1.342343e-05,auto_accept,low_unc_low_risk
ISIC_0026373,nv,nv,2.0735451e-05,5.2694378e-09,auto_accept,low_unc_low_risk
ISIC_0026334,nv,nv,6.290742e-07,1.0548453e-08,auto_accept,low_unc_low_risk
ISIC_0028762,nv,nv,4.3853147e-06,1.15027326e-07,auto_accept,low_unc_low_risk
ISIC_0031553,nv,nv,6.3389234e-05,2.2364038e-06,auto_accept,low_unc_low_risk
ISIC_0027955,nv,nv,1.381551e-08,9.318754e-15,auto_accept,low_unc_low_risk
ISIC_0028482,nv,nv,1.0860646e-05,2.4910577e-07,auto_accept,low_unc_low_risk
ISIC_0028434,nv,nv,0.00041188984,2.4240396e-06,auto_accept,low_unc_low_risk
ISIC_0026547,nv,nv,1.7537235e-05,7.585488e-07,auto_accept,low_unc_low_risk
ISIC_0025332,nv,nv,2.038101e-06,1.0400429e-09,auto_accept,low_unc_low_risk
ISIC_0027899,nv,nv,2.3486968e-05,2.0111614e-07,auto_accept,low_unc_low_risk
ISIC_0030584,nv,nv,2.2760632e-05,4.873278e-07,auto_accept,low_unc_low_risk
ISIC_0026667,nv,nv,5.7881107e-07,2.1444188e-12,auto_accept,low_unc_low_risk
ISIC_0027528,nv,nv,0.0014471587,2.7089007e-05,auto_accept,low_unc_low_risk
ISIC_0024366,nv,nv,1.2282704e-05,6.062081e-07,auto_accept,low_unc_low_risk
ISIC_0025951,nv,nv,1.8970306e-05,1.4670844e-07,auto_accept,low_unc_low_risk
ISIC_0027481,nv,nv,2.0405407e-06,8.384929e-08,auto_accept,low_unc_low_risk
ISIC_0031849,nv,nv,3.8392773e-06,5.428242e-09,auto_accept,low_unc_low_risk
ISIC_0029159,nv,nv,2.605311e-07,2.7209357e-09,auto_accept,low_unc_low_risk
ISIC_0027636,nv,nv,8.465633e-05,6.049364e-07,auto_accept,low_unc_low_risk
ISIC_0026183,nv,nv,0.00012852828,2.8772672e-07,auto_accept,low_unc_low_risk
ISIC_0028667,nv,nv,6.1024645e-07,1.3768741e-09,auto_accept,low_unc_low_risk
ISIC_0031433,nv,nv,4.499076e-08,1.1268326e-09,auto_accept,low_unc_low_risk
ISIC_0031923,nv,nv,3.872437e-05,2.2240952e-06,auto_accept,low_unc_low_risk
ISIC_0030193,nv,nv,0.033742957,2.6297435e-05,escalate,high_unc_low_risk
ISIC_0025356,nv,nv,3.215871e-08,2.6349772e-10,auto_accept,low_unc_low_risk
ISIC_0030141,nv,nv,0.0008264377,4.7898976e-07,auto_accept,low_unc_low_risk
ISIC_0026613,nv,nv,0.0018769295,1.6998207e-05,auto_accept,low_unc_low_risk
ISIC_0026879,nv,nv,2.5771264e-05,4.4745045e-07,auto_accept,low_unc_low_risk
ISIC_0031073,nv,nv,7.564765e-06,1.5007465e-10,auto_accept,low_unc_low_risk
ISIC_0026814,nv,nv,1.381551e-08,6.6730605e-12,auto_accept,low_unc_low_risk
ISIC_0032115,nv,nv,2.1694605e-05,8.5919616e-08,auto_accept,low_unc_low_risk
ISIC_0028886,nv,nv,2.273839e-06,7.539275e-08,auto_accept,low_unc_low_risk
ISIC_0029403,nv,nv,0.00022249881,9.3847984e-07,auto_accept,low_unc_low_risk
ISIC_0027207,nv,nv,0.0022615825,1.8170114e-05,auto_accept,low_unc_low_risk
ISIC_0028054,nv,nv,3.7996604e-06,4.2386267e-10,auto_accept,low_unc_low_risk
ISIC_0030152,nv,nv,9.967722e-05,2.063639e-06,auto_accept,low_unc_low_risk
ISIC_0026563,nv,nv,9.274131e-08,4.2617793e-10,auto_accept,low_unc_low_risk
ISIC_0025370,nv,nv,2.6823004e-06,7.497042e-09,auto_accept,low_unc_low_risk
ISIC_0024979,nv,nv,0.00014720665,5.50882e-06,auto_accept,low_unc_low_risk
ISIC_0029491,nv,nv,5.877251e-05,1.5111919e-08,auto_accept,low_unc_low_risk
ISIC_0031136,nv,nv,1.0815613e-05,1.5813227e-07,auto_accept,low_unc_low_risk
ISIC_0028855,nv,nv,3.1399557e-07,8.401454e-11,auto_accept,low_unc_low_risk
ISIC_0025435,nv,nv,1.010013e-06,2.2859462e-08,auto_accept,low_unc_low_risk
ISIC_0026317,nv,nv,0.0001043308,6.65472e-06,auto_accept,low_unc_low_risk
ISIC_0029684,nv,nv,5.800761e-06,4.0117674e-09,auto_accept,low_unc_low_risk
ISIC_0024812,nv,nv,4.774815e-06,2.6638547e-08,auto_accept,low_unc_low_risk
ISIC_0030364,nv,nv,5.4246415e-05,6.873861e-09,auto_accept,low_unc_low_risk
ISIC_0029685,nv,nv,0.00043149863,4.819333e-07,auto_accept,low_unc_low_risk
ISIC_0025692,nv,nv,8.2571496e-05,2.7678828e-07,auto_accept,low_unc_low_risk
ISIC_0030807,nv,nv,1.0614446e-07,3.5345258e-11,auto_accept,low_unc_low_risk
ISIC_0030388,nv,nv,5.7134574e-05,8.6054405e-07,auto_accept,low_unc_low_risk
ISIC_0024376,nv,nv,7.330315e-05,1.3709321e-07,auto_accept,low_unc_low_risk
ISIC_0031110,nv,nv,1.3533898e-06,7.887691e-08,auto_accept,low_unc_low_risk
ISIC_0028295,nv,nv,8.719999e-06,8.0475125e-08,auto_accept,low_unc_low_risk
ISIC_0026204,nv,nv,7.2690727e-06,1.4097179e-07,auto_accept,low_unc_low_risk
ISIC_0032465,nv,nv,4.2475335e-06,1.4872751e-08,auto_accept,low_unc_low_risk
ISIC_0034104,mel,mel,1.7174356e-05,0.99999833,auto_accept,low_unc_low_risk
ISIC_0029968,nv,nv,0.0004222242,4.3658183e-06,auto_accept,low_unc_low_risk
ISIC_0027214,nv,nv,2.8142427e-08,1.2089466e-10,auto_accept,low_unc_low_risk
ISIC_0031265,nv,nv,1.8550569e-05,4.4420557e-07,auto_accept,low_unc_low_risk
ISIC_0028462,nv,nv,8.927694e-08,5.1832594e-10,auto_accept,low_unc_low_risk
ISIC_0030274,nv,nv,3.197225e-06,1.0877236e-08,auto_accept,low_unc_low_risk
ISIC_0031476,nv,nv,0.0013650069,3.9722407e-05,auto_accept,low_unc_low_risk
ISIC_0031210,nv,nv,1.3862796e-06,9.760339e-09,auto_accept,low_unc_low_risk
ISIC_0024352,nv,nv,0.0042188875,0.0004301989,escalate,low_unc_low_risk
ISIC_0030467,nv,nv,3.2685623e-08,2.9636116e-11,auto_accept,low_unc_low_risk
ISIC_0030838,nv,nv,7.6078336e-06,7.7801326e-10,auto_accept,low_unc_low_risk
ISIC_0026092,vasc,vasc,1.381551e-08,3.0800895e-10,auto_accept,low_unc_low_risk
ISIC_0030572,nv,nv,2.5603513e-06,6.415118e-08,auto_accept,low_unc_low_risk
ISIC_0029446,nv,nv,0.000410627,3.8054823e-06,auto_accept,low_unc_low_risk
ISIC_0027438,nv,nv,1.685556e-05,4.379006e-08,auto_accept,low_unc_low_risk
ISIC_0029969,nv,nv,0.0016117562,2.8441844e-08,auto_accept,low_unc_low_risk
ISIC_0030861,nv,nv,2.447185e-08,7.002614e-11,auto_accept,low_unc_low_risk
ISIC_0031275,nv,nv,2.0955813e-05,3.8194365e-08,auto_accept,low_unc_low_risk
ISIC_0025558,nv,nv,0.05595239,1.5325142e-05,escalate,high_unc_low_risk
ISIC_0031637,nv,nv,0.00023568502,1.0398907e-06,auto_accept,low_unc_low_risk
ISIC_0030582,nv,nv,0.00044937356,1.2957692e-05,auto_accept,low_unc_low_risk
ISIC_0032312,nv,nv,0.0017095223,4.7575275e-05,auto_accept,low_unc_low_risk
ISIC_0028569,nv,nv,2.6658868e-06,3.559495e-08,auto_accept,low_unc_low_risk
ISIC_0029246,nv,nv,1.381551e-08,3.0217579e-15,auto_accept,low_unc_low_risk
ISIC_0033025,nv,nv,1.132615e-06,3.3879598e-08,auto_accept,low_unc_low_risk
ISIC_0028177,nv,nv,1.4030355e-05,3.2511798e-07,auto_accept,low_unc_low_risk
ISIC_0033228,nv,nv,0.0002067409,1.2482002e-07,auto_accept,low_unc_low_risk
ISIC_0032814,nv,nv,0.011247307,1.12533876e-07,escalate,low_unc_low_risk
ISIC_0026701,nv,nv,0.00043236953,2.2571448e-06,auto_accept,low_unc_low_risk
ISIC_0027695,nv,nv,2.336166e-05,6.012577e-07,auto_accept,low_unc_low_risk
ISIC_0033780,df,df,1.381551e-08,1.10802145e-10,auto_accept,low_unc_low_risk
ISIC_0031970,nv,nv,0.00020418172,2.7357184e-05,auto_accept,low_unc_low_risk
ISIC_0027396,nv,nv,3.4665473e-07,3.237883e-10,auto_accept,low_unc_low_risk
ISIC_0028369,nv,nv,7.978298e-06,8.315298e-08,auto_accept,low_unc_low_risk
ISIC_0029168,nv,nv,2.2629404e-06,1.7348057e-08,auto_accept,low_unc_low_risk
ISIC_0024957,nv,nv,1.1538184e-05,9.163729e-07,auto_accept,low_unc_low_risk
ISIC_0025685,nv,nv,8.291183e-05,2.1931255e-08,auto_accept,low_unc_low_risk
ISIC_0029494,nv,nv,0.0022274593,3.3539396e-05,auto_accept,low_unc_low_risk
ISIC_0025364,nv,nv,6.0672496e-06,4.4001627e-08,auto_accept,low_unc_low_risk
ISIC_0029907,nv,nv,2.52631e-06,1.4125104e-09,auto_accept,low_unc_low_risk
ISIC_0026243,nv,nv,3.8845292e-07,7.298756e-10,auto_accept,low_unc_low_risk
ISIC_0024811,nv,nv,1.1972054e-07,1.3939974e-09,auto_accept,low_unc_low_risk
ISIC_0026342,nv,nv,9.939731e-08,1.4133532e-10,auto_accept,low_unc_low_risk
ISIC_0025923,nv,nv,3.123147e-05,4.150477e-08,auto_accept,low_unc_low_risk
ISIC_0029737,nv,nv,0.001111218,0.000114709146,auto_accept,low_unc_low_risk
ISIC_0024785,nv,nv,8.4539545e-07,1.6977895e-08,auto_accept,low_unc_low_risk
ISIC_0025418,nv,nv,3.329635e-08,3.984972e-11,auto_accept,low_unc_low_risk
ISIC_0031653,nv,nv,9.535087e-05,7.489083e-07,auto_accept,low_unc_low_risk
ISIC_0033039,nv,nv,4.03476e-05,9.930701e-08,auto_accept,low_unc_low_risk
ISIC_0030450,nv,nv,4.7161695e-05,4.2210107e-08,auto_accept,low_unc_low_risk
ISIC_0026306,nv,nv,1.7362614e-06,3.0409164e-09,auto_accept,low_unc_low_risk
ISIC_0026882,nv,nv,0.00031735754,4.269784e-06,auto_accept,low_unc_low_risk
ISIC_0031083,nv,nv,0.0018704875,8.435971e-07,auto_accept,low_unc_low_risk
ISIC_0026294,nv,nv,7.981767e-06,1.1226953e-07,auto_accept,low_unc_low_risk
ISIC_0025494,nv,nv,1.0577193e-07,1.1706432e-10,auto_accept,low_unc_low_risk
ISIC_0025176,nv,nv,2.1084354e-05,3.165182e-06,auto_accept,low_unc_low_risk
ISIC_0029436,nv,nv,0.0031987166,0.00012822675,escalate,low_unc_low_risk
ISIC_0025201,nv,nv,4.790313e-06,1.3465562e-07,auto_accept,low_unc_low_risk
ISIC_0026088,nv,nv,0.00016463886,2.9032352e-09,auto_accept,low_unc_low_risk
ISIC_0028140,nv,nv,3.3357184e-05,3.5020526e-07,auto_accept,low_unc_low_risk
ISIC_0031329,bkl,bkl,9.551405e-07,1.5931538e-07,auto_accept,low_unc_low_risk
ISIC_0024939,nv,nv,7.051628e-06,4.5340066e-08,auto_accept,low_unc_low_risk
ISIC_0031916,nv,nv,0.00023190408,1.2958865e-08,auto_accept,low_unc_low_risk
ISIC_0027121,nv,nv,5.4612585e-05,3.5848727e-06,auto_accept,low_unc_low_risk
ISIC_0033108,nv,nv,9.439948e-06,3.6898288e-07,auto_accept,low_unc_low_risk
ISIC_0025369,nv,nv,8.8843535e-07,7.71388e-09,auto_accept,low_unc_low_risk
ISIC_0026368,nv,nv,1.9402262e-07,1.5576933e-09,auto_accept,low_unc_low_risk
ISIC_0026944,nv,nv,0.0066401474,2.6142408e-05,escalate,low_unc_low_risk
ISIC_0028011,nv,nv,6.613767e-05,3.7417064e-07,auto_accept,low_unc_low_risk
ISIC_0026529,nv,nv,1.2229265e-06,4.80347e-10,auto_accept,low_unc_low_risk
ISIC_0030087,nv,nv,2.1740194e-05,4.4196602e-07,auto_accept,low_unc_low_risk
ISIC_0026776,nv,nv,1.5681678e-08,2.4975256e-11,auto_accept,low_unc_low_risk
ISIC_0031487,nv,nv,0.00013828503,3.8070995e-09,auto_accept,low_unc_low_risk
ISIC_0025232,nv,nv,1.4714092e-07,1.7422724e-09,auto_accept,low_unc_low_risk
ISIC_0028932,nv,nv,0.0004164659,2.4291448e-06,auto_accept,low_unc_low_risk
ISIC_0032236,nv,nv,0.00017537447,6.8885306e-06,auto_accept,low_unc_low_risk
ISIC_0027619,nv,nv,0.00035953612,3.5546353e-05,auto_accept,low_unc_low_risk
ISIC_0027308,nv,nv,0.0021546942,5.901442e-07,auto_accept,low_unc_low_risk
ISIC_0025006,nv,nv,2.2029228e-06,3.5259394e-08,auto_accept,low_unc_low_risk
ISIC_0028792,bkl,bkl,0.00059128925,5.6506662e-05,auto_accept,low_unc_low_risk
ISIC_0027624,nv,nv,1.381551e-08,8.4254365e-13,auto_accept,low_unc_low_risk
ISIC_0027570,nv,nv,5.9870214e-05,1.3400155e-06,auto_accept,low_unc_low_risk
ISIC_0029086,nv,nv,7.5836823e-07,1.08428815e-10,auto_accept,low_unc_low_risk
ISIC_0030993,nv,nv,2.7008193e-05,1.8012246e-07,auto_accept,low_unc_low_risk
ISIC_0032016,nv,nv,0.00014599085,2.7513288e-06,auto_accept,low_unc_low_risk
ISIC_0033191,nv,nv,0.0013254478,3.0892147e-10,auto_accept,low_unc_low_risk
ISIC_0024889,nv,nv,0.00014412905,1.6214414e-06,auto_accept,low_unc_low_risk
ISIC_0024639,nv,nv,9.778093e-05,7.2049154e-08,auto_accept,low_unc_low_risk
ISIC_0027970,nv,nv,0.044727325,1.911466e-05,escalate,high_unc_low_risk
ISIC_0025875,nv,nv,0.00030564034,1.7213357e-07,auto_accept,low_unc_low_risk
ISIC_0031764,nv,nv,6.8925933e-06,8.153113e-08,auto_accept,low_unc_low_risk
ISIC_0024901,nv,nv,1.2733812e-05,5.731267e-09,auto_accept,low_unc_low_risk
ISIC_0033635,bkl,bkl,1.9603624e-06,9.9705e-08,auto_accept,low_unc_low_risk
ISIC_0027777,nv,nv,1.381551e-08,6.3138184e-12,auto_accept,low_unc_low_risk
ISIC_0030611,nv,nv,0.00014388878,4.1350163e-06,auto_accept,low_unc_low_risk
ISIC_0028501,nv,nv,4.6344837e-08,5.3340005e-10,auto_accept,low_unc_low_risk
ISIC_0026756,nv,nv,3.174843e-05,1.2469974e-07,auto_accept,low_unc_low_risk
ISIC_0028024,nv,nv,1.381551e-08,2.2658143e-11,auto_accept,low_unc_low_risk
ISIC_0026285,nv,nv,2.2246734e-06,1.6632348e-11,auto_accept,low_unc_low_risk
ISIC_0026167,mel,nv,0.00010918281,5.6608e-06,auto_accept,low_unc_low_risk
ISIC_0028494,nv,nv,1.4277629e-06,6.061572e-08,auto_accept,low_unc_low_risk
ISIC_0028786,nv,nv,1.2528204e-05,1.902494e-07,auto_accept,low_unc_low_risk
ISIC_0028806,nv,nv,3.774109e-06,7.2715004e-08,auto_accept,low_unc_low_risk
ISIC_0032377,nv,nv,7.069118e-07,1.6113563e-10,auto_accept,low_unc_low_risk
ISIC_0030599,nv,nv,0.004722616,3.4249053e-05,escalate,low_unc_low_risk
ISIC_0030791,nv,nv,6.6220156e-07,6.2436e-10,auto_accept,low_unc_low_risk
ISIC_0026077,nv,nv,3.3234814e-05,1.08694795e-08,auto_accept,low_unc_low_risk
ISIC_0032301,nv,nv,0.000995541,1.6000748e-05,auto_accept,low_unc_low_risk
ISIC_0026320,nv,nv,5.237556e-05,6.934273e-07,auto_accept,low_unc_low_risk
ISIC_0032431,nv,nv,0.00043019568,1.0314222e-12,auto_accept,low_unc_low_risk
ISIC_0032255,nv,nv,4.5933866e-05,5.7510903e-08,auto_accept,low_unc_low_risk
ISIC_0026170,nv,nv,0.00026168878,1.3477163e-05,auto_accept,low_unc_low_risk
ISIC_0032690,mel,nv,0.0031053778,0.0006167705,escalate,low_unc_low_risk
ISIC_0031655,nv,nv,1.77467e-07,8.317035e-10,auto_accept,low_unc_low_risk
ISIC_0027864,nv,nv,3.6501285e-06,3.3174157e-08,auto_accept,low_unc_low_risk
ISIC_0027386,nv,nv,4.5840702e-07,3.0114293e-08,auto_accept,low_unc_low_risk
ISIC_0030185,nv,nv,2.2134007e-05,2.0132815e-08,auto_accept,low_unc_low_risk
ISIC_0026721,nv,nv,1.71258e-07,1.0728999e-09,auto_accept,low_unc_low_risk
ISIC_0027016,nv,nv,1.9002204e-07,8.899875e-11,auto_accept,low_unc_low_risk
ISIC_0029942,nv,nv,1.2927162e-05,1.4571384e-07,auto_accept,low_unc_low_risk
ISIC_0027935,nv,nv,2.7557722e-05,7.409262e-07,auto_accept,low_unc_low_risk
ISIC_0033765,nv,nv,4.0026414e-05,1.7079677e-06,auto_accept,low_unc_low_risk
ISIC_0031467,nv,nv,0.00014293451,1.1194127e-08,auto_accept,low_unc_low_risk
ISIC_0025279,nv,nv,3.1569987e-05,1.6248083e-07,auto_accept,low_unc_low_risk
ISIC_0027208,nv,nv,0.0031653084,0.00029874183,escalate,low_unc_low_risk
ISIC_0029920,nv,nv,0.00036064495,1.2119629e-05,auto_accept,low_unc_low_risk
ISIC_0032946,nv,nv,9.03904e-05,3.6727874e-07,auto_accept,low_unc_low_risk
ISIC_0030984,nv,nv,8.452606e-08,2.3043418e-11,auto_accept,low_unc_low_risk
ISIC_0031634,nv,nv,2.7982818e-05,1.598418e-06,auto_accept,low_unc_low_risk
ISIC_0031802,nv,nv,0.0011683989,9.586518e-05,auto_accept,low_unc_low_risk
ISIC_0025880,nv,nv,0.00012675562,3.10354e-07,auto_accept,low_unc_low_risk
ISIC_0033763,nv,nv,0.00023770514,2.2019376e-06,auto_accept,low_unc_low_risk
ISIC_0028379,nv,nv,0.00014380661,2.2569643e-06,auto_accept,low_unc_low_risk
ISIC_0031800,nv,nv,7.475159e-05,8.360461e-07,auto_accept,low_unc_low_risk
ISIC_0025503,nv,nv,1.1393361e-07,1.7482835e-10,auto_accept,low_unc_low_risk
ISIC_0025887,nv,nv,0.009141131,0.0010418777,escalate,low_unc_low_risk
ISIC_0026376,nv,nv,3.7818023e-05,3.0347558e-06,auto_accept,low_unc_low_risk
ISIC_0031320,nv,nv,2.8234867e-06,2.5088545e-08,auto_accept,low_unc_low_risk
ISIC_0029848,nv,nv,0.00012618754,4.429147e-06,auto_accept,low_unc_low_risk
ISIC_0030209,nv,nv,0.0011431937,7.5386975e-05,auto_accept,low_unc_low_risk
ISIC_0025229,nv,nv,2.0205789e-05,4.921336e-07,auto_accept,low_unc_low_risk
ISIC_0029863,nv,nv,7.63978e-08,1.7336164e-10,auto_accept,low_unc_low_risk
ISIC_0027730,nv,nv,4.20238e-06,6.304228e-08,auto_accept,low_unc_low_risk
ISIC_0032962,nv,nv,2.7045457e-05,2.2617926e-06,auto_accept,low_unc_low_risk
ISIC_0029180,nv,nv,1.5606687e-06,3.5499956e-12,auto_accept,low_unc_low_risk
ISIC_0026973,nv,nv,4.4170644e-08,1.00981994e-10,auto_accept,low_unc_low_risk
ISIC_0027133,nv,nv,0.0012084027,0.00029553275,auto_accept,low_unc_low_risk
ISIC_0031066,nv,nv,2.6339918e-05,1.0521707e-06,auto_accept,low_unc_low_risk
ISIC_0027604,mel,mel,2.9169034e-05,0.99999714,auto_accept,low_unc_low_risk
ISIC_0031232,nv,nv,7.759009e-06,4.6313798e-07,auto_accept,low_unc_low_risk
ISIC_0024589,nv,nv,0.0007144521,6.7528795e-08,auto_accept,low_unc_low_risk
ISIC_0028956,nv,nv,4.8202393e-05,8.9468597e-07,auto_accept,low_unc_low_risk
ISIC_0030286,nv,nv,3.4121796e-05,1.2412862e-08,auto_accept,low_unc_low_risk
ISIC_0033971,nv,nv,0.0002544687,2.1193131e-05,auto_accept,low_unc_low_risk
ISIC_0031684,nv,nv,2.4267396e-05,5.9351885e-07,auto_accept,low_unc_low_risk
ISIC_0030090,nv,nv,1.730063e-05,1.2525734e-06,auto_accept,low_unc_low_risk
ISIC_0027409,nv,nv,4.0926384e-06,7.5708904e-08,auto_accept,low_unc_low_risk
ISIC_0030149,nv,nv,8.113794e-06,2.5863904e-09,auto_accept,low_unc_low_risk
ISIC_0033326,nv,nv,0.00016381216,1.4528313e-05,auto_accept,low_unc_low_risk
ISIC_0028538,nv,nv,0.0011469072,2.6918833e-05,auto_accept,low_unc_low_risk
ISIC_0031104,nv,nv,3.1007247e-08,2.2574953e-09,auto_accept,low_unc_low_risk
ISIC_0026675,bkl,bkl,3.0407115e-05,1.8782107e-07,auto_accept,low_unc_low_risk
ISIC_0031777,nv,nv,0.00015298446,6.204316e-06,auto_accept,low_unc_low_risk
ISIC_0032402,nv,nv,2.249874e-06,6.778143e-09,auto_accept,low_unc_low_risk
ISIC_0024838,nv,nv,0.0001085456,4.721604e-06,auto_accept,low_unc_low_risk
ISIC_0029378,nv,nv,2.1680744e-06,2.0419964e-08,auto_accept,low_unc_low_risk
ISIC_0032367,nv,nv,0.000101665326,4.5435263e-06,auto_accept,low_unc_low_risk
ISIC_0028745,nv,nv,1.5053672e-06,5.4304195e-08,auto_accept,low_unc_low_risk
ISIC_0030720,nv,nv,1.01691015e-07,1.4769956e-09,auto_accept,low_unc_low_risk
ISIC_0024942,nv,nv,4.252765e-07,5.453789e-10,auto_accept,low_unc_low_risk
ISIC_0030728,nv,nv,6.846225e-07,1.00102156e-10,auto_accept,low_unc_low_risk
ISIC_0032136,nv,nv,1.436089e-07,2.5198355e-09,auto_accept,low_unc_low_risk
ISIC_0026396,nv,nv,1.0340623e-05,1.7929622e-09,auto_accept,low_unc_low_risk
ISIC_0030343,nv,nv,5.0276185e-06,9.326912e-08,auto_accept,low_unc_low_risk
ISIC_0029808,nv,nv,2.9147031e-05,9.878481e-07,auto_accept,low_unc_low_risk
ISIC_0025308,nv,nv,1.343317e-07,8.7011126e-10,auto_accept,low_unc_low_risk
ISIC_0034164,nv,nv,1.5072028e-05,2.0775662e-08,auto_accept,low_unc_low_risk
ISIC_0028090,nv,nv,0.00024766897,1.5606221e-05,auto_accept,low_unc_low_risk
ISIC_0025859,nv,nv,3.0248337e-05,2.469224e-07,auto_accept,low_unc_low_risk
ISIC_0024355,nv,nv,5.853341e-06,2.9196136e-07,auto_accept,low_unc_low_risk
ISIC_0027479,nv,nv,3.853169e-05,1.207445e-06,auto_accept,low_unc_low_risk
ISIC_0033022,bkl,bkl,3.2652822e-06,4.0668274e-06,auto_accept,low_unc_low_risk
ISIC_0025448,nv,nv,1.3816599e-08,4.8899036e-13,auto_accept,low_unc_low_risk
ISIC_0026962,nv,nv,4.8592015e-06,3.15942e-08,auto_accept,low_unc_low_risk
ISIC_0029767,nv,nv,6.632847e-07,5.3204587e-09,auto_accept,low_unc_low_risk
ISIC_0029439,vasc,vasc,1.6381048e-08,4.1834164e-10,auto_accept,low_unc_low_risk
ISIC_0024385,nv,nv,0.00018921308,2.2605743e-06,auto_accept,low_unc_low_risk
ISIC_0027656,nv,nv,3.259405e-05,5.5302316e-08,auto_accept,low_unc_low_risk
ISIC_0027906,nv,nv,5.423394e-07,3.1283406e-08,auto_accept,low_unc_low_risk
ISIC_0025624,nv,nv,0.00018404775,2.342224e-07,auto_accept,low_unc_low_risk
ISIC_0026271,nv,nv,3.4432119e-06,1.1247118e-08,auto_accept,low_unc_low_risk
ISIC_0030224,nv,nv,2.8065713e-06,9.630013e-08,auto_accept,low_unc_low_risk
ISIC_0032317,nv,nv,0.0011912457,2.6586233e-05,auto_accept,low_unc_low_risk
ISIC_0026719,nv,nv,3.7332885e-08,1.6897694e-10,auto_accept,low_unc_low_risk
ISIC_0025300,nv,nv,0.0064874627,0.00034283948,escalate,low_unc_low_risk
ISIC_0031757,nv,nv,2.2961009e-05,2.436048e-07,auto_accept,low_unc_low_risk
ISIC_0028904,nv,nv,6.7028945e-05,1.320116e-07,auto_accept,low_unc_low_risk
ISIC_0031423,nv,nv,1.381551e-08,1.3063054e-14,auto_accept,low_unc_low_risk
ISIC_0028259,nv,nv,0.00015090828,2.0497252e-07,auto_accept,low_unc_low_risk
ISIC_0027491,nv,nv,3.3473403e-05,3.195549e-06,auto_accept,low_unc_low_risk
ISIC_0025407,nv,nv,4.1005194e-05,4.143864e-08,auto_accept,low_unc_low_risk
ISIC_0032300,nv,nv,0.00016279735,8.1785527e-07,auto_accept,low_unc_low_risk
ISIC_0031658,nv,nv,8.398273e-08,6.328917e-11,auto_accept,low_unc_low_risk
ISIC_0034194,nv,nv,5.0704708e-05,2.3368386e-06,auto_accept,low_unc_low_risk
ISIC_0028322,nv,nv,1.41266755e-05,4.4516486e-07,auto_accept,low_unc_low_risk
ISIC_0027160,nv,nv,0.00088331144,2.6341359e-05,auto_accept,low_unc_low_risk
ISIC_0030374,nv,nv,3.4237366e-06,5.725429e-10,auto_accept,low_unc_low_risk
ISIC_0025263,nv,nv,1.5591954e-08,9.11089e-12,auto_accept,low_unc_low_risk
ISIC_0026521,nv,nv,0.00052347966,5.679563e-07,auto_accept,low_unc_low_risk
ISIC_0029614,nv,nv,0.00014199993,5.764461e-06,auto_accept,low_unc_low_risk
ISIC_0026185,nv,nv,8.524678e-07,4.0641854e-09,auto_accept,low_unc_low_risk
ISIC_0030013,nv,nv,0.00092318014,3.737952e-09,auto_accept,low_unc_low_risk
ISIC_0026763,nv,nv,7.81066e-07,9.841657e-09,auto_accept,low_unc_low_risk
ISIC_0025917,nv,nv,7.037367e-08,4.5645685e-11,auto_accept,low_unc_low_risk
ISIC_0031683,nv,nv,2.4670228e-05,3.8958583e-09,auto_accept,low_unc_low_risk
ISIC_0026906,nv,nv,1.2183593e-05,3.0408123e-09,auto_accept,low_unc_low_risk
ISIC_0026331,nv,nv,1.5019144e-07,6.2231625e-10,auto_accept,low_unc_low_risk
ISIC_0025060,nv,nv,2.347694e-05,6.3851866e-07,auto_accept,low_unc_low_risk
ISIC_0032272,nv,nv,0.00011032748,3.4105763e-06,auto_accept,low_unc_low_risk
ISIC_0028939,nv,nv,3.4675784e-05,4.3927226e-09,auto_accept,low_unc_low_risk
ISIC_0029385,nv,nv,0.0023523232,6.9981936e-05,auto_accept,low_unc_low_risk
ISIC_0031463,nv,nv,5.9719514e-07,6.331411e-09,auto_accept,low_unc_low_risk
ISIC_0024834,nv,nv,0.0003235404,3.172687e-08,auto_accept,low_unc_low_risk
ISIC_0031174,nv,nv,0.001380201,3.423524e-05,auto_accept,low_unc_low_risk
ISIC_0032263,nv,nv,1.4301383e-08,1.1684432e-11,auto_accept,low_unc_low_risk
ISIC_0028313,nv,nv,2.4840663e-06,8.695828e-08,auto_accept,low_unc_low_risk
ISIC_0033135,vasc,vasc,1.274878e-06,2.4005413e-07,auto_accept,low_unc_low_risk
ISIC_0024407,nv,nv,2.3239587e-05,3.7960078e-07,auto_accept,low_unc_low_risk
ISIC_0030428,nv,nv,2.895177e-05,9.923181e-07,auto_accept,low_unc_low_risk
ISIC_0029922,nv,nv,8.352232e-07,1.0083192e-09,auto_accept,low_unc_low_risk
ISIC_0026631,bkl,bkl,9.518275e-05,4.826181e-05,auto_accept,low_unc_low_risk
ISIC_0032483,nv,nv,1.381551e-08,4.3663838e-13,auto_accept,low_unc_low_risk
ISIC_0034016,nv,nv,8.358238e-05,7.9409624e-08,auto_accept,low_unc_low_risk
ISIC_0027919,nv,nv,0.00023707838,3.770722e-06,auto_accept,low_unc_low_risk
ISIC_0024429,nv,nv,0.0042051324,0.00035529648,escalate,low_unc_low_risk
ISIC_0024309,nv,nv,9.851254e-05,2.3218267e-06,auto_accept,low_unc_low_risk
ISIC_0029274,nv,nv,1.2537754e-07,1.2569858e-10,auto_accept,low_unc_low_risk
ISIC_0033877,nv,nv,0.0014274025,1.1569309e-08,auto_accept,low_unc_low_risk
ISIC_0027807,nv,nv,2.398221e-08,2.896099e-10,auto_accept,low_unc_low_risk
ISIC_0033608,vasc,vasc,1.381551e-08,3.0599848e-19,auto_accept,low_unc_low_risk
ISIC_0024526,nv,nv,4.6457526e-06,3.031351e-08,auto_accept,low_unc_low_risk
ISIC_0028733,nv,nv,3.8876475e-05,4.5587203e-07,auto_accept,low_unc_low_risk
ISIC_0029611,nv,nv,0.0026627814,8.7599175e-05,auto_accept,low_unc_low_risk
ISIC_0030135,nv,nv,2.3941266e-07,9.784925e-09,auto_accept,low_unc_low_risk
ISIC_0026288,nv,nv,6.0468956e-05,1.2268674e-07,auto_accept,low_unc_low_risk
ISIC_0029245,nv,nv,3.3424865e-07,1.7316634e-10,auto_accept,low_unc_low_risk
ISIC_0030958,nv,nv,5.958261e-08,5.1009347e-10,auto_accept,low_unc_low_risk
ISIC_0028769,nv,nv,1.478789e-06,1.2133883e-11,auto_accept,low_unc_low_risk
ISIC_0026931,nv,nv,1.5795699e-08,8.634177e-13,auto_accept,low_unc_low_risk
ISIC_0025394,mel,nv,2.8816437e-05,1.577075e-08,auto_accept,low_unc_low_risk
ISIC_0025866,nv,nv,0.00032553045,3.675973e-06,auto_accept,low_unc_low_risk
ISIC_0029156,nv,nv,2.2640506e-06,6.0979697e-09,auto_accept,low_unc_low_risk
ISIC_0030154,nv,nv,1.7629887e-05,3.656292e-07,auto_accept,low_unc_low_risk
ISIC_0032451,nv,nv,1.7817107e-05,1.1576223e-07,auto_accept,low_unc_low_risk
ISIC_0033698,nv,nv,0.00048801026,3.589582e-05,auto_accept,low_unc_low_risk
ISIC_0029898,nv,nv,0.24577859,0.02466824,escalate,high_unc_low_risk
ISIC_0031227,nv,nv,9.371161e-05,3.196995e-07,auto_accept,low_unc_low_risk
ISIC_0029742,vasc,vasc,1.381551e-08,2.4570564e-11,auto_accept,low_unc_low_risk
ISIC_0028469,nv,nv,3.6874585e-06,1.2661444e-09,auto_accept,low_unc_low_risk
ISIC_0030043,nv,nv,4.364423e-05,3.1299518e-08,auto_accept,low_unc_low_risk
ISIC_0025397,nv,nv,1.3796196e-06,1.3138307e-08,auto_accept,low_unc_low_risk
ISIC_0032779,nv,nv,0.0014809518,7.853833e-05,auto_accept,low_unc_low_risk
ISIC_0029594,nv,nv,0.00039721292,2.5446767e-05,auto_accept,low_unc_low_risk
ISIC_0026336,vasc,vasc,2.7125274e-08,1.9104047e-09,auto_accept,low_unc_low_risk
ISIC_0027177,nv,nv,8.6584885e-07,3.150228e-10,auto_accept,low_unc_low_risk
ISIC_0024892,nv,nv,2.955142e-05,2.5949953e-07,auto_accept,low_unc_low_risk
ISIC_0031627,nv,nv,4.2424247e-08,1.0599548e-10,auto_accept,low_unc_low_risk
ISIC_0033142,nv,nv,0.0055412683,6.983759e-05,escalate,low_unc_low_risk
ISIC_0032516,nv,nv,0.0002675912,1.3146188e-05,auto_accept,low_unc_low_risk
ISIC_0031641,nv,nv,1.381551e-08,1.4223138e-12,auto_accept,low_unc_low_risk
ISIC_0033824,nv,nv,0.000253898,5.157121e-06,auto_accept,low_unc_low_risk
ISIC_0028551,nv,nv,0.000261272,5.2540327e-06,auto_accept,low_unc_low_risk
ISIC_0028479,bkl,bkl,0.0039288118,0.0031864054,escalate,low_unc_low_risk
ISIC_0029821,nv,nv,1.4120244e-06,2.9662065e-08,auto_accept,low_unc_low_risk
ISIC_0027078,nv,nv,8.9923715e-06,3.2954988e-09,auto_accept,low_unc_low_risk
ISIC_0031065,vasc,vasc,1.381551e-08,2.4350041e-10,auto_accept,low_unc_low_risk
ISIC_0031983,nv,nv,0.00022332797,5.566699e-07,auto_accept,low_unc_low_risk
ISIC_0030085,nv,nv,5.9953793e-05,1.5183477e-06,auto_accept,low_unc_low_risk
ISIC_0030502,nv,nv,0.00010415295,4.6771328e-07,auto_accept,low_unc_low_risk
ISIC_0027723,nv,nv,8.946568e-05,1.0455386e-05,auto_accept,low_unc_low_risk
ISIC_0030999,nv,nv,9.788657e-07,8.0054813e-10,auto_accept,low_unc_low_risk
ISIC_0029599,nv,nv,5.8030776e-07,1.2222096e-08,auto_accept,low_unc_low_risk
ISIC_0026707,nv,nv,3.5791697e-08,2.356982e-11,auto_accept,low_unc_low_risk
ISIC_0027048,nv,nv,6.057379e-06,1.766342e-07,auto_accept,low_unc_low_risk
ISIC_0032350,nv,nv,1.6902388e-07,9.6325445e-09,auto_accept,low_unc_low_risk
ISIC_0029248,df,df,7.024615e-07,2.8177373e-08,auto_accept,low_unc_low_risk
ISIC_0027500,nv,nv,0.01593914,0.00012383447,escalate,low_unc_low_risk
ISIC_0030962,nv,nv,4.487667e-05,1.1620527e-06,auto_accept,low_unc_low_risk
ISIC_0031551,nv,nv,3.7023656e-07,3.5441288e-09,auto_accept,low_unc_low_risk
ISIC_0031843,nv,nv,1.4430809e-06,1.0706909e-07,auto_accept,low_unc_low_risk
ISIC_0029551,nv,nv,0.00045039234,6.6521884e-06,auto_accept,low_unc_low_risk
ISIC_0024670,nv,nv,1.381551e-08,4.0340613e-11,auto_accept,low_unc_low_risk
ISIC_0030996,nv,nv,1.6875705e-05,9.023364e-08,auto_accept,low_unc_low_risk
ISIC_0032239,nv,nv,1.4319265e-05,7.7862916e-07,auto_accept,low_unc_low_risk
ISIC_0027912,nv,nv,1.6049597e-06,3.5116419e-09,auto_accept,low_unc_low_risk
ISIC_0026291,bkl,bkl,1.3927032e-08,2.5865e-08,auto_accept,low_unc_low_risk
ISIC_0030117,nv,nv,0.19532494,0.021797124,escalate,high_unc_low_risk
ISIC_0026112,nv,nv,5.1104566e-05,4.3013412e-07,auto_accept,low_unc_low_risk
ISIC_0027901,nv,nv,4.1008807e-06,4.2830685e-08,auto_accept,low_unc_low_risk
ISIC_0027104,nv,nv,1.381551e-08,4.4912753e-14,auto_accept,low_unc_low_risk
ISIC_0028549,nv,nv,4.8921543e-06,4.2703192e-08,auto_accept,low_unc_low_risk
ISIC_0027541,nv,nv,4.8503956e-08,2.2715878e-10,auto_accept,low_unc_low_risk
ISIC_0031521,nv,nv,0.0010487261,7.56434e-05,auto_accept,low_unc_low_risk
ISIC_0031252,nv,nv,2.696071e-07,4.5504517e-11,auto_accept,low_unc_low_risk
ISIC_0031974,nv,nv,0.0004963553,4.4467115e-06,auto_accept,low_unc_low_risk
ISIC_0028182,nv,nv,0.00088197156,2.0672138e-08,auto_accept,low_unc_low_risk
ISIC_0032217,nv,nv,3.1407044e-08,8.395142e-11,auto_accept,low_unc_low_risk
ISIC_0028078,nv,nv,3.2956143e-07,1.2858086e-09,auto_accept,low_unc_low_risk
ISIC_0026938,nv,nv,8.481329e-06,2.105009e-08,auto_accept,low_unc_low_risk
ISIC_0025604,nv,nv,2.3900939e-05,2.0287892e-08,auto_accept,low_unc_low_risk
ISIC_0029569,nv,nv,0.0004253516,1.6088802e-06,auto_accept,low_unc_low_risk
ISIC_0027909,nv,nv,0.0003948839,2.30818e-05,auto_accept,low_unc_low_risk
ISIC_0025787,nv,nv,5.156466e-08,3.223272e-11,auto_accept,low_unc_low_risk
ISIC_0026748,nv,nv,0.001333273,1.1931821e-06,auto_accept,low_unc_low_risk
ISIC_0024779,nv,nv,5.3797576e-05,6.5141785e-07,auto_accept,low_unc_low_risk
ISIC_0031046,nv,nv,7.406895e-05,2.3370214e-06,auto_accept,low_unc_low_risk
ISIC_0030746,bcc,bcc,0.00048427185,0.9999448,auto_accept,low_unc_low_risk
ISIC_0026164,nv,nv,1.7637776e-06,3.3386613e-08,auto_accept,low_unc_low_risk
ISIC_0027726,nv,nv,1.3653249e-06,8.6237223e-10,auto_accept,low_unc_low_risk
ISIC_0029152,nv,nv,0.00014280624,9.926703e-07,auto_accept,low_unc_low_risk
ISIC_0029112,nv,nv,1.9331064e-06,1.8288779e-07,auto_accept,low_unc_low_risk
ISIC_0032104,nv,nv,2.5432703e-07,2.1673752e-09,auto_accept,low_unc_low_risk
ISIC_0031805,nv,nv,4.1165927e-07,2.4524565e-09,auto_accept,low_unc_low_risk
ISIC_0029565,nv,nv,5.209837e-06,1.7384583e-07,auto_accept,low_unc_low_risk
ISIC_0030842,nv,nv,0.01334029,0.00036021724,escalate,low_unc_low_risk
ISIC_0025349,nv,nv,1.6656046e-06,1.2458017e-09,auto_accept,low_unc_low_risk
ISIC_0031525,nv,nv,2.8776936e-08,5.286193e-11,auto_accept,low_unc_low_risk
ISIC_0029657,nv,nv,5.7550847e-06,4.2289326e-08,auto_accept,low_unc_low_risk
ISIC_0031097,nv,nv,5.266513e-05,1.3206654e-06,auto_accept,low_unc_low_risk
ISIC_0029069,nv,nv,2.0785526e-08,5.293831e-11,auto_accept,low_unc_low_risk
ISIC_0030862,nv,nv,0.00049042987,1.1363533e-05,auto_accept,low_unc_low_risk
ISIC_0027927,nv,nv,1.5875571e-08,6.894357e-13,auto_accept,low_unc_low_risk
ISIC_0030872,nv,nv,0.0044256123,4.4686527e-05,escalate,low_unc_low_risk
ISIC_0024835,nv,nv,4.0474453e-07,1.8697952e-09,auto_accept,low_unc_low_risk
ISIC_0031739,nv,nv,4.5946475e-05,1.3433512e-06,auto_accept,low_unc_low_risk
ISIC_0030664,nv,nv,1.2430959e-06,1.7153864e-08,auto_accept,low_unc_low_risk
ISIC_0025884,nv,nv,3.0207732e-06,1.2854512e-08,auto_accept,low_unc_low_risk
ISIC_0026548,nv,nv,7.386802e-07,6.6022112e-09,auto_accept,low_unc_low_risk
ISIC_0028846,bkl,bkl,0.0045909067,0.005021436,escalate,low_unc_low_risk
ISIC_0024797,nv,nv,1.381551e-08,1.1250613e-12,auto_accept,low_unc_low_risk
ISIC_0031341,nv,nv,4.3306423e-07,1.9645696e-09,auto_accept,low_unc_low_risk
ISIC_0026677,nv,nv,4.197589e-06,1.1621298e-09,auto_accept,low_unc_low_risk
ISIC_0029136,nv,nv,2.4400686e-07,4.333595e-09,auto_accept,low_unc_low_risk
ISIC_0028455,nv,nv,8.466814e-05,1.6839644e-07,auto_accept,low_unc_low_risk
ISIC_0027221,nv,nv,6.582437e-07,1.1703357e-09,auto_accept,low_unc_low_risk
ISIC_0024830,nv,nv,0.00032070905,8.609676e-07,auto_accept,low_unc_low_risk
ISIC_0025139,nv,nv,1.6996178e-06,7.76244e-09,auto_accept,low_unc_low_risk
ISIC_0029253,nv,nv,5.8003192e-05,9.864642e-07,auto_accept,low_unc_low_risk
ISIC_0028050,bcc,bcc,0.00026966084,0.99999213,auto_accept,low_unc_low_risk
ISIC_0027317,nv,nv,9.405437e-06,3.4080172e-09,auto_accept,low_unc_low_risk
ISIC_0025120,nv,nv,0.003872868,0.00021656592,escalate,low_unc_low_risk
ISIC_0033690,nv,nv,0.00013089507,3.701477e-06,auto_accept,low_unc_low_risk
ISIC_0029618,nv,nv,0.00051344064,8.24843e-07,auto_accept,low_unc_low_risk
ISIC_0025998,nv,nv,0.0017331415,0.00011112911,auto_accept,low_unc_low_risk
ISIC_0030570,nv,nv,1.5625332e-07,5.2445555e-11,auto_accept,low_unc_low_risk
ISIC_0024487,nv,nv,1.4012285e-05,1.1918723e-08,auto_accept,low_unc_low_risk
ISIC_0031276,vasc,vasc,1.14512815e-07,8.318638e-10,auto_accept,low_unc_low_risk
ISIC_0030218,nv,nv,1.645806e-07,6.343919e-10,auto_accept,low_unc_low_risk
ISIC_0032884,nv,nv,0.00023798765,7.0643796e-06,auto_accept,low_unc_low_risk
ISIC_0030896,nv,nv,0.008424062,3.0074975e-08,escalate,low_unc_low_risk
ISIC_0026407,nv,nv,1.0931933e-05,2.2601036e-07,auto_accept,low_unc_low_risk
ISIC_0026767,nv,nv,6.983719e-05,7.498588e-07,auto_accept,low_unc_low_risk
ISIC_0031851,bkl,bkl,1.1605352e-05,4.6842527e-07,auto_accept,low_unc_low_risk
ISIC_0025004,nv,nv,1.6104721e-07,8.120629e-12,auto_accept,low_unc_low_risk
ISIC_0032614,vasc,vasc,6.9879285e-08,7.710703e-09,auto_accept,low_unc_low_risk
ISIC_0032644,nv,nv,8.786379e-06,5.765983e-07,auto_accept,low_unc_low_risk
ISIC_0025058,nv,nv,6.759394e-05,1.2171603e-10,auto_accept,low_unc_low_risk
ISIC_0034246,mel,mel,0.00045712915,0.9998841,auto_accept,low_unc_low_risk
ISIC_0030237,nv,nv,1.5624193e-05,3.0424385e-07,auto_accept,low_unc_low_risk
ISIC_0027054,nv,nv,9.739562e-06,2.715747e-08,auto_accept,low_unc_low_risk
ISIC_0030459,bkl,bkl,0.00026142877,1.2771204e-05,auto_accept,low_unc_low_risk
ISIC_0031811,nv,nv,3.66187e-05,3.6540195e-07,auto_accept,low_unc_low_risk
ISIC_0025857,nv,nv,5.8510595e-05,3.5759233e-06,auto_accept,low_unc_low_risk
ISIC_0031443,df,df,0.0018087155,0.018701538,auto_accept,low_unc_low_risk
ISIC_0030302,nv,nv,1.8571345e-05,3.20658e-07,auto_accept,low_unc_low_risk
ISIC_0030928,nv,nv,4.901756e-05,7.745197e-08,auto_accept,low_unc_low_risk
ISIC_0029144,nv,nv,1.7707366e-08,3.756696e-11,auto_accept,low_unc_low_risk
ISIC_0027234,mel,mel,2.1293795e-06,0.99999976,auto_accept,low_unc_low_risk
ISIC_0027782,nv,nv,3.485869e-05,1.4392546e-07,auto_accept,low_unc_low_risk
ISIC_0025056,nv,nv,2.8408797e-06,3.1746183e-08,auto_accept,low_unc_low_risk
ISIC_0025387,bkl,bkl,3.073604e-08,5.0395097e-09,auto_accept,low_unc_low_risk
ISIC_0032010,nv,nv,3.701279e-06,7.7466154e-08,auto_accept,low_unc_low_risk
ISIC_0025377,nv,nv,5.0713963e-05,3.297167e-07,auto_accept,low_unc_low_risk
ISIC_0031845,nv,nv,1.3454324e-07,3.7498127e-13,auto_accept,low_unc_low_risk
ISIC_0031054,nv,nv,3.4325624e-06,3.1023486e-09,auto_accept,low_unc_low_risk
ISIC_0030634,nv,nv,2.3344787e-06,8.386572e-09,auto_accept,low_unc_low_risk
ISIC_0034082,nv,nv,2.984308e-07,4.919184e-09,auto_accept,low_unc_low_risk
ISIC_0030500,nv,nv,3.172003e-08,6.196005e-10,auto_accept,low_unc_low_risk
ISIC_0025189,nv,nv,2.7916825e-05,5.9703396e-08,auto_accept,low_unc_low_risk
ISIC_0031325,nv,nv,1.7332703e-05,3.1543806e-07,auto_accept,low_unc_low_risk
ISIC_0031865,nv,nv,0.00076102826,2.183902e-05,auto_accept,low_unc_low_risk
ISIC_0027330,nv,nv,0.003961555,1.8224813e-05,escalate,low_unc_low_risk
ISIC_0031161,nv,nv,7.002396e-05,1.2377134e-09,auto_accept,low_unc_low_risk
ISIC_0031870,nv,nv,3.4537294e-08,2.2982847e-11,auto_accept,low_unc_low_risk
ISIC_0025109,nv,nv,2.4691279e-05,3.034556e-08,auto_accept,low_unc_low_risk
ISIC_0031140,bcc,bcc,2.1288315e-05,0.9999968,auto_accept,low_unc_low_risk
ISIC_0026527,nv,nv,2.9198014e-05,3.3086326e-07,auto_accept,low_unc_low_risk
ISIC_0024780,nv,nv,3.3286017e-06,6.8482118e-09,auto_accept,low_unc_low_risk
ISIC_0031006,nv,nv,3.3684645e-07,2.0110507e-09,auto_accept,low_unc_low_risk
ISIC_0025579,nv,nv,4.6633118e-06,1.6890726e-07,auto_accept,low_unc_low_risk
ISIC_0026346,nv,nv,0.0006701122,6.977757e-07,auto_accept,low_unc_low_risk
ISIC_0034266,nv,nv,5.276185e-05,4.5890621e-07,auto_accept,low_unc_low_risk
ISIC_0028979,nv,nv,0.00043070578,2.5235164e-05,auto_accept,low_unc_low_risk
ISIC_0025813,nv,nv,0.0021786487,3.3984816e-06,auto_accept,low_unc_low_risk
ISIC_0030108,nv,nv,4.495402e-08,5.8236505e-10,auto_accept,low_unc_low_risk
ISIC_0028703,nv,nv,0.00022171452,4.196241e-06,auto_accept,low_unc_low_risk
ISIC_0031274,nv,nv,1.5823834e-06,7.344806e-08,auto_accept,low_unc_low_risk
ISIC_0031434,nv,nv,6.222654e-08,3.4306707e-11,auto_accept,low_unc_low_risk
ISIC_0026852,nv,nv,3.286255e-05,1.0269672e-06,auto_accept,low_unc_low_risk
ISIC_0030773,nv,nv,0.0043538692,0.00019075406,escalate,low_unc_low_risk
ISIC_0028320,nv,nv,1.381551e-08,1.9133277e-11,auto_accept,low_unc_low_risk
ISIC_0024467,nv,nv,7.60778e-06,7.300156e-08,auto_accept,low_unc_low_risk
ISIC_0027539,nv,nv,9.050208e-06,2.986052e-07,auto_accept,low_unc_low_risk
ISIC_0029762,nv,nv,9.499206e-05,6.549911e-07,auto_accept,low_unc_low_risk
ISIC_0032703,nv,nv,0.0054806876,0.000323912,escalate,low_unc_low_risk
ISIC_0029998,nv,nv,0.0003033411,4.1927656e-06,auto_accept,low_unc_low_risk
ISIC_0029543,nv,nv,1.976011e-05,2.4988833e-07,auto_accept,low_unc_low_risk
ISIC_0026426,nv,nv,0.0005856948,2.4080668e-07,auto_accept,low_unc_low_risk
ISIC_0028572,nv,nv,7.0047636e-06,1.4632398e-08,auto_accept,low_unc_low_risk
ISIC_0030647,nv,nv,4.6540437e-05,4.8380794e-10,auto_accept,low_unc_low_risk
ISIC_0027877,nv,nv,0.00014531575,5.796611e-06,auto_accept,low_unc_low_risk
ISIC_0029416,nv,nv,4.484174e-07,3.1764139e-10,auto_accept,low_unc_low_risk
ISIC_0031924,nv,nv,2.5468398e-05,2.0751153e-07,auto_accept,low_unc_low_risk
ISIC_0026259,nv,nv,1.9713238e-07,9.981965e-10,auto_accept,low_unc_low_risk
ISIC_0028678,nv,nv,0.00012859309,3.3896086e-07,auto_accept,low_unc_low_risk
ISIC_0027952,nv,nv,1.9634901e-06,5.570393e-09,auto_accept,low_unc_low_risk
ISIC_0025660,nv,nv,1.7335699e-08,5.0106936e-11,auto_accept,low_unc_low_risk
ISIC_0030287,nv,nv,0.0001555885,4.640059e-06,auto_accept,low_unc_low_risk
ISIC_0025191,nv,nv,0.00014402153,1.5993511e-06,auto_accept,low_unc_low_risk
ISIC_0031815,nv,nv,7.972716e-06,1.4206472e-07,auto_accept,low_unc_low_risk
ISIC_0027845,nv,nv,4.4205053e-06,6.2375236e-08,auto_accept,low_unc_low_risk
ISIC_0030004,nv,nv,0.00037572463,1.2956122e-05,auto_accept,low_unc_low_risk
ISIC_0027380,nv,nv,6.158923e-08,1.5668711e-09,auto_accept,low_unc_low_risk
ISIC_0027489,nv,nv,0.00021923224,2.400652e-06,auto_accept,low_unc_low_risk
ISIC_0026144,nv,nv,6.360079e-07,2.436009e-09,auto_accept,low_unc_low_risk
ISIC_0033313,nv,nv,5.337011e-07,3.3377814e-09,auto_accept,low_unc_low_risk
ISIC_0030834,nv,nv,1.6902132e-07,4.4574664e-09,auto_accept,low_unc_low_risk
ISIC_0028741,nv,nv,6.6707685e-07,1.973411e-08,auto_accept,low_unc_low_risk
ISIC_0029637,nv,nv,2.2815135e-08,4.8825367e-11,auto_accept,low_unc_low_risk
ISIC_0029996,nv,nv,9.408654e-08,1.8339448e-13,auto_accept,low_unc_low_risk
ISIC_0030411,nv,nv,8.003832e-05,1.1115078e-06,auto_accept,low_unc_low_risk
ISIC_0025449,nv,nv,7.589357e-05,1.53043e-07,auto_accept,low_unc_low_risk
ISIC_0026812,nv,nv,1.381551e-08,9.297021e-12,auto_accept,low_unc_low_risk
ISIC_0028783,nv,nv,1.9556726e-05,3.4769906e-07,auto_accept,low_unc_low_risk
ISIC_0026250,nv,nv,4.4992028e-08,9.948052e-11,auto_accept,low_unc_low_risk
ISIC_0027055,nv,nv,3.501452e-06,2.9159182e-07,auto_accept,low_unc_low_risk
ISIC_0024695,nv,nv,0.00028524618,2.2987428e-05,auto_accept,low_unc_low_risk
ISIC_0030563,nv,nv,7.663688e-06,1.965024e-08,auto_accept,low_unc_low_risk
ISIC_0030628,nv,nv,1.8170016e-05,1.8061149e-09,auto_accept,low_unc_low_risk
ISIC_0029817,nv,nv,6.7649985e-08,2.2344333e-11,auto_accept,low_unc_low_risk
ISIC_0034272,nv,nv,0.0012367193,4.915519e-06,auto_accept,low_unc_low_risk
ISIC_0024442,nv,nv,2.196885e-06,6.713873e-09,auto_accept,low_unc_low_risk
ISIC_0027881,nv,nv,0.00020963613,3.6251342e-07,auto_accept,low_unc_low_risk
ISIC_0028431,vasc,vasc,6.265205e-08,1.1879686e-08,auto_accept,low_unc_low_risk
ISIC_0025131,bkl,bkl,4.2817973e-07,1.5981024e-07,auto_accept,low_unc_low_risk
ISIC_0029250,nv,nv,4.2632652e-07,1.9993625e-09,auto_accept,low_unc_low_risk
ISIC_0033032,nv,nv,1.7483197e-06,2.2593788e-08,auto_accept,low_unc_low_risk
ISIC_0024503,nv,nv,2.7338016e-05,8.2361913e-07,auto_accept,low_unc_low_risk
ISIC_0030309,nv,nv,0.0006348004,3.785211e-09,auto_accept,low_unc_low_risk
ISIC_0024433,nv,nv,0.001158981,2.6656404e-05,auto_accept,low_unc_low_risk
ISIC_0025569,nv,nv,0.0005069584,2.1759304e-07,auto_accept,low_unc_low_risk
ISIC_0027395,nv,nv,0.00012103854,3.880042e-06,auto_accept,low_unc_low_risk
ISIC_0032948,nv,nv,2.3771122e-06,5.0090193e-08,auto_accept,low_unc_low_risk
ISIC_0024983,nv,nv,1.1720106e-05,2.4252824e-08,auto_accept,low_unc_low_risk
ISIC_0025552,nv,nv,2.5530421e-06,7.046487e-09,auto_accept,low_unc_low_risk
ISIC_0030075,nv,nv,1.381551e-08,1.6798197e-11,auto_accept,low_unc_low_risk
ISIC_0033760,nv,nv,0.00055809756,1.6809761e-05,auto_accept,low_unc_low_risk
ISIC_0027765,nv,nv,2.0674635e-07,4.0880467e-12,auto_accept,low_unc_low_risk
ISIC_0032293,nv,nv,2.8998286e-07,8.3325205e-09,auto_accept,low_unc_low_risk
ISIC_0025452,vasc,vasc,1.381551e-08,6.924668e-13,auto_accept,low_unc_low_risk
ISIC_0031690,nv,nv,1.1642396e-07,8.667223e-10,auto_accept,low_unc_low_risk
ISIC_0025570,nv,nv,1.381551e-08,1.2705e-11,auto_accept,low_unc_low_risk
ISIC_0030705,bkl,bkl,0.0005687721,2.3403842e-07,auto_accept,low_unc_low_risk
ISIC_0031466,nv,nv,4.393092e-05,7.534063e-07,auto_accept,low_unc_low_risk
ISIC_0024718,nv,nv,9.411238e-05,4.7196774e-08,auto_accept,low_unc_low_risk
ISIC_0031500,nv,nv,0.00076974806,2.3824925e-05,auto_accept,low_unc_low_risk
ISIC_0033759,nv,nv,2.5908967e-05,1.3303763e-06,auto_accept,low_unc_low_risk
ISIC_0024776,nv,nv,0.00040795412,1.1577763e-06,auto_accept,low_unc_low_risk
ISIC_0028446,nv,nv,1.0354252e-05,3.1737386e-09,auto_accept,low_unc_low_risk
ISIC_0033625,nv,nv,0.001194669,7.010951e-05,auto_accept,low_unc_low_risk
ISIC_0024421,nv,nv,1.17864665e-05,1.6064662e-08,auto_accept,low_unc_low_risk
ISIC_0026480,nv,nv,0.00011245213,4.0118794e-06,auto_accept,low_unc_low_risk
ISIC_0031818,nv,nv,1.1791149e-06,1.6295047e-10,auto_accept,low_unc_low_risk
ISIC_0029322,nv,nv,5.546467e-06,2.3691006e-08,auto_accept,low_unc_low_risk
ISIC_0025071,nv,nv,5.174394e-07,9.629265e-11,auto_accept,low_unc_low_risk
ISIC_0028903,nv,nv,6.236241e-05,4.3694545e-06,auto_accept,low_unc_low_risk
ISIC_0025385,nv,nv,1.1317699e-06,2.3415499e-11,auto_accept,low_unc_low_risk
ISIC_0030213,nv,nv,0.00031348813,1.4075256e-07,auto_accept,low_unc_low_risk
ISIC_0026891,nv,nv,0.00015124092,2.0200625e-06,auto_accept,low_unc_low_risk
ISIC_0027440,nv,nv,0.0013115178,3.53746e-05,auto_accept,low_unc_low_risk
ISIC_0028428,nv,nv,0.0009486375,1.7798196e-05,auto_accept,low_unc_low_risk
ISIC_0024912,nv,nv,0.0011825811,2.4418496e-06,auto_accept,low_unc_low_risk
ISIC_0032520,nv,nv,0.0009038476,5.556814e-06,auto_accept,low_unc_low_risk
ISIC_0025556,nv,nv,9.319229e-06,3.786664e-08,auto_accept,low_unc_low_risk
ISIC_0030355,nv,nv,0.009882816,6.95623e-06,escalate,low_unc_low_risk
ISIC_0034258,nv,nv,2.4000597e-05,2.3591208e-06,auto_accept,low_unc_low_risk
ISIC_0024649,nv,nv,0.004020409,0.00020542093,escalate,low_unc_low_risk
ISIC_0030713,nv,nv,1.5500586e-06,4.3258595e-08,auto_accept,low_unc_low_risk
ISIC_0031414,nv,nv,1.730412e-07,3.1500016e-09,auto_accept,low_unc_low_risk
ISIC_0026121,nv,nv,3.2862579e-06,1.8530313e-08,auto_accept,low_unc_low_risk
ISIC_0030513,nv,nv,4.5659654e-05,1.2363012e-07,auto_accept,low_unc_low_risk
ISIC_0024719,nv,nv,1.7974478e-06,9.106803e-09,auto_accept,low_unc_low_risk
ISIC_0031240,nv,nv,9.270795e-08,3.439734e-10,auto_accept,low_unc_low_risk
ISIC_0025486,nv,nv,4.9063566e-08,4.9364922e-11,auto_accept,low_unc_low_risk
ISIC_0025202,nv,nv,4.8535876e-05,8.955535e-08,auto_accept,low_unc_low_risk
ISIC_0030147,nv,nv,3.142273e-05,3.8231662e-09,auto_accept,low_unc_low_risk
ISIC_0026217,nv,nv,0.0032179672,0.00021274816,escalate,low_unc_low_risk
ISIC_0031055,nv,nv,2.9977162e-05,4.6324615e-07,auto_accept,low_unc_low_risk
ISIC_0025161,nv,nv,3.6937996e-07,2.4609648e-10,auto_accept,low_unc_low_risk
ISIC_0024990,nv,nv,2.1209306e-08,9.17167e-12,auto_accept,low_unc_low_risk
ISIC_0032021,nv,nv,0.0014376196,0.00013836395,auto_accept,low_unc_low_risk
ISIC_0032942,nv,nv,1.4554678e-05,6.752344e-07,auto_accept,low_unc_low_risk
ISIC_0030641,nv,nv,7.288083e-05,9.769469e-08,auto_accept,low_unc_low_risk
ISIC_0025607,nv,nv,0.00041212217,5.4630573e-06,auto_accept,low_unc_low_risk
ISIC_0029694,nv,nv,1.5251002e-05,7.604551e-09,auto_accept,low_unc_low_risk
ISIC_0025169,nv,nv,0.0017960272,0.00028254595,auto_accept,low_unc_low_risk
ISIC_0030015,df,df,4.27034e-06,9.363654e-05,auto_accept,low_unc_low_risk
ISIC_0024368,nv,nv,5.1971124e-06,6.817809e-08,auto_accept,low_unc_low_risk
ISIC_0030985,nv,nv,1.5077795e-07,6.3320355e-10,auto_accept,low_unc_low_risk
ISIC_0026431,nv,nv,4.496735e-05,4.718282e-07,auto_accept,low_unc_low_risk
ISIC_0028914,nv,nv,0.0006534621,2.2813308e-06,auto_accept,low_unc_low_risk
ISIC_0024583,nv,nv,0.0006851153,2.2501583e-05,auto_accept,low_unc_low_risk
ISIC_0029458,nv,nv,6.1867956e-07,7.0410283e-10,auto_accept,low_unc_low_risk
ISIC_0030994,nv,nv,7.7006305e-05,1.4251865e-06,auto_accept,low_unc_low_risk
ISIC_0027871,nv,nv,1.381551e-08,3.0113685e-14,auto_accept,low_unc_low_risk
ISIC_0026292,nv,nv,1.381551e-08,1.5412356e-12,auto_accept,low_unc_low_risk
ISIC_0028409,nv,nv,0.004872464,3.023844e-05,escalate,low_unc_low_risk
ISIC_0030917,nv,nv,9.905821e-06,1.3024706e-08,auto_accept,low_unc_low_risk
ISIC_0031137,nv,nv,0.00020968328,3.7439518e-06,auto_accept,low_unc_low_risk
ISIC_0028712,nv,nv,2.4644532e-07,2.0979694e-09,auto_accept,low_unc_low_risk
ISIC_0028959,nv,nv,8.682109e-05,3.8413913e-07,auto_accept,low_unc_low_risk
ISIC_0029804,nv,nv,0.00012181669,4.6789764e-06,auto_accept,low_unc_low_risk
ISIC_0025639,nv,nv,0.00015069818,2.406423e-07,auto_accept,low_unc_low_risk
ISIC_0027805,nv,nv,1.1341509e-07,2.3870578e-12,auto_accept,low_unc_low_risk
ISIC_0032169,nv,nv,1.4080475e-05,1.8597378e-08,auto_accept,low_unc_low_risk
ISIC_0033400,bkl,bkl,6.732865e-05,2.8389004e-06,auto_accept,low_unc_low_risk
ISIC_0025560,nv,nv,1.381551e-08,1.1762069e-18,auto_accept,low_unc_low_risk
ISIC_0028137,nv,nv,1.24602375e-05,7.741771e-08,auto_accept,low_unc_low_risk
ISIC_0032472,nv,nv,2.551765e-07,1.345605e-09,auto_accept,low_unc_low_risk
ISIC_0027520,nv,nv,4.5087577e-07,4.93819e-10,auto_accept,low_unc_low_risk
ISIC_0029990,nv,nv,2.5005113e-08,6.200798e-12,auto_accept,low_unc_low_risk
ISIC_0027318,nv,nv,0.00032734414,1.9581605e-05,auto_accept,low_unc_low_risk
ISIC_0026169,nv,nv,1.8408846e-05,2.7060062e-07,auto_accept,low_unc_low_risk
ISIC_0031715,nv,nv,8.3398496e-05,8.533444e-08,auto_accept,low_unc_low_risk
ISIC_0026808,nv,nv,5.385852e-05,4.3055707e-06,auto_accept,low_unc_low_risk
ISIC_0028610,nv,nv,4.0387516e-08,1.4993187e-10,auto_accept,low_unc_low_risk
ISIC_0031939,nv,nv,0.004352918,3.237033e-05,escalate,low_unc_low_risk
ISIC_0031546,nv,nv,0.0023323712,0.000107550084,auto_accept,low_unc_low_risk
ISIC_0024960,nv,nv,1.9528092e-05,5.117546e-07,auto_accept,low_unc_low_risk
ISIC_0029482,nv,nv,3.969537e-06,7.837183e-08,auto_accept,low_unc_low_risk
ISIC_0032237,nv,nv,9.513357e-08,3.5331252e-10,auto_accept,low_unc_low_risk
ISIC_0030419,nv,nv,1.381551e-08,1.19795844e-14,auto_accept,low_unc_low_risk
ISIC_0028791,nv,nv,0.00040712458,1.4371056e-05,auto_accept,low_unc_low_risk
ISIC_0031723,nv,nv,9.0093515e-08,2.706999e-10,auto_accept,low_unc_low_risk
ISIC_0030667,nv,nv,8.550791e-06,3.372068e-08,auto_accept,low_unc_low_risk
ISIC_0030716,nv,nv,1.6987375e-06,3.8629167e-09,auto_accept,low_unc_low_risk
ISIC_0031696,nv,nv,1.2772501e-05,5.934735e-07,auto_accept,low_unc_low_risk
ISIC_0024408,bkl,bkl,2.199646e-05,7.6263204e-06,auto_accept,low_unc_low_risk
ISIC_0027897,nv,nv,3.920079e-05,2.5089034e-06,auto_accept,low_unc_low_risk
ISIC_0025962,nv,nv,0.00029218284,2.6340513e-07,auto_accept,low_unc_low_risk
ISIC_0024993,nv,nv,0.000763026,2.4423598e-06,auto_accept,low_unc_low_risk
ISIC_0025749,nv,nv,8.182838e-07,3.6837908e-10,auto_accept,low_unc_low_risk
ISIC_0027272,nv,nv,1.5285652e-05,1.6759073e-07,auto_accept,low_unc_low_risk
ISIC_0027926,nv,nv,0.00011433774,1.613947e-07,auto_accept,low_unc_low_risk
ISIC_0031283,nv,nv,1.8504753e-08,1.0291458e-10,auto_accept,low_unc_low_risk
ISIC_0026699,nv,nv,3.3014696e-06,7.950025e-08,auto_accept,low_unc_low_risk
ISIC_0034181,nv,nv,0.00010103278,2.881089e-06,auto_accept,low_unc_low_risk
ISIC_0026685,nv,nv,3.105635e-05,1.09397845e-07,auto_accept,low_unc_low_risk
ISIC_0026039,nv,nv,3.0430101e-05,5.298406e-07,auto_accept,low_unc_low_risk
ISIC_0031895,nv,nv,0.002677077,0.00037335278,auto_accept,low_unc_low_risk
ISIC_0026318,nv,nv,5.8026865e-07,2.6569081e-08,auto_accept,low_unc_low_risk
ISIC_0026278,nv,nv,4.2495565e-05,6.663775e-07,auto_accept,low_unc_low_risk
ISIC_0031782,nv,nv,7.970602e-08,8.2952517e-10,auto_accept,low_unc_low_risk
ISIC_0026256,nv,nv,2.979007e-07,7.673294e-12,auto_accept,low_unc_low_risk
ISIC_0028234,nv,nv,1.7711426e-07,1.9849462e-09,auto_accept,low_unc_low_risk
ISIC_0028263,nv,nv,3.6248654e-08,1.9906551e-10,auto_accept,low_unc_low_risk
ISIC_0028770,nv,nv,3.690976e-07,7.943217e-09,auto_accept,low_unc_low_risk
ISIC_0025773,nv,nv,0.0006608808,1.7988297e-06,auto_accept,low_unc_low_risk
ISIC_0025804,bkl,nv,0.0001347468,5.0238884e-07,auto_accept,low_unc_low_risk
ISIC_0028845,nv,nv,8.821029e-05,1.8471001e-06,auto_accept,low_unc_low_risk
ISIC_0027521,nv,nv,0.0005411649,7.5092225e-07,auto_accept,low_unc_low_risk
ISIC_0032193,nv,nv,3.7111073e-05,7.448973e-07,auto_accept,low_unc_low_risk
ISIC_0024769,nv,nv,1.381551e-08,1.3089381e-12,auto_accept,low_unc_low_risk
ISIC_0030517,nv,nv,0.00021158502,2.8111322e-06,auto_accept,low_unc_low_risk
ISIC_0026536,nv,nv,6.6475184e-07,8.7787315e-09,auto_accept,low_unc_low_risk
ISIC_0024650,nv,nv,1.1950376e-05,8.550254e-09,auto_accept,low_unc_low_risk
ISIC_0033126,nv,nv,1.8293798e-05,3.2939754e-06,auto_accept,low_unc_low_risk
ISIC_0028798,nv,nv,0.000135127,4.8682605e-08,auto_accept,low_unc_low_risk
ISIC_0026486,nv,nv,8.295088e-05,4.1939266e-08,auto_accept,low_unc_low_risk
ISIC_0030850,nv,nv,3.304132e-06,2.4442282e-09,auto_accept,low_unc_low_risk
ISIC_0034234,nv,nv,0.045901123,0.008195476,escalate,high_unc_low_risk
ISIC_0030518,nv,nv,6.780991e-06,3.2507643e-07,auto_accept,low_unc_low_risk
ISIC_0026372,nv,nv,0.00067635276,8.926426e-05,auto_accept,low_unc_low_risk
ISIC_0031155,nv,nv,2.0793582e-06,1.440294e-07,auto_accept,low_unc_low_risk
ISIC_0025841,nv,nv,1.1069764e-05,1.0857031e-07,auto_accept,low_unc_low_risk
ISIC_0028975,nv,nv,3.139296e-05,4.572872e-08,auto_accept,low_unc_low_risk
ISIC_0030424,nv,nv,2.0963299e-07,4.0392165e-09,auto_accept,low_unc_low_risk
ISIC_0028788,nv,nv,1.3050143e-06,1.1517745e-08,auto_accept,low_unc_low_risk
ISIC_0031371,nv,nv,0.00025856218,9.435103e-06,auto_accept,low_unc_low_risk
ISIC_0025740,nv,nv,2.311006e-05,1.2860738e-06,auto_accept,low_unc_low_risk
ISIC_0032417,bkl,bkl,0.0001136606,3.4671164e-05,auto_accept,low_unc_low_risk
ISIC_0029288,bkl,bkl,1.7023149e-05,5.284873e-06,auto_accept,low_unc_low_risk
ISIC_0030181,bcc,bcc,0.006784937,0.99901545,escalate,low_unc_low_risk
ISIC_0031079,nv,nv,2.7512066e-05,7.647459e-09,auto_accept,low_unc_low_risk
ISIC_0027009,nv,nv,6.3579347e-07,8.895522e-09,auto_accept,low_unc_low_risk
ISIC_0025054,nv,nv,0.00081412535,4.1609357e-05,auto_accept,low_unc_low_risk
ISIC_0027661,nv,nv,0.0003246747,1.6463159e-06,auto_accept,low_unc_low_risk
ISIC_0025282,nv,nv,5.031137e-05,7.401342e-11,auto_accept,low_unc_low_risk
ISIC_0024880,bkl,bkl,0.0019508121,4.85844e-05,auto_accept,low_unc_low_risk
ISIC_0030127,nv,nv,2.8661578e-05,2.6266114e-06,auto_accept,low_unc_low_risk
ISIC_0029693,nv,nv,4.9834558e-05,1.909151e-06,auto_accept,low_unc_low_risk
ISIC_0025706,nv,nv,1.0946795e-05,1.5574214e-07,auto_accept,low_unc_low_risk
ISIC_0030523,nv,nv,4.4901502e-05,1.425255e-08,auto_accept,low_unc_low_risk
ISIC_0024724,nv,nv,4.0241108e-07,1.2827907e-09,auto_accept,low_unc_low_risk
ISIC_0025723,nv,nv,0.002602097,0.00016848237,auto_accept,low_unc_low_risk
ISIC_0026543,nv,nv,8.2338365e-06,2.6939448e-08,auto_accept,low_unc_low_risk
ISIC_0028406,vasc,vasc,2.334188e-08,3.0232605e-09,auto_accept,low_unc_low_risk
ISIC_0027028,nv,nv,3.4499692e-06,2.2015652e-09,auto_accept,low_unc_low_risk
ISIC_0030357,nv,nv,0.00018000019,5.613829e-06,auto_accept,low_unc_low_risk
ISIC_0030997,nv,nv,4.6567766e-07,1.9737027e-10,auto_accept,low_unc_low_risk
ISIC_0031251,nv,nv,3.8419614e-05,3.5137205e-08,auto_accept,low_unc_low_risk
ISIC_0033565,vasc,vasc,1.381551e-08,6.24992e-16,auto_accept,low_unc_low_risk
ISIC_0030112,nv,nv,3.0083328e-08,4.6788634e-10,auto_accept,low_unc_low_risk
ISIC_0025395,nv,nv,4.8955576e-07,2.6079485e-09,auto_accept,low_unc_low_risk
ISIC_0027096,nv,nv,3.4621116e-06,1.2761169e-08,auto_accept,low_unc_low_risk
ISIC_0027081,nv,nv,0.00029237263,4.6277296e-06,auto_accept,low_unc_low_risk
ISIC_0026181,nv,nv,1.4527795e-08,1.715449e-11,auto_accept,low_unc_low_risk
ISIC_0031084,nv,nv,2.5121504e-05,5.733653e-07,auto_accept,low_unc_low_risk
ISIC_0030853,nv,nv,1.2048291e-06,2.1868711e-09,auto_accept,low_unc_low_risk
ISIC_0030062,nv,nv,1.2207281e-06,9.679435e-09,auto_accept,low_unc_low_risk
ISIC_0030671,nv,nv,9.58057e-07,9.350251e-11,auto_accept,low_unc_low_risk
ISIC_0034225,nv,nv,0.00045930513,1.06484185e-05,auto_accept,low_unc_low_risk
ISIC_0025429,nv,nv,1.210111e-06,5.948332e-09,auto_accept,low_unc_low_risk
ISIC_0032089,nv,nv,6.1763226e-06,1.4131659e-08,auto_accept,low_unc_low_risk
ISIC_0030884,nv,nv,1.381551e-08,3.6370316e-12,auto_accept,low_unc_low_risk
ISIC_0029711,nv,nv,2.2802813e-07,2.1416835e-09,auto_accept,low_unc_low_risk
ISIC_0029234,nv,nv,4.5013103e-06,4.7137527e-10,auto_accept,low_unc_low_risk
ISIC_0031647,nv,nv,5.922368e-06,2.997779e-07,auto_accept,low_unc_low_risk
ISIC_0028794,nv,nv,3.337868e-07,1.2755007e-09,auto_accept,low_unc_low_risk
ISIC_0028949,nv,nv,9.884371e-08,1.1290129e-11,auto_accept,low_unc_low_risk
ISIC_0028072,nv,nv,0.00021441825,9.915727e-06,auto_accept,low_unc_low_risk
ISIC_0029356,nv,nv,1.1659183e-06,6.7210477e-09,auto_accept,low_unc_low_risk
ISIC_0026451,nv,nv,0.00073638157,0.0001292964,auto_accept,low_unc_low_risk
ISIC_0027374,bkl,bkl,0.0006971072,0.00012978903,auto_accept,low_unc_low_risk
ISIC_0026438,mel,nv,0.002354612,0.0001521843,auto_accept,low_unc_low_risk
ISIC_0028863,nv,nv,0.00013020993,8.490079e-07,auto_accept,low_unc_low_risk
ISIC_0028083,nv,nv,0.009424053,7.932619e-07,escalate,low_unc_low_risk
ISIC_0033723,nv,nv,0.00047938098,4.268233e-05,auto_accept,low_unc_low_risk
ISIC_0027019,nv,nv,1.592894e-05,4.1871246e-08,auto_accept,low_unc_low_risk
ISIC_0030474,nv,nv,2.5644016e-05,1.9922722e-07,auto_accept,low_unc_low_risk
ISIC_0027762,nv,nv,8.299943e-06,1.3573995e-07,auto_accept,low_unc_low_risk
ISIC_0026161,nv,nv,2.0743926e-07,2.585685e-09,auto_accept,low_unc_low_risk
ISIC_0029896,nv,nv,0.00041242974,1.928001e-05,auto_accept,low_unc_low_risk
ISIC_0030368,nv,nv,4.335686e-06,3.1067034e-11,auto_accept,low_unc_low_risk
ISIC_0027191,nv,nv,1.8912398e-07,2.35698e-09,auto_accept,low_unc_low_risk
ISIC_0026322,nv,nv,0.0013775283,3.2681205e-06,auto_accept,low_unc_low_risk
ISIC_0028492,nv,nv,4.2764032e-08,9.545253e-12,auto_accept,low_unc_low_risk
ISIC_0024887,nv,nv,2.4811097e-05,2.2006853e-07,auto_accept,low_unc_low_risk
ISIC_0027981,nv,nv,4.3413997e-06,9.842957e-08,auto_accept,low_unc_low_risk
ISIC_0027910,nv,nv,0.0007420109,5.010184e-06,auto_accept,low_unc_low_risk
ISIC_0030788,nv,nv,0.00012011859,3.005241e-06,auto_accept,low_unc_low_risk
ISIC_0032386,nv,nv,2.0024938e-08,4.2566626e-13,auto_accept,low_unc_low_risk
ISIC_0028248,nv,nv,9.801572e-06,2.9319295e-07,auto_accept,low_unc_low_risk
ISIC_0025445,nv,nv,4.3549746e-05,2.2130218e-08,auto_accept,low_unc_low_risk
ISIC_0028919,nv,nv,1.7509923e-05,7.6176115e-10,auto_accept,low_unc_low_risk
ISIC_0025631,nv,nv,0.0010415866,0.000109792985,auto_accept,low_unc_low_risk
ISIC_0026302,nv,nv,0.0006952023,1.8531928e-05,auto_accept,low_unc_low_risk
ISIC_0025294,nv,nv,8.4398935e-06,2.2098294e-07,auto_accept,low_unc_low_risk
ISIC_0025227,nv,nv,0.0010912817,5.90255e-05,auto_accept,low_unc_low_risk
ISIC_0025929,nv,nv,2.4070992e-05,7.668597e-07,auto_accept,low_unc_low_risk
ISIC_0030102,nv,nv,5.8922647e-06,8.078347e-08,auto_accept,low_unc_low_risk
ISIC_0033293,nv,nv,0.0001555242,2.60318e-06,auto_accept,low_unc_low_risk
ISIC_0025093,nv,nv,8.6518485e-05,3.718155e-06,auto_accept,low_unc_low_risk
ISIC_0032097,nv,nv,0.00017054794,3.7273714e-06,auto_accept,low_unc_low_risk
ISIC_0025116,nv,nv,0.00014473645,2.1217095e-07,auto_accept,low_unc_low_risk
ISIC_0032004,nv,nv,0.00012931188,1.8326402e-06,auto_accept,low_unc_low_risk
ISIC_0026487,nv,nv,3.3322724e-08,6.0732896e-10,auto_accept,low_unc_low_risk
ISIC_0033185,bkl,bkl,1.3798656e-06,2.5417792e-06,auto_accept,low_unc_low_risk
ISIC_0025581,nv,nv,5.2883343e-06,2.378795e-08,auto_accept,low_unc_low_risk
ISIC_0026482,nv,nv,6.3663975e-08,1.7963571e-10,auto_accept,low_unc_low_risk
ISIC_0025756,nv,nv,1.8646226e-05,3.5618254e-07,auto_accept,low_unc_low_risk
ISIC_0028471,nv,nv,6.504016e-05,1.427168e-07,auto_accept,low_unc_low_risk
ISIC_0030624,nv,nv,1.381551e-08,5.7608464e-13,auto_accept,low_unc_low_risk
ISIC_0030643,nv,nv,3.4069122e-05,2.1602204e-07,auto_accept,low_unc_low_risk
ISIC_0024307,nv,nv,6.0745613e-05,2.0211091e-06,auto_accept,low_unc_low_risk
ISIC_0032571,nv,nv,0.000499474,8.010421e-06,auto_accept,low_unc_low_risk
ISIC_0029334,nv,nv,0.00014235699,5.722357e-06,auto_accept,low_unc_low_risk
ISIC_0029797,nv,nv,6.980018e-07,1.5814847e-12,auto_accept,low_unc_low_risk
ISIC_0029579,nv,nv,2.0279167e-08,7.090823e-11,auto_accept,low_unc_low_risk
ISIC_0027887,nv,nv,4.7340357e-08,1.1685507e-10,auto_accept,low_unc_low_risk
ISIC_0030581,nv,nv,3.8282305e-06,1.7458535e-07,auto_accept,low_unc_low_risk
ISIC_0025736,nv,nv,1.6293043e-05,4.464965e-08,auto_accept,low_unc_low_risk
ISIC_0024860,nv,nv,1.4216982e-07,1.1101459e-09,auto_accept,low_unc_low_risk
ISIC_0031826,nv,nv,8.7928623e-07,2.4892021e-08,auto_accept,low_unc_low_risk
ISIC_0025146,nv,nv,0.0021149754,4.414935e-05,auto_accept,low_unc_low_risk
ISIC_0027446,nv,nv,4.3135447e-08,4.5488052e-10,auto_accept,low_unc_low_risk
ISIC_0028862,nv,nv,1.6534583e-05,1.3840557e-07,auto_accept,low_unc_low_risk
ISIC_0033981,mel,mel,0.00022612337,0.9999559,auto_accept,low_unc_low_risk
ISIC_0025698,nv,nv,8.9560155e-05,4.509927e-06,auto_accept,low_unc_low_risk
ISIC_0030852,nv,nv,0.0033463791,2.2258702e-05,escalate,low_unc_low_risk
ISIC_0024591,nv,nv,8.9728545e-08,5.267651e-12,auto_accept,low_unc_low_risk
ISIC_0032979,nv,nv,0.010767371,0.00010527526,escalate,low_unc_low_risk
ISIC_0026450,nv,nv,5.3496606e-08,2.5710616e-11,auto_accept,low_unc_low_risk
ISIC_0028356,nv,nv,0.0006536753,3.1380642e-07,auto_accept,low_unc_low_risk
ISIC_0032106,nv,nv,7.205631e-06,1.746552e-08,auto_accept,low_unc_low_risk
ISIC_0029461,nv,nv,0.000107189175,3.7598454e-06,auto_accept,low_unc_low_risk
ISIC_0025538,nv,nv,4.181746e-07,6.788338e-09,auto_accept,low_unc_low_risk
ISIC_0025908,nv,nv,0.0005970205,9.438991e-06,auto_accept,low_unc_low_risk
ISIC_0030498,nv,nv,5.512961e-05,3.8422337e-07,auto_accept,low_unc_low_risk
ISIC_0027516,nv,nv,6.273848e-05,5.2938667e-09,auto_accept,low_unc_low_risk
ISIC_0030327,nv,nv,1.8123728e-05,6.97475e-07,auto_accept,low_unc_low_risk
ISIC_0028911,nv,nv,2.8204884e-08,2.624975e-10,auto_accept,low_unc_low_risk
ISIC_0027165,nv,nv,0.00018378881,6.816534e-07,auto_accept,low_unc_low_risk
ISIC_0028416,nv,nv,5.7165856e-08,7.4270375e-11,auto_accept,low_unc_low_risk
ISIC_0026695,nv,nv,1.381551e-08,3.513514e-11,auto_accept,low_unc_low_risk
ISIC_0024765,nv,nv,9.775091e-06,1.2962376e-08,auto_accept,low_unc_low_risk
ISIC_0024844,nv,nv,1.6017735e-08,2.4534001e-14,auto_accept,low_unc_low_risk
ISIC_0026026,nv,nv,4.835382e-06,8.884996e-08,auto_accept,low_unc_low_risk
ISIC_0031387,nv,nv,3.47056e-05,1.4213751e-06,auto_accept,low_unc_low_risk
ISIC_0024815,nv,nv,6.208975e-05,2.7933954e-06,auto_accept,low_unc_low_risk
ISIC_0028723,nv,nv,1.381551e-08,1.1593673e-12,auto_accept,low_unc_low_risk
ISIC_0030751,nv,nv,2.7781826e-07,6.2977323e-10,auto_accept,low_unc_low_risk
ISIC_0028397,nv,nv,3.319417e-05,1.3968865e-07,auto_accept,low_unc_low_risk
ISIC_0025192,nv,nv,4.3628446e-05,1.0783493e-06,auto_accept,low_unc_low_risk
ISIC_0026307,nv,nv,1.312243e-07,1.4413259e-13,auto_accept,low_unc_low_risk
ISIC_0027465,nv,nv,0.000505248,6.747948e-06,auto_accept,low_unc_low_risk
ISIC_0024393,nv,nv,3.7221398e-06,2.1206517e-09,auto_accept,low_unc_low_risk
ISIC_0026375,nv,nv,2.1258542e-07,1.8966147e-10,auto_accept,low_unc_low_risk
ISIC_0033340,nv,nv,0.00052333955,4.6829955e-05,auto_accept,low_unc_low_risk
ISIC_0032663,nv,nv,0.05193229,0.0024383974,escalate,high_unc_low_risk
ISIC_0028906,nv,nv,4.37098e-07,7.798411e-09,auto_accept,low_unc_low_risk
ISIC_0024736,nv,nv,0.0024477788,3.105467e-05,auto_accept,low_unc_low_risk
ISIC_0028912,nv,nv,5.781292e-06,4.313811e-09,auto_accept,low_unc_low_risk
ISIC_0034018,nv,nv,0.00065524015,2.4471123e-05,auto_accept,low_unc_low_risk
ISIC_0026483,nv,nv,5.9322076e-07,1.3715167e-09,auto_accept,low_unc_low_risk
ISIC_0027432,nv,nv,0.003917497,0.0003262003,escalate,low_unc_low_risk
ISIC_0031116,nv,nv,4.237491e-05,3.2755887e-07,auto_accept,low_unc_low_risk
ISIC_0034274,nv,nv,0.002644525,0.00027471723,auto_accept,low_unc_low_risk
ISIC_0032231,nv,nv,8.364432e-05,3.2973054e-07,auto_accept,low_unc_low_risk
ISIC_0031775,nv,nv,7.530109e-08,4.7584403e-10,auto_accept,low_unc_low_risk
ISIC_0026921,nv,nv,0.0008307904,1.4974053e-05,auto_accept,low_unc_low_risk
ISIC_0033059,nv,nv,8.891276e-05,3.7141785e-06,auto_accept,low_unc_low_risk
ISIC_0030904,nv,nv,9.603338e-05,5.8659623e-07,auto_accept,low_unc_low_risk
ISIC_0031347,nv,nv,0.00010966965,6.513963e-06,auto_accept,low_unc_low_risk
ISIC_0032856,mel,mel,7.056267e-05,0.9999901,auto_accept,low_unc_low_risk
ISIC_0027029,nv,nv,0.00046173396,2.9688608e-06,auto_accept,low_unc_low_risk
ISIC_0030481,nv,nv,6.608104e-08,4.4303572e-10,auto_accept,low_unc_low_risk
ISIC_0029184,nv,nv,0.0069337157,0.0007067999,escalate,low_unc_low_risk
ISIC_0027862,nv,nv,9.060195e-05,2.9031646e-06,auto_accept,low_unc_low_risk
ISIC_0029408,nv,nv,2.5835394e-07,2.0192026e-09,auto_accept,low_unc_low_risk
ISIC_0024600,nv,nv,5.671276e-06,6.046976e-08,auto_accept,low_unc_low_risk
ISIC_0033010,nv,nv,0.00078671385,1.8090286e-05,auto_accept,low_unc_low_risk
ISIC_0030109,nv,nv,1.3404148e-05,2.8919575e-07,auto_accept,low_unc_low_risk
ISIC_0026272,nv,nv,1.381551e-08,5.543365e-13,auto_accept,low_unc_low_risk
ISIC_0029506,nv,nv,0.00029364714,4.0155237e-06,auto_accept,low_unc_low_risk
ISIC_0026002,nv,nv,4.5140425e-08,1.6998292e-10,auto_accept,low_unc_low_risk
ISIC_0032595,nv,nv,2.098386e-05,2.7173325e-08,auto_accept,low_unc_low_risk
ISIC_0027399,nv,nv,0.00012369249,2.1291069e-06,auto_accept,low_unc_low_risk
ISIC_0026624,nv,nv,5.334618e-08,6.121433e-11,auto_accept,low_unc_low_risk
ISIC_0032155,nv,nv,6.8640516e-06,1.0925542e-07,auto_accept,low_unc_low_risk
ISIC_0028062,nv,nv,0.001135138,4.1330372e-06,auto_accept,low_unc_low_risk
ISIC_0032659,nv,nv,0.0009830454,8.483271e-05,auto_accept,low_unc_low_risk
ISIC_0024801,nv,nv,1.1338107e-06,2.4366306e-10,auto_accept,low_unc_low_risk
ISIC_0026133,nv,nv,3.236908e-06,9.402697e-09,auto_accept,low_unc_low_risk
ISIC_0025997,nv,nv,6.744715e-07,2.7127534e-09,auto_accept,low_unc_low_risk
ISIC_0029908,nv,nv,9.944318e-06,2.8147882e-08,auto_accept,low_unc_low_risk
ISIC_0025670,nv,nv,5.4705717e-05,2.3677713e-09,auto_accept,low_unc_low_risk
ISIC_0030009,nv,nv,0.0009014485,3.8032076e-06,auto_accept,low_unc_low_risk
ISIC_0026010,nv,nv,0.0003606613,3.0538326e-06,auto_accept,low_unc_low_risk
ISIC_0027824,nv,nv,2.7447888e-06,1.7055589e-09,auto_accept,low_unc_low_risk
ISIC_0027288,nv,nv,2.676866e-07,1.3906533e-10,auto_accept,low_unc_low_risk
ISIC_0026400,nv,nv,0.0002997313,1.0547573e-05,auto_accept,low_unc_low_risk
ISIC_0026184,nv,nv,1.2185333e-05,1.9747251e-08,auto_accept,low_unc_low_risk
ISIC_0029293,nv,nv,1.4002323e-08,2.8571532e-11,auto_accept,low_unc_low_risk
ISIC_0029629,nv,nv,5.1392976e-07,1.0508846e-09,auto_accept,low_unc_low_risk
ISIC_0030571,nv,nv,6.388026e-07,4.629024e-09,auto_accept,low_unc_low_risk
ISIC_0025798,nv,nv,0.00084177626,2.7129465e-06,auto_accept,low_unc_low_risk
ISIC_0027022,nv,nv,2.864736e-07,1.7363739e-09,auto_accept,low_unc_low_risk
ISIC_0029336,nv,nv,6.3508503e-07,7.2010518e-09,auto_accept,low_unc_low_risk
ISIC_0029256,nv,nv,1.5782407e-06,1.4162556e-08,auto_accept,low_unc_low_risk
ISIC_0027745,df,df,1.9418621e-05,3.1999587e-06,auto_accept,low_unc_low_risk
ISIC_0028018,nv,nv,1.7001258e-06,3.9743288e-08,auto_accept,low_unc_low_risk
ISIC_0024479,nv,nv,2.0238476e-05,1.3162872e-06,auto_accept,low_unc_low_risk
ISIC_0028832,nv,nv,0.0001100687,9.4643775e-07,auto_accept,low_unc_low_risk
ISIC_0027740,nv,nv,2.949645e-05,1.8626243e-07,auto_accept,low_unc_low_risk
ISIC_0033308,nv,nv,4.392363e-05,9.981886e-07,auto_accept,low_unc_low_risk
ISIC_0028281,nv,nv,9.359991e-05,5.7767824e-08,auto_accept,low_unc_low_risk
ISIC_0031049,nv,nv,2.1744847e-06,1.0276075e-07,auto_accept,low_unc_low_risk
ISIC_0028328,nv,nv,2.1196389e-05,9.147665e-08,auto_accept,low_unc_low_risk
ISIC_0026681,nv,nv,1.4306885e-05,3.0223976e-07,auto_accept,low_unc_low_risk
ISIC_0026928,nv,nv,6.642494e-05,3.7342556e-08,auto_accept,low_unc_low_risk
ISIC_0027378,nv,nv,0.0006934728,3.1274271e-06,auto_accept,low_unc_low_risk
ISIC_0033374,nv,nv,2.7442562e-07,7.5777065e-09,auto_accept,low_unc_low_risk
ISIC_0029048,bkl,bkl,9.352208e-07,9.985016e-09,auto_accept,low_unc_low_risk
ISIC_0029338,nv,nv,1.3138526e-06,4.0747414e-09,auto_accept,low_unc_low_risk
ISIC_0024895,nv,nv,9.955997e-07,3.557715e-09,auto_accept,low_unc_low_risk
ISIC_0024810,nv,nv,3.4715954e-06,1.16323974e-07,auto_accept,low_unc_low_risk
ISIC_0028424,nv,nv,0.00025185946,9.388994e-06,auto_accept,low_unc_low_risk
ISIC_0030469,nv,nv,0.002269682,5.628384e-06,auto_accept,low_unc_low_risk
ISIC_0032093,nv,nv,3.0668335e-07,2.5105287e-09,auto_accept,low_unc_low_risk
ISIC_0025872,nv,nv,1.381551e-08,1.1241372e-15,auto_accept,low_unc_low_risk
ISIC_0026919,nv,nv,3.2752857e-06,6.005259e-10,auto_accept,low_unc_low_risk
ISIC_0030477,nv,nv,8.0040263e-07,6.175597e-09,auto_accept,low_unc_low_risk
ISIC_0033472,nv,nv,0.025367666,0.0010339579,escalate,high_unc_low_risk
ISIC_0034162,mel,mel,0.0010817922,0.9997769,auto_accept,low_unc_low_risk
ISIC_0033035,nv,nv,0.023091912,0.0033579026,escalate,high_unc_low_risk
ISIC_0025359,nv,nv,7.01593e-05,1.8195409e-07,auto_accept,low_unc_low_risk
ISIC_0030983,nv,nv,1.4226304e-08,5.644341e-12,auto_accept,low_unc_low_risk
ISIC_0030541,nv,nv,1.1683888e-05,6.8670096e-07,auto_accept,low_unc_low_risk
ISIC_0026304,nv,nv,0.00017089117,5.4085615e-07,auto_accept,low_unc_low_risk
ISIC_0025213,nv,nv,1.6403803e-08,2.8779958e-12,auto_accept,low_unc_low_risk
ISIC_0026474,nv,nv,1.6972649e-06,9.916912e-10,auto_accept,low_unc_low_risk
ISIC_0027557,nv,nv,2.2425364e-07,7.594947e-11,auto_accept,low_unc_low_risk
ISIC_0027220,nv,nv,2.653557e-06,8.4916195e-08,auto_accept,low_unc_low_risk
ISIC_0024631,nv,nv,9.243861e-07,2.1138522e-08,auto_accept,low_unc_low_risk
ISIC_0025801,nv,nv,2.6658636e-06,3.1659653e-08,auto_accept,low_unc_low_risk
ISIC_0033319,nv,nv,0.0004113844,3.226453e-05,auto_accept,low_unc_low_risk
ISIC_0028101,nv,nv,4.091029e-07,1.5572901e-08,auto_accept,low_unc_low_risk
ISIC_0026597,nv,nv,0.0007673719,3.434891e-06,auto_accept,low_unc_low_risk
ISIC_0031914,nv,nv,0.00018613889,2.0016765e-07,auto_accept,low_unc_low_risk
ISIC_0027773,nv,nv,4.3356764e-08,6.469618e-11,auto_accept,low_unc_low_risk
ISIC_0030385,nv,nv,2.8196064e-05,1.6506277e-08,auto_accept,low_unc_low_risk
ISIC_0026662,nv,nv,4.9762803e-06,1.1293415e-09,auto_accept,low_unc_low_risk
ISIC_0026628,nv,nv,3.9718188e-07,6.516658e-10,auto_accept,low_unc_low_risk
ISIC_0033435,nv,nv,0.0012188276,8.4061265e-09,auto_accept,low_unc_low_risk
ISIC_0026357,nv,nv,1.3233011e-07,5.207674e-11,auto_accept,low_unc_low_risk
ISIC_0033647,nv,nv,0.0013991956,7.4048825e-07,auto_accept,low_unc_low_risk
ISIC_0026863,nv,nv,0.00024175471,1.3584536e-05,auto_accept,low_unc_low_risk
ISIC_0025815,nv,nv,4.2660635e-05,2.4203898e-06,auto_accept,low_unc_low_risk
ISIC_0024903,nv,nv,4.9776787e-07,8.0257234e-10,auto_accept,low_unc_low_risk
ISIC_0030717,nv,nv,0.00093998155,4.3655116e-05,auto_accept,low_unc_low_risk
ISIC_0025930,nv,nv,4.6370474e-06,2.3183519e-07,auto_accept,low_unc_low_risk
ISIC_0029550,nv,nv,3.4192843e-05,9.4188704e-07,auto_accept,low_unc_low_risk
ISIC_0024605,nv,nv,8.147785e-05,9.84686e-07,auto_accept,low_unc_low_risk
ISIC_0031388,nv,nv,0.00028022344,6.1227965e-08,auto_accept,low_unc_low_risk
ISIC_0030613,nv,nv,9.969163e-05,1.0196626e-06,auto_accept,low_unc_low_risk
ISIC_0029663,nv,nv,0.00026301842,8.48784e-06,auto_accept,low_unc_low_risk
ISIC_0027838,mel,nv,0.00025769678,1.1999253e-05,auto_accept,low_unc_low_risk
ISIC_0030345,nv,nv,5.4030912e-05,6.7176796e-07,auto_accept,low_unc_low_risk
ISIC_0032297,nv,nv,0.00015269865,5.271222e-06,auto_accept,low_unc_low_risk
ISIC_0031840,nv,nv,5.4741383e-07,1.647534e-10,auto_accept,low_unc_low_risk
ISIC_0030433,nv,nv,2.3034356e-06,1.03070896e-07,auto_accept,low_unc_low_risk
ISIC_0024689,nv,nv,4.472305e-05,5.3755844e-07,auto_accept,low_unc_low_risk
ISIC_0026208,nv,nv,4.6867825e-08,2.5143754e-10,auto_accept,low_unc_low_risk
ISIC_0029619,nv,nv,0.002850216,2.6254736e-05,auto_accept,low_unc_low_risk
ISIC_0028833,nv,nv,6.360518e-05,9.36729e-07,auto_accept,low_unc_low_risk
ISIC_0031856,nv,nv,5.1031687e-08,6.440982e-10,auto_accept,low_unc_low_risk
ISIC_0030048,nv,nv,5.673064e-08,4.4861992e-10,auto_accept,low_unc_low_risk
ISIC_0030239,nv,nv,2.131714e-06,5.4669595e-08,auto_accept,low_unc_low_risk
ISIC_0033718,nv,nv,1.686992e-05,4.5512138e-08,auto_accept,low_unc_low_risk
ISIC_0025464,nv,nv,9.2499e-05,2.9144049e-08,auto_accept,low_unc_low_risk
ISIC_0029102,bkl,bkl,0.011300634,0.0056778034,escalate,low_unc_low_risk
ISIC_0032760,nv,nv,0.0068020704,0.0006773262,escalate,low_unc_low_risk
ISIC_0024584,nv,nv,1.3250497e-05,2.8617671e-07,auto_accept,low_unc_low_risk
ISIC_0027353,nv,nv,1.3135734e-07,4.1540108e-11,auto_accept,low_unc_low_risk
ISIC_0024721,nv,nv,8.729083e-06,5.6986823e-07,auto_accept,low_unc_low_risk
ISIC_0031099,nv,nv,2.2691477e-06,1.3911865e-10,auto_accept,low_unc_low_risk
ISIC_0025757,nv,nv,2.4601886e-07,1.3880834e-09,auto_accept,low_unc_low_risk
ISIC_0026363,nv,nv,4.5800684e-06,1.2406258e-08,auto_accept,low_unc_low_risk
ISIC_0030749,nv,nv,3.6720016e-06,4.0445144e-08,auto_accept,low_unc_low_risk
ISIC_0033464,nv,nv,7.041807e-05,1.8976191e-08,auto_accept,low_unc_low_risk
ISIC_0026821,nv,nv,2.6069386e-06,6.7334454e-08,auto_accept,low_unc_low_risk
ISIC_0031153,nv,nv,4.4983994e-07,1.3431486e-09,auto_accept,low_unc_low_risk
ISIC_0030418,nv,nv,1.4915003e-06,7.745582e-08,auto_accept,low_unc_low_risk
ISIC_0032977,nv,nv,0.00032432063,1.2428944e-05,auto_accept,low_unc_low_risk
ISIC_0031484,nv,nv,2.1382823e-05,6.4752503e-10,auto_accept,low_unc_low_risk
ISIC_0029188,nv,nv,2.9528626e-06,5.643663e-08,auto_accept,low_unc_low_risk
ISIC_0032467,nv,nv,0.00028516,4.0081777e-06,auto_accept,low_unc_low_risk
ISIC_0026799,nv,nv,0.00010319776,5.2270548e-06,auto_accept,low_unc_low_risk
ISIC_0034185,nv,nv,8.112944e-06,1.6903248e-07,auto_accept,low_unc_low_risk
ISIC_0029916,nv,nv,9.991126e-07,1.873097e-09,auto_accept,low_unc_low_risk
ISIC_0025382,nv,nv,0.00035417153,1.0308058e-05,auto_accept,low_unc_low_risk
ISIC_0031944,nv,nv,0.008724157,2.1918431e-05,escalate,low_unc_low_risk
ISIC_0030435,nv,nv,4.0279443e-05,1.1746305e-07,auto_accept,low_unc_low_risk
ISIC_0027256,vasc,vasc,1.381551e-08,2.9187492e-12,auto_accept,low_unc_low_risk
ISIC_0028575,nv,nv,6.802155e-06,1.6907696e-09,auto_accept,low_unc_low_risk
ISIC_0033285,nv,nv,0.00024155981,2.5249037e-06,auto_accept,low_unc_low_risk
ISIC_0025174,nv,nv,0.00053773035,9.775062e-06,auto_accept,low_unc_low_risk
ISIC_0024766,nv,nv,0.00012128229,3.0854616e-07,auto_accept,low_unc_low_risk
ISIC_0028731,nv,nv,4.312486e-05,7.963818e-07,auto_accept,low_unc_low_risk
ISIC_0027000,nv,nv,0.00012727518,7.704472e-07,auto_accept,low_unc_low_risk
ISIC_0031511,bkl,bkl,7.5205266e-05,1.6894446e-06,auto_accept,low_unc_low_risk
ISIC_0029965,nv,nv,2.0992326e-05,5.218338e-09,auto_accept,low_unc_low_risk
ISIC_0024610,nv,nv,3.541714e-07,7.1441026e-12,auto_accept,low_unc_low_risk
ISIC_0025110,nv,nv,0.000116032585,6.504099e-06,auto_accept,low_unc_low_risk
ISIC_0028661,nv,nv,6.427582e-08,9.365632e-12,auto_accept,low_unc_low_risk
ISIC_0030596,nv,nv,1.8260451e-08,3.177212e-11,auto_accept,low_unc_low_risk
ISIC_0027995,nv,nv,0.000113782095,4.92816e-07,auto_accept,low_unc_low_risk
ISIC_0025412,nv,nv,2.4116267e-07,1.0363069e-08,auto_accept,low_unc_low_risk
ISIC_0031912,nv,nv,6.2242657e-06,9.612484e-09,auto_accept,low_unc_low_risk
ISIC_0028617,nv,nv,8.0658594e-08,1.3507576e-10,auto_accept,low_unc_low_risk
ISIC_0026065,nv,nv,6.6759e-05,6.2337624e-09,auto_accept,low_unc_low_risk
ISIC_0027574,nv,nv,3.7006598e-06,1.306422e-07,auto_accept,low_unc_low_risk
ISIC_0033675,df,df,1.381551e-08,7.762531e-08,auto_accept,low_unc_low_risk
ISIC_0033838,nv,nv,3.9268926e-07,1.7035886e-09,auto_accept,low_unc_low_risk
ISIC_0030179,nv,nv,4.566411e-05,1.8523054e-06,auto_accept,low_unc_low_risk
ISIC_0031296,nv,nv,5.9760823e-06,5.1441052e-08,auto_accept,low_unc_low_risk
ISIC_0028751,nv,nv,4.807462e-05,6.7804676e-06,auto_accept,low_unc_low_risk
ISIC_0027369,nv,nv,3.5658806e-05,2.9501091e-08,auto_accept,low_unc_low_risk
ISIC_0026038,nv,nv,2.4498171e-05,5.9173965e-07,auto_accept,low_unc_low_risk
ISIC_0031535,nv,nv,8.7292494e-05,7.561639e-07,auto_accept,low_unc_low_risk
ISIC_0026472,nv,nv,5.5691758e-06,1.05104185e-07,auto_accept,low_unc_low_risk
ISIC_0025437,nv,nv,0.00015899028,2.4868662e-06,auto_accept,low_unc_low_risk
ISIC_0032442,nv,nv,4.6191154e-08,3.7131648e-10,auto_accept,low_unc_low_risk
ISIC_0031028,nv,nv,5.0362438e-08,5.5441927e-12,auto_accept,low_unc_low_risk
ISIC_0026680,nv,nv,8.3263876e-05,1.4048344e-06,auto_accept,low_unc_low_risk
ISIC_0032366,nv,nv,0.0014504819,5.8140315e-05,auto_accept,low_unc_low_risk
ISIC_0027129,nv,nv,0.0030834007,0.0005751424,escalate,low_unc_low_risk
ISIC_0027873,nv,nv,0.00038661255,1.8968838e-05,auto_accept,low_unc_low_risk
ISIC_0031193,nv,nv,1.963814e-06,3.8595456e-08,auto_accept,low_unc_low_risk
ISIC_0031962,nv,nv,0.0001316599,3.2628629e-09,auto_accept,low_unc_low_risk
ISIC_0027594,nv,nv,8.416026e-08,4.0839518e-10,auto_accept,low_unc_low_risk
ISIC_0024919,nv,nv,0.0023793916,0.0001265502,auto_accept,low_unc_low_risk
ISIC_0031751,nv,nv,5.3435015e-06,2.1607185e-08,auto_accept,low_unc_low_risk
ISIC_0025030,bkl,bkl,0.00023760372,0.00018528897,auto_accept,low_unc_low_risk
ISIC_0026484,nv,nv,1.6042087e-08,9.105278e-12,auto_accept,low_unc_low_risk
ISIC_0024544,nv,nv,2.9225173e-06,1.2464892e-08,auto_accept,low_unc_low_risk
ISIC_0034207,nv,nv,5.46708e-05,5.732604e-06,auto_accept,low_unc_low_risk
ISIC_0030290,nv,nv,1.381551e-08,1.672456e-12,auto_accept,low_unc_low_risk
ISIC_0031899,nv,nv,1.0997388e-07,8.9283747e-10,auto_accept,low_unc_low_risk
ISIC_0027116,nv,nv,2.8837425e-05,1.2991886e-07,auto_accept,low_unc_low_risk
ISIC_0027547,nv,nv,5.3156043e-08,9.384883e-10,auto_accept,low_unc_low_risk
ISIC_0031490,nv,nv,0.0001207235,6.4752344e-06,auto_accept,low_unc_low_risk
ISIC_0026364,nv,nv,2.847725e-07,8.445492e-11,auto_accept,low_unc_low_risk
ISIC_0027835,nv,nv,1.3593326e-06,2.7290997e-10,auto_accept,low_unc_low_risk
ISIC_0025269,nv,nv,0.00026708283,8.143939e-06,auto_accept,low_unc_low_risk
ISIC_0026768,nv,nv,9.088694e-07,8.667063e-09,auto_accept,low_unc_low_risk
ISIC_0027592,nv,nv,0.00016220269,1.52842e-07,auto_accept,low_unc_low_risk
ISIC_0028394,nv,nv,2.3665521e-07,2.2820899e-09,auto_accept,low_unc_low_risk
ISIC_0025007,nv,nv,4.676331e-05,2.3263162e-07,auto_accept,low_unc_low_risk
ISIC_0027170,nv,nv,3.3497163e-06,1.6301158e-08,auto_accept,low_unc_low_risk
ISIC_0033173,nv,nv,0.00018043886,2.0004474e-07,auto_accept,low_unc_low_risk
ISIC_0034073,nv,nv,0.00040946555,8.00225e-05,auto_accept,low_unc_low_risk
ISIC_0028070,nv,nv,6.3053557e-07,1.8007018e-08,auto_accept,low_unc_low_risk
ISIC_0028985,nv,nv,1.545175e-05,2.3648214e-07,auto_accept,low_unc_low_risk
ISIC_0033315,nv,nv,4.3905882e-05,1.3002621e-07,auto_accept,low_unc_low_risk
ISIC_0030554,nv,nv,5.390724e-05,5.1800527e-08,auto_accept,low_unc_low_risk
ISIC_0030610,nv,nv,2.6092894e-06,1.7170957e-07,auto_accept,low_unc_low_risk
ISIC_0028280,nv,nv,0.00015279948,2.4011993e-06,auto_accept,low_unc_low_risk
ISIC_0026415,nv,nv,2.1186213e-05,3.766812e-07,auto_accept,low_unc_low_risk
ISIC_0026447,nv,nv,2.2294624e-05,5.609172e-08,auto_accept,low_unc_low_risk
ISIC_0026915,nv,nv,1.3308891e-06,1.0730232e-08,auto_accept,low_unc_low_risk
ISIC_0030946,nv,nv,4.7032326e-08,7.912275e-10,auto_accept,low_unc_low_risk
ISIC_0030058,nv,nv,2.100567e-06,4.1246157e-08,auto_accept,low_unc_low_risk
ISIC_0032336,nv,nv,0.0054223062,8.374522e-07,escalate,low_unc_low_risk
ISIC_0024866,nv,nv,1.1729363e-06,5.554595e-09,auto_accept,low_unc_low_risk
ISIC_0029834,nv,nv,0.0003689117,3.384163e-07,auto_accept,low_unc_low_risk
ISIC_0031398,nv,nv,0.0001022655,3.3484065e-07,auto_accept,low_unc_low_risk
ISIC_0024974,nv,nv,2.0810862e-08,1.5786166e-11,auto_accept,low_unc_low_risk
ISIC_0031623,nv,nv,1.466938e-08,1.06018125e-10,auto_accept,low_unc_low_risk
ISIC_0031648,vasc,vasc,1.381551e-08,2.3227398e-10,auto_accept,low_unc_low_risk
ISIC_0027785,nv,nv,1.0907432e-07,5.54151e-11,auto_accept,low_unc_low_risk
ISIC_0025936,nv,nv,7.830931e-07,1.672986e-08,auto_accept,low_unc_low_risk
ISIC_0026507,nv,nv,2.5721407e-05,3.451712e-08,auto_accept,low_unc_low_risk
ISIC_0029219,nv,nv,0.00012090908,1.8700553e-07,auto_accept,low_unc_low_risk
ISIC_0032413,nv,nv,4.0743984e-07,5.4592947e-10,auto_accept,low_unc_low_risk
ISIC_0032839,vasc,vasc,5.1324067e-05,1.8595481e-05,auto_accept,low_unc_low_risk
ISIC_0027459,nv,nv,9.337447e-06,1.8566087e-07,auto_accept,low_unc_low_risk
ISIC_0029267,nv,nv,1.1571461e-05,9.7788465e-08,auto_accept,low_unc_low_risk
ISIC_0031330,nv,nv,3.3358695e-06,2.3914177e-09,auto_accept,low_unc_low_risk
ISIC_0028574,nv,nv,1.3573916e-06,1.3187389e-08,auto_accept,low_unc_low_risk
ISIC_0026991,nv,nv,7.6615106e-05,2.0104193e-07,auto_accept,low_unc_low_risk
ISIC_0032394,nv,nv,8.329504e-05,1.0207687e-05,auto_accept,low_unc_low_risk
ISIC_0024694,nv,nv,3.6561772e-08,1.3691331e-09,auto_accept,low_unc_low_risk
ISIC_0033734,nv,nv,2.345963e-06,4.601947e-08,auto_accept,low_unc_low_risk
ISIC_0024464,nv,nv,0.00023333012,6.9659095e-06,auto_accept,low_unc_low_risk
ISIC_0029681,nv,nv,2.5146224e-05,9.972668e-08,auto_accept,low_unc_low_risk
ISIC_0032485,nv,nv,1.381551e-08,1.0794379e-12,auto_accept,low_unc_low_risk
ISIC_0028203,nv,nv,0.00016272429,9.190116e-07,auto_accept,low_unc_low_risk
ISIC_0030398,nv,nv,1.511273e-07,9.999039e-10,auto_accept,low_unc_low_risk
ISIC_0027834,nv,nv,0.00063530786,1.8902385e-05,auto_accept,low_unc_low_risk
ISIC_0029989,nv,nv,0.00025744637,1.1368084e-05,auto_accept,low_unc_low_risk
ISIC_0026983,nv,nv,2.8796142e-08,3.3939393e-10,auto_accept,low_unc_low_risk
ISIC_0033548,nv,nv,0.0017811089,5.8847665e-05,auto_accept,low_unc_low_risk
ISIC_0025582,nv,nv,2.1576168e-08,2.1725797e-11,auto_accept,low_unc_low_risk
ISIC_0027445,nv,nv,6.452743e-08,1.2727684e-10,auto_accept,low_unc_low_risk
ISIC_0029073,nv,nv,4.1364906e-06,8.172075e-08,auto_accept,low_unc_low_risk
ISIC_0030454,nv,nv,0.00044688038,6.1784624e-07,auto_accept,low_unc_low_risk
ISIC_0025151,nv,nv,1.1560067e-05,2.0713429e-07,auto_accept,low_unc_low_risk
ISIC_0032223,nv,nv,7.510822e-07,5.1712936e-09,auto_accept,low_unc_low_risk
ISIC_0025293,nv,nv,1.3755529e-06,6.233727e-09,auto_accept,low_unc_low_risk
ISIC_0033905,mel,mel,0.0005996555,0.99992335,auto_accept,low_unc_low_risk
ISIC_0031994,nv,nv,7.839739e-07,1.2190334e-09,auto_accept,low_unc_low_risk
ISIC_0024311,nv,nv,9.698493e-06,2.240352e-07,auto_accept,low_unc_low_risk
ISIC_0025528,nv,nv,0.00022669122,8.741915e-07,auto_accept,low_unc_low_risk
ISIC_0030304,nv,nv,0.00030523678,1.120695e-07,auto_accept,low_unc_low_risk
ISIC_0032683,nv,nv,0.0019284409,1.4334906e-06,auto_accept,low_unc_low_risk
ISIC_0027720,nv,nv,3.097918e-05,7.2317626e-08,auto_accept,low_unc_low_risk
ISIC_0027364,nv,nv,5.3685994e-07,5.206346e-10,auto_accept,low_unc_low_risk
ISIC_0033513,nv,nv,0.00071247114,6.290041e-05,auto_accept,low_unc_low_risk
ISIC_0032440,nv,nv,1.4845002e-05,6.935483e-07,auto_accept,low_unc_low_risk
ISIC_0025886,nv,nv,1.7976598e-07,3.143894e-11,auto_accept,low_unc_low_risk
ISIC_0026990,nv,nv,2.4263313e-06,1.9713635e-09,auto_accept,low_unc_low_risk
ISIC_0029531,nv,nv,0.00027323072,1.2673028e-05,auto_accept,low_unc_low_risk
ISIC_0034214,vasc,vasc,0.0057998435,0.0035804897,escalate,low_unc_low_risk
ISIC_0033002,nv,nv,0.00031835717,2.010876e-05,auto_accept,low_unc_low_risk
ISIC_0032568,nv,nv,2.834163e-06,3.8422303e-07,auto_accept,low_unc_low_risk
ISIC_0026598,nv,nv,1.3651286e-05,1.7081959e-07,auto_accept,low_unc_low_risk
ISIC_0026878,nv,nv,2.1273487e-05,2.8886691e-07,auto_accept,low_unc_low_risk
ISIC_0031373,nv,nv,1.4646727e-06,2.3000773e-08,auto_accept,low_unc_low_risk
ISIC_0033909,nv,nv,2.8379698e-05,5.4141616e-08,auto_accept,low_unc_low_risk
ISIC_0032411,nv,nv,0.0010318392,0.00018721119,auto_accept,low_unc_low_risk
ISIC_0033542,nv,nv,3.6513245e-06,8.464098e-08,auto_accept,low_unc_low_risk
ISIC_0032084,nv,nv,3.891785e-07,3.954636e-09,auto_accept,low_unc_low_risk
ISIC_0030748,nv,nv,2.4330987e-08,3.1569636e-11,auto_accept,low_unc_low_risk
ISIC_0033417,nv,nv,4.194666e-05,9.916994e-07,auto_accept,low_unc_low_risk
ISIC_0031199,nv,nv,1.3818283e-05,4.6718947e-07,auto_accept,low_unc_low_risk
ISIC_0026985,nv,nv,3.9609013e-08,2.5849786e-10,auto_accept,low_unc_low_risk
ISIC_0033567,nv,nv,0.00026102574,4.2905773e-05,auto_accept,low_unc_low_risk
ISIC_0030405,nv,nv,5.645207e-06,1.566472e-07,auto_accept,low_unc_low_risk
ISIC_0027657,nv,nv,0.007649131,0.0012845589,escalate,low_unc_low_risk
ISIC_0027518,nv,nv,1.741998e-05,7.629228e-07,auto_accept,low_unc_low_risk
ISIC_0025976,nv,nv,1.381551e-08,6.299573e-13,auto_accept,low_unc_low_risk
ISIC_0024353,nv,nv,4.5850612e-07,1.9332855e-09,auto_accept,low_unc_low_risk
ISIC_0032077,nv,nv,1.08205676e-07,7.5474116e-10,auto_accept,low_unc_low_risk
ISIC_0030393,nv,nv,1.0532667e-07,9.229027e-10,auto_accept,low_unc_low_risk
ISIC_0026899,nv,nv,0.00025977773,8.757411e-07,auto_accept,low_unc_low_risk
ISIC_0024852,nv,nv,7.314327e-06,2.3646313e-08,auto_accept,low_unc_low_risk
ISIC_0028514,nv,nv,2.514339e-05,2.2780682e-08,auto_accept,low_unc_low_risk
ISIC_0031323,nv,nv,0.0005872622,3.1164116e-05,auto_accept,low_unc_low_risk
ISIC_0025240,nv,nv,0.0009497033,4.259849e-05,auto_accept,low_unc_low_risk
ISIC_0024438,nv,nv,2.9951227e-06,2.8942244e-08,auto_accept,low_unc_low_risk
ISIC_0025750,nv,nv,7.3896995e-06,1.0838204e-07,auto_accept,low_unc_low_risk
ISIC_0024399,nv,nv,0.0016614026,5.79493e-05,auto_accept,low_unc_low_risk
ISIC_0031246,nv,nv,3.951478e-07,7.2637625e-09,auto_accept,low_unc_low_risk
ISIC_0026900,nv,nv,1.381551e-08,3.9891905e-12,auto_accept,low_unc_low_risk
ISIC_0030777,nv,nv,5.2361514e-07,1.9805983e-08,auto_accept,low_unc_low_risk
ISIC_0026134,nv,nv,7.536217e-08,1.5605474e-10,auto_accept,low_unc_low_risk
ISIC_0031460,nv,nv,0.0027783853,7.1370596e-06,auto_accept,low_unc_low_risk
ISIC_0028485,nv,nv,8.7986766e-05,4.241591e-07,auto_accept,low_unc_low_risk
ISIC_0026560,nv,nv,9.149016e-05,5.353787e-06,auto_accept,low_unc_low_risk
ISIC_0031020,nv,nv,2.7624376e-06,1.4579392e-07,auto_accept,low_unc_low_risk
ISIC_0026641,nv,nv,7.2410234e-07,4.1555284e-09,auto_accept,low_unc_low_risk
ISIC_0030017,nv,nv,6.934619e-06,2.2606035e-07,auto_accept,low_unc_low_risk
ISIC_0032521,nv,nv,6.721562e-06,2.7246148e-07,auto_accept,low_unc_low_risk
ISIC_0026920,nv,nv,1.5281698e-07,3.598456e-10,auto_accept,low_unc_low_risk
ISIC_0024685,nv,nv,1.9429424e-06,1.5494074e-10,auto_accept,low_unc_low_risk
ISIC_0025441,nv,nv,4.4411267e-06,4.9452172e-08,auto_accept,low_unc_low_risk
ISIC_0027309,nv,nv,3.797039e-06,3.3542292e-08,auto_accept,low_unc_low_risk
ISIC_0031003,nv,nv,2.8247754e-07,1.2820764e-09,auto_accept,low_unc_low_risk
ISIC_0029902,nv,nv,0.0021359478,0.00011621086,auto_accept,low_unc_low_risk
ISIC_0032282,nv,nv,6.793927e-05,1.2937015e-07,auto_accept,low_unc_low_risk
ISIC_0028096,nv,nv,5.2559222e-05,1.4273355e-06,auto_accept,low_unc_low_risk
ISIC_0029471,nv,nv,6.14139e-06,5.6509013e-08,auto_accept,low_unc_low_risk
ISIC_0026591,nv,nv,0.0005082339,8.442575e-06,auto_accept,low_unc_low_risk
ISIC_0028143,nv,nv,0.000113168026,1.6564393e-07,auto_accept,low_unc_low_risk
ISIC_0027180,nv,nv,6.2689736e-07,3.1532597e-09,auto_accept,low_unc_low_risk
ISIC_0027280,nv,nv,4.0773688e-05,6.987146e-06,auto_accept,low_unc_low_risk
ISIC_0031638,nv,nv,9.052735e-05,5.921806e-07,auto_accept,low_unc_low_risk
ISIC_0030692,nv,nv,0.00047523147,1.5013677e-05,auto_accept,low_unc_low_risk
ISIC_0027542,nv,nv,4.1228756e-07,9.2039765e-10,auto_accept,low_unc_low_risk
ISIC_0024764,nv,nv,2.324409e-08,1.2478224e-10,auto_accept,low_unc_low_risk
ISIC_0025827,nv,nv,6.2915205e-05,1.1323142e-06,auto_accept,low_unc_low_risk
ISIC_0030614,nv,nv,1.8750764e-07,1.5592151e-09,auto_accept,low_unc_low_risk
ISIC_0026966,nv,nv,6.7077664e-08,2.125421e-10,auto_accept,low_unc_low_risk
ISIC_0032119,nv,nv,2.283098e-06,1.1590756e-08,auto_accept,low_unc_low_risk
ISIC_0032375,nv,nv,7.288014e-05,3.341989e-06,auto_accept,low_unc_low_risk
ISIC_0029686,nv,nv,1.4613893e-05,5.269445e-07,auto_accept,low_unc_low_risk
ISIC_0032121,nv,nv,2.6047092e-06,6.05495e-08,auto_accept,low_unc_low_risk
ISIC_0027484,nv,nv,6.432237e-06,1.16824474e-07,auto_accept,low_unc_low_risk
ISIC_0025473,nv,nv,0.00014668249,6.9423127e-06,auto_accept,low_unc_low_risk
ISIC_0024699,nv,nv,3.791687e-08,6.389575e-11,auto_accept,low_unc_low_risk
ISIC_0033065,nv,nv,1.198881e-05,1.2390349e-07,auto_accept,low_unc_low_risk
ISIC_0024788,nv,nv,4.166602e-05,2.877045e-07,auto_accept,low_unc_low_risk
ISIC_0027158,nv,nv,2.190554e-08,1.8493117e-10,auto_accept,low_unc_low_risk
ISIC_0025092,nv,nv,1.3916477e-07,2.22289e-09,auto_accept,low_unc_low_risk
ISIC_0031478,nv,nv,1.0243383e-05,3.2380703e-09,auto_accept,low_unc_low_risk
ISIC_0034100,mel,mel,9.6643835e-06,0.9999987,auto_accept,low_unc_low_risk
ISIC_0025797,nv,nv,2.9015155e-07,4.887741e-09,auto_accept,low_unc_low_risk
ISIC_0033826,nv,nv,0.0001504921,3.5589633e-06,auto_accept,low_unc_low_risk
ISIC_0032599,nv,nv,0.00083051913,5.308242e-05,auto_accept,low_unc_low_risk
ISIC_0026703,nv,nv,3.811128e-08,2.0468999e-10,auto_accept,low_unc_low_risk
ISIC_0029444,nv,nv,0.00017822943,9.454935e-10,auto_accept,low_unc_low_risk
ISIC_0028005,nv,nv,5.603598e-07,1.229429e-09,auto_accept,low_unc_low_risk
ISIC_0030146,nv,nv,0.00041163227,2.0616462e-05,auto_accept,low_unc_low_risk
ISIC_0030765,nv,nv,0.00018624058,8.770836e-06,auto_accept,low_unc_low_risk
ISIC_0027804,nv,nv,7.8213816e-05,7.882108e-09,auto_accept,low_unc_low_risk
ISIC_0027692,nv,nv,5.936877e-07,2.8839278e-10,auto_accept,low_unc_low_risk
ISIC_0031082,nv,nv,1.753533e-07,1.2937693e-09,auto_accept,low_unc_low_risk
ISIC_0030397,nv,nv,0.00095990545,2.4810344e-05,auto_accept,low_unc_low_risk
ISIC_0033932,nv,nv,0.00010610692,1.4112246e-06,auto_accept,low_unc_low_risk
ISIC_0025078,nv,nv,1.5576332e-05,7.8292635e-07,auto_accept,low_unc_low_risk
ISIC_0027524,nv,nv,1.5669631e-08,6.1182705e-11,auto_accept,low_unc_low_risk
ISIC_0028030,nv,nv,1.381551e-08,3.576892e-15,auto_accept,low_unc_low_risk
ISIC_0028923,nv,nv,0.0004326843,1.5280018e-06,auto_accept,low_unc_low_risk
ISIC_0032337,nv,nv,5.9464105e-06,8.8278156e-08,auto_accept,low_unc_low_risk
ISIC_0025194,nv,nv,0.0008842905,1.6029287e-06,auto_accept,low_unc_low_risk
ISIC_0027251,nv,nv,0.00029231445,1.4626604e-06,auto_accept,low_unc_low_risk
ISIC_0025098,nv,nv,8.8761866e-05,1.2914796e-08,auto_accept,low_unc_low_risk
ISIC_0032143,nv,nv,2.2846923e-06,2.9470778e-08,auto_accept,low_unc_low_risk
ISIC_0029016,nv,nv,1.4188639e-08,1.1756722e-12,auto_accept,low_unc_low_risk
ISIC_0025613,nv,nv,0.00039465108,4.9860284e-07,auto_accept,low_unc_low_risk
ISIC_0025344,nv,nv,4.90586e-08,2.509474e-10,auto_accept,low_unc_low_risk
ISIC_0029151,nv,nv,7.7446475e-06,8.9554156e-08,auto_accept,low_unc_low_risk
ISIC_0029273,nv,nv,3.0062913e-05,5.9087574e-07,auto_accept,low_unc_low_risk
ISIC_0029225,nv,nv,5.4777456e-07,2.683226e-09,auto_accept,low_unc_low_risk
ISIC_0025009,nv,nv,0.00016858781,7.1287076e-07,auto_accept,low_unc_low_risk
ISIC_0032012,nv,nv,9.545721e-05,2.6842696e-07,auto_accept,low_unc_low_risk
ISIC_0031355,nv,nv,2.2876877e-06,3.4681776e-08,auto_accept,low_unc_low_risk
ISIC_0025423,nv,nv,0.003659724,2.2330163e-05,escalate,low_unc_low_risk
ISIC_0025493,nv,nv,2.2028466e-07,1.2544261e-09,auto_accept,low_unc_low_risk
ISIC_0024614,nv,nv,9.1576817e-07,4.699006e-09,auto_accept,low_unc_low_risk
ISIC_0029785,nv,nv,2.535766e-06,3.548744e-08,auto_accept,low_unc_low_risk
ISIC_0030020,nv,nv,1.7430235e-06,9.966218e-09,auto_accept,low_unc_low_risk
ISIC_0030725,nv,nv,1.5722776e-08,8.211641e-11,auto_accept,low_unc_low_risk
ISIC_0030439,nv,nv,0.00078305433,2.4164085e-05,auto_accept,low_unc_low_risk
ISIC_0030262,nv,nv,6.4247956e-07,1.0159548e-08,auto_accept,low_unc_low_risk
ISIC_0028183,nv,nv,3.8563567e-06,1.2753699e-08,auto_accept,low_unc_low_risk
ISIC_0028933,nv,nv,6.10076e-06,2.7358869e-09,auto_accept,low_unc_low_risk
ISIC_0024559,nv,nv,0.0025591648,0.00010076617,auto_accept,low_unc_low_risk
ISIC_0032340,nv,nv,9.74462e-06,9.617161e-09,auto_accept,low_unc_low_risk
ISIC_0025002,nv,nv,1.9691794e-05,3.690136e-09,auto_accept,low_unc_low_risk
ISIC_0025425,vasc,vasc,1.534393e-08,1.8845923e-10,auto_accept,low_unc_low_risk
ISIC_0031135,nv,nv,2.283543e-05,1.539547e-07,auto_accept,low_unc_low_risk
ISIC_0033870,nv,nv,9.4493e-06,3.9866208e-07,auto_accept,low_unc_low_risk
ISIC_0030363,nv,nv,4.8920585e-05,1.45828e-06,auto_accept,low_unc_low_risk
ISIC_0032495,nv,nv,6.791869e-07,2.5104532e-08,auto_accept,low_unc_low_risk
ISIC_0033197,nv,nv,9.175991e-05,4.552652e-06,auto_accept,low_unc_low_risk
ISIC_0028674,nv,nv,1.982186e-06,1.3254871e-08,auto_accept,low_unc_low_risk
ISIC_0026594,nv,nv,0.0007976596,1.5838077e-05,auto_accept,low_unc_low_risk
ISIC_0024839,bkl,bkl,1.5239242e-05,2.060021e-06,auto_accept,low_unc_low_risk
ISIC_0028824,nv,nv,0.0010695587,5.9320864e-06,auto_accept,low_unc_low_risk
ISIC_0031625,nv,nv,0.0049059694,2.9379658e-05,escalate,low_unc_low_risk
ISIC_0032256,nv,nv,2.4809893e-08,1.163475e-11,auto_accept,low_unc_low_risk
ISIC_0025217,nv,nv,3.835051e-06,3.1040905e-08,auto_accept,low_unc_low_risk
ISIC_0030530,nv,nv,8.550011e-07,6.7566384e-09,auto_accept,low_unc_low_risk
ISIC_0025862,nv,nv,8.665137e-06,6.8587607e-09,auto_accept,low_unc_low_risk
ISIC_0026499,nv,nv,8.968298e-06,4.3917616e-08,auto_accept,low_unc_low_risk
ISIC_0028686,nv,nv,7.879398e-06,1.2607116e-07,auto_accept,low_unc_low_risk
ISIC_0028164,nv,nv,0.00065598945,4.731061e-06,auto_accept,low_unc_low_risk
ISIC_0033095,nv,nv,0.000463846,2.6742238e-05,auto_accept,low_unc_low_risk
ISIC_0027198,nv,nv,0.0004404439,3.695763e-06,auto_accept,low_unc_low_risk
ISIC_0030409,nv,nv,3.1589036e-07,2.577398e-09,auto_accept,low_unc_low_risk
ISIC_0025193,nv,nv,0.00021489829,5.9273702e-06,auto_accept,low_unc_low_risk
ISIC_0024539,akiec,bkl,1.381551e-08,7.724511e-09,auto_accept,low_unc_low_risk
ISIC_0028138,nv,nv,9.994011e-08,2.3383911e-10,auto_accept,low_unc_low_risk
ISIC_0025733,nv,nv,1.5627862e-06,3.6906304e-08,auto_accept,low_unc_low_risk
ISIC_0031492,nv,nv,9.214767e-05,1.2868074e-06,auto_accept,low_unc_low_risk
ISIC_0031861,nv,nv,1.7914264e-06,1.6478065e-11,auto_accept,low_unc_low_risk
ISIC_0026299,nv,nv,6.361273e-08,8.550768e-11,auto_accept,low_unc_low_risk
ISIC_0029861,nv,nv,1.2282704e-05,6.062081e-07,auto_accept,low_unc_low_risk
ISIC_0030703,nv,nv,5.7877896e-06,7.1444095e-10,auto_accept,low_unc_low_risk
ISIC_0033898,nv,nv,0.00081483746,2.6967373e-05,auto_accept,low_unc_low_risk
ISIC_0031835,nv,nv,7.290372e-05,1.4703762e-06,auto_accept,low_unc_low_risk
ISIC_0024430,nv,nv,3.6920497e-08,1.2760932e-11,auto_accept,low_unc_low_risk
ISIC_0029093,nv,nv,0.0015954538,2.3928533e-06,auto_accept,low_unc_low_risk
ISIC_0033062,nv,nv,6.516141e-05,3.6911238e-06,auto_accept,low_unc_low_risk
ISIC_0026448,nv,nv,2.881264e-05,8.434893e-07,auto_accept,low_unc_low_risk
ISIC_0031213,nv,nv,0.0040952554,0.00013564878,escalate,low_unc_low_risk
ISIC_0028533,nv,nv,0.00010820158,1.3921016e-07,auto_accept,low_unc_low_risk
ISIC_0025994,nv,nv,0.00030317207,7.558217e-06,auto_accept,low_unc_low_risk
ISIC_0031425,nv,nv,1.1404331e-05,3.302958e-07,auto_accept,low_unc_low_risk
ISIC_0024715,nv,nv,3.1215511e-06,8.657967e-11,auto_accept,low_unc_low_risk
ISIC_0031204,nv,nv,0.0018940117,1.9724008e-05,auto_accept,low_unc_low_risk
ISIC_0024691,nv,nv,0.052940957,0.0093719065,escalate,high_unc_low_risk
ISIC_0031338,nv,nv,1.381551e-08,1.3006358e-12,auto_accept,low_unc_low_risk
ISIC_0029950,nv,nv,0.006932005,1.1220205e-06,escalate,low_unc_low_risk
ISIC_0030779,nv,nv,0.0001393958,5.1580896e-06,auto_accept,low_unc_low_risk
ISIC_0031417,mel,nv,0.00043040293,8.026846e-06,auto_accept,low_unc_low_risk
ISIC_0031657,nv,nv,1.0640279e-07,1.6815395e-09,auto_accept,low_unc_low_risk
ISIC_0026762,nv,nv,1.631797e-05,8.492036e-09,auto_accept,low_unc_low_risk
ISIC_0033273,nv,nv,0.00030829903,2.650817e-07,auto_accept,low_unc_low_risk
ISIC_0029518,bkl,bkl,0.0022682636,0.0014757462,auto_accept,low_unc_low_risk
ISIC_0024316,nv,nv,0.00055965985,1.6548931e-05,auto_accept,low_unc_low_risk
ISIC_0025367,nv,nv,0.018415283,0.0011515785,escalate,high_unc_low_risk
ISIC_0025688,nv,nv,6.2382937e-06,3.299159e-09,auto_accept,low_unc_low_risk
ISIC_0026102,nv,nv,4.6444093e-06,1.5890342e-07,auto_accept,low_unc_low_risk
ISIC_0032523,nv,nv,4.4643193e-07,3.3643575e-09,auto_accept,low_unc_low_risk
ISIC_0029787,nv,nv,1.7708526e-06,1.5240753e-09,auto_accept,low_unc_low_risk
ISIC_0028948,nv,nv,1.6376543e-05,4.481795e-07,auto_accept,low_unc_low_risk
ISIC_0029181,nv,nv,1.9063029e-07,2.079603e-09,auto_accept,low_unc_low_risk
ISIC_0029939,nv,nv,0.000396649,4.971161e-06,auto_accept,low_unc_low_risk
ISIC_0030938,nv,nv,0.0015143369,8.706587e-05,auto_accept,low_unc_low_risk
ISIC_0031685,nv,nv,0.000126693,4.1225658e-06,auto_accept,low_unc_low_risk
ISIC_0032919,vasc,vasc,1.2013303e-06,3.7965506e-07,auto_accept,low_unc_low_risk
ISIC_0028355,nv,nv,2.0361397e-06,3.705547e-09,auto_accept,low_unc_low_risk
ISIC_0031687,nv,nv,1.6782642e-06,8.178215e-09,auto_accept,low_unc_low_risk
ISIC_0026007,nv,nv,2.055202e-05,2.0420975e-08,auto_accept,low_unc_low_risk
ISIC_0027510,nv,nv,4.205858e-08,1.3847277e-09,auto_accept,low_unc_low_risk
ISIC_0027342,nv,nv,0.0014810809,9.834689e-06,auto_accept,low_unc_low_risk
ISIC_0032916,nv,nv,1.3306663e-05,3.6714005e-07,auto_accept,low_unc_low_risk
ISIC_0024489,bkl,bkl,0.00012843897,0.0002495583,auto_accept,low_unc_low_risk
ISIC_0026016,bkl,bkl,3.58498e-06,1.16109845e-07,auto_accept,low_unc_low_risk
ISIC_0033153,nv,nv,0.00016538234,1.2831948e-06,auto_accept,low_unc_low_risk
ISIC_0024365,nv,nv,0.019073844,2.3130349e-06,escalate,high_unc_low_risk
ISIC_0026896,nv,nv,8.996194e-06,6.3854517e-09,auto_accept,low_unc_low_risk
ISIC_0025495,nv,nv,0.00041255204,5.1764955e-06,auto_accept,low_unc_low_risk
ISIC_0031907,nv,nv,1.1822506e-06,2.3494719e-08,auto_accept,low_unc_low_risk
ISIC_0032628,nv,nv,1.04582185e-07,3.2475274e-09,auto_accept,low_unc_low_risk
ISIC_0028561,nv,nv,1.69592e-08,1.4895474e-14,auto_accept,low_unc_low_risk
ISIC_0028126,mel,nv,1.247748e-06,4.2839186e-08,auto_accept,low_unc_low_risk
ISIC_0025440,nv,nv,1.4772694e-06,1.6012235e-15,auto_accept,low_unc_low_risk
ISIC_0024796,nv,nv,4.149345e-06,2.0623306e-08,auto_accept,low_unc_low_risk
ISIC_0024444,nv,nv,3.6720474e-05,6.538589e-08,auto_accept,low_unc_low_risk
ISIC_0028162,nv,nv,0.0002196698,5.351993e-07,auto_accept,low_unc_low_risk
ISIC_0031785,nv,nv,8.503385e-05,9.637657e-08,auto_accept,low_unc_low_risk
ISIC_0025921,nv,nv,7.3238266e-07,7.0490946e-09,auto_accept,low_unc_low_risk
ISIC_0032358,bkl,bkl,0.0016598689,0.00036758077,auto_accept,low_unc_low_risk
ISIC_0025922,nv,nv,0.00049145886,1.0714284e-07,auto_accept,low_unc_low_risk
ISIC_0030312,nv,df,0.0017657556,0.0013616431,auto_accept,low_unc_low_risk
ISIC_0027499,nv,nv,0.00018986873,6.379358e-06,auto_accept,low_unc_low_risk
ISIC_0024828,nv,nv,0.0002313422,1.3572624e-07,auto_accept,low_unc_low_risk
ISIC_0029361,nv,nv,0.0004586025,1.4221671e-05,auto_accept,low_unc_low_risk
ISIC_0032088,nv,nv,1.3947109e-08,7.839176e-11,auto_accept,low_unc_low_risk
ISIC_0027551,nv,nv,5.2911247e-08,1.2298218e-11,auto_accept,low_unc_low_risk
ISIC_0029463,nv,nv,0.00400426,2.6640919e-06,escalate,low_unc_low_risk
ISIC_0033410,bkl,bkl,6.5457876e-05,2.046295e-05,auto_accept,low_unc_low_risk
ISIC_0027816,nv,nv,0.00036957572,1.0038591e-05,auto_accept,low_unc_low_risk
ISIC_0031184,nv,nv,8.6719446e-08,8.7349634e-11,auto_accept,low_unc_low_risk
ISIC_0030362,nv,nv,0.000113231574,4.5437758e-07,auto_accept,low_unc_low_risk
ISIC_0027946,nv,nv,4.199556e-07,8.3336255e-11,auto_accept,low_unc_low_risk
ISIC_0027412,nv,nv,0.0025316076,0.0001321614,auto_accept,low_unc_low_risk
ISIC_0031248,nv,nv,3.176912e-05,1.3143617e-06,auto_accept,low_unc_low_risk
ISIC_0027778,nv,nv,3.2101326e-08,7.3283254e-11,auto_accept,low_unc_low_risk
ISIC_0031788,nv,nv,7.3181964e-06,4.5213117e-08,auto_accept,low_unc_low_risk
ISIC_0028530,nv,nv,1.381551e-08,2.2992445e-15,auto_accept,low_unc_low_risk
ISIC_0024735,nv,nv,2.2708198e-08,4.380887e-11,auto_accept,low_unc_low_risk
ISIC_0031568,nv,nv,1.0071735e-05,1.05537495e-07,auto_accept,low_unc_low_risk
ISIC_0028879,nv,nv,0.00026358897,2.8729076e-07,auto_accept,low_unc_low_risk
ISIC_0028790,df,df,3.9741315e-07,4.4233253e-05,auto_accept,low_unc_low_risk
ISIC_0026106,nv,nv,1.0570158e-05,7.8876894e-07,auto_accept,low_unc_low_risk
ISIC_0030282,nv,nv,0.0010393048,8.52811e-05,auto_accept,low_unc_low_risk
ISIC_0026969,nv,nv,2.5211227e-06,2.0047592e-08,auto_accept,low_unc_low_risk
ISIC_0028700,nv,nv,0.00020322204,1.2097619e-06,auto_accept,low_unc_low_risk
ISIC_0029063,nv,nv,1.026134e-05,1.9311552e-09,auto_accept,low_unc_low_risk
ISIC_0025053,nv,nv,0.00021785265,1.430238e-06,auto_accept,low_unc_low_risk
ISIC_0029240,nv,nv,5.025483e-06,8.103223e-08,auto_accept,low_unc_low_risk
ISIC_0027743,nv,nv,1.1413827e-06,3.334423e-08,auto_accept,low_unc_low_risk
ISIC_0025949,nv,nv,1.381551e-08,1.825641e-14,auto_accept,low_unc_low_risk
ISIC_0028421,nv,nv,1.8941315e-05,5.5928884e-09,auto_accept,low_unc_low_risk
ISIC_0027586,nv,nv,0.00016613408,9.362432e-09,auto_accept,low_unc_low_risk
ISIC_0028809,nv,nv,0.020865899,0.00017380944,escalate,high_unc_low_risk
ISIC_0024917,nv,nv,0.00078826107,2.152114e-08,auto_accept,low_unc_low_risk
ISIC_0028021,nv,nv,1.02327385e-05,2.8474996e-09,auto_accept,low_unc_low_risk
ISIC_0027032,nv,nv,1.013634e-06,1.1389249e-08,auto_accept,low_unc_low_risk
ISIC_0031179,nv,nv,2.4359912e-05,7.7513886e-07,auto_accept,low_unc_low_risk
ISIC_0031873,nv,nv,3.477438e-05,5.5592935e-08,auto_accept,low_unc_low_risk
ISIC_0025059,nv,nv,0.000558358,1.0746211e-05,auto_accept,low_unc_low_risk
ISIC_0030865,nv,nv,8.010283e-08,8.9544e-10,auto_accept,low_unc_low_risk
ISIC_0033741,nv,nv,0.0013078105,1.3107719e-05,auto_accept,low_unc_low_risk
ISIC_0028247,nv,nv,0.0016802645,1.9090758e-05,auto_accept,low_unc_low_risk
ISIC_0031894,nv,nv,0.00016559902,2.6157422e-06,auto_accept,low_unc_low_risk
ISIC_0027647,nv,nv,4.1466843e-05,1.6888871e-06,auto_accept,low_unc_low_risk
ISIC_0030169,nv,nv,4.8605336e-05,3.8625325e-07,auto_accept,low_unc_low_risk
ISIC_0024706,vasc,vasc,1.381551e-08,6.4167915e-13,auto_accept,low_unc_low_risk
ISIC_0031920,nv,nv,0.001875292,1.4098094e-07,auto_accept,low_unc_low_risk
ISIC_0033800,nv,nv,0.00051173224,2.1341857e-05,auto_accept,low_unc_low_risk
ISIC_0030715,nv,nv,0.0001763868,1.576826e-07,auto_accept,low_unc_low_risk
ISIC_0024381,bkl,bkl,1.9309506e-07,8.244923e-07,auto_accept,low_unc_low_risk
ISIC_0032037,nv,nv,2.1710359e-07,2.0825004e-09,auto_accept,low_unc_low_risk
ISIC_0029032,bkl,bkl,2.6074184e-05,7.643855e-06,auto_accept,low_unc_low_risk
ISIC_0031992,nv,nv,1.381551e-08,3.254959e-11,auto_accept,low_unc_low_risk
ISIC_0031409,nv,nv,0.00010776329,6.0051725e-06,auto_accept,low_unc_low_risk
ISIC_0028507,nv,nv,3.3382534e-08,1.8298106e-10,auto_accept,low_unc_low_risk
ISIC_0030658,nv,nv,1.8924046e-08,8.9708754e-11,auto_accept,low_unc_low_risk
ISIC_0027799,nv,nv,2.7871492e-06,6.975443e-08,auto_accept,low_unc_low_risk
ISIC_0029154,nv,nv,0.00012320321,3.5128878e-06,auto_accept,low_unc_low_risk
ISIC_0028682,nv,nv,6.2807696e-05,6.870427e-09,auto_accept,low_unc_low_risk
ISIC_0033047,mel,mel,0.00047827,0.9999602,auto_accept,low_unc_low_risk
ISIC_0027212,nv,nv,0.003445155,3.3486601e-06,escalate,low_unc_low_risk
ISIC_0025914,nv,nv,0.0018377417,2.128537e-05,auto_accept,low_unc_low_risk
ISIC_0024678,nv,nv,5.2396263e-05,8.280286e-09,auto_accept,low_unc_low_risk
ISIC_0026392,nv,nv,8.011537e-07,4.700008e-10,auto_accept,low_unc_low_risk
ISIC_0027228,nv,nv,3.7926577e-05,6.674499e-08,auto_accept,low_unc_low_risk
ISIC_0024988,nv,nv,2.2434182e-05,4.0675143e-08,auto_accept,low_unc_low_risk
ISIC_0025868,nv,nv,0.0005067941,1.2094804e-06,auto_accept,low_unc_low_risk
ISIC_0032159,bkl,bkl,0.017711993,0.052092765,escalate,high_unc_low_risk
ISIC_0032039,nv,nv,4.304817e-06,1.437656e-08,auto_accept,low_unc_low_risk
ISIC_0025578,vasc,vasc,3.8689503e-08,2.0110402e-08,auto_accept,low_unc_low_risk
ISIC_0030848,nv,nv,8.13578e-08,4.775625e-10,auto_accept,low_unc_low_risk
ISIC_0033753,nv,nv,0.0008303145,2.6558498e-06,auto_accept,low_unc_low_risk
ISIC_0031182,nv,nv,0.0003379623,2.305002e-06,auto_accept,low_unc_low_risk
ISIC_0029814,nv,nv,9.2883926e-07,2.8185434e-08,auto_accept,low_unc_low_risk
ISIC_0026199,nv,nv,4.6156074e-05,2.0094896e-07,auto_accept,low_unc_low_risk
ISIC_0024645,nv,nv,6.9293196e-07,4.931077e-09,auto_accept,low_unc_low_risk
ISIC_0028405,nv,nv,0.00056624576,5.098458e-06,auto_accept,low_unc_low_risk
ISIC_0030212,nv,nv,0.00013996671,7.338249e-06,auto_accept,low_unc_low_risk
ISIC_0025590,nv,nv,1.381551e-08,1.6905501e-13,auto_accept,low_unc_low_risk
ISIC_0029200,nv,nv,5.703572e-05,9.757715e-07,auto_accept,low_unc_low_risk
ISIC_0034208,mel,mel,0.00048951444,0.99995196,auto_accept,low_unc_low_risk
ISIC_0026708,nv,nv,4.5873026e-06,1.702291e-07,auto_accept,low_unc_low_risk
ISIC_0029769,nv,nv,4.0235074e-05,1.3574271e-06,auto_accept,low_unc_low_risk
ISIC_0030283,vasc,vasc,3.495398e-08,5.2435725e-12,auto_accept,low_unc_low_risk
ISIC_0028521,nv,nv,9.0256606e-07,3.35165e-09,auto_accept,low_unc_low_risk
ISIC_0030300,nv,nv,0.00016627877,3.799035e-06,auto_accept,low_unc_low_risk
ISIC_0034081,nv,nv,3.1977885e-05,1.4914901e-06,auto_accept,low_unc_low_risk
ISIC_0029255,nv,nv,1.5625023e-08,1.0712971e-12,auto_accept,low_unc_low_risk
ISIC_0030466,nv,nv,5.6354637e-08,1.8329195e-10,auto_accept,low_unc_low_risk
ISIC_0029625,nv,nv,6.08717e-05,9.338213e-07,auto_accept,low_unc_low_risk
ISIC_0028864,nv,nv,3.7316193e-05,1.3660657e-06,auto_accept,low_unc_low_risk
ISIC_0027626,df,df,1.381551e-08,8.0514356e-10,auto_accept,low_unc_low_risk
ISIC_0025072,nv,nv,6.544825e-08,2.4531008e-10,auto_accept,low_unc_low_risk
ISIC_0033671,nv,nv,0.0057870275,0.00014203868,escalate,low_unc_low_risk
ISIC_0026986,nv,nv,5.8364535e-06,8.74713e-08,auto_accept,low_unc_low_risk
ISIC_0026098,nv,nv,2.634246e-05,3.4256908e-07,auto_accept,low_unc_low_risk
ISIC_0029649,nv,nv,2.578623e-06,1.192837e-07,auto_accept,low_unc_low_risk
ISIC_0033841,nv,nv,1.8505789e-05,5.817905e-07,auto_accept,low_unc_low_risk
ISIC_0034193,nv,nv,2.2027425e-07,6.3595107e-10,auto_accept,low_unc_low_risk
ISIC_0031053,nv,nv,0.00022947972,1.2394712e-05,auto_accept,low_unc_low_risk
ISIC_0026740,nv,nv,3.41162e-08,6.753449e-11,auto_accept,low_unc_low_risk
ISIC_0029596,bkl,bkl,0.00018064823,4.8654e-05,auto_accept,low_unc_low_risk
ISIC_0024713,nv,nv,1.6131994e-06,1.4751496e-08,auto_accept,low_unc_low_risk
ISIC_0028360,nv,nv,3.8804906e-06,2.1133125e-07,auto_accept,low_unc_low_risk
ISIC_0033880,nv,nv,2.925186e-07,1.8387821e-09,auto_accept,low_unc_low_risk
ISIC_0026189,nv,nv,0.00019277023,5.8626915e-06,auto_accept,low_unc_low_risk
ISIC_0024978,nv,nv,1.00522675e-05,1.9005494e-08,auto_accept,low_unc_low_risk
ISIC_0033918,nv,nv,3.348971e-05,8.713527e-08,auto_accept,low_unc_low_risk
ISIC_0029317,nv,nv,8.8222964e-07,7.998406e-08,auto_accept,low_unc_low_risk
ISIC_0032499,nv,nv,2.8634648e-08,3.9851317e-11,auto_accept,low_unc_low_risk
ISIC_0027750,nv,nv,1.8815789e-06,1.3131103e-10,auto_accept,low_unc_low_risk
ISIC_0033352,nv,nv,0.0014970266,1.9800165e-08,auto_accept,low_unc_low_risk
ISIC_0032266,nv,nv,0.007841021,5.119742e-05,escalate,low_unc_low_risk
ISIC_0027020,nv,nv,6.020266e-07,3.042634e-09,auto_accept,low_unc_low_risk
ISIC_0030811,nv,nv,1.6092383e-08,1.8509365e-12,auto_accept,low_unc_low_risk
ISIC_0031051,nv,nv,0.00012268407,2.7614203e-06,auto_accept,low_unc_low_risk
ISIC_0028784,nv,nv,0.0016098425,3.6537335e-07,auto_accept,low_unc_low_risk
ISIC_0029708,nv,nv,9.529397e-06,2.9238645e-08,auto_accept,low_unc_low_risk
ISIC_0024576,nv,nv,6.840129e-07,2.2056999e-10,auto_accept,low_unc_low_risk
ISIC_0026727,nv,nv,0.00014974574,2.4230866e-07,auto_accept,low_unc_low_risk
ISIC_0025933,nv,nv,0.00018588993,1.2042447e-06,auto_accept,low_unc_low_risk
ISIC_0025251,nv,nv,0.00020596443,3.2699318e-06,auto_accept,low_unc_low_risk
ISIC_0024906,nv,nv,0.008039856,0.0001633944,escalate,low_unc_low_risk
ISIC_0031736,nv,nv,2.0764945e-07,3.7131985e-11,auto_accept,low_unc_low_risk
ISIC_0028152,nv,nv,0.0021596914,1.584421e-05,auto_accept,low_unc_low_risk
ISIC_0024807,nv,nv,2.331192e-05,5.547731e-10,auto_accept,low_unc_low_risk
ISIC_0027729,nv,nv,0.0008337239,6.773853e-05,auto_accept,low_unc_low_risk
ISIC_0030617,nv,nv,0.017564798,7.339411e-06,escalate,high_unc_low_risk
ISIC_0027485,nv,nv,0.0005661708,3.9808115e-06,auto_accept,low_unc_low_risk
ISIC_0027164,nv,nv,0.00032103056,1.4183462e-05,auto_accept,low_unc_low_risk
ISIC_0030100,nv,nv,3.8506645e-05,2.648307e-08,auto_accept,low_unc_low_risk
ISIC_0026325,nv,nv,6.5641914e-05,4.1174135e-09,auto_accept,low_unc_low_risk
ISIC_0033837,nv,nv,0.003877247,9.7814685e-05,escalate,low_unc_low_risk
ISIC_0030632,nv,nv,4.6831396e-08,8.585479e-11,auto_accept,low_unc_low_risk
ISIC_0033495,nv,nv,0.000692515,3.9796454e-05,auto_accept,low_unc_low_risk
ISIC_0029800,nv,nv,5.0570223e-05,1.0461273e-06,auto_accept,low_unc_low_risk
ISIC_0031130,bkl,bkl,3.0152365e-05,4.865043e-05,auto_accept,low_unc_low_risk
ISIC_0029096,nv,nv,2.2301853e-08,3.7199823e-11,auto_accept,low_unc_low_risk
ISIC_0030380,nv,nv,0.00064911606,1.5194114e-05,auto_accept,low_unc_low_risk
ISIC_0033045,nv,nv,0.00022448022,1.6146847e-05,auto_accept,low_unc_low_risk
ISIC_0027938,nv,nv,1.22485835e-05,1.2024368e-07,auto_accept,low_unc_low_risk
ISIC_0031391,nv,nv,3.1115064e-07,5.212573e-11,auto_accept,low_unc_low_risk
ISIC_0026673,nv,nv,9.601476e-06,1.5373104e-08,auto_accept,low_unc_low_risk
ISIC_0024663,nv,nv,5.0780313e-06,4.233458e-09,auto_accept,low_unc_low_risk
ISIC_0026880,nv,nv,1.2437783e-05,2.6108276e-07,auto_accept,low_unc_low_risk
ISIC_0031947,nv,nv,1.7967973e-06,4.293749e-09,auto_accept,low_unc_low_risk
ISIC_0032728,nv,nv,3.4452028e-06,1.7649023e-09,auto_accept,low_unc_low_risk
ISIC_0026300,nv,nv,1.5004338e-05,3.0875484e-07,auto_accept,low_unc_low_risk
ISIC_0026951,nv,nv,2.4981307e-07,4.8589327e-10,auto_accept,low_unc_low_risk
ISIC_0026093,nv,nv,1.9703966e-08,3.1927395e-11,auto_accept,low_unc_low_risk
ISIC_0033259,nv,nv,0.0030036557,7.191011e-05,escalate,low_unc_low_risk
ISIC_0028038,nv,nv,2.046711e-07,4.495559e-11,auto_accept,low_unc_low_risk
ISIC_0025820,nv,nv,1.1924517e-05,4.942143e-07,auto_accept,low_unc_low_risk
ISIC_0028004,nv,nv,2.988393e-08,1.7135229e-11,auto_accept,low_unc_low_risk
ISIC_0025052,nv,nv,0.0025963935,7.3914034e-06,auto_accept,low_unc_low_risk
ISIC_0029734,nv,nv,1.4354454e-06,1.3630262e-08,auto_accept,low_unc_low_risk
ISIC_0029829,nv,nv,8.3787796e-05,3.730074e-06,auto_accept,low_unc_low_risk
ISIC_0025496,nv,nv,0.00033080974,4.9243963e-06,auto_accept,low_unc_low_risk
ISIC_0024534,nv,nv,0.0010846148,3.395095e-05,auto_accept,low_unc_low_risk
ISIC_0031340,nv,nv,1.544551e-05,1.6298071e-07,auto_accept,low_unc_low_risk
ISIC_0028257,nv,nv,1.381551e-08,3.3182552e-13,auto_accept,low_unc_low_risk
ISIC_0029906,nv,nv,0.00069149805,1.7811815e-05,auto_accept,low_unc_low_risk
ISIC_0028541,nv,nv,5.4442726e-06,1.9762592e-07,auto_accept,low_unc_low_risk
ISIC_0029832,nv,nv,0.0001748549,5.1299407e-06,auto_accept,low_unc_low_risk
ISIC_0031842,nv,nv,1.381551e-08,7.181745e-15,auto_accept,low_unc_low_risk
ISIC_0025498,nv,nv,2.2009002e-07,4.5381113e-10,auto_accept,low_unc_low_risk
ISIC_0026801,nv,nv,1.45093795e-08,1.7473759e-11,auto_accept,low_unc_low_risk
ISIC_0027891,nv,nv,5.0649673e-05,4.153479e-07,auto_accept,low_unc_low_risk
ISIC_0026428,nv,nv,1.1894153e-06,3.2113412e-08,auto_accept,low_unc_low_risk
ISIC_0029523,nv,nv,1.4785113e-06,4.0299124e-09,auto_accept,low_unc_low_risk
ISIC_0025943,nv,nv,1.6290745e-05,2.0418139e-07,auto_accept,low_unc_low_risk
ISIC_0024659,nv,nv,5.8554986e-05,2.3851882e-07,auto_accept,low_unc_low_risk
ISIC_0032260,nv,nv,1.076237e-05,3.6587616e-07,auto_accept,low_unc_low_risk
ISIC_0025074,nv,nv,0.0026108222,0.00026868333,auto_accept,low_unc_low_risk
ISIC_0026165,nv,nv,7.736572e-05,1.7382312e-07,auto_accept,low_unc_low_risk
ISIC_0030307,nv,nv,0.00021790127,6.5608504e-07,auto_accept,low_unc_low_risk
ISIC_0030626,nv,nv,0.012329949,0.0017534137,escalate,low_unc_low_risk
ISIC_0030379,nv,nv,7.580871e-05,1.3640779e-06,auto_accept,low_unc_low_risk
ISIC_0025878,nv,nv,2.6566991e-05,6.7325334e-07,auto_accept,low_unc_low_risk
ISIC_0033892,nv,nv,0.00017915049,1.6881248e-05,auto_accept,low_unc_low_risk
ISIC_0031235,nv,nv,1.7297255e-06,1.0049208e-09,auto_accept,low_unc_low_risk
ISIC_0031282,nv,nv,0.00036297727,6.416651e-06,auto_accept,low_unc_low_risk
ISIC_0026059,nv,nv,1.8329398e-07,4.393359e-09,auto_accept,low_unc_low_risk
ISIC_0027377,nv,nv,4.143565e-07,2.7653237e-09,auto_accept,low_unc_low_risk
ISIC_0028073,nv,nv,9.516109e-06,2.102694e-07,auto_accept,low_unc_low_risk
ISIC_0025190,nv,nv,2.5758313e-08,6.400175e-11,auto_accept,low_unc_low_risk
ISIC_0030875,nv,nv,1.7300773e-06,1.638936e-11,auto_accept,low_unc_low_risk
ISIC_0025091,nv,nv,1.9771166e-07,3.259044e-09,auto_accept,low_unc_low_risk
ISIC_0028612,nv,nv,1.381551e-08,9.843702e-13,auto_accept,low_unc_low_risk
ISIC_0025817,nv,nv,0.00037557556,2.6072892e-05,auto_accept,low_unc_low_risk
ISIC_0026997,nv,nv,3.879308e-06,2.371533e-08,auto_accept,low_unc_low_risk
ISIC_0032996,nv,nv,4.103281e-05,7.9640307e-07,auto_accept,low_unc_low_risk
ISIC_0030315,nv,nv,0.00046023997,1.5050504e-05,auto_accept,low_unc_low_risk
ISIC_0026110,nv,nv,1.953439e-06,5.8690297e-08,auto_accept,low_unc_low_risk
ISIC_0025087,nv,nv,8.502776e-05,3.5850917e-06,auto_accept,low_unc_low_risk
ISIC_0028341,nv,nv,5.920167e-06,1.15033686e-07,auto_accept,low_unc_low_risk
ISIC_0028802,nv,nv,9.0599915e-06,1.2202252e-08,auto_accept,low_unc_low_risk
ISIC_0030431,nv,nv,2.1972578e-08,1.0721986e-12,auto_accept,low_unc_low_risk
ISIC_0031279,nv,nv,4.3770947e-07,6.730319e-10,auto_accept,low_unc_low_risk
ISIC_0026943,nv,nv,3.1921857e-07,1.7630544e-10,auto_accept,low_unc_low_risk
ISIC_0028334,nv,nv,3.643589e-05,8.963051e-09,auto_accept,low_unc_low_risk
ISIC_0025469,nv,nv,0.00012866406,1.4263327e-06,auto_accept,low_unc_low_risk
ISIC_0027860,nv,nv,4.271669e-06,4.406815e-08,auto_accept,low_unc_low_risk
ISIC_0026965,nv,nv,0.001423473,4.838254e-05,auto_accept,low_unc_low_risk
ISIC_0031688,nv,nv,3.739385e-06,5.1858358e-08,auto_accept,low_unc_low_risk
ISIC_0031144,nv,nv,8.74329e-05,5.8587062e-08,auto_accept,low_unc_low_risk
ISIC_0029605,nv,nv,1.5133082e-06,7.520716e-09,auto_accept,low_unc_low_risk
ISIC_0024568,nv,nv,2.8215718e-08,4.411591e-12,auto_accept,low_unc_low_risk
ISIC_0024627,nv,nv,2.925871e-05,7.4323054e-08,auto_accept,low_unc_low_risk
ISIC_0025048,nv,nv,3.1986465e-06,2.9662628e-08,auto_accept,low_unc_low_risk
ISIC_0028963,nv,nv,0.0013709287,4.739858e-06,auto_accept,low_unc_low_risk
ISIC_0027567,nv,nv,5.1333764e-06,1.01562776e-07,auto_accept,low_unc_low_risk
ISIC_0029925,nv,nv,1.381551e-08,2.2650106e-11,auto_accept,low_unc_low_risk
ISIC_0029540,nv,nv,0.0002840114,6.980526e-07,auto_accept,low_unc_low_risk
ISIC_0031271,df,df,1.381551e-08,1.0238814e-09,auto_accept,low_unc_low_risk
ISIC_0031587,nv,nv,5.675109e-08,9.7471205e-11,auto_accept,low_unc_low_risk
ISIC_0032406,nv,nv,0.00018747167,5.6052794e-08,auto_accept,low_unc_low_risk
ISIC_0025775,nv,nv,3.5490452e-06,3.1496786e-08,auto_accept,low_unc_low_risk
ISIC_0024397,nv,nv,3.0292193e-07,4.2533743e-10,auto_accept,low_unc_low_risk
ISIC_0028522,nv,nv,4.0493453e-07,2.567144e-09,auto_accept,low_unc_low_risk
ISIC_0030600,nv,nv,8.818855e-05,1.9265192e-06,auto_accept,low_unc_low_risk
ISIC_0025426,nv,nv,9.3995817e-07,4.6410733e-09,auto_accept,low_unc_low_risk
ISIC_0033202,nv,nv,0.0017098901,7.790831e-05,auto_accept,low_unc_low_risk
ISIC_0028564,nv,nv,3.7430415e-05,2.115209e-06,auto_accept,low_unc_low_risk
ISIC_0026006,nv,nv,0.0013950446,1.0912356e-05,auto_accept,low_unc_low_risk
ISIC_0032864,nv,nv,0.002899406,2.448967e-06,auto_accept,low_unc_low_risk
ISIC_0026308,nv,nv,1.2062345e-06,7.0303234e-09,auto_accept,low_unc_low_risk
ISIC_0024643,bkl,bkl,3.809693e-06,3.586489e-08,auto_accept,low_unc_low_risk
ISIC_0029960,nv,nv,5.8203298e-08,3.2173156e-10,auto_accept,low_unc_low_risk
ISIC_0033207,nv,nv,8.763566e-05,7.2943925e-07,auto_accept,low_unc_low_risk
ISIC_0029117,nv,nv,5.6764395e-07,1.6933063e-09,auto_accept,low_unc_low_risk
ISIC_0032749,nv,nv,1.381551e-08,3.5114535e-17,auto_accept,low_unc_low_risk
ISIC_0030921,nv,nv,0.0009869158,0.00012213568,auto_accept,low_unc_low_risk
ISIC_0025979,nv,nv,0.00088672043,2.6794842e-07,auto_accept,low_unc_low_risk
ISIC_0028801,nv,nv,3.824676e-06,5.2052094e-08,auto_accept,low_unc_low_risk
ISIC_0032734,nv,nv,1.849691e-06,9.2556014e-08,auto_accept,low_unc_low_risk
ISIC_0031946,nv,nv,2.1630285e-07,2.3227362e-09,auto_accept,low_unc_low_risk
ISIC_0027035,nv,nv,5.835708e-07,8.03783e-09,auto_accept,low_unc_low_risk
ISIC_0026977,nv,nv,1.319285e-07,1.661968e-09,auto_accept,low_unc_low_risk
ISIC_0032474,nv,nv,2.7044525e-06,4.206556e-10,auto_accept,low_unc_low_risk
ISIC_0034098,nv,nv,1.4945195e-08,1.6340988e-10,auto_accept,low_unc_low_risk
ISIC_0033865,bkl,bkl,0.00025608356,4.6993495e-07,auto_accept,low_unc_low_risk
ISIC_0026505,nv,nv,1.381551e-08,1.214033e-13,auto_accept,low_unc_low_risk
ISIC_0027674,nv,nv,0.0012012115,9.222287e-05,auto_accept,low_unc_low_risk
ISIC_0029270,bkl,bkl,0.00014594261,8.8896355e-05,auto_accept,low_unc_low_risk
ISIC_0029077,nv,nv,4.585562e-05,1.9521732e-08,auto_accept,low_unc_low_risk
ISIC_0028025,nv,nv,8.328915e-05,2.0793736e-06,auto_accept,low_unc_low_risk
ISIC_0034250,nv,nv,0.0005378441,6.3743073e-07,auto_accept,low_unc_low_risk
ISIC_0027918,nv,nv,5.481567e-07,8.0008405e-10,auto_accept,low_unc_low_risk
ISIC_0024565,nv,nv,2.606471e-05,6.6409547e-07,auto_accept,low_unc_low_risk
ISIC_0029307,nv,nv,3.9434175e-07,1.9902044e-09,auto_accept,low_unc_low_risk
ISIC_0033543,nv,nv,0.0005765378,1.2627922e-06,auto_accept,low_unc_low_risk
ISIC_0024536,nv,nv,0.0003856089,1.41980245e-05,auto_accept,low_unc_low_risk
ISIC_0028742,nv,nv,9.0313195e-05,2.1829389e-07,auto_accept,low_unc_low_risk
ISIC_0030719,nv,nv,0.0038130071,3.6400386e-05,escalate,low_unc_low_risk
ISIC_0026160,nv,nv,2.671556e-07,5.780494e-09,auto_accept,low_unc_low_risk
ISIC_0025545,nv,nv,2.8854809e-05,4.2445205e-08,auto_accept,low_unc_low_risk
ISIC_0026683,nv,nv,3.8518112e-07,1.0833219e-08,auto_accept,low_unc_low_risk
ISIC_0028595,nv,nv,0.0005344923,2.879139e-07,auto_accept,low_unc_low_risk
ISIC_0026570,nv,nv,8.5627937e-07,1.2043426e-08,auto_accept,low_unc_low_risk
ISIC_0029294,nv,nv,1.2147382e-06,1.9703345e-08,auto_accept,low_unc_low_risk
ISIC_0028737,nv,nv,1.381551e-08,5.7197666e-13,auto_accept,low_unc_low_risk
ISIC_0031313,nv,nv,0.0010480308,2.2456845e-05,auto_accept,low_unc_low_risk
ISIC_0030931,nv,nv,2.582302e-07,2.5693778e-09,auto_accept,low_unc_low_risk
ISIC_0028318,nv,nv,1.381551e-08,2.3784567e-14,auto_accept,low_unc_low_risk
ISIC_0029410,nv,nv,2.9648638e-06,1.2515755e-08,auto_accept,low_unc_low_risk
ISIC_0025580,nv,nv,1.6480695e-05,4.3170726e-07,auto_accept,low_unc_low_risk
ISIC_0030558,nv,nv,2.795618e-07,1.7668889e-10,auto_accept,low_unc_low_risk
ISIC_0028157,nv,nv,1.381551e-08,4.9823865e-12,auto_accept,low_unc_low_risk
ISIC_0032401,nv,nv,7.209137e-06,9.951548e-10,auto_accept,low_unc_low_risk
ISIC_0029670,nv,nv,0.0001287248,1.7695118e-07,auto_accept,low_unc_low_risk
ISIC_0025399,nv,nv,3.2579578e-07,8.27427e-09,auto_accept,low_unc_low_risk
ISIC_0027347,nv,nv,0.00080585736,9.368809e-07,auto_accept,low_unc_low_risk
ISIC_0033830,nv,nv,0.0007662319,1.7825e-05,auto_accept,low_unc_low_risk
ISIC_0027217,nv,nv,6.502934e-08,4.6135695e-10,auto_accept,low_unc_low_risk
ISIC_0030799,nv,nv,7.3041992e-06,9.7765344e-08,auto_accept,low_unc_low_risk
ISIC_0027913,nv,nv,6.486206e-06,6.3539034e-08,auto_accept,low_unc_low_risk
ISIC_0026612,nv,nv,3.7915467e-07,3.7219097e-09,auto_accept,low_unc_low_risk
ISIC_0025747,nv,nv,0.00033462865,1.2793554e-06,auto_accept,low_unc_low_risk
ISIC_0029197,nv,nv,2.8828563e-06,6.030781e-08,auto_accept,low_unc_low_risk
ISIC_0031682,nv,nv,0.0007429014,1.04710625e-05,auto_accept,low_unc_low_risk
ISIC_0025365,nv,nv,0.008470812,1.7164572e-07,escalate,low_unc_low_risk
ISIC_0025290,nv,nv,4.0767695e-06,1.4771485e-08,auto_accept,low_unc_low_risk
ISIC_0031703,nv,nv,4.304829e-08,8.6282304e-10,auto_accept,low_unc_low_risk
ISIC_0024455,nv,nv,1.5875258e-06,1.5864881e-08,auto_accept,low_unc_low_risk
ISIC_0032452,nv,nv,0.00015427137,4.3485264e-07,auto_accept,low_unc_low_risk
ISIC_0027015,nv,nv,9.848785e-08,1.1694431e-09,auto_accept,low_unc_low_risk
ISIC_0026508,nv,nv,0.00044707142,3.838835e-07,auto_accept,low_unc_low_risk
ISIC_0033006,nv,nv,0.37765312,0.056689464,escalate,high_unc_low_risk
ISIC_0027039,nv,nv,5.9629194e-08,6.582567e-10,auto_accept,low_unc_low_risk
ISIC_0030908,nv,nv,5.054393e-06,5.302621e-07,auto_accept,low_unc_low_risk
ISIC_0028510,nv,nv,0.0027311319,0.00038217768,auto_accept,low_unc_low_risk
ISIC_0028466,nv,nv,4.9822185e-05,1.2440793e-06,auto_accept,low_unc_low_risk
ISIC_0025283,nv,nv,1.381551e-08,3.23091e-15,auto_accept,low_unc_low_risk
ISIC_0032754,nv,nv,0.0043260227,0.00040372278,escalate,low_unc_low_risk
ISIC_0026004,nv,nv,4.4085036e-07,5.3577176e-10,auto_accept,low_unc_low_risk
ISIC_0031869,nv,nv,1.1779037e-05,4.3106363e-09,auto_accept,low_unc_low_risk
ISIC_0030949,nv,nv,2.463501e-08,5.6666293e-11,auto_accept,low_unc_low_risk
ISIC_0030544,nv,nv,3.735793e-05,7.505643e-08,auto_accept,low_unc_low_risk
ISIC_0031139,nv,nv,7.385429e-07,4.8290647e-09,auto_accept,low_unc_low_risk
ISIC_0027758,nv,nv,5.3624e-05,4.409842e-07,auto_accept,low_unc_low_risk
ISIC_0030903,nv,nv,1.7774265e-06,6.1988414e-10,auto_accept,low_unc_low_risk
ISIC_0028125,nv,nv,0.00015531408,8.333428e-07,auto_accept,low_unc_low_risk
ISIC_0024677,nv,nv,0.00016746997,5.3212652e-06,auto_accept,low_unc_low_risk
ISIC_0028268,nv,nv,1.3889935e-06,2.7925264e-08,auto_accept,low_unc_low_risk
ISIC_0029346,nv,nv,0.03158964,3.3525203e-06,escalate,high_unc_low_risk
ISIC_0029165,nv,nv,7.3836954e-06,2.512167e-09,auto_accept,low_unc_low_risk
ISIC_0031188,nv,nv,0.00014433525,9.435931e-06,auto_accept,low_unc_low_risk
ISIC_0024945,nv,nv,0.002763395,6.169553e-05,auto_accept,low_unc_low_risk
ISIC_0030676,nv,nv,1.381551e-08,1.1916892e-10,auto_accept,low_unc_low_risk
ISIC_0030832,nv,nv,4.865043e-08,3.111639e-10,auto_accept,low_unc_low_risk
ISIC_0033408,nv,nv,2.3797538e-06,3.4918735e-08,auto_accept,low_unc_low_risk
ISIC_0025795,nv,nv,0.0003861707,6.7301594e-06,auto_accept,low_unc_low_risk
ISIC_0025566,nv,nv,1.07504175e-05,2.902872e-07,auto_accept,low_unc_low_risk
ISIC_0030317,nv,nv,1.381551e-08,1.9995796e-13,auto_accept,low_unc_low_risk
ISIC_0030857,nv,nv,0.00021033299,1.3782617e-06,auto_accept,low_unc_low_risk
ISIC_0026510,nv,nv,1.9842533e-07,3.9109422e-09,auto_accept,low_unc_low_risk
ISIC_0028592,nv,nv,1.70082e-05,2.841442e-07,auto_accept,low_unc_low_risk
ISIC_0025767,bkl,bkl,9.27125e-06,1.7036618e-07,auto_accept,low_unc_low_risk
ISIC_0026408,nv,nv,4.6267516e-07,6.9951853e-09,auto_accept,low_unc_low_risk
ISIC_0025114,nv,nv,8.911795e-08,5.487427e-11,auto_accept,low_unc_low_risk
ISIC_0027793,mel,nv,0.0006814224,1.6846157e-05,auto_accept,low_unc_low_risk
ISIC_0024609,nv,nv,7.752986e-06,8.62427e-09,auto_accept,low_unc_low_risk
ISIC_0031258,bcc,bcc,0.00016756149,0.9999728,auto_accept,low_unc_low_risk
ISIC_0028991,nv,nv,6.472616e-06,9.5360456e-08,auto_accept,low_unc_low_risk
ISIC_0025673,nv,nv,1.1297122e-05,6.632872e-07,auto_accept,low_unc_low_risk
ISIC_0028976,nv,nv,1.381551e-08,1.4632411e-14,auto_accept,low_unc_low_risk
ISIC_0030199,nv,nv,1.381551e-08,3.0674917e-13,auto_accept,low_unc_low_risk
ISIC_0028955,nv,nv,3.439229e-08,2.527796e-10,auto_accept,low_unc_low_risk
ISIC_0028422,nv,nv,3.716942e-05,1.4220286e-06,auto_accept,low_unc_low_risk
ISIC_0028921,nv,nv,0.00018126775,7.584991e-06,auto_accept,low_unc_low_risk
ISIC_0028178,nv,nv,2.1381431e-05,7.779478e-07,auto_accept,low_unc_low_risk
ISIC_0030128,nv,nv,4.773959e-07,2.952162e-09,auto_accept,low_unc_low_risk
ISIC_0024985,nv,nv,0.00232402,1.2383487e-05,auto_accept,low_unc_low_risk
ISIC_0026196,nv,nv,1.8155436e-07,2.272161e-09,auto_accept,low_unc_low_risk
ISIC_0031935,nv,nv,3.0474259e-05,6.6474877e-07,auto_accept,low_unc_low_risk
ISIC_0025902,nv,nv,0.0005183385,4.8046754e-06,auto_accept,low_unc_low_risk
ISIC_0031562,nv,nv,4.2365892e-07,4.1530326e-09,auto_accept,low_unc_low_risk
ISIC_0032446,nv,nv,1.6089156e-05,5.620282e-07,auto_accept,low_unc_low_risk
ISIC_0034099,nv,nv,0.00050040515,3.3229655e-05,auto_accept,low_unc_low_risk
ISIC_0031998,nv,nv,2.129457e-06,3.007113e-08,auto_accept,low_unc_low_risk
ISIC_0031559,nv,nv,5.1364005e-08,3.613546e-10,auto_accept,low_unc_low_risk
ISIC_0025602,nv,nv,5.5536006e-05,6.9460475e-07,auto_accept,low_unc_low_risk
ISIC_0029084,nv,nv,1.888191e-08,5.2998366e-13,auto_accept,low_unc_low_risk
ISIC_0032445,bkl,bkl,0.0025604363,0.0005150887,auto_accept,low_unc_low_risk
ISIC_0028796,nv,nv,1.1752419e-06,2.0303133e-09,auto_accept,low_unc_low_risk
ISIC_0027581,nv,nv,0.00022989078,1.0730687e-07,auto_accept,low_unc_low_risk
ISIC_0025774,nv,nv,1.455966e-07,3.5628608e-10,auto_accept,low_unc_low_risk
ISIC_0031722,nv,nv,1.3129176e-05,6.4042865e-08,auto_accept,low_unc_low_risk
ISIC_0025253,nv,nv,1.5733922e-05,1.3163447e-07,auto_accept,low_unc_low_risk
ISIC_0031807,nv,nv,1.22827805e-05,2.7256803e-07,auto_accept,low_unc_low_risk
ISIC_0025329,nv,nv,2.3325342e-06,4.521387e-09,auto_accept,low_unc_low_risk
ISIC_0030206,nv,nv,1.08664935e-05,1.4240539e-08,auto_accept,low_unc_low_risk
ISIC_0025527,nv,nv,3.62281e-06,2.6417787e-08,auto_accept,low_unc_low_risk
ISIC_0025854,nv,nv,0.00031078147,9.284861e-07,auto_accept,low_unc_low_risk
ISIC_0026356,nv,nv,7.715632e-06,9.875471e-08,auto_accept,low_unc_low_risk
ISIC_0029163,mel,mel,0.00078682596,0.99995124,auto_accept,low_unc_low_risk
ISIC_0031291,nv,nv,0.00020612444,9.2418736e-07,auto_accept,low_unc_low_risk
ISIC_0033190,nv,nv,2.650634e-07,1.3124726e-09,auto_accept,low_unc_low_risk
ISIC_0032515,nv,nv,1.4852553e-05,6.271881e-07,auto_accept,low_unc_low_risk
ISIC_0032183,nv,nv,2.6102455e-07,1.1628571e-09,auto_accept,low_unc_low_risk
ISIC_0028176,nv,nv,1.5661477e-05,5.8791776e-09,auto_accept,low_unc_low_risk
ISIC_0033697,nv,nv,0.00042939303,4.0024737e-05,auto_accept,low_unc_low_risk
ISIC_0024633,nv,nv,7.958827e-05,7.721022e-07,auto_accept,low_unc_low_risk
ISIC_0028861,nv,nv,7.6307304e-05,9.949316e-07,auto_accept,low_unc_low_risk
ISIC_0024321,nv,nv,1.9979531e-08,8.409269e-13,auto_accept,low_unc_low_risk
ISIC_0033987,bkl,bkl,3.9133342e-06,1.495956e-06,auto_accept,low_unc_low_risk
ISIC_0031652,nv,nv,0.0019295504,1.08204795e-05,auto_accept,low_unc_low_risk
ISIC_0026361,nv,nv,1.7302263e-07,1.5009526e-10,auto_accept,low_unc_low_risk
ISIC_0032188,nv,nv,4.4591734e-06,1.0303513e-07,auto_accept,low_unc_low_risk
ISIC_0031509,nv,nv,1.5322389e-08,3.991872e-11,auto_accept,low_unc_low_risk
ISIC_0029548,bkl,bkl,6.711107e-07,4.6425548e-08,auto_accept,low_unc_low_risk
ISIC_0030030,nv,nv,0.00024223626,1.8445528e-06,auto_accept,low_unc_low_risk
ISIC_0025152,nv,nv,1.2115025e-05,2.0380149e-09,auto_accept,low_unc_low_risk
ISIC_0024641,nv,nv,2.3890582e-06,2.2702517e-08,auto_accept,low_unc_low_risk
ISIC_0025330,bkl,bkl,0.0001828368,4.5834986e-07,auto_accept,low_unc_low_risk
ISIC_0025844,nv,nv,6.62979e-06,2.0691113e-08,auto_accept,low_unc_low_risk
ISIC_0025138,nv,nv,1.3061106e-05,2.6116342e-07,auto_accept,low_unc_low_risk
ISIC_0028532,nv,nv,5.8394213e-05,3.6335067e-07,auto_accept,low_unc_low_risk
ISIC_0026640,nv,nv,4.2117495e-06,3.895117e-08,auto_accept,low_unc_low_risk
ISIC_0028852,nv,nv,2.6381772e-06,5.3607994e-08,auto_accept,low_unc_low_risk
ISIC_0030739,nv,nv,2.620259e-05,4.6559046e-07,auto_accept,low_unc_low_risk
ISIC_0024580,nv,nv,5.424903e-06,2.700165e-07,auto_accept,low_unc_low_risk
ISIC_0033018,nv,nv,0.008234823,0.0008101136,escalate,low_unc_low_risk
ISIC_0034079,nv,nv,0.0022545748,0.00016672748,auto_accept,low_unc_low_risk
ISIC_0025272,nv,nv,1.184952e-05,1.8058132e-07,auto_accept,low_unc_low_risk
ISIC_0025591,nv,nv,1.0573872e-05,7.0808454e-08,auto_accept,low_unc_low_risk
ISIC_0025374,bkl,bkl,0.006298458,0.002942712,escalate,low_unc_low_risk
ISIC_0030897,nv,nv,0.00014507912,4.8695606e-06,auto_accept,low_unc_low_risk
ISIC_0033489,nv,nv,0.00035045465,1.875454e-05,auto_accept,low_unc_low_risk
ISIC_0029120,nv,nv,0.005240583,0.00028216638,escalate,low_unc_low_risk
ISIC_0031508,nv,nv,1.381551e-08,9.041397e-13,auto_accept,low_unc_low_risk
ISIC_0025895,nv,nv,9.8752125e-06,2.281377e-08,auto_accept,low_unc_low_risk
ISIC_0024977,nv,nv,1.0632115e-05,3.2423486e-08,auto_accept,low_unc_low_risk
ISIC_0030776,nv,nv,5.0851772e-06,1.6295228e-07,auto_accept,low_unc_low_risk
ISIC_0030495,nv,nv,1.381551e-08,1.7248579e-12,auto_accept,low_unc_low_risk
ISIC_0031767,nv,nv,8.757054e-07,2.1138442e-08,auto_accept,low_unc_low_risk
ISIC_0029131,nv,nv,0.0015812431,5.3497806e-06,auto_accept,low_unc_low_risk
ISIC_0026658,nv,nv,1.7581731e-05,4.4144198e-07,auto_accept,low_unc_low_risk
ISIC_0025779,nv,nv,5.8975206e-06,1.4946669e-07,auto_accept,low_unc_low_risk
ISIC_0025771,df,df,1.2150774e-06,9.724347e-07,auto_accept,low_unc_low_risk
ISIC_0028241,nv,nv,9.84803e-05,6.7433743e-06,auto_accept,low_unc_low_risk
ISIC_0030056,bkl,bkl,1.5305513e-08,6.074405e-09,auto_accept,low_unc_low_risk
ISIC_0029984,nv,nv,0.00015455252,3.8212076e-07,auto_accept,low_unc_low_risk
ISIC_0032100,nv,nv,3.523619e-05,1.2689447e-08,auto_accept,low_unc_low_risk
ISIC_0030471,nv,nv,1.6412085e-05,2.737878e-07,auto_accept,low_unc_low_risk
ISIC_0033640,nv,nv,0.0010674909,1.9060393e-05,auto_accept,low_unc_low_risk
ISIC_0031147,nv,nv,1.2355258e-06,2.015851e-09,auto_accept,low_unc_low_risk
ISIC_0028009,nv,nv,0.00025948923,2.8409799e-05,auto_accept,low_unc_low_risk
ISIC_0033256,df,df,6.968925e-08,9.2586174e-07,auto_accept,low_unc_low_risk
ISIC_0030752,nv,nv,1.9624375e-07,1.7005167e-10,auto_accept,low_unc_low_risk
ISIC_0033223,nv,nv,0.00014969334,6.605189e-06,auto_accept,low_unc_low_risk
ISIC_0027357,nv,nv,5.7227544e-06,2.5119572e-08,auto_accept,low_unc_low_risk
ISIC_0030975,nv,nv,3.1818903e-08,1.4252148e-11,auto_accept,low_unc_low_risk
ISIC_0029572,nv,nv,0.00019756496,4.593196e-06,auto_accept,low_unc_low_risk
ISIC_0030961,nv,nv,7.3244323e-06,5.380241e-07,auto_accept,low_unc_low_risk
ISIC_0027549,nv,nv,1.822859e-07,2.770614e-09,auto_accept,low_unc_low_risk
ISIC_0026779,nv,nv,2.0882936e-07,1.915703e-09,auto_accept,low_unc_low_risk
ISIC_0028838,nv,nv,1.2241955e-05,2.8497125e-08,auto_accept,low_unc_low_risk
ISIC_0032781,nv,nv,0.0001088823,3.7084872e-06,auto_accept,low_unc_low_risk
ISIC_0024392,nv,nv,6.744784e-08,5.8641336e-10,auto_accept,low_unc_low_risk
ISIC_0032810,mel,mel,3.408921e-06,0.99999964,auto_accept,low_unc_low_risk
ISIC_0033158,vasc,vasc,1.381551e-08,7.111142e-14,auto_accept,low_unc_low_risk
ISIC_0032101,nv,nv,4.3575005e-07,1.539815e-10,auto_accept,low_unc_low_risk
ISIC_0031075,nv,nv,3.6450488e-06,3.5941383e-08,auto_accept,low_unc_low_risk
ISIC_0029419,nv,nv,9.940666e-05,1.8414613e-07,auto_accept,low_unc_low_risk
ISIC_0029236,nv,nv,2.9533845e-05,4.2664033e-07,auto_accept,low_unc_low_risk
ISIC_0028452,nv,nv,5.2418477e-06,4.185182e-09,auto_accept,low_unc_low_risk
ISIC_0029561,nv,nv,5.183013e-06,7.4947065e-10,auto_accept,low_unc_low_risk
ISIC_0028988,nv,nv,0.008808294,5.6606164e-06,escalate,low_unc_low_risk
ISIC_0026253,nv,nv,0.000105292595,9.3819736e-08,auto_accept,low_unc_low_risk
ISIC_0032639,nv,nv,0.0010580815,9.175848e-05,auto_accept,low_unc_low_risk
ISIC_0026338,nv,nv,2.2353237e-07,4.6028488e-09,auto_accept,low_unc_low_risk
ISIC_0026585,nv,nv,0.0129876565,1.1659903e-06,escalate,low_unc_low_risk
ISIC_0025023,nv,nv,1.07404585e-05,4.7719607e-07,auto_accept,low_unc_low_risk
ISIC_0027411,nv,nv,1.0637268e-05,2.784204e-07,auto_accept,low_unc_low_risk
ISIC_0030049,nv,nv,0.000642053,4.932133e-06,auto_accept,low_unc_low_risk
ISIC_0029753,nv,nv,7.852963e-07,2.139692e-08,auto_accept,low_unc_low_risk
ISIC_0025608,nv,nv,8.6242544e-08,6.460373e-10,auto_accept,low_unc_low_risk
ISIC_0028518,nv,nv,0.012284964,0.0016028945,escalate,low_unc_low_risk
ISIC_0031793,nv,nv,1.508493e-06,4.6942943e-09,auto_accept,low_unc_low_risk
ISIC_0028753,nv,nv,3.889276e-07,1.5840048e-09,auto_accept,low_unc_low_risk
ISIC_0033390,nv,nv,0.0032367634,0.00030171606,escalate,low_unc_low_risk
ISIC_0033330,nv,nv,9.742384e-05,1.8383136e-05,auto_accept,low_unc_low_risk
ISIC_0031172,nv,nv,8.316607e-05,6.096973e-07,auto_accept,low_unc_low_risk
ISIC_0031201,vasc,vasc,1.381551e-08,8.752524e-15,auto_accept,low_unc_low_risk
ISIC_0032205,nv,nv,0.0010710693,2.9696594e-08,auto_accept,low_unc_low_risk
ISIC_0030415,nv,nv,3.2410463e-07,3.7174663e-10,auto_accept,low_unc_low_risk
ISIC_0031862,nv,nv,6.150956e-06,7.3073086e-10,auto_accept,low_unc_low_risk
ISIC_0026974,nv,nv,4.648605e-05,2.2676436e-06,auto_accept,low_unc_low_risk
ISIC_0026498,nv,nv,1.7173721e-05,4.329671e-09,auto_accept,low_unc_low_risk
ISIC_0032573,nv,nv,0.0004681433,3.4331686e-05,auto_accept,low_unc_low_risk
ISIC_0028475,nv,nv,8.1009716e-08,3.8782314e-11,auto_accept,low_unc_low_risk
ISIC_0026109,nv,nv,0.0008901601,9.204798e-06,auto_accept,low_unc_low_risk
ISIC_0024802,nv,nv,1.581774e-08,1.551359e-10,auto_accept,low_unc_low_risk
ISIC_0026221,nv,nv,2.7560925e-05,2.6204262e-07,auto_accept,low_unc_low_risk
ISIC_0027996,bkl,bkl,3.1860756e-05,7.488283e-07,auto_accept,low_unc_low_risk
ISIC_0030201,nv,nv,8.460952e-07,2.704205e-08,auto_accept,low_unc_low_risk
ISIC_0025022,nv,nv,2.2692022e-06,3.7128427e-08,auto_accept,low_unc_low_risk
ISIC_0030305,nv,nv,7.481414e-05,4.282932e-06,auto_accept,low_unc_low_risk
ISIC_0027943,nv,nv,5.3589474e-08,3.3344343e-09,auto_accept,low_unc_low_risk
ISIC_0027712,nv,nv,1.915103e-05,1.3426439e-09,auto_accept,low_unc_low_risk
ISIC_0031754,nv,nv,1.3885379e-05,5.3151365e-07,auto_accept,low_unc_low_risk
ISIC_0030220,nv,nv,0.0002205877,1.3805402e-06,auto_accept,low_unc_low_risk
ISIC_0032743,nv,nv,0.005053081,0.00070608425,escalate,low_unc_low_risk
ISIC_0026255,nv,nv,2.6265194e-05,5.4370514e-07,auto_accept,low_unc_low_risk
ISIC_0032051,bkl,bkl,2.0748422e-08,7.986527e-13,auto_accept,low_unc_low_risk
ISIC_0032798,nv,nv,2.1710914e-05,2.8633835e-07,auto_accept,low_unc_low_risk
ISIC_0032507,nv,nv,1.6058072e-08,1.0374174e-10,auto_accept,low_unc_low_risk
ISIC_0032647,nv,nv,0.00026360003,2.1099545e-06,auto_accept,low_unc_low_risk
ISIC_0030055,nv,nv,1.1545069e-06,3.6584016e-10,auto_accept,low_unc_low_risk
ISIC_0026050,nv,nv,2.2326326e-08,1.1959997e-10,auto_accept,low_unc_low_risk
ISIC_0028266,nv,nv,0.0030596138,9.457627e-05,escalate,low_unc_low_risk
ISIC_0024681,nv,nv,4.3233211e-07,2.3374236e-10,auto_accept,low_unc_low_risk
ISIC_0028212,nv,nv,0.00026343355,4.5372694e-06,auto_accept,low_unc_low_risk
ISIC_0028524,nv,nv,0.00011115827,4.0269104e-08,auto_accept,low_unc_low_risk
ISIC_0030505,nv,nv,4.0247204e-07,1.8362786e-10,auto_accept,low_unc_low_risk
ISIC_0026449,nv,nv,1.4340869e-08,4.9887983e-11,auto_accept,low_unc_low_risk
ISIC_0033036,nv,nv,0.0006196472,2.6953257e-05,auto_accept,low_unc_low_risk
ISIC_0031904,nv,nv,0.00036265937,1.9252542e-05,auto_accept,low_unc_low_risk
ISIC_0029887,nv,nv,2.1259762e-05,1.9264107e-08,auto_accept,low_unc_low_risk
ISIC_0030163,nv,nv,1.8698655e-07,3.357396e-09,auto_accept,low_unc_low_risk
ISIC_0029009,nv,nv,2.5489395e-05,1.3910106e-07,auto_accept,low_unc_low_risk
ISIC_0025360,nv,nv,1.241159e-06,2.8393659e-08,auto_accept,low_unc_low_risk
ISIC_0029944,nv,nv,3.9639905e-05,2.8787708e-06,auto_accept,low_unc_low_risk
ISIC_0029979,nv,nv,2.1761625e-06,4.1653625e-08,auto_accept,low_unc_low_risk
ISIC_0025722,nv,nv,5.3398003e-06,1.2733039e-08,auto_accept,low_unc_low_risk
ISIC_0027855,nv,nv,0.0002776849,7.003551e-07,auto_accept,low_unc_low_risk
ISIC_0025788,nv,nv,0.00056944706,4.1212556e-05,auto_accept,low_unc_low_risk
ISIC_0028953,nv,nv,9.47899e-08,1.5857521e-09,auto_accept,low_unc_low_risk
ISIC_0031576,nv,nv,3.935051e-08,2.3801328e-09,auto_accept,low_unc_low_risk
ISIC_0027890,nv,nv,7.174316e-07,1.804198e-08,auto_accept,low_unc_low_risk
ISIC_0024855,nv,nv,2.8460155e-07,4.3384665e-09,auto_accept,low_unc_low_risk
ISIC_0028245,nv,nv,3.8000216e-08,1.4135817e-11,auto_accept,low_unc_low_risk
ISIC_0033409,nv,nv,7.027299e-08,9.0329305e-10,auto_accept,low_unc_low_risk
ISIC_0030174,nv,nv,0.00024329018,4.2100197e-07,auto_accept,low_unc_low_risk
ISIC_0031432,nv,nv,1.4634557e-05,3.190541e-07,auto_accept,low_unc_low_risk
ISIC_0029535,nv,nv,6.581119e-05,2.2936204e-07,auto_accept,low_unc_low_risk
ISIC_0025704,nv,nv,2.1971806e-05,3.6941384e-07,auto_accept,low_unc_low_risk
ISIC_0033558,nv,nv,2.9067492e-06,3.2094e-08,auto_accept,low_unc_low_risk
ISIC_0025185,nv,nv,1.3889592e-05,1.1276807e-07,auto_accept,low_unc_low_risk
ISIC_0025304,nv,nv,2.2505649e-06,2.401461e-08,auto_accept,low_unc_low_risk
ISIC_0027148,nv,nv,2.795077e-05,6.142577e-07,auto_accept,low_unc_low_risk
ISIC_0028927,nv,nv,6.308422e-05,7.48022e-06,auto_accept,low_unc_low_risk
ISIC_0030234,nv,nv,0.00027209023,1.8394323e-07,auto_accept,low_unc_low_risk
ISIC_0029738,nv,nv,2.1393134e-06,7.762883e-09,auto_accept,low_unc_low_risk
ISIC_0029904,nv,nv,2.9195296e-06,1.0505143e-08,auto_accept,low_unc_low_risk
ISIC_0033842,nv,nv,1.381551e-08,8.421158e-14,auto_accept,low_unc_low_risk
ISIC_0027448,nv,nv,0.0023023747,0.00014445685,auto_accept,low_unc_low_risk
ISIC_0028535,nv,nv,2.3270593e-06,6.52842e-08,auto_accept,low_unc_low_risk
ISIC_0033438,bkl,bkl,0.0004353477,4.5978327e-06,auto_accept,low_unc_low_risk
ISIC_0031187,nv,nv,7.0974324e-06,1.4082743e-08,auto_accept,low_unc_low_risk
ISIC_0025944,nv,nv,1.0800644e-05,5.5454353e-07,auto_accept,low_unc_low_risk
ISIC_0024509,nv,nv,3.0850273e-07,6.33059e-09,auto_accept,low_unc_low_risk
ISIC_0024530,nv,nv,1.3069636e-06,9.791274e-09,auto_accept,low_unc_low_risk
ISIC_0031096,nv,nv,1.5908553e-06,1.20307755e-08,auto_accept,low_unc_low_risk
ISIC_0027803,nv,nv,4.756101e-06,2.1173951e-08,auto_accept,low_unc_low_risk
ISIC_0028725,nv,nv,2.8148184e-08,1.473177e-10,auto_accept,low_unc_low_risk
ISIC_0029709,nv,nv,6.8494813e-07,4.3523576e-09,auto_accept,low_unc_low_risk
ISIC_0027248,nv,nv,8.714758e-05,4.479356e-06,auto_accept,low_unc_low_risk
ISIC_0025876,bkl,bkl,1.381551e-08,1.585086e-10,auto_accept,low_unc_low_risk
ISIC_0025204,nv,nv,1.381551e-08,6.032734e-13,auto_accept,low_unc_low_risk
ISIC_0029303,nv,nv,0.0013510567,2.443832e-06,auto_accept,low_unc_low_risk
ISIC_0030395,nv,nv,7.581098e-05,3.0822077e-06,auto_accept,low_unc_low_risk
ISIC_0032932,vasc,vasc,3.1645707e-06,2.6863515e-06,auto_accept,low_unc_low_risk
ISIC_0031297,nv,nv,0.0001261436,2.2203674e-06,auto_accept,low_unc_low_risk
ISIC_0027223,nv,nv,5.5554176e-07,1.2946612e-08,auto_accept,low_unc_low_risk
ISIC_0026684,nv,nv,9.8811064e-08,1.6636427e-09,auto_accept,low_unc_low_risk
ISIC_0026417,df,df,4.876315e-07,9.3802345e-07,auto_accept,low_unc_low_risk
ISIC_0029326,nv,nv,2.072935e-08,1.6042477e-10,auto_accept,low_unc_low_risk
ISIC_0024310,mel,mel,1.0260986e-05,0.99999905,auto_accept,low_unc_low_risk
ISIC_0032052,nv,nv,8.453744e-05,1.0234485e-06,auto_accept,low_unc_low_risk
ISIC_0025167,nv,nv,1.5930115e-06,8.2389e-09,auto_accept,low_unc_low_risk
ISIC_0028112,nv,nv,4.1851727e-05,4.6981035e-07,auto_accept,low_unc_low_risk
ISIC_0028277,nv,nv,1.0335784e-06,1.0378814e-08,auto_accept,low_unc_low_risk
ISIC_0031694,nv,nv,7.931903e-05,2.0218647e-06,auto_accept,low_unc_low_risk
ISIC_0030753,nv,nv,0.0007187141,3.180333e-08,auto_accept,low_unc_low_risk
ISIC_0034102,nv,nv,0.00058384193,2.1509242e-05,auto_accept,low_unc_low_risk
ISIC_0029450,nv,nv,9.564745e-08,4.1764164e-10,auto_accept,low_unc_low_risk
ISIC_0031579,nv,nv,0.0011430265,3.1397183e-05,auto_accept,low_unc_low_risk
ISIC_0030288,nv,nv,1.5916985e-06,4.117879e-08,auto_accept,low_unc_low_risk
ISIC_0027056,nv,nv,2.7687793e-07,4.3790864e-09,auto_accept,low_unc_low_risk
ISIC_0028055,nv,nv,1.1544174e-06,4.138327e-08,auto_accept,low_unc_low_risk
ISIC_0024606,nv,nv,0.000112519614,2.1091381e-10,auto_accept,low_unc_low_risk
ISIC_0025479,nv,nv,1.044766e-05,2.4987594e-07,auto_accept,low_unc_low_risk
ISIC_0026552,nv,nv,0.0014550586,5.6433102e-05,auto_accept,low_unc_low_risk
ISIC_0030989,nv,nv,1.4100103e-05,3.5007903e-07,auto_accept,low_unc_low_risk
ISIC_0032649,nv,nv,0.0011069305,5.345564e-05,auto_accept,low_unc_low_risk
ISIC_0030025,nv,nv,9.43821e-08,7.9612766e-10,auto_accept,low_unc_low_risk
ISIC_0029883,nv,nv,0.0003617229,1.8058442e-07,auto_accept,low_unc_low_risk
ISIC_0031260,nv,nv,2.4856257e-05,1.727646e-07,auto_accept,low_unc_low_risk
ISIC_0026413,nv,nv,5.374527e-05,2.0863864e-07,auto_accept,low_unc_low_risk
ISIC_0033950,nv,nv,0.001077027,2.8872204e-05,auto_accept,low_unc_low_risk
ISIC_0029799,nv,nv,0.0006534325,1.1299043e-06,auto_accept,low_unc_low_risk
ISIC_0028108,nv,nv,2.7659516e-06,1.5633821e-08,auto_accept,low_unc_low_risk
ISIC_0026137,nv,nv,0.0005389249,4.9288883e-05,auto_accept,low_unc_low_risk
ISIC_0029952,nv,nv,6.3145805e-08,1.7169131e-10,auto_accept,low_unc_low_risk
ISIC_0024343,nv,nv,2.9824669e-05,4.8297956e-08,auto_accept,low_unc_low_risk
ISIC_0033332,nv,nv,4.8799996e-07,2.0788058e-09,auto_accept,low_unc_low_risk
ISIC_0027494,nv,nv,3.2250045e-06,1.7814754e-08,auto_accept,low_unc_low_risk
ISIC_0026582,nv,nv,5.274306e-05,4.859179e-07,auto_accept,low_unc_low_risk
ISIC_0027391,nv,nv,8.520706e-08,2.3496858e-09,auto_accept,low_unc_low_risk
ISIC_0029977,nv,nv,7.318169e-07,1.17997e-08,auto_accept,low_unc_low_risk
ISIC_0028459,nv,nv,4.7130576e-05,1.0784327e-06,auto_accept,low_unc_low_risk
ISIC_0029702,nv,nv,2.8833565e-06,9.334793e-09,auto_accept,low_unc_low_risk
ISIC_0028902,nv,nv,4.0425066e-06,6.507758e-08,auto_accept,low_unc_low_risk
ISIC_0032435,nv,nv,2.3666569e-06,3.4755278e-08,auto_accept,low_unc_low_risk
ISIC_0033331,nv,nv,0.00049387023,1.6106644e-05,auto_accept,low_unc_low_risk
ISIC_0026780,nv,nv,7.879494e-06,9.836557e-08,auto_accept,low_unc_low_risk
ISIC_0025811,akiec,akiec,0.0013843505,0.9999349,auto_accept,low_unc_low_risk
ISIC_0025652,nv,nv,4.375068e-06,3.1852976e-09,auto_accept,low_unc_low_risk
ISIC_0024518,nv,nv,5.6149827e-07,2.6593469e-08,auto_accept,low_unc_low_risk
ISIC_0027059,nv,nv,4.190582e-06,4.2689674e-08,auto_accept,low_unc_low_risk
ISIC_0024322,nv,nv,1.0382388e-05,7.554403e-08,auto_accept,low_unc_low_risk
ISIC_0028839,nv,nv,1.381551e-08,1.2358855e-12,auto_accept,low_unc_low_risk
ISIC_0024611,nv,nv,9.644969e-06,4.1432958e-07,auto_accept,low_unc_low_risk
ISIC_0032889,nv,nv,1.7433038e-05,2.4013618e-06,auto_accept,low_unc_low_risk
ISIC_0029806,nv,nv,0.00018120883,1.8786332e-06,auto_accept,low_unc_low_risk
ISIC_0029507,nv,nv,1.381551e-08,5.6386475e-16,auto_accept,low_unc_low_risk
ISIC_0030775,nv,nv,1.3839392e-08,2.3896145e-11,auto_accept,low_unc_low_risk
ISIC_0033375,nv,nv,0.0063102474,1.3258103e-06,escalate,low_unc_low_risk
ISIC_0029414,nv,nv,6.4026295e-05,1.2166529e-06,auto_accept,low_unc_low_risk
ISIC_0025159,nv,nv,7.3468664e-06,4.4550884e-08,auto_accept,low_unc_low_risk
ISIC_0026851,nv,nv,3.2119146e-08,8.747602e-11,auto_accept,low_unc_low_risk
ISIC_0025107,nv,nv,2.250399e-05,1.553626e-08,auto_accept,low_unc_low_risk
ISIC_0030042,nv,nv,2.2966149e-06,4.4781846e-08,auto_accept,low_unc_low_risk
ISIC_0029106,nv,nv,5.3178633e-06,1.1212808e-07,auto_accept,low_unc_low_risk
ISIC_0033952,bkl,bkl,2.1357158e-05,1.3963677e-05,auto_accept,low_unc_low_risk
ISIC_0024959,nv,nv,1.381551e-08,8.6548116e-15,auto_accept,low_unc_low_risk
ISIC_0025823,nv,nv,4.492964e-05,1.5501768e-06,auto_accept,low_unc_low_risk
ISIC_0025296,nv,nv,1.381551e-08,3.354894e-12,auto_accept,low_unc_low_risk
ISIC_0033564,nv,nv,0.0019429002,0.00032225766,auto_accept,low_unc_low_risk
ISIC_0031859,nv,nv,0.001474323,1.558968e-05,auto_accept,low_unc_low_risk
ISIC_0030887,nv,nv,0.00015062503,1.0037634e-06,auto_accept,low_unc_low_risk
ISIC_0030568,nv,nv,2.0640193e-06,4.884379e-08,auto_accept,low_unc_low_risk
ISIC_0028293,nv,nv,0.00026828964,7.547939e-06,auto_accept,low_unc_low_risk
ISIC_0030225,nv,nv,7.201139e-05,2.9856812e-06,auto_accept,low_unc_low_risk
ISIC_0025628,vasc,vasc,1.381551e-08,3.7694667e-10,auto_accept,low_unc_low_risk
ISIC_0031909,nv,nv,0.00013153937,1.5748422e-07,auto_accept,low_unc_low_risk
ISIC_0033650,nv,nv,0.00017774159,1.7291147e-07,auto_accept,low_unc_low_risk
ISIC_0027685,nv,nv,3.6363483e-05,1.06524006e-07,auto_accept,low_unc_low_risk
ISIC_0031365,nv,nv,0.00028257878,7.6425914e-07,auto_accept,low_unc_low_risk
ISIC_0031548,nv,nv,2.2957247e-06,1.374162e-08,auto_accept,low_unc_low_risk
ISIC_0032473,nv,nv,3.373279e-05,4.654013e-10,auto_accept,low_unc_low_risk
ISIC_0024465,nv,nv,3.5504968e-06,1.5405678e-09,auto_accept,low_unc_low_risk
ISIC_0030916,nv,nv,6.58687e-07,1.6822486e-09,auto_accept,low_unc_low_risk
ISIC_0034128,nv,nv,2.6052996e-05,1.5164014e-06,auto_accept,low_unc_low_risk
ISIC_0024965,nv,nv,2.1310163e-05,4.3457402e-07,auto_accept,low_unc_low_risk
ISIC_0027555,nv,nv,1.4012982e-08,1.606047e-11,auto_accept,low_unc_low_risk
ISIC_0033544,nv,nv,0.00034962778,2.498936e-05,auto_accept,low_unc_low_risk
ISIC_0025574,nv,nv,1.4460985e-08,3.8679927e-11,auto_accept,low_unc_low_risk
ISIC_0030438,nv,nv,3.4543027e-07,4.5951296e-09,auto_accept,low_unc_low_risk
ISIC_0024970,bkl,bkl,0.018557167,0.000421947,escalate,high_unc_low_risk
ISIC_0027787,nv,nv,1.6191416e-08,1.0593338e-11,auto_accept,low_unc_low_risk
ISIC_0030029,nv,nv,4.7190483e-06,8.116696e-08,auto_accept,low_unc_low_risk
ISIC_0029171,nv,nv,0.00017487546,2.1400025e-07,auto_accept,low_unc_low_risk
ISIC_0024947,bkl,bkl,1.1059768e-06,5.694679e-08,auto_accept,low_unc_low_risk
ISIC_0025137,nv,nv,1.381551e-08,1.571095e-11,auto_accept,low_unc_low_risk
ISIC_0026581,nv,nv,9.3638446e-05,4.748101e-07,auto_accept,low_unc_low_risk
ISIC_0030045,nv,nv,2.0272911e-07,2.375152e-10,auto_accept,low_unc_low_risk
ISIC_0033686,nv,nv,0.0011420898,1.0396327e-05,auto_accept,low_unc_low_risk
ISIC_0034096,nv,nv,0.0009071551,2.7578817e-05,auto_accept,low_unc_low_risk
ISIC_0025333,nv,nv,0.0003598227,2.7565632e-06,auto_accept,low_unc_low_risk
ISIC_0028896,nv,nv,0.002364727,3.300076e-05,auto_accept,low_unc_low_risk
ISIC_0029601,nv,nv,6.654969e-05,4.891413e-07,auto_accept,low_unc_low_risk
ISIC_0027329,nv,nv,1.4309894e-05,2.481867e-09,auto_accept,low_unc_low_risk
ISIC_0029431,nv,nv,1.8996636e-06,1.152344e-07,auto_accept,low_unc_low_risk
ISIC_0028286,nv,nv,1.2062122e-07,8.832607e-10,auto_accept,low_unc_low_risk
ISIC_0028034,nv,nv,6.93734e-05,3.2735793e-06,auto_accept,low_unc_low_risk
ISIC_0031768,nv,nv,2.51902e-06,1.4759995e-08,auto_accept,low_unc_low_risk
ISIC_0031701,nv,nv,0.00027897416,1.7769567e-05,auto_accept,low_unc_low_risk
ISIC_0028437,nv,nv,5.1286537e-07,9.437513e-10,auto_accept,low_unc_low_risk
ISIC_0028001,nv,nv,3.7479396e-08,5.9582695e-12,auto_accept,low_unc_low_risk
ISIC_0030959,bkl,bkl,8.62694e-05,1.0621295e-08,auto_accept,low_unc_low_risk
ISIC_0029124,nv,nv,1.7194662e-08,7.8409427e-14,auto_accept,low_unc_low_risk
ISIC_0026644,bkl,bkl,1.5025742e-08,1.5313958e-08,auto_accept,low_unc_low_risk
ISIC_0024587,nv,nv,2.8364575e-05,1.0639765e-06,auto_accept,low_unc_low_risk
ISIC_0031671,nv,nv,0.0001705745,2.6790015e-06,auto_accept,low_unc_low_risk
ISIC_0030863,nv,nv,7.833454e-08,9.512689e-11,auto_accept,low_unc_low_risk
ISIC_0025097,mel,mel,0.005943897,0.99867463,escalate,low_unc_low_risk
ISIC_0025378,bkl,bkl,0.0002914549,3.6384376e-06,auto_accept,low_unc_low_risk
ISIC_0026410,nv,nv,2.3098648e-05,7.739991e-07,auto_accept,low_unc_low_risk
ISIC_0032393,nv,nv,0.00012473343,5.021454e-06,auto_accept,low_unc_low_risk
ISIC_0027252,nv,nv,2.6797736e-05,2.5314569e-07,auto_accept,low_unc_low_risk
ISIC_0024686,nv,nv,1.724826e-06,7.0591852e-09,auto_accept,low_unc_low_risk
ISIC_0030736,nv,nv,3.1465046e-05,1.598886e-07,auto_accept,low_unc_low_risk
ISIC_0024415,nv,nv,7.412845e-05,7.863264e-09,auto_accept,low_unc_low_risk
ISIC_0032951,nv,nv,4.306918e-05,8.1072116e-08,auto_accept,low_unc_low_risk
ISIC_0026858,nv,nv,3.091362e-05,2.2072031e-07,auto_accept,low_unc_low_risk
ISIC_0028404,bkl,bkl,0.002057177,0.0005138759,auto_accept,low_unc_low_risk
ISIC_0032758,nv,nv,0.0005259239,6.3701664e-06,auto_accept,low_unc_low_risk
ISIC_0032328,nv,nv,0.14757286,0.038816582,escalate,high_unc_low_risk
ISIC_0034030,nv,nv,4.9910677e-06,2.7940138e-07,auto_accept,low_unc_low_risk
ISIC_0027653,nv,nv,0.000115830844,2.388562e-06,auto_accept,low_unc_low_risk
ISIC_0025291,nv,nv,1.381551e-08,3.3401352e-14,auto_accept,low_unc_low_risk
ISIC_0028037,nv,nv,2.6154237e-07,2.6624514e-09,auto_accept,low_unc_low_risk
ISIC_0032581,nv,nv,7.473738e-05,1.2633762e-07,auto_accept,low_unc_low_risk
ISIC_0026193,nv,nv,7.4954514e-05,1.4891991e-06,auto_accept,low_unc_low_risk
ISIC_0032083,nv,nv,1.5679265e-06,4.6103548e-08,auto_accept,low_unc_low_risk
ISIC_0028875,nv,nv,1.6303244e-05,3.8468536e-07,auto_accept,low_unc_low_risk
ISIC_0026534,nv,nv,2.670397e-05,5.7547874e-07,auto_accept,low_unc_low_risk
ISIC_0028199,nv,nv,7.8254095e-07,1.8422153e-09,auto_accept,low_unc_low_risk
ISIC_0024384,nv,nv,2.102464e-06,1.3139234e-08,auto_accept,low_unc_low_risk
ISIC_0024529,nv,nv,2.9638812e-05,2.8559109e-07,auto_accept,low_unc_low_risk
ISIC_0032094,nv,nv,1.7430228e-05,7.9679985e-08,auto_accept,low_unc_low_risk
ISIC_0032049,nv,nv,0.00011130064,6.1416317e-06,auto_accept,low_unc_low_risk
ISIC_0033923,nv,nv,2.0992024e-05,6.8887795e-07,auto_accept,low_unc_low_risk
ISIC_0024638,nv,nv,1.0512685e-05,1.808019e-07,auto_accept,low_unc_low_risk
ISIC_0027346,nv,nv,0.00029292615,7.5916564e-06,auto_accept,low_unc_low_risk
ISIC_0026937,nv,nv,7.004029e-05,1.6706349e-06,auto_accept,low_unc_low_risk
ISIC_0026755,nv,nv,0.0001994339,8.149643e-07,auto_accept,low_unc_low_risk
ISIC_0026669,nv,nv,4.6718466e-07,9.682574e-09,auto_accept,low_unc_low_risk
ISIC_0031839,nv,nv,0.001366152,2.2202905e-05,auto_accept,low_unc_low_risk
ISIC_0025259,nv,nv,0.006706056,0.00045174215,escalate,low_unc_low_risk
ISIC_0034166,nv,nv,1.3859651e-06,9.3611845e-08,auto_accept,low_unc_low_risk
ISIC_0027836,nv,nv,0.0004278201,1.9471516e-05,auto_accept,low_unc_low_risk
ISIC_0025211,nv,nv,6.5316262e-06,3.012366e-08,auto_accept,low_unc_low_risk
ISIC_0025502,nv,nv,2.7467635e-07,4.069551e-10,auto_accept,low_unc_low_risk
ISIC_0032177,nv,nv,0.00033923105,1.975437e-08,auto_accept,low_unc_low_risk
ISIC_0024502,nv,nv,1.0045253e-05,5.5055725e-08,auto_accept,low_unc_low_risk
ISIC_0029963,nv,nv,1.381551e-08,2.6117018e-13,auto_accept,low_unc_low_risk
ISIC_0026771,nv,nv,1.381551e-08,6.780366e-13,auto_accept,low_unc_low_risk
ISIC_0027115,nv,nv,4.444044e-06,1.5082952e-08,auto_accept,low_unc_low_risk
ISIC_0030292,nv,nv,1.7233896e-07,2.9268397e-11,auto_accept,low_unc_low_risk
ISIC_0029103,nv,nv,5.219774e-06,8.5152263e-10,auto_accept,low_unc_low_risk
ISIC_0030342,nv,nv,1.4085128e-06,4.203593e-08,auto_accept,low_unc_low_risk
ISIC_0029736,nv,nv,3.08697e-06,1.2408843e-07,auto_accept,low_unc_low_risk
ISIC_0025459,nv,nv,5.4748465e-08,2.0336068e-10,auto_accept,low_unc_low_risk
ISIC_0027698,nv,nv,0.00045600045,2.186411e-05,auto_accept,low_unc_low_risk
ISIC_0029380,nv,nv,6.061206e-08,8.5939325e-11,auto_accept,low_unc_low_risk
ISIC_0029928,nv,nv,2.988621e-06,5.2856972e-08,auto_accept,low_unc_low_risk
ISIC_0033012,bcc,bcc,0.7480624,0.8011049,escalate,high_unc_low_risk
ISIC_0027486,nv,nv,0.0017154554,0.00016807258,auto_accept,low_unc_low_risk
ISIC_0024847,nv,nv,0.00054852647,1.4554495e-05,auto_accept,low_unc_low_risk
ISIC_0032254,nv,nv,1.1332303e-05,3.762905e-08,auto_accept,low_unc_low_risk
ISIC_0030412,nv,nv,5.0647067e-08,1.6052878e-11,auto_accept,low_unc_low_risk
ISIC_0025274,nv,nv,5.985076e-05,1.5241204e-07,auto_accept,low_unc_low_risk
ISIC_0024660,nv,nv,1.9246403e-05,5.481775e-07,auto_accept,low_unc_low_risk
ISIC_0027456,nv,nv,5.6913785e-05,3.813959e-06,auto_accept,low_unc_low_risk
ISIC_0027830,nv,nv,5.384999e-07,6.581642e-09,auto_accept,low_unc_low_risk
ISIC_0030331,nv,nv,9.9618985e-05,1.4497604e-06,auto_accept,low_unc_low_risk
ISIC_0033613,bkl,bkl,1.9484658e-05,1.2518581e-06,auto_accept,low_unc_low_risk
ISIC_0028837,nv,nv,0.0013700146,9.700258e-05,auto_accept,low_unc_low_risk
ISIC_0024386,df,df,3.0854767e-07,2.1733896e-07,auto_accept,low_unc_low_risk
ISIC_0025853,nv,nv,0.00041121698,2.2688726e-05,auto_accept,low_unc_low_risk
ISIC_0034114,nv,nv,0.0024563423,0.0002415122,auto_accept,low_unc_low_risk
ISIC_0029577,nv,nv,0.0023056814,0.00018904389,auto_accept,low_unc_low_risk
ISIC_0025386,nv,nv,5.7838162e-05,2.9509642e-06,auto_accept,low_unc_low_risk
ISIC_0032141,nv,nv,0.00040597987,5.775642e-05,auto_accept,low_unc_low_risk
ISIC_0031403,nv,nv,1.5069277e-07,1.4623827e-09,auto_accept,low_unc_low_risk
ISIC_0027994,nv,nv,0.00022523222,1.15193316e-07,auto_accept,low_unc_low_risk
ISIC_0033260,bkl,bkl,3.027336e-06,2.053775e-06,auto_accept,low_unc_low_risk
ISIC_0032228,nv,nv,4.0546606e-08,1.3528563e-10,auto_accept,low_unc_low_risk
ISIC_0027999,nv,nv,0.0017153939,6.3384774e-05,auto_accept,low_unc_low_risk
ISIC_0032122,nv,nv,1.8464674e-05,2.1776657e-07,auto_accept,low_unc_low_risk
ISIC_0030493,nv,nv,5.5191944e-05,1.3795847e-06,auto_accept,low_unc_low_risk
ISIC_0028375,nv,nv,1.9994252e-06,3.832846e-10,auto_accept,low_unc_low_risk
ISIC_0028088,nv,nv,1.5730375e-05,9.467898e-09,auto_accept,low_unc_low_risk
ISIC_0033530,nv,nv,0.00043570003,3.8260772e-05,auto_accept,low_unc_low_risk
ISIC_0031457,df,df,1.5279303e-06,1.7673947e-06,auto_accept,low_unc_low_risk
ISIC_0024603,nv,nv,1.381551e-08,6.680943e-12,auto_accept,low_unc_low_risk
ISIC_0026311,bkl,bkl,0.0008960311,2.53852e-05,auto_accept,low_unc_low_risk
ISIC_0032062,nv,nv,0.00015203537,1.2791731e-05,auto_accept,low_unc_low_risk
ISIC_0033879,nv,nv,0.00017092755,1.3284582e-05,auto_accept,low_unc_low_risk
ISIC_0032370,nv,nv,1.6040667e-08,3.2033164e-11,auto_accept,low_unc_low_risk
ISIC_0026119,nv,nv,1.5612423e-08,2.7715625e-11,auto_accept,low_unc_low_risk
ISIC_0029004,nv,nv,5.425724e-06,2.5195385e-08,auto_accept,low_unc_low_risk
ISIC_0026806,nv,nv,0.008530381,7.215712e-05,escalate,low_unc_low_risk
ISIC_0030470,nv,nv,0.00049030053,1.0875755e-05,auto_accept,low_unc_low_risk
ISIC_0029373,nv,nv,0.0011268,8.3103174e-07,auto_accept,low_unc_low_risk
ISIC_0027405,nv,nv,1.1915623e-07,1.2335701e-09,auto_accept,low_unc_low_risk
ISIC_0029186,nv,nv,0.00014871081,2.7678666e-06,auto_accept,low_unc_low_risk
ISIC_0028242,nv,nv,9.9596946e-05,8.1665746e-08,auto_accept,low_unc_low_risk
ISIC_0029743,nv,nv,8.1512474e-07,2.4884875e-10,auto_accept,low_unc_low_risk
ISIC_0032066,nv,nv,0.0010164655,2.183979e-05,auto_accept,low_unc_low_risk
ISIC_0026079,nv,nv,0.00022822077,1.6339965e-06,auto_accept,low_unc_low_risk
ISIC_0030430,nv,nv,2.0194839e-06,2.421648e-09,auto_accept,low_unc_low_risk
ISIC_0024593,nv,nv,0.00013867057,4.157024e-06,auto_accept,low_unc_low_risk
ISIC_0033290,nv,nv,4.5819374e-06,8.057481e-08,auto_accept,low_unc_low_risk
ISIC_0030298,nv,nv,3.1117204e-07,6.4002753e-10,auto_accept,low_unc_low_risk
ISIC_0029064,nv,nv,6.7406546e-07,1.5398575e-08,auto_accept,low_unc_low_risk
ISIC_0024928,nv,nv,6.562718e-08,2.4331753e-10,auto_accept,low_unc_low_risk
ISIC_0028536,nv,nv,1.6843572e-07,7.9063874e-11,auto_accept,low_unc_low_risk
ISIC_0027810,nv,nv,0.001649634,6.289946e-05,auto_accept,low_unc_low_risk
ISIC_0024927,nv,nv,1.0211112e-05,1.2711763e-07,auto_accept,low_unc_low_risk
ISIC_0034174,nv,nv,0.0009655574,7.07377e-05,auto_accept,low_unc_low_risk
ISIC_0026211,nv,nv,6.0366314e-05,1.0460117e-06,auto_accept,low_unc_low_risk
ISIC_0027939,nv,nv,0.007033978,0.00022757545,escalate,low_unc_low_risk
ISIC_0026452,nv,nv,2.0713864e-08,1.4000026e-10,auto_accept,low_unc_low_risk
ISIC_0026390,nv,nv,0.00010881099,3.7360908e-06,auto_accept,low_unc_low_risk
ISIC_0030235,nv,nv,0.002524788,1.1135097e-06,auto_accept,low_unc_low_risk
ISIC_0027902,nv,nv,3.699853e-06,1.717597e-07,auto_accept,low_unc_low_risk
ISIC_0024607,nv,nv,2.3842992e-08,6.495528e-13,auto_accept,low_unc_low_risk
ISIC_0027267,nv,nv,0.00012232341,7.59736e-09,auto_accept,low_unc_low_risk
ISIC_0032142,nv,nv,2.623212e-06,2.2286768e-09,auto_accept,low_unc_low_risk
ISIC_0025738,nv,nv,0.0005127699,1.9632034e-06,auto_accept,low_unc_low_risk
ISIC_0026817,nv,nv,2.1278904e-06,3.967359e-09,auto_accept,low_unc_low_risk
ISIC_0028362,nv,nv,7.1552386e-05,2.9527941e-06,auto_accept,low_unc_low_risk
ISIC_0025013,nv,nv,2.6731948e-05,7.426998e-07,auto_accept,low_unc_low_risk
ISIC_0024532,nv,nv,5.64914e-06,1.1876802e-07,auto_accept,low_unc_low_risk
ISIC_0030660,nv,nv,2.0416433e-06,2.2562556e-09,auto_accept,low_unc_low_risk
ISIC_0031269,nv,nv,4.942496e-05,5.104247e-06,auto_accept,low_unc_low_risk
ISIC_0031231,nv,nv,5.972556e-07,5.059832e-09,auto_accept,low_unc_low_risk
ISIC_0030353,nv,nv,2.5468215e-05,9.922574e-09,auto_accept,low_unc_low_risk
ISIC_0027430,nv,nv,0.00041766494,3.309647e-06,auto_accept,low_unc_low_risk
ISIC_0033783,bkl,bkl,6.582337e-07,2.1306514e-07,auto_accept,low_unc_low_risk
ISIC_0027634,nv,nv,2.8310162e-05,1.686889e-08,auto_accept,low_unc_low_risk
ISIC_0027924,nv,nv,6.4461747e-06,2.8025374e-07,auto_accept,low_unc_low_risk
ISIC_0030747,mel,nv,0.0003699344,1.92389e-06,auto_accept,low_unc_low_risk
ISIC_0031277,bkl,bkl,1.5980238e-05,3.8296278e-07,auto_accept,low_unc_low_risk
ISIC_0034023,nv,nv,0.0005542965,5.65671e-05,auto_accept,low_unc_low_risk
ISIC_0031092,nv,nv,8.949786e-05,1.8247608e-06,auto_accept,low_unc_low_risk
ISIC_0029801,bkl,bkl,1.381551e-08,4.1891672e-09,auto_accept,low_unc_low_risk
ISIC_0027339,nv,nv,0.00016544254,4.7577787e-06,auto_accept,low_unc_low_risk
ISIC_0024625,nv,nv,1.18303415e-05,2.3795853e-07,auto_accept,low_unc_low_risk
ISIC_0027687,nv,nv,9.0073e-05,1.0229801e-08,auto_accept,low_unc_low_risk
ISIC_0033965,nv,nv,0.00027302,1.2322077e-05,auto_accept,low_unc_low_risk
ISIC_0026725,nv,nv,1.02149115e-05,2.70337e-07,auto_accept,low_unc_low_risk
ISIC_0027210,vasc,vasc,2.1634378e-06,3.2841373e-07,auto_accept,low_unc_low_risk
ISIC_0033155,nv,nv,0.23952216,0.030927725,escalate,high_unc_low_risk
ISIC_0027464,nv,nv,3.5371276e-08,1.4535693e-10,auto_accept,low_unc_low_risk
ISIC_0030560,nv,nv,5.541418e-06,5.9893985e-08,auto_accept,low_unc_low_risk
ISIC_0024354,nv,nv,5.1532905e-05,1.522394e-08,auto_accept,low_unc_low_risk
ISIC_0029882,nv,nv,3.2115082e-08,8.223318e-11,auto_accept,low_unc_low_risk
ISIC_0027341,nv,nv,1.552674e-08,9.317835e-14,auto_accept,low_unc_low_risk
ISIC_0029074,nv,nv,5.241535e-07,2.7754905e-09,auto_accept,low_unc_low_risk
ISIC_0027458,nv,nv,0.012602038,0.00094635814,escalate,low_unc_low_risk
ISIC_0027085,nv,nv,1.7634396e-05,5.6288593e-07,auto_accept,low_unc_low_risk
ISIC_0031729,nv,nv,0.0006457809,8.514796e-08,auto_accept,low_unc_low_risk
ISIC_0033895,nv,nv,0.00029531695,1.3193751e-05,auto_accept,low_unc_low_risk
ISIC_0026176,nv,nv,6.666548e-08,1.7609339e-10,auto_accept,low_unc_low_risk
ISIC_0024574,nv,nv,1.2427771e-06,1.4569842e-09,auto_accept,low_unc_low_risk
ISIC_0033265,nv,nv,5.0364786e-08,1.2180103e-10,auto_accept,low_unc_low_risk
ISIC_0031452,nv,nv,2.9265625e-06,8.07166e-09,auto_accept,low_unc_low_risk
ISIC_0029871,nv,nv,0.00078118866,5.589506e-06,auto_accept,low_unc_low_risk
ISIC_0032448,nv,nv,2.8428383e-07,1.5077478e-09,auto_accept,low_unc_low_risk
ISIC_0025474,nv,nv,2.0764342e-06,1.715622e-08,auto_accept,low_unc_low_risk
ISIC_0027625,nv,nv,2.9384885e-06,1.9825107e-08,auto_accept,low_unc_low_risk
ISIC_0025361,nv,nv,2.3568132e-06,1.6530409e-08,auto_accept,low_unc_low_risk
ISIC_0030569,nv,nv,0.0036405444,0.0003754502,escalate,low_unc_low_risk
ISIC_0024755,nv,nv,2.8248925e-05,4.0167155e-08,auto_accept,low_unc_low_risk
ISIC_0025995,nv,nv,0.000117725234,1.1794731e-07,auto_accept,low_unc_low_risk
ISIC_0025142,nv,nv,5.2394127e-05,2.388471e-06,auto_accept,low_unc_low_risk
ISIC_0027490,nv,nv,0.000112329806,4.6825508e-07,auto_accept,low_unc_low_risk
ISIC_0024722,nv,nv,0.0014626604,5.7679968e-06,auto_accept,low_unc_low_risk
ISIC_0028835,nv,nv,6.453814e-08,1.6222412e-11,auto_accept,low_unc_low_risk
ISIC_0028380,nv,nv,2.1211147e-06,3.1578477e-08,auto_accept,low_unc_low_risk
ISIC_0031103,vasc,vasc,1.381551e-08,6.2540854e-11,auto_accept,low_unc_low_risk
ISIC_0026971,nv,nv,5.3364176e-05,5.361932e-06,auto_accept,low_unc_low_risk
ISIC_0031416,nv,nv,3.1644102e-08,3.457413e-11,auto_accept,low_unc_low_risk
ISIC_0029822,nv,nv,2.202229e-08,1.7952062e-10,auto_accept,low_unc_low_risk
ISIC_0024878,nv,nv,6.7848155e-06,1.593941e-07,auto_accept,low_unc_low_risk
ISIC_0032426,nv,nv,1.4328337e-05,3.0188772e-07,auto_accept,low_unc_low_risk
ISIC_0029873,nv,nv,3.2012713e-07,1.1949121e-10,auto_accept,low_unc_low_risk
ISIC_0026881,nv,nv,3.070473e-07,1.5568235e-12,auto_accept,low_unc_low_risk
ISIC_0028660,nv,nv,0.0029710822,6.1489885e-08,auto_accept,low_unc_low_risk
ISIC_0029626,nv,nv,4.9220247e-08,1.599872e-10,auto_accept,low_unc_low_risk
ISIC_0025694,nv,nv,5.9789645e-06,5.9244862e-09,auto_accept,low_unc_low_risk
ISIC_0026501,nv,nv,0.0011094456,2.2395678e-05,auto_accept,low_unc_low_risk
ISIC_0026228,nv,nv,1.5303998e-07,4.0084665e-11,auto_accept,low_unc_low_risk
ISIC_0025555,nv,nv,8.6331915e-05,6.3143275e-06,auto_accept,low_unc_low_risk
ISIC_0030545,nv,nv,0.0007557996,2.6558891e-05,auto_accept,low_unc_low_risk
ISIC_0028547,nv,nv,5.7048383e-06,7.269531e-08,auto_accept,low_unc_low_risk
ISIC_0026696,nv,nv,1.0914379e-07,7.436663e-11,auto_accept,low_unc_low_risk
ISIC_0027414,nv,nv,2.5601257e-05,1.7715212e-07,auto_accept,low_unc_low_risk
ISIC_0028619,akiec,bkl,0.018277688,0.0027363538,escalate,high_unc_low_risk
ISIC_0033815,nv,nv,0.00213599,4.8944104e-05,auto_accept,low_unc_low_risk
ISIC_0025768,nv,nv,3.9362916e-07,1.9007706e-08,auto_accept,low_unc_low_risk
ISIC_0026772,nv,nv,1.039802e-05,1.823846e-07,auto_accept,low_unc_low_risk
ISIC_0029988,nv,nv,0.00018721208,2.7537072e-07,auto_accept,low_unc_low_risk
ISIC_0028841,nv,nv,5.5595706e-07,3.5619996e-09,auto_accept,low_unc_low_risk
ISIC_0028587,bkl,bkl,3.1078507e-08,4.8628596e-08,auto_accept,low_unc_low_risk
ISIC_0032130,nv,nv,1.381551e-08,5.296505e-12,auto_accept,low_unc_low_risk
ISIC_0029955,nv,nv,2.1279978e-07,2.750238e-09,auto_accept,low_unc_low_risk
ISIC_0028523,nv,nv,0.0003791996,2.6839136e-06,auto_accept,low_unc_low_risk
ISIC_0024621,nv,nv,1.8377216e-07,4.961453e-10,auto_accept,low_unc_low_risk
ISIC_0027737,bkl,bkl,3.0799943e-05,1.0359294e-06,auto_accept,low_unc_low_risk
ISIC_0024753,nv,nv,4.8767284e-05,5.2029765e-07,auto_accept,low_unc_low_risk
ISIC_0028629,nv,nv,9.491979e-07,6.3429417e-09,auto_accept,low_unc_low_risk
ISIC_0029566,nv,nv,0.00095089735,4.795306e-05,auto_accept,low_unc_low_risk
ISIC_0024394,nv,nv,1.3869114e-05,3.9526253e-07,auto_accept,low_unc_low_risk
ISIC_0024510,nv,nv,1.0842332e-05,1.3150748e-07,auto_accept,low_unc_low_risk
ISIC_0024861,nv,nv,0.001613497,1.9883366e-06,auto_accept,low_unc_low_risk
ISIC_0027314,nv,nv,1.8876246e-05,1.2015959e-06,auto_accept,low_unc_low_risk
ISIC_0031689,nv,nv,1.2378983e-06,1.3282609e-08,auto_accept,low_unc_low_risk
ISIC_0031664,nv,nv,8.7561865e-08,4.8790016e-10,auto_accept,low_unc_low_risk
ISIC_0025348,nv,nv,3.747699e-05,1.2186649e-07,auto_accept,low_unc_low_risk
ISIC_0033048,nv,nv,0.0063021225,0.00047866604,escalate,low_unc_low_risk
ISIC_0027092,nv,nv,1.381551e-08,1.2551205e-12,auto_accept,low_unc_low_risk
ISIC_0033974,nv,nv,0.0042201853,0.0003025898,escalate,low_unc_low_risk
ISIC_0029150,nv,nv,5.6416015e-05,1.776895e-07,auto_accept,low_unc_low_risk
ISIC_0026062,nv,nv,1.2645843e-06,9.961656e-09,auto_accept,low_unc_low_risk
ISIC_0033591,vasc,vasc,3.751622e-07,3.2991103e-08,auto_accept,low_unc_low_risk
ISIC_0032873,mel,mel,0.0010007039,0.99973756,auto_accept,low_unc_low_risk
ISIC_0027209,nv,nv,0.00043629532,3.711808e-05,auto_accept,low_unc_low_risk
ISIC_0030702,nv,nv,2.7960464e-06,4.0024222e-08,auto_accept,low_unc_low_risk
ISIC_0029375,nv,nv,0.0007698125,2.7120748e-05,auto_accept,low_unc_low_risk
ISIC_0029110,nv,nv,1.1303634e-05,6.297815e-14,auto_accept,low_unc_low_risk
ISIC_0026595,nv,nv,0.00021606374,3.8098904e-08,auto_accept,low_unc_low_risk
ISIC_0033172,nv,nv,0.0030961887,0.000480439,escalate,low_unc_low_risk
ISIC_0026114,nv,nv,1.7294608e-06,4.0785224e-08,auto_accept,low_unc_low_risk
ISIC_0032216,nv,nv,4.3907567e-05,1.2621879e-06,auto_accept,low_unc_low_risk
ISIC_0032391,nv,nv,1.1026575e-05,1.16519615e-07,auto_accept,low_unc_low_risk
ISIC_0030590,nv,nv,9.140754e-08,1.4745405e-10,auto_accept,low_unc_low_risk
ISIC_0025935,nv,nv,3.9947358e-07,1.4075363e-11,auto_accept,low_unc_low_risk
ISIC_0026750,nv,nv,7.893931e-05,5.0369076e-06,auto_accept,low_unc_low_risk
ISIC_0030762,nv,nv,1.381551e-08,2.730444e-13,auto_accept,low_unc_low_risk
ISIC_0026982,nv,nv,1.317962e-05,1.1808935e-07,auto_accept,low_unc_low_risk
ISIC_0030816,nv,nv,0.0477264,0.001558036,escalate,high_unc_low_risk
ISIC_0028799,nv,nv,3.0011828e-05,2.0878832e-07,auto_accept,low_unc_low_risk
ISIC_0024382,bkl,bkl,0.00096704357,0.0006067392,auto_accept,low_unc_low_risk
ISIC_0032881,nv,nv,0.0012732621,3.449591e-05,auto_accept,low_unc_low_risk
ISIC_0028740,nv,nv,1.2032743e-07,6.322619e-11,auto_accept,low_unc_low_risk
ISIC_0029044,nv,nv,1.7661252e-07,2.8367555e-09,auto_accept,low_unc_low_risk
ISIC_0027593,nv,nv,1.4116492e-06,5.0371654e-09,auto_accept,low_unc_low_risk
ISIC_0025852,nv,nv,2.5676545e-08,2.1330558e-10,auto_accept,low_unc_low_risk
ISIC_0029643,nv,nv,0.000465971,2.2138668e-07,auto_accept,low_unc_low_risk
ISIC_0030097,nv,nv,4.3070744e-05,5.698351e-07,auto_accept,low_unc_low_risk
