image_id,true_label,predicted_label,uncertainty_score,risk_score,decision,category
ISIC_0025947,nv,nv,2.0172145e-05,0.0030355141,auto_accept,n/a
ISIC_0029691,nv,nv,6.5422164e-08,1.7741164e-07,auto_accept,n/a
ISIC_0031732,nv,nv,5.4751816e-08,3.6940324e-07,auto_accept,n/a
ISIC_0026035,nv,nv,1.6331606e-08,8.823218e-07,auto_accept,n/a
ISIC_0028370,akiec,akiec,1.7394142e-07,0.9990983,auto_accept,n/a
ISIC_0032449,nv,nv,2.6385492e-06,1.9906237e-07,auto_accept,n/a
ISIC_0029682,bkl,bkl,0.0011115517,0.002086842,auto_accept,n/a
ISIC_0028013,nv,nv,0.0006285701,0.024442323,auto_accept,n/a
ISIC_0027971,nv,nv,6.262109e-06,3.26658e-05,auto_accept,n/a
ISIC_0028338,nv,nv,0.015559209,0.016544724,escalate,n/a
ISIC_0033056,bkl,bkl,0.0016149712,0.021969186,auto_accept,n/a
ISIC_0031241,nv,nv,3.790753e-05,5.6554432e-05,auto_accept,n/a
ISIC_0032201,nv,nv,1.0828925e-10,1.538384e-08,auto_accept,n/a
ISIC_0027741,nv,nv,2.7732435e-07,6.87271e-06,auto_accept,n/a
ISIC_0025753,bkl,bkl,0.00062061416,0.011181554,auto_accept,n/a
ISIC_0029222,nv,mel,0.017427102,0.95347106,escalate,n/a
ISIC_0032952,nv,nv,2.9223385e-05,0.0004655187,auto_accept,n/a
ISIC_0028439,nv,nv,1.6575092e-08,3.8875243e-08,auto_accept,n/a
ISIC_0028692,nv,nv,0.0032406177,0.019101068,auto_accept,n/a
ISIC_0033861,nv,mel,0.023462009,0.4630506,escalate,n/a
ISIC_0029941,nv,nv,2.3556904e-08,8.132764e-07,auto_accept,n/a
ISIC_0030063,nv,nv,8.678002e-05,0.0069876933,auto_accept,n/a
ISIC_0026783,bkl,bkl,0.0035335629,0.0029057856,auto_accept,n/a
ISIC_0029105,nv,nv,2.1659991e-05,4.606335e-05,auto_accept,n/a
ISIC_0025992,akiec,akiec,0.0084234895,0.9884343,auto_accept,n/a
ISIC_0029879,nv,nv,0.0017587774,0.004186631,auto_accept,n/a
ISIC_0024809,nv,nv,0.008531009,6.753472e-06,auto_accept,n/a
ISIC_0032137,nv,nv,6.8251924e-05,8.079832e-06,auto_accept,n/a
ISIC_0026630,nv,nv,1.0184424e-05,0.00017743,auto_accept,n/a
ISIC_0024734,nv,nv,0.00092702947,0.0002992769,auto_accept,n/a
ISIC_0026073,nv,nv,1.714593e-06,6.552791e-05,auto_accept,n/a
ISIC_0029602,bcc,bcc,0.00026572752,0.9930086,auto_accept,n/a
ISIC_0028000,nv,nv,0.00011431991,0.0007124415,auto_accept,n/a
ISIC_0028577,bcc,bcc,0.0075647286,0.99016446,auto_accept,n/a
ISIC_0029314,nv,nv,8.667723e-08,1.2953084e-05,auto_accept,n/a
ISIC_0025398,nv,nv,2.7454675e-07,1.0905741e-05,auto_accept,n/a
ISIC_0027898,nv,nv,7.228711e-05,9.304081e-05,auto_accept,n/a
ISIC_0028066,nv,nv,0.001265478,0.0021962705,auto_accept,n/a
ISIC_0026344,nv,nv,1.127496e-06,5.3626172e-06,auto_accept,n/a
ISIC_0029148,nv,nv,1.734307e-05,3.0340869e-05,auto_accept,n/a
ISIC_0031394,bkl,bkl,0.0126028145,0.013408421,auto_accept,n/a
ISIC_0024806,mel,mel,0.0028738503,0.990164,auto_accept,n/a
ISIC_0026234,nv,nv,4.4732857e-05,1.3945073e-05,auto_accept,n/a
ISIC_0029986,nv,mel,0.0004489675,0.98583615,auto_accept,n/a
ISIC_0030780,nv,nv,1.7135459e-07,1.0557076e-06,auto_accept,n/a
ISIC_0029910,nv,nv,0.00019358813,9.490646e-08,auto_accept,n/a
ISIC_0032816,bcc,nv,0.0044979337,0.0044754064,auto_accept,n/a
ISIC_0028432,nv,nv,5.7664704e-07,0.00045953342,auto_accept,n/a
ISIC_0030383,bkl,bkl,0.0027967265,0.048619106,auto_accept,n/a
ISIC_0029831,bcc,bcc,1.6044725e-05,0.9987197,auto_accept,n/a
ISIC_0032069,nv,nv,5.700147e-05,7.522626e-07,auto_accept,n/a
ISIC_0032800,nv,nv,8.365597e-07,5.0034432e-05,auto_accept,n/a
ISIC_0028156,mel,mel,0.010497421,0.85997784,auto_accept,n/a
ISIC_0030947,nv,nv,2.2622562e-08,1.4100777e-08,auto_accept,n/a
ISIC_0032120,nv,nv,2.1529198e-09,1.3681495e-08,auto_accept,n/a
ISIC_0033164,nv,nv,7.3271556e-05,0.0006098851,auto_accept,n/a
ISIC_0030335,bcc,bcc,0.00025980148,0.99829143,auto_accept,n/a
ISIC_0031610,nv,nv,2.1975317e-09,4.9782016e-06,auto_accept,n/a
ISIC_0028676,nv,nv,4.0215312e-07,1.3032334e-05,auto_accept,n/a
ISIC_0032232,mel,nv,0.007985362,0.013168181,auto_accept,n/a
ISIC_0026383,nv,nv,5.450986e-06,4.623887e-06,auto_accept,n/a
ISIC_0032738,nv,mel,0.009185337,0.72083616,auto_accept,n/a
ISIC_0032913,mel,mel,0.0026864733,0.9631468,auto_accept,n/a
ISIC_0026212,akiec,akiec,0.01628107,0.9617848,escalate,n/a
ISIC_0029500,akiec,akiec,0.0047824024,0.96896666,auto_accept,n/a
ISIC_0027659,mel,mel,0.011137535,0.8021833,auto_accept,n/a
ISIC_0028430,nv,nv,0.00025404987,0.00022044002,auto_accept,n/a
ISIC_0028327,nv,nv,5.0849862e-06,8.741394e-05,auto_accept,n/a
ISIC_0032661,nv,nv,0.0054656784,0.039738502,auto_accept,n/a
ISIC_0031956,nv,nv,1.1308775e-06,1.0774037e-06,auto_accept,n/a
ISIC_0030329,bkl,bkl,3.9986448e-05,0.017240098,auto_accept,n/a
ISIC_0028817,nv,nv,3.1168062e-07,6.3577096e-07,auto_accept,n/a
ISIC_0027119,nv,nv,1.9002958e-06,2.637626e-06,auto_accept,n/a
ISIC_0031860,nv,nv,1.5088329e-05,1.0049588e-05,auto_accept,n/a
ISIC_0030761,nv,nv,4.1725943e-07,1.1397015e-06,auto_accept,n/a
ISIC_0032877,bkl,bkl,2.1434648e-06,2.9362434e-06,auto_accept,n/a
ISIC_0031707,bkl,nv,0.0076443427,0.0192654,auto_accept,n/a
ISIC_0024894,nv,nv,7.26303e-11,3.218264e-08,auto_accept,n/a
ISIC_0033821,nv,nv,0.0016711332,0.0030977072,auto_accept,n/a
ISIC_0024462,nv,nv,1.7291792e-06,4.069582e-05,auto_accept,n/a
ISIC_0031882,nv,nv,2.2753381e-06,0.0009706662,auto_accept,n/a
ISIC_0025839,nv,nv,3.3595395e-09,4.9997465e-07,auto_accept,n/a
ISIC_0033347,nv,nv,9.317745e-05,0.0014227153,auto_accept,n/a
ISIC_0024992,nv,nv,1.1656737e-07,2.4336842e-07,auto_accept,n/a
ISIC_0026592,nv,nv,0.006973592,0.016193274,auto_accept,n/a
ISIC_0026746,mel,mel,0.000641089,0.98001343,auto_accept,n/a
ISIC_0030573,nv,nv,0.0001334984,5.6123395e-07,auto_accept,n/a
ISIC_0028192,nv,nv,8.035818e-08,4.926605e-08,auto_accept,n/a
ISIC_0025008,nv,mel,0.018406797,0.471734,escalate,n/a
ISIC_0028099,nv,nv,1.4393311e-07,3.3610377e-05,auto_accept,n/a
ISIC_0028908,nv,nv,1.3071063e-08,4.250216e-07,auto_accept,n/a
ISIC_0027361,nv,nv,0.011459561,0.012071987,auto_accept,n/a
ISIC_0025380,nv,nv,5.2834217e-09,3.248567e-07,auto_accept,n/a
ISIC_0024868,nv,nv,1.8265165e-07,7.773496e-06,auto_accept,n/a
ISIC_0027800,nv,nv,0.008530934,0.00012000343,auto_accept,n/a
ISIC_0027925,nv,nv,3.4822024e-05,0.0010046331,auto_accept,n/a
ISIC_0025645,nv,nv,2.0877136e-08,4.1831973e-07,auto_accept,n/a
ISIC_0025720,nv,nv,2.4272476e-05,9.358138e-07,auto_accept,n/a
ISIC_0033213,nv,mel,0.010610163,0.8445474,auto_accept,n/a
ISIC_0025275,bkl,bkl,0.0002802706,0.004166387,auto_accept,n/a
ISIC_0026213,bcc,bcc,1.3014785e-05,0.99937385,auto_accept,n/a
ISIC_0030178,nv,nv,5.877035e-08,5.354709e-07,auto_accept,n/a
ISIC_0031518,nv,nv,0.016006606,0.008995136,escalate,n/a
ISIC_0029460,akiec,bkl,0.0045029246,0.022003977,auto_accept,n/a
ISIC_0028965,mel,mel,5.422025e-06,0.99982136,auto_accept,n/a
ISIC_0024668,nv,nv,1.2636661e-07,1.4388213e-06,auto_accept,n/a
ISIC_0029376,nv,nv,5.783123e-06,0.00033128526,auto_accept,n/a
ISIC_0033689,nv,nv,0.00011418327,0.001015645,auto_accept,n/a
ISIC_0026013,nv,nv,0.00012259265,1.5049407e-07,auto_accept,n/a
ISIC_0031952,nv,nv,0.0014246617,0.003680533,auto_accept,n/a
ISIC_0029556,nv,nv,9.455484e-07,3.0639114e-06,auto_accept,n/a
ISIC_0024308,nv,nv,2.6424785e-05,0.0006767377,auto_accept,n/a
ISIC_0026731,nv,nv,2.9929214e-07,1.0765537e-07,auto_accept,n/a
ISIC_0028269,nv,nv,6.258314e-08,1.942198e-07,auto_accept,n/a
ISIC_0032191,nv,nv,0.0064498014,0.24809955,auto_accept,n/a
ISIC_0028075,mel,mel,0.0025131092,0.99731594,auto_accept,n/a
ISIC_0032427,nv,nv,3.2708006e-06,0.00022740562,auto_accept,n/a
ISIC_0029755,bcc,bcc,0.003770767,0.9993844,auto_accept,n/a
ISIC_0031228,akiec,akiec,0.002299228,0.99519473,auto_accept,n/a
ISIC_0031686,bkl,bkl,0.0020196496,0.0069711753,auto_accept,n/a
ISIC_0027684,nv,mel,0.019150078,0.47831744,escalate,n/a
ISIC_0028826,bkl,bkl,0.000117780386,0.0038668881,auto_accept,n/a
ISIC_0032316,bcc,bcc,0.002312127,0.9992434,auto_accept,n/a
ISIC_0032298,nv,nv,2.7525033e-09,7.357874e-08,auto_accept,n/a
ISIC_0030003,nv,nv,1.7604712e-07,9.463405e-08,auto_accept,n/a
ISIC_0028571,nv,bkl,0.015950186,0.20705323,escalate,n/a
ISIC_0028805,nv,nv,1.5126112e-05,1.525883e-07,auto_accept,n/a
ISIC_0033226,mel,mel,0.013678483,0.98374385,auto_accept,n/a
ISIC_0031752,nv,nv,9.186612e-07,1.7684401e-06,auto_accept,n/a
ISIC_0025871,nv,nv,0.00062757294,4.7182468e-05,auto_accept,n/a
ISIC_0026781,nv,nv,2.836256e-05,0.00078789756,auto_accept,n/a
ISIC_0027343,akiec,nv,0.0011057096,0.009234004,auto_accept,n/a
ISIC_0025406,nv,nv,3.688405e-05,3.0940766e-06,auto_accept,n/a
ISIC_0026245,bkl,nv,0.01323854,0.1243479,auto_accept,n/a
ISIC_0026704,bkl,bkl,0.0036430974,0.109152496,auto_accept,n/a
ISIC_0028710,bkl,bkl,0.0030673903,0.041901916,auto_accept,n/a
ISIC_0026159,bkl,bkl,0.0035711324,0.3623794,auto_accept,n/a
ISIC_0033667,nv,nv,0.0003726417,0.012382905,auto_accept,n/a
ISIC_0031113,nv,nv,1.6465134e-05,4.739107e-05,auto_accept,n/a
ISIC_0025561,nv,nv,1.9167116e-07,3.857073e-08,auto_accept,n/a
ISIC_0030142,akiec,akiec,7.390594e-05,0.98729545,auto_accept,n/a
ISIC_0033490,bkl,bkl,8.627121e-05,1.8666856e-06,auto_accept,n/a
ISIC_0025840,nv,nv,2.3589702e-05,2.335589e-06,auto_accept,n/a
ISIC_0033989,nv,nv,1.1404632e-07,1.0019291e-05,auto_accept,n/a
ISIC_0031640,bcc,bcc,0.0024880392,0.9999801,auto_accept,n/a
ISIC_0029688,nv,nv,0.004154202,0.019591182,auto_accept,n/a
ISIC_0028337,nv,nv,5.8397734e-07,6.267624e-07,auto_accept,n/a
ISIC_0033092,vasc,vasc,1.0114173e-05,0.022009058,auto_accept,n/a
ISIC_0030361,nv,nv,3.915424e-07,1.0391392e-06,auto_accept,n/a
ISIC_0025595,nv,nv,8.977525e-09,1.6334834e-08,auto_accept,n/a
ISIC_0028274,nv,nv,8.952288e-07,2.3391658e-07,auto_accept,n/a
ISIC_0031575,nv,nv,6.57028e-06,7.572378e-08,auto_accept,n/a
ISIC_0029815,nv,nv,2.4614206e-07,7.5929374e-10,auto_accept,n/a
ISIC_0031717,nv,nv,2.7686345e-05,3.8082475e-05,auto_accept,n/a
ISIC_0033601,bkl,bkl,2.0051516e-06,0.009782536,auto_accept,n/a
ISIC_0029442,nv,nv,3.3733475e-08,1.5453066e-08,auto_accept,n/a
ISIC_0029003,bkl,bkl,0.009940513,0.10184791,auto_accept,n/a
ISIC_0033772,nv,mel,0.01235604,0.93789,auto_accept,n/a
ISIC_0031327,nv,nv,6.887336e-08,1.3010276e-06,auto_accept,n/a
ISIC_0028907,nv,nv,6.0387106e-10,4.9746296e-07,auto_accept,n/a
ISIC_0029607,nv,nv,3.2958437e-07,5.512998e-06,auto_accept,n/a
ISIC_0025812,nv,nv,0.0013675123,0.010417718,auto_accept,n/a
ISIC_0025175,nv,nv,0.0014561915,1.9711408e-05,auto_accept,n/a
ISIC_0031654,nv,nv,0.00017212222,0.0074610603,auto_accept,n/a
ISIC_0028961,nv,nv,0.002700951,0.034591217,auto_accept,n/a
ISIC_0026797,nv,nv,1.8929438e-06,3.910806e-06,auto_accept,n/a
ISIC_0030636,bkl,bkl,0.004377862,0.003594677,auto_accept,n/a
ISIC_0027959,nv,nv,0.0042428593,0.049527872,auto_accept,n/a
ISIC_0028938,nv,nv,1.3962864e-05,0.0009734654,auto_accept,n/a
ISIC_0025965,nv,nv,2.2817578e-06,7.896332e-08,auto_accept,n/a
ISIC_0024656,nv,nv,0.00022911708,3.5848968e-06,auto_accept,n/a
ISIC_0032675,bkl,bkl,0.0021148224,0.00013290322,auto_accept,n/a
ISIC_0029321,nv,nv,0.00022491568,0.0019309737,auto_accept,n/a
ISIC_0024763,akiec,akiec,0.00037366067,0.99869317,auto_accept,n/a
ISIC_0025715,nv,nv,7.75473e-06,0.00037483207,auto_accept,n/a
ISIC_0032999,nv,nv,2.715507e-05,0.00019377738,auto_accept,n/a
ISIC_0025115,nv,nv,6.0043158e-06,6.376764e-07,auto_accept,n/a
ISIC_0034109,nv,nv,9.723452e-07,2.3241097e-05,auto_accept,n/a
ISIC_0025428,nv,nv,0.0026904775,0.00082953,auto_accept,n/a
ISIC_0026653,nv,nv,0.00096798636,0.0028747565,auto_accept,n/a
ISIC_0028134,nv,nv,4.158573e-06,0.0016585626,auto_accept,n/a
ISIC_0024929,mel,mel,1.1515275e-05,0.99946994,auto_accept,n/a
ISIC_0025669,nv,nv,0.0015633118,0.0007776779,auto_accept,n/a
ISIC_0024648,nv,nv,5.2837567e-08,9.6961614e-08,auto_accept,n/a
ISIC_0031813,nv,nv,0.00026040678,0.014747426,auto_accept,n/a
ISIC_0025508,nv,nv,1.9694217e-09,6.155478e-08,auto_accept,n/a
ISIC_0028897,mel,mel,0.0075222785,0.8936018,auto_accept,n/a
ISIC_0030745,nv,nv,0.00024721803,0.008268387,auto_accept,n/a
ISIC_0033080,nv,nv,0.0004908127,0.03255778,auto_accept,n/a
ISIC_0024485,nv,nv,0.00047758842,0.00013830367,auto_accept,n/a
ISIC_0029213,bkl,bkl,2.8905126e-06,0.0016925645,auto_accept,n/a
ISIC_0027508,nv,nv,9.300914e-09,2.3401073e-07,auto_accept,n/a
ISIC_0030186,nv,nv,3.4969396e-08,1.0980042e-06,auto_accept,n/a
ISIC_0025055,nv,nv,9.267394e-06,4.9311682e-05,auto_accept,n/a
ISIC_0031148,nv,nv,0.009907037,0.012406772,auto_accept,n/a
ISIC_0029235,bkl,bkl,0.0063386383,0.14770022,auto_accept,n/a
ISIC_0032554,nv,nv,0.00017477303,0.0010108289,auto_accept,n/a
ISIC_0032145,nv,nv,0.018151667,0.34218484,escalate,n/a
ISIC_0029407,nv,nv,5.736355e-07,9.521771e-06,auto_accept,n/a
ISIC_0028136,nv,nv,1.1739583e-06,0.0001741525,auto_accept,n/a
ISIC_0029071,nv,nv,4.788902e-05,5.3650412e-05,auto_accept,n/a
ISIC_0024658,nv,nv,4.5640647e-07,5.3291064e-06,auto_accept,n/a
ISIC_0032261,nv,nv,7.4054915e-06,1.2107464e-05,auto_accept,n/a
ISIC_0031376,bkl,bkl,0.0007362025,0.0015996988,auto_accept,n/a
ISIC_0033427,nv,nv,7.603161e-05,0.00013039648,auto_accept,n/a
ISIC_0026590,bkl,bkl,1.0011677e-06,0.0020667259,auto_accept,n/a
ISIC_0029127,nv,nv,1.5370672e-06,5.9078156e-06,auto_accept,n/a
ISIC_0032131,nv,nv,6.274023e-11,1.8348666e-07,auto_accept,n/a
ISIC_0025678,nv,nv,2.629223e-07,7.294427e-07,auto_accept,n/a
ISIC_0027505,nv,nv,5.1010727e-05,0.00044317706,auto_accept,n/a
ISIC_0030180,nv,nv,0.016014498,0.081936836,escalate,n/a
ISIC_0032487,nv,nv,9.776288e-07,5.7102527e-05,auto_accept,n/a
ISIC_0026903,nv,nv,1.9035257e-08,2.6227565e-07,auto_accept,n/a
ISIC_0030069,nv,nv,0.0036334062,0.018152138,auto_accept,n/a
ISIC_0028189,nv,nv,6.9668175e-05,0.0027098337,auto_accept,n/a
ISIC_0024391,nv,nv,7.007348e-05,0.001437043,auto_accept,n/a
ISIC_0033267,mel,mel,0.002805099,0.96919125,auto_accept,n/a
ISIC_0026815,nv,nv,0.0020410237,0.0068423287,auto_accept,n/a
ISIC_0032085,nv,nv,0.00016308777,0.00022550125,auto_accept,n/a
ISIC_0026261,nv,nv,3.1063635e-07,5.841929e-07,auto_accept,n/a
ISIC_0026379,nv,nv,3.7914496e-08,5.3640116e-07,auto_accept,n/a
ISIC_0028008,nv,nv,0.0012899352,0.0053602527,auto_accept,n/a
ISIC_0028787,nv,nv,0.0026999314,0.00029553135,auto_accept,n/a
ISIC_0031879,nv,nv,2.1951514e-07,1.0285355e-06,auto_accept,n/a
ISIC_0034050,mel,mel,0.00028397606,0.99783665,auto_accept,n/a
ISIC_0026495,nv,nv,1.623676e-08,6.029157e-09,auto_accept,n/a
ISIC_0034279,nv,nv,0.0010216722,0.0039621238,auto_accept,n/a
ISIC_0030295,nv,nv,3.5752084e-08,4.0624363e-07,auto_accept,n/a
ISIC_0030706,bkl,mel,0.007133558,0.81998545,auto_accept,n/a
ISIC_0026143,nv,nv,1.1432386e-07,1.2542899e-06,auto_accept,n/a
ISIC_0025228,nv,mel,0.010373653,0.65868914,auto_accept,n/a
ISIC_0024615,nv,nv,0.0058042402,0.049570464,auto_accept,n/a
ISIC_0031311,nv,nv,0.0037613604,0.039684754,auto_accept,n/a
ISIC_0024527,nv,nv,2.6979591e-05,0.0037886775,auto_accept,n/a
ISIC_0031534,nv,nv,0.0057791765,0.034428015,auto_accept,n/a
ISIC_0031067,nv,nv,6.5835534e-06,0.00032772613,auto_accept,n/a
ISIC_0024800,akiec,bkl,0.0016320841,0.011169317,auto_accept,n/a
ISIC_0029954,nv,nv,4.8196475e-06,0.00087638997,auto_accept,n/a
ISIC_0026019,nv,nv,6.3741645e-08,2.7230955e-09,auto_accept,n/a
ISIC_0033478,nv,mel,0.009450543,0.82571036,auto_accept,n/a
ISIC_0026197,nv,nv,3.3114898e-06,2.5746733e-06,auto_accept,n/a
ISIC_0024406,nv,nv,0.0004840232,0.0011575179,auto_accept,n/a
ISIC_0026353,nv,nv,1.8957619e-06,7.935313e-06,auto_accept,n/a
ISIC_0033655,mel,mel,0.0010555518,0.95270157,auto_accept,n/a
ISIC_0029122,nv,nv,1.44812535e-08,1.5697846e-07,auto_accept,n/a
ISIC_0033664,nv,nv,1.0335741e-06,4.27954e-05,auto_accept,n/a
ISIC_0029368,nv,nv,0.00027264206,0.0023547872,auto_accept,n/a
ISIC_0030672,nv,nv,0.010720557,0.037375905,auto_accept,n/a
ISIC_0028656,bkl,nv,0.0033606142,0.00066938647,auto_accept,n/a
ISIC_0033662,mel,mel,2.0616899e-06,0.9998567,auto_accept,n/a
ISIC_0031390,nv,nv,4.0510945e-06,4.864731e-09,auto_accept,n/a
ISIC_0032695,mel,mel,2.1915796e-06,0.9997514,auto_accept,n/a
ISIC_0031010,nv,nv,9.689134e-07,3.1461724e-08,auto_accept,n/a
ISIC_0028780,nv,nv,0.005048915,0.073206544,auto_accept,n/a
ISIC_0028219,mel,nv,0.0028329925,0.027140398,auto_accept,n/a
ISIC_0024651,nv,nv,4.2547882e-07,9.4180825e-05,auto_accept,n/a
ISIC_0029161,bkl,bkl,2.2784077e-05,0.00056693994,auto_accept,n/a
ISIC_0026639,nv,nv,3.875957e-11,3.8819357e-09,auto_accept,n/a
ISIC_0032950,nv,mel,0.010513963,0.4892216,auto_accept,n/a
ISIC_0026616,nv,nv,1.0716894e-05,0.0013438765,auto_accept,n/a
ISIC_0029911,nv,nv,1.8863067e-06,9.431613e-06,auto_accept,n/a
ISIC_0026341,nv,nv,0.00035546516,0.005220131,auto_accept,n/a
ISIC_0026578,nv,nv,1.9639552e-07,4.6803453e-07,auto_accept,n/a
ISIC_0026422,bkl,bkl,0.0042905146,0.002229798,auto_accept,n/a
ISIC_0028181,nv,nv,6.3265503e-07,0.00017880432,auto_accept,n/a
ISIC_0025977,nv,nv,2.1036298e-10,1.944732e-09,auto_accept,n/a
ISIC_0025522,nv,nv,1.384043e-07,5.2701253e-05,auto_accept,n/a
ISIC_0028819,nv,nv,0.003169892,0.013617563,auto_accept,n/a
ISIC_0033480,bkl,bkl,0.0021145975,0.02890349,auto_accept,n/a
ISIC_0029153,nv,nv,0.002659738,3.7890195e-06,auto_accept,n/a
ISIC_0030407,nv,nv,3.093788e-07,2.5950596e-06,auto_accept,n/a
ISIC_0027279,bkl,bkl,0.0014277268,0.17390586,auto_accept,n/a
ISIC_0024493,nv,nv,0.00014434588,2.3224124e-05,auto_accept,n/a
ISIC_0034239,mel,mel,1.3890615e-05,0.99981576,auto_accept,n/a
ISIC_0030684,nv,nv,0.00012622647,0.0013226828,auto_accept,n/a
ISIC_0025393,nv,nv,0.000107870364,0.0010558316,auto_accept,n/a
ISIC_0025571,nv,nv,0.0017453358,0.0019259041,auto_accept,n/a
ISIC_0025235,mel,nv,0.008105929,0.100564994,auto_accept,n/a
ISIC_0028515,nv,nv,6.5289714e-07,9.828397e-07,auto_accept,n/a
ISIC_0033560,mel,mel,0.0011464941,0.9797661,auto_accept,n/a
ISIC_0030673,nv,nv,4.115526e-05,0.006121351,auto_accept,n/a
ISIC_0028996,nv,nv,2.5206205e-07,8.345505e-06,auto_accept,n/a
ISIC_0029739,nv,nv,5.4491522e-11,1.4067333e-08,auto_accept,n/a
ISIC_0030389,nv,nv,1.2615596e-05,3.3104436e-05,auto_accept,n/a
ISIC_0031504,nv,nv,0.0044795997,0.00027221325,auto_accept,n/a
ISIC_0027147,nv,bkl,0.00518367,0.006840657,auto_accept,n/a
ISIC_0033911,mel,mel,0.00011679619,0.9962704,auto_accept,n/a
ISIC_0026027,nv,nv,0.00014941869,0.0037344568,auto_accept,n/a
ISIC_0029425,bkl,mel,0.0015730301,0.9564343,auto_accept,n/a
ISIC_0027633,nv,nv,1.4896178e-06,2.6624675e-05,auto_accept,n/a
ISIC_0027760,bkl,bkl,6.929455e-06,0.009973536,auto_accept,n/a
ISIC_0028940,nv,nv,3.0175816e-08,2.615807e-06,auto_accept,n/a
ISIC_0027006,bkl,bkl,0.014124582,0.09232173,auto_accept,n/a
ISIC_0033652,nv,nv,7.000315e-05,0.0005906507,auto_accept,n/a
ISIC_0029900,akiec,akiec,4.0499424e-05,0.9959422,auto_accept,n/a
ISIC_0032161,nv,nv,4.3282494e-06,1.565419e-05,auto_accept,n/a
ISIC_0025334,nv,nv,2.0652606e-09,1.5064945e-06,auto_accept,n/a
ISIC_0027193,nv,nv,1.1348497e-09,4.14744e-11,auto_accept,n/a
ISIC_0025102,bcc,bcc,1.3790245e-07,0.99999976,auto_accept,n/a
ISIC_0029981,nv,nv,0.00015322828,4.9140294e-07,auto_accept,n/a
ISIC_0026589,nv,nv,7.728877e-06,3.3708406e-05,auto_accept,n/a
ISIC_0027384,nv,nv,1.3629318e-05,0.00032134706,auto_accept,n/a
ISIC_0029116,nv,nv,9.0350554e-08,1.1186261e-06,auto_accept,n/a
ISIC_0024951,mel,mel,0.002738155,0.9417893,auto_accept,n/a
ISIC_0032547,mel,mel,0.001517181,0.9448014,auto_accept,n/a
ISIC_0027780,bkl,bkl,0.021641046,0.07117201,escalate,n/a
ISIC_0027941,nv,nv,5.5392473e-05,5.1901756e-05,auto_accept,n/a
ISIC_0029782,nv,nv,0.0029179729,0.00434403,auto_accept,n/a
ISIC_0027153,nv,nv,2.5086487e-07,5.5607165e-05,auto_accept,n/a
ISIC_0028019,nv,nv,1.3989623e-08,6.5017286e-07,auto_accept,n/a
ISIC_0025100,nv,nv,0.00022359125,1.9030601e-07,auto_accept,n/a
ISIC_0025447,nv,nv,1.543239e-05,1.0948424e-05,auto_accept,n/a
ISIC_0033121,nv,mel,0.0006671495,0.9428114,auto_accept,n/a
ISIC_0026168,nv,nv,0.00015088606,1.68013e-05,auto_accept,n/a
ISIC_0032957,nv,nv,0.0019392377,0.0036218853,auto_accept,n/a
ISIC_0032506,nv,nv,3.8572534e-06,7.242736e-07,auto_accept,n/a
ISIC_0027227,nv,nv,3.0833676e-09,2.0305436e-07,auto_accept,n/a
ISIC_0028483,nv,nv,0.00014312581,0.0005380243,auto_accept,n/a
ISIC_0029347,nv,nv,3.3488692e-07,3.077567e-06,auto_accept,n/a
ISIC_0024976,nv,nv,2.3028242e-09,3.417275e-08,auto_accept,n/a
ISIC_0028049,nv,nv,1.7744863e-08,6.5524097e-07,auto_accept,n/a
ISIC_0032865,nv,nv,9.930034e-05,6.5851775e-05,auto_accept,n/a
ISIC_0024636,nv,nv,0.000845367,6.0624978e-05,auto_accept,n/a
ISIC_0032006,bkl,bkl,8.956591e-05,0.07138932,auto_accept,n/a
ISIC_0028298,nv,nv,8.263085e-06,3.0632395e-06,auto_accept,n/a
ISIC_0033927,nv,nv,0.00033380563,0.0001489603,auto_accept,n/a
ISIC_0031156,nv,nv,4.4514556e-07,7.186209e-08,auto_accept,n/a
ISIC_0031415,nv,nv,2.6711405e-10,3.2800471e-09,auto_accept,n/a
ISIC_0027879,nv,nv,6.396866e-11,4.9028925e-10,auto_accept,n/a
ISIC_0028673,nv,nv,0.0015172266,0.014327115,auto_accept,n/a
ISIC_0031335,akiec,akiec,0.01045256,0.861045,auto_accept,n/a
ISIC_0031742,nv,mel,0.00310002,0.97343725,auto_accept,n/a
ISIC_0029243,bkl,bkl,8.575042e-06,0.00668043,auto_accept,n/a
ISIC_0032678,nv,nv,3.9133276e-05,0.002352887,auto_accept,n/a
ISIC_0027742,mel,nv,0.00026643378,0.0016825853,auto_accept,n/a
ISIC_0030461,nv,nv,2.1311922e-05,3.5465993e-07,auto_accept,n/a
ISIC_0028028,nv,nv,4.1642258e-07,1.2822973e-05,auto_accept,n/a
ISIC_0031180,nv,nv,0.00037349918,0.00044947633,auto_accept,n/a
ISIC_0026551,nv,nv,0.00047927667,0.0033932969,auto_accept,n/a
ISIC_0034020,nv,nv,0.016968662,0.016872054,escalate,n/a
ISIC_0026999,nv,nv,4.4774774e-06,0.00026835513,auto_accept,n/a
ISIC_0031033,nv,nv,2.4692538e-06,0.000106110274,auto_accept,n/a
ISIC_0027011,nv,nv,1.5276866e-09,8.315731e-11,auto_accept,n/a
ISIC_0028597,nv,nv,5.7769794e-05,0.00041219333,auto_accept,n/a
ISIC_0028012,nv,nv,7.0233307e-07,0.00012387428,auto_accept,n/a
ISIC_0025952,nv,nv,1.82972e-06,1.0169047e-06,auto_accept,n/a
ISIC_0026095,nv,nv,8.102211e-09,2.3428204e-07,auto_accept,n/a
ISIC_0028604,nv,nv,2.2108956e-07,2.141766e-08,auto_accept,n/a
ISIC_0029936,nv,nv,4.8930874e-06,3.5844585e-07,auto_accept,n/a
ISIC_0029167,nv,nv,4.357782e-09,9.544691e-06,auto_accept,n/a
ISIC_0031656,nv,nv,9.617236e-08,1.4941929e-05,auto_accept,n/a
ISIC_0030386,nv,nv,0.00042281015,0.003075633,auto_accept,n/a
ISIC_0027381,nv,nv,0.0045238137,1.5002965e-06,auto_accept,n/a
ISIC_0025280,nv,nv,2.7111955e-05,2.532142e-05,auto_accept,n/a
ISIC_0033810,df,df,7.991998e-05,0.011683205,auto_accept,n/a
ISIC_0031639,bkl,bkl,0.0033690128,0.013473473,auto_accept,n/a
ISIC_0027998,bcc,bcc,1.092724e-05,0.9989317,auto_accept,n/a
ISIC_0028339,nv,nv,1.5776358e-06,0.00029773812,auto_accept,n/a
ISIC_0030118,bkl,bkl,8.5515985e-06,0.00061181746,auto_accept,n/a
ISIC_0030301,nv,nv,8.231154e-07,9.909422e-06,auto_accept,n/a
ISIC_0026434,nv,nv,5.4469697e-06,0.00060936593,auto_accept,n/a
ISIC_0031150,bkl,bkl,7.9636806e-07,0.0022924675,auto_accept,n/a
ISIC_0029706,nv,nv,2.403713e-08,8.95613e-07,auto_accept,n/a
ISIC_0032059,nv,nv,4.6462824e-07,8.4722444e-07,auto_accept,n/a
ISIC_0028603,nv,nv,7.3630235e-09,1.086919e-08,auto_accept,n/a
ISIC_0030098,nv,nv,3.335103e-06,7.183827e-05,auto_accept,n/a
ISIC_0024325,nv,nv,1.0093383e-08,1.1791598e-06,auto_accept,n/a
ISIC_0024876,nv,nv,0.003909758,0.08663188,auto_accept,n/a
ISIC_0026816,nv,nv,9.4545365e-05,0.0015207654,auto_accept,n/a
ISIC_0029498,nv,nv,0.000568155,0.0061301584,auto_accept,n/a
ISIC_0030455,nv,nv,2.9437976e-07,4.694064e-08,auto_accept,n/a
ISIC_0027122,nv,nv,0.0019717026,0.008196895,auto_accept,n/a
ISIC_0028934,nv,nv,4.6156897e-06,2.14747e-06,auto_accept,n/a
ISIC_0027847,nv,nv,0.016785236,0.33685115,escalate,n/a
ISIC_0027278,nv,nv,1.3318523e-05,6.6968874e-05,auto_accept,n/a
ISIC_0032840,mel,mel,0.007494138,0.9853668,auto_accept,n/a
ISIC_0032434,nv,nv,1.0591792e-05,2.4185592e-05,auto_accept,n/a
ISIC_0028086,mel,mel,4.746586e-06,0.99920195,auto_accept,n/a
ISIC_0026005,nv,nv,9.7840235e-08,7.3947313e-06,auto_accept,n/a
ISIC_0025648,nv,nv,1.8061696e-07,4.340246e-06,auto_accept,n/a
ISIC_0025784,nv,nv,0.0035660153,0.047400933,auto_accept,n/a
ISIC_0027809,nv,nv,0.001640063,4.194233e-06,auto_accept,n/a
ISIC_0027733,nv,nv,6.596973e-10,1.3482312e-08,auto_accept,n/a
ISIC_0025315,nv,nv,0.00029856907,0.0032228015,auto_accept,n/a
ISIC_0029590,nv,nv,0.00012212335,1.8209697e-05,auto_accept,n/a
ISIC_0025187,nv,nv,4.8540434e-05,0.00057542394,auto_accept,n/a
ISIC_0027453,nv,nv,0.0063079507,0.08628328,auto_accept,n/a
ISIC_0029999,nv,nv,1.2438034e-05,0.00013348948,auto_accept,n/a
ISIC_0031512,nv,nv,0.00012450125,4.9609025e-05,auto_accept,n/a
ISIC_0031200,bkl,bkl,0.0149040315,0.059795756,auto_accept,n/a
ISIC_0031402,nv,nv,0.0008897937,0.022700636,auto_accept,n/a
ISIC_0030637,nv,nv,0.00018577906,0.00013962596,auto_accept,n/a
ISIC_0026053,nv,mel,0.0058433875,0.71995157,auto_accept,n/a
ISIC_0024558,nv,nv,1.08548875e-07,5.217085e-06,auto_accept,n/a
ISIC_0029690,nv,nv,2.1007672e-06,3.3365356e-07,auto_accept,n/a
ISIC_0033516,nv,nv,0.0061164307,0.0070884903,auto_accept,n/a
ISIC_0033915,nv,bkl,0.013278274,0.03322598,auto_accept,n/a
ISIC_0031024,bkl,bkl,0.011280997,2.403994e-07,auto_accept,n/a
ISIC_0033795,nv,bkl,0.0074233827,0.012171168,auto_accept,n/a
ISIC_0031162,nv,nv,7.549456e-08,6.1274e-08,auto_accept,n/a
ISIC_0034228,nv,nv,5.110361e-06,1.2728246e-05,auto_accept,n/a
ISIC_0026442,bcc,bcc,2.2186546e-08,0.999997,auto_accept,n/a
ISIC_0029449,nv,nv,1.2156303e-06,3.675064e-08,auto_accept,n/a
ISIC_0027732,nv,nv,1.42403715e-05,0.0017991371,auto_accept,n/a
ISIC_0024357,nv,nv,0.00023057497,0.00063537195,auto_accept,n/a
ISIC_0031250,nv,nv,6.522969e-06,1.310745e-07,auto_accept,n/a
ISIC_0029125,nv,nv,0.0020172049,1.3970284e-05,auto_accept,n/a
ISIC_0027886,nv,nv,9.33357e-05,5.163213e-06,auto_accept,n/a
ISIC_0030650,nv,nv,7.398829e-05,0.005903713,auto_accept,n/a
ISIC_0025215,nv,nv,6.253497e-09,5.977655e-07,auto_accept,n/a
ISIC_0024995,nv,nv,0.0013802394,0.0055822837,auto_accept,n/a
ISIC_0029850,nv,nv,5.109679e-09,1.155278e-06,auto_accept,n/a
ISIC_0024853,mel,mel,0.0017869181,0.9969252,auto_accept,n/a
ISIC_0028594,nv,nv,0.00044225203,0.00029813606,auto_accept,n/a
ISIC_0029386,nv,nv,5.7743506e-07,4.715682e-07,auto_accept,n/a
ISIC_0032476,mel,mel,0.0045601674,0.99679285,auto_accept,n/a
ISIC_0028196,nv,nv,1.9813298e-08,4.33398e-06,auto_accept,n/a
ISIC_0028950,nv,nv,2.879155e-07,2.6106634e-06,auto_accept,n/a
ISIC_0027639,nv,mel,0.0059627714,0.8784648,auto_accept,n/a
ISIC_0028348,nv,nv,5.054e-08,9.941445e-06,auto_accept,n/a
ISIC_0028282,nv,nv,0.00057783007,0.004545973,auto_accept,n/a
ISIC_0026269,nv,nv,1.1098748e-06,2.598973e-06,auto_accept,n/a
ISIC_0028161,nv,nv,0.0006175907,0.00020356843,auto_accept,n/a
ISIC_0025033,bkl,bkl,0.013508624,0.0882329,auto_accept,n/a
ISIC_0027992,nv,nv,0.00023027106,9.079107e-06,auto_accept,n/a
ISIC_0030911,nv,nv,2.3448298e-05,1.4515741e-06,auto_accept,n/a
ISIC_0029595,nv,nv,1.1243735e-09,2.3112638e-09,auto_accept,n/a
ISIC_0033843,mel,mel,0.00043647317,0.9833915,auto_accept,n/a
ISIC_0034069,nv,nv,0.008452043,0.29174635,auto_accept,n/a
ISIC_0032005,nv,nv,2.8602992e-06,2.149708e-05,auto_accept,n/a
ISIC_0031287,bkl,bkl,0.00071379833,0.009941622,auto_accept,n/a
ISIC_0033585,nv,nv,0.004205119,0.000112496185,auto_accept,n/a
ISIC_0034168,bkl,bkl,4.7170062e-05,0.00076322467,auto_accept,n/a
ISIC_0031558,bkl,nv,0.000994863,0.004544916,auto_accept,n/a
ISIC_0029675,nv,nv,6.119495e-08,2.3218416e-09,auto_accept,n/a
ISIC_0027817,nv,nv,3.8412027e-06,1.3798399e-06,auto_accept,n/a
ISIC_0033839,nv,nv,0.0056045903,0.02326455,auto_accept,n/a
ISIC_0025258,nv,nv,1.9978956e-05,0.00024587158,auto_accept,n/a
ISIC_0025658,nv,nv,6.225648e-08,9.1612645e-07,auto_accept,n/a
ISIC_0029845,nv,nv,0.0022952205,0.016210848,auto_accept,n/a
ISIC_0032407,nv,nv,0.0003080356,0.00016354126,auto_accept,n/a
ISIC_0032909,nv,bkl,0.021139028,4.0606033e-06,escalate,n/a
ISIC_0028472,nv,nv,6.6940966e-06,2.5672207e-05,auto_accept,n/a
ISIC_0028147,bcc,bcc,0.006923612,0.9736081,auto_accept,n/a
ISIC_0025416,nv,nv,1.2416697e-08,5.961919e-08,auto_accept,n/a
ISIC_0029111,nv,nv,6.243365e-08,5.541676e-07,auto_accept,n/a
ISIC_0031889,nv,nv,0.00066508394,0.0042611314,auto_accept,n/a
ISIC_0025205,nv,nv,3.4039451e-06,1.3226052e-05,auto_accept,n/a
ISIC_0028443,nv,nv,1.8370224e-08,1.0026105e-08,auto_accept,n/a
ISIC_0026458,mel,mel,0.00046114143,0.9452238,auto_accept,n/a
ISIC_0030228,nv,nv,1.1125827e-07,2.3515722e-05,auto_accept,n/a
ISIC_0032384,bcc,bcc,1.475713e-06,0.9996494,auto_accept,n/a
ISIC_0028943,bkl,bkl,3.4781078e-06,2.8388187e-05,auto_accept,n/a
ISIC_0026284,nv,nv,2.2433351e-08,2.98178e-10,auto_accept,n/a
ISIC_0024751,nv,nv,0.0020436381,0.0028881638,auto_accept,n/a
ISIC_0024379,nv,nv,3.886234e-06,4.008766e-06,auto_accept,n/a
ISIC_0025210,nv,mel,0.010528765,0.9490942,auto_accept,n/a
ISIC_0033407,nv,nv,6.8700436e-05,0.00022103754,auto_accept,n/a
ISIC_0024395,nv,nv,2.4097153e-06,1.8141925e-05,auto_accept,n/a
ISIC_0027304,nv,nv,5.9324987e-07,6.34225e-05,auto_accept,n/a
ISIC_0033545,mel,mel,1.0178424e-05,0.9984138,auto_accept,n/a
ISIC_0031828,nv,nv,0.0053421776,0.0003995573,auto_accept,n/a
ISIC_0027977,nv,nv,6.19693e-08,1.2019954e-07,auto_accept,n/a
ISIC_0026757,nv,nv,8.0467754e-07,1.1351847e-06,auto_accept,n/a
ISIC_0030577,nv,nv,4.5029305e-09,3.7174754e-09,auto_accept,n/a
ISIC_0029612,bkl,bkl,0.004345634,0.003493031,auto_accept,n/a
ISIC_0025761,nv,nv,2.7978635e-08,3.164974e-06,auto_accept,n/a
ISIC_0024925,akiec,akiec,0.010187196,0.9489029,auto_accept,n/a
ISIC_0028407,nv,nv,5.0529263e-07,2.6331112e-08,auto_accept,n/a
ISIC_0031787,nv,nv,1.3087699e-06,5.7853033e-09,auto_accept,n/a
ISIC_0026012,nv,nv,0.005785592,0.00032676273,auto_accept,n/a
ISIC_0028540,nv,nv,1.0201841e-07,1.334113e-06,auto_accept,n/a
ISIC_0027322,nv,nv,8.9443475e-08,1.1900323e-08,auto_accept,n/a
ISIC_0029526,nv,nv,1.1555119e-07,3.321935e-06,auto_accept,n/a
ISIC_0026978,bcc,bcc,0.0019596897,0.9999155,auto_accept,n/a
ISIC_0027075,nv,nv,9.3273236e-08,1.0648596e-06,auto_accept,n/a
ISIC_0025993,nv,nv,6.627819e-05,0.0006752705,auto_accept,n/a
ISIC_0030878,nv,nv,3.2394157e-05,6.250755e-07,auto_accept,n/a
ISIC_0034148,nv,nv,0.0015849152,0.0025998794,auto_accept,n/a
ISIC_0030509,nv,nv,7.785855e-08,3.8266816e-07,auto_accept,n/a
ISIC_0033749,vasc,vasc,1.2880638e-05,0.000107956046,auto_accept,n/a
ISIC_0024821,nv,nv,0.00027536138,0.0020368458,auto_accept,n/a
ISIC_0033767,nv,nv,0.012136385,0.33608505,auto_accept,n/a
ISIC_0030889,nv,nv,5.414879e-06,8.3538645e-05,auto_accept,n/a
ISIC_0026205,bkl,bkl,0.00018440017,0.0008642784,auto_accept,n/a
ISIC_0027511,nv,nv,4.6700293e-06,9.863309e-06,auto_accept,n/a
ISIC_0025883,bkl,bkl,8.148431e-07,0.00011313865,auto_accept,n/a
ISIC_0030032,mel,mel,0.0059648505,0.8239862,auto_accept,n/a
ISIC_0026619,nv,nv,2.912847e-07,1.6202503e-05,auto_accept,n/a
ISIC_0025759,nv,nv,0.00015052804,0.019741954,auto_accept,n/a
ISIC_0028093,nv,nv,2.4699166e-06,0.00030781847,auto_accept,n/a
ISIC_0024460,nv,nv,3.498396e-07,4.1142383e-05,auto_accept,n/a
ISIC_0024535,nv,nv,1.5421309e-08,5.224645e-07,auto_accept,n/a
ISIC_0031731,nv,nv,1.2277074e-07,7.455818e-08,auto_accept,n/a
ISIC_0027696,nv,nv,4.8596003e-09,9.468484e-11,auto_accept,n/a
ISIC_0028734,nv,nv,1.2892292e-05,5.471138e-05,auto_accept,n/a
ISIC_0029695,nv,nv,1.4300232e-08,3.5225714e-08,auto_accept,n/a
ISIC_0028641,nv,nv,6.550082e-08,0.000113045804,auto_accept,n/a
ISIC_0028905,nv,nv,0.008405688,0.10266961,auto_accept,n/a
ISIC_0028383,nv,nv,1.3379515e-07,7.7941075e-07,auto_accept,n/a
ISIC_0032330,bkl,bkl,0.0067463624,0.00011004969,auto_accept,n/a
ISIC_0025122,nv,nv,3.998938e-05,1.1410618e-05,auto_accept,n/a
ISIC_0027025,bkl,bkl,0.002752226,0.14709467,auto_accept,n/a
ISIC_0025306,nv,nv,1.1395688e-05,0.0005846276,auto_accept,n/a
ISIC_0026859,nv,nv,7.773134e-08,4.9451984e-07,auto_accept,n/a
ISIC_0030593,nv,nv,1.5498621e-05,0.0017251906,auto_accept,n/a
ISIC_0031420,nv,nv,2.1593909e-05,0.00010726484,auto_accept,n/a
ISIC_0025347,nv,nv,6.236563e-10,4.5245294e-08,auto_accept,n/a
ISIC_0025889,nv,nv,6.8630754e-07,3.3344617e-07,auto_accept,n/a
ISIC_0032488,nv,nv,2.6050673e-06,2.3296108e-05,auto_accept,n/a
ISIC_0029517,nv,nv,0.003207689,0.0001518767,auto_accept,n/a
ISIC_0026283,nv,nv,0.00043654727,2.8151214e-06,auto_accept,n/a
ISIC_0029426,nv,nv,7.7472373e-10,4.9078444e-09,auto_accept,n/a
ISIC_0027435,bkl,bkl,0.00015564522,0.028208023,auto_accept,n/a
ISIC_0027789,nv,nv,0.014465326,0.011850926,auto_accept,n/a
ISIC_0034243,mel,mel,6.9230947e-07,0.99984586,auto_accept,n/a
ISIC_0029017,mel,nv,0.0006021421,0.0054470864,auto_accept,n/a
ISIC_0028646,bkl,bkl,0.021632371,0.2553332,escalate,n/a
ISIC_0025851,bkl,bkl,0.0011625261,0.0022860265,auto_accept,n/a
ISIC_0032015,nv,nv,0.008547155,0.04153379,auto_accept,n/a
ISIC_0032279,nv,nv,0.001487622,0.00082035415,auto_accept,n/a
ISIC_0028449,bkl,bkl,0.0003061243,0.18853588,auto_accept,n/a
ISIC_0024331,bcc,bcc,9.4686275e-06,0.99999547,auto_accept,n/a
ISIC_0025810,bkl,bkl,0.000368733,0.018197317,auto_accept,n/a
ISIC_0030289,nv,nv,0.00011938729,0.00015419156,auto_accept,n/a
ISIC_0033461,nv,nv,0.013202152,0.064506784,auto_accept,n/a
ISIC_0030198,nv,nv,0.0004779297,0.011096737,auto_accept,n/a
ISIC_0032125,nv,nv,0.00037728748,0.0156105235,auto_accept,n/a
ISIC_0033031,vasc,vasc,7.783311e-05,4.467752e-06,auto_accept,n/a
ISIC_0034014,nv,mel,0.0013219713,0.990642,auto_accept,n/a
ISIC_0032741,bcc,bcc,1.786528e-05,0.9999485,auto_accept,n/a
ISIC_0031772,nv,nv,4.804405e-09,1.055303e-06,auto_accept,n/a
ISIC_0026127,nv,nv,0.0006629726,3.7784106e-05,auto_accept,n/a
ISIC_0032714,nv,nv,0.0039210804,0.019495778,auto_accept,n/a
ISIC_0030679,nv,nv,3.4192176e-06,2.748688e-07,auto_accept,n/a
ISIC_0025663,mel,mel,0.0058627566,0.94009316,auto_accept,n/a
ISIC_0029703,nv,nv,2.4201734e-06,4.3070966e-07,auto_accept,n/a
ISIC_0031267,nv,nv,3.4202895e-08,9.097224e-08,auto_accept,n/a
ISIC_0030740,nv,nv,0.0019100092,0.0137541,auto_accept,n/a
ISIC_0027854,nv,nv,1.0439803e-05,1.0042651e-05,auto_accept,n/a
ISIC_0029335,nv,nv,4.03947e-08,4.951248e-08,auto_accept,n/a
ISIC_0028246,nv,nv,2.6839372e-05,3.4802215e-05,auto_accept,n/a
ISIC_0027176,nv,nv,4.7450936e-08,8.124431e-06,auto_accept,n/a
ISIC_0031762,bcc,bcc,3.806464e-05,0.99946624,auto_accept,n/a
ISIC_0026720,akiec,akiec,2.9337257e-06,0.9998801,auto_accept,n/a
ISIC_0029866,nv,nv,2.6197927e-07,3.107147e-08,auto_accept,n/a
ISIC_0027565,nv,nv,2.7317017e-07,6.302764e-06,auto_accept,n/a
ISIC_0026922,nv,nv,0.00024234776,0.0008366323,auto_accept,n/a
ISIC_0033021,nv,nv,7.8469864e-05,0.0005689318,auto_accept,n/a
ISIC_0029198,nv,nv,2.2754052e-09,7.65668e-06,auto_accept,n/a
ISIC_0031105,nv,nv,0.0074566943,0.027169863,auto_accept,n/a
ISIC_0026565,nv,nv,5.4715606e-06,4.4410663e-06,auto_accept,n/a
ISIC_0028567,mel,nv,0.00019655064,0.00051396334,auto_accept,n/a
ISIC_0030970,mel,mel,0.0007073452,0.9734456,auto_accept,n/a
ISIC_0027413,nv,nv,3.218316e-08,2.4793712e-06,auto_accept,n/a
ISIC_0028513,nv,nv,1.554845e-05,1.97301e-06,auto_accept,n/a
ISIC_0030068,nv,nv,4.1748294e-06,2.1629778e-06,auto_accept,n/a
ISIC_0030859,nv,nv,0.0063647106,0.072004996,auto_accept,n/a
ISIC_0026765,akiec,bcc,0.00011026634,0.99893695,auto_accept,n/a
ISIC_0030990,nv,nv,0.00058197125,0.0005977207,auto_accept,n/a
ISIC_0025794,nv,nv,3.6294873e-06,4.560963e-05,auto_accept,n/a
ISIC_0030909,nv,nv,0.0008710764,0.0036086661,auto_accept,n/a
ISIC_0028891,nv,bkl,0.00095951714,0.0011509763,auto_accept,n/a
ISIC_0024334,nv,nv,9.020795e-09,3.588446e-08,auto_accept,n/a
ISIC_0027843,nv,nv,1.31619595e-08,4.3464365e-08,auto_accept,n/a
ISIC_0031086,nv,nv,1.4034446e-09,1.5893312e-07,auto_accept,n/a
ISIC_0031195,nv,nv,3.5159235e-05,6.276949e-05,auto_accept,n/a
ISIC_0028722,nv,nv,5.5637247e-07,4.5181623e-06,auto_accept,n/a
ISIC_0032898,bkl,bkl,0.009775942,0.002715826,auto_accept,n/a
ISIC_0025230,nv,nv,6.866224e-07,3.9746847e-05,auto_accept,n/a
ISIC_0024531,nv,nv,4.7512503e-07,1.2468213e-05,auto_accept,n/a
ISIC_0025460,nv,nv,7.582552e-11,3.0547914e-10,auto_accept,n/a
ISIC_0026573,nv,nv,0.014142139,0.37707293,auto_accept,n/a
ISIC_0030024,nv,nv,0.00023377023,9.504755e-07,auto_accept,n/a
ISIC_0028185,nv,nv,0.00013917462,0.000113769485,auto_accept,n/a
ISIC_0032087,nv,nv,1.2211356e-07,1.5434559e-07,auto_accept,n/a
ISIC_0029621,nv,nv,6.903951e-05,0.0069634556,auto_accept,n/a
ISIC_0026500,mel,mel,0.0097106015,0.95882547,auto_accept,n/a
ISIC_0026745,mel,mel,0.0008556244,0.9992592,auto_accept,n/a
ISIC_0033945,bkl,bkl,0.0026442448,0.057136416,auto_accept,n/a
ISIC_0030449,nv,nv,1.4662637e-06,0.00010114402,auto_accept,n/a
ISIC_0027808,nv,nv,7.7541745e-06,5.1353395e-06,auto_accept,n/a
ISIC_0030001,nv,nv,5.219783e-08,6.2546724e-07,auto_accept,n/a
ISIC_0032944,nv,nv,0.001905159,0.0005069089,auto_accept,n/a
ISIC_0033426,mel,mel,8.351074e-06,0.99872094,auto_accept,n/a
ISIC_0025041,nv,nv,2.2167288e-08,6.4593996e-07,auto_accept,n/a
ISIC_0031448,nv,nv,0.001034296,0.038497183,auto_accept,n/a
ISIC_0027044,df,nv,0.0021234022,0.0017256942,auto_accept,n/a
ISIC_0034263,mel,mel,0.006567106,0.97028613,auto_accept,n/a
ISIC_0030881,nv,nv,1.2941049e-06,6.2826206e-05,auto_accept,n/a
ISIC_0034319,nv,nv,0.0018449418,0.00956537,auto_accept,n/a
ISIC_0026689,nv,nv,0.0010876689,0.00978993,auto_accept,n/a
ISIC_0030490,nv,nv,0.0007748493,0.002374102,auto_accept,n/a
ISIC_0030489,nv,nv,1.8816453e-07,7.006317e-07,auto_accept,n/a
ISIC_0029680,bcc,bcc,0.01075173,0.9996879,auto_accept,n/a
ISIC_0033719,nv,nv,7.235295e-05,0.0020553607,auto_accept,n/a
ISIC_0030347,nv,nv,7.209614e-09,2.4738055e-08,auto_accept,n/a
ISIC_0033279,mel,mel,9.558465e-05,0.998442,auto_accept,n/a
ISIC_0029489,bcc,bcc,4.235802e-06,0.9993845,auto_accept,n/a
ISIC_0027111,nv,nv,3.2276033e-09,5.7201632e-08,auto_accept,n/a
ISIC_0025732,mel,mel,0.017063575,0.6269976,escalate,n/a
ISIC_0034210,nv,nv,0.004216199,0.17716199,auto_accept,n/a
ISIC_0027844,nv,nv,3.390508e-08,3.6131682e-06,auto_accept,n/a
ISIC_0032206,akiec,akiec,0.015230433,0.8823288,escalate,n/a
ISIC_0026571,mel,mel,3.268657e-05,0.9822839,auto_accept,n/a
ISIC_0030125,nv,nv,1.8582545e-05,5.772504e-05,auto_accept,n/a
ISIC_0030205,nv,nv,5.8898434e-07,3.584972e-06,auto_accept,n/a
ISIC_0029765,nv,nv,3.0682025e-07,2.7543328e-09,auto_accept,n/a
ISIC_0027870,nv,nv,1.0985482e-05,9.266283e-06,auto_accept,n/a
ISIC_0027289,nv,nv,0.0033236973,0.016432708,auto_accept,n/a
ISIC_0025483,nv,nv,2.0602e-06,1.2260155e-08,auto_accept,n/a
ISIC_0031588,nv,nv,0.003254261,6.5276e-05,auto_accept,n/a
ISIC_0032045,bkl,bkl,0.014538413,0.3371866,auto_accept,n/a
ISIC_0026057,nv,nv,0.012692542,0.011162678,auto_accept,n/a
ISIC_0024950,nv,nv,8.887119e-06,5.5399516e-09,auto_accept,n/a
ISIC_0025991,nv,nv,3.1802756e-06,1.3713254e-05,auto_accept,n/a
ISIC_0024488,nv,nv,3.1310162e-06,2.2576987e-08,auto_accept,n/a
ISIC_0025996,mel,mel,0.0007297729,0.99506855,auto_accept,n/a
ISIC_0024351,mel,mel,0.0011972339,0.98847896,auto_accept,n/a
ISIC_0027526,bcc,bcc,4.763759e-05,0.9999579,auto_accept,n/a
ISIC_0030515,nv,nv,2.7340101e-09,3.218322e-10,auto_accept,n/a
ISIC_0029379,nv,nv,9.490979e-08,1.3490832e-07,auto_accept,n/a
ISIC_0025743,bkl,bkl,6.9768334e-06,0.00012374713,auto_accept,n/a
ISIC_0027944,nv,nv,9.806337e-08,4.5048876e-07,auto_accept,n/a
ISIC_0026509,nv,nv,0.0016213569,1.7457667e-05,auto_accept,n/a
ISIC_0030846,nv,nv,2.7666338e-05,0.0007665602,auto_accept,n/a
ISIC_0033262,bkl,bkl,1.8298819e-05,0.0052275155,auto_accept,n/a
ISIC_0031367,nv,nv,2.3909074e-06,3.6980815e-05,auto_accept,n/a
ISIC_0032876,bkl,bkl,0.000120162396,5.897272e-05,auto_accept,n/a
ISIC_0033702,nv,nv,6.852279e-05,0.000327718,auto_accept,n/a
ISIC_0029085,nv,nv,4.905272e-08,6.8842816e-08,auto_accept,n/a
ISIC_0027173,nv,nv,0.0005724175,6.2088147e-06,auto_accept,n/a
ISIC_0024306,nv,nv,6.263206e-08,1.734287e-07,auto_accept,n/a
ISIC_0026058,nv,nv,1.67792e-08,1.3316854e-08,auto_accept,n/a
ISIC_0032357,nv,nv,2.487514e-07,1.151754e-07,auto_accept,n/a
ISIC_0027564,nv,nv,3.8321193e-07,9.668555e-05,auto_accept,n/a
ISIC_0031472,nv,nv,1.0193179e-07,8.2283793e-07,auto_accept,n/a
ISIC_0026136,nv,nv,3.2914725e-06,2.4004183e-05,auto_accept,n/a
ISIC_0030936,nv,nv,7.590202e-06,0.00026069427,auto_accept,n/a
ISIC_0026123,nv,mel,0.0034406974,0.92452395,auto_accept,n/a
ISIC_0031541,nv,nv,2.0320696e-08,1.0899463e-07,auto_accept,n/a
ISIC_0024409,bkl,bkl,0.0002655316,0.03184893,auto_accept,n/a
ISIC_0026232,nv,nv,0.0011708,0.044083834,auto_accept,n/a
ISIC_0029875,nv,nv,7.574239e-08,8.094617e-07,auto_accept,n/a
ISIC_0029971,nv,nv,2.9195721e-08,1.9821533e-10,auto_accept,n/a
ISIC_0025225,nv,nv,3.5961246e-05,2.821136e-05,auto_accept,n/a
ISIC_0032003,nv,nv,0.0011944365,0.008540631,auto_accept,n/a
ISIC_0029520,nv,nv,1.6995053e-06,7.223075e-06,auto_accept,n/a
ISIC_0024907,nv,nv,0.0023319072,0.0030558477,auto_accept,n/a
ISIC_0031171,bcc,bcc,4.2772305e-07,0.99985623,auto_accept,n/a
ISIC_0027200,nv,nv,3.6476628e-09,1.11200285e-08,auto_accept,n/a
ISIC_0029179,nv,nv,1.2670353e-05,2.2269722e-05,auto_accept,n/a
ISIC_0030012,nv,nv,9.3137656e-05,0.0005993513,auto_accept,n/a
ISIC_0030041,nv,nv,1.2100348e-05,2.8387158e-05,auto_accept,n/a
ISIC_0029544,nv,mel,0.017430617,0.59395504,escalate,n/a
ISIC_0029114,nv,nv,7.430619e-06,6.0991747e-06,auto_accept,n/a
ISIC_0025389,bkl,akiec,0.0002716772,0.9923751,auto_accept,n/a
ISIC_0027566,nv,nv,5.3292e-06,2.2574748e-05,auto_accept,n/a
ISIC_0024971,bkl,bkl,0.00013718828,0.017333152,auto_accept,n/a
ISIC_0028566,nv,nv,2.9898506e-09,6.891592e-07,auto_accept,n/a
ISIC_0028374,nv,nv,8.644236e-06,0.00093065744,auto_accept,n/a
ISIC_0033766,nv,nv,0.00049375644,0.00062028656,auto_accept,n/a
ISIC_0033212,bkl,bkl,0.00056839973,0.016763737,auto_accept,n/a
ISIC_0034316,mel,mel,0.009248349,0.9992975,auto_accept,n/a
ISIC_0027233,nv,nv,2.9306566e-08,7.577145e-07,auto_accept,n/a
ISIC_0028371,nv,nv,0.00059664575,0.0016331638,auto_accept,n/a
ISIC_0024873,nv,nv,6.7034637e-07,1.51051445e-05,auto_accept,n/a
ISIC_0027761,nv,nv,0.001522301,0.00067782175,auto_accept,n/a
ISIC_0025760,nv,nv,5.0618816e-08,1.5326904e-08,auto_accept,n/a
ISIC_0029108,bkl,bkl,1.0219517e-06,3.6612855e-05,auto_accept,n/a
ISIC_0030955,nv,nv,7.5264563e-07,7.8514023e-07,auto_accept,n/a
ISIC_0025216,nv,nv,1.3254764e-10,1.5545752e-11,auto_accept,n/a
ISIC_0025897,nv,nv,0.00011582598,0.00069805636,auto_accept,n/a
ISIC_0032403,nv,nv,2.597473e-06,3.8942375e-07,auto_accept,n/a
ISIC_0030627,nv,nv,1.009242e-06,0.00028878095,auto_accept,n/a
ISIC_0033113,nv,nv,0.0023114714,0.0025022037,auto_accept,n/a
ISIC_0031068,nv,nv,1.9178528e-07,1.5583122e-08,auto_accept,n/a
ISIC_0026610,nv,mel,0.0019845006,0.9707992,auto_accept,n/a
ISIC_0030631,nv,nv,7.465243e-05,0.0016131173,auto_accept,n/a
ISIC_0030129,mel,mel,0.027690342,0.6926324,escalate,n/a
ISIC_0029957,nv,nv,8.560549e-06,0.0008960748,auto_accept,n/a
ISIC_0027651,mel,mel,0.010604865,0.6214952,auto_accept,n/a
ISIC_0034107,mel,mel,0.015096362,0.4900073,auto_accept,n/a
ISIC_0024491,nv,nv,7.605139e-07,6.626741e-06,auto_accept,n/a
ISIC_0031480,nv,nv,7.97294e-06,0.0012687269,auto_accept,n/a
ISIC_0026351,bkl,mel,0.0003900666,0.99490225,auto_accept,n/a
ISIC_0034097,nv,nv,0.012412539,0.43352586,auto_accept,n/a
ISIC_0027731,nv,nv,8.034017e-06,0.0001965695,auto_accept,n/a
ISIC_0034049,mel,mel,0.00019086107,0.9984995,auto_accept,n/a
ISIC_0028429,nv,nv,2.5079236e-05,0.0016322448,auto_accept,n/a
ISIC_0031677,bkl,bkl,0.0036511829,0.3597698,auto_accept,n/a
ISIC_0030332,nv,nv,8.469849e-06,7.830486e-05,auto_accept,n/a
ISIC_0029542,nv,nv,1.0558446e-05,7.39028e-08,auto_accept,n/a
ISIC_0033143,nv,nv,4.2678283e-05,1.7208156e-05,auto_accept,n/a
ISIC_0029784,nv,nv,2.858409e-06,3.03984e-07,auto_accept,n/a
ISIC_0025172,nv,nv,0.0002773274,0.008523705,auto_accept,n/a
ISIC_0032522,mel,mel,6.5262015e-05,0.9966702,auto_accept,n/a
ISIC_0026001,nv,nv,2.983228e-05,0.00013108503,auto_accept,n/a
ISIC_0029445,nv,nv,0.0003381797,0.000108310436,auto_accept,n/a
ISIC_0029308,bkl,bkl,1.3151148e-05,0.0013947517,auto_accept,n/a
ISIC_0024744,nv,nv,9.747516e-09,7.489734e-10,auto_accept,n/a
ISIC_0026128,nv,nv,4.9816055e-07,2.5330216e-06,auto_accept,n/a
ISIC_0032755,nv,nv,2.2870241e-05,1.9810409e-07,auto_accept,n/a
ISIC_0024865,mel,mel,0.0039511747,0.92384565,auto_accept,n/a
ISIC_0026939,nv,nv,1.49498765e-05,7.0347514e-06,auto_accept,n/a
ISIC_0029995,mel,mel,0.0005301783,0.99345857,auto_accept,n/a
ISIC_0027030,mel,mel,0.0072395555,0.9664437,auto_accept,n/a
ISIC_0032721,nv,nv,9.2742564e-05,7.1168826e-05,auto_accept,n/a
ISIC_0026397,nv,nv,0.00012618137,2.155131e-06,auto_accept,n/a
ISIC_0029266,nv,nv,8.296828e-05,4.869886e-07,auto_accept,n/a
ISIC_0024775,nv,nv,1.4889076e-08,1.157814e-08,auto_accept,n/a
ISIC_0030710,nv,nv,2.3938549e-06,8.753939e-05,auto_accept,n/a
ISIC_0032852,nv,nv,3.154535e-07,5.81498e-05,auto_accept,n/a
ISIC_0028270,nv,nv,7.81116e-07,9.953985e-07,auto_accept,n/a
ISIC_0031129,nv,nv,0.00014888069,1.0231269e-07,auto_accept,n/a
ISIC_0028240,nv,nv,0.0002158075,9.271304e-05,auto_accept,n/a
ISIC_0033387,mel,mel,0.0003053858,0.9965334,auto_accept,n/a
ISIC_0031446,nv,nv,2.5731515e-07,1.4240626e-07,auto_accept,n/a
ISIC_0028649,nv,nv,0.005081151,0.03121421,auto_accept,n/a
ISIC_0031008,bkl,bkl,4.495768e-05,0.012548177,auto_accept,n/a
ISIC_0031440,nv,nv,0.013975772,0.40225112,auto_accept,n/a
ISIC_0030604,mel,mel,0.00035807508,0.9921672,auto_accept,n/a
ISIC_0025615,nv,nv,4.8467373e-05,0.00020927322,auto_accept,n/a
ISIC_0031070,nv,mel,0.023242394,0.9181056,escalate,n/a
ISIC_0029903,nv,nv,3.1294494e-08,1.3334817e-07,auto_accept,n/a
ISIC_0025653,nv,nv,0.0076684067,0.070007704,auto_accept,n/a
ISIC_0030284,nv,nv,1.726917e-09,1.6816045e-08,auto_accept,n/a
ISIC_0033976,nv,nv,0.0028693008,0.012501744,auto_accept,n/a
ISIC_0029809,nv,nv,0.007555907,0.006248166,auto_accept,n/a
ISIC_0027632,nv,nv,0.0015980062,0.0042325095,auto_accept,n/a
ISIC_0028495,bcc,bcc,9.899284e-06,0.9993948,auto_accept,n/a
ISIC_0030227,bkl,mel,0.0071809837,0.7273556,auto_accept,n/a
ISIC_0031804,nv,nv,2.816075e-05,4.7569615e-06,auto_accept,n/a
ISIC_0029388,nv,nv,7.256308e-10,8.7104166e-07,auto_accept,n/a
ISIC_0029508,nv,nv,2.1818046e-06,1.778944e-05,auto_accept,n/a
ISIC_0030992,nv,nv,5.065537e-08,1.4509915e-06,auto_accept,n/a
ISIC_0025701,nv,nv,0.00044397666,2.1467888e-05,auto_accept,n/a
ISIC_0024567,nv,nv,2.4430582e-07,1.483184e-06,auto_accept,n/a
ISIC_0028354,bkl,bkl,0.00024199815,0.0008338109,auto_accept,n/a
ISIC_0033214,nv,nv,2.903459e-05,2.2555727e-05,auto_accept,n/a
ISIC_0031022,nv,nv,0.0012078536,2.1843976e-05,auto_accept,n/a
ISIC_0031892,nv,nv,1.376862e-06,2.3973104e-08,auto_accept,n/a
ISIC_0033682,nv,nv,0.013537249,0.124933474,auto_accept,n/a
ISIC_0030072,nv,nv,2.6888033e-06,0.0005908132,auto_accept,n/a
ISIC_0027230,nv,nv,0.0017769523,0.012073693,auto_accept,n/a
ISIC_0024714,nv,nv,0.01686088,0.5930847,escalate,n/a
ISIC_0027601,bcc,bcc,6.813713e-10,0.9999999,auto_accept,n/a
ISIC_0031205,nv,nv,0.0037442625,2.530252e-05,auto_accept,n/a
ISIC_0029201,bcc,bcc,0.0004315222,0.9995396,auto_accept,n/a
ISIC_0027424,nv,nv,7.259152e-07,1.2635251e-08,auto_accept,n/a
ISIC_0025307,nv,nv,1.17237256e-07,3.9750526e-06,auto_accept,n/a
ISIC_0026946,nv,nv,6.883905e-10,2.8781483e-07,auto_accept,n/a
ISIC_0028458,nv,nv,4.5582357e-10,1.4864662e-09,auto_accept,n/a
ISIC_0032846,nv,nv,0.0017147141,0.0010848038,auto_accept,n/a
ISIC_0026033,nv,nv,8.858466e-06,1.851931e-06,auto_accept,n/a
ISIC_0027245,nv,nv,6.7017005e-09,1.3094701e-08,auto_accept,n/a
ISIC_0026244,nv,nv,0.0014419444,0.008706569,auto_accept,n/a
ISIC_0028287,nv,nv,0.0017163315,0.0021873459,auto_accept,n/a
ISIC_0027013,nv,nv,5.41494e-05,0.00027897544,auto_accept,n/a
ISIC_0028109,mel,nv,0.010559591,0.36100543,auto_accept,n/a
ISIC_0030657,nv,nv,9.662172e-06,9.0483866e-07,auto_accept,n/a
ISIC_0031207,nv,nv,0.0012198089,0.02273216,auto_accept,n/a
ISIC_0031157,nv,nv,8.061965e-06,5.82078e-07,auto_accept,n/a
ISIC_0033611,mel,mel,0.018560141,0.89990807,escalate,n/a
ISIC_0033554,df,df,0.00031554193,0.04805032,auto_accept,n/a
ISIC_0026525,akiec,akiec,0.020384524,0.9999913,escalate,n/a
ISIC_0032399,nv,nv,5.964402e-09,2.2729292e-08,auto_accept,n/a
ISIC_0027644,nv,nv,0.0020829625,0.0053260704,auto_accept,n/a
ISIC_0030885,nv,nv,4.898229e-07,4.353582e-06,auto_accept,n/a
ISIC_0029275,nv,nv,2.242354e-07,6.3702237e-07,auto_accept,n/a
ISIC_0030763,nv,nv,2.5184092e-05,0.00013448784,auto_accept,n/a
ISIC_0031017,bkl,bkl,0.00016122595,0.0005184853,auto_accept,n/a
ISIC_0031030,nv,nv,4.7563863e-05,0.0012859042,auto_accept,n/a
ISIC_0026833,nv,nv,6.151907e-09,2.5692321e-08,auto_accept,n/a
ISIC_0027204,mel,bkl,0.01144925,0.017991371,auto_accept,n/a
ISIC_0026354,nv,nv,5.3034537e-06,5.9422247e-05,auto_accept,n/a
ISIC_0031360,nv,nv,1.3358012e-06,3.0343934e-05,auto_accept,n/a
ISIC_0024858,nv,nv,4.0638137e-05,1.0670782e-05,auto_accept,n/a
ISIC_0027885,nv,nv,2.7508318e-07,1.2476599e-07,auto_accept,n/a
ISIC_0033168,nv,nv,0.013573843,0.0010833378,auto_accept,n/a
ISIC_0027348,nv,nv,0.0001683394,0.00090857624,auto_accept,n/a
ISIC_0025020,nv,nv,1.0750828e-06,0.000103164675,auto_accept,n/a
ISIC_0031566,nv,nv,9.727119e-07,1.7227497e-07,auto_accept,n/a
ISIC_0028936,nv,nv,4.229736e-09,2.225811e-07,auto_accept,n/a
ISIC_0031949,nv,nv,2.2523214e-08,1.9592481e-07,auto_accept,n/a
ISIC_0031669,nv,nv,3.7873997e-05,0.0001256496,auto_accept,n/a
ISIC_0026819,nv,nv,0.00015446504,0.00074522605,auto_accept,n/a
ISIC_0029271,mel,mel,0.018639801,0.63162255,escalate,n/a
ISIC_0025481,nv,nv,1.546402e-07,2.6620619e-08,auto_accept,n/a
ISIC_0031589,nv,nv,6.747438e-07,2.6046104e-07,auto_accept,n/a
ISIC_0026824,nv,nv,9.544253e-07,3.0310392e-08,auto_accept,n/a
ISIC_0027231,akiec,bkl,0.0013946545,0.34945056,auto_accept,n/a
ISIC_0031549,nv,nv,3.8912916e-05,0.00018347501,auto_accept,n/a
ISIC_0033370,nv,nv,0.00064704934,0.018604381,auto_accept,n/a
ISIC_0030815,nv,nv,4.969534e-10,3.8134097e-08,auto_accept,n/a
ISIC_0025636,nv,nv,2.4156265e-05,6.2023164e-06,auto_accept,n/a
ISIC_0028995,bkl,bkl,0.016168827,0.0018707972,escalate,n/a
ISIC_0034218,mel,mel,0.0016580714,0.9521746,auto_accept,n/a
ISIC_0025218,nv,nv,0.00052564393,0.0002848048,auto_accept,n/a
ISIC_0031122,bcc,bcc,0.0063642496,0.98883784,auto_accept,n/a
ISIC_0031304,nv,bkl,0.008384587,0.02081043,auto_accept,n/a
ISIC_0031581,nv,nv,1.128762e-07,2.6353557e-09,auto_accept,n/a
ISIC_0031984,nv,nv,1.4239459e-05,3.137665e-05,auto_accept,n/a
ISIC_0032144,nv,mel,0.011240276,0.5894013,auto_accept,n/a
ISIC_0028634,nv,nv,7.258346e-07,3.7227636e-07,auto_accept,n/a
ISIC_0028366,nv,nv,5.0170233e-06,4.0121995e-05,auto_accept,n/a
ISIC_0032379,nv,nv,0.0012385172,0.006178293,auto_accept,n/a
ISIC_0033235,bkl,bkl,0.00966855,0.05760881,auto_accept,n/a
ISIC_0033218,bcc,bcc,0.00023543395,0.99906534,auto_accept,n/a
ISIC_0027205,nv,nv,0.00012715107,0.0002892698,auto_accept,n/a
ISIC_0030669,nv,nv,1.9067348e-10,9.5798896e-08,auto_accept,n/a
ISIC_0026146,nv,nv,1.2550434e-07,6.3906054e-09,auto_accept,n/a
ISIC_0026366,nv,nv,1.4872721e-06,1.8951752e-05,auto_accept,n/a
ISIC_0028506,nv,nv,8.262828e-06,1.5448417e-07,auto_accept,n/a
ISIC_0028170,nv,nv,0.009498714,0.004963262,auto_accept,n/a
ISIC_0030190,nv,nv,7.950047e-06,1.904267e-06,auto_accept,n/a
ISIC_0028058,nv,nv,1.0067546e-07,3.8206387e-08,auto_accept,n/a
ISIC_0025003,nv,nv,5.796728e-07,1.161675e-06,auto_accept,n/a
ISIC_0029946,nv,nv,1.6633685e-06,0.0002096011,auto_accept,n/a
ISIC_0031803,nv,mel,0.0045000208,0.8084948,auto_accept,n/a
ISIC_0030214,nv,nv,1.0299437e-07,3.0980243e-06,auto_accept,n/a
ISIC_0027548,nv,nv,0.0025523268,0.00041226126,auto_accept,n/a
ISIC_0032009,nv,nv,0.004954575,0.0035732347,auto_accept,n/a
ISIC_0029666,nv,nv,0.0090407515,0.017679807,auto_accept,n/a
ISIC_0024820,nv,nv,0.00011192025,0.00085276284,auto_accept,n/a
ISIC_0030548,nv,nv,2.9783541e-05,1.1265737e-07,auto_accept,n/a
ISIC_0027045,nv,bkl,0.0063406588,0.09147778,auto_accept,n/a
ISIC_0027747,bkl,nv,0.00022743798,2.8748706e-05,auto_accept,n/a
ISIC_0031616,nv,nv,1.2880804e-07,4.5087276e-09,auto_accept,n/a
ISIC_0029485,nv,nv,1.6398427e-09,2.2261166e-07,auto_accept,n/a
ISIC_0026461,nv,nv,9.3857896e-05,8.427404e-05,auto_accept,n/a
ISIC_0026737,bkl,bkl,0.0005332112,0.03618536,auto_accept,n/a
ISIC_0026535,nv,nv,3.6214214e-08,6.1677824e-08,auto_accept,n/a
ISIC_0029456,nv,nv,2.8321526e-07,1.7278567e-06,auto_accept,n/a
ISIC_0027849,nv,nv,0.012437317,0.1681102,auto_accept,n/a
ISIC_0031636,nv,nv,0.0008614645,0.003361677,auto_accept,n/a
ISIC_0032603,mel,nv,3.0262804e-06,0.0003743953,auto_accept,n/a
ISIC_0031780,nv,nv,1.7314795e-06,9.841285e-06,auto_accept,n/a
ISIC_0025509,bcc,bcc,5.1942004e-07,0.9999906,auto_accept,n/a
ISIC_0033507,bkl,bkl,0.0072112745,0.011809475,auto_accept,n/a
ISIC_0028585,nv,nv,7.342281e-05,0.00071355625,auto_accept,n/a
ISIC_0030148,nv,nv,3.610822e-06,5.196044e-05,auto_accept,n/a
ISIC_0034313,mel,mel,0.0028940975,0.9426719,auto_accept,n/a
ISIC_0029468,nv,nv,2.280939e-11,1.0324892e-08,auto_accept,n/a
ISIC_0031101,nv,nv,4.589286e-07,1.0123262e-06,auto_accept,n/a
ISIC_0024542,nv,nv,2.8955847e-07,1.7117981e-06,auto_accept,n/a
ISIC_0027658,nv,nv,2.0276018e-05,1.08022705e-05,auto_accept,n/a
ISIC_0025643,nv,nv,1.3930829e-06,5.834288e-05,auto_accept,n/a
ISIC_0033995,mel,mel,0.005997796,0.80580825,auto_accept,n/a
ISIC_0034000,mel,mel,0.0018364915,0.9857255,auto_accept,n/a
ISIC_0026523,bkl,bkl,0.0068985387,0.4732986,auto_accept,n/a
ISIC_0027243,nv,nv,7.351323e-06,0.00017969409,auto_accept,n/a
ISIC_0027300,mel,mel,4.9886967e-05,0.99974006,auto_accept,n/a
ISIC_0031167,nv,nv,1.6600218e-07,1.941853e-06,auto_accept,n/a
ISIC_0027426,nv,nv,2.783919e-10,3.3792393e-09,auto_accept,n/a
ISIC_0025480,nv,nv,1.9885954e-06,0.00020528742,auto_accept,n/a
ISIC_0030359,nv,nv,1.6812827e-07,3.6056253e-08,auto_accept,n/a
ISIC_0027247,nv,nv,0.017490614,5.4674823e-05,escalate,n/a
ISIC_0028854,akiec,akiec,0.002052099,0.99967754,auto_accept,n/a
ISIC_0026264,nv,nv,0.0019778633,0.010418093,auto_accept,n/a
ISIC_0032602,mel,mel,8.47672e-05,0.9947225,auto_accept,n/a
ISIC_0033581,bkl,bkl,9.750988e-06,5.888652e-07,auto_accept,n/a
ISIC_0027631,bcc,bcc,4.381917e-06,0.9992612,auto_accept,n/a
ISIC_0031503,nv,nv,1.061417e-06,2.0950677e-07,auto_accept,n/a
ISIC_0031571,nv,nv,1.224894e-06,1.3326339e-05,auto_accept,n/a
ISIC_0027649,bkl,mel,0.0042098416,0.9544115,auto_accept,n/a
ISIC_0026040,akiec,bkl,1.963457e-05,0.0050567086,auto_accept,n/a
ISIC_0029242,mel,mel,0.0038828452,0.9381569,auto_accept,n/a
ISIC_0032578,nv,nv,1.9036297e-06,8.712015e-06,auto_accept,n/a
ISIC_0031023,mel,mel,7.1767295e-06,0.9988644,auto_accept,n/a
ISIC_0029880,bkl,bkl,4.4777982e-05,7.292481e-05,auto_accept,n/a
ISIC_0031230,nv,nv,0.00020235215,0.00074908655,auto_accept,n/a
ISIC_0030494,nv,nv,3.3783635e-05,1.368505e-07,auto_accept,n/a
ISIC_0028548,mel,mel,0.0053726244,0.9701287,auto_accept,n/a
ISIC_0028695,nv,nv,3.8620467e-05,3.2479647e-06,auto_accept,n/a
ISIC_0028445,mel,nv,0.010639695,0.051832687,auto_accept,n/a
ISIC_0030402,nv,nv,2.520706e-06,1.463273e-06,auto_accept,n/a
ISIC_0029364,nv,nv,1.734494e-06,0.00011953462,auto_accept,n/a
ISIC_0030622,nv,nv,1.08136575e-07,3.993884e-06,auto_accept,n/a
ISIC_0031919,nv,bkl,0.013038705,0.014301624,auto_accept,n/a
ISIC_0027134,nv,nv,9.709878e-07,2.7406472e-07,auto_accept,n/a
ISIC_0027053,bkl,bkl,0.00052290433,0.02317157,auto_accept,n/a
ISIC_0030132,nv,nv,9.8902365e-06,0.00013235511,auto_accept,n/a
ISIC_0024373,nv,nv,8.282133e-06,5.835303e-06,auto_accept,n/a
ISIC_0032998,nv,nv,0.01415231,0.52601117,auto_accept,n/a
ISIC_0032127,nv,nv,5.3958658e-05,4.718719e-05,auto_accept,n/a
ISIC_0028972,bkl,bkl,7.850967e-05,0.00044513523,auto_accept,n/a
ISIC_0026290,bkl,bkl,0.0047957175,0.078254335,auto_accept,n/a
ISIC_0033597,nv,nv,5.467899e-05,0.00017000658,auto_accept,n/a
ISIC_0025755,mel,nv,0.0030356974,0.021015842,auto_accept,n/a
ISIC_0032068,nv,nv,7.8099436e-07,4.5126973e-05,auto_accept,n/a
ISIC_0028962,nv,nv,6.5787925e-10,4.4371188e-08,auto_accept,n/a
ISIC_0025070,nv,nv,2.1210188e-05,4.8220722e-06,auto_accept,n/a
ISIC_0028364,nv,mel,0.0039312732,0.74687374,auto_accept,n/a
ISIC_0030425,nv,mel,0.0012319904,0.98324835,auto_accept,n/a
ISIC_0027359,mel,mel,0.004332242,0.97705257,auto_accept,n/a
ISIC_0026190,nv,nv,0.0027747361,0.0027108039,auto_accept,n/a
ISIC_0033710,mel,mel,0.0015723202,0.99953246,auto_accept,n/a
ISIC_0027298,nv,mel,0.009590345,0.9792387,auto_accept,n/a
ISIC_0027031,nv,nv,0.0045325616,0.0011908857,auto_accept,n/a
ISIC_0027641,nv,nv,6.9621925e-10,3.2962146e-07,auto_accept,n/a
ISIC_0025845,nv,nv,3.702894e-05,0.0018693426,auto_accept,n/a
ISIC_0032532,mel,mel,0.0008695341,0.98023176,auto_accept,n/a
ISIC_0031853,bkl,bkl,4.315873e-06,0.00071720505,auto_accept,n/a
ISIC_0027991,bkl,mel,0.006192606,0.8919843,auto_accept,n/a
ISIC_0031890,mel,bkl,0.013400321,0.38314953,auto_accept,n/a
ISIC_0028942,nv,nv,3.4848195e-08,1.5668322e-06,auto_accept,n/a
ISIC_0026532,bkl,bkl,0.0016798823,0.0043711243,auto_accept,n/a
ISIC_0026687,bcc,mel,0.009964833,0.9945529,auto_accept,n/a
ISIC_0027514,nv,nv,0.0001504002,0.007409702,auto_accept,n/a
ISIC_0032390,nv,nv,1.0154674e-05,7.1284217e-07,auto_accept,n/a
ISIC_0032347,nv,nv,0.00051571947,0.00053565134,auto_accept,n/a
ISIC_0026850,nv,nv,1.9173754e-08,1.4371629e-07,auto_accept,n/a
ISIC_0032392,nv,nv,2.784519e-09,1.317706e-07,auto_accept,n/a
ISIC_0033779,mel,mel,0.0038436477,0.96713465,auto_accept,n/a
ISIC_0026908,nv,nv,8.850082e-08,1.674943e-05,auto_accept,n/a
ISIC_0024483,nv,nv,6.04663e-10,7.0927203e-10,auto_accept,n/a
ISIC_0030566,nv,nv,3.0269138e-07,0.00015087985,auto_accept,n/a
ISIC_0032262,nv,nv,1.6682738e-05,3.391521e-06,auto_accept,n/a
ISIC_0031461,nv,nv,0.00018380061,0.0035859067,auto_accept,n/a
ISIC_0024592,bkl,bkl,0.008200748,0.013409266,auto_accept,n/a
ISIC_0031755,nv,nv,1.922462e-05,1.8976775e-07,auto_accept,n/a
ISIC_0032805,nv,nv,4.3560885e-06,8.396345e-05,auto_accept,n/a
ISIC_0033531,bkl,bkl,1.1897416e-05,0.0007991643,auto_accept,n/a
ISIC_0032831,nv,mel,0.016423862,0.2513944,escalate,n/a
ISIC_0029741,bkl,bkl,0.026642133,0.29721984,escalate,n/a
ISIC_0024432,bcc,bcc,0.016778698,0.81051594,escalate,n/a
ISIC_0033681,nv,nv,0.0004923585,0.00018823144,auto_accept,n/a
ISIC_0033396,nv,mel,0.004778535,0.54208773,auto_accept,n/a
ISIC_0024908,nv,nv,0.007221711,0.31860223,auto_accept,n/a
ISIC_0027135,bcc,bcc,2.4949437e-05,0.9999387,auto_accept,n/a
ISIC_0030333,mel,mel,8.333836e-06,0.99874973,auto_accept,n/a
ISIC_0027929,nv,nv,3.041663e-09,3.2787173e-07,auto_accept,n/a
ISIC_0026236,mel,nv,0.012853466,0.5659792,auto_accept,n/a
ISIC_0031987,bkl,bkl,0.0033347085,0.008504191,auto_accept,n/a
ISIC_0026460,nv,nv,0.015443519,0.00010257884,escalate,n/a
ISIC_0025012,nv,nv,0.009874025,0.03932462,auto_accept,n/a
ISIC_0030900,nv,nv,9.9202836e-05,0.0076230643,auto_accept,n/a
ISIC_0025462,nv,nv,6.9749564e-07,2.6631594e-06,auto_accept,n/a
ISIC_0029635,nv,nv,5.319418e-07,3.221065e-07,auto_accept,n/a
ISIC_0029714,nv,nv,6.543086e-09,1.5573791e-08,auto_accept,n/a
ISIC_0028470,nv,nv,7.447151e-07,1.4714715e-05,auto_accept,n/a
ISIC_0030814,nv,nv,3.7346723e-07,1.3174715e-05,auto_accept,n/a
ISIC_0027602,nv,nv,2.552469e-08,3.7616175e-07,auto_accept,n/a
ISIC_0028204,nv,nv,1.7266379e-08,1.4535542e-08,auto_accept,n/a
ISIC_0033431,mel,mel,0.012404983,0.9825455,auto_accept,n/a
ISIC_0030718,nv,nv,4.4240306e-08,2.9494575e-07,auto_accept,n/a
ISIC_0025482,nv,nv,9.3296876e-08,1.2095964e-07,auto_accept,n/a
ISIC_0030223,mel,mel,0.0013122091,0.98050195,auto_accept,n/a
ISIC_0028815,bcc,bcc,2.257335e-05,0.99618137,auto_accept,n/a
ISIC_0032484,nv,nv,7.859509e-06,5.652445e-05,auto_accept,n/a
ISIC_0030016,nv,nv,8.302859e-05,1.5814554e-07,auto_accept,n/a
ISIC_0033091,nv,nv,0.00012478443,0.0027559549,auto_accept,n/a
ISIC_0034091,nv,nv,0.026500689,0.00014403061,escalate,n/a
ISIC_0025864,nv,nv,3.0037185e-08,1.5477273e-05,auto_accept,n/a
ISIC_0024581,bkl,bkl,0.00028591053,0.045530315,auto_accept,n/a
ISIC_0031385,nv,nv,0.0035771255,0.1430668,auto_accept,n/a
ISIC_0026857,akiec,akiec,0.0035839132,0.982758,auto_accept,n/a
ISIC_0033813,mel,mel,0.0011235719,0.98606074,auto_accept,n/a
ISIC_0031438,nv,nv,1.8959398e-06,0.00020227925,auto_accept,n/a
ISIC_0033339,nv,nv,0.0102940155,0.034741133,auto_accept,n/a
ISIC_0031910,nv,nv,1.2689289e-09,4.861927e-10,auto_accept,n/a
ISIC_0028748,nv,nv,1.5637419e-05,1.1232945e-05,auto_accept,n/a
ISIC_0027867,nv,nv,0.00067209656,0.0044613755,auto_accept,n/a
ISIC_0024349,nv,nv,1.242385e-05,0.00066084764,auto_accept,n/a
ISIC_0026233,nv,nv,2.2787606e-06,5.893354e-05,auto_accept,n/a
ISIC_0028191,nv,nv,1.9419992e-06,0.0003435626,auto_accept,n/a
ISIC_0030907,nv,nv,1.7639916e-06,8.838657e-06,auto_accept,n/a
ISIC_0028425,nv,nv,3.2467494e-06,1.7732904e-06,auto_accept,n/a
ISIC_0032771,nv,nv,0.008254727,0.024289738,auto_accept,n/a
ISIC_0024886,mel,bkl,0.019593626,0.1266851,escalate,n/a
ISIC_0032108,nv,nv,3.0037555e-07,7.850086e-06,auto_accept,n/a
ISIC_0032587,nv,nv,0.00081148645,0.00014458597,auto_accept,n/a
ISIC_0025026,nv,nv,5.79881e-06,0.00044644662,auto_accept,n/a
ISIC_0026394,nv,nv,1.9132056e-10,2.3356153e-09,auto_accept,n/a
ISIC_0031400,bcc,bcc,1.1246678e-05,0.9998933,auto_accept,n/a
ISIC_0025690,nv,nv,3.0257714e-05,4.0588773e-05,auto_accept,n/a
ISIC_0033299,mel,mel,3.0918025e-05,0.9976399,auto_accept,n/a
ISIC_0033345,nv,nv,0.001611952,0.019189943,auto_accept,n/a
ISIC_0033633,nv,mel,0.0060643875,0.90332896,auto_accept,n/a
ISIC_0026862,nv,nv,1.9029414e-05,0.000458103,auto_accept,n/a
ISIC_0033448,nv,nv,1.0281618e-05,0.0012202129,auto_accept,n/a
ISIC_0031631,nv,nv,0.0007763136,0.0013122763,auto_accept,n/a
ISIC_0027452,akiec,mel,0.021231798,0.83258545,escalate,n/a
ISIC_0031479,mel,mel,0.0008016377,0.9843105,auto_accept,n/a
ISIC_0030074,nv,nv,1.823508e-07,2.7903223e-08,auto_accept,n/a
ISIC_0029462,akiec,akiec,0.00052724493,0.99998415,auto_accept,n/a
ISIC_0025164,nv,nv,9.816885e-07,3.0588013e-05,auto_accept,n/a
ISIC_0027628,nv,nv,2.6660719e-05,0.0005636052,auto_accept,n/a
ISIC_0030113,nv,nv,8.120291e-07,1.0622839e-05,auto_accept,n/a
ISIC_0028184,nv,nv,2.1573215e-11,8.667971e-09,auto_accept,n/a
ISIC_0030472,nv,nv,3.061644e-08,9.171316e-09,auto_accept,n/a
ISIC_0027722,bcc,bcc,1.1357154e-05,0.9999049,auto_accept,n/a
ISIC_0030291,nv,nv,0.0010195476,9.8540195e-06,auto_accept,n/a
ISIC_0027728,nv,nv,4.2560164e-06,0.00029725846,auto_accept,n/a
ISIC_0027128,nv,nv,5.149016e-10,2.615281e-09,auto_accept,n/a
ISIC_0026380,nv,nv,2.233212e-06,0.0004363271,auto_accept,n/a
ISIC_0025083,bkl,bkl,0.00017496596,0.020043029,auto_accept,n/a
ISIC_0028142,nv,nv,1.01838395e-07,1.3690244e-05,auto_accept,n/a
ISIC_0024728,nv,nv,5.905623e-09,2.0924235e-08,auto_accept,n/a
ISIC_0025772,nv,nv,1.3534734e-07,2.0044617e-07,auto_accept,n/a
ISIC_0026588,nv,nv,0.0059776967,0.098997615,auto_accept,n/a
ISIC_0030248,nv,nv,8.8617746e-08,1.6307397e-06,auto_accept,n/a
ISIC_0029888,nv,nv,1.5912886e-07,9.107967e-06,auto_accept,n/a
ISIC_0024996,nv,nv,0.0010103078,0.0024132656,auto_accept,n/a
ISIC_0033831,mel,mel,3.6312587e-05,0.99776244,auto_accept,n/a
ISIC_0031165,nv,nv,0.00017887556,0.00019428818,auto_accept,n/a
ISIC_0034116,nv,nv,0.002029312,7.945745e-05,auto_accept,n/a
ISIC_0028705,nv,nv,2.5002922e-07,5.194072e-08,auto_accept,n/a
ISIC_0030876,bkl,akiec,0.008088568,0.99813867,auto_accept,n/a
ISIC_0032190,mel,mel,5.1258477e-05,0.99667764,auto_accept,n/a
ISIC_0030794,akiec,akiec,2.6081256e-05,0.99816126,auto_accept,n/a
ISIC_0028820,akiec,akiec,0.024608117,0.9799666,escalate,n/a
ISIC_0025338,nv,nv,1.4144409e-07,5.1934745e-09,auto_accept,n/a
ISIC_0024849,nv,nv,8.3468656e-08,1.0076949e-06,auto_accept,n/a
ISIC_0031455,nv,nv,0.0023851837,0.0016675567,auto_accept,n/a
ISIC_0031445,nv,nv,0.00045374027,0.0002926273,auto_accept,n/a
ISIC_0029483,nv,nv,2.8946636e-09,3.0254515e-07,auto_accept,n/a
ISIC_0031938,nv,nv,0.00036619388,0.0037836004,auto_accept,n/a
ISIC_0031533,nv,nv,1.9157644e-06,0.00019686772,auto_accept,n/a
ISIC_0027523,nv,nv,0.0002203509,0.00570627,auto_accept,n/a
ISIC_0031114,nv,nv,0.00016294657,0.00041616388,auto_accept,n/a
ISIC_0029284,nv,nv,8.55014e-07,1.8339659e-09,auto_accept,n/a
ISIC_0027067,mel,mel,0.0014436226,0.990803,auto_accept,n/a
ISIC_0026195,nv,nv,4.625407e-08,8.2224715e-06,auto_accept,n/a
ISIC_0034294,mel,mel,0.0076971026,0.9951161,auto_accept,n/a
ISIC_0029502,mel,nv,0.0027674835,0.0032686254,auto_accept,n/a
ISIC_0026917,nv,nv,1.4038521e-07,5.375369e-07,auto_accept,n/a
ISIC_0032748,nv,nv,1.9881112e-08,2.0740404e-06,auto_accept,n/a
ISIC_0031190,nv,nv,1.6638132e-05,0.00021558774,auto_accept,n/a
ISIC_0029529,nv,nv,9.15207e-06,0.00049122854,auto_accept,n/a
ISIC_0033957,mel,mel,0.00021417133,0.9981818,auto_accept,n/a
ISIC_0034059,mel,mel,1.015228e-05,0.99603844,auto_accept,n/a
ISIC_0030553,nv,nv,0.0062558353,0.027063195,auto_accept,n/a
ISIC_0027985,nv,nv,6.125926e-06,7.3223387e-09,auto_accept,n/a
ISIC_0025818,bcc,bcc,4.239134e-06,0.9992243,auto_accept,n/a
ISIC_0030215,nv,nv,3.15279e-08,4.2152223e-07,auto_accept,n/a
ISIC_0025635,nv,nv,5.718504e-10,4.670863e-11,auto_accept,n/a
ISIC_0027336,nv,nv,5.4421935e-08,0.0001452231,auto_accept,n/a
ISIC_0028690,nv,nv,1.7362516e-06,8.101599e-06,auto_accept,n/a
ISIC_0033883,mel,mel,0.010474234,0.6810527,auto_accept,n/a
ISIC_0033629,bkl,bkl,0.0008879684,6.8029316e-05,auto_accept,n/a
ISIC_0031848,nv,nv,0.0003111115,0.009194597,auto_accept,n/a
ISIC_0029447,nv,nv,2.6624175e-10,1.8590178e-08,auto_accept,n/a
ISIC_0031527,bcc,bcc,0.00033896262,0.99999976,auto_accept,n/a
ISIC_0032346,nv,nv,2.7430585e-06,1.1501563e-06,auto_accept,n/a
ISIC_0033956,mel,bkl,0.009763375,0.27151796,auto_accept,n/a
ISIC_0034235,bkl,bkl,0.011358584,0.0064632543,auto_accept,n/a
ISIC_0032443,nv,nv,3.652703e-05,0.0001824527,auto_accept,n/a
ISIC_0030860,nv,nv,2.9742505e-05,9.037494e-06,auto_accept,n/a
ISIC_0028662,bkl,mel,0.016484162,0.98137313,escalate,n/a
ISIC_0031406,mel,nv,0.007843204,0.3603802,auto_accept,n/a
ISIC_0030812,bkl,bcc,0.011360931,0.9332643,auto_accept,n/a
ISIC_0028296,nv,nv,7.723878e-07,6.0947095e-06,auto_accept,n/a
ISIC_0032230,bkl,akiec,0.008038522,0.9361123,auto_accept,n/a
ISIC_0029428,nv,nv,8.0907725e-08,4.6544884e-07,auto_accept,n/a
ISIC_0029261,nv,nv,1.0097761e-05,7.842197e-05,auto_accept,n/a
ISIC_0034001,nv,mel,0.009580149,0.632606,auto_accept,n/a
ISIC_0033272,mel,mel,0.019413164,0.9782986,escalate,n/a
ISIC_0030734,nv,nv,1.3992292e-05,2.450516e-09,auto_accept,n/a
ISIC_0026614,bkl,bkl,0.014135315,0.339101,auto_accept,n/a
ISIC_0029310,nv,nv,2.4419174e-05,1.4228888e-06,auto_accept,n/a
ISIC_0031256,nv,nv,0.0010404392,0.00066564616,auto_accept,n/a
ISIC_0024804,nv,nv,1.2361832e-07,3.8186026e-06,auto_accept,n/a
ISIC_0029276,nv,nv,3.0344178e-05,6.994106e-06,auto_accept,n/a
ISIC_0030358,nv,mel,0.011206245,0.694475,auto_accept,n/a
ISIC_0025646,nv,nv,1.1290015e-06,3.977249e-07,auto_accept,n/a
ISIC_0027321,nv,nv,3.103406e-07,5.887717e-09,auto_accept,n/a
ISIC_0034085,mel,mel,3.1641066e-05,0.99593145,auto_accept,n/a
ISIC_0026651,nv,nv,0.004592373,0.00421157,auto_accept,n/a
ISIC_0025492,nv,nv,0.018740432,0.45174098,escalate,n/a
ISIC_0029949,nv,nv,5.114652e-07,5.3796543e-06,auto_accept,n/a
ISIC_0024687,nv,nv,1.3737123e-06,1.3682007e-05,auto_accept,n/a
ISIC_0024613,nv,nv,5.5887627e-05,1.784914e-05,auto_accept,n/a
ISIC_0029036,bkl,bkl,9.5595395e-05,0.005854022,auto_accept,n/a
ISIC_0027415,nv,nv,3.8542335e-06,6.847549e-06,auto_accept,n/a
ISIC_0025567,bkl,bkl,1.7833192e-05,1.8486562e-05,auto_accept,n/a
ISIC_0031930,nv,nv,0.00068306923,0.004758708,auto_accept,n/a
ISIC_0026280,bkl,mel,0.0053782924,0.9756151,auto_accept,n/a
ISIC_0024551,nv,nv,7.632616e-08,5.450921e-06,auto_accept,n/a
ISIC_0024320,nv,nv,1.39274805e-08,1.0382298e-06,auto_accept,n/a
ISIC_0031176,nv,nv,2.3675948e-07,5.948181e-06,auto_accept,n/a
ISIC_0027477,nv,nv,9.084171e-07,0.00018444781,auto_accept,n/a
ISIC_0034305,nv,mel,0.005865626,0.7105251,auto_accept,n/a
ISIC_0027260,mel,mel,0.0011782113,0.94574535,auto_accept,n/a
ISIC_0024909,bkl,bkl,0.00024106306,0.03243289,auto_accept,n/a
ISIC_0033732,bkl,bkl,0.00014832405,4.2172433e-06,auto_accept,n/a
ISIC_0032535,mel,mel,0.0045662983,0.98694974,auto_accept,n/a
ISIC_0029429,nv,nv,0.0013484785,0.00011789605,auto_accept,n/a
ISIC_0030755,bcc,bcc,3.6311113e-07,0.99985135,auto_accept,n/a
ISIC_0027603,nv,nv,5.493054e-05,0.00033238524,auto_accept,n/a
ISIC_0029894,nv,mel,0.007915047,0.8297792,auto_accept,n/a
ISIC_0024771,akiec,akiec,0.000110806395,0.9999988,auto_accept,n/a
ISIC_0034132,mel,mel,0.0107088005,0.84311527,auto_accept,n/a
ISIC_0026926,nv,nv,6.98592e-08,9.448728e-06,auto_accept,n/a
ISIC_0024949,bcc,bcc,1.3535426e-05,0.9998559,auto_accept,n/a
ISIC_0029187,nv,nv,0.008260671,0.012581903,auto_accept,n/a
ISIC_0030120,nv,nv,0.0011229907,2.5490046e-05,auto_accept,n/a
ISIC_0028105,nv,nv,0.00019318293,7.881673e-07,auto_accept,n/a
ISIC_0028781,nv,nv,6.0075195e-08,4.1172193e-08,auto_accept,n/a
ISIC_0032801,nv,nv,7.482212e-10,1.733991e-07,auto_accept,n/a
ISIC_0032591,nv,nv,7.540231e-05,0.008097463,auto_accept,n/a
ISIC_0030899,nv,nv,0.00013109756,0.0040264023,auto_accept,n/a
ISIC_0030413,nv,nv,2.5142537e-09,5.5647142e-08,auto_accept,n/a
ISIC_0031734,nv,nv,5.144892e-09,3.096025e-08,auto_accept,n/a
ISIC_0026989,mel,nv,6.259933e-06,5.10082e-09,auto_accept,n/a
ISIC_0029305,nv,nv,2.9088113e-05,2.358997e-06,auto_accept,n/a
ISIC_0033477,mel,mel,0.0001371737,0.99129593,auto_accept,n/a
ISIC_0029477,nv,nv,0.012287392,0.0035356376,auto_accept,n/a
ISIC_0024469,nv,nv,2.120709e-07,6.896385e-07,auto_accept,n/a
ISIC_0027553,nv,nv,8.3652986e-07,2.4687708e-05,auto_accept,n/a
ISIC_0026443,bkl,bkl,0.006430886,0.0023929658,auto_accept,n/a
ISIC_0028097,nv,nv,2.6004207e-07,1.859942e-05,auto_accept,n/a
ISIC_0028601,nv,nv,6.039921e-07,5.531281e-07,auto_accept,n/a
ISIC_0027529,akiec,akiec,9.923366e-07,0.9999201,auto_accept,n/a
ISIC_0025384,nv,nv,4.8302572e-05,0.00017560304,auto_accept,n/a
ISIC_0026736,nv,nv,0.0021294914,0.0045222114,auto_accept,n/a
ISIC_0024547,bkl,mel,0.016660513,0.9416453,escalate,n/a
ISIC_0032820,nv,nv,0.00093083445,0.058050293,auto_accept,n/a
ISIC_0033341,nv,nv,0.0009607994,0.033073746,auto_accept,n/a
ISIC_0029932,akiec,akiec,0.016024783,0.9930254,escalate,n/a
ISIC_0027595,bcc,bcc,0.0005671372,0.99977225,auto_accept,n/a
ISIC_0032867,vasc,vasc,0.00046929158,0.00058195577,auto_accept,n/a
ISIC_0026267,nv,nv,0.0009770489,0.00024868466,auto_accept,n/a
ISIC_0027037,bkl,bkl,0.00053016836,0.06794003,auto_accept,n/a
ISIC_0024968,nv,nv,2.0788691e-05,1.4611603e-06,auto_accept,n/a
ISIC_0026840,nv,nv,3.8832546e-08,1.7742948e-05,auto_accept,n/a
ISIC_0027157,nv,nv,2.1710898e-09,1.3730832e-07,auto_accept,n/a
ISIC_0031170,mel,mel,0.022014437,0.8411155,escalate,n/a
ISIC_0027578,nv,mel,0.0055905455,0.87599987,auto_accept,n/a
ISIC_0029457,nv,nv,0.009439568,0.32088193,auto_accept,n/a
ISIC_0031489,bcc,bcc,0.00053476787,0.9981585,auto_accept,n/a
ISIC_0033829,bkl,mel,0.021682823,0.89733374,escalate,n/a
ISIC_0031660,nv,nv,0.006594405,0.07478768,auto_accept,n/a
ISIC_0032381,nv,nv,5.8824554e-07,6.939122e-05,auto_accept,n/a
ISIC_0026087,nv,nv,9.716445e-07,9.1753685e-07,auto_accept,n/a
ISIC_0027914,nv,nv,8.4861733e-07,1.9817023e-07,auto_accept,n/a
ISIC_0029840,akiec,akiec,5.384823e-05,0.9971699,auto_accept,n/a
ISIC_0031709,mel,mel,0.013952501,0.6772774,auto_accept,n/a
ISIC_0029622,nv,nv,3.6237225e-07,9.870063e-07,auto_accept,n/a
ISIC_0025848,nv,nv,9.669235e-07,2.685665e-06,auto_accept,n/a
ISIC_0033679,mel,mel,0.0076861074,0.7545019,auto_accept,n/a
ISIC_0028391,nv,nv,9.446527e-06,2.3422626e-06,auto_accept,n/a
ISIC_0025165,nv,nv,0.005695309,0.0011326591,auto_accept,n/a
ISIC_0030208,bkl,bkl,6.336408e-05,0.00024744016,auto_accept,n/a
ISIC_0026820,nv,nv,1.6537542e-05,0.00032877605,auto_accept,n/a
ISIC_0032562,nv,nv,0.00024432427,0.0007460912,auto_accept,n/a
ISIC_0025126,nv,nv,4.2163104e-09,1.0117058e-09,auto_accept,n/a
ISIC_0029285,nv,nv,1.6026263e-05,1.4656564e-05,auto_accept,n/a
ISIC_0025143,nv,nv,1.4134785e-05,0.006287131,auto_accept,n/a
ISIC_0031392,nv,nv,0.00011116435,0.0005341259,auto_accept,n/a
ISIC_0027620,mel,nv,3.3319905e-06,8.184694e-05,auto_accept,n/a
ISIC_0033221,nv,nv,0.0077606984,0.11046921,auto_accept,n/a
ISIC_0029593,nv,nv,0.0014709694,0.0015893099,auto_accept,n/a
ISIC_0032056,nv,nv,0.0034300094,0.0013039687,auto_accept,n/a
ISIC_0034281,nv,bkl,0.009634458,0.12182971,auto_accept,n/a
ISIC_0028305,nv,nv,0.017342906,0.48029917,escalate,n/a
ISIC_0026555,nv,nv,4.0660566e-06,0.00035398506,auto_accept,n/a
ISIC_0029719,nv,mel,0.014384514,0.5160909,auto_accept,n/a
ISIC_0028036,nv,nv,0.00073964277,3.1297304e-06,auto_accept,n/a
ISIC_0032091,nv,nv,8.9810587e-10,5.0764714e-07,auto_accept,n/a
ISIC_0034265,nv,mel,0.0124505935,0.8359797,auto_accept,n/a
ISIC_0024616,nv,nv,0.0012130411,0.000306646,auto_accept,n/a
ISIC_0031758,nv,nv,6.3998136e-06,3.5788066e-09,auto_accept,n/a
ISIC_0029196,nv,nv,0.0021201244,0.00053627207,auto_accept,n/a
ISIC_0026621,nv,bkl,0.027155435,0.00026682438,escalate,n/a
ISIC_0028658,nv,nv,0.0009087356,0.02007191,auto_accept,n/a
ISIC_0031208,mel,mel,0.0036039837,0.99691486,auto_accept,n/a
ISIC_0028402,nv,nv,2.587245e-07,4.6216067e-07,auto_accept,n/a
ISIC_0028822,bkl,bkl,3.568921e-05,0.0013387512,auto_accept,n/a
ISIC_0027968,nv,nv,4.411476e-09,3.2274173e-07,auto_accept,n/a
ISIC_0031661,nv,nv,6.219309e-08,2.2247932e-06,auto_accept,n/a
ISIC_0027573,mel,nv,0.014316694,0.26608804,auto_accept,n/a
ISIC_0032149,mel,mel,0.000105876396,0.99490106,auto_accept,n/a
ISIC_0034005,mel,mel,0.017788175,0.4978006,escalate,n/a
ISIC_0028044,nv,nv,1.2191657e-07,1.3555471e-07,auto_accept,n/a
ISIC_0031302,nv,mel,0.0019517274,0.99039286,auto_accept,n/a
ISIC_0026386,nv,nv,8.8208714e-07,3.9152153e-05,auto_accept,n/a
ISIC_0031718,mel,mel,6.233042e-05,0.99836904,auto_accept,n/a
ISIC_0031936,nv,nv,3.3023987e-06,0.00047517807,auto_accept,n/a
ISIC_0025783,mel,nv,0.017632218,0.45170087,escalate,n/a
ISIC_0028878,mel,bkl,0.005367609,0.36409193,auto_accept,n/a
ISIC_0029620,nv,nv,7.1372824e-06,0.001645918,auto_accept,n/a
ISIC_0029795,nv,nv,8.854224e-06,0.00015040052,auto_accept,n/a
ISIC_0030532,nv,mel,0.012549403,0.851561,auto_accept,n/a
ISIC_0033399,mel,mel,0.0042466368,0.9651823,auto_accept,n/a
ISIC_0028396,nv,nv,4.8844457e-09,3.335829e-08,auto_accept,n/a
ISIC_0024398,nv,nv,3.5841656e-09,7.060721e-09,auto_accept,n/a
ISIC_0028116,nv,nv,0.007817156,0.083977535,auto_accept,n/a
ISIC_0031185,nv,nv,3.858227e-07,3.877979e-07,auto_accept,n/a
ISIC_0026373,nv,nv,0.0024661813,4.3094673e-07,auto_accept,n/a
ISIC_0032123,bkl,bkl,6.6690074e-05,0.00045636465,auto_accept,n/a
ISIC_0029679,nv,bkl,0.0012975419,0.00022140476,auto_accept,n/a
ISIC_0026334,nv,nv,1.2572231e-07,2.9636176e-05,auto_accept,n/a
ISIC_0028762,nv,nv,3.6305434e-07,2.28085e-05,auto_accept,n/a
ISIC_0028237,bkl,bkl,0.018877741,0.30683285,escalate,n/a
ISIC_0034071,mel,bkl,0.014141883,0.15649566,auto_accept,n/a
ISIC_0027955,nv,nv,6.8443633e-09,9.4920765e-08,auto_accept,n/a
ISIC_0031465,bkl,bkl,0.010970092,0.0032398198,auto_accept,n/a
ISIC_0031146,mel,nv,0.013122768,0.20995812,auto_accept,n/a
ISIC_0027355,bkl,mel,0.0047758655,0.9434701,auto_accept,n/a
ISIC_0028482,nv,nv,0.00022530764,0.008433261,auto_accept,n/a
ISIC_0028434,nv,nv,9.2083826e-07,5.0535837e-06,auto_accept,n/a
ISIC_0026547,nv,nv,3.0991959e-07,1.03319294e-07,auto_accept,n/a
ISIC_0025040,bkl,nv,0.006090246,0.0015084026,auto_accept,n/a
ISIC_0033541,nv,nv,2.3938576e-06,7.70213e-06,auto_accept,n/a
ISIC_0030060,mel,mel,0.0008214395,0.98706865,auto_accept,n/a
ISIC_0027899,nv,nv,1.5327146e-09,1.4031445e-09,auto_accept,n/a
ISIC_0030584,nv,nv,7.933748e-09,1.3353378e-08,auto_accept,n/a
ISIC_0032643,bkl,bkl,6.313454e-06,0.0016863453,auto_accept,n/a
ISIC_0034092,mel,mel,0.0011659069,0.95920175,auto_accept,n/a
ISIC_0028591,nv,nv,0.0032097676,0.0004919441,auto_accept,n/a
ISIC_0024366,nv,nv,3.0467415e-10,1.11025486e-07,auto_accept,n/a
ISIC_0031849,nv,nv,2.4099744e-08,8.823723e-07,auto_accept,n/a
ISIC_0029159,nv,nv,1.9804093e-08,5.0357644e-06,auto_accept,n/a
ISIC_0026105,mel,mel,0.0055267145,0.9736806,auto_accept,n/a
ISIC_0030202,nv,nv,1.0924423e-05,0.0009651548,auto_accept,n/a
ISIC_0026183,nv,nv,0.00089389685,0.00062322704,auto_accept,n/a
ISIC_0031289,bkl,bkl,0.008398009,0.292742,auto_accept,n/a
ISIC_0033460,bkl,bkl,0.031395555,0.45545638,escalate,n/a
ISIC_0027681,bkl,bkl,0.00024723358,0.017945794,auto_accept,n/a
ISIC_0031483,nv,nv,2.035179e-05,3.765052e-07,auto_accept,n/a
ISIC_0029059,akiec,bcc,9.101602e-06,0.99960655,auto_accept,n/a
ISIC_0024422,bkl,mel,0.015345545,0.8406984,escalate,n/a
ISIC_0033940,nv,nv,0.0005816156,0.0007198842,auto_accept,n/a
ISIC_0028667,nv,nv,2.9296931e-08,1.9012388e-07,auto_accept,n/a
ISIC_0031433,nv,nv,3.3247732e-06,3.745985e-05,auto_accept,n/a
ISIC_0028130,nv,bkl,0.008970862,0.054483466,auto_accept,n/a
ISIC_0026230,bcc,mel,0.0056418288,0.95376337,auto_accept,n/a
ISIC_0032305,nv,nv,0.00278581,0.011909566,auto_accept,n/a
ISIC_0025450,mel,nv,0.0026957747,0.000116349795,auto_accept,n/a
ISIC_0033323,mel,mel,0.020344978,0.44231063,escalate,n/a
ISIC_0029541,akiec,akiec,0.00019574237,0.99436754,auto_accept,n/a
ISIC_0029304,nv,nv,2.784053e-06,2.5928557e-05,auto_accept,n/a
ISIC_0025391,mel,mel,8.261573e-06,0.99885786,auto_accept,n/a
ISIC_0030141,nv,nv,0.005115267,0.0063794525,auto_accept,n/a
ISIC_0030682,nv,nv,3.2714245e-06,3.273645e-06,auto_accept,n/a
ISIC_0025776,nv,nv,6.940739e-05,0.0022615143,auto_accept,n/a
ISIC_0031769,nv,nv,0.006941717,0.09831712,auto_accept,n/a
ISIC_0031073,nv,nv,6.089821e-06,2.7589379e-06,auto_accept,n/a
ISIC_0026814,nv,nv,4.3415977e-08,1.404936e-07,auto_accept,n/a
ISIC_0028670,bcc,bcc,0.00017460853,0.994676,auto_accept,n/a
ISIC_0032115,nv,nv,4.291704e-09,4.2081227e-09,auto_accept,n/a
ISIC_0028886,nv,nv,5.1510862e-05,0.00025743686,auto_accept,n/a
ISIC_0033498,mel,mel,0.0067166253,0.99342644,auto_accept,n/a
ISIC_0025018,mel,nv,0.014758711,0.38645747,auto_accept,n/a
ISIC_0029403,nv,nv,3.0654985e-05,4.7371464e-05,auto_accept,n/a
ISIC_0027207,nv,nv,0.00049037655,0.0018348589,auto_accept,n/a
ISIC_0028054,nv,nv,9.868878e-06,7.3806866e-08,auto_accept,n/a
ISIC_0030152,nv,nv,2.4575894e-07,4.963766e-06,auto_accept,n/a
ISIC_0026563,nv,nv,0.00015791142,0.0014747616,auto_accept,n/a
ISIC_0028201,bkl,bkl,0.0034441557,0.033791374,auto_accept,n/a
ISIC_0034038,nv,mel,0.001881541,0.95329034,auto_accept,n/a
ISIC_0025370,nv,nv,0.0006006126,0.05023702,auto_accept,n/a
ISIC_0024979,nv,nv,2.1802691e-08,4.415137e-06,auto_accept,n/a
ISIC_0031550,mel,nv,0.008561265,0.42550677,auto_accept,n/a
ISIC_0030519,nv,nv,0.005299915,4.402331e-05,auto_accept,n/a
ISIC_0034240,nv,nv,1.3273451e-05,9.1773705e-05,auto_accept,n/a
ISIC_0031136,nv,nv,3.0291702e-07,4.376745e-06,auto_accept,n/a
ISIC_0028855,nv,nv,4.9492566e-10,4.79578e-10,auto_accept,n/a
ISIC_0026317,nv,nv,3.5687236e-10,2.3223106e-07,auto_accept,n/a
ISIC_0030364,nv,nv,1.7618653e-06,9.291752e-07,auto_accept,n/a
ISIC_0031881,nv,nv,5.2507926e-07,1.0127144e-06,auto_accept,n/a
ISIC_0029685,nv,nv,4.0604695e-07,3.1822154e-05,auto_accept,n/a
ISIC_0025173,nv,nv,0.013569042,0.13541324,auto_accept,n/a
ISIC_0025692,nv,nv,3.1933298e-05,7.379497e-07,auto_accept,n/a
ISIC_0030840,nv,bkl,0.0072896075,0.004512572,auto_accept,n/a
ISIC_0034180,mel,mel,0.006169554,0.93070555,auto_accept,n/a
ISIC_0027367,bkl,mel,0.0057817185,0.97626185,auto_accept,n/a
ISIC_0025904,mel,mel,4.1977793e-05,0.9932863,auto_accept,n/a
ISIC_0027629,bcc,bcc,0.0035658139,0.9931977,auto_accept,n/a
ISIC_0030388,nv,nv,2.4307353e-08,4.067665e-06,auto_accept,n/a
ISIC_0024376,nv,nv,3.482394e-05,2.1841102e-05,auto_accept,n/a
ISIC_0031110,nv,nv,5.0008125e-06,4.250625e-05,auto_accept,n/a
ISIC_0032423,nv,mel,0.00031884876,0.975633,auto_accept,n/a
ISIC_0026204,nv,nv,9.629427e-10,5.2761253e-09,auto_accept,n/a
ISIC_0027746,nv,nv,5.3269174e-05,0.00091837865,auto_accept,n/a
ISIC_0024726,bkl,bkl,0.00269608,0.03847116,auto_accept,n/a
ISIC_0033908,bkl,bkl,7.8835015e-05,0.017402127,auto_accept,n/a
ISIC_0033836,nv,nv,2.5732243e-05,0.0009929736,auto_accept,n/a
ISIC_0029968,nv,nv,1.7856506e-06,1.1594889e-06,auto_accept,n/a
ISIC_0026139,bkl,bkl,0.0010237081,0.047998957,auto_accept,n/a
ISIC_0025038,bkl,bkl,0.0018955402,0.091134876,auto_accept,n/a
ISIC_0027764,nv,nv,0.0007153175,0.00015289876,auto_accept,n/a
ISIC_0028945,nv,nv,0.0024750996,0.012382993,auto_accept,n/a
ISIC_0034130,nv,nv,1.5564814e-05,0.0001492949,auto_accept,n/a
ISIC_0027214,nv,nv,9.44186e-10,2.9978056e-09,auto_accept,n/a
ISIC_0028462,nv,nv,1.4454071e-09,1.2947427e-08,auto_accept,n/a
ISIC_0030274,nv,nv,0.00020561891,0.0028756477,auto_accept,n/a
ISIC_0031210,nv,nv,1.8032253e-08,4.1870925e-07,auto_accept,n/a
ISIC_0032822,nv,mel,0.0070356913,0.9385793,auto_accept,n/a
ISIC_0026092,vasc,vasc,3.9392808e-06,6.950507e-05,auto_accept,n/a
ISIC_0030572,nv,nv,1.7046607e-07,4.9643426e-05,auto_accept,n/a
ISIC_0029770,bkl,mel,0.006648638,0.93286246,auto_accept,n/a
ISIC_0029446,nv,nv,3.5116335e-07,9.181923e-06,auto_accept,n/a
ISIC_0025941,mel,mel,0.0043103225,0.9353357,auto_accept,n/a
ISIC_0029699,nv,nv,4.9697945e-07,1.0468604e-07,auto_accept,n/a
ISIC_0026716,bcc,bcc,0.0021433383,0.9994783,auto_accept,n/a
ISIC_0027438,nv,nv,2.1205584e-07,6.7881797e-06,auto_accept,n/a
ISIC_0030861,nv,nv,8.9656396e-08,2.2037736e-06,auto_accept,n/a
ISIC_0027468,nv,bkl,0.007184828,0.016903436,auto_accept,n/a
ISIC_0031275,nv,nv,1.4632993e-05,0.00015703429,auto_accept,n/a
ISIC_0026660,nv,nv,0.0030030909,0.012899812,auto_accept,n/a
ISIC_0030707,akiec,akiec,0.007140505,0.98306954,auto_accept,n/a
ISIC_0024827,nv,mel,0.016003788,0.92272586,escalate,n/a
ISIC_0030394,bkl,bkl,0.0020247858,0.0076287184,auto_accept,n/a
ISIC_0033500,mel,mel,0.008113223,0.77386224,auto_accept,n/a
ISIC_0025558,nv,nv,6.401111e-08,2.2954893e-07,auto_accept,n/a
ISIC_0031637,nv,nv,3.953071e-06,2.1447082e-09,auto_accept,n/a
ISIC_0027264,nv,nv,9.11817e-05,0.0005310972,auto_accept,n/a
ISIC_0030924,nv,nv,0.004783507,0.002209032,auto_accept,n/a
ISIC_0032312,nv,nv,2.3764997e-05,0.00012999536,auto_accept,n/a
ISIC_0025265,mel,nv,0.010783234,0.4324754,auto_accept,n/a
ISIC_0029246,nv,nv,5.5805365e-09,8.889098e-08,auto_accept,n/a
ISIC_0028177,nv,nv,2.376623e-05,0.0011210376,auto_accept,n/a
ISIC_0028653,bcc,bcc,0.0008198382,0.9779568,auto_accept,n/a
ISIC_0032947,akiec,akiec,1.7991702e-05,0.99982506,auto_accept,n/a
ISIC_0033228,nv,nv,2.984188e-05,0.0007869678,auto_accept,n/a
ISIC_0032814,nv,nv,2.716996e-05,0.00051391294,auto_accept,n/a
ISIC_0033780,df,df,4.1043908e-08,0.0009806774,auto_accept,n/a
ISIC_0031405,nv,nv,0.00029844846,0.00046158896,auto_accept,n/a
ISIC_0034123,bcc,bcc,4.6015722e-07,0.9999566,auto_accept,n/a
ISIC_0025470,bkl,bkl,4.181872e-05,0.0062165833,auto_accept,n/a
ISIC_0027894,nv,nv,8.901397e-07,1.0656008e-05,auto_accept,n/a
ISIC_0030697,nv,nv,0.014590432,0.16486074,auto_accept,n/a
ISIC_0031342,nv,nv,2.1761942e-05,1.2648686e-05,auto_accept,n/a
ISIC_0028369,nv,nv,3.9778193e-08,2.467911e-06,auto_accept,n/a
ISIC_0027203,nv,mel,0.001515902,0.96901613,auto_accept,n/a
ISIC_0028967,nv,nv,3.982464e-06,5.094453e-06,auto_accept,n/a
ISIC_0029168,nv,nv,1.9052148e-08,1.7695265e-06,auto_accept,n/a
ISIC_0024957,nv,nv,7.6866405e-07,1.6574127e-07,auto_accept,n/a
ISIC_0026566,bkl,bkl,0.006344772,0.00028908337,auto_accept,n/a
ISIC_0025685,nv,nv,1.4155877e-05,2.1467152e-07,auto_accept,n/a
ISIC_0029494,nv,nv,4.5964182e-08,2.501888e-07,auto_accept,n/a
ISIC_0027199,nv,nv,2.8411901e-05,2.0391399e-05,auto_accept,n/a
ISIC_0029907,nv,nv,6.057196e-09,3.277203e-06,auto_accept,n/a
ISIC_0028217,nv,nv,0.011157266,0.35528213,auto_accept,n/a
ISIC_0024811,nv,nv,1.609711e-08,1.3214603e-06,auto_accept,n/a
ISIC_0026342,nv,nv,1.9317858e-08,1.5096852e-08,auto_accept,n/a
ISIC_0029737,nv,nv,7.400202e-08,8.5165176e-08,auto_accept,n/a
ISIC_0024785,nv,nv,3.540823e-08,1.3756196e-06,auto_accept,n/a
ISIC_0025418,nv,nv,3.4424175e-09,3.255453e-09,auto_accept,n/a
ISIC_0031653,nv,nv,1.0938306e-07,2.1855249e-06,auto_accept,n/a
ISIC_0033729,nv,nv,0.0020695622,0.023255795,auto_accept,n/a
ISIC_0033748,nv,nv,4.4772667e-05,0.0029033439,auto_accept,n/a
ISIC_0033902,mel,mel,0.00112948,0.98169935,auto_accept,n/a
ISIC_0034221,bkl,bkl,0.000368618,0.0041567986,auto_accept,n/a
ISIC_0027832,mel,mel,0.0006337693,0.9494613,auto_accept,n/a
ISIC_0026882,nv,nv,2.1907135e-05,0.0006078282,auto_accept,n/a
ISIC_0026294,nv,nv,1.3220515e-06,4.450672e-08,auto_accept,n/a
ISIC_0029651,mel,mel,0.01011841,0.7055302,auto_accept,n/a
ISIC_0025494,nv,nv,2.440886e-05,7.72603e-05,auto_accept,n/a
ISIC_0026118,bcc,bcc,0.00014929115,0.9983948,auto_accept,n/a
ISIC_0025176,nv,nv,1.0775296e-05,1.4487183e-06,auto_accept,n/a
ISIC_0031143,nv,nv,0.007683076,0.051099624,auto_accept,n/a
ISIC_0029436,nv,nv,0.00023582776,0.00011919588,auto_accept,n/a
ISIC_0027531,bcc,bcc,0.00012471278,0.9999939,auto_accept,n/a
ISIC_0034084,nv,nv,0.0039529544,0.002196769,auto_accept,n/a
ISIC_0025201,nv,nv,1.7512276e-09,2.2077392e-08,auto_accept,n/a
ISIC_0026088,nv,nv,0.0018209849,2.2063654e-07,auto_accept,n/a
ISIC_0030972,nv,nv,1.6710195e-05,8.849545e-06,auto_accept,n/a
ISIC_0030083,mel,mel,0.00020246417,0.9874922,auto_accept,n/a
ISIC_0028747,bcc,bcc,0.00019269357,0.9999962,auto_accept,n/a
ISIC_0027082,nv,nv,1.2233455e-08,1.07709184e-07,auto_accept,n/a
ISIC_0034067,nv,nv,0.016485007,0.14416263,escalate,n/a
ISIC_0031329,bkl,bkl,7.324346e-05,0.01532316,auto_accept,n/a
ISIC_0024939,nv,nv,1.1578064e-06,1.5996105e-07,auto_accept,n/a
ISIC_0031916,nv,nv,1.1383385e-07,8.642574e-07,auto_accept,n/a
ISIC_0027121,nv,nv,0.0037437223,0.040482778,auto_accept,n/a
ISIC_0034066,bcc,bcc,2.7477247e-06,0.9998418,auto_accept,n/a
ISIC_0032708,nv,nv,0.0012044201,0.097862,auto_accept,n/a
ISIC_0025222,bkl,bkl,0.0020492321,0.13312703,auto_accept,n/a
ISIC_0025369,nv,nv,5.516581e-08,1.1137539e-05,auto_accept,n/a
ISIC_0032421,nv,nv,0.0085261855,0.1751321,auto_accept,n/a
ISIC_0031822,nv,nv,6.51108e-05,6.47365e-05,auto_accept,n/a
ISIC_0030285,nv,nv,0.0013694576,1.188541e-05,auto_accept,n/a
ISIC_0033618,nv,mel,0.004348672,0.97278655,auto_accept,n/a
ISIC_0026944,nv,nv,6.472663e-07,6.3938145e-08,auto_accept,n/a
ISIC_0032925,mel,mel,0.000115751296,0.9993999,auto_accept,n/a
ISIC_0026956,nv,bcc,0.004493677,0.6596198,auto_accept,n/a
ISIC_0026150,mel,mel,0.00029202274,0.96459067,auto_accept,n/a
ISIC_0027957,bkl,bkl,0.0044128993,0.01760646,auto_accept,n/a
ISIC_0028011,nv,nv,7.2332793e-09,8.431775e-08,auto_accept,n/a
ISIC_0026529,nv,nv,9.099672e-05,0.0038018983,auto_accept,n/a
ISIC_0030087,nv,nv,1.5144774e-08,4.4556666e-07,auto_accept,n/a
ISIC_0027319,nv,nv,0.0005898001,0.012586596,auto_accept,n/a
ISIC_0031487,nv,nv,4.3288624e-06,1.6525055e-05,auto_accept,n/a
ISIC_0025232,nv,nv,3.7931509e-06,8.9222216e-05,auto_accept,n/a
ISIC_0026913,nv,bkl,0.025538597,0.00069914793,escalate,n/a
ISIC_0025587,nv,nv,1.4152067e-05,3.2321597e-05,auto_accept,n/a
ISIC_0026682,nv,nv,0.012159561,8.03081e-05,auto_accept,n/a
ISIC_0027619,nv,nv,7.901227e-06,3.145424e-05,auto_accept,n/a
ISIC_0028490,bkl,bkl,0.0027299218,0.0065595,auto_accept,n/a
ISIC_0025006,nv,nv,8.577531e-08,1.3614262e-07,auto_accept,n/a
ISIC_0028792,bkl,bkl,0.0001767363,0.06047586,auto_accept,n/a
ISIC_0027624,nv,nv,4.8534775e-06,1.1928056e-06,auto_accept,n/a
ISIC_0027570,nv,nv,3.374659e-05,0.00028254327,auto_accept,n/a
ISIC_0029086,nv,nv,4.0497184e-08,2.3706975e-06,auto_accept,n/a
ISIC_0030993,nv,nv,1.3107728e-08,1.7303601e-07,auto_accept,n/a
ISIC_0028180,bkl,bkl,0.00045732842,0.056191772,auto_accept,n/a
ISIC_0032016,nv,nv,1.3849548e-06,2.7950744e-06,auto_accept,n/a
ISIC_0024889,nv,nv,9.980665e-06,1.2828953e-05,auto_accept,n/a
ISIC_0024639,nv,nv,1.0641335e-05,0.000569995,auto_accept,n/a
ISIC_0025875,nv,nv,9.747149e-08,3.9168123e-07,auto_accept,n/a
ISIC_0030542,bkl,bkl,0.00034230825,0.00014812745,auto_accept,n/a
ISIC_0027201,nv,nv,5.2846106e-05,0.0044397004,auto_accept,n/a
ISIC_0033369,mel,mel,0.016153868,0.8874744,escalate,n/a
ISIC_0029370,mel,mel,0.0019971991,0.937224,auto_accept,n/a
ISIC_0031764,nv,nv,3.140546e-05,1.6724042e-06,auto_accept,n/a
ISIC_0024901,nv,nv,2.5444828e-05,6.35005e-08,auto_accept,n/a
ISIC_0024471,bkl,bkl,6.2647734e-05,2.2361137e-06,auto_accept,n/a
ISIC_0027777,nv,nv,5.178718e-10,1.7948176e-08,auto_accept,n/a
ISIC_0030611,nv,nv,2.7439295e-10,1.2830836e-10,auto_accept,n/a
ISIC_0028186,nv,nv,0.005322273,0.060956445,auto_accept,n/a
ISIC_0026756,nv,nv,3.9250122e-07,5.9536526e-10,auto_accept,n/a
ISIC_0028024,nv,nv,3.685983e-09,1.6399993e-07,auto_accept,n/a
ISIC_0026285,nv,nv,3.791025e-08,2.1475216e-08,auto_accept,n/a
ISIC_0028806,nv,nv,2.966842e-07,4.0991196e-07,auto_accept,n/a
ISIC_0032377,nv,nv,5.6247806e-10,1.1187846e-09,auto_accept,n/a
ISIC_0024818,nv,nv,0.01023312,0.025690101,auto_accept,n/a
ISIC_0030599,nv,nv,3.7405738e-05,1.7808656e-05,auto_accept,n/a
ISIC_0027151,bkl,nv,2.7767852e-05,0.00046956385,auto_accept,n/a
ISIC_0030791,nv,nv,5.4108256e-09,2.1949903e-07,auto_accept,n/a
ISIC_0032301,nv,nv,2.9059748e-07,5.445102e-06,auto_accept,n/a
ISIC_0028954,nv,nv,6.2013455e-06,3.294627e-05,auto_accept,n/a
ISIC_0032518,nv,nv,6.524842e-06,0.00022665749,auto_accept,n/a
ISIC_0032027,nv,nv,0.014455175,0.013554548,auto_accept,n/a
ISIC_0026101,nv,nv,9.730849e-06,0.00017146114,auto_accept,n/a
ISIC_0026320,nv,nv,1.3809405e-11,1.3098478e-11,auto_accept,n/a
ISIC_0031539,bcc,bcc,0.010235974,0.94535816,auto_accept,n/a
ISIC_0032431,nv,nv,4.2767683e-09,4.039856e-09,auto_accept,n/a
ISIC_0030824,mel,mel,0.016236173,0.88892806,escalate,n/a
ISIC_0032255,nv,nv,3.784059e-08,3.2749e-06,auto_accept,n/a
ISIC_0026170,nv,nv,1.5726774e-06,1.5514812e-05,auto_accept,n/a
ISIC_0028851,nv,nv,3.222237e-05,0.001862042,auto_accept,n/a
ISIC_0028294,bkl,bkl,0.0004754068,0.088678226,auto_accept,n/a
ISIC_0031655,nv,nv,5.9662043e-06,0.00010114325,auto_accept,n/a
ISIC_0027864,nv,nv,3.7011176e-09,2.5267862e-08,auto_accept,n/a
ISIC_0027386,nv,nv,1.2122693e-07,4.5228944e-07,auto_accept,n/a
ISIC_0033034,mel,mel,0.013302312,0.7773493,auto_accept,n/a
ISIC_0026599,nv,mel,0.009086588,0.6300114,auto_accept,n/a
ISIC_0032025,nv,nv,0.00013310327,2.4010364e-05,auto_accept,n/a
ISIC_0026721,nv,nv,7.7983304e-07,8.743027e-08,auto_accept,n/a
ISIC_0028683,nv,nv,4.6164063e-05,7.211086e-06,auto_accept,n/a
ISIC_0033832,nv,nv,0.017532134,0.46140382,escalate,n/a
ISIC_0034308,nv,nv,0.000874352,0.0025025252,auto_accept,n/a
ISIC_0033106,nv,mel,0.00395944,0.95363605,auto_accept,n/a
ISIC_0033304,mel,mel,2.5773727e-06,0.99885297,auto_accept,n/a
ISIC_0031294,bcc,bcc,2.7612307e-07,0.9999639,auto_accept,n/a
ISIC_0030250,nv,nv,2.131974e-06,2.2325275e-06,auto_accept,n/a
ISIC_0026898,nv,nv,1.253429e-07,1.6224529e-06,auto_accept,n/a
ISIC_0031642,mel,mel,0.00044586434,0.9756992,auto_accept,n/a
ISIC_0032531,mel,mel,2.3475137e-07,0.99991333,auto_accept,n/a
ISIC_0027016,nv,nv,2.209776e-08,8.800007e-07,auto_accept,n/a
ISIC_0029942,nv,nv,1.8931336e-06,4.5047775e-05,auto_accept,n/a
ISIC_0031467,nv,nv,5.815671e-05,1.0924458e-07,auto_accept,n/a
ISIC_0025065,nv,nv,0.015882306,0.52950704,escalate,n/a
ISIC_0033994,nv,nv,0.00022171321,9.032608e-06,auto_accept,n/a
ISIC_0027208,nv,nv,0.004326827,0.009413074,auto_accept,n/a
ISIC_0029920,nv,nv,0.00014179028,0.0002813739,auto_accept,n/a
ISIC_0032154,akiec,akiec,0.01793508,0.76888853,escalate,n/a
ISIC_0030984,nv,nv,1.2299695e-07,1.5891546e-05,auto_accept,n/a
ISIC_0029453,mel,nv,0.013311366,0.14364624,auto_accept,n/a
ISIC_0027802,akiec,akiec,3.0743773e-05,0.9999701,auto_accept,n/a
ISIC_0025880,nv,nv,6.434408e-07,7.2045594e-05,auto_accept,n/a
ISIC_0033627,nv,nv,0.010960978,0.025558302,auto_accept,n/a
ISIC_0031183,nv,nv,1.0537905e-05,0.00039194594,auto_accept,n/a
ISIC_0034159,mel,mel,6.543295e-06,0.9996886,auto_accept,n/a
ISIC_0031528,bkl,mel,0.019946145,0.6826469,escalate,n/a
ISIC_0028379,nv,nv,9.494644e-08,6.6365295e-08,auto_accept,n/a
ISIC_0031800,nv,nv,1.3822432e-07,5.4988363e-06,auto_accept,n/a
ISIC_0026376,nv,nv,6.573425e-06,0.00032485274,auto_accept,n/a
ISIC_0031320,nv,nv,4.4900735e-06,6.7077713e-06,auto_accept,n/a
ISIC_0029848,nv,nv,6.387715e-08,1.0831668e-06,auto_accept,n/a
ISIC_0025229,nv,nv,2.5919485e-06,2.7043114e-05,auto_accept,n/a
ISIC_0029464,bkl,mel,0.007738337,0.81470704,auto_accept,n/a
ISIC_0027730,nv,nv,6.465871e-07,1.1473516e-05,auto_accept,n/a
ISIC_0029469,nv,nv,0.0017293661,1.8682973e-06,auto_accept,n/a
ISIC_0033660,bkl,bkl,0.00017711986,0.001166203,auto_accept,n/a
ISIC_0034199,nv,nv,0.006471291,0.15865044,auto_accept,n/a
ISIC_0029180,nv,nv,5.940044e-11,2.4131732e-09,auto_accept,n/a
ISIC_0024505,bkl,bkl,0.017526621,0.042594086,escalate,n/a
ISIC_0027149,mel,mel,0.00010533057,0.99638003,auto_accept,n/a
ISIC_0027216,df,df,6.956019e-05,3.7431982e-07,auto_accept,n/a
ISIC_0032331,mel,mel,0.013131609,0.82949257,auto_accept,n/a
ISIC_0025456,nv,nv,0.0020502582,0.02234834,auto_accept,n/a
ISIC_0025870,nv,nv,0.00043096536,0.00066766184,auto_accept,n/a
ISIC_0031066,nv,nv,5.8611842e-08,2.3317223e-07,auto_accept,n/a
ISIC_0027604,mel,mel,0.00024056401,0.9894671,auto_accept,n/a
ISIC_0025208,nv,nv,9.0782605e-06,0.0008287036,auto_accept,n/a
ISIC_0031232,nv,nv,1.0423941e-07,7.938991e-07,auto_accept,n/a
ISIC_0024589,nv,nv,5.79548e-05,1.01848904e-07,auto_accept,n/a
ISIC_0028956,nv,nv,3.60205e-06,8.708127e-06,auto_accept,n/a
ISIC_0033535,nv,nv,3.378753e-05,0.0005323506,auto_accept,n/a
ISIC_0031684,nv,nv,0.0004719502,4.4243175e-06,auto_accept,n/a
ISIC_0030090,nv,nv,1.3456108e-05,0.0011671643,auto_accept,n/a
ISIC_0029451,nv,nv,0.00017426698,0.000123834,auto_accept,n/a
ISIC_0030149,nv,nv,6.841946e-08,5.7556117e-06,auto_accept,n/a
ISIC_0029298,nv,nv,0.009373708,0.21102862,auto_accept,n/a
ISIC_0031104,nv,nv,2.2040263e-06,5.0930404e-10,auto_accept,n/a
ISIC_0026675,bkl,bkl,0.0030379964,0.0028396363,auto_accept,n/a
ISIC_0031777,nv,nv,1.6255563e-06,9.790249e-08,auto_accept,n/a
ISIC_0027306,mel,mel,0.0010443532,0.9685527,auto_accept,n/a
ISIC_0031855,nv,nv,3.388724e-07,1.2808799e-07,auto_accept,n/a
ISIC_0032367,nv,nv,4.795677e-05,9.4527053e-07,auto_accept,n/a
ISIC_0026099,nv,nv,0.00024169343,0.009242138,auto_accept,n/a
ISIC_0027268,nv,nv,1.3369473e-06,6.8582005e-07,auto_accept,n/a
ISIC_0030720,nv,nv,4.862964e-08,6.018612e-08,auto_accept,n/a
ISIC_0024942,nv,nv,1.5738902e-08,4.7898793e-06,auto_accept,n/a
ISIC_0031493,nv,nv,0.0012205612,0.0002243137,auto_accept,n/a
ISIC_0030728,nv,nv,3.7746332e-07,3.4603123e-05,auto_accept,n/a
ISIC_0028525,bkl,mel,0.018147532,0.9382024,escalate,n/a
ISIC_0026396,nv,nv,0.0004789327,6.636505e-05,auto_accept,n/a
ISIC_0027335,bkl,mel,0.00060773874,0.9893063,auto_accept,n/a
ISIC_0034164,nv,nv,0.00012008627,9.320547e-05,auto_accept,n/a
ISIC_0031384,bcc,bcc,0.00089126464,0.88265663,auto_accept,n/a
ISIC_0024355,nv,nv,9.229732e-06,3.2753203e-05,auto_accept,n/a
ISIC_0027479,nv,nv,7.8303775e-10,4.438234e-09,auto_accept,n/a
ISIC_0025695,nv,nv,5.566584e-05,6.88103e-05,auto_accept,n/a
ISIC_0025448,nv,nv,3.2499815e-07,6.9692777e-07,auto_accept,n/a
ISIC_0026962,nv,nv,9.6554466e-08,1.7902335e-07,auto_accept,n/a
ISIC_0032342,nv,mel,0.012087097,0.57561874,auto_accept,n/a
ISIC_0027535,nv,bkl,0.006925804,0.23734473,auto_accept,n/a
ISIC_0033777,nv,nv,0.0063591255,1.4617088e-05,auto_accept,n/a
ISIC_0031765,nv,nv,1.7198368e-05,1.7458982e-05,auto_accept,n/a
ISIC_0024385,nv,nv,1.650534e-05,4.51151e-05,auto_accept,n/a
ISIC_0027656,nv,nv,5.235837e-05,0.0005784387,auto_accept,n/a
ISIC_0034111,nv,nv,0.0002514702,0.00085830333,auto_accept,n/a
ISIC_0031645,nv,nv,5.6652098e-06,0.00035077851,auto_accept,n/a
ISIC_0026360,mel,mel,4.266697e-05,0.9944877,auto_accept,n/a
ISIC_0027906,nv,nv,1.7194046e-06,4.4659646e-05,auto_accept,n/a
ISIC_0025624,nv,nv,2.2766856e-07,9.0110156e-08,auto_accept,n/a
ISIC_0032317,nv,nv,1.6993955e-07,1.6366839e-07,auto_accept,n/a
ISIC_0029239,nv,nv,1.7897393e-07,3.369867e-07,auto_accept,n/a
ISIC_0024647,mel,mel,0.0073105576,0.834115,auto_accept,n/a
ISIC_0025300,nv,nv,0.0006840221,0.018078659,auto_accept,n/a
ISIC_0027560,mel,mel,3.7513117e-05,0.999321,auto_accept,n/a
ISIC_0032871,nv,mel,0.0077284393,0.9736255,auto_accept,n/a
ISIC_0028904,nv,nv,8.099499e-06,3.11378e-07,auto_accept,n/a
ISIC_0029279,akiec,akiec,0.00059186167,0.99998605,auto_accept,n/a
ISIC_0025553,nv,bcc,0.0044246344,0.9646524,auto_accept,n/a
ISIC_0031318,bcc,bcc,1.1703899e-06,0.9998776,auto_accept,n/a
ISIC_0027491,nv,nv,0.0001307107,0.00079819316,auto_accept,n/a
ISIC_0027315,nv,nv,1.7915752e-05,4.722289e-05,auto_accept,n/a
ISIC_0032300,nv,nv,0.00015640483,0.0038359677,auto_accept,n/a
ISIC_0034151,bkl,bkl,1.342074e-06,0.00038703092,auto_accept,n/a
ISIC_0028322,nv,nv,1.4647927e-07,2.2876882e-06,auto_accept,n/a
ISIC_0027160,nv,nv,5.2469586e-06,5.468635e-06,auto_accept,n/a
ISIC_0028917,nv,nv,7.553832e-08,1.1199998e-05,auto_accept,n/a
ISIC_0030374,nv,nv,1.34648e-07,1.0638816e-07,auto_accept,n/a
ISIC_0025263,nv,nv,2.9218509e-05,8.9890564e-05,auto_accept,n/a
ISIC_0029614,nv,nv,0.0041030985,0.0067344327,auto_accept,n/a
ISIC_0031830,nv,nv,2.3324823e-05,7.0686724e-06,auto_accept,n/a
ISIC_0030013,nv,nv,2.4474556e-07,9.220649e-07,auto_accept,n/a
ISIC_0026763,nv,nv,2.6700818e-07,2.4852085e-07,auto_accept,n/a
ISIC_0033234,nv,nv,0.0008256273,0.03584366,auto_accept,n/a
ISIC_0024437,nv,nv,0.0019639793,0.0007990318,auto_accept,n/a
ISIC_0031683,nv,nv,5.144425e-08,5.2741658e-08,auto_accept,n/a
ISIC_0026906,nv,nv,1.3481758e-05,2.05272e-05,auto_accept,n/a
ISIC_0025060,nv,nv,3.829218e-07,3.7334084e-07,auto_accept,n/a
ISIC_0030276,bkl,bkl,1.8521603e-06,0.023876086,auto_accept,n/a
ISIC_0025499,nv,nv,0.0015088277,0.018781539,auto_accept,n/a
ISIC_0029385,nv,nv,0.0016403765,7.078816e-05,auto_accept,n/a
ISIC_0031463,nv,nv,5.1591015e-10,6.325673e-07,auto_accept,n/a
ISIC_0024834,nv,nv,5.0400363e-06,9.699324e-05,auto_accept,n/a
ISIC_0031174,nv,nv,1.0786798e-07,1.6348851e-07,auto_accept,n/a
ISIC_0028313,nv,nv,7.012824e-08,1.0200419e-05,auto_accept,n/a
ISIC_0033135,vasc,vasc,0.00039848353,0.0002415739,auto_accept,n/a
ISIC_0024774,bkl,bkl,5.732127e-06,0.00079112884,auto_accept,n/a
ISIC_0025973,bkl,bkl,0.028796922,0.54044515,escalate,n/a
ISIC_0030176,nv,mel,0.0065672686,0.9211261,auto_accept,n/a
ISIC_0025693,bkl,bkl,0.001802692,0.47292894,auto_accept,n/a
ISIC_0031913,nv,mel,3.1926957e-05,0.9927313,auto_accept,n/a
ISIC_0031507,nv,nv,2.8533007e-06,0.0007371328,auto_accept,n/a
ISIC_0025988,nv,nv,0.0025765004,0.010739685,auto_accept,n/a
ISIC_0030428,nv,nv,6.931049e-08,3.6591712e-09,auto_accept,n/a
ISIC_0033102,nv,mel,0.009735733,0.9661596,auto_accept,n/a
ISIC_0029922,nv,nv,1.861362e-08,5.9484337e-09,auto_accept,n/a
ISIC_0029291,bkl,bkl,0.0021341245,0.15356076,auto_accept,n/a
ISIC_0030635,nv,nv,0.009276213,0.0014681323,auto_accept,n/a
ISIC_0032483,nv,nv,2.5413166e-07,4.3672864e-07,auto_accept,n/a
ISIC_0028766,nv,nv,0.00060361775,0.0023468046,auto_accept,n/a
ISIC_0033536,akiec,akiec,1.2418578e-05,0.99864894,auto_accept,n/a
ISIC_0029002,akiec,akiec,0.004818823,0.9999044,auto_accept,n/a
ISIC_0027919,nv,nv,1.5441567e-05,4.0883134e-07,auto_accept,n/a
ISIC_0024309,nv,nv,2.1054443e-07,9.567493e-06,auto_accept,n/a
ISIC_0027584,bkl,bkl,0.00020205509,0.049623214,auto_accept,n/a
ISIC_0029274,nv,nv,0.0006403909,8.655881e-06,auto_accept,n/a
ISIC_0033379,bkl,bkl,2.2896568e-06,0.00011109935,auto_accept,n/a
ISIC_0031863,nv,nv,0.00018093982,0.0010555872,auto_accept,n/a
ISIC_0031791,nv,nv,0.0117613515,0.20233604,auto_accept,n/a
ISIC_0024312,bkl,mel,0.028132912,0.86238945,escalate,n/a
ISIC_0032285,nv,nv,1.309032e-09,3.3760463e-07,auto_accept,n/a
ISIC_0029611,nv,nv,1.1121481e-06,3.8999744e-05,auto_accept,n/a
ISIC_0029391,bcc,bcc,0.010766564,0.9999583,auto_accept,n/a
ISIC_0026288,nv,nv,0.00027274544,2.8156477e-05,auto_accept,n/a
ISIC_0029245,nv,nv,1.6080117e-05,3.2485423e-07,auto_accept,n/a
ISIC_0026411,akiec,akiec,0.0008150168,0.9677013,auto_accept,n/a
ISIC_0033133,nv,nv,0.00044227464,0.0036633504,auto_accept,n/a
ISIC_0025292,bkl,bkl,0.008723977,0.03683456,auto_accept,n/a
ISIC_0030781,nv,nv,3.0926644e-06,1.8253755e-07,auto_accept,n/a
ISIC_0028769,nv,nv,7.4949673e-07,1.4305094e-05,auto_accept,n/a
ISIC_0031959,nv,nv,0.011645101,0.02047542,auto_accept,n/a
ISIC_0026931,nv,nv,1.6461546e-10,4.588441e-08,auto_accept,n/a
ISIC_0030320,nv,nv,0.00011372471,4.934504e-05,auto_accept,n/a
ISIC_0029156,nv,nv,4.1103607e-07,3.526634e-05,auto_accept,n/a
ISIC_0030154,nv,nv,3.8863678e-07,2.0273058e-06,auto_accept,n/a
ISIC_0031216,nv,nv,0.012866415,0.34030557,auto_accept,n/a
ISIC_0025256,nv,nv,6.043916e-05,0.00077098067,auto_accept,n/a
ISIC_0032451,nv,nv,2.9799616e-05,1.9613544e-05,auto_accept,n/a
ISIC_0033698,nv,nv,2.4893645e-05,0.00027679498,auto_accept,n/a
ISIC_0034211,mel,mel,0.0021859969,0.9105046,auto_accept,n/a
ISIC_0034213,nv,nv,0.016116025,0.32583404,escalate,n/a
ISIC_0029898,nv,nv,0.005377191,0.029787796,auto_accept,n/a
ISIC_0025029,akiec,mel,0.01347768,0.9726073,auto_accept,n/a
ISIC_0027507,mel,mel,0.011503051,0.85160017,auto_accept,n/a
ISIC_0030043,nv,nv,1.121323e-08,3.906074e-09,auto_accept,n/a
ISIC_0029394,bkl,nv,0.014798072,0.6738024,auto_accept,n/a
ISIC_0026836,nv,nv,3.279725e-05,2.2121076e-06,auto_accept,n/a
ISIC_0032779,nv,nv,5.7951887e-08,8.356547e-07,auto_accept,n/a
ISIC_0033146,bcc,bcc,1.6558333e-06,0.9999645,auto_accept,n/a
ISIC_0033149,nv,nv,6.685872e-05,0.0032036633,auto_accept,n/a
ISIC_0029594,nv,nv,2.3232314e-09,1.9435764e-07,auto_accept,n/a
ISIC_0025705,nv,nv,2.144169e-06,6.942677e-05,auto_accept,n/a
ISIC_0033716,bkl,mel,0.00013851403,0.9788659,auto_accept,n/a
ISIC_0024478,nv,nv,0.00010517612,0.00037203517,auto_accept,n/a
ISIC_0027177,nv,nv,7.766498e-09,1.09999384e-07,auto_accept,n/a
ISIC_0027614,nv,nv,5.8363068e-05,0.00021009232,auto_accept,n/a
ISIC_0031523,nv,nv,4.02669e-05,0.0006595106,auto_accept,n/a
ISIC_0033525,nv,nv,0.009680608,0.008535053,auto_accept,n/a
ISIC_0029821,nv,nv,1.7085707e-08,5.9662293e-06,auto_accept,n/a
ISIC_0027078,nv,nv,2.0195333e-11,1.3333095e-08,auto_accept,n/a
ISIC_0031983,nv,nv,2.0948763e-05,5.0714857e-06,auto_accept,n/a
ISIC_0030502,nv,nv,1.3646191e-05,0.00011067658,auto_accept,n/a
ISIC_0027723,nv,nv,0.0007260704,9.3084245e-06,auto_accept,n/a
ISIC_0030999,nv,nv,3.325192e-07,6.0643586e-08,auto_accept,n/a
ISIC_0029599,nv,nv,4.6398103e-08,7.355502e-07,auto_accept,n/a
ISIC_0026707,nv,nv,3.2640333e-09,3.457329e-10,auto_accept,n/a
ISIC_0027679,nv,nv,0.00077369664,0.008470308,auto_accept,n/a
ISIC_0027048,nv,nv,2.9606926e-07,0.00011647424,auto_accept,n/a
ISIC_0030246,mel,mel,0.004258343,0.95950615,auto_accept,n/a
ISIC_0029248,df,df,7.307552e-06,7.7748e-08,auto_accept,n/a
ISIC_0027500,nv,nv,2.2067325e-06,6.1231714e-07,auto_accept,n/a
ISIC_0025388,bkl,bkl,0.0002416514,0.00054844376,auto_accept,n/a
ISIC_0033413,akiec,akiec,7.364694e-08,0.99999464,auto_accept,n/a
ISIC_0031551,nv,nv,3.448885e-10,1.2249197e-07,auto_accept,n/a
ISIC_0031843,nv,nv,1.8651701e-07,2.2958138e-05,auto_accept,n/a
ISIC_0029551,nv,nv,2.0740556e-05,3.5602363e-06,auto_accept,n/a
ISIC_0024523,nv,nv,0.0016511325,0.002059307,auto_accept,n/a
ISIC_0024670,nv,nv,4.642033e-08,1.2061826e-06,auto_accept,n/a
ISIC_0029826,nv,mel,0.017532382,0.7810449,escalate,n/a
ISIC_0029363,mel,mel,0.016377637,0.5325151,escalate,n/a
ISIC_0030996,nv,nv,4.601796e-05,2.658427e-07,auto_accept,n/a
ISIC_0032239,nv,nv,1.2131456e-07,9.973816e-06,auto_accept,n/a
ISIC_0026291,bkl,bkl,1.6192527e-07,0.00023135397,auto_accept,n/a
ISIC_0027901,nv,nv,6.0798734e-06,2.569601e-05,auto_accept,n/a
ISIC_0033726,nv,nv,0.0031347978,0.0022594559,auto_accept,n/a
ISIC_0028300,nv,nv,1.2496706e-07,2.2293043e-06,auto_accept,n/a
ISIC_0027104,nv,nv,8.329393e-09,2.1452086e-08,auto_accept,n/a
ISIC_0031521,nv,nv,3.2642242e-06,1.8311817e-05,auto_accept,n/a
ISIC_0031252,nv,nv,1.2220429e-06,5.318199e-07,auto_accept,n/a
ISIC_0024315,mel,mel,0.0013837059,0.977244,auto_accept,n/a
ISIC_0028182,nv,nv,0.0013900374,9.331793e-06,auto_accept,n/a
ISIC_0028078,nv,nv,5.452529e-07,1.4431884e-05,auto_accept,n/a
ISIC_0025430,nv,nv,1.7864171e-06,1.5024068e-07,auto_accept,n/a
ISIC_0025604,nv,nv,1.483367e-07,7.307219e-08,auto_accept,n/a
ISIC_0026178,akiec,akiec,0.017950578,0.999966,escalate,n/a
ISIC_0026748,nv,nv,0.0023332965,0.0061702877,auto_accept,n/a
ISIC_0027990,bkl,bkl,0.0008512021,0.017228175,auto_accept,n/a
ISIC_0025312,bkl,bkl,0.00022433596,0.018961981,auto_accept,n/a
ISIC_0031514,nv,nv,0.0016646384,0.0008909556,auto_accept,n/a
ISIC_0026164,nv,nv,1.679614e-08,2.78769e-07,auto_accept,n/a
ISIC_0027726,nv,nv,1.062519e-06,1.7726374e-05,auto_accept,n/a
ISIC_0029152,nv,nv,0.00042779653,0.025755882,auto_accept,n/a
ISIC_0027040,nv,nv,1.9627832e-05,0.00018102929,auto_accept,n/a
ISIC_0029112,nv,nv,4.884007e-08,3.1191476e-07,auto_accept,n/a
ISIC_0032104,nv,nv,3.987852e-08,4.9686076e-08,auto_accept,n/a
ISIC_0031805,nv,nv,2.2671635e-07,5.585493e-08,auto_accept,n/a
ISIC_0034296,bkl,bkl,0.0025570632,0.0010706062,auto_accept,n/a
ISIC_0025609,nv,nv,2.0200657e-06,6.1467176e-06,auto_accept,n/a
ISIC_0025349,nv,nv,5.7554256e-08,1.2445809e-09,auto_accept,n/a
ISIC_0034167,bkl,bkl,0.006063442,0.04280719,auto_accept,n/a
ISIC_0029657,nv,nv,1.6443577e-10,3.5138192e-09,auto_accept,n/a
ISIC_0031097,nv,nv,5.3175086e-07,5.71666e-05,auto_accept,n/a
ISIC_0029069,nv,nv,3.4722616e-10,6.6744155e-07,auto_accept,n/a
ISIC_0029945,nv,nv,0.019565225,0.425998,escalate,n/a
ISIC_0027183,nv,nv,0.007051489,0.17599574,auto_accept,n/a
ISIC_0029476,nv,nv,0.0017558859,0.017474605,auto_accept,n/a
ISIC_0027927,nv,nv,4.131955e-09,4.797216e-10,auto_accept,n/a
ISIC_0026742,nv,nv,0.005121096,0.09044568,auto_accept,n/a
ISIC_0031739,nv,nv,5.0066294e-08,3.4883195e-07,auto_accept,n/a
ISIC_0029092,mel,mel,0.00038861818,0.99845517,auto_accept,n/a
ISIC_0030520,nv,nv,7.0050664e-05,0.00015988678,auto_accept,n/a
ISIC_0024967,mel,mel,2.1931003e-06,0.9967759,auto_accept,n/a
ISIC_0026548,nv,nv,1.3849031e-05,8.374394e-05,auto_accept,n/a
ISIC_0024704,nv,nv,9.536679e-05,0.008640035,auto_accept,n/a
ISIC_0027218,bkl,bkl,0.012724447,0.0039533805,auto_accept,n/a
ISIC_0028846,bkl,bkl,0.0006224718,0.048532143,auto_accept,n/a
ISIC_0024797,nv,nv,1.6682765e-05,3.617375e-09,auto_accept,n/a
ISIC_0031341,nv,nv,3.1544738e-07,3.2374484e-07,auto_accept,n/a
ISIC_0030086,nv,nv,9.8137134e-05,0.0002213904,auto_accept,n/a
ISIC_0026677,nv,nv,0.00050694577,7.151824e-05,auto_accept,n/a
ISIC_0028865,nv,nv,0.021879625,0.57688624,escalate,n/a
ISIC_0029136,nv,nv,9.896941e-07,2.8853535e-06,auto_accept,n/a
ISIC_0028455,nv,nv,1.275056e-05,1.8202923e-07,auto_accept,n/a
ISIC_0027221,nv,nv,3.781681e-05,2.5488953e-05,auto_accept,n/a
ISIC_0025139,nv,nv,3.538967e-09,2.679946e-10,auto_accept,n/a
ISIC_0029253,nv,nv,0.00018440922,2.42851e-06,auto_accept,n/a
ISIC_0030836,nv,nv,0.0042674495,2.3026461e-05,auto_accept,n/a
ISIC_0027317,nv,nv,2.2875133e-06,2.1946114e-07,auto_accept,n/a
ISIC_0030651,nv,nv,2.7341214e-06,2.9287257e-05,auto_accept,n/a
ISIC_0028215,mel,mel,0.00011705792,0.9977471,auto_accept,n/a
ISIC_0030334,nv,mel,0.0099920975,0.6431801,auto_accept,n/a
ISIC_0031743,akiec,akiec,0.00012743092,0.99906665,auto_accept,n/a
ISIC_0029618,nv,nv,0.00021748817,0.0017026505,auto_accept,n/a
ISIC_0034061,mel,mel,0.004804049,0.9893162,auto_accept,n/a
ISIC_0025998,nv,nv,1.7441111e-07,6.527937e-06,auto_accept,n/a
ISIC_0024487,nv,nv,2.3127025e-06,1.8901574e-05,auto_accept,n/a
ISIC_0030218,nv,nv,7.8583884e-07,1.369339e-05,auto_accept,n/a
ISIC_0024327,nv,nv,1.0497198e-07,1.0252684e-06,auto_accept,n/a
ISIC_0032884,nv,nv,0.0004404898,0.0032119101,auto_accept,n/a
ISIC_0026407,nv,nv,3.636674e-07,5.8035744e-07,auto_accept,n/a
ISIC_0024698,nv,mel,0.008588669,0.4964946,auto_accept,n/a
ISIC_0026767,nv,nv,1.7663171e-05,0.0019130781,auto_accept,n/a
ISIC_0031851,bkl,bkl,0.0026059821,0.001019264,auto_accept,n/a
ISIC_0030844,akiec,akiec,2.6006596e-06,0.9995555,auto_accept,n/a
ISIC_0025004,nv,nv,1.1057709e-07,8.071853e-07,auto_accept,n/a
ISIC_0029533,akiec,akiec,0.00094810425,0.99635714,auto_accept,n/a
ISIC_0029638,akiec,akiec,0.00020498455,0.9754029,auto_accept,n/a
ISIC_0034246,mel,mel,0.011479063,0.99031657,auto_accept,n/a
ISIC_0028220,mel,bkl,0.01285149,0.05095756,auto_accept,n/a
ISIC_0030237,nv,nv,1.5268749e-06,3.2941607e-06,auto_accept,n/a
ISIC_0030459,bkl,bkl,3.731989e-05,0.0049779266,auto_accept,n/a
ISIC_0026436,nv,nv,0.00057584915,0.0005895279,auto_accept,n/a
ISIC_0029296,nv,nv,0.00068292377,0.0008157658,auto_accept,n/a
ISIC_0030302,nv,nv,1.666738e-07,5.5458264e-07,auto_accept,n/a
ISIC_0026206,akiec,akiec,0.019655555,0.28822097,escalate,n/a
ISIC_0024622,nv,nv,2.0636976e-06,0.00013763574,auto_accept,n/a
ISIC_0030078,nv,nv,1.2967679e-06,4.8338956e-05,auto_accept,n/a
ISIC_0027152,nv,mel,0.013107036,0.97819453,auto_accept,n/a
ISIC_0026478,nv,nv,0.0036319324,0.3534804,auto_accept,n/a
ISIC_0027782,nv,nv,7.3137626e-06,0.0005919715,auto_accept,n/a
ISIC_0025056,nv,nv,1.945648e-08,4.9477427e-09,auto_accept,n/a
ISIC_0029357,nv,nv,0.0073559717,0.010555409,auto_accept,n/a
ISIC_0027093,bcc,bcc,1.2722406e-05,0.99995244,auto_accept,n/a
ISIC_0025967,nv,nv,0.0011306134,0.0018574063,auto_accept,n/a
ISIC_0028119,nv,nv,0.0008023446,0.00830364,auto_accept,n/a
ISIC_0025387,bkl,bkl,0.00020670968,9.944508e-06,auto_accept,n/a
ISIC_0032010,nv,nv,1.1010435e-06,9.221187e-08,auto_accept,n/a
ISIC_0033512,nv,mel,0.013467357,0.8868756,auto_accept,n/a
ISIC_0032267,nv,nv,6.6441565e-08,5.4816816e-08,auto_accept,n/a
ISIC_0025377,nv,nv,0.000105071704,1.4910385e-05,auto_accept,n/a
ISIC_0031845,nv,nv,7.377212e-08,9.50392e-09,auto_accept,n/a
ISIC_0034283,bkl,bkl,0.0011563007,5.4248278e-05,auto_accept,n/a
ISIC_0028828,nv,nv,1.4765329e-05,0.000559056,auto_accept,n/a
ISIC_0030634,nv,nv,0.00078607455,0.00045203586,auto_accept,n/a
ISIC_0024380,nv,nv,4.3367716e-05,1.5584863e-05,auto_accept,n/a
ISIC_0034082,nv,nv,2.9219661e-06,0.00015570196,auto_accept,n/a
ISIC_0033840,nv,nv,0.0005049232,0.0002859301,auto_accept,n/a
ISIC_0024400,mel,bkl,0.00031989702,0.011629348,auto_accept,n/a
ISIC_0030500,nv,nv,6.4628955e-07,4.0561143e-05,auto_accept,n/a
ISIC_0024495,bkl,bkl,0.010197376,0.00920043,auto_accept,n/a
ISIC_0026398,nv,nv,0.005296573,0.19975625,auto_accept,n/a
ISIC_0025189,nv,nv,0.00013782631,0.00039393367,auto_accept,n/a
ISIC_0031325,nv,nv,7.568849e-06,0.00076117646,auto_accept,n/a
ISIC_0031865,nv,nv,0.00060343073,0.00010486968,auto_accept,n/a
ISIC_0027330,nv,nv,1.7427159e-06,5.2091025e-07,auto_accept,n/a
ISIC_0032165,nv,nv,2.7693499e-05,0.0019156164,auto_accept,n/a
ISIC_0031161,nv,nv,0.000620958,4.8667316e-05,auto_accept,n/a
ISIC_0029387,nv,nv,4.265321e-05,9.16074e-06,auto_accept,n/a
ISIC_0031870,nv,nv,1.9627237e-06,1.2478694e-07,auto_accept,n/a
ISIC_0025109,nv,nv,1.3845871e-06,1.827616e-05,auto_accept,n/a
ISIC_0030318,bkl,bkl,0.00012287771,0.0044914195,auto_accept,n/a
ISIC_0029721,nv,nv,0.00250081,0.11797961,auto_accept,n/a
ISIC_0026527,nv,nv,2.9003967e-08,4.781277e-07,auto_accept,n/a
ISIC_0024780,nv,nv,4.677339e-10,6.226095e-10,auto_accept,n/a
ISIC_0031006,nv,nv,4.769032e-08,4.9752634e-06,auto_accept,n/a
ISIC_0031766,bkl,mel,0.015603411,0.5797871,escalate,n/a
ISIC_0029160,nv,nv,0.012206201,0.15812477,auto_accept,n/a
ISIC_0025579,nv,nv,1.5953836e-05,0.000992502,auto_accept,n/a
ISIC_0026346,nv,nv,4.86036e-05,3.7962815e-05,auto_accept,n/a
ISIC_0034266,nv,nv,2.0969944e-07,5.8330716e-07,auto_accept,n/a
ISIC_0028979,nv,nv,0.002108524,0.016632253,auto_accept,n/a
ISIC_0033154,mel,mel,0.0018123036,0.99870324,auto_accept,n/a
ISIC_0025813,nv,nv,5.667103e-08,2.3083051e-07,auto_accept,n/a
ISIC_0033324,mel,mel,1.2057067e-05,0.9993893,auto_accept,n/a
ISIC_0026024,nv,nv,7.08114e-05,7.871773e-07,auto_accept,n/a
ISIC_0033588,nv,nv,0.00019929765,0.020128332,auto_accept,n/a
ISIC_0033700,mel,mel,0.003270278,0.9964765,auto_accept,n/a
ISIC_0030108,nv,nv,2.7080802e-08,3.4422824e-06,auto_accept,n/a
ISIC_0028703,nv,nv,3.2092685e-06,6.8937214e-07,auto_accept,n/a
ISIC_0033204,mel,mel,3.904553e-06,0.99913174,auto_accept,n/a
ISIC_0030171,mel,mel,0.0055188094,0.6711152,auto_accept,n/a
ISIC_0031274,nv,nv,2.5929636e-05,0.0009809616,auto_accept,n/a
ISIC_0033638,mel,nv,0.011492668,0.016480977,auto_accept,n/a
ISIC_0024467,nv,nv,6.6255827e-09,2.05656e-08,auto_accept,n/a
ISIC_0026104,bkl,bkl,0.0004169916,7.109327e-05,auto_accept,n/a
ISIC_0027539,nv,nv,6.8504946e-08,4.8917073e-08,auto_accept,n/a
ISIC_0029762,nv,nv,4.11155e-08,1.2210073e-05,auto_accept,n/a
ISIC_0025971,bcc,bcc,2.941733e-06,0.9999769,auto_accept,n/a
ISIC_0032703,nv,nv,0.0068419306,0.000565197,auto_accept,n/a
ISIC_0029543,nv,nv,1.46862285e-05,7.910589e-05,auto_accept,n/a
ISIC_0026426,nv,nv,9.614837e-06,6.674053e-08,auto_accept,n/a
ISIC_0028572,nv,nv,0.00049348344,3.3094744e-05,auto_accept,n/a
ISIC_0024480,nv,mel,0.01254478,0.64651376,auto_accept,n/a
ISIC_0027877,nv,nv,2.8620328e-10,1.2808006e-09,auto_accept,n/a
ISIC_0028848,nv,nv,2.2292365e-06,2.0635011e-06,auto_accept,n/a
ISIC_0028849,nv,nv,0.002258952,0.001945267,auto_accept,n/a
ISIC_0031960,nv,nv,0.002223129,0.012470948,auto_accept,n/a
ISIC_0030099,nv,nv,7.91966e-06,5.069851e-06,auto_accept,n/a
ISIC_0029654,nv,nv,6.103807e-07,5.38556e-08,auto_accept,n/a
ISIC_0030275,vasc,vasc,4.004731e-05,6.120233e-06,auto_accept,n/a
ISIC_0032870,mel,bkl,0.0010290251,0.10193011,auto_accept,n/a
ISIC_0030287,nv,nv,2.963935e-07,8.234243e-06,auto_accept,n/a
ISIC_0025191,nv,nv,6.922526e-08,3.9459513e-07,auto_accept,n/a
ISIC_0027845,nv,nv,7.0260116e-06,0.0005523481,auto_accept,n/a
ISIC_0027559,bkl,bkl,0.0008024829,0.0056929905,auto_accept,n/a
ISIC_0030004,nv,nv,0.00024818446,6.7951287e-06,auto_accept,n/a
ISIC_0028307,nv,mel,0.020843128,0.503751,escalate,n/a
ISIC_0034009,nv,mel,0.0028287566,0.9032044,auto_accept,n/a
ISIC_0025710,bkl,bkl,2.7297127e-05,0.009522148,auto_accept,n/a
ISIC_0030187,mel,mel,0.028282676,0.9549782,escalate,n/a
ISIC_0026144,nv,nv,5.6623035e-09,6.339135e-08,auto_accept,n/a
ISIC_0028042,nv,nv,0.010051756,0.01039257,auto_accept,n/a
ISIC_0030834,nv,nv,6.2429315e-08,2.2955992e-05,auto_accept,n/a
ISIC_0029564,bcc,bcc,0.00015590261,0.98517656,auto_accept,n/a
ISIC_0029637,nv,nv,2.3844349e-08,2.2698539e-07,auto_accept,n/a
ISIC_0032034,nv,bkl,0.0009786471,0.06434551,auto_accept,n/a
ISIC_0029996,nv,nv,1.9697457e-09,1.6129099e-09,auto_accept,n/a
ISIC_0025449,nv,nv,3.358953e-05,4.906013e-05,auto_accept,n/a
ISIC_0025816,nv,nv,0.0053131576,0.22424829,auto_accept,n/a
ISIC_0031014,nv,nv,0.0009130636,0.01803004,auto_accept,n/a
ISIC_0026812,nv,nv,1.382774e-07,4.169997e-08,auto_accept,n/a
ISIC_0033614,nv,nv,0.0010431125,0.000672875,auto_accept,n/a
ISIC_0028783,nv,nv,1.8583984e-09,4.8807284e-08,auto_accept,n/a
ISIC_0025255,nv,nv,3.1978274e-07,2.5837797e-05,auto_accept,n/a
ISIC_0033773,mel,mel,0.010348857,0.40798783,auto_accept,n/a
ISIC_0027055,nv,nv,5.887982e-05,2.2256898e-05,auto_accept,n/a
ISIC_0029350,nv,nv,1.2906625e-05,0.0007166472,auto_accept,n/a
ISIC_0024695,nv,nv,6.5332335e-07,4.991684e-06,auto_accept,n/a
ISIC_0032033,nv,nv,4.93962e-06,2.1054764e-06,auto_accept,n/a
ISIC_0025257,nv,mel,0.014030865,0.7415178,auto_accept,n/a
ISIC_0027949,nv,mel,0.006412593,0.90857524,auto_accept,n/a
ISIC_0030563,nv,nv,5.544375e-09,4.0689113e-07,auto_accept,n/a
ISIC_0029817,nv,nv,6.9975097e-09,1.7723915e-09,auto_accept,n/a
ISIC_0027881,nv,nv,1.1137655e-08,4.4317693e-07,auto_accept,n/a
ISIC_0027301,nv,nv,7.564009e-07,3.980436e-07,auto_accept,n/a
ISIC_0026491,nv,mel,0.000111459136,0.9974202,auto_accept,n/a
ISIC_0025131,bkl,bkl,4.2015466e-07,3.5391226e-06,auto_accept,n/a
ISIC_0031377,mel,nv,0.00068105536,0.011153824,auto_accept,n/a
ISIC_0025132,mel,mel,1.14974255e-05,0.997474,auto_accept,n/a
ISIC_0031795,mel,mel,2.5625e-05,0.99777704,auto_accept,n/a
ISIC_0029250,nv,nv,1.3472639e-08,3.177837e-06,auto_accept,n/a
ISIC_0033032,nv,nv,2.3156003e-06,0.00013032217,auto_accept,n/a
ISIC_0032669,nv,nv,2.7595086e-06,3.2770764e-05,auto_accept,n/a
ISIC_0024433,nv,nv,3.3997371e-06,6.6229754e-06,auto_accept,n/a
ISIC_0027395,nv,nv,7.0083632e-09,1.0637879e-08,auto_accept,n/a
ISIC_0031555,nv,nv,0.0016306665,0.0017115681,auto_accept,n/a
ISIC_0033355,nv,nv,0.0013923174,0.0027301307,auto_accept,n/a
ISIC_0026023,nv,nv,0.0027073356,0.0046769655,auto_accept,n/a
ISIC_0024983,nv,nv,3.7848e-08,1.6070953e-07,auto_accept,n/a
ISIC_0028195,nv,mel,0.018810606,0.55861783,escalate,n/a
ISIC_0024552,mel,mel,0.0031419448,0.88366586,auto_accept,n/a
ISIC_0025557,bcc,bcc,0.0012712436,0.9995173,auto_accept,n/a
ISIC_0025465,bkl,bkl,1.2538711e-05,0.012748435,auto_accept,n/a
ISIC_0026846,bkl,bkl,0.0019467708,0.5750948,auto_accept,n/a
ISIC_0033760,nv,nv,8.16618e-05,8.305395e-06,auto_accept,n/a
ISIC_0026901,nv,nv,0.00011476297,0.0035783674,auto_accept,n/a
ISIC_0029923,nv,nv,0.0008253846,3.6635556e-05,auto_accept,n/a
ISIC_0030046,nv,nv,0.00020446115,9.84704e-06,auto_accept,n/a
ISIC_0024560,nv,mel,0.00782355,0.8247307,auto_accept,n/a
ISIC_0031117,nv,nv,0.0068375343,0.037143197,auto_accept,n/a
ISIC_0032204,mel,nv,0.023979397,0.44455743,escalate,n/a
ISIC_0024911,mel,nv,0.008642203,0.30957723,auto_accept,n/a
ISIC_0032110,mel,mel,0.0056855488,0.9800606,auto_accept,n/a
ISIC_0027765,nv,nv,4.74676e-09,1.1315892e-07,auto_accept,n/a
ISIC_0032293,nv,nv,1.0729417e-06,0.00048808134,auto_accept,n/a
ISIC_0031690,nv,nv,8.0975835e-05,1.9664412e-05,auto_accept,n/a
ISIC_0025570,nv,nv,7.012609e-07,1.4408837e-06,auto_accept,n/a
ISIC_0030705,bkl,bkl,0.0001462687,1.0505348e-07,auto_accept,n/a
ISIC_0029781,akiec,akiec,3.1555453e-05,0.99966395,auto_accept,n/a
ISIC_0031466,nv,nv,0.0003103127,0.00016067263,auto_accept,n/a
ISIC_0033669,nv,nv,0.014934416,0.08077118,auto_accept,n/a
ISIC_0024718,nv,nv,3.4035168e-06,9.538221e-06,auto_accept,n/a
ISIC_0027963,nv,nv,0.00035408812,0.010755047,auto_accept,n/a
ISIC_0031500,nv,nv,6.779255e-06,7.071341e-05,auto_accept,n/a
ISIC_0033759,nv,nv,1.7397457e-05,1.790716e-05,auto_accept,n/a
ISIC_0030265,nv,nv,7.2018494e-08,8.161675e-06,auto_accept,n/a
ISIC_0030681,mel,mel,0.0021740932,0.9975667,auto_accept,n/a
ISIC_0028435,nv,nv,5.4478928e-08,3.2652184e-07,auto_accept,n/a
ISIC_0028306,mel,mel,0.015719363,0.78415525,escalate,n/a
ISIC_0024421,nv,nv,0.00016592156,8.887943e-06,auto_accept,n/a
ISIC_0030615,nv,mel,0.013897568,0.5666078,auto_accept,n/a
ISIC_0032170,bkl,bkl,0.005350212,0.0005481505,auto_accept,n/a
ISIC_0026149,akiec,akiec,0.008287809,0.9999033,auto_accept,n/a
ISIC_0025071,nv,nv,4.5372723e-05,1.7099697e-05,auto_accept,n/a
ISIC_0028903,nv,nv,0.00071190257,0.06091558,auto_accept,n/a
ISIC_0025385,nv,nv,1.0152475e-08,2.9588931e-09,auto_accept,n/a
ISIC_0033159,nv,nv,1.2951938e-07,1.5978105e-05,auto_accept,n/a
ISIC_0026891,nv,nv,4.1256186e-07,6.92625e-06,auto_accept,n/a
ISIC_0027440,nv,nv,0.000116327334,0.0010975971,auto_accept,n/a
ISIC_0028428,nv,nv,2.319692e-07,1.5732707e-06,auto_accept,n/a
ISIC_0032520,nv,mel,0.016529175,0.5856934,escalate,n/a
ISIC_0028856,bkl,bkl,0.021185663,0.5226463,escalate,n/a
ISIC_0034258,nv,nv,0.0006515608,0.0034648622,auto_accept,n/a
ISIC_0028630,nv,nv,5.309257e-09,4.748518e-07,auto_accept,n/a
ISIC_0031524,nv,nv,0.0072576334,5.4638447e-05,auto_accept,n/a
ISIC_0030713,nv,nv,1.1741238e-07,1.08166305e-05,auto_accept,n/a
ISIC_0027859,bkl,akiec,0.01583774,0.842431,escalate,n/a
ISIC_0027244,nv,bkl,0.0033046093,0.046023495,auto_accept,n/a
ISIC_0031753,bkl,bkl,8.280033e-06,0.0013000427,auto_accept,n/a
ISIC_0031485,bkl,nv,0.005103755,0.146636,auto_accept,n/a
ISIC_0026075,nv,nv,7.087891e-10,6.1463616e-08,auto_accept,n/a
ISIC_0024719,nv,nv,3.4296986e-07,5.2276228e-06,auto_accept,n/a
ISIC_0029035,bcc,akiec,0.0061109504,0.9998468,auto_accept,n/a
ISIC_0031106,nv,nv,0.0027828733,6.3910596e-07,auto_accept,n/a
ISIC_0025202,nv,nv,2.8092794e-08,2.3208119e-07,auto_accept,n/a
ISIC_0030147,nv,nv,4.7482424e-10,1.8910887e-07,auto_accept,n/a
ISIC_0026217,nv,nv,8.291646e-05,0.0030907188,auto_accept,n/a
ISIC_0028859,nv,nv,0.017840017,0.08841252,escalate,n/a
ISIC_0025287,nv,nv,0.014680275,0.069551036,auto_accept,n/a
ISIC_0024990,nv,nv,2.3044904e-09,2.339067e-08,auto_accept,n/a
ISIC_0032517,mel,mel,8.423716e-05,0.9995346,auto_accept,n/a
ISIC_0032021,nv,nv,6.448034e-07,0.00022197422,auto_accept,n/a
ISIC_0027536,akiec,akiec,7.919854e-06,0.9999144,auto_accept,n/a
ISIC_0032942,nv,nv,3.3100542e-07,1.1838871e-05,auto_accept,n/a
ISIC_0030641,nv,nv,5.169701e-07,2.271817e-06,auto_accept,n/a
ISIC_0029694,nv,nv,2.9092105e-06,1.1280228e-07,auto_accept,n/a
ISIC_0027905,bkl,nv,0.018816767,0.3283609,escalate,n/a
ISIC_0030677,bkl,mel,0.01366928,0.9102622,auto_accept,n/a
ISIC_0033141,mel,mel,0.0036902388,0.97204846,auto_accept,n/a
ISIC_0030015,df,df,2.2277463e-08,0.0016458522,auto_accept,n/a
ISIC_0032853,nv,nv,0.00010505883,0.001981446,auto_accept,n/a
ISIC_0024368,nv,nv,9.9095764e-08,4.262117e-08,auto_accept,n/a
ISIC_0030985,nv,nv,4.491792e-10,5.284346e-08,auto_accept,n/a
ISIC_0026431,nv,nv,9.960035e-07,4.5320226e-05,auto_accept,n/a
ISIC_0031958,mel,mel,0.003899537,0.94916636,auto_accept,n/a
ISIC_0025616,mel,bkl,0.02132453,0.3369603,escalate,n/a
ISIC_0028914,nv,nv,9.159218e-06,8.629993e-06,auto_accept,n/a
ISIC_0030768,bkl,bkl,0.0012516767,0.00038226292,auto_accept,n/a
ISIC_0030994,nv,nv,0.00039770603,0.020413091,auto_accept,n/a
ISIC_0025123,nv,nv,0.016625347,0.29443884,escalate,n/a
ISIC_0026292,nv,nv,5.3068884e-08,1.2049466e-06,auto_accept,n/a
ISIC_0030917,nv,nv,4.6357263e-06,2.4467954e-07,auto_accept,n/a
ISIC_0026479,nv,nv,2.9210466e-07,1.9067406e-07,auto_accept,n/a
ISIC_0031137,nv,nv,7.366581e-07,1.4150615e-06,auto_accept,n/a
ISIC_0025739,nv,nv,7.095759e-08,3.4578673e-07,auto_accept,n/a
ISIC_0034257,nv,nv,0.011601621,0.18010812,auto_accept,n/a
ISIC_0029640,nv,nv,0.0005004522,0.000181064,auto_accept,n/a
ISIC_0025814,mel,mel,0.002714667,0.8849564,auto_accept,n/a
ISIC_0028712,nv,nv,1.03747615e-08,1.0432561e-08,auto_accept,n/a
ISIC_0033037,mel,bkl,0.012817285,0.24571311,auto_accept,n/a
ISIC_0028959,nv,nv,2.618229e-08,2.626786e-05,auto_accept,n/a
ISIC_0027805,nv,nv,4.7633057e-07,1.890238e-09,auto_accept,n/a
ISIC_0032169,nv,nv,1.924918e-07,4.901621e-10,auto_accept,n/a
ISIC_0033400,bkl,bkl,0.0007568902,0.00021800041,auto_accept,n/a
ISIC_0025560,nv,nv,1.2377038e-07,9.456642e-06,auto_accept,n/a
ISIC_0028137,nv,nv,8.0710606e-08,2.530947e-05,auto_accept,n/a
ISIC_0032472,nv,nv,1.4843226e-06,0.0005629377,auto_accept,n/a
ISIC_0028006,nv,nv,2.2247088e-05,0.0005036725,auto_accept,n/a
ISIC_0028175,nv,nv,0.024145888,0.35402676,escalate,n/a
ISIC_0027520,nv,nv,7.556274e-08,8.589225e-08,auto_accept,n/a
ISIC_0029990,nv,nv,1.519084e-08,3.9542214e-09,auto_accept,n/a
ISIC_0024344,nv,mel,0.0016539197,0.9148847,auto_accept,n/a
ISIC_0026169,nv,nv,7.523058e-08,1.900268e-05,auto_accept,n/a
ISIC_0033402,nv,nv,8.404969e-05,0.0035089313,auto_accept,n/a
ISIC_0031715,nv,nv,0.0004002981,0.015119966,auto_accept,n/a
ISIC_0026808,nv,nv,7.396645e-07,3.397186e-06,auto_accept,n/a
ISIC_0032291,nv,nv,8.6169386e-08,1.3000416e-06,auto_accept,n/a
ISIC_0028610,nv,nv,3.7440685e-07,2.7449407e-05,auto_accept,n/a
ISIC_0033646,bkl,bkl,0.00034280325,0.040898,auto_accept,n/a
ISIC_0029623,nv,nv,6.650949e-05,0.00024553962,auto_accept,n/a
ISIC_0029482,nv,nv,1.2551047e-07,2.026394e-07,auto_accept,n/a
ISIC_0026866,nv,nv,0.00353709,0.1902778,auto_accept,n/a
ISIC_0028098,nv,bkl,0.017319154,0.00039928657,escalate,n/a
ISIC_0032237,nv,nv,1.2003194e-07,4.9300826e-07,auto_accept,n/a
ISIC_0032065,nv,bkl,0.0010618523,0.00015817839,auto_accept,n/a
ISIC_0029199,nv,nv,1.1792347e-06,1.7449594e-05,auto_accept,n/a
ISIC_0028791,nv,nv,0.0033076871,0.02660379,auto_accept,n/a
ISIC_0030231,bkl,akiec,0.00055835705,0.9872362,auto_accept,n/a
ISIC_0028765,bcc,bcc,1.5606758e-09,0.9999999,auto_accept,n/a
ISIC_0030310,bkl,bkl,0.0071294936,0.24698088,auto_accept,n/a
ISIC_0033222,nv,mel,0.00029615508,0.9952435,auto_accept,n/a
ISIC_0028866,nv,nv,0.00061738293,0.00037714792,auto_accept,n/a
ISIC_0030667,nv,nv,1.1721183e-08,1.5900286e-09,auto_accept,n/a
ISIC_0028590,nv,nv,2.1893144e-05,3.762313e-06,auto_accept,n/a
ISIC_0031696,nv,nv,2.9362147e-07,2.142986e-05,auto_accept,n/a
ISIC_0031837,nv,nv,1.2837098e-06,4.100404e-05,auto_accept,n/a
ISIC_0024408,bkl,bkl,0.00018280106,0.012555326,auto_accept,n/a
ISIC_0025962,nv,nv,2.8027391e-06,2.1838436e-05,auto_accept,n/a
ISIC_0027942,nv,nv,9.478076e-10,7.350369e-08,auto_accept,n/a
ISIC_0025749,nv,nv,1.7214323e-07,5.212114e-07,auto_accept,n/a
ISIC_0031314,nv,mel,0.008060544,0.95876104,auto_accept,n/a
ISIC_0031577,bkl,nv,0.00044631417,6.326038e-05,auto_accept,n/a
ISIC_0027272,nv,nv,7.571634e-09,1.3028152e-07,auto_accept,n/a
ISIC_0033717,mel,mel,0.005918456,0.9417139,auto_accept,n/a
ISIC_0025819,bkl,bkl,7.4473005e-06,0.010029779,auto_accept,n/a
ISIC_0027926,nv,nv,3.108997e-08,2.6710004e-10,auto_accept,n/a
ISIC_0031283,nv,nv,4.961917e-10,5.606112e-07,auto_accept,n/a
ISIC_0024314,nv,bkl,0.0069549168,0.00056927104,auto_accept,n/a
ISIC_0026664,mel,nv,0.00152603,0.008511819,auto_accept,n/a
ISIC_0024586,mel,mel,0.015957605,0.6036556,escalate,n/a
ISIC_0024705,bkl,bkl,7.298691e-05,0.004865676,auto_accept,n/a
ISIC_0026699,nv,nv,0.0014109861,0.007970149,auto_accept,n/a
ISIC_0034181,nv,nv,0.00604272,0.016520444,auto_accept,n/a
ISIC_0026685,nv,nv,9.886218e-07,2.558453e-06,auto_accept,n/a
ISIC_0026039,nv,nv,1.5196383e-09,3.2894713e-12,auto_accept,n/a
ISIC_0031895,nv,nv,8.028076e-07,9.240215e-06,auto_accept,n/a
ISIC_0026318,nv,nv,0.00024091042,0.006514067,auto_accept,n/a
ISIC_0026278,nv,nv,1.5209159e-06,1.5797099e-06,auto_accept,n/a
ISIC_0025487,nv,nv,1.6629323e-07,1.1738617e-06,auto_accept,n/a
ISIC_0026256,nv,nv,5.41129e-05,4.9954768e-05,auto_accept,n/a
ISIC_0029435,nv,nv,0.010678881,0.04723974,auto_accept,n/a
ISIC_0032993,mel,mel,8.405e-07,0.9998449,auto_accept,n/a
ISIC_0028263,nv,nv,8.152784e-08,4.048801e-06,auto_accept,n/a
ISIC_0026617,nv,nv,1.2638864e-05,1.4011083e-05,auto_accept,n/a
ISIC_0028770,nv,nv,5.0166214e-08,1.460273e-06,auto_accept,n/a
ISIC_0030184,nv,nv,2.0033136e-05,0.00013290436,auto_accept,n/a
ISIC_0028775,nv,nv,0.0015759959,0.0003646968,auto_accept,n/a
ISIC_0029627,bkl,bkl,0.015927782,0.43536583,escalate,n/a
ISIC_0025773,nv,nv,8.95592e-05,0.00027820413,auto_accept,n/a
ISIC_0025804,bkl,nv,4.344685e-05,1.4783486e-06,auto_accept,n/a
ISIC_0028845,nv,nv,1.0210938e-08,1.2782408e-06,auto_accept,n/a
ISIC_0029001,nv,bkl,0.0027623235,0.00038445462,auto_accept,n/a
ISIC_0027521,nv,nv,3.9710967e-06,0.00017364543,auto_accept,n/a
ISIC_0032193,nv,nv,1.807077e-05,0.00017572078,auto_accept,n/a
ISIC_0030121,nv,nv,0.0046656625,0.012222281,auto_accept,n/a
ISIC_0024769,nv,nv,1.4995342e-07,8.132764e-07,auto_accept,n/a
ISIC_0026074,bcc,bcc,4.5607285e-07,0.99970835,auto_accept,n/a
ISIC_0033899,bkl,bkl,0.00012236775,0.029095313,auto_accept,n/a
ISIC_0030517,nv,nv,2.1219809e-07,2.9280487e-09,auto_accept,n/a
ISIC_0026536,nv,nv,5.6984013e-09,4.254115e-06,auto_accept,n/a
ISIC_0024650,nv,nv,0.00037132224,9.750156e-06,auto_accept,n/a
ISIC_0028798,nv,nv,5.4590455e-05,0.0004191208,auto_accept,n/a
ISIC_0030850,nv,nv,1.9922719e-07,2.738904e-07,auto_accept,n/a
ISIC_0034234,nv,nv,2.7363096e-06,5.2251773e-05,auto_accept,n/a
ISIC_0030518,nv,nv,2.623096e-06,1.2691767e-06,auto_accept,n/a
ISIC_0030501,mel,mel,0.0064395,0.9789885,auto_accept,n/a
ISIC_0026372,nv,nv,0.030771112,0.351408,escalate,n/a
ISIC_0031155,nv,nv,0.0003995081,0.00059872214,auto_accept,n/a
ISIC_0030546,nv,nv,0.018528963,0.0007528056,escalate,n/a
ISIC_0032496,nv,nv,0.0036209014,7.246569e-05,auto_accept,n/a
ISIC_0025841,nv,nv,2.15497e-06,0.0007926276,auto_accept,n/a
ISIC_0029843,mel,mel,0.007869059,0.58380085,auto_accept,n/a
ISIC_0028840,bkl,bkl,0.0042115743,0.01811296,auto_accept,n/a
ISIC_0030192,mel,mel,0.019070562,0.43195328,escalate,n/a
ISIC_0031796,nv,nv,0.0014868776,0.00027757618,auto_accept,n/a
ISIC_0025740,nv,nv,1.6676032e-07,1.4498931e-06,auto_accept,n/a
ISIC_0027840,nv,nv,0.005712152,0.013586949,auto_accept,n/a
ISIC_0030690,bcc,bcc,6.397199e-07,0.99990535,auto_accept,n/a
ISIC_0032849,nv,nv,0.00010091942,0.000118868986,auto_accept,n/a
ISIC_0024862,nv,mel,0.013502556,0.79144955,auto_accept,n/a
ISIC_0032417,bkl,bkl,0.008690292,5.3735647e-07,auto_accept,n/a
ISIC_0029288,bkl,bkl,0.00043695295,0.27765813,auto_accept,n/a
ISIC_0029592,nv,nv,0.001063181,0.0031147348,auto_accept,n/a
ISIC_0028721,nv,nv,0.0040282286,7.1518994e-06,auto_accept,n/a
ISIC_0026358,nv,nv,0.0005140211,3.5679554e-06,auto_accept,n/a
ISIC_0025054,nv,nv,1.3759456e-05,2.816929e-06,auto_accept,n/a
ISIC_0027661,nv,nv,1.6341513e-08,9.537297e-09,auto_accept,n/a
ISIC_0033863,mel,mel,0.00768787,0.94933105,auto_accept,n/a
ISIC_0025548,bkl,bkl,3.7672413e-05,0.0006430387,auto_accept,n/a
ISIC_0024869,nv,nv,0.0059696995,0.031397402,auto_accept,n/a
ISIC_0030479,nv,nv,0.0033014435,0.01672638,auto_accept,n/a
ISIC_0030127,nv,nv,0.00011433533,2.8302658e-05,auto_accept,n/a
ISIC_0032211,nv,nv,3.3658707e-05,2.1538532e-05,auto_accept,n/a
ISIC_0029210,akiec,akiec,0.03222913,0.98994946,escalate,n/a
ISIC_0025706,nv,nv,3.003199e-07,3.214123e-05,auto_accept,n/a
ISIC_0030523,nv,nv,3.165983e-09,1.1648783e-07,auto_accept,n/a
ISIC_0028694,nv,nv,0.009799142,3.87803e-05,auto_accept,n/a
ISIC_0025723,nv,nv,0.015314544,0.029914452,escalate,n/a
ISIC_0024754,nv,nv,8.351407e-06,2.2298946e-05,auto_accept,n/a
ISIC_0026543,nv,nv,1.6871927e-06,1.1456264e-06,auto_accept,n/a
ISIC_0034022,mel,mel,0.0071468824,0.993897,auto_accept,n/a
ISIC_0027028,nv,nv,7.736104e-09,2.429056e-07,auto_accept,n/a
ISIC_0030357,nv,nv,4.355393e-06,3.922048e-06,auto_accept,n/a
ISIC_0032992,nv,nv,1.2101135e-05,9.767619e-05,auto_accept,n/a
ISIC_0030997,nv,nv,1.5337818e-09,2.6983493e-10,auto_accept,n/a
ISIC_0029316,mel,mel,0.015103556,0.9628118,escalate,n/a
ISIC_0033565,vasc,vasc,1.5963112e-09,0.00022494789,auto_accept,n/a
ISIC_0033488,bkl,bkl,9.537813e-05,2.248519e-06,auto_accept,n/a
ISIC_0026238,nv,nv,0.0002654979,5.136702e-05,auto_accept,n/a
ISIC_0033373,nv,bkl,0.01703887,0.39569214,escalate,n/a
ISIC_0031442,bcc,bcc,0.0068973745,0.99423426,auto_accept,n/a
ISIC_0032987,mel,mel,0.009766921,0.9070187,auto_accept,n/a
ISIC_0031693,nv,nv,2.4246274e-06,4.0782495e-05,auto_accept,n/a
ISIC_0028867,nv,nv,1.1344065e-07,1.2845273e-05,auto_accept,n/a
ISIC_0031084,nv,nv,3.1216723e-07,1.3707985e-05,auto_accept,n/a
ISIC_0028288,mel,mel,0.012486935,0.62532896,auto_accept,n/a
ISIC_0030853,nv,nv,1.3760075e-07,9.241001e-07,auto_accept,n/a
ISIC_0030062,nv,nv,1.8919843e-09,6.4098835e-08,auto_accept,n/a
ISIC_0026258,mel,bkl,0.006929734,0.014905826,auto_accept,n/a
ISIC_0031352,bkl,bkl,0.00023470665,0.0011610056,auto_accept,n/a
ISIC_0030671,nv,nv,2.3889228e-07,2.4668822e-07,auto_accept,n/a
ISIC_0034225,nv,nv,5.4218435e-05,0.0002358883,auto_accept,n/a
ISIC_0025429,nv,nv,4.0061686e-08,6.4566215e-08,auto_accept,n/a
ISIC_0026301,bkl,mel,0.00029358736,0.98295677,auto_accept,n/a
ISIC_0030533,bkl,nv,0.0066678794,0.18280934,auto_accept,n/a
ISIC_0026194,akiec,akiec,0.0033564232,0.99956197,auto_accept,n/a
ISIC_0030884,nv,nv,1.4941437e-09,1.5421001e-08,auto_accept,n/a
ISIC_0031699,nv,nv,2.0311683e-05,0.00021060194,auto_accept,n/a
ISIC_0032797,mel,mel,0.0028931703,0.94895333,auto_accept,n/a
ISIC_0032248,mel,mel,0.009775988,0.99799806,auto_accept,n/a
ISIC_0028361,mel,mel,4.1067102e-05,0.9734971,auto_accept,n/a
ISIC_0029400,nv,nv,6.315568e-06,0.0017668995,auto_accept,n/a
ISIC_0029234,nv,nv,4.5590383e-07,4.0619017e-07,auto_accept,n/a
ISIC_0031647,nv,nv,2.0465059e-09,2.1667274e-08,auto_accept,n/a
ISIC_0028223,bkl,bkl,0.016163133,0.21381383,escalate,n/a
ISIC_0032134,mel,mel,0.00011247907,0.9986696,auto_accept,n/a
ISIC_0026803,bkl,bkl,3.493994e-05,0.00046167517,auto_accept,n/a
ISIC_0028949,nv,nv,7.4269984e-08,0.00010090424,auto_accept,n/a
ISIC_0030420,nv,nv,0.0001290724,0.0012990426,auto_accept,n/a
ISIC_0028072,nv,nv,4.268753e-07,3.2904684e-06,auto_accept,n/a
ISIC_0030540,nv,nv,2.6500318e-05,1.2981176e-06,auto_accept,n/a
ISIC_0029356,nv,nv,6.297148e-06,4.719849e-06,auto_accept,n/a
ISIC_0033236,nv,nv,0.0070811906,0.0028826213,auto_accept,n/a
ISIC_0028393,akiec,akiec,8.274329e-06,0.99991846,auto_accept,n/a
ISIC_0025121,mel,mel,0.00053084857,0.9899955,auto_accept,n/a
ISIC_0028083,nv,nv,0.00024013015,0.00023169372,auto_accept,n/a
ISIC_0033723,nv,nv,0.0061846683,0.083550885,auto_accept,n/a
ISIC_0025182,akiec,df,0.005772378,0.025082257,auto_accept,n/a
ISIC_0031888,bkl,bkl,0.0033696436,0.0598409,auto_accept,n/a
ISIC_0027019,nv,nv,2.5880086e-05,0.0010564795,auto_accept,n/a
ISIC_0030474,nv,nv,6.8682544e-05,0.00012143056,auto_accept,n/a
ISIC_0029525,bkl,akiec,0.023731256,0.9216273,escalate,n/a
ISIC_0027762,nv,nv,1.0688572e-06,4.0779964e-06,auto_accept,n/a
ISIC_0030242,akiec,akiec,4.757584e-07,0.9996896,auto_accept,n/a
ISIC_0031464,bkl,mel,0.007106464,0.98898286,auto_accept,n/a
ISIC_0032583,mel,mel,0.009847962,0.83567697,auto_accept,n/a
ISIC_0030368,nv,nv,2.00646e-06,1.3304536e-06,auto_accept,n/a
ISIC_0027191,nv,nv,6.104777e-05,1.1223545e-08,auto_accept,n/a
ISIC_0032152,mel,mel,0.0024040912,0.9736475,auto_accept,n/a
ISIC_0031991,nv,bkl,0.0013096506,0.009854196,auto_accept,n/a
ISIC_0027981,nv,nv,5.860106e-06,0.0010244679,auto_accept,n/a
ISIC_0027910,nv,nv,0.00048205056,0.008085554,auto_accept,n/a
ISIC_0031727,nv,nv,0.015750425,0.052743107,escalate,n/a
ISIC_0032386,nv,nv,2.436828e-07,3.5111761e-06,auto_accept,n/a
ISIC_0025061,nv,nv,0.0048119505,0.00522541,auto_accept,n/a
ISIC_0028248,nv,nv,5.2746792e-08,7.907092e-08,auto_accept,n/a
ISIC_0025631,nv,nv,0.0044216616,0.020520907,auto_accept,n/a
ISIC_0026302,nv,nv,1.6874061e-08,6.92512e-07,auto_accept,n/a
ISIC_0029355,nv,mel,0.013030209,0.548798,auto_accept,n/a
ISIC_0031194,nv,nv,0.0020820657,0.0005500821,auto_accept,n/a
ISIC_0031874,akiec,akiec,4.9246603e-07,0.9999974,auto_accept,n/a
ISIC_0028555,bkl,bkl,2.2632148e-05,0.0015296821,auto_accept,n/a
ISIC_0025294,nv,nv,3.819651e-08,2.1232609e-06,auto_accept,n/a
ISIC_0024388,nv,nv,0.00091550004,8.095752e-05,auto_accept,n/a
ISIC_0029646,nv,nv,2.9432243e-09,1.0895384e-06,auto_accept,n/a
ISIC_0034042,nv,nv,0.011255635,0.37584,auto_accept,n/a
ISIC_0025929,nv,nv,1.0215654e-09,4.569733e-08,auto_accept,n/a
ISIC_0027673,mel,mel,0.00022342647,0.9981511,auto_accept,n/a
ISIC_0026192,bcc,bcc,2.49228e-06,0.999775,auto_accept,n/a
ISIC_0026268,mel,mel,0.012382106,0.99246734,auto_accept,n/a
ISIC_0025116,nv,nv,0.00018184115,1.7971484e-05,auto_accept,n/a
ISIC_0028135,nv,nv,3.8417063e-05,0.005619306,auto_accept,n/a
ISIC_0028031,nv,nv,5.9183776e-08,2.6575563e-05,auto_accept,n/a
ISIC_0033615,nv,nv,0.0057438803,0.12441507,auto_accept,n/a
ISIC_0025032,bkl,bkl,0.00040215618,0.003996953,auto_accept,n/a
ISIC_0033756,nv,nv,0.014028647,0.018324712,auto_accept,n/a
ISIC_0026487,nv,nv,2.696988e-06,0.0001940649,auto_accept,n/a
ISIC_0025106,nv,nv,0.0017743644,0.023413084,auto_accept,n/a
ISIC_0025581,nv,nv,0.0015425691,0.05132635,auto_accept,n/a
ISIC_0026482,nv,nv,9.139284e-08,3.776912e-05,auto_accept,n/a
ISIC_0027709,nv,nv,0.0009530404,0.00012699048,auto_accept,n/a
ISIC_0028471,nv,nv,4.1450267e-07,7.930903e-06,auto_accept,n/a
ISIC_0030399,nv,nv,0.0011031704,0.0001424354,auto_accept,n/a
ISIC_0024307,nv,nv,1.1709309e-05,0.00037445957,auto_accept,n/a
ISIC_0032571,nv,nv,1.9709598e-05,0.0012247413,auto_accept,n/a
ISIC_0027255,nv,nv,0.0105846515,0.3305879,auto_accept,n/a
ISIC_0029334,nv,nv,3.0650105e-07,2.6443454e-06,auto_accept,n/a
ISIC_0029797,nv,nv,2.8928747e-07,2.5081606e-08,auto_accept,n/a
ISIC_0029579,nv,nv,1.7687477e-09,3.0847314e-08,auto_accept,n/a
ISIC_0030567,nv,nv,0.0005027139,5.307824e-06,auto_accept,n/a
ISIC_0025736,nv,nv,1.2468897e-09,1.5348377e-08,auto_accept,n/a
ISIC_0027853,nv,nv,0.001771251,0.0026508928,auto_accept,n/a
ISIC_0024860,nv,nv,3.3889686e-05,5.6080476e-05,auto_accept,n/a
ISIC_0025146,nv,nv,0.007560913,0.0045669805,auto_accept,n/a
ISIC_0027446,nv,nv,6.0182185e-07,3.0362068e-07,auto_accept,n/a
ISIC_0028862,nv,nv,5.271717e-07,6.9802475e-08,auto_accept,n/a
ISIC_0028084,bcc,bcc,1.6030882e-07,0.9999912,auto_accept,n/a
ISIC_0028757,nv,nv,0.003155101,0.020179592,auto_accept,n/a
ISIC_0027852,nv,mel,0.0049733585,0.8704321,auto_accept,n/a
ISIC_0027707,nv,nv,8.299111e-05,0.00012708823,auto_accept,n/a
ISIC_0033981,mel,mel,0.0023079652,0.9428755,auto_accept,n/a
ISIC_0025698,nv,nv,1.6882666e-09,1.6468467e-06,auto_accept,n/a
ISIC_0028468,nv,nv,0.014233432,0.11692258,auto_accept,n/a
ISIC_0032979,nv,mel,0.020594079,0.61161107,escalate,n/a
ISIC_0029837,bkl,bkl,0.001790789,0.00376668,auto_accept,n/a
ISIC_0026450,nv,nv,1.2638703e-10,4.449411e-10,auto_accept,n/a
ISIC_0032106,nv,nv,2.4961945e-08,8.535724e-06,auto_accept,n/a
ISIC_0029461,nv,nv,5.3717904e-05,4.8372162e-06,auto_accept,n/a
ISIC_0025538,nv,nv,4.1218726e-08,2.9099947e-06,auto_accept,n/a
ISIC_0029852,nv,nv,3.3937734e-08,5.130459e-06,auto_accept,n/a
ISIC_0030498,nv,nv,2.6838661e-08,9.6094235e-09,auto_accept,n/a
ISIC_0027516,nv,nv,7.1436375e-06,3.2824622e-07,auto_accept,n/a
ISIC_0028416,nv,nv,6.46336e-08,1.8576161e-06,auto_accept,n/a
ISIC_0026695,nv,nv,1.1442092e-08,1.2944173e-07,auto_accept,n/a
ISIC_0024765,nv,nv,7.5332636e-08,2.1494022e-06,auto_accept,n/a
ISIC_0032151,nv,mel,0.0014802854,0.9117197,auto_accept,n/a
ISIC_0027194,bkl,bkl,0.00084003987,0.0063131326,auto_accept,n/a
ISIC_0025987,mel,mel,0.00039789992,0.9953524,auto_accept,n/a
ISIC_0033875,nv,nv,0.005873154,0.19367285,auto_accept,n/a
ISIC_0028124,bkl,bkl,0.00020719074,0.0014234147,auto_accept,n/a
ISIC_0024844,nv,nv,4.2534543e-07,3.145332e-06,auto_accept,n/a
ISIC_0026026,nv,nv,5.1914983e-10,3.6381194e-09,auto_accept,n/a
ISIC_0031502,nv,nv,9.547599e-06,5.051275e-05,auto_accept,n/a
ISIC_0031387,nv,nv,6.971198e-06,0.00016253247,auto_accept,n/a
ISIC_0031202,nv,nv,0.00012679852,0.00093321246,auto_accept,n/a
ISIC_0028723,nv,nv,2.8751762e-07,8.754154e-07,auto_accept,n/a
ISIC_0030751,nv,nv,5.2015353e-06,1.7130768e-06,auto_accept,n/a
ISIC_0026188,mel,bkl,0.021533648,0.7693636,escalate,n/a
ISIC_0026145,nv,nv,0.000150294,0.00075476454,auto_accept,n/a
ISIC_0029893,mel,mel,0.007296504,0.99795735,auto_accept,n/a
ISIC_0028397,nv,nv,0.00015506211,0.00032376012,auto_accept,n/a
ISIC_0026307,nv,nv,4.4392156e-08,3.7151634e-07,auto_accept,n/a
ISIC_0027465,nv,nv,0.0033952876,0.04980826,auto_accept,n/a
ISIC_0031643,bcc,bcc,0.0018464944,0.99992144,auto_accept,n/a
ISIC_0026375,nv,nv,7.042527e-05,4.54451e-06,auto_accept,n/a
ISIC_0034249,nv,nv,0.0025570027,0.012130143,auto_accept,n/a
ISIC_0033340,nv,nv,0.009184713,0.26422343,auto_accept,n/a
ISIC_0031662,nv,nv,0.005933547,0.03847898,auto_accept,n/a
ISIC_0030143,akiec,akiec,0.0012999075,0.9720567,auto_accept,n/a
ISIC_0032730,mel,mel,8.2805855e-05,0.9951544,auto_accept,n/a
ISIC_0028906,nv,nv,1.3478713e-05,0.0005334432,auto_accept,n/a
ISIC_0033321,bkl,bkl,0.0005315767,0.006373118,auto_accept,n/a
ISIC_0033553,bkl,bkl,0.00014948838,2.8551302e-05,auto_accept,n/a
ISIC_0025837,bkl,bkl,0.00018515778,0.0062182625,auto_accept,n/a
ISIC_0031116,nv,nv,1.1094981e-08,1.9285356e-08,auto_accept,n/a
ISIC_0025830,bkl,bkl,1.033623e-06,0.00092691934,auto_accept,n/a
ISIC_0032124,bkl,bkl,0.00020901203,0.016688734,auto_accept,n/a
ISIC_0034274,nv,nv,0.0011635956,0.018057864,auto_accept,n/a
ISIC_0031775,nv,nv,2.4453524e-08,4.2755516e-08,auto_accept,n/a
ISIC_0026921,nv,nv,0.016870055,0.17623198,escalate,n/a
ISIC_0033059,nv,nv,0.00019673018,0.0012364691,auto_accept,n/a
ISIC_0029223,nv,bkl,0.0007920432,0.029638527,auto_accept,n/a
ISIC_0030904,nv,nv,0.0013897605,5.595897e-09,auto_accept,n/a
ISIC_0025463,nv,mel,0.0014974592,0.97219557,auto_accept,n/a
ISIC_0031347,nv,nv,4.4749915e-05,0.00035275694,auto_accept,n/a
ISIC_0032856,mel,mel,0.0030208195,0.8692123,auto_accept,n/a
ISIC_0027029,nv,nv,6.595755e-06,0.0004158932,auto_accept,n/a
ISIC_0028889,nv,nv,1.361379e-07,1.5053088e-05,auto_accept,n/a
ISIC_0033528,bkl,bkl,9.01131e-05,0.02387819,auto_accept,n/a
ISIC_0029773,nv,nv,0.0015385122,0.00033787347,auto_accept,n/a
ISIC_0030481,nv,nv,1.8321396e-05,8.898414e-05,auto_accept,n/a
ISIC_0028966,nv,nv,1.5462555e-07,7.066556e-07,auto_accept,n/a
ISIC_0033264,bkl,bkl,0.002075813,0.18491313,auto_accept,n/a
ISIC_0029184,nv,nv,9.169482e-06,9.01443e-05,auto_accept,n/a
ISIC_0027880,nv,nv,1.929173e-05,0.0024402356,auto_accept,n/a
ISIC_0030155,nv,nv,0.0009456961,0.00305924,auto_accept,n/a
ISIC_0034291,bkl,bkl,3.7274954e-06,0.0006956824,auto_accept,n/a
ISIC_0032594,nv,nv,0.0045682522,0.092313476,auto_accept,n/a
ISIC_0024770,bkl,bkl,0.0010185587,0.044352684,auto_accept,n/a
ISIC_0033010,nv,nv,1.514335e-06,1.2312902e-05,auto_accept,n/a
ISIC_0030109,nv,nv,4.595539e-06,2.5330259e-05,auto_accept,n/a
ISIC_0026131,mel,mel,0.00042929171,0.98471457,auto_accept,n/a
ISIC_0026272,nv,nv,1.5582084e-06,1.576121e-06,auto_accept,n/a
ISIC_0029506,nv,nv,4.2393362e-06,8.806138e-06,auto_accept,n/a
ISIC_0027399,nv,nv,1.0540662e-07,2.6551382e-07,auto_accept,n/a
ISIC_0028267,nv,nv,1.7239488e-07,1.3307201e-05,auto_accept,n/a
ISIC_0026624,nv,nv,9.813617e-08,1.985373e-06,auto_accept,n/a
ISIC_0032155,nv,nv,6.392791e-06,0.00023307961,auto_accept,n/a
ISIC_0028062,nv,nv,0.00010051473,6.2448485e-06,auto_accept,n/a
ISIC_0032659,nv,nv,0.00034662388,0.003097302,auto_accept,n/a
ISIC_0024801,nv,nv,2.4898673e-08,9.0185466e-08,auto_accept,n/a
ISIC_0026133,nv,nv,0.0055411495,0.037727576,auto_accept,n/a
ISIC_0025997,nv,nv,9.030076e-09,2.6238497e-06,auto_accept,n/a
ISIC_0031019,nv,mel,0.0027906424,0.944347,auto_accept,n/a
ISIC_0026519,nv,mel,0.01345279,0.76145047,auto_accept,n/a
ISIC_0029662,nv,nv,0.01585221,6.912243e-05,escalate,n/a
ISIC_0025670,nv,nv,2.791891e-07,1.1700789e-05,auto_accept,n/a
ISIC_0034220,nv,nv,0.00013966903,0.0074396776,auto_accept,n/a
ISIC_0026010,nv,nv,5.1937864e-06,1.2699888e-07,auto_accept,n/a
ISIC_0027824,nv,nv,9.251518e-06,0.00038311625,auto_accept,n/a
ISIC_0027288,nv,nv,9.502629e-07,1.05385185e-08,auto_accept,n/a
ISIC_0029393,nv,nv,1.46772645e-05,0.0006166141,auto_accept,n/a
ISIC_0027112,nv,nv,0.0074630757,0.01583777,auto_accept,n/a
ISIC_0026400,nv,nv,0.016442012,0.070737734,escalate,n/a
ISIC_0025846,nv,mel,0.019561624,0.60302854,escalate,n/a
ISIC_0030482,nv,nv,3.726089e-07,4.1130438e-08,auto_accept,n/a
ISIC_0026184,nv,nv,5.6928474e-08,3.435876e-07,auto_accept,n/a
ISIC_0029726,mel,mel,0.010171236,0.94690514,auto_accept,n/a
ISIC_0031456,nv,nv,4.3603422e-06,1.7785876e-05,auto_accept,n/a
ISIC_0030316,bkl,bkl,0.012290264,0.0019042759,auto_accept,n/a
ISIC_0029038,nv,nv,0.007943718,0.21505862,auto_accept,n/a
ISIC_0030822,bkl,akiec,3.96329e-07,0.9924585,auto_accept,n/a
ISIC_0026987,nv,nv,8.9927344e-05,0.0006875742,auto_accept,n/a
ISIC_0032113,bkl,nv,0.0044473666,0.008139794,auto_accept,n/a
ISIC_0030571,nv,nv,2.1008877e-07,3.1173593e-05,auto_accept,n/a
ISIC_0029807,nv,nv,0.00026348422,0.0001804494,auto_accept,n/a
ISIC_0025798,nv,nv,0.0013984779,0.020585785,auto_accept,n/a
ISIC_0025809,nv,nv,0.012263834,0.07491595,auto_accept,n/a
ISIC_0029336,nv,nv,1.5534305e-06,3.303473e-06,auto_accept,n/a
ISIC_0030721,bkl,bkl,0.007216214,0.33366898,auto_accept,n/a
ISIC_0031806,nv,bcc,0.003731782,0.9005,auto_accept,n/a
ISIC_0029256,nv,nv,1.0131165e-05,0.00030757175,auto_accept,n/a
ISIC_0027745,df,df,2.3743143e-12,7.2214084e-06,auto_accept,n/a
ISIC_0028018,nv,nv,1.7367589e-06,5.1689135e-06,auto_accept,n/a
ISIC_0024479,nv,nv,0.00018635653,0.00055241724,auto_accept,n/a
ISIC_0028832,nv,nv,9.886495e-05,0.0005381169,auto_accept,n/a
ISIC_0027740,nv,nv,8.406956e-05,2.2682887e-05,auto_accept,n/a
ISIC_0034255,bcc,bcc,0.0012405806,0.999054,auto_accept,n/a
ISIC_0024922,nv,nv,0.0104947435,0.5574308,auto_accept,n/a
ISIC_0029358,bkl,mel,0.002752593,0.8825826,auto_accept,n/a
ISIC_0033677,bkl,bkl,1.0420483e-05,0.0002596789,auto_accept,n/a
ISIC_0025271,nv,nv,0.0012959621,0.010634636,auto_accept,n/a
ISIC_0032586,mel,mel,0.00028013112,0.9967541,auto_accept,n/a
ISIC_0024773,bkl,bkl,0.008351516,0.64199656,auto_accept,n/a
ISIC_0031049,nv,nv,0.012947504,0.3237979,auto_accept,n/a
ISIC_0024578,nv,nv,0.0005117261,0.0048349863,auto_accept,n/a
ISIC_0028328,nv,nv,4.5818187e-08,5.6398324e-08,auto_accept,n/a
ISIC_0026923,bkl,akiec,0.011896458,0.87539047,auto_accept,n/a
ISIC_0026681,nv,nv,6.233774e-08,8.686968e-06,auto_accept,n/a
ISIC_0026928,nv,nv,4.303959e-08,5.933665e-06,auto_accept,n/a
ISIC_0031383,nv,nv,0.00032903606,0.0024821116,auto_accept,n/a
ISIC_0027378,nv,nv,9.136361e-05,3.223178e-05,auto_accept,n/a
ISIC_0033467,nv,nv,2.1547753e-06,2.465867e-05,auto_accept,n/a
ISIC_0033374,nv,nv,0.0033968496,0.000505515,auto_accept,n/a
ISIC_0024538,nv,nv,2.0163801e-05,0.00067694066,auto_accept,n/a
ISIC_0032477,nv,nv,2.1458875e-06,0.0001770204,auto_accept,n/a
ISIC_0029048,bkl,bkl,1.7383607e-06,8.491446e-05,auto_accept,n/a
ISIC_0029338,nv,nv,1.7878649e-09,5.1226796e-09,auto_accept,n/a
ISIC_0027454,bkl,bkl,0.00069146097,0.1931678,auto_accept,n/a
ISIC_0024810,nv,nv,0.00015560254,0.0016350596,auto_accept,n/a
ISIC_0028424,nv,nv,1.127902e-05,0.00035120486,auto_accept,n/a
ISIC_0034011,bkl,bkl,0.0012744525,0.19959074,auto_accept,n/a
ISIC_0026848,akiec,akiec,0.0046450165,0.94312876,auto_accept,n/a
ISIC_0025451,mel,nv,0.00016202382,0.009951235,auto_accept,n/a
ISIC_0025872,nv,nv,6.6607213e-09,1.2438243e-06,auto_accept,n/a
ISIC_0031044,akiec,akiec,0.023653328,0.99972993,escalate,n/a
ISIC_0032590,nv,nv,0.014994466,0.13133888,auto_accept,n/a
ISIC_0029384,bkl,bkl,5.9867893e-06,0.0051429626,auto_accept,n/a
ISIC_0025181,nv,nv,0.0007261405,0.041714665,auto_accept,n/a
ISIC_0030306,nv,nv,1.459597e-07,5.719792e-07,auto_accept,n/a
ISIC_0034162,mel,mel,2.720138e-05,0.99142355,auto_accept,n/a
ISIC_0025359,nv,nv,1.3975011e-05,0.00013347242,auto_accept,n/a
ISIC_0032672,mel,mel,1.4904084e-06,0.99958104,auto_accept,n/a
ISIC_0034034,mel,bkl,0.016177675,0.3172166,escalate,n/a
ISIC_0033529,bkl,bkl,0.0010700336,0.058280587,auto_accept,n/a
ISIC_0033574,nv,nv,5.378163e-07,1.1006484e-05,auto_accept,n/a
ISIC_0025051,nv,nv,0.0040505854,0.032390658,auto_accept,n/a
ISIC_0027988,nv,nv,0.0021102657,5.018433e-06,auto_accept,n/a
ISIC_0028297,nv,mel,0.01809139,0.91977185,escalate,n/a
ISIC_0027142,bkl,nv,0.0014202596,0.00035697877,auto_accept,n/a
ISIC_0032542,nv,mel,0.008539304,0.8570118,auto_accept,n/a
ISIC_0027225,nv,nv,4.541847e-05,0.00044284892,auto_accept,n/a
ISIC_0026304,nv,nv,1.306817e-05,8.509666e-08,auto_accept,n/a
ISIC_0025303,mel,mel,0.003747496,0.88268876,auto_accept,n/a
ISIC_0032226,nv,nv,0.0002912722,0.007850546,auto_accept,n/a
ISIC_0030014,mel,mel,0.01140309,0.8935559,auto_accept,n/a
ISIC_0026474,nv,nv,4.0801193e-10,5.631252e-09,auto_accept,n/a
ISIC_0027220,nv,nv,8.859726e-07,3.035201e-05,auto_accept,n/a
ISIC_0024631,nv,nv,2.7744222e-09,1.8311168e-06,auto_accept,n/a
ISIC_0033592,bkl,bkl,5.8378526e-05,0.008480582,auto_accept,n/a
ISIC_0028418,mel,mel,0.0047313324,0.9856514,auto_accept,n/a
ISIC_0030322,nv,nv,2.2121207e-05,0.00063544646,auto_accept,n/a
ISIC_0033319,nv,nv,2.3750276e-06,0.0013931844,auto_accept,n/a
ISIC_0031580,bkl,bkl,0.0014113433,0.06021677,auto_accept,n/a
ISIC_0024324,bkl,bkl,0.015587867,0.00057778764,escalate,n/a
ISIC_0026597,nv,nv,5.2686632e-06,1.3286e-05,auto_accept,n/a
ISIC_0026654,nv,mel,0.0054887435,0.6325794,auto_accept,n/a
ISIC_0031914,nv,nv,5.812671e-06,1.0997585e-06,auto_accept,n/a
ISIC_0026347,nv,bkl,0.011280599,0.06774847,auto_accept,n/a
ISIC_0029306,nv,nv,0.0005244523,0.0074667865,auto_accept,n/a
ISIC_0027773,nv,nv,5.630135e-06,7.43763e-07,auto_accept,n/a
ISIC_0030385,nv,nv,0.0002617147,4.586263e-06,auto_accept,n/a
ISIC_0032788,nv,mel,0.010019868,0.9005732,auto_accept,n/a
ISIC_0026662,nv,nv,1.8095334e-06,5.746846e-07,auto_accept,n/a
ISIC_0024823,mel,mel,1.5368669e-05,0.99955374,auto_accept,n/a
ISIC_0034043,nv,nv,0.010729884,0.035757624,auto_accept,n/a
ISIC_0026628,nv,nv,3.3497663e-08,2.3591359e-07,auto_accept,n/a
ISIC_0033435,nv,nv,1.066608e-06,2.8207001e-05,auto_accept,n/a
ISIC_0026357,nv,nv,2.7328258e-06,8.187692e-05,auto_accept,n/a
ISIC_0033647,nv,nv,1.8250154e-06,4.981258e-05,auto_accept,n/a
ISIC_0025507,bkl,mel,0.010584623,0.8289184,auto_accept,n/a
ISIC_0025815,nv,nv,4.06018e-06,6.8384965e-05,auto_accept,n/a
ISIC_0024903,nv,nv,0.00012172365,0.00368772,auto_accept,n/a
ISIC_0028032,nv,mel,0.009144582,0.661764,auto_accept,n/a
ISIC_0030717,nv,nv,4.5418858e-08,1.92296e-06,auto_accept,n/a
ISIC_0032028,nv,nv,0.019431734,3.8513797e-05,escalate,n/a
ISIC_0029550,nv,nv,9.709498e-05,8.407335e-06,auto_accept,n/a
ISIC_0032307,bcc,bkl,3.663667e-05,0.062841594,auto_accept,n/a
ISIC_0031388,nv,nv,4.0865423e-05,2.4415624e-07,auto_accept,n/a
ISIC_0030613,nv,nv,3.9044873e-05,9.8354656e-05,auto_accept,n/a
ISIC_0027683,nv,nv,6.784581e-05,3.128895e-05,auto_accept,n/a
ISIC_0033233,nv,nv,0.0016154981,0.016005134,auto_accept,n/a
ISIC_0030140,nv,nv,0.0017455696,0.02957017,auto_accept,n/a
ISIC_0032207,mel,nv,0.012432474,0.02267449,auto_accept,n/a
ISIC_0032471,nv,nv,0.009918839,0.50355554,auto_accept,n/a
ISIC_0028095,bcc,bcc,0.0006438945,0.9491568,auto_accept,n/a
ISIC_0029663,nv,nv,7.85114e-06,0.00043652725,auto_accept,n/a
ISIC_0033631,bkl,bkl,0.000748538,1.0109714e-05,auto_accept,n/a
ISIC_0026485,nv,nv,2.2770187e-06,2.8747488e-06,auto_accept,n/a
ISIC_0030345,nv,nv,4.8048238e-05,1.1799016e-05,auto_accept,n/a
ISIC_0032297,nv,nv,1.4094482e-08,1.883233e-07,auto_accept,n/a
ISIC_0026209,nv,mel,0.0070258277,0.98937166,auto_accept,n/a
ISIC_0031840,nv,nv,5.6195057e-07,3.8993807e-07,auto_accept,n/a
ISIC_0025484,bkl,bkl,0.0002598606,0.03485077,auto_accept,n/a
ISIC_0026524,bkl,bkl,3.9874216e-05,0.012561057,auto_accept,n/a
ISIC_0024848,bcc,bcc,9.760331e-06,0.997575,auto_accept,n/a
ISIC_0024689,nv,nv,1.2593195e-09,1.0789594e-06,auto_accept,n/a
ISIC_0028833,nv,nv,7.163022e-10,7.117581e-08,auto_accept,n/a
ISIC_0034277,nv,bkl,0.002200439,0.019941788,auto_accept,n/a
ISIC_0032776,bkl,bkl,3.65865e-05,0.00011827776,auto_accept,n/a
ISIC_0032807,mel,mel,0.0003050013,0.9987244,auto_accept,n/a
ISIC_0033312,mel,mel,0.0034383514,0.98713374,auto_accept,n/a
ISIC_0030048,nv,nv,7.6293166e-10,1.4357971e-09,auto_accept,n/a
ISIC_0030239,nv,nv,3.8036312e-06,9.451776e-05,auto_accept,n/a
ISIC_0031261,bkl,bkl,0.0010700704,0.0027198442,auto_accept,n/a
ISIC_0033718,nv,nv,2.0153016e-06,1.9893016e-05,auto_accept,n/a
ISIC_0024584,nv,nv,0.00026511867,3.0491205e-05,auto_accept,n/a
ISIC_0027353,nv,nv,9.279074e-07,4.466602e-06,auto_accept,n/a
ISIC_0030712,bcc,bcc,0.007135168,0.9997861,auto_accept,n/a
ISIC_0024721,nv,nv,0.0020148847,0.00680964,auto_accept,n/a
ISIC_0030344,akiec,mel,0.0055988585,0.9932817,auto_accept,n/a
ISIC_0031951,bkl,bkl,0.0016812775,0.036503367,auto_accept,n/a
ISIC_0026363,nv,nv,1.6689683e-09,5.511393e-08,auto_accept,n/a
ISIC_0030749,nv,nv,2.8169156e-10,3.9187324e-08,auto_accept,n/a
ISIC_0027126,mel,mel,0.01285374,0.9963026,auto_accept,n/a
ISIC_0033258,mel,mel,0.0069937035,0.97818404,auto_accept,n/a
ISIC_0025466,bkl,bkl,0.01097704,0.089801036,auto_accept,n/a
ISIC_0025246,nv,nv,9.626608e-07,1.1237532e-08,auto_accept,n/a
ISIC_0033464,nv,nv,0.00019965941,0.0023926173,auto_accept,n/a
ISIC_0026821,nv,nv,1.4172934e-06,2.2933743e-06,auto_accept,n/a
ISIC_0031153,nv,nv,2.8951328e-07,6.8106087e-06,auto_accept,n/a
ISIC_0034094,mel,mel,0.00048379047,0.99483114,auto_accept,n/a
ISIC_0030418,nv,nv,5.3066213e-08,5.232925e-06,auto_accept,n/a
ISIC_0028447,nv,bkl,0.014018618,0.046860546,auto_accept,n/a
ISIC_0028877,bcc,bcc,2.549287e-06,0.9999951,auto_accept,n/a
ISIC_0033394,mel,mel,4.9210107e-06,0.99877363,auto_accept,n/a
ISIC_0031484,nv,nv,0.0010500621,4.070526e-07,auto_accept,n/a
ISIC_0029417,akiec,bkl,0.005632245,0.099071555,auto_accept,n/a
ISIC_0032467,nv,nv,2.46453e-08,1.9715262e-05,auto_accept,n/a
ISIC_0026799,nv,nv,1.1304755e-06,3.4263037e-05,auto_accept,n/a
ISIC_0034185,nv,nv,2.110294e-05,0.001303276,auto_accept,n/a
ISIC_0029916,nv,nv,5.2770436e-05,0.001387602,auto_accept,n/a
ISIC_0025382,nv,nv,0.0013468043,0.0023944222,auto_accept,n/a
ISIC_0033916,nv,nv,0.016051514,0.3970427,escalate,n/a
ISIC_0031944,nv,nv,0.00013882454,0.0011397331,auto_accept,n/a
ISIC_0034309,nv,nv,6.178801e-07,7.925618e-06,auto_accept,n/a
ISIC_0031468,bkl,mel,0.017949885,0.905254,escalate,n/a
ISIC_0030435,nv,nv,1.2555978e-08,1.05989166e-07,auto_accept,n/a
ISIC_0029260,bkl,bkl,0.0003543677,0.094697535,auto_accept,n/a
ISIC_0029280,nv,nv,4.0756487e-07,6.361214e-05,auto_accept,n/a
ISIC_0027706,bkl,mel,0.00051614287,0.95627457,auto_accept,n/a
ISIC_0025174,nv,nv,1.3566819e-08,1.2305063e-06,auto_accept,n/a
ISIC_0026157,nv,nv,0.015243822,0.21201707,escalate,n/a
ISIC_0033503,nv,nv,0.0018495027,0.00073738466,auto_accept,n/a
ISIC_0026918,nv,nv,8.548747e-06,2.6794287e-05,auto_accept,n/a
ISIC_0024766,nv,nv,1.7367539e-08,1.1372836e-06,auto_accept,n/a
ISIC_0028731,nv,nv,0.001799972,0.006689878,auto_accept,n/a
ISIC_0027000,nv,nv,6.214943e-07,1.6231219e-09,auto_accept,n/a
ISIC_0031189,mel,mel,5.837899e-05,0.99536407,auto_accept,n/a
ISIC_0031557,mel,mel,0.00023041421,0.983888,auto_accept,n/a
ISIC_0026120,mel,mel,8.066297e-06,0.99951625,auto_accept,n/a
ISIC_0033276,nv,nv,0.00077047216,0.009710871,auto_accept,n/a
ISIC_0031511,bkl,bkl,1.6826594e-06,2.091585e-05,auto_accept,n/a
ISIC_0029965,nv,nv,5.315776e-08,7.005095e-08,auto_accept,n/a
ISIC_0024610,nv,nv,0.0002535622,9.715782e-07,auto_accept,n/a
ISIC_0025224,nv,nv,5.560485e-05,0.0008865336,auto_accept,n/a
ISIC_0030195,nv,nv,1.4027891e-05,1.6333563e-05,auto_accept,n/a
ISIC_0025110,nv,nv,5.480465e-07,2.718209e-06,auto_accept,n/a
ISIC_0028661,nv,nv,1.2480321e-08,1.0084317e-07,auto_accept,n/a
ISIC_0024727,nv,nv,0.009792796,0.14984821,auto_accept,n/a
ISIC_0034252,bkl,mel,0.0003611203,0.9963762,auto_accept,n/a
ISIC_0031025,mel,mel,0.000726666,0.97546035,auto_accept,n/a
ISIC_0033518,mel,mel,1.1896513e-05,0.99808156,auto_accept,n/a
ISIC_0031912,nv,nv,4.8439756e-06,1.8633862e-06,auto_accept,n/a
ISIC_0028617,nv,nv,3.491454e-06,6.8677696e-07,auto_accept,n/a
ISIC_0026065,nv,nv,6.7277964e-05,4.8031086e-07,auto_accept,n/a
ISIC_0026172,nv,nv,1.7393015e-06,9.7746444e-05,auto_accept,n/a
ISIC_0027574,nv,nv,0.0015943295,0.0009740415,auto_accept,n/a
ISIC_0025589,mel,mel,0.008414492,0.9290282,auto_accept,n/a
ISIC_0030039,nv,mel,0.010111733,0.5109574,auto_accept,n/a
ISIC_0024348,nv,nv,6.41858e-06,1.026789e-05,auto_accept,n/a
ISIC_0030179,nv,nv,1.4560014e-05,0.00018775821,auto_accept,n/a
ISIC_0024758,bkl,bkl,0.0004661815,0.1250328,auto_accept,n/a
ISIC_0028751,nv,nv,3.9706533e-06,0.0014985316,auto_accept,n/a
ISIC_0026038,nv,nv,4.229126e-06,1.9863505e-06,auto_accept,n/a
ISIC_0031120,nv,nv,1.0306978e-05,0.00032529994,auto_accept,n/a
ISIC_0031535,nv,nv,2.3844633e-08,6.8887863e-07,auto_accept,n/a
ISIC_0025600,bcc,bcc,0.002391244,0.9915324,auto_accept,n/a
ISIC_0033055,mel,mel,0.024329798,0.8703909,escalate,n/a
ISIC_0026472,nv,nv,2.9093405e-08,1.0829131e-05,auto_accept,n/a
ISIC_0025437,nv,nv,3.0055045e-05,0.00042359272,auto_accept,n/a
ISIC_0031028,nv,nv,9.114854e-10,5.3766147e-10,auto_accept,n/a
ISIC_0026680,nv,nv,2.6604248e-06,7.975638e-06,auto_accept,n/a
ISIC_0032366,nv,nv,0.00035638656,0.00043077607,auto_accept,n/a
ISIC_0027129,nv,nv,0.00036577604,0.0020362218,auto_accept,n/a
ISIC_0031617,nv,mel,0.016469227,0.8897402,escalate,n/a
ISIC_0031193,nv,nv,5.1459388e-08,3.0029803e-06,auto_accept,n/a
ISIC_0029710,nv,nv,3.7941645e-05,0.0016896502,auto_accept,n/a
ISIC_0031962,nv,nv,7.4603896e-08,2.0502875e-06,auto_accept,n/a
ISIC_0027594,nv,nv,7.823136e-06,0.0003717262,auto_accept,n/a
ISIC_0031469,nv,nv,4.177838e-07,4.696166e-05,auto_accept,n/a
ISIC_0024919,nv,nv,2.2144326e-09,1.4495485e-07,auto_accept,n/a
ISIC_0025030,bkl,bkl,0.0015990696,0.04059207,auto_accept,n/a
ISIC_0032348,bkl,bkl,0.002566462,0.2309594,auto_accept,n/a
ISIC_0026804,nv,nv,0.0009265106,0.002090344,auto_accept,n/a
ISIC_0027215,nv,nv,5.3139573e-09,5.1805538e-09,auto_accept,n/a
ISIC_0024544,nv,nv,2.880449e-07,3.84645e-07,auto_accept,n/a
ISIC_0034207,nv,nv,1.5518933e-07,1.1506069e-05,auto_accept,n/a
ISIC_0033162,nv,nv,2.52436e-05,0.0005365223,auto_accept,n/a
ISIC_0029155,nv,nv,4.1635658e-07,1.6209333e-05,auto_accept,n/a
ISIC_0032716,mel,mel,4.9362066e-06,0.99948823,auto_accept,n/a
ISIC_0027116,nv,nv,1.6081406e-06,0.00038612713,auto_accept,n/a
ISIC_0027547,nv,nv,2.5570651e-08,5.551542e-10,auto_accept,n/a
ISIC_0031586,mel,nv,0.013757105,0.16650854,auto_accept,n/a
ISIC_0031490,nv,nv,4.0558498e-05,9.335666e-06,auto_accept,n/a
ISIC_0032117,nv,nv,1.9843231e-08,3.7563335e-05,auto_accept,n/a
ISIC_0026364,nv,nv,7.1143525e-08,6.613727e-07,auto_accept,n/a
ISIC_0027835,nv,nv,7.964654e-08,1.7747518e-05,auto_accept,n/a
ISIC_0029511,nv,nv,0.00018256971,0.0024888099,auto_accept,n/a
ISIC_0025269,nv,nv,1.0992801e-06,3.9490013e-05,auto_accept,n/a
ISIC_0025021,nv,nv,1.5164584e-07,3.0538337e-07,auto_accept,n/a
ISIC_0027290,nv,nv,0.00010254296,0.0038981282,auto_accept,n/a
ISIC_0026768,nv,nv,5.9087547e-08,6.0506204e-06,auto_accept,n/a
ISIC_0027592,nv,nv,0.000119535296,6.756835e-06,auto_accept,n/a
ISIC_0031854,nv,nv,0.0009159889,0.00026739584,auto_accept,n/a
ISIC_0027170,nv,nv,0.0003287129,2.06469e-05,auto_accept,n/a
ISIC_0032989,nv,mel,0.010783632,0.90316164,auto_accept,n/a
ISIC_0028782,nv,nv,1.0395927e-07,1.5269574e-06,auto_accept,n/a
ISIC_0032315,bkl,nv,0.0039461916,0.040637497,auto_accept,n/a
ISIC_0027725,nv,nv,2.9249554e-06,0.00012312953,auto_accept,n/a
ISIC_0028070,nv,nv,3.3044107e-09,1.7417209e-09,auto_accept,n/a
ISIC_0028985,nv,nv,2.2174693e-09,1.08750626e-07,auto_accept,n/a
ISIC_0033315,nv,nv,6.6955736e-06,0.00094765204,auto_accept,n/a
ISIC_0030554,nv,nv,1.4202416e-07,3.429798e-05,auto_accept,n/a
ISIC_0028698,nv,nv,0.005966578,0.0057846135,auto_accept,n/a
ISIC_0026415,nv,nv,1.25610375e-08,1.7294933e-08,auto_accept,n/a
ISIC_0030946,nv,nv,1.0920566e-05,0.0001158831,auto_accept,n/a
ISIC_0026081,mel,mel,0.0126447175,0.75742584,auto_accept,n/a
ISIC_0032632,nv,nv,0.0024667543,0.002955797,auto_accept,n/a
ISIC_0030058,nv,nv,0.0042478456,0.015186103,auto_accept,n/a
ISIC_0032652,bcc,bcc,1.0135285e-05,0.99936897,auto_accept,n/a
ISIC_0028448,bkl,bkl,0.006813404,0.00032931028,auto_accept,n/a
ISIC_0033198,mel,bkl,0.018966513,0.490422,escalate,n/a
ISIC_0029834,nv,nv,0.00030390342,6.756448e-06,auto_accept,n/a
ISIC_0033526,mel,mel,0.0005735192,0.9625108,auto_accept,n/a
ISIC_0027579,nv,nv,1.4314061e-07,1.1777455e-07,auto_accept,n/a
ISIC_0031648,vasc,vasc,1.1705297e-09,9.5173935e-05,auto_accept,n/a
ISIC_0024749,nv,nv,0.019241441,0.016090196,escalate,n/a
ISIC_0032917,mel,mel,8.3289564e-10,0.99999535,auto_accept,n/a
ISIC_0031370,nv,nv,6.4179073e-07,9.0996386e-05,auto_accept,n/a
ISIC_0026507,nv,nv,8.0349855e-06,5.077412e-05,auto_accept,n/a
ISIC_0029219,nv,nv,0.0003412215,6.071338e-05,auto_accept,n/a
ISIC_0029349,nv,nv,0.000820544,0.00020709708,auto_accept,n/a
ISIC_0030678,nv,nv,0.00093393074,0.005485504,auto_accept,n/a
ISIC_0027791,nv,nv,0.0080212485,0.2403515,auto_accept,n/a
ISIC_0032413,nv,nv,1.0543237e-08,7.829494e-07,auto_accept,n/a
ISIC_0032839,vasc,vasc,1.6162315e-06,0.000507692,auto_accept,n/a
ISIC_0032597,mel,mel,0.022023367,0.6162384,escalate,n/a
ISIC_0031198,akiec,akiec,2.4434305e-05,0.9999975,auto_accept,n/a
ISIC_0029632,mel,mel,1.1670111e-05,0.99887127,auto_accept,n/a
ISIC_0032018,nv,bkl,0.018191742,0.0008513254,escalate,n/a
ISIC_0027459,nv,nv,6.035933e-07,3.6217136e-06,auto_accept,n/a
ISIC_0030372,bkl,bcc,0.011110124,0.97203934,auto_accept,n/a
ISIC_0027775,nv,nv,7.668732e-05,5.1002204e-05,auto_accept,n/a
ISIC_0033147,nv,mel,0.010492325,0.65195996,auto_accept,n/a
ISIC_0028574,nv,nv,3.8034412e-10,1.2759612e-08,auto_accept,n/a
ISIC_0032394,nv,nv,6.282385e-08,8.3003295e-07,auto_accept,n/a
ISIC_0033734,nv,nv,1.3996004e-06,3.6859917e-06,auto_accept,n/a
ISIC_0030061,nv,nv,0.014499561,0.2711242,auto_accept,n/a
ISIC_0024573,bcc,bcc,3.6790338e-05,0.9972759,auto_accept,n/a
ISIC_0029681,nv,nv,0.0024604949,0.00064830645,auto_accept,n/a
ISIC_0028203,nv,nv,0.0005982938,0.0001845349,auto_accept,n/a
ISIC_0030398,nv,nv,6.429703e-06,0.00022963432,auto_accept,n/a
ISIC_0027834,nv,nv,0.0016294268,0.010804404,auto_accept,n/a
ISIC_0029989,nv,nv,6.935452e-07,5.472323e-05,auto_accept,n/a
ISIC_0027410,nv,nv,0.0012543645,0.04077919,auto_accept,n/a
ISIC_0026983,nv,nv,1.3402976e-07,7.021345e-09,auto_accept,n/a
ISIC_0033548,nv,nv,0.0011903943,0.00016577965,auto_accept,n/a
ISIC_0025111,nv,nv,0.010101435,0.004171559,auto_accept,n/a
ISIC_0032111,bkl,bkl,0.010610706,1.0069082e-05,auto_accept,n/a
ISIC_0027403,nv,nv,0.0001546758,0.0067637577,auto_accept,n/a
ISIC_0027445,nv,nv,2.6773156e-07,3.6182234e-06,auto_accept,n/a
ISIC_0029073,nv,nv,3.9729434e-06,0.00023408025,auto_accept,n/a
ISIC_0030454,nv,nv,1.2497997e-06,0.0001071944,auto_accept,n/a
ISIC_0025151,nv,nv,3.6061205e-09,8.296458e-09,auto_accept,n/a
ISIC_0033905,mel,mel,7.936256e-05,0.9858747,auto_accept,n/a
ISIC_0027163,mel,mel,0.00084754184,0.96201354,auto_accept,n/a
ISIC_0030365,bkl,mel,0.0019800428,0.9784613,auto_accept,n/a
ISIC_0027702,mel,mel,7.333018e-05,0.9912457,auto_accept,n/a
ISIC_0033889,nv,nv,0.016917462,0.021091072,escalate,n/a
ISIC_0027850,bkl,mel,0.0051491736,0.94260746,auto_accept,n/a
ISIC_0027806,bkl,mel,0.015785616,0.51644737,escalate,n/a
ISIC_0031994,nv,nv,7.7370294e-07,2.5393483e-05,auto_accept,n/a
ISIC_0024311,nv,nv,4.000406e-07,8.757847e-06,auto_accept,n/a
ISIC_0024888,nv,nv,1.6924327e-05,4.539908e-05,auto_accept,n/a
ISIC_0025528,nv,nv,8.510262e-07,8.867134e-06,auto_accept,n/a
ISIC_0026488,nv,bkl,0.00089857396,0.11149778,auto_accept,n/a
ISIC_0030304,nv,nv,7.690336e-06,1.2357851e-05,auto_accept,n/a
ISIC_0025667,nv,nv,0.012461833,0.05137032,auto_accept,n/a
ISIC_0031206,nv,nv,1.3269591e-08,3.0230485e-06,auto_accept,n/a
ISIC_0028665,nv,nv,0.015949203,0.09644756,escalate,n/a
ISIC_0024743,bcc,bcc,2.5811823e-05,0.9999424,auto_accept,n/a
ISIC_0032440,nv,nv,2.9984187e-05,0.00026236288,auto_accept,n/a
ISIC_0030854,nv,nv,0.00082594453,0.0013390994,auto_accept,n/a
ISIC_0025886,nv,nv,1.2109681e-08,1.1023942e-08,auto_accept,n/a
ISIC_0026990,nv,nv,8.6981055e-07,1.0212396e-07,auto_accept,n/a
ISIC_0032186,nv,mel,6.7419795e-05,0.995314,auto_accept,n/a
ISIC_0028010,nv,nv,0.0020237153,0.014975081,auto_accept,n/a
ISIC_0031295,mel,mel,0.0044739163,0.93252593,auto_accept,n/a
ISIC_0033589,nv,nv,0.011048885,0.026115216,auto_accept,n/a
ISIC_0033002,nv,nv,0.00010213983,0.0019401347,auto_accept,n/a
ISIC_0031431,akiec,akiec,0.019335857,0.55279964,escalate,n/a
ISIC_0032568,nv,nv,7.95327e-06,6.8923614e-06,auto_accept,n/a
ISIC_0026598,nv,nv,3.6953184e-05,3.2574157e-05,auto_accept,n/a
ISIC_0031373,nv,nv,1.8343813e-07,1.4198105e-05,auto_accept,n/a
ISIC_0028484,nv,nv,0.0005735013,0.00080762105,auto_accept,n/a
ISIC_0033909,nv,nv,6.539943e-05,0.0004570571,auto_accept,n/a
ISIC_0029917,bcc,bcc,4.178978e-05,0.9900081,auto_accept,n/a
ISIC_0032411,nv,nv,2.246179e-07,5.392812e-05,auto_accept,n/a
ISIC_0033078,nv,nv,0.0010794308,0.004422498,auto_accept,n/a
ISIC_0033542,nv,nv,5.3694674e-07,1.8383047e-05,auto_accept,n/a
ISIC_0032084,nv,nv,5.2761187e-08,1.2104347e-05,auto_accept,n/a
ISIC_0033433,nv,nv,5.4492546e-05,1.5293168e-06,auto_accept,n/a
ISIC_0030748,nv,nv,1.5809455e-10,5.371298e-09,auto_accept,n/a
ISIC_0031199,nv,nv,0.0017503819,0.00015636985,auto_accept,n/a
ISIC_0033453,bkl,bkl,1.5305566e-05,0.00020804447,auto_accept,n/a
ISIC_0033871,mel,nv,8.8840325e-06,0.00061005104,auto_accept,n/a
ISIC_0028527,nv,mel,0.010370514,0.6644606,auto_accept,n/a
ISIC_0033567,nv,nv,3.1002382e-05,0.0001431318,auto_accept,n/a
ISIC_0030405,nv,nv,1.3381194e-06,2.1478058e-06,auto_accept,n/a
ISIC_0030314,bcc,bcc,5.6800282e-08,0.99998796,auto_accept,n/a
ISIC_0027657,nv,nv,0.010556116,0.035249352,auto_accept,n/a
ISIC_0027302,mel,nv,0.000109539644,0.002503849,auto_accept,n/a
ISIC_0027263,mel,mel,0.013118996,0.7893936,auto_accept,n/a
ISIC_0024353,nv,nv,1.0093663e-06,8.713411e-06,auto_accept,n/a
ISIC_0032077,nv,nv,1.6746494e-08,2.1904755e-07,auto_accept,n/a
ISIC_0028145,nv,nv,0.0003621759,3.862547e-05,auto_accept,n/a
ISIC_0030393,nv,nv,4.875166e-10,5.530516e-08,auto_accept,n/a
ISIC_0032895,nv,nv,0.0006811669,8.5607826e-05,auto_accept,n/a
ISIC_0026899,nv,nv,5.0523457e-08,1.6908712e-07,auto_accept,n/a
ISIC_0024852,nv,nv,1.4313229e-06,2.228605e-06,auto_accept,n/a
ISIC_0027826,bkl,bkl,9.145633e-05,0.0053044558,auto_accept,n/a
ISIC_0025240,nv,nv,0.0018736707,0.06689539,auto_accept,n/a
ISIC_0024438,nv,nv,3.0293954e-08,3.7149653e-06,auto_accept,n/a
ISIC_0024399,nv,nv,4.4195834e-09,5.998259e-08,auto_accept,n/a
ISIC_0024630,mel,mel,0.00013263214,0.99823016,auto_accept,n/a
ISIC_0031246,nv,nv,2.6246642e-08,4.927253e-06,auto_accept,n/a
ISIC_0026900,nv,nv,2.4527989e-08,7.847632e-10,auto_accept,n/a
ISIC_0030777,nv,nv,6.996427e-07,5.6038316e-06,auto_accept,n/a
ISIC_0026134,nv,nv,8.004286e-09,5.0457936e-07,auto_accept,n/a
ISIC_0031460,nv,nv,0.0004546706,0.0022623881,auto_accept,n/a
ISIC_0028485,nv,nv,1.6668897e-06,1.0872994e-06,auto_accept,n/a
ISIC_0026395,bcc,mel,0.0097909095,0.6756433,auto_accept,n/a
ISIC_0026560,nv,nv,0.020794068,0.34859636,escalate,n/a
ISIC_0027130,mel,mel,0.0072038057,0.9740239,auto_accept,n/a
ISIC_0026003,nv,nv,0.00061906,0.008597582,auto_accept,n/a
ISIC_0031020,nv,nv,0.00083803845,2.4855954e-05,auto_accept,n/a
ISIC_0026641,nv,nv,6.1973697e-07,7.61144e-06,auto_accept,n/a
ISIC_0031315,nv,nv,0.0001218265,1.1388158e-05,auto_accept,n/a
ISIC_0026920,nv,nv,2.8672341e-08,1.0088375e-07,auto_accept,n/a
ISIC_0027962,nv,nv,2.4108203e-05,1.2815284e-05,auto_accept,n/a
ISIC_0024685,nv,nv,1.8658818e-08,3.2430278e-06,auto_accept,n/a
ISIC_0027312,nv,nv,0.0021838737,0.0016195741,auto_accept,n/a
ISIC_0029497,nv,nv,4.6841298e-05,5.370656e-05,auto_accept,n/a
ISIC_0029902,nv,mel,0.020372136,0.68621916,escalate,n/a
ISIC_0031300,nv,nv,1.6631316e-07,3.766072e-07,auto_accept,n/a
ISIC_0028096,nv,nv,5.6943924e-07,0.00014416155,auto_accept,n/a
ISIC_0030709,nv,nv,0.0068337843,0.06902021,auto_accept,n/a
ISIC_0024676,bkl,bkl,0.0034974504,0.03787706,auto_accept,n/a
ISIC_0026591,nv,nv,1.515329e-05,2.7740378e-05,auto_accept,n/a
ISIC_0027389,nv,nv,1.6460932e-06,2.2430073e-07,auto_accept,n/a
ISIC_0026504,nv,nv,8.037486e-09,1.4689721e-06,auto_accept,n/a
ISIC_0028143,nv,nv,1.0812086e-06,1.8815073e-06,auto_accept,n/a
ISIC_0027180,nv,nv,3.0606106e-08,3.7247028e-07,auto_accept,n/a
ISIC_0027280,nv,nv,1.1756031e-08,3.1473832e-09,auto_accept,n/a
ISIC_0030692,nv,nv,4.8588146e-05,0.000282146,auto_accept,n/a
ISIC_0025899,nv,nv,9.1995294e-05,2.4011602e-05,auto_accept,n/a
ISIC_0027542,nv,nv,5.9248316e-05,0.0031292513,auto_accept,n/a
ISIC_0025827,nv,nv,1.9529623e-06,5.7886666e-07,auto_accept,n/a
ISIC_0030614,nv,nv,5.3126433e-07,0.0002135786,auto_accept,n/a
ISIC_0033118,nv,nv,0.019870568,0.54081106,escalate,n/a
ISIC_0027711,nv,nv,2.4863357e-05,0.0031400183,auto_accept,n/a
ISIC_0026966,nv,nv,3.599287e-06,1.1414776e-05,auto_accept,n/a
ISIC_0032119,nv,nv,2.0399584e-06,4.9242935e-08,auto_accept,n/a
ISIC_0029686,nv,nv,1.8842059e-07,5.3409065e-05,auto_accept,n/a
ISIC_0032121,nv,nv,5.2828034e-07,0.000110328016,auto_accept,n/a
ISIC_0027484,nv,nv,9.1842924e-07,4.74309e-05,auto_accept,n/a
ISIC_0025473,nv,nv,0.015557445,0.01958319,escalate,n/a
ISIC_0024788,nv,nv,2.6282008e-08,7.516617e-07,auto_accept,n/a
ISIC_0031337,nv,nv,0.014185837,0.044509705,auto_accept,n/a
ISIC_0027158,nv,nv,3.263031e-09,1.2087773e-08,auto_accept,n/a
ISIC_0025092,nv,nv,6.4846932e-09,6.2789496e-07,auto_accept,n/a
ISIC_0030165,mel,mel,0.006514452,0.79709214,auto_accept,n/a
ISIC_0029876,nv,nv,1.4487152e-06,1.6032749e-05,auto_accept,n/a
ISIC_0026067,nv,nv,2.8301201e-05,0.00024972038,auto_accept,n/a
ISIC_0034100,mel,mel,0.015284732,0.59411055,escalate,n/a
ISIC_0031871,nv,nv,0.01213128,0.24424785,auto_accept,n/a
ISIC_0028503,bkl,bkl,8.236535e-05,0.002117327,auto_accept,n/a
ISIC_0025797,nv,nv,1.2898989e-08,2.0032205e-06,auto_accept,n/a
ISIC_0029810,bkl,bkl,0.020043759,0.761794,escalate,n/a
ISIC_0032893,nv,nv,0.00026836756,0.009073875,auto_accept,n/a
ISIC_0029793,bkl,bkl,0.0005736356,0.004961845,auto_accept,n/a
ISIC_0028005,nv,nv,1.3403252e-08,1.7290516e-06,auto_accept,n/a
ISIC_0030146,nv,nv,0.00011891103,0.0020650723,auto_accept,n/a
ISIC_0029536,nv,nv,3.390323e-06,7.537794e-08,auto_accept,n/a
ISIC_0026260,nv,mel,0.023768947,0.48618448,escalate,n/a
ISIC_0032727,bcc,bcc,1.8430006e-05,0.9981122,auto_accept,n/a
ISIC_0030765,nv,nv,2.9438777e-06,2.0810518e-05,auto_accept,n/a
ISIC_0028251,nv,nv,5.2037462e-06,1.1690823e-06,auto_accept,n/a
ISIC_0029351,nv,nv,1.8874958e-05,0.00016792104,auto_accept,n/a
ISIC_0028221,nv,nv,0.00026717645,0.021045756,auto_accept,n/a
ISIC_0026263,bkl,bkl,0.0012211,0.15036452,auto_accept,n/a
ISIC_0032007,nv,nv,0.0017923918,0.0011273468,auto_accept,n/a
ISIC_0027060,mel,nv,0.02963285,0.540395,escalate,n/a
ISIC_0025909,nv,mel,2.8458815e-05,0.99686396,auto_accept,n/a
ISIC_0031470,bcc,bcc,0.00078841817,0.99999964,auto_accept,n/a
ISIC_0027692,nv,nv,4.005528e-09,4.6973422e-08,auto_accept,n/a
ISIC_0031082,nv,nv,1.5363219e-10,4.4324415e-07,auto_accept,n/a
ISIC_0030397,nv,nv,3.344541e-06,0.0003091116,auto_accept,n/a
ISIC_0033932,nv,nv,8.34146e-05,0.011527128,auto_accept,n/a
ISIC_0033005,df,df,3.0418394e-07,5.105827e-05,auto_accept,n/a
ISIC_0029081,mel,mel,0.00412943,0.87270045,auto_accept,n/a
ISIC_0029061,bkl,bkl,1.2754422e-05,0.0030540875,auto_accept,n/a
ISIC_0032337,nv,nv,1.8954745e-05,4.458033e-05,auto_accept,n/a
ISIC_0025098,nv,nv,5.605296e-07,1.7786709e-08,auto_accept,n/a
ISIC_0032143,nv,nv,7.8857665e-06,0.00017741224,auto_accept,n/a
ISIC_0025344,nv,nv,6.4608784e-11,7.3699646e-09,auto_accept,n/a
ISIC_0030173,bkl,bkl,0.0025982042,0.014187096,auto_accept,n/a
ISIC_0029273,nv,nv,2.5816322e-08,3.4939703e-06,auto_accept,n/a
ISIC_0029225,nv,nv,1.0938097e-07,4.8966035e-07,auto_accept,n/a
ISIC_0030980,nv,nv,0.0029397926,0.0013763281,auto_accept,n/a
ISIC_0027421,nv,bkl,0.01729269,0.4884178,escalate,n/a
ISIC_0031858,nv,nv,1.0756395e-05,6.774928e-06,auto_accept,n/a
ISIC_0028303,bcc,bcc,0.003816618,0.99978,auto_accept,n/a
ISIC_0029798,nv,nv,3.909789e-06,0.00021775402,auto_accept,n/a
ISIC_0033208,nv,nv,0.0045441044,0.0048382417,auto_accept,n/a
ISIC_0028900,mel,mel,0.0029365916,0.9338327,auto_accept,n/a
ISIC_0033497,nv,nv,0.0032260276,0.010603864,auto_accept,n/a
ISIC_0032012,nv,nv,2.7912135e-06,4.4126773e-07,auto_accept,n/a
ISIC_0024934,nv,nv,0.005135036,0.012576302,auto_accept,n/a
ISIC_0024614,nv,nv,3.1100735e-05,1.0976524e-08,auto_accept,n/a
ISIC_0029785,nv,nv,3.3270677e-05,7.724195e-05,auto_accept,n/a
ISIC_0029226,nv,nv,4.6115467e-05,0.00014028187,auto_accept,n/a
ISIC_0031080,nv,nv,0.0013173897,0.0013073843,auto_accept,n/a
ISIC_0030020,nv,nv,1.2617097e-07,4.1372697e-08,auto_accept,n/a
ISIC_0024439,nv,nv,0.013589387,0.34944147,auto_accept,n/a
ISIC_0028933,nv,nv,2.3727825e-08,3.2392643e-07,auto_accept,n/a
ISIC_0030867,nv,nv,0.008296465,5.1085146e-05,auto_accept,n/a
ISIC_0024559,nv,nv,7.2715935e-05,0.000451347,auto_accept,n/a
ISIC_0030595,nv,nv,1.7089112e-06,0.00091079256,auto_accept,n/a
ISIC_0032340,nv,nv,0.00014497142,0.00039728507,auto_accept,n/a
ISIC_0032902,nv,nv,1.5592563e-05,0.00062541227,auto_accept,n/a
ISIC_0025002,nv,nv,5.012456e-06,9.5318086e-08,auto_accept,n/a
ISIC_0033870,nv,nv,3.2637472e-06,7.2657225e-05,auto_accept,n/a
ISIC_0030363,nv,nv,1.5392061e-06,8.659654e-05,auto_accept,n/a
ISIC_0032495,nv,nv,3.4065712e-07,7.280053e-06,auto_accept,n/a
ISIC_0033197,nv,nv,1.0042475e-06,9.135339e-05,auto_accept,n/a
ISIC_0026887,nv,nv,0.010798669,0.05956625,auto_accept,n/a
ISIC_0028674,nv,nv,1.522435e-07,4.346617e-06,auto_accept,n/a
ISIC_0026594,nv,nv,0.00017562638,0.002423913,auto_accept,n/a
ISIC_0024839,bkl,bkl,0.0014047138,0.009921475,auto_accept,n/a
ISIC_0033872,mel,mel,0.01645271,0.607886,escalate,n/a
ISIC_0025730,nv,nv,0.00019481253,0.0061503625,auto_accept,n/a
ISIC_0028602,nv,nv,0.0119643435,0.045399677,auto_accept,n/a
ISIC_0032256,nv,nv,8.9789925e-10,4.0360568e-10,auto_accept,n/a
ISIC_0025217,nv,nv,0.00013721298,0.00057266525,auto_accept,n/a
ISIC_0030530,nv,nv,4.178579e-09,1.7524185e-08,auto_accept,n/a
ISIC_0025862,nv,nv,0.00027241363,4.0090226e-06,auto_accept,n/a
ISIC_0025989,nv,mel,0.013729251,0.7782066,auto_accept,n/a
ISIC_0025709,mel,mel,0.01928725,0.9958995,escalate,n/a
ISIC_0027198,nv,nv,8.1973593e-07,1.1519057e-05,auto_accept,n/a
ISIC_0030409,nv,nv,1.47009205e-08,8.854854e-07,auto_accept,n/a
ISIC_0025193,nv,nv,5.917994e-07,1.2971408e-07,auto_accept,n/a
ISIC_0026972,nv,nv,3.048781e-09,4.7826463e-09,auto_accept,n/a
ISIC_0030612,nv,nv,2.9806828e-09,6.9199553e-09,auto_accept,n/a
ISIC_0028138,nv,nv,8.093727e-06,0.0004671085,auto_accept,n/a
ISIC_0033023,mel,mel,0.00012598098,0.99930894,auto_accept,n/a
ISIC_0031492,nv,nv,0.00040951784,0.01043616,auto_accept,n/a
ISIC_0031861,nv,nv,2.8710732e-08,1.9652848e-06,auto_accept,n/a
ISIC_0026299,nv,nv,1.0501322e-07,8.835234e-06,auto_accept,n/a
ISIC_0032002,nv,nv,1.2737099e-08,1.328233e-08,auto_accept,n/a
ISIC_0032156,bkl,bkl,0.0017399242,0.008037273,auto_accept,n/a
ISIC_0031835,nv,nv,4.2093436e-07,1.0127262e-07,auto_accept,n/a
ISIC_0024430,nv,nv,1.4219388e-05,0.0035129348,auto_accept,n/a
ISIC_0025446,nv,nv,0.019751552,0.00047690532,escalate,n/a
ISIC_0030272,bkl,bkl,0.005667251,0.0016596232,auto_accept,n/a
ISIC_0026414,nv,mel,0.007528159,0.8533496,auto_accept,n/a
ISIC_0026448,nv,nv,3.363668e-05,0.00093597954,auto_accept,n/a
ISIC_0031213,nv,nv,1.0521471e-09,2.893543e-06,auto_accept,n/a
ISIC_0027965,nv,nv,2.0834623e-05,0.00015658632,auto_accept,n/a
ISIC_0028533,nv,nv,8.8395864e-05,1.1375039e-10,auto_accept,n/a
ISIC_0031127,nv,bkl,0.016540235,0.059087794,escalate,n/a
ISIC_0034136,nv,bkl,0.010161371,0.21734543,auto_accept,n/a
ISIC_0031425,nv,nv,1.0712307e-07,2.6505604e-05,auto_accept,n/a
ISIC_0024691,nv,nv,1.6098139e-06,6.0517635e-08,auto_accept,n/a
ISIC_0030779,nv,nv,6.49409e-08,1.9718082e-05,auto_accept,n/a
ISIC_0031036,nv,nv,6.382747e-06,9.0527465e-05,auto_accept,n/a
ISIC_0031362,bkl,bkl,0.0011633801,0.0011974334,auto_accept,n/a
ISIC_0031657,nv,nv,1.24462695e-05,0.00026173977,auto_accept,n/a
ISIC_0026762,nv,nv,6.421646e-09,3.7601075e-07,auto_accept,n/a
ISIC_0027328,mel,akiec,0.023563309,0.9998233,escalate,n/a
ISIC_0029766,nv,nv,0.0004749613,0.00017228254,auto_accept,n/a
ISIC_0028291,mel,mel,0.004865118,0.95777947,auto_accept,n/a
ISIC_0025688,nv,nv,0.00018600165,7.707029e-05,auto_accept,n/a
ISIC_0026102,nv,nv,3.1982836e-07,5.3213334e-05,auto_accept,n/a
ISIC_0032523,nv,nv,3.7345654e-08,2.5213255e-06,auto_accept,n/a
ISIC_0027332,bkl,nv,0.0017145919,0.0002757414,auto_accept,n/a
ISIC_0028948,nv,nv,3.060323e-09,4.7363605e-07,auto_accept,n/a
ISIC_0028238,bcc,bcc,0.0035585803,0.99999964,auto_accept,n/a
ISIC_0029181,nv,nv,2.3508298e-08,4.5239597e-07,auto_accept,n/a
ISIC_0029939,nv,nv,2.230293e-05,0.0019138606,auto_accept,n/a
ISIC_0030938,nv,nv,4.90135e-06,1.5123561e-06,auto_accept,n/a
ISIC_0031685,nv,nv,0.00018754568,7.583198e-05,auto_accept,n/a
ISIC_0034150,mel,mel,0.00017176833,0.9919361,auto_accept,n/a
ISIC_0032343,bkl,bkl,2.6166357e-05,0.019732526,auto_accept,n/a
ISIC_0030196,nv,nv,5.7342382e-05,0.0008530901,auto_accept,n/a
ISIC_0026663,bkl,bkl,0.0011006168,0.017878313,auto_accept,n/a
ISIC_0031687,nv,nv,2.7012508e-08,2.74743e-07,auto_accept,n/a
ISIC_0026007,nv,nv,5.9163474e-09,1.2751157e-10,auto_accept,n/a
ISIC_0027510,nv,nv,2.6150785e-08,3.5996243e-06,auto_accept,n/a
ISIC_0027986,nv,nv,7.613496e-05,0.0007045534,auto_accept,n/a
ISIC_0028167,nv,mel,0.014134062,0.63592446,auto_accept,n/a
ISIC_0027342,nv,nv,4.6740483e-06,1.9655186e-05,auto_accept,n/a
ISIC_0032036,mel,mel,0.001371259,0.96448594,auto_accept,n/a
ISIC_0032782,mel,mel,0.020598894,0.7376411,escalate,n/a
ISIC_0032916,nv,nv,1.7771687e-07,1.7364332e-06,auto_accept,n/a
ISIC_0024489,bkl,bkl,0.00010077092,0.02292177,auto_accept,n/a
ISIC_0026016,bkl,bkl,0.017644221,0.28743148,escalate,n/a
ISIC_0033153,nv,nv,0.005990964,3.4293662e-05,auto_accept,n/a
ISIC_0033306,bkl,bkl,0.001694184,0.013581652,auto_accept,n/a
ISIC_0027883,nv,mel,0.0108172195,0.4743364,auto_accept,n/a
ISIC_0026896,nv,nv,1.2337736e-08,5.2896405e-07,auto_accept,n/a
ISIC_0025495,nv,nv,1.0725585e-05,0.00042646163,auto_accept,n/a
ISIC_0031907,nv,nv,0.0029404103,0.04044026,auto_accept,n/a
ISIC_0028561,nv,nv,1.530419e-07,1.095659e-06,auto_accept,n/a
ISIC_0027537,nv,nv,0.0026811701,0.00081156817,auto_accept,n/a
ISIC_0024796,nv,nv,2.8410412e-07,1.4828855e-06,auto_accept,n/a
ISIC_0027238,mel,mel,0.01225582,0.9585862,auto_accept,n/a
ISIC_0024444,nv,nv,1.2373373e-05,8.541342e-06,auto_accept,n/a
ISIC_0028162,nv,nv,0.00038257,9.803551e-07,auto_accept,n/a
ISIC_0031785,nv,nv,6.9181844e-10,7.353448e-10,auto_accept,n/a
ISIC_0025921,nv,nv,4.3783734e-07,1.2333043e-09,auto_accept,n/a
ISIC_0032358,bkl,bkl,0.0007464226,0.03979721,auto_accept,n/a
ISIC_0025922,nv,nv,8.948951e-07,5.0560055e-07,auto_accept,n/a
ISIC_0028359,nv,nv,0.00030125745,0.00036947636,auto_accept,n/a
ISIC_0030312,nv,df,0.011008822,0.0064654653,auto_accept,n/a
ISIC_0027499,nv,nv,8.096587e-09,1.9747365e-08,auto_accept,n/a
ISIC_0024828,nv,nv,7.931565e-06,1.3714907e-06,auto_accept,n/a
ISIC_0032088,nv,nv,1.9403774e-07,1.4416244e-05,auto_accept,n/a
ISIC_0027551,nv,nv,3.0655548e-07,5.4067874e-05,auto_accept,n/a
ISIC_0033428,mel,mel,2.7575036e-06,0.9984267,auto_accept,n/a
ISIC_0029463,nv,nv,1.2129156e-08,1.0583034e-08,auto_accept,n/a
ISIC_0030273,nv,bkl,0.0057415077,0.14909045,auto_accept,n/a
ISIC_0033699,nv,nv,0.009953908,0.026730495,auto_accept,n/a
ISIC_0031618,nv,nv,0.0026534388,0.0036381208,auto_accept,n/a
ISIC_0027946,nv,nv,2.740294e-09,9.607957e-09,auto_accept,n/a
ISIC_0032607,nv,nv,0.00033709576,0.005496688,auto_accept,n/a
ISIC_0024342,nv,nv,0.0012288771,0.012140456,auto_accept,n/a
ISIC_0024784,nv,nv,0.011563315,0.011341941,auto_accept,n/a
ISIC_0026715,nv,nv,2.0290793e-06,0.00014500458,auto_accept,n/a
ISIC_0030211,mel,mel,4.773871e-07,0.99958783,auto_accept,n/a
ISIC_0027778,nv,nv,2.1306125e-10,1.1879498e-09,auto_accept,n/a
ISIC_0033890,nv,nv,0.011653395,0.20214432,auto_accept,n/a
ISIC_0026182,nv,nv,9.49169e-05,0.00023532691,auto_accept,n/a
ISIC_0033891,df,df,0.0003738652,0.0015095667,auto_accept,n/a
ISIC_0024735,nv,nv,2.5816192e-08,7.774619e-09,auto_accept,n/a
ISIC_0027027,bkl,bkl,2.3528122e-05,0.020346425,auto_accept,n/a
ISIC_0031568,nv,nv,2.14735e-07,2.6180855e-06,auto_accept,n/a
ISIC_0028879,nv,nv,1.4476062e-06,3.927922e-07,auto_accept,n/a
ISIC_0028790,df,df,1.8804512e-06,0.0013465965,auto_accept,n/a
ISIC_0030282,nv,nv,2.795232e-06,3.3775825e-05,auto_accept,n/a
ISIC_0026969,nv,nv,0.000118444426,7.87683e-05,auto_accept,n/a
ISIC_0028700,nv,nv,1.8164975e-06,4.4572338e-05,auto_accept,n/a
ISIC_0029063,nv,nv,2.8511073e-07,4.873719e-06,auto_accept,n/a
ISIC_0028040,nv,nv,6.280735e-07,3.2269529e-07,auto_accept,n/a
ISIC_0033514,nv,nv,0.00037388087,0.018665764,auto_accept,n/a
ISIC_0024926,nv,nv,0.0010036431,0.010372649,auto_accept,n/a
ISIC_0032622,mel,mel,5.364776e-06,0.9987834,auto_accept,n/a
ISIC_0027743,nv,nv,7.945968e-09,1.7564878e-06,auto_accept,n/a
ISIC_0028816,akiec,akiec,0.0055262265,0.98826075,auto_accept,n/a
ISIC_0030339,bcc,bcc,0.016644908,0.9977901,escalate,n/a
ISIC_0025949,nv,nv,4.381275e-06,4.35138e-08,auto_accept,n/a
ISIC_0028421,nv,nv,3.0054943e-07,2.649111e-07,auto_accept,n/a
ISIC_0027586,nv,nv,7.9110896e-07,1.8963141e-05,auto_accept,n/a
ISIC_0029805,bcc,bcc,3.6375403e-07,0.9999932,auto_accept,n/a
ISIC_0031866,nv,nv,0.020662218,0.0069943136,escalate,n/a
ISIC_0027846,bcc,bcc,5.4336117e-05,0.9884848,auto_accept,n/a
ISIC_0024917,nv,nv,2.2960478e-05,8.813866e-07,auto_accept,n/a
ISIC_0028021,nv,nv,0.0019246035,0.019252537,auto_accept,n/a
ISIC_0027032,nv,nv,5.0278095e-07,3.7519123e-05,auto_accept,n/a
ISIC_0025355,nv,nv,5.4584463e-05,0.00041205957,auto_accept,n/a
ISIC_0031873,nv,nv,3.576525e-06,4.7811445e-06,auto_accept,n/a
ISIC_0030666,nv,mel,0.016992176,0.47858328,escalate,n/a
ISIC_0025059,nv,nv,2.7971994e-06,0.00015316362,auto_accept,n/a
ISIC_0030865,nv,nv,3.08795e-08,5.774442e-06,auto_accept,n/a
ISIC_0027379,nv,bkl,0.0025763442,0.0014689518,auto_accept,n/a
ISIC_0028408,nv,mel,0.01036611,0.7929129,auto_accept,n/a
ISIC_0028247,nv,nv,8.156483e-05,7.585202e-05,auto_accept,n/a
ISIC_0025671,nv,nv,0.0020107091,0.00030731267,auto_accept,n/a
ISIC_0032333,nv,nv,0.0066662906,0.08999913,auto_accept,n/a
ISIC_0027647,nv,nv,0.00043446897,0.010918706,auto_accept,n/a
ISIC_0030169,nv,nv,1.4996923e-08,1.6340027e-06,auto_accept,n/a
ISIC_0024762,nv,nv,0.00012780236,0.0016897669,auto_accept,n/a
ISIC_0031920,nv,nv,1.0865794e-05,0.0011390977,auto_accept,n/a
ISIC_0033800,nv,nv,0.0013070345,0.0008831161,auto_accept,n/a
ISIC_0030715,nv,nv,2.7263237e-05,3.3688784e-06,auto_accept,n/a
ISIC_0033440,mel,mel,3.335688e-08,0.9999727,auto_accept,n/a
ISIC_0026556,bkl,bkl,0.0015724333,0.055250168,auto_accept,n/a
ISIC_0031409,nv,nv,2.2351803e-06,2.2776461e-05,auto_accept,n/a
ISIC_0030658,nv,nv,3.4400075e-06,0.00015931456,auto_accept,n/a
ISIC_0030105,bkl,bkl,0.008363767,0.016040433,auto_accept,n/a
ISIC_0032227,nv,nv,0.0033783081,0.00050587684,auto_accept,n/a
ISIC_0032238,akiec,akiec,9.147989e-07,0.9999958,auto_accept,n/a
ISIC_0029154,nv,nv,6.643803e-06,2.319212e-05,auto_accept,n/a
ISIC_0030311,nv,nv,0.016797908,0.17959097,escalate,n/a
ISIC_0028682,nv,nv,5.3437056e-08,2.230976e-06,auto_accept,n/a
ISIC_0024570,nv,nv,0.00023518919,0.00031451473,auto_accept,n/a
ISIC_0032198,nv,nv,0.002204617,0.0019190967,auto_accept,n/a
ISIC_0027212,nv,nv,0.00043854053,8.346374e-06,auto_accept,n/a
ISIC_0027228,nv,nv,4.5562618e-07,8.1128856e-05,auto_accept,n/a
ISIC_0025868,nv,nv,9.5495146e-08,3.1830843e-06,auto_accept,n/a
ISIC_0025468,nv,nv,0.0033772446,1.2531598e-05,auto_accept,n/a
ISIC_0032159,bkl,bkl,0.00021404374,0.08768568,auto_accept,n/a
ISIC_0032039,nv,nv,3.873992e-06,0.00011040538,auto_accept,n/a
ISIC_0026959,bkl,nv,1.682843e-05,0.00014811869,auto_accept,n/a
ISIC_0025966,nv,nv,7.991585e-05,0.00014215887,auto_accept,n/a
ISIC_0027690,nv,nv,0.00012615348,1.7510953e-08,auto_accept,n/a
ISIC_0028224,akiec,akiec,0.0030219213,0.8716994,auto_accept,n/a
ISIC_0032450,mel,mel,7.35118e-08,0.9998765,auto_accept,n/a
ISIC_0031182,nv,nv,4.375771e-06,2.3942364e-06,auto_accept,n/a
ISIC_0029814,nv,nv,8.769367e-06,1.9163235e-06,auto_accept,n/a
ISIC_0026199,nv,nv,1.5885261e-07,5.490633e-07,auto_accept,n/a
ISIC_0028405,nv,nv,0.004848791,0.0020867079,auto_accept,n/a
ISIC_0030212,nv,nv,0.0020080174,4.103448e-06,auto_accept,n/a
ISIC_0029402,nv,nv,0.009089069,0.080207676,auto_accept,n/a
ISIC_0025590,nv,nv,1.3170016e-07,2.438077e-07,auto_accept,n/a
ISIC_0029200,nv,nv,5.9890355e-09,2.1535641e-07,auto_accept,n/a
ISIC_0026708,nv,nv,9.291357e-06,1.8985856e-08,auto_accept,n/a
ISIC_0028149,nv,nv,0.000168251,0.00045729653,auto_accept,n/a
ISIC_0029576,bkl,bkl,0.003292214,0.15555948,auto_accept,n/a
ISIC_0027155,mel,mel,0.012569124,0.7578871,auto_accept,n/a
ISIC_0026166,nv,bkl,0.011357623,0.3757041,auto_accept,n/a
ISIC_0029769,nv,nv,0.0181224,0.004697844,escalate,n/a
ISIC_0033404,nv,bkl,0.023080884,0.35542277,escalate,n/a
ISIC_0029959,nv,nv,5.030589e-07,2.4442072e-06,auto_accept,n/a
ISIC_0030092,nv,nv,1.9624905e-07,2.4362358e-05,auto_accept,n/a
ISIC_0027896,akiec,akiec,8.533628e-08,0.9999838,auto_accept,n/a
ISIC_0030236,nv,nv,7.588552e-06,7.006834e-05,auto_accept,n/a
ISIC_0033866,akiec,bkl,0.000996066,0.04456798,auto_accept,n/a
ISIC_0026154,bcc,bcc,3.3327993e-05,0.9998702,auto_accept,n/a
ISIC_0033583,bkl,bkl,0.00013845172,0.0058424887,auto_accept,n/a
ISIC_0029255,nv,nv,1.529681e-11,2.8645798e-07,auto_accept,n/a
ISIC_0029625,nv,nv,0.0003620512,0.00021026848,auto_accept,n/a
ISIC_0033731,nv,nv,7.5918433e-06,5.869915e-05,auto_accept,n/a
ISIC_0027626,df,df,0.0011295117,0.0029163517,auto_accept,n/a
ISIC_0027065,mel,mel,0.01228272,0.92619526,auto_accept,n/a
ISIC_0026202,nv,nv,0.00011796276,0.0013135243,auto_accept,n/a
ISIC_0031128,nv,nv,4.9063503e-05,0.00051887985,auto_accept,n/a
ISIC_0032067,nv,nv,0.0012428622,0.012226173,auto_accept,n/a
ISIC_0026986,nv,nv,4.0126306e-08,1.9901043e-05,auto_accept,n/a
ISIC_0026098,nv,nv,1.285152e-07,1.283063e-05,auto_accept,n/a
ISIC_0034287,mel,mel,7.4670766e-06,0.9993411,auto_accept,n/a
ISIC_0029649,nv,nv,3.7620643e-07,7.4628784e-05,auto_accept,n/a
ISIC_0026240,nv,nv,1.3148486e-06,5.6187113e-05,auto_accept,n/a
ISIC_0033841,nv,nv,1.0806271e-07,4.551328e-06,auto_accept,n/a
ISIC_0031053,nv,nv,5.209161e-05,0.00024327113,auto_accept,n/a
ISIC_0026671,nv,nv,0.007892774,4.9790782e-05,auto_accept,n/a
ISIC_0025485,bkl,bkl,3.6384274e-06,0.002696419,auto_accept,n/a
ISIC_0030819,nv,nv,0.006042461,0.012652047,auto_accept,n/a
ISIC_0029596,bkl,bkl,0.001412402,0.03164136,auto_accept,n/a
ISIC_0025958,nv,nv,0.024702262,0.24807243,escalate,n/a
ISIC_0030609,nv,nv,0.002121136,0.0059844363,auto_accept,n/a
ISIC_0030263,nv,nv,0.0001250005,0.0014367269,auto_accept,n/a
ISIC_0032257,nv,nv,9.168479e-05,0.00016781187,auto_accept,n/a
ISIC_0024713,nv,nv,3.5217536e-08,3.1285133e-08,auto_accept,n/a
ISIC_0033406,nv,mel,0.012683064,0.41347566,auto_accept,n/a
ISIC_0028360,nv,nv,1.8365631e-07,5.37622e-07,auto_accept,n/a
ISIC_0027966,bcc,bcc,2.7659908e-05,0.99885917,auto_accept,n/a
ISIC_0030161,nv,nv,2.4708655e-08,4.346455e-06,auto_accept,n/a
ISIC_0033880,nv,nv,7.282612e-06,7.236136e-07,auto_accept,n/a
ISIC_0027073,nv,bkl,0.01180686,0.022850392,auto_accept,n/a
ISIC_0026189,nv,nv,0.00026082253,0.03224606,auto_accept,n/a
ISIC_0024978,nv,nv,7.6565e-07,9.9672136e-05,auto_accept,n/a
ISIC_0029317,nv,nv,2.4835469e-08,1.9741167e-06,auto_accept,n/a
ISIC_0027596,nv,nv,3.0429835e-06,5.8200698e-08,auto_accept,n/a
ISIC_0024997,bkl,bkl,0.00015442228,0.001033338,auto_accept,n/a
ISIC_0026471,df,df,0.013239177,6.2899875e-05,auto_accept,n/a
ISIC_0032175,nv,mel,0.0022047907,0.9483608,auto_accept,n/a
ISIC_0034318,bkl,bkl,0.0016060277,5.5378273e-06,auto_accept,n/a
ISIC_0032266,nv,nv,2.0840726e-08,1.3159166e-07,auto_accept,n/a
ISIC_0027307,nv,nv,8.526068e-07,5.417343e-08,auto_accept,n/a
ISIC_0027175,bcc,bcc,0.00034911543,0.9998822,auto_accept,n/a
ISIC_0028565,mel,mel,0.00623335,0.7709615,auto_accept,n/a
ISIC_0029914,mel,mel,0.00026143473,0.99614847,auto_accept,n/a
ISIC_0030811,nv,nv,3.3322184e-08,5.012001e-08,auto_accept,n/a
ISIC_0032494,nv,nv,0.0003801691,0.023639617,auto_accept,n/a
ISIC_0027893,bkl,bkl,3.783853e-06,0.0042751785,auto_accept,n/a
ISIC_0033931,mel,mel,0.005419225,0.9071016,auto_accept,n/a
ISIC_0028784,nv,nv,2.1941865e-07,1.7255069e-06,auto_accept,n/a
ISIC_0029708,nv,nv,1.4897514e-06,1.683339e-05,auto_accept,n/a
ISIC_0034144,nv,nv,9.390403e-06,0.00033180427,auto_accept,n/a
ISIC_0033659,bkl,mel,0.015420002,0.73649234,escalate,n/a
ISIC_0026727,nv,nv,2.0524181e-05,0.0004094445,auto_accept,n/a
ISIC_0028644,akiec,mel,0.004875588,0.90051925,auto_accept,n/a
ISIC_0025933,nv,nv,6.4308057e-07,8.929525e-08,auto_accept,n/a
ISIC_0031736,nv,nv,7.7602914e-07,8.780843e-05,auto_accept,n/a
ISIC_0024807,nv,nv,9.4468454e-08,4.944111e-09,auto_accept,n/a
ISIC_0030617,nv,nv,7.057291e-05,5.0064592e-08,auto_accept,n/a
ISIC_0027485,nv,nv,4.848326e-05,0.0008487781,auto_accept,n/a
ISIC_0030100,nv,nv,2.1652938e-06,1.2976699e-08,auto_accept,n/a
ISIC_0026865,bcc,bcc,7.3521494e-07,0.9998853,auto_accept,n/a
ISIC_0026325,nv,nv,0.005448325,5.2723775e-05,auto_accept,n/a
ISIC_0025664,nv,nv,1.6680291e-06,3.7036982e-06,auto_accept,n/a
ISIC_0031746,mel,mel,0.0130661195,0.6087409,auto_accept,n/a
ISIC_0030632,nv,nv,1.4501004e-09,8.7658015e-12,auto_accept,n/a
ISIC_0030810,nv,bkl,0.014912932,0.018202163,auto_accept,n/a
ISIC_0025563,nv,nv,0.0012738218,0.0002716996,auto_accept,n/a
ISIC_0033834,mel,mel,8.28956e-06,0.9993018,auto_accept,n/a
ISIC_0027356,nv,nv,3.035807e-07,1.5607293e-05,auto_accept,n/a
ISIC_0033495,nv,nv,5.694501e-05,0.00060876715,auto_accept,n/a
ISIC_0033393,mel,mel,0.016762277,0.74055976,escalate,n/a
ISIC_0029800,nv,nv,2.2987495e-06,0.00031677345,auto_accept,n/a
ISIC_0032184,nv,nv,0.014697467,0.014299385,auto_accept,n/a
ISIC_0031130,bkl,bkl,0.0015821636,0.069830015,auto_accept,n/a
ISIC_0027572,nv,nv,1.0119357e-05,0.00016925462,auto_accept,n/a
ISIC_0026932,nv,nv,4.8109555e-06,5.2738924e-06,auto_accept,n/a
ISIC_0032061,bcc,bcc,7.430118e-06,0.9990126,auto_accept,n/a
ISIC_0031391,nv,nv,0.0008055926,0.012191676,auto_accept,n/a
ISIC_0026673,nv,nv,9.37646e-07,0.00014088013,auto_accept,n/a
ISIC_0026880,nv,nv,1.0434849e-06,1.0905741e-05,auto_accept,n/a
ISIC_0031947,nv,nv,1.655836e-09,5.228862e-08,auto_accept,n/a
ISIC_0032728,nv,nv,2.9748112e-06,8.798134e-05,auto_accept,n/a
ISIC_0026300,nv,nv,6.099563e-09,5.322682e-09,auto_accept,n/a
ISIC_0026015,bkl,bkl,0.004883364,0.10158895,auto_accept,n/a
ISIC_0024461,bcc,bcc,6.69025e-05,1.0,auto_accept,n/a
ISIC_0026093,nv,nv,2.9445854e-08,1.09216046e-07,auto_accept,n/a
ISIC_0033259,nv,nv,0.0002600228,3.0067033e-05,auto_accept,n/a
ISIC_0028038,nv,nv,6.243674e-10,8.239579e-08,auto_accept,n/a
ISIC_0025820,nv,nv,1.205961e-06,6.6295984e-06,auto_accept,n/a
ISIC_0028004,nv,nv,1.1561292e-07,3.8764327e-08,auto_accept,n/a
ISIC_0033914,nv,nv,1.3957493e-06,9.966234e-05,auto_accept,n/a
ISIC_0029829,nv,nv,1.7491584e-07,6.3482066e-06,auto_accept,n/a
ISIC_0029983,nv,nv,0.006513937,0.029334402,auto_accept,n/a
ISIC_0025496,nv,nv,1.2540605e-06,2.1309761e-08,auto_accept,n/a
ISIC_0034068,mel,nv,0.0026952212,0.039566822,auto_accept,n/a
ISIC_0031340,nv,nv,0.007668044,0.08766563,auto_accept,n/a
ISIC_0033476,mel,mel,0.0012906126,0.9935191,auto_accept,n/a
ISIC_0026665,nv,nv,0.009925814,0.017183367,auto_accept,n/a
ISIC_0028257,nv,nv,2.8837438e-10,4.0674558e-10,auto_accept,n/a
ISIC_0029906,nv,nv,9.994388e-05,0.00012552015,auto_accept,n/a
ISIC_0031883,nv,nv,0.0009395372,7.0894086e-05,auto_accept,n/a
ISIC_0024798,nv,nv,0.00012121752,9.013459e-05,auto_accept,n/a
ISIC_0028541,nv,nv,6.73874e-07,8.602868e-06,auto_accept,n/a
ISIC_0033316,nv,nv,5.9911813e-06,1.7860697e-05,auto_accept,n/a
ISIC_0032920,nv,mel,0.019111672,0.57835567,escalate,n/a
ISIC_0031842,nv,nv,4.3543197e-10,2.128713e-12,auto_accept,n/a
ISIC_0031085,nv,bkl,0.0036557277,0.11700708,auto_accept,n/a
ISIC_0025498,nv,nv,9.505239e-06,0.0004450005,auto_accept,n/a
ISIC_0024690,nv,nv,0.00029200112,7.1498603e-06,auto_accept,n/a
ISIC_0033853,bkl,bkl,8.884903e-05,0.00017537999,auto_accept,n/a
ISIC_0028193,nv,nv,3.4595395e-08,2.3695888e-08,auto_accept,n/a
ISIC_0027891,nv,nv,1.2809606e-06,9.491771e-05,auto_accept,n/a
ISIC_0026428,nv,nv,8.691817e-07,2.44355e-06,auto_accept,n/a
ISIC_0029523,nv,nv,0.005562398,1.3669227e-05,auto_accept,n/a
ISIC_0024659,nv,nv,6.959589e-05,9.90276e-07,auto_accept,n/a
ISIC_0033623,nv,nv,2.9943196e-06,0.00016831924,auto_accept,n/a
ISIC_0025074,nv,nv,0.00091896614,0.0065148403,auto_accept,n/a
ISIC_0026388,akiec,mel,0.015271555,0.9948296,escalate,n/a
ISIC_0024883,bkl,nv,0.00042187626,0.00045474662,auto_accept,n/a
ISIC_0032763,bkl,bkl,0.010488103,0.019276762,auto_accept,n/a
ISIC_0025650,bcc,akiec,0.0018682607,0.99991727,auto_accept,n/a
ISIC_0032598,mel,mel,1.9776338e-05,0.9966228,auto_accept,n/a
ISIC_0026744,bkl,bkl,0.0020670684,0.095229596,auto_accept,n/a
ISIC_0030626,nv,nv,0.0012453331,0.0010939832,auto_accept,n/a
ISIC_0030379,nv,nv,4.8113202e-09,2.0360538e-08,auto_accept,n/a
ISIC_0031235,nv,nv,1.1097716e-09,5.7316357e-10,auto_accept,n/a
ISIC_0033651,mel,mel,1.4739314e-07,0.99952495,auto_accept,n/a
ISIC_0029705,mel,mel,0.013158995,0.8895623,auto_accept,n/a
ISIC_0028671,bcc,bcc,1.3112854e-05,0.99990714,auto_accept,n/a
ISIC_0031282,nv,nv,5.517969e-09,3.614671e-06,auto_accept,n/a
ISIC_0026059,nv,nv,5.7454837e-08,2.1201761e-07,auto_accept,n/a
ISIC_0028073,nv,nv,6.248915e-08,2.0301795e-07,auto_accept,n/a
ISIC_0025190,nv,nv,8.5576914e-11,5.7278605e-08,auto_accept,n/a
ISIC_0026309,nv,nv,6.118888e-07,3.2853748e-07,auto_accept,n/a
ISIC_0030875,nv,nv,5.1353517e-08,8.3784045e-07,auto_accept,n/a
ISIC_0033649,nv,nv,0.001261572,0.00062297436,auto_accept,n/a
ISIC_0030598,nv,nv,0.009238255,0.36259794,auto_accept,n/a
ISIC_0026997,nv,nv,6.034367e-08,1.0585012e-06,auto_accept,n/a
ISIC_0032996,nv,nv,0.00055933825,0.0056111165,auto_accept,n/a
ISIC_0029133,akiec,bkl,0.016248362,0.33508828,escalate,n/a
ISIC_0029119,nv,nv,0.0001467572,0.008168425,auto_accept,n/a
ISIC_0025087,nv,nv,2.0401594e-06,4.4109624e-06,auto_accept,n/a
ISIC_0027407,mel,mel,0.0079837935,0.96849257,auto_accept,n/a
ISIC_0033725,mel,mel,0.0073762797,0.89379925,auto_accept,n/a
ISIC_0028087,mel,nv,0.004162869,0.059918437,auto_accept,n/a
ISIC_0028802,nv,nv,2.2669792e-06,5.216338e-06,auto_accept,n/a
ISIC_0032513,bkl,bkl,0.0006639658,0.01242058,auto_accept,n/a
ISIC_0026642,nv,nv,0.016566861,0.45103538,escalate,n/a
ISIC_0031279,nv,nv,2.8098714e-08,1.7137054e-08,auto_accept,n/a
ISIC_0028334,nv,nv,1.5995423e-06,8.534234e-06,auto_accept,n/a
ISIC_0025469,nv,bkl,0.03465375,0.00050539075,escalate,n/a
ISIC_0027860,nv,nv,3.158572e-08,7.8498395e-08,auto_accept,n/a
ISIC_0030416,nv,bkl,0.015299234,0.34451082,escalate,n/a
ISIC_0032751,mel,mel,0.017549757,0.5593615,escalate,n/a
ISIC_0031776,nv,nv,0.009079516,0.0015064966,auto_accept,n/a
ISIC_0031688,nv,nv,9.126248e-09,6.59436e-07,auto_accept,n/a
ISIC_0032179,bkl,bkl,0.009350886,0.032398798,auto_accept,n/a
ISIC_0025532,nv,nv,6.624877e-05,0.00030814527,auto_accept,n/a
ISIC_0033977,mel,mel,0.008944472,0.9524476,auto_accept,n/a
ISIC_0028115,nv,nv,1.3871488e-05,0.000313997,auto_accept,n/a
ISIC_0024627,nv,nv,1.6713942e-07,1.3612717e-05,auto_accept,n/a
ISIC_0033097,nv,nv,0.010928343,0.08408713,auto_accept,n/a
ISIC_0032164,bcc,bcc,4.1776659e-07,0.99995375,auto_accept,n/a
ISIC_0025048,nv,nv,6.708383e-08,3.2658157e-08,auto_accept,n/a
ISIC_0027567,nv,nv,3.87225e-05,0.00045111234,auto_accept,n/a
ISIC_0029925,nv,nv,2.4537992e-09,7.543216e-08,auto_accept,n/a
ISIC_0028558,akiec,akiec,5.8913673e-07,0.99979025,auto_accept,n/a
ISIC_0031979,nv,nv,6.034677e-08,6.3811835e-06,auto_accept,n/a
ISIC_0033203,bcc,nv,0.002728336,0.0014895499,auto_accept,n/a
ISIC_0031587,nv,nv,6.301544e-08,5.7920964e-08,auto_accept,n/a
ISIC_0033568,mel,mel,0.0101184035,0.5266146,auto_accept,n/a
ISIC_0033423,nv,nv,5.7336725e-05,0.0010242,auto_accept,n/a
ISIC_0028687,bcc,bcc,6.624404e-05,0.9966552,auto_accept,n/a
ISIC_0025928,bkl,mel,0.014803273,0.89243776,auto_accept,n/a
ISIC_0032406,nv,nv,8.490785e-05,0.0001017658,auto_accept,n/a
ISIC_0027327,mel,mel,0.0019385058,0.99069303,auto_accept,n/a
ISIC_0024786,bkl,bkl,0.000812074,0.023239046,auto_accept,n/a
ISIC_0031698,bcc,bcc,0.016472518,0.999997,escalate,n/a
ISIC_0028153,nv,nv,0.00012747681,0.0006650878,auto_accept,n/a
ISIC_0025775,nv,nv,2.8227062e-08,1.18081466e-07,auto_accept,n/a
ISIC_0032772,nv,nv,0.0036465842,1.3040664e-05,auto_accept,n/a
ISIC_0034126,bkl,bkl,0.00022037418,0.0021262981,auto_accept,n/a
ISIC_0024397,nv,nv,1.5240777e-06,3.530834e-05,auto_accept,n/a
ISIC_0034040,bkl,nv,0.0044122715,0.18252322,auto_accept,n/a
ISIC_0030600,nv,nv,4.57502e-08,1.5481572e-07,auto_accept,n/a
ISIC_0025426,nv,nv,1.0639908e-06,0.00026884145,auto_accept,n/a
ISIC_0033202,nv,nv,0.00012890501,0.0001323782,auto_accept,n/a
ISIC_0029227,bkl,nv,2.0896168e-06,3.2185942e-06,auto_accept,n/a
ISIC_0027831,bkl,bkl,0.00070996693,0.017057419,auto_accept,n/a
ISIC_0030764,nv,nv,2.0897521e-06,7.860514e-06,auto_accept,n/a
ISIC_0028564,nv,nv,2.664303e-06,0.00049642386,auto_accept,n/a
ISIC_0034095,bcc,bcc,2.889197e-06,0.99985945,auto_accept,n/a
ISIC_0032864,nv,nv,0.00017158281,0.0016124379,auto_accept,n/a
ISIC_0033637,nv,bkl,0.00584716,0.00026497451,auto_accept,n/a
ISIC_0030444,nv,nv,0.006355473,0.009877981,auto_accept,n/a
ISIC_0028335,akiec,mel,0.01000429,0.9499196,auto_accept,n/a
ISIC_0026308,nv,nv,4.044659e-08,9.718655e-07,auto_accept,n/a
ISIC_0024643,bkl,bkl,0.00018526657,9.1285445e-05,auto_accept,n/a
ISIC_0033013,nv,bkl,0.017673973,0.012052759,escalate,n/a
ISIC_0033207,nv,nv,0.0018231112,0.041563395,auto_accept,n/a
ISIC_0027139,bkl,nv,0.015312265,0.012938029,escalate,n/a
ISIC_0029117,nv,nv,6.071115e-09,7.803324e-08,auto_accept,n/a
ISIC_0025938,nv,nv,0.0004921892,0.020777501,auto_accept,n/a
ISIC_0032749,nv,bkl,0.0090141175,0.0022436834,auto_accept,n/a
ISIC_0030921,nv,nv,3.457993e-05,0.00033767344,auto_accept,n/a
ISIC_0031427,nv,nv,0.00046364102,1.2891425e-06,auto_accept,n/a
ISIC_0028636,nv,nv,0.0007838405,0.0012340465,auto_accept,n/a
ISIC_0028801,nv,nv,1.382182e-08,3.3715062e-07,auto_accept,n/a
ISIC_0032662,mel,nv,0.013287095,0.22412322,auto_accept,n/a
ISIC_0029830,akiec,akiec,0.019856425,0.99404776,escalate,n/a
ISIC_0032734,nv,nv,0.0003990728,0.0088214055,auto_accept,n/a
ISIC_0031946,nv,nv,1.9222588e-08,1.559567e-08,auto_accept,n/a
ISIC_0033342,nv,nv,0.005992714,0.003333905,auto_accept,n/a
ISIC_0030133,akiec,akiec,0.0005540174,0.99673945,auto_accept,n/a
ISIC_0026977,nv,nv,3.0843797e-08,1.9752116e-07,auto_accept,n/a
ISIC_0032474,nv,nv,0.00016160203,0.0013619135,auto_accept,n/a
ISIC_0031590,nv,nv,1.0067938e-09,2.5540228e-07,auto_accept,n/a
ISIC_0026505,nv,nv,2.0084936e-09,8.2794514e-08,auto_accept,n/a
ISIC_0027674,nv,nv,0.0019625886,0.003171189,auto_accept,n/a
ISIC_0029270,bkl,bkl,8.7166576e-05,0.043896336,auto_accept,n/a
ISIC_0029077,nv,nv,5.9024103e-07,1.4436138e-07,auto_accept,n/a
ISIC_0028025,nv,nv,1.2226928e-06,8.422418e-07,auto_accept,n/a
ISIC_0034250,nv,nv,9.4278614e-05,0.00494642,auto_accept,n/a
ISIC_0027918,nv,nv,7.098533e-08,4.2201764e-06,auto_accept,n/a
ISIC_0033117,mel,mel,0.009343524,0.99956363,auto_accept,n/a
ISIC_0024565,nv,nv,2.7492553e-07,6.6515845e-08,auto_accept,n/a
ISIC_0029307,nv,nv,8.812679e-09,3.6715524e-09,auto_accept,n/a
ISIC_0033543,nv,nv,1.4645576e-05,0.00075476593,auto_accept,n/a
ISIC_0024536,nv,nv,1.235698e-08,1.5494644e-06,auto_accept,n/a
ISIC_0028742,nv,nv,2.8029232e-08,8.2451896e-07,auto_accept,n/a
ISIC_0030719,nv,nv,0.0013348947,0.048863538,auto_accept,n/a
ISIC_0026160,nv,nv,6.209146e-06,0.00046263885,auto_accept,n/a
ISIC_0025545,nv,nv,0.0002825906,0.008742809,auto_accept,n/a
ISIC_0028353,nv,nv,0.009940467,7.043875e-05,auto_accept,n/a
ISIC_0033569,mel,mel,0.0062890355,0.9980856,auto_accept,n/a
ISIC_0029311,bkl,bkl,0.010194431,0.2188073,auto_accept,n/a
ISIC_0026683,nv,nv,3.2635459e-09,1.0504967e-07,auto_accept,n/a
ISIC_0029123,bcc,bcc,0.023035018,0.973217,escalate,n/a
ISIC_0028595,nv,nv,4.4119943e-06,1.54374e-07,auto_accept,n/a
ISIC_0032210,nv,nv,0.00030697623,3.4976496e-05,auto_accept,n/a
ISIC_0033964,nv,nv,0.00085565046,0.0370513,auto_accept,n/a
ISIC_0026570,nv,nv,2.6038258e-06,2.1127032e-06,auto_accept,n/a
ISIC_0029294,nv,nv,2.6759638e-08,4.986323e-08,auto_accept,n/a
ISIC_0025796,nv,nv,1.9699914e-05,0.00045324233,auto_accept,n/a
ISIC_0029636,nv,nv,0.0003521725,0.0142592285,auto_accept,n/a
ISIC_0033248,bcc,bcc,1.3881794e-08,0.9999747,auto_accept,n/a
ISIC_0031670,mel,mel,0.0077174543,0.94490516,auto_accept,n/a
ISIC_0025580,nv,nv,8.6266215e-07,3.3886066e-05,auto_accept,n/a
ISIC_0030558,nv,nv,3.0497482e-09,4.7641715e-06,auto_accept,n/a
ISIC_0032401,nv,nv,1.400603e-07,1.5055704e-08,auto_accept,n/a
ISIC_0030253,nv,mel,0.015060638,0.74239224,auto_accept,n/a
ISIC_0026604,mel,mel,0.0027090388,0.9632709,auto_accept,n/a
ISIC_0032400,mel,mel,0.009959211,0.97800684,auto_accept,n/a
ISIC_0025916,nv,nv,0.00061097083,0.005474561,auto_accept,n/a
ISIC_0029670,nv,nv,0.003129319,6.0840665e-07,auto_accept,n/a
ISIC_0025642,bkl,mel,0.009652728,0.80648637,auto_accept,n/a
ISIC_0028227,mel,mel,0.015536954,0.48287395,escalate,n/a
ISIC_0032064,nv,nv,5.0998303e-09,8.89739e-07,auto_accept,n/a
ISIC_0025399,nv,nv,2.0869702e-08,4.0680578e-07,auto_accept,n/a
ISIC_0027018,bkl,akiec,0.016169017,0.49382055,escalate,n/a
ISIC_0024498,bkl,bkl,0.00014668041,0.015075262,auto_accept,n/a
ISIC_0027347,nv,nv,0.00017684161,2.04949e-06,auto_accept,n/a
ISIC_0030799,nv,nv,1.2444423e-08,2.3732146e-07,auto_accept,n/a
ISIC_0026860,nv,nv,1.6353242e-07,3.7904798e-08,auto_accept,n/a
ISIC_0027913,nv,nv,0.00027448562,4.1211006e-08,auto_accept,n/a
ISIC_0032560,nv,mel,0.0011546102,0.95657116,auto_accept,n/a
ISIC_0033216,mel,mel,0.00067660626,0.9968226,auto_accept,n/a
ISIC_0027154,bkl,bkl,8.0202546e-05,0.004309046,auto_accept,n/a
ISIC_0024472,bcc,bcc,7.454529e-10,0.9999989,auto_accept,n/a
ISIC_0031682,nv,nv,0.00016348368,0.00039607062,auto_accept,n/a
ISIC_0032558,nv,nv,0.00010572815,0.0071065654,auto_accept,n/a
ISIC_0025290,nv,nv,4.030358e-09,6.883218e-06,auto_accept,n/a
ISIC_0027080,nv,nv,2.0585205e-08,4.531551e-08,auto_accept,n/a
ISIC_0028057,nv,nv,7.530707e-06,4.760624e-06,auto_accept,n/a
ISIC_0029023,nv,nv,0.0035165418,0.0077338507,auto_accept,n/a
ISIC_0031703,nv,nv,0.0058948803,0.049738638,auto_accept,n/a
ISIC_0024455,nv,nv,1.986004e-07,9.271167e-08,auto_accept,n/a
ISIC_0032452,nv,nv,2.0637126e-06,9.385368e-06,auto_accept,n/a
ISIC_0033205,bcc,bcc,0.0011423954,0.9955239,auto_accept,n/a
ISIC_0028386,bkl,nv,0.00020895277,0.0013775863,auto_accept,n/a
ISIC_0028092,nv,nv,0.0053367876,0.038614597,auto_accept,n/a
ISIC_0032750,mel,mel,9.224865e-06,0.9954755,auto_accept,n/a
ISIC_0033003,nv,nv,3.653669e-05,0.0007623419,auto_accept,n/a
ISIC_0030051,nv,nv,0.00073572656,7.997588e-07,auto_accept,n/a
ISIC_0033006,nv,nv,0.00028356307,0.0019499033,auto_accept,n/a
ISIC_0027039,nv,nv,2.0724779e-06,6.716815e-07,auto_accept,n/a
ISIC_0025982,bkl,bkl,0.018491672,0.23403914,escalate,n/a
ISIC_0030908,nv,nv,2.1695674e-07,6.8260066e-05,auto_accept,n/a
ISIC_0028510,nv,nv,0.00032991832,0.00013611783,auto_accept,n/a
ISIC_0025273,nv,nv,1.7658407e-06,5.34164e-05,auto_accept,n/a
ISIC_0033819,mel,mel,0.00015691985,0.98652446,auto_accept,n/a
ISIC_0028352,mel,mel,0.0035198121,0.87217546,auto_accept,n/a
ISIC_0032896,nv,nv,0.005452742,0.08481231,auto_accept,n/a
ISIC_0031869,nv,nv,2.7924216e-07,1.4455425e-05,auto_accept,n/a
ISIC_0031139,nv,nv,7.462936e-06,1.8465735e-06,auto_accept,n/a
ISIC_0028125,nv,nv,1.1765805e-07,3.119641e-08,auto_accept,n/a
ISIC_0024677,nv,nv,2.2174671e-08,5.117131e-07,auto_accept,n/a
ISIC_0034028,mel,nv,0.020128326,0.6122765,escalate,n/a
ISIC_0028268,nv,nv,5.9908345e-08,1.6986274e-06,auto_accept,n/a
ISIC_0029346,nv,nv,0.0037541543,0.00014270456,auto_accept,n/a
ISIC_0029165,nv,nv,4.3762797e-05,0.00036705114,auto_accept,n/a
ISIC_0024945,nv,nv,0.00059637584,1.4018061e-05,auto_accept,n/a
ISIC_0028829,nv,nv,0.0028688128,0.000102097336,auto_accept,n/a
ISIC_0033887,nv,nv,0.0072716544,0.02527867,auto_accept,n/a
ISIC_0033408,nv,nv,7.845834e-06,6.700726e-06,auto_accept,n/a
ISIC_0029300,nv,nv,0.010606593,0.014709872,auto_accept,n/a
ISIC_0032970,mel,mel,1.1938284e-05,0.9980254,auto_accept,n/a
ISIC_0029332,nv,mel,0.019884914,0.5697692,escalate,n/a
ISIC_0025566,nv,nv,1.345273e-07,1.8413666e-05,auto_accept,n/a
ISIC_0033283,nv,mel,0.012266864,0.9069169,auto_accept,n/a
ISIC_0031536,nv,nv,6.1509667e-07,2.3525261e-07,auto_accept,n/a
ISIC_0025767,bkl,bkl,9.136435e-06,0.0019069386,auto_accept,n/a
ISIC_0027404,nv,nv,0.0104836365,3.1197337e-07,auto_accept,n/a
ISIC_0032826,bkl,bkl,0.005724554,0.013472649,auto_accept,n/a
ISIC_0030968,nv,nv,0.0027396367,0.0001490069,auto_accept,n/a
ISIC_0025064,bkl,nv,0.001401774,0.04566288,auto_accept,n/a
ISIC_0026408,nv,nv,3.2727978e-09,3.4211293e-08,auto_accept,n/a
ISIC_0025114,nv,nv,7.240829e-08,6.1628593e-06,auto_accept,n/a
ISIC_0027793,mel,nv,0.0009551983,0.0012896452,auto_accept,n/a
ISIC_0031592,nv,nv,0.00016139727,7.0316804e-05,auto_accept,n/a
ISIC_0032918,mel,nv,0.014510418,0.20307796,auto_accept,n/a
ISIC_0028205,nv,nv,0.0039386274,0.049996644,auto_accept,n/a
ISIC_0024609,nv,nv,5.3063527e-08,9.451612e-06,auto_accept,n/a
ISIC_0028860,mel,mel,0.008428296,0.92920107,auto_accept,n/a
ISIC_0024850,bkl,nv,4.356182e-05,7.096141e-06,auto_accept,n/a
ISIC_0025237,nv,nv,0.0074948845,0.0055463156,auto_accept,n/a
ISIC_0031258,bcc,bcc,2.0797247e-06,0.9991629,auto_accept,n/a
ISIC_0028991,nv,nv,4.49866e-08,7.149648e-09,auto_accept,n/a
ISIC_0030199,nv,nv,1.5709103e-08,6.695115e-07,auto_accept,n/a
ISIC_0028955,nv,nv,1.1915035e-07,4.7075855e-06,auto_accept,n/a
ISIC_0029146,mel,mel,5.132673e-05,0.99994195,auto_accept,n/a
ISIC_0028422,nv,nv,8.939402e-08,9.285744e-06,auto_accept,n/a
ISIC_0028921,nv,nv,3.8657694e-07,1.5466343e-06,auto_accept,n/a
ISIC_0028178,nv,nv,1.3962992e-06,5.851784e-05,auto_accept,n/a
ISIC_0030128,nv,nv,7.1337913e-09,2.5846268e-06,auto_accept,n/a
ISIC_0024985,nv,nv,4.0753392e-07,1.2101588e-05,auto_accept,n/a
ISIC_0026496,bcc,bcc,0.0059687495,0.90922195,auto_accept,n/a
ISIC_0026196,nv,nv,1.4167019e-10,1.7902499e-08,auto_accept,n/a
ISIC_0027293,nv,nv,0.013385562,0.34753588,auto_accept,n/a
ISIC_0031935,nv,nv,7.3339936e-07,1.843338e-07,auto_accept,n/a
ISIC_0025902,nv,nv,0.0030995237,0.011822332,auto_accept,n/a
ISIC_0026224,nv,nv,2.541112e-06,1.1452437e-09,auto_accept,n/a
ISIC_0032446,nv,nv,4.961922e-06,0.00011391679,auto_accept,n/a
ISIC_0031379,nv,nv,0.0012795319,0.0018725751,auto_accept,n/a
ISIC_0034099,nv,nv,5.3039275e-05,0.000436276,auto_accept,n/a
ISIC_0026029,nv,nv,0.007932237,0.18247528,auto_accept,n/a
ISIC_0033125,mel,mel,0.0031682379,0.9871122,auto_accept,n/a
ISIC_0025602,nv,nv,9.20664e-06,9.13307e-06,auto_accept,n/a
ISIC_0024829,bcc,bcc,5.724596e-05,0.9978254,auto_accept,n/a
ISIC_0032445,bkl,bkl,0.00058627187,0.00040307656,auto_accept,n/a
ISIC_0027581,nv,nv,5.1552197e-05,4.091022e-05,auto_accept,n/a
ISIC_0031278,nv,mel,0.01152248,0.91666013,auto_accept,n/a
ISIC_0027972,nv,nv,5.4057205e-06,0.00043447313,auto_accept,n/a
ISIC_0024326,nv,nv,3.1689044e-07,1.4957983e-05,auto_accept,n/a
ISIC_0030760,mel,mel,0.0114485705,0.5686212,auto_accept,n/a
ISIC_0032150,nv,nv,0.0033427414,0.009241335,auto_accept,n/a
ISIC_0025199,bkl,nv,0.008570401,0.004463621,auto_accept,n/a
ISIC_0026126,nv,nv,0.00016312797,0.000898095,auto_accept,n/a
ISIC_0032008,nv,bkl,0.002054598,0.0034448758,auto_accept,n/a
ISIC_0031722,nv,nv,1.93306e-08,5.4047828e-08,auto_accept,n/a
ISIC_0028357,nv,nv,5.0602568e-05,0.0019644483,auto_accept,n/a
ISIC_0032927,mel,mel,0.004787378,0.98359364,auto_accept,n/a
ISIC_0025253,nv,nv,0.0032553293,0.011909242,auto_accept,n/a
ISIC_0031807,nv,nv,3.0358356e-07,2.679694e-07,auto_accept,n/a
ISIC_0025329,nv,nv,0.0002750416,7.1973904e-05,auto_accept,n/a
ISIC_0024772,bkl,bkl,0.003214465,0.44913962,auto_accept,n/a
ISIC_0026747,nv,nv,7.7391303e-07,1.2362967e-05,auto_accept,n/a
ISIC_0030206,nv,nv,1.0543597e-08,1.6309468e-07,auto_accept,n/a
ISIC_0029218,nv,bkl,0.013856974,0.0018015312,auto_accept,n/a
ISIC_0025598,nv,bkl,0.011806724,0.07717776,auto_accept,n/a
ISIC_0026481,bkl,bkl,0.013560081,0.33228374,auto_accept,n/a
ISIC_0027266,nv,nv,0.00094133016,0.011730065,auto_accept,n/a
ISIC_0025527,nv,nv,8.78985e-05,1.7232904e-05,auto_accept,n/a
ISIC_0025854,nv,nv,1.5094811e-06,8.711882e-06,auto_accept,n/a
ISIC_0026356,nv,nv,8.2506034e-07,1.423258e-05,auto_accept,n/a
ISIC_0031291,nv,nv,6.690344e-07,1.5254305e-06,auto_accept,n/a
ISIC_0032126,nv,mel,0.010321575,0.63195217,auto_accept,n/a
ISIC_0033190,nv,nv,1.3958094e-05,1.2505822e-05,auto_accept,n/a
ISIC_0031522,bkl,bkl,0.0002316729,9.588338e-05,auto_accept,n/a
ISIC_0029010,bkl,bkl,0.023611352,0.003472088,escalate,n/a
ISIC_0031978,nv,nv,1.1690282e-07,2.7293581e-06,auto_accept,n/a
ISIC_0032183,nv,nv,4.5116857e-10,6.755994e-09,auto_accept,n/a
ISIC_0028176,nv,nv,2.9817966e-06,5.2613352e-08,auto_accept,n/a
ISIC_0034062,mel,mel,0.013648166,0.7495014,auto_accept,n/a
ISIC_0028861,nv,nv,6.6813404e-06,6.986827e-07,auto_accept,n/a
ISIC_0025226,nv,nv,5.964004e-09,1.5993831e-07,auto_accept,n/a
ISIC_0033987,bkl,bkl,2.0584143e-06,0.0019894466,auto_accept,n/a
ISIC_0031652,nv,nv,0.00012316274,1.3779612e-05,auto_accept,n/a
ISIC_0032188,nv,nv,2.3433907e-08,5.809198e-09,auto_accept,n/a
ISIC_0031509,nv,nv,5.5098246e-09,3.7419957e-06,auto_accept,n/a
ISIC_0029548,bkl,bkl,0.016390363,6.671977e-05,escalate,n/a
ISIC_0028814,bcc,bcc,6.292976e-05,0.9999976,auto_accept,n/a
ISIC_0030030,nv,nv,1.3226192e-05,9.8260345e-05,auto_accept,n/a
ISIC_0025152,nv,nv,3.179217e-05,6.6542365e-05,auto_accept,n/a
ISIC_0025413,mel,mel,1.9484678e-05,0.9988211,auto_accept,n/a
ISIC_0024641,nv,nv,1.3362309e-09,7.3877118e-09,auto_accept,n/a
ISIC_0025330,bkl,bkl,8.779991e-06,0.0008243607,auto_accept,n/a
ISIC_0025844,nv,nv,3.492952e-05,4.561137e-05,auto_accept,n/a
ISIC_0026406,nv,nv,0.017856477,0.009711447,escalate,n/a
ISIC_0028532,nv,nv,4.31326e-05,0.00034939477,auto_accept,n/a
ISIC_0026640,nv,nv,1.19459e-05,0.00086396624,auto_accept,n/a
ISIC_0030969,nv,nv,4.1649648e-07,1.541276e-06,auto_accept,n/a
ISIC_0028852,nv,nv,1.9026392e-07,2.8461798e-07,auto_accept,n/a
ISIC_0030170,nv,nv,5.224229e-05,2.7080767e-05,auto_accept,n/a
ISIC_0024338,bkl,bkl,0.014135996,0.005153862,auto_accept,n/a
ISIC_0028650,bkl,bkl,0.015391899,0.76340216,escalate,n/a
ISIC_0029020,bcc,bcc,0.00010646041,0.99683136,auto_accept,n/a
ISIC_0030739,nv,nv,6.416353e-05,3.5913115e-05,auto_accept,n/a
ISIC_0024580,nv,nv,7.750361e-08,2.517344e-07,auto_accept,n/a
ISIC_0029505,bkl,bkl,3.8800357e-05,0.00664737,auto_accept,n/a
ISIC_0028461,nv,nv,0.013237456,0.3518212,auto_accept,n/a
ISIC_0030422,nv,nv,0.003696058,0.08343512,auto_accept,n/a
ISIC_0025591,nv,nv,4.1620788e-05,1.6103682e-05,auto_accept,n/a
ISIC_0025374,bkl,bkl,1.2066367e-05,0.0062704524,auto_accept,n/a
ISIC_0030897,nv,nv,1.1013189e-05,1.2313431e-05,auto_accept,n/a
ISIC_0033489,nv,nv,0.0001149421,0.00033654636,auto_accept,n/a
ISIC_0034027,nv,mel,0.012700207,0.8552661,auto_accept,n/a
ISIC_0029120,nv,nv,0.00018320532,7.782433e-06,auto_accept,n/a
ISIC_0030084,nv,nv,7.383539e-05,1.9407591e-05,auto_accept,n/a
ISIC_0031508,nv,nv,7.249375e-06,5.900794e-05,auto_accept,n/a
ISIC_0032633,nv,nv,0.0002656993,0.0024073652,auto_accept,n/a
ISIC_0025611,mel,mel,0.019099375,0.8166793,escalate,n/a
ISIC_0024977,nv,nv,2.3988764e-06,1.8578074e-05,auto_accept,n/a
ISIC_0030495,nv,nv,9.520357e-10,3.5339612e-10,auto_accept,n/a
ISIC_0032585,nv,nv,0.00030527124,0.0016166223,auto_accept,n/a
ISIC_0026558,mel,nv,0.0062280996,0.06801721,auto_accept,n/a
ISIC_0029559,bkl,nv,0.017413547,0.0016418947,escalate,n/a
ISIC_0031767,nv,nv,1.01804e-07,3.273654e-06,auto_accept,n/a
ISIC_0031234,nv,nv,6.785002e-07,4.393799e-06,auto_accept,n/a
ISIC_0029131,nv,nv,6.2697794e-08,1.2622021e-07,auto_accept,n/a
ISIC_0025779,nv,nv,5.2575534e-11,3.8042266e-08,auto_accept,n/a
ISIC_0030894,nv,bkl,0.0055384906,0.18812819,auto_accept,n/a
ISIC_0025771,df,df,3.0439876e-06,4.059465e-05,auto_accept,n/a
ISIC_0028241,nv,nv,0.00014609499,0.001690047,auto_accept,n/a
ISIC_0030230,bcc,nv,0.0019991994,0.061377782,auto_accept,n/a
ISIC_0030056,bkl,bkl,1.4892056e-06,6.428588e-05,auto_accept,n/a
ISIC_0029984,nv,nv,0.00066497934,8.193723e-05,auto_accept,n/a
ISIC_0031354,nv,mel,0.015325414,0.9150399,escalate,n/a
ISIC_0032100,nv,nv,1.6558053e-07,4.3444476e-08,auto_accept,n/a
ISIC_0030471,nv,nv,1.5538964e-06,4.7427334e-06,auto_accept,n/a
ISIC_0027627,nv,nv,0.0018513995,0.00021694746,auto_accept,n/a
ISIC_0033640,nv,nv,2.2848879e-05,0.0009911554,auto_accept,n/a
ISIC_0031147,nv,nv,2.0689438e-06,2.2609895e-07,auto_accept,n/a
ISIC_0025489,mel,nv,0.012579643,0.21822882,auto_accept,n/a
ISIC_0028009,nv,nv,0.0019552864,0.00077161484,auto_accept,n/a
ISIC_0030535,nv,bkl,0.010323419,0.05935446,auto_accept,n/a
ISIC_0033960,nv,nv,2.9413188e-05,4.8012957e-05,auto_accept,n/a
ISIC_0033223,nv,nv,0.0011988109,0.0017457454,auto_accept,n/a
ISIC_0027357,nv,nv,3.761776e-07,3.410808e-05,auto_accept,n/a
ISIC_0030961,nv,nv,0.0001366895,0.000109447625,auto_accept,n/a
ISIC_0027833,nv,nv,4.2506495e-06,8.797387e-05,auto_accept,n/a
ISIC_0024543,nv,nv,3.6919468e-05,9.9480974e-05,auto_accept,n/a
ISIC_0027549,nv,nv,2.1321532e-06,1.5093826e-05,auto_accept,n/a
ISIC_0026779,nv,nv,2.6754619e-09,1.000534e-08,auto_accept,n/a
ISIC_0028838,nv,nv,4.543711e-05,0.00014539142,auto_accept,n/a
ISIC_0024392,nv,nv,8.1003737e-10,2.0618847e-07,auto_accept,n/a
ISIC_0032810,mel,mel,0.00910435,0.9027006,auto_accept,n/a
ISIC_0029419,nv,nv,3.8475923e-06,3.0581568e-09,auto_accept,n/a
ISIC_0032345,nv,mel,0.014096559,0.6248633,auto_accept,n/a
ISIC_0029236,nv,nv,1.5682283e-05,0.00022983608,auto_accept,n/a
ISIC_0028452,nv,nv,3.1238455e-05,4.9134383e-06,auto_accept,n/a
ISIC_0032163,nv,nv,0.00034171023,0.0038054015,auto_accept,n/a
ISIC_0026253,nv,nv,3.6535086e-05,9.977815e-05,auto_accept,n/a
ISIC_0026338,nv,nv,2.1093298e-08,3.8270787e-08,auto_accept,n/a
ISIC_0030038,nv,nv,0.010191632,0.19438177,auto_accept,n/a
ISIC_0026585,nv,nv,0.0023467059,1.1614688e-06,auto_accept,n/a
ISIC_0027411,nv,nv,3.2006885e-06,1.2260038e-08,auto_accept,n/a
ISIC_0029753,nv,nv,7.466728e-09,1.3152268e-06,auto_accept,n/a
ISIC_0025608,nv,nv,1.0029486e-08,1.9330673e-06,auto_accept,n/a
ISIC_0031793,nv,nv,2.7832689e-06,2.6573485e-05,auto_accept,n/a
ISIC_0028753,nv,nv,2.7651726e-05,1.9066057e-08,auto_accept,n/a
ISIC_0024746,nv,nv,0.002666786,7.267569e-07,auto_accept,n/a
ISIC_0027866,nv,nv,0.0008234432,6.333964e-05,auto_accept,n/a
ISIC_0033330,nv,nv,3.8478015e-07,1.0398855e-05,auto_accept,n/a
ISIC_0032527,nv,nv,1.232793e-05,2.8727956e-05,auto_accept,n/a
ISIC_0031172,nv,nv,4.69018e-05,6.875371e-06,auto_accept,n/a
ISIC_0032205,nv,nv,3.8546464e-08,6.815975e-07,auto_accept,n/a
ISIC_0033361,bkl,bkl,0.0030373596,0.10441752,auto_accept,n/a
ISIC_0026974,nv,nv,7.984746e-05,0.0024023375,auto_accept,n/a
ISIC_0026498,nv,nv,2.6034924e-05,3.8599064e-05,auto_accept,n/a
ISIC_0029406,bkl,bkl,0.004409992,0.5160969,auto_accept,n/a
ISIC_0028063,akiec,akiec,4.2200667e-05,0.99998975,auto_accept,n/a
ISIC_0028475,nv,nv,9.540144e-10,1.6623657e-07,auto_accept,n/a
ISIC_0024802,nv,nv,1.3775812e-05,2.6553887e-06,auto_accept,n/a
ISIC_0026227,nv,nv,8.911981e-05,4.407657e-06,auto_accept,n/a
ISIC_0032850,bcc,bcc,0.016108701,0.98843414,escalate,n/a
ISIC_0033596,nv,bkl,0.008532776,0.006143304,auto_accept,n/a
ISIC_0026221,nv,nv,1.592359e-07,2.9284521e-08,auto_accept,n/a
ISIC_0027996,bkl,bkl,0.0006313877,0.048198532,auto_accept,n/a
ISIC_0033850,nv,mel,0.0073724925,0.6859803,auto_accept,n/a
ISIC_0025022,nv,nv,1.936665e-06,1.8958819e-05,auto_accept,n/a
ISIC_0033701,bkl,bkl,0.007958969,0.009891831,auto_accept,n/a
ISIC_0030538,nv,nv,1.9976949e-07,3.2899661e-06,auto_accept,n/a
ISIC_0026634,bkl,bkl,0.002872881,0.22628875,auto_accept,n/a
ISIC_0030305,nv,nv,3.518175e-07,2.113985e-06,auto_accept,n/a
ISIC_0027943,nv,nv,2.1337803e-06,7.141907e-06,auto_accept,n/a
ISIC_0031681,nv,bkl,0.01985696,0.515688,escalate,n/a
ISIC_0029232,bkl,bkl,0.00019051893,0.00015210349,auto_accept,n/a
ISIC_0025433,bcc,bcc,0.005994686,0.85988367,auto_accept,n/a
ISIC_0028717,nv,nv,4.756558e-07,2.206952e-08,auto_accept,n/a
ISIC_0031754,nv,nv,0.00023408563,0.0016120855,auto_accept,n/a
ISIC_0024964,nv,nv,3.3713906e-08,6.1239183e-07,auto_accept,n/a
ISIC_0025276,bkl,mel,0.010547595,0.95173883,auto_accept,n/a
ISIC_0030220,nv,nv,1.0088593e-08,2.3832325e-07,auto_accept,n/a
ISIC_0032743,nv,nv,1.5893535e-05,0.001198326,auto_accept,n/a
ISIC_0030654,nv,nv,0.00062995625,2.6295227e-05,auto_accept,n/a
ISIC_0026255,nv,nv,1.8899662e-07,1.3041341e-07,auto_accept,n/a
ISIC_0032798,nv,nv,1.4633983e-05,0.00041019716,auto_accept,n/a
ISIC_0026281,mel,mel,0.019241268,0.7837638,escalate,n/a
ISIC_0032507,nv,nv,5.1970866e-05,5.021546e-07,auto_accept,n/a
ISIC_0032647,nv,nv,0.0001128288,6.102823e-05,auto_accept,n/a
ISIC_0030055,nv,nv,1.3247971e-07,4.953501e-07,auto_accept,n/a
ISIC_0024681,nv,nv,1.5139389e-06,4.3404384e-08,auto_accept,n/a
ISIC_0024456,nv,nv,0.000101534206,0.0032733418,auto_accept,n/a
ISIC_0024608,nv,mel,0.011695832,0.99809927,auto_accept,n/a
ISIC_0030111,nv,nv,7.502974e-09,1.1267697e-06,auto_accept,n/a
ISIC_0030505,nv,nv,1.1738279e-07,3.9804996e-05,auto_accept,n/a
ISIC_0033029,mel,mel,0.008916798,0.69841826,auto_accept,n/a
ISIC_0033036,nv,nv,4.3866866e-08,3.764754e-06,auto_accept,n/a
ISIC_0032371,akiec,akiec,1.4311444e-06,0.9999616,auto_accept,n/a
ISIC_0031904,nv,nv,0.0028966167,0.006943644,auto_accept,n/a
ISIC_0025297,bkl,bkl,0.002277859,0.018709652,auto_accept,n/a
ISIC_0030163,nv,nv,1.3828857e-09,7.518679e-09,auto_accept,n/a
ISIC_0029009,nv,nv,0.02899367,3.1232414e-09,escalate,n/a
ISIC_0028876,bkl,bkl,8.8550696e-05,0.0024072784,auto_accept,n/a
ISIC_0026553,bkl,bkl,0.0003467615,0.0021770285,auto_accept,n/a
ISIC_0027721,mel,bkl,0.0032445102,0.23732474,auto_accept,n/a
ISIC_0029944,nv,nv,3.9302586e-06,1.166087e-06,auto_accept,n/a
ISIC_0029979,nv,nv,3.4590322e-09,1.1933381e-06,auto_accept,n/a
ISIC_0025788,nv,nv,1.3577443e-06,0.00010041673,auto_accept,n/a
ISIC_0029661,nv,mel,0.0036743921,0.9568436,auto_accept,n/a
ISIC_0027890,nv,nv,4.1801684e-08,3.4489136e-09,auto_accept,n/a
ISIC_0024855,nv,nv,0.006799169,0.07011586,auto_accept,n/a
ISIC_0033409,nv,nv,7.8242505e-05,0.0021491905,auto_accept,n/a
ISIC_0025434,bkl,bkl,1.4875269e-06,0.00030687582,auto_accept,n/a
ISIC_0027515,nv,nv,6.7874635e-06,1.944195e-08,auto_accept,n/a
ISIC_0029859,mel,nv,7.6494835e-05,5.0400493e-05,auto_accept,n/a
ISIC_0030174,nv,nv,0.0022512977,0.039456815,auto_accept,n/a
ISIC_0034280,bkl,bkl,0.0058442205,0.1616803,auto_accept,n/a
ISIC_0029094,mel,mel,0.0023662194,0.9551262,auto_accept,n/a
ISIC_0031432,nv,nv,2.1773229e-05,2.8206894e-05,auto_accept,n/a
ISIC_0033942,mel,mel,0.0005623257,0.9867648,auto_accept,n/a
ISIC_0029535,nv,nv,6.6003704e-05,3.5140397e-07,auto_accept,n/a
ISIC_0030798,mel,mel,0.00016940445,0.9969126,auto_accept,n/a
ISIC_0033558,nv,nv,0.0005415987,0.00010335353,auto_accept,n/a
ISIC_0025185,nv,nv,3.769037e-07,1.1185534e-05,auto_accept,n/a
ISIC_0027148,nv,nv,3.892196e-07,1.523776e-06,auto_accept,n/a
ISIC_0028927,nv,nv,5.3241397e-06,0.00034619684,auto_accept,n/a
ISIC_0026635,nv,nv,0.0006352432,0.00011206214,auto_accept,n/a
ISIC_0027250,nv,nv,0.0011977104,0.0024831505,auto_accept,n/a
ISIC_0027448,nv,nv,0.00011956659,0.0034052734,auto_accept,n/a
ISIC_0028535,nv,nv,8.179336e-07,4.9496707e-06,auto_accept,n/a
ISIC_0033438,bkl,bkl,1.6024109e-06,5.5889727e-06,auto_accept,n/a
ISIC_0033982,nv,nv,0.0011626867,0.00041463514,auto_accept,n/a
ISIC_0031366,nv,nv,0.0025439973,0.045165937,auto_accept,n/a
ISIC_0025944,nv,nv,4.9983544e-07,2.0282772e-05,auto_accept,n/a
ISIC_0024509,nv,nv,1.0594734e-06,4.9492453e-05,auto_accept,n/a
ISIC_0024530,nv,nv,5.010644e-06,1.7318162e-07,auto_accept,n/a
ISIC_0031096,nv,nv,1.5850482e-08,6.085674e-10,auto_accept,n/a
ISIC_0027803,nv,nv,3.3723475e-09,7.300406e-08,auto_accept,n/a
ISIC_0029040,bkl,bkl,0.0013964197,0.017197475,auto_accept,n/a
ISIC_0029709,nv,nv,1.8642459e-07,2.6777192e-07,auto_accept,n/a
ISIC_0025876,bkl,bkl,7.97737e-06,0.0009119749,auto_accept,n/a
ISIC_0025867,bkl,bkl,5.1184225e-06,0.009132652,auto_accept,n/a
ISIC_0028349,nv,nv,5.629835e-05,0.0011662589,auto_accept,n/a
ISIC_0028684,nv,nv,0.0005452251,0.0012505548,auto_accept,n/a
ISIC_0025204,nv,nv,1.343085e-05,7.459087e-09,auto_accept,n/a
ISIC_0025623,bkl,bkl,0.0053644143,0.0017295831,auto_accept,n/a
ISIC_0026492,akiec,akiec,0.029577795,0.9813349,escalate,n/a
ISIC_0032129,bkl,bkl,0.0005106477,0.007421945,auto_accept,n/a
ISIC_0032932,vasc,vasc,2.4592285e-07,0.0007813505,auto_accept,n/a
ISIC_0031297,nv,nv,7.1860655e-09,1.4159131e-07,auto_accept,n/a
ISIC_0030843,mel,nv,0.0024942835,0.012533107,auto_accept,n/a
ISIC_0027223,nv,nv,1.6459758e-09,1.7806702e-08,auto_accept,n/a
ISIC_0024703,nv,nv,2.7045527e-07,8.8802226e-05,auto_accept,n/a
ISIC_0029326,nv,nv,1.5709418e-10,8.785148e-09,auto_accept,n/a
ISIC_0032052,nv,nv,1.3876236e-07,7.249536e-05,auto_accept,n/a
ISIC_0030950,mel,mel,7.745447e-06,0.9993499,auto_accept,n/a
ISIC_0026239,mel,mel,0.022700293,0.9243123,escalate,n/a
ISIC_0028112,nv,nv,7.3473174e-08,1.26672285e-05,auto_accept,n/a
ISIC_0028277,nv,nv,2.085278e-06,3.0726973e-05,auto_accept,n/a
ISIC_0030753,nv,nv,6.5257364e-06,1.2604783e-05,auto_accept,n/a
ISIC_0033192,mel,mel,0.0050732717,0.9821029,auto_accept,n/a
ISIC_0031395,nv,mel,0.010055572,0.8308334,auto_accept,n/a
ISIC_0029450,nv,nv,3.061195e-08,4.387376e-06,auto_accept,n/a
ISIC_0025700,bcc,bkl,0.0050178478,0.103767164,auto_accept,n/a
ISIC_0031579,nv,nv,7.1567314e-07,0.00031103307,auto_accept,n/a
ISIC_0027703,nv,nv,0.0015613327,1.1121555e-05,auto_accept,n/a
ISIC_0030288,nv,nv,6.936433e-09,1.2076109e-06,auto_accept,n/a
ISIC_0027056,nv,nv,5.689966e-07,8.1698316e-05,auto_accept,n/a
ISIC_0028055,nv,nv,2.7334499e-08,1.4054594e-08,auto_accept,n/a
ISIC_0024606,nv,nv,3.2809763e-05,1.9095685e-07,auto_accept,n/a
ISIC_0025479,nv,nv,3.8244187e-07,9.808361e-08,auto_accept,n/a
ISIC_0029849,bkl,bkl,0.011013328,0.33577088,auto_accept,n/a
ISIC_0032649,nv,nv,0.0012078293,0.012628148,auto_accept,n/a
ISIC_0031399,nv,nv,0.003183248,0.00867223,auto_accept,n/a
ISIC_0030025,nv,nv,1.6322371e-09,1.7475184e-08,auto_accept,n/a
ISIC_0029883,nv,nv,7.542529e-07,2.0856517e-06,auto_accept,n/a
ISIC_0031229,nv,nv,1.7562751e-06,1.05312886e-07,auto_accept,n/a
ISIC_0031260,nv,nv,1.2498192e-07,2.4235325e-07,auto_accept,n/a
ISIC_0029166,bkl,bkl,0.015169128,0.4539322,escalate,n/a
ISIC_0033307,bkl,bkl,0.0001764684,0.00011592441,auto_accept,n/a
ISIC_0032078,nv,nv,0.0020159385,7.751031e-05,auto_accept,n/a
ISIC_0024343,nv,nv,0.000109537104,0.002224338,auto_accept,n/a
ISIC_0033332,nv,nv,2.8305612e-07,4.73758e-06,auto_accept,n/a
ISIC_0027494,nv,nv,2.141955e-08,2.6293353e-07,auto_accept,n/a
ISIC_0029751,nv,nv,0.0015457517,9.9164745e-06,auto_accept,n/a
ISIC_0026582,nv,nv,1.2762304e-06,7.869202e-05,auto_accept,n/a
ISIC_0027391,nv,nv,1.45678e-05,1.8310857e-05,auto_accept,n/a
ISIC_0028225,mel,mel,0.01908691,0.52419883,escalate,n/a
ISIC_0027471,nv,nv,0.0048408397,0.056858987,auto_accept,n/a
ISIC_0029977,nv,nv,8.649422e-09,5.0132536e-07,auto_accept,n/a
ISIC_0028459,nv,nv,0.000545652,0.0014708317,auto_accept,n/a
ISIC_0029702,nv,nv,1.5925312e-07,3.0868325e-08,auto_accept,n/a
ISIC_0028902,nv,nv,3.782997e-07,3.925227e-05,auto_accept,n/a
ISIC_0027811,bkl,bkl,0.008448382,0.43086028,auto_accept,n/a
ISIC_0032858,nv,nv,0.00011604518,0.011840087,auto_accept,n/a
ISIC_0032435,nv,nv,1.7394703e-07,3.5498924e-06,auto_accept,n/a
ISIC_0033331,nv,nv,0.001530188,0.00028948887,auto_accept,n/a
ISIC_0026780,nv,nv,0.00010021193,0.0021236008,auto_accept,n/a
ISIC_0025652,nv,nv,4.841942e-07,9.891312e-06,auto_accept,n/a
ISIC_0028916,mel,bkl,0.0104687605,0.4182357,auto_accept,n/a
ISIC_0027059,nv,nv,1.8362678e-05,1.7946375e-05,auto_accept,n/a
ISIC_0031569,bcc,bcc,0.0050081187,0.9502404,auto_accept,n/a
ISIC_0032889,nv,nv,4.1117088e-05,0.00011202464,auto_accept,n/a
ISIC_0032564,mel,mel,2.4519062e-05,0.99940884,auto_accept,n/a
ISIC_0029806,nv,nv,1.3227047e-07,3.3597918e-09,auto_accept,n/a
ISIC_0026064,nv,nv,0.0012645739,1.8208718e-08,auto_accept,n/a
ISIC_0029507,nv,nv,3.8474006e-08,2.692158e-07,auto_accept,n/a
ISIC_0033375,nv,nv,1.0625671e-07,5.283228e-07,auto_accept,n/a
ISIC_0029414,nv,nv,5.033038e-09,4.2091926e-08,auto_accept,n/a
ISIC_0025159,nv,nv,4.0561713e-07,2.6748503e-06,auto_accept,n/a
ISIC_0026851,nv,nv,1.7561877e-07,7.358912e-07,auto_accept,n/a
ISIC_0031029,bkl,bkl,0.0077067534,0.14803553,auto_accept,n/a
ISIC_0028539,nv,nv,1.219281e-05,1.0710265e-06,auto_accept,n/a
ISIC_0030042,nv,nv,1.4025886e-07,9.485594e-07,auto_accept,n/a
ISIC_0030557,nv,mel,0.00916713,0.98429203,auto_accept,n/a
ISIC_0029395,nv,nv,5.7604193e-05,0.00025398078,auto_accept,n/a
ISIC_0033917,nv,bkl,0.017296977,0.01804901,escalate,n/a
ISIC_0026174,bkl,bkl,0.00019381008,0.016009614,auto_accept,n/a
ISIC_0033952,bkl,bkl,0.0002492233,0.0022339881,auto_accept,n/a
ISIC_0030683,bkl,bkl,0.012437425,0.35303763,auto_accept,n/a
ISIC_0025823,nv,nv,0.0002742561,0.0034342944,auto_accept,n/a
ISIC_0033107,nv,nv,0.0003054443,0.004124366,auto_accept,n/a
ISIC_0025117,nv,nv,0.005546858,0.012953342,auto_accept,n/a
ISIC_0029539,bcc,bcc,4.0791704e-07,0.99992585,auto_accept,n/a
ISIC_0025296,nv,nv,2.2149715e-08,1.2092105e-06,auto_accept,n/a
ISIC_0031859,nv,nv,5.969186e-06,2.3967036e-06,auto_accept,n/a
ISIC_0030887,nv,nv,7.849818e-07,1.7027767e-05,auto_accept,n/a
ISIC_0030568,nv,nv,4.3037176e-08,2.6270272e-06,auto_accept,n/a
ISIC_0031060,bkl,bkl,5.8981164e-05,0.074806504,auto_accept,n/a
ISIC_0028460,mel,mel,0.006040973,0.9656144,auto_accept,n/a
ISIC_0027305,nv,nv,0.0006552034,0.00919449,auto_accept,n/a
ISIC_0027098,nv,mel,0.007376932,0.8051448,auto_accept,n/a
ISIC_0031909,nv,nv,7.054218e-05,1.4862258e-05,auto_accept,n/a
ISIC_0029951,bcc,bcc,2.2791646e-07,0.99972814,auto_accept,n/a
ISIC_0027754,bkl,bkl,0.00037789615,0.020071657,auto_accept,n/a
ISIC_0032905,nv,mel,0.014642072,0.13229129,auto_accept,n/a
ISIC_0031365,nv,nv,6.7296646e-06,7.6196325e-06,auto_accept,n/a
ISIC_0031339,mel,mel,6.0358107e-06,0.99803656,auto_accept,n/a
ISIC_0032473,nv,nv,1.3054863e-05,4.958032e-06,auto_accept,n/a
ISIC_0024465,nv,nv,2.0809536e-09,1.0737868e-06,auto_accept,n/a
ISIC_0028546,nv,nv,1.4306367e-07,4.031248e-10,auto_accept,n/a
ISIC_0030916,nv,nv,1.284127e-06,6.92567e-05,auto_accept,n/a
ISIC_0034128,nv,nv,5.0637495e-06,0.00045620758,auto_accept,n/a
ISIC_0024965,nv,nv,0.008662456,0.03761597,auto_accept,n/a
ISIC_0029066,nv,nv,1.0424027e-05,9.248398e-07,auto_accept,n/a
ISIC_0030151,nv,bkl,0.00071456644,0.103866264,auto_accept,n/a
ISIC_0032430,mel,nv,0.015144506,0.3796557,escalate,n/a
ISIC_0033770,bkl,bkl,0.00020325786,0.12875023,auto_accept,n/a
ISIC_0033544,nv,nv,4.7060275e-05,0.0004888107,auto_accept,n/a
ISIC_0033167,nv,nv,2.8618155e-05,0.0012005881,auto_accept,n/a
ISIC_0027787,nv,nv,8.679476e-06,3.4472683e-07,auto_accept,n/a
ISIC_0030029,nv,nv,2.1439249e-07,2.0711113e-06,auto_accept,n/a
ISIC_0033269,mel,mel,3.9262384e-05,0.99304247,auto_accept,n/a
ISIC_0024947,bkl,bkl,0.0008451777,0.020269478,auto_accept,n/a
ISIC_0029897,bkl,bkl,0.001315248,0.04124662,auto_accept,n/a
ISIC_0025137,nv,nv,2.805474e-10,2.1249244e-08,auto_accept,n/a
ISIC_0024367,mel,mel,0.023615142,0.6894687,escalate,n/a
ISIC_0024989,nv,nv,1.4150536e-05,4.333211e-06,auto_accept,n/a
ISIC_0032724,mel,mel,0.008694189,0.9790661,auto_accept,n/a
ISIC_0030045,nv,nv,0.00047262726,0.00041376788,auto_accept,n/a
ISIC_0033951,nv,nv,1.3393126e-05,0.0013756899,auto_accept,n/a
ISIC_0034096,nv,nv,0.012962662,0.3678774,auto_accept,n/a
ISIC_0029212,mel,mel,0.0012805024,0.9981781,auto_accept,n/a
ISIC_0032537,mel,mel,0.023373729,0.904762,escalate,n/a
ISIC_0033364,nv,mel,0.013062365,0.5142702,auto_accept,n/a
ISIC_0025333,nv,nv,1.6688828e-07,3.167123e-09,auto_accept,n/a
ISIC_0030743,nv,nv,0.0049821916,2.8762362e-05,auto_accept,n/a
ISIC_0028896,nv,nv,2.4497918e-05,0.000147708,auto_accept,n/a
ISIC_0026045,mel,mel,0.0015081159,0.9777681,auto_accept,n/a
ISIC_0025442,nv,nv,0.00023321077,0.00024645127,auto_accept,n/a
ISIC_0033465,bkl,bkl,0.0056389025,0.012030901,auto_accept,n/a
ISIC_0029601,nv,nv,5.861184e-07,5.052138e-06,auto_accept,n/a
ISIC_0029431,nv,nv,4.771312e-07,6.4216583e-06,auto_accept,n/a
ISIC_0028286,nv,nv,2.334544e-06,1.1758666e-05,auto_accept,n/a
ISIC_0031704,nv,nv,0.00032552745,9.1468513e-07,auto_accept,n/a
ISIC_0031768,nv,nv,3.1302625e-07,5.846753e-05,auto_accept,n/a
ISIC_0029118,nv,nv,0.0017673147,0.002768924,auto_accept,n/a
ISIC_0031701,nv,nv,0.0013971205,0.0090830065,auto_accept,n/a
ISIC_0028437,nv,nv,0.00011028243,0.0072151036,auto_accept,n/a
ISIC_0028001,nv,nv,1.2226107e-05,1.2596453e-05,auto_accept,n/a
ISIC_0027046,bcc,bcc,0.004153778,0.94371235,auto_accept,n/a
ISIC_0028529,nv,nv,0.015340767,0.43372956,escalate,n/a
ISIC_0028045,nv,nv,0.00014380002,0.0030181545,auto_accept,n/a
ISIC_0029124,nv,nv,1.6822863e-06,2.4108728e-09,auto_accept,n/a
ISIC_0026644,bkl,bkl,0.0008759942,0.0068408293,auto_accept,n/a
ISIC_0029725,nv,nv,0.009558184,0.32957512,auto_accept,n/a
ISIC_0024587,nv,nv,0.0050201886,0.01847142,auto_accept,n/a
ISIC_0027550,akiec,mel,0.008921704,0.8248063,auto_accept,n/a
ISIC_0031671,nv,nv,1.1747767e-07,2.112246e-06,auto_accept,n/a
ISIC_0025444,nv,nv,3.681785e-07,4.1332105e-06,auto_accept,n/a
ISIC_0025378,bkl,bkl,0.0001470533,0.002010638,auto_accept,n/a
ISIC_0032172,nv,nv,0.0012418331,0.0018517879,auto_accept,n/a
ISIC_0026410,nv,nv,1.5259391e-07,8.571605e-07,auto_accept,n/a
ISIC_0032393,nv,nv,1.197171e-06,3.8354432e-05,auto_accept,n/a
ISIC_0027252,nv,nv,1.9957666e-05,4.613474e-06,auto_accept,n/a
ISIC_0024686,nv,nv,0.0015731193,0.00016835824,auto_accept,n/a
ISIC_0033000,akiec,akiec,0.004609528,0.9980538,auto_accept,n/a
ISIC_0025405,nv,nv,1.4004544e-05,0.002086825,auto_accept,n/a
ISIC_0024415,nv,nv,1.5300408e-07,7.965444e-07,auto_accept,n/a
ISIC_0032951,nv,nv,0.0050739828,0.0052691987,auto_accept,n/a
ISIC_0029423,nv,nv,0.00010354149,7.234367e-06,auto_accept,n/a
ISIC_0026858,nv,nv,1.8016271e-09,6.69403e-08,auto_accept,n/a
ISIC_0031789,bcc,bkl,0.009755896,0.044819657,auto_accept,n/a
ISIC_0028404,bkl,bcc,0.022985479,0.82760763,escalate,n/a
ISIC_0027653,nv,nv,5.7962425e-05,0.00040231878,auto_accept,n/a
ISIC_0032042,nv,nv,0.017108858,0.028362798,escalate,n/a
ISIC_0025291,nv,nv,8.4046654e-08,8.856822e-07,auto_accept,n/a
ISIC_0032581,nv,nv,7.623707e-06,0.00014156016,auto_accept,n/a
ISIC_0026193,nv,nv,6.844822e-08,7.277078e-08,auto_accept,n/a
ISIC_0032083,nv,nv,2.4945708e-08,6.40491e-07,auto_accept,n/a
ISIC_0028056,mel,mel,0.012103146,0.8809944,auto_accept,n/a
ISIC_0028875,nv,nv,4.896042e-06,0.00019013975,auto_accept,n/a
ISIC_0029812,nv,mel,0.009709534,0.88635546,auto_accept,n/a
ISIC_0026374,nv,bkl,0.00576499,0.042263307,auto_accept,n/a
ISIC_0033972,nv,nv,0.009654543,0.002298335,auto_accept,n/a
ISIC_0029823,bkl,bkl,0.00020307598,0.04858839,auto_accept,n/a
ISIC_0029796,nv,nv,0.00033399687,8.908649e-06,auto_accept,n/a
ISIC_0032765,nv,bkl,0.00949,0.0014707644,auto_accept,n/a
ISIC_0028314,akiec,akiec,1.8245963e-05,0.9996891,auto_accept,n/a
ISIC_0032094,nv,nv,5.332486e-07,7.8629004e-05,auto_accept,n/a
ISIC_0028749,bkl,bkl,0.011771755,0.45407903,auto_accept,n/a
ISIC_0032049,nv,nv,4.4009712e-07,8.420047e-05,auto_accept,n/a
ISIC_0033923,nv,nv,1.0331963e-05,0.00086967554,auto_accept,n/a
ISIC_0024638,nv,nv,4.998011e-06,0.00053526345,auto_accept,n/a
ISIC_0029884,mel,mel,0.010970617,0.9739125,auto_accept,n/a
ISIC_0027346,nv,mel,0.0028874301,0.93797815,auto_accept,n/a
ISIC_0026937,nv,nv,5.3536436e-08,5.4021516e-06,auto_accept,n/a
ISIC_0025654,bkl,bkl,5.252458e-06,0.00038188102,auto_accept,n/a
ISIC_0026755,nv,nv,1.6008565e-08,1.5562767e-06,auto_accept,n/a
ISIC_0025424,nv,nv,0.0003604409,0.004196499,auto_accept,n/a
ISIC_0026520,nv,nv,2.7631124e-05,0.00032709524,auto_accept,n/a
ISIC_0032389,mel,mel,0.00064344314,0.99588376,auto_accept,n/a
ISIC_0032623,nv,nv,0.005016334,0.014593586,auto_accept,n/a
ISIC_0034166,nv,nv,0.00024729496,6.564937e-05,auto_accept,n/a
ISIC_0031809,nv,nv,0.0034335214,0.007129694,auto_accept,n/a
ISIC_0027836,nv,nv,2.9473235e-09,1.5985346e-08,auto_accept,n/a
ISIC_0025211,nv,nv,4.0398387e-05,7.651892e-06,auto_accept,n/a
ISIC_0029585,bkl,bkl,0.0009896511,0.12907842,auto_accept,n/a
ISIC_0032177,nv,nv,2.6022198e-07,1.7159974e-07,auto_accept,n/a
ISIC_0029170,mel,nv,0.0006976604,0.0018486584,auto_accept,n/a
ISIC_0027115,nv,nv,3.163177e-05,5.4262796e-06,auto_accept,n/a
ISIC_0032460,bkl,bkl,0.009991291,0.0017014042,auto_accept,n/a
ISIC_0025627,bkl,bkl,0.013657556,0.2351097,auto_accept,n/a
ISIC_0025744,mel,mel,0.008775118,0.98141116,auto_accept,n/a
ISIC_0029736,nv,nv,4.0923747e-05,0.0017470538,auto_accept,n/a
ISIC_0032815,nv,nv,3.878361e-08,7.613633e-06,auto_accept,n/a
ISIC_0030813,bcc,bcc,7.199184e-09,0.99996114,auto_accept,n/a
ISIC_0031078,bkl,mel,0.020982997,0.97218806,escalate,n/a
ISIC_0026760,bcc,bcc,2.2982204e-06,0.9998939,auto_accept,n/a
ISIC_0027388,bkl,bkl,0.0005585545,0.084823355,auto_accept,n/a
ISIC_0027698,nv,nv,0.0039301696,0.0056192316,auto_accept,n/a
ISIC_0029928,nv,nv,8.5162134e-11,2.2055527e-10,auto_accept,n/a
ISIC_0025337,bkl,bkl,0.00024336427,0.014390159,auto_accept,n/a
ISIC_0024847,nv,nv,2.4674003e-07,1.8488501e-05,auto_accept,n/a
ISIC_0030412,nv,nv,4.5921115e-06,0.00072750455,auto_accept,n/a
ISIC_0025274,nv,nv,4.297617e-06,2.6423177e-05,auto_accept,n/a
ISIC_0024660,nv,nv,3.9565003e-07,3.0794567e-05,auto_accept,n/a
ISIC_0032863,bkl,mel,0.020594029,0.5192823,escalate,n/a
ISIC_0030331,nv,nv,5.7431334e-05,4.0877285e-07,auto_accept,n/a
ISIC_0025342,nv,nv,0.008256173,0.0040844656,auto_accept,n/a
ISIC_0028837,nv,nv,0.0088162795,0.06517369,auto_accept,n/a
ISIC_0033806,mel,mel,0.0025360456,0.9820435,auto_accept,n/a
ISIC_0024897,bcc,bcc,5.372714e-06,0.999992,auto_accept,n/a
ISIC_0025577,akiec,akiec,0.018551005,0.92543024,escalate,n/a
ISIC_0025853,nv,nv,0.0034628636,0.0015295446,auto_accept,n/a
ISIC_0034114,nv,nv,3.6648762e-05,0.0005127288,auto_accept,n/a
ISIC_0029577,nv,mel,0.0145499455,0.68111545,auto_accept,n/a
ISIC_0033602,nv,nv,3.5278503e-05,0.0015526356,auto_accept,n/a
ISIC_0030986,akiec,akiec,0.0043737316,0.9984236,auto_accept,n/a
ISIC_0033855,bkl,bkl,0.01037291,2.521421e-05,auto_accept,n/a
ISIC_0032141,nv,nv,2.8347074e-05,0.001093767,auto_accept,n/a
ISIC_0027186,nv,nv,1.2862724e-07,6.9027955e-08,auto_accept,n/a
ISIC_0030689,mel,bkl,0.012445368,0.22409542,auto_accept,n/a
ISIC_0033260,bkl,bkl,0.00016115389,0.00010013263,auto_accept,n/a
ISIC_0025781,bkl,bkl,0.007413365,0.07067521,auto_accept,n/a
ISIC_0024793,nv,nv,0.0015755469,0.012873572,auto_accept,n/a
ISIC_0024757,nv,mel,0.013537943,0.9753734,auto_accept,n/a
ISIC_0032228,nv,nv,0.00081340777,2.5292945e-07,auto_accept,n/a
ISIC_0032929,bkl,akiec,0.006487106,0.9982083,auto_accept,n/a
ISIC_0032122,nv,nv,6.0135065e-08,6.273054e-07,auto_accept,n/a
ISIC_0032428,nv,nv,6.6620785e-05,0.0017559495,auto_accept,n/a
ISIC_0030493,nv,nv,0.0002039096,0.00980947,auto_accept,n/a
ISIC_0032747,nv,nv,6.0488564e-05,0.00010276457,auto_accept,n/a
ISIC_0032894,bcc,bcc,0.0076640216,0.9975038,auto_accept,n/a
ISIC_0024790,nv,nv,0.0024241975,0.120127775,auto_accept,n/a
ISIC_0032664,nv,nv,0.00015713742,0.0007851028,auto_accept,n/a
ISIC_0031611,nv,nv,7.293799e-06,4.0954914e-05,auto_accept,n/a
ISIC_0030619,nv,nv,1.9289616e-06,1.259235e-06,auto_accept,n/a
ISIC_0032429,bcc,bcc,7.364951e-08,0.99994683,auto_accept,n/a
ISIC_0027462,nv,mel,0.015999047,0.83935755,escalate,n/a
ISIC_0026311,bkl,bkl,0.0005186262,3.504654e-05,auto_accept,n/a
ISIC_0032062,nv,nv,0.0034293695,0.055049416,auto_accept,n/a
ISIC_0033879,nv,nv,7.6045503e-06,0.00086865533,auto_accept,n/a
ISIC_0031482,nv,nv,0.0016005946,1.4890023e-05,auto_accept,n/a
ISIC_0025843,nv,nv,3.6676422e-08,3.2563552e-08,auto_accept,n/a
ISIC_0032370,nv,nv,6.078512e-10,3.16021e-08,auto_accept,n/a
ISIC_0026119,nv,nv,8.971506e-08,1.4286838e-06,auto_accept,n/a
ISIC_0029004,nv,nv,1.1837999e-06,5.3413567e-07,auto_accept,n/a
ISIC_0026806,nv,nv,0.001018485,4.9526257e-05,auto_accept,n/a
ISIC_0030470,nv,nv,3.8987615e-08,3.2228223e-07,auto_accept,n/a
ISIC_0029373,nv,nv,4.9193845e-09,5.418686e-07,auto_accept,n/a
ISIC_0027405,nv,nv,8.241201e-08,5.569628e-09,auto_accept,n/a
ISIC_0029186,nv,nv,6.380163e-08,1.7977286e-06,auto_accept,n/a
ISIC_0028242,nv,nv,1.2544054e-07,1.00089316e-07,auto_accept,n/a
ISIC_0029743,nv,nv,0.00027429993,0.000360047,auto_accept,n/a
ISIC_0033555,nv,nv,0.003062137,0.004923291,auto_accept,n/a
ISIC_0030430,nv,nv,1.1252564e-08,7.5688333e-10,auto_accept,n/a
ISIC_0024593,nv,nv,0.0011964379,0.010522095,auto_accept,n/a
ISIC_0033930,nv,nv,5.8978127e-05,0.00054730603,auto_accept,n/a
ISIC_0033290,nv,mel,0.023113778,0.78555095,escalate,n/a
ISIC_0028385,nv,nv,0.0017602582,0.009277169,auto_accept,n/a
ISIC_0029740,mel,mel,0.00018334063,0.99864405,auto_accept,n/a
ISIC_0029064,nv,nv,1.5837267e-07,1.0876064e-06,auto_accept,n/a
ISIC_0025150,nv,nv,3.8153808e-06,1.3496176e-06,auto_accept,n/a
ISIC_0026890,nv,nv,0.00028977613,0.0052924957,auto_accept,n/a
ISIC_0028536,nv,nv,1.3431888e-08,5.5946376e-09,auto_accept,n/a
ISIC_0027810,nv,nv,9.4599733e-07,8.830284e-05,auto_accept,n/a
ISIC_0028228,mel,mel,0.00022235385,0.99776673,auto_accept,n/a
ISIC_0027105,mel,mel,0.009366052,0.95120054,auto_accept,n/a
ISIC_0024927,nv,nv,4.1844578e-05,0.0057278406,auto_accept,n/a
ISIC_0033886,mel,mel,0.0002533664,0.9988998,auto_accept,n/a
ISIC_0026211,nv,nv,4.334222e-06,2.5308986e-05,auto_accept,n/a
ISIC_0031319,nv,nv,1.9786266e-05,7.4545074e-05,auto_accept,n/a
ISIC_0025515,bkl,bkl,0.003127043,0.034139216,auto_accept,n/a
ISIC_0032769,nv,nv,4.601849e-05,0.0002602621,auto_accept,n/a
ISIC_0025415,nv,nv,1.1369674e-05,0.00021487378,auto_accept,n/a
ISIC_0031074,nv,mel,0.0023589288,0.9587549,auto_accept,n/a
ISIC_0030821,akiec,mel,0.014531386,0.61015004,auto_accept,n/a
ISIC_0032194,bcc,bcc,2.0176371e-07,0.9981647,auto_accept,n/a
ISIC_0026452,nv,nv,5.6914465e-05,0.0007205112,auto_accept,n/a
ISIC_0026390,nv,nv,1.5721847e-05,0.00016950624,auto_accept,n/a
ISIC_0030235,nv,nv,5.69875e-08,5.1075644e-10,auto_accept,n/a
ISIC_0024607,nv,nv,9.540907e-08,9.388149e-08,auto_accept,n/a
ISIC_0027267,nv,nv,3.8219532e-05,8.068423e-05,auto_accept,n/a
ISIC_0026817,nv,nv,5.11189e-06,5.117209e-05,auto_accept,n/a
ISIC_0028362,nv,nv,2.0114367e-05,3.1440144e-05,auto_accept,n/a
ISIC_0027767,akiec,bkl,0.01980428,0.010395681,escalate,n/a
ISIC_0024532,nv,nv,2.8044977e-07,2.1150626e-07,auto_accept,n/a
ISIC_0029062,bkl,bkl,0.0061517544,0.026346441,auto_accept,n/a
ISIC_0030660,nv,nv,9.406081e-06,1.2828861e-09,auto_accept,n/a
ISIC_0031269,nv,nv,0.00018297206,0.0018362709,auto_accept,n/a
ISIC_0031603,nv,akiec,0.019722847,0.9341249,escalate,n/a
ISIC_0033783,bkl,bkl,6.540867e-05,0.013439259,auto_accept,n/a
ISIC_0034115,bkl,bkl,0.013635692,0.00041566847,auto_accept,n/a
ISIC_0032684,mel,mel,2.1400449e-05,0.99930954,auto_accept,n/a
ISIC_0029801,bkl,bkl,2.4846267e-07,0.00043133882,auto_accept,n/a
ISIC_0027339,nv,nv,5.0448516e-06,1.3454292e-07,auto_accept,n/a
ISIC_0031001,nv,mel,0.002780707,0.93021727,auto_accept,n/a
ISIC_0024673,bcc,bcc,0.0040982007,0.9998555,auto_accept,n/a
ISIC_0033359,nv,nv,0.0063062026,0.08944134,auto_accept,n/a
ISIC_0024625,nv,nv,0.002174202,0.026493032,auto_accept,n/a
ISIC_0031404,nv,bcc,0.0060540712,0.99933165,auto_accept,n/a
ISIC_0027687,nv,nv,3.2778736e-08,5.23451e-08,auto_accept,n/a
ISIC_0033965,nv,nv,0.00024091169,0.0060523073,auto_accept,n/a
ISIC_0032960,mel,bkl,0.024262298,0.55941594,escalate,n/a
ISIC_0026725,nv,nv,3.0604375e-07,1.0790293e-06,auto_accept,n/a
ISIC_0027368,nv,nv,7.4206044e-05,0.009873187,auto_accept,n/a
ISIC_0027210,vasc,vasc,0.00911834,0.00063487014,auto_accept,n/a
ISIC_0033155,nv,nv,0.011001067,0.011094425,auto_accept,n/a
ISIC_0030560,nv,nv,2.2799449e-07,3.0620683e-06,auto_accept,n/a
ISIC_0025758,bkl,bkl,0.0038755003,2.0986984e-06,auto_accept,n/a
ISIC_0024354,nv,nv,0.0041465363,0.00030974083,auto_accept,n/a
ISIC_0026996,mel,nv,0.0061445017,0.029284464,auto_accept,n/a
ISIC_0026424,nv,nv,1.5005417e-06,6.635815e-05,auto_accept,n/a
ISIC_0029882,nv,nv,8.473261e-09,3.1520706e-08,auto_accept,n/a
ISIC_0029074,nv,nv,6.439215e-07,4.373469e-09,auto_accept,n/a
ISIC_0031729,nv,nv,9.419033e-06,4.268253e-06,auto_accept,n/a
ISIC_0027869,nv,nv,3.9888755e-06,2.1830897e-06,auto_accept,n/a
ISIC_0029437,nv,nv,0.00019812614,0.0014621844,auto_accept,n/a
ISIC_0026176,nv,nv,1.0032034e-06,1.3765247e-05,auto_accept,n/a
ISIC_0033252,bkl,bkl,0.013710491,0.00019876215,auto_accept,n/a
ISIC_0031452,nv,nv,1.6892454e-08,5.277346e-08,auto_accept,n/a
ISIC_0032448,nv,nv,0.009003504,0.12579125,auto_accept,n/a
ISIC_0034259,bkl,bkl,3.227713e-06,0.011153897,auto_accept,n/a
ISIC_0028880,df,df,0.0040145377,0.035118952,auto_accept,n/a
ISIC_0025474,nv,nv,2.8845262e-08,2.515319e-07,auto_accept,n/a
ISIC_0027625,nv,nv,1.5307413e-07,1.5633589e-07,auto_accept,n/a
ISIC_0025361,nv,nv,8.0438845e-08,8.696733e-06,auto_accept,n/a
ISIC_0032288,nv,nv,1.7271672e-07,1.242454e-08,auto_accept,n/a
ISIC_0030569,nv,nv,2.7043174e-05,0.0005222744,auto_accept,n/a
ISIC_0028315,nv,nv,7.958021e-06,3.365038e-06,auto_accept,n/a
ISIC_0024755,nv,nv,2.6690868e-06,7.253713e-07,auto_accept,n/a
ISIC_0033425,nv,nv,0.0018592887,0.0069946847,auto_accept,n/a
ISIC_0028076,akiec,akiec,0.0018831969,0.95582163,auto_accept,n/a
ISIC_0031021,nv,nv,1.0235117e-09,1.1739173e-09,auto_accept,n/a
ISIC_0025995,nv,nv,6.049143e-06,1.3678107e-05,auto_accept,n/a
ISIC_0025142,nv,nv,6.8327927e-07,1.0430631e-06,auto_accept,n/a
ISIC_0024722,nv,nv,2.0860707e-06,1.344815e-06,auto_accept,n/a
ISIC_0024768,nv,nv,3.994135e-07,3.6199526e-06,auto_accept,n/a
ISIC_0033873,nv,nv,0.011238041,0.07458857,auto_accept,n/a
ISIC_0027538,nv,bkl,0.020371784,0.0907712,escalate,n/a
ISIC_0028835,nv,nv,8.3071143e-07,5.945564e-09,auto_accept,n/a
ISIC_0028283,bcc,bcc,1.7541464e-05,0.99985194,auto_accept,n/a
ISIC_0031668,nv,nv,0.0058391434,1.0068995e-06,auto_accept,n/a
ISIC_0026466,akiec,bkl,0.012837057,0.06283757,auto_accept,n/a
ISIC_0026971,nv,nv,1.1429342e-07,1.6700911e-05,auto_accept,n/a
ISIC_0031416,nv,nv,1.5019968e-06,8.972108e-05,auto_accept,n/a
ISIC_0024878,nv,nv,2.8306305e-08,3.483416e-05,auto_accept,n/a
ISIC_0032426,nv,nv,2.4871875e-08,1.2003802e-07,auto_accept,n/a
ISIC_0027451,bkl,bkl,0.0008593742,0.18250698,auto_accept,n/a
ISIC_0029873,nv,nv,2.0690795e-06,2.4188661e-05,auto_accept,n/a
ISIC_0026881,nv,nv,1.115091e-10,7.0569397e-12,auto_accept,n/a
ISIC_0028660,nv,nv,1.3996497e-07,3.484289e-08,auto_accept,n/a
ISIC_0029626,nv,nv,0.00045868682,0.0025583375,auto_accept,n/a
ISIC_0025694,nv,nv,1.4726204e-07,3.0502972e-07,auto_accept,n/a
ISIC_0026228,nv,nv,9.3418066e-08,1.0596389e-05,auto_accept,n/a
ISIC_0030545,nv,nv,1.0828476e-07,6.111943e-05,auto_accept,n/a
ISIC_0028547,nv,nv,4.2892625e-05,0.0009816595,auto_accept,n/a
ISIC_0030293,nv,nv,3.033577e-05,4.7748945e-05,auto_accept,n/a
ISIC_0032972,bkl,bkl,0.0021487835,0.000109693996,auto_accept,n/a
ISIC_0026282,bcc,bkl,0.016723515,0.119652644,escalate,n/a
ISIC_0027414,nv,nv,5.3519992e-12,5.3671217e-12,auto_accept,n/a
ISIC_0025768,nv,nv,1.1978914e-08,1.9933195e-09,auto_accept,n/a
ISIC_0034253,mel,mel,9.694247e-05,0.9992409,auto_accept,n/a
ISIC_0026772,nv,nv,5.2046238e-05,1.1128334e-05,auto_accept,n/a
ISIC_0029988,nv,nv,3.4357478e-07,3.043137e-10,auto_accept,n/a
ISIC_0033573,mel,mel,0.0055923956,0.9510582,auto_accept,n/a
ISIC_0034241,nv,nv,8.395694e-05,0.00012733071,auto_accept,n/a
ISIC_0029560,nv,mel,0.0137060005,0.845416,auto_accept,n/a
ISIC_0028841,nv,nv,1.2849423e-09,1.7326088e-06,auto_accept,n/a
ISIC_0028587,bkl,bkl,4.5315753e-07,0.020452302,auto_accept,n/a
ISIC_0028523,nv,nv,5.7510863e-07,4.032298e-08,auto_accept,n/a
ISIC_0024621,nv,nv,6.682017e-08,5.129771e-08,auto_accept,n/a
ISIC_0032605,nv,nv,1.51399945e-05,4.5062725e-06,auto_accept,n/a
ISIC_0027156,nv,nv,0.000771204,0.00015056913,auto_accept,n/a
ISIC_0026242,nv,nv,2.338177e-08,1.506789e-07,auto_accept,n/a
ISIC_0029566,nv,nv,0.00017610674,0.00075473497,auto_accept,n/a
ISIC_0026314,mel,nv,0.0029155195,0.04949627,auto_accept,n/a
ISIC_0024510,nv,nv,0.0003590187,2.2246353e-07,auto_accept,n/a
ISIC_0033482,bkl,bkl,0.0036915499,0.64153755,auto_accept,n/a
ISIC_0031561,mel,mel,0.00027001373,0.9804857,auto_accept,n/a
ISIC_0029606,mel,mel,0.003159114,0.99448955,auto_accept,n/a
ISIC_0032441,mel,bkl,0.0074190055,0.10548919,auto_accept,n/a
ISIC_0027314,nv,nv,4.1182386e-08,5.556293e-07,auto_accept,n/a
ISIC_0031689,nv,nv,7.5185453e-06,3.8615744e-05,auto_accept,n/a
ISIC_0028581,nv,nv,0.014436955,0.0054317582,auto_accept,n/a
ISIC_0025348,nv,nv,0.00012951808,0.000112067595,auto_accept,n/a
ISIC_0033048,nv,nv,1.6134627e-05,4.7528038e-06,auto_accept,n/a
ISIC_0027383,nv,nv,7.489595e-06,1.6910242e-06,auto_accept,n/a
ISIC_0033974,nv,nv,0.00026276472,0.0026387093,auto_accept,n/a
ISIC_0024682,nv,nv,1.3354912e-06,8.232201e-06,auto_accept,n/a
ISIC_0029150,nv,nv,0.00013818977,3.826966e-06,auto_accept,n/a
ISIC_0026062,nv,nv,1.0783622e-05,4.3177333e-05,auto_accept,n/a
ISIC_0029527,bkl,bkl,0.00011411557,0.06692891,auto_accept,n/a
ISIC_0027071,mel,mel,0.00010301377,0.9994437,auto_accept,n/a
ISIC_0032873,mel,mel,0.019034756,0.9842259,escalate,n/a
ISIC_0033901,mel,mel,0.01237925,0.97594315,auto_accept,n/a
ISIC_0029375,nv,nv,2.9141717e-07,6.832265e-06,auto_accept,n/a
ISIC_0029110,nv,nv,1.6294223e-06,3.7312297e-08,auto_accept,n/a
ISIC_0026595,nv,nv,0.0018191946,0.024596082,auto_accept,n/a
ISIC_0026114,nv,nv,3.2894988e-07,1.813921e-05,auto_accept,n/a
ISIC_0032391,nv,nv,1.9972561e-10,2.0048538e-09,auto_accept,n/a
ISIC_0028761,nv,nv,0.0035899512,0.022770166,auto_accept,n/a
ISIC_0032024,bkl,akiec,0.017815944,0.8452894,escalate,n/a
ISIC_0025935,nv,nv,5.245401e-06,8.0034715e-07,auto_accept,n/a
ISIC_0026750,nv,nv,8.089173e-05,0.00018624013,auto_accept,n/a
ISIC_0031942,nv,nv,1.7676239e-05,0.00040531062,auto_accept,n/a
ISIC_0026982,nv,nv,1.9614382e-07,5.0373496e-06,auto_accept,n/a
ISIC_0028534,nv,nv,0.0034995154,0.00070907694,auto_accept,n/a
ISIC_0024383,bkl,bkl,7.996371e-06,7.8967154e-05,auto_accept,n/a
ISIC_0033706,nv,nv,0.00956118,0.13238983,auto_accept,n/a
ISIC_0030410,nv,nv,0.0019848796,4.1885132e-06,auto_accept,n/a
ISIC_0028799,nv,nv,1.862493e-08,4.648686e-07,auto_accept,n/a
ISIC_0024382,bkl,bkl,0.0060381773,0.23030813,auto_accept,n/a
ISIC_0032550,mel,mel,1.5461454e-06,0.9995284,auto_accept,n/a
ISIC_0025576,bcc,bcc,4.8962006e-06,0.9983747,auto_accept,n/a
ISIC_0028740,nv,nv,9.9572635e-11,7.535292e-08,auto_accept,n/a
ISIC_0031893,bkl,bkl,5.711219e-07,0.00019069242,auto_accept,n/a
ISIC_0029044,nv,nv,1.661494e-10,6.64106e-09,auto_accept,n/a
ISIC_0027593,nv,nv,4.9659525e-07,3.501899e-07,auto_accept,n/a
ISIC_0029643,nv,nv,1.4645636e-09,5.3588853e-09,auto_accept,n/a
ISIC_0030097,nv,nv,0.0008647201,2.9025612e-06,auto_accept,n/a
