image_id,true_label,predicted_label,uncertainty_score,risk_score,decision,category
ISIC_0032784,nv,nv,0.036961794,0.014238164,auto_accept,low_unc_low_risk
ISIC_0031382,nv,nv,0.08841771,0.00022718021,auto_accept,low_unc_low_risk
ISIC_0025947,nv,nv,0.0030066967,0.0002692883,auto_accept,low_unc_low_risk
ISIC_0032879,mel,mel,0.04168898,0.9850033,auto_accept,low_unc_low_risk
ISIC_0029691,nv,nv,0.0012091994,9.538968e-06,auto_accept,low_unc_low_risk
ISIC_0031732,nv,nv,0.021273613,0.00010050486,auto_accept,low_unc_low_risk
ISIC_0026035,nv,nv,0.0007509589,3.062962e-06,auto_accept,low_unc_low_risk
ISIC_0026646,nv,nv,0.025277853,0.000114878814,auto_accept,low_unc_low_risk
ISIC_0033696,mel,mel,0.0066086054,0.98386407,auto_accept,low_unc_low_risk
ISIC_0028474,nv,nv,0.00020331144,2.5288896e-06,auto_accept,low_unc_low_risk
ISIC_0032449,nv,nv,0.02308023,8.271788e-05,auto_accept,low_unc_low_risk
ISIC_0028064,nv,nv,0.000870049,1.4607772e-06,auto_accept,low_unc_low_risk
ISIC_0027971,nv,nv,0.0009550452,6.265795e-05,auto_accept,low_unc_low_risk
ISIC_0028338,nv,nv,0.44056427,0.014584389,escalate,high_unc_low_risk
ISIC_0032976,mel,mel,0.2977742,0.74092424,auto_accept,low_unc_low_risk
ISIC_0024341,nv,nv,0.0015075207,7.3332427e-07,auto_accept,low_unc_low_risk
ISIC_0031241,nv,nv,0.12532675,0.0323671,auto_accept,low_unc_low_risk
ISIC_0032201,nv,nv,0.000118255615,1.5429116e-05,auto_accept,low_unc_low_risk
ISIC_0032229,nv,nv,0.2445603,0.0005518321,auto_accept,low_unc_low_risk
ISIC_0027741,nv,nv,0.042604446,6.5327424e-07,auto_accept,low_unc_low_risk
ISIC_0025753,bkl,bkl,0.08026838,0.032898996,auto_accept,low_unc_low_risk
ISIC_0029222,nv,mel,0.34880543,0.6194789,auto_accept,low_unc_low_risk
ISIC_0025254,nv,mel,0.059112787,0.8941444,auto_accept,low_unc_low_risk
ISIC_0028439,nv,nv,0.002061665,0.00015382661,auto_accept,low_unc_low_risk
ISIC_0033926,nv,nv,0.09933466,0.042797234,auto_accept,low_unc_low_risk
ISIC_0026122,nv,nv,0.084055305,0.0060154614,auto_accept,low_unc_low_risk
ISIC_0034227,nv,nv,0.011551559,0.007812865,auto_accept,low_unc_low_risk
ISIC_0033861,nv,nv,0.33119643,0.24756451,auto_accept,low_unc_low_risk
ISIC_0029941,nv,nv,0.0008674264,0.000104750434,auto_accept,low_unc_low_risk
ISIC_0030063,nv,nv,0.015053034,0.0036891738,auto_accept,low_unc_low_risk
ISIC_0025626,nv,nv,0.0011956692,7.635042e-05,auto_accept,low_unc_low_risk
ISIC_0024819,nv,nv,0.0023127794,1.3374708e-05,auto_accept,low_unc_low_risk
ISIC_0029490,nv,nv,0.00016748905,4.3725645e-06,auto_accept,low_unc_low_risk
ISIC_0026783,bkl,bkl,0.012195468,0.0008746493,auto_accept,low_unc_low_risk
ISIC_0033148,nv,nv,0.071003914,0.03871001,auto_accept,low_unc_low_risk
ISIC_0029105,nv,nv,0.0038147569,0.0009332574,auto_accept,low_unc_low_risk
ISIC_0032137,nv,nv,0.0015299916,1.9959454e-05,auto_accept,low_unc_low_risk
ISIC_0026073,nv,nv,0.00050258636,2.6091746e-05,auto_accept,low_unc_low_risk
ISIC_0029602,bcc,bcc,0.0010784864,0.99752146,auto_accept,low_unc_low_risk
ISIC_0030499,nv,nv,4.4107437e-05,1.6336444e-06,auto_accept,low_unc_low_risk
ISIC_0028000,nv,nv,0.027460992,0.0021797472,auto_accept,low_unc_low_risk
ISIC_0029314,nv,nv,0.0010759234,3.128934e-05,auto_accept,low_unc_low_risk
ISIC_0025398,nv,nv,0.03336078,0.0021855077,auto_accept,low_unc_low_risk
ISIC_0027898,nv,nv,0.044961214,0.0019131111,auto_accept,low_unc_low_risk
ISIC_0026344,nv,nv,0.056987286,0.0007002182,auto_accept,low_unc_low_risk
ISIC_0029148,nv,nv,0.00170964,0.00030124697,auto_accept,low_unc_low_risk
ISIC_0024806,mel,mel,0.0066547394,0.98968595,auto_accept,low_unc_low_risk
ISIC_0026234,nv,nv,0.018978953,7.341898e-05,auto_accept,low_unc_low_risk
ISIC_0030780,nv,nv,0.0007484555,4.086826e-05,auto_accept,low_unc_low_risk
ISIC_0029910,nv,nv,0.030792534,1.4699286e-05,auto_accept,low_unc_low_risk
ISIC_0026218,nv,nv,0.08909124,0.0009970379,auto_accept,low_unc_low_risk
ISIC_0028432,nv,nv,0.0004479289,5.3981632e-05,auto_accept,low_unc_low_risk
ISIC_0032791,nv,nv,0.05261159,0.018618884,auto_accept,low_unc_low_risk
ISIC_0030383,bkl,bkl,0.05987513,0.12381109,auto_accept,low_unc_low_risk
ISIC_0026561,nv,nv,0.0087924,0.0003180405,auto_accept,low_unc_low_risk
ISIC_0032069,nv,nv,0.001999557,6.7648546e-07,auto_accept,low_unc_low_risk
ISIC_0027637,nv,nv,0.00019365549,2.424039e-07,auto_accept,low_unc_low_risk
ISIC_0032800,nv,nv,0.006261587,0.0017644982,auto_accept,low_unc_low_risk
ISIC_0028156,mel,mel,0.10358441,0.8735197,auto_accept,low_unc_low_risk
ISIC_0030947,nv,nv,0.00061285496,6.143546e-05,auto_accept,low_unc_low_risk
ISIC_0033411,nv,nv,0.065639496,0.0049330187,auto_accept,low_unc_low_risk
ISIC_0027630,nv,nv,0.0027865767,0.00021683372,auto_accept,low_unc_low_risk
ISIC_0032120,nv,nv,0.003759265,5.9847338e-05,auto_accept,low_unc_low_risk
ISIC_0033164,nv,nv,0.004754722,0.0013212798,auto_accept,low_unc_low_risk
ISIC_0030335,bcc,bcc,0.0055684447,0.987951,auto_accept,low_unc_low_risk
ISIC_0031610,nv,nv,0.0032007694,0.0007131233,auto_accept,low_unc_low_risk
ISIC_0028676,nv,nv,0.022615552,0.0013191804,auto_accept,low_unc_low_risk
ISIC_0031720,nv,nv,0.04491031,0.004854804,auto_accept,low_unc_low_risk
ISIC_0026383,nv,nv,0.0097798705,1.1830248e-05,auto_accept,low_unc_low_risk
ISIC_0033496,mel,nv,0.15865809,0.001271258,auto_accept,low_unc_low_risk
ISIC_0032913,mel,mel,0.0007300973,0.99625444,auto_accept,low_unc_low_risk
ISIC_0025514,nv,nv,0.0012677312,0.00028525753,auto_accept,low_unc_low_risk
ISIC_0032265,mel,nv,0.010990202,0.011155917,auto_accept,low_unc_low_risk
ISIC_0032491,nv,nv,0.00051033497,4.3687673e-06,auto_accept,low_unc_low_risk
ISIC_0033119,nv,mel,0.34978622,0.40303132,escalate,low_unc_low_risk
ISIC_0026212,akiec,akiec,0.30898976,0.9422911,auto_accept,low_unc_low_risk
ISIC_0029500,akiec,akiec,0.082735956,0.9209518,auto_accept,low_unc_low_risk
ISIC_0024474,nv,nv,0.0022525191,3.049705e-05,auto_accept,low_unc_low_risk
ISIC_0027659,mel,mel,0.018865228,0.95953935,auto_accept,low_unc_low_risk
ISIC_0029024,nv,nv,6.365776e-05,2.0116058e-06,auto_accept,low_unc_low_risk
ISIC_0028430,nv,nv,0.14051527,0.008099923,auto_accept,low_unc_low_risk
ISIC_0028327,nv,nv,0.006196499,3.4591176e-05,auto_accept,low_unc_low_risk
ISIC_0025516,nv,nv,0.005376339,0.0026680147,auto_accept,low_unc_low_risk
ISIC_0031956,nv,nv,0.00044959784,5.8829937e-05,auto_accept,low_unc_low_risk
ISIC_0024826,nv,nv,0.055885315,0.00018565469,auto_accept,low_unc_low_risk
ISIC_0030797,nv,nv,0.003140688,0.0008882551,auto_accept,low_unc_low_risk
ISIC_0025969,nv,nv,0.0042175055,0.0002847174,auto_accept,low_unc_low_risk
ISIC_0030329,bkl,bkl,0.03440094,0.060087502,auto_accept,low_unc_low_risk
ISIC_0028817,nv,nv,0.0029304028,2.3089106e-05,auto_accept,low_unc_low_risk
ISIC_0027119,nv,nv,0.00046813488,1.3282655e-06,auto_accept,low_unc_low_risk
ISIC_0031860,nv,nv,0.027507305,0.002194408,auto_accept,low_unc_low_risk
ISIC_0030761,nv,nv,0.001962006,0.00019645896,auto_accept,low_unc_low_risk
ISIC_0026475,mel,nv,0.058716893,0.036666594,auto_accept,low_unc_low_risk
ISIC_0031635,nv,nv,0.035592675,0.0008506524,auto_accept,low_unc_low_risk
ISIC_0031707,bkl,nv,0.06644571,0.014357591,auto_accept,low_unc_low_risk
ISIC_0024894,nv,nv,6.9856644e-05,2.5926206e-06,auto_accept,low_unc_low_risk
ISIC_0033821,nv,nv,0.04505068,0.0012222287,auto_accept,low_unc_low_risk
ISIC_0026572,nv,nv,0.00066286325,5.8510697e-05,auto_accept,low_unc_low_risk
ISIC_0024462,nv,nv,0.024268448,0.0056893397,auto_accept,low_unc_low_risk
ISIC_0031882,nv,nv,0.0013999343,0.00024704434,auto_accept,low_unc_low_risk
ISIC_0025839,nv,nv,6.532669e-05,7.744518e-06,auto_accept,low_unc_low_risk
ISIC_0033347,nv,nv,0.22519588,0.08256715,auto_accept,low_unc_low_risk
ISIC_0025313,mel,nv,0.037697434,0.023605546,auto_accept,low_unc_low_risk
ISIC_0024992,nv,nv,0.0014293194,8.045953e-06,auto_accept,low_unc_low_risk
ISIC_0026942,nv,bkl,0.27814287,0.022407813,auto_accept,low_unc_low_risk
ISIC_0026592,nv,nv,0.35976475,0.22100352,escalate,high_unc_low_risk
ISIC_0026746,mel,mel,0.008462667,0.9869511,auto_accept,low_unc_low_risk
ISIC_0031997,nv,nv,0.02166015,0.005014013,auto_accept,low_unc_low_risk
ISIC_0030573,nv,nv,0.022015393,0.00029443396,auto_accept,low_unc_low_risk
ISIC_0028192,nv,nv,0.000944674,6.8205277e-06,auto_accept,low_unc_low_risk
ISIC_0027493,nv,nv,0.0018299818,0.0003772763,auto_accept,low_unc_low_risk
ISIC_0028099,nv,nv,0.0020059347,0.0006196,auto_accept,low_unc_low_risk
ISIC_0028908,nv,nv,0.02384609,0.00010329933,auto_accept,low_unc_low_risk
ISIC_0027361,nv,nv,0.14748836,0.0020752707,auto_accept,low_unc_low_risk
ISIC_0024624,mel,bkl,0.003341198,0.01211081,auto_accept,low_unc_low_risk
ISIC_0025380,nv,nv,0.0010498166,0.00012554936,auto_accept,low_unc_low_risk
ISIC_0024868,nv,nv,0.00019317865,6.0959715e-05,auto_accept,low_unc_low_risk
ISIC_0025974,nv,nv,0.0017566681,6.766727e-06,auto_accept,low_unc_low_risk
ISIC_0027800,nv,nv,0.2286455,0.008294657,auto_accept,low_unc_low_risk
ISIC_0027925,nv,nv,0.003277719,0.00078671554,auto_accept,low_unc_low_risk
ISIC_0025645,nv,nv,0.00044065714,1.0264924e-05,auto_accept,low_unc_low_risk
ISIC_0025720,nv,nv,0.018642128,2.0287513e-05,auto_accept,low_unc_low_risk
ISIC_0030698,bkl,nv,0.1337598,0.03672803,auto_accept,low_unc_low_risk
ISIC_0028827,nv,nv,0.012364686,5.9105645e-05,auto_accept,low_unc_low_risk
ISIC_0030178,nv,nv,0.0003478527,2.6644508e-05,auto_accept,low_unc_low_risk
ISIC_0029460,akiec,bkl,0.028858244,0.0030210025,auto_accept,low_unc_low_risk
ISIC_0026425,nv,nv,0.0012959242,1.2396677e-06,auto_accept,low_unc_low_risk
ISIC_0028965,mel,mel,0.15292323,0.9627784,auto_accept,low_unc_low_risk
ISIC_0029376,nv,nv,0.00019830465,5.9951067e-06,auto_accept,low_unc_low_risk
ISIC_0027001,nv,nv,0.0015518665,3.1765978e-06,auto_accept,low_unc_low_risk
ISIC_0029816,nv,nv,0.026930213,0.0005282105,auto_accept,low_unc_low_risk
ISIC_0033335,nv,nv,0.26340032,0.0018190849,auto_accept,low_unc_low_risk
ISIC_0026323,nv,mel,0.18062294,0.6514835,auto_accept,low_unc_low_risk
ISIC_0026013,nv,nv,0.008547068,9.9399906e-05,auto_accept,low_unc_low_risk
ISIC_0028456,nv,nv,8.3208084e-05,1.5389533e-08,auto_accept,low_unc_low_risk
ISIC_0029556,nv,nv,5.3048134e-05,2.9197918e-07,auto_accept,low_unc_low_risk
ISIC_0031328,nv,nv,0.0009927154,3.756004e-07,auto_accept,low_unc_low_risk
ISIC_0024308,nv,nv,0.015439749,0.00045272138,auto_accept,low_unc_low_risk
ISIC_0026731,nv,nv,0.0009493232,1.2409745e-05,auto_accept,low_unc_low_risk
ISIC_0024520,nv,nv,0.0019435287,0.0002936989,auto_accept,low_unc_low_risk
ISIC_0028269,nv,nv,0.0008004308,3.2928792e-06,auto_accept,low_unc_low_risk
ISIC_0032427,nv,nv,0.005883217,0.0010949753,auto_accept,low_unc_low_risk
ISIC_0026435,nv,nv,0.00154984,1.5781823e-05,auto_accept,low_unc_low_risk
ISIC_0031228,akiec,akiec,0.12684017,0.674038,auto_accept,low_unc_low_risk
ISIC_0031686,bkl,bkl,0.21049166,0.011021219,auto_accept,low_unc_low_risk
ISIC_0028826,bkl,bkl,0.09769565,0.009302367,auto_accept,low_unc_low_risk
ISIC_0024410,mel,nv,0.015032232,0.004265161,auto_accept,low_unc_low_risk
ISIC_0033768,nv,nv,0.46556377,0.24418357,escalate,high_unc_low_risk
ISIC_0032298,nv,nv,0.00037431717,3.6110338e-05,auto_accept,low_unc_low_risk
ISIC_0030003,nv,nv,0.00020867586,4.2539905e-05,auto_accept,low_unc_low_risk
ISIC_0024347,nv,bkl,0.31982815,0.005424288,auto_accept,low_unc_low_risk
ISIC_0028805,nv,nv,0.029160023,8.685343e-06,auto_accept,low_unc_low_risk
ISIC_0033226,mel,mel,0.27646118,0.68811643,auto_accept,low_unc_low_risk
ISIC_0031752,nv,nv,0.000674963,3.0161777e-05,auto_accept,low_unc_low_risk
ISIC_0025871,nv,nv,0.0020254254,0.0001077853,auto_accept,low_unc_low_risk
ISIC_0025147,nv,nv,0.040661633,0.0003369085,auto_accept,low_unc_low_risk
ISIC_0026781,nv,nv,0.08366519,0.002702024,auto_accept,low_unc_low_risk
ISIC_0032851,nv,nv,0.06904918,0.043969717,auto_accept,low_unc_low_risk
ISIC_0027343,akiec,nv,0.012511492,0.0040637567,auto_accept,low_unc_low_risk
ISIC_0025406,nv,nv,0.0054974556,0.0008574107,auto_accept,low_unc_low_risk
ISIC_0028710,bkl,bkl,0.20151371,0.23067105,auto_accept,low_unc_low_risk
ISIC_0027724,nv,nv,0.030433178,0.021984467,auto_accept,low_unc_low_risk
ISIC_0026159,bkl,bkl,0.027735114,0.035674557,auto_accept,low_unc_low_risk
ISIC_0031113,nv,nv,0.034878075,0.017784497,auto_accept,low_unc_low_risk
ISIC_0027417,nv,nv,0.00034487247,1.637141e-06,auto_accept,low_unc_low_risk
ISIC_0033437,bkl,mel,0.021172881,0.97669095,auto_accept,low_unc_low_risk
ISIC_0033490,bkl,bkl,0.016386151,2.2084943e-05,auto_accept,low_unc_low_risk
ISIC_0032620,nv,bkl,0.47705454,0.0035434796,escalate,high_unc_low_risk
ISIC_0025840,nv,nv,0.0034281015,0.0011626569,auto_accept,low_unc_low_risk
ISIC_0033989,nv,nv,0.0022178292,0.0008634737,auto_accept,low_unc_low_risk
ISIC_0034191,nv,nv,0.0011515617,0.00011140645,auto_accept,low_unc_low_risk
ISIC_0029688,nv,nv,0.005263388,3.404231e-05,auto_accept,low_unc_low_risk
ISIC_0028337,nv,nv,0.004484117,3.1870684e-05,auto_accept,low_unc_low_risk
ISIC_0033092,vasc,vasc,0.00017660856,0.0064311703,auto_accept,low_unc_low_risk
ISIC_0032419,nv,nv,0.009426773,6.189578e-05,auto_accept,low_unc_low_risk
ISIC_0030361,nv,nv,0.0015490055,0.0004781913,auto_accept,low_unc_low_risk
ISIC_0025595,nv,nv,0.00095540285,4.508336e-05,auto_accept,low_unc_low_risk
ISIC_0028274,nv,nv,0.0039436817,9.0676054e-05,auto_accept,low_unc_low_risk
ISIC_0031575,nv,nv,0.0073660016,1.539754e-06,auto_accept,low_unc_low_risk
ISIC_0025517,nv,nv,0.053243518,0.011488254,auto_accept,low_unc_low_risk
ISIC_0029815,nv,nv,0.11975604,0.0004268153,auto_accept,low_unc_low_risk
ISIC_0031717,nv,nv,0.003431201,0.0006886035,auto_accept,low_unc_low_risk
ISIC_0032710,nv,mel,0.046031892,0.94127893,auto_accept,low_unc_low_risk
ISIC_0029442,nv,nv,0.00045269728,5.5295527e-06,auto_accept,low_unc_low_risk
ISIC_0033151,akiec,bkl,0.24856234,0.47212246,auto_accept,low_unc_low_risk
ISIC_0033772,nv,mel,0.31619287,0.33607554,auto_accept,low_unc_low_risk
ISIC_0031816,nv,nv,6.175041e-05,1.8523147e-07,auto_accept,low_unc_low_risk
ISIC_0031327,nv,nv,0.0005324483,1.0710422e-05,auto_accept,low_unc_low_risk
ISIC_0028907,nv,nv,0.0027685761,8.5522806e-05,auto_accept,low_unc_low_risk
ISIC_0029607,nv,nv,0.001606524,4.3436376e-06,auto_accept,low_unc_low_risk
ISIC_0025175,nv,nv,0.012537777,2.5840354e-06,auto_accept,low_unc_low_risk
ISIC_0031654,nv,nv,0.0022713542,0.0009430786,auto_accept,low_unc_low_risk
ISIC_0024335,nv,nv,0.008788168,0.0003114325,auto_accept,low_unc_low_risk
ISIC_0026797,nv,nv,0.0033832192,1.2653658e-07,auto_accept,low_unc_low_risk
ISIC_0027813,nv,nv,0.015061259,0.006600715,auto_accept,low_unc_low_risk
ISIC_0028938,nv,nv,0.033810616,0.004324752,auto_accept,low_unc_low_risk
ISIC_0025965,nv,nv,0.00034964085,3.1978504e-06,auto_accept,low_unc_low_risk
ISIC_0024656,nv,nv,0.0029881,2.553004e-05,auto_accept,low_unc_low_risk
ISIC_0034212,nv,nv,0.004337013,1.9032512e-05,auto_accept,low_unc_low_risk
ISIC_0029788,nv,nv,0.0037747622,0.0009516426,auto_accept,low_unc_low_risk
ISIC_0032675,bkl,bkl,0.009226143,0.00027443503,auto_accept,low_unc_low_risk
ISIC_0029321,nv,nv,0.009449363,0.00042003166,auto_accept,low_unc_low_risk
ISIC_0024763,akiec,akiec,0.08274728,0.7784084,auto_accept,low_unc_low_risk
ISIC_0025715,nv,nv,0.0027527213,0.0010140825,auto_accept,low_unc_low_risk
ISIC_0034182,nv,nv,0.0348804,0.011140873,auto_accept,low_unc_low_risk
ISIC_0025896,nv,nv,0.0007750988,3.016022e-06,auto_accept,low_unc_low_risk
ISIC_0032999,nv,nv,0.05771929,0.02266592,auto_accept,low_unc_low_risk
ISIC_0033807,mel,mel,0.17700481,0.7014428,auto_accept,low_unc_low_risk
ISIC_0025115,nv,nv,0.018863738,0.0006050303,auto_accept,low_unc_low_risk
ISIC_0028857,nv,nv,0.037243426,0.014382344,auto_accept,low_unc_low_risk
ISIC_0033177,nv,nv,0.0042304993,0.0009979778,auto_accept,low_unc_low_risk
ISIC_0034109,nv,nv,0.001432538,0.00012027368,auto_accept,low_unc_low_risk
ISIC_0032859,nv,nv,0.02501148,0.0012774568,auto_accept,low_unc_low_risk
ISIC_0031088,bkl,bkl,0.21604067,4.005185e-05,auto_accept,low_unc_low_risk
ISIC_0026653,nv,nv,0.3604443,0.05909174,escalate,high_unc_low_risk
ISIC_0028134,nv,nv,0.01710707,0.007142626,auto_accept,low_unc_low_risk
ISIC_0025669,nv,nv,0.00314188,8.8778625e-06,auto_accept,low_unc_low_risk
ISIC_0024648,nv,nv,0.001078248,3.144498e-06,auto_accept,low_unc_low_risk
ISIC_0032368,nv,nv,0.073340535,0.026679957,auto_accept,low_unc_low_risk
ISIC_0031813,nv,nv,0.035014987,0.02301864,auto_accept,low_unc_low_risk
ISIC_0032606,nv,nv,0.035918415,0.02254336,auto_accept,low_unc_low_risk
ISIC_0032911,nv,nv,0.010718465,0.004428519,auto_accept,low_unc_low_risk
ISIC_0025508,nv,nv,0.007002473,0.00014438153,auto_accept,low_unc_low_risk
ISIC_0028897,mel,mel,0.006018102,0.9885013,auto_accept,low_unc_low_risk
ISIC_0030745,nv,nv,0.044233024,0.00048989255,auto_accept,low_unc_low_risk
ISIC_0024485,nv,nv,0.010286927,2.6914779e-05,auto_accept,low_unc_low_risk
ISIC_0027099,nv,nv,0.07835084,0.0012033844,auto_accept,low_unc_low_risk
ISIC_0029213,bkl,bkl,0.03125143,0.02216278,auto_accept,low_unc_low_risk
ISIC_0027508,nv,nv,0.002474606,3.6409367e-06,auto_accept,low_unc_low_risk
ISIC_0030186,nv,nv,0.00075411797,6.0974475e-05,auto_accept,low_unc_low_risk
ISIC_0025055,nv,nv,0.00095397234,6.322401e-05,auto_accept,low_unc_low_risk
ISIC_0033385,nv,nv,0.017599046,0.005532068,auto_accept,low_unc_low_risk
ISIC_0024956,nv,nv,0.008695364,0.001844401,auto_accept,low_unc_low_risk
ISIC_0030136,nv,nv,0.0001411438,4.083567e-07,auto_accept,low_unc_low_risk
ISIC_0033289,nv,nv,0.23270708,0.09694563,auto_accept,low_unc_low_risk
ISIC_0028563,nv,nv,0.0030949712,9.003394e-06,auto_accept,low_unc_low_risk
ISIC_0026107,bkl,nv,0.006624639,7.056273e-07,auto_accept,low_unc_low_risk
ISIC_0029235,bkl,bkl,0.08041066,0.026130034,auto_accept,low_unc_low_risk
ISIC_0032554,nv,nv,0.027961135,0.006183641,auto_accept,low_unc_low_risk
ISIC_0033998,nv,nv,0.0035290718,0.0008555876,auto_accept,low_unc_low_risk
ISIC_0032145,nv,nv,0.02712679,0.025521133,auto_accept,low_unc_low_risk
ISIC_0029407,nv,nv,0.0003259182,5.7802044e-05,auto_accept,low_unc_low_risk
ISIC_0028136,nv,nv,0.00434649,0.0011405933,auto_accept,low_unc_low_risk
ISIC_0029071,nv,nv,0.017648935,7.074604e-05,auto_accept,low_unc_low_risk
ISIC_0024658,nv,nv,0.0023874044,8.839331e-06,auto_accept,low_unc_low_risk
ISIC_0032261,nv,nv,0.001875937,0.0002442347,auto_accept,low_unc_low_risk
ISIC_0032352,nv,nv,0.06393796,0.0011266448,auto_accept,low_unc_low_risk
ISIC_0031376,bkl,bkl,0.04341221,0.011122386,auto_accept,low_unc_low_risk
ISIC_0033427,nv,nv,0.0045329332,0.0004477815,auto_accept,low_unc_low_risk
ISIC_0026590,bkl,bkl,0.00084221363,0.0034744807,auto_accept,low_unc_low_risk
ISIC_0032131,nv,nv,4.3988228e-05,3.3051567e-08,auto_accept,low_unc_low_risk
ISIC_0030366,mel,nv,0.036835372,0.023242986,auto_accept,low_unc_low_risk
ISIC_0025678,nv,nv,3.7431717e-05,1.6215353e-08,auto_accept,low_unc_low_risk
ISIC_0027505,nv,nv,0.0047760606,0.00059261423,auto_accept,low_unc_low_risk
ISIC_0030629,nv,nv,0.0073880553,0.00110942,auto_accept,low_unc_low_risk
ISIC_0032487,nv,nv,0.0066263676,0.00080913195,auto_accept,low_unc_low_risk
ISIC_0026903,nv,nv,0.00014519691,2.0397893e-06,auto_accept,low_unc_low_risk
ISIC_0031497,nv,nv,0.00047266483,1.8618746e-05,auto_accept,low_unc_low_risk
ISIC_0033896,nv,nv,0.033757508,0.011771279,auto_accept,low_unc_low_risk
ISIC_0027492,nv,nv,0.10487211,0.0018635014,auto_accept,low_unc_low_risk
ISIC_0033170,nv,nv,0.113367915,0.029363364,auto_accept,low_unc_low_risk
ISIC_0033267,mel,mel,0.18753695,0.73028946,auto_accept,low_unc_low_risk
ISIC_0030665,df,nv,0.033373833,6.2129214e-07,auto_accept,low_unc_low_risk
ISIC_0026815,nv,nv,0.012681663,0.0044244844,auto_accept,low_unc_low_risk
ISIC_0032085,nv,nv,0.0006425977,9.33907e-05,auto_accept,low_unc_low_risk
ISIC_0026261,nv,nv,0.00011575222,4.878802e-07,auto_accept,low_unc_low_risk
ISIC_0030508,nv,nv,0.009709418,7.651894e-05,auto_accept,low_unc_low_risk
ISIC_0032847,mel,mel,0.06900084,0.8848859,auto_accept,low_unc_low_risk
ISIC_0024937,nv,nv,0.075689435,0.04979403,auto_accept,low_unc_low_risk
ISIC_0026379,nv,nv,7.545948e-05,2.2606596e-07,auto_accept,low_unc_low_risk
ISIC_0028787,nv,nv,0.085577846,0.058694914,auto_accept,low_unc_low_risk
ISIC_0030561,bkl,nv,0.017605364,0.0017897766,auto_accept,low_unc_low_risk
ISIC_0033132,nv,nv,0.078243315,0.012700937,auto_accept,low_unc_low_risk
ISIC_0031879,nv,nv,5.1140785e-05,1.1454752e-07,auto_accept,low_unc_low_risk
ISIC_0026419,nv,nv,0.009096801,0.000939128,auto_accept,low_unc_low_risk
ISIC_0034050,mel,mel,0.0018321276,0.9979905,auto_accept,low_unc_low_risk
ISIC_0030662,nv,nv,0.0025750399,1.0690033e-05,auto_accept,low_unc_low_risk
ISIC_0026495,nv,nv,0.0016434789,7.083843e-06,auto_accept,low_unc_low_risk
ISIC_0030295,nv,nv,0.0001360178,1.0960333e-05,auto_accept,low_unc_low_risk
ISIC_0033074,mel,mel,0.043983817,0.9292539,auto_accept,low_unc_low_risk
ISIC_0030080,mel,mel,0.08559978,0.9479966,auto_accept,low_unc_low_risk
ISIC_0026143,nv,nv,1.7404556e-05,4.4378975e-08,auto_accept,low_unc_low_risk
ISIC_0029320,bkl,bkl,0.03072834,0.00038825616,auto_accept,low_unc_low_risk
ISIC_0030473,nv,mel,0.042714894,0.9540802,auto_accept,low_unc_low_risk
ISIC_0031311,nv,nv,0.03599894,0.025628587,auto_accept,low_unc_low_risk
ISIC_0031534,nv,nv,0.16144794,0.03768646,auto_accept,low_unc_low_risk
ISIC_0031067,nv,nv,0.056126177,0.0002573681,auto_accept,low_unc_low_risk
ISIC_0024800,akiec,bkl,0.0019469261,0.014516453,auto_accept,low_unc_low_risk
ISIC_0029954,nv,nv,0.0019344687,1.35957725e-05,auto_accept,low_unc_low_risk
ISIC_0034008,nv,nv,0.17322075,0.06497709,auto_accept,low_unc_low_risk
ISIC_0029051,bkl,bkl,0.4900458,0.0013327821,escalate,high_unc_low_risk
ISIC_0028417,nv,nv,0.07571399,0.015176572,auto_accept,low_unc_low_risk
ISIC_0026019,nv,nv,0.00032949448,2.7522447e-06,auto_accept,low_unc_low_risk
ISIC_0033478,nv,mel,0.34824443,0.53179073,auto_accept,low_unc_low_risk
ISIC_0026197,nv,nv,0.00055617094,1.9060153e-07,auto_accept,low_unc_low_risk
ISIC_0032398,nv,nv,0.036876082,0.00031705864,auto_accept,low_unc_low_risk
ISIC_0024406,nv,nv,0.009654224,0.00035898687,auto_accept,low_unc_low_risk
ISIC_0031222,nv,nv,0.24942619,0.1997705,auto_accept,low_unc_low_risk
ISIC_0026353,nv,nv,0.002380073,5.340626e-05,auto_accept,low_unc_low_risk
ISIC_0033655,mel,mel,0.10222447,0.8463464,auto_accept,low_unc_low_risk
ISIC_0029122,nv,nv,0.0005453229,3.2874337e-05,auto_accept,low_unc_low_risk
ISIC_0033664,nv,nv,0.005894661,0.0039192163,auto_accept,low_unc_low_risk
ISIC_0029368,nv,nv,0.019889712,0.006227363,auto_accept,low_unc_low_risk
ISIC_0030672,nv,nv,0.05398619,0.0072458754,auto_accept,low_unc_low_risk
ISIC_0028656,bkl,nv,0.12287426,0.005495854,auto_accept,low_unc_low_risk
ISIC_0033662,mel,mel,0.35188276,0.69233817,escalate,low_unc_low_risk
ISIC_0031390,nv,nv,0.0010830164,1.7283777e-05,auto_accept,low_unc_low_risk
ISIC_0032695,mel,mel,0.02722925,0.98959655,auto_accept,low_unc_low_risk
ISIC_0031010,nv,nv,0.008568764,0.00027435395,auto_accept,low_unc_low_risk
ISIC_0028780,nv,nv,0.0062496066,0.0018218205,auto_accept,low_unc_low_risk
ISIC_0025141,nv,mel,0.48408037,0.4786813,escalate,high_unc_low_risk
ISIC_0026469,nv,nv,8.9645386e-05,8.137986e-07,auto_accept,low_unc_low_risk
ISIC_0028219,mel,nv,0.2586382,0.14822644,auto_accept,low_unc_low_risk
ISIC_0027497,nv,nv,0.0021272898,5.672224e-06,auto_accept,low_unc_low_risk
ISIC_0024651,nv,nv,0.012533486,0.0076427516,auto_accept,low_unc_low_risk
ISIC_0027143,nv,nv,0.50065565,0.07639429,escalate,high_unc_low_risk
ISIC_0029161,bkl,bkl,0.0008457899,5.176859e-05,auto_accept,low_unc_low_risk
ISIC_0026639,nv,nv,0.0005990267,3.7184505e-05,auto_accept,low_unc_low_risk
ISIC_0026616,nv,nv,0.0017250776,0.0005234854,auto_accept,low_unc_low_risk
ISIC_0026838,nv,nv,0.0017781854,5.868963e-05,auto_accept,low_unc_low_risk
ISIC_0029911,nv,nv,0.04380268,0.0004530637,auto_accept,low_unc_low_risk
ISIC_0026341,nv,nv,0.05488652,0.012726254,auto_accept,low_unc_low_risk
ISIC_0026578,nv,nv,0.0026856065,9.519979e-05,auto_accept,low_unc_low_risk
ISIC_0024910,bkl,bkl,0.11115122,0.00996564,auto_accept,low_unc_low_risk
ISIC_0026422,bkl,bkl,0.047264874,0.00012226106,auto_accept,low_unc_low_risk
ISIC_0031985,nv,nv,0.004993975,9.679496e-05,auto_accept,low_unc_low_risk
ISIC_0028181,nv,nv,0.00021725893,9.241855e-06,auto_accept,low_unc_low_risk
ISIC_0028743,nv,nv,0.0018620491,4.838974e-05,auto_accept,low_unc_low_risk
ISIC_0025977,nv,nv,3.4570694e-06,1.4982199e-08,auto_accept,low_unc_low_risk
ISIC_0025522,nv,nv,0.24165809,8.188191e-07,auto_accept,low_unc_low_risk
ISIC_0033480,bkl,bkl,0.07269037,0.2159465,auto_accept,low_unc_low_risk
ISIC_0030194,nv,nv,0.3356421,0.39216253,auto_accept,low_unc_low_risk
ISIC_0029153,nv,nv,0.008708179,2.9151722e-06,auto_accept,low_unc_low_risk
ISIC_0030407,nv,nv,0.0018439889,0.00057400845,auto_accept,low_unc_low_risk
ISIC_0027279,bkl,bkl,0.012764752,0.004437408,auto_accept,low_unc_low_risk
ISIC_0031700,nv,bkl,0.35130936,0.000594191,escalate,low_unc_low_risk
ISIC_0024493,nv,nv,0.0027335882,5.266823e-07,auto_accept,low_unc_low_risk
ISIC_0032528,nv,nv,0.018202782,0.00011600007,auto_accept,low_unc_low_risk
ISIC_0030684,nv,nv,0.003162384,4.515784e-05,auto_accept,low_unc_low_risk
ISIC_0025393,nv,nv,0.00097489357,4.2646083e-05,auto_accept,low_unc_low_risk
ISIC_0025571,nv,nv,0.019838333,0.011296033,auto_accept,low_unc_low_risk
ISIC_0028589,nv,vasc,0.24890238,0.0001772974,auto_accept,low_unc_low_risk
ISIC_0033641,nv,nv,0.24698663,0.19384134,auto_accept,low_unc_low_risk
ISIC_0029157,mel,mel,0.023635328,0.95508045,auto_accept,low_unc_low_risk
ISIC_0033828,bkl,nv,0.17081463,0.00037377974,auto_accept,low_unc_low_risk
ISIC_0033011,nv,nv,0.0059129,0.0024228524,auto_accept,low_unc_low_risk
ISIC_0028515,nv,nv,0.0026205778,5.1624056e-06,auto_accept,low_unc_low_risk
ISIC_0033560,mel,mel,0.21035635,0.6504335,auto_accept,low_unc_low_risk
ISIC_0030673,nv,nv,0.001791358,0.0001247152,auto_accept,low_unc_low_risk
ISIC_0028996,nv,nv,0.0006515384,5.904593e-05,auto_accept,low_unc_low_risk
ISIC_0030371,nv,nv,0.23865902,0.12415905,auto_accept,low_unc_low_risk
ISIC_0029739,nv,nv,0.0015735626,4.142334e-06,auto_accept,low_unc_low_risk
ISIC_0034206,nv,nv,0.2990209,0.22803102,auto_accept,low_unc_low_risk
ISIC_0032339,nv,nv,0.00022894144,9.586801e-06,auto_accept,low_unc_low_risk
ISIC_0030389,nv,nv,0.008101106,0.00032155548,auto_accept,low_unc_low_risk
ISIC_0031214,nv,nv,0.00053602457,1.057041e-05,auto_accept,low_unc_low_risk
ISIC_0027760,bkl,bkl,0.007861793,0.010081427,auto_accept,low_unc_low_risk
ISIC_0028940,nv,nv,0.001413703,1.0591505e-06,auto_accept,low_unc_low_risk
ISIC_0033658,nv,nv,0.041392326,0.00036920985,auto_accept,low_unc_low_risk
ISIC_0033652,nv,nv,0.03820771,0.022251396,auto_accept,low_unc_low_risk
ISIC_0031058,nv,nv,0.0023167133,0.0009072009,auto_accept,low_unc_low_risk
ISIC_0029900,akiec,akiec,0.0013352633,0.99385965,auto_accept,low_unc_low_risk
ISIC_0030204,nv,nv,0.037896514,7.392704e-07,auto_accept,low_unc_low_risk
ISIC_0028301,nv,nv,0.00033068657,1.821894e-05,auto_accept,low_unc_low_risk
ISIC_0032161,nv,nv,0.008801758,0.0006615609,auto_accept,low_unc_low_risk
ISIC_0029191,nv,nv,0.4866796,0.0024838003,escalate,high_unc_low_risk
ISIC_0025334,nv,nv,0.002439022,1.4373042e-05,auto_accept,low_unc_low_risk
ISIC_0027193,nv,nv,0.0014220476,2.3419343e-06,auto_accept,low_unc_low_risk
ISIC_0025593,nv,nv,0.007848978,1.2994321e-05,auto_accept,low_unc_low_risk
ISIC_0030054,nv,nv,0.008459866,0.00012386046,auto_accept,low_unc_low_risk
ISIC_0026345,nv,nv,0.015001357,0.00039027617,auto_accept,low_unc_low_risk
ISIC_0032834,bcc,bcc,0.017184675,0.97662634,auto_accept,low_unc_low_risk
ISIC_0026807,nv,nv,0.019074976,0.00022078247,auto_accept,low_unc_low_risk
ISIC_0029981,nv,nv,0.0059911013,3.7474354e-05,auto_accept,low_unc_low_risk
ISIC_0026589,nv,nv,0.010830224,2.100421e-07,auto_accept,low_unc_low_risk
ISIC_0027384,nv,nv,0.0022979379,3.0944047e-05,auto_accept,low_unc_low_risk
ISIC_0029116,nv,nv,0.0003310442,7.757513e-06,auto_accept,low_unc_low_risk
ISIC_0032547,mel,mel,0.10253173,0.8115356,auto_accept,low_unc_low_risk
ISIC_0027941,nv,nv,0.0010825396,9.0655136e-05,auto_accept,low_unc_low_risk
ISIC_0034247,nv,nv,0.10974729,0.0020749005,auto_accept,low_unc_low_risk
ISIC_0027153,nv,nv,0.00032126904,2.5074705e-05,auto_accept,low_unc_low_risk
ISIC_0028019,nv,nv,8.8095665e-05,1.24401495e-05,auto_accept,low_unc_low_risk
ISIC_0025100,nv,nv,0.05523354,0.000845998,auto_accept,low_unc_low_risk
ISIC_0025447,nv,nv,0.0026788116,0.0009892384,auto_accept,low_unc_low_risk
ISIC_0032080,nv,nv,0.0022454858,3.7986025e-05,auto_accept,low_unc_low_risk
ISIC_0026168,nv,nv,0.0025900006,0.00022400547,auto_accept,low_unc_low_risk
ISIC_0025506,nv,nv,0.15072542,0.006359797,auto_accept,low_unc_low_risk
ISIC_0032506,nv,nv,0.0077919364,6.966672e-05,auto_accept,low_unc_low_risk
ISIC_0025769,nv,nv,0.026723146,0.008679013,auto_accept,low_unc_low_risk
ISIC_0029653,nv,nv,0.068893135,0.00032374373,auto_accept,low_unc_low_risk
ISIC_0027227,nv,nv,0.0003490448,4.814509e-07,auto_accept,low_unc_low_risk
ISIC_0032514,bkl,bkl,0.4330693,0.53848654,escalate,high_unc_low_risk
ISIC_0027719,akiec,akiec,0.0014819503,0.9922661,auto_accept,low_unc_low_risk
ISIC_0029347,nv,nv,0.0017405152,1.8751176e-05,auto_accept,low_unc_low_risk
ISIC_0024597,nv,nv,0.053747594,0.00013090443,auto_accept,low_unc_low_risk
ISIC_0024617,nv,nv,0.051026046,0.015360638,auto_accept,low_unc_low_risk
ISIC_0024976,nv,nv,0.0001693964,1.0191381e-07,auto_accept,low_unc_low_risk
ISIC_0028049,nv,nv,0.00036156178,8.238578e-06,auto_accept,low_unc_low_risk
ISIC_0032865,nv,nv,0.02320522,0.0058843475,auto_accept,low_unc_low_risk
ISIC_0024636,nv,nv,0.021935582,8.385327e-07,auto_accept,low_unc_low_risk
ISIC_0032006,bkl,bkl,0.0061326623,0.034763757,auto_accept,low_unc_low_risk
ISIC_0024434,nv,nv,0.00023645163,1.405452e-07,auto_accept,low_unc_low_risk
ISIC_0028298,nv,nv,0.0038710833,1.6813672e-05,auto_accept,low_unc_low_risk
ISIC_0033927,nv,nv,0.021701336,0.021241445,auto_accept,low_unc_low_risk
ISIC_0024405,nv,nv,0.001357019,9.566938e-05,auto_accept,low_unc_low_risk
ISIC_0031156,nv,nv,0.0016191006,6.2024895e-07,auto_accept,low_unc_low_risk
ISIC_0031415,nv,nv,0.00022774935,6.555335e-07,auto_accept,low_unc_low_risk
ISIC_0032362,nv,nv,0.1610502,0.0022945572,auto_accept,low_unc_low_risk
ISIC_0027879,nv,nv,3.20673e-05,3.6916415e-06,auto_accept,low_unc_low_risk
ISIC_0026834,nv,nv,0.008738756,0.0035410714,auto_accept,low_unc_low_risk
ISIC_0029243,bkl,bkl,0.0031603575,0.007208102,auto_accept,low_unc_low_risk
ISIC_0032678,nv,nv,0.0041029453,0.0019816407,auto_accept,low_unc_low_risk
ISIC_0031925,bcc,bcc,0.21430492,0.9626913,auto_accept,low_unc_low_risk
ISIC_0030034,mel,nv,0.05197829,0.0012751458,auto_accept,low_unc_low_risk
ISIC_0029967,df,df,0.5256214,0.44798982,escalate,high_unc_low_risk
ISIC_0027742,mel,nv,0.0149719715,0.0059969574,auto_accept,low_unc_low_risk
ISIC_0030421,nv,nv,0.041849017,9.045557e-06,auto_accept,low_unc_low_risk
ISIC_0030461,nv,nv,0.007309377,0.0023768956,auto_accept,low_unc_low_risk
ISIC_0028028,nv,nv,0.0008547306,1.0046225e-05,auto_accept,low_unc_low_risk
ISIC_0031180,nv,nv,0.007952809,0.0005056563,auto_accept,low_unc_low_risk
ISIC_0026999,nv,nv,0.0004618168,7.558132e-05,auto_accept,low_unc_low_risk
ISIC_0031033,nv,nv,0.0011076331,1.19963e-05,auto_accept,low_unc_low_risk
ISIC_0027011,nv,nv,0.00026208162,5.927936e-07,auto_accept,low_unc_low_risk
ISIC_0028597,nv,nv,0.018329024,0.0001315536,auto_accept,low_unc_low_risk
ISIC_0028012,nv,nv,0.0004878044,0.0001049541,auto_accept,low_unc_low_risk
ISIC_0032324,nv,nv,0.006138921,0.0022136401,auto_accept,low_unc_low_risk
ISIC_0030973,nv,nv,0.0619331,0.033125542,auto_accept,low_unc_low_risk
ISIC_0026864,nv,nv,0.0011463165,4.742263e-05,auto_accept,low_unc_low_risk
ISIC_0025952,nv,nv,0.005983472,0.0010146372,auto_accept,low_unc_low_risk
ISIC_0026095,nv,nv,0.0006323457,8.3054215e-07,auto_accept,low_unc_low_risk
ISIC_0026187,nv,nv,0.23275506,0.047566917,auto_accept,low_unc_low_risk
ISIC_0028604,nv,nv,0.0005748272,6.5418635e-07,auto_accept,low_unc_low_risk
ISIC_0029936,nv,nv,0.001716733,3.2544413e-05,auto_accept,low_unc_low_risk
ISIC_0029167,nv,nv,0.000590086,1.9513374e-05,auto_accept,low_unc_low_risk
ISIC_0031656,nv,nv,0.00040477514,4.8040243e-07,auto_accept,low_unc_low_risk
ISIC_0031419,nv,nv,0.04156536,6.358141e-05,auto_accept,low_unc_low_risk
ISIC_0027381,nv,nv,0.018919528,2.3786013e-05,auto_accept,low_unc_low_risk
ISIC_0025280,nv,nv,0.007864475,0.00022827738,auto_accept,low_unc_low_risk
ISIC_0032380,nv,nv,0.0012720227,0.00038167302,auto_accept,low_unc_low_risk
ISIC_0033810,df,df,0.0026236773,0.011433447,auto_accept,low_unc_low_risk
ISIC_0031639,bkl,bkl,0.032031596,0.013396492,auto_accept,low_unc_low_risk
ISIC_0027132,nv,nv,0.0014710426,2.2342667e-05,auto_accept,low_unc_low_risk
ISIC_0028339,nv,nv,0.0011017323,7.541856e-07,auto_accept,low_unc_low_risk
ISIC_0033628,nv,nv,0.028048873,0.020377984,auto_accept,low_unc_low_risk
ISIC_0028047,nv,nv,0.00034034252,2.7905415e-05,auto_accept,low_unc_low_risk
ISIC_0025028,nv,nv,0.0012218356,7.1519486e-07,auto_accept,low_unc_low_risk
ISIC_0030301,nv,nv,0.00069081783,3.452296e-05,auto_accept,low_unc_low_risk
ISIC_0033088,bkl,bkl,0.006852329,0.010208496,auto_accept,low_unc_low_risk
ISIC_0026434,nv,nv,0.00053709745,0.00012990343,auto_accept,low_unc_low_risk
ISIC_0031150,bkl,bkl,0.015343845,0.093617335,auto_accept,low_unc_low_risk
ISIC_0029706,nv,nv,0.00086659193,2.656747e-07,auto_accept,low_unc_low_risk
ISIC_0032059,nv,nv,0.00088208914,9.184848e-06,auto_accept,low_unc_low_risk
ISIC_0028603,nv,nv,0.00042909384,5.542408e-06,auto_accept,low_unc_low_risk
ISIC_0030098,nv,nv,0.0012645125,0.00039145883,auto_accept,low_unc_low_risk
ISIC_0032273,nv,nv,0.013061285,0.0075135035,auto_accept,low_unc_low_risk
ISIC_0028102,nv,nv,0.0007175803,2.9219469e-05,auto_accept,low_unc_low_risk
ISIC_0024325,nv,nv,0.0005071163,1.8590978e-06,auto_accept,low_unc_low_risk
ISIC_0026175,nv,nv,0.010127664,0.000110619716,auto_accept,low_unc_low_risk
ISIC_0029498,nv,nv,0.006543815,0.0018280875,auto_accept,low_unc_low_risk
ISIC_0024452,bcc,bcc,0.00040894747,0.9959824,auto_accept,low_unc_low_risk
ISIC_0030455,nv,nv,0.18613899,0.0001633606,auto_accept,low_unc_low_risk
ISIC_0028934,nv,nv,0.0010972023,6.87043e-06,auto_accept,low_unc_low_risk
ISIC_0027278,nv,nv,0.03353119,0.0006453755,auto_accept,low_unc_low_risk
ISIC_0024750,nv,nv,3.516674e-05,1.2382427e-06,auto_accept,low_unc_low_risk
ISIC_0032434,nv,nv,1.3589859e-05,3.6867046e-08,auto_accept,low_unc_low_risk
ISIC_0027689,nv,nv,0.0004760027,3.6956386e-05,auto_accept,low_unc_low_risk
ISIC_0026005,nv,nv,0.00118047,0.0001342644,auto_accept,low_unc_low_risk
ISIC_0025648,nv,nv,0.0002347827,5.580547e-06,auto_accept,low_unc_low_risk
ISIC_0025784,nv,nv,0.1693548,0.08886688,auto_accept,low_unc_low_risk
ISIC_0027809,nv,nv,0.020118117,1.7415727e-05,auto_accept,low_unc_low_risk
ISIC_0027733,nv,nv,0.00018960238,1.3465205e-06,auto_accept,low_unc_low_risk
ISIC_0025315,nv,nv,0.04131168,0.048605744,auto_accept,low_unc_low_risk
ISIC_0029590,nv,nv,0.06628597,4.8850798e-05,auto_accept,low_unc_low_risk
ISIC_0027313,nv,nv,0.0020411015,0.00044046555,auto_accept,low_unc_low_risk
ISIC_0033900,bkl,bkl,0.112930775,0.012228851,auto_accept,low_unc_low_risk
ISIC_0027453,nv,nv,0.022099435,0.0008442481,auto_accept,low_unc_low_risk
ISIC_0029999,nv,nv,0.03673464,9.607823e-05,auto_accept,low_unc_low_risk
ISIC_0031512,nv,nv,0.0011844635,3.39652e-05,auto_accept,low_unc_low_risk
ISIC_0033845,nv,nv,0.3427174,0.24717969,auto_accept,low_unc_low_risk
ISIC_0030733,nv,nv,0.20999628,0.007965702,auto_accept,low_unc_low_risk
ISIC_0026678,nv,nv,0.002770722,0.00022567075,auto_accept,low_unc_low_risk
ISIC_0030927,nv,nv,0.00028389692,6.78928e-06,auto_accept,low_unc_low_risk
ISIC_0032489,nv,nv,0.037770152,0.014347816,auto_accept,low_unc_low_risk
ISIC_0024558,nv,nv,6.568432e-05,3.7331307e-07,auto_accept,low_unc_low_risk
ISIC_0033009,nv,nv,0.12730443,0.04919104,auto_accept,low_unc_low_risk
ISIC_0029690,nv,nv,0.00058984756,7.691692e-05,auto_accept,low_unc_low_risk
ISIC_0030340,nv,nv,0.16362542,0.0036372636,auto_accept,low_unc_low_risk
ISIC_0031024,bkl,bkl,0.035666466,1.1833956e-06,auto_accept,low_unc_low_risk
ISIC_0031529,mel,nv,0.008402228,0.004504333,auto_accept,low_unc_low_risk
ISIC_0029237,nv,nv,0.02153492,0.0012380223,auto_accept,low_unc_low_risk
ISIC_0028754,nv,nv,0.4996171,0.43762076,escalate,high_unc_low_risk
ISIC_0031162,nv,nv,5.686283e-05,4.0695973e-06,auto_accept,low_unc_low_risk
ISIC_0026370,nv,nv,0.030938387,0.016469657,auto_accept,low_unc_low_risk
ISIC_0030131,nv,nv,0.0012612939,0.00014543081,auto_accept,low_unc_low_risk
ISIC_0028310,nv,bcc,0.5886539,0.3300734,escalate,high_unc_low_risk
ISIC_0029449,nv,nv,0.03367138,6.2095014e-06,auto_accept,low_unc_low_risk
ISIC_0027732,nv,nv,0.000236094,2.7435248e-05,auto_accept,low_unc_low_risk
ISIC_0032166,nv,nv,0.02854526,0.008312255,auto_accept,low_unc_low_risk
ISIC_0027575,nv,nv,0.21269041,0.000488605,auto_accept,low_unc_low_risk
ISIC_0031250,nv,nv,0.0005913973,9.486341e-05,auto_accept,low_unc_low_risk
ISIC_0025721,nv,nv,0.0022630692,0.00073570426,auto_accept,low_unc_low_risk
ISIC_0029125,nv,nv,0.27119833,0.00032476854,auto_accept,low_unc_low_risk
ISIC_0027886,nv,nv,0.0037682652,1.9913497e-05,auto_accept,low_unc_low_risk
ISIC_0030650,nv,nv,0.009624898,7.6013785e-06,auto_accept,low_unc_low_risk
ISIC_0025215,nv,nv,0.00026792288,1.6759497e-05,auto_accept,low_unc_low_risk
ISIC_0024995,nv,nv,0.08681291,0.020628322,auto_accept,low_unc_low_risk
ISIC_0029850,nv,nv,0.0014683008,3.982166e-05,auto_accept,low_unc_low_risk
ISIC_0032933,nv,nv,0.2004208,0.0025108592,auto_accept,low_unc_low_risk
ISIC_0030081,bkl,bcc,0.00220716,0.99317604,auto_accept,low_unc_low_risk
ISIC_0024414,nv,nv,0.0011188388,2.9307907e-05,auto_accept,low_unc_low_risk
ISIC_0028594,nv,nv,0.011180937,8.171232e-07,auto_accept,low_unc_low_risk
ISIC_0029386,nv,nv,9.4652176e-05,5.1766388e-06,auto_accept,low_unc_low_risk
ISIC_0026649,nv,nv,0.10192633,8.327482e-05,auto_accept,low_unc_low_risk
ISIC_0028390,nv,nv,0.011070788,0.00081244484,auto_accept,low_unc_low_risk
ISIC_0025931,nv,nv,0.035978794,0.00880956,auto_accept,low_unc_low_risk
ISIC_0032712,nv,nv,0.003312409,0.00059649756,auto_accept,low_unc_low_risk
ISIC_0028196,nv,nv,0.0011202693,8.552134e-06,auto_accept,low_unc_low_risk
ISIC_0028950,nv,nv,0.0014592409,0.0003720509,auto_accept,low_unc_low_risk
ISIC_0032802,nv,nv,0.010603309,0.005659033,auto_accept,low_unc_low_risk
ISIC_0028348,nv,nv,0.00011122227,2.7503338e-08,auto_accept,low_unc_low_risk
ISIC_0033799,nv,nv,0.015324175,0.0022920356,auto_accept,low_unc_low_risk
ISIC_0026269,nv,nv,0.0049496293,8.393391e-05,auto_accept,low_unc_low_risk
ISIC_0026340,nv,df,0.1484881,0.03927621,auto_accept,low_unc_low_risk
ISIC_0028161,nv,nv,0.019445777,0.00090228923,auto_accept,low_unc_low_risk
ISIC_0024709,bkl,df,0.00086683035,0.054052796,auto_accept,low_unc_low_risk
ISIC_0025033,bkl,nv,0.42535675,0.007164823,escalate,high_unc_low_risk
ISIC_0029617,bkl,nv,0.2825821,0.023411889,auto_accept,low_unc_low_risk
ISIC_0030911,nv,nv,0.00815928,0.00013681817,auto_accept,low_unc_low_risk
ISIC_0029595,nv,nv,0.0020863414,8.808736e-05,auto_accept,low_unc_low_risk
ISIC_0033843,mel,mel,0.0017681718,0.99687356,auto_accept,low_unc_low_risk
ISIC_0025544,nv,nv,0.0043379664,1.0041513e-06,auto_accept,low_unc_low_risk
ISIC_0030486,mel,mel,0.040698826,0.98846406,auto_accept,low_unc_low_risk
ISIC_0032005,nv,nv,0.0007930398,7.872142e-06,auto_accept,low_unc_low_risk
ISIC_0033040,nv,nv,0.0238989,0.0003990801,auto_accept,low_unc_low_risk
ISIC_0032319,nv,nv,0.0007864237,9.024429e-06,auto_accept,low_unc_low_risk
ISIC_0031287,bkl,bkl,0.089211226,0.0045478703,auto_accept,low_unc_low_risk
ISIC_0034168,bkl,bkl,0.0015265346,0.0032879421,auto_accept,low_unc_low_risk
ISIC_0029675,nv,nv,0.00013494492,2.7513117e-05,auto_accept,low_unc_low_risk
ISIC_0033878,mel,mel,0.0062320232,0.9855935,auto_accept,low_unc_low_risk
ISIC_0027817,nv,nv,0.016729712,8.6111095e-06,auto_accept,low_unc_low_risk
ISIC_0033946,mel,mel,0.09748131,0.88665617,auto_accept,low_unc_low_risk
ISIC_0033839,nv,nv,0.019634843,0.013263906,auto_accept,low_unc_low_risk
ISIC_0026328,nv,nv,0.0028919578,2.3487395e-05,auto_accept,low_unc_low_risk
ISIC_0025258,nv,nv,0.001625061,5.4005162e-05,auto_accept,low_unc_low_risk
ISIC_0032469,nv,nv,0.015299439,1.9190597e-06,auto_accept,low_unc_low_risk
ISIC_0025658,nv,nv,0.00026208162,3.8722243e-05,auto_accept,low_unc_low_risk
ISIC_0029845,nv,nv,0.066259265,0.020984929,auto_accept,low_unc_low_risk
ISIC_0032407,nv,nv,0.049862504,0.005310749,auto_accept,low_unc_low_risk
ISIC_0032909,nv,bkl,0.018615961,5.225367e-05,auto_accept,low_unc_low_risk
ISIC_0028472,nv,nv,0.046176553,0.005748739,auto_accept,low_unc_low_risk
ISIC_0029189,nv,nv,0.0051490664,0.0013158947,auto_accept,low_unc_low_risk
ISIC_0028147,bcc,bcc,0.0039612055,0.89780015,auto_accept,low_unc_low_risk
ISIC_0025416,nv,nv,0.00023216009,1.0253505e-05,auto_accept,low_unc_low_risk
ISIC_0030556,nv,nv,0.0020533204,0.00017470085,auto_accept,low_unc_low_risk
ISIC_0029111,nv,nv,0.00089234114,6.1384654e-08,auto_accept,low_unc_low_risk
ISIC_0032457,nv,nv,0.0054314137,0.00024376894,auto_accept,low_unc_low_risk
ISIC_0032980,nv,nv,0.036458492,0.013733135,auto_accept,low_unc_low_risk
ISIC_0028573,nv,nv,0.0020205379,0.001147017,auto_accept,low_unc_low_risk
ISIC_0025205,nv,nv,0.0009509921,1.2414871e-05,auto_accept,low_unc_low_risk
ISIC_0029678,bkl,nv,0.124292135,0.055201404,auto_accept,low_unc_low_risk
ISIC_0031621,nv,mel,0.07891375,0.8662486,auto_accept,low_unc_low_risk
ISIC_0028443,nv,nv,0.002594769,1.9138763e-06,auto_accept,low_unc_low_risk
ISIC_0026458,mel,mel,0.0017501712,0.9974648,auto_accept,low_unc_low_risk
ISIC_0031357,nv,nv,0.0001925826,5.2699606e-06,auto_accept,low_unc_low_risk
ISIC_0027665,vasc,vasc,0.00020986795,0.0002572256,auto_accept,low_unc_low_risk
ISIC_0032883,bkl,bkl,0.2100758,0.55640584,auto_accept,low_unc_low_risk
ISIC_0028068,nv,nv,0.003939569,1.01414935e-05,auto_accept,low_unc_low_risk
ISIC_0028141,nv,nv,0.31934983,0.23918848,auto_accept,low_unc_low_risk
ISIC_0030228,nv,nv,0.0031084418,0.000562445,auto_accept,low_unc_low_risk
ISIC_0032384,bcc,bcc,0.044556916,0.995874,auto_accept,low_unc_low_risk
ISIC_0028943,bkl,bkl,0.00069379807,0.002182004,auto_accept,low_unc_low_risk
ISIC_0025912,nv,nv,0.09039092,0.0009670712,auto_accept,low_unc_low_risk
ISIC_0026284,nv,nv,0.0014986992,9.946158e-06,auto_accept,low_unc_low_risk
ISIC_0024751,nv,nv,0.00020593405,4.8725433e-06,auto_accept,low_unc_low_risk
ISIC_0024601,nv,nv,0.001113236,6.26654e-06,auto_accept,low_unc_low_risk
ISIC_0024379,nv,nv,0.02700764,0.0005896641,auto_accept,low_unc_low_risk
ISIC_0025210,nv,nv,0.40589786,0.3252455,escalate,high_unc_low_risk
ISIC_0033407,nv,nv,0.013177514,0.0010681037,auto_accept,low_unc_low_risk
ISIC_0024395,nv,nv,0.00026470423,8.023203e-07,auto_accept,low_unc_low_risk
ISIC_0030325,nv,nv,0.0021841526,0.0001800898,auto_accept,low_unc_low_risk
ISIC_0027304,nv,nv,0.001270473,3.2036878e-05,auto_accept,low_unc_low_risk
ISIC_0033545,mel,mel,0.0059121847,0.98863715,auto_accept,low_unc_low_risk
ISIC_0033929,nv,bkl,0.19104266,0.004948394,auto_accept,low_unc_low_risk
ISIC_0031828,nv,nv,0.039221287,3.121334e-05,auto_accept,low_unc_low_risk
ISIC_0029744,mel,mel,0.035681427,0.9449823,auto_accept,low_unc_low_risk
ISIC_0027977,nv,nv,0.0029205084,7.791948e-06,auto_accept,low_unc_low_risk
ISIC_0026477,bkl,nv,0.12315047,0.09667374,auto_accept,low_unc_low_risk
ISIC_0025662,nv,nv,0.008169115,0.00528987,auto_accept,low_unc_low_risk
ISIC_0026108,nv,nv,0.038206816,0.015988901,auto_accept,low_unc_low_risk
ISIC_0034217,nv,nv,0.009927273,0.0038218247,auto_accept,low_unc_low_risk
ISIC_0026757,nv,nv,0.004149556,0.00032801932,auto_accept,low_unc_low_risk
ISIC_0030577,nv,nv,0.00014710426,2.5650368e-06,auto_accept,low_unc_low_risk
ISIC_0025761,nv,nv,0.00053685904,2.5283704e-05,auto_accept,low_unc_low_risk
ISIC_0033600,nv,nv,0.09275764,0.046800226,auto_accept,low_unc_low_risk
ISIC_0028407,nv,nv,0.0087291,1.4181865e-06,auto_accept,low_unc_low_risk
ISIC_0031787,nv,nv,0.00014841557,5.4868696e-07,auto_accept,low_unc_low_risk
ISIC_0026012,nv,nv,0.03598529,0.0021617129,auto_accept,low_unc_low_risk
ISIC_0029281,mel,nv,0.07858151,0.07424259,auto_accept,low_unc_low_risk
ISIC_0028540,nv,nv,8.916855e-05,4.648802e-06,auto_accept,low_unc_low_risk
ISIC_0032981,mel,mel,0.44475955,0.41303438,escalate,high_unc_low_risk
ISIC_0029526,nv,nv,0.00012040138,1.1644895e-05,auto_accept,low_unc_low_risk
ISIC_0027036,nv,mel,0.2728917,0.5290973,auto_accept,low_unc_low_risk
ISIC_0027075,nv,nv,0.005386889,6.1757796e-06,auto_accept,low_unc_low_risk
ISIC_0028410,mel,mel,0.0509789,0.9326308,auto_accept,low_unc_low_risk
ISIC_0025993,nv,nv,0.006952226,0.0014706263,auto_accept,low_unc_low_risk
ISIC_0030835,bkl,nv,0.080128014,0.003623675,auto_accept,low_unc_low_risk
ISIC_0034148,nv,nv,0.029100537,0.0031036881,auto_accept,low_unc_low_risk
ISIC_0030509,nv,nv,0.00036656857,1.5191647e-06,auto_accept,low_unc_low_risk
ISIC_0033749,vasc,vasc,0.0002989173,0.0022830747,auto_accept,low_unc_low_risk
ISIC_0029783,df,df,0.0066275597,0.013455738,auto_accept,low_unc_low_risk
ISIC_0025742,nv,nv,0.01801622,0.0005841798,auto_accept,low_unc_low_risk
ISIC_0030889,nv,nv,0.0011318922,9.578585e-05,auto_accept,low_unc_low_risk
ISIC_0026205,bkl,bkl,0.13499182,6.791618e-06,auto_accept,low_unc_low_risk
ISIC_0027511,nv,nv,0.00047171116,6.241268e-05,auto_accept,low_unc_low_risk
ISIC_0025883,bkl,bkl,0.00014901161,0.00014333636,auto_accept,low_unc_low_risk
ISIC_0030032,mel,mel,0.018648624,0.9830526,auto_accept,low_unc_low_risk
ISIC_0033519,nv,nv,0.07004571,0.0026607492,auto_accept,low_unc_low_risk
ISIC_0032011,nv,nv,0.003519833,3.8087974e-06,auto_accept,low_unc_low_risk
ISIC_0026619,nv,nv,0.008431494,9.421002e-05,auto_accept,low_unc_low_risk
ISIC_0034029,nv,nv,0.103449225,0.060267624,auto_accept,low_unc_low_risk
ISIC_0025759,nv,nv,0.090442955,0.045860555,auto_accept,low_unc_low_risk
ISIC_0030480,nv,nv,0.006418705,0.0005681125,auto_accept,low_unc_low_risk
ISIC_0032686,nv,nv,0.025552511,0.018560717,auto_accept,low_unc_low_risk
ISIC_0025828,nv,nv,0.00028687716,4.6621954e-05,auto_accept,low_unc_low_risk
ISIC_0030527,nv,nv,0.0001001358,1.1504992e-07,auto_accept,low_unc_low_risk
ISIC_0028169,nv,nv,0.0005313754,2.009995e-06,auto_accept,low_unc_low_risk
ISIC_0025168,nv,nv,0.025274336,0.016355272,auto_accept,low_unc_low_risk
ISIC_0028053,nv,nv,0.041289985,2.3245044e-05,auto_accept,low_unc_low_risk
ISIC_0028093,nv,nv,0.00017350912,3.6807218e-05,auto_accept,low_unc_low_risk
ISIC_0024460,nv,nv,5.3167343e-05,6.5371696e-06,auto_accept,low_unc_low_risk
ISIC_0026298,bkl,bkl,0.44410712,0.7241327,escalate,high_unc_low_risk
ISIC_0034131,nv,nv,0.21756148,0.07864238,auto_accept,low_unc_low_risk
ISIC_0024535,nv,nv,0.00023716688,4.4070644e-06,auto_accept,low_unc_low_risk
ISIC_0026774,mel,nv,0.06588268,0.0041813543,auto_accept,low_unc_low_risk
ISIC_0031731,nv,nv,0.0010815859,8.259524e-05,auto_accept,low_unc_low_risk
ISIC_0028392,nv,nv,0.00022083521,2.0287705e-07,auto_accept,low_unc_low_risk
ISIC_0027696,nv,nv,0.0007907748,2.0965397e-06,auto_accept,low_unc_low_risk
ISIC_0028734,nv,nv,0.001000464,0.00034678975,auto_accept,low_unc_low_risk
ISIC_0029695,nv,nv,0.0020661354,2.531217e-05,auto_accept,low_unc_low_risk
ISIC_0028641,nv,nv,0.00062686205,0.00023415926,auto_accept,low_unc_low_risk
ISIC_0028383,nv,nv,0.0022688508,4.3380387e-05,auto_accept,low_unc_low_risk
ISIC_0025122,nv,nv,0.009369433,0.0014844157,auto_accept,low_unc_low_risk
ISIC_0025306,nv,nv,0.010798812,0.0053657107,auto_accept,low_unc_low_risk
ISIC_0034178,nv,nv,0.03738153,0.014617723,auto_accept,low_unc_low_risk
ISIC_0031089,nv,nv,0.0008148551,3.201434e-07,auto_accept,low_unc_low_risk
ISIC_0026859,nv,nv,0.0049121976,0.00014764699,auto_accept,low_unc_low_risk
ISIC_0030593,nv,nv,0.06545383,0.07433184,auto_accept,low_unc_low_risk
ISIC_0031420,nv,nv,0.0011803508,5.9435668e-05,auto_accept,low_unc_low_risk
ISIC_0025347,nv,nv,1.13248825e-05,1.7954432e-07,auto_accept,low_unc_low_risk
ISIC_0025889,nv,nv,0.000695467,1.6831452e-06,auto_accept,low_unc_low_risk
ISIC_0032488,nv,nv,0.004720092,0.00076118007,auto_accept,low_unc_low_risk
ISIC_0025807,vasc,vasc,1.3113022e-06,0.00017824682,auto_accept,low_unc_low_risk
ISIC_0026220,nv,nv,0.012711883,4.9923812e-05,auto_accept,low_unc_low_risk
ISIC_0028893,nv,nv,0.0011354685,4.0713676e-06,auto_accept,low_unc_low_risk
ISIC_0029517,nv,nv,0.0007003546,1.2192305e-05,auto_accept,low_unc_low_risk
ISIC_0026283,nv,nv,0.02176553,2.0502743e-05,auto_accept,low_unc_low_risk
ISIC_0029426,nv,nv,4.5776367e-05,9.5579516e-08,auto_accept,low_unc_low_risk
ISIC_0030468,nv,nv,0.010926187,0.00015655723,auto_accept,low_unc_low_risk
ISIC_0028400,nv,bcc,0.052306533,0.4640929,auto_accept,low_unc_low_risk
ISIC_0029017,mel,nv,0.025169551,0.011800036,auto_accept,low_unc_low_risk
ISIC_0032279,nv,nv,0.008940399,0.0013630475,auto_accept,low_unc_low_risk
ISIC_0028449,bkl,bkl,0.0075907707,0.038490485,auto_accept,low_unc_low_risk
ISIC_0025810,bkl,bkl,0.002357781,0.0027651554,auto_accept,low_unc_low_risk
ISIC_0025610,nv,nv,0.013701022,0.006451831,auto_accept,low_unc_low_risk
ISIC_0031673,nv,nv,0.00024968386,9.299162e-06,auto_accept,low_unc_low_risk
ISIC_0028007,nv,nv,1.9907951e-05,1.5654857e-08,auto_accept,low_unc_low_risk
ISIC_0030289,nv,nv,0.0037558079,3.1563013e-05,auto_accept,low_unc_low_risk
ISIC_0030198,nv,nv,0.052770138,0.023329422,auto_accept,low_unc_low_risk
ISIC_0032125,nv,nv,0.03938389,0.0039598863,auto_accept,low_unc_low_risk
ISIC_0033031,vasc,vasc,8.821487e-06,9.204349e-06,auto_accept,low_unc_low_risk
ISIC_0029079,nv,nv,0.0104625225,0.00084429927,auto_accept,low_unc_low_risk
ISIC_0025999,nv,nv,0.0032204986,0.00017229073,auto_accept,low_unc_low_risk
ISIC_0031772,nv,nv,0.0041362047,0.00019210987,auto_accept,low_unc_low_risk
ISIC_0030679,nv,nv,0.0030260086,4.5198027e-07,auto_accept,low_unc_low_risk
ISIC_0024759,nv,nv,0.0052930713,1.0864466e-05,auto_accept,low_unc_low_risk
ISIC_0029772,nv,nv,1.5735626e-05,4.981379e-06,auto_accept,low_unc_low_risk
ISIC_0030851,nv,nv,0.37719488,0.009519086,escalate,high_unc_low_risk
ISIC_0029825,nv,mel,0.18943179,0.76036596,auto_accept,low_unc_low_risk
ISIC_0031267,nv,nv,1.9073486e-05,2.7464975e-07,auto_accept,low_unc_low_risk
ISIC_0030740,nv,nv,0.0068793893,0.0030135724,auto_accept,low_unc_low_risk
ISIC_0027854,nv,nv,0.007406652,2.373614e-05,auto_accept,low_unc_low_risk
ISIC_0029335,nv,nv,0.00080376863,1.482257e-05,auto_accept,low_unc_low_risk
ISIC_0028246,nv,nv,0.0010111928,7.203653e-05,auto_accept,low_unc_low_risk
ISIC_0027176,nv,nv,0.005090058,8.2361024e-05,auto_accept,low_unc_low_risk
ISIC_0025518,nv,nv,0.09230584,0.0039519197,auto_accept,low_unc_low_risk
ISIC_0025500,mel,bkl,0.5126696,0.49597728,escalate,high_unc_low_risk
ISIC_0031762,bcc,bcc,0.0025783777,0.9996158,escalate,low_unc_high_risk
ISIC_0029761,nv,nv,0.014654815,0.00031786377,auto_accept,low_unc_low_risk
ISIC_0029866,nv,nv,0.00046551228,5.9271724e-06,auto_accept,low_unc_low_risk
ISIC_0033098,nv,nv,0.021225631,0.012873997,auto_accept,low_unc_low_risk
ISIC_0033021,nv,nv,0.034252882,0.024667649,auto_accept,low_unc_low_risk
ISIC_0029198,nv,nv,0.0029000044,0.00038665216,auto_accept,low_unc_low_risk
ISIC_0025090,nv,nv,0.0017758012,3.7649547e-06,auto_accept,low_unc_low_risk
ISIC_0031105,nv,nv,0.04573238,0.02324601,auto_accept,low_unc_low_risk
ISIC_0026565,nv,nv,0.0012402534,6.108774e-05,auto_accept,low_unc_low_risk
ISIC_0027413,nv,nv,0.0020526052,0.0017443879,auto_accept,low_unc_low_risk
ISIC_0027467,nv,nv,0.014380097,0.00025295996,auto_accept,low_unc_low_risk
ISIC_0030859,nv,nv,0.16975504,0.106357634,auto_accept,low_unc_low_risk
ISIC_0029956,nv,nv,0.0006107092,8.7594935e-06,auto_accept,low_unc_low_risk
ISIC_0034057,bkl,bkl,0.0057418346,0.02676901,auto_accept,low_unc_low_risk
ISIC_0030990,nv,nv,0.030197322,0.00016287378,auto_accept,low_unc_low_risk
ISIC_0025794,nv,nv,0.0061998963,0.0014368158,auto_accept,low_unc_low_risk
ISIC_0033707,nv,nv,0.4661433,0.012365033,escalate,high_unc_low_risk
ISIC_0030909,nv,nv,0.009539545,0.0014039022,auto_accept,low_unc_low_risk
ISIC_0025047,nv,nv,0.03216058,0.008777499,auto_accept,low_unc_low_risk
ISIC_0024334,nv,nv,0.0023089647,5.7667703e-06,auto_accept,low_unc_low_risk
ISIC_0031501,nv,nv,0.11742669,0.00075680786,auto_accept,low_unc_low_risk
ISIC_0027843,nv,nv,0.00486511,0.00018343775,auto_accept,low_unc_low_risk
ISIC_0031086,nv,nv,0.00027388334,1.1971396e-06,auto_accept,low_unc_low_risk
ISIC_0031195,nv,nv,0.0016079545,3.0000951e-06,auto_accept,low_unc_low_risk
ISIC_0025124,nv,nv,0.00034105778,2.9501956e-05,auto_accept,low_unc_low_risk
ISIC_0034237,nv,nv,0.06893033,0.056882326,auto_accept,low_unc_low_risk
ISIC_0028722,nv,nv,0.0071564317,0.0007074383,auto_accept,low_unc_low_risk
ISIC_0026661,bkl,bkl,0.017082393,0.25663915,auto_accept,low_unc_low_risk
ISIC_0026279,nv,nv,0.006961167,7.184087e-05,auto_accept,low_unc_low_risk
ISIC_0027259,nv,nv,0.04022664,0.0035086877,auto_accept,low_unc_low_risk
ISIC_0024531,nv,nv,0.0003684759,1.0473898e-05,auto_accept,low_unc_low_risk
ISIC_0025460,nv,nv,0.00020939112,2.017252e-08,auto_accept,low_unc_low_risk
ISIC_0030024,nv,nv,0.0005161762,6.8150075e-06,auto_accept,low_unc_low_risk
ISIC_0033127,bkl,bkl,0.009859741,0.010021572,auto_accept,low_unc_low_risk
ISIC_0028185,nv,nv,0.07572663,0.00012443391,auto_accept,low_unc_low_risk
ISIC_0024944,nv,nv,0.011581123,0.008919938,auto_accept,low_unc_low_risk
ISIC_0032087,nv,nv,0.028714955,0.00013821098,auto_accept,low_unc_low_risk
ISIC_0028628,bkl,mel,0.19340247,0.7998427,auto_accept,low_unc_low_risk
ISIC_0028618,nv,nv,0.13253021,0.032251216,auto_accept,low_unc_low_risk
ISIC_0033492,nv,mel,0.3777905,0.5891362,escalate,high_unc_low_risk
ISIC_0029621,nv,nv,0.0011801124,0.0007778969,auto_accept,low_unc_low_risk
ISIC_0026745,mel,mel,0.050175667,0.91399944,auto_accept,low_unc_low_risk
ISIC_0033945,bkl,bkl,0.19114232,0.058538567,auto_accept,low_unc_low_risk
ISIC_0030449,nv,nv,0.003344059,3.3771605e-05,auto_accept,low_unc_low_risk
ISIC_0027808,nv,nv,0.003937304,3.136175e-05,auto_accept,low_unc_low_risk
ISIC_0030829,nv,nv,0.0067632794,0.0002531764,auto_accept,low_unc_low_risk
ISIC_0033803,nv,vasc,0.00274235,0.0009052364,auto_accept,low_unc_low_risk
ISIC_0031554,mel,nv,0.064700246,0.04696016,auto_accept,low_unc_low_risk
ISIC_0031966,nv,nv,0.00028520823,1.0627661e-05,auto_accept,low_unc_low_risk
ISIC_0030001,nv,nv,0.00018113852,1.6868984e-05,auto_accept,low_unc_low_risk
ISIC_0033426,mel,mel,0.0034869313,0.99118084,auto_accept,low_unc_low_risk
ISIC_0028378,nv,nv,0.33905995,0.2392385,auto_accept,low_unc_low_risk
ISIC_0031448,nv,nv,0.0014368892,0.0005355022,auto_accept,low_unc_low_risk
ISIC_0034263,mel,mel,0.006625235,0.99345255,auto_accept,low_unc_low_risk
ISIC_0030881,nv,nv,0.0010892153,7.0159e-05,auto_accept,low_unc_low_risk
ISIC_0026689,nv,nv,0.0034630299,3.089357e-05,auto_accept,low_unc_low_risk
ISIC_0030490,nv,nv,0.0017166138,0.001699756,auto_accept,low_unc_low_risk
ISIC_0028290,nv,nv,0.011449516,3.0155476e-05,auto_accept,low_unc_low_risk
ISIC_0030489,nv,nv,0.0003619194,2.557722e-05,auto_accept,low_unc_low_risk
ISIC_0025242,nv,nv,0.009290338,0.0007056523,auto_accept,low_unc_low_risk
ISIC_0033719,nv,nv,0.0014554262,0.00016936148,auto_accept,low_unc_low_risk
ISIC_0028453,nv,nv,0.2924474,0.003993733,auto_accept,low_unc_low_risk
ISIC_0033279,mel,mel,0.11314863,0.60480636,auto_accept,low_unc_low_risk
ISIC_0025035,mel,mel,0.2729653,0.48182535,auto_accept,low_unc_low_risk
ISIC_0027111,nv,nv,0.0057383776,0.0002113829,auto_accept,low_unc_low_risk
ISIC_0030562,nv,nv,0.005027771,8.032873e-06,auto_accept,low_unc_low_risk
ISIC_0025732,mel,mel,0.04128903,0.89842635,auto_accept,low_unc_low_risk
ISIC_0027844,nv,nv,0.00045764446,3.5253393e-05,auto_accept,low_unc_low_risk
ISIC_0028046,nv,nv,0.00022381544,6.966793e-06,auto_accept,low_unc_low_risk
ISIC_0030205,nv,nv,0.015068412,0.0014130326,auto_accept,low_unc_low_risk
ISIC_0029765,nv,nv,0.0015057325,1.5495279e-07,auto_accept,low_unc_low_risk
ISIC_0027870,nv,nv,0.0006366372,1.4410773e-05,auto_accept,low_unc_low_risk
ISIC_0027289,nv,nv,0.16624004,0.21111795,auto_accept,low_unc_low_risk
ISIC_0025483,nv,nv,0.006851971,3.0794135e-06,auto_accept,low_unc_low_risk
ISIC_0033769,nv,nv,0.004090309,0.0007171114,auto_accept,low_unc_low_risk
ISIC_0026355,nv,nv,0.0004208684,1.4012313e-05,auto_accept,low_unc_low_risk
ISIC_0031588,nv,nv,0.012624264,0.001385866,auto_accept,low_unc_low_risk
ISIC_0024950,nv,nv,0.008376777,6.331791e-06,auto_accept,low_unc_low_risk
ISIC_0025991,nv,nv,0.0007786751,9.879539e-06,auto_accept,low_unc_low_risk
ISIC_0028957,nv,nv,0.0008544922,9.8326545e-06,auto_accept,low_unc_low_risk
ISIC_0025996,mel,mel,0.0024886131,0.9942515,auto_accept,low_unc_low_risk
ISIC_0030515,nv,nv,7.009506e-05,2.0747962e-06,auto_accept,low_unc_low_risk
ISIC_0024401,nv,nv,0.00095301867,1.5864372e-06,auto_accept,low_unc_low_risk
ISIC_0032687,mel,mel,0.19994211,0.76053023,auto_accept,low_unc_low_risk
ISIC_0024918,mel,nv,0.007858157,0.0012065575,auto_accept,low_unc_low_risk
ISIC_0029835,nv,nv,0.004456699,0.0026904137,auto_accept,low_unc_low_risk
ISIC_0029379,nv,nv,0.00037884712,1.1610022e-05,auto_accept,low_unc_low_risk
ISIC_0027169,nv,nv,0.00063985586,2.4219785e-06,auto_accept,low_unc_low_risk
ISIC_0027069,mel,mel,0.20381868,0.8775987,auto_accept,low_unc_low_risk
ISIC_0032757,bkl,nv,0.5226078,0.21878073,escalate,high_unc_low_risk
ISIC_0025743,bkl,bkl,0.0003798008,0.00084401964,auto_accept,low_unc_low_risk
ISIC_0027944,nv,nv,0.0009943843,9.543448e-05,auto_accept,low_unc_low_risk
ISIC_0028545,nv,nv,0.0025839806,0.00038790298,auto_accept,low_unc_low_risk
ISIC_0026509,nv,nv,0.22487772,3.0573074e-07,auto_accept,low_unc_low_risk
ISIC_0026177,nv,nv,0.342067,0.0066718976,auto_accept,low_unc_low_risk
ISIC_0030846,nv,nv,0.00393337,0.0001772457,auto_accept,low_unc_low_risk
ISIC_0031626,nv,nv,0.0005181432,3.485662e-05,auto_accept,low_unc_low_risk
ISIC_0031367,nv,nv,0.0015637279,0.0003145897,auto_accept,low_unc_low_risk
ISIC_0032876,bkl,bkl,0.0009236336,4.1266198e-05,auto_accept,low_unc_low_risk
ISIC_0031378,bcc,bcc,0.026897132,0.8450638,auto_accept,low_unc_low_risk
ISIC_0033702,nv,nv,0.05467391,0.03018091,auto_accept,low_unc_low_risk
ISIC_0029085,nv,nv,0.0010995865,8.618282e-05,auto_accept,low_unc_low_risk
ISIC_0030699,nv,nv,0.02457738,0.02064301,auto_accept,low_unc_low_risk
ISIC_0027173,nv,nv,0.0031186342,1.1822173e-05,auto_accept,low_unc_low_risk
ISIC_0024306,nv,nv,0.00047433376,6.791035e-06,auto_accept,low_unc_low_risk
ISIC_0026058,nv,nv,0.00010430813,1.0133561e-07,auto_accept,low_unc_low_risk
ISIC_0032357,nv,nv,0.001303494,7.742882e-05,auto_accept,low_unc_low_risk
ISIC_0027564,nv,nv,0.0026458502,0.001798756,auto_accept,low_unc_low_risk
ISIC_0031472,nv,nv,0.018890262,0.00017828557,auto_accept,low_unc_low_risk
ISIC_0026136,nv,nv,0.0049383044,0.00045477695,auto_accept,low_unc_low_risk
ISIC_0027583,nv,nv,0.00018543005,3.1032255e-06,auto_accept,low_unc_low_risk
ISIC_0031608,nv,nv,0.00025993586,9.856867e-06,auto_accept,low_unc_low_risk
ISIC_0030936,nv,nv,0.003498435,0.00075515336,auto_accept,low_unc_low_risk
ISIC_0026123,nv,mel,0.15884596,0.7673232,auto_accept,low_unc_low_risk
ISIC_0031541,nv,nv,0.003829062,0.00073557673,auto_accept,low_unc_low_risk
ISIC_0025371,nv,nv,0.001072824,1.0708625e-07,auto_accept,low_unc_low_risk
ISIC_0024409,bkl,bkl,0.010615051,0.032045297,auto_accept,low_unc_low_risk
ISIC_0031748,nv,nv,0.24483979,0.08512701,auto_accept,low_unc_low_risk
ISIC_0026232,nv,nv,0.015246928,0.0051955306,auto_accept,low_unc_low_risk
ISIC_0026078,nv,nv,0.008456945,0.00035819857,auto_accept,low_unc_low_risk
ISIC_0030646,nv,nv,0.007927954,1.5178382e-06,auto_accept,low_unc_low_risk
ISIC_0029875,nv,nv,0.0021987557,4.039207e-05,auto_accept,low_unc_low_risk
ISIC_0029971,nv,nv,0.0004364848,3.5981066e-07,auto_accept,low_unc_low_risk
ISIC_0025225,nv,nv,0.014421225,0.008705087,auto_accept,low_unc_low_risk
ISIC_0034065,mel,mel,0.4903254,0.29912695,escalate,high_unc_low_risk
ISIC_0032458,nv,nv,0.0018649101,0.00026930217,auto_accept,low_unc_low_risk
ISIC_0032003,nv,nv,0.016290545,0.004245599,auto_accept,low_unc_low_risk
ISIC_0029520,nv,nv,0.000116586685,3.878906e-06,auto_accept,low_unc_low_risk
ISIC_0033093,nv,nv,0.36966348,0.013072267,escalate,high_unc_low_risk
ISIC_0024907,nv,nv,0.004745364,0.0026461468,auto_accept,low_unc_low_risk
ISIC_0027195,nv,nv,0.0015191436,4.63403e-07,auto_accept,low_unc_low_risk
ISIC_0027200,nv,nv,0.0012540817,1.420814e-06,auto_accept,low_unc_low_risk
ISIC_0029179,nv,nv,0.08994943,0.054626554,auto_accept,low_unc_low_risk
ISIC_0030012,nv,nv,0.0081807375,0.00021791541,auto_accept,low_unc_low_risk
ISIC_0031801,nv,nv,0.00014281273,1.5754613e-06,auto_accept,low_unc_low_risk
ISIC_0030370,nv,nv,0.33492315,0.31652457,auto_accept,low_unc_low_risk
ISIC_0030041,nv,nv,0.001006186,1.9898309e-05,auto_accept,low_unc_low_risk
ISIC_0024486,nv,nv,0.0067361593,0.0016342403,auto_accept,low_unc_low_risk
ISIC_0029597,nv,nv,0.0010564923,0.00039140863,auto_accept,low_unc_low_risk
ISIC_0029114,nv,nv,0.049426556,0.00042940569,auto_accept,low_unc_low_risk
ISIC_0025900,nv,nv,0.10800928,5.328686e-05,auto_accept,low_unc_low_risk
ISIC_0027566,nv,nv,0.0013369322,0.000121502606,auto_accept,low_unc_low_risk
ISIC_0024971,bkl,bkl,0.20913368,0.42432493,auto_accept,low_unc_low_risk
ISIC_0028566,nv,nv,0.0012558699,4.6144247e-05,auto_accept,low_unc_low_risk
ISIC_0028374,nv,nv,0.04043132,0.0015617656,auto_accept,low_unc_low_risk
ISIC_0033766,nv,nv,0.31840843,0.008669305,auto_accept,low_unc_low_risk
ISIC_0034316,mel,mel,0.13425332,0.98610246,auto_accept,low_unc_low_risk
ISIC_0027233,nv,nv,0.00059616566,6.8546694e-07,auto_accept,low_unc_low_risk
ISIC_0028371,nv,nv,0.09301454,0.024166752,auto_accept,low_unc_low_risk
ISIC_0024873,nv,nv,0.00251472,0.0011709008,auto_accept,low_unc_low_risk
ISIC_0029779,bcc,vasc,0.000991404,0.039920256,auto_accept,low_unc_low_risk
ISIC_0027761,nv,nv,0.040199995,0.025647376,auto_accept,low_unc_low_risk
ISIC_0025760,nv,nv,0.0022173524,6.3102157e-06,auto_accept,low_unc_low_risk
ISIC_0030955,nv,nv,0.00051546097,1.758159e-05,auto_accept,low_unc_low_risk
ISIC_0025216,nv,nv,6.2704086e-05,5.449199e-07,auto_accept,low_unc_low_risk
ISIC_0031169,bcc,bcc,7.748604e-06,0.99991906,escalate,low_unc_high_risk
ISIC_0032403,nv,nv,0.00014400482,6.450802e-06,auto_accept,low_unc_low_risk
ISIC_0030627,nv,nv,0.0012151599,0.00010939649,auto_accept,low_unc_low_risk
ISIC_0033113,nv,nv,0.0035358667,0.00069021183,auto_accept,low_unc_low_risk
ISIC_0031068,nv,nv,0.00071400404,6.901951e-07,auto_accept,low_unc_low_risk
ISIC_0030631,nv,nv,0.001085639,0.00010420429,auto_accept,low_unc_low_risk
ISIC_0029957,nv,nv,0.015391767,0.0013704135,auto_accept,low_unc_low_risk
ISIC_0024390,nv,nv,0.012569666,0.0005549444,auto_accept,low_unc_low_risk
ISIC_0024585,nv,nv,0.0014257431,5.2751298e-06,auto_accept,low_unc_low_risk
ISIC_0026351,bkl,mel,0.024723351,0.9201056,auto_accept,low_unc_low_risk
ISIC_0024378,nv,nv,0.3170461,0.0027980597,auto_accept,low_unc_low_risk
ISIC_0026734,nv,nv,0.0006646514,4.6518653e-05,auto_accept,low_unc_low_risk
ISIC_0027731,nv,nv,0.0009407401,0.00011601003,auto_accept,low_unc_low_risk
ISIC_0033921,nv,nv,0.12611473,0.036570963,auto_accept,low_unc_low_risk
ISIC_0034049,mel,mel,0.1781717,0.7662387,auto_accept,low_unc_low_risk
ISIC_0028429,nv,nv,0.0031776428,0.0012366323,auto_accept,low_unc_low_risk
ISIC_0028884,nv,nv,0.0054294467,0.004483236,auto_accept,low_unc_low_risk
ISIC_0031677,bkl,bkl,0.13918853,0.098846465,auto_accept,low_unc_low_risk
ISIC_0032742,nv,nv,0.03287649,0.010991732,auto_accept,low_unc_low_risk
ISIC_0025042,nv,nv,0.007626593,0.00014134934,auto_accept,low_unc_low_risk
ISIC_0030332,nv,nv,0.002910018,0.00058570685,auto_accept,low_unc_low_risk
ISIC_0032673,nv,nv,0.1619559,0.007826731,auto_accept,low_unc_low_risk
ISIC_0033337,mel,mel,0.25095993,0.80718184,auto_accept,low_unc_low_risk
ISIC_0029542,nv,nv,0.0021107793,1.7741122e-05,auto_accept,low_unc_low_risk
ISIC_0033143,nv,nv,0.04516548,0.0002528211,auto_accept,low_unc_low_risk
ISIC_0029784,nv,nv,0.0071099997,1.0343349e-05,auto_accept,low_unc_low_risk
ISIC_0025172,nv,nv,0.013412893,0.005104407,auto_accept,low_unc_low_risk
ISIC_0029424,nv,nv,0.0030348897,0.00013980048,auto_accept,low_unc_low_risk
ISIC_0028039,nv,nv,0.00044709444,2.4506571e-05,auto_accept,low_unc_low_risk
ISIC_0028910,nv,nv,0.0005801916,8.8567635e-05,auto_accept,low_unc_low_risk
ISIC_0034173,mel,nv,0.04409635,0.02341675,auto_accept,low_unc_low_risk
ISIC_0032522,mel,mel,0.009100199,0.98375666,auto_accept,low_unc_low_risk
ISIC_0026001,nv,nv,0.002268374,8.230222e-06,auto_accept,low_unc_low_risk
ISIC_0029445,nv,nv,0.045174062,0.0001126498,auto_accept,low_unc_low_risk
ISIC_0024744,nv,nv,0.00036036968,8.464002e-06,auto_accept,low_unc_low_risk
ISIC_0026128,nv,nv,0.0018527508,2.8157445e-05,auto_accept,low_unc_low_risk
ISIC_0032755,nv,nv,0.0060537457,0.00078298093,auto_accept,low_unc_low_risk
ISIC_0028675,nv,vasc,0.120723546,0.00022075596,auto_accept,low_unc_low_risk
ISIC_0024667,nv,nv,0.00865823,2.6855963e-05,auto_accept,low_unc_low_risk
ISIC_0026939,nv,nv,0.00019675493,2.255586e-07,auto_accept,low_unc_low_risk
ISIC_0027030,mel,mel,0.019150674,0.964593,auto_accept,low_unc_low_risk
ISIC_0025585,nv,nv,0.0033390522,4.3088974e-05,auto_accept,low_unc_low_risk
ISIC_0025346,nv,bkl,0.13936663,0.152119,auto_accept,low_unc_low_risk
ISIC_0032721,nv,nv,0.021630347,0.000637139,auto_accept,low_unc_low_risk
ISIC_0029266,nv,nv,0.00027877092,4.1623454e-07,auto_accept,low_unc_low_risk
ISIC_0024775,nv,nv,0.0008855462,7.0247347e-06,auto_accept,low_unc_low_risk
ISIC_0030710,nv,nv,0.00058734417,6.128034e-05,auto_accept,low_unc_low_risk
ISIC_0025163,nv,nv,0.01037997,0.00031340154,auto_accept,low_unc_low_risk
ISIC_0028270,nv,nv,0.0005264878,8.658298e-07,auto_accept,low_unc_low_risk
ISIC_0031129,nv,nv,0.016437232,2.4758033e-06,auto_accept,low_unc_low_risk
ISIC_0034273,nv,nv,0.34050345,0.22262578,auto_accept,low_unc_low_risk
ISIC_0033805,mel,nv,0.15763217,0.09038058,auto_accept,low_unc_low_risk
ISIC_0026843,bkl,nv,0.13144702,0.06399385,auto_accept,low_unc_low_risk
ISIC_0028240,nv,nv,0.0010864735,0.0001176381,auto_accept,low_unc_low_risk
ISIC_0033387,mel,mel,0.111688375,0.8294497,auto_accept,low_unc_low_risk
ISIC_0034019,nv,nv,0.005845487,0.0006645439,auto_accept,low_unc_low_risk
ISIC_0031446,nv,nv,0.018876135,2.1040218e-07,auto_accept,low_unc_low_risk
ISIC_0031008,bkl,bkl,0.00039976835,0.000389675,auto_accept,low_unc_low_risk
ISIC_0029269,nv,nv,0.3231817,0.11544858,auto_accept,low_unc_low_risk
ISIC_0030604,mel,mel,0.10917193,0.83792263,auto_accept,low_unc_low_risk
ISIC_0032718,mel,bkl,0.14144892,0.5963085,auto_accept,low_unc_low_risk
ISIC_0029903,nv,nv,1.1920929e-05,1.8079432e-07,auto_accept,low_unc_low_risk
ISIC_0032287,mel,nv,0.018193722,0.0011199586,auto_accept,low_unc_low_risk
ISIC_0033136,nv,vasc,0.014267623,0.007275813,auto_accept,low_unc_low_risk
ISIC_0030284,nv,nv,0.001339078,0.0005553259,auto_accept,low_unc_low_risk
ISIC_0033976,nv,nv,0.1877042,0.0039199633,auto_accept,low_unc_low_risk
ISIC_0030580,nv,bkl,0.03540504,0.11632815,auto_accept,low_unc_low_risk
ISIC_0027632,nv,nv,0.0008199811,0.00021599451,auto_accept,low_unc_low_risk
ISIC_0029388,nv,nv,0.0006200075,8.3592334e-07,auto_accept,low_unc_low_risk
ISIC_0029508,nv,nv,0.0008916259,7.644671e-06,auto_accept,low_unc_low_risk
ISIC_0025572,nv,nv,0.011416078,0.00542169,auto_accept,low_unc_low_risk
ISIC_0030992,nv,nv,0.00040632486,5.129863e-05,auto_accept,low_unc_low_risk
ISIC_0025701,nv,nv,0.020186126,0.00074780773,auto_accept,low_unc_low_risk
ISIC_0024567,nv,nv,0.0013247132,2.2124908e-05,auto_accept,low_unc_low_risk
ISIC_0024991,nv,nv,0.0004682541,1.8157066e-07,auto_accept,low_unc_low_risk
ISIC_0028354,bkl,bkl,0.018953145,0.0013524881,auto_accept,low_unc_low_risk
ISIC_0033214,nv,nv,0.04753101,3.2401838e-06,auto_accept,low_unc_low_risk
ISIC_0031022,nv,nv,0.053452134,3.2065578e-05,auto_accept,low_unc_low_risk
ISIC_0031892,nv,nv,0.0054535866,0.0008978722,auto_accept,low_unc_low_risk
ISIC_0030072,nv,nv,0.0005723834,0.00018494583,auto_accept,low_unc_low_risk
ISIC_0027230,nv,nv,0.011205196,0.0008836005,auto_accept,low_unc_low_risk
ISIC_0029938,nv,nv,0.015413642,0.000115530805,auto_accept,low_unc_low_risk
ISIC_0026032,nv,bkl,0.06323135,1.3685016e-06,auto_accept,low_unc_low_risk
ISIC_0031081,nv,mel,0.55639803,0.37778753,escalate,high_unc_low_risk
ISIC_0030104,vasc,vasc,0.0001731515,0.0019061312,auto_accept,low_unc_low_risk
ISIC_0031205,nv,nv,0.10935289,2.4522094e-05,auto_accept,low_unc_low_risk
ISIC_0029201,bcc,vasc,0.0070810914,0.35470963,auto_accept,low_unc_low_risk
ISIC_0027424,nv,nv,0.00021606684,2.3062874e-07,auto_accept,low_unc_low_risk
ISIC_0025307,nv,nv,0.00018244982,7.874658e-06,auto_accept,low_unc_low_risk
ISIC_0026946,nv,nv,0.0004633665,1.0555975e-05,auto_accept,low_unc_low_risk
ISIC_0028458,nv,nv,0.00038987398,3.2785777e-06,auto_accept,low_unc_low_risk
ISIC_0033789,nv,nv,0.003153026,0.0010847966,auto_accept,low_unc_low_risk
ISIC_0027245,nv,nv,0.00016319752,9.0339036e-08,auto_accept,low_unc_low_risk
ISIC_0026244,nv,nv,0.020268977,0.00031414043,auto_accept,low_unc_low_risk
ISIC_0027013,nv,nv,0.0010802746,8.0645375e-05,auto_accept,low_unc_low_risk
ISIC_0025375,nv,nv,0.028170228,0.004357855,auto_accept,low_unc_low_risk
ISIC_0024555,nv,nv,0.029544115,3.5160694e-05,auto_accept,low_unc_low_risk
ISIC_0030657,nv,nv,0.02678895,4.7422945e-05,auto_accept,low_unc_low_risk
ISIC_0026021,nv,nv,0.00062674284,9.7223994e-05,auto_accept,low_unc_low_risk
ISIC_0033421,nv,nv,0.19647765,0.13863714,auto_accept,low_unc_low_risk
ISIC_0027299,nv,nv,0.018205106,0.0018569442,auto_accept,low_unc_low_risk
ISIC_0031207,nv,nv,0.013536572,0.0009749157,auto_accept,low_unc_low_risk
ISIC_0024446,bkl,bkl,0.0051963925,0.00067993876,auto_accept,low_unc_low_risk
ISIC_0030723,bkl,bkl,0.03684801,0.27827057,auto_accept,low_unc_low_risk
ISIC_0032438,nv,nv,0.0019202232,7.95361e-06,auto_accept,low_unc_low_risk
ISIC_0025682,nv,nv,0.01448673,0.00047963433,auto_accept,low_unc_low_risk
ISIC_0031157,nv,nv,0.0024446845,4.407426e-05,auto_accept,low_unc_low_risk
ISIC_0033554,df,df,0.0031661391,0.008053172,auto_accept,low_unc_low_risk
ISIC_0026724,nv,nv,0.0050053596,0.0013137246,auto_accept,low_unc_low_risk
ISIC_0026339,nv,nv,0.00019043684,3.8801912e-07,auto_accept,low_unc_low_risk
ISIC_0030550,nv,nv,0.0007842779,0.00016815768,auto_accept,low_unc_low_risk
ISIC_0025316,mel,nv,0.08031738,0.068062074,auto_accept,low_unc_low_risk
ISIC_0032399,nv,nv,0.00035595894,6.9169623e-06,auto_accept,low_unc_low_risk
ISIC_0028319,nv,nv,0.17150861,5.0999384e-05,auto_accept,low_unc_low_risk
ISIC_0031667,nv,nv,0.00575912,0.0017706342,auto_accept,low_unc_low_risk
ISIC_0030885,nv,nv,0.0023728013,5.7602854e-05,auto_accept,low_unc_low_risk
ISIC_0029275,nv,nv,0.00030243397,8.136464e-06,auto_accept,low_unc_low_risk
ISIC_0026782,nv,nv,0.45432532,0.52646357,escalate,high_unc_low_risk
ISIC_0030763,nv,nv,0.00075674057,8.1980674e-05,auto_accept,low_unc_low_risk
ISIC_0031030,nv,nv,0.00038588047,0.000112367845,auto_accept,low_unc_low_risk
ISIC_0027097,nv,nv,0.00827527,0.0068663363,auto_accept,low_unc_low_risk
ISIC_0029080,bkl,bkl,0.19866669,0.35334328,auto_accept,low_unc_low_risk
ISIC_0026833,nv,nv,0.0004313588,5.2653326e-05,auto_accept,low_unc_low_risk
ISIC_0033823,nv,nv,0.07725799,0.04897362,auto_accept,low_unc_low_risk
ISIC_0033670,mel,nv,0.19594789,0.09042361,auto_accept,low_unc_low_risk
ISIC_0031360,nv,nv,0.00020951033,3.337495e-05,auto_accept,low_unc_low_risk
ISIC_0025913,nv,nv,1.1563301e-05,1.10801246e-07,auto_accept,low_unc_low_risk
ISIC_0025340,nv,nv,0.0007432103,0.00020063618,auto_accept,low_unc_low_risk
ISIC_0024858,nv,nv,0.0093746185,0.00015141196,auto_accept,low_unc_low_risk
ISIC_0034013,nv,nv,0.031933606,0.014051546,auto_accept,low_unc_low_risk
ISIC_0027885,nv,nv,0.0028874874,1.723573e-05,auto_accept,low_unc_low_risk
ISIC_0031047,nv,nv,0.0018616915,1.5778955e-06,auto_accept,low_unc_low_risk
ISIC_0025020,nv,nv,0.0065563917,0.003328228,auto_accept,low_unc_low_risk
ISIC_0031566,nv,nv,0.00011086464,3.1949924e-07,auto_accept,low_unc_low_risk
ISIC_0030251,nv,nv,0.36783475,0.2548754,escalate,high_unc_low_risk
ISIC_0026381,nv,nv,0.003320694,1.6628064e-05,auto_accept,low_unc_low_risk
ISIC_0027751,nv,nv,0.0066037774,9.570049e-05,auto_accept,low_unc_low_risk
ISIC_0028936,nv,nv,0.0014399886,0.00030903175,auto_accept,low_unc_low_risk
ISIC_0031949,nv,nv,0.0003067255,4.804955e-05,auto_accept,low_unc_low_risk
ISIC_0028440,nv,nv,0.00033152103,6.0629256e-05,auto_accept,low_unc_low_risk
ISIC_0026819,nv,nv,0.015728056,0.00020253439,auto_accept,low_unc_low_risk
ISIC_0029228,nv,nv,0.0115350485,3.3636027e-07,auto_accept,low_unc_low_risk
ISIC_0024350,nv,nv,0.00026386976,1.8186421e-06,auto_accept,low_unc_low_risk
ISIC_0027443,nv,nv,0.0007544756,1.2268701e-05,auto_accept,low_unc_low_risk
ISIC_0025481,nv,nv,0.00032651424,3.892269e-06,auto_accept,low_unc_low_risk
ISIC_0031902,nv,nv,0.019192755,0.00022234891,auto_accept,low_unc_low_risk
ISIC_0031589,nv,nv,0.00014615059,8.1340363e-07,auto_accept,low_unc_low_risk
ISIC_0026824,nv,nv,0.001644671,2.0863616e-05,auto_accept,low_unc_low_risk
ISIC_0027231,akiec,bkl,0.24784446,0.8415507,auto_accept,low_unc_low_risk
ISIC_0031549,nv,nv,0.0036739707,2.2064058e-05,auto_accept,low_unc_low_risk
ISIC_0027530,nv,nv,0.056577206,0.01987328,auto_accept,low_unc_low_risk
ISIC_0030326,nv,mel,0.07212019,0.79386836,auto_accept,low_unc_low_risk
ISIC_0033370,nv,nv,0.09011334,0.016149312,auto_accept,low_unc_low_risk
ISIC_0030815,nv,nv,0.00038337708,9.945009e-07,auto_accept,low_unc_low_risk
ISIC_0025636,nv,nv,0.0036284924,5.0566345e-05,auto_accept,low_unc_low_risk
ISIC_0028995,bkl,nv,0.21917266,0.0014898196,auto_accept,low_unc_low_risk
ISIC_0030913,nv,nv,0.011210322,0.005186268,auto_accept,low_unc_low_risk
ISIC_0034218,mel,mel,0.003281653,0.9946721,auto_accept,low_unc_low_risk
ISIC_0025218,nv,nv,0.0030742288,3.554147e-06,auto_accept,low_unc_low_risk
ISIC_0024952,mel,mel,0.07807928,0.97685117,auto_accept,low_unc_low_risk
ISIC_0031792,nv,nv,0.010260105,0.0012013658,auto_accept,low_unc_low_risk
ISIC_0033298,nv,nv,0.19244713,0.15789351,auto_accept,low_unc_low_risk
ISIC_0025727,nv,nv,0.0024194717,0.00014513406,auto_accept,low_unc_low_risk
ISIC_0031581,nv,nv,0.00024145842,1.2681058e-07,auto_accept,low_unc_low_risk
ISIC_0031984,nv,nv,0.017019391,0.006387029,auto_accept,low_unc_low_risk
ISIC_0032144,nv,nv,0.019744158,0.003369774,auto_accept,low_unc_low_risk
ISIC_0028634,nv,nv,0.00014078617,1.0042048e-05,auto_accept,low_unc_low_risk
ISIC_0028366,nv,nv,0.00043088198,2.771679e-05,auto_accept,low_unc_low_risk
ISIC_0032379,nv,nv,0.05950564,0.004153744,auto_accept,low_unc_low_risk
ISIC_0027370,bkl,bkl,0.006870687,9.941567e-06,auto_accept,low_unc_low_risk
ISIC_0027205,nv,nv,0.022205114,0.0010609212,auto_accept,low_unc_low_risk
ISIC_0030669,nv,nv,3.4570694e-05,1.7793584e-06,auto_accept,low_unc_low_risk
ISIC_0026146,nv,nv,0.011403143,0.0001142195,auto_accept,low_unc_low_risk
ISIC_0031481,nv,nv,0.000477314,9.163038e-06,auto_accept,low_unc_low_risk
ISIC_0026366,nv,nv,0.0015594363,1.5815074e-05,auto_accept,low_unc_low_risk
ISIC_0028506,nv,nv,0.00086325407,3.5911475e-05,auto_accept,low_unc_low_risk
ISIC_0030190,nv,nv,0.0046001077,7.685753e-05,auto_accept,low_unc_low_risk
ISIC_0029134,nv,nv,0.010367632,1.7559803e-06,auto_accept,low_unc_low_risk
ISIC_0028058,nv,nv,0.0013306141,1.3963251e-05,auto_accept,low_unc_low_risk
ISIC_0025003,nv,nv,0.0012327433,6.559625e-05,auto_accept,low_unc_low_risk
ISIC_0029946,nv,nv,0.012071073,0.00023747762,auto_accept,low_unc_low_risk
ISIC_0030214,nv,nv,0.0017976761,3.8075355e-05,auto_accept,low_unc_low_risk
ISIC_0026791,nv,nv,0.005093932,2.0833573e-05,auto_accept,low_unc_low_risk
ISIC_0027548,nv,nv,0.17135644,0.0040948684,auto_accept,low_unc_low_risk
ISIC_0029666,nv,nv,0.0034116507,8.881166e-06,auto_accept,low_unc_low_risk
ISIC_0025656,bkl,bkl,0.13376325,0.02921768,auto_accept,low_unc_low_risk
ISIC_0028616,nv,nv,0.001196146,0.00016457998,auto_accept,low_unc_low_risk
ISIC_0032519,nv,bcc,0.017844498,0.9972588,auto_accept,low_unc_low_risk
ISIC_0024820,nv,nv,0.0051190853,6.2725667e-06,auto_accept,low_unc_low_risk
ISIC_0029132,nv,nv,0.03566748,7.743185e-05,auto_accept,low_unc_low_risk
ISIC_0026830,nv,nv,0.025560796,0.0001807168,auto_accept,low_unc_low_risk
ISIC_0030548,nv,nv,0.0001835227,1.0163289e-05,auto_accept,low_unc_low_risk
ISIC_0033356,nv,nv,0.017771661,0.009355983,auto_accept,low_unc_low_risk
ISIC_0033134,nv,nv,0.060575306,0.014654569,auto_accept,low_unc_low_risk
ISIC_0027747,bkl,nv,0.03964269,0.0006394108,auto_accept,low_unc_low_risk
ISIC_0031616,nv,nv,4.541874e-05,1.6407392e-09,auto_accept,low_unc_low_risk
ISIC_0029485,nv,nv,0.00013709068,1.0983918e-05,auto_accept,low_unc_low_risk
ISIC_0026461,nv,nv,0.034391046,0.00056794245,auto_accept,low_unc_low_risk
ISIC_0026856,nv,nv,0.0015764236,6.035273e-06,auto_accept,low_unc_low_risk
ISIC_0026535,nv,nv,0.0003786087,3.9834275e-05,auto_accept,low_unc_low_risk
ISIC_0029456,nv,nv,0.0028104186,0.0011336807,auto_accept,low_unc_low_risk
ISIC_0027849,nv,mel,0.0951218,0.7967626,auto_accept,low_unc_low_risk
ISIC_0028986,nv,nv,0.0017691255,2.835199e-06,auto_accept,low_unc_low_risk
ISIC_0032603,mel,nv,0.078033686,0.034470066,auto_accept,low_unc_low_risk
ISIC_0029203,nv,nv,0.09396702,0.0015736156,auto_accept,low_unc_low_risk
ISIC_0029934,nv,nv,0.017664373,0.00060497393,auto_accept,low_unc_low_risk
ISIC_0031780,nv,nv,0.0005367398,4.3090702e-05,auto_accept,low_unc_low_risk
ISIC_0026764,nv,nv,0.10856658,0.038533717,auto_accept,low_unc_low_risk
ISIC_0032079,mel,mel,0.059929848,0.95869696,auto_accept,low_unc_low_risk
ISIC_0029700,nv,nv,0.0005404353,5.279663e-05,auto_accept,low_unc_low_risk
ISIC_0028554,nv,nv,0.005183995,0.0028997557,auto_accept,low_unc_low_risk
ISIC_0029139,bkl,bkl,0.028688014,0.31144154,auto_accept,low_unc_low_risk
ISIC_0028585,nv,nv,0.024204195,0.00931351,auto_accept,low_unc_low_risk
ISIC_0030148,nv,nv,0.00014185905,2.559984e-05,auto_accept,low_unc_low_risk
ISIC_0033680,nv,nv,0.3021608,0.18893032,auto_accept,low_unc_low_risk
ISIC_0024680,nv,nv,0.07954532,0.005695928,auto_accept,low_unc_low_risk
ISIC_0024745,nv,nv,0.020664811,0.00017441709,auto_accept,low_unc_low_risk
ISIC_0029468,nv,nv,0.0005751848,1.9857289e-05,auto_accept,low_unc_low_risk
ISIC_0031101,nv,nv,0.00036036968,5.663435e-06,auto_accept,low_unc_low_risk
ISIC_0024542,nv,nv,0.0068601966,8.845217e-05,auto_accept,low_unc_low_risk
ISIC_0025643,nv,nv,0.0014348626,0.00050424004,auto_accept,low_unc_low_risk
ISIC_0028249,nv,nv,0.038500726,0.0002265607,auto_accept,low_unc_low_risk
ISIC_0029692,nv,nv,0.0011384487,9.720965e-06,auto_accept,low_unc_low_risk
ISIC_0034000,mel,mel,0.004432142,0.99226177,auto_accept,low_unc_low_risk
ISIC_0026523,bkl,bkl,0.02387017,0.099104546,auto_accept,low_unc_low_risk
ISIC_0027300,mel,mel,0.0021010637,0.99855167,auto_accept,low_unc_low_risk
ISIC_0031167,nv,nv,0.00066775084,0.0001603801,auto_accept,low_unc_low_risk
ISIC_0027426,nv,nv,0.00015044212,8.839246e-06,auto_accept,low_unc_low_risk
ISIC_0025480,nv,nv,0.013459742,0.002959214,auto_accept,low_unc_low_risk
ISIC_0030359,nv,nv,9.88245e-05,4.6890536e-06,auto_accept,low_unc_low_risk
ISIC_0027247,nv,nv,0.0006399751,8.994563e-07,auto_accept,low_unc_low_risk
ISIC_0032054,nv,nv,0.0003541708,9.642173e-06,auto_accept,low_unc_low_risk
ISIC_0033305,bkl,bkl,0.026235878,0.005863659,auto_accept,low_unc_low_risk
ISIC_0024540,nv,nv,0.107286036,0.029604768,auto_accept,low_unc_low_risk
ISIC_0031503,nv,nv,0.00029832125,5.7979435e-08,auto_accept,low_unc_low_risk
ISIC_0031571,nv,nv,0.0038943887,0.0008993208,auto_accept,low_unc_low_risk
ISIC_0026040,akiec,bkl,0.006661117,0.0035976206,auto_accept,low_unc_low_risk
ISIC_0032578,nv,nv,0.076425016,0.073447645,auto_accept,low_unc_low_risk
ISIC_0029880,bkl,bkl,0.0022063255,0.0002295124,auto_accept,low_unc_low_risk
ISIC_0032296,nv,nv,0.011726141,1.2036157e-05,auto_accept,low_unc_low_risk
ISIC_0031230,nv,nv,0.025096357,0.0038567227,auto_accept,low_unc_low_risk
ISIC_0030494,nv,nv,0.0068389177,1.4506719e-06,auto_accept,low_unc_low_risk
ISIC_0026511,bkl,bkl,0.30971324,0.00027283374,auto_accept,low_unc_low_risk
ISIC_0028695,nv,nv,0.0004991293,1.1782912e-05,auto_accept,low_unc_low_risk
ISIC_0030402,nv,nv,0.43948466,2.2237464e-05,escalate,high_unc_low_risk
ISIC_0033764,nv,nv,0.49059838,0.039394386,escalate,high_unc_low_risk
ISIC_0034149,nv,nv,0.0024514794,0.0003991587,auto_accept,low_unc_low_risk
ISIC_0029364,nv,nv,0.0012903214,0.00012275638,auto_accept,low_unc_low_risk
ISIC_0032057,vasc,vasc,0.00027352571,2.4269972e-05,auto_accept,low_unc_low_risk
ISIC_0028284,nv,nv,0.0065439343,2.2436594e-05,auto_accept,low_unc_low_risk
ISIC_0030622,nv,nv,0.0018877983,5.5667275e-05,auto_accept,low_unc_low_risk
ISIC_0030132,nv,nv,0.0013157725,3.797708e-05,auto_accept,low_unc_low_risk
ISIC_0024373,nv,nv,0.010090828,0.0015187012,auto_accept,low_unc_low_risk
ISIC_0026289,nv,nv,0.045740962,0.017812656,auto_accept,low_unc_low_risk
ISIC_0031995,nv,nv,0.00029557943,2.1111703e-06,auto_accept,low_unc_low_risk
ISIC_0032998,nv,nv,0.25626254,0.14272952,auto_accept,low_unc_low_risk
ISIC_0032127,nv,nv,0.01816231,3.93418e-05,auto_accept,low_unc_low_risk
ISIC_0025497,nv,nv,0.012027562,0.00015940407,auto_accept,low_unc_low_risk
ISIC_0028972,bkl,bkl,0.0036478043,0.007521038,auto_accept,low_unc_low_risk
ISIC_0029973,df,df,0.43148184,0.00018097821,escalate,high_unc_low_risk
ISIC_0025755,mel,nv,0.14247411,0.08815278,auto_accept,low_unc_low_risk
ISIC_0032068,nv,nv,0.0034985542,0.0004154985,auto_accept,low_unc_low_risk
ISIC_0032704,nv,nv,0.4416809,0.15689865,escalate,high_unc_low_risk
ISIC_0028962,nv,nv,2.9087067e-05,4.1872562e-07,auto_accept,low_unc_low_risk
ISIC_0028599,nv,nv,0.5584569,0.22568335,escalate,high_unc_low_risk
ISIC_0025070,nv,nv,0.0012128949,0.00012684512,auto_accept,low_unc_low_risk
ISIC_0030786,nv,df,0.0056411624,0.0021390498,auto_accept,low_unc_low_risk
ISIC_0033710,mel,mel,0.030643344,0.9962424,auto_accept,low_unc_low_risk
ISIC_0031836,bcc,bcc,0.016083658,0.9818309,auto_accept,low_unc_low_risk
ISIC_0027641,nv,nv,5.2690506e-05,2.2596803e-05,auto_accept,low_unc_low_risk
ISIC_0025845,nv,nv,0.017730296,0.00014598377,auto_accept,low_unc_low_risk
ISIC_0032939,nv,nv,0.044381678,0.029674299,auto_accept,low_unc_low_risk
ISIC_0031950,vasc,vasc,0.051416457,0.0014092448,auto_accept,low_unc_low_risk
ISIC_0032532,mel,mel,0.015200913,0.9685525,auto_accept,low_unc_low_risk
ISIC_0031853,bkl,bkl,0.0009327531,9.687252e-05,auto_accept,low_unc_low_risk
ISIC_0034261,nv,nv,0.003974557,0.0009273787,auto_accept,low_unc_low_risk
ISIC_0028942,nv,nv,0.01473552,0.000575381,auto_accept,low_unc_low_risk
ISIC_0026532,bkl,bkl,0.017265737,0.018776152,auto_accept,low_unc_low_risk
ISIC_0032347,nv,nv,0.005533397,0.00054750463,auto_accept,low_unc_low_risk
ISIC_0026850,nv,nv,0.00713104,0.00011037853,auto_accept,low_unc_low_risk
ISIC_0034138,nv,nv,0.015741944,0.005426717,auto_accept,low_unc_low_risk
ISIC_0029058,nv,nv,0.003586948,5.4535208e-06,auto_accept,low_unc_low_risk
ISIC_0032392,nv,nv,0.001058042,4.5934496e-07,auto_accept,low_unc_low_risk
ISIC_0031285,nv,nv,0.030994833,0.026010567,auto_accept,low_unc_low_risk
ISIC_0031964,nv,nv,0.0019075274,0.00021623334,auto_accept,low_unc_low_risk
ISIC_0026908,nv,nv,0.004497707,7.695522e-05,auto_accept,low_unc_low_risk
ISIC_0024483,nv,nv,0.00025981665,8.2055784e-08,auto_accept,low_unc_low_risk
ISIC_0030566,nv,nv,0.0029697418,4.2170494e-05,auto_accept,low_unc_low_risk
ISIC_0032262,nv,nv,0.005485654,6.693453e-05,auto_accept,low_unc_low_risk
ISIC_0029224,nv,nv,0.00015878677,1.7719227e-06,auto_accept,low_unc_low_risk
ISIC_0030783,bkl,mel,0.10848254,0.79654074,auto_accept,low_unc_low_risk
ISIC_0025792,nv,nv,0.0016498566,9.675076e-05,auto_accept,low_unc_low_risk
ISIC_0029581,nv,nv,0.06194389,0.021470755,auto_accept,low_unc_low_risk
ISIC_0031344,df,akiec,0.07611537,0.7727157,auto_accept,low_unc_low_risk
ISIC_0032162,nv,nv,0.003293097,6.218371e-05,auto_accept,low_unc_low_risk
ISIC_0031755,nv,nv,0.0010116696,2.5882337e-05,auto_accept,low_unc_low_risk
ISIC_0027682,nv,nv,0.0033530593,0.0006642333,auto_accept,low_unc_low_risk
ISIC_0031100,nv,nv,0.00026029348,1.478441e-05,auto_accept,low_unc_low_risk
ISIC_0032805,nv,nv,0.117021084,0.059987586,auto_accept,low_unc_low_risk
ISIC_0033531,bkl,bkl,0.0011083484,0.0053269803,auto_accept,low_unc_low_risk
ISIC_0033166,mel,nv,0.36611277,0.16638574,escalate,high_unc_low_risk
ISIC_0033785,bkl,bkl,0.011859059,0.0017552484,auto_accept,low_unc_low_risk
ISIC_0032841,mel,mel,0.0013597608,0.99732864,auto_accept,low_unc_low_risk
ISIC_0033443,nv,nv,0.13994515,0.09241721,auto_accept,low_unc_low_risk
ISIC_0032831,nv,mel,0.09251577,0.7453066,auto_accept,low_unc_low_risk
ISIC_0029741,bkl,bkl,0.016802013,0.0011558591,auto_accept,low_unc_low_risk
ISIC_0033681,nv,nv,0.057513595,0.0019114162,auto_accept,low_unc_low_risk
ISIC_0028041,mel,bkl,0.086106956,0.018125655,auto_accept,low_unc_low_risk
ISIC_0033844,vasc,vasc,6.3180923e-06,0.00081037194,auto_accept,low_unc_low_risk
ISIC_0030333,mel,mel,0.0011137128,0.9990909,auto_accept,low_unc_low_risk
ISIC_0027929,nv,nv,0.00028079748,2.4271685e-05,auto_accept,low_unc_low_risk
ISIC_0026236,mel,nv,0.33361876,0.2488236,auto_accept,low_unc_low_risk
ISIC_0031987,bkl,bkl,0.03701055,0.0024324814,auto_accept,low_unc_low_risk
ISIC_0030981,nv,nv,0.043685973,0.020389844,auto_accept,low_unc_low_risk
ISIC_0033546,mel,nv,0.23363936,0.12673992,auto_accept,low_unc_low_risk
ISIC_0031486,nv,nv,0.0003796816,2.858674e-07,auto_accept,low_unc_low_risk
ISIC_0026241,nv,nv,0.0002452731,7.8172e-06,auto_accept,low_unc_low_risk
ISIC_0025012,nv,nv,0.020857453,0.001084435,auto_accept,low_unc_low_risk
ISIC_0030900,nv,nv,0.0064947605,0.0039026877,auto_accept,low_unc_low_risk
ISIC_0025462,nv,nv,0.0067291856,0.00011250594,auto_accept,low_unc_low_risk
ISIC_0028853,nv,nv,0.014808953,0.00087731273,auto_accept,low_unc_low_risk
ISIC_0029714,nv,nv,9.298325e-06,1.3334626e-07,auto_accept,low_unc_low_risk
ISIC_0028470,nv,nv,4.9591064e-05,1.0767282e-05,auto_accept,low_unc_low_risk
ISIC_0030814,nv,nv,0.005459845,4.0999194e-06,auto_accept,low_unc_low_risk
ISIC_0027602,nv,nv,0.010087669,4.554678e-05,auto_accept,low_unc_low_risk
ISIC_0028204,nv,nv,0.00028854609,3.1107518e-06,auto_accept,low_unc_low_risk
ISIC_0030718,nv,nv,0.00030350685,3.7433983e-07,auto_accept,low_unc_low_risk
ISIC_0025482,nv,nv,0.00019091368,3.420961e-06,auto_accept,low_unc_low_risk
ISIC_0030464,nv,nv,0.00093203783,0.0002560777,auto_accept,low_unc_low_risk
ISIC_0028815,bcc,bcc,0.06563461,0.9257677,auto_accept,low_unc_low_risk
ISIC_0032484,nv,nv,0.0029756427,1.5090228e-05,auto_accept,low_unc_low_risk
ISIC_0030016,nv,nv,0.0018664002,0.0014276189,auto_accept,low_unc_low_risk
ISIC_0031158,nv,nv,0.01128453,0.012790519,auto_accept,low_unc_low_risk
ISIC_0034091,nv,nv,0.3287843,0.0006352424,auto_accept,low_unc_low_risk
ISIC_0032569,mel,nv,0.06851679,0.06321513,auto_accept,low_unc_low_risk
ISIC_0033268,mel,mel,0.40127546,0.40512988,escalate,high_unc_low_risk
ISIC_0032709,mel,mel,0.019987404,0.9587767,auto_accept,low_unc_low_risk
ISIC_0028810,nv,mel,0.11068958,0.8052787,auto_accept,low_unc_low_risk
ISIC_0025864,nv,nv,0.0037577152,0.0010943605,auto_accept,low_unc_low_risk
ISIC_0030880,nv,nv,0.003587544,1.7256732e-05,auto_accept,low_unc_low_risk
ISIC_0024581,bkl,bkl,0.0250175,0.03497065,auto_accept,low_unc_low_risk
ISIC_0026857,akiec,akiec,0.028062046,0.9767438,auto_accept,low_unc_low_risk
ISIC_0033813,mel,mel,0.03267038,0.94200635,auto_accept,low_unc_low_risk
ISIC_0026587,nv,nv,0.0011556149,1.1058014e-05,auto_accept,low_unc_low_risk
ISIC_0028250,nv,nv,0.0066393614,1.460576e-05,auto_accept,low_unc_low_risk
ISIC_0031438,nv,nv,0.0279243,0.0074699856,auto_accept,low_unc_low_risk
ISIC_0032212,nv,nv,0.0005816221,5.7798084e-06,auto_accept,low_unc_low_risk
ISIC_0033339,nv,nv,0.10345954,0.009394255,auto_accept,low_unc_low_risk
ISIC_0031910,nv,nv,0.00010085106,1.340813e-05,auto_accept,low_unc_low_risk
ISIC_0028748,nv,nv,0.0008727908,2.4990648e-05,auto_accept,low_unc_low_risk
ISIC_0025200,nv,nv,0.0034555793,0.00043011893,auto_accept,low_unc_low_risk
ISIC_0026233,nv,nv,0.032241642,0.019689491,auto_accept,low_unc_low_risk
ISIC_0028191,nv,nv,0.012231648,0.0008511535,auto_accept,low_unc_low_risk
ISIC_0030907,nv,nv,0.0055514574,8.5709275e-05,auto_accept,low_unc_low_risk
ISIC_0028425,nv,nv,0.0006082058,2.1977372e-05,auto_accept,low_unc_low_risk
ISIC_0032243,nv,nv,0.12744385,0.062341444,auto_accept,low_unc_low_risk
ISIC_0026627,nv,nv,0.0013355017,2.0267824e-05,auto_accept,low_unc_low_risk
ISIC_0024886,mel,bkl,0.2527175,0.12396169,auto_accept,low_unc_low_risk
ISIC_0032108,nv,nv,0.00295192,4.5133555e-05,auto_accept,low_unc_low_risk
ISIC_0032587,nv,nv,0.12846571,0.13203722,auto_accept,low_unc_low_risk
ISIC_0028387,nv,nv,0.00060737133,2.4573925e-05,auto_accept,low_unc_low_risk
ISIC_0028520,mel,mel,0.13866156,0.6329655,auto_accept,low_unc_low_risk
ISIC_0032666,nv,nv,0.2893319,0.15772651,auto_accept,low_unc_low_risk
ISIC_0025026,nv,nv,0.0010561347,0.00032890617,auto_accept,low_unc_low_risk
ISIC_0033502,nv,nv,0.31958884,0.0038166163,auto_accept,low_unc_low_risk
ISIC_0026394,nv,nv,0.0025552511,4.8948677e-05,auto_accept,low_unc_low_risk
ISIC_0025690,nv,nv,0.00048041344,8.652638e-05,auto_accept,low_unc_low_risk
ISIC_0033299,mel,mel,0.0060855746,0.99598515,auto_accept,low_unc_low_risk
ISIC_0033345,nv,nv,0.13107353,0.025150968,auto_accept,low_unc_low_risk
ISIC_0026862,nv,nv,0.00025242567,1.2196026e-05,auto_accept,low_unc_low_risk
ISIC_0033448,nv,nv,0.013058603,0.005945717,auto_accept,low_unc_low_risk
ISIC_0032720,nv,nv,0.0014644861,0.00025339494,auto_accept,low_unc_low_risk
ISIC_0024496,mel,nv,0.026668489,0.00069470983,auto_accept,low_unc_low_risk
ISIC_0031479,mel,mel,0.005226314,0.98780465,auto_accept,low_unc_low_risk
ISIC_0030074,nv,nv,0.00012767315,1.9849517e-07,auto_accept,low_unc_low_risk
ISIC_0025164,nv,nv,0.01760602,0.00028210803,auto_accept,low_unc_low_risk
ISIC_0032041,nv,nv,0.2399103,0.00025225792,auto_accept,low_unc_low_risk
ISIC_0030113,nv,nv,0.00016605854,2.651985e-07,auto_accept,low_unc_low_risk
ISIC_0033534,mel,mel,0.0050017834,0.99170226,auto_accept,low_unc_low_risk
ISIC_0028184,nv,nv,0.00012481213,3.750216e-07,auto_accept,low_unc_low_risk
ISIC_0033978,nv,nv,0.16457814,0.070662744,auto_accept,low_unc_low_risk
ISIC_0030472,nv,nv,9.381771e-05,2.1216356e-06,auto_accept,low_unc_low_risk
ISIC_0027749,nv,nv,0.00089883804,1.1375785e-05,auto_accept,low_unc_low_risk
ISIC_0030291,nv,nv,0.011288166,0.0002577286,auto_accept,low_unc_low_risk
ISIC_0027728,nv,nv,0.009555757,0.0015440286,auto_accept,low_unc_low_risk
ISIC_0027128,nv,nv,0.000111460686,1.1169604e-07,auto_accept,low_unc_low_risk
ISIC_0026380,nv,nv,0.0030401945,4.7681373e-05,auto_accept,low_unc_low_risk
ISIC_0031249,nv,nv,0.014359832,0.005836471,auto_accept,low_unc_low_risk
ISIC_0025083,bkl,bkl,0.043173075,0.012407731,auto_accept,low_unc_low_risk
ISIC_0030027,nv,nv,0.047750354,0.0007595012,auto_accept,low_unc_low_risk
ISIC_0028142,nv,nv,0.0013583302,0.00015800308,auto_accept,low_unc_low_risk
ISIC_0024728,nv,nv,0.0024341345,4.5773754e-06,auto_accept,low_unc_low_risk
ISIC_0025772,nv,nv,0.0005695224,0.00017524559,auto_accept,low_unc_low_risk
ISIC_0026588,nv,nv,0.024307251,0.013967841,auto_accept,low_unc_low_risk
ISIC_0031564,nv,nv,0.02582413,0.00982491,auto_accept,low_unc_low_risk
ISIC_0030248,nv,nv,0.0015590787,3.0460313e-05,auto_accept,low_unc_low_risk
ISIC_0029888,nv,nv,0.016156256,0.0064106155,auto_accept,low_unc_low_risk
ISIC_0024996,nv,nv,0.026472032,0.0028317824,auto_accept,low_unc_low_risk
ISIC_0033831,mel,mel,0.018159807,0.9799643,auto_accept,low_unc_low_risk
ISIC_0031165,nv,nv,0.030015647,1.5101371e-05,auto_accept,low_unc_low_risk
ISIC_0029858,nv,nv,0.0007009506,3.2658976e-05,auto_accept,low_unc_low_risk
ISIC_0028705,nv,nv,0.013533413,0.00014803906,auto_accept,low_unc_low_risk
ISIC_0032904,nv,nv,0.0051694512,0.00028853162,auto_accept,low_unc_low_risk
ISIC_0030794,akiec,akiec,0.010994375,0.9435943,auto_accept,low_unc_low_risk
ISIC_0025338,nv,nv,0.0011558533,5.0636954e-06,auto_accept,low_unc_low_risk
ISIC_0024849,nv,nv,0.00010693073,9.930698e-07,auto_accept,low_unc_low_risk
ISIC_0031455,nv,nv,0.09780425,0.00032543894,auto_accept,low_unc_low_risk
ISIC_0031445,nv,nv,0.002173245,0.00061187777,auto_accept,low_unc_low_risk
ISIC_0026020,nv,nv,0.0016534328,3.340517e-05,auto_accept,low_unc_low_risk
ISIC_0029483,nv,nv,0.0042459965,0.0007804951,auto_accept,low_unc_low_risk
ISIC_0034293,nv,nv,0.023882747,0.01377889,auto_accept,low_unc_low_risk
ISIC_0031938,nv,nv,0.013901353,0.001383211,auto_accept,low_unc_low_risk
ISIC_0031533,nv,nv,0.00062817335,4.039608e-05,auto_accept,low_unc_low_risk
ISIC_0032787,nv,bkl,0.26107377,2.2950235e-05,auto_accept,low_unc_low_risk
ISIC_0027523,nv,nv,0.014154017,0.0003425491,auto_accept,low_unc_low_risk
ISIC_0031114,nv,nv,0.0035064816,0.00036046733,auto_accept,low_unc_low_risk
ISIC_0029284,nv,nv,0.0022704005,8.456241e-06,auto_accept,low_unc_low_risk
ISIC_0033771,nv,nv,0.004542589,0.0011314971,auto_accept,low_unc_low_risk
ISIC_0027067,mel,mel,0.1145646,0.84174746,auto_accept,low_unc_low_risk
ISIC_0026195,nv,nv,0.0015044212,4.6275877e-06,auto_accept,low_unc_low_risk
ISIC_0031219,nv,nv,0.0022518039,0.00025704296,auto_accept,low_unc_low_risk
ISIC_0025420,nv,nv,0.0034353137,0.00013111316,auto_accept,low_unc_low_risk
ISIC_0029502,mel,nv,0.080973506,0.0020590767,auto_accept,low_unc_low_risk
ISIC_0026917,nv,nv,0.0015928149,0.00011658958,auto_accept,low_unc_low_risk
ISIC_0027472,nv,nv,3.4928322e-05,1.9308673e-06,auto_accept,low_unc_low_risk
ISIC_0031877,nv,nv,0.0014904141,1.4099239e-06,auto_accept,low_unc_low_risk
ISIC_0032748,nv,nv,0.0018569231,0.00027172992,auto_accept,low_unc_low_risk
ISIC_0033188,nv,nv,0.31013286,0.28423363,auto_accept,low_unc_low_risk
ISIC_0026933,nv,nv,0.0120536685,0.007727958,auto_accept,low_unc_low_risk
ISIC_0031190,nv,nv,0.0015328526,0.00027258438,auto_accept,low_unc_low_risk
ISIC_0029529,nv,nv,0.0033806562,3.1939384e-05,auto_accept,low_unc_low_risk
ISIC_0033957,mel,mel,0.0654766,0.9019798,auto_accept,low_unc_low_risk
ISIC_0028553,nv,nv,0.002087891,1.3564379e-05,auto_accept,low_unc_low_risk
ISIC_0030553,nv,nv,0.1262691,0.074029155,auto_accept,low_unc_low_risk
ISIC_0026953,nv,nv,0.00010287762,2.1561505e-06,auto_accept,low_unc_low_risk
ISIC_0027985,nv,nv,0.00096690655,3.051783e-06,auto_accept,low_unc_low_risk
ISIC_0030215,nv,nv,0.00091457367,3.754231e-05,auto_accept,low_unc_low_risk
ISIC_0025635,nv,nv,0.00024074316,8.727381e-06,auto_accept,low_unc_low_risk
ISIC_0027336,nv,nv,0.00015234947,2.2245693e-05,auto_accept,low_unc_low_risk
ISIC_0033329,nv,nv,0.000739038,0.00028622657,auto_accept,low_unc_low_risk
ISIC_0033058,nv,mel,0.18770391,0.6411878,auto_accept,low_unc_low_risk
ISIC_0025156,nv,bkl,0.12970799,0.00019832449,auto_accept,low_unc_low_risk
ISIC_0025617,bcc,nv,0.07382107,0.03289912,auto_accept,low_unc_low_risk
ISIC_0029447,nv,nv,0.00018209219,1.2981606e-07,auto_accept,low_unc_low_risk
ISIC_0032346,nv,nv,0.02835679,3.3574793e-06,auto_accept,low_unc_low_risk
ISIC_0033246,bkl,bkl,0.005230725,0.028890712,auto_accept,low_unc_low_risk
ISIC_0033956,mel,bkl,0.13408214,0.23102322,auto_accept,low_unc_low_risk
ISIC_0031209,nv,nv,0.014954865,0.0077174194,auto_accept,low_unc_low_risk
ISIC_0034235,bkl,bkl,0.024748981,0.010941903,auto_accept,low_unc_low_risk
ISIC_0032443,nv,nv,0.046839,0.020674808,auto_accept,low_unc_low_risk
ISIC_0025318,nv,nv,0.030798137,0.00010511646,auto_accept,low_unc_low_risk
ISIC_0030860,nv,nv,0.00083851814,7.888458e-08,auto_accept,low_unc_low_risk
ISIC_0031406,mel,nv,0.1849693,0.13767815,auto_accept,low_unc_low_risk
ISIC_0033809,nv,nv,0.11031824,0.056499135,auto_accept,low_unc_low_risk
ISIC_0030812,bkl,bcc,0.06961858,0.9650997,auto_accept,low_unc_low_risk
ISIC_0028296,nv,nv,0.0017151237,2.8192106e-05,auto_accept,low_unc_low_risk
ISIC_0032230,bkl,bkl,0.2778092,0.26968896,auto_accept,low_unc_low_risk
ISIC_0028657,nv,nv,0.0004918575,7.7163327e-07,auto_accept,low_unc_low_risk
ISIC_0029097,nv,nv,0.00055497885,5.8712467e-05,auto_accept,low_unc_low_risk
ISIC_0029428,nv,nv,0.00018912554,2.1203834e-06,auto_accept,low_unc_low_risk
ISIC_0029261,nv,nv,0.0039334893,0.000779667,auto_accept,low_unc_low_risk
ISIC_0034001,nv,mel,0.04181695,0.9204365,auto_accept,low_unc_low_risk
ISIC_0033272,mel,mel,0.105630636,0.9167193,auto_accept,low_unc_low_risk
ISIC_0024851,bkl,nv,0.124494195,0.017133527,auto_accept,low_unc_low_risk
ISIC_0030734,nv,nv,0.00236094,9.945693e-06,auto_accept,low_unc_low_risk
ISIC_0024804,nv,nv,0.0020595193,0.00016026254,auto_accept,low_unc_low_risk
ISIC_0029276,nv,nv,0.0014586449,3.6118123e-05,auto_accept,low_unc_low_risk
ISIC_0025646,nv,nv,0.010124147,9.786424e-05,auto_accept,low_unc_low_risk
ISIC_0024528,nv,nv,0.00062805414,9.976841e-06,auto_accept,low_unc_low_risk
ISIC_0026651,nv,nv,0.10424709,0.0027620003,auto_accept,low_unc_low_risk
ISIC_0027693,mel,nv,0.19582874,0.1449042,auto_accept,low_unc_low_risk
ISIC_0027837,nv,bkl,0.4130336,1.2288912e-05,escalate,high_unc_low_risk
ISIC_0031181,bkl,bkl,0.015136898,0.0041196076,auto_accept,low_unc_low_risk
ISIC_0029949,nv,nv,0.0013157725,3.0554285e-05,auto_accept,low_unc_low_risk
ISIC_0024687,nv,nv,0.0069310665,0.00025139307,auto_accept,low_unc_low_risk
ISIC_0026401,nv,nv,0.2297666,0.24891923,auto_accept,low_unc_low_risk
ISIC_0032885,nv,nv,0.022614121,0.015798058,auto_accept,low_unc_low_risk
ISIC_0026823,mel,mel,0.018368363,0.9928693,auto_accept,low_unc_low_risk
ISIC_0025567,bkl,bkl,0.007914126,6.9704547e-06,auto_accept,low_unc_low_risk
ISIC_0031930,nv,nv,0.47580922,0.32944974,escalate,high_unc_low_risk
ISIC_0024551,nv,nv,0.0018285513,0.00017058448,auto_accept,low_unc_low_risk
ISIC_0024320,nv,nv,0.0001975894,5.8412667e-07,auto_accept,low_unc_low_risk
ISIC_0032361,nv,nv,0.001482904,0.00015135911,auto_accept,low_unc_low_risk
ISIC_0031176,nv,nv,0.00261873,0.00040850413,auto_accept,low_unc_low_risk
ISIC_0027260,mel,mel,0.015849113,0.9774225,auto_accept,low_unc_low_risk
ISIC_0030934,nv,nv,0.0006609559,7.936804e-06,auto_accept,low_unc_low_risk
ISIC_0025267,nv,nv,0.036072493,0.015280323,auto_accept,low_unc_low_risk
ISIC_0025612,vasc,vasc,0.0010243654,0.00015395414,auto_accept,low_unc_low_risk
ISIC_0030252,nv,nv,0.0018968582,0.00035056373,auto_accept,low_unc_low_risk
ISIC_0024909,bkl,bkl,0.031274498,0.0015250325,auto_accept,low_unc_low_risk
ISIC_0032900,nv,nv,0.034939945,0.004325068,auto_accept,low_unc_low_risk
ISIC_0033732,bkl,bkl,0.013679087,1.5418158e-05,auto_accept,low_unc_low_risk
ISIC_0032535,mel,mel,0.06785154,0.86295563,auto_accept,low_unc_low_risk
ISIC_0034215,nv,nv,0.04625714,0.027601415,auto_accept,low_unc_low_risk
ISIC_0029429,nv,nv,0.0073851347,0.001565627,auto_accept,low_unc_low_risk
ISIC_0033864,nv,nv,0.010843515,4.3652162e-05,auto_accept,low_unc_low_risk
ISIC_0032240,vasc,vasc,0.003203094,0.005763645,auto_accept,low_unc_low_risk
ISIC_0031921,nv,nv,0.0013427734,2.0862004e-05,auto_accept,low_unc_low_risk
ISIC_0033814,mel,bkl,0.08481634,0.0040340656,auto_accept,low_unc_low_risk
ISIC_0027603,nv,nv,0.045422852,0.008385936,auto_accept,low_unc_low_risk
ISIC_0026926,nv,nv,0.0008614063,1.6850945e-05,auto_accept,low_unc_low_risk
ISIC_0029187,nv,nv,0.13447809,0.016143069,auto_accept,low_unc_low_risk
ISIC_0032275,nv,nv,0.0011056066,3.570338e-06,auto_accept,low_unc_low_risk
ISIC_0028105,nv,nv,0.00840044,0.0007002929,auto_accept,low_unc_low_risk
ISIC_0028781,nv,nv,0.00027948618,2.6239619e-05,auto_accept,low_unc_low_risk
ISIC_0032801,nv,nv,0.00047969818,0.00021261635,auto_accept,low_unc_low_risk
ISIC_0032591,nv,nv,0.25706917,0.21008973,auto_accept,low_unc_low_risk
ISIC_0030899,nv,nv,0.00906378,0.003268333,auto_accept,low_unc_low_risk
ISIC_0029992,nv,nv,0.0014072061,1.0896714e-06,auto_accept,low_unc_low_risk
ISIC_0030413,nv,nv,0.0003310442,0.00012890493,auto_accept,low_unc_low_risk
ISIC_0032764,nv,nv,0.04006982,0.0053143096,auto_accept,low_unc_low_risk
ISIC_0030790,nv,nv,0.020715356,0.002607097,auto_accept,low_unc_low_risk
ISIC_0033970,nv,nv,0.03354031,0.020118473,auto_accept,low_unc_low_risk
ISIC_0031734,nv,nv,4.4822693e-05,1.9266555e-07,auto_accept,low_unc_low_risk
ISIC_0026989,mel,nv,0.0007520318,2.3356001e-06,auto_accept,low_unc_low_risk
ISIC_0029305,nv,nv,0.017891645,3.5816218e-05,auto_accept,low_unc_low_risk
ISIC_0030935,bkl,bkl,0.058496058,0.048450805,auto_accept,low_unc_low_risk
ISIC_0026432,nv,nv,0.039408445,0.0024872771,auto_accept,low_unc_low_risk
ISIC_0030652,nv,nv,0.057269216,6.559844e-05,auto_accept,low_unc_low_risk
ISIC_0033477,mel,mel,0.013099134,0.9760475,auto_accept,low_unc_low_risk
ISIC_0028874,nv,nv,0.03698343,0.055282056,auto_accept,low_unc_low_risk
ISIC_0028813,nv,nv,0.0006736517,1.092483e-05,auto_accept,low_unc_low_risk
ISIC_0030547,nv,nv,0.0009986758,4.9352666e-06,auto_accept,low_unc_low_risk
ISIC_0024469,nv,nv,0.00045341253,5.3987962e-05,auto_accept,low_unc_low_risk
ISIC_0030188,bkl,mel,0.15227318,0.9272418,auto_accept,low_unc_low_risk
ISIC_0032811,nv,nv,0.011650324,0.0019621686,auto_accept,low_unc_low_risk
ISIC_0032549,nv,bkl,0.14621788,0.0008786739,auto_accept,low_unc_low_risk
ISIC_0027553,nv,nv,0.0027352571,6.2477454e-07,auto_accept,low_unc_low_risk
ISIC_0026443,bkl,bkl,0.15125436,0.037381515,auto_accept,low_unc_low_risk
ISIC_0028668,nv,nv,0.1005466,0.00015666714,auto_accept,low_unc_low_risk
ISIC_0030963,nv,nv,0.00082826614,3.306812e-05,auto_accept,low_unc_low_risk
ISIC_0025833,nv,nv,0.025439084,0.012572766,auto_accept,low_unc_low_risk
ISIC_0025647,nv,nv,0.06380278,0.007840707,auto_accept,low_unc_low_risk
ISIC_0028601,nv,nv,0.00032317638,3.3412782e-06,auto_accept,low_unc_low_risk
ISIC_0027917,nv,nv,0.0031193495,0.0012536914,auto_accept,low_unc_low_risk
ISIC_0029603,bkl,mel,0.45698947,0.45472205,escalate,high_unc_low_risk
ISIC_0034267,nv,nv,0.12685192,0.00011915792,auto_accept,low_unc_low_risk
ISIC_0030906,nv,nv,0.014329135,0.0010885844,auto_accept,low_unc_low_risk
ISIC_0025384,nv,nv,0.0019187927,6.596647e-05,auto_accept,low_unc_low_risk
ISIC_0029890,nv,nv,0.0051599145,5.042506e-05,auto_accept,low_unc_low_risk
ISIC_0026832,nv,nv,0.016296625,3.213608e-05,auto_accept,low_unc_low_risk
ISIC_0026736,nv,nv,0.00079375505,8.006478e-05,auto_accept,low_unc_low_risk
ISIC_0024547,bkl,mel,0.33508587,0.61345375,auto_accept,low_unc_low_risk
ISIC_0032820,nv,nv,0.05156517,0.006995771,auto_accept,low_unc_low_risk
ISIC_0029312,nv,nv,0.005484402,3.0905298e-07,auto_accept,low_unc_low_risk
ISIC_0033341,nv,mel,0.36571902,0.52783006,escalate,high_unc_low_risk
ISIC_0032867,vasc,vasc,0.00028139353,0.009659172,auto_accept,low_unc_low_risk
ISIC_0033663,mel,mel,0.0019503832,0.9966528,auto_accept,low_unc_low_risk
ISIC_0026267,nv,nv,0.23416835,1.1576279e-05,auto_accept,low_unc_low_risk
ISIC_0025665,nv,mel,0.1413346,0.8260966,auto_accept,low_unc_low_risk
ISIC_0024968,nv,nv,0.0017889738,2.1548227e-05,auto_accept,low_unc_low_risk
ISIC_0026840,nv,nv,0.0013022423,2.8174582e-06,auto_accept,low_unc_low_risk
ISIC_0027157,nv,nv,0.0001487732,4.8664315e-06,auto_accept,low_unc_low_risk
ISIC_0027095,nv,nv,0.0061116815,6.0353386e-07,auto_accept,low_unc_low_risk
ISIC_0029966,nv,nv,0.00040465593,3.7090584e-05,auto_accept,low_unc_low_risk
ISIC_0031170,mel,mel,0.3753168,0.47383305,escalate,high_unc_low_risk
ISIC_0028123,bkl,bkl,0.10935807,0.0033001034,auto_accept,low_unc_low_risk
ISIC_0032355,nv,nv,0.16853118,3.615424e-05,auto_accept,low_unc_low_risk
ISIC_0027933,nv,nv,0.008577287,0.0010711984,auto_accept,low_unc_low_risk
ISIC_0029457,nv,nv,0.27964556,0.29142118,auto_accept,low_unc_low_risk
ISIC_0033829,bkl,mel,0.32461476,0.6168533,auto_accept,low_unc_low_risk
ISIC_0033906,nv,nv,0.1252265,0.04162428,auto_accept,low_unc_low_risk
ISIC_0026929,nv,nv,0.011412144,0.0075903297,auto_accept,low_unc_low_risk
ISIC_0026087,nv,nv,0.00045990944,1.9020127e-06,auto_accept,low_unc_low_risk
ISIC_0027914,nv,nv,0.008721948,0.00019898855,auto_accept,low_unc_low_risk
ISIC_0027610,nv,nv,0.00908345,0.0005299925,auto_accept,low_unc_low_risk
ISIC_0031709,mel,mel,0.18300366,0.9644384,auto_accept,low_unc_low_risk
ISIC_0029622,nv,nv,4.673004e-05,1.770946e-08,auto_accept,low_unc_low_risk
ISIC_0033346,nv,bkl,0.29789698,0.021794042,auto_accept,low_unc_low_risk
ISIC_0030168,nv,nv,0.03742677,1.6837323e-05,auto_accept,low_unc_low_risk
ISIC_0025848,nv,nv,0.0025355816,5.986286e-06,auto_accept,low_unc_low_risk
ISIC_0033679,mel,mel,0.07011199,0.91978353,auto_accept,low_unc_low_risk
ISIC_0030208,bkl,bkl,0.006194949,0.0006349258,auto_accept,low_unc_low_risk
ISIC_0026820,nv,nv,0.108238935,0.030411394,auto_accept,low_unc_low_risk
ISIC_0025523,nv,nv,0.015727282,0.00017673704,auto_accept,low_unc_low_risk
ISIC_0024998,nv,nv,0.023676455,0.01953872,auto_accept,low_unc_low_risk
ISIC_0025126,nv,nv,0.00090777874,2.4820866e-07,auto_accept,low_unc_low_risk
ISIC_0027428,bkl,nv,0.06435454,2.07071e-05,auto_accept,low_unc_low_risk
ISIC_0029007,nv,nv,0.48599052,5.8772016e-06,escalate,high_unc_low_risk
ISIC_0029285,nv,nv,0.00049197674,4.5461732e-07,auto_accept,low_unc_low_risk
ISIC_0031968,nv,nv,0.00036728382,8.438566e-06,auto_accept,low_unc_low_risk
ISIC_0025143,nv,nv,0.0015208125,5.0179362e-05,auto_accept,low_unc_low_risk
ISIC_0028480,nv,nv,0.00040489435,9.2199e-06,auto_accept,low_unc_low_risk
ISIC_0031392,nv,nv,0.01887077,0.0005656228,auto_accept,low_unc_low_risk
ISIC_0027620,mel,nv,0.0012418032,0.0005306375,auto_accept,low_unc_low_risk
ISIC_0026377,nv,nv,0.001896143,9.984745e-05,auto_accept,low_unc_low_risk
ISIC_0033221,nv,nv,0.008446395,0.0044562593,auto_accept,low_unc_low_risk
ISIC_0029593,nv,nv,0.014728904,0.00054701953,auto_accept,low_unc_low_risk
ISIC_0032056,nv,nv,0.083029926,0.06376392,auto_accept,low_unc_low_risk
ISIC_0034281,nv,bkl,0.080325484,0.003808635,auto_accept,low_unc_low_risk
ISIC_0029233,bkl,bkl,0.082799256,0.00054830307,auto_accept,low_unc_low_risk
ISIC_0027137,nv,nv,0.015021801,0.0067867367,auto_accept,low_unc_low_risk
ISIC_0024882,nv,nv,0.0597288,0.025824865,auto_accept,low_unc_low_risk
ISIC_0028305,nv,mel,0.13089317,0.81402355,auto_accept,low_unc_low_risk
ISIC_0027474,nv,nv,0.0020660162,0.00096433633,auto_accept,low_unc_low_risk
ISIC_0029328,nv,nv,0.059401453,0.00022526873,auto_accept,low_unc_low_risk
ISIC_0026555,nv,nv,0.0052072406,0.0012422717,auto_accept,low_unc_low_risk
ISIC_0032091,nv,nv,7.7962875e-05,5.534156e-07,auto_accept,low_unc_low_risk
ISIC_0031884,nv,nv,0.00015246868,0.00013224635,auto_accept,low_unc_low_risk
ISIC_0034265,nv,mel,0.3589546,0.49240762,escalate,high_unc_low_risk
ISIC_0024930,mel,nv,0.42301577,0.33371514,escalate,high_unc_low_risk
ISIC_0024616,nv,nv,0.07539934,0.0015025015,auto_accept,low_unc_low_risk
ISIC_0031758,nv,nv,0.0024687648,4.213641e-05,auto_accept,low_unc_low_risk
ISIC_0030982,nv,nv,0.021727681,0.0016325513,auto_accept,low_unc_low_risk
ISIC_0033015,nv,nv,0.18534464,0.0091525,auto_accept,low_unc_low_risk
ISIC_0027286,nv,nv,0.013681054,0.0031198484,auto_accept,low_unc_low_risk
ISIC_0031208,mel,mel,0.0058290362,0.98938763,auto_accept,low_unc_low_risk
ISIC_0028402,nv,nv,0.0005002022,0.00013244324,auto_accept,low_unc_low_risk
ISIC_0028822,bkl,bkl,0.00476557,0.0223876,auto_accept,low_unc_low_risk
ISIC_0027968,nv,nv,0.0032539368,0.00017388072,auto_accept,low_unc_low_risk
ISIC_0031661,nv,nv,0.006354928,7.996041e-05,auto_accept,low_unc_low_risk
ISIC_0027820,bkl,bkl,0.35820103,0.001684673,escalate,high_unc_low_risk
ISIC_0028133,nv,nv,0.00095897913,5.2615064e-07,auto_accept,low_unc_low_risk
ISIC_0028044,nv,nv,0.0008147359,1.3831294e-07,auto_accept,low_unc_low_risk
ISIC_0033420,nv,nv,0.13041204,0.11105515,auto_accept,low_unc_low_risk
ISIC_0032053,nv,nv,0.013094485,0.002972434,auto_accept,low_unc_low_risk
ISIC_0026386,nv,nv,0.0021494627,0.0007655885,auto_accept,low_unc_low_risk
ISIC_0031718,mel,mel,0.0013647676,0.99576086,auto_accept,low_unc_low_risk
ISIC_0025920,nv,nv,0.024790585,0.00016637729,auto_accept,low_unc_low_risk
ISIC_0027106,nv,nv,0.00028795004,2.9097591e-05,auto_accept,low_unc_low_risk
ISIC_0032221,nv,nv,0.059607685,0.010255105,auto_accept,low_unc_low_risk
ISIC_0026722,nv,bcc,0.023477435,0.7923086,auto_accept,low_unc_low_risk
ISIC_0031936,nv,nv,0.030974686,0.0004240672,auto_accept,low_unc_low_risk
ISIC_0025783,mel,mel,0.39610273,0.5673108,escalate,high_unc_low_risk
ISIC_0029665,nv,nv,0.112667024,0.024749683,auto_accept,low_unc_low_risk
ISIC_0029720,nv,nv,0.006469071,0.0020390665,auto_accept,low_unc_low_risk
ISIC_0033563,nv,nv,0.0023953915,0.00087769574,auto_accept,low_unc_low_risk
ISIC_0032744,nv,nv,0.011928678,5.5571487e-05,auto_accept,low_unc_low_risk
ISIC_0027281,bcc,bcc,0.014588714,0.9984219,auto_accept,low_unc_low_risk
ISIC_0033607,mel,nv,0.020801127,0.013237475,auto_accept,low_unc_low_risk
ISIC_0029620,nv,nv,0.009830952,0.008493672,auto_accept,low_unc_low_risk
ISIC_0029795,nv,nv,0.0025624037,1.7512375e-05,auto_accept,low_unc_low_risk
ISIC_0033399,mel,mel,0.24164516,0.5129301,auto_accept,low_unc_low_risk
ISIC_0028396,nv,nv,0.00032556057,3.3982676e-06,auto_accept,low_unc_low_risk
ISIC_0024398,nv,nv,0.00039964914,4.6675045e-06,auto_accept,low_unc_low_risk
ISIC_0028116,nv,nv,0.20390731,0.24075216,auto_accept,low_unc_low_risk
ISIC_0028033,mel,mel,0.009191453,0.98607814,auto_accept,low_unc_low_risk
ISIC_0031185,nv,nv,0.0042641163,1.7795044e-06,auto_accept,low_unc_low_risk
ISIC_0026373,nv,nv,0.011231422,0.005031003,auto_accept,low_unc_low_risk
ISIC_0032123,bkl,bkl,0.0023986697,0.00014405504,auto_accept,low_unc_low_risk
ISIC_0026334,nv,nv,0.009826541,3.4050914e-05,auto_accept,low_unc_low_risk
ISIC_0028762,nv,nv,0.001709044,0.00019555364,auto_accept,low_unc_low_risk
ISIC_0024756,mel,mel,0.08019298,0.83553725,auto_accept,low_unc_low_risk
ISIC_0031553,nv,nv,0.0011413097,5.245441e-06,auto_accept,low_unc_low_risk
ISIC_0027955,nv,nv,0.0009927154,5.502939e-06,auto_accept,low_unc_low_risk
ISIC_0025088,nv,nv,0.03796494,0.020712532,auto_accept,low_unc_low_risk
ISIC_0028482,nv,nv,0.039454043,0.019698381,auto_accept,low_unc_low_risk
ISIC_0028434,nv,nv,0.00078082085,4.0852186e-07,auto_accept,low_unc_low_risk
ISIC_0026547,nv,nv,0.00020056963,3.2627422e-06,auto_accept,low_unc_low_risk
ISIC_0025332,nv,nv,0.0004891157,6.733016e-05,auto_accept,low_unc_low_risk
ISIC_0025040,bkl,nv,0.19395757,0.014482064,auto_accept,low_unc_low_risk
ISIC_0032874,nv,mel,0.19611084,0.67952067,auto_accept,low_unc_low_risk
ISIC_0033541,nv,nv,0.00089102983,0.00012213591,auto_accept,low_unc_low_risk
ISIC_0030060,mel,mel,0.06787795,0.8619397,auto_accept,low_unc_low_risk
ISIC_0032668,nv,nv,0.13798869,0.0026698299,auto_accept,low_unc_low_risk
ISIC_0027899,nv,nv,0.0007444024,0.0003497142,auto_accept,low_unc_low_risk
ISIC_0030584,nv,nv,0.003655851,1.8716122e-05,auto_accept,low_unc_low_risk
ISIC_0033429,mel,mel,0.28845924,0.46953076,auto_accept,low_unc_low_risk
ISIC_0034092,mel,mel,0.02588749,0.9432936,auto_accept,low_unc_low_risk
ISIC_0026667,nv,nv,0.0029206276,1.2110051e-05,auto_accept,low_unc_low_risk
ISIC_0027528,nv,nv,0.043026984,0.00303919,auto_accept,low_unc_low_risk
ISIC_0025396,nv,mel,0.30250162,0.62689114,auto_accept,low_unc_low_risk
ISIC_0024366,nv,nv,0.0027196407,0.00066522724,auto_accept,low_unc_low_risk
ISIC_0025951,nv,nv,0.007972062,0.0012198979,auto_accept,low_unc_low_risk
ISIC_0027481,nv,nv,0.011285245,0.0008444935,auto_accept,low_unc_low_risk
ISIC_0031849,nv,nv,0.002322495,1.5968873e-05,auto_accept,low_unc_low_risk
ISIC_0029159,nv,nv,0.0068619847,6.983992e-05,auto_accept,low_unc_low_risk
ISIC_0027636,nv,nv,0.46438515,5.6157274e-05,escalate,high_unc_low_risk
ISIC_0026105,mel,mel,0.08257234,0.8968113,auto_accept,low_unc_low_risk
ISIC_0025419,bkl,nv,0.21752286,0.1309828,auto_accept,low_unc_low_risk
ISIC_0031289,bkl,bkl,0.2254011,0.45586208,auto_accept,low_unc_low_risk
ISIC_0033460,bkl,mel,0.019743562,0.9611257,auto_accept,low_unc_low_risk
ISIC_0031483,nv,nv,0.050371826,0.00054061494,auto_accept,low_unc_low_risk
ISIC_0033940,nv,mel,0.1143291,0.83637744,auto_accept,low_unc_low_risk
ISIC_0028667,nv,nv,0.00070750713,1.2704295e-05,auto_accept,low_unc_low_risk
ISIC_0031433,nv,nv,0.00023168325,2.904159e-05,auto_accept,low_unc_low_risk
ISIC_0026717,bkl,mel,0.14217138,0.922232,auto_accept,low_unc_low_risk
ISIC_0026230,bcc,mel,0.12192786,0.84977007,auto_accept,low_unc_low_risk
ISIC_0032305,nv,nv,0.001676619,6.30876e-05,auto_accept,low_unc_low_risk
ISIC_0031923,nv,nv,0.00062292814,2.3634744e-05,auto_accept,low_unc_low_risk
ISIC_0025450,mel,nv,0.016094863,0.0010455668,auto_accept,low_unc_low_risk
ISIC_0033323,mel,mel,0.1256311,0.8259275,auto_accept,low_unc_low_risk
ISIC_0028016,nv,bkl,0.20268369,0.00057037006,auto_accept,low_unc_low_risk
ISIC_0030193,nv,nv,0.074074626,0.00012145465,auto_accept,low_unc_low_risk
ISIC_0029304,nv,nv,0.042798996,2.0234607e-05,auto_accept,low_unc_low_risk
ISIC_0025356,nv,nv,0.0018153787,1.8390956e-05,auto_accept,low_unc_low_risk
ISIC_0033300,mel,nv,0.056614757,0.01613634,auto_accept,low_unc_low_risk
ISIC_0031711,mel,mel,0.004185617,0.99394727,auto_accept,low_unc_low_risk
ISIC_0025776,nv,nv,0.02367407,0.00979559,auto_accept,low_unc_low_risk
ISIC_0025534,nv,nv,0.08175391,0.004909737,auto_accept,low_unc_low_risk
ISIC_0030954,bcc,nv,0.53769267,0.1433952,escalate,high_unc_low_risk
ISIC_0026613,nv,nv,0.0017672777,2.4037741e-05,auto_accept,low_unc_low_risk
ISIC_0025711,bcc,vasc,0.3513797,0.9934377,escalate,low_unc_low_risk
ISIC_0026879,nv,nv,0.039963365,0.00015801439,auto_accept,low_unc_low_risk
ISIC_0032572,nv,nv,0.039162397,0.017154947,auto_accept,low_unc_low_risk
ISIC_0031073,nv,nv,0.00061142445,4.2215905e-08,auto_accept,low_unc_low_risk
ISIC_0025716,bkl,mel,0.01819253,0.9796163,auto_accept,low_unc_low_risk
ISIC_0026814,nv,nv,0.00017213821,4.4871117e-06,auto_accept,low_unc_low_risk
ISIC_0031741,mel,nv,0.10828352,0.097189344,auto_accept,low_unc_low_risk
ISIC_0032115,nv,nv,0.00028270483,9.983304e-07,auto_accept,low_unc_low_risk
ISIC_0028886,nv,nv,0.0025998354,0.00035430677,auto_accept,low_unc_low_risk
ISIC_0031299,nv,nv,0.09369147,0.00022380738,auto_accept,low_unc_low_risk
ISIC_0025018,mel,nv,0.08347058,0.026400136,auto_accept,low_unc_low_risk
ISIC_0027207,nv,nv,0.021549523,0.0017722143,auto_accept,low_unc_low_risk
ISIC_0028054,nv,nv,0.0050269365,2.1671427e-05,auto_accept,low_unc_low_risk
ISIC_0030152,nv,nv,0.000623405,5.318959e-05,auto_accept,low_unc_low_risk
ISIC_0026563,nv,nv,0.0062294602,3.5593603e-06,auto_accept,low_unc_low_risk
ISIC_0025370,nv,nv,0.009708941,0.003351903,auto_accept,low_unc_low_risk
ISIC_0024979,nv,nv,0.014844239,0.0006434581,auto_accept,low_unc_low_risk
ISIC_0031606,nv,nv,0.003569305,4.3820666e-05,auto_accept,low_unc_low_risk
ISIC_0030519,nv,nv,0.025267541,2.889107e-05,auto_accept,low_unc_low_risk
ISIC_0027790,vasc,vasc,0.37768883,0.056301523,escalate,high_unc_low_risk
ISIC_0029991,bkl,akiec,0.16220582,0.66498566,auto_accept,low_unc_low_risk
ISIC_0034240,nv,nv,0.006459117,0.00014007215,auto_accept,low_unc_low_risk
ISIC_0032090,nv,bcc,0.113410234,0.79787517,auto_accept,low_unc_low_risk
ISIC_0031136,nv,nv,0.0040286183,5.046509e-05,auto_accept,low_unc_low_risk
ISIC_0028855,nv,nv,7.402897e-05,6.0670406e-09,auto_accept,low_unc_low_risk
ISIC_0025435,nv,nv,0.002580762,2.5258252e-05,auto_accept,low_unc_low_risk
ISIC_0026317,nv,nv,0.00018519163,3.079484e-06,auto_accept,low_unc_low_risk
ISIC_0029684,nv,nv,0.007974207,1.219242e-05,auto_accept,low_unc_low_risk
ISIC_0026265,bkl,bkl,0.034929514,0.014097831,auto_accept,low_unc_low_risk
ISIC_0024696,bkl,mel,0.11526412,0.74608403,auto_accept,low_unc_low_risk
ISIC_0024812,nv,nv,0.023593962,1.1575429e-05,auto_accept,low_unc_low_risk
ISIC_0030364,nv,nv,0.0005403161,7.5365136e-07,auto_accept,low_unc_low_risk
ISIC_0031881,nv,nv,0.0120815635,0.0036737134,auto_accept,low_unc_low_risk
ISIC_0029685,nv,nv,0.0029233694,0.00028483145,auto_accept,low_unc_low_risk
ISIC_0025692,nv,nv,0.00818181,1.8397974e-05,auto_accept,low_unc_low_risk
ISIC_0034180,mel,mel,0.23107368,0.7070749,auto_accept,low_unc_low_risk
ISIC_0024637,nv,nv,0.016527534,0.0072696395,auto_accept,low_unc_low_risk
ISIC_0025904,mel,mel,0.006570518,0.99143875,auto_accept,low_unc_low_risk
ISIC_0030807,nv,nv,0.0025272965,2.263418e-05,auto_accept,low_unc_low_risk
ISIC_0029142,nv,nv,0.072449505,3.1102212e-05,auto_accept,low_unc_low_risk
ISIC_0030388,nv,nv,0.0006982088,3.7442987e-05,auto_accept,low_unc_low_risk
ISIC_0024376,nv,nv,0.0015336275,0.00011824258,auto_accept,low_unc_low_risk
ISIC_0031110,nv,nv,0.0013679862,0.00032845585,auto_accept,low_unc_low_risk
ISIC_0028295,nv,nv,0.008449912,7.0184564e-05,auto_accept,low_unc_low_risk
ISIC_0024732,mel,nv,0.037847877,0.0062901047,auto_accept,low_unc_low_risk
ISIC_0025529,bkl,bkl,0.4030072,0.0017371675,escalate,high_unc_low_risk
ISIC_0026204,nv,nv,7.927418e-05,2.492724e-06,auto_accept,low_unc_low_risk
ISIC_0027746,nv,nv,0.0015936494,0.0021991157,auto_accept,low_unc_low_risk
ISIC_0024726,bkl,bkl,0.17161912,0.08493813,auto_accept,low_unc_low_risk
ISIC_0033836,nv,nv,0.14929664,0.06743244,auto_accept,low_unc_low_risk
ISIC_0034104,mel,mel,0.022981584,0.96786714,auto_accept,low_unc_low_risk
ISIC_0029968,nv,nv,0.024729013,5.821472e-05,auto_accept,low_unc_low_risk
ISIC_0026139,bkl,bkl,0.018120706,0.03979085,auto_accept,low_unc_low_risk
ISIC_0027764,nv,nv,0.004435301,0.0008479292,auto_accept,low_unc_low_risk
ISIC_0028945,nv,nv,0.06302613,0.0023031498,auto_accept,low_unc_low_risk
ISIC_0034130,nv,nv,0.0052708983,0.002153118,auto_accept,low_unc_low_risk
ISIC_0034248,nv,nv,0.029832244,0.0011547431,auto_accept,low_unc_low_risk
ISIC_0027214,nv,nv,2.8252602e-05,2.97521e-08,auto_accept,low_unc_low_risk
ISIC_0034268,nv,nv,0.061961412,0.032043744,auto_accept,low_unc_low_risk
ISIC_0025956,nv,bkl,0.37930042,0.0031036262,escalate,high_unc_low_risk
ISIC_0028713,nv,nv,0.000497818,1.5716076e-07,auto_accept,low_unc_low_risk
ISIC_0031265,nv,nv,0.021876633,0.003588627,auto_accept,low_unc_low_risk
ISIC_0028462,nv,nv,0.00011014938,1.3620746e-06,auto_accept,low_unc_low_risk
ISIC_0030274,nv,nv,0.000408113,7.2477866e-05,auto_accept,low_unc_low_risk
ISIC_0031476,nv,nv,0.0093683,0.0032006437,auto_accept,low_unc_low_risk
ISIC_0031210,nv,nv,4.529953e-05,1.3242915e-06,auto_accept,low_unc_low_risk
ISIC_0024352,nv,mel,0.30777305,0.6661354,auto_accept,low_unc_low_risk
ISIC_0030467,nv,nv,0.00018268824,2.5582513e-05,auto_accept,low_unc_low_risk
ISIC_0030838,nv,nv,0.029486775,3.7320772e-06,auto_accept,low_unc_low_risk
ISIC_0030700,bkl,akiec,0.04103148,0.9129617,auto_accept,low_unc_low_risk
ISIC_0031963,nv,nv,0.03489387,0.0003306668,auto_accept,low_unc_low_risk
ISIC_0026092,vasc,vasc,1.3947487e-05,0.00017491203,auto_accept,low_unc_low_risk
ISIC_0030572,nv,nv,0.0006715059,1.5051365e-05,auto_accept,low_unc_low_risk
ISIC_0029770,bkl,mel,0.051879168,0.9091458,auto_accept,low_unc_low_risk
ISIC_0029446,nv,nv,0.0128804445,6.218754e-07,auto_accept,low_unc_low_risk
ISIC_0029699,nv,nv,0.0040231347,3.7807895e-05,auto_accept,low_unc_low_risk
ISIC_0027438,nv,nv,0.00058221817,0.002423504,auto_accept,low_unc_low_risk
ISIC_0029969,nv,nv,0.0019801855,1.8426137e-05,auto_accept,low_unc_low_risk
ISIC_0031112,nv,df,0.006706238,6.7861665e-06,auto_accept,low_unc_low_risk
ISIC_0029371,akiec,akiec,0.068837225,0.9978421,auto_accept,low_unc_low_risk
ISIC_0030861,nv,nv,0.0007534027,1.046782e-06,auto_accept,low_unc_low_risk
ISIC_0031275,nv,nv,0.0033416748,0.0003852217,auto_accept,low_unc_low_risk
ISIC_0026660,nv,nv,0.023495615,0.018919064,auto_accept,low_unc_low_risk
ISIC_0030707,akiec,akiec,0.42392927,0.9935256,escalate,high_unc_low_risk
ISIC_0030394,bkl,bkl,0.021868885,0.0036047006,auto_accept,low_unc_low_risk
ISIC_0025558,nv,nv,0.0008581877,2.8822346e-06,auto_accept,low_unc_low_risk
ISIC_0031637,nv,nv,0.02712959,4.9343726e-06,auto_accept,low_unc_low_risk
ISIC_0027264,nv,nv,0.015470922,0.0016045813,auto_accept,low_unc_low_risk
ISIC_0029630,mel,mel,0.0054745674,0.9855562,auto_accept,low_unc_low_risk
ISIC_0030582,nv,nv,0.00476712,0.0003318574,auto_accept,low_unc_low_risk
ISIC_0032312,nv,nv,0.0026006699,0.00013415125,auto_accept,low_unc_low_risk
ISIC_0028569,nv,nv,0.00044089556,2.3120705e-05,auto_accept,low_unc_low_risk
ISIC_0027534,nv,nv,0.000387609,1.6992697e-05,auto_accept,low_unc_low_risk
ISIC_0029246,nv,nv,0.00024729967,4.6236178e-06,auto_accept,low_unc_low_risk
ISIC_0033025,nv,nv,0.0037352443,0.0015017741,auto_accept,low_unc_low_risk
ISIC_0033228,nv,nv,0.09432578,0.028825061,auto_accept,low_unc_low_risk
ISIC_0033572,nv,nv,0.36003536,0.012095656,escalate,high_unc_low_risk
ISIC_0032814,nv,nv,0.006405413,0.0043853503,auto_accept,low_unc_low_risk
ISIC_0026701,nv,nv,0.008779466,0.00014546617,auto_accept,low_unc_low_risk
ISIC_0034047,bcc,bcc,0.24287575,0.9649435,auto_accept,low_unc_low_risk
ISIC_0027695,nv,nv,0.00246346,2.9604147e-05,auto_accept,low_unc_low_risk
ISIC_0033780,df,df,1.1920929e-05,0.0020261847,auto_accept,low_unc_low_risk
ISIC_0031970,nv,bkl,0.42999727,0.0045074834,escalate,high_unc_low_risk
ISIC_0031405,nv,nv,0.030702949,0.000616094,auto_accept,low_unc_low_risk
ISIC_0027396,nv,nv,0.0208292,0.0047331583,auto_accept,low_unc_low_risk
ISIC_0026818,nv,nv,0.099150956,0.090543985,auto_accept,low_unc_low_risk
ISIC_0027894,nv,nv,0.004095614,8.449018e-06,auto_accept,low_unc_low_risk
ISIC_0031342,nv,nv,0.0068403482,3.4821936e-05,auto_accept,low_unc_low_risk
ISIC_0028369,nv,nv,0.0019991994,0.00045345188,auto_accept,low_unc_low_risk
ISIC_0028967,nv,nv,0.010643542,0.00058445934,auto_accept,low_unc_low_risk
ISIC_0029168,nv,nv,0.00079864264,4.762695e-06,auto_accept,low_unc_low_risk
ISIC_0024943,bkl,bkl,0.007867157,0.010246097,auto_accept,low_unc_low_risk
ISIC_0024957,nv,nv,0.00051403046,4.9721334e-06,auto_accept,low_unc_low_risk
ISIC_0025685,nv,nv,0.0005367398,3.8413473e-06,auto_accept,low_unc_low_risk
ISIC_0029494,nv,nv,0.0006660819,7.019151e-07,auto_accept,low_unc_low_risk
ISIC_0025512,mel,mel,0.0076884627,0.9858767,auto_accept,low_unc_low_risk
ISIC_0025364,nv,nv,0.00040096045,1.4485566e-06,auto_accept,low_unc_low_risk
ISIC_0027199,nv,nv,0.0020080805,7.328179e-06,auto_accept,low_unc_low_risk
ISIC_0029907,nv,nv,0.00069248676,2.0898104e-05,auto_accept,low_unc_low_risk
ISIC_0026243,nv,nv,0.0015875101,2.6898819e-05,auto_accept,low_unc_low_risk
ISIC_0024811,nv,nv,0.000756979,0.00011797082,auto_accept,low_unc_low_risk
ISIC_0026342,nv,nv,0.0011815429,4.820013e-05,auto_accept,low_unc_low_risk
ISIC_0025923,nv,nv,0.008906424,0.0041711694,auto_accept,low_unc_low_risk
ISIC_0029737,nv,nv,0.0034242272,0.0022199831,auto_accept,low_unc_low_risk
ISIC_0025368,akiec,akiec,0.04921043,0.9941788,auto_accept,low_unc_low_risk
ISIC_0024785,nv,nv,0.0006982088,2.476793e-05,auto_accept,low_unc_low_risk
ISIC_0025418,nv,nv,0.00083982944,3.4846286e-07,auto_accept,low_unc_low_risk
ISIC_0031653,nv,nv,5.9962273e-05,1.744277e-06,auto_accept,low_unc_low_risk
ISIC_0033039,nv,nv,0.00094515085,3.8011756e-05,auto_accept,low_unc_low_risk
ISIC_0033729,nv,nv,0.06719065,0.042918842,auto_accept,low_unc_low_risk
ISIC_0033748,nv,nv,0.007983446,0.002598779,auto_accept,low_unc_low_risk
ISIC_0030450,nv,nv,0.005810976,2.7184242e-05,auto_accept,low_unc_low_risk
ISIC_0026306,nv,nv,0.0005093813,3.1277225e-06,auto_accept,low_unc_low_risk
ISIC_0034221,bkl,bkl,0.017525375,0.0017576339,auto_accept,low_unc_low_risk
ISIC_0026882,nv,nv,0.003871441,0.00019875114,auto_accept,low_unc_low_risk
ISIC_0031083,nv,nv,0.11585289,0.0026703784,auto_accept,low_unc_low_risk
ISIC_0026294,nv,nv,0.0012930632,1.002601e-05,auto_accept,low_unc_low_risk
ISIC_0033619,mel,nv,0.064736426,0.020407682,auto_accept,low_unc_low_risk
ISIC_0029970,nv,nv,0.03644228,0.013134725,auto_accept,low_unc_low_risk
ISIC_0025494,nv,nv,0.0027078986,0.00019301321,auto_accept,low_unc_low_risk
ISIC_0026118,bcc,bcc,0.10362375,0.97323054,auto_accept,low_unc_low_risk
ISIC_0025176,nv,nv,0.007301748,0.0010558717,auto_accept,low_unc_low_risk
ISIC_0031143,nv,nv,0.045425296,0.020411704,auto_accept,low_unc_low_risk
ISIC_0029436,nv,nv,0.0028016567,4.124603e-06,auto_accept,low_unc_low_risk
ISIC_0029251,bkl,bkl,0.40632755,3.0690313e-05,escalate,high_unc_low_risk
ISIC_0025201,nv,nv,0.0021486282,0.00014445506,auto_accept,low_unc_low_risk
ISIC_0026088,nv,nv,0.0018594265,8.480516e-08,auto_accept,low_unc_low_risk
ISIC_0026975,nv,nv,0.076652765,0.0006733144,auto_accept,low_unc_low_risk
ISIC_0030972,nv,nv,0.010872066,0.0001079962,auto_accept,low_unc_low_risk
ISIC_0030083,mel,mel,0.0038218498,0.995548,auto_accept,low_unc_low_risk
ISIC_0027082,nv,nv,0.0005660653,2.0884468e-07,auto_accept,low_unc_low_risk
ISIC_0028140,nv,nv,0.04260683,3.412054e-05,auto_accept,low_unc_low_risk
ISIC_0027752,nv,nv,0.015997887,1.2024799e-05,auto_accept,low_unc_low_risk
ISIC_0034067,nv,mel,0.07297784,0.9190898,auto_accept,low_unc_low_risk
ISIC_0031329,bkl,bkl,0.0025927424,0.004032922,auto_accept,low_unc_low_risk
ISIC_0024939,nv,nv,0.0012161136,4.7353355e-05,auto_accept,low_unc_low_risk
ISIC_0031916,nv,nv,0.00087600946,4.630956e-05,auto_accept,low_unc_low_risk
ISIC_0027121,nv,nv,0.0030299425,6.255443e-05,auto_accept,low_unc_low_risk
ISIC_0033108,nv,nv,0.057061434,0.03553523,auto_accept,low_unc_low_risk
ISIC_0034066,bcc,bcc,0.009963989,0.9370737,auto_accept,low_unc_low_risk
ISIC_0028477,nv,nv,0.0032196045,0.0014571402,auto_accept,low_unc_low_risk
ISIC_0025222,bkl,bkl,0.007564366,0.027786912,auto_accept,low_unc_low_risk
ISIC_0025369,nv,nv,0.00062960386,0.00014180063,auto_accept,low_unc_low_risk
ISIC_0030979,nv,mel,0.007880926,0.98351514,auto_accept,low_unc_low_risk
ISIC_0028773,mel,nv,0.002831161,0.00039072023,auto_accept,low_unc_low_risk
ISIC_0032421,nv,nv,0.24443287,0.19568135,auto_accept,low_unc_low_risk
ISIC_0031822,nv,mel,0.30872643,0.6135329,auto_accept,low_unc_low_risk
ISIC_0026368,nv,nv,0.007506907,5.504322e-05,auto_accept,low_unc_low_risk
ISIC_0026348,nv,nv,0.036354423,0.008578849,auto_accept,low_unc_low_risk
ISIC_0030285,nv,nv,0.07048941,0.005044847,auto_accept,low_unc_low_risk
ISIC_0026944,nv,nv,0.005523503,1.2347178e-05,auto_accept,low_unc_low_risk
ISIC_0034264,nv,nv,0.49616075,0.25397193,escalate,high_unc_low_risk
ISIC_0033144,nv,nv,0.110164344,0.0127370665,auto_accept,low_unc_low_risk
ISIC_0026150,mel,mel,0.16448063,0.7621986,auto_accept,low_unc_low_risk
ISIC_0028011,nv,nv,0.008874953,1.8871046e-05,auto_accept,low_unc_low_risk
ISIC_0026529,nv,nv,0.011145055,0.005989112,auto_accept,low_unc_low_risk
ISIC_0030087,nv,nv,0.0011598468,1.6343456e-06,auto_accept,low_unc_low_risk
ISIC_0027319,nv,nv,0.00463897,0.0008771513,auto_accept,low_unc_low_risk
ISIC_0026776,nv,nv,0.0002616048,3.0678373e-05,auto_accept,low_unc_low_risk
ISIC_0031487,nv,nv,0.008336902,0.00014772813,auto_accept,low_unc_low_risk
ISIC_0025232,nv,nv,0.029439151,0.006698502,auto_accept,low_unc_low_risk
ISIC_0028932,nv,nv,0.002430737,2.7851365e-05,auto_accept,low_unc_low_risk
ISIC_0025587,nv,nv,0.018315732,0.001062145,auto_accept,low_unc_low_risk
ISIC_0032236,nv,nv,0.093580484,0.020032857,auto_accept,low_unc_low_risk
ISIC_0026682,nv,nv,0.014201283,0.00012008105,auto_accept,low_unc_low_risk
ISIC_0027363,nv,nv,0.00040978193,3.8294427e-05,auto_accept,low_unc_low_risk
ISIC_0027619,nv,nv,0.0007741451,0.00025126297,auto_accept,low_unc_low_risk
ISIC_0028367,nv,nv,0.015321076,0.00379055,auto_accept,low_unc_low_risk
ISIC_0025006,nv,nv,0.023878992,0.00014625854,auto_accept,low_unc_low_risk
ISIC_0028792,bkl,bkl,0.0047073364,0.042957556,auto_accept,low_unc_low_risk
ISIC_0027624,nv,nv,0.00092065334,0.00017416978,auto_accept,low_unc_low_risk
ISIC_0027570,nv,nv,0.0024389029,0.000905117,auto_accept,low_unc_low_risk
ISIC_0029086,nv,nv,0.0096488595,0.00048728014,auto_accept,low_unc_low_risk
ISIC_0032063,bkl,bkl,0.0023940802,0.00021419408,auto_accept,low_unc_low_risk
ISIC_0030993,nv,nv,0.0013198256,0.0005108132,auto_accept,low_unc_low_risk
ISIC_0032016,nv,nv,0.00062412024,1.4817391e-06,auto_accept,low_unc_low_risk
ISIC_0033191,nv,nv,0.007854044,0.0013506167,auto_accept,low_unc_low_risk
ISIC_0024889,nv,nv,0.010720074,8.93986e-05,auto_accept,low_unc_low_risk
ISIC_0030818,mel,nv,0.04384148,0.03228831,auto_accept,low_unc_low_risk
ISIC_0024639,nv,nv,0.00078701973,4.750429e-06,auto_accept,low_unc_low_risk
ISIC_0027970,nv,nv,0.0054407716,0.00019107571,auto_accept,low_unc_low_risk
ISIC_0025875,nv,nv,6.353855e-05,5.773908e-08,auto_accept,low_unc_low_risk
ISIC_0031149,nv,nv,0.0009801388,0.00011699328,auto_accept,low_unc_low_risk
ISIC_0027201,nv,nv,0.05373466,0.017023688,auto_accept,low_unc_low_risk
ISIC_0033069,nv,nv,0.010667682,0.0016846377,auto_accept,low_unc_low_risk
ISIC_0033369,mel,nv,0.40981394,0.2505559,escalate,high_unc_low_risk
ISIC_0029370,mel,mel,0.035485744,0.90838945,auto_accept,low_unc_low_risk
ISIC_0031764,nv,nv,0.00047135353,8.584763e-06,auto_accept,low_unc_low_risk
ISIC_0024901,nv,nv,0.00011026859,2.4018657e-06,auto_accept,low_unc_low_risk
ISIC_0024471,bkl,bkl,0.00886488,0.030388467,auto_accept,low_unc_low_risk
ISIC_0024791,nv,nv,0.015718937,1.6995866e-06,auto_accept,low_unc_low_risk
ISIC_0027777,nv,nv,0.0005502105,9.956697e-05,auto_accept,low_unc_low_risk
ISIC_0026911,nv,nv,0.004686713,0.0005203315,auto_accept,low_unc_low_risk
ISIC_0030611,nv,nv,0.00064247847,1.1973077e-05,auto_accept,low_unc_low_risk
ISIC_0028501,nv,nv,0.004654348,1.8994406e-06,auto_accept,low_unc_low_risk
ISIC_0028186,nv,nv,0.0069639087,0.0014095515,auto_accept,low_unc_low_risk
ISIC_0026756,nv,nv,0.0011714101,3.2431453e-06,auto_accept,low_unc_low_risk
ISIC_0028024,nv,nv,0.00055116415,2.3357329e-07,auto_accept,low_unc_low_risk
ISIC_0026285,nv,nv,0.00010752678,1.9172433e-06,auto_accept,low_unc_low_risk
ISIC_0031255,nv,nv,0.14403707,0.115021214,auto_accept,low_unc_low_risk
ISIC_0028806,nv,nv,0.0201177,0.00097235997,auto_accept,low_unc_low_risk
ISIC_0032377,nv,nv,0.00012230873,9.3168666e-08,auto_accept,low_unc_low_risk
ISIC_0024818,nv,mel,0.41680998,0.38611543,escalate,high_unc_low_risk
ISIC_0027151,bkl,nv,0.068509996,0.0107486565,auto_accept,low_unc_low_risk
ISIC_0030791,nv,nv,0.0017950535,0.00013809532,auto_accept,low_unc_low_risk
ISIC_0026077,nv,nv,0.010099232,5.3133313e-05,auto_accept,low_unc_low_risk
ISIC_0029538,mel,nv,0.27041298,0.24350096,auto_accept,low_unc_low_risk
ISIC_0032301,nv,nv,0.000690341,4.8349837e-05,auto_accept,low_unc_low_risk
ISIC_0028954,nv,nv,0.0036299229,0.001968122,auto_accept,low_unc_low_risk
ISIC_0032518,nv,nv,0.020697057,0.0069340463,auto_accept,low_unc_low_risk
ISIC_0032157,nv,nv,0.16434592,0.13592117,auto_accept,low_unc_low_risk
ISIC_0026101,nv,nv,0.011999905,0.005726363,auto_accept,low_unc_low_risk
ISIC_0026320,nv,nv,0.00057685375,1.9515962e-06,auto_accept,low_unc_low_risk
ISIC_0032431,nv,nv,0.00037562847,2.0239966e-06,auto_accept,low_unc_low_risk
ISIC_0032255,nv,nv,0.0035546422,7.0725146e-05,auto_accept,low_unc_low_risk
ISIC_0026170,nv,nv,0.007452905,0.0005444234,auto_accept,low_unc_low_risk
ISIC_0028851,nv,nv,0.0021511316,0.0005702399,auto_accept,low_unc_low_risk
ISIC_0027864,nv,nv,0.0028239489,1.350538e-05,auto_accept,low_unc_low_risk
ISIC_0027386,nv,nv,0.00021761656,3.6241643e-05,auto_accept,low_unc_low_risk
ISIC_0033034,mel,mel,0.2550649,0.5028348,auto_accept,low_unc_low_risk
ISIC_0028148,mel,nv,0.0060551763,0.0008296769,auto_accept,low_unc_low_risk
ISIC_0032025,nv,nv,0.01158613,9.201278e-06,auto_accept,low_unc_low_risk
ISIC_0030185,nv,nv,0.00076413155,8.828219e-06,auto_accept,low_unc_low_risk
ISIC_0030960,nv,nv,0.023023188,0.015323554,auto_accept,low_unc_low_risk
ISIC_0026721,nv,nv,0.0010041595,1.7692684e-06,auto_accept,low_unc_low_risk
ISIC_0028683,nv,nv,0.011961937,0.00021930045,auto_accept,low_unc_low_risk
ISIC_0033832,nv,nv,0.3417257,0.12924056,auto_accept,low_unc_low_risk
ISIC_0034308,nv,nv,0.092256546,0.013275718,auto_accept,low_unc_low_risk
ISIC_0033106,nv,mel,0.26247847,0.6416101,auto_accept,low_unc_low_risk
ISIC_0033304,mel,mel,0.0016560555,0.9964707,auto_accept,low_unc_low_risk
ISIC_0024572,bcc,bcc,0.010764301,0.98103046,auto_accept,low_unc_low_risk
ISIC_0030250,nv,nv,0.0046506524,6.420299e-06,auto_accept,low_unc_low_risk
ISIC_0026898,nv,nv,0.0009331107,0.00020470901,auto_accept,low_unc_low_risk
ISIC_0024494,bkl,bkl,0.49266702,0.3677124,escalate,high_unc_low_risk
ISIC_0031642,mel,mel,0.0047572255,0.9925808,auto_accept,low_unc_low_risk
ISIC_0027482,nv,nv,0.001986146,0.00013321292,auto_accept,low_unc_low_risk
ISIC_0027016,nv,nv,0.00020962954,4.1685366e-06,auto_accept,low_unc_low_risk
ISIC_0028922,nv,nv,0.0057581663,3.5928497e-05,auto_accept,low_unc_low_risk
ISIC_0029942,nv,nv,0.00048184395,5.180533e-05,auto_accept,low_unc_low_risk
ISIC_0027935,nv,nv,0.0055326223,1.6965996e-05,auto_accept,low_unc_low_risk
ISIC_0029656,nv,nv,0.04454243,0.020429956,auto_accept,low_unc_low_risk
ISIC_0030238,mel,nv,0.014783084,0.0023550245,auto_accept,low_unc_low_risk
ISIC_0024688,mel,nv,0.025719583,0.012656444,auto_accept,low_unc_low_risk
ISIC_0031467,nv,nv,0.021313488,2.2373368e-05,auto_accept,low_unc_low_risk
ISIC_0026226,nv,bcc,0.015896559,0.9746848,auto_accept,low_unc_low_risk
ISIC_0025065,nv,nv,0.12730724,0.087271504,auto_accept,low_unc_low_risk
ISIC_0025279,nv,nv,0.0033470988,4.597229e-05,auto_accept,low_unc_low_risk
ISIC_0033994,nv,nv,0.0065208673,0.00048527375,auto_accept,low_unc_low_risk
ISIC_0027208,nv,nv,0.022187114,0.0046648127,auto_accept,low_unc_low_risk
ISIC_0032946,nv,nv,0.0012591481,5.024764e-06,auto_accept,low_unc_low_risk
ISIC_0030984,nv,nv,0.00043684244,0.000101599704,auto_accept,low_unc_low_risk
ISIC_0034242,mel,mel,0.10285646,0.85355127,auto_accept,low_unc_low_risk
ISIC_0029545,bcc,bcc,0.0625118,0.95873916,auto_accept,low_unc_low_risk
ISIC_0031634,nv,nv,0.02163881,0.00032568225,auto_accept,low_unc_low_risk
ISIC_0033232,mel,nv,0.018663943,0.0061522196,auto_accept,low_unc_low_risk
ISIC_0034127,nv,nv,0.035629153,0.021463385,auto_accept,low_unc_low_risk
ISIC_0030064,nv,bcc,0.07645309,0.9986602,auto_accept,low_unc_low_risk
ISIC_0031802,nv,nv,0.0026405454,0.00072026614,auto_accept,low_unc_low_risk
ISIC_0029524,bcc,bcc,0.0416463,0.99480915,auto_accept,low_unc_low_risk
ISIC_0025880,nv,nv,0.012200832,5.2684874e-05,auto_accept,low_unc_low_risk
ISIC_0033627,nv,nv,0.06222999,0.027390193,auto_accept,low_unc_low_risk
ISIC_0031183,nv,nv,0.00633198,0.0031959252,auto_accept,low_unc_low_risk
ISIC_0034159,mel,mel,0.019359946,0.9661614,auto_accept,low_unc_low_risk
ISIC_0028379,nv,nv,0.0010201335,2.0724841e-05,auto_accept,low_unc_low_risk
ISIC_0031800,nv,nv,0.00015842915,2.2705651e-06,auto_accept,low_unc_low_risk
ISIC_0025887,nv,nv,0.024676979,0.002943448,auto_accept,low_unc_low_risk
ISIC_0026376,nv,nv,0.003839016,0.0010137946,auto_accept,low_unc_low_risk
ISIC_0031320,nv,nv,0.0014767051,7.897558e-06,auto_accept,low_unc_low_risk
ISIC_0029848,nv,nv,0.00073748827,1.253657e-05,auto_accept,low_unc_low_risk
ISIC_0027323,nv,nv,0.2731217,0.17339271,auto_accept,low_unc_low_risk
ISIC_0030209,nv,nv,0.11186308,0.070031635,auto_accept,low_unc_low_risk
ISIC_0025229,nv,nv,0.0010437965,2.0091105e-05,auto_accept,low_unc_low_risk
ISIC_0029863,nv,nv,0.00082618,1.5066531e-05,auto_accept,low_unc_low_risk
ISIC_0032195,nv,nv,0.11486685,0.09945902,auto_accept,low_unc_low_risk
ISIC_0029464,bkl,bkl,0.13201499,0.13249046,auto_accept,low_unc_low_risk
ISIC_0027730,nv,nv,0.0011460781,0.000106703745,auto_accept,low_unc_low_risk
ISIC_0029469,nv,nv,0.16292953,7.334767e-07,auto_accept,low_unc_low_risk
ISIC_0033660,bkl,bkl,0.01970476,0.0021039587,auto_accept,low_unc_low_risk
ISIC_0029180,nv,nv,0.0019670129,5.4337085e-07,auto_accept,low_unc_low_risk
ISIC_0027216,df,df,2.4557114e-05,1.5352365e-05,auto_accept,low_unc_low_risk
ISIC_0026973,nv,nv,0.00020116568,1.7832277e-05,auto_accept,low_unc_low_risk
ISIC_0032331,mel,mel,0.33906746,0.43636593,auto_accept,low_unc_low_risk
ISIC_0025456,nv,nv,0.013195753,0.0098738875,auto_accept,low_unc_low_risk
ISIC_0025870,nv,nv,0.032723248,0.020664036,auto_accept,low_unc_low_risk
ISIC_0027133,nv,nv,0.30685836,0.006819238,auto_accept,low_unc_low_risk
ISIC_0031066,nv,nv,0.0026944876,0.00040016032,auto_accept,low_unc_low_risk
ISIC_0025208,nv,nv,0.005225599,0.00060310843,auto_accept,low_unc_low_risk
ISIC_0024589,nv,nv,0.0042390227,3.953518e-06,auto_accept,low_unc_low_risk
ISIC_0028956,nv,nv,0.034290552,2.5374333e-05,auto_accept,low_unc_low_risk
ISIC_0030633,nv,nv,0.0051810145,0.0031276513,auto_accept,low_unc_low_risk
ISIC_0033535,nv,nv,0.22528136,0.21647689,auto_accept,low_unc_low_risk
ISIC_0025782,nv,nv,0.028129399,0.0036289296,auto_accept,low_unc_low_risk
ISIC_0030286,nv,nv,0.00061130524,2.4725501e-05,auto_accept,low_unc_low_risk
ISIC_0033971,nv,nv,0.008825779,0.0032459083,auto_accept,low_unc_low_risk
ISIC_0031684,nv,nv,0.47850382,5.8780366e-05,escalate,high_unc_low_risk
ISIC_0033980,mel,nv,0.3851229,0.33024392,escalate,high_unc_low_risk
ISIC_0030090,nv,nv,0.00040251017,9.354176e-05,auto_accept,low_unc_low_risk
ISIC_0029451,nv,nv,0.068288445,0.015852509,auto_accept,low_unc_low_risk
ISIC_0027409,nv,nv,0.0012299418,4.48951e-05,auto_accept,low_unc_low_risk
ISIC_0030149,nv,nv,0.0004912615,6.9414587e-06,auto_accept,low_unc_low_risk
ISIC_0033326,nv,nv,0.060761273,0.05950147,auto_accept,low_unc_low_risk
ISIC_0028538,nv,nv,0.0012940168,1.2846767e-05,auto_accept,low_unc_low_risk
ISIC_0031104,nv,nv,0.0020411015,9.368467e-06,auto_accept,low_unc_low_risk
ISIC_0026675,bkl,bkl,0.03716892,9.1827285e-05,auto_accept,low_unc_low_risk
ISIC_0031777,nv,nv,0.00023370981,5.1013638e-05,auto_accept,low_unc_low_risk
ISIC_0032402,nv,nv,0.0016220808,0.00084530906,auto_accept,low_unc_low_risk
ISIC_0024838,nv,nv,0.0010360479,9.2137825e-06,auto_accept,low_unc_low_risk
ISIC_0031855,nv,nv,0.013843656,9.735104e-06,auto_accept,low_unc_low_risk
ISIC_0029378,nv,nv,0.0009609461,1.8431075e-06,auto_accept,low_unc_low_risk
ISIC_0032367,nv,nv,0.0019805431,0.00025801233,auto_accept,low_unc_low_risk
ISIC_0028745,nv,nv,0.06428641,5.815257e-05,auto_accept,low_unc_low_risk
ISIC_0026099,nv,nv,0.011966288,0.004586765,auto_accept,low_unc_low_risk
ISIC_0032073,nv,nv,0.0012533665,1.9668256e-05,auto_accept,low_unc_low_risk
ISIC_0027268,nv,nv,0.037992954,5.776187e-07,auto_accept,low_unc_low_risk
ISIC_0030720,nv,nv,0.00016367435,6.808036e-07,auto_accept,low_unc_low_risk
ISIC_0024942,nv,nv,0.003509581,0.0006906159,auto_accept,low_unc_low_risk
ISIC_0031493,nv,nv,0.008760393,9.0121475e-06,auto_accept,low_unc_low_risk
ISIC_0030728,nv,nv,0.0008712411,0.00016985345,auto_accept,low_unc_low_risk
ISIC_0026396,nv,nv,0.008094788,5.0586605e-05,auto_accept,low_unc_low_risk
ISIC_0030343,nv,nv,0.010149002,0.0024877505,auto_accept,low_unc_low_risk
ISIC_0029808,nv,nv,0.00090646744,0.0001944774,auto_accept,low_unc_low_risk
ISIC_0030944,nv,nv,0.0032833219,1.1650971e-05,auto_accept,low_unc_low_risk
ISIC_0033067,nv,nv,0.004472196,0.00020108468,auto_accept,low_unc_low_risk
ISIC_0026303,nv,nv,0.012235343,0.0034055193,auto_accept,low_unc_low_risk
ISIC_0025308,nv,nv,0.0057690144,2.742382e-05,auto_accept,low_unc_low_risk
ISIC_0028090,nv,nv,0.0021275282,0.00019639451,auto_accept,low_unc_low_risk
ISIC_0025859,nv,nv,0.0011089444,3.9674896e-06,auto_accept,low_unc_low_risk
ISIC_0031384,bcc,bcc,0.105211735,0.57875764,auto_accept,low_unc_low_risk
ISIC_0024355,nv,nv,0.0018007159,0.00037180487,auto_accept,low_unc_low_risk
ISIC_0027479,nv,nv,0.0021612048,6.427649e-05,auto_accept,low_unc_low_risk
ISIC_0032395,bkl,bkl,0.18971652,0.62846863,auto_accept,low_unc_low_risk
ISIC_0025448,nv,nv,0.00018650293,2.0402852e-06,auto_accept,low_unc_low_risk
ISIC_0026962,nv,nv,0.0030049086,2.928257e-06,auto_accept,low_unc_low_risk
ISIC_0029767,nv,nv,0.0035158396,1.618681e-05,auto_accept,low_unc_low_risk
ISIC_0033777,nv,nv,0.092614174,0.010819347,auto_accept,low_unc_low_risk
ISIC_0029439,vasc,vasc,3.8146973e-06,0.00041538366,auto_accept,low_unc_low_risk
ISIC_0033656,nv,nv,0.0045434237,6.684497e-05,auto_accept,low_unc_low_risk
ISIC_0024385,nv,nv,0.017979026,0.0022835438,auto_accept,low_unc_low_risk
ISIC_0027656,nv,nv,0.0037805438,5.2747408e-05,auto_accept,low_unc_low_risk
ISIC_0031645,nv,nv,0.0007587671,7.9147096e-05,auto_accept,low_unc_low_risk
ISIC_0026360,mel,mel,0.00050890446,0.9989801,auto_accept,low_unc_low_risk
ISIC_0027906,nv,nv,0.0024346113,0.00026861264,auto_accept,low_unc_low_risk
ISIC_0031595,nv,nv,0.021009445,0.010354632,auto_accept,low_unc_low_risk
ISIC_0025624,nv,nv,0.005737245,3.7784757e-05,auto_accept,low_unc_low_risk
ISIC_0032936,mel,nv,0.005638957,0.0005502268,auto_accept,low_unc_low_risk
ISIC_0026271,nv,nv,0.048600614,0.000117216514,auto_accept,low_unc_low_risk
ISIC_0030224,nv,nv,0.0068520904,0.00028206955,auto_accept,low_unc_low_risk
ISIC_0032317,nv,nv,0.00024420023,2.8087554e-06,auto_accept,low_unc_low_risk
ISIC_0026719,nv,nv,0.00029689074,0.0002278364,auto_accept,low_unc_low_risk
ISIC_0029239,nv,nv,0.0028581023,1.1676132e-05,auto_accept,low_unc_low_risk
ISIC_0025300,nv,nv,0.16129553,0.09034166,auto_accept,low_unc_low_risk
ISIC_0027560,mel,mel,0.009307921,0.9709042,auto_accept,low_unc_low_risk
ISIC_0031757,nv,nv,0.0021633506,0.0004857954,auto_accept,low_unc_low_risk
ISIC_0032871,nv,nv,0.49944693,0.4159298,escalate,high_unc_low_risk
ISIC_0028904,nv,nv,0.00013232231,2.525903e-07,auto_accept,low_unc_low_risk
ISIC_0025553,nv,bcc,0.2907191,0.37701735,auto_accept,low_unc_low_risk
ISIC_0031423,nv,nv,0.005035162,0.00014363781,auto_accept,low_unc_low_risk
ISIC_0028259,nv,nv,0.04922414,8.6774926e-05,auto_accept,low_unc_low_risk
ISIC_0027315,nv,nv,0.1461972,0.0045652166,auto_accept,low_unc_low_risk
ISIC_0025407,nv,nv,0.0022598505,3.5224887e-06,auto_accept,low_unc_low_risk
ISIC_0028969,mel,bkl,0.14149278,0.06357271,auto_accept,low_unc_low_risk
ISIC_0031658,nv,nv,0.00024992228,7.3267815e-06,auto_accept,low_unc_low_risk
ISIC_0033580,nv,nv,0.02083242,0.004872955,auto_accept,low_unc_low_risk
ISIC_0027964,mel,mel,0.07167053,0.9951711,auto_accept,low_unc_low_risk
ISIC_0025145,mel,nv,0.07765478,0.039809622,auto_accept,low_unc_low_risk
ISIC_0028322,nv,nv,0.009663582,0.0004457741,auto_accept,low_unc_low_risk
ISIC_0027160,nv,nv,0.0023801923,8.5075095e-05,auto_accept,low_unc_low_risk
ISIC_0028917,nv,nv,0.0017730594,0.00048776297,auto_accept,low_unc_low_risk
ISIC_0030374,nv,nv,0.00051391125,1.7028548e-05,auto_accept,low_unc_low_risk
ISIC_0025263,nv,nv,0.0005661845,7.058338e-05,auto_accept,low_unc_low_risk
ISIC_0029614,nv,nv,0.013765931,0.0048643234,auto_accept,low_unc_low_risk
ISIC_0024449,mel,mel,0.0638901,0.80513275,auto_accept,low_unc_low_risk
ISIC_0030625,nv,nv,0.045735836,0.042787652,auto_accept,low_unc_low_risk
ISIC_0026185,nv,nv,0.004236698,0.00036079597,auto_accept,low_unc_low_risk
ISIC_0031830,nv,nv,0.008356929,0.00028718245,auto_accept,low_unc_low_risk
ISIC_0030013,nv,nv,7.2956085e-05,8.510317e-06,auto_accept,low_unc_low_risk
ISIC_0026763,nv,nv,0.0015551448,4.2955966e-05,auto_accept,low_unc_low_risk
ISIC_0033234,nv,nv,0.096045256,0.050119888,auto_accept,low_unc_low_risk
ISIC_0025917,nv,nv,0.00026732683,4.065343e-07,auto_accept,low_unc_low_risk
ISIC_0024437,nv,nv,0.0867303,0.008802663,auto_accept,low_unc_low_risk
ISIC_0031683,nv,nv,0.00021415949,4.8492902e-06,auto_accept,low_unc_low_risk
ISIC_0026906,nv,nv,0.018120408,0.00023177789,auto_accept,low_unc_low_risk
ISIC_0026331,nv,nv,0.0064491034,3.1743526e-05,auto_accept,low_unc_low_risk
ISIC_0025060,nv,nv,0.0006079674,1.2411071e-05,auto_accept,low_unc_low_risk
ISIC_0030276,bkl,bkl,0.052233517,0.22915162,auto_accept,low_unc_low_risk
ISIC_0032272,nv,nv,0.062309027,5.5618348e-05,auto_accept,low_unc_low_risk
ISIC_0025499,nv,nv,0.07532489,0.013967381,auto_accept,low_unc_low_risk
ISIC_0029385,nv,nv,0.010570049,2.7118114e-05,auto_accept,low_unc_low_risk
ISIC_0031463,nv,nv,0.0006837845,2.6301107e-06,auto_accept,low_unc_low_risk
ISIC_0031174,nv,nv,0.017946124,1.23218415e-05,auto_accept,low_unc_low_risk
ISIC_0027114,nv,nv,0.05303341,0.048893757,auto_accept,low_unc_low_risk
ISIC_0027387,mel,nv,0.005038023,0.0029780946,auto_accept,low_unc_low_risk
ISIC_0032691,nv,nv,0.075080454,0.031083787,auto_accept,low_unc_low_risk
ISIC_0030957,nv,nv,0.02106154,0.00027666023,auto_accept,low_unc_low_risk
ISIC_0032263,nv,nv,0.00020593405,9.578129e-06,auto_accept,low_unc_low_risk
ISIC_0028313,nv,nv,7.212162e-05,4.719534e-06,auto_accept,low_unc_low_risk
ISIC_0033135,vasc,vasc,0.016885161,0.17418437,auto_accept,low_unc_low_risk
ISIC_0024407,nv,nv,0.02768755,0.0013010225,auto_accept,low_unc_low_risk
ISIC_0024774,bkl,bkl,0.003901124,0.010454297,auto_accept,low_unc_low_risk
ISIC_0025973,bkl,bkl,0.219078,0.3743233,auto_accept,low_unc_low_risk
ISIC_0030176,nv,nv,0.056090236,0.05642805,auto_accept,low_unc_low_risk
ISIC_0025693,bkl,bkl,0.16772002,0.6489019,auto_accept,low_unc_low_risk
ISIC_0029847,bcc,bcc,0.1895132,0.922257,auto_accept,low_unc_low_risk
ISIC_0030428,nv,nv,0.0019513369,3.237116e-05,auto_accept,low_unc_low_risk
ISIC_0033102,nv,mel,0.024127483,0.9599594,auto_accept,low_unc_low_risk
ISIC_0029922,nv,nv,0.00084626675,2.5974268e-07,auto_accept,low_unc_low_risk
ISIC_0026631,bkl,mel,0.07983881,0.94557065,auto_accept,low_unc_low_risk
ISIC_0029291,bkl,bkl,0.23819482,0.19707103,auto_accept,low_unc_low_risk
ISIC_0032483,nv,nv,0.0006119013,2.977033e-05,auto_accept,low_unc_low_risk
ISIC_0034016,nv,nv,0.076021135,0.048766896,auto_accept,low_unc_low_risk
ISIC_0027919,nv,nv,0.0026163459,2.6651007e-06,auto_accept,low_unc_low_risk
ISIC_0024429,nv,nv,0.013762474,0.005054895,auto_accept,low_unc_low_risk
ISIC_0027584,bkl,bkl,0.08345777,0.067656025,auto_accept,low_unc_low_risk
ISIC_0028648,nv,nv,0.12048334,0.07813163,auto_accept,low_unc_low_risk
ISIC_0029274,nv,nv,0.02299589,5.906631e-05,auto_accept,low_unc_low_risk
ISIC_0033877,nv,nv,0.019220531,0.00014595396,auto_accept,low_unc_low_risk
ISIC_0027807,nv,nv,0.0018926859,3.039141e-07,auto_accept,low_unc_low_risk
ISIC_0024312,bkl,mel,0.07231504,0.9664965,auto_accept,low_unc_low_risk
ISIC_0033608,vasc,vasc,1.1920929e-07,6.783125e-06,auto_accept,low_unc_low_risk
ISIC_0024526,nv,nv,0.0027677417,7.462448e-07,auto_accept,low_unc_low_risk
ISIC_0032285,nv,nv,0.0016041398,3.4243796e-05,auto_accept,low_unc_low_risk
ISIC_0028733,nv,nv,0.0012210011,0.000137202,auto_accept,low_unc_low_risk
ISIC_0026288,nv,nv,0.09638685,0.005922034,auto_accept,low_unc_low_risk
ISIC_0030958,nv,nv,0.00571388,4.0776158e-05,auto_accept,low_unc_low_risk
ISIC_0033133,nv,mel,0.05984956,0.91469306,auto_accept,low_unc_low_risk
ISIC_0032982,mel,nv,0.016055822,0.00841687,auto_accept,low_unc_low_risk
ISIC_0025292,bkl,bkl,0.0036539435,0.013510536,auto_accept,low_unc_low_risk
ISIC_0030781,nv,nv,0.0023539662,8.8778004e-05,auto_accept,low_unc_low_risk
ISIC_0028769,nv,nv,0.00062566996,1.9941274e-07,auto_accept,low_unc_low_risk
ISIC_0026931,nv,nv,0.00066936016,4.0506103e-07,auto_accept,low_unc_low_risk
ISIC_0030320,nv,nv,0.0014495254,5.769774e-06,auto_accept,low_unc_low_risk
ISIC_0025866,nv,nv,0.0045624375,0.0021568534,auto_accept,low_unc_low_risk
ISIC_0029156,nv,nv,0.00038087368,3.6945636e-05,auto_accept,low_unc_low_risk
ISIC_0030154,nv,nv,0.00017094612,2.8255194e-05,auto_accept,low_unc_low_risk
ISIC_0025256,nv,nv,0.02684158,0.000110702764,auto_accept,low_unc_low_risk
ISIC_0032451,nv,nv,0.059056222,0.00027235603,auto_accept,low_unc_low_risk
ISIC_0033698,nv,nv,0.0013615489,0.00032915836,auto_accept,low_unc_low_risk
ISIC_0034211,mel,mel,0.038262844,0.9232817,auto_accept,low_unc_low_risk
ISIC_0033294,nv,nv,0.442787,0.42822874,escalate,high_unc_low_risk
ISIC_0029742,vasc,vasc,7.70092e-05,0.00017019454,auto_accept,low_unc_low_risk
ISIC_0027507,mel,mel,0.15467936,0.8094476,auto_accept,low_unc_low_risk
ISIC_0028469,nv,nv,0.0008892417,9.543275e-05,auto_accept,low_unc_low_risk
ISIC_0030043,nv,nv,0.0052847266,1.3139958e-06,auto_accept,low_unc_low_risk
ISIC_0025397,nv,nv,0.0023628473,3.811826e-05,auto_accept,low_unc_low_risk
ISIC_0030221,nv,nv,0.3355158,0.004003095,auto_accept,low_unc_low_risk
ISIC_0032779,nv,nv,0.0011538267,0.00052200706,auto_accept,low_unc_low_risk
ISIC_0032249,bkl,bkl,0.28971207,0.00036303056,auto_accept,low_unc_low_risk
ISIC_0028785,nv,nv,0.00421077,0.00021447301,auto_accept,low_unc_low_risk
ISIC_0033149,nv,nv,0.11062509,0.11302397,auto_accept,low_unc_low_risk
ISIC_0029594,nv,nv,2.9087067e-05,2.711079e-06,auto_accept,low_unc_low_risk
ISIC_0027418,nv,nv,0.004696965,0.0019224351,auto_accept,low_unc_low_risk
ISIC_0026336,vasc,vasc,4.541874e-05,0.005320517,auto_accept,low_unc_low_risk
ISIC_0025705,nv,nv,0.007230997,0.003766652,auto_accept,low_unc_low_risk
ISIC_0024478,nv,nv,0.009846628,0.001572591,auto_accept,low_unc_low_risk
ISIC_0027177,nv,nv,0.008768141,6.877468e-05,auto_accept,low_unc_low_risk
ISIC_0024892,nv,nv,0.04049474,0.025690248,auto_accept,low_unc_low_risk
ISIC_0031627,nv,nv,0.00033676624,3.093614e-05,auto_accept,low_unc_low_risk
ISIC_0027614,nv,nv,0.04993838,0.0307244,auto_accept,low_unc_low_risk
ISIC_0032060,nv,nv,0.008809209,0.0003367177,auto_accept,low_unc_low_risk
ISIC_0025323,nv,nv,0.17763335,0.12170508,auto_accept,low_unc_low_risk
ISIC_0032516,nv,nv,0.038606405,0.012054557,auto_accept,low_unc_low_risk
ISIC_0026831,bcc,bcc,0.0037943125,0.97448516,auto_accept,low_unc_low_risk
ISIC_0033386,nv,nv,0.057637453,0.0064257155,auto_accept,low_unc_low_risk
ISIC_0027236,nv,nv,0.044763625,0.02517237,auto_accept,low_unc_low_risk
ISIC_0029976,nv,nv,0.112095416,0.002407725,auto_accept,low_unc_low_risk
ISIC_0030130,bkl,mel,0.07197696,0.9750437,auto_accept,low_unc_low_risk
ISIC_0031641,nv,nv,0.0013571382,3.4243262e-06,auto_accept,low_unc_low_risk
ISIC_0033824,nv,nv,0.12628722,0.063027106,auto_accept,low_unc_low_risk
ISIC_0029821,nv,nv,0.001916647,0.00028339282,auto_accept,low_unc_low_risk
ISIC_0027078,nv,nv,0.011947155,0.000107086606,auto_accept,low_unc_low_risk
ISIC_0031065,vasc,vasc,6.0796738e-06,0.0002925207,auto_accept,low_unc_low_risk
ISIC_0030575,mel,nv,0.14362097,0.08643716,auto_accept,low_unc_low_risk
ISIC_0031983,nv,nv,0.03142053,0.00062193826,auto_accept,low_unc_low_risk
ISIC_0033684,nv,nv,0.06710869,0.002290309,auto_accept,low_unc_low_risk
ISIC_0030502,nv,nv,0.08496529,0.0009022914,auto_accept,low_unc_low_risk
ISIC_0030999,nv,nv,0.00011444092,6.0014568e-06,auto_accept,low_unc_low_risk
ISIC_0029599,nv,nv,0.00010764599,5.3193963e-07,auto_accept,low_unc_low_risk
ISIC_0026707,nv,nv,0.00027793646,8.532566e-06,auto_accept,low_unc_low_risk
ISIC_0034024,bkl,bkl,0.1273343,0.012450522,auto_accept,low_unc_low_risk
ISIC_0027048,nv,nv,0.00047659874,0.0002352531,auto_accept,low_unc_low_risk
ISIC_0032350,nv,nv,0.005486965,0.000887854,auto_accept,low_unc_low_risk
ISIC_0030246,mel,mel,0.074885786,0.8688363,auto_accept,low_unc_low_risk
ISIC_0029248,df,df,9.059906e-06,8.221577e-06,auto_accept,low_unc_low_risk
ISIC_0025388,bkl,bkl,0.007835746,0.00015100781,auto_accept,low_unc_low_risk
ISIC_0033388,nv,nv,0.49464792,0.00029453845,escalate,high_unc_low_risk
ISIC_0026429,nv,bcc,0.013449192,0.8039279,auto_accept,low_unc_low_risk
ISIC_0033295,akiec,akiec,0.0029416084,0.9952651,auto_accept,low_unc_low_risk
ISIC_0030962,nv,nv,0.0027558804,1.3946776e-05,auto_accept,low_unc_low_risk
ISIC_0031551,nv,nv,9.6440315e-05,7.7140385e-06,auto_accept,low_unc_low_risk
ISIC_0033038,mel,mel,0.013803661,0.9655289,auto_accept,low_unc_low_risk
ISIC_0031843,nv,nv,0.00013136864,2.6963027e-05,auto_accept,low_unc_low_risk
ISIC_0029551,nv,nv,0.0010340214,7.977671e-05,auto_accept,low_unc_low_risk
ISIC_0024523,nv,nv,0.0034709573,5.745188e-05,auto_accept,low_unc_low_risk
ISIC_0024670,nv,nv,0.00035762787,6.967024e-05,auto_accept,low_unc_low_risk
ISIC_0029826,nv,nv,0.26063907,0.14044,auto_accept,low_unc_low_risk
ISIC_0032239,nv,nv,0.00065022707,3.6188943e-05,auto_accept,low_unc_low_risk
ISIC_0027912,nv,nv,0.0013241172,2.6319989e-05,auto_accept,low_unc_low_risk
ISIC_0030117,nv,nv,0.046542823,0.029547375,auto_accept,low_unc_low_risk
ISIC_0026112,nv,nv,0.0012173057,1.6498161e-05,auto_accept,low_unc_low_risk
ISIC_0027901,nv,nv,0.00075531006,3.3925087e-05,auto_accept,low_unc_low_risk
ISIC_0033726,nv,nv,0.0114991665,0.0015278384,auto_accept,low_unc_low_risk
ISIC_0028300,nv,nv,0.011832297,3.660287e-05,auto_accept,low_unc_low_risk
ISIC_0025027,nv,bcc,0.052951276,0.94695956,auto_accept,low_unc_low_risk
ISIC_0027104,nv,nv,0.002338767,5.4988137e-05,auto_accept,low_unc_low_risk
ISIC_0028549,nv,nv,0.0010697246,3.6616589e-06,auto_accept,low_unc_low_risk
ISIC_0027541,nv,nv,0.00015163422,2.043501e-07,auto_accept,low_unc_low_risk
ISIC_0031252,nv,nv,0.0046360493,0.00013976316,auto_accept,low_unc_low_risk
ISIC_0024315,mel,mel,0.18295729,0.75907815,auto_accept,low_unc_low_risk
ISIC_0031974,nv,nv,0.0039891005,0.00027377752,auto_accept,low_unc_low_risk
ISIC_0028182,nv,nv,0.009154618,1.3519102e-05,auto_accept,low_unc_low_risk
ISIC_0032217,nv,nv,0.0011088252,8.9137095e-05,auto_accept,low_unc_low_risk
ISIC_0026938,nv,nv,0.03907305,0.0020874795,auto_accept,low_unc_low_risk
ISIC_0025430,nv,nv,0.019223511,7.38064e-06,auto_accept,low_unc_low_risk
ISIC_0034256,mel,mel,0.101215065,0.9988819,auto_accept,low_unc_low_risk
ISIC_0025604,nv,nv,0.00020176172,2.2018514e-06,auto_accept,low_unc_low_risk
ISIC_0029569,nv,nv,0.2334587,3.1964908e-06,auto_accept,low_unc_low_risk
ISIC_0025787,nv,nv,0.0030487776,0.00012045697,auto_accept,low_unc_low_risk
ISIC_0026748,nv,nv,0.017153561,0.0042874017,auto_accept,low_unc_low_risk
ISIC_0027990,bkl,bkl,0.004086435,0.007385109,auto_accept,low_unc_low_risk
ISIC_0030782,bcc,nv,0.04437369,0.08165643,auto_accept,low_unc_low_risk
ISIC_0024779,nv,nv,0.0007060766,3.784931e-05,auto_accept,low_unc_low_risk
ISIC_0028778,nv,nv,0.006675422,4.5937304e-06,auto_accept,low_unc_low_risk
ISIC_0031046,nv,nv,0.0011665225,0.00031961742,auto_accept,low_unc_low_risk
ISIC_0031514,nv,nv,0.025204003,7.982084e-05,auto_accept,low_unc_low_risk
ISIC_0026164,nv,nv,0.0016707778,0.00034910016,auto_accept,low_unc_low_risk
ISIC_0027726,nv,nv,0.018898308,7.878422e-05,auto_accept,low_unc_low_risk
ISIC_0029152,nv,nv,0.025343955,0.032030743,auto_accept,low_unc_low_risk
ISIC_0032577,nv,mel,0.054365754,0.9315547,auto_accept,low_unc_low_risk
ISIC_0027040,nv,nv,0.00034058094,2.8669825e-05,auto_accept,low_unc_low_risk
ISIC_0029112,nv,nv,0.0023635626,0.00048093448,auto_accept,low_unc_low_risk
ISIC_0032104,nv,nv,0.00036096573,3.743078e-05,auto_accept,low_unc_low_risk
ISIC_0031805,nv,nv,0.001582861,4.860504e-06,auto_accept,low_unc_low_risk
ISIC_0034296,bkl,bkl,0.0051516294,0.0016144457,auto_accept,low_unc_low_risk
ISIC_0028074,nv,nv,0.0015100241,6.7827505e-06,auto_accept,low_unc_low_risk
ISIC_0029565,nv,nv,0.00025898218,1.5809193e-05,auto_accept,low_unc_low_risk
ISIC_0030512,mel,nv,0.024097025,0.014872701,auto_accept,low_unc_low_risk
ISIC_0025609,nv,nv,0.012419105,0.00020392452,auto_accept,low_unc_low_risk
ISIC_0026785,nv,nv,0.00044077635,2.8678319e-06,auto_accept,low_unc_low_risk
ISIC_0030742,nv,nv,0.040926397,0.013130036,auto_accept,low_unc_low_risk
ISIC_0030842,nv,nv,0.0018006563,0.0010911209,auto_accept,low_unc_low_risk
ISIC_0026497,nv,mel,0.42473954,0.50005925,escalate,high_unc_low_risk
ISIC_0025349,nv,nv,0.00046753883,1.5656462e-06,auto_accept,low_unc_low_risk
ISIC_0024701,mel,nv,0.015519679,0.004349657,auto_accept,low_unc_low_risk
ISIC_0031525,nv,nv,0.0015547872,0.0038123168,auto_accept,low_unc_low_risk
ISIC_0029657,nv,nv,0.012940764,1.0809595e-06,auto_accept,low_unc_low_risk
ISIC_0031097,nv,nv,0.010879993,0.00041097877,auto_accept,low_unc_low_risk
ISIC_0029069,nv,nv,0.0014619827,0.0001190263,auto_accept,low_unc_low_risk
ISIC_0030426,nv,bkl,0.4502188,0.00054563116,escalate,high_unc_low_risk
ISIC_0030862,nv,nv,0.13201767,0.04706502,auto_accept,low_unc_low_risk
ISIC_0032242,nv,nv,0.09928447,0.065298565,auto_accept,low_unc_low_risk
ISIC_0027927,nv,nv,4.6372414e-05,1.3572183e-07,auto_accept,low_unc_low_risk
ISIC_0024835,nv,nv,0.0020984411,0.00013351215,auto_accept,low_unc_low_risk
ISIC_0026537,nv,nv,0.051653147,0.0014542366,auto_accept,low_unc_low_risk
ISIC_0031739,nv,nv,0.0019454956,0.00084155344,auto_accept,low_unc_low_risk
ISIC_0030664,nv,nv,0.004077792,0.00024259616,auto_accept,low_unc_low_risk
ISIC_0030520,nv,nv,0.035348356,0.0030329535,auto_accept,low_unc_low_risk
ISIC_0024967,mel,mel,0.0012824535,0.99861085,auto_accept,low_unc_low_risk
ISIC_0025884,nv,nv,0.006995499,2.9575458e-06,auto_accept,low_unc_low_risk
ISIC_0031697,bcc,bcc,0.05614811,0.9750923,auto_accept,low_unc_low_risk
ISIC_0026548,nv,nv,0.062169492,4.7255642e-05,auto_accept,low_unc_low_risk
ISIC_0024704,nv,nv,0.013759792,0.0042414684,auto_accept,low_unc_low_risk
ISIC_0028846,bkl,bkl,0.009336233,0.044634633,auto_accept,low_unc_low_risk
ISIC_0024797,nv,nv,0.0001077652,1.0508991e-06,auto_accept,low_unc_low_risk
ISIC_0031341,nv,nv,0.0038943887,2.5023774e-05,auto_accept,low_unc_low_risk
ISIC_0030086,nv,nv,0.002267003,0.00013022962,auto_accept,low_unc_low_risk
ISIC_0026677,nv,nv,0.001165092,3.2699303e-05,auto_accept,low_unc_low_risk
ISIC_0029136,nv,nv,0.0006080866,1.7101034e-05,auto_accept,low_unc_low_risk
ISIC_0028455,nv,nv,0.11179495,4.9551376e-09,auto_accept,low_unc_low_risk
ISIC_0027221,nv,nv,0.0026810765,2.9079947e-05,auto_accept,low_unc_low_risk
ISIC_0029948,nv,nv,0.013198972,0.000120643315,auto_accept,low_unc_low_risk
ISIC_0032234,nv,nv,0.000841856,6.1348946e-06,auto_accept,low_unc_low_risk
ISIC_0025139,nv,nv,0.0037500262,1.6142158e-08,auto_accept,low_unc_low_risk
ISIC_0029253,nv,nv,0.016892314,4.932085e-05,auto_accept,low_unc_low_risk
ISIC_0027034,nv,nv,0.016290903,0.007199736,auto_accept,low_unc_low_risk
ISIC_0028050,bcc,bcc,0.032961786,0.99281424,auto_accept,low_unc_low_risk
ISIC_0027317,nv,nv,0.00025576353,1.2020717e-05,auto_accept,low_unc_low_risk
ISIC_0028309,bkl,bkl,0.4482776,0.016983343,escalate,high_unc_low_risk
ISIC_0025120,nv,nv,0.061776996,0.049177654,auto_accept,low_unc_low_risk
ISIC_0033690,nv,nv,0.0012007952,0.00014819781,auto_accept,low_unc_low_risk
ISIC_0029618,nv,nv,0.0057091713,0.0012198979,auto_accept,low_unc_low_risk
ISIC_0032447,mel,nv,0.49491674,0.5467321,escalate,high_unc_low_risk
ISIC_0034190,nv,nv,0.091863275,0.077429965,auto_accept,low_unc_low_risk
ISIC_0025998,nv,nv,0.000890553,0.00013176916,auto_accept,low_unc_low_risk
ISIC_0030570,nv,nv,0.00080031157,5.789892e-05,auto_accept,low_unc_low_risk
ISIC_0024487,nv,nv,0.0005248189,5.5290584e-05,auto_accept,low_unc_low_risk
ISIC_0031276,vasc,vasc,0.00014090538,0.00032498254,auto_accept,low_unc_low_risk
ISIC_0030218,nv,nv,0.0016533136,0.00083866756,auto_accept,low_unc_low_risk
ISIC_0024327,nv,nv,0.012084007,7.754295e-06,auto_accept,low_unc_low_risk
ISIC_0027091,nv,nv,0.23258227,0.15912248,auto_accept,low_unc_low_risk
ISIC_0032463,bkl,bkl,0.04453057,0.034122147,auto_accept,low_unc_low_risk
ISIC_0032884,nv,nv,0.29341894,0.19678305,auto_accept,low_unc_low_risk
ISIC_0030896,nv,nv,0.008956313,0.0012208336,auto_accept,low_unc_low_risk
ISIC_0026407,nv,nv,0.016930103,3.9031856e-05,auto_accept,low_unc_low_risk
ISIC_0031851,bkl,bkl,0.005984843,0.018039118,auto_accept,low_unc_low_risk
ISIC_0025004,nv,nv,0.0006701946,0.00026580621,auto_accept,low_unc_low_risk
ISIC_0032614,vasc,vasc,5.9604645e-07,0.0007284446,auto_accept,low_unc_low_risk
ISIC_0034046,mel,mel,0.014640689,0.9721761,auto_accept,low_unc_low_risk
ISIC_0025320,nv,nv,0.019667625,0.0021654323,auto_accept,low_unc_low_risk
ISIC_0031237,nv,nv,0.0018184185,3.5615605e-05,auto_accept,low_unc_low_risk
ISIC_0032644,nv,bkl,0.40090537,0.00046300082,escalate,high_unc_low_risk
ISIC_0025058,nv,nv,0.0012896061,4.3170274e-07,auto_accept,low_unc_low_risk
ISIC_0030237,nv,nv,0.0033826232,1.2909132e-05,auto_accept,low_unc_low_risk
ISIC_0027054,nv,nv,0.0094537735,0.0009459885,auto_accept,low_unc_low_risk
ISIC_0030459,bkl,bkl,0.048274994,0.064828075,auto_accept,low_unc_low_risk
ISIC_0025910,nv,nv,0.00076436996,4.3730786e-05,auto_accept,low_unc_low_risk
ISIC_0025857,nv,nv,0.0005979538,3.623328e-05,auto_accept,low_unc_low_risk
ISIC_0030302,nv,nv,0.0017065406,1.4459616e-05,auto_accept,low_unc_low_risk
ISIC_0031107,nv,nv,0.025454164,0.0028323908,auto_accept,low_unc_low_risk
ISIC_0031301,nv,bkl,0.012792289,0.04166849,auto_accept,low_unc_low_risk
ISIC_0030928,nv,nv,0.0044199824,2.5319028e-05,auto_accept,low_unc_low_risk
ISIC_0030078,nv,nv,0.0017018914,7.247598e-06,auto_accept,low_unc_low_risk
ISIC_0029144,nv,nv,0.0007084608,1.0092163e-05,auto_accept,low_unc_low_risk
ISIC_0032975,mel,mel,0.4959064,0.43660298,escalate,high_unc_low_risk
ISIC_0027782,nv,nv,0.0019501448,0.00045936834,auto_accept,low_unc_low_risk
ISIC_0025056,nv,nv,0.00088232756,8.544829e-08,auto_accept,low_unc_low_risk
ISIC_0028119,nv,nv,0.001840651,0.0006669378,auto_accept,low_unc_low_risk
ISIC_0025387,bkl,bkl,0.0022814274,0.00055930327,auto_accept,low_unc_low_risk
ISIC_0032010,nv,nv,0.001685977,0.00011870667,auto_accept,low_unc_low_risk
ISIC_0032267,nv,nv,0.003199339,4.6999813e-07,auto_accept,low_unc_low_risk
ISIC_0025377,nv,nv,0.010765135,2.0490388e-05,auto_accept,low_unc_low_risk
ISIC_0031845,nv,nv,0.0072386265,2.0009283e-07,auto_accept,low_unc_low_risk
ISIC_0026541,nv,nv,0.18718928,0.10697591,auto_accept,low_unc_low_risk
ISIC_0034283,bkl,bkl,0.059720874,0.0009897453,auto_accept,low_unc_low_risk
ISIC_0028828,nv,nv,0.0115891695,0.0062232446,auto_accept,low_unc_low_risk
ISIC_0030447,nv,nv,0.010515153,0.0024845304,auto_accept,low_unc_low_risk
ISIC_0030634,nv,nv,0.00033986568,7.3876686e-06,auto_accept,low_unc_low_risk
ISIC_0024380,nv,nv,0.012953877,0.0050987876,auto_accept,low_unc_low_risk
ISIC_0034082,nv,nv,0.0037771463,0.0013496251,auto_accept,low_unc_low_risk
ISIC_0030500,nv,nv,0.00021320581,9.299375e-06,auto_accept,low_unc_low_risk
ISIC_0032943,nv,nv,0.0030664206,0.00080443424,auto_accept,low_unc_low_risk
ISIC_0029434,mel,mel,0.031160474,0.94152033,auto_accept,low_unc_low_risk
ISIC_0031540,nv,nv,0.0006557107,2.6415175e-06,auto_accept,low_unc_low_risk
ISIC_0025189,nv,nv,0.007053077,5.818887e-06,auto_accept,low_unc_low_risk
ISIC_0031325,nv,nv,0.002966404,0.000102096754,auto_accept,low_unc_low_risk
ISIC_0031865,nv,nv,0.03708172,0.004841427,auto_accept,low_unc_low_risk
ISIC_0027330,nv,nv,0.010047734,0.0024545512,auto_accept,low_unc_low_risk
ISIC_0034311,nv,nv,0.0077968836,0.001664185,auto_accept,low_unc_low_risk
ISIC_0031903,bkl,bkl,0.1812579,0.49182308,auto_accept,low_unc_low_risk
ISIC_0031161,nv,nv,0.0041068792,5.287532e-07,auto_accept,low_unc_low_risk
ISIC_0029387,nv,nv,0.008527398,0.00016400646,auto_accept,low_unc_low_risk
ISIC_0031870,nv,nv,0.0008767247,0.00017182349,auto_accept,low_unc_low_risk
ISIC_0033493,nv,nv,0.21757483,0.10141745,auto_accept,low_unc_low_risk
ISIC_0025109,nv,nv,0.0060504675,0.00033587808,auto_accept,low_unc_low_risk
ISIC_0031901,vasc,mel,0.030875623,0.96708596,auto_accept,low_unc_low_risk
ISIC_0029721,nv,nv,0.050537765,0.010561272,auto_accept,low_unc_low_risk
ISIC_0026527,nv,nv,0.000941813,2.9718565e-05,auto_accept,low_unc_low_risk
ISIC_0024780,nv,nv,0.0006251931,1.9475674e-05,auto_accept,low_unc_low_risk
ISIC_0031006,nv,nv,0.0032945275,8.614232e-05,auto_accept,low_unc_low_risk
ISIC_0025579,nv,nv,0.02459246,0.013543095,auto_accept,low_unc_low_risk
ISIC_0034266,nv,nv,0.0038471818,0.0013533734,auto_accept,low_unc_low_risk
ISIC_0028979,nv,nv,0.0011200309,9.087197e-06,auto_accept,low_unc_low_risk
ISIC_0033154,mel,mel,0.057048917,0.91411823,auto_accept,low_unc_low_risk
ISIC_0033324,mel,mel,0.16555226,0.8821429,auto_accept,low_unc_low_risk
ISIC_0026024,nv,nv,0.004366815,0.00051959604,auto_accept,low_unc_low_risk
ISIC_0033588,nv,nv,0.040332973,0.013486454,auto_accept,low_unc_low_risk
ISIC_0033700,mel,mel,0.07451141,0.87146014,auto_accept,low_unc_low_risk
ISIC_0030108,nv,nv,0.00020545721,3.1614225e-05,auto_accept,low_unc_low_risk
ISIC_0028703,nv,nv,0.0010883808,8.890085e-05,auto_accept,low_unc_low_risk
ISIC_0033204,mel,mel,0.008231163,0.98636323,auto_accept,low_unc_low_risk
ISIC_0031274,nv,nv,0.0057044625,0.001368276,auto_accept,low_unc_low_risk
ISIC_0031434,nv,nv,0.0005365014,3.082112e-05,auto_accept,low_unc_low_risk
ISIC_0026852,nv,nv,0.3344199,0.27432466,auto_accept,low_unc_low_risk
ISIC_0027349,nv,nv,0.023359656,0.0014878579,auto_accept,low_unc_low_risk
ISIC_0030773,nv,nv,0.16139138,0.09118866,auto_accept,low_unc_low_risk
ISIC_0027168,nv,nv,0.0012559891,8.815677e-05,auto_accept,low_unc_low_risk
ISIC_0032848,nv,nv,0.086301446,1.6741862e-05,auto_accept,low_unc_low_risk
ISIC_0028320,nv,nv,0.0006015301,3.406826e-05,auto_accept,low_unc_low_risk
ISIC_0024467,nv,nv,0.00026863813,4.9757225e-05,auto_accept,low_unc_low_risk
ISIC_0027590,mel,mel,0.101610005,0.7050254,auto_accept,low_unc_low_risk
ISIC_0027539,nv,nv,7.1406364e-05,1.0171308e-05,auto_accept,low_unc_low_risk
ISIC_0029252,nv,bkl,0.34928495,0.023011426,escalate,low_unc_low_risk
ISIC_0029762,nv,nv,0.0005617738,3.7679758e-05,auto_accept,low_unc_low_risk
ISIC_0029998,nv,nv,0.011892259,7.5143376e-05,auto_accept,low_unc_low_risk
ISIC_0029543,nv,nv,0.03483498,0.0009050269,auto_accept,low_unc_low_risk
ISIC_0026426,nv,nv,0.007463336,8.70919e-06,auto_accept,low_unc_low_risk
ISIC_0028572,nv,nv,0.00011920929,2.3415049e-07,auto_accept,low_unc_low_risk
ISIC_0031838,nv,nv,0.02678287,0.016801024,auto_accept,low_unc_low_risk
ISIC_0030647,nv,nv,0.009449482,1.0064829e-06,auto_accept,low_unc_low_risk
ISIC_0027877,nv,nv,0.00014400482,1.8440833e-05,auto_accept,low_unc_low_risk
ISIC_0028848,nv,nv,0.0008960366,8.660859e-05,auto_accept,low_unc_low_risk
ISIC_0028849,nv,nv,0.086215556,0.027022526,auto_accept,low_unc_low_risk
ISIC_0029416,nv,nv,0.005624056,0.00018122756,auto_accept,low_unc_low_risk
ISIC_0030099,nv,nv,0.00084900856,0.00010972621,auto_accept,low_unc_low_risk
ISIC_0029654,nv,nv,0.021694899,0.00015476381,auto_accept,low_unc_low_risk
ISIC_0030275,vasc,vasc,1.2874603e-05,8.556962e-05,auto_accept,low_unc_low_risk
ISIC_0031924,nv,nv,0.0137271285,0.0045526763,auto_accept,low_unc_low_risk
ISIC_0026259,nv,nv,0.00025194883,1.7047099e-06,auto_accept,low_unc_low_risk
ISIC_0027952,nv,nv,0.0044761896,1.9290843e-05,auto_accept,low_unc_low_risk
ISIC_0025660,nv,nv,0.000341177,3.7508245e-05,auto_accept,low_unc_low_risk
ISIC_0030287,nv,nv,0.0014938712,0.00031520575,auto_accept,low_unc_low_risk
ISIC_0025191,nv,nv,0.0007453561,2.9939167e-05,auto_accept,low_unc_low_risk
ISIC_0031815,nv,nv,0.0019795895,4.9867383e-05,auto_accept,low_unc_low_risk
ISIC_0032158,nv,mel,0.05570656,0.8520252,auto_accept,low_unc_low_risk
ISIC_0033292,nv,mel,0.39366877,0.38439533,escalate,high_unc_low_risk
ISIC_0027845,nv,nv,0.010271668,0.0012079697,auto_accept,low_unc_low_risk
ISIC_0027559,bkl,bkl,0.029808462,0.043474987,auto_accept,low_unc_low_risk
ISIC_0030004,nv,nv,0.0002564788,8.581628e-06,auto_accept,low_unc_low_risk
ISIC_0025710,bkl,bkl,0.010234952,0.015057203,auto_accept,low_unc_low_risk
ISIC_0027380,nv,nv,0.0007811785,8.774097e-05,auto_accept,low_unc_low_risk
ISIC_0027489,nv,nv,0.08622682,0.006568206,auto_accept,low_unc_low_risk
ISIC_0026144,nv,nv,0.00021559,3.1862477e-05,auto_accept,low_unc_low_risk
ISIC_0029454,mel,mel,0.13609129,0.8108819,auto_accept,low_unc_low_risk
ISIC_0028924,nv,nv,0.009454966,0.00014723129,auto_accept,low_unc_low_risk
ISIC_0028042,nv,nv,0.07963377,0.025684329,auto_accept,low_unc_low_risk
ISIC_0030834,nv,nv,0.0036681294,0.000920471,auto_accept,low_unc_low_risk
ISIC_0028741,nv,nv,0.0024036765,0.00052881375,auto_accept,low_unc_low_risk
ISIC_0029637,nv,nv,8.404255e-05,2.4232946e-07,auto_accept,low_unc_low_risk
ISIC_0032034,nv,bkl,0.07528913,0.29543206,auto_accept,low_unc_low_risk
ISIC_0031908,mel,nv,0.272026,0.122139655,auto_accept,low_unc_low_risk
ISIC_0025295,nv,mel,0.11384463,0.9779669,auto_accept,low_unc_low_risk
ISIC_0029996,nv,nv,0.00010764599,6.3663038e-06,auto_accept,low_unc_low_risk
ISIC_0028252,nv,nv,0.025418699,0.00016397252,auto_accept,low_unc_low_risk
ISIC_0030411,nv,nv,0.0100106,0.00030276956,auto_accept,low_unc_low_risk
ISIC_0025449,nv,nv,0.0026999116,0.0028791197,auto_accept,low_unc_low_risk
ISIC_0025816,nv,nv,0.016454756,0.0022245888,auto_accept,low_unc_low_risk
ISIC_0026812,nv,nv,0.00033676624,2.353541e-06,auto_accept,low_unc_low_risk
ISIC_0033614,nv,nv,0.046382904,0.0062255925,auto_accept,low_unc_low_risk
ISIC_0028783,nv,nv,0.0004950762,6.848645e-07,auto_accept,low_unc_low_risk
ISIC_0025255,nv,nv,0.0017986298,3.589596e-05,auto_accept,low_unc_low_risk
ISIC_0026135,bkl,bkl,0.119849205,8.759151e-06,auto_accept,low_unc_low_risk
ISIC_0026250,nv,nv,0.0010566115,7.57113e-06,auto_accept,low_unc_low_risk
ISIC_0029350,nv,nv,0.0149252415,2.1137888e-05,auto_accept,low_unc_low_risk
ISIC_0024695,nv,nv,0.0005092621,0.00011574218,auto_accept,low_unc_low_risk
ISIC_0032033,nv,nv,0.0054795146,5.616619e-06,auto_accept,low_unc_low_risk
ISIC_0025257,nv,mel,0.5678934,0.35763216,escalate,high_unc_low_risk
ISIC_0034232,nv,nv,0.08557099,0.025030922,auto_accept,low_unc_low_risk
ISIC_0027949,nv,mel,0.094227254,0.8649329,auto_accept,low_unc_low_risk
ISIC_0030563,nv,nv,0.00024944544,3.497384e-06,auto_accept,low_unc_low_risk
ISIC_0030628,nv,nv,0.028772354,9.5797e-06,auto_accept,low_unc_low_risk
ISIC_0030828,mel,nv,0.09060919,0.03869232,auto_accept,low_unc_low_risk
ISIC_0029817,nv,nv,0.00056260824,2.1763735e-05,auto_accept,low_unc_low_risk
ISIC_0024442,nv,nv,0.0027496219,2.1274293e-05,auto_accept,low_unc_low_risk
ISIC_0027881,nv,nv,0.0053945184,0.00014671472,auto_accept,low_unc_low_risk
ISIC_0028579,mel,nv,0.07174897,0.01002532,auto_accept,low_unc_low_risk
ISIC_0027301,nv,nv,0.00030589104,5.5415094e-06,auto_accept,low_unc_low_risk
ISIC_0024640,mel,mel,0.0144863725,0.9776573,auto_accept,low_unc_low_risk
ISIC_0028431,vasc,vasc,0.045059144,0.00011250755,auto_accept,low_unc_low_risk
ISIC_0025131,bkl,bkl,0.00038588047,3.965866e-06,auto_accept,low_unc_low_risk
ISIC_0031377,mel,nv,0.13829124,0.08358176,auto_accept,low_unc_low_risk
ISIC_0025132,mel,mel,0.10853493,0.8200229,auto_accept,low_unc_low_risk
ISIC_0031795,mel,mel,0.058276415,0.92271674,auto_accept,low_unc_low_risk
ISIC_0029250,nv,nv,0.0005386472,0.00014775277,auto_accept,low_unc_low_risk
ISIC_0033032,nv,nv,0.00302732,0.0010392962,auto_accept,low_unc_low_risk
ISIC_0032669,nv,nv,0.065277934,0.028313229,auto_accept,low_unc_low_risk
ISIC_0024503,nv,nv,0.048285544,0.0057762414,auto_accept,low_unc_low_risk
ISIC_0024433,nv,nv,0.00061774254,1.3359666e-05,auto_accept,low_unc_low_risk
ISIC_0025569,nv,nv,0.0736987,0.00024887326,auto_accept,low_unc_low_risk
ISIC_0027395,nv,nv,0.0021768808,3.850205e-06,auto_accept,low_unc_low_risk
ISIC_0031555,nv,nv,0.019939184,0.009084398,auto_accept,low_unc_low_risk
ISIC_0025729,nv,nv,0.0021944642,1.1490598e-05,auto_accept,low_unc_low_risk
ISIC_0032948,nv,nv,0.026816666,0.0039174375,auto_accept,low_unc_low_risk
ISIC_0033355,nv,nv,0.37480146,0.2516408,escalate,high_unc_low_risk
ISIC_0034158,nv,mel,0.46853828,0.30719298,escalate,high_unc_low_risk
ISIC_0024983,nv,nv,0.00028949976,1.6383769e-05,auto_accept,low_unc_low_risk
ISIC_0024552,mel,mel,0.2070517,0.75791997,auto_accept,low_unc_low_risk
ISIC_0025552,nv,nv,0.185278,0.00018909092,auto_accept,low_unc_low_risk
ISIC_0025465,bkl,bkl,0.0023730397,0.004664948,auto_accept,low_unc_low_risk
ISIC_0030075,nv,nv,0.0013006926,3.137216e-05,auto_accept,low_unc_low_risk
ISIC_0026846,bkl,bkl,0.027412951,0.009498477,auto_accept,low_unc_low_risk
ISIC_0033760,nv,nv,0.0032612681,0.0002817406,auto_accept,low_unc_low_risk
ISIC_0026901,nv,nv,0.04069853,0.03284065,auto_accept,low_unc_low_risk
ISIC_0029923,nv,nv,0.0002592206,4.0591132e-08,auto_accept,low_unc_low_risk
ISIC_0030046,nv,nv,0.047718346,1.4276923e-05,auto_accept,low_unc_low_risk
ISIC_0024560,nv,nv,0.14582449,0.099224746,auto_accept,low_unc_low_risk
ISIC_0032823,mel,mel,0.06885636,0.9543495,auto_accept,low_unc_low_risk
ISIC_0031117,nv,nv,0.03494805,0.003541581,auto_accept,low_unc_low_risk
ISIC_0030845,nv,nv,0.037535787,0.007640713,auto_accept,low_unc_low_risk
ISIC_0027765,nv,nv,0.0055071115,8.889062e-06,auto_accept,low_unc_low_risk
ISIC_0027033,mel,mel,0.056771636,0.9532816,auto_accept,low_unc_low_risk
ISIC_0032293,nv,nv,0.010116994,0.0010074542,auto_accept,low_unc_low_risk
ISIC_0025452,vasc,vasc,5.364418e-06,0.000109044464,auto_accept,low_unc_low_risk
ISIC_0031690,nv,nv,0.0023608208,0.0010190877,auto_accept,low_unc_low_risk
ISIC_0025570,nv,nv,0.004999578,2.4733521e-05,auto_accept,low_unc_low_risk
ISIC_0024598,nv,nv,0.0006966591,5.274697e-06,auto_accept,low_unc_low_risk
ISIC_0030705,bkl,bkl,0.003962815,3.3978627e-06,auto_accept,low_unc_low_risk
ISIC_0031466,nv,nv,0.011749268,0.00080513256,auto_accept,low_unc_low_risk
ISIC_0027963,nv,nv,0.0069277883,0.00122316,auto_accept,low_unc_low_risk
ISIC_0031500,nv,nv,0.0048148036,3.0266829e-05,auto_accept,low_unc_low_risk
ISIC_0031725,nv,nv,0.09641808,0.03364187,auto_accept,low_unc_low_risk
ISIC_0033759,nv,nv,0.025423706,0.008937085,auto_accept,low_unc_low_risk
ISIC_0024776,nv,nv,0.008983374,6.996538e-05,auto_accept,low_unc_low_risk
ISIC_0028446,nv,nv,0.0019958615,0.0001453407,auto_accept,low_unc_low_risk
ISIC_0025573,mel,mel,0.13673884,0.7958051,auto_accept,low_unc_low_risk
ISIC_0030265,nv,nv,0.0010988712,6.844898e-06,auto_accept,low_unc_low_risk
ISIC_0028435,nv,nv,0.00038665533,4.263347e-06,auto_accept,low_unc_low_risk
ISIC_0033625,nv,nv,0.20148426,0.1923804,auto_accept,low_unc_low_risk
ISIC_0024421,nv,nv,0.0013830662,7.4610216e-05,auto_accept,low_unc_low_risk
ISIC_0026480,nv,nv,0.01245594,0.0048075328,auto_accept,low_unc_low_risk
ISIC_0031818,nv,nv,0.0020959377,3.6334102e-06,auto_accept,low_unc_low_risk
ISIC_0027382,nv,nv,0.008376539,0.0017590609,auto_accept,low_unc_low_risk
ISIC_0029322,nv,nv,0.043524683,0.0029631248,auto_accept,low_unc_low_risk
ISIC_0025385,nv,nv,0.005334258,0.0014907207,auto_accept,low_unc_low_risk
ISIC_0030213,nv,nv,0.15415704,0.0051693097,auto_accept,low_unc_low_risk
ISIC_0033159,nv,nv,0.0067364573,0.003849084,auto_accept,low_unc_low_risk
ISIC_0026891,nv,nv,0.0022515655,1.9061194e-05,auto_accept,low_unc_low_risk
ISIC_0028428,nv,nv,0.0010917187,4.4466546e-05,auto_accept,low_unc_low_risk
ISIC_0024912,nv,nv,0.014581919,0.0003795669,auto_accept,low_unc_low_risk
ISIC_0032553,bkl,mel,0.20197487,0.7529082,auto_accept,low_unc_low_risk
ISIC_0025556,nv,nv,0.0019817352,0.00025161105,auto_accept,low_unc_low_risk
ISIC_0029033,mel,nv,0.2225914,0.16772708,auto_accept,low_unc_low_risk
ISIC_0030355,nv,nv,0.018880963,0.0030533543,auto_accept,low_unc_low_risk
ISIC_0034258,nv,nv,0.0071057677,0.0014435003,auto_accept,low_unc_low_risk
ISIC_0028630,nv,nv,0.00018626451,1.2147353e-06,auto_accept,low_unc_low_risk
ISIC_0034177,nv,nv,0.0054632425,0.0007130872,auto_accept,low_unc_low_risk
ISIC_0031524,nv,nv,0.021638572,2.432143e-05,auto_accept,low_unc_low_risk
ISIC_0024649,nv,nv,0.0034922957,0.0012814843,auto_accept,low_unc_low_risk
ISIC_0030713,nv,nv,0.0011326075,5.7192447e-05,auto_accept,low_unc_low_risk
ISIC_0027859,bkl,akiec,0.016688824,0.9086868,auto_accept,low_unc_low_risk
ISIC_0031414,nv,nv,0.0014747977,0.00018585449,auto_accept,low_unc_low_risk
ISIC_0031753,bkl,bkl,0.0031781197,0.002994165,auto_accept,low_unc_low_risk
ISIC_0031485,bkl,nv,0.26166385,0.027909566,auto_accept,low_unc_low_risk
ISIC_0026075,nv,nv,0.0020486712,3.349518e-07,auto_accept,low_unc_low_risk
ISIC_0034121,nv,nv,0.14031231,0.055825874,auto_accept,low_unc_low_risk
ISIC_0026121,nv,nv,0.0008407831,2.8953511e-06,auto_accept,low_unc_low_risk
ISIC_0030513,nv,nv,0.0025839806,5.1510695e-05,auto_accept,low_unc_low_risk
ISIC_0024719,nv,nv,0.0014138222,0.00013353431,auto_accept,low_unc_low_risk
ISIC_0031240,nv,nv,0.005502403,0.00016708317,auto_accept,low_unc_low_risk
ISIC_0030583,bkl,nv,0.2622128,9.026374e-06,auto_accept,low_unc_low_risk
ISIC_0025486,nv,nv,0.000256598,3.4008368e-05,auto_accept,low_unc_low_risk
ISIC_0025202,nv,nv,0.0010508895,1.598344e-05,auto_accept,low_unc_low_risk
ISIC_0030147,nv,nv,4.0888786e-05,1.1806548e-07,auto_accept,low_unc_low_risk
ISIC_0026217,nv,nv,0.0042231083,0.0024164189,auto_accept,low_unc_low_risk
ISIC_0031055,nv,nv,0.00470829,0.0001654728,auto_accept,low_unc_low_risk
ISIC_0029015,nv,nv,0.0049922466,9.785831e-07,auto_accept,low_unc_low_risk
ISIC_0025287,nv,nv,0.1942684,0.08219773,auto_accept,low_unc_low_risk
ISIC_0025161,nv,nv,0.0005337596,5.0273957e-05,auto_accept,low_unc_low_risk
ISIC_0024990,nv,nv,0.00045764446,7.249333e-06,auto_accept,low_unc_low_risk
ISIC_0030110,mel,mel,0.033600926,0.9529011,auto_accept,low_unc_low_risk
ISIC_0033997,nv,nv,0.025954783,0.010973272,auto_accept,low_unc_low_risk
ISIC_0032517,mel,mel,0.0154005885,0.98098594,auto_accept,low_unc_low_risk
ISIC_0032021,nv,nv,0.003101945,0.0019893453,auto_accept,low_unc_low_risk
ISIC_0032942,nv,nv,0.0033572912,0.0015169373,auto_accept,low_unc_low_risk
ISIC_0030641,nv,nv,0.007947922,0.00021496395,auto_accept,low_unc_low_risk
ISIC_0027697,nv,nv,0.025759399,0.0044755805,auto_accept,low_unc_low_risk
ISIC_0025607,nv,nv,0.011137247,6.0796515e-06,auto_accept,low_unc_low_risk
ISIC_0029694,nv,nv,0.00045365095,2.2331471e-06,auto_accept,low_unc_low_risk
ISIC_0030677,bkl,mel,0.28896123,0.56815493,auto_accept,low_unc_low_risk
ISIC_0033141,mel,mel,0.022354722,0.97122544,auto_accept,low_unc_low_risk
ISIC_0030015,df,df,1.2874603e-05,0.00058083556,auto_accept,low_unc_low_risk
ISIC_0032853,nv,nv,0.017296135,0.0017054117,auto_accept,low_unc_low_risk
ISIC_0024368,nv,nv,0.0006709099,1.7034097e-06,auto_accept,low_unc_low_risk
ISIC_0030985,nv,nv,0.00018173456,1.7627085e-06,auto_accept,low_unc_low_risk
ISIC_0027219,bkl,bkl,0.0396111,0.1353362,auto_accept,low_unc_low_risk
ISIC_0027956,mel,nv,0.013169348,0.010146893,auto_accept,low_unc_low_risk
ISIC_0026431,nv,nv,0.0013055205,0.000111356014,auto_accept,low_unc_low_risk
ISIC_0025511,nv,nv,0.0178985,0.00013644606,auto_accept,low_unc_low_risk
ISIC_0031958,mel,mel,0.070749104,0.8361307,auto_accept,low_unc_low_risk
ISIC_0025616,mel,bkl,0.2897656,0.21455505,auto_accept,low_unc_low_risk
ISIC_0024583,nv,nv,0.00017338991,8.784631e-06,auto_accept,low_unc_low_risk
ISIC_0029458,nv,nv,0.0013452768,0.000109885994,auto_accept,low_unc_low_risk
ISIC_0030994,nv,nv,0.025864482,5.903788e-05,auto_accept,low_unc_low_risk
ISIC_0024451,nv,nv,0.0083985925,6.565356e-05,auto_accept,low_unc_low_risk
ISIC_0026659,nv,nv,0.0040609837,2.3029708e-07,auto_accept,low_unc_low_risk
ISIC_0027871,nv,nv,0.0004094243,4.7857673e-05,auto_accept,low_unc_low_risk
ISIC_0026292,nv,nv,7.176399e-05,1.2492261e-06,auto_accept,low_unc_low_risk
ISIC_0028409,nv,nv,0.003092587,5.052509e-06,auto_accept,low_unc_low_risk
ISIC_0030917,nv,nv,0.0024970174,0.0007090681,auto_accept,low_unc_low_risk
ISIC_0026479,nv,nv,0.003245771,3.522838e-06,auto_accept,low_unc_low_risk
ISIC_0031137,nv,nv,0.0052455664,0.00041629656,auto_accept,low_unc_low_risk
ISIC_0025739,nv,nv,0.0021927953,5.763696e-07,auto_accept,low_unc_low_risk
ISIC_0029640,nv,nv,0.09782958,0.08813585,auto_accept,low_unc_low_risk
ISIC_0028712,nv,nv,4.4345856e-05,1.535314e-07,auto_accept,low_unc_low_risk
ISIC_0033037,mel,mel,0.077855825,0.92196417,auto_accept,low_unc_low_risk
ISIC_0028959,nv,nv,0.0002898574,1.0876015e-05,auto_accept,low_unc_low_risk
ISIC_0029804,nv,nv,0.000810802,3.2287735e-05,auto_accept,low_unc_low_risk
ISIC_0025639,nv,nv,0.45699918,0.31272563,escalate,high_unc_low_risk
ISIC_0027805,nv,nv,0.00049448013,4.361769e-06,auto_accept,low_unc_low_risk
ISIC_0032169,nv,nv,0.0014619827,6.7542567e-07,auto_accept,low_unc_low_risk
ISIC_0033549,nv,nv,0.14108711,0.03676103,auto_accept,low_unc_low_risk
ISIC_0033400,bkl,bkl,0.002445519,0.0014080718,auto_accept,low_unc_low_risk
ISIC_0025560,nv,nv,0.00030362606,7.870918e-06,auto_accept,low_unc_low_risk
ISIC_0028137,nv,nv,0.0002618432,4.2556408e-06,auto_accept,low_unc_low_risk
ISIC_0032472,nv,nv,0.0010259151,0.00023749303,auto_accept,low_unc_low_risk
ISIC_0028006,nv,nv,0.0020757914,0.00032384254,auto_accept,low_unc_low_risk
ISIC_0027520,nv,nv,0.00024276972,1.637955e-05,auto_accept,low_unc_low_risk
ISIC_0029990,nv,nv,0.00015950203,5.1570128e-06,auto_accept,low_unc_low_risk
ISIC_0027318,nv,nv,0.004326403,0.00020068628,auto_accept,low_unc_low_risk
ISIC_0026169,nv,nv,0.0056839585,2.7072967e-06,auto_accept,low_unc_low_risk
ISIC_0031715,nv,nv,0.008438528,0.0002394918,auto_accept,low_unc_low_risk
ISIC_0026808,nv,nv,0.012035012,0.0019624615,auto_accept,low_unc_low_risk
ISIC_0032291,nv,nv,0.000616312,0.00017817767,auto_accept,low_unc_low_risk
ISIC_0028610,nv,nv,0.0005823374,0.00025475587,auto_accept,low_unc_low_risk
ISIC_0033862,nv,nv,0.03355694,0.0019314719,auto_accept,low_unc_low_risk
ISIC_0031939,nv,nv,0.010801613,1.3198105e-05,auto_accept,low_unc_low_risk
ISIC_0025526,bkl,bkl,0.02506882,0.0304543,auto_accept,low_unc_low_risk
ISIC_0031546,nv,nv,0.1259628,0.10352591,auto_accept,low_unc_low_risk
ISIC_0033646,bkl,bkl,0.0021079183,0.0044882526,auto_accept,low_unc_low_risk
ISIC_0029623,nv,nv,0.0046558976,2.5088698e-06,auto_accept,low_unc_low_risk
ISIC_0029482,nv,nv,0.00026458502,1.8666734e-07,auto_accept,low_unc_low_risk
ISIC_0026866,nv,nv,0.30224,0.146386,auto_accept,low_unc_low_risk
ISIC_0028098,nv,bkl,0.24068052,3.682435e-05,auto_accept,low_unc_low_risk
ISIC_0032237,nv,nv,0.0017433763,7.436316e-05,auto_accept,low_unc_low_risk
ISIC_0032065,nv,bkl,0.03743416,0.0030300063,auto_accept,low_unc_low_risk
ISIC_0029199,nv,nv,0.028877795,0.00010292374,auto_accept,low_unc_low_risk
ISIC_0030419,nv,nv,0.00028580427,2.976169e-06,auto_accept,low_unc_low_risk
ISIC_0031953,mel,nv,0.05635488,0.023746284,auto_accept,low_unc_low_risk
ISIC_0032455,akiec,akiec,0.004417956,0.95712805,auto_accept,low_unc_low_risk
ISIC_0024752,nv,nv,0.0067765713,0.00055847625,auto_accept,low_unc_low_risk
ISIC_0033112,nv,vasc,0.1112501,0.010644884,auto_accept,low_unc_low_risk
ISIC_0030310,bkl,mel,0.15881097,0.8575993,auto_accept,low_unc_low_risk
ISIC_0033222,nv,mel,0.074347615,0.92409456,auto_accept,low_unc_low_risk
ISIC_0031723,nv,nv,0.0004505515,4.4070583e-07,auto_accept,low_unc_low_risk
ISIC_0033362,mel,mel,0.15358835,0.66986364,auto_accept,low_unc_low_risk
ISIC_0025863,nv,nv,0.022986472,0.0154461255,auto_accept,low_unc_low_risk
ISIC_0028866,nv,nv,0.006773889,0.0032503728,auto_accept,low_unc_low_risk
ISIC_0030667,nv,nv,0.000574708,0.00014570952,auto_accept,low_unc_low_risk
ISIC_0030716,nv,nv,0.0005668998,1.5550008e-06,auto_accept,low_unc_low_risk
ISIC_0028590,nv,nv,0.00028139353,1.5658642e-06,auto_accept,low_unc_low_risk
ISIC_0031696,nv,nv,0.00070655346,1.0398101e-05,auto_accept,low_unc_low_risk
ISIC_0031837,nv,nv,0.0006175041,9.586609e-06,auto_accept,low_unc_low_risk
ISIC_0034083,nv,nv,0.029712617,0.008168711,auto_accept,low_unc_low_risk
ISIC_0027606,bkl,bkl,0.0031392574,0.004761161,auto_accept,low_unc_low_risk
ISIC_0027897,nv,nv,0.013120472,0.0017951559,auto_accept,low_unc_low_risk
ISIC_0025962,nv,nv,0.006814778,0.000631802,auto_accept,low_unc_low_risk
ISIC_0027942,nv,nv,0.00260365,7.873599e-06,auto_accept,low_unc_low_risk
ISIC_0024993,nv,nv,0.021295547,0.0043796618,auto_accept,low_unc_low_risk
ISIC_0025749,nv,nv,0.0017166138,1.5028569e-07,auto_accept,low_unc_low_risk
ISIC_0032559,mel,bkl,0.3065824,0.2353251,auto_accept,low_unc_low_risk
ISIC_0027272,nv,nv,0.00047254562,1.294246e-06,auto_accept,low_unc_low_risk
ISIC_0027839,nv,nv,0.010402083,0.005266697,auto_accept,low_unc_low_risk
ISIC_0033717,mel,mel,0.057099342,0.9047834,auto_accept,low_unc_low_risk
ISIC_0025819,bkl,bkl,0.019580185,0.00021689781,auto_accept,low_unc_low_risk
ISIC_0033053,nv,nv,0.008158326,0.00155157,auto_accept,low_unc_low_risk
ISIC_0027926,nv,nv,0.00041371584,1.013487e-06,auto_accept,low_unc_low_risk
ISIC_0031283,nv,nv,3.4570694e-05,4.5123608e-07,auto_accept,low_unc_low_risk
ISIC_0024586,mel,nv,0.12871075,0.059222497,auto_accept,low_unc_low_risk
ISIC_0024705,bkl,bkl,0.008870125,0.02172962,auto_accept,low_unc_low_risk
ISIC_0032530,nv,nv,0.10200745,7.395073e-07,auto_accept,low_unc_low_risk
ISIC_0026699,nv,nv,0.0031257868,0.0002848602,auto_accept,low_unc_low_risk
ISIC_0034181,nv,nv,0.037903726,0.006409932,auto_accept,low_unc_low_risk
ISIC_0026685,nv,nv,0.033922434,2.4008534e-05,auto_accept,low_unc_low_risk
ISIC_0026039,nv,nv,0.00025469065,5.7641145e-08,auto_accept,low_unc_low_risk
ISIC_0026318,nv,nv,0.0051065683,0.0010121317,auto_accept,low_unc_low_risk
ISIC_0026278,nv,nv,0.0016981363,2.9341914e-05,auto_accept,low_unc_low_risk
ISIC_0025487,nv,nv,0.00147295,0.0004946796,auto_accept,low_unc_low_risk
ISIC_0031782,nv,nv,0.0076447725,3.0123085e-05,auto_accept,low_unc_low_risk
ISIC_0026256,nv,nv,0.001952529,5.8752685e-05,auto_accept,low_unc_low_risk
ISIC_0032993,mel,mel,0.001323998,0.99756974,auto_accept,low_unc_low_risk
ISIC_0028234,nv,nv,0.011282563,0.004069125,auto_accept,low_unc_low_risk
ISIC_0028263,nv,nv,0.000710845,0.00016944433,auto_accept,low_unc_low_risk
ISIC_0026617,nv,nv,0.006454289,0.00028042932,auto_accept,low_unc_low_risk
ISIC_0028770,nv,nv,0.0011389256,2.9339844e-06,auto_accept,low_unc_low_risk
ISIC_0025588,nv,nv,0.08985877,0.00052875397,auto_accept,low_unc_low_risk
ISIC_0030184,nv,nv,0.03008598,0.012572826,auto_accept,low_unc_low_risk
ISIC_0028775,nv,nv,0.0076150894,6.383892e-06,auto_accept,low_unc_low_risk
ISIC_0029217,bkl,bkl,0.2792372,0.32346466,auto_accept,low_unc_low_risk
ISIC_0026540,nv,nv,0.0034210086,0.00026071013,auto_accept,low_unc_low_risk
ISIC_0025804,bkl,nv,0.097382665,4.0740277e-05,auto_accept,low_unc_low_risk
ISIC_0028845,nv,nv,0.0019438267,2.3783381e-05,auto_accept,low_unc_low_risk
ISIC_0029001,nv,bkl,0.13900924,0.00019560625,auto_accept,low_unc_low_risk
ISIC_0027521,nv,nv,0.0022494197,9.301324e-05,auto_accept,low_unc_low_risk
ISIC_0032541,nv,nv,0.11615986,0.013169099,auto_accept,low_unc_low_risk
ISIC_0032193,nv,nv,0.0025119781,4.3429234e-05,auto_accept,low_unc_low_risk
ISIC_0031042,nv,mel,0.43291032,0.4336393,escalate,high_unc_low_risk
ISIC_0030121,nv,nv,0.11690515,0.17135878,auto_accept,low_unc_low_risk
ISIC_0024769,nv,nv,3.1232834e-05,2.735811e-07,auto_accept,low_unc_low_risk
ISIC_0033899,bkl,bkl,0.01057595,0.002615205,auto_accept,low_unc_low_risk
ISIC_0030517,nv,nv,0.0014371276,1.7911229e-06,auto_accept,low_unc_low_risk
ISIC_0026536,nv,nv,0.00059890747,0.00020308705,auto_accept,low_unc_low_risk
ISIC_0024650,nv,nv,0.058710754,8.8034794e-05,auto_accept,low_unc_low_risk
ISIC_0033126,nv,nv,0.10042888,0.098171696,auto_accept,low_unc_low_risk
ISIC_0026486,nv,nv,0.0011735559,0.00015979518,auto_accept,low_unc_low_risk
ISIC_0034234,nv,nv,0.001969397,0.00035533137,auto_accept,low_unc_low_risk
ISIC_0030518,nv,nv,0.001136899,3.329164e-05,auto_accept,low_unc_low_risk
ISIC_0030501,mel,mel,0.15785426,0.8197276,auto_accept,low_unc_low_risk
ISIC_0026372,nv,nv,0.052980483,0.03724297,auto_accept,low_unc_low_risk
ISIC_0031155,nv,nv,0.007039726,0.0031864373,auto_accept,low_unc_low_risk
ISIC_0032496,nv,nv,0.027646542,0.0016367784,auto_accept,low_unc_low_risk
ISIC_0025841,nv,nv,0.0017646551,4.8252923e-06,auto_accept,low_unc_low_risk
ISIC_0028975,nv,nv,0.0006379485,1.1330473e-05,auto_accept,low_unc_low_risk
ISIC_0030424,nv,nv,0.002994597,4.432535e-05,auto_accept,low_unc_low_risk
ISIC_0026867,bkl,nv,0.402336,0.00012976142,escalate,high_unc_low_risk
ISIC_0028788,nv,nv,0.0006260276,3.285747e-05,auto_accept,low_unc_low_risk
ISIC_0031371,nv,nv,0.00027006865,1.1786149e-05,auto_accept,low_unc_low_risk
ISIC_0031796,nv,nv,0.133124,0.00015839332,auto_accept,low_unc_low_risk
ISIC_0025740,nv,nv,0.00069355965,4.8048634e-05,auto_accept,low_unc_low_risk
ISIC_0027840,nv,nv,0.15080416,0.08457366,auto_accept,low_unc_low_risk
ISIC_0032849,nv,nv,0.0077396035,0.00072321086,auto_accept,low_unc_low_risk
ISIC_0032417,bkl,bkl,0.03578633,0.00015356489,auto_accept,low_unc_low_risk
ISIC_0031211,akiec,akiec,0.020516396,0.6964168,auto_accept,low_unc_low_risk
ISIC_0029288,bkl,bkl,0.002534628,0.005092913,auto_accept,low_unc_low_risk
ISIC_0031079,nv,nv,0.0051606297,0.0006148117,auto_accept,low_unc_low_risk
ISIC_0027009,nv,nv,0.00069355965,0.00017769786,auto_accept,low_unc_low_risk
ISIC_0030373,nv,nv,0.0038759112,2.108818e-06,auto_accept,low_unc_low_risk
ISIC_0028721,nv,nv,0.24756622,0.00014461315,auto_accept,low_unc_low_risk
ISIC_0026358,nv,nv,0.15937454,0.0011362535,auto_accept,low_unc_low_risk
ISIC_0030429,nv,bcc,0.050380647,0.7042689,auto_accept,low_unc_low_risk
ISIC_0025054,nv,nv,0.008315682,7.680889e-05,auto_accept,low_unc_low_risk
ISIC_0027661,nv,nv,0.00018924475,5.617546e-06,auto_accept,low_unc_low_risk
ISIC_0025282,nv,nv,0.0002695918,6.162703e-07,auto_accept,low_unc_low_risk
ISIC_0033863,mel,mel,0.1874817,0.6988018,auto_accept,low_unc_low_risk
ISIC_0031896,nv,nv,0.119042754,0.07246854,auto_accept,low_unc_low_risk
ISIC_0030479,nv,nv,0.057132125,0.010733962,auto_accept,low_unc_low_risk
ISIC_0030127,nv,nv,0.026580155,0.0071706194,auto_accept,low_unc_low_risk
ISIC_0025171,nv,vasc,0.00472188,0.00068910694,auto_accept,low_unc_low_risk
ISIC_0029693,nv,nv,0.25270915,0.24609186,auto_accept,low_unc_low_risk
ISIC_0032211,nv,nv,0.006182015,3.5323787e-06,auto_accept,low_unc_low_risk
ISIC_0025706,nv,nv,8.368492e-05,2.0532994e-05,auto_accept,low_unc_low_risk
ISIC_0026086,mel,nv,0.45363903,0.20338608,escalate,high_unc_low_risk
ISIC_0032071,nv,nv,0.0068057775,3.041051e-06,auto_accept,low_unc_low_risk
ISIC_0030523,nv,nv,0.00010406971,5.436388e-07,auto_accept,low_unc_low_risk
ISIC_0024724,nv,nv,0.00089389086,0.00018177566,auto_accept,low_unc_low_risk
ISIC_0025723,nv,nv,0.017229438,0.0007160119,auto_accept,low_unc_low_risk
ISIC_0024754,nv,nv,0.005518198,0.000110846,auto_accept,low_unc_low_risk
ISIC_0026543,nv,nv,0.00010097027,8.6596685e-07,auto_accept,low_unc_low_risk
ISIC_0034301,nv,nv,0.20280355,0.08800639,auto_accept,low_unc_low_risk
ISIC_0028406,vasc,vasc,2.6345253e-05,0.00025908984,auto_accept,low_unc_low_risk
ISIC_0034022,mel,mel,0.14615369,0.8784039,auto_accept,low_unc_low_risk
ISIC_0027028,nv,nv,0.020124853,0.00039529265,auto_accept,low_unc_low_risk
ISIC_0030210,nv,nv,0.015170991,0.00092934247,auto_accept,low_unc_low_risk
ISIC_0030357,nv,nv,0.014051914,2.143591e-05,auto_accept,low_unc_low_risk
ISIC_0032992,nv,nv,0.016001165,0.0032918386,auto_accept,low_unc_low_risk
ISIC_0030997,nv,nv,0.00067329407,2.0432528e-06,auto_accept,low_unc_low_risk
ISIC_0029316,mel,mel,0.45082003,0.33105248,escalate,high_unc_low_risk
ISIC_0031251,nv,nv,0.0040745735,0.00017044041,auto_accept,low_unc_low_risk
ISIC_0033565,vasc,vasc,7.1525574e-07,5.8921178e-05,auto_accept,low_unc_low_risk
ISIC_0030112,nv,nv,0.0010485649,0.00012992622,auto_accept,low_unc_low_risk
ISIC_0025395,nv,nv,0.0059109926,0.00035522893,auto_accept,low_unc_low_risk
ISIC_0033488,bkl,bkl,0.027775943,0.0005288588,auto_accept,low_unc_low_risk
ISIC_0025822,nv,nv,0.01551044,0.009817009,auto_accept,low_unc_low_risk
ISIC_0026726,nv,nv,0.057890832,0.00011424652,auto_accept,low_unc_low_risk
ISIC_0027096,nv,nv,0.00113976,4.5004665e-05,auto_accept,low_unc_low_risk
ISIC_0026238,nv,nv,0.0069588423,4.7296444e-06,auto_accept,low_unc_low_risk
ISIC_0033373,nv,bkl,0.036585927,0.010919726,auto_accept,low_unc_low_risk
ISIC_0027081,nv,nv,0.0001360178,1.2140208e-05,auto_accept,low_unc_low_risk
ISIC_0031693,nv,nv,0.010189891,0.0013073164,auto_accept,low_unc_low_risk
ISIC_0026181,nv,nv,0.0017144084,8.407808e-06,auto_accept,low_unc_low_risk
ISIC_0026293,nv,mel,0.14420998,0.82515043,auto_accept,low_unc_low_risk
ISIC_0028867,nv,nv,0.0026199222,6.581404e-05,auto_accept,low_unc_low_risk
ISIC_0031084,nv,nv,0.0008404255,2.099651e-05,auto_accept,low_unc_low_risk
ISIC_0030853,nv,nv,0.00064736605,2.3627526e-06,auto_accept,low_unc_low_risk
ISIC_0033054,bcc,bcc,0.014106154,0.9968034,auto_accept,low_unc_low_risk
ISIC_0026788,nv,nv,0.06817639,0.023622513,auto_accept,low_unc_low_risk
ISIC_0030062,nv,nv,2.8967857e-05,6.7677774e-07,auto_accept,low_unc_low_risk
ISIC_0031352,bkl,bkl,0.090458035,0.15370066,auto_accept,low_unc_low_risk
ISIC_0029486,vasc,mel,0.3187164,0.76929414,auto_accept,low_unc_low_risk
ISIC_0030671,nv,nv,0.0006477237,2.7868205e-07,auto_accept,low_unc_low_risk
ISIC_0028067,nv,nv,0.07448286,0.04173616,auto_accept,low_unc_low_risk
ISIC_0034225,nv,nv,0.029518425,0.026380964,auto_accept,low_unc_low_risk
ISIC_0025429,nv,nv,0.0008612871,0.00019140776,auto_accept,low_unc_low_risk
ISIC_0032089,nv,nv,0.025095224,0.00096192246,auto_accept,low_unc_low_risk
ISIC_0026301,bkl,mel,0.09068036,0.86545,auto_accept,low_unc_low_risk
ISIC_0030884,nv,nv,4.4584274e-05,2.7980022e-08,auto_accept,low_unc_low_risk
ISIC_0029711,nv,nv,0.00049960613,3.0156654e-05,auto_accept,low_unc_low_risk
ISIC_0031699,nv,nv,0.022750854,0.0012283548,auto_accept,low_unc_low_risk
ISIC_0032797,mel,mel,0.022161126,0.9455803,auto_accept,low_unc_low_risk
ISIC_0032248,mel,mel,0.019707143,0.99399406,auto_accept,low_unc_low_risk
ISIC_0028361,mel,mel,0.0066822767,0.97282785,auto_accept,low_unc_low_risk
ISIC_0029400,nv,nv,0.0030319095,0.00023811475,auto_accept,low_unc_low_risk
ISIC_0029234,nv,nv,0.00369972,9.546379e-05,auto_accept,low_unc_low_risk
ISIC_0031647,nv,nv,0.0002670884,1.1509463e-06,auto_accept,low_unc_low_risk
ISIC_0028794,nv,nv,0.0031140447,0.00012385822,auto_accept,low_unc_low_risk
ISIC_0028223,bkl,bkl,0.12291998,0.24433109,auto_accept,low_unc_low_risk
ISIC_0032134,mel,mel,0.003180623,0.9953927,auto_accept,low_unc_low_risk
ISIC_0026803,bkl,bkl,0.014247596,0.0026888356,auto_accept,low_unc_low_risk
ISIC_0028949,nv,nv,0.00048208237,8.605001e-06,auto_accept,low_unc_low_risk
ISIC_0030420,nv,nv,0.01786691,0.00022948832,auto_accept,low_unc_low_risk
ISIC_0028072,nv,nv,0.013894737,0.0032925867,auto_accept,low_unc_low_risk
ISIC_0030540,nv,nv,0.0020293593,1.1818521e-05,auto_accept,low_unc_low_risk
ISIC_0029356,nv,nv,0.0043292046,0.00029511662,auto_accept,low_unc_low_risk
ISIC_0028863,nv,nv,0.0043724775,0.0004366604,auto_accept,low_unc_low_risk
ISIC_0028083,nv,nv,0.0018066764,0.00043928565,auto_accept,low_unc_low_risk
ISIC_0025182,akiec,df,0.004189253,0.07171299,auto_accept,low_unc_low_risk
ISIC_0034037,bkl,bkl,0.07854056,0.000773678,auto_accept,low_unc_low_risk
ISIC_0026371,nv,nv,0.021395683,1.124378e-05,auto_accept,low_unc_low_risk
ISIC_0027007,nv,nv,0.06547946,0.0046805027,auto_accept,low_unc_low_risk
ISIC_0027019,nv,nv,0.00077080727,2.6539294e-05,auto_accept,low_unc_low_risk
ISIC_0027762,nv,nv,0.0062232018,2.6244976e-05,auto_accept,low_unc_low_risk
ISIC_0026385,nv,nv,0.023753285,0.00013992317,auto_accept,low_unc_low_risk
ISIC_0026161,nv,nv,0.00023955107,1.290914e-06,auto_accept,low_unc_low_risk
ISIC_0029896,nv,nv,0.067783,0.0013096518,auto_accept,low_unc_low_risk
ISIC_0032583,mel,mel,0.076175034,0.8115431,auto_accept,low_unc_low_risk
ISIC_0030368,nv,nv,0.0013592839,4.5024403e-06,auto_accept,low_unc_low_risk
ISIC_0027191,nv,nv,0.0077007413,0.00017160378,auto_accept,low_unc_low_risk
ISIC_0026322,nv,nv,0.0028560758,0.00027894988,auto_accept,low_unc_low_risk
ISIC_0032152,mel,mel,0.020194232,0.9531752,auto_accept,low_unc_low_risk
ISIC_0024674,nv,nv,0.0020638704,0.0006539527,auto_accept,low_unc_low_risk
ISIC_0031991,nv,bkl,0.4897251,0.61779535,escalate,high_unc_low_risk
ISIC_0028492,nv,nv,0.025913835,3.4545883e-05,auto_accept,low_unc_low_risk
ISIC_0024887,nv,nv,0.01255697,0.00083631504,auto_accept,low_unc_low_risk
ISIC_0027981,nv,nv,0.0004362464,1.3073022e-06,auto_accept,low_unc_low_risk
ISIC_0028947,nv,nv,0.032690465,0.0004695607,auto_accept,low_unc_low_risk
ISIC_0027910,nv,nv,0.0015851259,4.093965e-05,auto_accept,low_unc_low_risk
ISIC_0031727,nv,nv,0.19687968,0.006495153,auto_accept,low_unc_low_risk
ISIC_0032386,nv,nv,0.00019985437,5.4174798e-06,auto_accept,low_unc_low_risk
ISIC_0030182,nv,nv,0.074157,0.024286062,auto_accept,low_unc_low_risk
ISIC_0027739,bkl,bkl,0.14643562,0.008162503,auto_accept,low_unc_low_risk
ISIC_0025061,nv,nv,0.021040857,0.000112669564,auto_accept,low_unc_low_risk
ISIC_0028248,nv,nv,0.0010072589,0.00018577899,auto_accept,low_unc_low_risk
ISIC_0025445,nv,nv,0.0035300255,0.0010556596,auto_accept,low_unc_low_risk
ISIC_0028919,nv,nv,0.0042737722,0.00012117042,auto_accept,low_unc_low_risk
ISIC_0026302,nv,nv,4.386902e-05,3.0253557e-06,auto_accept,low_unc_low_risk
ISIC_0029791,bkl,mel,0.19812334,0.61933875,auto_accept,low_unc_low_risk
ISIC_0028555,bkl,bkl,0.0024223924,0.004202477,auto_accept,low_unc_low_risk
ISIC_0025294,nv,nv,0.00018519163,9.012311e-07,auto_accept,low_unc_low_risk
ISIC_0032335,bkl,bkl,0.008294582,0.056679342,auto_accept,low_unc_low_risk
ISIC_0024388,nv,nv,0.1239596,0.00017378193,auto_accept,low_unc_low_risk
ISIC_0025227,nv,nv,0.0029985309,1.0628939e-05,auto_accept,low_unc_low_risk
ISIC_0029646,nv,nv,3.9339066e-06,2.3106881e-07,auto_accept,low_unc_low_risk
ISIC_0025929,nv,nv,0.00038975477,9.1922e-06,auto_accept,low_unc_low_risk
ISIC_0027673,mel,mel,0.011887908,0.98344064,auto_accept,low_unc_low_risk
ISIC_0030102,nv,nv,0.027869523,0.00011525,auto_accept,low_unc_low_risk
ISIC_0026252,nv,nv,0.002792418,0.00017722744,auto_accept,low_unc_low_risk
ISIC_0033293,nv,nv,0.019373119,0.006304893,auto_accept,low_unc_low_risk
ISIC_0033284,bkl,bkl,0.1019721,0.001153659,auto_accept,low_unc_low_risk
ISIC_0025093,nv,nv,0.0013509393,1.4063962e-05,auto_accept,low_unc_low_risk
ISIC_0032097,nv,nv,0.0013821125,1.7790225e-06,auto_accept,low_unc_low_risk
ISIC_0026268,mel,mel,0.048891783,0.9686751,auto_accept,low_unc_low_risk
ISIC_0025116,nv,nv,0.0018978715,0.00048422487,auto_accept,low_unc_low_risk
ISIC_0028135,nv,nv,0.04606217,0.005161464,auto_accept,low_unc_low_risk
ISIC_0028031,nv,nv,0.00065511465,1.4334688e-06,auto_accept,low_unc_low_risk
ISIC_0032004,nv,nv,0.00733912,0.005978371,auto_accept,low_unc_low_risk
ISIC_0025032,bkl,bkl,0.04506266,0.056084126,auto_accept,low_unc_low_risk
ISIC_0033849,nv,nv,0.11353105,0.054846957,auto_accept,low_unc_low_risk
ISIC_0033756,nv,nv,0.20939982,0.11410391,auto_accept,low_unc_low_risk
ISIC_0026487,nv,nv,0.22015119,0.14511524,auto_accept,low_unc_low_risk
ISIC_0025581,nv,nv,0.03453195,0.015185042,auto_accept,low_unc_low_risk
ISIC_0026482,nv,nv,0.001024127,0.00022850408,auto_accept,low_unc_low_risk
ISIC_0025756,nv,nv,0.0010729432,0.00023436008,auto_accept,low_unc_low_risk
ISIC_0025080,nv,nv,0.005612731,6.7221285e-05,auto_accept,low_unc_low_risk
ISIC_0027709,nv,nv,0.01768148,0.00010871151,auto_accept,low_unc_low_risk
ISIC_0028471,nv,nv,0.005446315,0.0001865245,auto_accept,low_unc_low_risk
ISIC_0030624,nv,nv,0.00037777424,4.947528e-06,auto_accept,low_unc_low_risk
ISIC_0030643,nv,nv,0.015040934,5.931518e-05,auto_accept,low_unc_low_risk
ISIC_0027397,nv,df,0.1052264,0.17601548,auto_accept,low_unc_low_risk
ISIC_0027255,nv,nv,0.045277,0.016813252,auto_accept,low_unc_low_risk
ISIC_0029334,nv,nv,0.0012111068,2.8214536e-05,auto_accept,low_unc_low_risk
ISIC_0029797,nv,nv,0.00034153461,1.4672252e-08,auto_accept,low_unc_low_risk
ISIC_0029579,nv,nv,9.191036e-05,2.524268e-07,auto_accept,low_unc_low_risk
ISIC_0030567,nv,nv,0.008485794,1.8725317e-05,auto_accept,low_unc_low_risk
ISIC_0027253,mel,mel,0.12983865,0.84982646,auto_accept,low_unc_low_risk
ISIC_0024632,bcc,bcc,0.011960208,0.95886594,auto_accept,low_unc_low_risk
ISIC_0027887,nv,nv,0.004131198,9.148109e-05,auto_accept,low_unc_low_risk
ISIC_0030581,nv,nv,0.13082671,0.077744275,auto_accept,low_unc_low_risk
ISIC_0025736,nv,nv,0.0054612756,0.0001236728,auto_accept,low_unc_low_risk
ISIC_0033720,bcc,bcc,0.000798285,0.9982496,auto_accept,low_unc_low_risk
ISIC_0031826,nv,nv,0.00038725138,6.0531656e-06,auto_accept,low_unc_low_risk
ISIC_0027827,nv,nv,0.040239394,0.043295342,auto_accept,low_unc_low_risk
ISIC_0025146,nv,nv,0.0051749945,0.00094113755,auto_accept,low_unc_low_risk
ISIC_0027446,nv,nv,0.0006429553,2.405155e-06,auto_accept,low_unc_low_risk
ISIC_0028862,nv,nv,0.0018217564,6.2927174e-05,auto_accept,low_unc_low_risk
ISIC_0028084,bcc,bcc,0.0042784214,0.9790917,auto_accept,low_unc_low_risk
ISIC_0025343,nv,nv,5.4717064e-05,1.1552016e-05,auto_accept,low_unc_low_risk
ISIC_0027707,nv,nv,0.09004331,0.036636617,auto_accept,low_unc_low_risk
ISIC_0033981,mel,mel,0.03530872,0.918548,auto_accept,low_unc_low_risk
ISIC_0025698,nv,nv,9.62019e-05,6.624365e-06,auto_accept,low_unc_low_risk
ISIC_0030852,nv,nv,0.022311687,0.00017383759,auto_accept,low_unc_low_risk
ISIC_0026770,mel,nv,0.004103303,0.00023549929,auto_accept,low_unc_low_risk
ISIC_0028468,nv,nv,0.1293214,0.001263779,auto_accept,low_unc_low_risk
ISIC_0024591,nv,nv,0.0005813837,1.0704051e-05,auto_accept,low_unc_low_risk
ISIC_0026450,nv,nv,1.1920929e-05,1.282107e-07,auto_accept,low_unc_low_risk
ISIC_0028356,nv,nv,0.021143317,2.9871973e-05,auto_accept,low_unc_low_risk
ISIC_0032106,nv,nv,0.00024574995,9.1661065e-07,auto_accept,low_unc_low_risk
ISIC_0029319,mel,mel,0.037041128,0.9603677,auto_accept,low_unc_low_risk
ISIC_0029461,nv,nv,0.0024020076,3.192081e-05,auto_accept,low_unc_low_risk
ISIC_0025538,nv,nv,0.012782514,1.1791006e-05,auto_accept,low_unc_low_risk
ISIC_0029852,nv,nv,0.002511382,2.0679021e-05,auto_accept,low_unc_low_risk
ISIC_0029459,nv,nv,0.32184488,0.17729907,auto_accept,low_unc_low_risk
ISIC_0032676,nv,nv,0.0057594776,0.00010578648,auto_accept,low_unc_low_risk
ISIC_0028048,nv,nv,0.3903895,7.3512283e-06,escalate,high_unc_low_risk
ISIC_0025908,nv,nv,0.00974375,0.0063864687,auto_accept,low_unc_low_risk
ISIC_0030498,nv,nv,0.00016844273,8.552441e-07,auto_accept,low_unc_low_risk
ISIC_0027516,nv,nv,0.0036190152,2.0810085e-06,auto_accept,low_unc_low_risk
ISIC_0030327,nv,nv,4.6253204e-05,2.0132238e-06,auto_accept,low_unc_low_risk
ISIC_0026041,nv,nv,0.0020736456,1.4539378e-06,auto_accept,low_unc_low_risk
ISIC_0028911,nv,nv,0.0005558133,7.302171e-06,auto_accept,low_unc_low_risk
ISIC_0027165,nv,nv,0.022458613,0.00060091505,auto_accept,low_unc_low_risk
ISIC_0028416,nv,nv,0.0015913844,0.0006745256,auto_accept,low_unc_low_risk
ISIC_0026695,nv,nv,0.0010110736,0.00021591524,auto_accept,low_unc_low_risk
ISIC_0024765,nv,nv,0.006405413,0.00030887622,auto_accept,low_unc_low_risk
ISIC_0025987,mel,mel,0.004935205,0.98985344,auto_accept,low_unc_low_risk
ISIC_0034222,mel,nv,0.14255899,0.12426422,auto_accept,low_unc_low_risk
ISIC_0033875,nv,nv,0.042327225,0.010565294,auto_accept,low_unc_low_risk
ISIC_0024844,nv,nv,8.440018e-05,1.5299163e-07,auto_accept,low_unc_low_risk
ISIC_0026026,nv,nv,0.00027781725,3.1448399e-06,auto_accept,low_unc_low_risk
ISIC_0031502,nv,nv,0.00013184547,7.5557814e-06,auto_accept,low_unc_low_risk
ISIC_0031387,nv,nv,0.00056797266,8.051463e-06,auto_accept,low_unc_low_risk
ISIC_0033178,mel,mel,0.0843941,0.8662407,auto_accept,low_unc_low_risk
ISIC_0031202,nv,nv,0.015869558,0.0022102557,auto_accept,low_unc_low_risk
ISIC_0025892,nv,mel,0.13488168,0.7053976,auto_accept,low_unc_low_risk
ISIC_0029842,nv,nv,0.00094646215,1.0510862e-05,auto_accept,low_unc_low_risk
ISIC_0024815,nv,nv,0.2342382,2.2488412e-05,auto_accept,low_unc_low_risk
ISIC_0028723,nv,nv,0.0004467368,7.167985e-05,auto_accept,low_unc_low_risk
ISIC_0030751,nv,nv,0.0052224398,4.9550445e-06,auto_accept,low_unc_low_risk
ISIC_0026188,mel,bkl,0.53315127,0.2542751,escalate,high_unc_low_risk
ISIC_0026145,nv,nv,0.038729906,0.0035458195,auto_accept,low_unc_low_risk
ISIC_0032836,mel,nv,0.022976995,0.011836729,auto_accept,low_unc_low_risk
ISIC_0028397,nv,nv,0.00073724985,7.4038115e-05,auto_accept,low_unc_low_risk
ISIC_0025192,nv,nv,0.0016100407,1.0260695e-06,auto_accept,low_unc_low_risk
ISIC_0026307,nv,nv,0.0017168522,2.5546287e-05,auto_accept,low_unc_low_risk
ISIC_0027465,nv,nv,0.11806041,0.0024846026,auto_accept,low_unc_low_risk
ISIC_0024393,nv,nv,0.011392295,0.0034128649,auto_accept,low_unc_low_risk
ISIC_0026375,nv,nv,0.0042897463,8.126229e-06,auto_accept,low_unc_low_risk
ISIC_0034251,nv,nv,0.5069977,0.005217722,escalate,high_unc_low_risk
ISIC_0025583,bkl,bkl,0.033295214,0.16753933,auto_accept,low_unc_low_risk
ISIC_0033340,nv,nv,0.055677652,0.06271707,auto_accept,low_unc_low_risk
ISIC_0028906,nv,nv,0.00028938055,4.406329e-06,auto_accept,low_unc_low_risk
ISIC_0028210,nv,nv,0.024864078,0.00996802,auto_accept,low_unc_low_risk
ISIC_0024736,nv,nv,0.0008764863,1.850801e-06,auto_accept,low_unc_low_risk
ISIC_0034018,nv,nv,0.00063830614,5.393938e-05,auto_accept,low_unc_low_risk
ISIC_0026483,nv,nv,0.050974607,0.0005485843,auto_accept,low_unc_low_risk
ISIC_0027432,nv,nv,0.0045378804,0.0009754424,auto_accept,low_unc_low_risk
ISIC_0025837,bkl,bkl,0.0064851046,0.0025450394,auto_accept,low_unc_low_risk
ISIC_0031116,nv,nv,0.0005181432,8.292526e-06,auto_accept,low_unc_low_risk
ISIC_0025830,bkl,bkl,0.0066553354,0.028140858,auto_accept,low_unc_low_risk
ISIC_0024859,nv,nv,0.3645482,0.041606974,escalate,high_unc_low_risk
ISIC_0032231,nv,nv,0.012980938,0.0027794035,auto_accept,low_unc_low_risk
ISIC_0031775,nv,nv,0.0015871525,6.572015e-05,auto_accept,low_unc_low_risk
ISIC_0033059,nv,nv,0.002432704,0.00033628303,auto_accept,low_unc_low_risk
ISIC_0029223,nv,bkl,0.20039856,0.42498645,auto_accept,low_unc_low_risk
ISIC_0030904,nv,nv,0.0005108118,2.3663068e-05,auto_accept,low_unc_low_risk
ISIC_0025463,nv,nv,0.09907955,0.08572543,auto_accept,low_unc_low_risk
ISIC_0031347,nv,nv,0.01783818,0.0031936867,auto_accept,low_unc_low_risk
ISIC_0032856,mel,mel,0.12653339,0.7739076,auto_accept,low_unc_low_risk
ISIC_0027029,nv,nv,0.0072202086,0.0061162706,auto_accept,low_unc_low_risk
ISIC_0028889,nv,nv,0.00021904707,2.2352064e-05,auto_accept,low_unc_low_risk
ISIC_0033528,bkl,bkl,0.01569748,0.0343408,auto_accept,low_unc_low_risk
ISIC_0026705,nv,nv,0.007250428,0.0019905402,auto_accept,low_unc_low_risk
ISIC_0027527,bkl,bkl,0.005949676,0.026270453,auto_accept,low_unc_low_risk
ISIC_0024684,nv,bkl,0.34771317,6.201832e-05,auto_accept,low_unc_low_risk
ISIC_0030481,nv,nv,0.00027781725,2.2252336e-05,auto_accept,low_unc_low_risk
ISIC_0028966,nv,nv,0.0029460192,0.0010511847,auto_accept,low_unc_low_risk
ISIC_0033264,bkl,bkl,0.029086947,0.10583945,auto_accept,low_unc_low_risk
ISIC_0024657,nv,nv,0.03124547,0.009514716,auto_accept,low_unc_low_risk
ISIC_0024504,bcc,bcc,0.01683575,0.7392797,auto_accept,low_unc_low_risk
ISIC_0027880,nv,nv,0.022481859,0.00013534952,auto_accept,low_unc_low_risk
ISIC_0028639,nv,nv,0.033708453,0.0013197603,auto_accept,low_unc_low_risk
ISIC_0030155,nv,nv,0.22042888,0.002366592,auto_accept,low_unc_low_risk
ISIC_0034142,bkl,bkl,0.51422536,0.7246661,escalate,high_unc_low_risk
ISIC_0032594,nv,nv,0.1345383,0.09848992,auto_accept,low_unc_low_risk
ISIC_0027862,nv,nv,0.025089443,0.00057029066,auto_accept,low_unc_low_risk
ISIC_0029408,nv,nv,0.004891455,0.0006872992,auto_accept,low_unc_low_risk
ISIC_0025108,nv,nv,0.027689159,0.012523604,auto_accept,low_unc_low_risk
ISIC_0030109,nv,nv,0.0031440258,2.642338e-05,auto_accept,low_unc_low_risk
ISIC_0027948,nv,mel,0.27843893,0.5673544,auto_accept,low_unc_low_risk
ISIC_0026272,nv,nv,0.001010716,1.0196538e-05,auto_accept,low_unc_low_risk
ISIC_0029506,nv,nv,0.0017704368,3.58266e-05,auto_accept,low_unc_low_risk
ISIC_0026002,nv,nv,0.0002720952,4.4887736e-05,auto_accept,low_unc_low_risk
ISIC_0028267,nv,nv,0.00016367435,3.3553122e-05,auto_accept,low_unc_low_risk
ISIC_0026624,nv,nv,0.000991106,0.00010546939,auto_accept,low_unc_low_risk
ISIC_0032155,nv,nv,0.035415232,6.532956e-05,auto_accept,low_unc_low_risk
ISIC_0031706,vasc,vasc,1.0371208e-05,0.0001676628,auto_accept,low_unc_low_risk
ISIC_0032659,nv,nv,0.034451187,0.022342507,auto_accept,low_unc_low_risk
ISIC_0024801,nv,nv,0.0003567934,8.934096e-07,auto_accept,low_unc_low_risk
ISIC_0026133,nv,nv,0.1197021,0.084626496,auto_accept,low_unc_low_risk
ISIC_0029931,bkl,bkl,0.005940914,0.015311847,auto_accept,low_unc_low_risk
ISIC_0027351,nv,nv,0.08429968,0.06377509,auto_accept,low_unc_low_risk
ISIC_0025997,nv,nv,0.000121712685,1.4176295e-05,auto_accept,low_unc_low_risk
ISIC_0033775,nv,nv,0.026847899,0.0046665603,auto_accept,low_unc_low_risk
ISIC_0026629,df,df,1.4662743e-05,0.0001439971,auto_accept,low_unc_low_risk
ISIC_0029662,nv,nv,0.028465688,0.00036573553,auto_accept,low_unc_low_risk
ISIC_0025670,nv,nv,0.006629348,0.0014810115,auto_accept,low_unc_low_risk
ISIC_0030009,nv,nv,0.0010043979,6.782974e-05,auto_accept,low_unc_low_risk
ISIC_0026010,nv,nv,0.014603913,0.0011198882,auto_accept,low_unc_low_risk
ISIC_0027824,nv,nv,0.0038511753,0.0015989565,auto_accept,low_unc_low_risk
ISIC_0027288,nv,nv,0.043394566,3.3397082e-05,auto_accept,low_unc_low_risk
ISIC_0029393,nv,nv,0.006455779,0.0029518818,auto_accept,low_unc_low_risk
ISIC_0027112,nv,nv,0.026115239,0.0009474204,auto_accept,low_unc_low_risk
ISIC_0026400,nv,nv,0.054297507,0.03041672,auto_accept,low_unc_low_risk
ISIC_0030482,nv,nv,0.0012595057,4.0828214e-05,auto_accept,low_unc_low_risk
ISIC_0030564,mel,bkl,0.058592618,0.10649165,auto_accept,low_unc_low_risk
ISIC_0026184,nv,nv,0.0043111444,1.50472315e-05,auto_accept,low_unc_low_risk
ISIC_0029726,mel,mel,0.1025421,0.88118345,auto_accept,low_unc_low_risk
ISIC_0031456,nv,nv,0.02870363,5.4077977e-05,auto_accept,low_unc_low_risk
ISIC_0030316,bkl,nv,0.4352728,0.0005443201,escalate,high_unc_low_risk
ISIC_0029038,nv,nv,0.13447642,0.045648854,auto_accept,low_unc_low_risk
ISIC_0026326,nv,bcc,0.017491579,0.9848087,auto_accept,low_unc_low_risk
ISIC_0026987,nv,nv,0.0018194914,0.00061013683,auto_accept,low_unc_low_risk
ISIC_0032113,bkl,nv,0.38928688,1.1930073e-05,escalate,high_unc_low_risk
ISIC_0029293,nv,nv,0.014416575,0.013910507,auto_accept,low_unc_low_risk
ISIC_0029629,nv,nv,0.0013970733,1.9510064e-06,auto_accept,low_unc_low_risk
ISIC_0024377,nv,nv,0.04739213,0.05163105,auto_accept,low_unc_low_risk
ISIC_0032945,nv,nv,0.0068467855,0.0023773296,auto_accept,low_unc_low_risk
ISIC_0027076,mel,nv,0.35937965,0.23796605,escalate,high_unc_low_risk
ISIC_0030571,nv,nv,0.0005723834,7.008919e-05,auto_accept,low_unc_low_risk
ISIC_0029807,nv,nv,0.018625796,0.0019210688,auto_accept,low_unc_low_risk
ISIC_0030035,nv,nv,0.022715986,0.0026886412,auto_accept,low_unc_low_risk
ISIC_0027022,nv,nv,0.0007445216,1.2873383e-05,auto_accept,low_unc_low_risk
ISIC_0026276,bkl,bkl,0.23731762,0.6572461,auto_accept,low_unc_low_risk
ISIC_0029256,nv,nv,0.00011181831,1.7039101e-06,auto_accept,low_unc_low_risk
ISIC_0027745,df,df,2.3841858e-07,2.8000797e-05,auto_accept,low_unc_low_risk
ISIC_0033360,nv,nv,0.29049402,0.13214809,auto_accept,low_unc_low_risk
ISIC_0028018,nv,nv,5.1140785e-05,2.3175262e-06,auto_accept,low_unc_low_risk
ISIC_0024479,nv,nv,0.029727757,0.0043922053,auto_accept,low_unc_low_risk
ISIC_0028832,nv,nv,0.031630754,0.0008190247,auto_accept,low_unc_low_risk
ISIC_0027740,nv,nv,0.00090265274,3.950165e-05,auto_accept,low_unc_low_risk
ISIC_0033308,nv,nv,0.0005059242,5.3825174e-06,auto_accept,low_unc_low_risk
ISIC_0028281,nv,nv,0.021160126,0.0059813047,auto_accept,low_unc_low_risk
ISIC_0027423,nv,nv,0.003593862,0.0008053128,auto_accept,low_unc_low_risk
ISIC_0029689,nv,nv,0.00018900633,8.581889e-08,auto_accept,low_unc_low_risk
ISIC_0032586,mel,mel,0.16891557,0.70829064,auto_accept,low_unc_low_risk
ISIC_0024773,bkl,bkl,0.14425063,0.29558358,auto_accept,low_unc_low_risk
ISIC_0031049,nv,nv,0.00666672,0.0038039754,auto_accept,low_unc_low_risk
ISIC_0024521,nv,nv,0.06871599,0.0010753983,auto_accept,low_unc_low_risk
ISIC_0028328,nv,nv,0.022698224,0.00051649526,auto_accept,low_unc_low_risk
ISIC_0026681,nv,nv,0.0013056397,3.422251e-05,auto_accept,low_unc_low_risk
ISIC_0025850,nv,nv,0.26566994,0.15834239,auto_accept,low_unc_low_risk
ISIC_0026928,nv,nv,0.0063174963,6.435317e-05,auto_accept,low_unc_low_risk
ISIC_0031383,nv,nv,0.027466834,0.0014865043,auto_accept,low_unc_low_risk
ISIC_0027378,nv,nv,0.037036717,0.0003850321,auto_accept,low_unc_low_risk
ISIC_0033467,nv,nv,0.0059568286,0.0003048821,auto_accept,low_unc_low_risk
ISIC_0033374,nv,nv,0.007095039,0.0027451825,auto_accept,low_unc_low_risk
ISIC_0024538,nv,nv,0.00699234,0.002773688,auto_accept,low_unc_low_risk
ISIC_0032477,nv,nv,0.004903972,0.00041412128,auto_accept,low_unc_low_risk
ISIC_0029048,bkl,bkl,0.050789297,7.0813076e-05,auto_accept,low_unc_low_risk
ISIC_0029338,nv,nv,0.00103724,1.2675956e-06,auto_accept,low_unc_low_risk
ISIC_0031784,mel,mel,0.018841505,0.96550983,auto_accept,low_unc_low_risk
ISIC_0024895,nv,nv,0.00052446127,3.7956274e-06,auto_accept,low_unc_low_risk
ISIC_0027454,bkl,bkl,0.01602757,0.10556529,auto_accept,low_unc_low_risk
ISIC_0024941,nv,nv,0.17190021,0.01390389,auto_accept,low_unc_low_risk
ISIC_0024810,nv,nv,0.0042055845,0.00024253581,auto_accept,low_unc_low_risk
ISIC_0027863,mel,mel,0.13854593,0.9726323,auto_accept,low_unc_low_risk
ISIC_0028424,nv,nv,0.00019592047,7.108184e-06,auto_accept,low_unc_low_risk
ISIC_0032093,nv,nv,0.0031558275,0.0007648013,auto_accept,low_unc_low_risk
ISIC_0031334,bkl,bkl,0.056237638,0.09030524,auto_accept,low_unc_low_risk
ISIC_0026848,akiec,akiec,0.007871509,0.93434364,auto_accept,low_unc_low_risk
ISIC_0025451,mel,nv,0.030890286,0.013799154,auto_accept,low_unc_low_risk
ISIC_0025872,nv,nv,0.00040000677,1.5364786e-07,auto_accept,low_unc_low_risk
ISIC_0026919,nv,nv,0.0041692853,0.00024156446,auto_accept,low_unc_low_risk
ISIC_0030477,nv,nv,0.0019767284,0.00026558482,auto_accept,low_unc_low_risk
ISIC_0031659,akiec,akiec,0.28669542,0.7201085,auto_accept,low_unc_low_risk
ISIC_0028651,df,df,0.0008018613,0.000331747,auto_accept,low_unc_low_risk
ISIC_0030306,nv,nv,0.0083088875,7.579212e-08,auto_accept,low_unc_low_risk
ISIC_0034162,mel,mel,0.0063868165,0.9887889,auto_accept,low_unc_low_risk
ISIC_0025359,nv,nv,0.00046539307,2.6357542e-05,auto_accept,low_unc_low_risk
ISIC_0030983,nv,nv,0.004602015,3.3809432e-05,auto_accept,low_unc_low_risk
ISIC_0032672,mel,mel,0.026418746,0.9740139,auto_accept,low_unc_low_risk
ISIC_0034034,mel,mel,0.08563906,0.9074671,auto_accept,low_unc_low_risk
ISIC_0033529,bkl,bkl,0.037549615,0.00087729015,auto_accept,low_unc_low_risk
ISIC_0032615,nv,nv,0.006807506,0.0020871677,auto_accept,low_unc_low_risk
ISIC_0033574,nv,nv,0.0004451871,1.2214323e-05,auto_accept,low_unc_low_risk
ISIC_0025051,nv,nv,0.06093508,0.033532415,auto_accept,low_unc_low_risk
ISIC_0027988,nv,nv,0.13234836,0.0027994728,auto_accept,low_unc_low_risk
ISIC_0027142,bkl,nv,0.020873308,0.00029127227,auto_accept,low_unc_low_risk
ISIC_0032542,nv,mel,0.132326,0.70818937,auto_accept,low_unc_low_risk
ISIC_0030541,nv,nv,0.009441853,5.5413566e-06,auto_accept,low_unc_low_risk
ISIC_0025213,nv,nv,0.0029523969,0.0001223209,auto_accept,low_unc_low_risk
ISIC_0025303,mel,mel,0.10508913,0.82397294,auto_accept,low_unc_low_risk
ISIC_0030014,mel,mel,0.1892783,0.5559859,auto_accept,low_unc_low_risk
ISIC_0026474,nv,nv,0.0007144809,0.00012357897,auto_accept,low_unc_low_risk
ISIC_0027557,nv,nv,0.0005517602,3.4718283e-05,auto_accept,low_unc_low_risk
ISIC_0027220,nv,nv,0.0007947087,2.3517134e-05,auto_accept,low_unc_low_risk
ISIC_0029162,nv,nv,0.054819882,0.02118583,auto_accept,low_unc_low_risk
ISIC_0024631,nv,nv,0.00026887655,4.751154e-06,auto_accept,low_unc_low_risk
ISIC_0030905,nv,nv,0.009280086,2.8986751e-05,auto_accept,low_unc_low_risk
ISIC_0030322,nv,nv,0.01807636,0.00043595873,auto_accept,low_unc_low_risk
ISIC_0031628,nv,nv,0.23351711,2.2083215e-05,auto_accept,low_unc_low_risk
ISIC_0033319,nv,nv,0.030416787,0.0066574616,auto_accept,low_unc_low_risk
ISIC_0031580,bkl,bkl,0.001982808,0.0011360208,auto_accept,low_unc_low_risk
ISIC_0028101,nv,nv,0.0033951998,0.0010952972,auto_accept,low_unc_low_risk
ISIC_0026597,nv,nv,0.011497378,0.0012725083,auto_accept,low_unc_low_risk
ISIC_0031914,nv,nv,0.011166692,2.5764006e-05,auto_accept,low_unc_low_risk
ISIC_0026347,nv,nv,0.06424308,0.010598043,auto_accept,low_unc_low_risk
ISIC_0029306,nv,nv,0.002078712,0.00017467685,auto_accept,low_unc_low_risk
ISIC_0028384,nv,bkl,0.06489593,0.0026101875,auto_accept,low_unc_low_risk
ISIC_0027773,nv,nv,6.902218e-05,3.825058e-07,auto_accept,low_unc_low_risk
ISIC_0030385,nv,nv,0.015980244,0.00014975843,auto_accept,low_unc_low_risk
ISIC_0026662,nv,nv,0.0068838,2.1600474e-07,auto_accept,low_unc_low_risk
ISIC_0034043,nv,nv,0.16507232,0.12507589,auto_accept,low_unc_low_risk
ISIC_0026628,nv,nv,0.00029343367,4.4502903e-07,auto_accept,low_unc_low_risk
ISIC_0033435,nv,nv,0.007994592,0.0014846629,auto_accept,low_unc_low_risk
ISIC_0026357,nv,nv,0.0018180609,1.2529769e-05,auto_accept,low_unc_low_risk
ISIC_0033647,nv,nv,0.004373193,0.00064715924,auto_accept,low_unc_low_risk
ISIC_0026863,nv,nv,0.0009339452,0.00030904618,auto_accept,low_unc_low_risk
ISIC_0025311,nv,nv,0.005966842,0.0013525911,auto_accept,low_unc_low_risk
ISIC_0024903,nv,nv,0.00062447786,8.010557e-05,auto_accept,low_unc_low_risk
ISIC_0030717,nv,nv,0.0014819503,1.2265963e-05,auto_accept,low_unc_low_risk
ISIC_0032028,nv,nv,0.048516035,0.0035435387,auto_accept,low_unc_low_risk
ISIC_0033645,nv,mel,0.3402251,0.6442685,auto_accept,low_unc_low_risk
ISIC_0025930,nv,nv,0.0012837648,1.766414e-05,auto_accept,low_unc_low_risk
ISIC_0029550,nv,nv,0.121653914,0.0006254298,auto_accept,low_unc_low_risk
ISIC_0024605,nv,nv,0.0073064566,0.00068690267,auto_accept,low_unc_low_risk
ISIC_0032307,bcc,bkl,0.014601946,0.02636621,auto_accept,low_unc_low_risk
ISIC_0033636,mel,mel,0.227525,0.84543586,auto_accept,low_unc_low_risk
ISIC_0031388,nv,nv,0.0027371645,0.0028780252,auto_accept,low_unc_low_risk
ISIC_0030613,nv,nv,0.0007273555,3.957415e-05,auto_accept,low_unc_low_risk
ISIC_0027683,nv,nv,0.0054380298,0.0004368967,auto_accept,low_unc_low_risk
ISIC_0033233,nv,nv,0.14916867,0.003868114,auto_accept,low_unc_low_risk
ISIC_0030140,nv,nv,0.11066669,0.08629336,auto_accept,low_unc_low_risk
ISIC_0032207,mel,nv,0.112232625,0.00058788504,auto_accept,low_unc_low_risk
ISIC_0028095,bcc,bcc,0.0026082993,0.9496912,auto_accept,low_unc_low_risk
ISIC_0026485,nv,nv,0.002033472,0.00023447721,auto_accept,low_unc_low_risk
ISIC_0030345,nv,nv,0.0052161813,1.2448588e-05,auto_accept,low_unc_low_risk
ISIC_0028764,mel,mel,0.1357047,0.8174648,auto_accept,low_unc_low_risk
ISIC_0031840,nv,nv,0.0006933212,1.300988e-06,auto_accept,low_unc_low_risk
ISIC_0025484,bkl,bkl,0.013625979,0.034456752,auto_accept,low_unc_low_risk
ISIC_0030433,nv,nv,0.044513464,9.957533e-05,auto_accept,low_unc_low_risk
ISIC_0024689,nv,nv,0.012673795,0.00144296,auto_accept,low_unc_low_risk
ISIC_0026208,nv,nv,0.0007876158,3.541645e-05,auto_accept,low_unc_low_risk
ISIC_0029619,nv,nv,0.007894516,1.2007815e-05,auto_accept,low_unc_low_risk
ISIC_0028833,nv,nv,0.00024455786,3.0201957e-06,auto_accept,low_unc_low_risk
ISIC_0032956,nv,nv,0.019277036,0.012094219,auto_accept,low_unc_low_risk
ISIC_0031856,nv,nv,0.0037347674,0.00022455036,auto_accept,low_unc_low_risk
ISIC_0032807,mel,mel,0.0115353465,0.98511434,auto_accept,low_unc_low_risk
ISIC_0030048,nv,nv,2.026558e-05,1.785177e-07,auto_accept,low_unc_low_risk
ISIC_0030239,nv,nv,0.021667302,0.00033076832,auto_accept,low_unc_low_risk
ISIC_0033718,nv,nv,0.00064355135,7.278802e-05,auto_accept,low_unc_low_risk
ISIC_0025464,nv,nv,0.0005221963,0.00022045642,auto_accept,low_unc_low_risk
ISIC_0024584,nv,nv,0.009782791,1.7430233e-05,auto_accept,low_unc_low_risk
ISIC_0032880,nv,nv,0.0015435219,0.0003611212,auto_accept,low_unc_low_risk
ISIC_0027353,nv,nv,0.00017142296,1.3926448e-06,auto_accept,low_unc_low_risk
ISIC_0030902,nv,nv,0.018282413,0.0006932367,auto_accept,low_unc_low_risk
ISIC_0031099,nv,nv,0.00035858154,1.3844547e-06,auto_accept,low_unc_low_risk
ISIC_0025757,nv,nv,0.03847629,0.008057341,auto_accept,low_unc_low_risk
ISIC_0026363,nv,nv,0.0011826158,7.5767e-05,auto_accept,low_unc_low_risk
ISIC_0030749,nv,nv,0.00024181604,1.2632797e-05,auto_accept,low_unc_low_risk
ISIC_0033451,nv,nv,0.16830218,0.0021946067,auto_accept,low_unc_low_risk
ISIC_0027126,mel,mel,0.0618394,0.98796535,auto_accept,low_unc_low_risk
ISIC_0033258,mel,mel,0.022615552,0.9450918,auto_accept,low_unc_low_risk
ISIC_0025246,nv,nv,0.0009185076,6.2999757e-06,auto_accept,low_unc_low_risk
ISIC_0033464,nv,nv,0.014787316,0.008332566,auto_accept,low_unc_low_risk
ISIC_0026821,nv,nv,0.00062280893,4.4691888e-06,auto_accept,low_unc_low_risk
ISIC_0031153,nv,nv,0.007850051,4.856782e-05,auto_accept,low_unc_low_risk
ISIC_0034094,mel,mel,0.012665749,0.98319775,auto_accept,low_unc_low_risk
ISIC_0030418,nv,nv,0.0012724996,0.00016381235,auto_accept,low_unc_low_risk
ISIC_0028447,nv,bkl,0.3082242,0.1414431,auto_accept,low_unc_low_risk
ISIC_0030754,mel,nv,0.23103052,0.06478981,auto_accept,low_unc_low_risk
ISIC_0032977,nv,nv,0.046649754,0.029032463,auto_accept,low_unc_low_risk
ISIC_0031915,mel,nv,0.38891387,0.25793666,escalate,high_unc_low_risk
ISIC_0033394,mel,mel,0.0010453463,0.9979038,auto_accept,low_unc_low_risk
ISIC_0031484,nv,nv,0.0032390952,1.869602e-06,auto_accept,low_unc_low_risk
ISIC_0027487,mel,nv,0.5244442,0.470295,escalate,high_unc_low_risk
ISIC_0029188,nv,nv,0.10191989,0.001161093,auto_accept,low_unc_low_risk
ISIC_0025599,vasc,vasc,0.00012111664,0.015493412,auto_accept,low_unc_low_risk
ISIC_0032467,nv,nv,0.0020182133,1.4838354e-05,auto_accept,low_unc_low_risk
ISIC_0026799,nv,nv,0.0019034743,0.0004744471,auto_accept,low_unc_low_risk
ISIC_0034185,nv,nv,0.013809919,0.012793644,auto_accept,low_unc_low_risk
ISIC_0029916,nv,nv,0.0001320839,8.506714e-06,auto_accept,low_unc_low_risk
ISIC_0025382,nv,nv,0.061599374,0.0008851392,auto_accept,low_unc_low_risk
ISIC_0033916,nv,nv,0.13202769,0.039141435,auto_accept,low_unc_low_risk
ISIC_0031944,nv,nv,0.0013000965,2.6180778e-05,auto_accept,low_unc_low_risk
ISIC_0030731,bkl,bkl,0.017847717,0.00025208818,auto_accept,low_unc_low_risk
ISIC_0034309,nv,nv,0.010475278,0.001357839,auto_accept,low_unc_low_risk
ISIC_0030435,nv,nv,0.00011205673,9.0775393e-07,auto_accept,low_unc_low_risk
ISIC_0029280,nv,nv,0.00067031384,9.727001e-05,auto_accept,low_unc_low_risk
ISIC_0027256,vasc,vasc,4.7683716e-06,1.3732767e-05,auto_accept,low_unc_low_risk
ISIC_0032338,nv,nv,0.07442933,0.06192423,auto_accept,low_unc_low_risk
ISIC_0024473,nv,nv,0.09948391,0.056673758,auto_accept,low_unc_low_risk
ISIC_0028575,nv,nv,0.0031475425,0.0001589607,auto_accept,low_unc_low_risk
ISIC_0033285,nv,nv,0.04024005,0.0077304337,auto_accept,low_unc_low_risk
ISIC_0026030,nv,mel,0.29278326,0.56602424,auto_accept,low_unc_low_risk
ISIC_0032540,nv,nv,0.066782296,0.031363867,auto_accept,low_unc_low_risk
ISIC_0031808,bkl,bkl,0.30813062,0.13977705,auto_accept,low_unc_low_risk
ISIC_0025174,nv,nv,0.000782609,0.000116498675,auto_accept,low_unc_low_risk
ISIC_0033503,nv,nv,0.05917293,0.011844968,auto_accept,low_unc_low_risk
ISIC_0026918,nv,nv,0.001204133,5.4630787e-06,auto_accept,low_unc_low_risk
ISIC_0024766,nv,nv,0.00047540665,1.7117899e-06,auto_accept,low_unc_low_risk
ISIC_0027262,nv,nv,0.058920443,0.011245838,auto_accept,low_unc_low_risk
ISIC_0028731,nv,nv,0.076167166,0.042674765,auto_accept,low_unc_low_risk
ISIC_0027000,nv,nv,0.0004850626,2.3878738e-07,auto_accept,low_unc_low_risk
ISIC_0031189,mel,mel,0.0060480237,0.99380904,auto_accept,low_unc_low_risk
ISIC_0031557,mel,mel,0.0057594776,0.98873365,auto_accept,low_unc_low_risk
ISIC_0033276,nv,nv,0.0328691,0.011910582,auto_accept,low_unc_low_risk
ISIC_0031511,bkl,bkl,0.00020986795,1.2600134e-06,auto_accept,low_unc_low_risk
ISIC_0029965,nv,nv,0.0012364388,5.9087847e-06,auto_accept,low_unc_low_risk
ISIC_0024610,nv,nv,0.0009653568,0.00017316925,auto_accept,low_unc_low_risk
ISIC_0025224,nv,nv,0.02432394,0.013809061,auto_accept,low_unc_low_risk
ISIC_0030195,nv,nv,0.0041645765,4.0699465e-06,auto_accept,low_unc_low_risk
ISIC_0025110,nv,nv,0.0049969554,0.0013471954,auto_accept,low_unc_low_risk
ISIC_0028661,nv,nv,0.0055045485,0.00024664734,auto_accept,low_unc_low_risk
ISIC_0030596,nv,nv,0.046328068,0.0004304713,auto_accept,low_unc_low_risk
ISIC_0024727,nv,nv,0.41563797,0.043850273,escalate,high_unc_low_risk
ISIC_0027995,nv,nv,0.0033441782,0.001078865,auto_accept,low_unc_low_risk
ISIC_0025412,nv,nv,0.0030853748,1.3720056e-05,auto_accept,low_unc_low_risk
ISIC_0032600,nv,nv,0.045814753,0.025261464,auto_accept,low_unc_low_risk
ISIC_0031025,mel,mel,0.20396876,0.67055863,auto_accept,low_unc_low_risk
ISIC_0033518,mel,mel,0.002936542,0.99319226,auto_accept,low_unc_low_risk
ISIC_0031912,nv,nv,0.00074738264,1.5011667e-06,auto_accept,low_unc_low_risk
ISIC_0032135,akiec,akiec,0.35342216,0.74319166,escalate,high_unc_low_risk
ISIC_0028617,nv,nv,0.0013201833,6.26662e-05,auto_accept,low_unc_low_risk
ISIC_0026172,nv,nv,0.0060818195,0.00033327844,auto_accept,low_unc_low_risk
ISIC_0027574,nv,nv,0.04558587,0.0018266158,auto_accept,low_unc_low_risk
ISIC_0030732,nv,mel,0.13882017,0.93150526,auto_accept,low_unc_low_risk
ISIC_0025589,mel,mel,0.10918188,0.84407353,auto_accept,low_unc_low_risk
ISIC_0033675,df,df,0.0020059347,0.006697855,auto_accept,low_unc_low_risk
ISIC_0033838,nv,nv,0.08230114,0.06968458,auto_accept,low_unc_low_risk
ISIC_0024348,nv,nv,0.009774506,3.5942438e-05,auto_accept,low_unc_low_risk
ISIC_0030179,nv,nv,0.00564152,0.0016436504,auto_accept,low_unc_low_risk
ISIC_0031296,nv,nv,0.0021749735,2.8214886e-06,auto_accept,low_unc_low_risk
ISIC_0024758,bkl,bkl,0.0133295655,0.033181496,auto_accept,low_unc_low_risk
ISIC_0028751,nv,nv,0.016373932,0.0063737608,auto_accept,low_unc_low_risk
ISIC_0027369,nv,nv,0.04570383,0.007245169,auto_accept,low_unc_low_risk
ISIC_0026038,nv,nv,0.00382483,5.30185e-06,auto_accept,low_unc_low_risk
ISIC_0031120,nv,nv,0.006673932,0.0005570836,auto_accept,low_unc_low_risk
ISIC_0033802,mel,mel,0.23983765,0.5741481,auto_accept,low_unc_low_risk
ISIC_0031535,nv,nv,0.00722152,5.1362804e-05,auto_accept,low_unc_low_risk
ISIC_0026352,mel,nv,0.008131504,0.0037988056,auto_accept,low_unc_low_risk
ISIC_0033055,mel,mel,0.27839434,0.6074115,auto_accept,low_unc_low_risk
ISIC_0026472,nv,nv,0.0003579855,1.1328367e-05,auto_accept,low_unc_low_risk
ISIC_0025437,nv,nv,0.0034032464,0.001597091,auto_accept,low_unc_low_risk
ISIC_0032442,nv,nv,0.007014334,6.4918e-05,auto_accept,low_unc_low_risk
ISIC_0031028,nv,nv,0.0009242296,0.00017112012,auto_accept,low_unc_low_risk
ISIC_0026680,nv,nv,0.011027396,0.00067200686,auto_accept,low_unc_low_risk
ISIC_0032366,nv,nv,0.008652747,5.0187693e-05,auto_accept,low_unc_low_risk
ISIC_0027129,nv,nv,0.0012726188,0.00022708016,auto_accept,low_unc_low_risk
ISIC_0027873,nv,nv,0.024025083,0.011904708,auto_accept,low_unc_low_risk
ISIC_0031617,nv,mel,0.3716151,0.5901857,escalate,high_unc_low_risk
ISIC_0031193,nv,nv,0.0028954148,0.0004721372,auto_accept,low_unc_low_risk
ISIC_0029710,nv,nv,0.0018233061,0.00096187566,auto_accept,low_unc_low_risk
ISIC_0031962,nv,nv,0.00014674664,1.1114304e-05,auto_accept,low_unc_low_risk
ISIC_0027594,nv,nv,0.003971696,0.00053888065,auto_accept,low_unc_low_risk
ISIC_0028793,nv,bkl,0.44628352,0.006190807,escalate,high_unc_low_risk
ISIC_0031469,nv,nv,0.0068979263,0.000871254,auto_accept,low_unc_low_risk
ISIC_0024919,nv,nv,0.00012075901,7.8227185e-06,auto_accept,low_unc_low_risk
ISIC_0031751,nv,nv,0.0022163987,0.00022702648,auto_accept,low_unc_low_risk
ISIC_0025030,bkl,bkl,0.004976988,0.013001185,auto_accept,low_unc_low_risk
ISIC_0027215,nv,nv,0.0001731515,2.202941e-05,auto_accept,low_unc_low_risk
ISIC_0032610,mel,nv,0.009816825,0.0010018065,auto_accept,low_unc_low_risk
ISIC_0032453,nv,nv,0.025771618,0.0051166825,auto_accept,low_unc_low_risk
ISIC_0026484,nv,nv,0.0051783323,0.00066644663,auto_accept,low_unc_low_risk
ISIC_0024544,nv,nv,7.7962875e-05,6.3437916e-08,auto_accept,low_unc_low_risk
ISIC_0034207,nv,nv,0.01617366,0.009830125,auto_accept,low_unc_low_risk
ISIC_0033162,nv,nv,0.018266082,0.021497812,auto_accept,low_unc_low_risk
ISIC_0032716,mel,mel,0.0038231611,0.99283206,auto_accept,low_unc_low_risk
ISIC_0030290,nv,nv,0.0086868405,9.354453e-05,auto_accept,low_unc_low_risk
ISIC_0031899,nv,nv,0.0007919669,1.9024765e-05,auto_accept,low_unc_low_risk
ISIC_0029650,nv,nv,0.029810786,0.0066918554,auto_accept,low_unc_low_risk
ISIC_0030018,nv,nv,0.0067442656,7.9468744e-05,auto_accept,low_unc_low_risk
ISIC_0027116,nv,nv,0.0013248324,5.4759144e-05,auto_accept,low_unc_low_risk
ISIC_0027547,nv,nv,0.0003284216,2.1581131e-06,auto_accept,low_unc_low_risk
ISIC_0031586,mel,mel,0.17440224,0.74265623,auto_accept,low_unc_low_risk
ISIC_0031490,nv,nv,0.008527696,1.7425048e-06,auto_accept,low_unc_low_risk
ISIC_0032117,nv,nv,0.001247406,2.8471908e-05,auto_accept,low_unc_low_risk
ISIC_0029021,mel,nv,0.18686908,0.14185497,auto_accept,low_unc_low_risk
ISIC_0026364,nv,nv,0.0005993843,9.1282316e-05,auto_accept,low_unc_low_risk
ISIC_0026666,nv,nv,0.036318123,0.0019178495,auto_accept,low_unc_low_risk
ISIC_0027835,nv,nv,0.00043159723,5.276114e-05,auto_accept,low_unc_low_risk
ISIC_0029511,nv,nv,0.057822227,0.00031693417,auto_accept,low_unc_low_risk
ISIC_0025269,nv,nv,0.00033390522,1.4685723e-05,auto_accept,low_unc_low_risk
ISIC_0025021,nv,nv,0.00041812658,2.530675e-06,auto_accept,low_unc_low_risk
ISIC_0027290,nv,nv,0.00802052,0.008998304,auto_accept,low_unc_low_risk
ISIC_0026768,nv,nv,0.0060765147,0.00028985893,auto_accept,low_unc_low_risk
ISIC_0026418,nv,nv,0.09921181,0.009599578,auto_accept,low_unc_low_risk
ISIC_0033604,nv,nv,0.16493875,0.081466034,auto_accept,low_unc_low_risk
ISIC_0027592,nv,nv,0.0077323318,3.021999e-05,auto_accept,low_unc_low_risk
ISIC_0028394,nv,nv,0.0007223487,6.1606115e-05,auto_accept,low_unc_low_risk
ISIC_0025007,nv,nv,0.00020354986,3.5348294e-05,auto_accept,low_unc_low_risk
ISIC_0031854,nv,nv,0.002412796,3.3146946e-06,auto_accept,low_unc_low_risk
ISIC_0027170,nv,nv,0.016719341,0.021442994,auto_accept,low_unc_low_risk
ISIC_0033173,nv,nv,0.0021549463,0.002094257,auto_accept,low_unc_low_risk
ISIC_0028782,nv,nv,0.000808537,0.00012650099,auto_accept,low_unc_low_risk
ISIC_0027725,nv,nv,0.038254023,0.013987072,auto_accept,low_unc_low_risk
ISIC_0028070,nv,nv,0.00062829256,7.5056096e-06,auto_accept,low_unc_low_risk
ISIC_0028985,nv,nv,0.0024142265,0.0001676983,auto_accept,low_unc_low_risk
ISIC_0033315,nv,nv,0.06784421,0.014910853,auto_accept,low_unc_low_risk
ISIC_0030554,nv,nv,0.0013578534,3.6835002e-06,auto_accept,low_unc_low_risk
ISIC_0030610,nv,nv,0.00055366755,4.4870536e-05,auto_accept,low_unc_low_risk
ISIC_0028280,nv,nv,0.012463152,0.003495163,auto_accept,low_unc_low_risk
ISIC_0026415,nv,nv,0.00020164251,4.1666095e-05,auto_accept,low_unc_low_risk
ISIC_0026447,nv,nv,0.0010171533,0.0004714534,auto_accept,low_unc_low_risk
ISIC_0026915,nv,nv,0.001398027,0.00021558383,auto_accept,low_unc_low_risk
ISIC_0030058,nv,nv,0.041067004,0.0016352689,auto_accept,low_unc_low_risk
ISIC_0032336,nv,nv,0.0040571094,0.00030245536,auto_accept,low_unc_low_risk
ISIC_0027429,nv,nv,0.18286818,0.1435467,auto_accept,low_unc_low_risk
ISIC_0024866,nv,nv,0.002444923,0.00010583975,auto_accept,low_unc_low_risk
ISIC_0033794,nv,mel,0.50666714,0.4355893,escalate,high_unc_low_risk
ISIC_0029834,nv,nv,0.00796479,0.0005775952,auto_accept,low_unc_low_risk
ISIC_0033526,mel,mel,0.096710265,0.8600693,auto_accept,low_unc_low_risk
ISIC_0028637,nv,mel,0.064285874,0.93960035,auto_accept,low_unc_low_risk
ISIC_0031398,nv,nv,0.0052174926,2.6224632e-05,auto_accept,low_unc_low_risk
ISIC_0026730,nv,nv,0.0144126415,0.00034640415,auto_accept,low_unc_low_risk
ISIC_0027579,nv,nv,0.0017969608,1.3573503e-05,auto_accept,low_unc_low_risk
ISIC_0024974,nv,nv,0.00030946732,5.239932e-06,auto_accept,low_unc_low_risk
ISIC_0031623,nv,nv,0.0018818378,0.0007972643,auto_accept,low_unc_low_risk
ISIC_0031648,vasc,vasc,1.1444092e-05,0.00017973865,auto_accept,low_unc_low_risk
ISIC_0027785,nv,nv,0.0072880983,1.0410873e-06,auto_accept,low_unc_low_risk
ISIC_0033004,mel,nv,0.012673438,0.008924281,auto_accept,low_unc_low_risk
ISIC_0026391,nv,nv,0.4230798,0.38116193,escalate,high_unc_low_risk
ISIC_0031370,nv,nv,0.014166653,0.0020184184,auto_accept,low_unc_low_risk
ISIC_0026507,nv,nv,0.00043815374,6.282093e-05,auto_accept,low_unc_low_risk
ISIC_0029219,nv,nv,0.00567466,2.50055e-05,auto_accept,low_unc_low_risk
ISIC_0029349,nv,nv,0.078492284,0.080330595,auto_accept,low_unc_low_risk
ISIC_0027791,nv,nv,0.0043813586,0.0009528587,auto_accept,low_unc_low_risk
ISIC_0032413,nv,nv,0.00040882826,5.1085244e-05,auto_accept,low_unc_low_risk
ISIC_0032839,vasc,vasc,4.0888786e-05,0.0015306554,auto_accept,low_unc_low_risk
ISIC_0032597,mel,mel,0.08887744,0.9092327,auto_accept,low_unc_low_risk
ISIC_0029632,mel,mel,0.0019546747,0.9972681,auto_accept,low_unc_low_risk
ISIC_0027459,nv,nv,0.0032473803,0.00017572816,auto_accept,low_unc_low_risk
ISIC_0026709,akiec,bkl,0.018326163,0.024849128,auto_accept,low_unc_low_risk
ISIC_0032677,nv,nv,0.0319736,0.013827553,auto_accept,low_unc_low_risk
ISIC_0031330,nv,nv,0.0006440282,3.0899787e-07,auto_accept,low_unc_low_risk
ISIC_0028574,nv,nv,0.0010254383,3.188099e-05,auto_accept,low_unc_low_risk
ISIC_0026991,nv,nv,0.006498277,0.0017134658,auto_accept,low_unc_low_risk
ISIC_0032394,nv,nv,0.0025042892,2.0279156e-05,auto_accept,low_unc_low_risk
ISIC_0033734,nv,nv,0.0006464124,0.00013359058,auto_accept,low_unc_low_risk
ISIC_0030061,nv,nv,0.014968276,0.0080168005,auto_accept,low_unc_low_risk
ISIC_0030890,nv,nv,0.11324984,0.044069003,auto_accept,low_unc_low_risk
ISIC_0024464,nv,nv,0.0029332042,0.00049669115,auto_accept,low_unc_low_risk
ISIC_0032485,nv,nv,0.00011253357,4.2719143e-06,auto_accept,low_unc_low_risk
ISIC_0028203,nv,nv,0.010855734,3.6134923e-06,auto_accept,low_unc_low_risk
ISIC_0033061,mel,vasc,0.020841777,0.40308404,auto_accept,low_unc_low_risk
ISIC_0030398,nv,nv,0.0020899177,3.7592288e-06,auto_accept,low_unc_low_risk
ISIC_0032416,nv,nv,0.047555625,0.00010716965,auto_accept,low_unc_low_risk
ISIC_0027834,nv,nv,0.009399772,0.0015069047,auto_accept,low_unc_low_risk
ISIC_0029989,nv,nv,0.002381146,0.00014514694,auto_accept,low_unc_low_risk
ISIC_0027410,nv,nv,0.18040156,0.14614029,auto_accept,low_unc_low_risk
ISIC_0026983,nv,nv,0.00025445223,5.600813e-06,auto_accept,low_unc_low_risk
ISIC_0029616,nv,nv,0.0421592,0.0020273218,auto_accept,low_unc_low_risk
ISIC_0025111,nv,nv,0.44346458,0.0005201084,escalate,high_unc_low_risk
ISIC_0025582,nv,nv,0.009385943,6.2611034e-06,auto_accept,low_unc_low_risk
ISIC_0026421,nv,nv,0.3264433,0.00015284427,auto_accept,low_unc_low_risk
ISIC_0027403,nv,nv,0.017080545,0.0013497485,auto_accept,low_unc_low_risk
ISIC_0027445,nv,nv,0.00029438734,2.5204219e-09,auto_accept,low_unc_low_risk
ISIC_0030454,nv,nv,0.0015794039,6.116258e-05,auto_accept,low_unc_low_risk
ISIC_0025151,nv,nv,8.833408e-05,2.5445124e-07,auto_accept,low_unc_low_risk
ISIC_0027982,bkl,bkl,0.015862286,0.038335472,auto_accept,low_unc_low_risk
ISIC_0032223,nv,nv,0.06746215,0.0044646207,auto_accept,low_unc_low_risk
ISIC_0025293,nv,nv,0.00089126825,2.1514534e-05,auto_accept,low_unc_low_risk
ISIC_0033905,mel,mel,0.030179143,0.935349,auto_accept,low_unc_low_risk
ISIC_0033504,bcc,bcc,0.015766978,0.9988972,auto_accept,low_unc_low_risk
ISIC_0027163,mel,mel,0.023424149,0.9667513,auto_accept,low_unc_low_risk
ISIC_0031994,nv,nv,0.00062304735,0.00013284468,auto_accept,low_unc_low_risk
ISIC_0024311,nv,nv,0.0044630766,0.00026926267,auto_accept,low_unc_low_risk
ISIC_0026036,nv,nv,0.00089651346,4.343737e-06,auto_accept,low_unc_low_risk
ISIC_0031236,bcc,bcc,0.030632675,0.96324366,auto_accept,low_unc_low_risk
ISIC_0024888,nv,nv,0.01273942,0.0002573554,auto_accept,low_unc_low_risk
ISIC_0026786,nv,nv,0.03059864,4.444009e-05,auto_accept,low_unc_low_risk
ISIC_0025528,nv,nv,7.021427e-05,2.071651e-07,auto_accept,low_unc_low_risk
ISIC_0027222,nv,nv,0.007731259,0.00017596256,auto_accept,low_unc_low_risk
ISIC_0030304,nv,nv,0.005523503,0.00048431117,auto_accept,low_unc_low_risk
ISIC_0031206,nv,nv,0.01352483,0.0016613276,auto_accept,low_unc_low_risk
ISIC_0027720,nv,nv,0.0011247993,3.909276e-05,auto_accept,low_unc_low_risk
ISIC_0026295,nv,nv,0.0338794,0.017795144,auto_accept,low_unc_low_risk
ISIC_0025886,nv,nv,0.00021702051,9.953342e-08,auto_accept,low_unc_low_risk
ISIC_0026990,nv,nv,0.002217114,1.8722606e-06,auto_accept,low_unc_low_risk
ISIC_0029531,nv,nv,0.031925917,0.010016331,auto_accept,low_unc_low_risk
ISIC_0034214,vasc,vasc,0.011520028,0.035817903,auto_accept,low_unc_low_risk
ISIC_0031154,bcc,bcc,0.044522285,0.8427146,auto_accept,low_unc_low_risk
ISIC_0033002,nv,nv,0.4063589,0.3056207,escalate,high_unc_low_risk
ISIC_0028499,akiec,akiec,0.05000907,0.42844126,auto_accept,low_unc_low_risk
ISIC_0032568,nv,nv,0.071814,0.03957747,auto_accept,low_unc_low_risk
ISIC_0026878,nv,nv,0.0013975501,2.0965534e-05,auto_accept,low_unc_low_risk
ISIC_0033934,nv,mel,0.29711652,0.42758924,auto_accept,low_unc_low_risk
ISIC_0031373,nv,nv,0.0003209114,1.1438009e-05,auto_accept,low_unc_low_risk
ISIC_0028484,nv,nv,0.05723542,0.023786118,auto_accept,low_unc_low_risk
ISIC_0033909,nv,nv,0.00170964,0.00025931842,auto_accept,low_unc_low_risk
ISIC_0027501,nv,nv,0.098124444,0.009094868,auto_accept,low_unc_low_risk
ISIC_0032411,nv,nv,0.0009776354,0.00035869834,auto_accept,low_unc_low_risk
ISIC_0031582,nv,nv,0.10491574,3.6892975e-06,auto_accept,low_unc_low_risk
ISIC_0025439,mel,mel,0.5124705,0.31233412,escalate,high_unc_low_risk
ISIC_0033078,nv,nv,0.034766376,0.008143214,auto_accept,low_unc_low_risk
ISIC_0033542,nv,nv,0.012250602,0.0063468316,auto_accept,low_unc_low_risk
ISIC_0032084,nv,nv,0.0019476414,4.117532e-05,auto_accept,low_unc_low_risk
ISIC_0031459,bkl,nv,0.10858512,0.037295006,auto_accept,low_unc_low_risk
ISIC_0033433,nv,nv,0.012792289,9.548091e-05,auto_accept,low_unc_low_risk
ISIC_0030748,nv,nv,0.0017712712,1.0244827e-05,auto_accept,low_unc_low_risk
ISIC_0033417,nv,nv,0.0054817796,0.0013527005,auto_accept,low_unc_low_risk
ISIC_0026162,nv,nv,0.010638058,0.00014289586,auto_accept,low_unc_low_risk
ISIC_0025324,mel,nv,0.009354711,0.0017944538,auto_accept,low_unc_low_risk
ISIC_0031199,nv,nv,0.002293706,8.409798e-05,auto_accept,low_unc_low_risk
ISIC_0026985,nv,nv,0.005617857,5.364329e-07,auto_accept,low_unc_low_risk
ISIC_0033453,bkl,bkl,0.029887438,0.015046204,auto_accept,low_unc_low_risk
ISIC_0033871,mel,nv,0.028020918,0.007803958,auto_accept,low_unc_low_risk
ISIC_0033567,nv,nv,0.016717076,0.007330918,auto_accept,low_unc_low_risk
ISIC_0030405,nv,nv,0.01600796,9.157054e-06,auto_accept,low_unc_low_risk
ISIC_0029724,nv,nv,0.09509623,0.04632798,auto_accept,low_unc_low_risk
ISIC_0027518,nv,nv,0.0031464696,0.0027959982,auto_accept,low_unc_low_risk
ISIC_0034118,mel,mel,0.04055667,0.94031656,auto_accept,low_unc_low_risk
ISIC_0026113,mel,bkl,0.3775431,0.019646753,escalate,high_unc_low_risk
ISIC_0034035,nv,nv,0.056232452,0.015048092,auto_accept,low_unc_low_risk
ISIC_0025976,nv,nv,0.0013306141,1.5053835e-05,auto_accept,low_unc_low_risk
ISIC_0024353,nv,nv,0.0015507936,1.9245788e-05,auto_accept,low_unc_low_risk
ISIC_0032655,bkl,nv,0.19039649,0.1565865,auto_accept,low_unc_low_risk
ISIC_0032077,nv,nv,0.0004324317,2.1499989e-06,auto_accept,low_unc_low_risk
ISIC_0028145,nv,nv,0.005939424,0.0008182641,auto_accept,low_unc_low_risk
ISIC_0030393,nv,nv,0.00029593706,4.8736865e-07,auto_accept,low_unc_low_risk
ISIC_0032895,nv,nv,0.16216856,0.09353096,auto_accept,low_unc_low_risk
ISIC_0026899,nv,nv,0.00018769503,3.926577e-06,auto_accept,low_unc_low_risk
ISIC_0024852,nv,nv,0.0016171932,6.4138912e-06,auto_accept,low_unc_low_risk
ISIC_0033532,nv,nv,0.034395635,0.003258549,auto_accept,low_unc_low_risk
ISIC_0029503,nv,nv,0.015464604,7.5046046e-05,auto_accept,low_unc_low_risk
ISIC_0028514,nv,nv,0.003599763,5.042578e-05,auto_accept,low_unc_low_risk
ISIC_0027826,bkl,bkl,0.008437693,0.012732439,auto_accept,low_unc_low_risk
ISIC_0025240,nv,nv,0.3390355,0.09925985,auto_accept,low_unc_low_risk
ISIC_0024438,nv,nv,7.164478e-05,6.365357e-06,auto_accept,low_unc_low_risk
ISIC_0025750,nv,nv,0.041477323,0.000741314,auto_accept,low_unc_low_risk
ISIC_0024399,nv,nv,0.00053709745,5.239222e-06,auto_accept,low_unc_low_risk
ISIC_0024630,mel,mel,0.0058674216,0.98251444,auto_accept,low_unc_low_risk
ISIC_0028302,nv,nv,0.014270544,0.0011972943,auto_accept,low_unc_low_risk
ISIC_0031246,nv,nv,0.001208961,6.0666152e-05,auto_accept,low_unc_low_risk
ISIC_0028516,nv,nv,0.009949267,0.00015733662,auto_accept,low_unc_low_risk
ISIC_0026900,nv,nv,0.0014894605,2.2406552e-05,auto_accept,low_unc_low_risk
ISIC_0030777,nv,nv,0.00012743473,5.416152e-06,auto_accept,low_unc_low_risk
ISIC_0026134,nv,nv,0.0025055408,0.00018310887,auto_accept,low_unc_low_risk
ISIC_0028485,nv,nv,0.0017646551,4.6998615e-05,auto_accept,low_unc_low_risk
ISIC_0026395,bcc,mel,0.155783,0.7016387,auto_accept,low_unc_low_risk
ISIC_0026560,nv,nv,0.08996093,0.07113127,auto_accept,low_unc_low_risk
ISIC_0027654,nv,vasc,0.067408144,2.4272645e-06,auto_accept,low_unc_low_risk
ISIC_0025104,nv,nv,0.010085106,3.8421754e-07,auto_accept,low_unc_low_risk
ISIC_0031020,nv,nv,0.0005478263,5.717734e-05,auto_accept,low_unc_low_risk
ISIC_0026641,nv,nv,0.00010621548,1.8926467e-05,auto_accept,low_unc_low_risk
ISIC_0030017,nv,nv,0.0032752156,0.00010442043,auto_accept,low_unc_low_risk
ISIC_0032521,nv,mel,0.04471457,0.9251406,auto_accept,low_unc_low_risk
ISIC_0026920,nv,nv,0.00019747019,7.749084e-06,auto_accept,low_unc_low_risk
ISIC_0024685,nv,nv,0.0010109544,6.5264176e-05,auto_accept,low_unc_low_risk
ISIC_0025441,nv,nv,0.0020027757,0.0001962852,auto_accept,low_unc_low_risk
ISIC_0027503,nv,nv,0.022603989,0.02491438,auto_accept,low_unc_low_risk
ISIC_0033160,nv,nv,0.26048785,0.191368,auto_accept,low_unc_low_risk
ISIC_0029497,nv,nv,0.0051528215,7.8262165e-05,auto_accept,low_unc_low_risk
ISIC_0027309,nv,nv,0.009053469,3.8214603e-05,auto_accept,low_unc_low_risk
ISIC_0031003,nv,nv,0.0035540462,0.00053458783,auto_accept,low_unc_low_risk
ISIC_0027360,nv,nv,0.33621007,0.12888528,auto_accept,low_unc_low_risk
ISIC_0031300,nv,nv,0.00016736984,2.1695454e-05,auto_accept,low_unc_low_risk
ISIC_0027174,mel,nv,0.27335876,0.14331722,auto_accept,low_unc_low_risk
ISIC_0032282,nv,nv,0.0011722445,2.718126e-06,auto_accept,low_unc_low_risk
ISIC_0024676,bkl,bkl,0.011012852,0.08394769,auto_accept,low_unc_low_risk
ISIC_0029471,nv,nv,0.0021027327,3.1417283e-06,auto_accept,low_unc_low_risk
ISIC_0026591,nv,nv,0.001013577,7.384723e-05,auto_accept,low_unc_low_risk
ISIC_0030952,nv,nv,0.015693069,1.4762213e-06,auto_accept,low_unc_low_risk
ISIC_0033903,nv,nv,0.18916208,0.07439866,auto_accept,low_unc_low_risk
ISIC_0026504,nv,nv,0.00012350082,3.636204e-06,auto_accept,low_unc_low_risk
ISIC_0028143,nv,nv,0.018161416,0.0002855261,auto_accept,low_unc_low_risk
ISIC_0027180,nv,nv,0.0005490184,1.4385618e-05,auto_accept,low_unc_low_risk
ISIC_0027280,nv,nv,0.001018703,2.2545726e-05,auto_accept,low_unc_low_risk
ISIC_0031638,nv,nv,0.0063766837,2.995093e-05,auto_accept,low_unc_low_risk
ISIC_0030692,nv,nv,0.010020375,0.0053693,auto_accept,low_unc_low_risk
ISIC_0025899,nv,nv,0.013368547,0.0012842856,auto_accept,low_unc_low_risk
ISIC_0027542,nv,nv,0.026331246,0.0027251614,auto_accept,low_unc_low_risk
ISIC_0024764,nv,nv,0.009699106,5.2446063e-05,auto_accept,low_unc_low_risk
ISIC_0025827,nv,nv,0.00040084124,6.2576064e-06,auto_accept,low_unc_low_risk
ISIC_0030614,nv,nv,0.0005300641,1.8482859e-05,auto_accept,low_unc_low_risk
ISIC_0027711,nv,nv,0.011462092,0.010894673,auto_accept,low_unc_low_risk
ISIC_0032964,nv,nv,0.2826587,0.18580317,auto_accept,low_unc_low_risk
ISIC_0029756,nv,nv,0.3828628,0.14388128,escalate,high_unc_low_risk
ISIC_0026966,nv,nv,0.0002129674,1.1542986e-05,auto_accept,low_unc_low_risk
ISIC_0032119,nv,nv,0.0021818876,0.00011699852,auto_accept,low_unc_low_risk
ISIC_0032375,nv,nv,0.16562307,0.1232539,auto_accept,low_unc_low_risk
ISIC_0032121,nv,nv,0.00033426285,1.1194317e-05,auto_accept,low_unc_low_risk
ISIC_0033746,nv,df,0.02594912,0.11155888,auto_accept,low_unc_low_risk
ISIC_0027484,nv,nv,0.006744504,0.0019656585,auto_accept,low_unc_low_risk
ISIC_0025095,nv,nv,0.017635942,0.0042960295,auto_accept,low_unc_low_risk
ISIC_0024699,nv,nv,0.0007801056,3.4299548e-05,auto_accept,low_unc_low_risk
ISIC_0033065,nv,nv,0.0024026036,0.00054477894,auto_accept,low_unc_low_risk
ISIC_0024788,nv,nv,0.01283586,2.3859843e-07,auto_accept,low_unc_low_risk
ISIC_0029790,nv,nv,0.026230872,0.0013913111,auto_accept,low_unc_low_risk
ISIC_0032618,bkl,bkl,0.004092574,0.047992907,auto_accept,low_unc_low_risk
ISIC_0031337,nv,nv,0.00940454,0.002814838,auto_accept,low_unc_low_risk
ISIC_0027158,nv,nv,0.00047278404,9.274011e-07,auto_accept,low_unc_low_risk
ISIC_0025092,nv,nv,0.00025719404,2.4669209e-05,auto_accept,low_unc_low_risk
ISIC_0030165,mel,mel,0.3877399,0.45101643,escalate,high_unc_low_risk
ISIC_0029876,nv,nv,0.0008471012,3.227139e-05,auto_accept,low_unc_low_risk
ISIC_0026067,nv,nv,0.016914427,0.0035014614,auto_accept,low_unc_low_risk
ISIC_0031477,nv,nv,0.0013424158,1.2118703e-06,auto_accept,low_unc_low_risk
ISIC_0030166,nv,nv,0.023265183,1.2144493e-05,auto_accept,low_unc_low_risk
ISIC_0028531,nv,nv,0.0805428,0.04512142,auto_accept,low_unc_low_risk
ISIC_0028503,bkl,bkl,0.06145388,4.688858e-05,auto_accept,low_unc_low_risk
ISIC_0025797,nv,nv,0.00015354156,9.941966e-06,auto_accept,low_unc_low_risk
ISIC_0033826,nv,nv,0.0012534857,0.00023074092,auto_accept,low_unc_low_risk
ISIC_0032912,nv,nv,0.039881647,0.027842745,auto_accept,low_unc_low_risk
ISIC_0029810,bkl,bkl,0.19226688,0.1687828,auto_accept,low_unc_low_risk
ISIC_0026703,nv,nv,0.017290592,0.000101723206,auto_accept,low_unc_low_risk
ISIC_0034183,mel,nv,0.0017517805,0.00069201423,auto_accept,low_unc_low_risk
ISIC_0028005,nv,nv,0.0008890033,3.503224e-05,auto_accept,low_unc_low_risk
ISIC_0030146,nv,nv,0.0054006577,0.00029802806,auto_accept,low_unc_low_risk
ISIC_0029536,nv,nv,0.0039144754,6.8918357e-06,auto_accept,low_unc_low_risk
ISIC_0026260,nv,mel,0.110091865,0.8396534,auto_accept,low_unc_low_risk
ISIC_0029341,bcc,bcc,0.009121835,0.88743085,auto_accept,low_unc_low_risk
ISIC_0030765,nv,nv,0.013062537,0.007152846,auto_accept,low_unc_low_risk
ISIC_0028251,nv,nv,0.0026503801,3.2817684e-06,auto_accept,low_unc_low_risk
ISIC_0029351,nv,nv,0.004480958,4.8397123e-05,auto_accept,low_unc_low_risk
ISIC_0028221,nv,nv,0.08845252,0.08235719,auto_accept,low_unc_low_risk
ISIC_0032007,nv,nv,0.022556484,0.019591631,auto_accept,low_unc_low_risk
ISIC_0029644,bcc,bcc,0.021892011,0.99872094,auto_accept,low_unc_low_risk
ISIC_0027804,nv,nv,0.17207158,0.015660437,auto_accept,low_unc_low_risk
ISIC_0027060,mel,nv,0.17236239,0.094652854,auto_accept,low_unc_low_risk
ISIC_0025909,nv,mel,0.012384474,0.97406816,auto_accept,low_unc_low_risk
ISIC_0027692,nv,nv,0.00018328428,7.8646835e-06,auto_accept,low_unc_low_risk
ISIC_0025153,mel,nv,0.10008317,0.028976886,auto_accept,low_unc_low_risk
ISIC_0031082,nv,nv,0.00048315525,3.334495e-05,auto_accept,low_unc_low_risk
ISIC_0030397,nv,nv,0.018424511,0.00048573813,auto_accept,low_unc_low_risk
ISIC_0025078,nv,nv,0.0013399124,0.0005014542,auto_accept,low_unc_low_risk
ISIC_0033005,df,df,0.00058054924,0.0012449103,auto_accept,low_unc_low_risk
ISIC_0026332,nv,nv,0.001100421,1.0435207e-06,auto_accept,low_unc_low_risk
ISIC_0029081,mel,mel,0.088897705,0.7229524,auto_accept,low_unc_low_risk
ISIC_0032075,nv,nv,0.001496911,3.0713993e-05,auto_accept,low_unc_low_risk
ISIC_0027524,nv,nv,0.0009884834,0.00022153485,auto_accept,low_unc_low_risk
ISIC_0028030,nv,nv,0.007663548,2.2570053e-05,auto_accept,low_unc_low_risk
ISIC_0032337,nv,nv,0.001671493,1.2555633e-06,auto_accept,low_unc_low_risk
ISIC_0025194,nv,nv,0.013304114,6.3233792e-06,auto_accept,low_unc_low_risk
ISIC_0027251,nv,nv,0.018261015,5.1737497e-05,auto_accept,low_unc_low_risk
ISIC_0025098,nv,nv,0.0026230812,4.2931642e-05,auto_accept,low_unc_low_risk
ISIC_0032143,nv,nv,0.00014960766,4.001822e-06,auto_accept,low_unc_low_risk
ISIC_0029016,nv,nv,0.0018965006,0.00017401407,auto_accept,low_unc_low_risk
ISIC_0025613,nv,nv,0.00023037195,2.8561933e-06,auto_accept,low_unc_low_risk
ISIC_0025344,nv,nv,7.6532364e-05,2.4448735e-07,auto_accept,low_unc_low_risk
ISIC_0029151,nv,nv,0.002303183,2.2704039e-07,auto_accept,low_unc_low_risk
ISIC_0029273,nv,nv,0.0020934343,0.00018462217,auto_accept,low_unc_low_risk
ISIC_0029225,nv,nv,0.00029957294,2.1853937e-05,auto_accept,low_unc_low_risk
ISIC_0026502,nv,nv,0.14315915,0.08196386,auto_accept,low_unc_low_risk
ISIC_0026945,nv,nv,0.0019228458,0.00039164734,auto_accept,low_unc_low_risk
ISIC_0029912,bkl,nv,0.13748354,0.02601,auto_accept,low_unc_low_risk
ISIC_0031858,nv,nv,0.0014224052,3.877882e-05,auto_accept,low_unc_low_risk
ISIC_0027390,nv,nv,0.0059942007,7.004281e-05,auto_accept,low_unc_low_risk
ISIC_0029798,nv,nv,0.0015001297,0.00022007566,auto_accept,low_unc_low_risk
ISIC_0033208,nv,nv,0.049315393,0.009404892,auto_accept,low_unc_low_risk
ISIC_0025009,nv,nv,0.049654245,0.0008262198,auto_accept,low_unc_low_risk
ISIC_0025625,nv,nv,0.0012798309,0.0003235623,auto_accept,low_unc_low_risk
ISIC_0028900,mel,mel,0.009868264,0.9807488,auto_accept,low_unc_low_risk
ISIC_0025559,nv,nv,0.071474135,0.006753159,auto_accept,low_unc_low_risk
ISIC_0033497,nv,nv,0.07092655,0.03960544,auto_accept,low_unc_low_risk
ISIC_0032012,nv,nv,0.0013658404,2.6123619e-06,auto_accept,low_unc_low_risk
ISIC_0031355,nv,nv,0.0048958063,0.0006058929,auto_accept,low_unc_low_risk
ISIC_0024934,nv,nv,0.01831919,0.008581387,auto_accept,low_unc_low_risk
ISIC_0027354,bkl,mel,0.06356794,0.9005155,auto_accept,low_unc_low_risk
ISIC_0025423,nv,nv,0.025898874,0.0131919235,auto_accept,low_unc_low_risk
ISIC_0024614,nv,nv,0.0025829077,8.596605e-05,auto_accept,low_unc_low_risk
ISIC_0029785,nv,nv,0.0015782118,0.00032760645,auto_accept,low_unc_low_risk
ISIC_0029226,nv,nv,0.0011954308,1.3297027e-06,auto_accept,low_unc_low_risk
ISIC_0031080,nv,nv,0.090542555,0.010997114,auto_accept,low_unc_low_risk
ISIC_0030020,nv,nv,0.00025862455,1.2175487e-07,auto_accept,low_unc_low_risk
ISIC_0030725,nv,nv,0.0009784698,8.3359446e-05,auto_accept,low_unc_low_risk
ISIC_0030439,nv,nv,0.00029104948,4.3401204e-05,auto_accept,low_unc_low_risk
ISIC_0030262,nv,nv,0.026902556,9.8337605e-06,auto_accept,low_unc_low_risk
ISIC_0028183,nv,nv,0.0025205016,0.0009719006,auto_accept,low_unc_low_risk
ISIC_0034231,nv,mel,0.040730655,0.9311274,auto_accept,low_unc_low_risk
ISIC_0027496,nv,nv,0.000821054,3.116641e-07,auto_accept,low_unc_low_risk
ISIC_0028933,nv,nv,0.002629757,0.00012271576,auto_accept,low_unc_low_risk
ISIC_0030867,nv,nv,0.048096478,0.00015702638,auto_accept,low_unc_low_risk
ISIC_0024559,nv,nv,0.0028365254,3.6029687e-07,auto_accept,low_unc_low_risk
ISIC_0026219,bkl,bkl,0.18338716,0.24603744,auto_accept,low_unc_low_risk
ISIC_0030595,nv,nv,0.00024038553,3.328824e-05,auto_accept,low_unc_low_risk
ISIC_0032340,nv,nv,0.0030956864,0.0007472297,auto_accept,low_unc_low_risk
ISIC_0032902,nv,nv,0.12219423,0.022830226,auto_accept,low_unc_low_risk
ISIC_0025002,nv,nv,0.0015758276,2.4192084e-06,auto_accept,low_unc_low_risk
ISIC_0026216,nv,nv,0.10126829,0.010095269,auto_accept,low_unc_low_risk
ISIC_0033586,mel,nv,0.14956135,0.0106805395,auto_accept,low_unc_low_risk
ISIC_0025425,vasc,vasc,1.0848045e-05,1.4780956e-05,auto_accept,low_unc_low_risk
ISIC_0031135,nv,nv,0.0016901493,0.004542449,auto_accept,low_unc_low_risk
ISIC_0033870,nv,nv,0.020153582,0.011485439,auto_accept,low_unc_low_risk
ISIC_0030363,nv,nv,0.00028032064,5.8745786e-06,auto_accept,low_unc_low_risk
ISIC_0025079,nv,nv,0.020270824,1.0369106e-05,auto_accept,low_unc_low_risk
ISIC_0030219,nv,mel,0.32652122,0.6608598,auto_accept,low_unc_low_risk
ISIC_0032495,nv,nv,0.00022250414,7.6136616e-06,auto_accept,low_unc_low_risk
ISIC_0024905,nv,df,5.8412552e-05,1.1139409e-05,auto_accept,low_unc_low_risk
ISIC_0026445,nv,nv,0.06087631,0.023347097,auto_accept,low_unc_low_risk
ISIC_0033197,nv,nv,0.0020584464,0.000535487,auto_accept,low_unc_low_risk
ISIC_0026887,nv,nv,0.0633921,0.013603172,auto_accept,low_unc_low_risk
ISIC_0034187,nv,bkl,0.27755845,6.564179e-05,auto_accept,low_unc_low_risk
ISIC_0033872,mel,mel,0.08234483,0.874241,auto_accept,low_unc_low_risk
ISIC_0028824,nv,nv,0.002026379,3.603217e-06,auto_accept,low_unc_low_risk
ISIC_0025730,nv,nv,0.047810137,0.008677348,auto_accept,low_unc_low_risk
ISIC_0031625,nv,nv,0.001572609,4.5533425e-06,auto_accept,low_unc_low_risk
ISIC_0029940,nv,nv,0.026193917,0.013322628,auto_accept,low_unc_low_risk
ISIC_0032256,nv,nv,0.0015853643,3.6211234e-09,auto_accept,low_unc_low_risk
ISIC_0025217,nv,nv,0.06310964,2.9824552e-05,auto_accept,low_unc_low_risk
ISIC_0030530,nv,nv,0.00017756224,1.5614785e-06,auto_accept,low_unc_low_risk
ISIC_0025862,nv,nv,0.0060884953,8.342465e-05,auto_accept,low_unc_low_risk
ISIC_0026499,nv,nv,0.0016331077,1.0034361e-05,auto_accept,low_unc_low_risk
ISIC_0028686,nv,nv,0.09371328,0.06944355,auto_accept,low_unc_low_risk
ISIC_0025709,mel,akiec,0.2896647,0.9412579,auto_accept,low_unc_low_risk
ISIC_0028164,nv,nv,0.00061285496,6.0067578e-05,auto_accept,low_unc_low_risk
ISIC_0033138,nv,nv,0.16692704,0.09308864,auto_accept,low_unc_low_risk
ISIC_0027198,nv,nv,0.006143272,0.0012778656,auto_accept,low_unc_low_risk
ISIC_0030409,nv,nv,0.0042811036,9.889193e-05,auto_accept,low_unc_low_risk
ISIC_0025193,nv,nv,0.0009704828,7.891972e-06,auto_accept,low_unc_low_risk
ISIC_0026972,nv,nv,0.000885427,3.4366797e-06,auto_accept,low_unc_low_risk
ISIC_0030612,nv,nv,0.0003915429,2.1910657e-06,auto_accept,low_unc_low_risk
ISIC_0033527,nv,nv,0.028787494,0.0038976688,auto_accept,low_unc_low_risk
ISIC_0028138,nv,nv,0.0007017851,7.993273e-06,auto_accept,low_unc_low_risk
ISIC_0025733,nv,nv,0.010439634,0.00020149616,auto_accept,low_unc_low_risk
ISIC_0033023,mel,mel,0.012671232,0.9615267,auto_accept,low_unc_low_risk
ISIC_0034244,nv,nv,0.07584405,0.02803491,auto_accept,low_unc_low_risk
ISIC_0032023,nv,nv,0.20396954,0.00041123608,auto_accept,low_unc_low_risk
ISIC_0031861,nv,nv,0.0005874634,2.3335706e-05,auto_accept,low_unc_low_risk
ISIC_0026299,nv,nv,0.0001206398,8.653686e-06,auto_accept,low_unc_low_risk
ISIC_0029861,nv,nv,0.0027196407,0.00066522724,auto_accept,low_unc_low_risk
ISIC_0030703,nv,nv,0.00076425076,2.4004275e-06,auto_accept,low_unc_low_risk
ISIC_0032002,nv,nv,0.000156641,4.7296618e-07,auto_accept,low_unc_low_risk
ISIC_0032156,bkl,bkl,0.010605872,0.010058482,auto_accept,low_unc_low_risk
ISIC_0033898,nv,nv,0.20317066,0.21424806,auto_accept,low_unc_low_risk
ISIC_0031835,nv,nv,0.0028674603,2.6355992e-06,auto_accept,low_unc_low_risk
ISIC_0024430,nv,nv,0.06885666,0.066725954,auto_accept,low_unc_low_risk
ISIC_0029093,nv,nv,0.024491787,0.0025343157,auto_accept,low_unc_low_risk
ISIC_0030272,bkl,bkl,0.008690238,0.001137157,auto_accept,low_unc_low_risk
ISIC_0026414,nv,mel,0.0965575,0.83593655,auto_accept,low_unc_low_risk
ISIC_0030082,nv,nv,0.43131942,0.4739921,escalate,high_unc_low_risk
ISIC_0032593,nv,mel,0.025383413,0.9705394,auto_accept,low_unc_low_risk
ISIC_0026448,nv,nv,0.0020438433,0.00030345007,auto_accept,low_unc_low_risk
ISIC_0031213,nv,nv,0.00022155046,1.9236259e-06,auto_accept,low_unc_low_risk
ISIC_0027965,nv,nv,0.0024596453,1.2098532e-05,auto_accept,low_unc_low_risk
ISIC_0028533,nv,nv,7.43866e-05,7.00466e-07,auto_accept,low_unc_low_risk
ISIC_0025994,nv,nv,0.0013948083,4.9433864e-05,auto_accept,low_unc_low_risk
ISIC_0031127,nv,bkl,0.038627803,0.024746519,auto_accept,low_unc_low_risk
ISIC_0031425,nv,nv,0.0006685257,0.00018498112,auto_accept,low_unc_low_risk
ISIC_0030767,bcc,bcc,0.0011654496,0.9790029,auto_accept,low_unc_low_risk
ISIC_0024715,nv,nv,0.008749247,0.010984907,auto_accept,low_unc_low_risk
ISIC_0025885,bkl,nv,0.06463319,0.00030471815,auto_accept,low_unc_low_risk
ISIC_0030621,nv,nv,0.14446872,0.06545828,auto_accept,low_unc_low_risk
ISIC_0033804,mel,mel,0.121904016,0.81601435,auto_accept,low_unc_low_risk
ISIC_0031338,nv,nv,0.0025407672,0.00021768862,auto_accept,low_unc_low_risk
ISIC_0029950,nv,nv,0.025024414,0.00016651601,auto_accept,low_unc_low_risk
ISIC_0027224,nv,nv,0.39471602,0.00017650094,escalate,high_unc_low_risk
ISIC_0030779,nv,nv,0.0049616694,0.00011290015,auto_accept,low_unc_low_risk
ISIC_0031417,mel,nv,0.01589644,0.010532694,auto_accept,low_unc_low_risk
ISIC_0031036,nv,nv,0.06504655,0.0038588627,auto_accept,low_unc_low_risk
ISIC_0031657,nv,nv,0.0038200617,0.0013035304,auto_accept,low_unc_low_risk
ISIC_0030792,nv,nv,0.10692984,0.00034775355,auto_accept,low_unc_low_risk
ISIC_0026762,nv,nv,0.0014771819,4.023896e-06,auto_accept,low_unc_low_risk
ISIC_0033273,nv,nv,0.033477843,0.0048302533,auto_accept,low_unc_low_risk
ISIC_0028654,nv,nv,0.0010769963,3.8196558e-07,auto_accept,low_unc_low_risk
ISIC_0029518,bkl,bkl,0.059518278,0.16532175,auto_accept,low_unc_low_risk
ISIC_0029766,nv,nv,0.005801797,0.00018715802,auto_accept,low_unc_low_risk
ISIC_0028291,mel,mel,0.03388685,0.9785125,auto_accept,low_unc_low_risk
ISIC_0024316,nv,nv,0.0002732873,7.818691e-06,auto_accept,low_unc_low_risk
ISIC_0025367,nv,nv,0.122194946,0.03514556,auto_accept,low_unc_low_risk
ISIC_0024716,nv,nv,0.15024364,0.098442845,auto_accept,low_unc_low_risk
ISIC_0025688,nv,nv,0.0042881966,6.860922e-05,auto_accept,low_unc_low_risk
ISIC_0026102,nv,nv,0.004047632,0.0013746107,auto_accept,low_unc_low_risk
ISIC_0032523,nv,nv,0.0032178164,0.00070339744,auto_accept,low_unc_low_risk
ISIC_0032199,akiec,akiec,0.12638193,0.9871782,auto_accept,low_unc_low_risk
ISIC_0029787,nv,nv,0.005256295,0.0016245967,auto_accept,low_unc_low_risk
ISIC_0033797,nv,nv,0.0021067262,0.00045114226,auto_accept,low_unc_low_risk
ISIC_0028948,nv,nv,0.0013644099,0.00013564309,auto_accept,low_unc_low_risk
ISIC_0029181,nv,nv,0.0028393269,0.00012546906,auto_accept,low_unc_low_risk
ISIC_0026936,nv,nv,0.01619941,0.00039617898,auto_accept,low_unc_low_risk
ISIC_0029939,nv,nv,0.0012273192,3.429091e-06,auto_accept,low_unc_low_risk
ISIC_0030938,nv,nv,0.041911185,0.0005235049,auto_accept,low_unc_low_risk
ISIC_0031685,nv,nv,0.040313065,5.7577647e-05,auto_accept,low_unc_low_risk
ISIC_0026888,nv,nv,0.24796885,0.007253226,auto_accept,low_unc_low_risk
ISIC_0034150,mel,mel,0.0022051334,0.98738784,auto_accept,low_unc_low_risk
ISIC_0032919,vasc,vasc,7.6293945e-06,0.00039207732,auto_accept,low_unc_low_risk
ISIC_0032343,bkl,bkl,0.004832864,0.0043597175,auto_accept,low_unc_low_risk
ISIC_0030196,nv,nv,0.0030522943,4.856921e-05,auto_accept,low_unc_low_risk
ISIC_0030268,nv,nv,0.0024287105,4.81681e-05,auto_accept,low_unc_low_risk
ISIC_0026663,bkl,bkl,0.005754411,0.004177566,auto_accept,low_unc_low_risk
ISIC_0032508,bkl,mel,0.14659703,0.7964126,auto_accept,low_unc_low_risk
ISIC_0031687,nv,nv,0.0034145117,0.00023175024,auto_accept,low_unc_low_risk
ISIC_0026007,nv,nv,0.00024288893,2.0945608e-05,auto_accept,low_unc_low_risk
ISIC_0027510,nv,nv,0.0014007688,0.00042957684,auto_accept,low_unc_low_risk
ISIC_0027342,nv,nv,0.0021740794,0.0004977325,auto_accept,low_unc_low_risk
ISIC_0025245,nv,nv,0.003623426,0.0016206672,auto_accept,low_unc_low_risk
ISIC_0032916,nv,nv,0.028511167,0.012760029,auto_accept,low_unc_low_risk
ISIC_0026016,bkl,bkl,0.030691385,0.018682435,auto_accept,low_unc_low_risk
ISIC_0033153,nv,nv,0.005219817,4.8267146e-05,auto_accept,low_unc_low_risk
ISIC_0033776,bkl,bkl,0.13663971,0.11309871,auto_accept,low_unc_low_risk
ISIC_0024365,nv,nv,0.06744701,6.419684e-08,auto_accept,low_unc_low_risk
ISIC_0026896,nv,nv,0.00024837255,1.1849987e-05,auto_accept,low_unc_low_risk
ISIC_0025495,nv,nv,0.0062306523,0.00015119697,auto_accept,low_unc_low_risk
ISIC_0031907,nv,nv,0.0021269321,0.00012044136,auto_accept,low_unc_low_risk
ISIC_0028561,nv,nv,0.0016787648,2.2923989e-05,auto_accept,low_unc_low_risk
ISIC_0027537,nv,nv,0.16977566,0.11667584,auto_accept,low_unc_low_risk
ISIC_0025440,nv,nv,0.0004913807,8.475081e-05,auto_accept,low_unc_low_risk
ISIC_0033912,nv,nv,0.13663465,0.036951922,auto_accept,low_unc_low_risk
ISIC_0030266,nv,nv,0.23364556,0.0001893444,auto_accept,low_unc_low_risk
ISIC_0024796,nv,nv,0.0005373359,6.613131e-05,auto_accept,low_unc_low_risk
ISIC_0024444,nv,nv,0.009634376,0.00010074589,auto_accept,low_unc_low_risk
ISIC_0028162,nv,nv,0.00072711706,2.04707e-05,auto_accept,low_unc_low_risk
ISIC_0031785,nv,nv,0.00015461445,4.495713e-06,auto_accept,low_unc_low_risk
ISIC_0025921,nv,nv,0.0006533265,4.9841884e-07,auto_accept,low_unc_low_risk
ISIC_0025922,nv,nv,0.0028942227,4.140975e-06,auto_accept,low_unc_low_risk
ISIC_0028359,nv,nv,0.04705459,0.00029910146,auto_accept,low_unc_low_risk
ISIC_0030312,nv,df,0.02338785,0.006126587,auto_accept,low_unc_low_risk
ISIC_0027499,nv,nv,1.7285347e-05,6.127879e-08,auto_accept,low_unc_low_risk
ISIC_0024828,nv,nv,0.018383741,0.00010834194,auto_accept,low_unc_low_risk
ISIC_0029361,nv,nv,0.11267859,0.081290625,auto_accept,low_unc_low_risk
ISIC_0032088,nv,nv,0.0027598143,2.435584e-06,auto_accept,low_unc_low_risk
ISIC_0027551,nv,nv,0.0003014803,2.440144e-05,auto_accept,low_unc_low_risk
ISIC_0033428,mel,mel,0.013559878,0.98923373,auto_accept,low_unc_low_risk
ISIC_0029463,nv,nv,0.0018045306,4.3887958e-05,auto_accept,low_unc_low_risk
ISIC_0027816,nv,nv,0.0017300844,3.3522927e-05,auto_accept,low_unc_low_risk
ISIC_0031184,nv,nv,0.0024402142,5.998213e-07,auto_accept,low_unc_low_risk
ISIC_0033699,nv,nv,0.16884053,0.10589587,auto_accept,low_unc_low_risk
ISIC_0033714,nv,nv,0.026896536,0.010561367,auto_accept,low_unc_low_risk
ISIC_0030504,nv,nv,0.020105183,0.0057147527,auto_accept,low_unc_low_risk
ISIC_0027946,nv,nv,0.0020073652,5.705714e-07,auto_accept,low_unc_low_risk
ISIC_0032607,nv,nv,0.039355755,0.025269084,auto_accept,low_unc_low_risk
ISIC_0024342,nv,nv,0.09152299,0.006289983,auto_accept,low_unc_low_risk
ISIC_0027412,nv,nv,0.011034489,0.004266492,auto_accept,low_unc_low_risk
ISIC_0031248,nv,nv,0.00025326014,8.063835e-06,auto_accept,low_unc_low_risk
ISIC_0026715,nv,nv,0.0029406548,0.00036947546,auto_accept,low_unc_low_risk
ISIC_0027778,nv,nv,2.1219254e-05,2.7013087e-07,auto_accept,low_unc_low_risk
ISIC_0029958,mel,bkl,0.5156443,0.57700324,escalate,high_unc_low_risk
ISIC_0031788,nv,nv,0.001982808,0.00015607892,auto_accept,low_unc_low_risk
ISIC_0026182,nv,nv,0.016471505,0.0074056215,auto_accept,low_unc_low_risk
ISIC_0028530,nv,nv,0.00044637918,1.4241962e-05,auto_accept,low_unc_low_risk
ISIC_0033891,df,df,0.00083243847,0.0019343144,auto_accept,low_unc_low_risk
ISIC_0024735,nv,nv,0.00047588348,4.388853e-06,auto_accept,low_unc_low_risk
ISIC_0027027,bkl,bkl,0.0041627884,9.931909e-05,auto_accept,low_unc_low_risk
ISIC_0031568,nv,nv,0.0005696416,1.9685199e-06,auto_accept,low_unc_low_risk
ISIC_0028879,nv,nv,0.018577456,1.4139542e-05,auto_accept,low_unc_low_risk
ISIC_0029272,mel,mel,0.33261353,0.57190704,auto_accept,low_unc_low_risk
ISIC_0028790,df,df,6.198883e-05,0.010144834,auto_accept,low_unc_low_risk
ISIC_0026106,nv,nv,0.004456818,0.001380778,auto_accept,low_unc_low_risk
ISIC_0030282,nv,nv,0.0047706366,0.0016594826,auto_accept,low_unc_low_risk
ISIC_0026969,nv,nv,0.0033717752,0.0003478721,auto_accept,low_unc_low_risk
ISIC_0028700,nv,nv,0.009226263,3.9065376e-06,auto_accept,low_unc_low_risk
ISIC_0029063,nv,nv,0.00020307302,1.2293262e-06,auto_accept,low_unc_low_risk
ISIC_0025053,nv,nv,0.00018066168,2.7508383e-07,auto_accept,low_unc_low_risk
ISIC_0028040,nv,nv,0.0010889769,8.986453e-06,auto_accept,low_unc_low_risk
ISIC_0033514,nv,nv,0.05370277,0.008823536,auto_accept,low_unc_low_risk
ISIC_0024926,nv,nv,0.50004697,0.0039039238,escalate,high_unc_low_risk
ISIC_0029240,nv,nv,0.0015953183,0.0003145048,auto_accept,low_unc_low_risk
ISIC_0032622,mel,mel,0.0025051832,0.9972861,auto_accept,low_unc_low_risk
ISIC_0032921,mel,mel,0.00982523,0.988005,auto_accept,low_unc_low_risk
ISIC_0027743,nv,nv,0.000119805336,4.1938733e-06,auto_accept,low_unc_low_risk
ISIC_0025949,nv,nv,0.0014191866,2.1910426e-05,auto_accept,low_unc_low_risk
ISIC_0028421,nv,nv,0.0021576881,6.57917e-05,auto_accept,low_unc_low_risk
ISIC_0027586,nv,nv,0.0021439195,3.5273865e-06,auto_accept,low_unc_low_risk
ISIC_0028809,nv,nv,0.032586932,0.007916155,auto_accept,low_unc_low_risk
ISIC_0033743,nv,nv,0.06119114,0.025290137,auto_accept,low_unc_low_risk
ISIC_0024917,nv,nv,0.0038052797,3.9846817e-08,auto_accept,low_unc_low_risk
ISIC_0028021,nv,nv,0.003286481,0.0001073727,auto_accept,low_unc_low_risk
ISIC_0027032,nv,nv,7.43866e-05,1.9553258e-06,auto_accept,low_unc_low_risk
ISIC_0025355,nv,nv,0.016790152,4.6633293e-05,auto_accept,low_unc_low_risk
ISIC_0031179,nv,nv,0.00060606,1.1863577e-05,auto_accept,low_unc_low_risk
ISIC_0031873,nv,nv,0.0033161044,0.0018214589,auto_accept,low_unc_low_risk
ISIC_0025059,nv,nv,0.0034503937,0.00036717925,auto_accept,low_unc_low_risk
ISIC_0030865,nv,nv,0.00015115738,1.9970092e-05,auto_accept,low_unc_low_risk
ISIC_0033741,nv,nv,0.0048779845,0.00010083797,auto_accept,low_unc_low_risk
ISIC_0028247,nv,nv,0.004307568,0.00024485696,auto_accept,low_unc_low_risk
ISIC_0027931,nv,nv,0.12190133,0.0038009665,auto_accept,low_unc_low_risk
ISIC_0025671,nv,nv,0.010481536,0.00046987037,auto_accept,low_unc_low_risk
ISIC_0031894,nv,nv,0.045428097,0.024341876,auto_accept,low_unc_low_risk
ISIC_0032333,nv,nv,0.38681364,0.3565346,escalate,high_unc_low_risk
ISIC_0027647,nv,nv,0.0015137196,0.0002548883,auto_accept,low_unc_low_risk
ISIC_0027014,nv,nv,0.024698853,0.0030642413,auto_accept,low_unc_low_risk
ISIC_0028971,nv,nv,0.036072493,0.018948087,auto_accept,low_unc_low_risk
ISIC_0024706,vasc,vasc,3.4332275e-05,4.2026813e-06,auto_accept,low_unc_low_risk
ISIC_0024762,nv,nv,0.07632077,0.032501295,auto_accept,low_unc_low_risk
ISIC_0033238,mel,mel,0.008456111,0.98030233,auto_accept,low_unc_low_risk
ISIC_0031920,nv,nv,0.011021912,0.0016991931,auto_accept,low_unc_low_risk
ISIC_0033800,nv,nv,0.014763057,0.0065346537,auto_accept,low_unc_low_risk
ISIC_0030715,nv,nv,0.0019551516,5.515485e-06,auto_accept,low_unc_low_risk
ISIC_0024381,bkl,bkl,0.007544279,0.14194658,auto_accept,low_unc_low_risk
ISIC_0032037,nv,nv,5.9127808e-05,8.017038e-07,auto_accept,low_unc_low_risk
ISIC_0031992,nv,nv,0.00012683868,2.0735104e-06,auto_accept,low_unc_low_risk
ISIC_0031409,nv,nv,0.00021570921,2.7673635e-05,auto_accept,low_unc_low_risk
ISIC_0030658,nv,nv,0.0017492175,0.00039734773,auto_accept,low_unc_low_risk
ISIC_0028026,mel,mel,0.026083827,0.9398801,auto_accept,low_unc_low_risk
ISIC_0027799,nv,nv,0.00016307831,1.7537711e-06,auto_accept,low_unc_low_risk
ISIC_0029154,nv,nv,0.0022608042,8.9899215e-05,auto_accept,low_unc_low_risk
ISIC_0030311,nv,nv,0.043349802,0.020992605,auto_accept,low_unc_low_risk
ISIC_0028682,nv,nv,0.01147002,3.6112266e-05,auto_accept,low_unc_low_risk
ISIC_0033047,mel,mel,0.09955776,0.83711606,auto_accept,low_unc_low_risk
ISIC_0027212,nv,nv,0.0560382,1.9330082e-06,auto_accept,low_unc_low_risk
ISIC_0025914,nv,nv,0.0029128194,0.00016419328,auto_accept,low_unc_low_risk
ISIC_0024678,nv,nv,0.08131403,9.455671e-05,auto_accept,low_unc_low_risk
ISIC_0026392,nv,nv,0.00047934055,1.8759369e-05,auto_accept,low_unc_low_risk
ISIC_0027228,nv,nv,0.00048315525,7.671358e-05,auto_accept,low_unc_low_risk
ISIC_0024988,nv,nv,0.012797773,1.3107706e-05,auto_accept,low_unc_low_risk
ISIC_0025868,nv,nv,0.0005643964,1.1846573e-05,auto_accept,low_unc_low_risk
ISIC_0032159,bkl,bkl,0.13914567,0.25352278,auto_accept,low_unc_low_risk
ISIC_0032039,nv,nv,0.016204953,0.0026861187,auto_accept,low_unc_low_risk
ISIC_0025966,nv,nv,0.0028931499,1.932172e-05,auto_accept,low_unc_low_risk
ISIC_0027690,nv,nv,0.07591033,4.1748385e-06,auto_accept,low_unc_low_risk
ISIC_0025578,vasc,vasc,0.029963017,0.013050772,auto_accept,low_unc_low_risk
ISIC_0030848,nv,nv,0.022616506,0.0036199547,auto_accept,low_unc_low_risk
ISIC_0029814,nv,nv,0.00048351288,4.235072e-05,auto_accept,low_unc_low_risk
ISIC_0026199,nv,nv,0.00050628185,0.00044024896,auto_accept,low_unc_low_risk
ISIC_0024645,nv,nv,0.002835095,0.0005049249,auto_accept,low_unc_low_risk
ISIC_0028405,nv,nv,0.18610626,0.00035326142,auto_accept,low_unc_low_risk
ISIC_0030212,nv,nv,0.030424416,0.004857187,auto_accept,low_unc_low_risk
ISIC_0029402,nv,nv,0.04703605,0.034969408,auto_accept,low_unc_low_risk
ISIC_0025590,nv,nv,0.00021547079,2.8370567e-05,auto_accept,low_unc_low_risk
ISIC_0029200,nv,nv,0.0008946061,0.00012045985,auto_accept,low_unc_low_risk
ISIC_0033818,nv,nv,0.042363226,0.011597887,auto_accept,low_unc_low_risk
ISIC_0026708,nv,nv,0.01343745,2.1903928e-05,auto_accept,low_unc_low_risk
ISIC_0032565,nv,mel,0.31031376,0.5255474,auto_accept,low_unc_low_risk
ISIC_0028149,nv,nv,0.004792154,0.0006428635,auto_accept,low_unc_low_risk
ISIC_0029576,bkl,bkl,0.04883033,0.05805842,auto_accept,low_unc_low_risk
ISIC_0033161,nv,nv,0.17237484,0.025510415,auto_accept,low_unc_low_risk
ISIC_0034044,nv,nv,0.42999738,0.38375244,escalate,high_unc_low_risk
ISIC_0029769,nv,nv,0.027460098,0.015386897,auto_accept,low_unc_low_risk
ISIC_0029959,nv,nv,0.0028235912,3.76071e-05,auto_accept,low_unc_low_risk
ISIC_0029013,mel,nv,0.0043280125,0.00011241908,auto_accept,low_unc_low_risk
ISIC_0030283,vasc,vasc,8.4757805e-05,7.352744e-05,auto_accept,low_unc_low_risk
ISIC_0028521,nv,nv,0.00080519915,2.442101e-06,auto_accept,low_unc_low_risk
ISIC_0030092,nv,nv,0.00041633844,0.0001549271,auto_accept,low_unc_low_risk
ISIC_0030236,nv,nv,0.0003695488,2.8785056e-05,auto_accept,low_unc_low_risk
ISIC_0029975,nv,mel,0.34371656,0.50093955,auto_accept,low_unc_low_risk
ISIC_0030300,nv,nv,0.009074807,0.0022718539,auto_accept,low_unc_low_risk
ISIC_0033866,akiec,bkl,0.0011358261,0.018576764,auto_accept,low_unc_low_risk
ISIC_0034081,nv,nv,0.026872396,0.009138979,auto_accept,low_unc_low_risk
ISIC_0026198,nv,nv,0.00062412024,3.0857615e-07,auto_accept,low_unc_low_risk
ISIC_0029255,nv,nv,0.0001540184,3.9047285e-07,auto_accept,low_unc_low_risk
ISIC_0030466,nv,nv,0.0014380813,0.0008210048,auto_accept,low_unc_low_risk
ISIC_0033731,nv,nv,0.009453297,0.00065770035,auto_accept,low_unc_low_risk
ISIC_0028864,nv,nv,0.00048685074,4.5040297e-06,auto_accept,low_unc_low_risk
ISIC_0025072,nv,nv,0.028795242,0.00017813347,auto_accept,low_unc_low_risk
ISIC_0027065,mel,mel,0.11853409,0.7954911,auto_accept,low_unc_low_risk
ISIC_0026202,nv,nv,0.012117088,4.3746135e-05,auto_accept,low_unc_low_risk
ISIC_0026986,nv,nv,0.0025675893,0.000113203714,auto_accept,low_unc_low_risk
ISIC_0026098,nv,nv,0.0005540252,2.4831079e-05,auto_accept,low_unc_low_risk
ISIC_0034287,mel,mel,0.032669365,0.95463514,auto_accept,low_unc_low_risk
ISIC_0029649,nv,nv,0.007925749,0.0005441266,auto_accept,low_unc_low_risk
ISIC_0026240,nv,nv,0.00240618,0.00046971472,auto_accept,low_unc_low_risk
ISIC_0033841,nv,nv,0.0039850473,0.0008355216,auto_accept,low_unc_low_risk
ISIC_0030008,nv,nv,0.08175582,0.00018617482,auto_accept,low_unc_low_risk
ISIC_0027715,nv,nv,0.03152424,0.008021512,auto_accept,low_unc_low_risk
ISIC_0034193,nv,nv,0.0017578602,0.0005202427,auto_accept,low_unc_low_risk
ISIC_0031053,nv,nv,0.0047750473,0.0024300274,auto_accept,low_unc_low_risk
ISIC_0025062,nv,nv,0.17307371,0.15631695,auto_accept,low_unc_low_risk
ISIC_0026740,nv,nv,0.01139468,4.401017e-05,auto_accept,low_unc_low_risk
ISIC_0029596,bkl,bkl,0.016798198,0.052798565,auto_accept,low_unc_low_risk
ISIC_0030609,nv,nv,0.071180224,0.052048974,auto_accept,low_unc_low_risk
ISIC_0030263,nv,nv,0.0036973953,0.0007318841,auto_accept,low_unc_low_risk
ISIC_0032257,nv,nv,0.008549035,0.00020741821,auto_accept,low_unc_low_risk
ISIC_0024713,nv,nv,4.6014786e-05,2.1940377e-08,auto_accept,low_unc_low_risk
ISIC_0029474,bkl,bkl,0.12983292,0.38206455,auto_accept,low_unc_low_risk
ISIC_0028360,nv,nv,0.002210021,0.0008859088,auto_accept,low_unc_low_risk
ISIC_0032985,mel,nv,0.011742055,0.0017832987,auto_accept,low_unc_low_risk
ISIC_0030161,nv,nv,0.0097081065,0.0027094665,auto_accept,low_unc_low_risk
ISIC_0033457,nv,bkl,0.046797395,0.00035770304,auto_accept,low_unc_low_risk
ISIC_0033880,nv,nv,0.0045713186,0.00023522327,auto_accept,low_unc_low_risk
ISIC_0028642,mel,mel,0.3305946,0.51877135,auto_accept,low_unc_low_risk
ISIC_0026189,nv,nv,0.00062060356,0.00013996614,auto_accept,low_unc_low_risk
ISIC_0024978,nv,nv,0.00032305717,2.2370948e-06,auto_accept,low_unc_low_risk
ISIC_0029317,nv,nv,0.026532173,6.399247e-05,auto_accept,low_unc_low_risk
ISIC_0033784,bkl,mel,0.26204473,0.9384759,auto_accept,low_unc_low_risk
ISIC_0027596,nv,nv,0.0074456334,0.0005434244,auto_accept,low_unc_low_risk
ISIC_0024997,bkl,bkl,0.004779041,0.0015219896,auto_accept,low_unc_low_risk
ISIC_0027750,nv,nv,0.00015056133,1.3299523e-07,auto_accept,low_unc_low_risk
ISIC_0029586,nv,nv,0.019619405,1.0702643e-05,auto_accept,low_unc_low_risk
ISIC_0026471,df,df,0.025992095,0.001119933,auto_accept,low_unc_low_risk
ISIC_0032175,nv,mel,0.33518434,0.9903244,auto_accept,low_unc_low_risk
ISIC_0033352,nv,nv,0.05747366,0.00016145356,auto_accept,low_unc_low_risk
ISIC_0027757,nv,nv,0.022529721,0.0041957125,auto_accept,low_unc_low_risk
ISIC_0034318,bkl,bkl,0.25702345,7.687351e-05,auto_accept,low_unc_low_risk
ISIC_0032266,nv,nv,0.0024325848,2.9211955e-07,auto_accept,low_unc_low_risk
ISIC_0030200,nv,nv,0.008269846,3.250411e-07,auto_accept,low_unc_low_risk
ISIC_0027020,nv,nv,0.00023812056,5.026936e-06,auto_accept,low_unc_low_risk
ISIC_0029914,mel,mel,0.08596563,0.8270737,auto_accept,low_unc_low_risk
ISIC_0029641,nv,nv,0.01661241,0.015127418,auto_accept,low_unc_low_risk
ISIC_0029427,bkl,bkl,0.14230818,0.015574762,auto_accept,low_unc_low_risk
ISIC_0030811,nv,nv,0.0014833808,2.8546023e-05,auto_accept,low_unc_low_risk
ISIC_0032494,nv,nv,0.010588825,0.004503702,auto_accept,low_unc_low_risk
ISIC_0027338,nv,nv,0.047160983,0.00566149,auto_accept,low_unc_low_risk
ISIC_0031051,nv,nv,0.0020503402,4.4628706e-07,auto_accept,low_unc_low_risk
ISIC_0028784,nv,nv,0.0015063286,0.00018029098,auto_accept,low_unc_low_risk
ISIC_0029708,nv,nv,0.022120416,0.00010949375,auto_accept,low_unc_low_risk
ISIC_0029499,nv,nv,0.01652491,0.0037301374,auto_accept,low_unc_low_risk
ISIC_0034144,nv,nv,0.016398013,0.0055215037,auto_accept,low_unc_low_risk
ISIC_0025317,mel,mel,0.041126847,0.996804,auto_accept,low_unc_low_risk
ISIC_0024576,nv,nv,0.007188618,3.179679e-05,auto_accept,low_unc_low_risk
ISIC_0024777,nv,nv,0.015413642,0.000115530805,auto_accept,low_unc_low_risk
ISIC_0026727,nv,nv,0.006285608,0.00015352813,auto_accept,low_unc_low_risk
ISIC_0028644,akiec,mel,0.037117302,0.9408128,auto_accept,low_unc_low_risk
ISIC_0025933,nv,nv,0.00029212236,1.3204778e-05,auto_accept,low_unc_low_risk
ISIC_0024906,nv,nv,0.03075099,0.0006907942,auto_accept,low_unc_low_risk
ISIC_0031736,nv,nv,0.00038844347,5.7155594e-05,auto_accept,low_unc_low_risk
ISIC_0028152,nv,nv,0.0029098988,1.5064361e-05,auto_accept,low_unc_low_risk
ISIC_0024807,nv,nv,8.225441e-05,5.23443e-08,auto_accept,low_unc_low_risk
ISIC_0030617,nv,nv,0.00084257126,3.697691e-08,auto_accept,low_unc_low_risk
ISIC_0027485,nv,nv,0.0050143003,0.0005918099,auto_accept,low_unc_low_risk
ISIC_0026576,bkl,bkl,0.04436326,0.0036347655,auto_accept,low_unc_low_risk
ISIC_0032533,mel,nv,0.029623926,0.018339517,auto_accept,low_unc_low_risk
ISIC_0033288,nv,nv,0.4953301,0.411068,escalate,high_unc_low_risk
ISIC_0027164,nv,nv,0.008168638,0.0018248326,auto_accept,low_unc_low_risk
ISIC_0030100,nv,nv,0.0020504594,3.4819647e-07,auto_accept,low_unc_low_risk
ISIC_0026325,nv,nv,0.05033368,2.5410656e-05,auto_accept,low_unc_low_risk
ISIC_0025664,nv,nv,0.00020807981,4.1167236e-06,auto_accept,low_unc_low_risk
ISIC_0033157,nv,nv,0.2269972,0.00024184168,auto_accept,low_unc_low_risk
ISIC_0030632,nv,nv,0.0008442402,2.1406447e-06,auto_accept,low_unc_low_risk
ISIC_0030810,nv,mel,0.17659438,0.759857,auto_accept,low_unc_low_risk
ISIC_0025563,nv,nv,0.0052125454,0.00468312,auto_accept,low_unc_low_risk
ISIC_0027356,nv,nv,0.00010848045,3.631985e-08,auto_accept,low_unc_low_risk
ISIC_0033495,nv,nv,0.041321993,0.018597687,auto_accept,low_unc_low_risk
ISIC_0033393,mel,nv,0.2975828,0.18682882,auto_accept,low_unc_low_risk
ISIC_0029800,nv,nv,0.00036013126,4.1161264e-05,auto_accept,low_unc_low_risk
ISIC_0032184,nv,nv,0.07925111,0.031583965,auto_accept,low_unc_low_risk
ISIC_0027572,nv,nv,0.0007402301,0.00013722308,auto_accept,low_unc_low_risk
ISIC_0026932,nv,nv,0.02603519,3.7888745e-05,auto_accept,low_unc_low_risk
ISIC_0029096,nv,nv,4.9948692e-05,2.283842e-07,auto_accept,low_unc_low_risk
ISIC_0027938,nv,nv,0.0003222227,3.1661533e-05,auto_accept,low_unc_low_risk
ISIC_0031391,nv,nv,0.002118528,0.00025377746,auto_accept,low_unc_low_risk
ISIC_0026673,nv,nv,4.696846e-05,4.892369e-06,auto_accept,low_unc_low_risk
ISIC_0024663,nv,nv,0.0046498775,9.62609e-05,auto_accept,low_unc_low_risk
ISIC_0026880,nv,nv,0.0038512945,7.2416846e-09,auto_accept,low_unc_low_risk
ISIC_0031947,nv,nv,0.0017929077,7.8236053e-07,auto_accept,low_unc_low_risk
ISIC_0026300,nv,nv,0.0005850792,1.6510847e-05,auto_accept,low_unc_low_risk
ISIC_0026909,mel,nv,0.2987699,0.118692085,auto_accept,low_unc_low_risk
ISIC_0026951,nv,nv,0.0030481815,0.0001010959,auto_accept,low_unc_low_risk
ISIC_0026093,nv,nv,0.0006546378,3.860876e-09,auto_accept,low_unc_low_risk
ISIC_0028038,nv,nv,0.0017223358,0.00034622173,auto_accept,low_unc_low_risk
ISIC_0025820,nv,nv,0.00042277575,7.610792e-05,auto_accept,low_unc_low_risk
ISIC_0024981,bkl,nv,0.12086278,0.0645675,auto_accept,low_unc_low_risk
ISIC_0032887,mel,mel,0.07875657,0.8629697,auto_accept,low_unc_low_risk
ISIC_0028004,nv,nv,7.212162e-05,1.8487569e-07,auto_accept,low_unc_low_risk
ISIC_0033914,nv,nv,0.0068297386,0.00053320953,auto_accept,low_unc_low_risk
ISIC_0025052,nv,nv,0.0057558417,9.019709e-05,auto_accept,low_unc_low_risk
ISIC_0029734,nv,nv,0.0069132447,0.0006237461,auto_accept,low_unc_low_risk
ISIC_0029829,nv,nv,0.00064617395,6.0669856e-05,auto_accept,low_unc_low_risk
ISIC_0025496,nv,nv,0.0142098665,3.664258e-05,auto_accept,low_unc_low_risk
ISIC_0024534,nv,nv,0.0010896921,8.238113e-05,auto_accept,low_unc_low_risk
ISIC_0031340,nv,nv,0.014127493,0.0020315612,auto_accept,low_unc_low_risk
ISIC_0033109,nv,nv,0.03867823,0.020607816,auto_accept,low_unc_low_risk
ISIC_0033476,mel,mel,0.027950644,0.96936786,auto_accept,low_unc_low_risk
ISIC_0026665,nv,nv,0.04463446,0.021748256,auto_accept,low_unc_low_risk
ISIC_0028257,nv,nv,0.00038194656,7.929065e-06,auto_accept,low_unc_low_risk
ISIC_0029906,nv,nv,0.0016064048,9.1855305e-05,auto_accept,low_unc_low_risk
ISIC_0031883,nv,nv,0.010160923,0.000112447815,auto_accept,low_unc_low_risk
ISIC_0024548,nv,nv,0.0029565692,0.0002898777,auto_accept,low_unc_low_risk
ISIC_0024798,nv,nv,0.0031499267,0.0016447273,auto_accept,low_unc_low_risk
ISIC_0028541,nv,nv,0.00024372339,1.8825159e-06,auto_accept,low_unc_low_risk
ISIC_0029832,nv,nv,0.008507431,0.00048553682,auto_accept,low_unc_low_risk
ISIC_0033316,nv,nv,0.00047814846,0.00013940246,auto_accept,low_unc_low_risk
ISIC_0031842,nv,nv,6.747246e-05,7.735185e-09,auto_accept,low_unc_low_risk
ISIC_0025498,nv,nv,0.0035834312,2.0480971e-05,auto_accept,low_unc_low_risk
ISIC_0033853,bkl,bkl,0.02799517,0.004869982,auto_accept,low_unc_low_risk
ISIC_0026801,nv,nv,0.0009827614,9.798702e-06,auto_accept,low_unc_low_risk
ISIC_0024902,nv,nv,0.07264197,0.043479696,auto_accept,low_unc_low_risk
ISIC_0028193,nv,nv,0.00051760674,2.9431382e-07,auto_accept,low_unc_low_risk
ISIC_0029993,nv,nv,0.17834723,0.16371436,auto_accept,low_unc_low_risk
ISIC_0027891,nv,nv,0.002637446,1.0724342e-05,auto_accept,low_unc_low_risk
ISIC_0026428,nv,nv,0.00010883808,1.1926649e-05,auto_accept,low_unc_low_risk
ISIC_0029523,nv,nv,0.0023542047,7.4082627e-06,auto_accept,low_unc_low_risk
ISIC_0024659,nv,nv,0.003011167,0.00011158221,auto_accept,low_unc_low_risk
ISIC_0033623,nv,nv,0.0018172264,0.00021208587,auto_accept,low_unc_low_risk
ISIC_0025074,nv,nv,0.032190144,0.021602046,auto_accept,low_unc_low_risk
ISIC_0033811,akiec,mel,0.5175948,0.55957204,escalate,high_unc_low_risk
ISIC_0028873,nv,bkl,0.42100102,0.70075196,escalate,high_unc_low_risk
ISIC_0026165,nv,nv,0.0048823357,0.00015631321,auto_accept,low_unc_low_risk
ISIC_0024883,bkl,nv,0.07879418,0.0066182697,auto_accept,low_unc_low_risk
ISIC_0028935,nv,nv,0.10325974,0.044972707,auto_accept,low_unc_low_risk
ISIC_0032763,bkl,bkl,0.1797821,0.101122856,auto_accept,low_unc_low_risk
ISIC_0025403,nv,nv,0.0061606765,0.007326356,auto_accept,low_unc_low_risk
ISIC_0031988,nv,nv,0.19311982,0.033254817,auto_accept,low_unc_low_risk
ISIC_0029022,bkl,mel,0.3266939,0.93540925,auto_accept,low_unc_low_risk
ISIC_0030626,nv,nv,0.05229211,0.0045072716,auto_accept,low_unc_low_risk
ISIC_0026313,df,df,4.2319298e-05,0.0039534317,auto_accept,low_unc_low_risk
ISIC_0030594,bcc,bcc,0.00090420246,0.99060893,auto_accept,low_unc_low_risk
ISIC_0030379,nv,nv,0.002545178,2.9717943e-05,auto_accept,low_unc_low_risk
ISIC_0033892,nv,nv,0.017488122,0.010068857,auto_accept,low_unc_low_risk
ISIC_0029870,nv,nv,0.0035145283,7.345811e-06,auto_accept,low_unc_low_risk
ISIC_0031235,nv,nv,8.332729e-05,6.7077633e-07,auto_accept,low_unc_low_risk
ISIC_0033651,mel,mel,0.010191083,0.9928537,auto_accept,low_unc_low_risk
ISIC_0026056,bcc,bcc,0.005860448,0.99221474,auto_accept,low_unc_low_risk
ISIC_0029008,nv,nv,0.00016736984,1.0889235e-06,auto_accept,low_unc_low_risk
ISIC_0031282,nv,nv,6.747246e-05,8.30338e-08,auto_accept,low_unc_low_risk
ISIC_0026059,nv,nv,0.00015354156,3.058699e-05,auto_accept,low_unc_low_risk
ISIC_0028344,nv,nv,0.4196542,0.2034596,escalate,high_unc_low_risk
ISIC_0027377,nv,nv,0.0024404526,7.962986e-05,auto_accept,low_unc_low_risk
ISIC_0028073,nv,nv,0.0031368732,1.1714679e-05,auto_accept,low_unc_low_risk
ISIC_0025190,nv,nv,0.0003117323,4.6053952e-05,auto_accept,low_unc_low_risk
ISIC_0026309,nv,nv,0.002929449,0.00015106787,auto_accept,low_unc_low_risk
ISIC_0032825,nv,nv,0.07907075,0.023329576,auto_accept,low_unc_low_risk
ISIC_0030875,nv,nv,0.00034844875,3.4577945e-07,auto_accept,low_unc_low_risk
ISIC_0027246,nv,nv,0.0030614138,0.0016941661,auto_accept,low_unc_low_risk
ISIC_0025091,nv,nv,0.00010716915,9.793365e-07,auto_accept,low_unc_low_risk
ISIC_0028612,nv,nv,0.00086021423,0.0001178504,auto_accept,low_unc_low_risk
ISIC_0025817,nv,nv,0.011259139,1.5551936e-05,auto_accept,low_unc_low_risk
ISIC_0031596,nv,mel,0.102930486,0.81879365,auto_accept,low_unc_low_risk
ISIC_0033649,nv,nv,0.031174004,0.0055668172,auto_accept,low_unc_low_risk
ISIC_0026997,nv,nv,0.0018716455,6.393087e-05,auto_accept,low_unc_low_risk
ISIC_0032996,nv,nv,0.0011820197,0.0003189043,auto_accept,low_unc_low_risk
ISIC_0029133,akiec,bkl,0.27014387,0.35344812,auto_accept,low_unc_low_risk
ISIC_0030315,nv,nv,0.0015389919,6.0045204e-07,auto_accept,low_unc_low_risk
ISIC_0026110,nv,nv,0.01309216,0.0006178045,auto_accept,low_unc_low_risk
ISIC_0029119,nv,nv,0.007897675,0.0039935205,auto_accept,low_unc_low_risk
ISIC_0031833,nv,nv,0.039532244,6.001892e-06,auto_accept,low_unc_low_risk
ISIC_0025087,nv,nv,0.00040012598,1.3168871e-07,auto_accept,low_unc_low_risk
ISIC_0028341,nv,nv,0.0001898408,1.4700296e-05,auto_accept,low_unc_low_risk
ISIC_0033725,mel,mel,0.030938625,0.9579617,auto_accept,low_unc_low_risk
ISIC_0027961,nv,nv,0.009499431,0.0048460397,auto_accept,low_unc_low_risk
ISIC_0028802,nv,nv,0.0011835098,1.665036e-06,auto_accept,low_unc_low_risk
ISIC_0033243,nv,nv,0.5477692,0.044337,escalate,high_unc_low_risk
ISIC_0030103,nv,nv,0.008532643,6.416639e-05,auto_accept,low_unc_low_risk
ISIC_0030431,nv,nv,0.04195386,0.00023826984,auto_accept,low_unc_low_risk
ISIC_0026642,nv,nv,0.024523199,0.012688196,auto_accept,low_unc_low_risk
ISIC_0031279,nv,nv,0.00024741888,3.4449886e-06,auto_accept,low_unc_low_risk
ISIC_0026943,nv,nv,0.001486361,3.9421852e-06,auto_accept,low_unc_low_risk
ISIC_0027213,nv,nv,0.45979387,0.00653704,escalate,high_unc_low_risk
ISIC_0033939,nv,nv,0.051593304,0.012253978,auto_accept,low_unc_low_risk
ISIC_0027860,nv,nv,0.00015568733,7.377027e-07,auto_accept,low_unc_low_risk
ISIC_0032751,mel,mel,0.13688278,0.83569485,auto_accept,low_unc_low_risk
ISIC_0026965,nv,nv,0.004858494,0.0019873865,auto_accept,low_unc_low_risk
ISIC_0032934,nv,nv,0.019202173,0.0020345459,auto_accept,low_unc_low_risk
ISIC_0031688,nv,nv,0.0050753355,4.858159e-06,auto_accept,low_unc_low_risk
ISIC_0025532,nv,nv,0.0036307573,0.00016407778,auto_accept,low_unc_low_risk
ISIC_0033977,mel,mel,0.019456804,0.9755018,auto_accept,low_unc_low_risk
ISIC_0031144,nv,nv,0.0078238845,0.00013069116,auto_accept,low_unc_low_risk
ISIC_0028115,nv,nv,0.005757153,0.00069320865,auto_accept,low_unc_low_risk
ISIC_0032740,bkl,bkl,0.040113747,0.0073525333,auto_accept,low_unc_low_risk
ISIC_0029605,nv,nv,0.0041876435,6.228858e-05,auto_accept,low_unc_low_risk
ISIC_0024568,nv,nv,0.003100872,1.5864412e-05,auto_accept,low_unc_low_risk
ISIC_0025048,nv,nv,0.00011861324,7.0129964e-08,auto_accept,low_unc_low_risk
ISIC_0028963,nv,nv,0.018172085,0.006146942,auto_accept,low_unc_low_risk
ISIC_0029925,nv,nv,0.0019068122,0.00010766624,auto_accept,low_unc_low_risk
ISIC_0025937,bkl,bkl,0.07731402,0.22209255,auto_accept,low_unc_low_risk
ISIC_0031151,nv,nv,0.012643933,0.00036282744,auto_accept,low_unc_low_risk
ISIC_0031979,nv,nv,9.9897385e-05,6.590396e-06,auto_accept,low_unc_low_risk
ISIC_0032640,nv,nv,0.059414208,0.020629229,auto_accept,low_unc_low_risk
ISIC_0029540,nv,nv,0.0003209114,7.604626e-05,auto_accept,low_unc_low_risk
ISIC_0033203,bcc,bcc,0.020792186,0.9794089,auto_accept,low_unc_low_risk
ISIC_0031271,df,df,0.0,0.00011552011,auto_accept,low_unc_low_risk
ISIC_0031587,nv,nv,0.0026424527,3.9607454e-05,auto_accept,low_unc_low_risk
ISIC_0033423,nv,nv,0.01736623,0.0052333847,auto_accept,low_unc_low_risk
ISIC_0032406,nv,nv,0.00084006786,9.396321e-05,auto_accept,low_unc_low_risk
ISIC_0025775,nv,nv,0.001973331,1.058421e-05,auto_accept,low_unc_low_risk
ISIC_0034126,bkl,bkl,0.08193356,0.004220884,auto_accept,low_unc_low_risk
ISIC_0026463,nv,nv,0.0013685822,0.00012000503,auto_accept,low_unc_low_risk
ISIC_0024397,nv,nv,0.00072318316,7.234946e-06,auto_accept,low_unc_low_risk
ISIC_0028522,nv,nv,0.00013160706,2.2898928e-06,auto_accept,low_unc_low_risk
ISIC_0030600,nv,nv,0.0147147775,0.0035988414,auto_accept,low_unc_low_risk
ISIC_0025426,nv,nv,0.0030468702,0.004852156,auto_accept,low_unc_low_risk
ISIC_0032026,nv,nv,0.016503096,0.0043902784,auto_accept,low_unc_low_risk
ISIC_0029227,bkl,nv,0.000438869,1.0540322e-05,auto_accept,low_unc_low_risk
ISIC_0027763,nv,nv,0.04183054,1.8232584e-05,auto_accept,low_unc_low_risk
ISIC_0027831,bkl,bkl,0.012353778,0.035842184,auto_accept,low_unc_low_risk
ISIC_0030764,nv,nv,0.0017949343,1.8180997e-05,auto_accept,low_unc_low_risk
ISIC_0028564,nv,nv,0.011331618,0.00016104443,auto_accept,low_unc_low_risk
ISIC_0028994,bcc,akiec,0.02143234,0.9751741,auto_accept,low_unc_low_risk
ISIC_0025081,mel,vasc,0.30645835,0.16250658,auto_accept,low_unc_low_risk
ISIC_0032864,nv,nv,0.26451105,0.21650179,auto_accept,low_unc_low_risk
ISIC_0030444,nv,nv,0.05495304,0.04475496,auto_accept,low_unc_low_risk
ISIC_0026308,nv,nv,0.0013476014,3.2895646e-06,auto_accept,low_unc_low_risk
ISIC_0024643,bkl,bkl,0.042161345,9.201398e-05,auto_accept,low_unc_low_risk
ISIC_0029960,nv,nv,0.0008236766,1.0273845e-05,auto_accept,low_unc_low_risk
ISIC_0032000,nv,nv,0.0006916523,3.8167444e-05,auto_accept,low_unc_low_risk
ISIC_0031613,nv,nv,0.2588762,0.04251767,auto_accept,low_unc_low_risk
ISIC_0033207,nv,nv,0.080382705,0.05731231,auto_accept,low_unc_low_risk
ISIC_0027552,mel,nv,0.19079232,0.0004911295,auto_accept,low_unc_low_risk
ISIC_0029117,nv,nv,0.00036394596,2.904051e-05,auto_accept,low_unc_low_risk
ISIC_0033948,nv,nv,0.037240982,0.0026478148,auto_accept,low_unc_low_risk
ISIC_0030921,nv,nv,0.060610652,0.00015784363,auto_accept,low_unc_low_risk
ISIC_0026191,nv,nv,0.00437212,7.4554155e-06,auto_accept,low_unc_low_risk
ISIC_0031427,nv,nv,0.0016981363,1.5766908e-06,auto_accept,low_unc_low_risk
ISIC_0025979,nv,nv,0.0026441813,0.0005890044,auto_accept,low_unc_low_risk
ISIC_0028801,nv,nv,0.00029331446,8.658383e-05,auto_accept,low_unc_low_risk
ISIC_0029183,nv,nv,0.34568948,0.18793952,auto_accept,low_unc_low_risk
ISIC_0031946,nv,nv,0.0013611913,1.9991086e-07,auto_accept,low_unc_low_risk
ISIC_0027035,nv,nv,0.00036728382,2.6778034e-06,auto_accept,low_unc_low_risk
ISIC_0033342,nv,nv,0.06808764,0.0069101043,auto_accept,low_unc_low_risk
ISIC_0028244,nv,nv,0.0021871328,1.5400274e-05,auto_accept,low_unc_low_risk
ISIC_0032770,nv,nv,0.56004,0.207019,escalate,high_unc_low_risk
ISIC_0026977,nv,nv,0.009744465,0.00010535972,auto_accept,low_unc_low_risk
ISIC_0025540,nv,mel,0.07994944,0.89890534,auto_accept,low_unc_low_risk
ISIC_0032474,nv,nv,0.0070810914,0.0029544425,auto_accept,low_unc_low_risk
ISIC_0027123,nv,nv,0.0078905225,0.0013957601,auto_accept,low_unc_low_risk
ISIC_0034098,nv,nv,0.05242133,0.013540109,auto_accept,low_unc_low_risk
ISIC_0031590,nv,nv,4.9471855e-05,6.7041387e-06,auto_accept,low_unc_low_risk
ISIC_0033865,bkl,bkl,0.003204286,0.018076677,auto_accept,low_unc_low_risk
ISIC_0026505,nv,nv,0.00066560507,2.9973191e-05,auto_accept,low_unc_low_risk
ISIC_0027674,nv,nv,0.041295707,0.0014337989,auto_accept,low_unc_low_risk
ISIC_0029077,nv,nv,0.025119126,4.457591e-05,auto_accept,low_unc_low_risk
ISIC_0032412,nv,nv,0.050260425,0.03081033,auto_accept,low_unc_low_risk
ISIC_0028025,nv,nv,0.0019209385,7.3395524e-05,auto_accept,low_unc_low_risk
ISIC_0027918,nv,nv,0.00806272,0.00011082645,auto_accept,low_unc_low_risk
ISIC_0033117,mel,mel,0.039694905,0.9544266,auto_accept,low_unc_low_risk
ISIC_0030805,nv,nv,0.029891491,1.5497673e-07,auto_accept,low_unc_low_risk
ISIC_0024565,nv,nv,0.00013387203,3.8188286e-06,auto_accept,low_unc_low_risk
ISIC_0029307,nv,nv,0.0008392334,1.4934074e-06,auto_accept,low_unc_low_risk
ISIC_0033543,nv,nv,0.013142884,0.0011544307,auto_accept,low_unc_low_risk
ISIC_0028742,nv,nv,0.0008636117,7.584088e-05,auto_accept,low_unc_low_risk
ISIC_0031027,nv,nv,0.0017507076,0.00029623206,auto_accept,low_unc_low_risk
ISIC_0029481,nv,df,0.4424768,0.000106660205,escalate,high_unc_low_risk
ISIC_0033827,nv,nv,0.013049424,0.0016479477,auto_accept,low_unc_low_risk
ISIC_0026160,nv,nv,0.0011073947,2.9540897e-06,auto_accept,low_unc_low_risk
ISIC_0025545,nv,nv,0.0064365864,0.001609165,auto_accept,low_unc_low_risk
ISIC_0027087,nv,mel,0.10678244,0.90751946,auto_accept,low_unc_low_risk
ISIC_0033569,mel,mel,0.011849761,0.9701257,auto_accept,low_unc_low_risk
ISIC_0029311,bkl,bkl,0.060560882,0.090893485,auto_accept,low_unc_low_risk
ISIC_0026683,nv,nv,0.00011610985,2.2163053e-06,auto_accept,low_unc_low_risk
ISIC_0029123,bcc,nv,0.061195254,0.08986755,auto_accept,low_unc_low_risk
ISIC_0028595,nv,nv,0.00022405386,3.322347e-06,auto_accept,low_unc_low_risk
ISIC_0032210,nv,nv,0.015977263,8.330271e-06,auto_accept,low_unc_low_risk
ISIC_0026570,nv,nv,0.04054016,0.0003062606,auto_accept,low_unc_low_risk
ISIC_0026735,mel,bkl,0.29344118,0.20515536,auto_accept,low_unc_low_risk
ISIC_0029294,nv,nv,0.0014752746,3.0632506e-05,auto_accept,low_unc_low_risk
ISIC_0031313,nv,nv,0.0045266747,0.0014066669,auto_accept,low_unc_low_risk
ISIC_0025796,nv,nv,0.02443242,0.008173224,auto_accept,low_unc_low_risk
ISIC_0030931,nv,nv,0.00013315678,3.3855056e-05,auto_accept,low_unc_low_risk
ISIC_0028318,nv,nv,4.1007996e-05,3.696369e-07,auto_accept,low_unc_low_risk
ISIC_0026601,nv,mel,0.07083619,0.9168093,auto_accept,low_unc_low_risk
ISIC_0033582,bkl,bkl,0.02070874,0.05012437,auto_accept,low_unc_low_risk
ISIC_0029410,nv,nv,0.0011693835,0.00021277006,auto_accept,low_unc_low_risk
ISIC_0025580,nv,nv,0.00078737736,2.6794822e-05,auto_accept,low_unc_low_risk
ISIC_0030558,nv,nv,0.0002631545,4.560789e-05,auto_accept,low_unc_low_risk
ISIC_0028157,nv,nv,0.00044804811,1.9434372e-05,auto_accept,low_unc_low_risk
ISIC_0032401,nv,nv,0.0019364953,5.2322916e-06,auto_accept,low_unc_low_risk
ISIC_0026604,mel,mel,0.08042419,0.8764092,auto_accept,low_unc_low_risk
ISIC_0032400,mel,nv,0.13840222,0.007569443,auto_accept,low_unc_low_risk
ISIC_0029670,nv,nv,0.00054222345,5.2819338e-05,auto_accept,low_unc_low_risk
ISIC_0033907,nv,nv,0.26732033,0.009010099,auto_accept,low_unc_low_risk
ISIC_0032064,nv,nv,0.00084483624,4.2201387e-05,auto_accept,low_unc_low_risk
ISIC_0025399,nv,nv,0.0005013943,8.406413e-06,auto_accept,low_unc_low_risk
ISIC_0031544,nv,nv,0.0067697763,0.0004246166,auto_accept,low_unc_low_risk
ISIC_0027460,nv,nv,0.012850821,0.0007433295,auto_accept,low_unc_low_risk
ISIC_0024498,bkl,bkl,0.003723979,0.00064393354,auto_accept,low_unc_low_risk
ISIC_0027347,nv,nv,0.027078927,0.00014054659,auto_accept,low_unc_low_risk
ISIC_0033830,nv,nv,0.04094231,0.015222954,auto_accept,low_unc_low_risk
ISIC_0027217,nv,nv,0.0013601184,2.4322406e-05,auto_accept,low_unc_low_risk
ISIC_0030799,nv,nv,0.0033236742,2.394798e-05,auto_accept,low_unc_low_risk
ISIC_0026860,nv,nv,0.0010291338,2.6279542e-06,auto_accept,low_unc_low_risk
ISIC_0033758,bkl,bkl,0.04176289,0.0013614324,auto_accept,low_unc_low_risk
ISIC_0027913,nv,nv,0.00050127506,1.2334738e-05,auto_accept,low_unc_low_risk
ISIC_0032560,nv,mel,0.072065175,0.8990244,auto_accept,low_unc_low_risk
ISIC_0026612,nv,nv,0.0004157424,3.171465e-08,auto_accept,low_unc_low_risk
ISIC_0027154,bkl,bkl,0.0016826391,0.008251973,auto_accept,low_unc_low_risk
ISIC_0025747,nv,nv,0.12913573,1.8490387e-05,auto_accept,low_unc_low_risk
ISIC_0033227,nv,mel,0.22494787,0.7355718,auto_accept,low_unc_low_risk
ISIC_0029197,nv,nv,0.034612536,0.01855246,auto_accept,low_unc_low_risk
ISIC_0032558,nv,nv,0.011727035,0.0043097497,auto_accept,low_unc_low_risk
ISIC_0025365,nv,vasc,0.073411345,1.5872023e-05,auto_accept,low_unc_low_risk
ISIC_0025290,nv,nv,0.005755961,0.0002707875,auto_accept,low_unc_low_risk
ISIC_0027080,nv,nv,0.0001322031,6.846452e-06,auto_accept,low_unc_low_risk
ISIC_0029023,nv,nv,0.012048423,0.0030563152,auto_accept,low_unc_low_risk
ISIC_0031703,nv,nv,0.013438046,0.011821579,auto_accept,low_unc_low_risk
ISIC_0024455,nv,nv,0.0015048981,1.3265478e-05,auto_accept,low_unc_low_risk
ISIC_0032452,nv,nv,0.0019197464,2.3393062e-05,auto_accept,low_unc_low_risk
ISIC_0033205,bcc,bcc,0.014990926,0.9463926,auto_accept,low_unc_low_risk
ISIC_0032327,nv,bkl,0.14147496,0.000776211,auto_accept,low_unc_low_risk
ISIC_0027015,nv,nv,0.02777493,6.45064e-05,auto_accept,low_unc_low_risk
ISIC_0034202,mel,mel,0.057092488,0.945734,auto_accept,low_unc_low_risk
ISIC_0028092,nv,nv,0.0035273433,0.0012889219,auto_accept,low_unc_low_risk
ISIC_0024856,nv,nv,0.0009887218,4.0327956e-05,auto_accept,low_unc_low_risk
ISIC_0034087,mel,mel,0.15667313,0.69981337,auto_accept,low_unc_low_risk
ISIC_0032750,mel,mel,0.035105526,0.9467709,auto_accept,low_unc_low_risk
ISIC_0026508,nv,nv,0.020149946,0.011446367,auto_accept,low_unc_low_risk
ISIC_0033003,nv,nv,0.13419574,0.019900361,auto_accept,low_unc_low_risk
ISIC_0030051,nv,nv,0.024644196,9.673972e-07,auto_accept,low_unc_low_risk
ISIC_0026296,mel,nv,0.027677178,0.0052109305,auto_accept,low_unc_low_risk
ISIC_0027039,nv,nv,0.015513122,0.0004958799,auto_accept,low_unc_low_risk
ISIC_0030908,nv,nv,0.0028541684,0.00029270092,auto_accept,low_unc_low_risk
ISIC_0028510,nv,bkl,0.15270633,0.028291674,auto_accept,low_unc_low_risk
ISIC_0028466,nv,nv,0.0055915713,1.9525232e-05,auto_accept,low_unc_low_risk
ISIC_0029513,mel,bkl,0.15145767,0.5151322,auto_accept,low_unc_low_risk
ISIC_0025283,nv,nv,0.0005401969,4.41148e-06,auto_accept,low_unc_low_risk
ISIC_0025273,nv,nv,3.4093857e-05,5.2709885e-07,auto_accept,low_unc_low_risk
ISIC_0027973,bkl,mel,0.048811555,0.8769551,auto_accept,low_unc_low_risk
ISIC_0033819,mel,mel,0.028101444,0.9297604,auto_accept,low_unc_low_risk
ISIC_0029072,nv,nv,0.029307306,0.0019148808,auto_accept,low_unc_low_risk
ISIC_0026004,nv,nv,0.009455204,0.00013002017,auto_accept,low_unc_low_risk
ISIC_0032896,nv,nv,0.02437967,0.0027406553,auto_accept,low_unc_low_risk
ISIC_0031869,nv,nv,0.00031077862,1.8293773e-05,auto_accept,low_unc_low_risk
ISIC_0030949,nv,nv,0.00092327595,1.0058133e-07,auto_accept,low_unc_low_risk
ISIC_0030544,nv,nv,0.0061258674,8.31592e-06,auto_accept,low_unc_low_risk
ISIC_0031139,nv,nv,0.007401228,1.3016782e-05,auto_accept,low_unc_low_risk
ISIC_0027758,nv,nv,0.0246045,2.1776127e-06,auto_accept,low_unc_low_risk
ISIC_0030903,nv,nv,0.00035655499,4.5304684e-09,auto_accept,low_unc_low_risk
ISIC_0028125,nv,nv,0.00036275387,6.719051e-08,auto_accept,low_unc_low_risk
ISIC_0024677,nv,nv,0.00010585785,3.4373411e-07,auto_accept,low_unc_low_risk
ISIC_0034028,mel,mel,0.40844613,0.3996179,escalate,high_unc_low_risk
ISIC_0028268,nv,nv,0.00047397614,1.2383617e-05,auto_accept,low_unc_low_risk
ISIC_0029346,nv,nv,0.031271577,5.6536635e-05,auto_accept,low_unc_low_risk
ISIC_0029165,nv,nv,0.048983753,0.00015364238,auto_accept,low_unc_low_risk
ISIC_0031188,nv,nv,0.0035517216,0.0003158447,auto_accept,low_unc_low_risk
ISIC_0024945,nv,nv,0.0007044077,1.9220312e-05,auto_accept,low_unc_low_risk
ISIC_0030832,nv,nv,0.0003271103,1.2124624e-05,auto_accept,low_unc_low_risk
ISIC_0033408,nv,nv,0.01292181,0.003739715,auto_accept,low_unc_low_risk
ISIC_0025795,nv,nv,0.11000198,0.0034637987,auto_accept,low_unc_low_risk
ISIC_0033622,nv,nv,0.008793414,0.00092963286,auto_accept,low_unc_low_risk
ISIC_0025566,nv,nv,0.0004425645,3.3110147e-05,auto_accept,low_unc_low_risk
ISIC_0030317,nv,nv,0.0004376769,1.4946298e-07,auto_accept,low_unc_low_risk
ISIC_0026510,nv,nv,0.0016925335,5.711037e-05,auto_accept,low_unc_low_risk
ISIC_0028592,nv,nv,0.05741328,0.031953856,auto_accept,low_unc_low_risk
ISIC_0031536,nv,nv,0.06544268,9.193279e-06,auto_accept,low_unc_low_risk
ISIC_0025767,bkl,bkl,0.094245136,0.014406223,auto_accept,low_unc_low_risk
ISIC_0027404,nv,nv,0.11383951,1.080806e-06,auto_accept,low_unc_low_risk
ISIC_0032826,bkl,bkl,0.016274393,0.0001368187,auto_accept,low_unc_low_risk
ISIC_0030968,nv,nv,0.035228968,1.8034667e-05,auto_accept,low_unc_low_risk
ISIC_0025064,bkl,nv,0.05606085,0.00686009,auto_accept,low_unc_low_risk
ISIC_0026408,nv,nv,0.0007805824,6.912948e-05,auto_accept,low_unc_low_risk
ISIC_0025114,nv,nv,0.0013747215,6.4268474e-06,auto_accept,low_unc_low_risk
ISIC_0027793,mel,nv,0.015216112,0.0016294996,auto_accept,low_unc_low_risk
ISIC_0027269,vasc,vasc,0.0048750043,0.00028124326,auto_accept,low_unc_low_risk
ISIC_0031592,nv,nv,0.0046840906,4.609116e-05,auto_accept,low_unc_low_risk
ISIC_0028860,mel,mel,0.17899823,0.74910146,auto_accept,low_unc_low_risk
ISIC_0024850,bkl,nv,0.019321203,4.8453974e-05,auto_accept,low_unc_low_risk
ISIC_0025237,nv,nv,0.11113703,0.035417635,auto_accept,low_unc_low_risk
ISIC_0028991,nv,nv,0.00674814,3.6446543e-06,auto_accept,low_unc_low_risk
ISIC_0028976,nv,nv,0.010297,1.5946632e-06,auto_accept,low_unc_low_risk
ISIC_0030199,nv,nv,0.00096690655,1.51721615e-05,auto_accept,low_unc_low_risk
ISIC_0028955,nv,nv,0.0005581975,0.00029305276,auto_accept,low_unc_low_risk
ISIC_0029146,mel,mel,0.003491342,0.99724907,auto_accept,low_unc_low_risk
ISIC_0028422,nv,nv,0.00673306,2.3086288e-05,auto_accept,low_unc_low_risk
ISIC_0028921,nv,nv,0.0011042356,4.67e-05,auto_accept,low_unc_low_risk
ISIC_0028178,nv,nv,0.06382775,0.0022183973,auto_accept,low_unc_low_risk
ISIC_0030128,nv,nv,0.0008149743,8.863556e-05,auto_accept,low_unc_low_risk
ISIC_0024985,nv,nv,0.0004428029,7.2817494e-07,auto_accept,low_unc_low_risk
ISIC_0026196,nv,nv,0.0012084842,4.3396294e-06,auto_accept,low_unc_low_risk
ISIC_0031935,nv,nv,0.0016056895,6.097808e-06,auto_accept,low_unc_low_risk
ISIC_0031562,nv,nv,0.010600388,0.0033712827,auto_accept,low_unc_low_risk
ISIC_0032446,nv,nv,0.0013647676,0.00019641286,auto_accept,low_unc_low_risk
ISIC_0031379,nv,nv,0.014344573,0.013975514,auto_accept,low_unc_low_risk
ISIC_0031998,nv,nv,0.015296757,0.000121498095,auto_accept,low_unc_low_risk
ISIC_0031559,nv,nv,0.0023283362,0.00020813219,auto_accept,low_unc_low_risk
ISIC_0033125,mel,mel,0.086245716,0.89941126,auto_accept,low_unc_low_risk
ISIC_0025602,nv,nv,0.0006276965,1.3962665e-05,auto_accept,low_unc_low_risk
ISIC_0032789,nv,bkl,0.49594152,0.00013231675,escalate,high_unc_low_risk
ISIC_0028796,nv,nv,0.009879947,4.8149184e-05,auto_accept,low_unc_low_risk
ISIC_0027581,nv,nv,0.010531068,0.00242758,auto_accept,low_unc_low_risk
ISIC_0031278,nv,mel,0.09607464,0.8515968,auto_accept,low_unc_low_risk
ISIC_0027972,nv,nv,0.0012515783,0.0002089323,auto_accept,low_unc_low_risk
ISIC_0024326,nv,nv,0.0011036396,0.000116105635,auto_accept,low_unc_low_risk
ISIC_0030760,mel,nv,0.097742796,0.0858831,auto_accept,low_unc_low_risk
ISIC_0027554,nv,bkl,0.20514995,8.501679e-05,auto_accept,low_unc_low_risk
ISIC_0025774,nv,nv,0.0018582344,9.4142365e-07,auto_accept,low_unc_low_risk
ISIC_0026126,nv,nv,0.015267551,0.010796519,auto_accept,low_unc_low_risk
ISIC_0032971,nv,nv,0.04320568,0.0002740272,auto_accept,low_unc_low_risk
ISIC_0031722,nv,nv,0.002296865,3.664338e-05,auto_accept,low_unc_low_risk
ISIC_0027066,nv,nv,0.46063524,0.14358881,escalate,high_unc_low_risk
ISIC_0032927,mel,mel,0.02026552,0.955859,auto_accept,low_unc_low_risk
ISIC_0031032,nv,nv,0.19300759,0.03079531,auto_accept,low_unc_low_risk
ISIC_0025253,nv,nv,0.20649183,0.14686687,auto_accept,low_unc_low_risk
ISIC_0029776,bkl,bkl,0.024344504,0.1791862,auto_accept,low_unc_low_risk
ISIC_0031807,nv,nv,0.0006479621,2.3522666e-06,auto_accept,low_unc_low_risk
ISIC_0025329,nv,nv,0.009549797,0.00042035093,auto_accept,low_unc_low_risk
ISIC_0028304,nv,nv,0.049239457,0.027789567,auto_accept,low_unc_low_risk
ISIC_0026747,nv,nv,0.014439166,0.00075396046,auto_accept,low_unc_low_risk
ISIC_0026467,vasc,vasc,0.021836042,1.8484428e-05,auto_accept,low_unc_low_risk
ISIC_0030206,nv,nv,0.0008817315,3.7835925e-05,auto_accept,low_unc_low_risk
ISIC_0026481,bkl,bkl,0.030253053,0.12208647,auto_accept,low_unc_low_risk
ISIC_0027266,nv,nv,0.07875556,0.033435218,auto_accept,low_unc_low_risk
ISIC_0025527,nv,nv,0.0010304451,0.0002898465,auto_accept,low_unc_low_risk
ISIC_0025854,nv,nv,0.00023514032,1.0036093e-06,auto_accept,low_unc_low_risk
ISIC_0029313,nv,nv,0.016855836,0.0004448184,auto_accept,low_unc_low_risk
ISIC_0026356,nv,nv,0.00092446804,3.514105e-05,auto_accept,low_unc_low_risk
ISIC_0031291,nv,nv,0.0007403493,1.082376e-08,auto_accept,low_unc_low_risk
ISIC_0029113,bkl,bkl,0.23475266,7.802855e-05,auto_accept,low_unc_low_risk
ISIC_0033190,nv,nv,0.002100587,0.0005951758,auto_accept,low_unc_low_risk
ISIC_0029010,bkl,bkl,0.016595006,0.00836711,auto_accept,low_unc_low_risk
ISIC_0032515,nv,nv,0.4628855,0.034650903,escalate,high_unc_low_risk
ISIC_0031978,nv,nv,0.0010837317,0.00017028155,auto_accept,low_unc_low_risk
ISIC_0032183,nv,nv,0.0011746287,4.3759825e-05,auto_accept,low_unc_low_risk
ISIC_0028176,nv,nv,0.00054103136,1.3766827e-06,auto_accept,low_unc_low_risk
ISIC_0033697,nv,nv,0.27908105,0.2186522,auto_accept,low_unc_low_risk
ISIC_0024633,nv,nv,0.003686607,0.0003127172,auto_accept,low_unc_low_risk
ISIC_0028861,nv,nv,0.0045742393,7.190656e-06,auto_accept,low_unc_low_risk
ISIC_0024321,nv,nv,0.0010538697,1.28924985e-05,auto_accept,low_unc_low_risk
ISIC_0027713,bkl,bkl,0.0392074,0.09432471,auto_accept,low_unc_low_risk
ISIC_0026361,nv,nv,0.0005764961,1.6783447e-06,auto_accept,low_unc_low_risk
ISIC_0032188,nv,nv,0.00026661158,2.1730984e-06,auto_accept,low_unc_low_risk
ISIC_0031509,nv,nv,0.000662148,1.9696297e-06,auto_accept,low_unc_low_risk
ISIC_0025152,nv,nv,0.103651226,0.0018418666,auto_accept,low_unc_low_risk
ISIC_0025413,mel,mel,0.21674156,0.64710265,auto_accept,low_unc_low_risk
ISIC_0024641,nv,nv,0.0002810359,2.5725803e-05,auto_accept,low_unc_low_risk
ISIC_0034045,nv,nv,0.022306085,0.003011463,auto_accept,low_unc_low_risk
ISIC_0025138,nv,nv,8.583069e-05,1.776774e-05,auto_accept,low_unc_low_risk
ISIC_0028532,nv,nv,0.0010949373,0.00026574032,auto_accept,low_unc_low_risk
ISIC_0026640,nv,nv,0.0150927305,0.0030804353,auto_accept,low_unc_low_risk
ISIC_0030969,nv,nv,0.0010091662,1.0351737e-05,auto_accept,low_unc_low_risk
ISIC_0025703,bkl,bkl,0.23392165,0.34639364,auto_accept,low_unc_low_risk
ISIC_0028852,nv,nv,0.012165546,3.3508707e-06,auto_accept,low_unc_low_risk
ISIC_0030170,nv,nv,0.013365626,0.00012529688,auto_accept,low_unc_low_risk
ISIC_0033961,nv,nv,0.12723416,0.13160889,auto_accept,low_unc_low_risk
ISIC_0028930,mel,nv,0.18895847,0.0678746,auto_accept,low_unc_low_risk
ISIC_0032845,mel,nv,0.38700837,0.32506725,escalate,high_unc_low_risk
ISIC_0030739,nv,nv,0.030791044,0.007160863,auto_accept,low_unc_low_risk
ISIC_0024580,nv,nv,0.00023967028,6.540718e-06,auto_accept,low_unc_low_risk
ISIC_0033018,nv,nv,0.04039675,0.014983412,auto_accept,low_unc_low_risk
ISIC_0028461,nv,mel,0.08957535,0.82485956,auto_accept,low_unc_low_risk
ISIC_0030422,nv,nv,0.02615422,0.0008748069,auto_accept,low_unc_low_risk
ISIC_0026784,nv,nv,0.15754122,0.0009449383,auto_accept,low_unc_low_risk
ISIC_0030925,mel,mel,0.047168553,0.9480082,auto_accept,low_unc_low_risk
ISIC_0034079,nv,nv,0.1565969,0.1430048,auto_accept,low_unc_low_risk
ISIC_0025272,nv,nv,0.00045764446,2.6968171e-05,auto_accept,low_unc_low_risk
ISIC_0025374,bkl,bkl,0.0024320483,0.0028199353,auto_accept,low_unc_low_risk
ISIC_0030897,nv,nv,0.009979606,6.295466e-05,auto_accept,low_unc_low_risk
ISIC_0025751,mel,mel,0.037335455,0.9450181,auto_accept,low_unc_low_risk
ISIC_0030084,nv,nv,0.003424704,3.8582357e-06,auto_accept,low_unc_low_risk
ISIC_0033081,mel,nv,0.1222775,0.025867071,auto_accept,low_unc_low_risk
ISIC_0031508,nv,nv,0.0003977418,0.00012196484,auto_accept,low_unc_low_risk
ISIC_0025895,nv,nv,0.0022839308,3.2720047e-05,auto_accept,low_unc_low_risk
ISIC_0024977,nv,nv,0.003003478,3.23599e-06,auto_accept,low_unc_low_risk
ISIC_0030776,nv,nv,0.022208154,0.0029558223,auto_accept,low_unc_low_risk
ISIC_0030495,nv,nv,1.8715858e-05,2.796757e-06,auto_accept,low_unc_low_risk
ISIC_0031891,nv,nv,0.0005867481,3.265714e-05,auto_accept,low_unc_low_risk
ISIC_0026558,mel,nv,0.0753566,0.045831945,auto_accept,low_unc_low_risk
ISIC_0031767,nv,nv,0.0003578663,3.8845257e-05,auto_accept,low_unc_low_risk
ISIC_0032128,bkl,bkl,0.014643848,0.037933663,auto_accept,low_unc_low_risk
ISIC_0031234,nv,nv,0.008268774,5.170292e-05,auto_accept,low_unc_low_risk
ISIC_0025158,nv,nv,0.48135692,0.44351774,escalate,high_unc_low_risk
ISIC_0029131,nv,nv,0.0010049939,8.468966e-05,auto_accept,low_unc_low_risk
ISIC_0026658,nv,nv,0.028224707,0.0003205876,auto_accept,low_unc_low_risk
ISIC_0025779,nv,nv,0.0008325577,8.020907e-05,auto_accept,low_unc_low_risk
ISIC_0030119,mel,mel,0.021535873,0.99181366,auto_accept,low_unc_low_risk
ISIC_0025771,df,df,0.00013506413,0.0040618796,auto_accept,low_unc_low_risk
ISIC_0032219,mel,mel,0.0958454,0.77758753,auto_accept,low_unc_low_risk
ISIC_0032954,nv,nv,0.08834243,0.07464471,auto_accept,low_unc_low_risk
ISIC_0030230,bcc,nv,0.008753121,0.0057320236,auto_accept,low_unc_low_risk
ISIC_0029984,nv,nv,0.0027109385,0.00037494858,auto_accept,low_unc_low_risk
ISIC_0032100,nv,nv,0.015361488,1.2434906e-05,auto_accept,low_unc_low_risk
ISIC_0030471,nv,nv,0.0012384653,0.00022041566,auto_accept,low_unc_low_risk
ISIC_0027627,nv,mel,0.48626482,0.34307268,escalate,high_unc_low_risk
ISIC_0033598,nv,mel,0.09496522,0.88143647,auto_accept,low_unc_low_risk
ISIC_0033640,nv,nv,0.029576898,0.019815551,auto_accept,low_unc_low_risk
ISIC_0031147,nv,nv,0.00032746792,1.3335174e-05,auto_accept,low_unc_low_risk
ISIC_0028009,nv,nv,0.05536139,0.034968995,auto_accept,low_unc_low_risk
ISIC_0033291,nv,nv,0.0453856,0.0454061,auto_accept,low_unc_low_risk
ISIC_0033256,df,df,8.106232e-06,0.0002832035,auto_accept,low_unc_low_risk
ISIC_0030752,nv,nv,0.0027067065,6.616121e-05,auto_accept,low_unc_low_risk
ISIC_0033960,nv,nv,0.07327336,0.060919993,auto_accept,low_unc_low_risk
ISIC_0033223,nv,nv,0.16031814,0.067423016,auto_accept,low_unc_low_risk
ISIC_0027357,nv,nv,0.000669837,1.2519199e-05,auto_accept,low_unc_low_risk
ISIC_0030975,nv,nv,0.0065926313,1.6914704e-05,auto_accept,low_unc_low_risk
ISIC_0029572,nv,nv,0.22986597,0.000109966495,auto_accept,low_unc_low_risk
ISIC_0030961,nv,nv,0.07731694,0.0022819017,auto_accept,low_unc_low_risk
ISIC_0027833,nv,nv,0.008941352,9.5272444e-05,auto_accept,low_unc_low_risk
ISIC_0024543,nv,nv,0.0036137104,0.0009376425,auto_accept,low_unc_low_risk
ISIC_0027549,nv,nv,0.006869018,0.001630718,auto_accept,low_unc_low_risk
ISIC_0026779,nv,nv,0.000119924545,5.213844e-08,auto_accept,low_unc_low_risk
ISIC_0028838,nv,nv,0.02665472,7.766301e-06,auto_accept,low_unc_low_risk
ISIC_0031999,mel,nv,0.046753883,0.039339006,auto_accept,low_unc_low_risk
ISIC_0032781,nv,nv,0.009352386,0.0041703694,auto_accept,low_unc_low_risk
ISIC_0024392,nv,nv,0.0011685491,0.0003708855,auto_accept,low_unc_low_risk
ISIC_0033158,vasc,vasc,4.529953e-06,5.3466847e-05,auto_accept,low_unc_low_risk
ISIC_0032101,nv,nv,0.0052528977,0.0010228149,auto_accept,low_unc_low_risk
ISIC_0031075,nv,nv,0.012918651,2.9491943e-05,auto_accept,low_unc_low_risk
ISIC_0029419,nv,nv,0.0058128834,0.001679318,auto_accept,low_unc_low_risk
ISIC_0029236,nv,nv,0.0149098635,0.00026385416,auto_accept,low_unc_low_risk
ISIC_0028452,nv,nv,0.0013836622,3.6050042e-06,auto_accept,low_unc_low_risk
ISIC_0029561,nv,nv,0.036062956,1.3610939e-07,auto_accept,low_unc_low_risk
ISIC_0033179,nv,nv,0.28104234,0.15830976,auto_accept,low_unc_low_risk
ISIC_0032163,nv,nv,0.00855422,0.0039020309,auto_accept,low_unc_low_risk
ISIC_0028988,nv,nv,0.0038002133,1.8551817e-05,auto_accept,low_unc_low_risk
ISIC_0032639,nv,nv,0.023262084,0.015502812,auto_accept,low_unc_low_risk
ISIC_0031885,nv,nv,0.0011461973,1.4919495e-06,auto_accept,low_unc_low_risk
ISIC_0026338,nv,nv,4.208088e-05,1.3777819e-07,auto_accept,low_unc_low_risk
ISIC_0026585,nv,nv,0.0011416674,4.3855352e-06,auto_accept,low_unc_low_risk
ISIC_0025023,nv,nv,0.002144158,5.2306314e-05,auto_accept,low_unc_low_risk
ISIC_0027411,nv,nv,0.000101566315,9.033507e-08,auto_accept,low_unc_low_risk
ISIC_0030049,nv,nv,0.030366361,0.0036814772,auto_accept,low_unc_low_risk
ISIC_0029753,nv,nv,0.0004325509,1.9635872e-06,auto_accept,low_unc_low_risk
ISIC_0025608,nv,nv,0.00029093027,1.4484973e-06,auto_accept,low_unc_low_risk
ISIC_0031793,nv,nv,0.0013810396,0.00047186905,auto_accept,low_unc_low_risk
ISIC_0028753,nv,nv,0.0021668077,2.9493096e-05,auto_accept,low_unc_low_risk
ISIC_0024746,nv,nv,0.002080381,2.5189079e-06,auto_accept,low_unc_low_risk
ISIC_0027049,nv,nv,0.30409676,0.040425558,auto_accept,low_unc_low_risk
ISIC_0028526,nv,nv,0.0003273487,3.2132948e-06,auto_accept,low_unc_low_risk
ISIC_0033949,bkl,bkl,0.0014631748,0.0020228724,auto_accept,low_unc_low_risk
ISIC_0027866,nv,nv,0.0040846467,9.068775e-06,auto_accept,low_unc_low_risk
ISIC_0033449,bkl,bkl,0.17138141,0.44730982,auto_accept,low_unc_low_risk
ISIC_0033390,nv,nv,0.01198256,0.009039028,auto_accept,low_unc_low_risk
ISIC_0033330,nv,nv,0.0019901395,0.0012788031,auto_accept,low_unc_low_risk
ISIC_0032527,nv,nv,0.049674988,0.026815608,auto_accept,low_unc_low_risk
ISIC_0031172,nv,nv,0.0012522936,1.3567769e-05,auto_accept,low_unc_low_risk
ISIC_0031201,vasc,vasc,0.0,2.0230074e-05,auto_accept,low_unc_low_risk
ISIC_0032420,mel,mel,0.01386869,0.97658664,auto_accept,low_unc_low_risk
ISIC_0032205,nv,nv,0.00023919344,3.5250785e-08,auto_accept,low_unc_low_risk
ISIC_0030415,nv,nv,0.0969367,0.002154681,auto_accept,low_unc_low_risk
ISIC_0031862,nv,nv,0.017151713,3.6710717e-06,auto_accept,low_unc_low_risk
ISIC_0030462,nv,nv,0.17989284,0.116417184,auto_accept,low_unc_low_risk
ISIC_0026974,nv,nv,0.043288946,0.03545032,auto_accept,low_unc_low_risk
ISIC_0026498,nv,nv,0.22775078,0.0065122275,auto_accept,low_unc_low_risk
ISIC_0032573,nv,nv,0.042705417,0.013954018,auto_accept,low_unc_low_risk
ISIC_0032636,bkl,nv,0.30825686,0.070763536,auto_accept,low_unc_low_risk
ISIC_0028063,akiec,akiec,0.010903537,0.9780368,auto_accept,low_unc_low_risk
ISIC_0028475,nv,nv,0.0035517216,9.944261e-06,auto_accept,low_unc_low_risk
ISIC_0024802,nv,nv,0.002332151,0.00016986608,auto_accept,low_unc_low_risk
ISIC_0026227,nv,nv,0.00048220158,3.2435844e-05,auto_accept,low_unc_low_risk
ISIC_0026221,nv,nv,0.0006724596,3.7813166e-07,auto_accept,low_unc_low_risk
ISIC_0033561,nv,mel,0.25249583,0.67294204,auto_accept,low_unc_low_risk
ISIC_0030201,nv,nv,0.0009494424,1.6248025e-05,auto_accept,low_unc_low_risk
ISIC_0025022,nv,nv,5.853176e-05,2.8587824e-06,auto_accept,low_unc_low_risk
ISIC_0025542,nv,nv,0.0076601505,0.0026385814,auto_accept,low_unc_low_risk
ISIC_0033701,bkl,bkl,0.23353165,0.16195917,auto_accept,low_unc_low_risk
ISIC_0030538,nv,nv,0.0028924346,0.00040049918,auto_accept,low_unc_low_risk
ISIC_0030305,nv,nv,0.0027102232,0.0014961034,auto_accept,low_unc_low_risk
ISIC_0027943,nv,nv,0.0012857914,0.00012004543,auto_accept,low_unc_low_risk
ISIC_0025849,nv,nv,0.008326113,3.8815335e-05,auto_accept,low_unc_low_risk
ISIC_0029232,bkl,bkl,0.0007610321,0.000655917,auto_accept,low_unc_low_risk
ISIC_0027712,nv,nv,0.0008991957,4.4308355e-05,auto_accept,low_unc_low_risk
ISIC_0032233,nv,nv,0.04023832,0.015374975,auto_accept,low_unc_low_risk
ISIC_0025433,bcc,bcc,0.50785327,0.5948616,escalate,high_unc_low_risk
ISIC_0028717,nv,nv,0.00016868114,1.2116936e-05,auto_accept,low_unc_low_risk
ISIC_0024964,nv,nv,4.87566e-05,1.6283279e-06,auto_accept,low_unc_low_risk
ISIC_0025276,bkl,mel,0.2761582,0.46665817,auto_accept,low_unc_low_risk
ISIC_0030220,nv,nv,0.0018185377,1.0155199e-05,auto_accept,low_unc_low_risk
ISIC_0032743,nv,nv,0.101475954,0.074434586,auto_accept,low_unc_low_risk
ISIC_0030654,nv,nv,0.37926346,0.16106029,escalate,high_unc_low_risk
ISIC_0026255,nv,nv,0.0035924315,0.0011626944,auto_accept,low_unc_low_risk
ISIC_0032051,bkl,bkl,0.016862273,0.0010332892,auto_accept,low_unc_low_risk
ISIC_0032798,nv,nv,0.110705614,0.082736604,auto_accept,low_unc_low_risk
ISIC_0032507,nv,nv,0.0012254119,0.00031901407,auto_accept,low_unc_low_risk
ISIC_0030055,nv,nv,0.00142169,0.00010190689,auto_accept,low_unc_low_risk
ISIC_0026050,nv,nv,0.0007032156,5.3006792e-05,auto_accept,low_unc_low_risk
ISIC_0028266,nv,nv,0.0036779642,0.00033276572,auto_accept,low_unc_low_risk
ISIC_0024681,nv,nv,5.185604e-05,2.2504294e-07,auto_accept,low_unc_low_risk
ISIC_0025592,mel,nv,0.19316459,0.08343563,auto_accept,low_unc_low_risk
ISIC_0028212,nv,nv,0.04782659,0.041964125,auto_accept,low_unc_low_risk
ISIC_0024608,nv,mel,0.032003224,0.93207,auto_accept,low_unc_low_risk
ISIC_0030111,nv,nv,0.0013873577,2.2439208e-05,auto_accept,low_unc_low_risk
ISIC_0028524,nv,nv,0.0085891485,0.0019869572,auto_accept,low_unc_low_risk
ISIC_0025800,mel,mel,0.1521436,0.7795924,auto_accept,low_unc_low_risk
ISIC_0030505,nv,nv,0.00050771236,8.107016e-05,auto_accept,low_unc_low_risk
ISIC_0033029,mel,nv,0.2563327,0.242405,auto_accept,low_unc_low_risk
ISIC_0026449,nv,nv,0.01615876,0.009430074,auto_accept,low_unc_low_risk
ISIC_0033036,nv,nv,0.0029608011,0.00025476608,auto_accept,low_unc_low_risk
ISIC_0028664,nv,nv,0.0046856403,0.00020014358,auto_accept,low_unc_low_risk
ISIC_0029202,bkl,bkl,0.028153002,0.00053308124,auto_accept,low_unc_low_risk
ISIC_0029887,nv,nv,0.026011765,0.00025537648,auto_accept,low_unc_low_risk
ISIC_0031272,bcc,bcc,0.012658179,0.99630296,auto_accept,low_unc_low_risk
ISIC_0030163,nv,nv,0.00017386675,7.598658e-07,auto_accept,low_unc_low_risk
ISIC_0033181,nv,nv,0.107979715,0.005829113,auto_accept,low_unc_low_risk
ISIC_0029009,nv,nv,0.0019999146,7.5145335e-06,auto_accept,low_unc_low_risk
ISIC_0025360,nv,nv,0.0001333952,8.871668e-06,auto_accept,low_unc_low_risk
ISIC_0028876,bkl,bkl,0.004708171,0.009748073,auto_accept,low_unc_low_risk
ISIC_0026553,bkl,bkl,0.024900317,0.009420729,auto_accept,low_unc_low_risk
ISIC_0029944,nv,nv,0.0031968355,0.00021791064,auto_accept,low_unc_low_risk
ISIC_0029979,nv,nv,0.00082308054,6.1830638e-06,auto_accept,low_unc_low_risk
ISIC_0026710,nv,nv,0.004387021,1.5509915e-05,auto_accept,low_unc_low_risk
ISIC_0027855,nv,nv,0.018447101,0.011273906,auto_accept,low_unc_low_risk
ISIC_0025788,nv,nv,0.0011407137,3.7075664e-05,auto_accept,low_unc_low_risk
ISIC_0028953,nv,nv,0.00037765503,4.68571e-06,auto_accept,low_unc_low_risk
ISIC_0031576,nv,nv,0.001103282,0.0001453892,auto_accept,low_unc_low_risk
ISIC_0027890,nv,nv,0.00027650595,7.5321695e-06,auto_accept,low_unc_low_risk
ISIC_0024855,nv,nv,0.01213634,0.005003889,auto_accept,low_unc_low_risk
ISIC_0028245,nv,nv,0.0015935302,8.656591e-06,auto_accept,low_unc_low_risk
ISIC_0033798,nv,nv,0.41326177,0.32509705,escalate,high_unc_low_risk
ISIC_0025434,bkl,bkl,0.00015866756,0.00039195232,auto_accept,low_unc_low_risk
ISIC_0027515,nv,nv,0.00081139803,4.770223e-06,auto_accept,low_unc_low_risk
ISIC_0033935,nv,mel,0.08158934,0.89766484,auto_accept,low_unc_low_risk
ISIC_0029859,mel,nv,0.001199007,0.00016789125,auto_accept,low_unc_low_risk
ISIC_0030174,nv,nv,0.01802051,0.0068352097,auto_accept,low_unc_low_risk
ISIC_0031498,mel,mel,0.118415475,0.8444604,auto_accept,low_unc_low_risk
ISIC_0034280,bkl,bkl,0.26109004,0.26931295,auto_accept,low_unc_low_risk
ISIC_0031432,nv,nv,0.004022777,0.001097685,auto_accept,low_unc_low_risk
ISIC_0029535,nv,nv,0.00317657,2.0851532e-07,auto_accept,low_unc_low_risk
ISIC_0033547,nv,nv,0.031829596,0.015719675,auto_accept,low_unc_low_risk
ISIC_0028868,nv,nv,0.0070831776,0.0019266779,auto_accept,low_unc_low_risk
ISIC_0025793,bcc,bcc,0.06730151,0.9956578,auto_accept,low_unc_low_risk
ISIC_0025704,nv,nv,6.2823296e-05,1.3876003e-07,auto_accept,low_unc_low_risk
ISIC_0033558,nv,nv,0.027268827,0.006196654,auto_accept,low_unc_low_risk
ISIC_0025185,nv,nv,0.0027700067,0.00026051136,auto_accept,low_unc_low_risk
ISIC_0026034,nv,nv,0.02039218,0.016233016,auto_accept,low_unc_low_risk
ISIC_0025304,nv,nv,0.049056947,0.0061889444,auto_accept,low_unc_low_risk
ISIC_0027148,nv,nv,0.0039151907,2.5338157e-05,auto_accept,low_unc_low_risk
ISIC_0030234,nv,nv,0.0010892153,3.014533e-07,auto_accept,low_unc_low_risk
ISIC_0029738,nv,nv,0.002005577,0.0003332778,auto_accept,low_unc_low_risk
ISIC_0026635,nv,nv,0.08507317,0.00029017526,auto_accept,low_unc_low_risk
ISIC_0027250,nv,nv,0.046566844,0.003631281,auto_accept,low_unc_low_risk
ISIC_0033842,nv,nv,0.0019378066,9.88445e-05,auto_accept,low_unc_low_risk
ISIC_0027448,nv,nv,0.013976693,0.0019032303,auto_accept,low_unc_low_risk
ISIC_0028535,nv,nv,0.0014287233,0.000107593056,auto_accept,low_unc_low_risk
ISIC_0025713,nv,nv,0.03875053,0.016012928,auto_accept,low_unc_low_risk
ISIC_0033438,bkl,bkl,0.0014728308,0.00028211667,auto_accept,low_unc_low_risk
ISIC_0026741,nv,nv,0.030592382,0.01263642,auto_accept,low_unc_low_risk
ISIC_0029528,nv,df,0.44882464,0.00047900472,escalate,high_unc_low_risk
ISIC_0031187,nv,nv,0.004217744,0.0016055577,auto_accept,low_unc_low_risk
ISIC_0033982,nv,nv,0.017259836,0.0023441438,auto_accept,low_unc_low_risk
ISIC_0031366,nv,nv,0.025181651,0.006271082,auto_accept,low_unc_low_risk
ISIC_0025944,nv,nv,0.07802224,0.02235406,auto_accept,low_unc_low_risk
ISIC_0031675,nv,nv,0.0322721,5.716308e-06,auto_accept,low_unc_low_risk
ISIC_0032735,nv,nv,0.011244237,0.0029033371,auto_accept,low_unc_low_risk
ISIC_0024530,nv,nv,0.0002015233,1.1846777e-05,auto_accept,low_unc_low_risk
ISIC_0031096,nv,nv,0.0011704564,1.0859919e-05,auto_accept,low_unc_low_risk
ISIC_0027803,nv,nv,0.00024276972,2.3710406e-07,auto_accept,low_unc_low_risk
ISIC_0028725,nv,nv,0.0010325909,2.2346097e-05,auto_accept,low_unc_low_risk
ISIC_0026022,nv,nv,0.023718834,0.0073930486,auto_accept,low_unc_low_risk
ISIC_0028349,nv,nv,0.0006623864,1.684672e-05,auto_accept,low_unc_low_risk
ISIC_0028684,nv,nv,0.008411586,0.0016200446,auto_accept,low_unc_low_risk
ISIC_0025204,nv,nv,0.00064474344,1.2187998e-07,auto_accept,low_unc_low_risk
ISIC_0033357,nv,nv,0.03380829,0.011830841,auto_accept,low_unc_low_risk
ISIC_0029303,nv,nv,0.014876664,2.758221e-05,auto_accept,low_unc_low_risk
ISIC_0030395,nv,nv,0.0028249025,2.751439e-06,auto_accept,low_unc_low_risk
ISIC_0025119,nv,nv,0.11689001,0.016681315,auto_accept,low_unc_low_risk
ISIC_0032341,nv,nv,0.24235201,0.13169125,auto_accept,low_unc_low_risk
ISIC_0029027,nv,nv,0.0030474663,0.00039805367,auto_accept,low_unc_low_risk
ISIC_0031297,nv,nv,0.0018405318,7.650988e-06,auto_accept,low_unc_low_risk
ISIC_0030843,mel,nv,0.3779316,0.14916721,escalate,high_unc_low_risk
ISIC_0027223,nv,nv,0.002615273,1.2748315e-05,auto_accept,low_unc_low_risk
ISIC_0026684,nv,nv,0.0013942122,3.1127496e-05,auto_accept,low_unc_low_risk
ISIC_0026417,df,df,1.5616417e-05,6.15554e-06,auto_accept,low_unc_low_risk
ISIC_0024703,nv,nv,0.014947116,9.50108e-05,auto_accept,low_unc_low_risk
ISIC_0029326,nv,nv,2.8252602e-05,2.2402078e-06,auto_accept,low_unc_low_risk
ISIC_0024310,mel,mel,0.0028486848,0.9961642,auto_accept,low_unc_low_risk
ISIC_0026223,nv,nv,0.23346937,0.06974838,auto_accept,low_unc_low_risk
ISIC_0030974,nv,nv,0.0068158507,0.0002175724,auto_accept,low_unc_low_risk
ISIC_0025167,nv,nv,0.00045496225,2.9888633e-06,auto_accept,low_unc_low_risk
ISIC_0028112,nv,nv,0.00088375807,6.425211e-05,auto_accept,low_unc_low_risk
ISIC_0028277,nv,nv,0.0053833127,0.00048237294,auto_accept,low_unc_low_risk
ISIC_0031694,nv,nv,0.1531052,0.0025155307,auto_accept,low_unc_low_risk
ISIC_0030753,nv,nv,9.8347664e-05,3.7347975e-06,auto_accept,low_unc_low_risk
ISIC_0033192,mel,mel,0.011975944,0.98456305,auto_accept,low_unc_low_risk
ISIC_0026877,mel,nv,0.004339874,0.0018230451,auto_accept,low_unc_low_risk
ISIC_0026636,nv,nv,0.00393188,0.0004793857,auto_accept,low_unc_low_risk
ISIC_0034102,nv,nv,0.12739867,0.072329655,auto_accept,low_unc_low_risk
ISIC_0029450,nv,nv,0.0029537082,2.6782891e-05,auto_accept,low_unc_low_risk
ISIC_0031579,nv,nv,0.0023972392,0.00015445717,auto_accept,low_unc_low_risk
ISIC_0027461,nv,nv,0.043970764,0.0043956176,auto_accept,low_unc_low_risk
ISIC_0027703,nv,nv,0.19829124,0.00011236184,auto_accept,low_unc_low_risk
ISIC_0030288,nv,nv,0.0026622415,0.00021314937,auto_accept,low_unc_low_risk
ISIC_0030356,mel,mel,0.39726728,0.45353135,escalate,high_unc_low_risk
ISIC_0027056,nv,nv,0.0005581975,1.9456107e-05,auto_accept,low_unc_low_risk
ISIC_0025766,mel,mel,0.11212194,0.80028796,auto_accept,low_unc_low_risk
ISIC_0028055,nv,nv,0.049718916,4.4540386e-05,auto_accept,low_unc_low_risk
ISIC_0029878,bkl,bkl,0.023652911,0.0016790624,auto_accept,low_unc_low_risk
ISIC_0024606,nv,nv,0.0024806857,9.424998e-07,auto_accept,low_unc_low_risk
ISIC_0025479,nv,nv,5.2452087e-05,6.371986e-07,auto_accept,low_unc_low_risk
ISIC_0026552,nv,nv,0.03498876,0.033838525,auto_accept,low_unc_low_risk
ISIC_0030989,nv,nv,0.0020816922,3.5209752e-05,auto_accept,low_unc_low_risk
ISIC_0032649,nv,nv,0.24095637,0.1802937,auto_accept,low_unc_low_risk
ISIC_0026914,nv,nv,0.07111472,2.9639367e-07,auto_accept,low_unc_low_risk
ISIC_0031399,nv,nv,0.004085481,0.00056124444,auto_accept,low_unc_low_risk
ISIC_0024693,nv,df,0.00042253733,6.5939625e-05,auto_accept,low_unc_low_risk
ISIC_0030025,nv,nv,0.001252532,4.9394566e-06,auto_accept,low_unc_low_risk
ISIC_0029883,nv,nv,0.0027823448,1.575363e-05,auto_accept,low_unc_low_risk
ISIC_0031229,nv,nv,0.0003130436,2.6722626e-06,auto_accept,low_unc_low_risk
ISIC_0031260,nv,nv,0.00029855967,1.915937e-05,auto_accept,low_unc_low_risk
ISIC_0026413,nv,nv,0.0033178926,0.00048733843,auto_accept,low_unc_low_risk
ISIC_0029166,bkl,bkl,0.21432644,0.103348136,auto_accept,low_unc_low_risk
ISIC_0030774,nv,nv,0.060251772,0.000793365,auto_accept,low_unc_low_risk
ISIC_0033307,bkl,mel,0.14578408,0.8970434,auto_accept,low_unc_low_risk
ISIC_0024545,mel,nv,0.0022029877,0.00035457374,auto_accept,low_unc_low_risk
ISIC_0029799,nv,nv,0.00068354607,9.3971397e-07,auto_accept,low_unc_low_risk
ISIC_0028108,nv,nv,0.0048122406,4.3124983e-05,auto_accept,low_unc_low_risk
ISIC_0032078,nv,nv,0.05479324,0.0003729131,auto_accept,low_unc_low_risk
ISIC_0026137,nv,nv,0.17314279,0.0072078877,auto_accept,low_unc_low_risk
ISIC_0029952,nv,nv,0.011787832,0.0002728293,auto_accept,low_unc_low_risk
ISIC_0024343,nv,nv,0.007325709,0.0028900923,auto_accept,low_unc_low_risk
ISIC_0033332,nv,nv,0.00020211935,1.1441456e-05,auto_accept,low_unc_low_risk
ISIC_0027494,nv,nv,0.0007149577,4.3287986e-05,auto_accept,low_unc_low_risk
ISIC_0029751,nv,nv,0.0011736751,2.1424261e-05,auto_accept,low_unc_low_risk
ISIC_0026582,nv,nv,0.02360773,2.5974614e-05,auto_accept,low_unc_low_risk
ISIC_0027391,nv,nv,0.00036239624,5.11171e-06,auto_accept,low_unc_low_risk
ISIC_0028225,mel,mel,0.0674054,0.90293854,auto_accept,low_unc_low_risk
ISIC_0029977,nv,nv,0.0007684231,1.2912944e-06,auto_accept,low_unc_low_risk
ISIC_0028459,nv,nv,0.007964432,4.263738e-05,auto_accept,low_unc_low_risk
ISIC_0029702,nv,nv,0.00086408854,5.9774607e-06,auto_accept,low_unc_low_risk
ISIC_0028902,nv,nv,0.0016578436,0.0005885142,auto_accept,low_unc_low_risk
ISIC_0027811,bkl,bkl,0.08282673,0.107071936,auto_accept,low_unc_low_risk
ISIC_0032435,nv,nv,0.000449121,1.868798e-05,auto_accept,low_unc_low_risk
ISIC_0033331,nv,nv,0.027832687,0.0014572873,auto_accept,low_unc_low_risk
ISIC_0026780,nv,nv,0.013666093,0.0016016734,auto_accept,low_unc_low_risk
ISIC_0025652,nv,nv,0.0026658773,9.338909e-05,auto_accept,low_unc_low_risk
ISIC_0027059,nv,nv,0.008358955,0.00032188982,auto_accept,low_unc_low_risk
ISIC_0028488,nv,nv,0.0073994994,0.0016090575,auto_accept,low_unc_low_risk
ISIC_0024322,nv,nv,0.0012560487,1.1296573e-05,auto_accept,low_unc_low_risk
ISIC_0028839,nv,nv,0.00028854609,1.3544589e-05,auto_accept,low_unc_low_risk
ISIC_0031569,bcc,bcc,0.10161352,0.22443813,auto_accept,low_unc_low_risk
ISIC_0032889,nv,nv,0.020061493,0.0001362725,auto_accept,low_unc_low_risk
ISIC_0034041,nv,bkl,0.20980859,0.000109103334,auto_accept,low_unc_low_risk
ISIC_0029806,nv,nv,0.00018233061,2.7878066e-06,auto_accept,low_unc_low_risk
ISIC_0026064,nv,nv,0.00062805414,1.6914372e-06,auto_accept,low_unc_low_risk
ISIC_0029507,nv,nv,0.0007336736,0.00019773423,auto_accept,low_unc_low_risk
ISIC_0030775,nv,nv,0.00010561943,1.753952e-05,auto_accept,low_unc_low_risk
ISIC_0033375,nv,nv,0.00016069412,9.38467e-06,auto_accept,low_unc_low_risk
ISIC_0029414,nv,nv,9.3102455e-05,1.0672651e-06,auto_accept,low_unc_low_risk
ISIC_0025159,nv,nv,0.0018758178,7.5806674e-06,auto_accept,low_unc_low_risk
ISIC_0026851,nv,nv,0.0007187724,1.8444282e-05,auto_accept,low_unc_low_risk
ISIC_0025107,nv,nv,0.0005067587,5.572203e-06,auto_accept,low_unc_low_risk
ISIC_0028539,nv,nv,0.047492683,3.2433186e-06,auto_accept,low_unc_low_risk
ISIC_0030042,nv,nv,0.0075933337,0.0013646256,auto_accept,low_unc_low_risk
ISIC_0029395,nv,nv,0.04510057,0.0014882442,auto_accept,low_unc_low_risk
ISIC_0029106,nv,nv,0.0011159778,2.706703e-06,auto_accept,low_unc_low_risk
ISIC_0026174,bkl,bkl,0.0017950535,0.0038889037,auto_accept,low_unc_low_risk
ISIC_0033952,bkl,bkl,0.008256972,0.0043028467,auto_accept,low_unc_low_risk
ISIC_0024959,nv,nv,0.007039964,0.0019049158,auto_accept,low_unc_low_risk
ISIC_0025823,nv,nv,0.02017641,0.0052331816,auto_accept,low_unc_low_risk
ISIC_0029718,nv,nv,0.091807485,0.06882364,auto_accept,low_unc_low_risk
ISIC_0027655,nv,nv,0.010540366,1.2804388e-05,auto_accept,low_unc_low_risk
ISIC_0026200,nv,nv,0.030554712,5.8349356e-06,auto_accept,low_unc_low_risk
ISIC_0033107,nv,nv,0.010200381,0.0032909643,auto_accept,low_unc_low_risk
ISIC_0025296,nv,nv,0.007227719,4.1118652e-05,auto_accept,low_unc_low_risk
ISIC_0031859,nv,nv,0.00068306923,1.221027e-06,auto_accept,low_unc_low_risk
ISIC_0030887,nv,nv,0.0018210411,0.0003206432,auto_accept,low_unc_low_risk
ISIC_0030568,nv,nv,0.0011221766,0.00015940514,auto_accept,low_unc_low_risk
ISIC_0030225,nv,nv,0.019667864,0.014362604,auto_accept,low_unc_low_risk
ISIC_0025950,nv,nv,0.46030724,0.42207903,escalate,high_unc_low_risk
ISIC_0031060,bkl,bkl,0.017341375,0.10989855,auto_accept,low_unc_low_risk
ISIC_0025614,nv,nv,0.001283884,2.1892904e-06,auto_accept,low_unc_low_risk
ISIC_0033163,nv,nv,0.011772096,0.0060858233,auto_accept,low_unc_low_risk
ISIC_0025628,vasc,vasc,3.8146973e-06,0.0005621599,auto_accept,low_unc_low_risk
ISIC_0031909,nv,nv,0.0012211204,0.00037261617,auto_accept,low_unc_low_risk
ISIC_0032035,nv,nv,0.0978927,0.05014843,auto_accept,low_unc_low_risk
ISIC_0033650,nv,nv,0.18456757,0.106099986,auto_accept,low_unc_low_risk
ISIC_0027685,nv,nv,0.0025700927,0.000449081,auto_accept,low_unc_low_risk
ISIC_0033381,nv,mel,0.13323957,0.88851273,auto_accept,low_unc_low_risk
ISIC_0027754,bkl,bkl,0.12749821,0.21708915,auto_accept,low_unc_low_risk
ISIC_0032905,nv,mel,0.15622818,0.79224247,auto_accept,low_unc_low_risk
ISIC_0031339,mel,mel,0.0035883784,0.9942372,auto_accept,low_unc_low_risk
ISIC_0031548,nv,nv,0.00013256073,3.5120102e-06,auto_accept,low_unc_low_risk
ISIC_0032473,nv,nv,0.0038335323,4.531383e-05,auto_accept,low_unc_low_risk
ISIC_0024465,nv,nv,6.914139e-05,4.696034e-07,auto_accept,low_unc_low_risk
ISIC_0027324,nv,df,0.020260513,9.577179e-05,auto_accept,low_unc_low_risk
ISIC_0033683,nv,nv,0.02992779,0.0216138,auto_accept,low_unc_low_risk
ISIC_0033944,nv,nv,0.14647996,0.103469394,auto_accept,low_unc_low_risk
ISIC_0028546,nv,nv,0.0021800995,3.3866778e-05,auto_accept,low_unc_low_risk
ISIC_0030916,nv,nv,0.0033121705,4.0703195e-05,auto_accept,low_unc_low_risk
ISIC_0034128,nv,nv,0.009212196,0.00251698,auto_accept,low_unc_low_risk
ISIC_0025717,nv,nv,0.00014674664,1.5700032e-06,auto_accept,low_unc_low_risk
ISIC_0024965,nv,nv,0.032440543,0.0023599188,auto_accept,low_unc_low_risk
ISIC_0033231,nv,nv,0.017711163,0.006386251,auto_accept,low_unc_low_risk
ISIC_0029066,nv,nv,0.0075449944,9.1528636e-07,auto_accept,low_unc_low_risk
ISIC_0030151,nv,bkl,0.12761849,0.21467921,auto_accept,low_unc_low_risk
ISIC_0027555,nv,nv,0.0053327084,0.00040125128,auto_accept,low_unc_low_risk
ISIC_0033544,nv,nv,0.18859583,0.16113101,auto_accept,low_unc_low_risk
ISIC_0025574,nv,nv,0.0015538335,0.00041729724,auto_accept,low_unc_low_risk
ISIC_0026055,nv,nv,0.039879084,9.4966774e-05,auto_accept,low_unc_low_risk
ISIC_0030438,nv,nv,0.0028862953,0.00038314037,auto_accept,low_unc_low_risk
ISIC_0027787,nv,nv,0.0015034676,5.698785e-07,auto_accept,low_unc_low_risk
ISIC_0030029,nv,nv,0.00028914213,1.6584068e-05,auto_accept,low_unc_low_risk
ISIC_0029171,nv,nv,0.0010109544,6.817219e-05,auto_accept,low_unc_low_risk
ISIC_0025964,mel,nv,0.38518637,0.31400692,escalate,high_unc_low_risk
ISIC_0033269,mel,mel,0.0058244467,0.99102753,auto_accept,low_unc_low_risk
ISIC_0029897,bkl,bkl,0.016906261,0.021092363,auto_accept,low_unc_low_risk
ISIC_0033727,nv,nv,0.004950464,0.00014273042,auto_accept,low_unc_low_risk
ISIC_0025137,nv,nv,0.004425764,0.001133365,auto_accept,low_unc_low_risk
ISIC_0026581,nv,nv,0.23776793,0.27123243,auto_accept,low_unc_low_risk
ISIC_0024367,mel,mel,0.4524082,0.33403423,escalate,high_unc_low_risk
ISIC_0024989,nv,nv,0.030522108,0.0015175268,auto_accept,low_unc_low_risk
ISIC_0032724,mel,mel,0.03878069,0.9113284,auto_accept,low_unc_low_risk
ISIC_0033951,nv,nv,0.022756338,0.0121501805,auto_accept,low_unc_low_risk
ISIC_0034096,nv,nv,0.014439523,0.0063635972,auto_accept,low_unc_low_risk
ISIC_0029212,mel,mel,0.01156193,0.99617946,auto_accept,low_unc_low_risk
ISIC_0032537,mel,mel,0.023780107,0.94066346,auto_accept,low_unc_low_risk
ISIC_0030864,nv,nv,0.011137128,0.00247204,auto_accept,low_unc_low_risk
ISIC_0025333,nv,nv,0.006843388,1.4090747e-05,auto_accept,low_unc_low_risk
ISIC_0030743,nv,nv,0.034097552,0.00029003777,auto_accept,low_unc_low_risk
ISIC_0028896,nv,nv,0.0028905272,0.00022772173,auto_accept,low_unc_low_risk
ISIC_0025442,nv,nv,0.037983894,0.008401045,auto_accept,low_unc_low_risk
ISIC_0033465,bkl,bkl,0.10077834,0.029396176,auto_accept,low_unc_low_risk
ISIC_0029601,nv,nv,0.0020585656,0.00020111844,auto_accept,low_unc_low_risk
ISIC_0030675,nv,nv,0.037739813,0.0023841634,auto_accept,low_unc_low_risk
ISIC_0034195,nv,nv,0.0025092363,0.00024439354,auto_accept,low_unc_low_risk
ISIC_0027329,nv,nv,0.00234437,0.00013493178,auto_accept,low_unc_low_risk
ISIC_0029431,nv,nv,0.00087457895,3.483934e-05,auto_accept,low_unc_low_risk
ISIC_0028286,nv,nv,0.0017516613,3.836687e-05,auto_accept,low_unc_low_risk
ISIC_0028034,nv,nv,0.0036392808,0.0009964559,auto_accept,low_unc_low_risk
ISIC_0031704,nv,nv,0.018843114,1.3791216e-06,auto_accept,low_unc_low_risk
ISIC_0031768,nv,nv,0.0013452768,4.383374e-05,auto_accept,low_unc_low_risk
ISIC_0029118,nv,nv,0.09887421,0.00058226753,auto_accept,low_unc_low_risk
ISIC_0031701,nv,nv,0.0014480948,9.097429e-06,auto_accept,low_unc_low_risk
ISIC_0028437,nv,nv,0.00019687414,2.0993326e-05,auto_accept,low_unc_low_risk
ISIC_0028001,nv,nv,0.000595212,3.5096346e-05,auto_accept,low_unc_low_risk
ISIC_0027046,bcc,bcc,0.13561416,0.827447,auto_accept,low_unc_low_risk
ISIC_0027874,nv,nv,0.025461614,0.022758191,auto_accept,low_unc_low_risk
ISIC_0030959,bkl,bkl,0.03846085,2.6728944e-06,auto_accept,low_unc_low_risk
ISIC_0028045,nv,nv,0.36730814,0.25248134,escalate,high_unc_low_risk
ISIC_0029124,nv,nv,0.0040204525,1.7450757e-06,auto_accept,low_unc_low_risk
ISIC_0026644,bkl,bkl,0.008556068,0.0008436663,auto_accept,low_unc_low_risk
ISIC_0029725,nv,nv,0.32559073,0.06116044,auto_accept,low_unc_low_risk
ISIC_0025778,nv,mel,0.033898532,0.9487623,auto_accept,low_unc_low_risk
ISIC_0031671,nv,nv,0.0033161044,0.0005324196,auto_accept,low_unc_low_risk
ISIC_0025444,nv,nv,0.00063580275,1.5376908e-06,auto_accept,low_unc_low_risk
ISIC_0030863,nv,nv,0.0019842386,3.7103782e-05,auto_accept,low_unc_low_risk
ISIC_0025097,mel,mel,0.093845665,0.90072656,auto_accept,low_unc_low_risk
ISIC_0034060,nv,nv,0.2139625,0.17413619,auto_accept,low_unc_low_risk
ISIC_0032393,nv,nv,0.00019437075,1.7527028e-06,auto_accept,low_unc_low_risk
ISIC_0024686,nv,nv,0.004605651,0.0012730282,auto_accept,low_unc_low_risk
ISIC_0030736,nv,nv,0.0065951943,0.0003452499,auto_accept,low_unc_low_risk
ISIC_0024415,nv,nv,0.04884714,5.938749e-06,auto_accept,low_unc_low_risk
ISIC_0025180,bkl,nv,0.06650388,0.00011698493,auto_accept,low_unc_low_risk
ISIC_0027296,nv,nv,0.083393276,0.023514424,auto_accept,low_unc_low_risk
ISIC_0029423,nv,nv,0.07407403,0.0005089459,auto_accept,low_unc_low_risk
ISIC_0026858,nv,nv,5.0663948e-05,4.684427e-07,auto_accept,low_unc_low_risk
ISIC_0029530,nv,bkl,0.55191255,0.57342815,escalate,high_unc_low_risk
ISIC_0032510,nv,nv,0.037627876,0.027101938,auto_accept,low_unc_low_risk
ISIC_0032758,nv,nv,0.16348326,0.00234647,auto_accept,low_unc_low_risk
ISIC_0032328,nv,nv,0.019086897,0.004833858,auto_accept,low_unc_low_risk
ISIC_0027653,nv,nv,0.0092638135,0.00024743876,auto_accept,low_unc_low_risk
ISIC_0025291,nv,nv,0.0003117323,5.348422e-07,auto_accept,low_unc_low_risk
ISIC_0028037,nv,nv,0.0005174875,4.7436606e-06,auto_accept,low_unc_low_risk
ISIC_0032581,nv,nv,0.017545521,0.003960703,auto_accept,low_unc_low_risk
ISIC_0026193,nv,nv,0.0018934011,8.273603e-05,auto_accept,low_unc_low_risk
ISIC_0027265,nv,nv,0.048377037,0.018188363,auto_accept,low_unc_low_risk
ISIC_0032083,nv,nv,0.0002732873,1.2633014e-05,auto_accept,low_unc_low_risk
ISIC_0028056,mel,mel,0.10386366,0.845718,auto_accept,low_unc_low_risk
ISIC_0028875,nv,nv,0.00021201372,2.5644287e-05,auto_accept,low_unc_low_risk
ISIC_0026048,nv,nv,0.099458516,0.048420146,auto_accept,low_unc_low_risk
ISIC_0033724,nv,nv,0.18397212,0.00012136458,auto_accept,low_unc_low_risk
ISIC_0031164,nv,nv,0.0043586493,0.00012955136,auto_accept,low_unc_low_risk
ISIC_0026534,nv,nv,0.00034368038,8.407977e-06,auto_accept,low_unc_low_risk
ISIC_0028199,nv,nv,0.008350849,0.00012276597,auto_accept,low_unc_low_risk
ISIC_0024384,nv,nv,0.0012995005,0.00022169502,auto_accept,low_unc_low_risk
ISIC_0029812,nv,mel,0.30120045,0.62563,auto_accept,low_unc_low_risk
ISIC_0024529,nv,nv,0.003833115,0.00024383726,auto_accept,low_unc_low_risk
ISIC_0029823,bkl,bkl,0.010472536,0.008632898,auto_accept,low_unc_low_risk
ISIC_0029796,nv,nv,0.05451131,4.6245787e-05,auto_accept,low_unc_low_risk
ISIC_0028823,nv,nv,0.006565571,0.0012351378,auto_accept,low_unc_low_risk
ISIC_0032094,nv,nv,0.008580089,0.0004788082,auto_accept,low_unc_low_risk
ISIC_0032049,nv,nv,0.0002220273,1.4955515e-05,auto_accept,low_unc_low_risk
ISIC_0033923,nv,nv,0.0031475425,0.0008600742,auto_accept,low_unc_low_risk
ISIC_0024638,nv,nv,0.031868458,0.001130821,auto_accept,low_unc_low_risk
ISIC_0031290,nv,nv,0.23265171,0.0009971847,auto_accept,low_unc_low_risk
ISIC_0029884,mel,mel,0.18657261,0.7219539,auto_accept,low_unc_low_risk
ISIC_0026937,nv,nv,0.0012766719,9.139006e-05,auto_accept,low_unc_low_risk
ISIC_0025654,bkl,bkl,0.0066883564,0.00016087253,auto_accept,low_unc_low_risk
ISIC_0026755,nv,nv,0.00067830086,8.408076e-07,auto_accept,low_unc_low_risk
ISIC_0025424,nv,nv,0.057790816,0.06319767,auto_accept,low_unc_low_risk
ISIC_0026669,nv,nv,0.0034484863,2.4979805e-05,auto_accept,low_unc_low_risk
ISIC_0026520,nv,nv,0.004889667,0.00024057839,auto_accept,low_unc_low_risk
ISIC_0025259,nv,nv,0.11398661,0.07859175,auto_accept,low_unc_low_risk
ISIC_0034166,nv,nv,0.010619879,0.0005398098,auto_accept,low_unc_low_risk
ISIC_0027836,nv,nv,0.0072151423,1.6628765e-07,auto_accept,low_unc_low_risk
ISIC_0025211,nv,nv,0.0028624535,2.636013e-05,auto_accept,low_unc_low_risk
ISIC_0025502,nv,nv,0.0030421019,7.365838e-05,auto_accept,low_unc_low_risk
ISIC_0032177,nv,nv,0.0022283196,1.1281556e-06,auto_accept,low_unc_low_risk
ISIC_0024502,nv,nv,0.0010767579,3.8017304e-05,auto_accept,low_unc_low_risk
ISIC_0033494,akiec,akiec,0.543226,0.75845003,escalate,high_unc_low_risk
ISIC_0029963,nv,nv,0.008159161,0.0076731546,auto_accept,low_unc_low_risk
ISIC_0026771,nv,nv,0.0027311444,7.145894e-05,auto_accept,low_unc_low_risk
ISIC_0028346,df,akiec,0.027619362,0.9934564,auto_accept,low_unc_low_risk
ISIC_0027115,nv,nv,0.00076520443,4.2362813e-06,auto_accept,low_unc_low_risk
ISIC_0032460,bkl,bkl,0.040561557,5.3735715e-05,auto_accept,low_unc_low_risk
ISIC_0027166,nv,nv,0.0044485927,3.256248e-05,auto_accept,low_unc_low_risk
ISIC_0025744,mel,mel,0.120141745,0.7893228,auto_accept,low_unc_low_risk
ISIC_0030738,nv,nv,0.016080678,0.00022220632,auto_accept,low_unc_low_risk
ISIC_0030292,nv,nv,0.00040239096,2.6013138e-06,auto_accept,low_unc_low_risk
ISIC_0029103,nv,nv,0.007890642,0.00025317134,auto_accept,low_unc_low_risk
ISIC_0030342,nv,nv,0.0026208162,1.38338355e-05,auto_accept,low_unc_low_risk
ISIC_0029736,nv,nv,0.0039963126,0.0038693503,auto_accept,low_unc_low_risk
ISIC_0032815,nv,nv,0.070673525,0.082017295,auto_accept,low_unc_low_risk
ISIC_0028077,nv,nv,0.00062793493,0.00028265885,auto_accept,low_unc_low_risk
ISIC_0025459,nv,nv,0.0035483837,0.00030929554,auto_accept,low_unc_low_risk
ISIC_0027698,nv,nv,0.004003048,1.8874323e-05,auto_accept,low_unc_low_risk
ISIC_0029380,nv,nv,0.0058199167,0.00021853337,auto_accept,low_unc_low_risk
ISIC_0029928,nv,nv,9.942055e-05,2.3593918e-08,auto_accept,low_unc_low_risk
ISIC_0027486,nv,nv,0.18181854,0.17724375,auto_accept,low_unc_low_risk
ISIC_0028285,mel,bkl,0.2662707,0.33313394,auto_accept,low_unc_low_risk
ISIC_0025337,bkl,bkl,0.01737845,0.03956413,auto_accept,low_unc_low_risk
ISIC_0024847,nv,nv,0.0002989173,4.9768205e-06,auto_accept,low_unc_low_risk
ISIC_0030412,nv,nv,0.00022560358,4.041333e-06,auto_accept,low_unc_low_risk
ISIC_0025274,nv,nv,0.040367782,5.0363735e-05,auto_accept,low_unc_low_risk
ISIC_0024660,nv,nv,0.0005298257,3.932218e-05,auto_accept,low_unc_low_risk
ISIC_0027456,nv,nv,0.0056699514,2.6994877e-07,auto_accept,low_unc_low_risk
ISIC_0027830,nv,nv,0.005539298,1.492272e-05,auto_accept,low_unc_low_risk
ISIC_0030331,nv,nv,0.00018697977,5.770791e-07,auto_accept,low_unc_low_risk
ISIC_0025342,nv,nv,0.0017712712,0.00034400437,auto_accept,low_unc_low_risk
ISIC_0028837,nv,nv,0.0005828142,2.286159e-05,auto_accept,low_unc_low_risk
ISIC_0027669,mel,mel,0.02850002,0.94238466,auto_accept,low_unc_low_risk
ISIC_0024897,bcc,bcc,0.0021739602,0.9978363,auto_accept,low_unc_low_risk
ISIC_0024386,df,df,0.00011718273,0.0023933288,auto_accept,low_unc_low_risk
ISIC_0025853,nv,nv,0.047291577,1.8429248e-05,auto_accept,low_unc_low_risk
ISIC_0034114,nv,nv,0.0034605265,0.0010832156,auto_accept,low_unc_low_risk
ISIC_0033602,nv,nv,0.04356253,0.022737052,auto_accept,low_unc_low_risk
ISIC_0025386,nv,nv,0.014796734,0.0052233655,auto_accept,low_unc_low_risk
ISIC_0030986,akiec,akiec,0.04043305,0.98749036,auto_accept,low_unc_low_risk
ISIC_0033855,bkl,bkl,0.042885482,0.00017999043,auto_accept,low_unc_low_risk
ISIC_0027186,nv,nv,0.0011748672,1.3455192e-06,auto_accept,low_unc_low_risk
ISIC_0031403,nv,nv,0.0009972453,4.787775e-05,auto_accept,low_unc_low_risk
ISIC_0027994,nv,bkl,0.2086047,4.0055793e-06,auto_accept,low_unc_low_risk
ISIC_0033260,bkl,bkl,0.0028640032,6.926899e-05,auto_accept,low_unc_low_risk
ISIC_0030809,nv,nv,0.119642794,0.057763632,auto_accept,low_unc_low_risk
ISIC_0024757,nv,mel,0.48179752,0.40873533,escalate,high_unc_low_risk
ISIC_0032228,nv,nv,0.0034362674,0.00024388633,auto_accept,low_unc_low_risk
ISIC_0032929,bkl,akiec,0.6478231,0.897321,escalate,high_unc_low_risk
ISIC_0024317,nv,nv,0.49953127,0.6072255,escalate,high_unc_low_risk
ISIC_0032122,nv,nv,0.0001655817,4.9502223e-06,auto_accept,low_unc_low_risk
ISIC_0026810,nv,nv,0.14527881,0.11487725,auto_accept,low_unc_low_risk
ISIC_0032747,nv,nv,0.028809667,0.011866768,auto_accept,low_unc_low_risk
ISIC_0028500,nv,nv,0.023474693,6.8360714e-05,auto_accept,low_unc_low_risk
ISIC_0031611,nv,nv,0.0049898624,0.0013708742,auto_accept,low_unc_low_risk
ISIC_0030619,nv,nv,0.002257347,6.2335193e-06,auto_accept,low_unc_low_risk
ISIC_0032387,nv,nv,0.4129042,0.15697645,escalate,high_unc_low_risk
ISIC_0028375,nv,nv,0.022499204,0.00033295708,auto_accept,low_unc_low_risk
ISIC_0028088,nv,nv,0.055778325,1.5996828e-05,auto_accept,low_unc_low_risk
ISIC_0033530,nv,mel,0.14772385,0.81514513,auto_accept,low_unc_low_risk
ISIC_0027462,nv,mel,0.07608384,0.9067606,auto_accept,low_unc_low_risk
ISIC_0024603,nv,nv,4.339218e-05,4.747621e-06,auto_accept,low_unc_low_risk
ISIC_0026311,bkl,bkl,0.015111923,1.3532426e-05,auto_accept,low_unc_low_risk
ISIC_0032062,nv,nv,0.020284772,0.006881861,auto_accept,low_unc_low_risk
ISIC_0033879,nv,nv,0.0044296384,0.0015395121,auto_accept,low_unc_low_risk
ISIC_0031482,nv,nv,0.008145094,1.4356345e-05,auto_accept,low_unc_low_risk
ISIC_0024374,nv,nv,0.022321343,6.4804362e-06,auto_accept,low_unc_low_risk
ISIC_0025843,nv,nv,0.043191373,5.3329754e-06,auto_accept,low_unc_low_risk
ISIC_0032370,nv,nv,0.0011788011,2.7067986e-06,auto_accept,low_unc_low_risk
ISIC_0026119,nv,nv,0.000101685524,4.8578813e-06,auto_accept,low_unc_low_risk
ISIC_0030926,bkl,bkl,0.3344893,0.45639023,auto_accept,low_unc_low_risk
ISIC_0029004,nv,nv,0.08003712,0.00073392567,auto_accept,low_unc_low_risk
ISIC_0026806,nv,nv,0.0068948865,0.009998625,auto_accept,low_unc_low_risk
ISIC_0033087,nv,mel,0.4859076,0.36703798,escalate,high_unc_low_risk
ISIC_0030470,nv,nv,0.0006607175,1.4754444e-06,auto_accept,low_unc_low_risk
ISIC_0029373,nv,nv,0.0002732873,2.9816701e-05,auto_accept,low_unc_low_risk
ISIC_0034288,nv,nv,0.39169204,0.21188274,escalate,high_unc_low_risk
ISIC_0027405,nv,nv,0.008872688,1.1622722e-06,auto_accept,low_unc_low_risk
ISIC_0029186,nv,nv,0.00067174435,2.8969009e-05,auto_accept,low_unc_low_risk
ISIC_0028242,nv,nv,7.3194504e-05,3.3851936e-06,auto_accept,low_unc_low_risk
ISIC_0029743,nv,nv,0.030875921,0.0014888622,auto_accept,low_unc_low_risk
ISIC_0032066,nv,nv,0.006503105,2.0802143e-05,auto_accept,low_unc_low_risk
ISIC_0026079,nv,nv,0.00081819296,0.00015556395,auto_accept,low_unc_low_risk
ISIC_0033555,nv,bkl,0.12665617,0.01982425,auto_accept,low_unc_low_risk
ISIC_0030430,nv,nv,0.005458772,2.5956735e-05,auto_accept,low_unc_low_risk
ISIC_0024593,nv,nv,9.095669e-05,8.911419e-06,auto_accept,low_unc_low_risk
ISIC_0033290,nv,nv,0.1391052,0.09000795,auto_accept,low_unc_low_risk
ISIC_0030298,nv,nv,0.0009874105,9.1483525e-05,auto_accept,low_unc_low_risk
ISIC_0028385,nv,nv,0.049000382,0.009324145,auto_accept,low_unc_low_risk
ISIC_0029740,mel,nv,0.39211154,0.20751485,escalate,high_unc_low_risk
ISIC_0029064,nv,nv,0.0013692975,7.069738e-06,auto_accept,low_unc_low_risk
ISIC_0024928,nv,nv,0.0043249726,6.9086105e-05,auto_accept,low_unc_low_risk
ISIC_0028536,nv,nv,8.058548e-05,7.823793e-06,auto_accept,low_unc_low_risk
ISIC_0027810,nv,nv,0.00044852495,2.6716874e-05,auto_accept,low_unc_low_risk
ISIC_0028228,mel,mel,0.13169473,0.8450794,auto_accept,low_unc_low_risk
ISIC_0027105,mel,mel,0.051823974,0.96301,auto_accept,low_unc_low_risk
ISIC_0024927,nv,nv,0.0006278157,6.5121625e-05,auto_accept,low_unc_low_risk
ISIC_0027621,nv,vasc,0.3054021,2.8376924e-05,auto_accept,low_unc_low_risk
ISIC_0034174,nv,nv,0.021535277,0.0077379285,auto_accept,low_unc_low_risk
ISIC_0026211,nv,nv,0.00088590384,8.544487e-05,auto_accept,low_unc_low_risk
ISIC_0031319,nv,nv,0.00033152103,1.377001e-05,auto_accept,low_unc_low_risk
ISIC_0024958,mel,mel,0.09324962,0.9029367,auto_accept,low_unc_low_risk
ISIC_0030256,nv,nv,0.025173187,0.0027555248,auto_accept,low_unc_low_risk
ISIC_0027939,nv,nv,0.0006929636,0.00024007064,auto_accept,low_unc_low_risk
ISIC_0032769,nv,nv,0.00302279,0.0005451977,auto_accept,low_unc_low_risk
ISIC_0025415,nv,nv,0.0006953478,2.0756883e-05,auto_accept,low_unc_low_risk
ISIC_0031071,nv,nv,0.14165741,0.0013750637,auto_accept,low_unc_low_risk
ISIC_0031074,nv,nv,0.13870001,0.06778496,auto_accept,low_unc_low_risk
ISIC_0026452,nv,nv,0.0073739886,0.0019325791,auto_accept,low_unc_low_risk
ISIC_0026390,nv,nv,0.0015506744,9.4440016e-05,auto_accept,low_unc_low_risk
ISIC_0030235,nv,nv,0.0024120808,1.8322857e-05,auto_accept,low_unc_low_risk
ISIC_0027902,nv,nv,0.15109968,0.10776243,auto_accept,low_unc_low_risk
ISIC_0024607,nv,nv,0.00014221668,8.570194e-08,auto_accept,low_unc_low_risk
ISIC_0027267,nv,nv,0.005800724,0.001960188,auto_accept,low_unc_low_risk
ISIC_0032142,nv,nv,0.00019830465,1.3278628e-05,auto_accept,low_unc_low_risk
ISIC_0025738,nv,nv,0.0002182126,2.8173183e-06,auto_accept,low_unc_low_risk
ISIC_0026817,nv,nv,0.0034564137,2.9191755e-05,auto_accept,low_unc_low_risk
ISIC_0028362,nv,nv,0.0009020567,0.00016066374,auto_accept,low_unc_low_risk
ISIC_0025013,nv,nv,0.0011876822,0.000114488284,auto_accept,low_unc_low_risk
ISIC_0024532,nv,nv,0.0008068681,0.00014284138,auto_accept,low_unc_low_risk
ISIC_0030660,nv,nv,0.017033458,1.0435414e-05,auto_accept,low_unc_low_risk
ISIC_0031269,nv,nv,0.0064705014,9.490268e-05,auto_accept,low_unc_low_risk
ISIC_0025961,nv,nv,0.0021800995,2.6552001e-05,auto_accept,low_unc_low_risk
ISIC_0031231,nv,nv,0.00033450127,2.9524186e-05,auto_accept,low_unc_low_risk
ISIC_0028681,bkl,bkl,0.0045825243,1.1981106e-05,auto_accept,low_unc_low_risk
ISIC_0027430,nv,nv,0.19057322,0.13317506,auto_accept,low_unc_low_risk
ISIC_0032479,nv,nv,0.00085282326,5.1821735e-05,auto_accept,low_unc_low_risk
ISIC_0027634,nv,nv,0.0009907484,3.2672997e-05,auto_accept,low_unc_low_risk
ISIC_0027924,nv,nv,0.13072264,0.14208329,auto_accept,low_unc_low_risk
ISIC_0030747,mel,nv,0.018447816,0.0207344,auto_accept,low_unc_low_risk
ISIC_0030918,nv,bkl,0.043453455,0.00010307793,auto_accept,low_unc_low_risk
ISIC_0032684,mel,mel,0.0026276112,0.9959282,auto_accept,low_unc_low_risk
ISIC_0031277,bkl,bkl,0.13904512,0.19084768,auto_accept,low_unc_low_risk
ISIC_0034023,nv,nv,0.04223156,0.024113204,auto_accept,low_unc_low_risk
ISIC_0031092,nv,nv,0.000692606,2.7501941e-05,auto_accept,low_unc_low_risk
ISIC_0028271,nv,nv,0.01019001,0.005360258,auto_accept,low_unc_low_risk
ISIC_0027339,nv,nv,0.068203986,0.0007357754,auto_accept,low_unc_low_risk
ISIC_0033359,nv,nv,0.051026344,0.025620153,auto_accept,low_unc_low_risk
ISIC_0033282,nv,nv,0.45123208,0.2744206,escalate,high_unc_low_risk
ISIC_0024625,nv,nv,0.0040187836,0.00025031227,auto_accept,low_unc_low_risk
ISIC_0027687,nv,nv,0.0007838011,5.335675e-08,auto_accept,low_unc_low_risk
ISIC_0033812,mel,nv,0.4653206,0.28942853,escalate,high_unc_low_risk
ISIC_0026725,nv,nv,0.0008816123,0.000318897,auto_accept,low_unc_low_risk
ISIC_0026875,nv,nv,0.0033988953,8.2389e-06,auto_accept,low_unc_low_risk
ISIC_0027368,nv,nv,0.0024259686,0.0010384273,auto_accept,low_unc_low_risk
ISIC_0027210,vasc,vasc,0.0009851456,0.02192992,auto_accept,low_unc_low_risk
ISIC_0027464,nv,nv,0.00499022,0.0012667062,auto_accept,low_unc_low_risk
ISIC_0030560,nv,nv,0.0022659302,0.0001045384,auto_accept,low_unc_low_risk
ISIC_0025758,bkl,bkl,0.15545559,5.590224e-07,auto_accept,low_unc_low_risk
ISIC_0024354,nv,nv,0.0015119314,5.5372053e-05,auto_accept,low_unc_low_risk
ISIC_0028958,bkl,nv,0.09670347,0.0036800858,auto_accept,low_unc_low_risk
ISIC_0026996,mel,nv,0.035995185,0.0073001822,auto_accept,low_unc_low_risk
ISIC_0029882,nv,nv,0.0008042455,3.386694e-05,auto_accept,low_unc_low_risk
ISIC_0030551,nv,bkl,0.38293916,1.6162603e-06,escalate,high_unc_low_risk
ISIC_0027341,nv,nv,0.008024991,1.7383722e-05,auto_accept,low_unc_low_risk
ISIC_0024482,mel,mel,0.014436245,0.9941888,auto_accept,low_unc_low_risk
ISIC_0029074,nv,nv,0.000261724,5.628162e-07,auto_accept,low_unc_low_risk
ISIC_0034200,nv,nv,0.008965075,0.0022602312,auto_accept,low_unc_low_risk
ISIC_0027085,nv,nv,0.03144133,0.0001466076,auto_accept,low_unc_low_risk
ISIC_0031729,nv,nv,0.0038036108,3.0235384e-05,auto_accept,low_unc_low_risk
ISIC_0027869,nv,nv,0.048973083,6.365193e-06,auto_accept,low_unc_low_risk
ISIC_0033895,nv,nv,0.007482171,0.001211086,auto_accept,low_unc_low_risk
ISIC_0028800,nv,nv,0.019118905,0.008179186,auto_accept,low_unc_low_risk
ISIC_0029437,nv,nv,0.0021808147,0.0012243062,auto_accept,low_unc_low_risk
ISIC_0034307,nv,nv,0.23907161,0.10317172,auto_accept,low_unc_low_risk
ISIC_0033473,mel,mel,0.059985578,0.88049936,auto_accept,low_unc_low_risk
ISIC_0026176,nv,nv,0.00018447638,6.58592e-07,auto_accept,low_unc_low_risk
ISIC_0028557,nv,nv,0.16503888,0.02375621,auto_accept,low_unc_low_risk
ISIC_0024574,nv,nv,0.003085494,4.8101494e-05,auto_accept,low_unc_low_risk
ISIC_0033252,bkl,bkl,0.46593815,0.03215103,escalate,high_unc_low_risk
ISIC_0031452,nv,nv,0.0003874898,7.289409e-05,auto_accept,low_unc_low_risk
ISIC_0029871,nv,nv,0.0072318316,0.001353934,auto_accept,low_unc_low_risk
ISIC_0032448,nv,nv,0.011885047,0.0019511547,auto_accept,low_unc_low_risk
ISIC_0028880,df,df,0.0020267367,0.012559767,auto_accept,low_unc_low_risk
ISIC_0025474,nv,nv,2.2768974e-05,3.5822507e-07,auto_accept,low_unc_low_risk
ISIC_0027625,nv,nv,0.0007677078,1.7252321e-06,auto_accept,low_unc_low_risk
ISIC_0033459,nv,nv,0.021689534,0.004550674,auto_accept,low_unc_low_risk
ISIC_0032288,nv,nv,0.00017720461,2.5845382e-06,auto_accept,low_unc_low_risk
ISIC_0032616,nv,nv,0.038609266,0.0023789767,auto_accept,low_unc_low_risk
ISIC_0025049,nv,mel,0.088714,0.8996212,auto_accept,low_unc_low_risk
ISIC_0028315,nv,nv,0.00096029043,1.986108e-06,auto_accept,low_unc_low_risk
ISIC_0024755,nv,nv,0.0024169683,0.001374069,auto_accept,low_unc_low_risk
ISIC_0033425,nv,nv,0.022368312,0.0033697805,auto_accept,low_unc_low_risk
ISIC_0031021,nv,nv,0.00023514032,2.0606652e-05,auto_accept,low_unc_low_risk
ISIC_0026567,bkl,bkl,0.018900573,0.033020824,auto_accept,low_unc_low_risk
ISIC_0025142,nv,nv,0.012173116,1.998691e-07,auto_accept,low_unc_low_risk
ISIC_0024722,nv,nv,0.001629889,4.6656705e-06,auto_accept,low_unc_low_risk
ISIC_0024768,nv,nv,0.001898706,0.0004043354,auto_accept,low_unc_low_risk
ISIC_0033873,nv,nv,0.21229357,0.049931772,auto_accept,low_unc_low_risk
ISIC_0028835,nv,nv,0.0002940297,7.125472e-07,auto_accept,low_unc_low_risk
ISIC_0028283,bcc,bcc,0.0057119727,0.99931836,auto_accept,low_unc_low_risk
ISIC_0025955,mel,nv,0.12400335,0.039134502,auto_accept,low_unc_low_risk
ISIC_0028380,nv,nv,0.05633521,0.012835464,auto_accept,low_unc_low_risk
ISIC_0031103,vasc,vasc,5.722046e-06,9.4370145e-05,auto_accept,low_unc_low_risk
ISIC_0028209,bkl,bkl,0.08342773,0.0007967356,auto_accept,low_unc_low_risk
ISIC_0026971,nv,nv,4.4703484e-05,3.240287e-07,auto_accept,low_unc_low_risk
ISIC_0031416,nv,nv,0.0015963912,6.2290484e-05,auto_accept,low_unc_low_risk
ISIC_0029822,nv,nv,0.00029188395,3.0189264e-07,auto_accept,low_unc_low_risk
ISIC_0032426,nv,nv,0.0005841255,4.1022818e-06,auto_accept,low_unc_low_risk
ISIC_0027451,bkl,bkl,0.0036337376,0.04195797,auto_accept,low_unc_low_risk
ISIC_0029873,nv,nv,0.012735248,0.00042183138,auto_accept,low_unc_low_risk
ISIC_0026881,nv,nv,1.5854836e-05,8.506773e-09,auto_accept,low_unc_low_risk
ISIC_0026237,nv,nv,0.016005397,0.002153782,auto_accept,low_unc_low_risk
ISIC_0031556,bkl,bkl,0.04160863,0.069987684,auto_accept,low_unc_low_risk
ISIC_0028660,nv,nv,0.00047767162,2.382029e-06,auto_accept,low_unc_low_risk
ISIC_0029626,nv,nv,0.0071845055,0.0012311531,auto_accept,low_unc_low_risk
ISIC_0025694,nv,nv,0.00024789572,1.4547805e-05,auto_accept,low_unc_low_risk
ISIC_0026501,nv,nv,0.007514894,0.0012433822,auto_accept,low_unc_low_risk
ISIC_0027136,nv,nv,0.0022506118,0.00043277725,auto_accept,low_unc_low_risk
ISIC_0025555,nv,nv,0.031893134,0.023833774,auto_accept,low_unc_low_risk
ISIC_0030545,nv,nv,0.00012874603,4.17101e-06,auto_accept,low_unc_low_risk
ISIC_0030293,nv,nv,0.008486927,1.8530744e-05,auto_accept,low_unc_low_risk
ISIC_0032972,bkl,bkl,0.12718093,8.4595624e-05,auto_accept,low_unc_low_risk
ISIC_0026696,nv,nv,0.043628037,0.00013398787,auto_accept,low_unc_low_risk
ISIC_0027414,nv,nv,0.00052565336,2.2529664e-06,auto_accept,low_unc_low_risk
ISIC_0028619,akiec,bkl,0.0051609874,0.010945704,auto_accept,low_unc_low_risk
ISIC_0033815,nv,nv,0.0040482283,0.00070549035,auto_accept,low_unc_low_risk
ISIC_0025768,nv,nv,6.3180923e-06,4.0921897e-08,auto_accept,low_unc_low_risk
ISIC_0034253,mel,mel,0.029875219,0.8933379,auto_accept,low_unc_low_risk
ISIC_0025799,bkl,bkl,0.20808518,0.29818422,auto_accept,low_unc_low_risk
ISIC_0026772,nv,nv,0.007905304,2.4869183e-05,auto_accept,low_unc_low_risk
ISIC_0029988,nv,nv,0.00058329105,2.5468518e-08,auto_accept,low_unc_low_risk
ISIC_0033573,mel,mel,0.06647825,0.8425078,auto_accept,low_unc_low_risk
ISIC_0029560,nv,mel,0.11935532,0.81073564,auto_accept,low_unc_low_risk
ISIC_0028841,nv,nv,0.0018833876,7.530111e-05,auto_accept,low_unc_low_risk
ISIC_0032130,nv,nv,0.00019031763,5.1233998e-05,auto_accept,low_unc_low_risk
ISIC_0034278,nv,mel,0.061474144,0.891445,auto_accept,low_unc_low_risk
ISIC_0029955,nv,nv,0.016655743,0.00047179186,auto_accept,low_unc_low_risk
ISIC_0028523,nv,nv,0.010689616,0.00029780084,auto_accept,low_unc_low_risk
ISIC_0024621,nv,nv,0.0037382245,0.0002081334,auto_accept,low_unc_low_risk
ISIC_0032605,nv,nv,0.0006686449,0.0003000157,auto_accept,low_unc_low_risk
ISIC_0024753,nv,nv,0.00076031685,9.897788e-05,auto_accept,low_unc_low_risk
ISIC_0027156,nv,nv,0.016038537,7.020605e-05,auto_accept,low_unc_low_risk
ISIC_0028629,nv,nv,0.0016196966,6.0504557e-05,auto_accept,low_unc_low_risk
ISIC_0029566,nv,nv,0.0009242296,1.2270069e-05,auto_accept,low_unc_low_risk
ISIC_0024394,nv,nv,0.0040246844,0.0022830467,auto_accept,low_unc_low_risk
ISIC_0026314,mel,nv,0.1774413,0.13396017,auto_accept,low_unc_low_risk
ISIC_0024510,nv,nv,0.004142463,6.2847655e-05,auto_accept,low_unc_low_risk
ISIC_0032441,mel,bkl,0.021390676,0.0042707818,auto_accept,low_unc_low_risk
ISIC_0031689,nv,nv,0.0025175214,6.261918e-05,auto_accept,low_unc_low_risk
ISIC_0031664,nv,nv,0.04447049,5.9168302e-05,auto_accept,low_unc_low_risk
ISIC_0028581,nv,nv,0.24715364,0.2039315,auto_accept,low_unc_low_risk
ISIC_0025348,nv,nv,0.007972777,7.0528145e-06,auto_accept,low_unc_low_risk
ISIC_0032475,nv,nv,0.0039382577,0.0012905771,auto_accept,low_unc_low_risk
ISIC_0033048,nv,nv,0.023988605,0.007299208,auto_accept,low_unc_low_risk
ISIC_0027383,nv,nv,0.03958243,2.0704218e-05,auto_accept,low_unc_low_risk
ISIC_0027092,nv,nv,0.037665844,0.0045871353,auto_accept,low_unc_low_risk
ISIC_0033974,nv,nv,0.051598847,0.011753791,auto_accept,low_unc_low_risk
ISIC_0034075,nv,nv,0.040011704,0.027152512,auto_accept,low_unc_low_risk
ISIC_0024682,nv,nv,0.0008624792,0.00020427794,auto_accept,low_unc_low_risk
ISIC_0029150,nv,nv,0.014163375,0.00026756775,auto_accept,low_unc_low_risk
ISIC_0024356,nv,nv,0.22037351,0.05880281,auto_accept,low_unc_low_risk
ISIC_0026062,nv,nv,0.019863844,3.5601683e-05,auto_accept,low_unc_low_risk
ISIC_0033591,vasc,vasc,0.009781778,0.07221386,auto_accept,low_unc_low_risk
ISIC_0032873,mel,mel,0.0024988055,0.9959584,auto_accept,low_unc_low_risk
ISIC_0033082,nv,nv,0.07592082,0.022788573,auto_accept,low_unc_low_risk
ISIC_0027209,nv,nv,0.08976722,0.06379536,auto_accept,low_unc_low_risk
ISIC_0030702,nv,nv,0.0006657243,7.233017e-05,auto_accept,low_unc_low_risk
ISIC_0033901,mel,mel,0.026084602,0.95729965,auto_accept,low_unc_low_risk
ISIC_0026961,bkl,bkl,0.345618,0.2805822,auto_accept,low_unc_low_risk
ISIC_0029110,nv,nv,9.691715e-05,6.408389e-06,auto_accept,low_unc_low_risk
ISIC_0026595,nv,nv,0.003365934,0.003610607,auto_accept,low_unc_low_risk
ISIC_0033172,nv,nv,0.0388155,0.024699274,auto_accept,low_unc_low_risk
ISIC_0028091,nv,nv,0.48944992,0.31377432,escalate,high_unc_low_risk
ISIC_0025086,bkl,mel,0.15219253,0.79675263,auto_accept,low_unc_low_risk
ISIC_0032216,nv,nv,0.0009978414,3.2499003e-05,auto_accept,low_unc_low_risk
ISIC_0033801,mel,nv,0.019986033,0.010026371,auto_accept,low_unc_low_risk
ISIC_0026008,nv,nv,0.06856769,0.011417752,auto_accept,low_unc_low_risk
ISIC_0032391,nv,nv,8.21352e-05,1.238711e-07,auto_accept,low_unc_low_risk
ISIC_0028761,nv,nv,0.16858542,0.0034424819,auto_accept,low_unc_low_risk
ISIC_0030590,nv,nv,0.015277326,0.0055118217,auto_accept,low_unc_low_risk
ISIC_0030686,nv,nv,0.09307259,9.1163834e-05,auto_accept,low_unc_low_risk
ISIC_0031602,nv,nv,0.30192465,0.17092998,auto_accept,low_unc_low_risk
ISIC_0032024,bkl,akiec,0.020900846,0.9762974,auto_accept,low_unc_low_risk
ISIC_0033885,mel,mel,0.20756018,0.6930812,auto_accept,low_unc_low_risk
ISIC_0033086,nv,nv,0.0021954179,9.6988246e-05,auto_accept,low_unc_low_risk
ISIC_0033852,nv,mel,0.14496338,0.7285538,auto_accept,low_unc_low_risk
ISIC_0025935,nv,nv,0.00048315525,2.3065601e-07,auto_accept,low_unc_low_risk
ISIC_0026750,nv,nv,0.0022698045,0.0014476645,auto_accept,low_unc_low_risk
ISIC_0030762,nv,nv,0.0010855198,0.00016420314,auto_accept,low_unc_low_risk
ISIC_0031942,nv,nv,0.018371224,0.0113651175,auto_accept,low_unc_low_risk
ISIC_0026982,nv,nv,0.0028198957,2.0698097e-05,auto_accept,low_unc_low_risk
ISIC_0033706,nv,nv,0.09982705,0.058007136,auto_accept,low_unc_low_risk
ISIC_0029068,bkl,df,0.17327517,0.22509746,auto_accept,low_unc_low_risk
ISIC_0030410,nv,nv,0.08625686,9.363966e-05,auto_accept,low_unc_low_risk
ISIC_0028799,nv,nv,0.0013117194,0.0005681523,auto_accept,low_unc_low_risk
ISIC_0024382,bkl,bkl,0.022402704,0.14043255,auto_accept,low_unc_low_risk
ISIC_0032550,mel,mel,0.0069509745,0.9895328,auto_accept,low_unc_low_risk
ISIC_0032881,nv,nv,0.0037429333,0.0015836798,auto_accept,low_unc_low_risk
ISIC_0028740,nv,nv,0.00066536665,1.7957896e-05,auto_accept,low_unc_low_risk
ISIC_0031893,bkl,bkl,9.429455e-05,5.7392685e-05,auto_accept,low_unc_low_risk
ISIC_0029044,nv,nv,0.00046503544,6.306005e-05,auto_accept,low_unc_low_risk
ISIC_0027593,nv,nv,0.0010667443,1.8307221e-06,auto_accept,low_unc_low_risk
ISIC_0025852,nv,nv,9.596348e-05,1.8287003e-05,auto_accept,low_unc_low_risk
ISIC_0029643,nv,nv,0.00044125319,1.1266166e-07,auto_accept,low_unc_low_risk
ISIC_0030097,nv,nv,0.003586471,6.679374e-05,auto_accept,low_unc_low_risk
