image_id,true_label,predicted_label,uncertainty_score,risk_score,decision,category
ISIC_0025546,mel,mel,2.3389584e-05,0.98397416,auto_accept,n/a
ISIC_0031382,nv,nv,7.210814e-08,4.950954e-06,auto_accept,n/a
ISIC_0025947,nv,nv,7.05228e-07,0.0001155914,auto_accept,n/a
ISIC_0027038,bcc,bcc,0.0004023364,0.9999405,auto_accept,n/a
ISIC_0032879,mel,mel,0.00010864965,0.9729648,auto_accept,n/a
ISIC_0029691,nv,nv,5.474167e-07,0.00010243007,auto_accept,n/a
ISIC_0031732,nv,nv,3.674148e-08,2.2113948e-06,auto_accept,n/a
ISIC_0026035,nv,nv,3.968238e-08,1.2160086e-07,auto_accept,n/a
ISIC_0028370,akiec,akiec,0.00044957714,0.90200186,auto_accept,n/a
ISIC_0028474,nv,nv,1.5539007e-08,7.782409e-07,auto_accept,n/a
ISIC_0032449,nv,nv,2.0196664e-08,7.196576e-09,auto_accept,n/a
ISIC_0029682,bkl,mel,0.00025648915,0.95506,auto_accept,n/a
ISIC_0028013,nv,nv,0.00036180668,0.00475033,auto_accept,n/a
ISIC_0027971,nv,nv,8.832452e-08,2.7512016e-05,auto_accept,n/a
ISIC_0028338,nv,nv,0.0022935723,0.09644693,auto_accept,n/a
ISIC_0033056,bkl,bkl,2.9997345e-05,0.06769809,auto_accept,n/a
ISIC_0024341,nv,nv,6.6162386e-08,4.6823587e-07,auto_accept,n/a
ISIC_0032201,nv,nv,9.592832e-09,2.007735e-07,auto_accept,n/a
ISIC_0029222,nv,nv,0.0047175884,0.079569496,escalate,n/a
ISIC_0028439,nv,nv,1.08439535e-10,3.5339092e-09,auto_accept,n/a
ISIC_0033926,nv,nv,0.0030734916,0.02323623,auto_accept,n/a
ISIC_0026122,nv,nv,2.900056e-08,1.26412215e-05,auto_accept,n/a
ISIC_0026512,nv,nv,0.005965806,0.25960505,escalate,n/a
ISIC_0034227,nv,nv,0.00022771848,0.012659667,auto_accept,n/a
ISIC_0033861,nv,mel,0.0040877867,0.30142033,escalate,n/a
ISIC_0029941,nv,nv,4.662124e-08,8.135161e-06,auto_accept,n/a
ISIC_0028316,bcc,bcc,0.0017713066,0.9310931,auto_accept,n/a
ISIC_0025626,nv,nv,2.3339219e-06,0.0007063087,auto_accept,n/a
ISIC_0033148,nv,nv,0.0003006966,0.003952726,auto_accept,n/a
ISIC_0029105,nv,nv,2.8563306e-06,4.4464465e-05,auto_accept,n/a
ISIC_0031905,nv,nv,7.542934e-08,1.8161089e-05,auto_accept,n/a
ISIC_0025992,akiec,akiec,6.8297486e-05,0.99986994,auto_accept,n/a
ISIC_0034072,nv,df,0.0011773966,0.19607994,auto_accept,n/a
ISIC_0032196,nv,nv,6.1835164e-09,8.228191e-07,auto_accept,n/a
ISIC_0032137,nv,nv,4.7973813e-06,2.472264e-06,auto_accept,n/a
ISIC_0026630,nv,nv,3.2887732e-07,6.0795304e-05,auto_accept,n/a
ISIC_0026073,nv,nv,9.187161e-07,2.5499648e-05,auto_accept,n/a
ISIC_0026247,mel,nv,0.000146599,0.014086543,auto_accept,n/a
ISIC_0030499,nv,nv,2.0202102e-09,2.8844868e-06,auto_accept,n/a
ISIC_0028000,nv,nv,2.825791e-06,0.0003413834,auto_accept,n/a
ISIC_0028577,bcc,bcc,5.8945116e-06,0.9988651,auto_accept,n/a
ISIC_0029314,nv,nv,2.8346756e-08,1.2104717e-05,auto_accept,n/a
ISIC_0025398,nv,nv,5.73168e-08,1.5478263e-05,auto_accept,n/a
ISIC_0026344,nv,nv,7.189942e-05,1.9263227e-06,auto_accept,n/a
ISIC_0029148,nv,nv,1.0409275e-07,1.8414595e-06,auto_accept,n/a
ISIC_0031394,bkl,bkl,0.00019361622,0.015685322,auto_accept,n/a
ISIC_0024806,mel,mel,3.4525623e-05,0.9768588,auto_accept,n/a
ISIC_0026234,nv,nv,0.0011367273,0.003232311,auto_accept,n/a
ISIC_0029986,nv,mel,3.728474e-07,0.9992786,auto_accept,n/a
ISIC_0031226,bkl,bkl,0.00458464,6.253767e-05,escalate,n/a
ISIC_0030780,nv,nv,3.1147945e-07,0.00010829154,auto_accept,n/a
ISIC_0029857,bcc,bcc,4.298329e-06,0.9940394,auto_accept,n/a
ISIC_0029831,bcc,bcc,3.8130604e-08,0.99960214,auto_accept,n/a
ISIC_0032069,nv,nv,8.15174e-05,3.413569e-07,auto_accept,n/a
ISIC_0027637,nv,nv,1.6414096e-07,0.00018902027,auto_accept,n/a
ISIC_0032800,nv,nv,3.6852289e-06,0.00093573256,auto_accept,n/a
ISIC_0030947,nv,nv,7.314623e-07,1.924395e-07,auto_accept,n/a
ISIC_0027630,nv,nv,1.4882668e-08,2.490177e-06,auto_accept,n/a
ISIC_0033164,nv,nv,1.057349e-05,0.0007250575,auto_accept,n/a
ISIC_0030335,bcc,bcc,6.795651e-06,0.99498737,auto_accept,n/a
ISIC_0031610,nv,nv,4.2239154e-08,2.520703e-06,auto_accept,n/a
ISIC_0028676,nv,nv,8.978524e-07,6.143171e-05,auto_accept,n/a
ISIC_0032232,mel,nv,0.0018900539,0.09852186,auto_accept,n/a
ISIC_0026383,nv,nv,2.703017e-06,1.2561227e-06,auto_accept,n/a
ISIC_0032738,nv,nv,0.0035179632,0.24389362,escalate,n/a
ISIC_0032308,mel,mel,1.881966e-05,0.9882139,auto_accept,n/a
ISIC_0025514,nv,nv,5.1132743e-06,0.00024635097,auto_accept,n/a
ISIC_0032491,nv,nv,3.038847e-08,3.1612456e-06,auto_accept,n/a
ISIC_0033119,nv,bkl,0.004149411,0.037630953,escalate,n/a
ISIC_0026212,akiec,akiec,0.0020233754,0.88877755,auto_accept,n/a
ISIC_0026930,mel,nv,0.005349999,0.010775547,escalate,n/a
ISIC_0024474,nv,nv,4.481964e-06,3.827004e-05,auto_accept,n/a
ISIC_0033922,nv,nv,3.3246914e-05,0.0014689022,auto_accept,n/a
ISIC_0028327,nv,nv,1.3308575e-05,4.9564333e-05,auto_accept,n/a
ISIC_0032661,nv,nv,0.003665868,0.12308388,escalate,n/a
ISIC_0024826,nv,nv,3.8136193e-08,9.539881e-07,auto_accept,n/a
ISIC_0030329,bkl,bkl,2.295534e-05,0.010982074,auto_accept,n/a
ISIC_0028817,nv,nv,3.287232e-07,1.2615076e-05,auto_accept,n/a
ISIC_0027119,nv,nv,1.591283e-07,1.1647571e-05,auto_accept,n/a
ISIC_0031860,nv,nv,1.7925394e-06,8.7048174e-05,auto_accept,n/a
ISIC_0025681,nv,bkl,0.00015308824,0.07739454,auto_accept,n/a
ISIC_0030761,nv,nv,2.0026313e-05,0.026824612,auto_accept,n/a
ISIC_0026475,mel,nv,0.0014685718,0.065094076,auto_accept,n/a
ISIC_0031635,nv,nv,0.00023711126,0.0074985023,auto_accept,n/a
ISIC_0031707,bkl,bkl,9.202893e-05,0.0075269383,auto_accept,n/a
ISIC_0024894,nv,nv,8.3270685e-08,1.000578e-05,auto_accept,n/a
ISIC_0029231,nv,bkl,0.0026226875,0.032199513,auto_accept,n/a
ISIC_0026572,nv,nv,1.069054e-08,1.7484308e-05,auto_accept,n/a
ISIC_0024462,nv,nv,3.041676e-07,6.3759544e-05,auto_accept,n/a
ISIC_0032899,nv,nv,0.00057401124,0.0069344146,auto_accept,n/a
ISIC_0025839,nv,nv,3.2877235e-08,4.628232e-06,auto_accept,n/a
ISIC_0025313,mel,nv,6.3005423e-06,0.0020721173,auto_accept,n/a
ISIC_0026942,nv,bkl,0.0007642242,0.0033965462,auto_accept,n/a
ISIC_0025252,nv,nv,1.3114244e-07,6.096762e-05,auto_accept,n/a
ISIC_0026592,nv,nv,0.00021390337,0.012042185,auto_accept,n/a
ISIC_0028192,nv,nv,2.4701845e-09,1.2568843e-07,auto_accept,n/a
ISIC_0025008,nv,bkl,0.003610967,0.10184308,escalate,n/a
ISIC_0027493,nv,nv,3.8614085e-09,1.1953857e-07,auto_accept,n/a
ISIC_0028099,nv,nv,3.835534e-10,5.0635133e-08,auto_accept,n/a
ISIC_0028908,nv,nv,1.2646886e-08,3.7991296e-07,auto_accept,n/a
ISIC_0024624,mel,bkl,0.000970445,0.1544274,auto_accept,n/a
ISIC_0025380,nv,nv,1.1208464e-10,2.109446e-08,auto_accept,n/a
ISIC_0024868,nv,nv,2.505664e-07,1.0540484e-05,auto_accept,n/a
ISIC_0025974,nv,nv,1.7623258e-06,3.513594e-07,auto_accept,n/a
ISIC_0027800,nv,mel,0.005970729,0.42331034,escalate,n/a
ISIC_0030150,mel,mel,0.00024032706,0.939021,auto_accept,n/a
ISIC_0025645,nv,nv,7.3795164e-10,9.301789e-09,auto_accept,n/a
ISIC_0031374,nv,mel,0.004351393,0.5617555,escalate,n/a
ISIC_0031831,bkl,bkl,5.582728e-05,0.00016256131,auto_accept,n/a
ISIC_0030698,bkl,bkl,0.001242662,0.00045307947,auto_accept,n/a
ISIC_0026213,bcc,bcc,5.551833e-08,0.99988973,auto_accept,n/a
ISIC_0030178,nv,nv,1.0957486e-06,0.0002698792,auto_accept,n/a
ISIC_0027051,nv,nv,6.148918e-05,0.00516116,auto_accept,n/a
ISIC_0027643,nv,nv,0.0011943753,0.075079955,auto_accept,n/a
ISIC_0026489,mel,mel,0.002665767,0.73953444,auto_accept,n/a
ISIC_0028965,mel,mel,1.5292264e-09,0.9999896,auto_accept,n/a
ISIC_0024668,nv,nv,4.3524946e-07,2.3271483e-05,auto_accept,n/a
ISIC_0029376,nv,nv,2.120415e-05,8.162932e-05,auto_accept,n/a
ISIC_0027001,nv,nv,7.298425e-09,4.6099505e-08,auto_accept,n/a
ISIC_0026323,nv,mel,0.0020025934,0.343383,auto_accept,n/a
ISIC_0033689,nv,nv,6.519065e-05,0.011987558,auto_accept,n/a
ISIC_0029556,nv,nv,1.7904954e-07,1.9016474e-05,auto_accept,n/a
ISIC_0031328,nv,nv,2.4498246e-05,0.0007819129,auto_accept,n/a
ISIC_0030953,akiec,akiec,3.5575197e-06,0.99715936,auto_accept,n/a
ISIC_0024308,nv,nv,5.608859e-10,2.5830394e-08,auto_accept,n/a
ISIC_0026731,nv,nv,1.0055639e-11,7.870807e-10,auto_accept,n/a
ISIC_0024520,nv,nv,1.3276433e-08,1.0263504e-05,auto_accept,n/a
ISIC_0028269,nv,nv,7.5795803e-10,1.6965959e-07,auto_accept,n/a
ISIC_0032427,nv,nv,4.27561e-06,0.0003861435,auto_accept,n/a
ISIC_0026435,nv,nv,1.3107976e-06,1.65125e-05,auto_accept,n/a
ISIC_0031228,akiec,akiec,5.954193e-06,0.99859434,auto_accept,n/a
ISIC_0031686,bkl,bkl,0.00012730435,0.014747502,auto_accept,n/a
ISIC_0027684,nv,mel,0.00088582694,0.9226965,auto_accept,n/a
ISIC_0028826,bkl,bkl,1.5736327e-05,4.443691e-05,auto_accept,n/a
ISIC_0032316,bcc,bcc,0.0014310544,0.8776483,auto_accept,n/a
ISIC_0033484,nv,df,0.005421472,0.003345388,escalate,n/a
ISIC_0033768,nv,bkl,0.00016393246,0.051001832,auto_accept,n/a
ISIC_0032298,nv,nv,3.2409335e-07,1.5614529e-05,auto_accept,n/a
ISIC_0030003,nv,nv,1.7660517e-08,1.956503e-06,auto_accept,n/a
ISIC_0028830,bkl,bkl,0.0008517508,0.006849357,auto_accept,n/a
ISIC_0028464,nv,nv,0.00076462823,0.02030841,auto_accept,n/a
ISIC_0028571,nv,mel,0.00013810457,0.9626947,auto_accept,n/a
ISIC_0024347,nv,nv,0.000103678925,0.0035538056,auto_accept,n/a
ISIC_0028805,nv,nv,3.5875796e-06,2.598269e-06,auto_accept,n/a
ISIC_0031752,nv,nv,6.231719e-08,1.4476008e-05,auto_accept,n/a
ISIC_0025871,nv,nv,8.7490625e-06,0.001375308,auto_accept,n/a
ISIC_0025147,nv,nv,1.7346117e-06,5.0259005e-06,auto_accept,n/a
ISIC_0026781,nv,nv,0.00086714927,0.05640272,auto_accept,n/a
ISIC_0032851,nv,nv,0.0021139882,0.11073671,auto_accept,n/a
ISIC_0027343,akiec,mel,0.0015664687,0.7929024,auto_accept,n/a
ISIC_0025406,nv,nv,3.302042e-05,0.00015233108,auto_accept,n/a
ISIC_0026704,bkl,mel,0.0015281187,0.9001252,auto_accept,n/a
ISIC_0028710,bkl,bkl,0.005176972,0.658981,escalate,n/a
ISIC_0027724,nv,nv,0.0067602587,0.33306545,escalate,n/a
ISIC_0026159,bkl,bkl,0.00024375643,0.07061065,auto_accept,n/a
ISIC_0027417,nv,nv,2.0890486e-08,1.6389188e-06,auto_accept,n/a
ISIC_0033490,bkl,bkl,0.0057728738,2.8651637e-06,escalate,n/a
ISIC_0032620,nv,nv,0.008070632,0.0005641115,escalate,n/a
ISIC_0025840,nv,nv,2.563148e-07,3.442426e-07,auto_accept,n/a
ISIC_0034191,nv,nv,9.303067e-05,0.0005330439,auto_accept,n/a
ISIC_0029688,nv,nv,6.5151863e-07,2.7409135e-06,auto_accept,n/a
ISIC_0033092,vasc,vasc,2.5384392e-09,0.0028999352,auto_accept,n/a
ISIC_0029443,bkl,bkl,0.00023812302,0.0050046137,auto_accept,n/a
ISIC_0032419,nv,nv,1.4547992e-05,0.0006214316,auto_accept,n/a
ISIC_0030361,nv,nv,1.6569408e-10,1.24582e-10,auto_accept,n/a
ISIC_0025595,nv,nv,3.3326806e-09,2.8757304e-06,auto_accept,n/a
ISIC_0028274,nv,nv,1.5347912e-05,0.0008502108,auto_accept,n/a
ISIC_0031575,nv,nv,1.2954922e-08,8.778431e-09,auto_accept,n/a
ISIC_0025517,nv,nv,0.00013963376,0.009901794,auto_accept,n/a
ISIC_0029815,nv,nv,6.10319e-08,6.7966457e-06,auto_accept,n/a
ISIC_0031717,nv,nv,7.2538796e-07,6.2596195e-07,auto_accept,n/a
ISIC_0028600,nv,nv,4.989371e-05,0.0001637908,auto_accept,n/a
ISIC_0033601,bkl,bkl,1.194823e-10,1.4845425e-06,auto_accept,n/a
ISIC_0029442,nv,nv,9.7319756e-08,7.649942e-07,auto_accept,n/a
ISIC_0029003,bkl,akiec,0.0046738177,0.72628295,escalate,n/a
ISIC_0031816,nv,nv,9.775835e-08,4.6718596e-06,auto_accept,n/a
ISIC_0031327,nv,nv,8.467078e-11,2.7072291e-08,auto_accept,n/a
ISIC_0028907,nv,nv,7.062208e-11,3.20828e-08,auto_accept,n/a
ISIC_0030053,nv,mel,0.0047062235,0.37237898,escalate,n/a
ISIC_0029607,nv,nv,6.2354325e-06,0.0009695589,auto_accept,n/a
ISIC_0033434,nv,bkl,0.0036833198,0.13404922,escalate,n/a
ISIC_0025812,nv,nv,5.5083165e-05,0.0038207686,auto_accept,n/a
ISIC_0024335,nv,nv,1.9168026e-06,0.0009991255,auto_accept,n/a
ISIC_0026797,nv,nv,9.893263e-09,9.858025e-08,auto_accept,n/a
ISIC_0031115,nv,mel,0.00012762136,0.9580884,auto_accept,n/a
ISIC_0027813,nv,nv,2.3746072e-09,6.28473e-07,auto_accept,n/a
ISIC_0025965,nv,nv,7.833358e-10,3.5723164e-07,auto_accept,n/a
ISIC_0024656,nv,nv,0.000252575,7.389447e-07,auto_accept,n/a
ISIC_0031850,nv,nv,1.3938799e-06,0.00012938792,auto_accept,n/a
ISIC_0029788,nv,nv,1.2805125e-06,0.00018209746,auto_accept,n/a
ISIC_0032675,bkl,bkl,9.899269e-06,0.011573183,auto_accept,n/a
ISIC_0029321,nv,nv,1.0851965e-06,1.40802285e-05,auto_accept,n/a
ISIC_0024763,akiec,akiec,3.8061342e-05,0.997493,auto_accept,n/a
ISIC_0025715,nv,nv,9.955196e-07,0.000110804154,auto_accept,n/a
ISIC_0034182,nv,mel,0.004938712,0.7260933,escalate,n/a
ISIC_0025896,nv,nv,1.660005e-08,2.7675264e-07,auto_accept,n/a
ISIC_0032999,nv,nv,1.6041488e-08,9.678839e-06,auto_accept,n/a
ISIC_0033807,mel,mel,8.776717e-06,0.99285203,auto_accept,n/a
ISIC_0028857,nv,nv,2.9554158e-07,0.00010227255,auto_accept,n/a
ISIC_0033177,nv,nv,7.1055656e-05,0.015114266,auto_accept,n/a
ISIC_0034109,nv,nv,5.500121e-06,0.00052594097,auto_accept,n/a
ISIC_0025428,nv,nv,0.0018723563,0.07660158,auto_accept,n/a
ISIC_0032859,nv,nv,0.003680958,0.022629235,escalate,n/a
ISIC_0028134,nv,nv,8.938959e-08,9.858579e-06,auto_accept,n/a
ISIC_0024648,nv,nv,9.730718e-09,7.3146566e-07,auto_accept,n/a
ISIC_0032606,nv,nv,1.1805713e-06,0.00018920457,auto_accept,n/a
ISIC_0025508,nv,nv,1.8091233e-08,2.7555511e-06,auto_accept,n/a
ISIC_0028897,mel,mel,6.5212004e-07,0.998629,auto_accept,n/a
ISIC_0033080,nv,nv,3.8241393e-07,9.450197e-06,auto_accept,n/a
ISIC_0024485,nv,nv,0.000304079,4.468349e-06,auto_accept,n/a
ISIC_0027099,nv,mel,0.0009896425,0.8762987,auto_accept,n/a
ISIC_0029213,bkl,bkl,0.005682099,0.13179864,escalate,n/a
ISIC_0027508,nv,nv,2.8397145e-07,3.0478867e-07,auto_accept,n/a
ISIC_0030186,nv,nv,4.5367944e-08,7.3055144e-06,auto_accept,n/a
ISIC_0025055,nv,nv,9.435508e-09,1.1505234e-05,auto_accept,n/a
ISIC_0031148,nv,nv,0.00034755908,0.031557914,auto_accept,n/a
ISIC_0024956,nv,nv,4.1125506e-07,7.329328e-07,auto_accept,n/a
ISIC_0030136,nv,nv,1.4617564e-08,5.677571e-06,auto_accept,n/a
ISIC_0028993,nv,bkl,0.003403306,0.029900784,auto_accept,n/a
ISIC_0026000,nv,nv,3.1741158e-06,2.702115e-05,auto_accept,n/a
ISIC_0028563,nv,nv,2.8073694e-07,2.309504e-06,auto_accept,n/a
ISIC_0029235,bkl,bkl,2.1985925e-06,0.014323735,auto_accept,n/a
ISIC_0033998,nv,nv,0.00049120875,0.0024168626,auto_accept,n/a
ISIC_0029407,nv,nv,2.0936133e-09,2.4801113e-06,auto_accept,n/a
ISIC_0029071,nv,nv,5.247171e-06,0.00011307921,auto_accept,n/a
ISIC_0032261,nv,nv,6.872907e-09,1.6216209e-06,auto_accept,n/a
ISIC_0032352,nv,nv,0.0089440895,0.19422336,escalate,n/a
ISIC_0031376,bkl,bkl,4.1438824e-07,0.00015989151,auto_accept,n/a
ISIC_0033427,nv,nv,5.5004494e-09,2.150167e-06,auto_accept,n/a
ISIC_0029495,mel,nv,0.0022730094,0.13672958,auto_accept,n/a
ISIC_0026590,bkl,bkl,6.723969e-05,0.040150244,auto_accept,n/a
ISIC_0029138,nv,nv,0.000121750745,0.0009915256,auto_accept,n/a
ISIC_0026739,nv,nv,0.0001867488,0.0011764903,auto_accept,n/a
ISIC_0028699,nv,nv,5.8466962e-06,5.3859267e-06,auto_accept,n/a
ISIC_0030827,akiec,bkl,0.0026643446,0.25443783,auto_accept,n/a
ISIC_0030180,nv,nv,0.0029540018,0.3690079,auto_accept,n/a
ISIC_0032487,nv,nv,2.5450474e-08,1.9161344e-05,auto_accept,n/a
ISIC_0026903,nv,nv,7.991683e-09,5.4981633e-08,auto_accept,n/a
ISIC_0031497,nv,nv,7.2991937e-09,2.0512264e-06,auto_accept,n/a
ISIC_0032696,bcc,bcc,1.3566445e-06,0.9984067,auto_accept,n/a
ISIC_0030069,nv,nv,0.00014042135,0.00727983,auto_accept,n/a
ISIC_0028189,nv,nv,8.0649914e-07,2.7860584e-05,auto_accept,n/a
ISIC_0024391,nv,nv,0.0038702562,0.11872238,escalate,n/a
ISIC_0033267,mel,mel,0.0004193969,0.91964763,auto_accept,n/a
ISIC_0030665,df,df,2.85227e-07,7.040322e-05,auto_accept,n/a
ISIC_0026815,nv,bcc,0.0024012714,0.78514934,auto_accept,n/a
ISIC_0032085,nv,nv,2.4152909e-09,5.182044e-07,auto_accept,n/a
ISIC_0034103,bkl,bkl,3.4228822e-05,0.031061595,auto_accept,n/a
ISIC_0026261,nv,nv,1.4269832e-06,5.0340743e-05,auto_accept,n/a
ISIC_0024937,nv,nv,0.00017725941,0.0023475338,auto_accept,n/a
ISIC_0026379,nv,nv,1.2862307e-07,3.9737606e-07,auto_accept,n/a
ISIC_0028008,nv,nv,5.8322992e-05,0.008848869,auto_accept,n/a
ISIC_0033132,nv,nv,0.0074789687,0.3481131,escalate,n/a
ISIC_0031879,nv,nv,9.007772e-08,2.7210622e-06,auto_accept,n/a
ISIC_0026495,nv,nv,8.826864e-08,2.4687254e-06,auto_accept,n/a
ISIC_0030295,nv,nv,1.035034e-07,4.9046084e-06,auto_accept,n/a
ISIC_0030706,bkl,nv,0.0020189213,0.0440384,auto_accept,n/a
ISIC_0031311,nv,nv,2.985702e-06,0.00021904445,auto_accept,n/a
ISIC_0024527,nv,nv,1.5557115e-08,1.675359e-06,auto_accept,n/a
ISIC_0031534,nv,nv,0.001062102,0.019056147,auto_accept,n/a
ISIC_0031067,nv,nv,4.2140226e-05,6.121189e-05,auto_accept,n/a
ISIC_0024800,akiec,bkl,2.0241061e-05,0.00046394893,auto_accept,n/a
ISIC_0029954,nv,nv,1.9144833e-08,3.8914745e-06,auto_accept,n/a
ISIC_0034008,nv,nv,8.970504e-06,0.0023592701,auto_accept,n/a
ISIC_0029051,bkl,bkl,0.010369806,5.0888884e-06,escalate,n/a
ISIC_0033540,nv,df,0.0015372859,0.0003568114,auto_accept,n/a
ISIC_0026019,nv,nv,4.301788e-09,3.6302659e-09,auto_accept,n/a
ISIC_0033478,nv,mel,0.00019674082,0.89081585,auto_accept,n/a
ISIC_0026197,nv,nv,3.4851418e-08,6.4948375e-07,auto_accept,n/a
ISIC_0024406,nv,nv,9.929475e-07,0.0009589444,auto_accept,n/a
ISIC_0031222,nv,nv,1.9330462e-05,0.0036828634,auto_accept,n/a
ISIC_0026353,nv,nv,1.9587595e-05,0.00066879735,auto_accept,n/a
ISIC_0033655,mel,mel,4.36147e-06,0.9981008,auto_accept,n/a
ISIC_0025525,nv,nv,9.803606e-05,0.011538522,auto_accept,n/a
ISIC_0029122,nv,nv,3.3825287e-09,3.9784402e-07,auto_accept,n/a
ISIC_0024554,mel,bkl,0.002571126,0.6812659,auto_accept,n/a
ISIC_0030588,nv,nv,8.337761e-05,0.0076384754,auto_accept,n/a
ISIC_0033664,nv,nv,1.5078105e-06,0.00022077533,auto_accept,n/a
ISIC_0029368,nv,nv,0.00025239558,0.02465163,auto_accept,n/a
ISIC_0028656,bkl,bkl,0.004291364,0.0045880233,escalate,n/a
ISIC_0032695,mel,mel,7.243092e-10,0.99999726,auto_accept,n/a
ISIC_0031010,nv,nv,3.188685e-08,1.3456591e-06,auto_accept,n/a
ISIC_0028780,nv,nv,2.6463892e-06,0.00030927904,auto_accept,n/a
ISIC_0025141,nv,nv,0.0041757734,0.07555861,escalate,n/a
ISIC_0025803,akiec,bkl,1.0378423e-05,0.021740407,auto_accept,n/a
ISIC_0026469,nv,nv,1.3570833e-07,5.02316e-07,auto_accept,n/a
ISIC_0028219,mel,nv,0.0020877046,0.089957796,auto_accept,n/a
ISIC_0024651,nv,nv,5.9706977e-06,0.00089325494,auto_accept,n/a
ISIC_0026670,nv,nv,0.0022733586,0.14387886,auto_accept,n/a
ISIC_0029161,bkl,bkl,0.00049724185,7.429612e-05,auto_accept,n/a
ISIC_0026639,nv,nv,5.249068e-08,2.7058022e-05,auto_accept,n/a
ISIC_0032950,nv,bkl,0.003531074,0.20544344,escalate,n/a
ISIC_0026616,nv,nv,1.09473596e-07,4.3748837e-06,auto_accept,n/a
ISIC_0026838,nv,nv,6.812629e-08,1.2139931e-05,auto_accept,n/a
ISIC_0029911,nv,nv,4.7467825e-06,1.7812987e-05,auto_accept,n/a
ISIC_0031125,bkl,bkl,0.00010488717,0.0015686577,auto_accept,n/a
ISIC_0026341,nv,nv,0.00047253486,0.010627905,auto_accept,n/a
ISIC_0034198,nv,nv,3.3357526e-05,0.0065992526,auto_accept,n/a
ISIC_0026549,akiec,bcc,0.003144558,0.77173656,auto_accept,n/a
ISIC_0026422,bkl,bkl,4.494995e-06,0.000121596146,auto_accept,n/a
ISIC_0031985,nv,nv,1.6812475e-05,0.00043726584,auto_accept,n/a
ISIC_0028181,nv,nv,1.5784371e-08,2.2724798e-06,auto_accept,n/a
ISIC_0028743,nv,nv,1.0821562e-06,1.0567982e-05,auto_accept,n/a
ISIC_0025977,nv,nv,5.9179517e-10,3.8587689e-10,auto_accept,n/a
ISIC_0026516,mel,mel,0.0017628117,0.7630276,auto_accept,n/a
ISIC_0028819,nv,nv,1.2050974e-05,0.00023177081,auto_accept,n/a
ISIC_0029153,nv,nv,2.1135885e-07,4.719115e-06,auto_accept,n/a
ISIC_0030407,nv,nv,1.7269609e-07,4.1808107e-05,auto_accept,n/a
ISIC_0031700,nv,bkl,0.0043851472,0.031785592,escalate,n/a
ISIC_0024493,nv,nv,0.00041635163,0.00018129496,auto_accept,n/a
ISIC_0028381,akiec,df,1.5026189e-06,0.01565045,auto_accept,n/a
ISIC_0034239,mel,mel,5.4398174e-07,0.9987827,auto_accept,n/a
ISIC_0030684,nv,nv,3.3672885e-07,7.61692e-07,auto_accept,n/a
ISIC_0025571,nv,nv,0.00331149,0.18650037,auto_accept,n/a
ISIC_0028589,nv,nv,0.003956259,0.5114033,escalate,n/a
ISIC_0033641,nv,nv,0.00041496992,0.011546961,auto_accept,n/a
ISIC_0029157,mel,mel,0.00031282706,0.9655034,auto_accept,n/a
ISIC_0025235,mel,nv,0.00093583093,0.0029188346,auto_accept,n/a
ISIC_0033828,bkl,bkl,0.0012509405,0.027038125,auto_accept,n/a
ISIC_0033011,nv,nv,1.2221397e-05,0.0004573968,auto_accept,n/a
ISIC_0028515,nv,nv,2.5795341e-09,1.6782401e-08,auto_accept,n/a
ISIC_0026829,bcc,bcc,0.0034661735,0.53839755,auto_accept,n/a
ISIC_0030945,nv,akiec,0.0014153931,0.70404506,auto_accept,n/a
ISIC_0026633,nv,nv,0.00051352015,0.0006071572,auto_accept,n/a
ISIC_0029633,nv,bkl,0.0027285719,0.0020002164,auto_accept,n/a
ISIC_0033560,mel,mel,0.0005033535,0.965688,auto_accept,n/a
ISIC_0028996,nv,nv,8.264918e-07,6.7431492e-06,auto_accept,n/a
ISIC_0025188,mel,mel,0.002460196,0.764772,auto_accept,n/a
ISIC_0034206,nv,nv,0.0001427018,0.0068173357,auto_accept,n/a
ISIC_0032339,nv,nv,9.891336e-07,5.2115865e-05,auto_accept,n/a
ISIC_0026027,nv,nv,9.048335e-06,0.0003235543,auto_accept,n/a
ISIC_0031214,nv,nv,4.729094e-11,6.4874435e-09,auto_accept,n/a
ISIC_0027633,nv,nv,0.000113875336,0.0009828607,auto_accept,n/a
ISIC_0028940,nv,nv,1.621038e-07,9.303723e-07,auto_accept,n/a
ISIC_0030277,mel,bkl,0.00027585626,0.29131505,auto_accept,n/a
ISIC_0027006,bkl,bkl,2.711252e-07,0.0001546231,auto_accept,n/a
ISIC_0033652,nv,nv,1.5340534e-05,0.0012726028,auto_accept,n/a
ISIC_0031058,nv,nv,1.0949802e-05,0.0009753179,auto_accept,n/a
ISIC_0026795,nv,nv,6.734047e-05,0.00040958115,auto_accept,n/a
ISIC_0032161,nv,nv,0.00021607186,7.234818e-07,auto_accept,n/a
ISIC_0029191,nv,nv,8.4220665e-05,0.00017155013,auto_accept,n/a
ISIC_0025334,nv,nv,1.1843938e-10,1.4773647e-07,auto_accept,n/a
ISIC_0026574,bcc,bcc,0.0010319991,0.9978555,auto_accept,n/a
ISIC_0027193,nv,nv,3.602914e-09,2.2519272e-08,auto_accept,n/a
ISIC_0026676,nv,nv,0.0004342114,0.06337209,auto_accept,n/a
ISIC_0025593,nv,nv,8.199412e-06,3.5588975e-08,auto_accept,n/a
ISIC_0032834,bcc,bcc,2.6417276e-06,0.99617213,auto_accept,n/a
ISIC_0025102,bcc,bcc,9.352938e-10,0.999876,auto_accept,n/a
ISIC_0026589,nv,nv,0.00020993767,3.7442803e-06,auto_accept,n/a
ISIC_0027384,nv,nv,8.6293845e-08,1.4974509e-05,auto_accept,n/a
ISIC_0029116,nv,nv,4.2436913e-08,2.7909987e-06,auto_accept,n/a
ISIC_0024951,mel,mel,3.6658344e-05,0.9851187,auto_accept,n/a
ISIC_0032547,mel,mel,1.2911691e-07,0.9997335,auto_accept,n/a
ISIC_0034247,nv,nv,0.00040634043,0.010379201,auto_accept,n/a
ISIC_0029782,nv,nv,4.2921235e-07,1.43986845e-05,auto_accept,n/a
ISIC_0027153,nv,nv,6.609569e-08,3.363321e-05,auto_accept,n/a
ISIC_0028019,nv,nv,4.336908e-09,1.01260405e-08,auto_accept,n/a
ISIC_0025100,nv,nv,5.0438757e-06,0.0001318046,auto_accept,n/a
ISIC_0025447,nv,nv,0.00023107287,0.020323727,auto_accept,n/a
ISIC_0032080,nv,nv,1.8386417e-07,2.7352335e-05,auto_accept,n/a
ISIC_0026168,nv,nv,5.115583e-06,1.6508802e-05,auto_accept,n/a
ISIC_0025506,nv,nv,0.0028182154,0.029335128,auto_accept,n/a
ISIC_0032506,nv,nv,6.836654e-08,9.091306e-07,auto_accept,n/a
ISIC_0025769,nv,nv,8.0048085e-06,0.011473734,auto_accept,n/a
ISIC_0027227,nv,nv,5.774557e-09,3.1234329e-06,auto_accept,n/a
ISIC_0028483,nv,nv,5.741593e-05,3.119227e-05,auto_accept,n/a
ISIC_0032514,bkl,bkl,0.0041924203,0.6319292,escalate,n/a
ISIC_0027719,akiec,akiec,0.00010022009,0.9813613,auto_accept,n/a
ISIC_0028537,mel,mel,0.0061155134,0.6784206,escalate,n/a
ISIC_0029347,nv,nv,1.0334152e-08,2.4798915e-06,auto_accept,n/a
ISIC_0024617,nv,nv,2.4415027e-05,0.0008162347,auto_accept,n/a
ISIC_0024976,nv,nv,2.9773887e-06,4.988159e-07,auto_accept,n/a
ISIC_0028049,nv,nv,5.8702065e-10,4.5239426e-07,auto_accept,n/a
ISIC_0032865,nv,nv,7.074855e-05,0.0075145457,auto_accept,n/a
ISIC_0031867,nv,nv,0.004002246,0.20103829,escalate,n/a
ISIC_0032006,bkl,bkl,1.14625145e-05,0.022690164,auto_accept,n/a
ISIC_0028298,nv,nv,4.9390945e-07,1.681085e-05,auto_accept,n/a
ISIC_0033927,nv,nv,6.0979205e-06,7.3117844e-05,auto_accept,n/a
ISIC_0024405,nv,nv,9.916405e-07,6.5228895e-05,auto_accept,n/a
ISIC_0031156,nv,nv,7.49563e-11,1.5307685e-07,auto_accept,n/a
ISIC_0032362,nv,nv,0.0030986066,0.0117343115,auto_accept,n/a
ISIC_0027879,nv,nv,5.094014e-08,1.8609602e-06,auto_accept,n/a
ISIC_0026834,nv,nv,5.1885294e-05,0.0021010642,auto_accept,n/a
ISIC_0029243,bkl,bkl,1.2213145e-07,0.0015136676,auto_accept,n/a
ISIC_0029967,df,df,1.2773918e-06,0.013926148,auto_accept,n/a
ISIC_0030421,nv,nv,1.0906086e-07,3.316037e-07,auto_accept,n/a
ISIC_0030461,nv,nv,6.773705e-05,6.995295e-08,auto_accept,n/a
ISIC_0028028,nv,nv,5.809864e-07,1.1607657e-06,auto_accept,n/a
ISIC_0026551,nv,nv,0.0010552297,0.08512515,auto_accept,n/a
ISIC_0034020,nv,nv,7.3479474e-05,0.015843354,auto_accept,n/a
ISIC_0026999,nv,nv,9.1951813e-10,2.867994e-07,auto_accept,n/a
ISIC_0031033,nv,nv,2.7478786e-06,0.00014806377,auto_accept,n/a
ISIC_0027011,nv,nv,7.006124e-08,1.9455126e-07,auto_accept,n/a
ISIC_0028597,nv,nv,2.6548028e-05,0.0018988539,auto_accept,n/a
ISIC_0028012,nv,nv,1.0241786e-08,2.0726445e-06,auto_accept,n/a
ISIC_0029289,bkl,nv,0.0011288198,0.016923575,auto_accept,n/a
ISIC_0026864,nv,nv,3.6455676e-09,1.5564756e-06,auto_accept,n/a
ISIC_0026095,nv,nv,2.0148293e-06,9.521317e-06,auto_accept,n/a
ISIC_0028604,nv,nv,7.1161914e-08,1.9078261e-06,auto_accept,n/a
ISIC_0029936,nv,nv,0.00021334864,0.011846438,auto_accept,n/a
ISIC_0029167,nv,nv,3.1279082e-08,5.4035786e-06,auto_accept,n/a
ISIC_0031656,nv,nv,3.324738e-08,2.3382877e-06,auto_accept,n/a
ISIC_0031419,nv,nv,1.0180767e-06,4.3178142e-07,auto_accept,n/a
ISIC_0026988,bcc,bcc,3.7802758e-07,0.99968636,auto_accept,n/a
ISIC_0030386,nv,nv,1.8521521e-06,0.00030625417,auto_accept,n/a
ISIC_0024340,nv,nv,9.451314e-05,8.982821e-08,auto_accept,n/a
ISIC_0025280,nv,nv,2.2569988e-05,9.820256e-06,auto_accept,n/a
ISIC_0032380,nv,nv,0.00020046423,0.006593456,auto_accept,n/a
ISIC_0027240,nv,nv,0.00078727084,0.08201641,auto_accept,n/a
ISIC_0024710,akiec,bcc,0.004660309,0.9980574,escalate,n/a
ISIC_0033810,df,df,8.752403e-07,0.003870687,auto_accept,n/a
ISIC_0031639,bkl,bkl,0.00033549793,0.006386901,auto_accept,n/a
ISIC_0027132,nv,nv,5.5179177e-09,1.9042288e-08,auto_accept,n/a
ISIC_0027998,bcc,bcc,3.0018108e-09,0.999985,auto_accept,n/a
ISIC_0028339,nv,nv,6.788585e-08,1.0779854e-06,auto_accept,n/a
ISIC_0033628,nv,nv,1.1159056e-05,0.0020107105,auto_accept,n/a
ISIC_0030118,bkl,bkl,0.00011119009,3.5924113e-05,auto_accept,n/a
ISIC_0026559,nv,nv,0.0052153603,0.009226987,escalate,n/a
ISIC_0030301,nv,nv,5.9404387e-10,2.6702515e-10,auto_accept,n/a
ISIC_0026434,nv,nv,5.1704742e-08,8.644082e-07,auto_accept,n/a
ISIC_0031150,bkl,bkl,1.1413275e-05,0.03457264,auto_accept,n/a
ISIC_0029706,nv,nv,6.5698686e-07,9.408025e-07,auto_accept,n/a
ISIC_0032059,nv,nv,3.0749834e-09,4.580172e-05,auto_accept,n/a
ISIC_0032273,nv,nv,2.9986407e-07,8.8330853e-07,auto_accept,n/a
ISIC_0028102,nv,nv,6.338159e-08,3.862503e-05,auto_accept,n/a
ISIC_0024325,nv,nv,4.4249497e-09,7.449649e-08,auto_accept,n/a
ISIC_0024876,nv,nv,0.0050232657,0.304938,escalate,n/a
ISIC_0026175,nv,nv,3.6959113e-06,2.5373558e-05,auto_accept,n/a
ISIC_0024452,bcc,bcc,2.9537883e-08,0.99845815,auto_accept,n/a
ISIC_0030455,nv,nv,1.27153035e-05,0.006554958,auto_accept,n/a
ISIC_0024750,nv,nv,1.7961166e-06,2.0205585e-05,auto_accept,n/a
ISIC_0032434,nv,nv,2.9356576e-07,1.3870323e-05,auto_accept,n/a
ISIC_0029083,bcc,bcc,9.343411e-05,0.9959876,auto_accept,n/a
ISIC_0027689,nv,nv,6.0452167e-05,0.0028545328,auto_accept,n/a
ISIC_0028086,mel,mel,0.00042560016,0.97255313,auto_accept,n/a
ISIC_0026005,nv,nv,2.4824873e-09,2.061945e-06,auto_accept,n/a
ISIC_0025648,nv,nv,1.7453605e-07,2.932149e-05,auto_accept,n/a
ISIC_0025784,nv,nv,0.0042567537,0.09360313,escalate,n/a
ISIC_0027809,nv,nv,5.483654e-07,2.736562e-06,auto_accept,n/a
ISIC_0025187,nv,nv,0.000630106,0.018631328,auto_accept,n/a
ISIC_0027313,nv,nv,3.7854156e-07,0.00014541596,auto_accept,n/a
ISIC_0033900,bkl,bkl,0.00010765162,0.061334517,auto_accept,n/a
ISIC_0027453,nv,nv,0.0024195171,0.110092364,auto_accept,n/a
ISIC_0031200,bkl,bkl,0.00010725419,0.07726975,auto_accept,n/a
ISIC_0031402,nv,nv,2.0763211e-07,4.87012e-05,auto_accept,n/a
ISIC_0033845,nv,nv,0.00018540253,0.001182659,auto_accept,n/a
ISIC_0026678,nv,nv,1.32242e-06,8.1473394e-05,auto_accept,n/a
ISIC_0030637,nv,nv,9.486586e-05,0.0015580152,auto_accept,n/a
ISIC_0030927,nv,nv,1.4231898e-08,3.7311202e-06,auto_accept,n/a
ISIC_0026053,nv,mel,0.0020681976,0.7528401,auto_accept,n/a
ISIC_0032489,nv,nv,0.0005101996,0.030538088,auto_accept,n/a
ISIC_0026335,bkl,bkl,3.1927616e-06,8.3249426e-05,auto_accept,n/a
ISIC_0024558,nv,nv,6.8415393e-09,7.3989788e-09,auto_accept,n/a
ISIC_0029690,nv,nv,1.9774927e-06,6.7105602e-06,auto_accept,n/a
ISIC_0033915,nv,nv,0.0012536433,0.03326405,auto_accept,n/a
ISIC_0030340,nv,nv,0.0009991938,0.048112024,auto_accept,n/a
ISIC_0031529,mel,nv,0.00093404885,0.037801396,auto_accept,n/a
ISIC_0029237,nv,nv,1.9473747e-08,1.7658839e-07,auto_accept,n/a
ISIC_0026370,nv,nv,6.4565133e-06,0.00012901204,auto_accept,n/a
ISIC_0030131,nv,nv,1.1548279e-06,0.0004007444,auto_accept,n/a
ISIC_0031986,bcc,bcc,5.9184686e-07,0.9993957,auto_accept,n/a
ISIC_0034228,nv,nv,2.4292918e-05,3.2209013e-05,auto_accept,n/a
ISIC_0026442,bcc,bcc,7.491609e-08,0.9995839,auto_accept,n/a
ISIC_0029449,nv,nv,1.0443771e-06,1.366683e-07,auto_accept,n/a
ISIC_0027732,nv,nv,2.439912e-08,4.1277257e-05,auto_accept,n/a
ISIC_0032166,nv,nv,1.7761266e-05,0.0037332133,auto_accept,n/a
ISIC_0024357,nv,nv,0.002176155,0.004090332,auto_accept,n/a
ISIC_0031250,nv,nv,1.4111383e-08,7.1003583e-06,auto_accept,n/a
ISIC_0025721,nv,nv,1.7521857e-07,8.907986e-06,auto_accept,n/a
ISIC_0029125,nv,nv,6.206152e-07,1.6989748e-05,auto_accept,n/a
ISIC_0027886,nv,nv,6.716947e-08,2.4596543e-06,auto_accept,n/a
ISIC_0030650,nv,nv,6.571772e-07,0.00011328115,auto_accept,n/a
ISIC_0025215,nv,nv,5.74853e-07,5.887422e-05,auto_accept,n/a
ISIC_0029244,nv,nv,4.8065584e-07,2.050556e-05,auto_accept,n/a
ISIC_0027585,nv,nv,2.4735904e-05,7.992381e-05,auto_accept,n/a
ISIC_0030081,bkl,bcc,0.0013557303,0.98898965,auto_accept,n/a
ISIC_0024414,nv,nv,1.6636492e-05,9.158435e-07,auto_accept,n/a
ISIC_0028594,nv,nv,4.9074843e-06,1.5679318e-05,auto_accept,n/a
ISIC_0026649,nv,nv,0.0015915491,0.00012413312,auto_accept,n/a
ISIC_0025931,nv,nv,4.917455e-05,0.0021708163,auto_accept,n/a
ISIC_0027021,mel,akiec,0.0043782857,0.9794374,escalate,n/a
ISIC_0026861,bkl,akiec,0.005309469,0.8351977,escalate,n/a
ISIC_0028196,nv,nv,4.3651636e-07,0.00015910946,auto_accept,n/a
ISIC_0028950,nv,nv,7.912118e-10,2.6227764e-07,auto_accept,n/a
ISIC_0032802,nv,nv,4.6878675e-05,0.011562497,auto_accept,n/a
ISIC_0028348,nv,nv,2.1138604e-07,6.3965736e-06,auto_accept,n/a
ISIC_0029190,nv,nv,0.00023776539,0.005279348,auto_accept,n/a
ISIC_0028282,nv,nv,3.478467e-05,0.0016093241,auto_accept,n/a
ISIC_0026269,nv,nv,5.762715e-08,4.91656e-06,auto_accept,n/a
ISIC_0030191,akiec,mel,0.0037651495,0.9571109,escalate,n/a
ISIC_0026340,nv,bkl,0.004781474,0.5840876,escalate,n/a
ISIC_0024709,bkl,df,0.0007147122,0.011980274,auto_accept,n/a
ISIC_0027992,nv,nv,0.010481217,8.03134e-06,escalate,n/a
ISIC_0030911,nv,nv,0.000118788936,1.7057739e-05,auto_accept,n/a
ISIC_0029595,nv,nv,5.820248e-10,5.330538e-07,auto_accept,n/a
ISIC_0033843,mel,mel,3.4616826e-07,0.9988022,auto_accept,n/a
ISIC_0033778,bkl,bkl,7.284986e-05,0.012561637,auto_accept,n/a
ISIC_0034069,nv,nv,0.0018004515,0.07060319,auto_accept,n/a
ISIC_0030486,mel,mel,0.0012371438,0.8794238,auto_accept,n/a
ISIC_0032005,nv,nv,3.974615e-07,3.478539e-05,auto_accept,n/a
ISIC_0025321,vasc,vasc,0.0008315607,0.0024176398,auto_accept,n/a
ISIC_0033040,nv,nv,7.7393954e-05,3.1970525e-05,auto_accept,n/a
ISIC_0032319,nv,nv,2.7994868e-10,3.0931804e-07,auto_accept,n/a
ISIC_0031287,bkl,bkl,6.6829125e-05,0.011076308,auto_accept,n/a
ISIC_0034168,bkl,bkl,0.0001643602,0.0064761336,auto_accept,n/a
ISIC_0029675,nv,nv,4.5034863e-06,4.3615502e-05,auto_accept,n/a
ISIC_0033878,mel,mel,0.00279952,0.9865311,auto_accept,n/a
ISIC_0033946,mel,mel,2.898305e-09,0.9999492,auto_accept,n/a
ISIC_0033839,nv,nv,1.3043027e-05,0.0013315921,auto_accept,n/a
ISIC_0025258,nv,nv,1.3627056e-05,7.88278e-06,auto_accept,n/a
ISIC_0025658,nv,nv,1.5029086e-07,1.8837314e-05,auto_accept,n/a
ISIC_0025416,nv,nv,1.4044093e-09,4.5330768e-07,auto_accept,n/a
ISIC_0030556,nv,nv,2.1686694e-06,0.00034398536,auto_accept,n/a
ISIC_0029111,nv,nv,0.0005049268,6.2461544e-07,auto_accept,n/a
ISIC_0025205,nv,nv,1.5480713e-07,1.3020389e-07,auto_accept,n/a
ISIC_0032167,nv,nv,5.8480342e-05,0.0035640968,auto_accept,n/a
ISIC_0028443,nv,nv,3.6297803e-09,6.675173e-08,auto_accept,n/a
ISIC_0026458,mel,mel,7.0228845e-07,0.9992938,auto_accept,n/a
ISIC_0031357,nv,nv,1.9311282e-10,4.1290323e-07,auto_accept,n/a
ISIC_0030521,mel,mel,2.2788907e-05,0.9881346,auto_accept,n/a
ISIC_0028068,nv,nv,1.1136084e-06,2.0352481e-06,auto_accept,n/a
ISIC_0026872,akiec,akiec,0.0040184543,0.75859386,escalate,n/a
ISIC_0032356,akiec,akiec,5.5652454e-05,0.9994874,auto_accept,n/a
ISIC_0028141,nv,mel,0.0059793233,0.34951514,escalate,n/a
ISIC_0030228,nv,nv,1.1511888e-08,3.176114e-08,auto_accept,n/a
ISIC_0028943,bkl,bkl,1.5008765e-06,0.008724279,auto_accept,n/a
ISIC_0025912,nv,nv,0.000100243036,0.0015926735,auto_accept,n/a
ISIC_0024751,nv,nv,2.3907266e-06,0.00010925221,auto_accept,n/a
ISIC_0032364,nv,nv,0.0021073383,0.00124142,auto_accept,n/a
ISIC_0024601,nv,nv,1.0023324e-07,7.1134937e-06,auto_accept,n/a
ISIC_0024379,nv,nv,5.9010654e-05,4.2264375e-05,auto_accept,n/a
ISIC_0033407,nv,nv,0.00037452808,0.018097576,auto_accept,n/a
ISIC_0030325,nv,nv,1.9175734e-06,2.6889145e-06,auto_accept,n/a
ISIC_0027304,nv,nv,5.2330333e-06,0.0013506846,auto_accept,n/a
ISIC_0032546,nv,bkl,0.003953845,0.30499297,escalate,n/a
ISIC_0033545,mel,mel,1.122144e-06,0.9983833,auto_accept,n/a
ISIC_0033929,nv,nv,0.00470922,0.2929858,escalate,n/a
ISIC_0029744,mel,mel,4.685222e-06,0.9964484,auto_accept,n/a
ISIC_0027977,nv,nv,0.00012094582,1.5733457e-06,auto_accept,n/a
ISIC_0026477,bkl,nv,0.0004417491,0.022412285,auto_accept,n/a
ISIC_0025662,nv,nv,3.26968e-10,6.3649406e-07,auto_accept,n/a
ISIC_0034217,nv,nv,0.0006787405,0.038895216,auto_accept,n/a
ISIC_0026046,bkl,bkl,2.5567324e-05,0.0007390963,auto_accept,n/a
ISIC_0030577,nv,nv,2.1470761e-07,4.3049917e-05,auto_accept,n/a
ISIC_0026979,nv,nv,0.0003430197,0.110277176,auto_accept,n/a
ISIC_0025761,nv,nv,1.0722306e-08,1.6407141e-06,auto_accept,n/a
ISIC_0024925,akiec,akiec,0.0018839285,0.9429843,auto_accept,n/a
ISIC_0033600,nv,nv,2.6023301e-06,0.00034062253,auto_accept,n/a
ISIC_0028407,nv,nv,2.178542e-08,8.639512e-06,auto_accept,n/a
ISIC_0029281,mel,mel,0.00030336043,0.9506429,auto_accept,n/a
ISIC_0028540,nv,nv,4.3741423e-07,1.8826267e-05,auto_accept,n/a
ISIC_0027075,nv,nv,2.2455235e-06,1.645018e-05,auto_accept,n/a
ISIC_0030878,nv,nv,4.0663176e-07,2.1934991e-05,auto_accept,n/a
ISIC_0026433,bcc,bcc,1.3484839e-05,0.9957295,auto_accept,n/a
ISIC_0034148,nv,nv,0.0043792794,0.016570238,escalate,n/a
ISIC_0030509,nv,nv,2.8224306e-07,2.470487e-06,auto_accept,n/a
ISIC_0033749,vasc,vasc,9.90075e-08,0.0012169221,auto_accept,n/a
ISIC_0025742,nv,nv,0.0073634237,0.003591387,escalate,n/a
ISIC_0026205,bkl,bkl,4.6157797e-06,4.708929e-05,auto_accept,n/a
ISIC_0027511,nv,nv,2.3351803e-09,2.4716743e-07,auto_accept,n/a
ISIC_0025883,bkl,bkl,1.1329766e-06,0.00016317503,auto_accept,n/a
ISIC_0030032,mel,mel,0.005614274,0.61662996,escalate,n/a
ISIC_0033519,nv,mel,0.0028156664,0.64958197,auto_accept,n/a
ISIC_0032011,nv,nv,6.8479075e-08,1.574578e-07,auto_accept,n/a
ISIC_0030608,bkl,bkl,6.837852e-05,0.012984501,auto_accept,n/a
ISIC_0032686,nv,nv,7.942998e-05,0.011218634,auto_accept,n/a
ISIC_0025828,nv,nv,4.6263273e-09,1.130775e-05,auto_accept,n/a
ISIC_0028169,nv,nv,1.2507109e-08,1.1957897e-06,auto_accept,n/a
ISIC_0033792,nv,nv,4.7460868e-05,0.0014893465,auto_accept,n/a
ISIC_0028093,nv,nv,4.448382e-10,1.92394e-07,auto_accept,n/a
ISIC_0034295,nv,nv,0.004367343,0.64591384,escalate,n/a
ISIC_0025231,nv,nv,0.009737653,0.37813807,escalate,n/a
ISIC_0032901,nv,nv,0.0075875265,0.6369888,escalate,n/a
ISIC_0026298,bkl,bkl,0.00041989042,0.24850413,auto_accept,n/a
ISIC_0034131,nv,mel,0.004078933,0.8623703,escalate,n/a
ISIC_0024535,nv,nv,3.4588108e-09,5.8004628e-09,auto_accept,n/a
ISIC_0026774,mel,nv,0.0011170976,0.00072814926,auto_accept,n/a
ISIC_0028392,nv,nv,3.9615153e-10,6.337231e-10,auto_accept,n/a
ISIC_0027696,nv,nv,1.5632668e-07,1.129206e-05,auto_accept,n/a
ISIC_0033111,nv,nv,0.00035759716,0.022066526,auto_accept,n/a
ISIC_0033424,mel,bkl,0.0008784551,0.53220576,auto_accept,n/a
ISIC_0028383,nv,nv,1.2065939e-06,1.4653411e-06,auto_accept,n/a
ISIC_0032330,bkl,bkl,2.15994e-07,3.138473e-05,auto_accept,n/a
ISIC_0025122,nv,nv,6.020796e-10,8.530407e-07,auto_accept,n/a
ISIC_0027025,bkl,bkl,9.722639e-07,0.000398248,auto_accept,n/a
ISIC_0025306,nv,nv,1.85854e-09,4.0581067e-08,auto_accept,n/a
ISIC_0027392,bkl,akiec,0.0024182352,0.90562445,auto_accept,n/a
ISIC_0031089,nv,nv,4.416528e-09,4.2584297e-06,auto_accept,n/a
ISIC_0026859,nv,nv,1.1605396e-07,5.406058e-06,auto_accept,n/a
ISIC_0031420,nv,nv,7.4814824e-07,7.0480615e-05,auto_accept,n/a
ISIC_0025347,nv,nv,5.6563e-11,2.0231686e-10,auto_accept,n/a
ISIC_0031678,nv,mel,0.002599828,0.6612109,auto_accept,n/a
ISIC_0032488,nv,nv,8.376767e-08,6.4841776e-09,auto_accept,n/a
ISIC_0026220,nv,nv,1.3279527e-09,8.661939e-09,auto_accept,n/a
ISIC_0025443,nv,nv,0.0043875924,0.07430736,escalate,n/a
ISIC_0028893,nv,nv,7.278187e-08,1.7591705e-07,auto_accept,n/a
ISIC_0026283,nv,nv,0.0017226497,0.00010579151,auto_accept,n/a
ISIC_0030468,nv,nv,2.512247e-08,5.6544227e-06,auto_accept,n/a
ISIC_0027789,nv,nv,0.0057542818,0.0008115701,escalate,n/a
ISIC_0029698,mel,bcc,0.0022473247,0.9909657,auto_accept,n/a
ISIC_0034243,mel,mel,4.919999e-05,0.9927268,auto_accept,n/a
ISIC_0028646,bkl,bkl,0.0040689604,0.016580096,escalate,n/a
ISIC_0033044,nv,nv,0.00029612254,0.044259205,auto_accept,n/a
ISIC_0032279,nv,nv,1.9431202e-05,0.0010701453,auto_accept,n/a
ISIC_0028449,bkl,bkl,0.00047546942,0.38728324,auto_accept,n/a
ISIC_0024331,bcc,bcc,4.452564e-07,0.9944126,auto_accept,n/a
ISIC_0031389,mel,mel,0.0037687176,0.6342714,escalate,n/a
ISIC_0025810,bkl,bkl,1.243371e-06,0.0023651575,auto_accept,n/a
ISIC_0031673,nv,nv,1.2629519e-09,5.084194e-07,auto_accept,n/a
ISIC_0028168,bcc,bcc,1.4763454e-05,0.97374976,auto_accept,n/a
ISIC_0028974,nv,nv,0.0036382657,0.00072663015,escalate,n/a
ISIC_0033031,vasc,vasc,2.9824328e-08,0.0005088397,auto_accept,n/a
ISIC_0034014,nv,mel,0.0025559163,0.72349554,auto_accept,n/a
ISIC_0029079,nv,nv,8.715591e-05,0.0045783604,auto_accept,n/a
ISIC_0032741,bcc,bcc,1.1361337e-06,0.99891996,auto_accept,n/a
ISIC_0031772,nv,nv,2.7923444e-09,1.2665636e-07,auto_accept,n/a
ISIC_0026127,nv,nv,0.00077688665,2.8640107e-08,auto_accept,n/a
ISIC_0030559,nv,nv,2.8192565e-06,0.00017546563,auto_accept,n/a
ISIC_0030679,nv,nv,3.3998679e-06,7.2115394e-09,auto_accept,n/a
ISIC_0029703,nv,nv,3.1906282e-07,0.00017909403,auto_accept,n/a
ISIC_0030851,nv,nv,2.0322053e-05,0.0019028607,auto_accept,n/a
ISIC_0032334,nv,mel,0.0036957674,0.4901165,escalate,n/a
ISIC_0027854,nv,nv,2.289763e-07,4.952238e-06,auto_accept,n/a
ISIC_0029335,nv,nv,5.1901243e-05,0.00023688286,auto_accept,n/a
ISIC_0028246,nv,nv,6.654888e-08,1.6303354e-06,auto_accept,n/a
ISIC_0027176,nv,nv,6.9582393e-09,6.6325055e-07,auto_accept,n/a
ISIC_0025518,nv,mel,0.009080236,0.52996004,escalate,n/a
ISIC_0031933,nv,nv,0.0030384357,0.13751651,auto_accept,n/a
ISIC_0031762,bcc,bcc,3.906705e-06,0.99280375,auto_accept,n/a
ISIC_0026720,akiec,akiec,4.5199995e-06,0.99954945,auto_accept,n/a
ISIC_0029866,nv,nv,2.1139083e-08,1.3366472e-06,auto_accept,n/a
ISIC_0033098,nv,nv,6.207951e-05,0.0008034077,auto_accept,n/a
ISIC_0029198,nv,nv,6.042776e-08,7.871878e-07,auto_accept,n/a
ISIC_0025090,nv,nv,0.00027959066,0.00054863765,auto_accept,n/a
ISIC_0026565,nv,nv,3.3129454e-06,0.00030373374,auto_accept,n/a
ISIC_0030970,mel,mel,8.581191e-08,0.9999101,auto_accept,n/a
ISIC_0030488,bkl,bkl,0.00011483343,0.0034075512,auto_accept,n/a
ISIC_0028513,nv,nv,4.6475816e-07,1.8645522e-05,auto_accept,n/a
ISIC_0030068,nv,nv,1.6895275e-06,2.0385796e-06,auto_accept,n/a
ISIC_0027467,nv,nv,3.2009692e-07,0.000106386855,auto_accept,n/a
ISIC_0025794,nv,nv,1.2894425e-07,1.1056412e-06,auto_accept,n/a
ISIC_0033707,nv,nv,9.102537e-05,0.011790892,auto_accept,n/a
ISIC_0030909,nv,nv,7.599004e-06,0.0031684812,auto_accept,n/a
ISIC_0025047,nv,nv,2.4636307e-07,0.00012822967,auto_accept,n/a
ISIC_0028891,nv,bkl,0.0044576875,0.0005746734,escalate,n/a
ISIC_0024334,nv,nv,9.086876e-10,1.1898143e-06,auto_accept,n/a
ISIC_0027843,nv,nv,0.0004727454,0.00056047644,auto_accept,n/a
ISIC_0031086,nv,nv,1.8292136e-08,5.2675437e-06,auto_accept,n/a
ISIC_0034237,nv,mel,8.453814e-05,0.96989393,auto_accept,n/a
ISIC_0028722,nv,nv,7.805782e-07,0.000103969556,auto_accept,n/a
ISIC_0025230,nv,nv,1.7900915e-06,1.7631154e-06,auto_accept,n/a
ISIC_0031584,bkl,bkl,0.00027662254,0.0035233882,auto_accept,n/a
ISIC_0026279,nv,nv,2.1780235e-07,0.00026218657,auto_accept,n/a
ISIC_0027259,nv,nv,3.1096913e-06,0.00016062788,auto_accept,n/a
ISIC_0024531,nv,nv,4.9368143e-10,3.7959182e-09,auto_accept,n/a
ISIC_0025460,nv,nv,1.1262186e-08,2.1234705e-07,auto_accept,n/a
ISIC_0026573,nv,mel,0.0006930319,0.8622983,auto_accept,n/a
ISIC_0033127,bkl,bkl,1.07135065e-07,0.0016451605,auto_accept,n/a
ISIC_0032582,nv,bkl,0.000844125,0.00032207367,auto_accept,n/a
ISIC_0028441,nv,mel,0.0010776201,0.8235638,auto_accept,n/a
ISIC_0032087,nv,nv,8.316336e-09,1.6983732e-07,auto_accept,n/a
ISIC_0028618,nv,nv,0.00051872776,0.019629054,auto_accept,n/a
ISIC_0029621,nv,nv,2.945721e-07,0.00031711312,auto_accept,n/a
ISIC_0026745,mel,mel,2.1827277e-07,0.99968374,auto_accept,n/a
ISIC_0030449,nv,nv,1.2521202e-05,1.9444866e-05,auto_accept,n/a
ISIC_0027545,bcc,bcc,0.010692881,0.1936892,escalate,n/a
ISIC_0027808,nv,nv,2.0810755e-06,6.524974e-05,auto_accept,n/a
ISIC_0033803,nv,vasc,0.0014811011,0.15591545,auto_accept,n/a
ISIC_0031491,nv,nv,0.0008851637,0.0026054694,auto_accept,n/a
ISIC_0031966,nv,nv,1.3804521e-05,6.88906e-05,auto_accept,n/a
ISIC_0030001,nv,nv,6.835604e-08,9.976261e-06,auto_accept,n/a
ISIC_0033426,mel,mel,2.0837216e-07,0.99828726,auto_accept,n/a
ISIC_0031448,nv,nv,1.417112e-05,0.000631128,auto_accept,n/a
ISIC_0034263,mel,mel,0.0068261544,0.9546003,escalate,n/a
ISIC_0030881,nv,nv,3.2281906e-09,1.5444041e-07,auto_accept,n/a
ISIC_0026689,nv,nv,2.7088957e-08,6.5203193e-07,auto_accept,n/a
ISIC_0030490,nv,nv,4.2501446e-07,7.561577e-06,auto_accept,n/a
ISIC_0028290,nv,nv,2.732514e-07,0.00017860971,auto_accept,n/a
ISIC_0030489,nv,nv,2.2997044e-07,6.269274e-05,auto_accept,n/a
ISIC_0032739,nv,mel,0.0003881913,0.95370704,auto_accept,n/a
ISIC_0025242,nv,nv,1.8829813e-07,6.984761e-06,auto_accept,n/a
ISIC_0029680,bcc,bcc,4.8854354e-06,0.99695945,auto_accept,n/a
ISIC_0033719,nv,nv,9.381717e-06,0.0013186899,auto_accept,n/a
ISIC_0030347,nv,nv,3.376119e-06,6.4669985e-05,auto_accept,n/a
ISIC_0033279,mel,mel,0.00016223332,0.9527062,auto_accept,n/a
ISIC_0029489,bcc,bcc,0.00014410655,0.9980533,auto_accept,n/a
ISIC_0025035,mel,nv,0.0018960584,0.31634486,auto_accept,n/a
ISIC_0030562,nv,nv,4.7213945e-08,3.6982733e-06,auto_accept,n/a
ISIC_0025732,mel,bkl,0.0047073336,0.6942039,escalate,n/a
ISIC_0034210,nv,nv,0.0032366968,0.07025861,auto_accept,n/a
ISIC_0027844,nv,nv,6.403404e-11,8.017863e-09,auto_accept,n/a
ISIC_0032206,akiec,mel,0.002265894,0.89003617,auto_accept,n/a
ISIC_0028046,nv,nv,7.9472596e-07,1.970975e-06,auto_accept,n/a
ISIC_0030205,nv,nv,5.538593e-05,0.0008056203,auto_accept,n/a
ISIC_0029765,nv,nv,1.6769351e-06,8.8965935e-06,auto_accept,n/a
ISIC_0027870,nv,nv,3.5663717e-05,5.4007476e-05,auto_accept,n/a
ISIC_0027289,nv,nv,5.541868e-07,5.5434502e-05,auto_accept,n/a
ISIC_0025483,nv,nv,3.242163e-08,3.3145553e-09,auto_accept,n/a
ISIC_0033769,nv,nv,7.5443616e-08,1.0397903e-05,auto_accept,n/a
ISIC_0026355,nv,nv,8.021989e-08,4.1884746e-07,auto_accept,n/a
ISIC_0031588,nv,nv,3.6031635e-09,2.6280995e-06,auto_accept,n/a
ISIC_0025991,nv,nv,5.8634125e-08,2.0922932e-06,auto_accept,n/a
ISIC_0024488,nv,nv,1.0618491e-05,9.055267e-05,auto_accept,n/a
ISIC_0033380,nv,nv,0.000106309024,5.5549233e-05,auto_accept,n/a
ISIC_0028957,nv,nv,3.1280796e-09,5.2823084e-06,auto_accept,n/a
ISIC_0024351,mel,mel,0.0044274875,0.40306106,escalate,n/a
ISIC_0030515,nv,nv,2.5452829e-09,7.024239e-06,auto_accept,n/a
ISIC_0033990,nv,nv,0.010146444,0.00017321433,escalate,n/a
ISIC_0032687,mel,mel,2.0135323e-05,0.99765176,auto_accept,n/a
ISIC_0034054,nv,nv,2.9504532e-05,0.00024035187,auto_accept,n/a
ISIC_0029379,nv,nv,1.5601465e-08,2.876449e-06,auto_accept,n/a
ISIC_0027169,nv,nv,7.7327805e-08,9.349768e-06,auto_accept,n/a
ISIC_0032757,bkl,nv,0.008480558,0.07685779,escalate,n/a
ISIC_0025743,bkl,bkl,3.2277395e-08,4.2241896e-05,auto_accept,n/a
ISIC_0028231,akiec,mel,0.0015906292,0.8824149,auto_accept,n/a
ISIC_0027944,nv,nv,2.4005924e-06,4.74926e-05,auto_accept,n/a
ISIC_0033475,nv,nv,0.002913562,0.015904324,auto_accept,n/a
ISIC_0026177,nv,nv,0.010759102,0.327914,escalate,n/a
ISIC_0030846,nv,nv,1.0484594e-08,6.3046605e-07,auto_accept,n/a
ISIC_0031626,nv,nv,2.3400428e-06,0.0026531038,auto_accept,n/a
ISIC_0033262,bkl,bkl,2.7575265e-06,0.010168084,auto_accept,n/a
ISIC_0031378,bcc,bcc,0.010960621,0.10034728,escalate,n/a
ISIC_0029085,nv,nv,2.7498777e-07,6.1235033e-07,auto_accept,n/a
ISIC_0030423,mel,mel,0.0030877132,0.94084376,auto_accept,n/a
ISIC_0027077,nv,mel,0.0006580758,0.9308871,auto_accept,n/a
ISIC_0024306,nv,nv,5.2898076e-07,1.477236e-05,auto_accept,n/a
ISIC_0026058,nv,nv,1.3807761e-06,9.660644e-08,auto_accept,n/a
ISIC_0032357,nv,nv,1.0551755e-06,2.4225136e-07,auto_accept,n/a
ISIC_0027564,nv,nv,7.3535523e-07,0.00013890673,auto_accept,n/a
ISIC_0026136,nv,nv,9.094231e-09,5.257892e-06,auto_accept,n/a
ISIC_0027583,nv,nv,2.3012825e-08,1.4070625e-07,auto_accept,n/a
ISIC_0031608,nv,nv,2.5748692e-08,3.5325043e-05,auto_accept,n/a
ISIC_0031541,nv,nv,2.5811815e-08,9.816023e-05,auto_accept,n/a
ISIC_0024409,bkl,bkl,7.669505e-07,0.0011125624,auto_accept,n/a
ISIC_0031748,nv,mel,0.005267426,0.48799962,escalate,n/a
ISIC_0026232,nv,nv,1.2332978e-07,2.3796989e-07,auto_accept,n/a
ISIC_0026078,nv,nv,2.8897855e-06,0.00030663633,auto_accept,n/a
ISIC_0030646,nv,nv,0.00010539556,1.9929005e-06,auto_accept,n/a
ISIC_0029971,nv,nv,2.4741496e-06,3.049381e-07,auto_accept,n/a
ISIC_0032458,nv,nv,7.8794166e-10,6.8642185e-09,auto_accept,n/a
ISIC_0029520,nv,nv,9.316653e-07,0.00018903018,auto_accept,n/a
ISIC_0033093,nv,nv,0.0050559486,0.2830026,escalate,n/a
ISIC_0024907,nv,nv,1.3057587e-05,0.002952436,auto_accept,n/a
ISIC_0027195,nv,nv,3.4282984e-05,6.8530626e-06,auto_accept,n/a
ISIC_0027200,nv,nv,4.6425875e-08,3.888625e-06,auto_accept,n/a
ISIC_0029179,nv,nv,2.1766678e-05,0.0011937188,auto_accept,n/a
ISIC_0030012,nv,nv,5.2269756e-06,0.00022652742,auto_accept,n/a
ISIC_0031801,nv,nv,3.5331382e-10,1.2015706e-06,auto_accept,n/a
ISIC_0030370,nv,nv,0.00021336493,0.024682883,auto_accept,n/a
ISIC_0030041,nv,nv,1.2412787e-06,3.22991e-05,auto_accept,n/a
ISIC_0030264,nv,nv,5.2474684e-06,2.5450188e-05,auto_accept,n/a
ISIC_0024486,nv,nv,0.0014533343,0.007880613,auto_accept,n/a
ISIC_0029114,nv,nv,1.7219674e-06,8.857753e-06,auto_accept,n/a
ISIC_0026608,nv,bkl,0.0035122964,0.067053616,escalate,n/a
ISIC_0025389,bkl,bcc,0.0037653442,0.9263353,escalate,n/a
ISIC_0027566,nv,nv,9.1043063e-07,0.00020051969,auto_accept,n/a
ISIC_0024971,bkl,bkl,0.0019468078,0.6303011,auto_accept,n/a
ISIC_0028566,nv,nv,6.3381106e-11,2.0747704e-08,auto_accept,n/a
ISIC_0032786,nv,nv,0.0018125849,0.05694205,auto_accept,n/a
ISIC_0028374,nv,nv,1.4454614e-07,0.00013059769,auto_accept,n/a
ISIC_0033766,nv,nv,0.0030272694,0.02487659,auto_accept,n/a
ISIC_0033212,bkl,bkl,2.314871e-07,7.349105e-05,auto_accept,n/a
ISIC_0034316,mel,mel,1.3746373e-08,0.9999492,auto_accept,n/a
ISIC_0027233,nv,nv,1.2338857e-07,3.640114e-06,auto_accept,n/a
ISIC_0029779,bcc,vasc,0.00028348764,0.0013550513,auto_accept,n/a
ISIC_0025760,nv,nv,9.306901e-08,1.4975767e-05,auto_accept,n/a
ISIC_0029108,bkl,bkl,5.337448e-08,2.6448539e-05,auto_accept,n/a
ISIC_0030955,nv,nv,7.973134e-09,6.706708e-07,auto_accept,n/a
ISIC_0025216,nv,nv,4.4204631e-07,3.4738161e-09,auto_accept,n/a
ISIC_0025897,nv,nv,0.00011353864,0.00033674343,auto_accept,n/a
ISIC_0032403,nv,nv,8.736678e-06,0.0010761152,auto_accept,n/a
ISIC_0030627,nv,nv,7.20185e-08,9.789145e-07,auto_accept,n/a
ISIC_0028230,nv,nv,0.006383818,0.21360356,escalate,n/a
ISIC_0033113,nv,nv,4.9839062e-05,0.00084434025,auto_accept,n/a
ISIC_0031068,nv,nv,2.854513e-07,6.871817e-05,auto_accept,n/a
ISIC_0026610,nv,bkl,0.0021576744,0.37167776,auto_accept,n/a
ISIC_0030631,nv,nv,5.4159576e-05,0.0010646858,auto_accept,n/a
ISIC_0029957,nv,nv,3.0594017e-06,1.9991364e-06,auto_accept,n/a
ISIC_0027651,mel,mel,0.0010109066,0.9220293,auto_accept,n/a
ISIC_0034107,mel,nv,0.004147586,0.13269423,escalate,n/a
ISIC_0024491,nv,nv,5.5801905e-08,3.5550016e-05,auto_accept,n/a
ISIC_0030337,nv,nv,0.00034423472,0.0022649243,auto_accept,n/a
ISIC_0031480,nv,nv,8.589607e-05,0.002216703,auto_accept,n/a
ISIC_0024390,nv,nv,5.719431e-07,1.1545794e-07,auto_accept,n/a
ISIC_0024585,nv,nv,1.4503135e-09,4.0514524e-07,auto_accept,n/a
ISIC_0026351,bkl,bkl,0.0038232147,0.52875453,escalate,n/a
ISIC_0024378,nv,nv,4.1232493e-06,0.0009811587,auto_accept,n/a
ISIC_0034097,nv,mel,0.0022928552,0.67293364,auto_accept,n/a
ISIC_0027731,nv,nv,9.70224e-06,0.0008497896,auto_accept,n/a
ISIC_0033921,nv,nv,5.9642853e-06,0.004714528,auto_accept,n/a
ISIC_0034049,mel,mel,0.0005530513,0.9048629,auto_accept,n/a
ISIC_0031677,bkl,bkl,0.0013100139,0.33875832,auto_accept,n/a
ISIC_0030332,nv,nv,8.0607115e-06,1.5356729e-05,auto_accept,n/a
ISIC_0032673,nv,bkl,0.005375057,0.013519361,escalate,n/a
ISIC_0025172,nv,nv,0.0004028661,0.013225947,auto_accept,n/a
ISIC_0029424,nv,nv,1.3849854e-08,5.0233507e-06,auto_accept,n/a
ISIC_0028039,nv,nv,1.0686697e-06,4.2746647e-06,auto_accept,n/a
ISIC_0026001,nv,nv,1.1877892e-06,2.3385887e-09,auto_accept,n/a
ISIC_0024744,nv,nv,7.252289e-08,6.114896e-07,auto_accept,n/a
ISIC_0026128,nv,nv,3.645894e-07,9.879228e-06,auto_accept,n/a
ISIC_0032755,nv,nv,3.2311927e-06,0.00020023788,auto_accept,n/a
ISIC_0024667,nv,nv,2.721439e-06,0.0007240837,auto_accept,n/a
ISIC_0024761,bkl,bkl,6.7454384e-06,0.14654158,auto_accept,n/a
ISIC_0026939,nv,nv,7.211302e-08,8.812204e-06,auto_accept,n/a
ISIC_0031496,bkl,bkl,0.0010495393,0.056244418,auto_accept,n/a
ISIC_0029995,mel,mel,0.0034877681,0.9201197,auto_accept,n/a
ISIC_0027030,mel,mel,0.0030786947,0.94326556,auto_accept,n/a
ISIC_0031708,nv,nv,0.001694483,0.04346353,auto_accept,n/a
ISIC_0025346,nv,bkl,0.0015115289,0.46606076,auto_accept,n/a
ISIC_0026397,nv,nv,1.3530755e-05,0.00033395848,auto_accept,n/a
ISIC_0029266,nv,nv,0.00010226671,8.492071e-07,auto_accept,n/a
ISIC_0024775,nv,nv,8.1254785e-07,2.7793021e-05,auto_accept,n/a
ISIC_0032852,nv,nv,1.1450049e-05,0.0016637729,auto_accept,n/a
ISIC_0034189,bkl,bkl,2.2691006e-06,0.04139064,auto_accept,n/a
ISIC_0028270,nv,nv,1.0056128e-05,0.0010313984,auto_accept,n/a
ISIC_0034273,nv,nv,0.00021047157,0.0021778562,auto_accept,n/a
ISIC_0026843,bkl,bkl,0.0033634428,0.011035329,auto_accept,n/a
ISIC_0028240,nv,nv,5.895013e-05,0.0022993863,auto_accept,n/a
ISIC_0033387,mel,nv,0.0032222667,0.097886115,auto_accept,n/a
ISIC_0034019,nv,nv,1.1395902e-06,0.00027780523,auto_accept,n/a
ISIC_0026645,akiec,akiec,0.0063018827,0.99361986,escalate,n/a
ISIC_0031008,bkl,bkl,4.3535933e-06,0.0004878283,auto_accept,n/a
ISIC_0031440,nv,nv,0.00175145,0.06371829,auto_accept,n/a
ISIC_0030604,mel,mel,1.41994415e-05,0.9894204,auto_accept,n/a
ISIC_0025615,nv,nv,0.00013895027,9.8934825e-06,auto_accept,n/a
ISIC_0032718,mel,bkl,0.006527369,0.6546539,escalate,n/a
ISIC_0033976,nv,mel,0.0017361454,0.8408516,auto_accept,n/a
ISIC_0029809,nv,nv,1.4024068e-06,0.0044679474,auto_accept,n/a
ISIC_0027632,nv,nv,1.9225193e-09,1.1154952e-05,auto_accept,n/a
ISIC_0028495,bcc,bcc,7.0633546e-06,0.9992126,auto_accept,n/a
ISIC_0030227,bkl,mel,0.0021334165,0.9500985,auto_accept,n/a
ISIC_0029508,nv,nv,4.0327117e-07,5.629312e-06,auto_accept,n/a
ISIC_0025572,nv,nv,0.00017960707,0.003909732,auto_accept,n/a
ISIC_0030992,nv,nv,1.2781042e-08,5.506935e-09,auto_accept,n/a
ISIC_0024567,nv,nv,1.4754604e-06,9.893066e-07,auto_accept,n/a
ISIC_0024991,nv,nv,1.6465593e-08,1.5308416e-07,auto_accept,n/a
ISIC_0028354,bkl,bkl,0.00020487483,0.010811583,auto_accept,n/a
ISIC_0033214,nv,nv,8.893076e-06,0.0004359928,auto_accept,n/a
ISIC_0031892,nv,nv,5.705093e-09,8.30707e-08,auto_accept,n/a
ISIC_0030072,nv,nv,8.416316e-09,2.079581e-07,auto_accept,n/a
ISIC_0031081,nv,mel,0.0064463294,0.40677717,escalate,n/a
ISIC_0027601,bcc,bcc,4.9503207e-10,0.99986565,auto_accept,n/a
ISIC_0030104,vasc,vasc,5.2733276e-07,4.152887e-06,auto_accept,n/a
ISIC_0029201,bcc,vasc,2.421294e-05,0.0010234842,auto_accept,n/a
ISIC_0027424,nv,nv,2.433034e-05,0.0004524694,auto_accept,n/a
ISIC_0025307,nv,nv,1.8512951e-07,3.695685e-07,auto_accept,n/a
ISIC_0026946,nv,nv,1.8728907e-09,3.995321e-08,auto_accept,n/a
ISIC_0034021,nv,nv,0.008253055,0.24849696,escalate,n/a
ISIC_0028458,nv,nv,6.190092e-07,9.980975e-05,auto_accept,n/a
ISIC_0033789,nv,nv,0.0011814144,0.014630788,auto_accept,n/a
ISIC_0027245,nv,nv,6.6384267e-09,2.2248627e-09,auto_accept,n/a
ISIC_0026244,nv,nv,0.0003329926,0.013719771,auto_accept,n/a
ISIC_0027013,nv,nv,8.236912e-07,0.00016801537,auto_accept,n/a
ISIC_0025375,nv,nv,1.4569478e-06,4.5382285e-07,auto_accept,n/a
ISIC_0026021,nv,nv,7.604419e-07,0.000113455724,auto_accept,n/a
ISIC_0033421,nv,nv,1.1540296e-05,0.0019416027,auto_accept,n/a
ISIC_0031207,nv,nv,4.5598532e-05,0.0006844238,auto_accept,n/a
ISIC_0024446,bkl,bkl,1.282945e-07,2.4432835e-05,auto_accept,n/a
ISIC_0029104,nv,nv,1.2899055e-07,0.00036099524,auto_accept,n/a
ISIC_0030723,bkl,bkl,8.5394415e-05,0.16430652,auto_accept,n/a
ISIC_0032438,nv,nv,6.622267e-08,6.564199e-07,auto_accept,n/a
ISIC_0025682,nv,nv,0.0013813453,0.020686049,auto_accept,n/a
ISIC_0033611,mel,mel,6.608027e-05,0.95274836,auto_accept,n/a
ISIC_0033554,df,df,7.012225e-07,0.0026396634,auto_accept,n/a
ISIC_0026724,nv,nv,3.560779e-08,2.970991e-08,auto_accept,n/a
ISIC_0026339,nv,nv,5.3794275e-07,1.8357065e-06,auto_accept,n/a
ISIC_0030550,nv,nv,1.5940824e-07,9.477299e-06,auto_accept,n/a
ISIC_0026525,akiec,akiec,9.464833e-06,0.9993868,auto_accept,n/a
ISIC_0025316,mel,nv,1.837874e-05,0.001896086,auto_accept,n/a
ISIC_0030770,vasc,vasc,0.00073998515,0.0018937862,auto_accept,n/a
ISIC_0032399,nv,nv,7.5074796e-10,8.181086e-09,auto_accept,n/a
ISIC_0027644,nv,nv,0.0009877972,0.049592704,auto_accept,n/a
ISIC_0028319,nv,nv,0.00046127778,4.001741e-05,auto_accept,n/a
ISIC_0030885,nv,nv,0.0002472077,0.017521702,auto_accept,n/a
ISIC_0029275,nv,nv,7.521447e-08,1.7926234e-06,auto_accept,n/a
ISIC_0030763,nv,nv,4.392663e-06,0.00019355134,auto_accept,n/a
ISIC_0031017,bkl,bkl,0.003221643,0.7493411,auto_accept,n/a
ISIC_0027097,nv,mel,0.00877041,0.72835773,escalate,n/a
ISIC_0029080,bkl,bkl,4.6154797e-05,0.052821133,auto_accept,n/a
ISIC_0026833,nv,nv,4.8619863e-06,4.6331643e-05,auto_accept,n/a
ISIC_0033823,nv,nv,0.00025334506,0.02071206,auto_accept,n/a
ISIC_0033670,mel,mel,2.7639375e-05,0.9745677,auto_accept,n/a
ISIC_0025913,nv,nv,1.0670179e-07,2.2409542e-05,auto_accept,n/a
ISIC_0026637,bkl,nv,0.0009125727,0.02725611,auto_accept,n/a
ISIC_0024858,nv,nv,1.624851e-07,1.7088312e-06,auto_accept,n/a
ISIC_0034013,nv,nv,0.009940168,0.28022286,escalate,n/a
ISIC_0027885,nv,nv,1.9515273e-08,3.412384e-07,auto_accept,n/a
ISIC_0033168,nv,nv,0.0008008917,0.00020264875,auto_accept,n/a
ISIC_0026873,nv,nv,1.8425882e-07,7.636991e-06,auto_accept,n/a
ISIC_0026011,nv,nv,2.2221288e-05,0.00016704986,auto_accept,n/a
ISIC_0031047,nv,nv,7.4277246e-08,3.4540546e-05,auto_accept,n/a
ISIC_0025020,nv,nv,5.939262e-10,4.0322057e-08,auto_accept,n/a
ISIC_0031566,nv,nv,1.8091585e-08,1.2026176e-05,auto_accept,n/a
ISIC_0030251,nv,nv,0.00019750046,0.011000594,auto_accept,n/a
ISIC_0028936,nv,nv,2.1842884e-06,6.919779e-07,auto_accept,n/a
ISIC_0031041,bcc,bcc,7.9568264e-07,0.9993187,auto_accept,n/a
ISIC_0028440,nv,nv,2.2573066e-09,6.4830294e-07,auto_accept,n/a
ISIC_0034052,mel,mel,2.1776828e-05,0.9814228,auto_accept,n/a
ISIC_0029271,mel,mel,0.0037616114,0.47752702,escalate,n/a
ISIC_0027512,nv,mel,0.001940526,0.7286956,auto_accept,n/a
ISIC_0033210,nv,nv,0.0012673048,0.002797872,auto_accept,n/a
ISIC_0031589,nv,nv,4.548332e-07,6.0050473e-07,auto_accept,n/a
ISIC_0028450,nv,mel,0.008056969,0.99698275,escalate,n/a
ISIC_0026824,nv,nv,3.2259262e-08,4.4531153e-06,auto_accept,n/a
ISIC_0031549,nv,nv,0.006092664,9.615835e-06,escalate,n/a
ISIC_0030815,nv,nv,1.3391167e-05,0.00040137564,auto_accept,n/a
ISIC_0025636,nv,nv,1.1933561e-08,4.989414e-06,auto_accept,n/a
ISIC_0028467,mel,nv,0.0022005695,0.007106333,auto_accept,n/a
ISIC_0030913,nv,nv,3.503353e-07,1.1437397e-05,auto_accept,n/a
ISIC_0034218,mel,mel,0.00014541477,0.99251914,auto_accept,n/a
ISIC_0031122,bcc,bcc,2.5517366e-07,0.9997055,auto_accept,n/a
ISIC_0024952,mel,mel,7.881569e-05,0.99493706,auto_accept,n/a
ISIC_0031792,nv,nv,5.406701e-07,0.00016663228,auto_accept,n/a
ISIC_0027072,nv,nv,0.002288263,0.008962236,auto_accept,n/a
ISIC_0025727,nv,nv,1.0667351e-09,5.314302e-06,auto_accept,n/a
ISIC_0031984,nv,nv,3.8820218e-08,6.515205e-05,auto_accept,n/a
ISIC_0032144,nv,nv,0.0016562305,0.08192053,auto_accept,n/a
ISIC_0028634,nv,nv,9.550011e-10,1.3520396e-06,auto_accept,n/a
ISIC_0028366,nv,nv,3.4915224e-08,3.8848816e-06,auto_accept,n/a
ISIC_0032379,nv,nv,1.0826114e-05,0.0016098024,auto_accept,n/a
ISIC_0027370,bkl,bkl,7.217005e-05,1.7477805e-06,auto_accept,n/a
ISIC_0033235,bkl,bkl,2.3134603e-06,0.003272334,auto_accept,n/a
ISIC_0027205,nv,nv,0.0005047158,0.0005655338,auto_accept,n/a
ISIC_0030669,nv,nv,6.3909706e-06,9.787198e-05,auto_accept,n/a
ISIC_0024841,nv,nv,3.5276844e-05,0.0030837348,auto_accept,n/a
ISIC_0028506,nv,nv,1.06436616e-07,1.2639018e-07,auto_accept,n/a
ISIC_0028170,nv,mel,0.0039437735,0.37919495,escalate,n/a
ISIC_0030190,nv,nv,8.696039e-05,0.0007037524,auto_accept,n/a
ISIC_0029134,nv,nv,3.7220673e-09,9.0309715e-09,auto_accept,n/a
ISIC_0028058,nv,nv,2.0155571e-06,8.7538894e-05,auto_accept,n/a
ISIC_0025003,nv,nv,7.676195e-06,6.2038504e-07,auto_accept,n/a
ISIC_0029946,nv,nv,1.6939846e-05,0.00012398194,auto_accept,n/a
ISIC_0030214,nv,nv,1.8362446e-08,2.2816562e-07,auto_accept,n/a
ISIC_0026791,nv,nv,6.095161e-06,7.681285e-06,auto_accept,n/a
ISIC_0027548,nv,nv,3.1958138e-05,0.00019613552,auto_accept,n/a
ISIC_0032009,nv,nv,0.0032137444,0.14166343,auto_accept,n/a
ISIC_0025656,bkl,bkl,3.1469674e-09,0.00010445709,auto_accept,n/a
ISIC_0024843,akiec,akiec,0.001457832,0.8705679,auto_accept,n/a
ISIC_0028616,nv,nv,0.00010617314,0.00417426,auto_accept,n/a
ISIC_0033224,nv,nv,0.00022068153,0.0061986363,auto_accept,n/a
ISIC_0024820,nv,nv,1.1991125e-06,0.00032496458,auto_accept,n/a
ISIC_0029132,nv,nv,8.60315e-05,1.5860614e-05,auto_accept,n/a
ISIC_0026830,nv,nv,0.00027134668,0.0009914614,auto_accept,n/a
ISIC_0026494,nv,nv,0.0021206532,0.06008396,auto_accept,n/a
ISIC_0033356,nv,nv,4.955056e-05,0.0078836335,auto_accept,n/a
ISIC_0029485,nv,nv,2.1251088e-08,3.840245e-06,auto_accept,n/a
ISIC_0026461,nv,nv,0.00016825531,0.0007897693,auto_accept,n/a
ISIC_0026856,nv,nv,8.1292795e-10,7.0607746e-09,auto_accept,n/a
ISIC_0026535,nv,nv,3.8332612e-10,1.7315206e-07,auto_accept,n/a
ISIC_0029456,nv,nv,0.00013109969,2.0162875e-05,auto_accept,n/a
ISIC_0027273,nv,nv,1.975737e-06,0.00066936895,auto_accept,n/a
ISIC_0031636,nv,nv,0.0012873454,0.0036995765,auto_accept,n/a
ISIC_0032309,nv,nv,0.0005953478,0.02373678,auto_accept,n/a
ISIC_0029203,nv,bkl,0.0026220249,0.37626854,auto_accept,n/a
ISIC_0029934,nv,nv,9.819156e-09,5.2916135e-07,auto_accept,n/a
ISIC_0025149,nv,nv,0.00012541904,0.0031814734,auto_accept,n/a
ISIC_0032079,mel,bcc,0.005170688,0.9989197,escalate,n/a
ISIC_0025509,bcc,bcc,3.4734317e-08,0.9995296,auto_accept,n/a
ISIC_0028585,nv,nv,0.0018962277,0.0005188848,auto_accept,n/a
ISIC_0034313,mel,mel,3.9987854e-06,0.99949825,auto_accept,n/a
ISIC_0024745,nv,mel,0.0075914776,0.49848026,escalate,n/a
ISIC_0029468,nv,nv,2.4065572e-11,5.6574956e-10,auto_accept,n/a
ISIC_0031101,nv,nv,3.3173044e-05,8.606232e-06,auto_accept,n/a
ISIC_0024542,nv,nv,0.00010189128,0.0003921771,auto_accept,n/a
ISIC_0025643,nv,nv,1.6447396e-08,4.3153045e-06,auto_accept,n/a
ISIC_0033995,mel,mel,0.002269505,0.88455683,auto_accept,n/a
ISIC_0029692,nv,nv,2.2901335e-10,3.1844716e-09,auto_accept,n/a
ISIC_0034000,mel,mel,3.7471384e-07,0.99854666,auto_accept,n/a
ISIC_0026523,bkl,bkl,7.597223e-08,0.016891615,auto_accept,n/a
ISIC_0027243,nv,nv,1.7391043e-05,2.9377641e-05,auto_accept,n/a
ISIC_0027300,mel,mel,2.5928513e-05,0.9757622,auto_accept,n/a
ISIC_0031167,nv,nv,1.2070139e-07,3.0338755e-05,auto_accept,n/a
ISIC_0027426,nv,nv,6.628723e-09,1.2084686e-07,auto_accept,n/a
ISIC_0025480,nv,nv,2.343489e-07,1.479935e-05,auto_accept,n/a
ISIC_0030359,nv,nv,4.4840198e-10,3.4864694e-08,auto_accept,n/a
ISIC_0028854,akiec,akiec,0.0039484957,0.7986549,escalate,n/a
ISIC_0026264,nv,nv,8.499964e-05,0.000120171084,auto_accept,n/a
ISIC_0032602,mel,mel,2.4159792e-06,0.9978289,auto_accept,n/a
ISIC_0033305,bkl,bkl,6.0762828e-05,0.010595614,auto_accept,n/a
ISIC_0033581,bkl,bkl,2.177335e-06,0.00018255328,auto_accept,n/a
ISIC_0027631,bcc,bcc,1.47193e-10,0.9999285,auto_accept,n/a
ISIC_0031571,nv,nv,2.5285642e-06,2.6264554e-05,auto_accept,n/a
ISIC_0026151,nv,nv,0.0013974126,0.17673367,auto_accept,n/a
ISIC_0026040,akiec,bkl,4.9115574e-06,0.032401774,auto_accept,n/a
ISIC_0032578,nv,nv,6.705758e-06,1.5831372e-05,auto_accept,n/a
ISIC_0031023,mel,mel,0.0012209677,0.8944844,auto_accept,n/a
ISIC_0029880,bkl,bkl,3.0567545e-08,0.000585617,auto_accept,n/a
ISIC_0027945,nv,bkl,0.0051486,0.0014398729,escalate,n/a
ISIC_0032296,nv,nv,1.6065846e-07,0.00012669849,auto_accept,n/a
ISIC_0028229,bkl,bkl,0.000100619734,0.16896166,auto_accept,n/a
ISIC_0031230,nv,nv,7.0207243e-06,0.0003375045,auto_accept,n/a
ISIC_0027297,bcc,bcc,1.7088717e-06,0.99862134,auto_accept,n/a
ISIC_0030494,nv,nv,2.7609846e-07,1.2749172e-06,auto_accept,n/a
ISIC_0028548,mel,mel,0.0004915572,0.9326005,auto_accept,n/a
ISIC_0028695,nv,nv,7.4430345e-06,0.00031908066,auto_accept,n/a
ISIC_0028445,mel,nv,0.0025395367,0.10945402,auto_accept,n/a
ISIC_0033764,nv,mel,0.0024328637,0.8432234,auto_accept,n/a
ISIC_0034149,nv,nv,0.00035765176,0.00041061515,auto_accept,n/a
ISIC_0029364,nv,nv,1.5449537e-07,4.3928612e-05,auto_accept,n/a
ISIC_0032057,vasc,vasc,4.7552056e-09,1.2067256e-06,auto_accept,n/a
ISIC_0030622,nv,nv,6.4173586e-09,2.638962e-06,auto_accept,n/a
ISIC_0027134,nv,nv,3.4591886e-07,2.3570054e-05,auto_accept,n/a
ISIC_0030132,nv,nv,2.4502899e-05,0.00010271626,auto_accept,n/a
ISIC_0024373,nv,nv,6.609106e-07,0.00021712376,auto_accept,n/a
ISIC_0026289,nv,nv,5.2239493e-08,2.9151748e-05,auto_accept,n/a
ISIC_0024492,nv,nv,8.215062e-06,0.0005005281,auto_accept,n/a
ISIC_0029591,mel,bkl,0.00091605773,0.30006772,auto_accept,n/a
ISIC_0031995,nv,nv,1.1135841e-08,7.0730565e-08,auto_accept,n/a
ISIC_0032998,nv,mel,0.00038863166,0.9371743,auto_accept,n/a
ISIC_0032127,nv,nv,1.7937576e-06,0.00017875589,auto_accept,n/a
ISIC_0025497,nv,nv,3.929589e-06,1.4931061e-05,auto_accept,n/a
ISIC_0033597,nv,nv,0.00017928236,0.014048113,auto_accept,n/a
ISIC_0032068,nv,nv,1.2843823e-08,5.4706845e-05,auto_accept,n/a
ISIC_0032704,nv,mel,0.0007378097,0.8743865,auto_accept,n/a
ISIC_0028599,nv,mel,0.00045606648,0.912631,auto_accept,n/a
ISIC_0025070,nv,nv,6.484804e-09,2.2472025e-06,auto_accept,n/a
ISIC_0027359,mel,mel,0.0009145572,0.8712057,auto_accept,n/a
ISIC_0026190,nv,nv,2.1103383e-06,3.179406e-05,auto_accept,n/a
ISIC_0033710,mel,mel,3.7740495e-09,0.99997675,auto_accept,n/a
ISIC_0027298,nv,nv,0.0028726545,0.15010187,auto_accept,n/a
ISIC_0027031,nv,nv,0.00012266613,0.0009854147,auto_accept,n/a
ISIC_0025845,nv,nv,4.2023788e-07,1.857067e-06,auto_accept,n/a
ISIC_0031950,vasc,vasc,0.0010663191,0.0056289067,auto_accept,n/a
ISIC_0032532,mel,mel,1.0758267e-05,0.9686664,auto_accept,n/a
ISIC_0031853,bkl,bkl,1.7063105e-07,0.0004980315,auto_accept,n/a
ISIC_0027991,bkl,mel,0.004200037,0.9896399,escalate,n/a
ISIC_0028942,nv,nv,1.383331e-07,2.3756184e-05,auto_accept,n/a
ISIC_0026532,bkl,bkl,3.3026138e-06,0.0013498963,auto_accept,n/a
ISIC_0032390,nv,nv,9.325064e-07,0.00017358917,auto_accept,n/a
ISIC_0034138,nv,nv,5.828561e-05,0.0066375146,auto_accept,n/a
ISIC_0029058,nv,nv,6.359811e-07,4.6342393e-06,auto_accept,n/a
ISIC_0032392,nv,nv,1.01680556e-07,3.1177105e-10,auto_accept,n/a
ISIC_0031964,nv,nv,3.5191476e-09,8.025315e-07,auto_accept,n/a
ISIC_0026017,nv,bkl,0.0032474655,0.58428043,auto_accept,n/a
ISIC_0024483,nv,nv,1.4919978e-06,2.1464812e-06,auto_accept,n/a
ISIC_0030566,nv,nv,1.17170906e-07,0.00024418114,auto_accept,n/a
ISIC_0032262,nv,nv,5.296698e-07,3.0183555e-06,auto_accept,n/a
ISIC_0029224,nv,nv,1.5377001e-08,2.0100162e-08,auto_accept,n/a
ISIC_0030783,bkl,bkl,5.468243e-05,0.00092705013,auto_accept,n/a
ISIC_0025792,nv,nv,1.1288874e-07,6.5733284e-06,auto_accept,n/a
ISIC_0024592,bkl,bkl,2.2232389e-07,8.5311717e-07,auto_accept,n/a
ISIC_0028593,bkl,bkl,1.4177925e-05,0.0094319135,auto_accept,n/a
ISIC_0032162,nv,nv,2.11176e-06,3.4384375e-05,auto_accept,n/a
ISIC_0031755,nv,nv,5.9535964e-06,4.53469e-05,auto_accept,n/a
ISIC_0031100,nv,nv,4.7853383e-08,2.3635543e-07,auto_accept,n/a
ISIC_0032805,nv,nv,0.00022926368,0.0080758305,auto_accept,n/a
ISIC_0033531,bkl,bkl,2.3392437e-05,0.0022040755,auto_accept,n/a
ISIC_0033017,mel,bkl,0.002524664,0.15519387,auto_accept,n/a
ISIC_0032841,mel,mel,6.387931e-07,0.99972564,auto_accept,n/a
ISIC_0032831,nv,bkl,0.0048380853,0.17681256,escalate,n/a
ISIC_0029741,bkl,bkl,2.01208e-06,0.00085767545,auto_accept,n/a
ISIC_0033681,nv,bkl,0.0050467527,0.0027802559,escalate,n/a
ISIC_0028041,mel,df,0.0058433013,0.21561009,escalate,n/a
ISIC_0024908,nv,mel,0.00047049316,0.8031396,auto_accept,n/a
ISIC_0034004,nv,nv,2.630797e-07,0.0018658878,auto_accept,n/a
ISIC_0033844,vasc,vasc,5.0422705e-07,0.00079367775,auto_accept,n/a
ISIC_0027135,bcc,bcc,3.41592e-08,0.9999355,auto_accept,n/a
ISIC_0028519,mel,mel,7.027162e-05,0.99869907,auto_accept,n/a
ISIC_0030333,mel,mel,5.428565e-07,0.99933666,auto_accept,n/a
ISIC_0027929,nv,nv,1.4151284e-10,7.9640635e-08,auto_accept,n/a
ISIC_0026236,mel,nv,0.00052089896,0.04429409,auto_accept,n/a
ISIC_0031987,bkl,bkl,2.099507e-05,0.021961827,auto_accept,n/a
ISIC_0027141,df,df,0.004150453,0.5302905,escalate,n/a
ISIC_0030981,nv,nv,0.000432852,0.014831768,auto_accept,n/a
ISIC_0029053,bcc,akiec,0.0025971716,0.8938462,auto_accept,n/a
ISIC_0031486,nv,nv,8.0388723e-10,3.1528339e-06,auto_accept,n/a
ISIC_0026241,nv,nv,1.9317004e-09,5.865733e-07,auto_accept,n/a
ISIC_0025012,nv,nv,2.0877394e-05,0.0016950648,auto_accept,n/a
ISIC_0025462,nv,nv,1.1700384e-06,2.070246e-05,auto_accept,n/a
ISIC_0028853,nv,nv,0.00014167617,3.3357162e-05,auto_accept,n/a
ISIC_0027291,bcc,bcc,2.4578019e-06,0.99291927,auto_accept,n/a
ISIC_0028470,nv,nv,3.311745e-07,4.438771e-06,auto_accept,n/a
ISIC_0030511,bcc,bcc,4.42389e-05,0.9811364,auto_accept,n/a
ISIC_0031057,bcc,bcc,0.0007026318,0.99887186,auto_accept,n/a
ISIC_0027602,nv,nv,2.912766e-07,5.1906723e-06,auto_accept,n/a
ISIC_0029067,akiec,akiec,0.0014213823,0.9184002,auto_accept,n/a
ISIC_0028204,nv,nv,5.1311744e-10,5.981693e-08,auto_accept,n/a
ISIC_0030718,nv,nv,2.5936178e-09,8.274432e-08,auto_accept,n/a
ISIC_0025482,nv,nv,3.974209e-06,1.2439982e-07,auto_accept,n/a
ISIC_0030223,mel,mel,4.199866e-05,0.9643284,auto_accept,n/a
ISIC_0028815,bcc,bcc,0.0002997403,0.9570429,auto_accept,n/a
ISIC_0032484,nv,nv,7.178021e-05,0.0038749415,auto_accept,n/a
ISIC_0030016,nv,nv,9.234697e-06,0.0013141619,auto_accept,n/a
ISIC_0033091,nv,nv,1.3056282e-06,0.00022180243,auto_accept,n/a
ISIC_0027239,bkl,bkl,0.0030748341,0.72489434,auto_accept,n/a
ISIC_0032569,mel,mel,0.0005006492,0.94986176,auto_accept,n/a
ISIC_0027950,akiec,akiec,0.0040486376,0.99537754,escalate,n/a
ISIC_0030007,bkl,bkl,1.1368856e-05,0.01691853,auto_accept,n/a
ISIC_0032709,mel,mel,5.8733857e-08,0.9996445,auto_accept,n/a
ISIC_0025864,nv,nv,1.20515515e-05,7.540358e-05,auto_accept,n/a
ISIC_0030880,nv,nv,9.5312465e-08,1.1745947e-07,auto_accept,n/a
ISIC_0031385,nv,nv,0.00066404697,0.01577789,auto_accept,n/a
ISIC_0026857,akiec,mel,0.0012783362,0.7983074,auto_accept,n/a
ISIC_0026587,nv,nv,5.68028e-08,5.31544e-05,auto_accept,n/a
ISIC_0028250,nv,nv,0.0002679624,0.00015208652,auto_accept,n/a
ISIC_0031438,nv,nv,6.601582e-06,0.0026826002,auto_accept,n/a
ISIC_0033339,nv,bkl,0.006225766,0.00596614,escalate,n/a
ISIC_0031910,nv,nv,2.1908923e-10,4.073143e-08,auto_accept,n/a
ISIC_0028748,nv,nv,1.4744462e-06,0.00028211586,auto_accept,n/a
ISIC_0025200,nv,nv,5.7642033e-06,1.5802094e-05,auto_accept,n/a
ISIC_0028191,nv,nv,4.491997e-08,4.1981066e-06,auto_accept,n/a
ISIC_0033171,mel,mel,4.250641e-05,0.9766632,auto_accept,n/a
ISIC_0028425,nv,nv,8.461138e-08,1.1710077e-05,auto_accept,n/a
ISIC_0032243,nv,nv,0.0016852847,0.076481886,auto_accept,n/a
ISIC_0026627,nv,nv,3.0430475e-10,6.9134907e-09,auto_accept,n/a
ISIC_0031943,bcc,bcc,1.972292e-05,0.9992305,auto_accept,n/a
ISIC_0032108,nv,nv,9.096269e-08,2.0457428e-05,auto_accept,n/a
ISIC_0032587,nv,mel,0.0028821637,0.7056069,auto_accept,n/a
ISIC_0034192,nv,nv,1.6263657e-07,4.0001156e-05,auto_accept,n/a
ISIC_0028387,nv,nv,0.00012131995,0.0009505973,auto_accept,n/a
ISIC_0028520,mel,mel,3.7982023e-08,0.99981874,auto_accept,n/a
ISIC_0025026,nv,nv,6.851859e-07,0.0007078136,auto_accept,n/a
ISIC_0033502,nv,nv,0.00011348778,0.037819706,auto_accept,n/a
ISIC_0026394,nv,nv,4.0127526e-07,3.1744247e-07,auto_accept,n/a
ISIC_0031400,bcc,bcc,2.474547e-09,0.9999571,auto_accept,n/a
ISIC_0025690,nv,nv,8.6680375e-06,0.00027617265,auto_accept,n/a
ISIC_0033633,nv,nv,0.0038898648,0.010316764,escalate,n/a
ISIC_0032720,nv,nv,3.0646243e-07,0.00017162209,auto_accept,n/a
ISIC_0024496,mel,mel,1.4262545e-05,0.995246,auto_accept,n/a
ISIC_0032470,nv,nv,3.479666e-05,0.0028587787,auto_accept,n/a
ISIC_0031479,mel,mel,1.4669707e-05,0.9914321,auto_accept,n/a
ISIC_0030074,nv,nv,6.20509e-08,1.390969e-05,auto_accept,n/a
ISIC_0027628,nv,nv,3.0622e-08,2.135101e-06,auto_accept,n/a
ISIC_0030113,nv,nv,3.9288406e-07,4.0989027e-05,auto_accept,n/a
ISIC_0030472,nv,nv,5.2212026e-09,2.5545833e-07,auto_accept,n/a
ISIC_0027749,nv,nv,8.964904e-09,2.1927495e-07,auto_accept,n/a
ISIC_0034090,nv,bcc,0.0009819478,0.8660146,auto_accept,n/a
ISIC_0030291,nv,nv,2.0995484e-08,2.8566464e-07,auto_accept,n/a
ISIC_0027728,nv,nv,2.6904906e-06,1.5407823e-05,auto_accept,n/a
ISIC_0027128,nv,nv,5.161868e-07,7.663655e-07,auto_accept,n/a
ISIC_0026380,nv,nv,1.3189245e-07,1.062144e-05,auto_accept,n/a
ISIC_0033096,nv,mel,0.002220916,0.6937603,auto_accept,n/a
ISIC_0028142,nv,nv,1.957371e-07,1.4931417e-05,auto_accept,n/a
ISIC_0024728,nv,nv,2.1473138e-08,5.1022727e-08,auto_accept,n/a
ISIC_0025772,nv,nv,8.71634e-10,2.605127e-07,auto_accept,n/a
ISIC_0026588,nv,nv,0.0001089674,0.008737922,auto_accept,n/a
ISIC_0033562,mel,mel,3.7052472e-05,0.9847258,auto_accept,n/a
ISIC_0028131,nv,mel,0.003224876,0.40122086,auto_accept,n/a
ISIC_0030248,nv,nv,3.6126256e-08,3.636845e-07,auto_accept,n/a
ISIC_0029888,nv,nv,1.501254e-06,2.6009368e-05,auto_accept,n/a
ISIC_0028550,bkl,df,0.00029672083,0.101397544,auto_accept,n/a
ISIC_0033831,mel,mel,1.6009711e-08,0.99990034,auto_accept,n/a
ISIC_0030876,bkl,akiec,0.0011647651,0.90318304,auto_accept,n/a
ISIC_0032190,mel,mel,0.0032574597,0.6574271,auto_accept,n/a
ISIC_0032904,nv,nv,1.8057586e-08,1.7928312e-05,auto_accept,n/a
ISIC_0026811,mel,mel,0.00011566021,0.97718155,auto_accept,n/a
ISIC_0030794,akiec,akiec,0.00029250863,0.98435694,auto_accept,n/a
ISIC_0025960,nv,mel,0.0029050484,0.8270799,auto_accept,n/a
ISIC_0031872,bkl,bkl,0.0020429166,0.29167283,auto_accept,n/a
ISIC_0024849,nv,nv,1.0257717e-06,0.00024912276,auto_accept,n/a
ISIC_0031445,nv,nv,1.1258535e-06,1.8475175e-05,auto_accept,n/a
ISIC_0026020,nv,nv,4.647973e-06,3.9404087e-05,auto_accept,n/a
ISIC_0031938,nv,nv,9.112008e-06,3.115238e-05,auto_accept,n/a
ISIC_0026195,nv,nv,3.0458484e-06,2.4689373e-06,auto_accept,n/a
ISIC_0031219,nv,nv,1.2606213e-06,4.410857e-05,auto_accept,n/a
ISIC_0025420,nv,nv,2.8758958e-08,3.277212e-06,auto_accept,n/a
ISIC_0034294,mel,nv,0.008694723,0.1147944,escalate,n/a
ISIC_0029502,mel,nv,0.0011249154,0.1047745,auto_accept,n/a
ISIC_0027472,nv,nv,6.764735e-09,3.447883e-07,auto_accept,n/a
ISIC_0031877,nv,nv,1.8021051e-10,2.750465e-08,auto_accept,n/a
ISIC_0033188,nv,nv,1.6911943e-06,0.0009087646,auto_accept,n/a
ISIC_0026933,nv,nv,2.3566504e-07,4.3546348e-05,auto_accept,n/a
ISIC_0031190,nv,nv,9.411263e-08,6.690469e-08,auto_accept,n/a
ISIC_0029529,nv,nv,3.1465559e-06,0.0011287289,auto_accept,n/a
ISIC_0034059,mel,mel,0.00060330186,0.9347873,auto_accept,n/a
ISIC_0028553,nv,nv,1.280906e-07,5.992256e-07,auto_accept,n/a
ISIC_0026953,nv,nv,1.0189864e-07,3.3354158e-07,auto_accept,n/a
ISIC_0025818,bcc,bcc,1.7823459e-05,0.9924655,auto_accept,n/a
ISIC_0030215,nv,nv,1.2521618e-08,1.937602e-06,auto_accept,n/a
ISIC_0025635,nv,nv,1.4036023e-07,3.1717627e-05,auto_accept,n/a
ISIC_0027336,nv,nv,1.1645148e-07,7.4059526e-06,auto_accept,n/a
ISIC_0028690,nv,nv,6.2465494e-07,7.3604456e-06,auto_accept,n/a
ISIC_0033629,bkl,bkl,2.5953736e-06,7.1073296e-06,auto_accept,n/a
ISIC_0025617,bcc,nv,0.014729346,0.008657239,escalate,n/a
ISIC_0029447,nv,nv,7.3574705e-07,6.173061e-05,auto_accept,n/a
ISIC_0032346,nv,nv,2.3326602e-05,2.1306505e-06,auto_accept,n/a
ISIC_0034235,bkl,bkl,3.2251648e-06,0.00722995,auto_accept,n/a
ISIC_0032443,nv,nv,8.010579e-06,0.0008125327,auto_accept,n/a
ISIC_0033809,nv,nv,0.00023120832,0.012479261,auto_accept,n/a
ISIC_0028296,nv,nv,6.9109535e-07,1.857338e-05,auto_accept,n/a
ISIC_0025584,bcc,nv,0.0015162089,0.041326378,auto_accept,n/a
ISIC_0029097,nv,nv,2.3171912e-10,9.762074e-08,auto_accept,n/a
ISIC_0029428,nv,nv,1.315061e-09,9.6216555e-09,auto_accept,n/a
ISIC_0034001,nv,mel,3.8633327e-05,0.9832274,auto_accept,n/a
ISIC_0030695,mel,bkl,0.0016128331,0.019566195,auto_accept,n/a
ISIC_0030734,nv,nv,1.87355e-05,0.00011924761,auto_accept,n/a
ISIC_0026614,bkl,bkl,3.003022e-06,0.017911807,auto_accept,n/a
ISIC_0024804,nv,nv,5.9265158e-06,1.5008564e-05,auto_accept,n/a
ISIC_0025646,nv,nv,1.7314603e-06,7.322984e-05,auto_accept,n/a
ISIC_0027321,nv,nv,7.214577e-08,1.21598605e-05,auto_accept,n/a
ISIC_0034085,mel,mel,2.5779136e-06,0.99875164,auto_accept,n/a
ISIC_0026651,nv,nv,6.3058855e-05,0.0059009846,auto_accept,n/a
ISIC_0025492,nv,nv,0.003451574,0.55571103,auto_accept,n/a
ISIC_0029949,nv,nv,1.4291435e-10,8.803653e-08,auto_accept,n/a
ISIC_0024687,nv,nv,1.9308004e-06,1.743113e-06,auto_accept,n/a
ISIC_0024613,nv,nv,2.51585e-05,8.7481624e-07,auto_accept,n/a
ISIC_0026401,nv,nv,4.528762e-06,0.002118264,auto_accept,n/a
ISIC_0029036,bkl,bkl,2.5840782e-07,0.001231539,auto_accept,n/a
ISIC_0027023,bkl,mel,0.0026095002,0.7410442,auto_accept,n/a
ISIC_0030687,bcc,nv,0.0032084617,0.10854136,auto_accept,n/a
ISIC_0025567,bkl,bkl,0.0035976616,1.6027307e-05,escalate,n/a
ISIC_0030341,akiec,bcc,0.0023041435,0.8882954,auto_accept,n/a
ISIC_0031930,nv,nv,0.0045374716,0.30706522,escalate,n/a
ISIC_0024320,nv,nv,2.5620512e-09,3.2206895e-08,auto_accept,n/a
ISIC_0025575,bkl,bkl,0.002883459,0.6340169,auto_accept,n/a
ISIC_0032361,nv,nv,1.1008862e-08,3.712093e-07,auto_accept,n/a
ISIC_0031176,nv,nv,6.4840435e-07,4.3477735e-06,auto_accept,n/a
ISIC_0027477,nv,nv,5.5384398e-08,1.4971625e-05,auto_accept,n/a
ISIC_0031126,nv,df,0.002619544,0.08813381,auto_accept,n/a
ISIC_0027260,mel,mel,0.0006854288,0.96330804,auto_accept,n/a
ISIC_0030934,nv,nv,1.050813e-05,1.3159095e-05,auto_accept,n/a
ISIC_0025612,vasc,vasc,6.711981e-07,1.0886849e-05,auto_accept,n/a
ISIC_0030252,nv,nv,3.6507503e-12,6.027533e-10,auto_accept,n/a
ISIC_0024909,bkl,bkl,2.1174934e-05,0.09689058,auto_accept,n/a
ISIC_0033732,bkl,bkl,4.604182e-06,0.00016416809,auto_accept,n/a
ISIC_0032535,mel,mel,0.00034020265,0.90347344,auto_accept,n/a
ISIC_0034215,nv,nv,2.3538416e-06,0.00039584172,auto_accept,n/a
ISIC_0029429,nv,nv,5.717597e-06,0.0002280531,auto_accept,n/a
ISIC_0030755,bcc,bcc,8.666437e-10,0.99985564,auto_accept,n/a
ISIC_0031921,nv,nv,5.955745e-09,3.306549e-06,auto_accept,n/a
ISIC_0033814,mel,mel,0.0040218853,0.8534123,escalate,n/a
ISIC_0027603,nv,nv,0.0009391615,0.016599918,auto_accept,n/a
ISIC_0034132,mel,mel,6.0154234e-05,0.9753019,auto_accept,n/a
ISIC_0026926,nv,nv,0.00012279625,2.1625117e-06,auto_accept,n/a
ISIC_0024949,bcc,bcc,6.1482595e-08,0.9985667,auto_accept,n/a
ISIC_0029187,nv,nv,4.0685577e-06,0.0015453877,auto_accept,n/a
ISIC_0028105,nv,nv,4.5630918e-07,0.00011919531,auto_accept,n/a
ISIC_0032801,nv,nv,1.1356737e-10,1.2954447e-07,auto_accept,n/a
ISIC_0029278,bcc,bcc,0.000102190934,0.9911493,auto_accept,n/a
ISIC_0032591,nv,nv,0.0010482238,0.024463663,auto_accept,n/a
ISIC_0030899,nv,nv,9.2812465e-05,0.0028091122,auto_accept,n/a
ISIC_0029992,nv,nv,3.620182e-07,2.8504743e-07,auto_accept,n/a
ISIC_0030413,nv,nv,2.452424e-08,1.8196992e-05,auto_accept,n/a
ISIC_0030790,nv,bkl,0.005156045,0.13787533,escalate,n/a
ISIC_0033970,nv,nv,7.174475e-05,0.0020210894,auto_accept,n/a
ISIC_0031734,nv,nv,3.7000916e-08,4.4956446e-06,auto_accept,n/a
ISIC_0026989,mel,nv,1.1185286e-07,3.6227696e-08,auto_accept,n/a
ISIC_0029305,nv,nv,3.3178996e-05,1.0323395e-06,auto_accept,n/a
ISIC_0030935,bkl,bkl,0.00019541073,0.035574205,auto_accept,n/a
ISIC_0028022,mel,mel,1.0472323e-06,0.9992506,auto_accept,n/a
ISIC_0027442,mel,mel,0.0041499236,0.9069128,escalate,n/a
ISIC_0033477,mel,mel,1.6006383e-05,0.9933802,auto_accept,n/a
ISIC_0031598,mel,bkl,0.0047340533,0.06981684,escalate,n/a
ISIC_0029477,nv,nv,0.0017838692,0.0021077935,auto_accept,n/a
ISIC_0030547,nv,nv,2.1767254e-07,2.837842e-06,auto_accept,n/a
ISIC_0024469,nv,nv,6.741308e-07,1.4692088e-06,auto_accept,n/a
ISIC_0030188,bkl,bkl,0.0039444985,0.91236454,escalate,n/a
ISIC_0033014,nv,nv,0.0011439921,0.04721279,auto_accept,n/a
ISIC_0032811,nv,nv,0.00012814862,0.00633418,auto_accept,n/a
ISIC_0033937,nv,nv,5.440156e-06,0.00083033973,auto_accept,n/a
ISIC_0027553,nv,nv,2.0634981e-05,0.00044654834,auto_accept,n/a
ISIC_0026443,bkl,bkl,0.0037706874,0.04713556,escalate,n/a
ISIC_0030963,nv,nv,9.375627e-07,8.665718e-05,auto_accept,n/a
ISIC_0025833,nv,nv,6.0560397e-09,1.0149495e-06,auto_accept,n/a
ISIC_0028097,nv,nv,2.5690008e-07,2.7163818e-05,auto_accept,n/a
ISIC_0025647,nv,nv,0.00016973993,0.010434151,auto_accept,n/a
ISIC_0027529,akiec,akiec,2.4258146e-05,0.99769753,auto_accept,n/a
ISIC_0034267,nv,nv,5.4705037e-08,2.6450254e-05,auto_accept,n/a
ISIC_0030906,nv,nv,1.7049311e-05,0.0010872299,auto_accept,n/a
ISIC_0026832,nv,nv,6.1908846e-05,0.0021882378,auto_accept,n/a
ISIC_0026736,nv,nv,3.594439e-07,4.891084e-05,auto_accept,n/a
ISIC_0029312,nv,nv,0.00026939888,2.139376e-05,auto_accept,n/a
ISIC_0033341,nv,nv,9.172561e-06,0.0008739825,auto_accept,n/a
ISIC_0027607,nv,mel,0.005815984,0.6074853,escalate,n/a
ISIC_0027595,bcc,bcc,1.6389176e-07,0.9996196,auto_accept,n/a
ISIC_0024634,bcc,bcc,1.1989542e-06,0.99866295,auto_accept,n/a
ISIC_0032867,vasc,vasc,2.9620456e-05,0.0018649634,auto_accept,n/a
ISIC_0033663,mel,mel,0.0006832907,0.8799969,auto_accept,n/a
ISIC_0026267,nv,nv,3.573465e-06,0.00047881165,auto_accept,n/a
ISIC_0031783,bkl,bkl,0.0041113147,0.56284297,escalate,n/a
ISIC_0032930,nv,mel,0.004585379,0.8683478,escalate,n/a
ISIC_0027037,bkl,bkl,0.0036577897,0.5666925,escalate,n/a
ISIC_0026840,nv,nv,3.1970405e-05,0.00047521363,auto_accept,n/a
ISIC_0027157,nv,nv,5.754804e-08,1.7766859e-05,auto_accept,n/a
ISIC_0029966,nv,nv,4.5708504e-05,0.00010402071,auto_accept,n/a
ISIC_0031170,mel,bkl,0.0028821374,0.8049554,auto_accept,n/a
ISIC_0027578,nv,bkl,0.0021724515,0.14663407,auto_accept,n/a
ISIC_0032355,nv,nv,1.8624696e-07,3.8592734e-08,auto_accept,n/a
ISIC_0027933,nv,nv,7.2712265e-07,4.583492e-05,auto_accept,n/a
ISIC_0032253,nv,bkl,0.004041061,0.26270488,escalate,n/a
ISIC_0029457,nv,nv,0.004336936,0.2250218,escalate,n/a
ISIC_0031489,bcc,bcc,2.1280002e-07,0.99758923,auto_accept,n/a
ISIC_0033829,bkl,mel,0.0055150534,0.5926671,escalate,n/a
ISIC_0031660,nv,nv,0.0024200692,0.0662343,auto_accept,n/a
ISIC_0029056,mel,nv,0.0005090822,0.050823808,auto_accept,n/a
ISIC_0027914,nv,nv,4.9092083e-08,4.0534223e-06,auto_accept,n/a
ISIC_0027610,nv,nv,9.720623e-07,9.684785e-06,auto_accept,n/a
ISIC_0031709,mel,nv,0.0040196865,0.440009,escalate,n/a
ISIC_0033346,nv,bkl,0.0031273009,0.00537619,auto_accept,n/a
ISIC_0030208,bkl,bkl,1.15381525e-07,0.00024766295,auto_accept,n/a
ISIC_0026820,nv,nv,8.389988e-08,2.5866198e-05,auto_accept,n/a
ISIC_0032562,nv,nv,0.0061471523,0.36047626,escalate,n/a
ISIC_0029731,bkl,nv,0.005039435,0.0036740084,escalate,n/a
ISIC_0024998,nv,nv,1.2763075e-05,0.007566019,auto_accept,n/a
ISIC_0025126,nv,nv,1.7829743e-08,3.1987536e-06,auto_accept,n/a
ISIC_0027428,bkl,bkl,5.8823216e-06,7.98347e-05,auto_accept,n/a
ISIC_0029007,nv,nv,0.002027658,1.6567757e-06,auto_accept,n/a
ISIC_0029285,nv,nv,9.553172e-08,3.113961e-05,auto_accept,n/a
ISIC_0031968,nv,nv,3.0357408e-09,3.225983e-08,auto_accept,n/a
ISIC_0025143,nv,nv,9.419365e-08,5.8517784e-05,auto_accept,n/a
ISIC_0026377,nv,nv,0.012399003,2.4042716e-05,escalate,n/a
ISIC_0029593,nv,nv,4.3062545e-07,1.4729624e-05,auto_accept,n/a
ISIC_0034298,nv,mel,0.00012354903,0.9685052,auto_accept,n/a
ISIC_0032056,nv,nv,2.3280167e-07,1.5753216e-06,auto_accept,n/a
ISIC_0034281,nv,bkl,0.0059692897,0.09658329,escalate,n/a
ISIC_0029233,bkl,bkl,7.300377e-05,6.197397e-05,auto_accept,n/a
ISIC_0027137,nv,nv,0.0004098241,0.002210346,auto_accept,n/a
ISIC_0024882,nv,bkl,0.00039833898,0.0016660762,auto_accept,n/a
ISIC_0028305,nv,nv,0.000677426,0.08595626,auto_accept,n/a
ISIC_0027474,nv,nv,1.2126066e-05,0.0015769447,auto_accept,n/a
ISIC_0026555,nv,nv,3.739414e-05,0.00024273938,auto_accept,n/a
ISIC_0029719,nv,mel,9.663877e-05,0.9768039,auto_accept,n/a
ISIC_0032091,nv,nv,3.1544818e-09,7.167467e-06,auto_accept,n/a
ISIC_0032953,nv,nv,9.5568375e-08,2.5350084e-06,auto_accept,n/a
ISIC_0031758,nv,nv,3.2932568e-09,4.426297e-09,auto_accept,n/a
ISIC_0029196,nv,nv,0.0044538537,2.4289073e-05,escalate,n/a
ISIC_0030982,nv,nv,8.0226235e-09,1.8560931e-06,auto_accept,n/a
ISIC_0029827,akiec,akiec,8.804654e-06,0.9937849,auto_accept,n/a
ISIC_0031208,mel,mel,1.7898863e-07,0.9997923,auto_accept,n/a
ISIC_0028402,nv,nv,4.275965e-09,5.978379e-06,auto_accept,n/a
ISIC_0027968,nv,nv,2.7468295e-07,6.31773e-05,auto_accept,n/a
ISIC_0033189,nv,nv,0.00020966031,0.013958361,auto_accept,n/a
ISIC_0031661,nv,nv,2.3851153e-06,8.274944e-05,auto_accept,n/a
ISIC_0027820,bkl,bkl,0.00021262049,0.0010484937,auto_accept,n/a
ISIC_0028044,nv,nv,9.391113e-08,1.5998592e-07,auto_accept,n/a
ISIC_0032053,nv,nv,8.0133546e-08,1.3119773e-06,auto_accept,n/a
ISIC_0026386,nv,nv,7.9298076e-07,0.000109086075,auto_accept,n/a
ISIC_0031718,mel,mel,4.9053422e-05,0.97651494,auto_accept,n/a
ISIC_0027106,nv,nv,2.6064862e-07,1.1599154e-05,auto_accept,n/a
ISIC_0032221,nv,nv,0.0013012452,0.030934785,auto_accept,n/a
ISIC_0031936,nv,nv,1.908308e-06,0.00062742207,auto_accept,n/a
ISIC_0029720,nv,nv,2.4401033e-06,0.0006972712,auto_accept,n/a
ISIC_0033563,nv,nv,1.386505e-06,0.0006402364,auto_accept,n/a
ISIC_0032744,nv,nv,0.0006917603,5.657028e-05,auto_accept,n/a
ISIC_0033607,mel,nv,1.0092028e-05,0.0016983601,auto_accept,n/a
ISIC_0028878,mel,bkl,0.005776076,0.62313396,escalate,n/a
ISIC_0029620,nv,nv,8.224205e-05,0.0036694885,auto_accept,n/a
ISIC_0033333,mel,mel,2.1345362e-07,0.9988412,auto_accept,n/a
ISIC_0029795,nv,nv,7.1172497e-07,4.508525e-06,auto_accept,n/a
ISIC_0029534,nv,nv,0.0036558558,0.07674483,escalate,n/a
ISIC_0029440,nv,nv,0.00016039293,0.00027893053,auto_accept,n/a
ISIC_0028396,nv,nv,4.8645802e-08,7.3269352e-06,auto_accept,n/a
ISIC_0024398,nv,nv,1.1583927e-05,0.0002339187,auto_accept,n/a
ISIC_0029352,bcc,bcc,1.6986482e-05,0.992708,auto_accept,n/a
ISIC_0026373,nv,nv,4.9115805e-08,2.638051e-06,auto_accept,n/a
ISIC_0034025,nv,nv,7.1883886e-05,0.012650785,auto_accept,n/a
ISIC_0026334,nv,nv,9.537422e-09,4.013946e-06,auto_accept,n/a
ISIC_0028762,nv,nv,5.722063e-06,0.00030335062,auto_accept,n/a
ISIC_0031553,nv,nv,9.783442e-06,4.4256426e-06,auto_accept,n/a
ISIC_0028237,bkl,bkl,0.0018519128,0.32839724,auto_accept,n/a
ISIC_0034071,mel,mel,0.002085485,0.64768946,auto_accept,n/a
ISIC_0027955,nv,nv,2.5106888e-07,7.731706e-07,auto_accept,n/a
ISIC_0031465,bkl,bkl,0.0001962497,0.0024026919,auto_accept,n/a
ISIC_0031146,mel,mel,0.0032228937,0.65862286,auto_accept,n/a
ISIC_0029510,nv,nv,1.6529008e-05,6.929607e-05,auto_accept,n/a
ISIC_0029216,mel,mel,0.0010441995,0.92034924,auto_accept,n/a
ISIC_0027355,bkl,mel,0.0011938147,0.97840506,auto_accept,n/a
ISIC_0028482,nv,nv,5.7360326e-06,1.19502965e-05,auto_accept,n/a
ISIC_0028434,nv,nv,1.3270848e-08,1.6234887e-07,auto_accept,n/a
ISIC_0026547,nv,nv,1.4523453e-08,2.5388551e-06,auto_accept,n/a
ISIC_0032874,nv,mel,0.0001040166,0.9573687,auto_accept,n/a
ISIC_0027652,bkl,bkl,0.0058999457,0.88076985,escalate,n/a
ISIC_0033541,nv,nv,2.9611186e-07,4.6121633e-05,auto_accept,n/a
ISIC_0027899,nv,nv,3.5365723e-12,2.8455084e-08,auto_accept,n/a
ISIC_0030584,nv,nv,3.1160587e-05,0.0021536662,auto_accept,n/a
ISIC_0032643,bkl,bkl,4.8605823e-05,8.660595e-05,auto_accept,n/a
ISIC_0032670,nv,nv,2.4046705e-05,0.0023988192,auto_accept,n/a
ISIC_0025417,bcc,bcc,2.0368607e-05,0.9723937,auto_accept,n/a
ISIC_0034092,mel,mel,2.418517e-07,0.99915314,auto_accept,n/a
ISIC_0028591,nv,nv,0.0014409613,0.19035982,auto_accept,n/a
ISIC_0026667,nv,nv,1.794649e-08,9.321182e-06,auto_accept,n/a
ISIC_0025951,nv,nv,1.1423482e-06,9.1139504e-05,auto_accept,n/a
ISIC_0031849,nv,nv,4.2472433e-08,7.483895e-06,auto_accept,n/a
ISIC_0025248,mel,mel,0.0014780613,0.7358972,auto_accept,n/a
ISIC_0029159,nv,nv,2.2166525e-06,3.2056e-06,auto_accept,n/a
ISIC_0027636,nv,nv,0.00020131547,0.019821012,auto_accept,n/a
ISIC_0026105,mel,mel,5.894687e-05,0.9890561,auto_accept,n/a
ISIC_0025419,bkl,bkl,0.0007817149,0.029910855,auto_accept,n/a
ISIC_0032617,mel,mel,1.9030978e-05,0.9926196,auto_accept,n/a
ISIC_0031289,bkl,bkl,0.0016079659,0.7868462,auto_accept,n/a
ISIC_0029137,nv,nv,3.6949584e-06,0.0009670606,auto_accept,n/a
ISIC_0027681,bkl,bkl,1.3542503e-06,0.0011315375,auto_accept,n/a
ISIC_0029059,akiec,bcc,2.1702357e-05,0.9951137,auto_accept,n/a
ISIC_0024422,bkl,mel,0.003087676,0.97959536,auto_accept,n/a
ISIC_0033940,nv,nv,0.000612991,0.015806606,auto_accept,n/a
ISIC_0028667,nv,nv,3.9578726e-10,8.2773994e-08,auto_accept,n/a
ISIC_0031433,nv,nv,2.4426312e-05,0.001662764,auto_accept,n/a
ISIC_0026717,bkl,bkl,1.71147e-05,0.17367753,auto_accept,n/a
ISIC_0031923,nv,nv,1.4841253e-06,0.00038759175,auto_accept,n/a
ISIC_0033323,mel,mel,0.004497337,0.5187859,escalate,n/a
ISIC_0029304,nv,nv,2.9818787e-07,6.565578e-06,auto_accept,n/a
ISIC_0025356,nv,nv,2.759282e-07,1.706171e-05,auto_accept,n/a
ISIC_0030682,nv,nv,0.0020354956,0.0026526959,auto_accept,n/a
ISIC_0031711,mel,mel,6.3477376e-07,0.9996823,auto_accept,n/a
ISIC_0025776,nv,nv,1.7416316e-06,0.0002783885,auto_accept,n/a
ISIC_0031769,nv,bkl,2.3519218e-05,0.06479696,auto_accept,n/a
ISIC_0026613,nv,nv,3.444043e-05,0.003197823,auto_accept,n/a
ISIC_0024618,nv,bkl,0.0043917606,0.7640623,escalate,n/a
ISIC_0026879,nv,nv,6.709258e-08,3.8888816e-06,auto_accept,n/a
ISIC_0033030,nv,mel,0.00013379012,0.9709598,auto_accept,n/a
ISIC_0026814,nv,nv,9.507476e-10,1.3113451e-07,auto_accept,n/a
ISIC_0028670,bcc,bcc,1.9161018e-05,0.97516066,auto_accept,n/a
ISIC_0031741,mel,mel,0.00020089545,0.9058928,auto_accept,n/a
ISIC_0028886,nv,nv,5.0414797e-06,0.0007273517,auto_accept,n/a
ISIC_0031102,nv,nv,7.565473e-06,8.8129884e-05,auto_accept,n/a
ISIC_0031299,nv,nv,1.805878e-06,0.00030879083,auto_accept,n/a
ISIC_0029403,nv,nv,1.8276903e-07,6.9121484e-06,auto_accept,n/a
ISIC_0027207,nv,nv,1.9452209e-05,1.7298252e-06,auto_accept,n/a
ISIC_0028054,nv,nv,2.2845086e-06,1.5928019e-05,auto_accept,n/a
ISIC_0030152,nv,nv,2.3246096e-07,4.7175445e-06,auto_accept,n/a
ISIC_0033152,mel,nv,1.4466889e-05,0.0022789703,auto_accept,n/a
ISIC_0026563,nv,nv,1.349743e-06,6.1569226e-05,auto_accept,n/a
ISIC_0025370,nv,nv,1.5942743e-06,0.00011303221,auto_accept,n/a
ISIC_0024979,nv,nv,8.114325e-06,7.674299e-06,auto_accept,n/a
ISIC_0030519,nv,nv,0.0017039997,5.4023654e-05,auto_accept,n/a
ISIC_0034240,nv,mel,0.0054715695,0.42263904,escalate,n/a
ISIC_0032090,nv,bcc,0.00016533968,0.971754,auto_accept,n/a
ISIC_0031136,nv,nv,9.867005e-07,2.5687968e-06,auto_accept,n/a
ISIC_0025435,nv,nv,1.2470974e-10,2.6850396e-08,auto_accept,n/a
ISIC_0026317,nv,nv,2.932092e-09,4.9740596e-08,auto_accept,n/a
ISIC_0029684,nv,nv,0.00018391269,6.33214e-05,auto_accept,n/a
ISIC_0026265,bkl,bkl,0.00013564968,0.005552305,auto_accept,n/a
ISIC_0028442,mel,mel,0.00015810171,0.9938637,auto_accept,n/a
ISIC_0027178,akiec,akiec,1.2306537e-06,0.9992756,auto_accept,n/a
ISIC_0026714,bkl,bkl,5.84756e-06,0.0014619387,auto_accept,n/a
ISIC_0031881,nv,nv,4.1139858e-05,0.011055372,auto_accept,n/a
ISIC_0029685,nv,nv,7.2549406e-06,1.0724548e-05,auto_accept,n/a
ISIC_0030840,nv,nv,0.004374459,0.004436031,escalate,n/a
ISIC_0034180,mel,mel,6.40086e-06,0.9946926,auto_accept,n/a
ISIC_0027367,bkl,mel,0.00062978925,0.91038203,auto_accept,n/a
ISIC_0025904,mel,mel,2.0456597e-05,0.9829522,auto_accept,n/a
ISIC_0029142,nv,nv,6.908906e-06,4.5887746e-06,auto_accept,n/a
ISIC_0030388,nv,nv,1.832694e-07,5.9047114e-05,auto_accept,n/a
ISIC_0024376,nv,nv,3.663048e-05,9.482488e-05,auto_accept,n/a
ISIC_0031110,nv,nv,2.4061e-07,7.948317e-06,auto_accept,n/a
ISIC_0028295,nv,nv,1.5336556e-06,3.2700085e-05,auto_accept,n/a
ISIC_0025529,bkl,bkl,4.274206e-06,0.0035653538,auto_accept,n/a
ISIC_0032423,nv,mel,0.00018423024,0.95119244,auto_accept,n/a
ISIC_0026204,nv,nv,7.7428525e-10,3.7844916e-07,auto_accept,n/a
ISIC_0033217,mel,mel,0.0031708037,0.9016305,auto_accept,n/a
ISIC_0024726,bkl,bkl,8.9118566e-07,0.0017699467,auto_accept,n/a
ISIC_0033908,bkl,bkl,6.793548e-08,0.0001399592,auto_accept,n/a
ISIC_0031957,mel,bkl,0.0069718016,0.01682168,escalate,n/a
ISIC_0034104,mel,mel,1.993938e-07,0.9997596,auto_accept,n/a
ISIC_0029968,nv,nv,1.1176975e-05,0.00023217822,auto_accept,n/a
ISIC_0026139,bkl,bkl,1.6662667e-06,0.014899173,auto_accept,n/a
ISIC_0025038,bkl,bkl,0.0010874624,0.053234152,auto_accept,n/a
ISIC_0027764,nv,nv,1.2276932e-06,4.3629356e-05,auto_accept,n/a
ISIC_0028945,nv,nv,0.007764408,0.004725531,escalate,n/a
ISIC_0027214,nv,nv,8.6048074e-10,1.2532325e-07,auto_accept,n/a
ISIC_0028713,nv,nv,2.3835262e-10,5.3929714e-08,auto_accept,n/a
ISIC_0031265,nv,nv,8.3389054e-08,2.6810844e-06,auto_accept,n/a
ISIC_0028462,nv,nv,3.0535543e-06,9.4449194e-07,auto_accept,n/a
ISIC_0029855,nv,bcc,7.756933e-06,0.9562627,auto_accept,n/a
ISIC_0031210,nv,nv,1.1941895e-06,0.00012487179,auto_accept,n/a
ISIC_0024352,nv,mel,0.009188534,0.4051372,escalate,n/a
ISIC_0030467,nv,nv,2.5339505e-08,5.3384465e-05,auto_accept,n/a
ISIC_0032822,nv,mel,0.003781749,0.77443975,escalate,n/a
ISIC_0026092,vasc,vasc,3.1444618e-08,0.0013652478,auto_accept,n/a
ISIC_0029770,bkl,bkl,0.0038005302,0.70452094,escalate,n/a
ISIC_0025941,mel,mel,0.0029633192,0.73158437,auto_accept,n/a
ISIC_0029699,nv,nv,0.0007036116,8.3710176e-05,auto_accept,n/a
ISIC_0026716,bcc,bcc,6.8753536e-05,0.98511744,auto_accept,n/a
ISIC_0027438,nv,nv,5.534583e-10,5.1730035e-07,auto_accept,n/a
ISIC_0029969,nv,nv,0.009053604,4.5654988e-07,escalate,n/a
ISIC_0030861,nv,nv,4.438411e-07,1.2045826e-05,auto_accept,n/a
ISIC_0027468,nv,nv,0.00087316387,0.014506552,auto_accept,n/a
ISIC_0030707,akiec,bcc,0.005178303,0.8448028,escalate,n/a
ISIC_0024827,nv,nv,0.0024459593,0.019441761,auto_accept,n/a
ISIC_0030394,bkl,bkl,2.3127839e-06,0.0020783353,auto_accept,n/a
ISIC_0025558,nv,nv,9.670746e-08,4.060592e-05,auto_accept,n/a
ISIC_0031637,nv,nv,1.7911735e-06,6.859483e-07,auto_accept,n/a
ISIC_0027264,nv,nv,0.0026402886,0.23990326,auto_accept,n/a
ISIC_0030076,akiec,akiec,0.0037108732,0.9228467,escalate,n/a
ISIC_0028569,nv,nv,6.4533485e-09,7.3373707e-07,auto_accept,n/a
ISIC_0029246,nv,nv,6.4957505e-11,1.5958324e-08,auto_accept,n/a
ISIC_0028177,nv,nv,1.3056617e-05,5.4921366e-05,auto_accept,n/a
ISIC_0028653,bcc,bcc,3.178209e-06,0.98644626,auto_accept,n/a
ISIC_0033572,nv,mel,0.0032306358,0.7420381,auto_accept,n/a
ISIC_0032814,nv,nv,1.1893568e-06,1.0124911e-05,auto_accept,n/a
ISIC_0026701,nv,nv,0.004114729,1.2047902e-06,escalate,n/a
ISIC_0027394,bkl,bkl,0.0005032801,0.112220384,auto_accept,n/a
ISIC_0027320,bkl,mel,0.0035906245,0.9005612,escalate,n/a
ISIC_0027695,nv,nv,1.4537771e-07,1.905665e-05,auto_accept,n/a
ISIC_0033780,df,df,8.7604114e-08,0.0016713159,auto_accept,n/a
ISIC_0030348,nv,nv,0.00034017462,0.0049669277,auto_accept,n/a
ISIC_0027396,nv,nv,2.9904466e-09,3.191524e-07,auto_accept,n/a
ISIC_0031975,nv,mel,0.003213159,0.73398066,auto_accept,n/a
ISIC_0026818,nv,nv,0.0005141663,0.012445374,auto_accept,n/a
ISIC_0025470,bkl,bkl,4.76805e-07,0.0003159763,auto_accept,n/a
ISIC_0027894,nv,nv,4.65138e-06,7.40689e-05,auto_accept,n/a
ISIC_0028369,nv,nv,4.4173852e-08,5.230126e-06,auto_accept,n/a
ISIC_0027203,nv,mel,0.002247704,0.8656894,auto_accept,n/a
ISIC_0028967,nv,nv,6.3842344e-07,8.776559e-06,auto_accept,n/a
ISIC_0029168,nv,nv,8.38401e-07,4.3869077e-06,auto_accept,n/a
ISIC_0029554,nv,bcc,2.4157005e-06,0.99072343,auto_accept,n/a
ISIC_0029494,nv,nv,1.5475658e-07,2.213166e-07,auto_accept,n/a
ISIC_0025364,nv,nv,1.0967896e-06,3.7038273e-05,auto_accept,n/a
ISIC_0029907,nv,nv,2.049816e-08,3.576179e-06,auto_accept,n/a
ISIC_0026243,nv,nv,1.6560636e-08,3.0362182e-07,auto_accept,n/a
ISIC_0024811,nv,nv,4.5039877e-07,5.4233325e-05,auto_accept,n/a
ISIC_0026229,mel,mel,0.00014036382,0.9466004,auto_accept,n/a
ISIC_0026342,nv,nv,7.2046086e-10,2.2607582e-08,auto_accept,n/a
ISIC_0025923,nv,nv,4.1708457e-08,2.1217964e-05,auto_accept,n/a
ISIC_0025368,akiec,akiec,0.00042931,0.9974999,auto_accept,n/a
ISIC_0025418,nv,nv,7.016619e-09,3.0979745e-08,auto_accept,n/a
ISIC_0031653,nv,nv,8.1119694e-08,1.2314689e-06,auto_accept,n/a
ISIC_0033039,nv,nv,8.227968e-05,0.0001693815,auto_accept,n/a
ISIC_0033729,nv,nv,0.00038355845,0.027093902,auto_accept,n/a
ISIC_0030450,nv,nv,2.7455296e-06,1.2343331e-06,auto_accept,n/a
ISIC_0033902,mel,mel,3.420599e-05,0.9879197,auto_accept,n/a
ISIC_0024481,mel,mel,0.00066122314,0.8778945,auto_accept,n/a
ISIC_0026882,nv,nv,4.938774e-06,0.0002654147,auto_accept,n/a
ISIC_0026294,nv,nv,1.336365e-07,1.497277e-08,auto_accept,n/a
ISIC_0033619,mel,mel,2.5923007e-06,0.99946326,auto_accept,n/a
ISIC_0029651,mel,mel,0.00017519764,0.9348667,auto_accept,n/a
ISIC_0025494,nv,nv,7.34464e-07,0.00012555714,auto_accept,n/a
ISIC_0025176,nv,nv,8.1897924e-05,0.00078188564,auto_accept,n/a
ISIC_0029251,bkl,bkl,3.2140135e-05,1.7487041e-06,auto_accept,n/a
ISIC_0027531,bcc,bcc,5.422022e-06,0.98592085,auto_accept,n/a
ISIC_0034084,nv,nv,0.00021503768,0.0027708272,auto_accept,n/a
ISIC_0026674,nv,mel,0.0024829905,0.83204865,auto_accept,n/a
ISIC_0030883,mel,mel,0.0027795325,0.85074717,auto_accept,n/a
ISIC_0030972,nv,nv,6.1667242e-06,0.000117507705,auto_accept,n/a
ISIC_0030083,mel,mel,8.33276e-06,0.9930761,auto_accept,n/a
ISIC_0027082,nv,nv,0.0004702713,0.00010338014,auto_accept,n/a
ISIC_0028140,nv,nv,1.1589186e-05,0.00017216231,auto_accept,n/a
ISIC_0027752,nv,nv,1.2594458e-07,1.5090268e-07,auto_accept,n/a
ISIC_0030522,bkl,nv,0.0015618898,0.0014854183,auto_accept,n/a
ISIC_0031329,bkl,bkl,1.059127e-07,0.0009827708,auto_accept,n/a
ISIC_0024939,nv,nv,7.2832584e-08,2.8332835e-07,auto_accept,n/a
ISIC_0027121,nv,nv,1.6960765e-06,1.47115015e-05,auto_accept,n/a
ISIC_0034066,bcc,bcc,7.594237e-07,0.9972166,auto_accept,n/a
ISIC_0028477,nv,nv,2.1752182e-06,0.0009832967,auto_accept,n/a
ISIC_0025369,nv,nv,9.000602e-09,1.5837993e-06,auto_accept,n/a
ISIC_0024813,nv,nv,2.1907905e-05,0.0139604425,auto_accept,n/a
ISIC_0033618,nv,mel,0.008886224,0.7516291,escalate,n/a
ISIC_0026944,nv,nv,1.3483689e-05,7.708485e-07,auto_accept,n/a
ISIC_0034264,nv,nv,0.0037941851,0.17824854,escalate,n/a
ISIC_0033144,nv,nv,0.0008458866,0.028290424,auto_accept,n/a
ISIC_0026956,nv,bcc,0.0002739989,0.93942726,auto_accept,n/a
ISIC_0026150,mel,mel,5.8990747e-05,0.9683082,auto_accept,n/a
ISIC_0027957,bkl,bkl,0.00017509244,0.0044792406,auto_accept,n/a
ISIC_0028011,nv,nv,2.0341375e-07,5.587284e-06,auto_accept,n/a
ISIC_0026529,nv,nv,1.2485551e-06,5.5190828e-08,auto_accept,n/a
ISIC_0030087,nv,nv,6.42103e-09,1.1744239e-08,auto_accept,n/a
ISIC_0027319,nv,nv,6.727971e-05,0.0012599396,auto_accept,n/a
ISIC_0026776,nv,nv,6.500862e-08,6.171549e-07,auto_accept,n/a
ISIC_0031487,nv,nv,5.196565e-06,3.0116305e-06,auto_accept,n/a
ISIC_0025232,nv,nv,7.0492206e-08,4.9116214e-05,auto_accept,n/a
ISIC_0025587,nv,nv,0.00010551589,0.055691406,auto_accept,n/a
ISIC_0032236,nv,nv,7.749292e-05,0.0026423011,auto_accept,n/a
ISIC_0027363,nv,nv,3.1138148e-07,6.8506642e-06,auto_accept,n/a
ISIC_0025006,nv,nv,9.655436e-08,8.94621e-09,auto_accept,n/a
ISIC_0028792,bkl,bkl,3.0546125e-06,0.0015477218,auto_accept,n/a
ISIC_0027624,nv,nv,2.8127206e-10,1.1423998e-07,auto_accept,n/a
ISIC_0033673,nv,nv,0.0012676277,0.00986291,auto_accept,n/a
ISIC_0032063,bkl,bkl,3.004041e-07,2.0552996e-05,auto_accept,n/a
ISIC_0030993,nv,nv,2.731392e-06,4.4693817e-05,auto_accept,n/a
ISIC_0028180,bkl,bkl,0.00029961267,0.013239681,auto_accept,n/a
ISIC_0032016,nv,nv,4.9336995e-07,6.064706e-08,auto_accept,n/a
ISIC_0033191,nv,nv,8.773136e-07,0.00011017495,auto_accept,n/a
ISIC_0033137,nv,nv,1.875371e-06,0.00021084506,auto_accept,n/a
ISIC_0030818,mel,mel,0.007782037,0.5237857,escalate,n/a
ISIC_0032700,nv,vasc,0.009782198,0.0025353453,escalate,n/a
ISIC_0027970,nv,nv,5.8416413e-06,0.0006551129,auto_accept,n/a
ISIC_0025875,nv,nv,6.9426596e-06,0.0001045683,auto_accept,n/a
ISIC_0031149,nv,nv,1.6119764e-05,0.0028228504,auto_accept,n/a
ISIC_0030542,bkl,bkl,3.437375e-06,0.027968176,auto_accept,n/a
ISIC_0027201,nv,nv,0.0009165422,0.0023031412,auto_accept,n/a
ISIC_0033069,nv,nv,0.0013693484,0.019799905,auto_accept,n/a
ISIC_0033369,mel,mel,6.9292887e-06,0.99088013,auto_accept,n/a
ISIC_0029370,mel,mel,1.5608983e-05,0.9921475,auto_accept,n/a
ISIC_0031764,nv,nv,1.2606652e-09,3.5337632e-07,auto_accept,n/a
ISIC_0024901,nv,nv,4.8032147e-09,3.3456736e-08,auto_accept,n/a
ISIC_0033635,bkl,bkl,2.4651165e-06,2.757469e-05,auto_accept,n/a
ISIC_0024471,bkl,bkl,5.177115e-07,0.000722885,auto_accept,n/a
ISIC_0031965,nv,nv,0.004030639,0.06261613,escalate,n/a
ISIC_0027777,nv,nv,1.5712767e-09,9.3495686e-08,auto_accept,n/a
ISIC_0026911,nv,nv,0.008076584,0.46379933,escalate,n/a
ISIC_0030611,nv,nv,1.2348068e-09,6.925331e-07,auto_accept,n/a
ISIC_0028501,nv,nv,2.6487343e-09,2.283734e-06,auto_accept,n/a
ISIC_0028024,nv,nv,2.1398006e-09,3.7782988e-10,auto_accept,n/a
ISIC_0026285,nv,nv,2.6227773e-10,1.4844743e-09,auto_accept,n/a
ISIC_0026167,mel,mel,0.008606295,0.5722942,escalate,n/a
ISIC_0028494,nv,nv,8.469657e-09,5.4717757e-06,auto_accept,n/a
ISIC_0028786,nv,nv,3.052354e-06,0.00024695654,auto_accept,n/a
ISIC_0031255,nv,nv,0.0013211534,0.034589134,auto_accept,n/a
ISIC_0028806,nv,nv,2.6666644e-08,1.7100485e-08,auto_accept,n/a
ISIC_0032377,nv,nv,8.6869695e-06,2.1066266e-05,auto_accept,n/a
ISIC_0030106,mel,mel,1.1186666e-05,0.99663746,auto_accept,n/a
ISIC_0027151,bkl,nv,0.0006680164,0.04324338,auto_accept,n/a
ISIC_0030791,nv,nv,2.7994756e-07,3.5782796e-05,auto_accept,n/a
ISIC_0032301,nv,nv,2.6675812e-06,0.0001744693,auto_accept,n/a
ISIC_0028954,nv,nv,3.5229804e-09,4.24393e-07,auto_accept,n/a
ISIC_0032027,nv,mel,0.0043766047,0.6909697,escalate,n/a
ISIC_0032157,nv,mel,0.002671065,0.7298963,auto_accept,n/a
ISIC_0026101,nv,nv,3.5385077e-05,0.010233667,auto_accept,n/a
ISIC_0031539,bcc,bcc,0.008251235,0.32113326,escalate,n/a
ISIC_0032431,nv,nv,1.1539675e-07,3.0477938e-07,auto_accept,n/a
ISIC_0030824,mel,mel,2.7375572e-07,0.99988246,auto_accept,n/a
ISIC_0032255,nv,nv,6.6380966e-07,7.2430653e-06,auto_accept,n/a
ISIC_0026170,nv,nv,1.3541654e-08,7.0278243e-06,auto_accept,n/a
ISIC_0028851,nv,nv,5.1767267e-05,0.0061729955,auto_accept,n/a
ISIC_0028294,bkl,bkl,8.1518056e-07,0.016977629,auto_accept,n/a
ISIC_0027900,mel,bkl,0.0042035105,0.066975534,escalate,n/a
ISIC_0031655,nv,nv,4.629143e-07,3.8275586e-05,auto_accept,n/a
ISIC_0027386,nv,nv,1.6068851e-08,4.323337e-06,auto_accept,n/a
ISIC_0033034,mel,mel,0.00047083665,0.90795934,auto_accept,n/a
ISIC_0026599,nv,bcc,0.005576463,0.6048144,escalate,n/a
ISIC_0024946,akiec,akiec,2.7951764e-05,0.9995241,auto_accept,n/a
ISIC_0030185,nv,nv,8.8198394e-05,3.924082e-05,auto_accept,n/a
ISIC_0026721,nv,nv,3.8439443e-09,5.2392245e-08,auto_accept,n/a
ISIC_0033063,mel,mel,6.423669e-05,0.9732931,auto_accept,n/a
ISIC_0028683,nv,nv,2.6240642e-07,8.090549e-06,auto_accept,n/a
ISIC_0033832,nv,nv,0.0024323866,0.02330578,auto_accept,n/a
ISIC_0034308,nv,nv,0.00017739004,0.004711562,auto_accept,n/a
ISIC_0033106,nv,mel,0.00023041572,0.8802898,auto_accept,n/a
ISIC_0034317,mel,mel,0.00048142322,0.9862612,auto_accept,n/a
ISIC_0033304,mel,mel,4.5760916e-07,0.9981369,auto_accept,n/a
ISIC_0024572,bcc,bcc,0.0016904433,0.8842609,auto_accept,n/a
ISIC_0033893,mel,mel,0.0031105161,0.8693653,auto_accept,n/a
ISIC_0030250,nv,nv,1.8326732e-07,2.431211e-05,auto_accept,n/a
ISIC_0024494,bkl,mel,0.005575363,0.4219464,escalate,n/a
ISIC_0031642,mel,mel,0.0002632243,0.9684507,auto_accept,n/a
ISIC_0032531,mel,mel,4.1659728e-10,0.9999882,auto_accept,n/a
ISIC_0027482,nv,nv,1.0868918e-08,2.9220748e-06,auto_accept,n/a
ISIC_0027016,nv,nv,7.684083e-06,1.9697334e-08,auto_accept,n/a
ISIC_0028922,nv,nv,3.157133e-05,0.00017762162,auto_accept,n/a
ISIC_0029942,nv,nv,5.774154e-08,1.2542014e-06,auto_accept,n/a
ISIC_0027935,nv,nv,1.2790553e-05,0.0005466187,auto_accept,n/a
ISIC_0033765,nv,nv,3.0626463e-05,0.008121811,auto_accept,n/a
ISIC_0024688,mel,mel,0.0009114694,0.9789963,auto_accept,n/a
ISIC_0031467,nv,nv,2.3146156e-09,1.9037009e-07,auto_accept,n/a
ISIC_0026226,nv,bcc,1.67758e-05,0.9757456,auto_accept,n/a
ISIC_0025065,nv,nv,6.192207e-05,0.0039881887,auto_accept,n/a
ISIC_0025279,nv,nv,8.729451e-06,0.00013274643,auto_accept,n/a
ISIC_0027208,nv,nv,1.4658781e-07,5.73656e-05,auto_accept,n/a
ISIC_0029920,nv,nv,8.0927075e-06,0.0023625023,auto_accept,n/a
ISIC_0032946,nv,nv,0.00051423465,0.0006566078,auto_accept,n/a
ISIC_0032154,akiec,nv,0.0029235927,0.34728926,auto_accept,n/a
ISIC_0030984,nv,nv,8.501563e-10,3.7257897e-07,auto_accept,n/a
ISIC_0034242,mel,mel,2.6620874e-06,0.99867463,auto_accept,n/a
ISIC_0031634,nv,nv,1.3760139e-07,4.3840013e-05,auto_accept,n/a
ISIC_0033232,mel,mel,0.00093850255,0.9210585,auto_accept,n/a
ISIC_0031802,nv,nv,1.7803235e-05,0.004418311,auto_accept,n/a
ISIC_0029524,bcc,bcc,2.0099874e-07,0.9997483,auto_accept,n/a
ISIC_0027802,akiec,akiec,1.3841687e-08,0.9998988,auto_accept,n/a
ISIC_0025880,nv,nv,1.1003851e-06,9.029425e-05,auto_accept,n/a
ISIC_0033627,nv,nv,0.0038276024,0.30418137,escalate,n/a
ISIC_0031183,nv,nv,1.1962346e-06,5.3992546e-05,auto_accept,n/a
ISIC_0034159,mel,mel,8.269259e-06,0.9977477,auto_accept,n/a
ISIC_0031528,bkl,mel,0.0024491942,0.8171464,auto_accept,n/a
ISIC_0033763,nv,nv,2.6210135e-05,0.0023131832,auto_accept,n/a
ISIC_0028379,nv,nv,9.961228e-08,7.477065e-07,auto_accept,n/a
ISIC_0031800,nv,nv,6.6222793e-07,5.1425295e-06,auto_accept,n/a
ISIC_0031320,nv,nv,8.069368e-08,4.458357e-07,auto_accept,n/a
ISIC_0029848,nv,nv,4.864723e-08,1.3798663e-06,auto_accept,n/a
ISIC_0029100,bkl,bkl,4.0730356e-07,0.0021048125,auto_accept,n/a
ISIC_0027350,mel,nv,0.00030574674,0.0056389826,auto_accept,n/a
ISIC_0027323,nv,nv,0.0002806277,0.026497576,auto_accept,n/a
ISIC_0025229,nv,nv,6.492464e-09,4.701098e-06,auto_accept,n/a
ISIC_0029598,akiec,akiec,8.6388145e-06,0.99842864,auto_accept,n/a
ISIC_0032195,nv,nv,0.00034437462,0.033427067,auto_accept,n/a
ISIC_0027730,nv,nv,2.66085e-09,6.664982e-07,auto_accept,n/a
ISIC_0029309,akiec,akiec,0.00022752941,0.9989411,auto_accept,n/a
ISIC_0033660,bkl,bkl,1.9765173e-06,0.00058732403,auto_accept,n/a
ISIC_0029180,nv,nv,1.5399674e-08,1.4346516e-07,auto_accept,n/a
ISIC_0024505,bkl,bkl,0.0024680349,0.7100978,auto_accept,n/a
ISIC_0027149,mel,mel,3.8089038e-05,0.9838749,auto_accept,n/a
ISIC_0027216,df,df,7.908098e-06,8.942307e-05,auto_accept,n/a
ISIC_0026973,nv,nv,3.0216614e-07,1.0067577e-07,auto_accept,n/a
ISIC_0032331,mel,mel,2.0918724e-05,0.99482805,auto_accept,n/a
ISIC_0025456,nv,nv,1.5789523e-05,0.0051114056,auto_accept,n/a
ISIC_0025870,nv,nv,0.0017753796,0.0028083113,auto_accept,n/a
ISIC_0031066,nv,nv,7.50748e-07,7.0340934e-06,auto_accept,n/a
ISIC_0027604,mel,mel,0.00064572284,0.8435405,auto_accept,n/a
ISIC_0032295,nv,nv,4.433253e-06,0.00014876272,auto_accept,n/a
ISIC_0031232,nv,nv,2.2140208e-08,8.567326e-06,auto_accept,n/a
ISIC_0028956,nv,nv,1.6907439e-08,6.102895e-07,auto_accept,n/a
ISIC_0030633,nv,nv,0.00029939966,6.226513e-05,auto_accept,n/a
ISIC_0033535,nv,nv,9.238605e-07,0.0014442543,auto_accept,n/a
ISIC_0033971,nv,nv,0.00986696,0.26472226,escalate,n/a
ISIC_0031684,nv,nv,3.971401e-07,2.4435047e-05,auto_accept,n/a
ISIC_0033980,mel,nv,0.00038520852,0.027747756,auto_accept,n/a
ISIC_0030090,nv,nv,2.6065885e-08,3.8855556e-05,auto_accept,n/a
ISIC_0029451,nv,nv,4.247374e-07,0.00028578728,auto_accept,n/a
ISIC_0029298,nv,nv,0.001113376,0.058663122,auto_accept,n/a
ISIC_0033326,nv,nv,7.725533e-06,0.00047450344,auto_accept,n/a
ISIC_0031777,nv,nv,1.2463873e-06,4.3683187e-05,auto_accept,n/a
ISIC_0030806,bkl,akiec,0.0030971717,0.6982857,auto_accept,n/a
ISIC_0029378,nv,nv,0.00016509711,1.9687848e-05,auto_accept,n/a
ISIC_0032367,nv,nv,7.886239e-06,0.0006441625,auto_accept,n/a
ISIC_0024441,nv,nv,0.00021001873,0.018931873,auto_accept,n/a
ISIC_0024942,nv,nv,2.3845357e-07,1.5916463e-05,auto_accept,n/a
ISIC_0031493,nv,nv,6.316669e-06,0.00011334641,auto_accept,n/a
ISIC_0032645,mel,mel,4.9926774e-07,0.99815375,auto_accept,n/a
ISIC_0032136,nv,nv,1.6621065e-05,0.00402544,auto_accept,n/a
ISIC_0028388,bkl,bkl,0.0029379693,0.22968107,auto_accept,n/a
ISIC_0026396,nv,nv,3.1774869e-06,8.617386e-06,auto_accept,n/a
ISIC_0030343,nv,nv,6.379449e-06,0.000570007,auto_accept,n/a
ISIC_0027335,bkl,bkl,0.004635329,0.7820868,escalate,n/a
ISIC_0029808,nv,nv,0.00022250142,0.0004519118,auto_accept,n/a
ISIC_0030944,nv,nv,0.0012656016,0.00026103822,auto_accept,n/a
ISIC_0033067,nv,nv,4.8670678e-05,0.0045557204,auto_accept,n/a
ISIC_0024711,bkl,nv,0.0044586626,0.08410567,escalate,n/a
ISIC_0028090,nv,nv,5.813512e-06,0.00041901472,auto_accept,n/a
ISIC_0025859,nv,nv,5.3733373e-07,2.6011598e-06,auto_accept,n/a
ISIC_0031384,bcc,bcc,2.4990726e-07,0.9942517,auto_accept,n/a
ISIC_0024355,nv,nv,2.999719e-09,6.580715e-07,auto_accept,n/a
ISIC_0027479,nv,nv,7.8974296e-07,0.000113768176,auto_accept,n/a
ISIC_0032395,bkl,bkl,1.7209195e-05,0.06388751,auto_accept,n/a
ISIC_0033022,bkl,bkl,2.2730994e-06,0.038525585,auto_accept,n/a
ISIC_0026962,nv,nv,1.9624449e-07,1.9433037e-06,auto_accept,n/a
ISIC_0025363,mel,mel,0.00076145056,0.94435316,auto_accept,n/a
ISIC_0032342,nv,nv,0.00085224176,0.018759549,auto_accept,n/a
ISIC_0027535,nv,bkl,0.004626598,0.020969711,escalate,n/a
ISIC_0029767,nv,nv,8.941198e-09,2.4619374e-07,auto_accept,n/a
ISIC_0029439,vasc,vasc,3.3492793e-07,3.5552457e-05,auto_accept,n/a
ISIC_0033656,nv,nv,3.2366053e-05,0.0009806952,auto_accept,n/a
ISIC_0024385,nv,nv,0.0019726916,0.056271583,auto_accept,n/a
ISIC_0027656,nv,nv,1.49090165e-05,0.0006065614,auto_accept,n/a
ISIC_0031645,nv,nv,0.007175326,0.2494863,escalate,n/a
ISIC_0026360,mel,mel,7.070386e-05,0.9740864,auto_accept,n/a
ISIC_0027906,nv,nv,0.000118156946,0.0003581231,auto_accept,n/a
ISIC_0031595,nv,nv,6.463922e-05,0.0019751703,auto_accept,n/a
ISIC_0030591,akiec,akiec,2.1390528e-05,0.992572,auto_accept,n/a
ISIC_0034039,nv,nv,0.00012456885,0.005919441,auto_accept,n/a
ISIC_0030224,nv,nv,7.4872247e-07,1.0311832e-05,auto_accept,n/a
ISIC_0032317,nv,nv,7.478282e-07,2.287472e-05,auto_accept,n/a
ISIC_0026719,nv,nv,8.862161e-06,0.0033303273,auto_accept,n/a
ISIC_0029239,nv,nv,4.795468e-08,4.0475945e-07,auto_accept,n/a
ISIC_0025300,nv,nv,1.26638415e-05,0.00080290297,auto_accept,n/a
ISIC_0027560,mel,mel,7.764658e-06,0.9971827,auto_accept,n/a
ISIC_0025214,nv,mel,0.0006260909,0.8472536,auto_accept,n/a
ISIC_0031757,nv,nv,6.3689513e-06,5.969139e-05,auto_accept,n/a
ISIC_0028904,nv,nv,2.1456432e-05,1.7514334e-07,auto_accept,n/a
ISIC_0031423,nv,nv,1.6080641e-09,9.625826e-08,auto_accept,n/a
ISIC_0028259,nv,nv,9.78407e-07,1.07636076e-07,auto_accept,n/a
ISIC_0027491,nv,nv,2.0315003e-06,0.0036229212,auto_accept,n/a
ISIC_0027315,nv,nv,0.00032951127,2.4923365e-05,auto_accept,n/a
ISIC_0025407,nv,nv,1.7596184e-07,1.8522262e-05,auto_accept,n/a
ISIC_0032300,nv,nv,0.00018184287,0.015818732,auto_accept,n/a
ISIC_0034194,nv,nv,4.8929164e-06,0.002593947,auto_accept,n/a
ISIC_0025145,mel,mel,5.125346e-06,0.997086,auto_accept,n/a
ISIC_0028322,nv,nv,2.2504628e-06,3.9470956e-07,auto_accept,n/a
ISIC_0027160,nv,nv,5.0959305e-05,0.000105667896,auto_accept,n/a
ISIC_0028917,nv,nv,2.0568577e-06,0.0001943467,auto_accept,n/a
ISIC_0030374,nv,nv,7.48418e-09,4.1267648e-07,auto_accept,n/a
ISIC_0025263,nv,nv,2.0928191e-07,1.3640531e-06,auto_accept,n/a
ISIC_0026521,nv,nv,5.8492157e-07,1.2163305e-06,auto_accept,n/a
ISIC_0029614,nv,nv,6.794398e-06,0.001489206,auto_accept,n/a
ISIC_0024449,mel,mel,8.512183e-05,0.9749458,auto_accept,n/a
ISIC_0029470,nv,mel,0.0070223166,0.5720714,escalate,n/a
ISIC_0026185,nv,nv,3.0201113e-07,2.398956e-06,auto_accept,n/a
ISIC_0030013,nv,nv,1.10907e-09,2.4661957e-09,auto_accept,n/a
ISIC_0031585,bcc,bcc,1.1129074e-05,0.9953057,auto_accept,n/a
ISIC_0026763,nv,nv,3.8824428e-08,6.580213e-07,auto_accept,n/a
ISIC_0033234,nv,nv,2.0289195e-05,0.0024657103,auto_accept,n/a
ISIC_0027947,nv,nv,5.341757e-07,6.680053e-06,auto_accept,n/a
ISIC_0024437,nv,nv,0.0007230804,0.00064544554,auto_accept,n/a
ISIC_0031683,nv,nv,6.454655e-07,1.1625666e-05,auto_accept,n/a
ISIC_0026906,nv,nv,8.358123e-07,8.12213e-07,auto_accept,n/a
ISIC_0026331,nv,nv,2.9822825e-08,9.338498e-07,auto_accept,n/a
ISIC_0025060,nv,nv,3.332349e-08,4.2195782e-07,auto_accept,n/a
ISIC_0030276,bkl,bkl,5.534203e-07,0.00021266683,auto_accept,n/a
ISIC_0034176,nv,nv,0.0044949027,0.0010914853,escalate,n/a
ISIC_0032272,nv,nv,8.441781e-07,4.8042443e-07,auto_accept,n/a
ISIC_0031463,nv,nv,3.7086667e-09,7.0744863e-07,auto_accept,n/a
ISIC_0032103,bkl,bkl,0.00091704977,0.28597808,auto_accept,n/a
ISIC_0031174,nv,nv,7.3182926e-10,1.20137145e-08,auto_accept,n/a
ISIC_0027114,nv,nv,0.0002675233,0.0186144,auto_accept,n/a
ISIC_0027387,mel,mel,0.0036019336,0.7387203,escalate,n/a
ISIC_0032691,nv,nv,0.0025233913,0.10642124,auto_accept,n/a
ISIC_0030957,nv,nv,1.7038543e-06,0.000331667,auto_accept,n/a
ISIC_0032263,nv,nv,1.2661158e-11,7.3963996e-08,auto_accept,n/a
ISIC_0033135,vasc,vasc,9.1165236e-07,0.011077863,auto_accept,n/a
ISIC_0033943,nv,mel,0.008118857,0.5640672,escalate,n/a
ISIC_0025973,bkl,mel,0.0037280505,0.5254156,escalate,n/a
ISIC_0030176,nv,nv,0.00039850222,0.028839424,auto_accept,n/a
ISIC_0031913,nv,mel,5.2312524e-05,0.9836617,auto_accept,n/a
ISIC_0031507,nv,nv,8.697964e-05,0.0053241206,auto_accept,n/a
ISIC_0029922,nv,nv,1.9226112e-08,8.7190443e-07,auto_accept,n/a
ISIC_0026631,bkl,bkl,2.7831777e-06,0.021809008,auto_accept,n/a
ISIC_0032483,nv,nv,6.188365e-08,3.151482e-07,auto_accept,n/a
ISIC_0028766,nv,nv,0.0021916241,0.09218107,auto_accept,n/a
ISIC_0034016,nv,nv,1.0363007e-06,1.5276144e-05,auto_accept,n/a
ISIC_0033536,akiec,akiec,7.6705106e-07,0.9995196,auto_accept,n/a
ISIC_0027919,nv,nv,1.9744355e-06,1.2398932e-05,auto_accept,n/a
ISIC_0024309,nv,nv,9.1976005e-07,0.00011569461,auto_accept,n/a
ISIC_0033379,bkl,bkl,0.00020205176,0.017135348,auto_accept,n/a
ISIC_0033877,nv,nv,0.0010873587,0.0004813429,auto_accept,n/a
ISIC_0027807,nv,nv,1.2995841e-08,2.2624938e-06,auto_accept,n/a
ISIC_0033608,vasc,vasc,1.11097985e-10,8.4744664e-05,auto_accept,n/a
ISIC_0024526,nv,nv,2.2094483e-08,1.7004297e-06,auto_accept,n/a
ISIC_0032285,nv,nv,4.2291757e-09,6.148031e-06,auto_accept,n/a
ISIC_0028733,nv,nv,2.8586902e-07,2.6984093e-05,auto_accept,n/a
ISIC_0029611,nv,nv,3.295116e-08,1.1386705e-06,auto_accept,n/a
ISIC_0029391,bcc,bcc,1.0878667e-06,0.9999801,auto_accept,n/a
ISIC_0032982,mel,nv,0.00027469525,0.039287567,auto_accept,n/a
ISIC_0025292,bkl,bkl,3.768844e-05,0.14111352,auto_accept,n/a
ISIC_0028769,nv,nv,2.7167825e-08,1.6073221e-07,auto_accept,n/a
ISIC_0031959,nv,bkl,0.009660038,0.0031967242,escalate,n/a
ISIC_0025394,mel,nv,1.7011475e-07,0.0002037531,auto_accept,n/a
ISIC_0030320,nv,nv,1.0524565e-08,2.8775798e-07,auto_accept,n/a
ISIC_0029156,nv,nv,2.5612886e-08,2.2024249e-06,auto_accept,n/a
ISIC_0030154,nv,nv,8.186515e-07,2.546344e-05,auto_accept,n/a
ISIC_0031216,nv,bkl,0.0020696085,0.016789254,auto_accept,n/a
ISIC_0032451,nv,nv,4.0291583e-09,2.0765856e-06,auto_accept,n/a
ISIC_0033698,nv,nv,2.090813e-05,0.004730966,auto_accept,n/a
ISIC_0034211,mel,mel,1.3647065e-05,0.9859794,auto_accept,n/a
ISIC_0034213,nv,nv,1.3192978e-06,0.00029448056,auto_accept,n/a
ISIC_0033294,nv,mel,2.7256649e-05,0.98374754,auto_accept,n/a
ISIC_0029898,nv,nv,0.00018608112,0.014263418,auto_accept,n/a
ISIC_0031227,nv,nv,5.1810883e-05,0.0001754054,auto_accept,n/a
ISIC_0029742,vasc,vasc,2.5173497e-08,8.057086e-06,auto_accept,n/a
ISIC_0025029,akiec,akiec,9.792405e-05,0.996345,auto_accept,n/a
ISIC_0028469,nv,nv,5.626113e-07,2.2911137e-05,auto_accept,n/a
ISIC_0025397,nv,nv,4.382647e-06,1.7670003e-05,auto_accept,n/a
ISIC_0029394,bkl,bkl,0.004119404,0.0064278743,escalate,n/a
ISIC_0030221,nv,nv,0.0003150029,0.000594005,auto_accept,n/a
ISIC_0026836,nv,nv,0.00012442788,2.9540466e-05,auto_accept,n/a
ISIC_0032779,nv,nv,2.0720431e-06,0.00037714612,auto_accept,n/a
ISIC_0032249,bkl,df,0.016452106,1.5007735e-05,escalate,n/a
ISIC_0028785,nv,nv,4.269994e-05,0.0051174206,auto_accept,n/a
ISIC_0033149,nv,nv,8.125297e-08,1.0316357e-05,auto_accept,n/a
ISIC_0029594,nv,nv,1.9988614e-07,1.0136098e-05,auto_accept,n/a
ISIC_0028973,bcc,bcc,1.231288e-05,0.9999498,auto_accept,n/a
ISIC_0026336,vasc,vasc,8.597992e-09,0.00011165404,auto_accept,n/a
ISIC_0025705,nv,nv,3.4482036e-06,0.0011948256,auto_accept,n/a
ISIC_0033716,bkl,mel,0.0045751226,0.5041882,escalate,n/a
ISIC_0032280,bkl,bkl,0.00069442514,0.18774053,auto_accept,n/a
ISIC_0024478,nv,nv,2.608344e-07,3.4447323e-05,auto_accept,n/a
ISIC_0027177,nv,nv,1.1304966e-07,1.627898e-07,auto_accept,n/a
ISIC_0024892,nv,nv,0.00037890984,0.0145297,auto_accept,n/a
ISIC_0031627,nv,nv,1.0136182e-09,5.0453605e-07,auto_accept,n/a
ISIC_0033142,nv,nv,0.00011114937,0.00047597403,auto_accept,n/a
ISIC_0027614,nv,nv,0.00070471514,0.02592643,auto_accept,n/a
ISIC_0032060,nv,nv,5.772646e-07,0.00015632423,auto_accept,n/a
ISIC_0025323,nv,nv,0.0033784169,0.07342392,auto_accept,n/a
ISIC_0032516,nv,nv,2.2791084e-05,0.0006183907,auto_accept,n/a
ISIC_0026831,bcc,bcc,3.3281997e-06,0.9945228,auto_accept,n/a
ISIC_0031641,nv,nv,1.5374868e-08,1.6217183e-07,auto_accept,n/a
ISIC_0031523,nv,nv,0.00017748223,1.6965252e-05,auto_accept,n/a
ISIC_0033824,nv,nv,7.775789e-06,0.000383493,auto_accept,n/a
ISIC_0028551,nv,nv,0.004113161,0.6895188,escalate,n/a
ISIC_0033525,nv,nv,0.00041250634,0.005962267,auto_accept,n/a
ISIC_0029821,nv,nv,7.198203e-07,9.524429e-05,auto_accept,n/a
ISIC_0032660,bcc,bcc,7.104119e-05,0.9889897,auto_accept,n/a
ISIC_0027078,nv,nv,6.466495e-06,4.1479836e-08,auto_accept,n/a
ISIC_0031065,vasc,vasc,3.179532e-08,0.00062078336,auto_accept,n/a
ISIC_0034285,nv,nv,3.3247987e-05,0.0021766317,auto_accept,n/a
ISIC_0031983,nv,nv,3.5306373e-05,0.0001220088,auto_accept,n/a
ISIC_0033684,nv,bkl,0.0065932083,0.29503262,escalate,n/a
ISIC_0027723,nv,nv,2.967812e-06,1.5377525e-05,auto_accept,n/a
ISIC_0030999,nv,nv,0.005454822,0.002813793,escalate,n/a
ISIC_0029599,nv,nv,6.3071667e-07,5.6152694e-06,auto_accept,n/a
ISIC_0026707,nv,nv,3.0028027e-09,4.84222e-08,auto_accept,n/a
ISIC_0027679,nv,nv,3.0649917e-07,0.00010317233,auto_accept,n/a
ISIC_0032350,nv,nv,1.3897596e-06,0.00018084263,auto_accept,n/a
ISIC_0030246,mel,mel,7.916611e-06,0.994392,auto_accept,n/a
ISIC_0029248,df,df,3.0223083e-07,0.00029088018,auto_accept,n/a
ISIC_0027500,nv,nv,5.0407127e-08,8.422102e-06,auto_accept,n/a
ISIC_0025388,bkl,bkl,2.1616264e-05,1.0157861e-06,auto_accept,n/a
ISIC_0033388,nv,nv,0.003839658,0.0030497857,escalate,n/a
ISIC_0033413,akiec,akiec,2.2353313e-05,0.9962172,auto_accept,n/a
ISIC_0031551,nv,nv,2.2080935e-06,0.00015506677,auto_accept,n/a
ISIC_0033038,mel,mel,0.0035205516,0.9379319,escalate,n/a
ISIC_0031843,nv,nv,1.6377916e-07,1.8312023e-06,auto_accept,n/a
ISIC_0024670,nv,nv,2.265516e-07,2.258836e-05,auto_accept,n/a
ISIC_0029826,nv,mel,0.0010984186,0.9246805,auto_accept,n/a
ISIC_0029363,mel,mel,0.0020752503,0.95368516,auto_accept,n/a
ISIC_0030996,nv,nv,7.6429875e-05,0.0003050856,auto_accept,n/a
ISIC_0032239,nv,nv,8.743969e-08,6.719071e-06,auto_accept,n/a
ISIC_0027912,nv,nv,3.703383e-08,5.372471e-06,auto_accept,n/a
ISIC_0026291,bkl,bkl,5.060535e-10,4.5391633e-05,auto_accept,n/a
ISIC_0030117,nv,nv,5.6999248e-05,0.0128404815,auto_accept,n/a
ISIC_0026112,nv,nv,2.6807438e-05,0.00012043148,auto_accept,n/a
ISIC_0028300,nv,nv,9.96906e-07,5.5930348e-05,auto_accept,n/a
ISIC_0025027,nv,bcc,3.74599e-05,0.9923321,auto_accept,n/a
ISIC_0027104,nv,nv,3.6612377e-10,3.7606884e-07,auto_accept,n/a
ISIC_0029919,bcc,bcc,8.9087763e-07,0.99979085,auto_accept,n/a
ISIC_0028549,nv,nv,4.3418247e-09,1.5275516e-07,auto_accept,n/a
ISIC_0027541,nv,nv,5.3776013e-08,3.102676e-07,auto_accept,n/a
ISIC_0031521,nv,nv,1.1340502e-08,1.0677848e-05,auto_accept,n/a
ISIC_0031252,nv,nv,8.3869006e-10,8.9182994e-10,auto_accept,n/a
ISIC_0024315,mel,mel,2.4933735e-05,0.9960478,auto_accept,n/a
ISIC_0031974,nv,nv,1.099456e-06,2.9808614e-06,auto_accept,n/a
ISIC_0028078,nv,nv,8.594656e-07,4.6004436e-05,auto_accept,n/a
ISIC_0034256,mel,bcc,0.008756195,0.96153903,escalate,n/a
ISIC_0025604,nv,nv,2.0570959e-10,6.770361e-10,auto_accept,n/a
ISIC_0027884,akiec,bcc,0.007137417,0.99527234,escalate,n/a
ISIC_0027125,mel,nv,0.0005707317,0.031428017,auto_accept,n/a
ISIC_0027909,nv,nv,3.2607936e-09,3.1491686e-07,auto_accept,n/a
ISIC_0030258,bkl,bkl,0.0008402461,0.43105012,auto_accept,n/a
ISIC_0024961,mel,mel,0.00015338059,0.9746268,auto_accept,n/a
ISIC_0027990,bkl,bkl,4.824927e-06,0.0009879547,auto_accept,n/a
ISIC_0025312,bkl,bkl,3.6727427e-06,0.003077382,auto_accept,n/a
ISIC_0031046,nv,nv,2.3078717e-05,0.00038228882,auto_accept,n/a
ISIC_0033859,nv,mel,0.00083421817,0.9922963,auto_accept,n/a
ISIC_0025133,nv,nv,9.839472e-05,0.0012654797,auto_accept,n/a
ISIC_0030746,bcc,bcc,0.0028766121,0.9329439,auto_accept,n/a
ISIC_0026164,nv,nv,2.077342e-09,1.8564636e-07,auto_accept,n/a
ISIC_0029135,bkl,bkl,0.0007372427,0.005446838,auto_accept,n/a
ISIC_0029152,nv,nv,3.1987413e-06,0.0004435562,auto_accept,n/a
ISIC_0032104,nv,nv,5.0573952e-08,2.8924696e-06,auto_accept,n/a
ISIC_0031805,nv,nv,8.320545e-08,2.6482219e-06,auto_accept,n/a
ISIC_0034296,bkl,bkl,8.769056e-06,0.00028773388,auto_accept,n/a
ISIC_0029565,nv,nv,8.5878617e-07,3.4662433e-05,auto_accept,n/a
ISIC_0025609,nv,nv,5.8432256e-06,1.0277295e-05,auto_accept,n/a
ISIC_0030742,nv,mel,0.0016286686,0.8117418,auto_accept,n/a
ISIC_0030842,nv,nv,1.2993448e-06,0.00052049424,auto_accept,n/a
ISIC_0028505,mel,mel,0.00038682317,0.9669548,auto_accept,n/a
ISIC_0031971,bcc,bcc,0.0007473033,0.998382,auto_accept,n/a
ISIC_0024701,mel,nv,0.004269975,0.082510635,escalate,n/a
ISIC_0030966,nv,nv,0.0022507645,0.10593137,auto_accept,n/a
ISIC_0029657,nv,nv,1.5898856e-06,2.8665013e-09,auto_accept,n/a
ISIC_0031097,nv,nv,5.696781e-10,1.1593988e-07,auto_accept,n/a
ISIC_0029069,nv,nv,4.389516e-11,2.5926802e-11,auto_accept,n/a
ISIC_0029945,nv,mel,6.900136e-06,0.9956174,auto_accept,n/a
ISIC_0029476,nv,nv,0.00010224364,0.00063845783,auto_accept,n/a
ISIC_0027927,nv,nv,8.046998e-08,9.328923e-08,auto_accept,n/a
ISIC_0026537,nv,nv,2.167352e-05,5.958618e-05,auto_accept,n/a
ISIC_0026742,nv,nv,5.0462393e-05,0.00015185728,auto_accept,n/a
ISIC_0030445,mel,mel,3.4659013e-05,0.994187,auto_accept,n/a
ISIC_0030158,akiec,akiec,6.780401e-06,0.99701524,auto_accept,n/a
ISIC_0031739,nv,nv,1.3692955e-08,1.1429942e-06,auto_accept,n/a
ISIC_0024967,mel,mel,1.00777065e-07,0.99942553,auto_accept,n/a
ISIC_0026548,nv,nv,3.1931043e-07,0.000106967505,auto_accept,n/a
ISIC_0026409,bkl,akiec,0.0041881083,0.94886285,escalate,n/a
ISIC_0024797,nv,nv,1.5007405e-08,4.7477974e-06,auto_accept,n/a
ISIC_0031341,nv,nv,5.226986e-07,4.6132403e-08,auto_accept,n/a
ISIC_0027814,bcc,bcc,1.1809122e-06,0.9996884,auto_accept,n/a
ISIC_0026677,nv,nv,1.4395846e-08,2.146674e-08,auto_accept,n/a
ISIC_0029136,nv,nv,7.3593014e-08,2.3429573e-06,auto_accept,n/a
ISIC_0028455,nv,nv,6.502752e-07,5.2456744e-07,auto_accept,n/a
ISIC_0027221,nv,nv,2.3645412e-06,4.119122e-05,auto_accept,n/a
ISIC_0024830,nv,nv,9.760352e-05,0.00016716857,auto_accept,n/a
ISIC_0029948,nv,nv,6.907942e-05,0.0042379033,auto_accept,n/a
ISIC_0028050,bcc,bcc,7.2770086e-07,0.9991328,auto_accept,n/a
ISIC_0027317,nv,nv,2.500872e-08,4.8872394e-06,auto_accept,n/a
ISIC_0033690,nv,nv,5.444863e-05,0.00090227945,auto_accept,n/a
ISIC_0030334,nv,mel,7.323951e-05,0.95068514,auto_accept,n/a
ISIC_0029618,nv,nv,1.5175647e-07,5.461661e-06,auto_accept,n/a
ISIC_0032447,mel,mel,1.4559623e-10,0.99999607,auto_accept,n/a
ISIC_0028020,bkl,bkl,0.0006822275,9.705478e-06,auto_accept,n/a
ISIC_0030241,bkl,bkl,0.00036740818,0.051671863,auto_accept,n/a
ISIC_0030570,nv,nv,0.0014115373,2.2966133e-06,auto_accept,n/a
ISIC_0031276,vasc,vasc,1.4468961e-05,0.00011540781,auto_accept,n/a
ISIC_0030218,nv,nv,6.588787e-11,4.568946e-09,auto_accept,n/a
ISIC_0027091,nv,mel,3.797729e-05,0.98825896,auto_accept,n/a
ISIC_0026407,nv,nv,4.4312993e-09,2.4654444e-08,auto_accept,n/a
ISIC_0026767,nv,nv,2.508955e-07,8.181617e-09,auto_accept,n/a
ISIC_0025004,nv,nv,8.3918303e-07,2.988915e-07,auto_accept,n/a
ISIC_0032614,vasc,vasc,1.5267437e-08,0.00053799484,auto_accept,n/a
ISIC_0034046,mel,mel,7.724352e-05,0.9701791,auto_accept,n/a
ISIC_0025320,nv,nv,0.00016640274,0.008146157,auto_accept,n/a
ISIC_0031237,nv,nv,5.354992e-06,3.9949085e-05,auto_accept,n/a
ISIC_0028220,mel,mel,0.0029276067,0.6390371,auto_accept,n/a
ISIC_0030237,nv,nv,6.426536e-07,1.4124137e-06,auto_accept,n/a
ISIC_0027054,nv,nv,0.00023843329,0.0046145744,auto_accept,n/a
ISIC_0030459,bkl,bkl,2.2465194e-05,0.06254861,auto_accept,n/a
ISIC_0026436,nv,nv,2.01543e-06,1.7841498e-05,auto_accept,n/a
ISIC_0031811,nv,nv,4.3752917e-09,2.877272e-06,auto_accept,n/a
ISIC_0030065,nv,mel,0.00426207,0.7132755,escalate,n/a
ISIC_0031443,df,df,2.474764e-06,0.014639713,auto_accept,n/a
ISIC_0033963,nv,nv,0.003669375,0.07131232,escalate,n/a
ISIC_0030302,nv,nv,2.2037408e-07,3.0232127e-06,auto_accept,n/a
ISIC_0031107,nv,nv,0.0009882657,0.093887195,auto_accept,n/a
ISIC_0031301,nv,akiec,0.0071209217,0.98299825,escalate,n/a
ISIC_0024622,nv,nv,0.00021963997,2.6153955e-05,auto_accept,n/a
ISIC_0027152,nv,mel,7.42653e-05,0.98116094,auto_accept,n/a
ISIC_0027782,nv,nv,6.327651e-08,1.2873922e-05,auto_accept,n/a
ISIC_0025056,nv,nv,8.570642e-08,4.8237744e-06,auto_accept,n/a
ISIC_0029357,nv,nv,0.0015556479,0.16451512,auto_accept,n/a
ISIC_0029354,nv,mel,0.001021315,0.83995503,auto_accept,n/a
ISIC_0027093,bcc,bcc,5.1883273e-07,0.9988193,auto_accept,n/a
ISIC_0029600,bkl,nv,0.0047641336,0.14955983,escalate,n/a
ISIC_0028119,nv,nv,1.0552282e-06,0.00037809342,auto_accept,n/a
ISIC_0025387,bkl,bkl,7.3578357e-09,0.00010223725,auto_accept,n/a
ISIC_0032010,nv,nv,1.6898505e-07,3.6101115e-05,auto_accept,n/a
ISIC_0032267,nv,nv,3.4218774e-05,1.6018218e-08,auto_accept,n/a
ISIC_0025377,nv,nv,6.314095e-07,2.8847508e-06,auto_accept,n/a
ISIC_0026541,nv,nv,5.5112676e-05,0.0067415275,auto_accept,n/a
ISIC_0034283,bkl,bkl,0.0001792426,0.00031896905,auto_accept,n/a
ISIC_0028828,nv,nv,2.1456934e-07,0.0003453674,auto_accept,n/a
ISIC_0031054,nv,nv,1.4194372e-07,0.00018906969,auto_accept,n/a
ISIC_0024380,nv,nv,0.0006879616,0.030132757,auto_accept,n/a
ISIC_0033840,nv,nv,0.0015489927,0.057092775,auto_accept,n/a
ISIC_0024400,mel,bkl,0.000143818,0.0078946315,auto_accept,n/a
ISIC_0030500,nv,nv,3.4336265e-09,1.4454639e-07,auto_accept,n/a
ISIC_0026398,nv,nv,2.4267507e-05,0.007350752,auto_accept,n/a
ISIC_0029434,mel,mel,0.0031276585,0.71724355,auto_accept,n/a
ISIC_0025189,nv,nv,2.536544e-06,1.4264837e-06,auto_accept,n/a
ISIC_0031326,bkl,bkl,0.0009453501,0.36104327,auto_accept,n/a
ISIC_0031325,nv,nv,3.858982e-06,0.00063238334,auto_accept,n/a
ISIC_0033237,nv,mel,0.0068577887,0.5382407,escalate,n/a
ISIC_0027330,nv,nv,3.4366163e-08,8.663791e-07,auto_accept,n/a
ISIC_0034204,nv,mel,0.0030133277,0.61621046,auto_accept,n/a
ISIC_0031161,nv,nv,4.8430725e-06,1.308062e-05,auto_accept,n/a
ISIC_0029387,nv,nv,3.9016064e-07,0.00022098572,auto_accept,n/a
ISIC_0031870,nv,nv,4.850642e-09,8.132441e-08,auto_accept,n/a
ISIC_0030318,bkl,bkl,2.2382557e-05,0.092720345,auto_accept,n/a
ISIC_0026527,nv,nv,3.852217e-06,6.197314e-05,auto_accept,n/a
ISIC_0024780,nv,nv,2.966635e-08,8.247535e-08,auto_accept,n/a
ISIC_0031006,nv,nv,1.9176154e-05,0.0004209944,auto_accept,n/a
ISIC_0031766,bkl,mel,0.0026186928,0.7969676,auto_accept,n/a
ISIC_0025579,nv,nv,2.5718239e-06,0.0011927516,auto_accept,n/a
ISIC_0025813,nv,nv,9.340587e-05,1.6048347e-06,auto_accept,n/a
ISIC_0033324,mel,mel,1.7096152e-08,0.99982446,auto_accept,n/a
ISIC_0026024,nv,nv,1.992908e-07,9.814883e-06,auto_accept,n/a
ISIC_0033588,nv,nv,1.5832784e-05,0.0015535267,auto_accept,n/a
ISIC_0033700,mel,mel,0.001125166,0.90698695,auto_accept,n/a
ISIC_0030108,nv,nv,3.1487164e-09,1.655975e-07,auto_accept,n/a
ISIC_0028703,nv,nv,4.165767e-08,6.9615858e-06,auto_accept,n/a
ISIC_0029780,mel,mel,2.5145719e-05,0.9994468,auto_accept,n/a
ISIC_0033204,mel,mel,0.0037518055,0.71460915,escalate,n/a
ISIC_0026713,vasc,vasc,1.8313895e-05,0.000194318,auto_accept,n/a
ISIC_0030171,mel,bkl,0.007546024,0.41854122,escalate,n/a
ISIC_0031274,nv,nv,1.0098486e-06,0.00033849632,auto_accept,n/a
ISIC_0031434,nv,nv,9.027814e-08,2.066859e-05,auto_accept,n/a
ISIC_0026852,nv,nv,0.00070602336,0.021632917,auto_accept,n/a
ISIC_0030773,nv,nv,1.0999087e-05,0.0005958516,auto_accept,n/a
ISIC_0031644,nv,nv,0.0039181686,0.0025202613,escalate,n/a
ISIC_0027168,nv,nv,5.048053e-06,0.0011714123,auto_accept,n/a
ISIC_0028320,nv,nv,1.2095766e-09,3.425132e-08,auto_accept,n/a
ISIC_0033638,mel,nv,0.00023937164,0.03137026,auto_accept,n/a
ISIC_0024467,nv,nv,4.452375e-09,5.9937065e-06,auto_accept,n/a
ISIC_0026104,bkl,bkl,0.00013237515,0.00016268816,auto_accept,n/a
ISIC_0034117,mel,mel,2.0852947e-06,0.99804604,auto_accept,n/a
ISIC_0027590,mel,mel,9.848424e-05,0.96642214,auto_accept,n/a
ISIC_0027539,nv,nv,5.532354e-10,2.0399125e-07,auto_accept,n/a
ISIC_0029252,nv,bkl,1.9438363e-05,0.041520692,auto_accept,n/a
ISIC_0027026,bkl,akiec,0.0014464825,0.9155548,auto_accept,n/a
ISIC_0029762,nv,nv,3.3547188e-08,2.4420626e-05,auto_accept,n/a
ISIC_0025971,bcc,bcc,2.739377e-06,0.9998764,auto_accept,n/a
ISIC_0029998,nv,nv,5.305383e-06,4.2605356e-05,auto_accept,n/a
ISIC_0026426,nv,nv,1.1495901e-05,0.00020698001,auto_accept,n/a
ISIC_0028572,nv,nv,1.4056899e-06,7.521844e-07,auto_accept,n/a
ISIC_0030647,nv,nv,1.569091e-09,9.73762e-08,auto_accept,n/a
ISIC_0027877,nv,nv,1.3051536e-07,1.0159616e-05,auto_accept,n/a
ISIC_0029416,nv,nv,5.2292326e-09,1.4816351e-08,auto_accept,n/a
ISIC_0029654,nv,nv,0.00016382869,0.0066779433,auto_accept,n/a
ISIC_0031924,nv,nv,4.3770215e-05,0.0010080256,auto_accept,n/a
ISIC_0026259,nv,nv,5.415292e-07,1.4538321e-07,auto_accept,n/a
ISIC_0027952,nv,nv,5.2748135e-07,3.488337e-06,auto_accept,n/a
ISIC_0025660,nv,nv,5.3742797e-06,0.00016578092,auto_accept,n/a
ISIC_0030287,nv,nv,8.8034056e-07,0.0001079157,auto_accept,n/a
ISIC_0025191,nv,nv,5.208874e-07,3.0282074e-05,auto_accept,n/a
ISIC_0031815,nv,nv,1.686167e-08,9.564006e-08,auto_accept,n/a
ISIC_0030879,nv,nv,0.0066708163,0.047305774,escalate,n/a
ISIC_0032158,nv,mel,0.00010124072,0.9423133,auto_accept,n/a
ISIC_0027845,nv,nv,7.5524617e-06,1.7361719e-05,auto_accept,n/a
ISIC_0027559,bkl,bkl,4.025293e-07,0.0028332947,auto_accept,n/a
ISIC_0028307,nv,nv,0.0030672026,0.03654983,auto_accept,n/a
ISIC_0025710,bkl,bkl,1.0210825e-06,0.0009843962,auto_accept,n/a
ISIC_0030187,mel,bkl,1.4971054e-05,0.00020507904,auto_accept,n/a
ISIC_0027380,nv,nv,1.5956085e-06,0.00016814229,auto_accept,n/a
ISIC_0027489,nv,nv,1.2917573e-06,0.00023794542,auto_accept,n/a
ISIC_0026144,nv,nv,2.8359356e-08,2.1683416e-06,auto_accept,n/a
ISIC_0028042,nv,nv,0.0027212652,0.0014046697,auto_accept,n/a
ISIC_0030834,nv,nv,5.6087604e-08,7.065741e-06,auto_accept,n/a
ISIC_0028741,nv,nv,1.3232808e-06,0.00014450616,auto_accept,n/a
ISIC_0029564,bcc,bcc,0.0006750654,0.65518916,auto_accept,n/a
ISIC_0029637,nv,nv,9.365819e-09,2.8989876e-07,auto_accept,n/a
ISIC_0031908,mel,mel,0.00026218322,0.9359414,auto_accept,n/a
ISIC_0029996,nv,nv,2.3284623e-09,3.214056e-08,auto_accept,n/a
ISIC_0025449,nv,nv,1.2971752e-07,5.3116773e-06,auto_accept,n/a
ISIC_0026728,bkl,akiec,0.0004042299,0.9871171,auto_accept,n/a
ISIC_0025816,nv,nv,0.00034153345,0.047612373,auto_accept,n/a
ISIC_0033551,bcc,bcc,1.1895739e-08,0.99901426,auto_accept,n/a
ISIC_0026812,nv,nv,1.6623424e-07,2.065584e-06,auto_accept,n/a
ISIC_0033336,mel,mel,0.004079976,0.3465839,escalate,n/a
ISIC_0028783,nv,nv,1.1566365e-05,6.426643e-07,auto_accept,n/a
ISIC_0025255,nv,nv,4.3219046e-07,1.8126836e-06,auto_accept,n/a
ISIC_0026135,bkl,bkl,1.0960615e-06,3.884996e-06,auto_accept,n/a
ISIC_0026250,nv,nv,1.1926293e-06,0.00027180195,auto_accept,n/a
ISIC_0027055,nv,nv,1.8731225e-07,1.741254e-05,auto_accept,n/a
ISIC_0032033,nv,nv,2.2351176e-05,2.3002252e-05,auto_accept,n/a
ISIC_0034232,nv,nv,0.00012060201,0.026199479,auto_accept,n/a
ISIC_0026769,bkl,bkl,0.00064730167,0.35579446,auto_accept,n/a
ISIC_0027949,nv,mel,0.003975456,0.5750728,escalate,n/a
ISIC_0030563,nv,nv,8.659396e-06,1.0112676e-06,auto_accept,n/a
ISIC_0030628,nv,nv,1.6682749e-06,2.0594553e-05,auto_accept,n/a
ISIC_0030828,mel,nv,0.00019265716,0.042234924,auto_accept,n/a
ISIC_0024442,nv,nv,5.665169e-11,3.6930508e-09,auto_accept,n/a
ISIC_0027881,nv,nv,4.2150536e-08,7.1722397e-06,auto_accept,n/a
ISIC_0028579,mel,nv,0.0013246014,0.09076948,auto_accept,n/a
ISIC_0027301,nv,nv,9.475302e-09,2.2097377e-06,auto_accept,n/a
ISIC_0026491,nv,mel,0.0020624343,0.95368344,auto_accept,n/a
ISIC_0032534,bkl,bkl,1.0894877e-06,0.0023196419,auto_accept,n/a
ISIC_0025131,bkl,bkl,4.425484e-09,1.2062943e-05,auto_accept,n/a
ISIC_0029250,nv,nv,1.8210219e-08,2.090938e-07,auto_accept,n/a
ISIC_0033032,nv,nv,4.6881047e-07,8.6579865e-05,auto_accept,n/a
ISIC_0032669,nv,nv,0.00020267119,0.0048231306,auto_accept,n/a
ISIC_0024503,nv,nv,5.68433e-06,0.0010513699,auto_accept,n/a
ISIC_0024433,nv,nv,5.9531217e-06,1.6395754e-05,auto_accept,n/a
ISIC_0029885,mel,df,6.550284e-05,0.43792975,auto_accept,n/a
ISIC_0025569,nv,nv,7.420701e-09,4.812788e-07,auto_accept,n/a
ISIC_0027395,nv,nv,2.0542186e-06,1.2945228e-05,auto_accept,n/a
ISIC_0033355,nv,mel,0.0020914846,0.7988332,auto_accept,n/a
ISIC_0026023,nv,bkl,0.0025870109,0.018398708,auto_accept,n/a
ISIC_0024983,nv,nv,2.467669e-08,1.772795e-06,auto_accept,n/a
ISIC_0025557,bcc,bcc,0.0013204067,0.9882785,auto_accept,n/a
ISIC_0025552,nv,nv,3.662474e-06,7.838629e-05,auto_accept,n/a
ISIC_0030075,nv,nv,1.7375721e-07,1.1262389e-05,auto_accept,n/a
ISIC_0026846,bkl,bkl,5.921079e-07,0.00014126096,auto_accept,n/a
ISIC_0033760,nv,nv,9.690755e-06,0.0024023901,auto_accept,n/a
ISIC_0026901,nv,nv,0.0009969935,0.015982,auto_accept,n/a
ISIC_0024560,nv,nv,0.00038582552,0.037671544,auto_accept,n/a
ISIC_0032823,mel,bkl,0.0031994164,0.19199869,auto_accept,n/a
ISIC_0032204,mel,mel,0.00030836806,0.9494141,auto_accept,n/a
ISIC_0027765,nv,nv,2.2171043e-09,3.4845083e-08,auto_accept,n/a
ISIC_0027033,mel,akiec,0.0032001503,0.90916044,auto_accept,n/a
ISIC_0025046,bcc,bcc,1.5007187e-05,0.9839697,auto_accept,n/a
ISIC_0032293,nv,nv,7.598304e-08,8.543738e-06,auto_accept,n/a
ISIC_0031560,nv,nv,0.005449824,0.29343882,escalate,n/a
ISIC_0025452,vasc,vasc,5.9449747e-09,1.8117022e-06,auto_accept,n/a
ISIC_0025570,nv,nv,1.5741254e-09,3.4954826e-07,auto_accept,n/a
ISIC_0025657,nv,nv,0.0003116973,0.0049175383,auto_accept,n/a
ISIC_0030705,bkl,bkl,0.00022135905,4.4959626e-05,auto_accept,n/a
ISIC_0033759,nv,nv,1.1479373e-06,6.638758e-05,auto_accept,n/a
ISIC_0024776,nv,nv,9.3990884e-08,6.3542364e-05,auto_accept,n/a
ISIC_0025573,mel,mel,0.008716047,0.67144465,escalate,n/a
ISIC_0030265,nv,nv,3.810939e-05,1.2419822e-06,auto_accept,n/a
ISIC_0030681,mel,mel,2.8713728e-06,0.99943274,auto_accept,n/a
ISIC_0028306,mel,nv,0.0010420027,0.069186315,auto_accept,n/a
ISIC_0033625,nv,nv,6.5939853e-06,0.0003268992,auto_accept,n/a
ISIC_0025777,bkl,bkl,0.00067694264,0.128821,auto_accept,n/a
ISIC_0030615,nv,bkl,0.003067181,0.07744588,auto_accept,n/a
ISIC_0027382,nv,nv,0.00024425887,0.03063461,auto_accept,n/a
ISIC_0032170,bkl,bkl,0.011711608,8.790763e-05,escalate,n/a
ISIC_0026149,akiec,akiec,2.7190904e-07,0.9998641,auto_accept,n/a
ISIC_0029322,nv,nv,1.9241749e-07,1.935864e-06,auto_accept,n/a
ISIC_0025071,nv,nv,8.910422e-09,1.210724e-09,auto_accept,n/a
ISIC_0025385,nv,nv,2.8602825e-08,5.427882e-08,auto_accept,n/a
ISIC_0030213,nv,nv,2.7796232e-06,3.3355366e-07,auto_accept,n/a
ISIC_0033159,nv,nv,2.0526714e-07,8.136431e-05,auto_accept,n/a
ISIC_0026891,nv,nv,7.947401e-06,2.2833876e-05,auto_accept,n/a
ISIC_0028428,nv,nv,5.7805314e-06,0.00046498768,auto_accept,n/a
ISIC_0024912,nv,nv,6.402159e-07,1.3537783e-05,auto_accept,n/a
ISIC_0026849,bkl,bcc,1.8485165e-05,0.99580294,auto_accept,n/a
ISIC_0034229,nv,nv,6.730356e-05,0.00044977973,auto_accept,n/a
ISIC_0025556,nv,nv,2.4101286e-07,5.7048496e-06,auto_accept,n/a
ISIC_0030355,nv,nv,3.9891806e-06,1.3632516e-05,auto_accept,n/a
ISIC_0028856,bkl,bkl,0.002673662,0.1521467,auto_accept,n/a
ISIC_0034258,nv,nv,2.2145446e-06,0.0011674083,auto_accept,n/a
ISIC_0028630,nv,nv,9.071264e-09,1.8073448e-06,auto_accept,n/a
ISIC_0024649,nv,nv,9.047894e-06,0.00052599073,auto_accept,n/a
ISIC_0030713,nv,nv,6.349733e-07,8.997722e-06,auto_accept,n/a
ISIC_0027859,bkl,akiec,0.00033455042,0.98059696,auto_accept,n/a
ISIC_0031753,bkl,bkl,9.052049e-05,0.001678498,auto_accept,n/a
ISIC_0026404,nv,bkl,0.0005107875,0.26912454,auto_accept,n/a
ISIC_0031485,bkl,nv,0.0011595107,0.038029928,auto_accept,n/a
ISIC_0026075,nv,nv,5.6279834e-08,1.5748828e-06,auto_accept,n/a
ISIC_0034121,nv,nv,1.18578255e-05,0.0013943346,auto_accept,n/a
ISIC_0026121,nv,nv,3.9489578e-08,1.5693739e-05,auto_accept,n/a
ISIC_0024719,nv,nv,6.710066e-06,1.4538097e-05,auto_accept,n/a
ISIC_0031240,nv,nv,1.2494539e-05,8.874179e-05,auto_accept,n/a
ISIC_0025486,nv,nv,3.4035335e-07,9.786926e-06,auto_accept,n/a
ISIC_0025202,nv,nv,1.3503574e-06,2.4985109e-08,auto_accept,n/a
ISIC_0025287,nv,nv,0.00011949382,0.00056525256,auto_accept,n/a
ISIC_0025161,nv,nv,6.906979e-08,2.7791475e-06,auto_accept,n/a
ISIC_0030565,bkl,mel,0.004177115,0.9890611,escalate,n/a
ISIC_0024990,nv,nv,5.041411e-09,7.2375137e-06,auto_accept,n/a
ISIC_0029642,mel,nv,0.0016921852,0.15137206,auto_accept,n/a
ISIC_0032517,mel,mel,0.0052766353,0.22541615,escalate,n/a
ISIC_0030661,bkl,bkl,0.003519423,0.15675336,escalate,n/a
ISIC_0032942,nv,nv,5.1852186e-11,4.489799e-08,auto_accept,n/a
ISIC_0030641,nv,nv,3.2830242e-06,0.00049627904,auto_accept,n/a
ISIC_0027697,nv,nv,0.0029765456,0.3560676,auto_accept,n/a
ISIC_0025607,nv,nv,8.6288867e-07,1.9481413e-06,auto_accept,n/a
ISIC_0025169,nv,nv,7.323901e-06,0.0028998235,auto_accept,n/a
ISIC_0027905,bkl,bkl,0.0072557456,0.25665483,escalate,n/a
ISIC_0028635,nv,nv,0.0013828377,7.3247645e-07,auto_accept,n/a
ISIC_0030015,df,df,3.5239232e-08,0.011233528,auto_accept,n/a
ISIC_0032853,nv,mel,0.0014642657,0.883552,auto_accept,n/a
ISIC_0024368,nv,nv,3.4334107e-07,5.761131e-06,auto_accept,n/a
ISIC_0030985,nv,nv,1.4195851e-07,8.2594823e-07,auto_accept,n/a
ISIC_0027219,bkl,bkl,1.8215849e-07,0.0015602148,auto_accept,n/a
ISIC_0026431,nv,nv,1.0398526e-10,4.7142613e-08,auto_accept,n/a
ISIC_0024583,nv,nv,2.8227097e-07,8.145382e-05,auto_accept,n/a
ISIC_0029458,nv,nv,2.8339218e-07,5.8986894e-05,auto_accept,n/a
ISIC_0030994,nv,nv,1.44056185e-05,0.0016999173,auto_accept,n/a
ISIC_0030789,bkl,bkl,1.0542818e-06,5.1572963e-05,auto_accept,n/a
ISIC_0026659,nv,nv,0.00024961666,5.201324e-05,auto_accept,n/a
ISIC_0026292,nv,nv,2.5830742e-08,3.6719714e-06,auto_accept,n/a
ISIC_0028409,nv,nv,0.0012263535,4.273329e-05,auto_accept,n/a
ISIC_0033505,bkl,bkl,0.00096003787,0.00046304677,auto_accept,n/a
ISIC_0026479,nv,nv,2.2595881e-05,0.00014456804,auto_accept,n/a
ISIC_0031137,nv,nv,9.5179715e-08,1.2935155e-06,auto_accept,n/a
ISIC_0025814,mel,mel,0.00073962234,0.8930965,auto_accept,n/a
ISIC_0028712,nv,nv,1.07000195e-08,6.82684e-06,auto_accept,n/a
ISIC_0033037,mel,mel,0.006623008,0.99658585,escalate,n/a
ISIC_0028959,nv,nv,3.1846844e-07,1.3394645e-09,auto_accept,n/a
ISIC_0029804,nv,nv,3.6798873e-09,8.18084e-08,auto_accept,n/a
ISIC_0025639,nv,nv,0.0017193371,0.023750037,auto_accept,n/a
ISIC_0027805,nv,nv,8.7173703e-07,2.1192382e-07,auto_accept,n/a
ISIC_0032169,nv,nv,2.9568827e-07,8.213757e-06,auto_accept,n/a
ISIC_0033400,bkl,bkl,4.119898e-06,0.0006855032,auto_accept,n/a
ISIC_0025560,nv,nv,2.1509532e-10,4.385579e-10,auto_accept,n/a
ISIC_0028137,nv,nv,3.6769794e-07,8.038758e-06,auto_accept,n/a
ISIC_0032472,nv,nv,1.03271e-05,0.00047144032,auto_accept,n/a
ISIC_0028006,nv,nv,1.9059773e-07,3.1541982e-05,auto_accept,n/a
ISIC_0028175,nv,nv,0.0003692541,0.06296477,auto_accept,n/a
ISIC_0027520,nv,nv,1.7668446e-08,4.00548e-06,auto_accept,n/a
ISIC_0033016,nv,mel,0.0026082862,0.83217674,auto_accept,n/a
ISIC_0029990,nv,nv,3.761809e-09,2.1341895e-08,auto_accept,n/a
ISIC_0027318,nv,nv,1.7323616e-07,2.7197132e-06,auto_accept,n/a
ISIC_0026169,nv,nv,7.2904855e-05,0.0024028223,auto_accept,n/a
ISIC_0031715,nv,nv,1.5163563e-05,8.661867e-05,auto_accept,n/a
ISIC_0026808,nv,nv,1.8827579e-06,0.00012108438,auto_accept,n/a
ISIC_0028610,nv,nv,2.321663e-09,4.5340843e-07,auto_accept,n/a
ISIC_0031939,nv,nv,0.0001336922,3.413893e-05,auto_accept,n/a
ISIC_0034003,bkl,bkl,6.1791147e-06,0.013223382,auto_accept,n/a
ISIC_0024960,nv,nv,2.5812174e-05,0.00021235275,auto_accept,n/a
ISIC_0029482,nv,nv,3.7648022e-09,2.734984e-07,auto_accept,n/a
ISIC_0026866,nv,nv,0.002300849,0.07359949,auto_accept,n/a
ISIC_0032237,nv,nv,2.309823e-09,7.834948e-06,auto_accept,n/a
ISIC_0032065,nv,nv,0.002239492,0.0048055565,auto_accept,n/a
ISIC_0030419,nv,nv,4.854403e-09,7.557945e-09,auto_accept,n/a
ISIC_0030231,bkl,akiec,0.0026962424,0.79484576,auto_accept,n/a
ISIC_0027828,bkl,bkl,1.9862815e-05,0.00021149378,auto_accept,n/a
ISIC_0028765,bcc,bcc,2.9939309e-09,0.99998343,auto_accept,n/a
ISIC_0024752,nv,nv,3.2784878e-06,8.35361e-05,auto_accept,n/a
ISIC_0030310,bkl,bkl,0.00018729815,0.023592087,auto_accept,n/a
ISIC_0033222,nv,mel,2.9681965e-05,0.9862807,auto_accept,n/a
ISIC_0031723,nv,nv,3.5595992e-08,2.4730136e-07,auto_accept,n/a
ISIC_0033578,mel,bkl,0.00440178,0.54716474,escalate,n/a
ISIC_0033362,mel,mel,0.006222991,0.47728834,escalate,n/a
ISIC_0030716,nv,nv,1.576397e-05,0.00056565995,auto_accept,n/a
ISIC_0027232,nv,nv,0.007680942,0.0024171362,escalate,n/a
ISIC_0031837,nv,nv,6.3587834e-07,0.00037298707,auto_accept,n/a
ISIC_0034083,nv,nv,7.0577524e-05,0.0035003335,auto_accept,n/a
ISIC_0027606,bkl,bkl,0.01200652,0.00016351677,escalate,n/a
ISIC_0027942,nv,nv,7.199934e-08,2.9046157e-06,auto_accept,n/a
ISIC_0024993,nv,nv,2.4330222e-07,2.135556e-05,auto_accept,n/a
ISIC_0027272,nv,nv,0.00013965853,8.2685394e-05,auto_accept,n/a
ISIC_0033717,mel,mel,0.0013209913,0.79755193,auto_accept,n/a
ISIC_0029927,bkl,bkl,7.891154e-07,0.0019214565,auto_accept,n/a
ISIC_0031283,nv,nv,1.0086112e-09,1.11259695e-08,auto_accept,n/a
ISIC_0026664,mel,mel,4.347951e-05,0.9787965,auto_accept,n/a
ISIC_0024705,bkl,bkl,9.672242e-09,0.00016567852,auto_accept,n/a
ISIC_0026699,nv,nv,1.7546345e-08,3.1575357e-05,auto_accept,n/a
ISIC_0034181,nv,nv,3.8595536e-07,3.677701e-05,auto_accept,n/a
ISIC_0026039,nv,nv,9.608788e-09,1.5963744e-08,auto_accept,n/a
ISIC_0031895,nv,nv,6.4800306e-06,0.0025122187,auto_accept,n/a
ISIC_0026278,nv,nv,2.7193895e-08,6.8688433e-07,auto_accept,n/a
ISIC_0025487,nv,nv,6.367555e-07,9.075539e-09,auto_accept,n/a
ISIC_0031782,nv,nv,1.3366662e-07,4.209372e-06,auto_accept,n/a
ISIC_0028200,bkl,bkl,0.0028504173,0.42395338,auto_accept,n/a
ISIC_0026256,nv,nv,6.610578e-11,5.3208577e-08,auto_accept,n/a
ISIC_0029435,nv,mel,0.009524058,0.5609265,escalate,n/a
ISIC_0032993,mel,mel,1.2034228e-08,0.99996924,auto_accept,n/a
ISIC_0028234,nv,nv,1.1666257e-09,1.2836623e-06,auto_accept,n/a
ISIC_0025148,nv,nv,0.0051150965,0.008728573,escalate,n/a
ISIC_0028263,nv,nv,1.103229e-08,5.0874246e-07,auto_accept,n/a
ISIC_0026617,nv,nv,2.3020637e-05,3.3254128e-05,auto_accept,n/a
ISIC_0028770,nv,nv,9.7682005e-08,2.7929427e-06,auto_accept,n/a
ISIC_0032835,bkl,mel,0.001444454,0.9583703,auto_accept,n/a
ISIC_0029627,bkl,bkl,1.49491225e-05,0.026591832,auto_accept,n/a
ISIC_0029217,bkl,bkl,4.8765994e-08,0.0008206857,auto_accept,n/a
ISIC_0025773,nv,nv,4.415294e-07,7.673509e-05,auto_accept,n/a
ISIC_0025804,bkl,nv,9.15407e-08,4.556388e-09,auto_accept,n/a
ISIC_0028845,nv,nv,8.1736076e-08,4.616453e-06,auto_accept,n/a
ISIC_0029001,nv,nv,0.003029281,0.012836022,auto_accept,n/a
ISIC_0027521,nv,nv,4.8369174e-07,1.7759743e-05,auto_accept,n/a
ISIC_0032541,nv,nv,0.000113958944,0.0076681785,auto_accept,n/a
ISIC_0032193,nv,nv,3.1519485e-07,5.3684425e-07,auto_accept,n/a
ISIC_0031042,nv,mel,6.816393e-05,0.9781908,auto_accept,n/a
ISIC_0024769,nv,nv,5.28761e-11,2.484436e-07,auto_accept,n/a
ISIC_0026074,bcc,bcc,2.2135102e-07,0.9979031,auto_accept,n/a
ISIC_0030517,nv,nv,2.5843516e-07,2.0779692e-07,auto_accept,n/a
ISIC_0024933,nv,nv,0.0005202458,0.010440409,auto_accept,n/a
ISIC_0026536,nv,nv,3.7115299e-06,0.00018581071,auto_accept,n/a
ISIC_0024650,nv,nv,2.1788896e-06,7.831457e-05,auto_accept,n/a
ISIC_0030514,bcc,akiec,0.00045058326,0.9982077,auto_accept,n/a
ISIC_0033126,nv,nv,1.0918532e-06,6.5155225e-05,auto_accept,n/a
ISIC_0026486,nv,nv,9.086917e-07,0.00023141045,auto_accept,n/a
ISIC_0030518,nv,nv,1.1032212e-05,7.696227e-06,auto_accept,n/a
ISIC_0026372,nv,nv,8.230611e-08,6.379823e-05,auto_accept,n/a
ISIC_0031155,nv,nv,1.6429495e-07,0.00039987164,auto_accept,n/a
ISIC_0032496,nv,nv,5.350773e-06,0.002572358,auto_accept,n/a
ISIC_0025841,nv,nv,9.834167e-06,0.0009046967,auto_accept,n/a
ISIC_0030424,nv,nv,3.4935553e-07,1.274891e-05,auto_accept,n/a
ISIC_0029843,mel,nv,0.0022422597,0.19360706,auto_accept,n/a
ISIC_0026867,bkl,bkl,0.0014595602,0.00019610299,auto_accept,n/a
ISIC_0029475,nv,nv,0.00041896306,0.014703883,auto_accept,n/a
ISIC_0028788,nv,nv,7.3828383e-09,1.5339325e-06,auto_accept,n/a
ISIC_0028840,bkl,bkl,7.1257564e-05,0.017835628,auto_accept,n/a
ISIC_0031371,nv,nv,4.1869404e-07,0.00033396325,auto_accept,n/a
ISIC_0025740,nv,nv,4.601721e-07,5.0301147e-05,auto_accept,n/a
ISIC_0027840,nv,nv,0.0023159834,0.018437257,auto_accept,n/a
ISIC_0030690,bcc,bcc,3.2816556e-07,0.9988514,auto_accept,n/a
ISIC_0032849,nv,nv,0.00030789385,0.0040746783,auto_accept,n/a
ISIC_0032417,bkl,bkl,3.706332e-07,8.157908e-06,auto_accept,n/a
ISIC_0031211,akiec,akiec,6.898095e-08,0.99980813,auto_accept,n/a
ISIC_0030181,bcc,bcc,4.6009745e-06,0.9999163,auto_accept,n/a
ISIC_0027009,nv,nv,2.4712747e-07,0.000113327704,auto_accept,n/a
ISIC_0026358,nv,nv,0.0020536797,0.008900357,auto_accept,n/a
ISIC_0027661,nv,nv,4.286479e-07,6.7724847e-07,auto_accept,n/a
ISIC_0025282,nv,nv,2.1990322e-06,2.5242002e-07,auto_accept,n/a
ISIC_0033863,mel,mel,2.2197297e-05,0.9661419,auto_accept,n/a
ISIC_0024880,bkl,bkl,3.1710332e-09,4.546156e-07,auto_accept,n/a
ISIC_0027967,bkl,bkl,0.0005927802,0.04251172,auto_accept,n/a
ISIC_0024869,nv,mel,0.0038565756,0.52136046,escalate,n/a
ISIC_0030127,nv,nv,5.946125e-07,9.179786e-05,auto_accept,n/a
ISIC_0025171,nv,vasc,0.0116494745,0.00026212135,escalate,n/a
ISIC_0029693,nv,nv,9.243521e-05,0.018578354,auto_accept,n/a
ISIC_0029210,akiec,akiec,0.0016770817,0.9605712,auto_accept,n/a
ISIC_0025706,nv,nv,5.8234917e-10,7.3132696e-08,auto_accept,n/a
ISIC_0026086,mel,mel,0.00024354148,0.94601196,auto_accept,n/a
ISIC_0030523,nv,nv,1.3064223e-08,9.025944e-06,auto_accept,n/a
ISIC_0024724,nv,nv,1.606035e-08,2.4293732e-07,auto_accept,n/a
ISIC_0025723,nv,nv,4.042014e-05,0.00062021747,auto_accept,n/a
ISIC_0028406,vasc,vasc,2.049684e-08,0.00012952594,auto_accept,n/a
ISIC_0034022,mel,mel,0.00027702254,0.91043335,auto_accept,n/a
ISIC_0033266,nv,mel,0.0004411508,0.9374579,auto_accept,n/a
ISIC_0030357,nv,nv,3.175151e-08,1.2998618e-06,auto_accept,n/a
ISIC_0030997,nv,nv,1.005962e-06,3.545011e-05,auto_accept,n/a
ISIC_0033565,vasc,vasc,1.5372567e-10,3.0478619e-05,auto_accept,n/a
ISIC_0030112,nv,nv,1.3487557e-09,5.635356e-09,auto_accept,n/a
ISIC_0033488,bkl,bkl,1.10001444e-07,1.8234341e-05,auto_accept,n/a
ISIC_0027096,nv,nv,3.296696e-05,1.0825813e-06,auto_accept,n/a
ISIC_0024524,nv,mel,0.0011046089,0.9720386,auto_accept,n/a
ISIC_0032987,mel,mel,0.0011846495,0.99121666,auto_accept,n/a
ISIC_0031693,nv,nv,9.871708e-07,4.9144794e-05,auto_accept,n/a
ISIC_0026181,nv,nv,8.5307406e-10,4.2648246e-08,auto_accept,n/a
ISIC_0028867,nv,nv,2.430646e-06,0.00020859948,auto_accept,n/a
ISIC_0031084,nv,nv,1.2280277e-08,4.0017726e-06,auto_accept,n/a
ISIC_0028980,bcc,bcc,1.1633632e-06,0.99988425,auto_accept,n/a
ISIC_0028288,mel,mel,0.0019566258,0.87039953,auto_accept,n/a
ISIC_0030853,nv,nv,1.091952e-07,7.061261e-07,auto_accept,n/a
ISIC_0026788,nv,nv,1.0214782e-05,0.0012375155,auto_accept,n/a
ISIC_0026258,mel,bkl,0.0048897476,0.00060224504,escalate,n/a
ISIC_0029486,vasc,vasc,0.0011553025,0.05842223,auto_accept,n/a
ISIC_0034225,nv,nv,7.1190766e-06,0.0012723724,auto_accept,n/a
ISIC_0025429,nv,nv,3.7634495e-06,1.8108161e-06,auto_accept,n/a
ISIC_0032089,nv,nv,1.301228e-08,6.501307e-07,auto_accept,n/a
ISIC_0026301,bkl,mel,1.3170819e-05,0.9766534,auto_accept,n/a
ISIC_0030533,bkl,bkl,0.00027153455,0.07554599,auto_accept,n/a
ISIC_0026194,akiec,akiec,0.0002495369,0.9946431,auto_accept,n/a
ISIC_0030884,nv,nv,4.3857405e-12,7.0085266e-09,auto_accept,n/a
ISIC_0029711,nv,nv,1.0354659e-07,2.0510173e-05,auto_accept,n/a
ISIC_0032797,mel,mel,2.246718e-05,0.97645193,auto_accept,n/a
ISIC_0028361,mel,mel,4.513003e-05,0.99021786,auto_accept,n/a
ISIC_0029400,nv,nv,3.4387708e-06,0.0007487847,auto_accept,n/a
ISIC_0029234,nv,nv,5.4746e-09,5.7628064e-08,auto_accept,n/a
ISIC_0024748,bkl,nv,0.00029714723,0.00082892034,auto_accept,n/a
ISIC_0031009,bcc,bcc,1.61043e-05,0.9960431,auto_accept,n/a
ISIC_0032134,mel,mel,1.1419126e-08,0.9999045,auto_accept,n/a
ISIC_0026803,bkl,bkl,4.052815e-09,0.00039982478,auto_accept,n/a
ISIC_0024387,nv,mel,0.0051440843,0.5208365,escalate,n/a
ISIC_0028949,nv,nv,5.2570673e-08,1.5402827e-06,auto_accept,n/a
ISIC_0028072,nv,nv,1.692434e-05,0.0007149674,auto_accept,n/a
ISIC_0030540,nv,nv,0.001442185,5.5094556e-06,auto_accept,n/a
ISIC_0028393,akiec,akiec,0.0067976317,0.997138,escalate,n/a
ISIC_0027374,bkl,bkl,6.704805e-08,0.0018955843,auto_accept,n/a
ISIC_0028863,nv,nv,0.0003889199,9.47289e-05,auto_accept,n/a
ISIC_0028083,nv,nv,0.000600458,3.9265524e-05,auto_accept,n/a
ISIC_0033723,nv,nv,0.002699213,0.08550921,auto_accept,n/a
ISIC_0034037,bkl,bkl,0.0013337869,4.836128e-05,auto_accept,n/a
ISIC_0026371,nv,nv,2.2056833e-05,0.00014695486,auto_accept,n/a
ISIC_0025127,mel,bkl,0.0020591607,0.25190386,auto_accept,n/a
ISIC_0027007,nv,nv,0.0013190086,0.013926764,auto_accept,n/a
ISIC_0027057,bcc,df,0.019126521,0.9312951,escalate,n/a
ISIC_0027019,nv,nv,3.3558717e-05,0.0006571804,auto_accept,n/a
ISIC_0030474,nv,nv,1.1150893e-05,1.5097119e-06,auto_accept,n/a
ISIC_0027762,nv,nv,1.6293768e-07,9.3110046e-08,auto_accept,n/a
ISIC_0026161,nv,nv,3.623889e-08,4.13652e-08,auto_accept,n/a
ISIC_0026203,akiec,nv,0.0032934048,0.099856935,auto_accept,n/a
ISIC_0029896,nv,nv,1.9396966e-06,0.00028807725,auto_accept,n/a
ISIC_0026967,bkl,bkl,0.0050885235,0.34800005,escalate,n/a
ISIC_0031464,bkl,bkl,0.0044282326,0.2042276,escalate,n/a
ISIC_0032583,mel,nv,0.0030390846,0.1570613,auto_accept,n/a
ISIC_0030368,nv,nv,1.309133e-10,3.802529e-08,auto_accept,n/a
ISIC_0033344,mel,mel,0.00043286427,0.9277699,auto_accept,n/a
ISIC_0026322,nv,nv,0.0014163617,0.032637637,auto_accept,n/a
ISIC_0028492,nv,nv,1.0946129e-08,3.404469e-07,auto_accept,n/a
ISIC_0027344,bkl,bkl,0.00019511026,0.229954,auto_accept,n/a
ISIC_0024887,nv,nv,0.0010948192,7.405391e-07,auto_accept,n/a
ISIC_0027981,nv,nv,1.3097164e-07,1.6494884e-08,auto_accept,n/a
ISIC_0028947,nv,nv,0.0013557578,0.00043573728,auto_accept,n/a
ISIC_0025874,bkl,bkl,0.0039172587,0.63449144,escalate,n/a
ISIC_0030788,nv,nv,8.71131e-07,1.3688794e-05,auto_accept,n/a
ISIC_0031727,nv,nv,0.00048072636,0.019000178,auto_accept,n/a
ISIC_0032386,nv,nv,8.959919e-10,7.683371e-08,auto_accept,n/a
ISIC_0032778,bkl,nv,0.00013121254,0.008508031,auto_accept,n/a
ISIC_0028919,nv,nv,4.0390023e-05,3.1581542e-06,auto_accept,n/a
ISIC_0029355,nv,nv,3.616707e-05,0.003459226,auto_accept,n/a
ISIC_0029791,bkl,bkl,9.185738e-06,0.008516314,auto_accept,n/a
ISIC_0031874,akiec,akiec,1.6532334e-06,0.9998783,auto_accept,n/a
ISIC_0028555,bkl,bkl,2.7277998e-05,0.047498953,auto_accept,n/a
ISIC_0025294,nv,nv,3.0524838e-08,9.5326634e-08,auto_accept,n/a
ISIC_0032335,bkl,bkl,6.7432825e-06,0.011708757,auto_accept,n/a
ISIC_0029646,nv,nv,3.5737322e-08,3.1492408e-07,auto_accept,n/a
ISIC_0025929,nv,nv,3.2552816e-08,1.8801813e-05,auto_accept,n/a
ISIC_0027673,mel,mel,1.9707754e-08,0.99984443,auto_accept,n/a
ISIC_0030102,nv,nv,4.5510515e-05,0.0025070591,auto_accept,n/a
ISIC_0033293,nv,nv,8.382202e-06,0.00074587646,auto_accept,n/a
ISIC_0033284,bkl,bkl,9.8625715e-05,1.4263219e-05,auto_accept,n/a
ISIC_0026192,bcc,bcc,3.0269914e-07,0.9989178,auto_accept,n/a
ISIC_0027700,akiec,nv,0.0032172352,0.14907609,auto_accept,n/a
ISIC_0032097,nv,nv,4.789952e-09,4.092261e-07,auto_accept,n/a
ISIC_0026268,mel,nv,0.0062789097,0.047013596,escalate,n/a
ISIC_0033615,nv,nv,0.0008094181,0.017700192,auto_accept,n/a
ISIC_0025032,bkl,bkl,5.637026e-07,0.0024568008,auto_accept,n/a
ISIC_0033849,nv,nv,0.00033216577,0.025324378,auto_accept,n/a
ISIC_0033756,nv,nv,0.0043883272,0.1535073,escalate,n/a
ISIC_0026487,nv,nv,1.1177724e-06,0.00025036116,auto_accept,n/a
ISIC_0033185,bkl,mel,0.0030380427,0.94351417,auto_accept,n/a
ISIC_0025106,nv,mel,0.002821012,0.66260946,auto_accept,n/a
ISIC_0026482,nv,nv,3.4676177e-05,0.0032956207,auto_accept,n/a
ISIC_0025756,nv,nv,8.604939e-08,6.665245e-06,auto_accept,n/a
ISIC_0026844,bkl,bkl,0.0014159362,0.42874992,auto_accept,n/a
ISIC_0028471,nv,nv,2.089371e-06,5.6543417e-06,auto_accept,n/a
ISIC_0030624,nv,nv,6.3582877e-09,1.2451592e-05,auto_accept,n/a
ISIC_0024307,nv,nv,0.0014262687,8.317173e-06,auto_accept,n/a
ISIC_0029797,nv,nv,1.3441906e-09,4.9637836e-09,auto_accept,n/a
ISIC_0029579,nv,nv,1.9082112e-08,3.9938e-06,auto_accept,n/a
ISIC_0030567,nv,nv,1.0555422e-06,0.00045387595,auto_accept,n/a
ISIC_0027406,nv,mel,0.0048797117,0.6103448,escalate,n/a
ISIC_0027253,mel,mel,0.00066766114,0.94423103,auto_accept,n/a
ISIC_0024632,bcc,bcc,8.240999e-06,0.9806788,auto_accept,n/a
ISIC_0027887,nv,nv,5.271395e-09,1.42280605e-05,auto_accept,n/a
ISIC_0030581,nv,nv,0.0014936061,0.019915052,auto_accept,n/a
ISIC_0033720,bcc,bcc,1.1381024e-05,0.9917346,auto_accept,n/a
ISIC_0024860,nv,nv,2.040124e-09,3.5623893e-07,auto_accept,n/a
ISIC_0025146,nv,nv,3.6450724e-06,0.000106856896,auto_accept,n/a
ISIC_0027446,nv,nv,7.781242e-06,0.00049195066,auto_accept,n/a
ISIC_0028862,nv,nv,2.7277452e-05,0.00012040553,auto_accept,n/a
ISIC_0028757,nv,nv,7.722721e-05,0.0031670537,auto_accept,n/a
ISIC_0025343,nv,nv,3.0861884e-07,8.61511e-05,auto_accept,n/a
ISIC_0033981,mel,mel,0.000924009,0.80361974,auto_accept,n/a
ISIC_0030852,nv,nv,2.6001945e-07,3.355568e-05,auto_accept,n/a
ISIC_0028468,nv,nv,0.0019732427,0.0033982282,auto_accept,n/a
ISIC_0024591,nv,nv,6.05658e-09,4.0545124e-06,auto_accept,n/a
ISIC_0032979,nv,nv,0.0024368917,0.008486318,auto_accept,n/a
ISIC_0026450,nv,nv,1.5675993e-09,2.830715e-07,auto_accept,n/a
ISIC_0028356,nv,nv,0.00042630703,1.879934e-05,auto_accept,n/a
ISIC_0032106,nv,nv,2.296613e-06,0.00016667217,auto_accept,n/a
ISIC_0029461,nv,nv,1.8056953e-05,0.0006156936,auto_accept,n/a
ISIC_0025538,nv,nv,9.715418e-07,0.00010089434,auto_accept,n/a
ISIC_0029852,nv,nv,1.4262823e-06,1.114333e-05,auto_accept,n/a
ISIC_0029459,nv,nv,0.0018051572,0.11478938,auto_accept,n/a
ISIC_0032676,nv,nv,1.7080398e-05,6.3788255e-05,auto_accept,n/a
ISIC_0028048,nv,nv,0.0001710332,7.930313e-06,auto_accept,n/a
ISIC_0025908,nv,nv,1.046452e-06,0.00020998355,auto_accept,n/a
ISIC_0030498,nv,nv,2.0288897e-05,0.0010778558,auto_accept,n/a
ISIC_0030327,nv,nv,1.6905265e-08,1.6006725e-06,auto_accept,n/a
ISIC_0026041,nv,nv,9.886975e-07,9.5297e-08,auto_accept,n/a
ISIC_0026437,nv,akiec,0.00096581556,0.91391337,auto_accept,n/a
ISIC_0028911,nv,nv,5.5795944e-08,2.3020098e-06,auto_accept,n/a
ISIC_0027165,nv,nv,3.8635685e-06,3.0618055e-06,auto_accept,n/a
ISIC_0028416,nv,nv,1.0964958e-05,9.316303e-06,auto_accept,n/a
ISIC_0026695,nv,nv,1.3267538e-08,9.905793e-06,auto_accept,n/a
ISIC_0024765,nv,nv,1.3359118e-09,6.206549e-08,auto_accept,n/a
ISIC_0025539,akiec,akiec,0.00058985833,0.94302475,auto_accept,n/a
ISIC_0027194,bkl,bkl,7.1109554e-07,0.0031176293,auto_accept,n/a
ISIC_0034222,mel,mel,0.006359216,0.77616626,escalate,n/a
ISIC_0028015,nv,mel,0.002142416,0.5382534,auto_accept,n/a
ISIC_0028124,bkl,bkl,4.3253617e-06,0.00055680756,auto_accept,n/a
ISIC_0024844,nv,nv,2.432791e-06,3.507535e-06,auto_accept,n/a
ISIC_0026026,nv,nv,1.794819e-10,5.0364086e-08,auto_accept,n/a
ISIC_0027371,bcc,bcc,0.008055512,0.70361644,escalate,n/a
ISIC_0031387,nv,nv,1.1919202e-05,2.4603332e-05,auto_accept,n/a
ISIC_0029842,nv,nv,2.9074757e-08,5.7799516e-06,auto_accept,n/a
ISIC_0024815,nv,nv,7.105724e-08,3.659198e-05,auto_accept,n/a
ISIC_0028723,nv,nv,1.8554358e-10,1.00715724e-07,auto_accept,n/a
ISIC_0030751,nv,nv,3.096035e-05,7.277922e-06,auto_accept,n/a
ISIC_0026188,mel,mel,0.00011523367,0.98316276,auto_accept,n/a
ISIC_0026145,nv,nv,1.379439e-06,0.0002839751,auto_accept,n/a
ISIC_0029893,mel,mel,5.2580115e-05,0.97201824,auto_accept,n/a
ISIC_0025144,bcc,bcc,1.6714012e-06,0.99944156,auto_accept,n/a
ISIC_0025192,nv,nv,2.9992222e-08,1.2416668e-07,auto_accept,n/a
ISIC_0026307,nv,nv,1.0314236e-08,1.3162655e-09,auto_accept,n/a
ISIC_0024393,nv,nv,7.138912e-06,1.7584e-05,auto_accept,n/a
ISIC_0031643,bcc,bcc,1.8923096e-05,0.99117094,auto_accept,n/a
ISIC_0034249,nv,nv,1.0260253e-05,7.33781e-05,auto_accept,n/a
ISIC_0033340,nv,nv,7.361994e-05,0.0044790367,auto_accept,n/a
ISIC_0028679,nv,nv,0.0012263962,0.03413362,auto_accept,n/a
ISIC_0031662,nv,nv,0.0037245841,0.27503964,escalate,n/a
ISIC_0032663,nv,mel,0.0038843513,0.6889766,escalate,n/a
ISIC_0028906,nv,nv,5.197623e-09,4.2692627e-06,auto_accept,n/a
ISIC_0024736,nv,nv,1.6754982e-06,5.955662e-06,auto_accept,n/a
ISIC_0034018,nv,nv,3.143679e-05,0.0023920166,auto_accept,n/a
ISIC_0026483,nv,nv,9.5805724e-08,3.8689686e-05,auto_accept,n/a
ISIC_0033553,bkl,bkl,0.0001817152,0.00031932595,auto_accept,n/a
ISIC_0031116,nv,nv,9.137848e-06,5.4595945e-05,auto_accept,n/a
ISIC_0032124,bkl,bkl,2.918592e-05,7.113083e-05,auto_accept,n/a
ISIC_0026916,mel,mel,2.586081e-05,0.99446714,auto_accept,n/a
ISIC_0024859,nv,nv,2.9036246e-05,0.0016161936,auto_accept,n/a
ISIC_0031775,nv,nv,6.253081e-09,1.1129522e-06,auto_accept,n/a
ISIC_0026921,nv,nv,6.563555e-06,0.00016253744,auto_accept,n/a
ISIC_0030904,nv,nv,0.00013274606,5.0043785e-05,auto_accept,n/a
ISIC_0025463,nv,nv,0.0033303502,0.2862125,auto_accept,n/a
ISIC_0031347,nv,nv,6.9721915e-07,6.666266e-05,auto_accept,n/a
ISIC_0032856,mel,mel,0.00011003631,0.96848315,auto_accept,n/a
ISIC_0027029,nv,nv,1.6575625e-06,0.00021825622,auto_accept,n/a
ISIC_0028889,nv,nv,8.7573964e-05,1.4657962e-05,auto_accept,n/a
ISIC_0027527,bkl,bkl,5.9370726e-05,0.12488198,auto_accept,n/a
ISIC_0029773,nv,nv,7.242114e-05,0.0019041544,auto_accept,n/a
ISIC_0028966,nv,nv,0.00020489971,0.010020286,auto_accept,n/a
ISIC_0033264,bkl,bkl,0.0015756161,0.04472685,auto_accept,n/a
ISIC_0024504,bcc,bcc,0.00093575305,0.9940923,auto_accept,n/a
ISIC_0027880,nv,nv,3.7552384e-06,5.872187e-05,auto_accept,n/a
ISIC_0027916,bkl,bkl,0.002293957,0.51203233,auto_accept,n/a
ISIC_0030155,nv,nv,0.0066098277,0.0005495028,escalate,n/a
ISIC_0032733,mel,mel,1.0791897e-06,0.9961791,auto_accept,n/a
ISIC_0034291,bkl,bkl,3.5043737e-09,0.0002294365,auto_accept,n/a
ISIC_0025519,bkl,bkl,0.0024043922,0.004141993,auto_accept,n/a
ISIC_0024770,bkl,bkl,1.1791212e-05,0.047421675,auto_accept,n/a
ISIC_0024600,nv,nv,2.1464523e-06,2.5489997e-05,auto_accept,n/a
ISIC_0030109,nv,nv,2.8482438e-08,4.1679164e-06,auto_accept,n/a
ISIC_0027948,nv,mel,0.00028696842,0.9394651,auto_accept,n/a
ISIC_0026131,mel,mel,6.428163e-06,0.99810696,auto_accept,n/a
ISIC_0026272,nv,nv,2.0330304e-09,5.2526826e-07,auto_accept,n/a
ISIC_0029506,nv,nv,1.2059189e-06,4.1299145e-07,auto_accept,n/a
ISIC_0026002,nv,nv,3.0782363e-08,5.566833e-06,auto_accept,n/a
ISIC_0027399,nv,nv,8.625497e-09,1.5447902e-06,auto_accept,n/a
ISIC_0028267,nv,nv,2.3780716e-08,4.638713e-07,auto_accept,n/a
ISIC_0031473,nv,akiec,0.00019800516,0.9771559,auto_accept,n/a
ISIC_0026624,nv,nv,1.857944e-07,2.8382066e-05,auto_accept,n/a
ISIC_0032155,nv,nv,7.915843e-07,1.5903781e-08,auto_accept,n/a
ISIC_0028062,nv,nv,4.9598057e-06,1.6340513e-05,auto_accept,n/a
ISIC_0031706,vasc,vasc,1.5184558e-07,3.9553703e-05,auto_accept,n/a
ISIC_0024801,nv,nv,4.2667583e-10,5.313008e-08,auto_accept,n/a
ISIC_0025997,nv,nv,3.812237e-10,2.9483035e-08,auto_accept,n/a
ISIC_0031019,nv,mel,6.758978e-05,0.98003894,auto_accept,n/a
ISIC_0029908,nv,nv,1.1505768e-06,3.7168058e-05,auto_accept,n/a
ISIC_0033775,nv,mel,0.0011877387,0.88524383,auto_accept,n/a
ISIC_0026629,df,df,0.010977931,0.00067420886,escalate,n/a
ISIC_0029662,nv,nv,5.9464564e-05,0.0012168457,auto_accept,n/a
ISIC_0034220,nv,mel,5.9173737e-05,0.98111516,auto_accept,n/a
ISIC_0030009,nv,nv,5.971307e-07,3.6455654e-05,auto_accept,n/a
ISIC_0026010,nv,nv,7.1196254e-08,3.0271797e-06,auto_accept,n/a
ISIC_0027824,nv,nv,9.437036e-09,7.693812e-08,auto_accept,n/a
ISIC_0032908,nv,nv,0.0011832296,0.00013110954,auto_accept,n/a
ISIC_0027288,nv,nv,8.0423945e-07,4.7550884e-08,auto_accept,n/a
ISIC_0027112,nv,nv,0.00017848883,0.0013260071,auto_accept,n/a
ISIC_0026400,nv,nv,1.7792818e-05,0.00515495,auto_accept,n/a
ISIC_0025846,nv,nv,0.0039107064,0.0029629457,escalate,n/a
ISIC_0030482,nv,nv,6.257849e-10,1.8949931e-08,auto_accept,n/a
ISIC_0029726,mel,bkl,6.631153e-05,0.013321193,auto_accept,n/a
ISIC_0031456,nv,nv,0.0003230338,4.0888503e-06,auto_accept,n/a
ISIC_0026987,nv,nv,0.0009422876,0.053501282,auto_accept,n/a
ISIC_0032945,nv,nv,1.161697e-06,0.00018785098,auto_accept,n/a
ISIC_0027076,mel,mel,0.0019092113,0.6283879,auto_accept,n/a
ISIC_0030571,nv,nv,2.0927358e-08,3.513795e-07,auto_accept,n/a
ISIC_0030892,nv,mel,0.0032522413,0.98189133,auto_accept,n/a
ISIC_0025798,nv,nv,0.005324866,7.751659e-05,escalate,n/a
ISIC_0025809,nv,mel,0.0005208674,0.7321793,auto_accept,n/a
ISIC_0032906,bcc,bcc,1.0235323e-06,0.9998344,auto_accept,n/a
ISIC_0027022,nv,nv,4.0837866e-09,1.758332e-07,auto_accept,n/a
ISIC_0029336,nv,nv,3.0918432e-07,5.850991e-05,auto_accept,n/a
ISIC_0026276,bkl,bkl,1.300341e-05,0.066242374,auto_accept,n/a
ISIC_0030721,bkl,bkl,1.0734197e-05,0.0018953533,auto_accept,n/a
ISIC_0031806,nv,bcc,5.072235e-05,0.98050815,auto_accept,n/a
ISIC_0029256,nv,nv,3.8214267e-08,5.172155e-07,auto_accept,n/a
ISIC_0027745,df,df,1.7765209e-10,0.00018633305,auto_accept,n/a
ISIC_0024479,nv,mel,0.006361556,0.331253,escalate,n/a
ISIC_0028832,nv,nv,1.3914176e-07,7.0475505e-07,auto_accept,n/a
ISIC_0027740,nv,nv,9.526376e-11,2.4273463e-08,auto_accept,n/a
ISIC_0028281,nv,nv,0.00040049906,3.80065e-05,auto_accept,n/a
ISIC_0029358,bkl,mel,0.00013745588,0.95773214,auto_accept,n/a
ISIC_0033677,bkl,bkl,1.4352579e-05,9.584296e-05,auto_accept,n/a
ISIC_0029689,nv,nv,1.623185e-06,0.00014424253,auto_accept,n/a
ISIC_0032586,mel,mel,1.3224389e-05,0.9982595,auto_accept,n/a
ISIC_0024773,bkl,bkl,0.0008049416,0.32831043,auto_accept,n/a
ISIC_0031049,nv,nv,0.002881288,0.18176259,auto_accept,n/a
ISIC_0024521,nv,nv,0.0004862662,0.0016708847,auto_accept,n/a
ISIC_0034058,bcc,bcc,1.3337093e-05,0.99982184,auto_accept,n/a
ISIC_0026681,nv,nv,2.1053758e-07,5.234264e-05,auto_accept,n/a
ISIC_0026928,nv,nv,1.3749628e-06,1.0937391e-06,auto_accept,n/a
ISIC_0027378,nv,nv,0.00019412932,4.9716906e-05,auto_accept,n/a
ISIC_0033467,nv,nv,0.00028085648,0.0031792796,auto_accept,n/a
ISIC_0029048,bkl,bkl,2.8173672e-05,1.4116369e-05,auto_accept,n/a
ISIC_0029338,nv,nv,1.179821e-07,1.9258417e-07,auto_accept,n/a
ISIC_0031784,mel,mel,2.3241888e-05,0.9855865,auto_accept,n/a
ISIC_0034201,bkl,bkl,0.001199017,0.013084226,auto_accept,n/a
ISIC_0027454,bkl,bkl,0.00029706434,0.46560487,auto_accept,n/a
ISIC_0024941,nv,nv,6.964383e-05,0.0035559067,auto_accept,n/a
ISIC_0024810,nv,nv,9.895777e-06,0.0014322925,auto_accept,n/a
ISIC_0027863,mel,mel,5.825573e-05,0.9774893,auto_accept,n/a
ISIC_0028424,nv,nv,0.00011109385,1.6221188e-06,auto_accept,n/a
ISIC_0034011,bkl,bkl,1.0664676e-05,0.12460731,auto_accept,n/a
ISIC_0030469,nv,nv,0.00018801141,9.156914e-06,auto_accept,n/a
ISIC_0032093,nv,nv,3.2011425e-09,4.8200727e-06,auto_accept,n/a
ISIC_0031334,bkl,bkl,2.5602385e-06,0.00037003896,auto_accept,n/a
ISIC_0026848,akiec,akiec,0.000438468,0.97955483,auto_accept,n/a
ISIC_0031650,bkl,bkl,0.006694424,0.49157232,escalate,n/a
ISIC_0025872,nv,nv,1.0136386e-09,5.87464e-07,auto_accept,n/a
ISIC_0032590,nv,nv,1.7049191e-05,0.0026896207,auto_accept,n/a
ISIC_0026919,nv,nv,9.664669e-07,3.2161336e-06,auto_accept,n/a
ISIC_0029174,nv,nv,0.014324603,0.0026440357,escalate,n/a
ISIC_0029384,bkl,bkl,7.1464837e-07,0.0012282238,auto_accept,n/a
ISIC_0030477,nv,nv,1.7556775e-05,0.002164296,auto_accept,n/a
ISIC_0025181,nv,nv,7.009971e-05,0.0025213354,auto_accept,n/a
ISIC_0028166,nv,df,0.0059927283,0.73761827,escalate,n/a
ISIC_0033472,nv,mel,0.005787965,0.6378612,escalate,n/a
ISIC_0034162,mel,bkl,0.0035645433,0.2059161,escalate,n/a
ISIC_0025359,nv,nv,6.169414e-11,4.0810434e-08,auto_accept,n/a
ISIC_0030983,nv,nv,4.6885744e-09,1.0024522e-07,auto_accept,n/a
ISIC_0030912,nv,nv,0.0016675006,0.0292452,auto_accept,n/a
ISIC_0032672,mel,mel,1.0243049e-05,0.9752607,auto_accept,n/a
ISIC_0034034,mel,bkl,0.0070300773,0.78891534,escalate,n/a
ISIC_0033529,bkl,bkl,5.292134e-05,0.017659646,auto_accept,n/a
ISIC_0027568,nv,akiec,0.0001417641,0.9937383,auto_accept,n/a
ISIC_0033574,nv,nv,0.00034759543,0.0012422777,auto_accept,n/a
ISIC_0028297,nv,mel,0.0030903523,0.66840494,auto_accept,n/a
ISIC_0032542,nv,mel,0.0008978263,0.8690243,auto_accept,n/a
ISIC_0030524,nv,nv,0.00055318425,5.744062e-07,auto_accept,n/a
ISIC_0026304,nv,nv,3.858062e-08,7.8644966e-08,auto_accept,n/a
ISIC_0025213,nv,nv,5.728368e-10,7.890204e-08,auto_accept,n/a
ISIC_0032226,nv,nv,0.0006706276,0.004183605,auto_accept,n/a
ISIC_0030014,mel,mel,2.2865632e-05,0.9845173,auto_accept,n/a
ISIC_0026474,nv,nv,1.5825997e-07,9.1818197e-07,auto_accept,n/a
ISIC_0027557,nv,nv,4.060172e-09,2.7617918e-07,auto_accept,n/a
ISIC_0027220,nv,nv,4.8564007e-06,4.384866e-06,auto_accept,n/a
ISIC_0032803,nv,nv,0.0021805668,0.03697866,auto_accept,n/a
ISIC_0024631,nv,nv,1.0394728e-07,7.37165e-06,auto_accept,n/a
ISIC_0033592,bkl,bkl,2.582774e-06,0.00049965124,auto_accept,n/a
ISIC_0025801,nv,nv,2.545066e-07,0.0001660019,auto_accept,n/a
ISIC_0028418,mel,mel,0.00040660132,0.9873094,auto_accept,n/a
ISIC_0031462,nv,akiec,0.004095397,0.8198891,escalate,n/a
ISIC_0030322,nv,nv,3.3069235e-05,0.00012441883,auto_accept,n/a
ISIC_0024477,bkl,df,0.0005314249,0.052270763,auto_accept,n/a
ISIC_0031628,nv,nv,0.00014256791,0.00403797,auto_accept,n/a
ISIC_0031580,bkl,bkl,1.5627702e-05,0.007289498,auto_accept,n/a
ISIC_0024324,bkl,bkl,0.0067400723,0.00054629054,escalate,n/a
ISIC_0031914,nv,nv,1.6934606e-06,2.0273643e-05,auto_accept,n/a
ISIC_0029306,nv,nv,1.9539029e-07,4.152892e-05,auto_accept,n/a
ISIC_0028384,nv,bkl,0.00051633007,0.0004901593,auto_accept,n/a
ISIC_0029422,nv,nv,0.0032185656,0.3405052,auto_accept,n/a
ISIC_0027773,nv,nv,8.908225e-07,1.4576344e-05,auto_accept,n/a
ISIC_0030385,nv,nv,0.000106379994,4.362651e-06,auto_accept,n/a
ISIC_0027781,bkl,bkl,0.0037884512,0.12646176,escalate,n/a
ISIC_0026628,nv,nv,1.8708388e-07,5.4558514e-06,auto_accept,n/a
ISIC_0028887,nv,nv,0.00013883245,0.005866128,auto_accept,n/a
ISIC_0033435,nv,nv,2.0693673e-05,1.1980372e-06,auto_accept,n/a
ISIC_0026855,bcc,bkl,0.009989962,0.00026563418,escalate,n/a
ISIC_0025311,nv,nv,7.3067907e-09,5.9375434e-08,auto_accept,n/a
ISIC_0025815,nv,nv,2.668628e-08,5.3350084e-07,auto_accept,n/a
ISIC_0024675,mel,nv,0.0017122832,0.05287259,auto_accept,n/a
ISIC_0030717,nv,nv,2.3969715e-08,4.9949766e-05,auto_accept,n/a
ISIC_0033391,bkl,mel,0.0039586974,0.8763795,escalate,n/a
ISIC_0026787,bkl,mel,0.004788171,0.9395315,escalate,n/a
ISIC_0033645,nv,nv,0.007021028,0.16890286,escalate,n/a
ISIC_0025930,nv,nv,3.8866602e-07,6.9002936e-06,auto_accept,n/a
ISIC_0033636,mel,mel,3.4317334e-05,0.9996567,auto_accept,n/a
ISIC_0031388,nv,nv,2.5625133e-07,4.0634545e-06,auto_accept,n/a
ISIC_0030613,nv,nv,9.503252e-08,3.6603114e-07,auto_accept,n/a
ISIC_0027683,nv,nv,1.4706036e-05,2.441703e-06,auto_accept,n/a
ISIC_0033233,nv,nv,3.0493844e-05,0.000700425,auto_accept,n/a
ISIC_0030140,nv,nv,0.00033991312,0.016611114,auto_accept,n/a
ISIC_0032471,nv,nv,0.0021824387,0.20899749,auto_accept,n/a
ISIC_0029663,nv,nv,1.1341397e-05,0.00073973613,auto_accept,n/a
ISIC_0033631,bkl,bkl,3.3891098e-05,3.2775154e-06,auto_accept,n/a
ISIC_0026485,nv,nv,1.392907e-07,4.0355094e-06,auto_accept,n/a
ISIC_0032297,nv,nv,2.9592973e-06,6.043663e-05,auto_accept,n/a
ISIC_0026209,nv,mel,0.00070599746,0.92329186,auto_accept,n/a
ISIC_0031565,mel,mel,0.0015592028,0.88477457,auto_accept,n/a
ISIC_0031840,nv,nv,6.385907e-06,3.1227492e-07,auto_accept,n/a
ISIC_0025484,bkl,bkl,0.002934035,0.06928205,auto_accept,n/a
ISIC_0026524,bkl,bkl,0.00016509219,0.006646481,auto_accept,n/a
ISIC_0030433,nv,nv,2.1466196e-06,0.0007257934,auto_accept,n/a
ISIC_0032719,bkl,bkl,6.883634e-05,0.1125442,auto_accept,n/a
ISIC_0024689,nv,nv,3.8615673e-07,5.1172997e-06,auto_accept,n/a
ISIC_0029619,nv,nv,4.4736815e-08,5.157642e-06,auto_accept,n/a
ISIC_0028833,nv,nv,2.4821953e-05,2.0081288e-06,auto_accept,n/a
ISIC_0032776,bkl,bkl,2.5940475e-05,0.04478597,auto_accept,n/a
ISIC_0032030,bcc,bcc,1.774509e-05,0.9997912,auto_accept,n/a
ISIC_0031856,nv,nv,1.1610835e-07,2.0555839e-05,auto_accept,n/a
ISIC_0032807,mel,mel,3.9473025e-06,0.9964227,auto_accept,n/a
ISIC_0030048,nv,nv,2.6844602e-10,1.0699536e-08,auto_accept,n/a
ISIC_0030239,nv,nv,2.1686332e-05,0.00021814139,auto_accept,n/a
ISIC_0033718,nv,nv,1.3734805e-05,0.00037362782,auto_accept,n/a
ISIC_0025464,nv,nv,3.4561356e-06,1.1588458e-08,auto_accept,n/a
ISIC_0029102,bkl,bkl,0.0039376924,0.42952305,escalate,n/a
ISIC_0032760,nv,nv,5.301533e-05,0.011589635,auto_accept,n/a
ISIC_0024584,nv,nv,2.783098e-05,0.002446534,auto_accept,n/a
ISIC_0030712,bcc,bcc,1.0721991e-08,0.99915695,auto_accept,n/a
ISIC_0030344,akiec,mel,0.0004112443,0.97824425,auto_accept,n/a
ISIC_0031099,nv,nv,1.3426e-07,1.1484396e-05,auto_accept,n/a
ISIC_0031951,bkl,bkl,5.0831757e-05,0.017908989,auto_accept,n/a
ISIC_0025757,nv,nv,1.3403868e-05,0.00011321495,auto_accept,n/a
ISIC_0026363,nv,nv,7.2984804e-08,3.219136e-07,auto_accept,n/a
ISIC_0030749,nv,nv,3.3849756e-07,4.7852194e-05,auto_accept,n/a
ISIC_0027126,mel,mel,0.007326173,0.9843009,escalate,n/a
ISIC_0033258,mel,mel,8.507108e-07,0.99835926,auto_accept,n/a
ISIC_0025466,bkl,bkl,0.0010199539,0.008429704,auto_accept,n/a
ISIC_0025246,nv,nv,1.4742784e-07,7.4360164e-06,auto_accept,n/a
ISIC_0033464,nv,nv,2.450243e-07,9.219192e-05,auto_accept,n/a
ISIC_0026821,nv,nv,1.6520316e-07,1.3105416e-06,auto_accept,n/a
ISIC_0031153,nv,nv,3.546577e-10,4.473743e-09,auto_accept,n/a
ISIC_0034094,mel,mel,2.1989337e-05,0.9860431,auto_accept,n/a
ISIC_0030418,nv,nv,1.4281421e-06,0.00015406104,auto_accept,n/a
ISIC_0028447,nv,mel,0.0032125362,0.8663561,auto_accept,n/a
ISIC_0032977,nv,nv,1.1861753e-05,0.0010374761,auto_accept,n/a
ISIC_0033394,mel,mel,1.0390182e-05,0.9960194,auto_accept,n/a
ISIC_0031484,nv,nv,4.2519472e-09,2.3237087e-07,auto_accept,n/a
ISIC_0027487,mel,mel,6.4471125e-05,0.99682605,auto_accept,n/a
ISIC_0025599,vasc,vasc,1.1349299e-05,0.00025235102,auto_accept,n/a
ISIC_0032467,nv,nv,3.1584113e-06,1.0901537e-06,auto_accept,n/a
ISIC_0034185,nv,nv,0.004079374,0.1897708,escalate,n/a
ISIC_0029916,nv,nv,4.1604565e-07,8.070437e-06,auto_accept,n/a
ISIC_0025382,nv,nv,0.0007979358,1.0677603e-05,auto_accept,n/a
ISIC_0031944,nv,nv,8.015501e-06,0.00036346703,auto_accept,n/a
ISIC_0034309,nv,nv,1.1182695e-05,0.0007744174,auto_accept,n/a
ISIC_0030435,nv,nv,8.5925717e-10,4.6417135e-08,auto_accept,n/a
ISIC_0029280,nv,nv,0.00044576978,0.00019747665,auto_accept,n/a
ISIC_0027256,vasc,vasc,7.006741e-09,1.269e-06,auto_accept,n/a
ISIC_0032338,nv,nv,0.0018280862,0.058777537,auto_accept,n/a
ISIC_0024473,nv,nv,0.00012170991,0.042270876,auto_accept,n/a
ISIC_0028575,nv,nv,0.0005683807,1.3407505e-06,auto_accept,n/a
ISIC_0033285,nv,nv,0.00051681563,0.009795428,auto_accept,n/a
ISIC_0026030,nv,mel,0.0061633466,0.41705114,escalate,n/a
ISIC_0028552,nv,nv,0.004366562,0.001068411,escalate,n/a
ISIC_0030456,nv,nv,0.0002523856,0.0002706419,auto_accept,n/a
ISIC_0025174,nv,nv,1.6922503e-07,9.1740985e-06,auto_accept,n/a
ISIC_0026157,nv,mel,0.0010043797,0.74637324,auto_accept,n/a
ISIC_0033503,nv,nv,0.0013273833,0.102540284,auto_accept,n/a
ISIC_0026918,nv,nv,2.1691882e-09,7.6051045e-08,auto_accept,n/a
ISIC_0024766,nv,nv,8.013626e-08,5.7781217e-06,auto_accept,n/a
ISIC_0028731,nv,nv,2.5227364e-06,7.90128e-06,auto_accept,n/a
ISIC_0031189,mel,mel,0.000107809785,0.97884387,auto_accept,n/a
ISIC_0031557,mel,mel,0.004724451,0.8765311,escalate,n/a
ISIC_0026120,mel,mel,3.8765283e-08,0.9999405,auto_accept,n/a
ISIC_0033276,nv,nv,0.00013153344,0.0010327243,auto_accept,n/a
ISIC_0029965,nv,nv,9.7254464e-08,2.6424625e-06,auto_accept,n/a
ISIC_0025224,nv,nv,0.002919364,0.20223038,auto_accept,n/a
ISIC_0025110,nv,nv,8.65086e-08,2.3786672e-05,auto_accept,n/a
ISIC_0028661,nv,nv,4.2700998e-10,4.6554957e-10,auto_accept,n/a
ISIC_0030596,nv,nv,5.063489e-06,0.00023563181,auto_accept,n/a
ISIC_0027995,nv,nv,1.9195088e-05,0.0020434083,auto_accept,n/a
ISIC_0034252,bkl,mel,0.0059782127,0.77057636,escalate,n/a
ISIC_0032600,nv,nv,0.00063322857,0.036230493,auto_accept,n/a
ISIC_0033518,mel,mel,7.0165197e-06,0.9980252,auto_accept,n/a
ISIC_0032135,akiec,akiec,0.0039990908,0.73855346,escalate,n/a
ISIC_0030732,nv,nv,0.0020608644,0.20217188,auto_accept,n/a
ISIC_0025589,mel,mel,0.0001270089,0.97501934,auto_accept,n/a
ISIC_0033675,df,df,1.8872195e-06,0.0022553017,auto_accept,n/a
ISIC_0024358,bkl,bkl,0.0022449922,0.08881672,auto_accept,n/a
ISIC_0033838,nv,nv,5.7912627e-07,9.249228e-05,auto_accept,n/a
ISIC_0024348,nv,nv,0.0025761456,3.2227108e-05,auto_accept,n/a
ISIC_0030179,nv,nv,5.792716e-08,4.4821867e-05,auto_accept,n/a
ISIC_0031296,nv,nv,1.5937063e-07,1.8259063e-06,auto_accept,n/a
ISIC_0024758,bkl,bkl,9.418249e-07,0.0062093465,auto_accept,n/a
ISIC_0028751,nv,nv,3.3669307e-06,0.0013729368,auto_accept,n/a
ISIC_0027369,nv,nv,2.0527946e-06,0.00013308659,auto_accept,n/a
ISIC_0032699,mel,mel,0.0003635916,0.91819423,auto_accept,n/a
ISIC_0026038,nv,nv,1.5768526e-06,1.6552814e-05,auto_accept,n/a
ISIC_0031120,nv,nv,3.93322e-06,4.6083514e-05,auto_accept,n/a
ISIC_0033802,mel,mel,0.0005070798,0.88889086,auto_accept,n/a
ISIC_0031535,nv,nv,5.550863e-06,0.00059973734,auto_accept,n/a
ISIC_0025600,bcc,bcc,8.328818e-06,0.997898,auto_accept,n/a
ISIC_0028528,nv,mel,0.0014319329,0.8732072,auto_accept,n/a
ISIC_0031111,nv,akiec,0.000907844,0.9291896,auto_accept,n/a
ISIC_0026352,mel,mel,0.006054873,0.9286344,escalate,n/a
ISIC_0026472,nv,nv,5.2079076e-07,0.0002290328,auto_accept,n/a
ISIC_0025437,nv,nv,7.168026e-06,9.446154e-05,auto_accept,n/a
ISIC_0032442,nv,nv,2.9207026e-08,9.1728396e-07,auto_accept,n/a
ISIC_0031028,nv,nv,2.2794276e-10,1.8099773e-09,auto_accept,n/a
ISIC_0031591,bkl,bkl,4.0060822e-05,0.0070994124,auto_accept,n/a
ISIC_0026680,nv,nv,1.1064905e-05,5.814969e-05,auto_accept,n/a
ISIC_0032366,nv,nv,1.5330588e-08,1.2145222e-06,auto_accept,n/a
ISIC_0033447,nv,nv,0.00023101698,0.0064921346,auto_accept,n/a
ISIC_0031617,nv,nv,0.0007146934,0.06464741,auto_accept,n/a
ISIC_0031193,nv,nv,9.591616e-07,5.7451005e-05,auto_accept,n/a
ISIC_0029710,nv,nv,2.3131975e-06,0.00026574844,auto_accept,n/a
ISIC_0031962,nv,nv,9.914659e-08,3.6396248e-06,auto_accept,n/a
ISIC_0027594,nv,nv,2.0397329e-07,4.9006626e-06,auto_accept,n/a
ISIC_0027858,bcc,bcc,0.0013126992,0.7498147,auto_accept,n/a
ISIC_0032654,bkl,bkl,4.715973e-06,0.0023596946,auto_accept,n/a
ISIC_0031469,nv,nv,2.2130241e-07,3.327065e-06,auto_accept,n/a
ISIC_0024919,nv,nv,2.322834e-09,9.568458e-08,auto_accept,n/a
ISIC_0031751,nv,nv,3.4403956e-07,4.7281918e-07,auto_accept,n/a
ISIC_0026804,nv,nv,3.6251174e-06,0.0002056706,auto_accept,n/a
ISIC_0027215,nv,nv,1.0896337e-08,3.4703094e-06,auto_accept,n/a
ISIC_0032610,mel,nv,0.00023129389,0.007307675,auto_accept,n/a
ISIC_0026484,nv,nv,6.5073415e-08,1.608982e-05,auto_accept,n/a
ISIC_0032931,nv,mel,0.0016613324,0.91783863,auto_accept,n/a
ISIC_0029155,nv,nv,5.5591663e-06,0.00048672775,auto_accept,n/a
ISIC_0027116,nv,nv,9.82406e-07,1.0727432e-05,auto_accept,n/a
ISIC_0031586,mel,mel,0.0046956823,0.6305569,escalate,n/a
ISIC_0034186,bkl,mel,0.008108438,0.91915023,escalate,n/a
ISIC_0031490,nv,nv,1.5744132e-06,0.000995211,auto_accept,n/a
ISIC_0026364,nv,nv,4.119504e-08,1.0637355e-07,auto_accept,n/a
ISIC_0026666,nv,nv,5.664435e-05,1.8811283e-05,auto_accept,n/a
ISIC_0027835,nv,nv,2.2433131e-08,7.240091e-07,auto_accept,n/a
ISIC_0026768,nv,nv,2.4205722e-08,7.542871e-08,auto_accept,n/a
ISIC_0032235,bkl,mel,0.007064935,0.54329264,escalate,n/a
ISIC_0026418,nv,nv,3.6950347e-05,4.554869e-05,auto_accept,n/a
ISIC_0027592,nv,nv,4.701612e-08,5.5131164e-07,auto_accept,n/a
ISIC_0028394,nv,nv,1.7767892e-06,0.00012299446,auto_accept,n/a
ISIC_0025007,nv,nv,3.4143042e-07,9.582258e-05,auto_accept,n/a
ISIC_0025136,bkl,mel,0.00015528289,0.9872913,auto_accept,n/a
ISIC_0033173,nv,nv,1.2545881e-06,0.00025756206,auto_accept,n/a
ISIC_0034073,nv,mel,0.0014802513,0.86775637,auto_accept,n/a
ISIC_0032365,bkl,bkl,0.00026465472,0.0034915658,auto_accept,n/a
ISIC_0032989,nv,mel,0.0074382336,0.5040327,escalate,n/a
ISIC_0028782,nv,nv,0.000103316146,9.307792e-05,auto_accept,n/a
ISIC_0031353,nv,nv,0.00017063117,0.044242814,auto_accept,n/a
ISIC_0028070,nv,nv,4.9862955e-08,1.1209038e-06,auto_accept,n/a
ISIC_0028985,nv,nv,1.5199798e-07,1.7699535e-05,auto_accept,n/a
ISIC_0028080,bkl,bkl,2.5537214e-05,0.0052149873,auto_accept,n/a
ISIC_0026415,nv,nv,4.3665765e-05,3.9353907e-08,auto_accept,n/a
ISIC_0031043,akiec,bcc,0.0034415773,0.95988756,auto_accept,n/a
ISIC_0030946,nv,nv,7.914735e-08,2.3202197e-06,auto_accept,n/a
ISIC_0029472,bkl,mel,0.006969698,0.69363385,escalate,n/a
ISIC_0032632,nv,nv,0.0003309182,0.020469312,auto_accept,n/a
ISIC_0032336,nv,nv,1.378654e-06,1.6968828e-05,auto_accept,n/a
ISIC_0027429,nv,nv,0.005888448,0.11688541,escalate,n/a
ISIC_0025244,vasc,vasc,0.0009037581,0.0068599787,auto_accept,n/a
ISIC_0024866,nv,nv,3.383373e-09,1.6565718e-06,auto_accept,n/a
ISIC_0032652,bcc,bcc,0.00026850603,0.95880514,auto_accept,n/a
ISIC_0029659,akiec,akiec,1.4379116e-05,0.9952513,auto_accept,n/a
ISIC_0033198,mel,bkl,0.007636086,0.32833502,escalate,n/a
ISIC_0029834,nv,nv,1.9370407e-06,0.00015386345,auto_accept,n/a
ISIC_0025014,nv,nv,0.0018938779,0.024385767,auto_accept,n/a
ISIC_0024974,nv,nv,1.7565009e-08,1.6327706e-06,auto_accept,n/a
ISIC_0032681,bkl,bkl,0.00083249854,0.029546756,auto_accept,n/a
ISIC_0031648,vasc,vasc,8.700753e-10,0.000591255,auto_accept,n/a
ISIC_0025936,nv,nv,0.0001646552,0.007637,auto_accept,n/a
ISIC_0033004,mel,nv,0.000160925,0.0047625084,auto_accept,n/a
ISIC_0025402,nv,mel,0.00047100763,0.94150317,auto_accept,n/a
ISIC_0032917,mel,mel,2.8624986e-10,0.9999871,auto_accept,n/a
ISIC_0026507,nv,nv,3.7776865e-06,4.314909e-05,auto_accept,n/a
ISIC_0029219,nv,nv,4.0476338e-05,2.976261e-05,auto_accept,n/a
ISIC_0030678,nv,mel,0.0029604025,0.6784414,auto_accept,n/a
ISIC_0032413,nv,nv,1.2928951e-08,3.4984976e-07,auto_accept,n/a
ISIC_0032839,vasc,vasc,2.1001051e-05,0.05533251,auto_accept,n/a
ISIC_0032597,mel,mel,6.141876e-05,0.973056,auto_accept,n/a
ISIC_0029632,mel,mel,8.773483e-06,0.9939902,auto_accept,n/a
ISIC_0027459,nv,nv,6.60768e-07,0.00017164616,auto_accept,n/a
ISIC_0026709,akiec,bkl,0.00046410522,0.07439167,auto_accept,n/a
ISIC_0027775,nv,nv,0.00086386304,0.00011527638,auto_accept,n/a
ISIC_0032677,nv,mel,0.00032545748,0.8992547,auto_accept,n/a
ISIC_0031330,nv,nv,2.5378793e-07,8.212213e-06,auto_accept,n/a
ISIC_0028574,nv,nv,5.642119e-07,6.933348e-06,auto_accept,n/a
ISIC_0026991,nv,nv,2.8467615e-05,0.0009250093,auto_accept,n/a
ISIC_0032394,nv,nv,9.5100084e-08,1.3602339e-06,auto_accept,n/a
ISIC_0030890,nv,nv,0.00010111648,0.010204305,auto_accept,n/a
ISIC_0029681,nv,nv,3.2341184e-06,8.761657e-06,auto_accept,n/a
ISIC_0033247,nv,nv,5.7555567e-06,2.640303e-05,auto_accept,n/a
ISIC_0032485,nv,nv,2.1431956e-10,1.13330636e-07,auto_accept,n/a
ISIC_0029254,nv,akiec,0.0015680119,0.8146409,auto_accept,n/a
ISIC_0029989,nv,nv,7.812513e-07,1.3187763e-05,auto_accept,n/a
ISIC_0026983,nv,nv,1.9553361e-09,1.3653065e-06,auto_accept,n/a
ISIC_0025111,nv,nv,0.0031573814,0.00087195035,auto_accept,n/a
ISIC_0025582,nv,nv,1.4445819e-06,0.0002675448,auto_accept,n/a
ISIC_0032111,bkl,bkl,8.466766e-06,0.00018637159,auto_accept,n/a
ISIC_0027445,nv,nv,6.0817214e-08,3.561275e-05,auto_accept,n/a
ISIC_0029073,nv,nv,7.4043724e-06,0.0018810021,auto_accept,n/a
ISIC_0025151,nv,nv,4.994516e-07,4.8822553e-06,auto_accept,n/a
ISIC_0027982,bkl,bkl,2.8228387e-05,0.07135634,auto_accept,n/a
ISIC_0032223,nv,nv,5.8849714e-08,6.745876e-06,auto_accept,n/a
ISIC_0025293,nv,nv,6.359526e-08,2.5250905e-08,auto_accept,n/a
ISIC_0028701,bkl,bkl,0.0018995751,0.26240996,auto_accept,n/a
ISIC_0033905,mel,mel,0.0022501044,0.7890949,auto_accept,n/a
ISIC_0033504,bcc,bcc,0.0019601744,0.7802886,auto_accept,n/a
ISIC_0027163,mel,mel,0.0016755349,0.8087177,auto_accept,n/a
ISIC_0030365,bkl,mel,0.00017913141,0.94557244,auto_accept,n/a
ISIC_0027702,mel,mel,1.4652954e-06,0.9978428,auto_accept,n/a
ISIC_0031594,nv,bkl,0.0027367885,0.7597455,auto_accept,n/a
ISIC_0031994,nv,nv,1.3157468e-08,3.4869267e-06,auto_accept,n/a
ISIC_0024311,nv,nv,5.2529714e-07,2.2194167e-06,auto_accept,n/a
ISIC_0026036,nv,nv,7.298785e-07,7.133596e-06,auto_accept,n/a
ISIC_0031236,bcc,bcc,0.004390109,0.60474384,escalate,n/a
ISIC_0025528,nv,nv,5.073786e-09,2.0166306e-06,auto_accept,n/a
ISIC_0027222,nv,nv,1.8064826e-06,0.0002754277,auto_accept,n/a
ISIC_0030603,nv,bkl,0.00015883034,0.30588618,auto_accept,n/a
ISIC_0026488,nv,bkl,0.005822893,0.27897444,escalate,n/a
ISIC_0030304,nv,nv,0.000447251,0.0003771914,auto_accept,n/a
ISIC_0025667,nv,nv,0.0001381239,0.01135386,auto_accept,n/a
ISIC_0031206,nv,nv,0.0014198411,0.03201815,auto_accept,n/a
ISIC_0027720,nv,nv,1.3295257e-06,8.606364e-06,auto_accept,n/a
ISIC_0024743,bcc,bcc,4.1664165e-07,0.9998374,auto_accept,n/a
ISIC_0032440,nv,nv,9.447247e-06,7.644793e-07,auto_accept,n/a
ISIC_0026990,nv,nv,5.3004453e-07,2.2765796e-06,auto_accept,n/a
ISIC_0032186,nv,mel,1.40156935e-05,0.9891263,auto_accept,n/a
ISIC_0034214,vasc,vasc,4.289441e-06,0.05653743,auto_accept,n/a
ISIC_0031431,akiec,akiec,1.5733534e-05,0.9973736,auto_accept,n/a
ISIC_0028499,akiec,bkl,0.0008538728,0.1275198,auto_accept,n/a
ISIC_0032568,nv,nv,2.5667001e-08,4.795474e-07,auto_accept,n/a
ISIC_0026878,nv,nv,1.7779781e-06,9.785388e-05,auto_accept,n/a
ISIC_0033934,nv,mel,0.0038615852,0.67811984,escalate,n/a
ISIC_0028484,nv,nv,0.0059476937,0.14996307,escalate,n/a
ISIC_0033909,nv,nv,9.799498e-07,2.719267e-05,auto_accept,n/a
ISIC_0029917,bcc,bcc,1.4100225e-09,0.99994886,auto_accept,n/a
ISIC_0031582,nv,nv,6.4381805e-07,3.1798604e-07,auto_accept,n/a
ISIC_0032084,nv,nv,3.2900948e-06,2.3155417e-05,auto_accept,n/a
ISIC_0030748,nv,nv,6.687607e-08,5.206642e-06,auto_accept,n/a
ISIC_0033417,nv,nv,3.841079e-07,0.0002661871,auto_accept,n/a
ISIC_0031199,nv,nv,6.712905e-08,4.1642392e-07,auto_accept,n/a
ISIC_0026985,nv,nv,2.2013374e-07,1.04114894e-08,auto_accept,n/a
ISIC_0033481,nv,nv,3.2161588e-05,0.0045131277,auto_accept,n/a
ISIC_0030314,bcc,bcc,4.1519343e-08,0.99962854,auto_accept,n/a
ISIC_0027657,nv,nv,6.141495e-05,0.0022544523,auto_accept,n/a
ISIC_0027518,nv,nv,2.792874e-09,2.4562502e-07,auto_accept,n/a
ISIC_0034118,mel,mel,0.0063043316,0.5718257,escalate,n/a
ISIC_0031013,mel,bkl,0.0037402029,0.4016687,escalate,n/a
ISIC_0026113,mel,mel,0.00024461342,0.95980465,auto_accept,n/a
ISIC_0027263,mel,mel,0.0027464202,0.55401284,auto_accept,n/a
ISIC_0034035,nv,nv,0.0019222038,0.05610059,auto_accept,n/a
ISIC_0025976,nv,nv,2.1513307e-11,3.9820378e-08,auto_accept,n/a
ISIC_0024353,nv,nv,1.447652e-07,1.2786992e-06,auto_accept,n/a
ISIC_0028640,bkl,bkl,8.792829e-06,0.010252607,auto_accept,n/a
ISIC_0028145,nv,nv,9.135364e-06,0.0022290035,auto_accept,n/a
ISIC_0030393,nv,nv,1.868736e-09,5.1982937e-07,auto_accept,n/a
ISIC_0032895,nv,nv,0.00019393496,0.012234209,auto_accept,n/a
ISIC_0026899,nv,nv,2.3824165e-07,6.1511623e-06,auto_accept,n/a
ISIC_0032277,akiec,mel,0.0027898694,0.90668744,auto_accept,n/a
ISIC_0024852,nv,nv,4.5451608e-07,8.444356e-09,auto_accept,n/a
ISIC_0027826,bkl,bkl,1.7581842e-06,0.0018457165,auto_accept,n/a
ISIC_0024399,nv,nv,1.0291674e-07,7.355822e-05,auto_accept,n/a
ISIC_0024630,mel,mel,4.161407e-06,0.9963522,auto_accept,n/a
ISIC_0028302,nv,nv,5.7466958e-05,0.0017188475,auto_accept,n/a
ISIC_0031246,nv,nv,3.233712e-09,3.7272184e-07,auto_accept,n/a
ISIC_0026900,nv,nv,4.111602e-08,1.3133396e-08,auto_accept,n/a
ISIC_0026134,nv,nv,2.993066e-06,0.0003387397,auto_accept,n/a
ISIC_0031460,nv,nv,9.297671e-06,0.0067905113,auto_accept,n/a
ISIC_0028485,nv,nv,8.1621295e-08,7.5396574e-06,auto_accept,n/a
ISIC_0026395,bcc,mel,0.0011237537,0.7244109,auto_accept,n/a
ISIC_0027130,mel,mel,0.0011057889,0.7100549,auto_accept,n/a
ISIC_0026003,nv,nv,3.95909e-06,8.139939e-05,auto_accept,n/a
ISIC_0031020,nv,nv,4.2005396e-07,4.0379247e-05,auto_accept,n/a
ISIC_0026641,nv,nv,1.2500209e-05,0.0010349966,auto_accept,n/a
ISIC_0030017,nv,nv,0.0009013344,2.189781e-06,auto_accept,n/a
ISIC_0032521,nv,nv,0.0005593319,0.0016669886,auto_accept,n/a
ISIC_0027962,nv,nv,1.2783145e-05,0.0016022011,auto_accept,n/a
ISIC_0027312,nv,nv,0.0031368837,0.27477303,auto_accept,n/a
ISIC_0025441,nv,nv,5.140668e-07,1.4850443e-05,auto_accept,n/a
ISIC_0027503,nv,nv,2.600371e-05,0.0053691803,auto_accept,n/a
ISIC_0031003,nv,nv,1.692317e-08,1.185098e-05,auto_accept,n/a
ISIC_0025160,nv,vasc,0.0061016777,0.23628598,escalate,n/a
ISIC_0029902,nv,nv,3.4127472e-06,0.002758118,auto_accept,n/a
ISIC_0027174,mel,nv,0.0006847824,0.07060749,auto_accept,n/a
ISIC_0028987,nv,mel,0.0040384596,0.541972,escalate,n/a
ISIC_0032282,nv,nv,2.784822e-05,4.8159145e-05,auto_accept,n/a
ISIC_0028096,nv,nv,8.576321e-07,7.799642e-06,auto_accept,n/a
ISIC_0024676,bkl,bkl,5.8226644e-05,0.070648275,auto_accept,n/a
ISIC_0026591,nv,nv,1.0112948e-05,2.9260096e-05,auto_accept,n/a
ISIC_0032410,df,df,0.013373412,0.0030104565,escalate,n/a
ISIC_0027389,nv,nv,3.3753531e-06,3.297096e-06,auto_accept,n/a
ISIC_0026504,nv,nv,7.614942e-08,1.2783634e-05,auto_accept,n/a
ISIC_0027180,nv,nv,2.360418e-07,1.014485e-06,auto_accept,n/a
ISIC_0031638,nv,nv,1.0349518e-06,7.55107e-06,auto_accept,n/a
ISIC_0030692,nv,nv,5.6690506e-06,0.0014413601,auto_accept,n/a
ISIC_0025899,nv,nv,8.600186e-05,0.0018490946,auto_accept,n/a
ISIC_0027542,nv,nv,7.888166e-08,7.792222e-06,auto_accept,n/a
ISIC_0025827,nv,nv,5.2934116e-05,0.0008631693,auto_accept,n/a
ISIC_0030614,nv,nv,1.487842e-07,3.340418e-06,auto_accept,n/a
ISIC_0033643,mel,mel,7.834786e-05,0.9900474,auto_accept,n/a
ISIC_0029756,nv,mel,0.0043713036,0.45775214,escalate,n/a
ISIC_0026966,nv,nv,1.8910616e-06,1.6828204e-05,auto_accept,n/a
ISIC_0032119,nv,nv,1.5363619e-09,3.2351767e-07,auto_accept,n/a
ISIC_0032375,nv,nv,0.00025040694,0.02556747,auto_accept,n/a
ISIC_0029686,nv,nv,2.897525e-06,0.00019840145,auto_accept,n/a
ISIC_0032121,nv,nv,1.5024065e-07,1.010982e-05,auto_accept,n/a
ISIC_0026513,nv,mel,7.7809505e-05,0.95169944,auto_accept,n/a
ISIC_0027484,nv,nv,4.081348e-06,7.294638e-05,auto_accept,n/a
ISIC_0034172,mel,mel,0.00061886065,0.88966525,auto_accept,n/a
ISIC_0024699,nv,nv,2.5205267e-09,1.04475e-07,auto_accept,n/a
ISIC_0024788,nv,nv,2.3076556e-09,1.6110814e-08,auto_accept,n/a
ISIC_0027158,nv,nv,4.2447635e-08,7.5764315e-06,auto_accept,n/a
ISIC_0033752,mel,bkl,0.002626482,0.7033852,auto_accept,n/a
ISIC_0025092,nv,nv,6.864625e-08,6.080718e-06,auto_accept,n/a
ISIC_0030165,mel,mel,0.00024013418,0.9503505,auto_accept,n/a
ISIC_0029876,nv,nv,1.125445e-06,4.8068155e-06,auto_accept,n/a
ISIC_0026067,nv,nv,2.163212e-06,0.0005700331,auto_accept,n/a
ISIC_0031478,nv,nv,5.891335e-05,6.4520675e-05,auto_accept,n/a
ISIC_0030166,nv,nv,7.4056686e-08,3.0277688e-06,auto_accept,n/a
ISIC_0034152,nv,bkl,0.0011267497,0.0442962,auto_accept,n/a
ISIC_0028503,bkl,bkl,1.0151633e-06,3.5739015e-06,auto_accept,n/a
ISIC_0025797,nv,nv,1.5795396e-06,0.00035370875,auto_accept,n/a
ISIC_0032912,nv,nv,2.8713908e-05,0.0019047781,auto_accept,n/a
ISIC_0032599,nv,mel,0.01121948,0.5777374,escalate,n/a
ISIC_0026703,nv,nv,1.2820874e-10,6.3540577e-09,auto_accept,n/a
ISIC_0034183,mel,nv,0.00040190382,0.037782624,auto_accept,n/a
ISIC_0032893,nv,nv,0.00012989818,0.0121597415,auto_accept,n/a
ISIC_0028005,nv,nv,3.9535516e-07,1.50684855e-05,auto_accept,n/a
ISIC_0030146,nv,nv,3.3461543e-05,0.00027937043,auto_accept,n/a
ISIC_0029536,nv,nv,8.296751e-06,3.4301545e-05,auto_accept,n/a
ISIC_0029341,bcc,bcc,4.0834817e-07,0.99890363,auto_accept,n/a
ISIC_0033184,bkl,bkl,2.082047e-05,0.026135616,auto_accept,n/a
ISIC_0028251,nv,nv,6.6673095e-07,2.9346556e-05,auto_accept,n/a
ISIC_0028221,nv,nv,0.006084771,0.059939902,escalate,n/a
ISIC_0032007,nv,nv,0.0016900504,0.03580435,auto_accept,n/a
ISIC_0025909,nv,mel,1.8966057e-06,0.99747,auto_accept,n/a
ISIC_0031470,bcc,bcc,2.2909024e-08,0.9999609,auto_accept,n/a
ISIC_0027692,nv,nv,5.273704e-09,1.085078e-07,auto_accept,n/a
ISIC_0025153,mel,nv,3.8295817e-05,0.003694848,auto_accept,n/a
ISIC_0031082,nv,nv,3.0524927e-08,2.675279e-06,auto_accept,n/a
ISIC_0032667,nv,nv,0.006059321,0.37117386,escalate,n/a
ISIC_0030397,nv,nv,4.0065142e-06,0.0001341717,auto_accept,n/a
ISIC_0033005,df,df,2.202506e-07,0.0020005675,auto_accept,n/a
ISIC_0026332,nv,nv,4.3776245e-06,1.6024946e-06,auto_accept,n/a
ISIC_0029081,mel,mel,0.0044450234,0.7273206,escalate,n/a
ISIC_0027524,nv,nv,2.2264858e-07,2.2862921e-05,auto_accept,n/a
ISIC_0029061,bkl,bkl,1.8217952e-05,0.004404604,auto_accept,n/a
ISIC_0032337,nv,nv,0.00022034635,5.8023837e-05,auto_accept,n/a
ISIC_0025194,nv,nv,1.7098115e-07,8.2912635e-07,auto_accept,n/a
ISIC_0027251,nv,nv,3.4896104e-05,1.0617991e-06,auto_accept,n/a
ISIC_0032143,nv,nv,4.0840296e-05,0.004276068,auto_accept,n/a
ISIC_0029016,nv,nv,7.2704724e-11,2.7254973e-08,auto_accept,n/a
ISIC_0025344,nv,nv,1.2363099e-06,3.3241256e-05,auto_accept,n/a
ISIC_0029151,nv,nv,2.6386811e-08,4.1491976e-06,auto_accept,n/a
ISIC_0029273,nv,nv,2.4259174e-08,4.784529e-07,auto_accept,n/a
ISIC_0029225,nv,nv,2.6578527e-06,1.6896912e-07,auto_accept,n/a
ISIC_0027892,nv,nv,3.6799644e-05,0.0005872395,auto_accept,n/a
ISIC_0026945,nv,nv,2.734815e-07,0.00044160007,auto_accept,n/a
ISIC_0030980,nv,nv,0.00011838333,2.438926e-07,auto_accept,n/a
ISIC_0033365,nv,nv,9.234244e-05,0.0047197132,auto_accept,n/a
ISIC_0031858,nv,nv,9.409264e-05,1.3084435e-06,auto_accept,n/a
ISIC_0028303,bcc,bcc,2.8751398e-07,0.999879,auto_accept,n/a
ISIC_0033208,nv,nv,3.5613753e-06,0.0016157189,auto_accept,n/a
ISIC_0025625,nv,nv,0.000222596,0.00053787493,auto_accept,n/a
ISIC_0028900,mel,mel,0.0040857214,0.59132123,escalate,n/a
ISIC_0033497,nv,mel,0.0069704573,0.35048437,escalate,n/a
ISIC_0029025,akiec,akiec,0.0030679058,0.9696352,auto_accept,n/a
ISIC_0032012,nv,nv,1.41478895e-05,3.212869e-06,auto_accept,n/a
ISIC_0031355,nv,nv,3.3726224e-06,0.00019623224,auto_accept,n/a
ISIC_0024934,nv,nv,0.0043353727,0.07705493,escalate,n/a
ISIC_0027354,bkl,bkl,0.00045481246,0.1750348,auto_accept,n/a
ISIC_0025423,nv,nv,0.00095824775,4.9854403e-05,auto_accept,n/a
ISIC_0032314,bcc,bcc,1.5606856e-09,0.99995875,auto_accept,n/a
ISIC_0024614,nv,nv,1.6441003e-08,3.3499077e-07,auto_accept,n/a
ISIC_0029785,nv,nv,3.83464e-08,2.0949225e-05,auto_accept,n/a
ISIC_0031080,nv,nv,0.00048709888,0.017018812,auto_accept,n/a
ISIC_0030020,nv,nv,2.5213865e-06,1.9997513e-07,auto_accept,n/a
ISIC_0024439,nv,nv,0.007831994,0.27376974,escalate,n/a
ISIC_0030725,nv,nv,2.1044286e-08,7.74915e-06,auto_accept,n/a
ISIC_0030439,nv,nv,2.3066468e-08,4.3260619e-07,auto_accept,n/a
ISIC_0030262,nv,nv,5.032737e-10,2.2510432e-07,auto_accept,n/a
ISIC_0028183,nv,nv,2.4244513e-09,6.0392307e-07,auto_accept,n/a
ISIC_0028933,nv,nv,2.44827e-07,1.3605022e-07,auto_accept,n/a
ISIC_0030867,nv,nv,8.037641e-06,5.648736e-06,auto_accept,n/a
ISIC_0024559,nv,nv,1.6220472e-05,0.0011881099,auto_accept,n/a
ISIC_0026219,bkl,bkl,1.5910609e-06,0.0007093972,auto_accept,n/a
ISIC_0032340,nv,nv,0.00036395877,0.016305324,auto_accept,n/a
ISIC_0032902,nv,nv,0.0006364981,0.00036349826,auto_accept,n/a
ISIC_0026622,mel,mel,0.0038997675,0.6711367,escalate,n/a
ISIC_0025425,vasc,vasc,1.3916597e-06,5.718481e-05,auto_accept,n/a
ISIC_0030297,akiec,akiec,0.004680545,0.4989293,escalate,n/a
ISIC_0033870,nv,nv,1.4158567e-06,0.00035405793,auto_accept,n/a
ISIC_0030363,nv,nv,5.763563e-06,0.0006472622,auto_accept,n/a
ISIC_0025079,nv,nv,4.2666715e-10,1.0051456e-08,auto_accept,n/a
ISIC_0024708,bkl,mel,0.0012067569,0.90618217,auto_accept,n/a
ISIC_0032495,nv,nv,1.4039655e-09,1.0361611e-07,auto_accept,n/a
ISIC_0026445,nv,nv,0.0053748214,0.30040193,escalate,n/a
ISIC_0033197,nv,nv,9.737115e-08,7.7447876e-05,auto_accept,n/a
ISIC_0026887,nv,nv,4.3345506e-05,0.0040516085,auto_accept,n/a
ISIC_0028674,nv,nv,1.0874429e-06,3.9007035e-05,auto_accept,n/a
ISIC_0026594,nv,nv,0.00056269823,0.0016209409,auto_accept,n/a
ISIC_0024839,bkl,bkl,0.0020770126,0.02090919,auto_accept,n/a
ISIC_0033872,mel,mel,2.3422892e-06,0.9977191,auto_accept,n/a
ISIC_0028824,nv,nv,4.5724e-07,3.3836204e-05,auto_accept,n/a
ISIC_0025730,nv,nv,0.0015619207,0.05976067,auto_accept,n/a
ISIC_0031625,nv,nv,0.0001602548,8.6577216e-05,auto_accept,n/a
ISIC_0025638,nv,nv,0.0058329813,0.5848987,escalate,n/a
ISIC_0032256,nv,nv,5.264222e-11,2.220695e-09,auto_accept,n/a
ISIC_0025217,nv,nv,3.674795e-06,0.000122031146,auto_accept,n/a
ISIC_0030530,nv,nv,1.1522004e-07,1.8375635e-05,auto_accept,n/a
ISIC_0025989,nv,nv,0.0023054737,0.1772166,auto_accept,n/a
ISIC_0026499,nv,nv,2.2311262e-05,6.521658e-05,auto_accept,n/a
ISIC_0028164,nv,nv,7.9504425e-05,0.00010577316,auto_accept,n/a
ISIC_0033138,nv,nv,2.3229543e-06,0.00083197514,auto_accept,n/a
ISIC_0027198,nv,nv,3.6103512e-07,0.00019074368,auto_accept,n/a
ISIC_0030409,nv,nv,8.6953726e-08,1.2838795e-05,auto_accept,n/a
ISIC_0025193,nv,nv,8.851197e-05,0.0028839097,auto_accept,n/a
ISIC_0026972,nv,nv,1.6406224e-09,5.3437716e-08,auto_accept,n/a
ISIC_0030612,nv,nv,5.64889e-07,4.6625473e-07,auto_accept,n/a
ISIC_0033616,mel,mel,0.00013466536,0.96300596,auto_accept,n/a
ISIC_0033527,nv,nv,0.00014413163,0.01576074,auto_accept,n/a
ISIC_0024539,akiec,bkl,1.3032529e-06,0.0018835876,auto_accept,n/a
ISIC_0028138,nv,nv,4.874635e-09,1.1092607e-06,auto_accept,n/a
ISIC_0025733,nv,nv,3.7193633e-08,5.472196e-07,auto_accept,n/a
ISIC_0031492,nv,nv,6.2652393e-06,5.2749783e-06,auto_accept,n/a
ISIC_0032023,nv,nv,0.00028157662,0.009835017,auto_accept,n/a
ISIC_0028631,nv,nv,0.0033979253,0.34158313,auto_accept,n/a
ISIC_0031861,nv,nv,1.9990189e-06,0.00014264823,auto_accept,n/a
ISIC_0026299,nv,nv,4.8926203e-11,1.28961135e-08,auto_accept,n/a
ISIC_0032002,nv,nv,0.0003468355,1.1469383e-06,auto_accept,n/a
ISIC_0033898,nv,nv,7.949016e-07,0.00050162734,auto_accept,n/a
ISIC_0031835,nv,nv,8.864587e-09,2.4410626e-06,auto_accept,n/a
ISIC_0024430,nv,nv,4.838237e-07,2.0979899e-06,auto_accept,n/a
ISIC_0029093,nv,nv,0.00015784225,0.00094683433,auto_accept,n/a
ISIC_0030272,bkl,bkl,0.00011822453,0.00020056672,auto_accept,n/a
ISIC_0026414,nv,mel,0.0018724134,0.7117098,auto_accept,n/a
ISIC_0030082,nv,mel,0.00011516096,0.956935,auto_accept,n/a
ISIC_0026448,nv,nv,1.7252951e-07,0.00014547587,auto_accept,n/a
ISIC_0031213,nv,nv,4.5174455e-09,2.0365864e-07,auto_accept,n/a
ISIC_0027965,nv,nv,1.0373751e-07,2.3467007e-06,auto_accept,n/a
ISIC_0025994,nv,nv,0.00023310633,0.08196501,auto_accept,n/a
ISIC_0034136,nv,mel,0.003969473,0.60494065,escalate,n/a
ISIC_0031425,nv,nv,1.6136053e-06,0.0011091211,auto_accept,n/a
ISIC_0024715,nv,nv,1.0169711e-08,6.880002e-06,auto_accept,n/a
ISIC_0031204,nv,nv,5.95317e-07,2.2828171e-05,auto_accept,n/a
ISIC_0024691,nv,nv,8.713707e-06,9.069882e-06,auto_accept,n/a
ISIC_0025885,bkl,mel,0.007455539,0.98282754,escalate,n/a
ISIC_0033804,mel,nv,0.0006309389,0.0057457476,auto_accept,n/a
ISIC_0031338,nv,nv,3.6264638e-07,0.00015361937,auto_accept,n/a
ISIC_0030779,nv,nv,1.0437054e-05,0.004796171,auto_accept,n/a
ISIC_0031417,mel,nv,7.7425364e-05,0.0053154016,auto_accept,n/a
ISIC_0031036,nv,nv,7.155894e-08,8.622746e-06,auto_accept,n/a
ISIC_0025277,mel,mel,0.00666295,0.8601855,escalate,n/a
ISIC_0031362,bkl,bkl,3.0529602e-08,6.6618624e-05,auto_accept,n/a
ISIC_0024795,bcc,bcc,6.7568386e-08,0.9999038,auto_accept,n/a
ISIC_0033273,nv,nv,1.3882874e-05,0.0011072514,auto_accept,n/a
ISIC_0028331,bkl,bkl,2.9705881e-05,0.00012921236,auto_accept,n/a
ISIC_0029766,nv,nv,2.9782545e-05,0.0027404195,auto_accept,n/a
ISIC_0028291,mel,mel,0.00050598703,0.9625215,auto_accept,n/a
ISIC_0024316,nv,nv,9.001264e-07,1.2083761e-08,auto_accept,n/a
ISIC_0024716,nv,nv,0.0026079789,0.12930714,auto_accept,n/a
ISIC_0025688,nv,nv,3.0356592e-08,1.1001875e-06,auto_accept,n/a
ISIC_0026102,nv,nv,1.3431195e-07,5.3165553e-05,auto_accept,n/a
ISIC_0032199,akiec,bcc,0.002770066,0.8207262,auto_accept,n/a
ISIC_0029787,nv,nv,4.1512686e-07,2.639357e-07,auto_accept,n/a
ISIC_0033797,nv,nv,3.6872163e-06,1.1753822e-05,auto_accept,n/a
ISIC_0028948,nv,nv,6.914983e-10,2.4506488e-07,auto_accept,n/a
ISIC_0028238,bcc,bcc,6.2195836e-06,0.99927956,auto_accept,n/a
ISIC_0026936,nv,nv,1.115659e-06,0.00016166229,auto_accept,n/a
ISIC_0032732,bkl,nv,0.0010918012,0.001704616,auto_accept,n/a
ISIC_0031685,nv,nv,9.4464296e-05,0.0004781197,auto_accept,n/a
ISIC_0026888,nv,nv,1.6371343e-05,0.0006024942,auto_accept,n/a
ISIC_0034150,mel,mel,0.0056849457,0.7394645,escalate,n/a
ISIC_0032919,vasc,vasc,1.78556e-07,0.0010963468,auto_accept,n/a
ISIC_0030196,nv,nv,1.4123931e-06,0.00018318152,auto_accept,n/a
ISIC_0026663,bkl,bkl,0.00014185598,0.020479886,auto_accept,n/a
ISIC_0024742,nv,nv,9.600989e-07,2.0563954e-05,auto_accept,n/a
ISIC_0032508,bkl,bkl,0.004765956,0.08612706,escalate,n/a
ISIC_0031687,nv,nv,1.3455581e-06,0.00023113593,auto_accept,n/a
ISIC_0030801,bkl,bkl,0.0013424339,0.002778477,auto_accept,n/a
ISIC_0026007,nv,nv,7.383793e-07,1.1435906e-06,auto_accept,n/a
ISIC_0027510,nv,nv,1.8077077e-09,1.3623059e-06,auto_accept,n/a
ISIC_0027986,nv,nv,9.636117e-05,0.000168841,auto_accept,n/a
ISIC_0034275,mel,mel,1.5398591e-06,0.9976095,auto_accept,n/a
ISIC_0027342,nv,nv,4.0545306e-08,2.1921066e-06,auto_accept,n/a
ISIC_0032682,nv,nv,0.0061923796,0.010583443,escalate,n/a
ISIC_0027677,bcc,bcc,3.7922895e-05,0.9778146,auto_accept,n/a
ISIC_0032036,mel,mel,7.1159404e-05,0.99114424,auto_accept,n/a
ISIC_0032782,mel,mel,7.240165e-05,0.96706957,auto_accept,n/a
ISIC_0024489,bkl,bkl,6.570942e-06,0.10620341,auto_accept,n/a
ISIC_0026016,bkl,bkl,2.3230355e-06,0.008994601,auto_accept,n/a
ISIC_0033776,bkl,bkl,3.5366754e-06,0.0004481325,auto_accept,n/a
ISIC_0033306,bkl,bkl,2.0774971e-06,0.0227806,auto_accept,n/a
ISIC_0024365,nv,nv,2.0298374e-05,1.1340303e-08,auto_accept,n/a
ISIC_0026896,nv,nv,2.4414489e-05,6.3681864e-06,auto_accept,n/a
ISIC_0025495,nv,nv,8.236997e-10,3.2529346e-08,auto_accept,n/a
ISIC_0031907,nv,nv,2.5194748e-08,1.8393096e-06,auto_accept,n/a
ISIC_0032628,nv,nv,5.9050667e-08,8.0966865e-06,auto_accept,n/a
ISIC_0028561,nv,nv,5.730552e-10,3.8884735e-08,auto_accept,n/a
ISIC_0025440,nv,nv,3.5493667e-07,7.306142e-06,auto_accept,n/a
ISIC_0033912,nv,nv,4.748718e-05,0.0021138256,auto_accept,n/a
ISIC_0024796,nv,nv,1.1319265e-05,0.002047866,auto_accept,n/a
ISIC_0027238,mel,mel,0.0025546309,0.79203266,auto_accept,n/a
ISIC_0031785,nv,nv,2.3123036e-07,1.1606704e-06,auto_accept,n/a
ISIC_0025921,nv,nv,2.4612188e-08,1.4659584e-05,auto_accept,n/a
ISIC_0032358,bkl,bkl,1.4198393e-05,0.028827583,auto_accept,n/a
ISIC_0032926,nv,nv,4.6749506e-06,3.960564e-05,auto_accept,n/a
ISIC_0033042,mel,bkl,0.001312362,0.27172142,auto_accept,n/a
ISIC_0027499,nv,nv,4.4686752e-07,3.930906e-05,auto_accept,n/a
ISIC_0029361,nv,nv,1.1308445e-05,0.0030455568,auto_accept,n/a
ISIC_0032088,nv,nv,4.432262e-10,5.8982856e-08,auto_accept,n/a
ISIC_0024332,bcc,bcc,0.00068439543,0.9550466,auto_accept,n/a
ISIC_0027551,nv,nv,8.009501e-06,0.0005043282,auto_accept,n/a
ISIC_0032983,bkl,bkl,0.005774104,0.012235418,escalate,n/a
ISIC_0027345,nv,nv,0.005505812,0.69996166,escalate,n/a
ISIC_0029463,nv,nv,6.633304e-07,2.9933162e-06,auto_accept,n/a
ISIC_0030093,nv,nv,0.00026059157,0.028656062,auto_accept,n/a
ISIC_0027816,nv,nv,1.2905759e-05,0.00011676079,auto_accept,n/a
ISIC_0030362,nv,nv,2.2332768e-05,0.00977863,auto_accept,n/a
ISIC_0033714,nv,nv,2.9993082e-06,0.0002337437,auto_accept,n/a
ISIC_0031618,nv,nv,0.00024353057,0.032570567,auto_accept,n/a
ISIC_0030504,nv,nv,0.00082578603,0.017953325,auto_accept,n/a
ISIC_0032607,nv,nv,0.0001745999,0.004458083,auto_accept,n/a
ISIC_0024784,nv,bkl,0.00010383864,0.012667019,auto_accept,n/a
ISIC_0031248,nv,nv,2.502051e-08,3.4265609e-06,auto_accept,n/a
ISIC_0030211,mel,mel,4.761901e-08,0.99990726,auto_accept,n/a
ISIC_0029958,mel,bkl,0.0005620738,0.3272839,auto_accept,n/a
ISIC_0026182,nv,nv,0.00016315935,0.01304231,auto_accept,n/a
ISIC_0028530,nv,nv,2.9415475e-09,1.7282855e-07,auto_accept,n/a
ISIC_0033891,df,df,8.961092e-06,0.0027859956,auto_accept,n/a
ISIC_0024735,nv,nv,1.1973067e-07,1.5894228e-05,auto_accept,n/a
ISIC_0027027,bkl,bkl,6.184334e-07,0.0013455221,auto_accept,n/a
ISIC_0031568,nv,nv,1.7606675e-09,2.1718124e-08,auto_accept,n/a
ISIC_0032928,nv,nv,0.0052901874,0.2036114,escalate,n/a
ISIC_0028879,nv,nv,2.7810258e-05,6.475805e-05,auto_accept,n/a
ISIC_0028790,df,df,5.943988e-06,0.27253708,auto_accept,n/a
ISIC_0026106,nv,nv,6.3845773e-10,9.718268e-08,auto_accept,n/a
ISIC_0030282,nv,nv,2.967866e-07,2.9974877e-05,auto_accept,n/a
ISIC_0026969,nv,nv,9.02719e-08,6.111139e-05,auto_accept,n/a
ISIC_0032200,bkl,bkl,0.0049527017,0.5418559,escalate,n/a
ISIC_0029063,nv,nv,1.651084e-07,4.5900433e-06,auto_accept,n/a
ISIC_0025053,nv,nv,1.3888447e-10,2.610107e-10,auto_accept,n/a
ISIC_0028040,nv,nv,0.00064292114,9.7990014e-05,auto_accept,n/a
ISIC_0033514,nv,nv,0.0045942073,0.037012037,escalate,n/a
ISIC_0033471,nv,mel,0.00091268594,0.7998252,auto_accept,n/a
ISIC_0024926,nv,nv,0.00064089615,0.0026767917,auto_accept,n/a
ISIC_0029240,nv,nv,1.2039504e-09,6.724371e-07,auto_accept,n/a
ISIC_0032622,mel,mel,1.8159055e-07,0.9997918,auto_accept,n/a
ISIC_0027743,nv,nv,3.0738488e-07,4.8342506e-05,auto_accept,n/a
ISIC_0030339,bcc,bcc,1.295466e-06,0.9968664,auto_accept,n/a
ISIC_0025949,nv,nv,1.1297988e-09,1.6880871e-07,auto_accept,n/a
ISIC_0028421,nv,nv,3.9530656e-07,9.239706e-07,auto_accept,n/a
ISIC_0027586,nv,nv,1.4780451e-07,4.550686e-06,auto_accept,n/a
ISIC_0029805,bcc,bcc,2.2451404e-07,0.9998344,auto_accept,n/a
ISIC_0031730,nv,nv,0.00010326569,0.00056520326,auto_accept,n/a
ISIC_0031866,nv,nv,0.0063517867,0.0017976664,escalate,n/a
ISIC_0028809,nv,nv,0.0040179235,0.03004326,escalate,n/a
ISIC_0033743,nv,nv,0.00014362785,0.0003078361,auto_accept,n/a
ISIC_0027846,bcc,bcc,6.167779e-08,0.999653,auto_accept,n/a
ISIC_0027032,nv,nv,5.7382874e-07,2.1032542e-05,auto_accept,n/a
ISIC_0031179,nv,nv,1.8977038e-09,1.4155961e-06,auto_accept,n/a
ISIC_0033774,nv,nv,1.1730022e-05,0.004289491,auto_accept,n/a
ISIC_0031873,nv,nv,1.9275645e-05,0.0033580812,auto_accept,n/a
ISIC_0030865,nv,nv,4.3729123e-09,5.709916e-07,auto_accept,n/a
ISIC_0028408,nv,mel,0.003263034,0.57582,auto_accept,n/a
ISIC_0028247,nv,nv,3.679798e-05,0.002462897,auto_accept,n/a
ISIC_0031894,nv,nv,4.307859e-05,0.0014342689,auto_accept,n/a
ISIC_0032333,nv,nv,0.010586827,0.31184754,escalate,n/a
ISIC_0027647,nv,nv,1.3676523e-06,0.00015950944,auto_accept,n/a
ISIC_0027014,nv,nv,0.0003569337,0.04068785,auto_accept,n/a
ISIC_0034292,nv,nv,1.2447912e-06,0.00037603316,auto_accept,n/a
ISIC_0024706,vasc,vasc,1.02128315e-08,6.1669452e-06,auto_accept,n/a
ISIC_0024762,nv,nv,0.00018610965,0.025832325,auto_accept,n/a
ISIC_0033238,mel,mel,7.067591e-06,0.9909444,auto_accept,n/a
ISIC_0031920,nv,nv,5.8764695e-06,0.00049162254,auto_accept,n/a
ISIC_0024999,mel,mel,5.345137e-05,0.9849807,auto_accept,n/a
ISIC_0029974,bcc,bcc,0.00050495384,0.99597377,auto_accept,n/a
ISIC_0030715,nv,nv,4.473424e-05,0.00023264668,auto_accept,n/a
ISIC_0033440,mel,mel,2.955172e-05,0.9903458,auto_accept,n/a
ISIC_0029032,bkl,bkl,6.8067686e-07,0.0017571393,auto_accept,n/a
ISIC_0031992,nv,nv,1.0570601e-07,4.7816643e-06,auto_accept,n/a
ISIC_0026556,bkl,bkl,1.6420012e-05,0.00043656258,auto_accept,n/a
ISIC_0031409,nv,nv,3.08556e-08,3.6655547e-06,auto_accept,n/a
ISIC_0028026,mel,mel,8.247597e-06,0.9928804,auto_accept,n/a
ISIC_0027799,nv,nv,4.489041e-08,2.0751029e-06,auto_accept,n/a
ISIC_0030105,bkl,bkl,0.003380925,0.00042941552,auto_accept,n/a
ISIC_0032238,akiec,akiec,6.401896e-07,0.9995559,auto_accept,n/a
ISIC_0029154,nv,nv,1.3422498e-08,2.5609378e-07,auto_accept,n/a
ISIC_0030311,nv,bcc,6.373338e-05,0.9542902,auto_accept,n/a
ISIC_0028682,nv,nv,3.076306e-07,2.6877763e-06,auto_accept,n/a
ISIC_0029733,nv,bcc,0.00846626,0.13286702,escalate,n/a
ISIC_0024570,nv,nv,3.094084e-06,5.7679863e-05,auto_accept,n/a
ISIC_0032198,nv,nv,1.8978306e-05,8.2833445e-05,auto_accept,n/a
ISIC_0033047,mel,mel,2.2457441e-05,0.98864436,auto_accept,n/a
ISIC_0025914,nv,nv,1.7598114e-06,0.00012269203,auto_accept,n/a
ISIC_0026392,nv,nv,2.5078424e-07,1.0574666e-05,auto_accept,n/a
ISIC_0028236,bkl,df,0.0042048288,0.020996675,escalate,n/a
ISIC_0027228,nv,nv,3.5810505e-08,2.0623784e-07,auto_accept,n/a
ISIC_0025868,nv,nv,1.3803535e-05,8.681127e-05,auto_accept,n/a
ISIC_0032039,nv,nv,2.4669237e-07,0.000222003,auto_accept,n/a
ISIC_0033278,mel,mel,0.0011187142,0.95756036,auto_accept,n/a
ISIC_0027690,nv,nv,7.5864514e-06,1.8480425e-06,auto_accept,n/a
ISIC_0025578,vasc,vasc,1.4148599e-05,0.0018671403,auto_accept,n/a
ISIC_0027257,nv,nv,1.1622163e-05,0.00045615504,auto_accept,n/a
ISIC_0030848,nv,nv,1.691351e-08,9.488408e-07,auto_accept,n/a
ISIC_0028224,akiec,bcc,0.0023264855,0.948682,auto_accept,n/a
ISIC_0032450,mel,mel,7.400477e-09,0.9999634,auto_accept,n/a
ISIC_0031182,nv,nv,1.9973363e-06,1.2652438e-05,auto_accept,n/a
ISIC_0029814,nv,nv,1.5726576e-08,1.1468222e-06,auto_accept,n/a
ISIC_0026199,nv,nv,6.690828e-07,0.00096698187,auto_accept,n/a
ISIC_0024645,nv,nv,1.9805623e-06,0.0001254334,auto_accept,n/a
ISIC_0028405,nv,nv,3.336651e-06,1.6232676e-05,auto_accept,n/a
ISIC_0027504,bkl,bkl,0.002270776,0.8505212,auto_accept,n/a
ISIC_0030212,nv,nv,1.6257783e-05,4.731192e-06,auto_accept,n/a
ISIC_0025590,nv,nv,8.4956564e-10,4.522476e-07,auto_accept,n/a
ISIC_0026708,nv,nv,1.3046204e-06,6.193716e-05,auto_accept,n/a
ISIC_0028149,nv,nv,2.4868834e-06,0.00030777595,auto_accept,n/a
ISIC_0026871,bkl,bkl,0.0029668014,0.21628758,auto_accept,n/a
ISIC_0029576,bkl,bkl,0.005157261,0.38408914,escalate,n/a
ISIC_0033161,nv,nv,0.0015710023,0.012666722,auto_accept,n/a
ISIC_0027155,mel,mel,0.0023129287,0.62564117,auto_accept,n/a
ISIC_0030971,nv,bkl,0.0068470105,2.8786975e-05,escalate,n/a
ISIC_0029769,nv,nv,2.4379565e-07,3.8197245e-06,auto_accept,n/a
ISIC_0029959,nv,nv,0.000602718,0.009866542,auto_accept,n/a
ISIC_0029013,mel,nv,4.8674607e-05,0.015218935,auto_accept,n/a
ISIC_0030283,vasc,vasc,3.3064987e-06,2.8571458e-05,auto_accept,n/a
ISIC_0028521,nv,nv,1.2830313e-07,1.0915103e-06,auto_accept,n/a
ISIC_0030092,nv,nv,7.532661e-08,1.5591379e-06,auto_accept,n/a
ISIC_0027086,nv,bkl,0.00012330397,0.0005124562,auto_accept,n/a
ISIC_0030236,nv,nv,6.7098714e-05,4.341161e-06,auto_accept,n/a
ISIC_0029975,nv,mel,0.00019950552,0.94500124,auto_accept,n/a
ISIC_0030300,nv,nv,5.11755e-06,0.0011836963,auto_accept,n/a
ISIC_0033866,akiec,bkl,8.222771e-06,0.03456398,auto_accept,n/a
ISIC_0033583,bkl,bkl,0.00020799102,0.16791986,auto_accept,n/a
ISIC_0029255,nv,nv,1.3843045e-07,6.3700537e-07,auto_accept,n/a
ISIC_0030466,nv,nv,1.0421157e-07,6.878517e-05,auto_accept,n/a
ISIC_0029625,nv,nv,0.0040393374,0.057570253,escalate,n/a
ISIC_0027626,df,df,2.618134e-09,0.0022688308,auto_accept,n/a
ISIC_0025072,nv,nv,1.756115e-08,1.0172636e-05,auto_accept,n/a
ISIC_0027065,mel,mel,0.00083931035,0.9264168,auto_accept,n/a
ISIC_0033671,nv,nv,0.0024181611,0.0819719,auto_accept,n/a
ISIC_0026202,nv,nv,0.00012517376,7.724814e-05,auto_accept,n/a
ISIC_0026986,nv,nv,8.070218e-09,6.6615908e-06,auto_accept,n/a
ISIC_0026098,nv,nv,8.198942e-10,3.1472092e-09,auto_accept,n/a
ISIC_0034287,mel,mel,2.7943213e-06,0.9950618,auto_accept,n/a
ISIC_0026240,nv,nv,5.4480104e-05,0.0024686959,auto_accept,n/a
ISIC_0033841,nv,nv,4.075042e-07,2.8351558e-06,auto_accept,n/a
ISIC_0034193,nv,nv,3.347321e-07,0.00022995971,auto_accept,n/a
ISIC_0033474,nv,nv,2.0634669e-05,0.00078044826,auto_accept,n/a
ISIC_0025485,bkl,bkl,2.3571333e-06,0.037544537,auto_accept,n/a
ISIC_0026740,nv,nv,8.948303e-08,1.0917663e-06,auto_accept,n/a
ISIC_0030978,nv,mel,0.0023757785,0.8301236,auto_accept,n/a
ISIC_0029596,bkl,bkl,1.3023927e-05,0.00467484,auto_accept,n/a
ISIC_0025958,nv,mel,0.00036838866,0.9600618,auto_accept,n/a
ISIC_0030609,nv,nv,3.6832037e-06,0.0010918082,auto_accept,n/a
ISIC_0024713,nv,nv,4.362591e-09,9.878462e-09,auto_accept,n/a
ISIC_0029474,bkl,bkl,5.2588775e-06,0.016563728,auto_accept,n/a
ISIC_0033406,nv,bkl,0.0043110005,0.36809805,escalate,n/a
ISIC_0028360,nv,nv,4.2621725e-08,2.1867843e-06,auto_accept,n/a
ISIC_0032985,mel,mel,0.0003160841,0.97244275,auto_accept,n/a
ISIC_0030161,nv,nv,1.988069e-07,2.1114394e-05,auto_accept,n/a
ISIC_0033880,nv,nv,1.9501967e-07,1.4252803e-05,auto_accept,n/a
ISIC_0026189,nv,nv,7.6422793e-07,0.00017941794,auto_accept,n/a
ISIC_0029317,nv,nv,6.637755e-09,3.4843762e-07,auto_accept,n/a
ISIC_0029193,bcc,bcc,0.0007329973,0.98656356,auto_accept,n/a
ISIC_0030436,bkl,bcc,0.00013279448,0.9923505,auto_accept,n/a
ISIC_0027596,nv,nv,4.4262083e-06,0.00012808535,auto_accept,n/a
ISIC_0024997,bkl,bkl,0.00036146358,0.32371217,auto_accept,n/a
ISIC_0026471,df,df,2.2553209e-06,0.01254035,auto_accept,n/a
ISIC_0027757,nv,nv,2.116831e-06,0.00026401805,auto_accept,n/a
ISIC_0029634,akiec,akiec,0.0049676443,0.75837296,escalate,n/a
ISIC_0034318,bkl,bkl,8.625717e-06,0.00046702434,auto_accept,n/a
ISIC_0032266,nv,nv,5.3381144e-05,1.8394147e-06,auto_accept,n/a
ISIC_0027020,nv,nv,3.7716262e-08,1.867508e-05,auto_accept,n/a
ISIC_0027307,nv,nv,1.0469458e-06,2.2366034e-07,auto_accept,n/a
ISIC_0029914,mel,mel,4.0435194e-07,0.9993748,auto_accept,n/a
ISIC_0029641,nv,nv,0.00059747807,0.022630282,auto_accept,n/a
ISIC_0025881,nv,nv,0.00014215824,1.813677e-05,auto_accept,n/a
ISIC_0029427,bkl,bkl,0.00034016735,6.3710686e-05,auto_accept,n/a
ISIC_0030811,nv,nv,3.9031903e-07,8.1581817e-07,auto_accept,n/a
ISIC_0031051,nv,nv,5.499081e-06,4.1868398e-06,auto_accept,n/a
ISIC_0027893,bkl,bkl,6.8815e-05,0.026642513,auto_accept,n/a
ISIC_0033931,mel,mel,3.2391406e-05,0.9928221,auto_accept,n/a
ISIC_0029708,nv,nv,1.1195127e-06,4.9907467e-06,auto_accept,n/a
ISIC_0024576,nv,nv,1.1441344e-08,2.7547865e-06,auto_accept,n/a
ISIC_0033659,bkl,bkl,8.619063e-05,0.036187615,auto_accept,n/a
ISIC_0026727,nv,nv,9.6733274e-08,6.47075e-07,auto_accept,n/a
ISIC_0028644,akiec,mel,0.0027375142,0.63743913,auto_accept,n/a
ISIC_0025933,nv,nv,5.385335e-07,6.8901144e-08,auto_accept,n/a
ISIC_0034160,bcc,bcc,0.00034171095,0.9608585,auto_accept,n/a
ISIC_0024906,nv,nv,8.990251e-05,0.0011173344,auto_accept,n/a
ISIC_0031736,nv,nv,5.808602e-07,4.870213e-05,auto_accept,n/a
ISIC_0024807,nv,nv,3.813316e-09,2.527479e-07,auto_accept,n/a
ISIC_0030617,nv,nv,7.495647e-05,7.654357e-07,auto_accept,n/a
ISIC_0031494,mel,nv,0.0018958859,0.051657837,auto_accept,n/a
ISIC_0032533,mel,nv,0.0006154057,0.033587407,auto_accept,n/a
ISIC_0030100,nv,nv,0.00082157226,4.7375443e-06,auto_accept,n/a
ISIC_0026865,bcc,bcc,6.502652e-08,0.99990606,auto_accept,n/a
ISIC_0026325,nv,nv,0.004414828,1.7481273e-06,escalate,n/a
ISIC_0033157,nv,nv,0.0009988925,0.0018812098,auto_accept,n/a
ISIC_0030810,nv,akiec,0.0032449756,0.8625545,auto_accept,n/a
ISIC_0025563,nv,nv,0.0043197107,0.3191524,escalate,n/a
ISIC_0033834,mel,mel,0.0003127465,0.99925333,auto_accept,n/a
ISIC_0027356,nv,nv,7.990182e-06,4.124159e-08,auto_accept,n/a
ISIC_0029899,bcc,bcc,1.0839041e-08,0.9999,auto_accept,n/a
ISIC_0033393,mel,mel,3.7431462e-05,0.99190897,auto_accept,n/a
ISIC_0031450,bcc,bkl,0.003662695,0.7619131,escalate,n/a
ISIC_0031130,bkl,bkl,9.646038e-06,0.07646102,auto_accept,n/a
ISIC_0029096,nv,nv,1.30524835e-08,1.1404942e-06,auto_accept,n/a
ISIC_0030380,nv,nv,0.00049796136,0.023129934,auto_accept,n/a
ISIC_0031391,nv,nv,7.8060935e-07,1.30657345e-05,auto_accept,n/a
ISIC_0026673,nv,nv,4.4550845e-05,1.4422734e-05,auto_accept,n/a
ISIC_0026880,nv,nv,2.4098174e-05,1.9636323e-06,auto_accept,n/a
ISIC_0033599,nv,vasc,0.0060594687,0.22584422,escalate,n/a
ISIC_0031947,nv,nv,9.466822e-08,1.135333e-06,auto_accept,n/a
ISIC_0032728,nv,nv,3.9411e-05,0.00727491,auto_accept,n/a
ISIC_0034007,bkl,bkl,8.674379e-06,0.0030193918,auto_accept,n/a
ISIC_0026300,nv,nv,1.3969254e-06,0.0001472108,auto_accept,n/a
ISIC_0026015,bkl,bkl,1.8872295e-05,0.039151244,auto_accept,n/a
ISIC_0026951,nv,nv,5.2918498e-08,2.4666622e-05,auto_accept,n/a
ISIC_0024461,bcc,bcc,1.6870981e-10,0.9999862,auto_accept,n/a
ISIC_0026093,nv,nv,1.4983181e-08,1.868123e-07,auto_accept,n/a
ISIC_0025820,nv,nv,9.091819e-06,0.0008944486,auto_accept,n/a
ISIC_0024981,bkl,mel,0.0001824262,0.9484271,auto_accept,n/a
ISIC_0028004,nv,nv,4.634063e-09,1.3802978e-09,auto_accept,n/a
ISIC_0028029,mel,mel,1.2568128e-06,0.9980221,auto_accept,n/a
ISIC_0033914,nv,nv,1.3732481e-05,0.00202968,auto_accept,n/a
ISIC_0025052,nv,nv,1.5386115e-06,5.7180885e-05,auto_accept,n/a
ISIC_0029734,nv,nv,2.3422075e-08,4.863036e-07,auto_accept,n/a
ISIC_0029829,nv,nv,1.02866714e-07,5.7505713e-05,auto_accept,n/a
ISIC_0033728,mel,mel,0.00010410962,0.95373535,auto_accept,n/a
ISIC_0030659,bcc,bcc,0.0042353,0.9087738,escalate,n/a
ISIC_0025496,nv,nv,2.3553844e-06,1.1257804e-05,auto_accept,n/a
ISIC_0024534,nv,nv,1.6266726e-05,1.26182285e-05,auto_accept,n/a
ISIC_0026665,nv,nv,0.0018209151,0.0026632864,auto_accept,n/a
ISIC_0028257,nv,nv,1.9087713e-10,1.2143395e-08,auto_accept,n/a
ISIC_0029906,nv,nv,2.2126747e-08,2.498464e-07,auto_accept,n/a
ISIC_0031883,nv,nv,0.0055722804,0.0033643015,escalate,n/a
ISIC_0028541,nv,nv,8.7462766e-08,6.076961e-06,auto_accept,n/a
ISIC_0029832,nv,nv,1.4714277e-05,0.0013694194,auto_accept,n/a
ISIC_0033316,nv,nv,0.0013494109,0.052888732,auto_accept,n/a
ISIC_0032920,nv,bkl,0.0027241854,0.029965766,auto_accept,n/a
ISIC_0031842,nv,nv,1.99723e-09,4.3281293e-08,auto_accept,n/a
ISIC_0031085,nv,bkl,0.00089986,0.35581356,auto_accept,n/a
ISIC_0033853,bkl,bkl,9.524803e-08,0.00044348597,auto_accept,n/a
ISIC_0024902,nv,nv,3.594877e-07,0.00015437075,auto_accept,n/a
ISIC_0029993,nv,nv,6.074045e-06,0.002029448,auto_accept,n/a
ISIC_0027891,nv,nv,0.00013796236,0.0019702811,auto_accept,n/a
ISIC_0026428,nv,nv,3.9053305e-08,7.695228e-06,auto_accept,n/a
ISIC_0029523,nv,nv,8.6139335e-07,1.730248e-05,auto_accept,n/a
ISIC_0033811,akiec,bkl,1.0497509e-05,0.034516703,auto_accept,n/a
ISIC_0025650,bcc,bcc,0.00025158515,0.9999901,auto_accept,n/a
ISIC_0025972,nv,bkl,0.0033441538,0.00937738,auto_accept,n/a
ISIC_0026744,bkl,bkl,0.0015335146,0.52441216,auto_accept,n/a
ISIC_0030307,nv,nv,9.211459e-05,0.00024897652,auto_accept,n/a
ISIC_0031988,nv,nv,0.00038691936,0.05055154,auto_accept,n/a
ISIC_0029022,bkl,bkl,0.0014799737,0.3572195,auto_accept,n/a
ISIC_0026313,df,df,4.7593284e-07,0.0017443716,auto_accept,n/a
ISIC_0030594,bcc,bcc,5.88857e-05,0.9761687,auto_accept,n/a
ISIC_0030379,nv,nv,9.7759575e-08,1.8063227e-08,auto_accept,n/a
ISIC_0025878,nv,nv,0.00019737335,2.902805e-06,auto_accept,n/a
ISIC_0029870,nv,nv,1.6720616e-06,0.0005363045,auto_accept,n/a
ISIC_0031235,nv,nv,3.3317852e-07,2.08998e-06,auto_accept,n/a
ISIC_0033651,mel,mel,6.529965e-08,0.9999386,auto_accept,n/a
ISIC_0029705,mel,nv,0.005221217,0.53312653,escalate,n/a
ISIC_0028671,bcc,bcc,4.4930316e-06,0.99839145,auto_accept,n/a
ISIC_0031282,nv,nv,9.911171e-06,6.7930785e-05,auto_accept,n/a
ISIC_0026059,nv,nv,3.627311e-05,0.00027211153,auto_accept,n/a
ISIC_0028344,nv,nv,0.0011943796,0.011299463,auto_accept,n/a
ISIC_0025838,bkl,bkl,1.8776589e-05,0.029131303,auto_accept,n/a
ISIC_0027377,nv,nv,5.2745475e-09,4.53208e-06,auto_accept,n/a
ISIC_0028073,nv,nv,2.2796617e-05,6.55299e-05,auto_accept,n/a
ISIC_0025190,nv,nv,5.2747797e-12,1.0335532e-08,auto_accept,n/a
ISIC_0026309,nv,nv,2.0569917e-06,4.177838e-05,auto_accept,n/a
ISIC_0028831,nv,mel,0.0011121714,0.87497854,auto_accept,n/a
ISIC_0025091,nv,nv,1.5290919e-09,1.6035036e-06,auto_accept,n/a
ISIC_0028612,nv,nv,2.6631023e-08,6.057104e-06,auto_accept,n/a
ISIC_0025817,nv,nv,3.9474653e-08,4.588337e-06,auto_accept,n/a
ISIC_0033412,nv,nv,0.0030543038,0.015837168,auto_accept,n/a
ISIC_0030598,nv,bkl,0.003896373,0.39712435,escalate,n/a
ISIC_0030649,bkl,bcc,0.010870314,0.80792594,escalate,n/a
ISIC_0026997,nv,nv,4.082578e-06,0.00060602,auto_accept,n/a
ISIC_0030315,nv,nv,1.4258286e-11,2.2220753e-10,auto_accept,n/a
ISIC_0026110,nv,nv,8.735113e-10,2.429825e-07,auto_accept,n/a
ISIC_0029119,nv,nv,0.0049213558,0.20660782,escalate,n/a
ISIC_0025087,nv,nv,3.809208e-07,1.7693578e-06,auto_accept,n/a
ISIC_0028341,nv,nv,4.2397574e-10,1.9699254e-07,auto_accept,n/a
ISIC_0033725,mel,mel,0.00026065754,0.9688811,auto_accept,n/a
ISIC_0027961,nv,nv,1.09966955e-07,1.2349012e-07,auto_accept,n/a
ISIC_0027192,bkl,bkl,0.00016784108,0.02348496,auto_accept,n/a
ISIC_0028087,mel,mel,0.0055928607,0.63536525,escalate,n/a
ISIC_0028802,nv,nv,9.853152e-08,5.5058626e-06,auto_accept,n/a
ISIC_0033243,nv,bkl,0.0011072548,0.0012986319,auto_accept,n/a
ISIC_0030103,nv,nv,5.4279994e-06,0.00017006494,auto_accept,n/a
ISIC_0031279,nv,nv,8.591087e-09,2.345577e-07,auto_accept,n/a
ISIC_0033939,nv,nv,3.3661676e-05,0.008568411,auto_accept,n/a
ISIC_0027860,nv,nv,1.2103979e-07,5.5545133e-08,auto_accept,n/a
ISIC_0032751,mel,nv,0.0044809096,0.12303972,escalate,n/a
ISIC_0026965,nv,nv,8.673574e-07,0.00014776982,auto_accept,n/a
ISIC_0031776,nv,bkl,0.009249578,0.00012167258,escalate,n/a
ISIC_0030826,akiec,akiec,0.00013013392,0.9979715,auto_accept,n/a
ISIC_0024517,akiec,bcc,0.0034812146,0.7318004,auto_accept,n/a
ISIC_0025532,nv,nv,3.2200677e-07,4.871858e-05,auto_accept,n/a
ISIC_0033977,mel,mel,0.00032977932,0.93996006,auto_accept,n/a
ISIC_0024962,mel,mel,6.277005e-06,0.9928236,auto_accept,n/a
ISIC_0028115,nv,nv,3.1270192e-05,0.0025984778,auto_accept,n/a
ISIC_0032740,bkl,bkl,2.0659141e-07,0.00058681046,auto_accept,n/a
ISIC_0029605,nv,nv,1.5924476e-08,5.3978053e-09,auto_accept,n/a
ISIC_0024568,nv,nv,1.0699851e-09,5.8773978e-08,auto_accept,n/a
ISIC_0033097,nv,nv,0.0011241261,0.1011457,auto_accept,n/a
ISIC_0024653,nv,nv,0.0016413183,0.0017891346,auto_accept,n/a
ISIC_0032164,bcc,bcc,2.3622351e-07,0.9989309,auto_accept,n/a
ISIC_0025048,nv,nv,1.4287441e-07,2.4127792e-07,auto_accept,n/a
ISIC_0029925,nv,nv,2.5157179e-09,4.4216895e-06,auto_accept,n/a
ISIC_0028558,akiec,akiec,1.286261e-05,0.99931574,auto_accept,n/a
ISIC_0031151,nv,nv,0.00044596655,0.0036790753,auto_accept,n/a
ISIC_0033274,mel,mel,2.1276153e-06,0.99799514,auto_accept,n/a
ISIC_0031979,nv,nv,7.70488e-07,0.0002149361,auto_accept,n/a
ISIC_0031271,df,df,5.0849125e-10,3.050735e-05,auto_accept,n/a
ISIC_0029553,nv,nv,7.365358e-05,0.0052136993,auto_accept,n/a
ISIC_0033568,mel,nv,0.0015502501,0.07204272,auto_accept,n/a
ISIC_0033423,nv,nv,8.555665e-05,0.00085096335,auto_accept,n/a
ISIC_0028687,bcc,bcc,6.616768e-06,0.9902774,auto_accept,n/a
ISIC_0032406,nv,nv,5.3961776e-07,3.7756915e-06,auto_accept,n/a
ISIC_0027327,mel,mel,1.0422963e-06,0.99803346,auto_accept,n/a
ISIC_0024786,bkl,bkl,0.00034874887,0.45714673,auto_accept,n/a
ISIC_0031698,bcc,bcc,1.3574892e-05,0.998495,auto_accept,n/a
ISIC_0028153,nv,nv,0.00067391526,0.009731063,auto_accept,n/a
ISIC_0025775,nv,nv,1.1275626e-05,8.1953465e-07,auto_accept,n/a
ISIC_0032772,nv,nv,0.0018867644,0.015478739,auto_accept,n/a
ISIC_0026463,nv,nv,3.0584445e-07,7.524232e-05,auto_accept,n/a
ISIC_0028522,nv,nv,8.554487e-08,4.39178e-06,auto_accept,n/a
ISIC_0030600,nv,nv,6.338692e-09,1.2758367e-06,auto_accept,n/a
ISIC_0025426,nv,nv,1.1712874e-10,1.3205782e-09,auto_accept,n/a
ISIC_0028478,nv,nv,0.0007944641,0.023243003,auto_accept,n/a
ISIC_0027831,bkl,bkl,0.0010785995,0.28415468,auto_accept,n/a
ISIC_0028564,nv,nv,5.435583e-06,1.4937484e-05,auto_accept,n/a
ISIC_0034095,bcc,bcc,1.3857392e-06,0.99962366,auto_accept,n/a
ISIC_0032864,nv,nv,1.6592912e-06,0.00010650856,auto_accept,n/a
ISIC_0030197,bcc,bcc,0.0006346589,0.9981102,auto_accept,n/a
ISIC_0026308,nv,nv,1.1276054e-05,0.00041456244,auto_accept,n/a
ISIC_0029960,nv,nv,2.0531302e-06,3.845141e-06,auto_accept,n/a
ISIC_0032000,nv,nv,3.0248088e-06,1.2556255e-06,auto_accept,n/a
ISIC_0031613,nv,nv,9.185351e-05,0.00299527,auto_accept,n/a
ISIC_0033207,nv,nv,5.9107573e-05,0.010630016,auto_accept,n/a
ISIC_0027139,bkl,nv,0.002160299,0.306258,auto_accept,n/a
ISIC_0029117,nv,nv,5.2847646e-09,5.3475974e-06,auto_accept,n/a
ISIC_0025938,nv,df,0.0031394514,0.0002885935,auto_accept,n/a
ISIC_0030401,nv,nv,0.001012904,0.02911388,auto_accept,n/a
ISIC_0030921,nv,nv,1.4502588e-06,7.8394514e-05,auto_accept,n/a
ISIC_0025979,nv,nv,3.4043666e-07,1.3741585e-05,auto_accept,n/a
ISIC_0028801,nv,nv,5.616513e-07,5.1102984e-07,auto_accept,n/a
ISIC_0032017,mel,mel,0.00010225167,0.99014634,auto_accept,n/a
ISIC_0031946,nv,nv,1.548428e-08,6.104948e-06,auto_accept,n/a
ISIC_0027094,bkl,bkl,0.00047916174,0.5420691,auto_accept,n/a
ISIC_0027035,nv,nv,1.7598268e-06,5.6065135e-05,auto_accept,n/a
ISIC_0028244,nv,nv,0.0023462032,1.661388e-06,auto_accept,n/a
ISIC_0030133,akiec,akiec,2.563788e-07,0.9994717,auto_accept,n/a
ISIC_0032770,nv,nv,8.856613e-06,0.0018647771,auto_accept,n/a
ISIC_0025540,nv,nv,0.0026162625,0.056959007,auto_accept,n/a
ISIC_0032474,nv,nv,0.0007705973,7.915835e-05,auto_accept,n/a
ISIC_0031615,nv,nv,0.00080123456,0.0005995896,auto_accept,n/a
ISIC_0031590,nv,nv,6.312771e-08,1.8675188e-05,auto_accept,n/a
ISIC_0033865,bkl,bkl,7.4525303e-07,0.009119047,auto_accept,n/a
ISIC_0026505,nv,nv,7.951572e-11,1.7614763e-08,auto_accept,n/a
ISIC_0027674,nv,nv,5.836404e-08,4.5845543e-05,auto_accept,n/a
ISIC_0033854,bkl,nv,0.003770881,0.06902402,escalate,n/a
ISIC_0029270,bkl,bkl,7.899297e-06,0.04222636,auto_accept,n/a
ISIC_0028025,nv,nv,1.5073558e-06,0.000102087324,auto_accept,n/a
ISIC_0034250,nv,nv,7.1193836e-06,0.00040471563,auto_accept,n/a
ISIC_0027918,nv,nv,5.664023e-07,5.252134e-06,auto_accept,n/a
ISIC_0033984,nv,nv,0.0006776833,0.029177025,auto_accept,n/a
ISIC_0024565,nv,nv,1.1361284e-06,1.5948206e-05,auto_accept,n/a
ISIC_0029307,nv,nv,7.022129e-06,2.2729698e-06,auto_accept,n/a
ISIC_0033543,nv,nv,1.1914799e-06,1.08891545e-05,auto_accept,n/a
ISIC_0024536,nv,nv,0.00014748555,0.028927166,auto_accept,n/a
ISIC_0028742,nv,nv,3.9438437e-05,6.2204067e-06,auto_accept,n/a
ISIC_0030719,nv,nv,2.6114053e-06,6.962283e-06,auto_accept,n/a
ISIC_0031027,nv,nv,3.5368656e-05,0.0035214287,auto_accept,n/a
ISIC_0026160,nv,nv,1.4586245e-05,3.386594e-07,auto_accept,n/a
ISIC_0028052,bkl,nv,0.005619393,0.2312943,escalate,n/a
ISIC_0033569,mel,mel,0.0005041258,0.8446468,auto_accept,n/a
ISIC_0029311,bkl,bkl,4.3874556e-07,0.010625699,auto_accept,n/a
ISIC_0026683,nv,nv,1.5701697e-12,4.2401144e-10,auto_accept,n/a
ISIC_0034113,bkl,bkl,0.00016324666,0.1000742,auto_accept,n/a
ISIC_0026570,nv,nv,6.821092e-09,9.326518e-07,auto_accept,n/a
ISIC_0031094,nv,nv,0.0001759989,0.013723804,auto_accept,n/a
ISIC_0026735,mel,mel,0.0013961804,0.9259451,auto_accept,n/a
ISIC_0029294,nv,nv,6.8865234e-09,3.9186432e-07,auto_accept,n/a
ISIC_0025796,nv,nv,2.059282e-05,0.0007430504,auto_accept,n/a
ISIC_0029636,nv,mel,0.0012281946,0.76435083,auto_accept,n/a
ISIC_0033248,bcc,bcc,8.406994e-06,0.999775,auto_accept,n/a
ISIC_0025580,nv,nv,5.901163e-09,7.68086e-06,auto_accept,n/a
ISIC_0030558,nv,nv,4.9578963e-09,1.0321313e-07,auto_accept,n/a
ISIC_0028621,nv,nv,0.000115692135,0.008261711,auto_accept,n/a
ISIC_0032401,nv,nv,4.846496e-08,7.9928003e-07,auto_accept,n/a
ISIC_0029786,nv,nv,0.007134934,0.30967054,escalate,n/a
ISIC_0032551,nv,nv,1.749634e-05,0.0021890597,auto_accept,n/a
ISIC_0026604,mel,mel,0.0066162325,0.9787684,escalate,n/a
ISIC_0025916,nv,nv,4.3207166e-07,5.0827606e-05,auto_accept,n/a
ISIC_0028598,nv,nv,0.0017389802,0.17431709,auto_accept,n/a
ISIC_0027444,nv,nv,0.0007530172,0.057304535,auto_accept,n/a
ISIC_0031544,nv,nv,1.9554886e-07,4.1908264e-05,auto_accept,n/a
ISIC_0027460,nv,nv,4.226644e-06,3.255838e-05,auto_accept,n/a
ISIC_0027217,nv,nv,1.3910827e-07,0.0002331601,auto_accept,n/a
ISIC_0030799,nv,nv,9.472679e-06,2.4876833e-08,auto_accept,n/a
ISIC_0024443,bcc,bcc,7.728657e-09,0.9997309,auto_accept,n/a
ISIC_0027823,nv,nv,1.5795779e-07,7.814591e-06,auto_accept,n/a
ISIC_0031927,akiec,bkl,0.00311601,0.55142397,auto_accept,n/a
ISIC_0026860,nv,nv,6.563865e-08,6.1950336e-06,auto_accept,n/a
ISIC_0032560,nv,mel,0.0013617581,0.867968,auto_accept,n/a
ISIC_0026612,nv,nv,1.1962608e-05,6.5281404e-07,auto_accept,n/a
ISIC_0033216,mel,nv,7.1991058e-06,0.00024547667,auto_accept,n/a
ISIC_0027154,bkl,bkl,8.594445e-08,0.0011724986,auto_accept,n/a
ISIC_0025747,nv,nv,0.00068262505,4.0218576e-05,auto_accept,n/a
ISIC_0033227,nv,nv,7.803145e-05,0.006445888,auto_accept,n/a
ISIC_0024599,nv,nv,0.002983334,0.1443689,auto_accept,n/a
ISIC_0029197,nv,nv,1.1200158e-05,0.00090357766,auto_accept,n/a
ISIC_0024472,bcc,bcc,3.344035e-07,0.9987852,auto_accept,n/a
ISIC_0027080,nv,nv,9.511934e-09,5.762746e-06,auto_accept,n/a
ISIC_0034157,nv,nv,0.009603054,0.0027711093,escalate,n/a
ISIC_0029023,nv,nv,3.0061421e-05,0.0035071762,auto_accept,n/a
ISIC_0024455,nv,nv,3.8826247e-06,2.2650715e-06,auto_accept,n/a
ISIC_0033205,bcc,bcc,2.340181e-06,0.9866057,auto_accept,n/a
ISIC_0032327,nv,bkl,0.0049924217,0.00031048973,escalate,n/a
ISIC_0034202,mel,mel,0.000348034,0.96127844,auto_accept,n/a
ISIC_0025390,nv,nv,4.7425e-05,0.00014353674,auto_accept,n/a
ISIC_0034087,mel,nv,0.0019949367,0.16714358,auto_accept,n/a
ISIC_0030051,nv,nv,9.833508e-07,5.6453984e-05,auto_accept,n/a
ISIC_0026454,nv,mel,0.00032773046,0.96581787,auto_accept,n/a
ISIC_0027039,nv,nv,6.400017e-09,6.4248633e-09,auto_accept,n/a
ISIC_0025982,bkl,nv,0.0030881078,0.052683864,auto_accept,n/a
ISIC_0026080,nv,nv,0.0011905003,0.040139776,auto_accept,n/a
ISIC_0030908,nv,nv,3.4597835e-07,4.94899e-05,auto_accept,n/a
ISIC_0028510,nv,nv,3.7017373e-06,1.1059027e-05,auto_accept,n/a
ISIC_0028466,nv,nv,3.0311064e-08,1.6004954e-06,auto_accept,n/a
ISIC_0030988,bkl,bcc,0.0027522952,0.79507506,auto_accept,n/a
ISIC_0025273,nv,nv,1.8121582e-06,3.891489e-05,auto_accept,n/a
ISIC_0027973,bkl,mel,0.0008876953,0.90363836,auto_accept,n/a
ISIC_0032754,nv,bkl,0.0060336487,0.024268633,escalate,n/a
ISIC_0033819,mel,mel,0.0062655667,0.5752729,escalate,n/a
ISIC_0028352,mel,mel,0.000115732146,0.94949687,auto_accept,n/a
ISIC_0029072,nv,nv,5.229707e-05,0.0045004347,auto_accept,n/a
ISIC_0026004,nv,nv,1.549724e-08,1.9633012e-07,auto_accept,n/a
ISIC_0026577,nv,mel,0.0048368284,0.87467,escalate,n/a
ISIC_0031869,nv,nv,7.1418044e-10,1.39229215e-08,auto_accept,n/a
ISIC_0027758,nv,nv,1.4158115e-06,7.8779533e-07,auto_accept,n/a
ISIC_0030903,nv,nv,3.6278866e-06,9.146357e-08,auto_accept,n/a
ISIC_0028125,nv,nv,9.2299835e-08,8.9411984e-08,auto_accept,n/a
ISIC_0024677,nv,nv,5.5683525e-08,1.3241383e-07,auto_accept,n/a
ISIC_0033140,nv,nv,0.0020346611,0.05118402,auto_accept,n/a
ISIC_0028268,nv,nv,9.495573e-08,6.36009e-06,auto_accept,n/a
ISIC_0029346,nv,nv,0.0026756232,0.00014147973,auto_accept,n/a
ISIC_0024733,mel,mel,0.000107469845,0.96108156,auto_accept,n/a
ISIC_0029165,nv,nv,0.007848464,5.696384e-07,escalate,n/a
ISIC_0034269,mel,mel,0.00167371,0.88108516,auto_accept,n/a
ISIC_0031188,nv,nv,8.5190004e-07,7.4073134e-05,auto_accept,n/a
ISIC_0024945,nv,nv,8.6583253e-07,7.0743715e-07,auto_accept,n/a
ISIC_0028829,nv,nv,2.7930419e-06,0.0002964558,auto_accept,n/a
ISIC_0030676,nv,nv,2.2929326e-07,9.189954e-05,auto_accept,n/a
ISIC_0030832,nv,nv,5.9055165e-09,1.3189499e-06,auto_accept,n/a
ISIC_0033408,nv,nv,8.5712655e-09,4.3846637e-07,auto_accept,n/a
ISIC_0025795,nv,nv,6.0779344e-06,0.0005135429,auto_accept,n/a
ISIC_0024697,nv,nv,0.0001270553,0.005661237,auto_accept,n/a
ISIC_0033008,nv,nv,0.0018971369,0.018976795,auto_accept,n/a
ISIC_0032970,mel,mel,3.6696366e-09,0.99989307,auto_accept,n/a
ISIC_0033622,nv,nv,9.249613e-06,0.0006670677,auto_accept,n/a
ISIC_0025566,nv,nv,1.894453e-09,1.7745138e-07,auto_accept,n/a
ISIC_0030317,nv,nv,1.6302126e-07,1.9680715e-06,auto_accept,n/a
ISIC_0030857,nv,nv,6.060861e-05,2.9816701e-05,auto_accept,n/a
ISIC_0026510,nv,nv,1.3325042e-10,2.2602414e-07,auto_accept,n/a
ISIC_0028592,nv,nv,0.0005417209,0.11377311,auto_accept,n/a
ISIC_0031536,nv,nv,1.7444641e-05,2.305694e-05,auto_accept,n/a
ISIC_0025767,bkl,bkl,4.2800103e-08,4.293328e-05,auto_accept,n/a
ISIC_0032826,bkl,bkl,0.00034751435,0.0018911762,auto_accept,n/a
ISIC_0025064,bkl,nv,0.0050330013,0.0005305386,escalate,n/a
ISIC_0031832,nv,mel,0.0019936252,0.5980449,auto_accept,n/a
ISIC_0026408,nv,nv,6.14234e-09,9.815723e-07,auto_accept,n/a
ISIC_0025114,nv,nv,6.447114e-08,4.399154e-05,auto_accept,n/a
ISIC_0027793,mel,nv,5.089699e-07,6.9227375e-05,auto_accept,n/a
ISIC_0027269,vasc,vasc,5.065745e-05,0.001111358,auto_accept,n/a
ISIC_0031592,nv,nv,3.673436e-05,2.3338176e-05,auto_accept,n/a
ISIC_0032918,mel,mel,0.00043728782,0.8494792,auto_accept,n/a
ISIC_0031519,bkl,bkl,9.593816e-05,0.039561946,auto_accept,n/a
ISIC_0024850,bkl,nv,0.00017056207,7.115009e-05,auto_accept,n/a
ISIC_0029926,nv,nv,0.0026331588,0.69019,auto_accept,n/a
ISIC_0028991,nv,nv,4.1307152e-07,2.1179088e-07,auto_accept,n/a
ISIC_0025673,nv,nv,1.2466867e-05,8.891352e-06,auto_accept,n/a
ISIC_0028976,nv,nv,4.4929134e-08,1.7554094e-06,auto_accept,n/a
ISIC_0030199,nv,nv,2.4156716e-10,4.5350877e-08,auto_accept,n/a
ISIC_0024799,bcc,bcc,1.4116602e-06,0.9963302,auto_accept,n/a
ISIC_0030965,bkl,bkl,0.0011280772,0.40762565,auto_accept,n/a
ISIC_0028422,nv,nv,5.9250798e-08,7.665215e-06,auto_accept,n/a
ISIC_0028921,nv,nv,8.627397e-07,8.244355e-09,auto_accept,n/a
ISIC_0028178,nv,nv,1.139709e-09,1.9212553e-06,auto_accept,n/a
ISIC_0030128,nv,nv,2.3852783e-07,7.644613e-06,auto_accept,n/a
ISIC_0024985,nv,nv,2.0351717e-05,1.0494856e-05,auto_accept,n/a
ISIC_0026496,bcc,bcc,9.5692885e-09,0.9998621,auto_accept,n/a
ISIC_0026196,nv,nv,1.5130651e-09,2.3769837e-07,auto_accept,n/a
ISIC_0031935,nv,nv,5.0806744e-07,1.0657451e-05,auto_accept,n/a
ISIC_0025902,nv,nv,0.0009585827,0.18363786,auto_accept,n/a
ISIC_0030602,akiec,mel,0.002126412,0.9034524,auto_accept,n/a
ISIC_0031562,nv,nv,4.4723514e-08,3.379881e-06,auto_accept,n/a
ISIC_0034099,nv,nv,4.220962e-06,0.00080044323,auto_accept,n/a
ISIC_0026029,nv,nv,0.0014527723,0.0067042285,auto_accept,n/a
ISIC_0031998,nv,nv,3.495097e-08,7.2477945e-07,auto_accept,n/a
ISIC_0033125,mel,mel,0.00027835777,0.95289767,auto_accept,n/a
ISIC_0025602,nv,nv,5.224616e-05,0.00023905832,auto_accept,n/a
ISIC_0032789,nv,nv,0.0077969506,2.6646543e-05,escalate,n/a
ISIC_0024829,bcc,bcc,1.1309965e-08,0.99980146,auto_accept,n/a
ISIC_0032445,bkl,bkl,3.0209019e-06,0.0050644344,auto_accept,n/a
ISIC_0028796,nv,nv,2.6242121e-08,4.0180802e-07,auto_accept,n/a
ISIC_0027581,nv,nv,5.2698044e-07,4.062819e-05,auto_accept,n/a
ISIC_0031220,nv,df,0.0011772282,0.007923164,auto_accept,n/a
ISIC_0031278,nv,mel,0.00031634534,0.94066733,auto_accept,n/a
ISIC_0027688,nv,nv,0.0022121335,0.21779163,auto_accept,n/a
ISIC_0027972,nv,nv,8.121293e-08,1.4290886e-05,auto_accept,n/a
ISIC_0024326,nv,nv,1.1996202e-08,1.3197212e-06,auto_accept,n/a
ISIC_0030760,mel,mel,5.7897134e-05,0.9741444,auto_accept,n/a
ISIC_0025774,nv,nv,2.1386018e-06,6.049607e-07,auto_accept,n/a
ISIC_0034119,bcc,bcc,4.8620454e-06,0.99823403,auto_accept,n/a
ISIC_0025199,bkl,nv,0.004445133,0.38568884,escalate,n/a
ISIC_0031750,nv,nv,0.00015934961,0.0063397265,auto_accept,n/a
ISIC_0031722,nv,nv,3.3014458e-10,7.666507e-08,auto_accept,n/a
ISIC_0027066,nv,mel,0.0055060973,0.36088,escalate,n/a
ISIC_0031032,nv,nv,0.0014189008,0.013330403,auto_accept,n/a
ISIC_0030858,nv,mel,0.0011916457,0.91037947,auto_accept,n/a
ISIC_0029776,bkl,bkl,6.3822183e-09,0.0043208194,auto_accept,n/a
ISIC_0031807,nv,nv,3.792359e-11,3.7594657e-07,auto_accept,n/a
ISIC_0025329,nv,nv,6.2852494e-05,0.0036775721,auto_accept,n/a
ISIC_0024772,bkl,bkl,1.5081939e-05,0.019267065,auto_accept,n/a
ISIC_0026747,nv,nv,1.042545e-05,5.589192e-06,auto_accept,n/a
ISIC_0030206,nv,nv,7.051531e-07,9.3861763e-07,auto_accept,n/a
ISIC_0029218,nv,nv,5.17982e-05,0.003084028,auto_accept,n/a
ISIC_0025598,nv,bkl,0.0020983522,0.025030281,auto_accept,n/a
ISIC_0025527,nv,nv,1.0155783e-08,3.3025624e-06,auto_accept,n/a
ISIC_0026356,nv,nv,6.2249833e-10,2.6953026e-07,auto_accept,n/a
ISIC_0029163,mel,mel,0.0037240752,0.8332188,escalate,n/a
ISIC_0031291,nv,nv,3.3913468e-05,1.9407815e-05,auto_accept,n/a
ISIC_0033190,nv,nv,4.4588855e-08,7.7953786e-07,auto_accept,n/a
ISIC_0031522,bkl,bkl,1.3072914e-06,8.703246e-06,auto_accept,n/a
ISIC_0031978,nv,nv,1.1702551e-08,3.1463817e-06,auto_accept,n/a
ISIC_0028759,nv,mel,0.004508812,0.5190825,escalate,n/a
ISIC_0028176,nv,nv,3.380601e-07,4.3196406e-09,auto_accept,n/a
ISIC_0025461,nv,nv,0.003907664,0.00042169428,escalate,n/a
ISIC_0028861,nv,nv,0.00015291684,2.3462946e-05,auto_accept,n/a
ISIC_0025226,nv,nv,2.95459e-06,7.354645e-05,auto_accept,n/a
ISIC_0033987,bkl,bkl,4.329436e-08,0.0008916911,auto_accept,n/a
ISIC_0031652,nv,nv,0.00060083874,3.9994106e-06,auto_accept,n/a
ISIC_0026361,nv,nv,5.9436577e-08,3.6728154e-05,auto_accept,n/a
ISIC_0031509,nv,nv,5.673419e-08,1.9824236e-06,auto_accept,n/a
ISIC_0029548,bkl,bkl,3.5622852e-06,2.5873549e-05,auto_accept,n/a
ISIC_0028814,bcc,bcc,8.2076774e-08,0.99981505,auto_accept,n/a
ISIC_0030030,nv,nv,0.00010062173,8.5622196e-05,auto_accept,n/a
ISIC_0025330,bkl,bkl,4.3355303e-06,0.0006215288,auto_accept,n/a
ISIC_0032973,nv,mel,0.0011575836,0.76992184,auto_accept,n/a
ISIC_0025844,nv,nv,3.762536e-09,2.2799622e-09,auto_accept,n/a
ISIC_0034045,nv,nv,5.267019e-07,6.393283e-05,auto_accept,n/a
ISIC_0025138,nv,nv,2.5954646e-06,0.00028468508,auto_accept,n/a
ISIC_0028532,nv,nv,6.8183876e-06,2.0375087e-06,auto_accept,n/a
ISIC_0026640,nv,nv,5.361614e-06,0.00013976822,auto_accept,n/a
ISIC_0030969,nv,nv,8.53271e-06,0.00025627704,auto_accept,n/a
ISIC_0025703,bkl,bkl,0.0051591923,0.0800622,escalate,n/a
ISIC_0028852,nv,nv,5.6179682e-11,2.3184993e-10,auto_accept,n/a
ISIC_0030170,nv,nv,3.8569044e-05,3.7296835e-05,auto_accept,n/a
ISIC_0024338,bkl,bkl,5.362106e-05,0.04261311,auto_accept,n/a
ISIC_0028758,nv,akiec,0.008009396,0.97441477,escalate,n/a
ISIC_0028930,mel,mel,0.0016218649,0.7491946,auto_accept,n/a
ISIC_0028650,bkl,bkl,0.003329536,0.59256566,auto_accept,n/a
ISIC_0024580,nv,nv,2.6501732e-08,7.0198337e-07,auto_accept,n/a
ISIC_0029505,bkl,bkl,8.471013e-08,0.0011409901,auto_accept,n/a
ISIC_0033018,nv,nv,0.00024311496,0.007842343,auto_accept,n/a
ISIC_0030422,nv,nv,8.4633466e-05,0.0010896138,auto_accept,n/a
ISIC_0026784,nv,nv,0.0005522997,0.0056197704,auto_accept,n/a
ISIC_0025272,nv,nv,4.8517763e-09,6.030195e-07,auto_accept,n/a
ISIC_0025591,nv,nv,2.2727386e-07,6.5063205e-06,auto_accept,n/a
ISIC_0030897,nv,nv,6.0672055e-06,2.3100976e-07,auto_accept,n/a
ISIC_0034027,nv,bkl,0.0014140616,0.44515523,auto_accept,n/a
ISIC_0029120,nv,nv,2.3975456e-06,1.7504128e-05,auto_accept,n/a
ISIC_0030084,nv,nv,4.6166623e-08,2.8916872e-07,auto_accept,n/a
ISIC_0032498,bkl,bkl,0.00013109624,0.14049026,auto_accept,n/a
ISIC_0027271,nv,bkl,0.0012143531,0.6535727,auto_accept,n/a
ISIC_0031508,nv,nv,3.664803e-07,7.4603367e-06,auto_accept,n/a
ISIC_0032799,bcc,bcc,1.2368227e-08,0.99991524,auto_accept,n/a
ISIC_0025895,nv,nv,5.2377055e-07,1.2052192e-05,auto_accept,n/a
ISIC_0024977,nv,nv,1.1418388e-06,6.254847e-05,auto_accept,n/a
ISIC_0024923,akiec,akiec,0.00016887064,0.9985563,auto_accept,n/a
ISIC_0031891,nv,nv,0.0003421717,0.0029325248,auto_accept,n/a
ISIC_0032585,nv,mel,0.0056507275,0.7538397,escalate,n/a
ISIC_0026558,mel,nv,0.0026711132,0.16555914,auto_accept,n/a
ISIC_0029559,bkl,bkl,0.0026652345,0.014869404,auto_accept,n/a
ISIC_0031767,nv,nv,3.9363623e-09,3.420771e-07,auto_accept,n/a
ISIC_0026658,nv,bkl,0.0031148735,0.01029787,auto_accept,n/a
ISIC_0025779,nv,nv,9.468661e-09,8.233206e-06,auto_accept,n/a
ISIC_0030119,mel,mel,0.0019182266,0.97034544,auto_accept,n/a
ISIC_0025771,df,df,6.5061583e-09,5.9359772e-05,auto_accept,n/a
ISIC_0026546,nv,nv,0.0002136868,0.006156603,auto_accept,n/a
ISIC_0032219,mel,mel,1.6910735e-05,0.9861404,auto_accept,n/a
ISIC_0028241,nv,nv,3.7486356e-07,8.292844e-05,auto_accept,n/a
ISIC_0032954,nv,nv,6.258186e-05,0.0059911623,auto_accept,n/a
ISIC_0030056,bkl,bkl,4.5897743e-09,7.2572257e-06,auto_accept,n/a
ISIC_0029984,nv,nv,1.5445461e-06,0.00030618793,auto_accept,n/a
ISIC_0031354,nv,nv,0.004565458,0.22817361,escalate,n/a
ISIC_0032100,nv,nv,1.1199727e-06,9.0746573e-07,auto_accept,n/a
ISIC_0030471,nv,nv,7.540217e-05,0.00037708753,auto_accept,n/a
ISIC_0033640,nv,nv,8.694492e-06,0.002044101,auto_accept,n/a
ISIC_0031147,nv,nv,1.9493619e-11,1.827284e-08,auto_accept,n/a
ISIC_0028009,nv,nv,0.0010236695,0.04619293,auto_accept,n/a
ISIC_0030535,nv,bkl,0.001240236,0.015780635,auto_accept,n/a
ISIC_0033256,df,df,2.0708098e-05,0.0027399191,auto_accept,n/a
ISIC_0030752,nv,nv,8.4552255e-08,1.6111531e-05,auto_accept,n/a
ISIC_0033960,nv,nv,0.00027036105,8.514539e-05,auto_accept,n/a
ISIC_0029572,nv,nv,1.01019175e-07,1.202661e-05,auto_accept,n/a
ISIC_0030961,nv,nv,2.5654356e-06,0.0002734418,auto_accept,n/a
ISIC_0027833,nv,nv,3.2019656e-07,1.19600445e-05,auto_accept,n/a
ISIC_0024543,nv,nv,9.465598e-06,0.00039491168,auto_accept,n/a
ISIC_0028838,nv,nv,2.352776e-05,0.00016718006,auto_accept,n/a
ISIC_0024392,nv,nv,8.480563e-08,5.618007e-06,auto_accept,n/a
ISIC_0032810,mel,mel,0.0016500157,0.82895863,auto_accept,n/a
ISIC_0033158,vasc,vasc,5.23377e-09,5.389522e-05,auto_accept,n/a
ISIC_0031075,nv,nv,1.9805831e-05,0.0014860838,auto_accept,n/a
ISIC_0029236,nv,nv,2.7354034e-05,5.3940457e-05,auto_accept,n/a
ISIC_0028452,nv,nv,2.5722944e-09,7.04031e-08,auto_accept,n/a
ISIC_0029561,nv,nv,1.1503639e-08,6.426337e-08,auto_accept,n/a
ISIC_0033179,nv,nv,9.9162855e-05,0.007003991,auto_accept,n/a
ISIC_0028988,nv,nv,9.5785486e-05,0.011787959,auto_accept,n/a
ISIC_0024595,bcc,bcc,8.6494886e-08,0.99920255,auto_accept,n/a
ISIC_0029396,bkl,bkl,0.0015050501,0.04007204,auto_accept,n/a
ISIC_0032509,mel,nv,0.0025268232,0.023380978,auto_accept,n/a
ISIC_0026253,nv,nv,0.00014058665,0.009818867,auto_accept,n/a
ISIC_0028103,mel,bkl,0.0035488978,0.67438954,escalate,n/a
ISIC_0032639,nv,mel,0.0017572318,0.89810586,auto_accept,n/a
ISIC_0026338,nv,nv,1.0984029e-09,8.490968e-09,auto_accept,n/a
ISIC_0025023,nv,nv,9.347117e-09,2.8346853e-06,auto_accept,n/a
ISIC_0027411,nv,nv,8.8640245e-10,7.121886e-08,auto_accept,n/a
ISIC_0030049,nv,nv,3.5956518e-07,4.4177857e-05,auto_accept,n/a
ISIC_0028376,bkl,bkl,1.0778485e-06,0.0101996865,auto_accept,n/a
ISIC_0029753,nv,nv,2.2620195e-08,3.8862227e-06,auto_accept,n/a
ISIC_0025608,nv,nv,5.5914846e-09,3.9602398e-07,auto_accept,n/a
ISIC_0028518,nv,nv,2.0507287e-05,0.006375594,auto_accept,n/a
ISIC_0024746,nv,nv,1.0023671e-06,1.5479875e-06,auto_accept,n/a
ISIC_0031026,bcc,bcc,2.8556572e-06,0.99833244,auto_accept,n/a
ISIC_0034233,mel,mel,0.00091751665,0.91971564,auto_accept,n/a
ISIC_0027049,nv,nv,0.0012536555,0.031573847,auto_accept,n/a
ISIC_0030183,mel,mel,0.004384753,0.33529976,escalate,n/a
ISIC_0031345,bkl,bkl,0.0027703345,0.0013249202,auto_accept,n/a
ISIC_0033949,bkl,bkl,4.0492985e-05,0.03425578,auto_accept,n/a
ISIC_0027866,nv,nv,3.8038153e-05,0.0003225346,auto_accept,n/a
ISIC_0033657,nv,nv,0.000305482,0.037889455,auto_accept,n/a
ISIC_0033449,bkl,bkl,3.7483128e-09,0.0018828883,auto_accept,n/a
ISIC_0033390,nv,nv,3.6392266e-05,0.00716068,auto_accept,n/a
ISIC_0032527,nv,nv,0.004676863,0.02777257,escalate,n/a
ISIC_0031172,nv,nv,0.00030916635,9.9382505e-06,auto_accept,n/a
ISIC_0031201,vasc,vasc,4.4045118e-11,4.6246055e-06,auto_accept,n/a
ISIC_0032205,nv,nv,2.9199814e-06,1.71008e-06,auto_accept,n/a
ISIC_0030415,nv,nv,5.8835167e-07,9.6444424e-08,auto_accept,n/a
ISIC_0033361,bkl,mel,0.0012565594,0.8531537,auto_accept,n/a
ISIC_0030462,nv,nv,0.0009360805,0.0520845,auto_accept,n/a
ISIC_0026498,nv,nv,2.5341265e-06,0.00012841224,auto_accept,n/a
ISIC_0032573,nv,nv,0.0047870413,0.13533407,escalate,n/a
ISIC_0029406,bkl,bkl,1.7613493e-05,0.020693528,auto_accept,n/a
ISIC_0028063,akiec,akiec,8.5999153e-07,0.99775785,auto_accept,n/a
ISIC_0028475,nv,nv,1.3776242e-11,1.3716848e-08,auto_accept,n/a
ISIC_0026109,nv,nv,8.576009e-05,0.020958789,auto_accept,n/a
ISIC_0024802,nv,nv,2.3217396e-07,1.2093329e-05,auto_accept,n/a
ISIC_0032850,bcc,bcc,3.534288e-05,0.9684613,auto_accept,n/a
ISIC_0028226,nv,nv,0.0007385785,0.08329629,auto_accept,n/a
ISIC_0027796,bkl,bkl,0.0038487597,0.026321052,escalate,n/a
ISIC_0026221,nv,nv,7.2176753e-09,1.5476213e-06,auto_accept,n/a
ISIC_0027996,bkl,bkl,5.4726832e-05,0.004453311,auto_accept,n/a
ISIC_0033561,nv,mel,0.0031497017,0.58355266,auto_accept,n/a
ISIC_0033850,nv,bkl,0.0033717814,0.08083834,auto_accept,n/a
ISIC_0030201,nv,nv,1.562835e-07,4.9991846e-05,auto_accept,n/a
ISIC_0025022,nv,nv,2.5296776e-09,7.256467e-07,auto_accept,n/a
ISIC_0032978,bkl,mel,0.005982107,0.97726625,escalate,n/a
ISIC_0030538,nv,nv,7.134189e-08,9.236586e-06,auto_accept,n/a
ISIC_0026634,bkl,bkl,0.00024026306,0.40688115,auto_accept,n/a
ISIC_0029232,bkl,bkl,7.046973e-08,0.00015855652,auto_accept,n/a
ISIC_0031543,mel,mel,2.6995194e-05,0.98434997,auto_accept,n/a
ISIC_0033206,mel,mel,0.0025053076,0.872656,auto_accept,n/a
ISIC_0025433,bcc,bcc,1.3094449e-07,0.9996985,auto_accept,n/a
ISIC_0028717,nv,nv,5.3604094e-06,0.00043606161,auto_accept,n/a
ISIC_0024964,nv,nv,8.743368e-05,7.6656e-08,auto_accept,n/a
ISIC_0025276,bkl,mel,0.0003544127,0.98376113,auto_accept,n/a
ISIC_0032743,nv,nv,3.9996926e-06,0.001222571,auto_accept,n/a
ISIC_0026255,nv,nv,3.4725346e-07,3.194522e-06,auto_accept,n/a
ISIC_0032051,bkl,bkl,8.919572e-06,0.0023500691,auto_accept,n/a
ISIC_0028998,nv,nv,9.056629e-07,5.5186076e-05,auto_accept,n/a
ISIC_0026281,mel,mel,0.0009593098,0.9117762,auto_accept,n/a
ISIC_0032647,nv,nv,3.5763955e-07,0.00023240411,auto_accept,n/a
ISIC_0030055,nv,nv,1.02675486e-07,9.89685e-09,auto_accept,n/a
ISIC_0026050,nv,nv,8.4215344e-08,2.5882798e-06,auto_accept,n/a
ISIC_0031973,nv,nv,2.4074277e-06,0.00017195987,auto_accept,n/a
ISIC_0024681,nv,nv,4.8510604e-09,5.5291974e-07,auto_accept,n/a
ISIC_0026365,bkl,bkl,0.0012220618,0.2071232,auto_accept,n/a
ISIC_0030111,nv,nv,1.5488169e-07,1.4228616e-06,auto_accept,n/a
ISIC_0033090,nv,mel,0.004891725,0.5260918,escalate,n/a
ISIC_0025800,mel,mel,0.0011358245,0.9854482,auto_accept,n/a
ISIC_0030505,nv,nv,9.77016e-10,3.8725943e-07,auto_accept,n/a
ISIC_0026449,nv,nv,3.565719e-07,1.5796533e-05,auto_accept,n/a
ISIC_0028664,nv,nv,9.877898e-06,0.0009384084,auto_accept,n/a
ISIC_0031904,nv,nv,0.0004817063,0.023233872,auto_accept,n/a
ISIC_0029202,bkl,bkl,1.500567e-06,2.83828e-05,auto_accept,n/a
ISIC_0029887,nv,nv,1.2875238e-07,3.559045e-06,auto_accept,n/a
ISIC_0025297,bkl,bkl,0.001720745,0.39915627,auto_accept,n/a
ISIC_0030163,nv,nv,2.2879035e-10,6.496571e-08,auto_accept,n/a
ISIC_0029009,nv,nv,2.3791974e-07,5.134597e-07,auto_accept,n/a
ISIC_0025360,nv,nv,2.3805783e-06,0.00013093674,auto_accept,n/a
ISIC_0028876,bkl,bkl,1.9777012e-06,0.009775159,auto_accept,n/a
ISIC_0026553,bkl,bkl,0.0003583119,0.052419804,auto_accept,n/a
ISIC_0029944,nv,nv,7.7200144e-07,0.000148528,auto_accept,n/a
ISIC_0029979,nv,nv,2.6506302e-07,0.0001519813,auto_accept,n/a
ISIC_0025722,nv,nv,3.7180978e-06,6.401182e-05,auto_accept,n/a
ISIC_0026710,nv,nv,0.0005314456,2.8432038e-07,auto_accept,n/a
ISIC_0027855,nv,nv,5.908845e-05,0.0026376205,auto_accept,n/a
ISIC_0025788,nv,nv,1.1960423e-05,0.0008395063,auto_accept,n/a
ISIC_0028953,nv,nv,1.4554874e-09,3.820162e-07,auto_accept,n/a
ISIC_0029661,nv,nv,0.0003029806,5.214707e-06,auto_accept,n/a
ISIC_0031576,nv,nv,6.7670086e-08,2.9333129e-05,auto_accept,n/a
ISIC_0028990,akiec,akiec,0.003502361,0.9907679,escalate,n/a
ISIC_0027890,nv,nv,7.069274e-06,0.0017200344,auto_accept,n/a
ISIC_0033409,nv,nv,8.1363686e-07,0.00024563234,auto_accept,n/a
ISIC_0025434,bkl,bkl,1.7898222e-07,0.0001838212,auto_accept,n/a
ISIC_0030174,nv,nv,0.0046812375,0.075978205,escalate,n/a
ISIC_0034280,bkl,bkl,6.651725e-07,8.1887534e-05,auto_accept,n/a
ISIC_0031432,nv,nv,1.4425008e-08,3.0758183e-06,auto_accept,n/a
ISIC_0033942,mel,mel,3.810285e-06,0.99708,auto_accept,n/a
ISIC_0028868,nv,mel,0.008355437,0.68293566,escalate,n/a
ISIC_0025793,bcc,bcc,4.42364e-05,0.99294055,auto_accept,n/a
ISIC_0025704,nv,nv,3.1801899e-06,6.7932924e-05,auto_accept,n/a
ISIC_0030798,mel,mel,0.005588643,0.8455934,escalate,n/a
ISIC_0025185,nv,nv,2.8120255e-08,9.2569735e-06,auto_accept,n/a
ISIC_0028927,nv,nv,2.4404944e-06,5.8070113e-05,auto_accept,n/a
ISIC_0030234,nv,nv,2.844052e-06,2.9303897e-09,auto_accept,n/a
ISIC_0029738,nv,nv,4.0730234e-07,1.7616496e-05,auto_accept,n/a
ISIC_0026635,nv,nv,3.7209033e-05,0.0014694899,auto_accept,n/a
ISIC_0029904,nv,nv,3.43719e-08,2.0153136e-06,auto_accept,n/a
ISIC_0027448,nv,nv,3.8783537e-06,0.0009139424,auto_accept,n/a
ISIC_0028535,nv,nv,3.0271718e-07,1.3956981e-05,auto_accept,n/a
ISIC_0025713,nv,nv,0.00024711512,0.017916808,auto_accept,n/a
ISIC_0033644,mel,mel,8.692411e-06,0.99576306,auto_accept,n/a
ISIC_0033438,bkl,bkl,0.0019106298,0.0029676235,auto_accept,n/a
ISIC_0024729,mel,mel,6.017887e-06,0.9957766,auto_accept,n/a
ISIC_0031187,nv,nv,7.6891865e-08,0.00015964457,auto_accept,n/a
ISIC_0024466,nv,mel,0.00430867,0.37956235,escalate,n/a
ISIC_0031366,nv,nv,4.6682962e-05,0.00069311616,auto_accept,n/a
ISIC_0025944,nv,nv,5.6656652e-05,0.0063812966,auto_accept,n/a
ISIC_0024509,nv,nv,1.9342585e-07,7.743373e-06,auto_accept,n/a
ISIC_0024530,nv,nv,2.0220783e-09,9.85412e-07,auto_accept,n/a
ISIC_0031096,nv,nv,4.0383654e-07,1.1584982e-05,auto_accept,n/a
ISIC_0027803,nv,nv,6.1659244e-10,1.9073513e-08,auto_accept,n/a
ISIC_0029040,bkl,bkl,0.00014765956,0.0089096865,auto_accept,n/a
ISIC_0028725,nv,nv,1.8473526e-06,9.101856e-07,auto_accept,n/a
ISIC_0029709,nv,nv,1.2192751e-06,2.3314142e-06,auto_accept,n/a
ISIC_0027248,nv,nv,2.6601736e-05,0.004935116,auto_accept,n/a
ISIC_0025876,bkl,bkl,5.987477e-08,1.7012966e-05,auto_accept,n/a
ISIC_0025867,bkl,bkl,0.00010067844,0.24789286,auto_accept,n/a
ISIC_0033257,bcc,bcc,9.477914e-08,0.99996483,auto_accept,n/a
ISIC_0028684,nv,nv,0.00033860462,0.045960896,auto_accept,n/a
ISIC_0024824,nv,nv,0.0035393217,0.17590083,escalate,n/a
ISIC_0025623,bkl,bkl,0.0008063166,0.0018093005,auto_accept,n/a
ISIC_0029303,nv,nv,0.007447091,1.2911324e-05,escalate,n/a
ISIC_0032129,bkl,bkl,0.0007147451,4.04607e-07,auto_accept,n/a
ISIC_0030395,nv,nv,4.1969383e-06,5.378493e-05,auto_accept,n/a
ISIC_0032932,vasc,vasc,1.5991603e-07,0.024559878,auto_accept,n/a
ISIC_0031297,nv,nv,3.1259622e-06,0.00017657132,auto_accept,n/a
ISIC_0030843,mel,nv,0.00033107426,0.0023787413,auto_accept,n/a
ISIC_0027223,nv,nv,1.0659354e-07,3.8894115e-05,auto_accept,n/a
ISIC_0026684,nv,nv,1.3535298e-07,1.653751e-05,auto_accept,n/a
ISIC_0026417,df,df,9.3117196e-05,0.02120191,auto_accept,n/a
ISIC_0024703,nv,nv,2.9880905e-08,6.319798e-06,auto_accept,n/a
ISIC_0029326,nv,nv,2.1858244e-10,1.144277e-08,auto_accept,n/a
ISIC_0024310,mel,mel,0.0013981968,0.858856,auto_accept,n/a
ISIC_0032052,nv,nv,1.0463194e-05,5.8939836e-06,auto_accept,n/a
ISIC_0030950,mel,mel,4.096049e-06,0.996329,auto_accept,n/a
ISIC_0028112,nv,nv,1.0118565e-05,0.0003221784,auto_accept,n/a
ISIC_0028329,bcc,bcc,2.7166939e-06,0.99896467,auto_accept,n/a
ISIC_0028100,bkl,bkl,0.0017080278,0.48496398,auto_accept,n/a
ISIC_0028277,nv,nv,1.2310512e-05,3.521795e-05,auto_accept,n/a
ISIC_0030753,nv,nv,7.840835e-07,1.3435238e-07,auto_accept,n/a
ISIC_0026636,nv,nv,1.723623e-05,7.723981e-05,auto_accept,n/a
ISIC_0031395,nv,mel,0.0049214778,0.55227137,escalate,n/a
ISIC_0034102,nv,nv,4.1100866e-06,0.00078032474,auto_accept,n/a
ISIC_0029450,nv,nv,3.8045414e-08,2.269957e-05,auto_accept,n/a
ISIC_0031579,nv,nv,1.0147142e-05,0.00011759917,auto_accept,n/a
ISIC_0031911,nv,nv,0.00018540255,0.00039382104,auto_accept,n/a
ISIC_0027461,nv,nv,0.00013412164,0.006051327,auto_accept,n/a
ISIC_0027703,nv,nv,0.00028495063,0.00018929767,auto_accept,n/a
ISIC_0030356,mel,mel,4.7195164e-07,0.9995882,auto_accept,n/a
ISIC_0032768,bcc,bcc,3.9572788e-05,0.9183039,auto_accept,n/a
ISIC_0027056,nv,mel,0.0136739,0.54023606,escalate,n/a
ISIC_0028055,nv,nv,2.0728179e-07,1.595502e-05,auto_accept,n/a
ISIC_0024606,nv,nv,6.309627e-08,2.858837e-06,auto_accept,n/a
ISIC_0025479,nv,nv,4.225493e-08,1.3572019e-06,auto_accept,n/a
ISIC_0033688,nv,nv,0.00020783248,0.016469937,auto_accept,n/a
ISIC_0028818,bcc,bcc,0.0004053998,0.97680056,auto_accept,n/a
ISIC_0032649,nv,nv,0.00014156848,0.024184879,auto_accept,n/a
ISIC_0026914,nv,nv,0.0023200673,9.324295e-07,auto_accept,n/a
ISIC_0024693,nv,df,6.9215e-07,1.4259153e-05,auto_accept,n/a
ISIC_0030025,nv,nv,2.1301737e-07,2.3914385e-05,auto_accept,n/a
ISIC_0029883,nv,nv,0.009199208,2.2301845e-06,escalate,n/a
ISIC_0031229,nv,nv,3.0354101e-06,0.0004580015,auto_accept,n/a
ISIC_0031260,nv,nv,3.3351096e-08,1.1994739e-07,auto_accept,n/a
ISIC_0027735,bkl,mel,3.953467e-05,0.97612804,auto_accept,n/a
ISIC_0026413,nv,nv,3.1745174e-06,0.001011592,auto_accept,n/a
ISIC_0033307,bkl,bkl,0.0023774286,0.53496,auto_accept,n/a
ISIC_0029512,mel,nv,0.00043244543,0.012847361,auto_accept,n/a
ISIC_0028108,nv,nv,4.0757845e-06,1.421115e-05,auto_accept,n/a
ISIC_0032078,nv,nv,8.398366e-06,3.3571076e-05,auto_accept,n/a
ISIC_0024343,nv,nv,1.07598176e-07,6.1992294e-05,auto_accept,n/a
ISIC_0027494,nv,nv,8.285345e-08,2.0664e-06,auto_accept,n/a
ISIC_0029751,nv,nv,8.320566e-07,4.047651e-06,auto_accept,n/a
ISIC_0026582,nv,nv,7.6669596e-05,9.5302064e-05,auto_accept,n/a
ISIC_0027391,nv,nv,2.513755e-07,7.4947435e-05,auto_accept,n/a
ISIC_0028225,mel,mel,0.0039910222,0.6219206,escalate,n/a
ISIC_0031929,akiec,bkl,0.005477462,0.956088,escalate,n/a
ISIC_0027471,nv,mel,0.0023188968,0.6788859,auto_accept,n/a
ISIC_0028459,nv,nv,1.9659597e-06,2.9892546e-05,auto_accept,n/a
ISIC_0029702,nv,nv,3.839685e-06,0.00014770067,auto_accept,n/a
ISIC_0027292,nv,nv,1.0441307e-06,0.000105136416,auto_accept,n/a
ISIC_0033973,bkl,bkl,0.00044388426,0.001464974,auto_accept,n/a
ISIC_0032435,nv,nv,1.2023827e-05,0.00013912785,auto_accept,n/a
ISIC_0033331,nv,nv,0.0005458738,0.01782079,auto_accept,n/a
ISIC_0025652,nv,nv,5.133625e-06,3.5585792e-05,auto_accept,n/a
ISIC_0024518,nv,nv,5.123992e-06,0.0009520085,auto_accept,n/a
ISIC_0028916,mel,mel,0.002417385,0.8404597,auto_accept,n/a
ISIC_0033046,nv,nv,0.0020023903,0.051141612,auto_accept,n/a
ISIC_0027100,mel,bkl,0.0013898377,0.16787095,auto_accept,n/a
ISIC_0028839,nv,nv,1.20220305e-08,3.7806603e-06,auto_accept,n/a
ISIC_0024611,nv,nv,3.9585206e-09,2.0854907e-08,auto_accept,n/a
ISIC_0034041,nv,nv,0.0049213814,0.21345508,escalate,n/a
ISIC_0029806,nv,nv,6.3994327e-10,1.2727897e-07,auto_accept,n/a
ISIC_0029507,nv,nv,2.0200914e-09,2.8613633e-07,auto_accept,n/a
ISIC_0029414,nv,nv,9.338917e-09,2.3436177e-08,auto_accept,n/a
ISIC_0025159,nv,nv,3.4669227e-07,7.042202e-06,auto_accept,n/a
ISIC_0026851,nv,nv,2.3904757e-08,2.3017772e-06,auto_accept,n/a
ISIC_0025107,nv,nv,0.0004953985,7.850314e-05,auto_accept,n/a
ISIC_0024425,nv,nv,0.0041849893,0.0071034837,escalate,n/a
ISIC_0028539,nv,nv,0.00019991309,3.2775105e-07,auto_accept,n/a
ISIC_0030042,nv,nv,5.8112226e-10,7.910469e-07,auto_accept,n/a
ISIC_0030557,nv,nv,0.0048230854,0.047642235,escalate,n/a
ISIC_0029395,nv,nv,2.9533283e-05,0.00015808461,auto_accept,n/a
ISIC_0033917,nv,nv,0.004661677,0.09218004,escalate,n/a
ISIC_0026174,bkl,bkl,1.6052954e-06,0.011345889,auto_accept,n/a
ISIC_0030396,bkl,bkl,9.331766e-05,0.12232062,auto_accept,n/a
ISIC_0029718,nv,nv,7.54837e-05,0.024929948,auto_accept,n/a
ISIC_0030446,bcc,bcc,5.3487803e-08,0.99918765,auto_accept,n/a
ISIC_0031064,nv,mel,0.00018256587,0.92710704,auto_accept,n/a
ISIC_0029277,nv,bkl,0.0045839916,0.27828836,escalate,n/a
ISIC_0025117,nv,nv,0.00087068306,0.01445709,auto_accept,n/a
ISIC_0029539,bcc,bcc,9.373823e-08,0.997024,auto_accept,n/a
ISIC_0025296,nv,nv,5.135539e-09,2.0500518e-07,auto_accept,n/a
ISIC_0031859,nv,nv,0.00023361633,0.0053365896,auto_accept,n/a
ISIC_0024921,nv,nv,0.00034508138,0.0017217277,auto_accept,n/a
ISIC_0030887,nv,nv,1.0548802e-07,5.257341e-06,auto_accept,n/a
ISIC_0030568,nv,nv,1.5198295e-05,0.000431278,auto_accept,n/a
ISIC_0028293,nv,nv,0.00065252016,0.05050347,auto_accept,n/a
ISIC_0025950,nv,nv,3.674662e-05,0.0056562196,auto_accept,n/a
ISIC_0031060,bkl,bkl,0.006503085,0.17916378,escalate,n/a
ISIC_0028702,bkl,bkl,0.0004268242,0.048509974,auto_accept,n/a
ISIC_0031454,nv,nv,9.386213e-05,0.00020544168,auto_accept,n/a
ISIC_0025614,nv,nv,5.8906653e-09,8.373771e-07,auto_accept,n/a
ISIC_0027305,nv,nv,4.868061e-05,0.0066796415,auto_accept,n/a
ISIC_0032705,nv,nv,1.0107334e-05,0.0021361795,auto_accept,n/a
ISIC_0026711,nv,nv,0.001115036,0.047748882,auto_accept,n/a
ISIC_0027098,nv,mel,0.0031986844,0.47941703,auto_accept,n/a
ISIC_0025628,vasc,vasc,7.022516e-10,1.0082073e-05,auto_accept,n/a
ISIC_0033085,nv,mel,0.002170785,0.7878689,auto_accept,n/a
ISIC_0024515,bcc,mel,0.00180298,0.93806523,auto_accept,n/a
ISIC_0027685,nv,nv,3.1471156e-06,9.7710836e-05,auto_accept,n/a
ISIC_0027754,bkl,bkl,2.9221783e-05,0.17130554,auto_accept,n/a
ISIC_0032905,nv,mel,0.00040865995,0.9843784,auto_accept,n/a
ISIC_0031339,mel,mel,1.3364736e-05,0.9931744,auto_accept,n/a
ISIC_0031548,nv,nv,1.4395171e-05,7.657002e-06,auto_accept,n/a
ISIC_0029580,bkl,bcc,0.0049616923,0.87966144,escalate,n/a
ISIC_0027324,nv,df,1.8975523e-05,4.8484104e-05,auto_accept,n/a
ISIC_0033683,nv,nv,0.0008090105,0.011267964,auto_accept,n/a
ISIC_0030916,nv,nv,9.401325e-09,2.1109931e-06,auto_accept,n/a
ISIC_0034128,nv,nv,4.849199e-05,0.0046613226,auto_accept,n/a
ISIC_0024965,nv,nv,7.754431e-07,9.5017866e-05,auto_accept,n/a
ISIC_0030940,nv,bkl,0.0037732713,0.0063553774,escalate,n/a
ISIC_0030151,nv,bkl,0.00040816778,0.19417617,auto_accept,n/a
ISIC_0027555,nv,nv,2.4695204e-10,4.4621302e-07,auto_accept,n/a
ISIC_0033544,nv,nv,0.0005853875,0.009465752,auto_accept,n/a
ISIC_0025574,nv,nv,4.843684e-08,7.3701926e-08,auto_accept,n/a
ISIC_0033167,nv,nv,2.4388678e-06,0.00028287127,auto_accept,n/a
ISIC_0024416,nv,mel,0.0023747857,0.7056794,auto_accept,n/a
ISIC_0026055,nv,nv,1.2432766e-05,0.0012404451,auto_accept,n/a
ISIC_0030438,nv,nv,1.2429471e-07,1.11258205e-05,auto_accept,n/a
ISIC_0027787,nv,nv,1.3053044e-05,5.042902e-07,auto_accept,n/a
ISIC_0030029,nv,nv,5.807386e-07,5.238388e-06,auto_accept,n/a
ISIC_0029171,nv,nv,1.6485517e-05,4.267045e-05,auto_accept,n/a
ISIC_0025964,mel,nv,0.0025655867,0.05112949,auto_accept,n/a
ISIC_0033269,mel,mel,1.4370328e-05,0.9839594,auto_accept,n/a
ISIC_0032397,akiec,akiec,0.0029302116,0.5308648,auto_accept,n/a
ISIC_0029897,bkl,bkl,3.4664691e-09,8.8713705e-07,auto_accept,n/a
ISIC_0033727,nv,nv,6.481247e-05,0.0016302058,auto_accept,n/a
ISIC_0025137,nv,nv,9.761198e-12,3.393462e-09,auto_accept,n/a
ISIC_0032724,mel,mel,6.0928305e-05,0.99383354,auto_accept,n/a
ISIC_0034096,nv,nv,0.00080060906,0.06889601,auto_accept,n/a
ISIC_0029212,mel,mel,1.1002531e-06,0.9994999,auto_accept,n/a
ISIC_0032537,mel,mel,0.0018296374,0.9540083,auto_accept,n/a
ISIC_0028896,nv,nv,1.14180786e-07,3.722744e-05,auto_accept,n/a
ISIC_0025442,nv,nv,9.230884e-06,0.002489288,auto_accept,n/a
ISIC_0033465,bkl,bkl,6.574807e-05,0.040796503,auto_accept,n/a
ISIC_0029601,nv,nv,1.2621559e-05,0.00011350595,auto_accept,n/a
ISIC_0034195,nv,nv,3.607579e-05,0.0035189928,auto_accept,n/a
ISIC_0028419,bcc,bcc,3.210314e-09,0.99983084,auto_accept,n/a
ISIC_0025836,nv,mel,0.00026236355,0.9776358,auto_accept,n/a
ISIC_0027285,nv,bkl,0.0050150356,0.0019885579,escalate,n/a
ISIC_0029431,nv,nv,2.2149156e-07,0.00018673482,auto_accept,n/a
ISIC_0028286,nv,nv,3.6340077e-11,4.5118074e-09,auto_accept,n/a
ISIC_0028034,nv,nv,7.810525e-06,0.00036500636,auto_accept,n/a
ISIC_0031704,nv,nv,3.3814142e-06,2.8004e-05,auto_accept,n/a
ISIC_0031768,nv,nv,1.1073274e-08,1.3648755e-06,auto_accept,n/a
ISIC_0031701,nv,nv,5.292628e-07,9.8667615e-06,auto_accept,n/a
ISIC_0028437,nv,nv,1.4742965e-08,3.4074274e-05,auto_accept,n/a
ISIC_0028001,nv,nv,6.371654e-05,1.5013557e-06,auto_accept,n/a
ISIC_0027046,bcc,bkl,0.008671672,0.17234477,escalate,n/a
ISIC_0029725,nv,mel,0.002989117,0.55197614,auto_accept,n/a
ISIC_0027550,akiec,mel,0.00036028077,0.9947659,auto_accept,n/a
ISIC_0031671,nv,nv,4.6939578e-05,0.00017463774,auto_accept,n/a
ISIC_0025444,nv,nv,6.271193e-05,0.00031820973,auto_accept,n/a
ISIC_0030863,nv,nv,1.2838531e-09,2.367426e-06,auto_accept,n/a
ISIC_0027113,nv,nv,0.0013790915,0.046812326,auto_accept,n/a
ISIC_0025001,nv,nv,0.0038996679,0.17595981,escalate,n/a
ISIC_0025378,bkl,bkl,8.9338766e-07,0.013487271,auto_accept,n/a
ISIC_0032172,nv,nv,1.1461991e-05,0.00020204064,auto_accept,n/a
ISIC_0034060,nv,nv,0.0064743995,0.16879469,escalate,n/a
ISIC_0026410,nv,nv,1.1066725e-06,7.302171e-06,auto_accept,n/a
ISIC_0032393,nv,nv,2.9842205e-08,1.3854669e-05,auto_accept,n/a
ISIC_0024686,nv,nv,2.1935051e-10,2.190851e-08,auto_accept,n/a
ISIC_0033000,akiec,akiec,1.8726754e-05,0.9998134,auto_accept,n/a
ISIC_0025405,nv,nv,2.5794718e-06,0.00028840426,auto_accept,n/a
ISIC_0030736,nv,nv,2.5562024e-09,3.275073e-07,auto_accept,n/a
ISIC_0024415,nv,nv,1.3811081e-06,2.2098632e-07,auto_accept,n/a
ISIC_0026858,nv,nv,1.5760992e-06,0.00016976538,auto_accept,n/a
ISIC_0029530,nv,mel,0.0045736893,0.65481436,escalate,n/a
ISIC_0032328,nv,nv,0.00017533413,0.002455581,auto_accept,n/a
ISIC_0027653,nv,nv,3.5976626e-08,1.21521625e-05,auto_accept,n/a
ISIC_0028037,nv,nv,2.077705e-07,4.862334e-05,auto_accept,n/a
ISIC_0032581,nv,nv,3.659725e-06,0.000102655555,auto_accept,n/a
ISIC_0027265,nv,bkl,0.002107331,0.011579927,auto_accept,n/a
ISIC_0032083,nv,nv,2.7558201e-08,3.4420132e-06,auto_accept,n/a
ISIC_0028875,nv,nv,6.00064e-09,1.3287879e-08,auto_accept,n/a
ISIC_0026048,nv,nv,0.002460048,0.254492,auto_accept,n/a
ISIC_0033724,nv,nv,5.9605314e-05,0.00040344638,auto_accept,n/a
ISIC_0026534,nv,nv,2.8409834e-06,0.00046007213,auto_accept,n/a
ISIC_0024384,nv,nv,1.5278071e-07,1.8216211e-05,auto_accept,n/a
ISIC_0029812,nv,nv,0.0030434332,0.1271453,auto_accept,n/a
ISIC_0026270,nv,mel,0.0081799235,0.50804275,escalate,n/a
ISIC_0029823,bkl,bkl,3.7418147e-06,0.0006277727,auto_accept,n/a
ISIC_0029796,nv,nv,1.937818e-06,1.158738e-05,auto_accept,n/a
ISIC_0028823,nv,nv,9.038639e-06,0.0057404973,auto_accept,n/a
ISIC_0032094,nv,nv,1.0146415e-09,7.873885e-10,auto_accept,n/a
ISIC_0028749,bkl,bkl,0.00076266367,0.4780001,auto_accept,n/a
ISIC_0032049,nv,nv,1.56432e-08,1.3122272e-07,auto_accept,n/a
ISIC_0033923,nv,nv,6.925598e-06,0.0003524517,auto_accept,n/a
ISIC_0024638,nv,nv,8.598328e-08,6.1323735e-06,auto_accept,n/a
ISIC_0031290,nv,nv,0.0015392207,0.09527015,auto_accept,n/a
ISIC_0029884,mel,mel,0.00056252844,0.9741251,auto_accept,n/a
ISIC_0026937,nv,nv,1.1227784e-06,9.320649e-06,auto_accept,n/a
ISIC_0025654,bkl,bkl,1.1432961e-07,0.0001606115,auto_accept,n/a
ISIC_0025424,nv,nv,1.49361495e-05,0.008893247,auto_accept,n/a
ISIC_0027717,nv,nv,8.8582216e-05,0.00023648031,auto_accept,n/a
ISIC_0033787,nv,nv,0.003898802,0.10120884,escalate,n/a
ISIC_0026520,nv,nv,2.6491266e-08,5.5885303e-06,auto_accept,n/a
ISIC_0025606,vasc,vasc,0.00012373459,3.419252e-06,auto_accept,n/a
ISIC_0032623,nv,nv,0.00015430206,0.022056732,auto_accept,n/a
ISIC_0034166,nv,nv,4.5178248e-07,2.3958577e-05,auto_accept,n/a
ISIC_0027836,nv,nv,3.018701e-07,3.06603e-05,auto_accept,n/a
ISIC_0025211,nv,nv,9.672701e-07,9.116224e-06,auto_accept,n/a
ISIC_0025502,nv,nv,3.113565e-08,1.2823629e-06,auto_accept,n/a
ISIC_0029585,bkl,bkl,0.0003176606,0.005120245,auto_accept,n/a
ISIC_0024502,nv,nv,7.9551843e-10,6.4857755e-07,auto_accept,n/a
ISIC_0033494,akiec,akiec,0.0020843726,0.9669435,auto_accept,n/a
ISIC_0029963,nv,nv,2.1803655e-10,8.6601504e-10,auto_accept,n/a
ISIC_0026771,nv,nv,1.8675898e-06,1.7855828e-05,auto_accept,n/a
ISIC_0029170,mel,mel,2.0616083e-06,0.9968135,auto_accept,n/a
ISIC_0028346,df,df,7.014093e-05,0.062020157,auto_accept,n/a
ISIC_0027115,nv,nv,2.1717782e-05,2.5696154e-06,auto_accept,n/a
ISIC_0025627,bkl,bkl,0.0030370017,0.5818189,auto_accept,n/a
ISIC_0025744,mel,mel,7.722399e-06,0.9918657,auto_accept,n/a
ISIC_0030292,nv,nv,2.6510966e-08,5.228144e-07,auto_accept,n/a
ISIC_0030342,nv,nv,1.305171e-08,4.3956934e-06,auto_accept,n/a
ISIC_0030813,bcc,bcc,1.0701423e-08,0.99987626,auto_accept,n/a
ISIC_0031078,bkl,bkl,0.00015846605,0.07179038,auto_accept,n/a
ISIC_0028077,nv,nv,3.2130151e-06,7.5829375e-06,auto_accept,n/a
ISIC_0025459,nv,nv,3.6971613e-08,4.9113396e-06,auto_accept,n/a
ISIC_0024655,nv,nv,1.7327444e-06,3.8179877e-07,auto_accept,n/a
ISIC_0029380,nv,nv,1.5876506e-06,0.00015624196,auto_accept,n/a
ISIC_0029928,nv,nv,1.295642e-11,2.7202767e-09,auto_accept,n/a
ISIC_0028285,mel,bkl,0.0068959384,0.9396255,escalate,n/a
ISIC_0024847,nv,nv,1.0876617e-05,0.0004690543,auto_accept,n/a
ISIC_0032254,nv,nv,1.9445367e-06,1.0314459e-06,auto_accept,n/a
ISIC_0030412,nv,nv,5.7528076e-09,4.0098118e-07,auto_accept,n/a
ISIC_0025274,nv,nv,3.7201366e-06,1.1178837e-05,auto_accept,n/a
ISIC_0024660,nv,nv,7.323072e-05,9.498141e-07,auto_accept,n/a
ISIC_0027456,nv,nv,4.3291353e-09,7.789985e-08,auto_accept,n/a
ISIC_0032863,bkl,bkl,0.000702891,0.07293537,auto_accept,n/a
ISIC_0027830,nv,nv,1.14468925e-07,3.915673e-07,auto_accept,n/a
ISIC_0030331,nv,nv,2.0455813e-08,2.2119316e-07,auto_accept,n/a
ISIC_0028837,nv,nv,3.108636e-06,2.90749e-05,auto_accept,n/a
ISIC_0027669,mel,mel,3.398033e-07,0.9990128,auto_accept,n/a
ISIC_0024897,bcc,bcc,7.778182e-06,0.9983015,auto_accept,n/a
ISIC_0025577,akiec,akiec,7.2191986e-05,0.99108785,auto_accept,n/a
ISIC_0024386,df,df,9.888929e-10,6.755856e-06,auto_accept,n/a
ISIC_0031175,bcc,bcc,6.474069e-05,0.97402644,auto_accept,n/a
ISIC_0025853,nv,nv,0.00017216157,0.007414098,auto_accept,n/a
ISIC_0034114,nv,nv,7.314266e-06,0.0008299485,auto_accept,n/a
ISIC_0030986,akiec,akiec,6.786598e-05,0.99464613,auto_accept,n/a
ISIC_0033855,bkl,bkl,0.010614032,3.97051e-05,escalate,n/a
ISIC_0032141,nv,nv,3.056467e-05,0.00074751425,auto_accept,n/a
ISIC_0030689,mel,bkl,0.0026741638,0.60253745,auto_accept,n/a
ISIC_0031403,nv,nv,4.8004576e-08,8.168706e-06,auto_accept,n/a
ISIC_0027994,nv,nv,9.809759e-06,0.00048739093,auto_accept,n/a
ISIC_0033260,bkl,bkl,0.0005606772,0.00029841872,auto_accept,n/a
ISIC_0032228,nv,nv,6.0634103e-10,6.975495e-07,auto_accept,n/a
ISIC_0024317,nv,nv,7.532252e-07,0.00012403584,auto_accept,n/a
ISIC_0027999,nv,nv,6.335482e-06,0.0039905906,auto_accept,n/a
ISIC_0032122,nv,nv,1.0649113e-08,4.981673e-06,auto_accept,n/a
ISIC_0030493,nv,nv,1.3895134e-07,2.1482736e-05,auto_accept,n/a
ISIC_0032747,nv,nv,0.0016288558,0.05474088,auto_accept,n/a
ISIC_0032894,bcc,bcc,0.00024297707,0.99968684,auto_accept,n/a
ISIC_0030619,nv,nv,3.3470172e-07,5.842904e-06,auto_accept,n/a
ISIC_0032387,nv,nv,0.006952451,0.18620263,escalate,n/a
ISIC_0033530,nv,nv,0.008802385,0.16874243,escalate,n/a
ISIC_0031457,df,df,8.5764036e-08,0.002037183,auto_accept,n/a
ISIC_0028898,mel,nv,0.008452992,0.23370415,escalate,n/a
ISIC_0024603,nv,nv,3.2078482e-10,1.2867562e-08,auto_accept,n/a
ISIC_0026311,bkl,bkl,2.3802609e-06,0.00044003795,auto_accept,n/a
ISIC_0032062,nv,nv,1.1967475e-05,0.0021409325,auto_accept,n/a
ISIC_0033879,nv,nv,1.2355114e-08,4.56554e-09,auto_accept,n/a
ISIC_0032370,nv,nv,4.6544933e-08,2.638104e-06,auto_accept,n/a
ISIC_0034165,bkl,mel,0.0018283867,0.9305551,auto_accept,n/a
ISIC_0026119,nv,nv,1.9975377e-07,1.6715923e-05,auto_accept,n/a
ISIC_0030926,bkl,mel,0.0031896238,0.9283415,auto_accept,n/a
ISIC_0025689,nv,bkl,0.0041941646,6.5975205e-06,escalate,n/a
ISIC_0029004,nv,nv,5.749361e-08,2.2290174e-06,auto_accept,n/a
ISIC_0030470,nv,nv,1.8626175e-05,3.4850516e-06,auto_accept,n/a
ISIC_0034288,nv,mel,0.003603882,0.50241333,escalate,n/a
ISIC_0029186,nv,nv,1.439909e-06,0.00019300108,auto_accept,n/a
ISIC_0028242,nv,nv,4.199821e-09,4.865712e-10,auto_accept,n/a
ISIC_0029743,nv,nv,1.6951882e-08,3.7727834e-06,auto_accept,n/a
ISIC_0032066,nv,nv,0.0001755442,0.011853413,auto_accept,n/a
ISIC_0026079,nv,nv,0.000117385294,9.611568e-07,auto_accept,n/a
ISIC_0024593,nv,nv,0.000109820474,0.0021365616,auto_accept,n/a
ISIC_0033930,nv,nv,1.2738164e-05,0.0014635887,auto_accept,n/a
ISIC_0030298,nv,nv,6.123655e-08,4.110762e-07,auto_accept,n/a
ISIC_0028385,nv,nv,0.0055345003,0.114522345,escalate,n/a
ISIC_0029740,mel,mel,0.0051575624,0.65259504,escalate,n/a
ISIC_0029064,nv,nv,3.6462242e-07,1.029294e-05,auto_accept,n/a
ISIC_0024928,nv,nv,1.2313217e-08,2.2304816e-05,auto_accept,n/a
ISIC_0028536,nv,nv,1.842324e-10,2.189907e-08,auto_accept,n/a
ISIC_0028228,mel,mel,0.0043885494,0.36347434,escalate,n/a
ISIC_0024927,nv,nv,7.722282e-08,1.9772462e-05,auto_accept,n/a
ISIC_0034174,nv,nv,9.634333e-07,0.00019978227,auto_accept,n/a
ISIC_0026211,nv,nv,9.512133e-07,0.00038662893,auto_accept,n/a
ISIC_0024958,mel,mel,1.9062025e-05,0.9936133,auto_accept,n/a
ISIC_0030256,nv,nv,2.9134224e-05,0.00017068177,auto_accept,n/a
ISIC_0025515,bkl,bkl,4.4516515e-08,0.0014980373,auto_accept,n/a
ISIC_0032769,nv,nv,3.3196975e-05,0.0037631856,auto_accept,n/a
ISIC_0025415,nv,nv,4.1323852e-07,0.00013908246,auto_accept,n/a
ISIC_0032194,bcc,bcc,1.7124829e-06,0.99945813,auto_accept,n/a
ISIC_0026452,nv,nv,3.0212177e-05,0.0058448324,auto_accept,n/a
ISIC_0026390,nv,nv,2.2175968e-07,9.051615e-06,auto_accept,n/a
ISIC_0027902,nv,nv,9.852935e-07,0.00021007248,auto_accept,n/a
ISIC_0024607,nv,nv,1.3095927e-06,1.3953746e-05,auto_accept,n/a
ISIC_0032142,nv,nv,6.740047e-11,2.379107e-09,auto_accept,n/a
ISIC_0030639,nv,bcc,0.0009606715,0.5729,auto_accept,n/a
ISIC_0033338,nv,mel,0.0044301036,0.5047888,escalate,n/a
ISIC_0026817,nv,nv,0.00037353978,2.9037851e-06,auto_accept,n/a
ISIC_0028362,nv,nv,1.07232365e-08,1.7387369e-05,auto_accept,n/a
ISIC_0032414,bcc,bkl,1.1910391e-05,0.009117393,auto_accept,n/a
ISIC_0032072,mel,mel,0.0033540647,0.35023975,auto_accept,n/a
ISIC_0025013,nv,nv,3.8266175e-05,0.0028248844,auto_accept,n/a
ISIC_0027767,akiec,bkl,0.00010128676,0.033790067,auto_accept,n/a
ISIC_0024532,nv,nv,2.0122638e-05,5.8831283e-05,auto_accept,n/a
ISIC_0031269,nv,nv,2.5569974e-05,6.8622096e-05,auto_accept,n/a
ISIC_0025961,nv,nv,2.2745018e-05,8.801402e-06,auto_accept,n/a
ISIC_0031603,nv,mel,0.00081803056,0.98789316,auto_accept,n/a
ISIC_0031231,nv,nv,1.0969929e-07,4.732893e-06,auto_accept,n/a
ISIC_0030408,akiec,akiec,0.00010629778,0.98534125,auto_accept,n/a
ISIC_0030353,nv,nv,1.004705e-05,2.3135888e-06,auto_accept,n/a
ISIC_0032479,nv,nv,1.830981e-06,5.1079056e-05,auto_accept,n/a
ISIC_0033975,mel,mel,0.003097893,0.94039476,auto_accept,n/a
ISIC_0030747,mel,nv,8.456919e-05,0.021290204,auto_accept,n/a
ISIC_0032684,mel,mel,7.867313e-06,0.99292314,auto_accept,n/a
ISIC_0034023,nv,nv,0.00036786645,0.010067627,auto_accept,n/a
ISIC_0031092,nv,nv,1.5655298e-06,0.000107149324,auto_accept,n/a
ISIC_0027339,nv,nv,4.2232197e-05,5.158075e-06,auto_accept,n/a
ISIC_0026493,bkl,df,0.004770501,0.010322233,escalate,n/a
ISIC_0033359,nv,mel,0.0058361986,0.72742105,escalate,n/a
ISIC_0030640,nv,nv,0.0012971247,6.870389e-05,auto_accept,n/a
ISIC_0024625,nv,nv,3.5467142e-06,5.765484e-05,auto_accept,n/a
ISIC_0031404,nv,bcc,3.2910527e-06,0.9962437,auto_accept,n/a
ISIC_0026725,nv,nv,1.935989e-06,0.00010623916,auto_accept,n/a
ISIC_0026875,nv,nv,9.466626e-06,5.5901663e-05,auto_accept,n/a
ISIC_0027368,nv,nv,0.000107506676,0.0049487324,auto_accept,n/a
ISIC_0027210,vasc,vasc,0.0002571688,0.06745441,auto_accept,n/a
ISIC_0033155,nv,nv,5.777793e-06,0.00033562313,auto_accept,n/a
ISIC_0027464,nv,nv,6.584756e-08,3.8726677e-05,auto_accept,n/a
ISIC_0025758,bkl,bkl,3.5401965e-05,2.432005e-06,auto_accept,n/a
ISIC_0025939,bkl,akiec,0.0016133016,0.8524667,auto_accept,n/a
ISIC_0028958,bkl,nv,3.051464e-06,0.00016152949,auto_accept,n/a
ISIC_0029882,nv,nv,1.0035357e-09,1.1418695e-09,auto_accept,n/a
ISIC_0027341,nv,nv,1.3454668e-10,1.2325857e-07,auto_accept,n/a
ISIC_0024482,mel,mel,1.2701172e-05,0.99105656,auto_accept,n/a
ISIC_0029074,nv,nv,2.5937023e-08,4.0528627e-07,auto_accept,n/a
ISIC_0034200,nv,nv,6.352865e-05,0.00038250463,auto_accept,n/a
ISIC_0027458,nv,nv,9.9090845e-05,0.0012702667,auto_accept,n/a
ISIC_0031729,nv,nv,5.399311e-07,1.4736809e-06,auto_accept,n/a
ISIC_0027869,nv,nv,4.7756316e-06,6.844024e-08,auto_accept,n/a
ISIC_0033895,nv,nv,7.4565425e-05,0.0009204903,auto_accept,n/a
ISIC_0029437,nv,nv,0.0011614051,0.007884047,auto_accept,n/a
ISIC_0033473,mel,mel,0.00020360097,0.9253056,auto_accept,n/a
ISIC_0026176,nv,nv,2.031408e-09,4.8085713e-08,auto_accept,n/a
ISIC_0028557,nv,nv,0.0017622374,0.19433202,auto_accept,n/a
ISIC_0031192,nv,bkl,8.652211e-06,0.0010553297,auto_accept,n/a
ISIC_0031452,nv,nv,1.1184546e-08,8.2698094e-08,auto_accept,n/a
ISIC_0029871,nv,nv,1.661968e-06,2.092237e-05,auto_accept,n/a
ISIC_0034259,bkl,bkl,0.00033999304,0.34954408,auto_accept,n/a
ISIC_0028880,df,df,0.009236149,0.009428209,escalate,n/a
ISIC_0025474,nv,nv,3.882968e-09,1.3537374e-06,auto_accept,n/a
ISIC_0027976,bcc,bcc,5.312667e-07,0.99881977,auto_accept,n/a
ISIC_0027625,nv,nv,2.9421702e-07,4.9331397e-06,auto_accept,n/a
ISIC_0025361,nv,nv,6.6237576e-06,5.514325e-05,auto_accept,n/a
ISIC_0032288,nv,nv,0.00029434354,2.8015647e-05,auto_accept,n/a
ISIC_0030569,nv,nv,1.05918325e-05,1.4393412e-05,auto_accept,n/a
ISIC_0024755,nv,nv,7.197351e-08,4.1303713e-07,auto_accept,n/a
ISIC_0025995,nv,nv,1.1493888e-05,5.3749773e-06,auto_accept,n/a
ISIC_0025142,nv,nv,1.9987388e-07,1.6134929e-07,auto_accept,n/a
ISIC_0032671,nv,mel,0.0015708348,0.82384837,auto_accept,n/a
ISIC_0024722,nv,nv,0.00013845976,1.4961714e-06,auto_accept,n/a
ISIC_0024768,nv,nv,3.41264e-05,0.002035031,auto_accept,n/a
ISIC_0027538,nv,mel,0.00049374363,0.8650781,auto_accept,n/a
ISIC_0028835,nv,nv,1.0725251e-09,1.312555e-07,auto_accept,n/a
ISIC_0028380,nv,nv,2.0001344e-05,0.0027844978,auto_accept,n/a
ISIC_0026466,akiec,bkl,0.003436321,0.112070665,auto_accept,n/a
ISIC_0031103,vasc,vasc,3.8846553e-09,2.8671628e-05,auto_accept,n/a
ISIC_0028209,bkl,bkl,7.6558845e-06,0.0008791513,auto_accept,n/a
ISIC_0026971,nv,nv,2.5729694e-06,9.824752e-05,auto_accept,n/a
ISIC_0031416,nv,nv,6.1081025e-09,2.909279e-06,auto_accept,n/a
ISIC_0029822,nv,nv,2.669974e-08,1.1770458e-05,auto_accept,n/a
ISIC_0024878,nv,nv,3.981429e-06,0.00013221182,auto_accept,n/a
ISIC_0032426,nv,nv,8.7272576e-07,2.5402455e-06,auto_accept,n/a
ISIC_0027451,bkl,bkl,7.0307133e-06,0.06512671,auto_accept,n/a
ISIC_0026881,nv,nv,2.4023767e-09,5.029571e-09,auto_accept,n/a
ISIC_0031000,bkl,akiec,0.00011344527,0.98828566,auto_accept,n/a
ISIC_0028660,nv,nv,6.7209216e-06,2.2593902e-07,auto_accept,n/a
ISIC_0029626,nv,nv,7.5035794e-05,0.006091352,auto_accept,n/a
ISIC_0033624,mel,bkl,0.006747513,0.38122183,escalate,n/a
ISIC_0026501,nv,nv,8.512231e-06,0.0011515005,auto_accept,n/a
ISIC_0026228,nv,nv,1.7518023e-08,6.0283587e-06,auto_accept,n/a
ISIC_0027136,nv,nv,3.7523307e-05,0.00024679455,auto_accept,n/a
ISIC_0030545,nv,nv,2.0268393e-05,0.00019300402,auto_accept,n/a
ISIC_0032972,bkl,bkl,0.00041579964,0.000114643524,auto_accept,n/a
ISIC_0026696,nv,nv,5.8320104e-08,4.2735172e-07,auto_accept,n/a
ISIC_0029220,bcc,bcc,0.00020515344,0.9992494,auto_accept,n/a
ISIC_0033815,nv,nv,4.334513e-05,0.014597605,auto_accept,n/a
ISIC_0025768,nv,nv,1.2932159e-07,3.7330025e-08,auto_accept,n/a
ISIC_0026772,nv,nv,8.830568e-06,2.2350554e-05,auto_accept,n/a
ISIC_0029988,nv,nv,2.7939992e-10,1.221231e-08,auto_accept,n/a
ISIC_0030070,vasc,vasc,0.001812065,0.0001228086,auto_accept,n/a
ISIC_0033573,mel,mel,0.0044678063,0.5383372,escalate,n/a
ISIC_0028587,bkl,bkl,4.751481e-10,5.8784964e-05,auto_accept,n/a
ISIC_0032130,nv,nv,4.5123962e-09,3.9787435e-07,auto_accept,n/a
ISIC_0034278,nv,nv,9.4676514e-05,0.007020512,auto_accept,n/a
ISIC_0028523,nv,nv,1.3861707e-07,7.5250234e-08,auto_accept,n/a
ISIC_0024621,nv,nv,1.4373886e-07,5.12598e-05,auto_accept,n/a
ISIC_0024753,nv,nv,3.0722394e-08,1.6759082e-05,auto_accept,n/a
ISIC_0027156,nv,nv,0.00054464216,0.0061589982,auto_accept,n/a
ISIC_0028629,nv,nv,1.8011853e-07,3.543517e-05,auto_accept,n/a
ISIC_0026242,nv,nv,0.00032706856,2.7443491e-05,auto_accept,n/a
ISIC_0029566,nv,nv,4.2692755e-06,0.001004447,auto_accept,n/a
ISIC_0024394,nv,nv,2.255986e-09,3.16013e-06,auto_accept,n/a
ISIC_0026314,mel,nv,2.7282367e-05,0.0066950573,auto_accept,n/a
ISIC_0024510,nv,nv,2.4943224e-06,5.0987596e-06,auto_accept,n/a
ISIC_0033482,bkl,bkl,4.3416258e-05,0.19550787,auto_accept,n/a
ISIC_0024861,nv,nv,1.8913384e-05,0.0011210686,auto_accept,n/a
ISIC_0028570,bcc,bcc,3.1324977e-05,0.99331975,auto_accept,n/a
ISIC_0031561,mel,mel,1.748912e-05,0.9923706,auto_accept,n/a
ISIC_0029606,mel,mel,3.919427e-05,0.98409677,auto_accept,n/a
ISIC_0027314,nv,nv,3.3821334e-07,4.1823593e-08,auto_accept,n/a
ISIC_0031689,nv,nv,3.397056e-10,1.6512959e-07,auto_accept,n/a
ISIC_0031664,nv,nv,1.1705454e-08,1.7415081e-05,auto_accept,n/a
ISIC_0025125,nv,nv,0.0033111798,0.00022682764,auto_accept,n/a
ISIC_0025348,nv,nv,7.645893e-06,2.683499e-07,auto_accept,n/a
ISIC_0027092,nv,nv,7.880396e-08,8.193587e-06,auto_accept,n/a
ISIC_0033974,nv,nv,0.00048182724,0.03959209,auto_accept,n/a
ISIC_0024356,nv,nv,0.001964242,0.05846783,auto_accept,n/a
ISIC_0031186,mel,mel,0.0029473521,0.93791443,auto_accept,n/a
ISIC_0026062,nv,nv,2.6152345e-06,0.00014771405,auto_accept,n/a
ISIC_0033591,vasc,vasc,2.4228737e-05,0.015653007,auto_accept,n/a
ISIC_0025392,bkl,bkl,0.010353163,2.1600672e-06,escalate,n/a
ISIC_0032873,mel,mel,0.0012626478,0.976598,auto_accept,n/a
ISIC_0032630,mel,mel,2.0982698e-05,0.99124324,auto_accept,n/a
ISIC_0033901,mel,mel,1.795798e-05,0.99551576,auto_accept,n/a
ISIC_0026961,bkl,bkl,5.5074197e-05,0.06159966,auto_accept,n/a
ISIC_0029375,nv,nv,9.542465e-07,7.447131e-05,auto_accept,n/a
ISIC_0029110,nv,nv,1.8949655e-07,2.2199524e-06,auto_accept,n/a
ISIC_0026595,nv,nv,2.0117644e-08,3.240091e-06,auto_accept,n/a
ISIC_0033172,nv,nv,4.7509715e-05,0.0055729263,auto_accept,n/a
ISIC_0028091,nv,nv,3.0500236e-05,0.0031737871,auto_accept,n/a
ISIC_0029145,nv,nv,0.00090318563,0.0026475566,auto_accept,n/a
ISIC_0026114,nv,nv,1.0130763e-08,9.807535e-07,auto_accept,n/a
ISIC_0032216,nv,nv,3.2957932e-09,1.4732459e-08,auto_accept,n/a
ISIC_0033888,nv,nv,0.0014322186,0.024123916,auto_accept,n/a
ISIC_0033801,mel,nv,6.992228e-06,0.0016534203,auto_accept,n/a
ISIC_0032391,nv,nv,1.7668577e-06,1.9794564e-07,auto_accept,n/a
ISIC_0028761,nv,nv,0.0022144727,0.009483491,auto_accept,n/a
ISIC_0030590,nv,nv,1.7040999e-06,0.000204013,auto_accept,n/a
ISIC_0030686,nv,nv,1.0076141e-06,9.67013e-06,auto_accept,n/a
ISIC_0031602,nv,bkl,0.0056643924,0.3458035,escalate,n/a
ISIC_0032024,bkl,akiec,2.1887943e-06,0.9983473,auto_accept,n/a
ISIC_0033885,mel,bkl,0.0057027233,0.46490029,escalate,n/a
ISIC_0025935,nv,nv,3.980562e-06,2.7118963e-06,auto_accept,n/a
ISIC_0026750,nv,nv,2.565494e-08,1.181828e-06,auto_accept,n/a
ISIC_0030762,nv,nv,1.6432702e-08,9.602482e-06,auto_accept,n/a
ISIC_0026982,nv,nv,2.7511094e-08,8.801504e-06,auto_accept,n/a
ISIC_0024383,bkl,bkl,5.1265565e-09,2.5945648e-05,auto_accept,n/a
ISIC_0033706,nv,nv,0.0025117781,0.0796256,auto_accept,n/a
ISIC_0029068,bkl,akiec,0.0029355395,0.98085326,auto_accept,n/a
ISIC_0033187,nv,nv,0.0029553832,0.122559234,auto_accept,n/a
ISIC_0025576,bcc,bcc,1.46945505e-08,0.999183,auto_accept,n/a
ISIC_0028740,nv,nv,1.3618793e-08,6.097508e-07,auto_accept,n/a
ISIC_0031893,bkl,bkl,1.855134e-05,0.0015236302,auto_accept,n/a
ISIC_0029044,nv,nv,8.141569e-05,1.0076124e-06,auto_accept,n/a
ISIC_0027593,nv,nv,7.9938145e-06,1.5885775e-05,auto_accept,n/a
ISIC_0025852,nv,nv,1.4422992e-07,2.8024142e-05,auto_accept,n/a
ISIC_0025708,mel,nv,0.0007948458,0.033607773,auto_accept,n/a
ISIC_0029643,nv,nv,1.2883262e-07,4.877788e-07,auto_accept,n/a
ISIC_0030097,nv,nv,9.775215e-11,1.0773112e-08,auto_accept,n/a
