image_id,true_label,predicted_label,uncertainty_score,risk_score,decision,category
ISIC_0032784,nv,mel,0.19407874,0.94527715,auto_accept,n/a
ISIC_0025546,mel,mel,0.8035171,0.5170022,auto_accept,n/a
ISIC_0031382,nv,nv,0.9042499,8.534405e-06,escalate,n/a
ISIC_0025947,nv,nv,0.018161356,0.00057956553,auto_accept,n/a
ISIC_0027038,bcc,bcc,0.086550415,0.99560505,auto_accept,n/a
ISIC_0032879,mel,akiec,0.5422316,0.96573776,auto_accept,n/a
ISIC_0029691,nv,nv,0.027558625,0.0006775476,auto_accept,n/a
ISIC_0031732,nv,nv,0.032196045,0.003519936,auto_accept,n/a
ISIC_0026035,nv,nv,0.01215744,0.00020293664,auto_accept,n/a
ISIC_0026646,nv,nv,0.9260233,0.0002232243,escalate,n/a
ISIC_0028370,akiec,akiec,0.0001257062,0.9997229,auto_accept,n/a
ISIC_0033696,mel,mel,0.14069742,0.9766291,auto_accept,n/a
ISIC_0028474,nv,nv,0.0045171976,5.1857234e-05,auto_accept,n/a
ISIC_0032449,nv,nv,0.076263905,0.0154984165,auto_accept,n/a
ISIC_0029682,bkl,mel,0.32746828,0.77404714,auto_accept,n/a
ISIC_0028064,nv,nv,0.32237637,3.3816363e-05,auto_accept,n/a
ISIC_0028013,nv,nv,0.12521929,0.004980653,auto_accept,n/a
ISIC_0027971,nv,nv,0.07963961,0.00035084106,auto_accept,n/a
ISIC_0028338,nv,nv,0.18940812,0.008470004,auto_accept,n/a
ISIC_0033056,bkl,bkl,0.1334629,0.021349052,auto_accept,n/a
ISIC_0032976,mel,mel,0.42899084,0.74658936,auto_accept,n/a
ISIC_0024341,nv,nv,0.011578262,4.233174e-05,auto_accept,n/a
ISIC_0032201,nv,nv,0.08514917,0.0011140094,auto_accept,n/a
ISIC_0032229,nv,nv,0.6618444,8.8509965e-05,auto_accept,n/a
ISIC_0033869,akiec,bkl,0.9470998,0.38378257,escalate,n/a
ISIC_0027741,nv,nv,0.038458288,8.3148734e-05,auto_accept,n/a
ISIC_0025753,bkl,bkl,0.1918391,0.06597978,auto_accept,n/a
ISIC_0029222,nv,nv,0.48611927,0.115920715,auto_accept,n/a
ISIC_0032952,nv,nv,0.2195183,0.12334987,auto_accept,n/a
ISIC_0025254,nv,mel,0.6772188,0.5009806,auto_accept,n/a
ISIC_0028439,nv,nv,0.0093435645,0.0005521859,auto_accept,n/a
ISIC_0028692,nv,nv,0.18900144,0.100838125,auto_accept,n/a
ISIC_0033926,nv,mel,0.4814796,0.6981343,auto_accept,n/a
ISIC_0026122,nv,nv,0.022702813,0.0016002161,auto_accept,n/a
ISIC_0026512,nv,mel,0.11543703,0.9368459,auto_accept,n/a
ISIC_0034227,nv,mel,0.4800887,0.77113336,auto_accept,n/a
ISIC_0033861,nv,mel,0.879436,0.27357656,escalate,n/a
ISIC_0025513,bcc,nv,0.8112152,0.18243274,auto_accept,n/a
ISIC_0029941,nv,nv,0.0046357512,7.124487e-05,auto_accept,n/a
ISIC_0030063,nv,nv,0.06960058,0.0059467494,auto_accept,n/a
ISIC_0025626,nv,nv,0.04063201,0.002319035,auto_accept,n/a
ISIC_0024819,nv,df,0.55224574,6.597484e-05,auto_accept,n/a
ISIC_0029490,nv,nv,0.011167645,0.0010421169,auto_accept,n/a
ISIC_0026783,bkl,nv,0.9233607,0.14242569,escalate,n/a
ISIC_0033148,nv,nv,0.020510614,0.002906681,auto_accept,n/a
ISIC_0031905,nv,nv,0.7432747,0.2292469,auto_accept,n/a
ISIC_0025992,akiec,akiec,0.005968511,0.9773416,auto_accept,n/a
ISIC_0033665,nv,nv,0.68269384,0.018302096,auto_accept,n/a
ISIC_0034072,nv,df,0.30549365,0.25236252,auto_accept,n/a
ISIC_0025427,akiec,akiec,0.31593323,0.89686596,auto_accept,n/a
ISIC_0028213,nv,nv,0.46273237,0.0015052662,auto_accept,n/a
ISIC_0032196,nv,nv,0.13919187,0.00042205257,auto_accept,n/a
ISIC_0032137,nv,nv,0.040493965,0.0009540729,auto_accept,n/a
ISIC_0026630,nv,nv,0.024767458,9.103093e-05,auto_accept,n/a
ISIC_0026073,nv,nv,0.03574121,0.0047460333,auto_accept,n/a
ISIC_0024566,nv,bcc,0.15689957,0.91211814,auto_accept,n/a
ISIC_0029602,bcc,bcc,0.103987694,0.975473,auto_accept,n/a
ISIC_0026247,mel,nv,0.31832325,0.0969813,auto_accept,n/a
ISIC_0030499,nv,nv,0.0032013059,9.451199e-05,auto_accept,n/a
ISIC_0028000,nv,nv,0.035535574,0.010838992,auto_accept,n/a
ISIC_0028577,bcc,bcc,0.54336846,0.4781931,auto_accept,n/a
ISIC_0029314,nv,nv,0.17813444,0.032469735,auto_accept,n/a
ISIC_0025398,nv,nv,0.035455823,0.00024416434,auto_accept,n/a
ISIC_0027898,nv,vasc,0.038924754,0.07244134,auto_accept,n/a
ISIC_0028066,nv,nv,0.6172918,0.10527482,auto_accept,n/a
ISIC_0026344,nv,nv,0.056268692,0.0023078748,auto_accept,n/a
ISIC_0029148,nv,nv,0.029182136,0.00028594508,auto_accept,n/a
ISIC_0031394,bkl,akiec,0.52356887,0.9092254,auto_accept,n/a
ISIC_0024806,mel,mel,0.47957265,0.6817186,auto_accept,n/a
ISIC_0026234,nv,nv,0.04978901,0.0005132963,auto_accept,n/a
ISIC_0029986,nv,mel,0.37571895,0.90395904,auto_accept,n/a
ISIC_0031226,bkl,nv,0.051285684,1.5257072e-05,auto_accept,n/a
ISIC_0030780,nv,nv,0.022962928,0.00027155795,auto_accept,n/a
ISIC_0029910,nv,nv,0.07748115,0.00023375129,auto_accept,n/a
ISIC_0032816,bcc,mel,0.9730444,0.64275074,escalate,n/a
ISIC_0029857,bcc,bcc,0.009591937,0.9944141,auto_accept,n/a
ISIC_0026218,nv,nv,0.9428297,0.48410964,escalate,n/a
ISIC_0029295,nv,nv,0.12763435,1.8699177e-05,auto_accept,n/a
ISIC_0033366,bcc,bcc,0.05012697,0.96446246,auto_accept,n/a
ISIC_0028432,nv,nv,0.026251376,8.6717104e-05,auto_accept,n/a
ISIC_0032791,nv,nv,0.19792646,0.020709284,auto_accept,n/a
ISIC_0029831,bcc,bcc,0.2658435,0.99490404,auto_accept,n/a
ISIC_0026561,nv,nv,0.12522262,0.028953565,auto_accept,n/a
ISIC_0032069,nv,nv,0.03527236,8.621752e-05,auto_accept,n/a
ISIC_0027637,nv,nv,0.095926285,0.0010277635,auto_accept,n/a
ISIC_0032800,nv,nv,0.019156039,0.0003343445,auto_accept,n/a
ISIC_0028493,mel,bkl,0.5104562,0.14458123,auto_accept,n/a
ISIC_0030947,nv,nv,0.02125752,0.0036307059,auto_accept,n/a
ISIC_0033411,nv,nv,0.17474031,0.012272287,auto_accept,n/a
ISIC_0027630,nv,nv,0.039445996,0.0045560943,auto_accept,n/a
ISIC_0032120,nv,nv,0.0045406222,6.3978428e-06,auto_accept,n/a
ISIC_0033164,nv,nv,0.13560116,0.0010282192,auto_accept,n/a
ISIC_0030335,bcc,bcc,0.010145009,0.82038075,auto_accept,n/a
ISIC_0029323,bcc,bcc,0.034798384,0.996351,auto_accept,n/a
ISIC_0026052,nv,nv,0.33466494,0.0848434,auto_accept,n/a
ISIC_0031610,nv,nv,0.03348726,0.0048868805,auto_accept,n/a
ISIC_0028676,nv,nv,0.030781865,0.0037851266,auto_accept,n/a
ISIC_0032232,mel,nv,0.751696,0.3792095,auto_accept,n/a
ISIC_0026383,nv,nv,0.08477688,0.00010424116,auto_accept,n/a
ISIC_0032738,nv,nv,0.9740207,0.33094117,escalate,n/a
ISIC_0033496,mel,mel,0.9431646,0.3674542,escalate,n/a
ISIC_0032913,mel,mel,0.60002714,0.5242524,auto_accept,n/a
ISIC_0025514,nv,nv,0.015572131,0.0007151977,auto_accept,n/a
ISIC_0031364,nv,nv,0.037839115,0.00048215978,auto_accept,n/a
ISIC_0032265,mel,mel,0.8655181,0.41189805,escalate,n/a
ISIC_0032491,nv,nv,0.02460879,0.0014021858,auto_accept,n/a
ISIC_0033119,nv,nv,0.68228173,0.17961256,auto_accept,n/a
ISIC_0026212,akiec,akiec,0.0021028519,0.99762577,auto_accept,n/a
ISIC_0029500,akiec,akiec,0.00041675568,0.99945503,auto_accept,n/a
ISIC_0026930,mel,nv,0.9717775,0.50627166,escalate,n/a
ISIC_0024474,nv,nv,0.1703183,0.04328915,auto_accept,n/a
ISIC_0027659,mel,bkl,0.90453315,0.027684493,escalate,n/a
ISIC_0033922,nv,nv,0.57258093,0.28312328,auto_accept,n/a
ISIC_0029024,nv,nv,0.039498985,0.00053679314,auto_accept,n/a
ISIC_0028430,nv,nv,0.37503457,0.02363624,auto_accept,n/a
ISIC_0028327,nv,df,0.9090507,0.00028057484,escalate,n/a
ISIC_0032661,nv,nv,0.1954515,0.023952784,auto_accept,n/a
ISIC_0031956,nv,nv,0.060124755,0.00049973844,auto_accept,n/a
ISIC_0024826,nv,nv,0.013356566,0.00016952014,auto_accept,n/a
ISIC_0030797,nv,nv,0.5465143,0.27669576,auto_accept,n/a
ISIC_0025969,nv,nv,0.047302425,0.0003440936,auto_accept,n/a
ISIC_0030329,bkl,bkl,0.1127612,0.0055978554,auto_accept,n/a
ISIC_0030406,nv,nv,0.31389683,0.012583225,auto_accept,n/a
ISIC_0028817,nv,df,0.8083964,0.00045937535,auto_accept,n/a
ISIC_0027119,nv,nv,0.059592545,0.004167744,auto_accept,n/a
ISIC_0031860,nv,nv,0.29259014,0.034578577,auto_accept,n/a
ISIC_0025681,nv,bkl,0.9558076,0.2659318,escalate,n/a
ISIC_0030761,nv,nv,0.1333664,0.018923515,auto_accept,n/a
ISIC_0026475,mel,nv,0.2296598,0.020891814,auto_accept,n/a
ISIC_0032877,bkl,bkl,0.24986893,0.021961043,auto_accept,n/a
ISIC_0031635,nv,nv,0.075063646,0.027106123,auto_accept,n/a
ISIC_0031707,bkl,nv,0.6099675,0.26888672,auto_accept,n/a
ISIC_0024894,nv,nv,0.008161366,2.0772131e-05,auto_accept,n/a
ISIC_0033821,nv,nv,0.8568044,0.22898597,escalate,n/a
ISIC_0029231,nv,df,0.3118711,0.01634365,auto_accept,n/a
ISIC_0026572,nv,nv,0.004939437,0.00020703925,auto_accept,n/a
ISIC_0024462,nv,nv,0.019190788,0.0051529678,auto_accept,n/a
ISIC_0031882,nv,nv,0.047091603,0.00010256222,auto_accept,n/a
ISIC_0032899,nv,nv,0.5346588,0.33077368,auto_accept,n/a
ISIC_0025839,nv,nv,0.010388076,0.00028376,auto_accept,n/a
ISIC_0033347,nv,nv,0.062910676,0.006581882,auto_accept,n/a
ISIC_0025313,mel,nv,0.31527358,0.041226383,auto_accept,n/a
ISIC_0024992,nv,nv,0.089381635,0.0013474381,auto_accept,n/a
ISIC_0030496,nv,nv,0.18446755,0.03877775,auto_accept,n/a
ISIC_0026942,nv,nv,0.7813427,0.006281164,auto_accept,n/a
ISIC_0025252,nv,nv,0.11301148,0.012384205,auto_accept,n/a
ISIC_0026592,nv,nv,0.1751287,0.00496089,auto_accept,n/a
ISIC_0026746,mel,mel,0.4330755,0.7846116,auto_accept,n/a
ISIC_0031997,nv,nv,0.50745386,0.21354806,auto_accept,n/a
ISIC_0030573,nv,nv,0.02073288,0.00034562568,auto_accept,n/a
ISIC_0028192,nv,nv,0.051680326,0.00019651682,auto_accept,n/a
ISIC_0025008,nv,df,0.19267142,0.030405441,auto_accept,n/a
ISIC_0027493,nv,nv,0.004167497,0.00020166377,auto_accept,n/a
ISIC_0028099,nv,nv,0.00978446,0.00048367874,auto_accept,n/a
ISIC_0028908,nv,nv,0.04851204,0.0016180468,auto_accept,n/a
ISIC_0024624,mel,mel,0.30660546,0.7790238,auto_accept,n/a
ISIC_0025380,nv,nv,0.03995484,0.0016141583,auto_accept,n/a
ISIC_0032819,nv,nv,0.67684543,0.36384344,auto_accept,n/a
ISIC_0024868,nv,nv,0.021328866,0.0007021156,auto_accept,n/a
ISIC_0025974,nv,nv,0.042867362,0.00040279786,auto_accept,n/a
ISIC_0032464,nv,nv,0.057230234,0.0012621413,auto_accept,n/a
ISIC_0027800,nv,nv,0.103135645,0.017889336,auto_accept,n/a
ISIC_0026733,nv,nv,0.22704357,0.0070119346,auto_accept,n/a
ISIC_0027925,nv,nv,0.29481035,0.029928267,auto_accept,n/a
ISIC_0030150,mel,mel,0.4707306,0.7573137,auto_accept,n/a
ISIC_0025645,nv,nv,0.025175333,0.0020972465,auto_accept,n/a
ISIC_0031374,nv,mel,0.76134634,0.47911492,auto_accept,n/a
ISIC_0025720,nv,df,0.65246546,0.00013338566,auto_accept,n/a
ISIC_0033213,nv,nv,0.28447807,0.038369905,auto_accept,n/a
ISIC_0030698,bkl,nv,0.73524773,0.0004300376,auto_accept,n/a
ISIC_0028827,nv,nv,0.20430374,0.00027963534,auto_accept,n/a
ISIC_0025275,bkl,vasc,0.07615948,0.022168119,auto_accept,n/a
ISIC_0026213,bcc,bcc,0.015862465,0.998835,auto_accept,n/a
ISIC_0030178,nv,nv,0.014285982,0.001413373,auto_accept,n/a
ISIC_0031518,nv,nv,0.810214,0.15783074,auto_accept,n/a
ISIC_0027051,nv,bkl,0.9587822,0.22625627,escalate,n/a
ISIC_0029460,akiec,akiec,0.8070178,0.4200722,auto_accept,n/a
ISIC_0026425,nv,nv,0.011085749,0.0002231915,auto_accept,n/a
ISIC_0026489,mel,bcc,0.9945586,0.67802244,escalate,n/a
ISIC_0025266,bcc,bcc,0.044561684,0.9816306,auto_accept,n/a
ISIC_0025683,nv,bcc,0.09536564,0.97465837,auto_accept,n/a
ISIC_0028965,mel,mel,0.04485017,0.9665973,auto_accept,n/a
ISIC_0024668,nv,nv,0.7280507,0.37340975,auto_accept,n/a
ISIC_0029376,nv,nv,0.026552916,0.00038797993,auto_accept,n/a
ISIC_0027001,nv,nv,0.010412276,5.1349874e-05,auto_accept,n/a
ISIC_0029816,nv,nv,0.011267006,0.00054526515,auto_accept,n/a
ISIC_0033335,nv,nv,0.2282123,0.043339632,auto_accept,n/a
ISIC_0026323,nv,mel,0.96812606,0.5347615,escalate,n/a
ISIC_0033689,nv,nv,0.58665127,0.09085051,auto_accept,n/a
ISIC_0025672,nv,bcc,0.42487288,0.4577408,auto_accept,n/a
ISIC_0026013,nv,vasc,0.016144097,5.9848016e-06,auto_accept,n/a
ISIC_0031952,nv,df,0.2557925,0.12985957,auto_accept,n/a
ISIC_0028456,nv,nv,0.013659298,0.00011059124,auto_accept,n/a
ISIC_0029556,nv,nv,0.011315882,1.1166221e-05,auto_accept,n/a
ISIC_0031328,nv,df,0.3060186,0.00028159932,auto_accept,n/a
ISIC_0030953,akiec,akiec,0.9440713,0.9115973,escalate,n/a
ISIC_0024308,nv,nv,0.50935626,0.21732779,auto_accept,n/a
ISIC_0026731,nv,nv,0.0057997108,1.647926e-05,auto_accept,n/a
ISIC_0024520,nv,nv,0.07785833,0.012209852,auto_accept,n/a
ISIC_0028269,nv,nv,0.016809046,3.3610377e-05,auto_accept,n/a
ISIC_0032191,nv,akiec,0.8953873,0.83067375,escalate,n/a
ISIC_0028075,mel,mel,0.54050875,0.9754376,auto_accept,n/a
ISIC_0032427,nv,nv,0.040804327,0.0016013827,auto_accept,n/a
ISIC_0028929,mel,mel,0.32662624,0.86775786,auto_accept,n/a
ISIC_0026435,nv,nv,0.005167544,7.819637e-05,auto_accept,n/a
ISIC_0029755,bcc,bcc,0.0013916492,0.9985726,auto_accept,n/a
ISIC_0031228,akiec,akiec,0.0013226271,0.997813,auto_accept,n/a
ISIC_0027684,nv,mel,0.2135235,0.8904287,auto_accept,n/a
ISIC_0028826,bkl,bkl,0.8911428,6.715159e-05,escalate,n/a
ISIC_0024410,mel,nv,0.43268538,0.08432574,auto_accept,n/a
ISIC_0032316,bcc,bcc,0.008015871,0.9939213,auto_accept,n/a
ISIC_0033484,nv,df,0.0021294355,0.00013616092,auto_accept,n/a
ISIC_0033768,nv,nv,0.73200643,0.08723368,auto_accept,n/a
ISIC_0032298,nv,nv,0.029600859,8.333783e-05,auto_accept,n/a
ISIC_0030003,nv,nv,0.08303714,0.01270047,auto_accept,n/a
ISIC_0028830,bkl,bkl,0.44106913,0.3795328,auto_accept,n/a
ISIC_0028464,nv,mel,0.91084385,0.6744848,escalate,n/a
ISIC_0028571,nv,mel,0.44896686,0.7822203,auto_accept,n/a
ISIC_0024347,nv,nv,0.0062164664,0.00092729845,auto_accept,n/a
ISIC_0026618,nv,nv,0.3349731,0.014023015,auto_accept,n/a
ISIC_0028805,nv,nv,0.026894033,7.887773e-05,auto_accept,n/a
ISIC_0033226,mel,mel,0.8640009,0.4367558,escalate,n/a
ISIC_0031752,nv,nv,0.050245106,0.0014841104,auto_accept,n/a
ISIC_0025871,nv,nv,0.3080927,0.09892741,auto_accept,n/a
ISIC_0025147,nv,nv,0.037757993,0.0006913528,auto_accept,n/a
ISIC_0026781,nv,nv,0.3626309,0.03595369,auto_accept,n/a
ISIC_0032851,nv,nv,0.20332778,0.061720695,auto_accept,n/a
ISIC_0025406,nv,nv,0.41344488,0.0029242411,auto_accept,n/a
ISIC_0026704,bkl,bkl,0.8015166,0.43563053,auto_accept,n/a
ISIC_0028710,bkl,bkl,0.7381168,0.4931994,auto_accept,n/a
ISIC_0027724,nv,nv,0.18626845,0.023898756,auto_accept,n/a
ISIC_0026159,bkl,akiec,0.62800634,0.85290253,auto_accept,n/a
ISIC_0033667,nv,nv,0.5932239,0.07293977,auto_accept,n/a
ISIC_0031113,nv,nv,0.037781596,0.013186282,auto_accept,n/a
ISIC_0025561,nv,nv,0.33215356,0.0096358545,auto_accept,n/a
ISIC_0027417,nv,nv,0.01983875,0.00029167332,auto_accept,n/a
ISIC_0030142,akiec,akiec,0.6425273,0.8224338,auto_accept,n/a
ISIC_0033437,bkl,nv,0.81911856,0.1668903,auto_accept,n/a
ISIC_0025831,akiec,bcc,0.06756258,0.97123927,auto_accept,n/a
ISIC_0033490,bkl,bkl,0.059062243,0.00019111778,auto_accept,n/a
ISIC_0033989,nv,nv,0.07100892,0.0016608828,auto_accept,n/a
ISIC_0031640,bcc,akiec,0.63456625,0.93375754,auto_accept,n/a
ISIC_0034191,nv,nv,0.052854896,0.008438434,auto_accept,n/a
ISIC_0029688,nv,nv,0.07951039,0.04445794,auto_accept,n/a
ISIC_0028337,nv,nv,0.02022028,1.9716485e-05,auto_accept,n/a
ISIC_0033092,vasc,vasc,0.0006622672,0.00050847477,auto_accept,n/a
ISIC_0032419,nv,nv,0.00550884,0.00095028034,auto_accept,n/a
ISIC_0024457,bcc,mel,0.16188699,0.9786603,auto_accept,n/a
ISIC_0030361,nv,nv,0.2972731,0.09319081,auto_accept,n/a
ISIC_0025595,nv,nv,0.010080695,0.00013534323,auto_accept,n/a
ISIC_0028274,nv,nv,0.16260558,0.005866339,auto_accept,n/a
ISIC_0031575,nv,nv,0.005726874,3.3554847e-05,auto_accept,n/a
ISIC_0025517,nv,nv,0.05282128,0.014609354,auto_accept,n/a
ISIC_0029815,nv,nv,0.021510184,0.00080991106,auto_accept,n/a
ISIC_0028870,nv,vasc,0.010010242,0.0005940591,auto_accept,n/a
ISIC_0031717,nv,nv,0.054419816,0.01135318,auto_accept,n/a
ISIC_0028600,nv,nv,0.98302567,0.049052373,escalate,n/a
ISIC_0032710,nv,mel,0.25651795,0.9158483,auto_accept,n/a
ISIC_0033601,bkl,bkl,0.6031988,0.005807871,auto_accept,n/a
ISIC_0029442,nv,nv,0.062424958,0.0037165014,auto_accept,n/a
ISIC_0029282,nv,nv,0.041060627,0.003976608,auto_accept,n/a
ISIC_0028299,nv,bkl,0.81397,0.00033971542,auto_accept,n/a
ISIC_0033151,akiec,bkl,0.34227306,0.14502978,auto_accept,n/a
ISIC_0033772,nv,mel,0.10519457,0.9262031,auto_accept,n/a
ISIC_0031816,nv,nv,0.012454987,3.6009274e-05,auto_accept,n/a
ISIC_0031327,nv,nv,0.039312363,0.00011118263,auto_accept,n/a
ISIC_0028907,nv,nv,0.060368776,0.00023624639,auto_accept,n/a
ISIC_0030053,nv,nv,0.34693646,0.1995172,auto_accept,n/a
ISIC_0029607,nv,nv,0.015851974,0.00031941335,auto_accept,n/a
ISIC_0025812,nv,bkl,0.88477635,0.015215006,escalate,n/a
ISIC_0025175,nv,nv,0.84046495,0.00023195054,escalate,n/a
ISIC_0031654,nv,nv,0.99613297,0.07345723,escalate,n/a
ISIC_0028961,nv,nv,0.22661078,0.002175587,auto_accept,n/a
ISIC_0024335,nv,nv,0.008280814,0.000601497,auto_accept,n/a
ISIC_0026797,nv,nv,0.019270718,6.626943e-05,auto_accept,n/a
ISIC_0030636,bkl,bkl,0.040437937,0.004991441,auto_accept,n/a
ISIC_0031115,nv,nv,0.73517543,0.30538002,auto_accept,n/a
ISIC_0027959,nv,mel,0.7893098,0.5733269,auto_accept,n/a
ISIC_0027813,nv,nv,0.058988214,0.0074503687,auto_accept,n/a
ISIC_0028938,nv,nv,0.7327525,0.01958939,auto_accept,n/a
ISIC_0025965,nv,nv,0.30216557,0.0052252365,auto_accept,n/a
ISIC_0024656,nv,nv,0.33258379,0.000522479,auto_accept,n/a
ISIC_0034212,nv,nv,0.13020444,0.015085461,auto_accept,n/a
ISIC_0031850,nv,nv,0.10992974,0.0001873594,auto_accept,n/a
ISIC_0029788,nv,nv,0.013737619,0.00031639045,auto_accept,n/a
ISIC_0028755,nv,nv,0.8396367,0.008157781,escalate,n/a
ISIC_0032675,bkl,bkl,0.96544933,0.17728202,escalate,n/a
ISIC_0029321,nv,nv,0.104121685,0.0014854817,auto_accept,n/a
ISIC_0024763,akiec,akiec,0.0019180775,0.9985499,auto_accept,n/a
ISIC_0025715,nv,nv,0.015375912,0.00044705858,auto_accept,n/a
ISIC_0034182,nv,nv,0.6451115,0.115568526,auto_accept,n/a
ISIC_0025896,nv,nv,0.080055654,0.0035783655,auto_accept,n/a
ISIC_0032999,nv,nv,0.3835714,0.012363921,auto_accept,n/a
ISIC_0029833,nv,nv,0.83831394,0.09861019,escalate,n/a
ISIC_0033807,mel,nv,0.948662,0.06486887,escalate,n/a
ISIC_0033367,nv,df,0.06349009,0.04100273,auto_accept,n/a
ISIC_0028857,nv,nv,0.2972858,0.06106458,auto_accept,n/a
ISIC_0033177,nv,nv,0.35273492,0.08917432,auto_accept,n/a
ISIC_0034109,nv,nv,0.048731208,0.011824961,auto_accept,n/a
ISIC_0025428,nv,bcc,0.9893601,0.743693,escalate,n/a
ISIC_0032859,nv,nv,0.5411358,0.089649186,auto_accept,n/a
ISIC_0031088,bkl,bkl,0.6064549,0.000118467615,auto_accept,n/a
ISIC_0026653,nv,nv,0.7570621,0.017439757,auto_accept,n/a
ISIC_0028134,nv,nv,0.0075439215,0.0009710833,auto_accept,n/a
ISIC_0024929,mel,mel,0.14552057,0.91551834,auto_accept,n/a
ISIC_0025669,nv,nv,0.13835502,0.00014756691,auto_accept,n/a
ISIC_0024648,nv,nv,0.07345134,0.0006699449,auto_accept,n/a
ISIC_0032368,nv,nv,0.07549214,0.008458586,auto_accept,n/a
ISIC_0031488,nv,mel,0.967196,0.54176027,escalate,n/a
ISIC_0031813,nv,nv,0.64455223,0.37977195,auto_accept,n/a
ISIC_0032606,nv,nv,0.51569545,0.013596845,auto_accept,n/a
ISIC_0025508,nv,nv,0.006616771,0.00014688831,auto_accept,n/a
ISIC_0030745,nv,nv,0.06496668,0.015227078,auto_accept,n/a
ISIC_0033080,nv,nv,0.8179393,0.3215101,auto_accept,n/a
ISIC_0024485,nv,nv,0.090278566,0.00038081332,auto_accept,n/a
ISIC_0027099,nv,bkl,0.8452484,0.08047554,escalate,n/a
ISIC_0025019,bcc,bcc,0.3668788,0.9832501,auto_accept,n/a
ISIC_0029213,bkl,bkl,0.31422973,0.08393604,auto_accept,n/a
ISIC_0027508,nv,nv,0.018656194,0.00049903133,auto_accept,n/a
ISIC_0030186,nv,nv,0.05134368,0.0023887258,auto_accept,n/a
ISIC_0025055,nv,nv,0.03810823,0.0050949673,auto_accept,n/a
ISIC_0031148,nv,mel,0.8071758,0.6102225,auto_accept,n/a
ISIC_0025289,nv,vasc,0.06421381,0.004519524,auto_accept,n/a
ISIC_0033385,nv,bkl,0.6653389,0.1323159,auto_accept,n/a
ISIC_0024956,nv,nv,0.025396049,0.00059641036,auto_accept,n/a
ISIC_0030136,nv,nv,0.01943475,0.00062489754,auto_accept,n/a
ISIC_0033289,nv,nv,0.8514286,0.18507156,escalate,n/a
ISIC_0028563,nv,nv,0.1342547,5.804985e-05,auto_accept,n/a
ISIC_0026107,bkl,nv,0.21834296,0.00046923026,auto_accept,n/a
ISIC_0032554,nv,nv,0.2875601,0.042742267,auto_accept,n/a
ISIC_0033998,nv,nv,0.055675566,0.009289426,auto_accept,n/a
ISIC_0032145,nv,nv,0.2125634,0.17621034,auto_accept,n/a
ISIC_0029407,nv,nv,0.07059932,0.010148789,auto_accept,n/a
ISIC_0030382,mel,bkl,0.3662362,0.18079741,auto_accept,n/a
ISIC_0028136,nv,nv,0.05042118,0.00053341285,auto_accept,n/a
ISIC_0029071,nv,nv,0.012420833,0.00020745459,auto_accept,n/a
ISIC_0024658,nv,nv,0.0281322,0.0031228291,auto_accept,n/a
ISIC_0032261,nv,nv,0.0058588386,0.0001244517,auto_accept,n/a
ISIC_0032352,nv,nv,0.019284308,0.00019143714,auto_accept,n/a
ISIC_0031376,bkl,bkl,0.07813412,0.012562292,auto_accept,n/a
ISIC_0033427,nv,nv,0.037568092,0.012967713,auto_accept,n/a
ISIC_0029495,mel,nv,0.551059,0.36467868,auto_accept,n/a
ISIC_0026590,bkl,bkl,0.11388707,0.009427857,auto_accept,n/a
ISIC_0029138,nv,nv,0.47995305,0.13786797,auto_accept,n/a
ISIC_0029127,nv,nv,0.9960939,0.5373109,escalate,n/a
ISIC_0026739,nv,mel,0.83268714,0.56053936,auto_accept,n/a
ISIC_0032131,nv,nv,0.151559,0.00033473142,auto_accept,n/a
ISIC_0028699,nv,nv,0.119068205,0.008543143,auto_accept,n/a
ISIC_0030366,mel,nv,0.20419067,0.0008846274,auto_accept,n/a
ISIC_0025678,nv,nv,0.16670567,3.496869e-05,auto_accept,n/a
ISIC_0027505,nv,nv,0.88606274,0.33394074,escalate,n/a
ISIC_0030629,nv,nv,0.99968266,0.035522517,escalate,n/a
ISIC_0032487,nv,nv,0.012555838,3.5201898e-05,auto_accept,n/a
ISIC_0026903,nv,nv,0.011931896,7.949383e-05,auto_accept,n/a
ISIC_0031497,nv,nv,0.008839607,1.534796e-05,auto_accept,n/a
ISIC_0033896,nv,nv,0.31789863,0.07661339,auto_accept,n/a
ISIC_0029082,bcc,bcc,0.35308063,0.960493,auto_accept,n/a
ISIC_0032696,bcc,bcc,0.12203789,0.897443,auto_accept,n/a
ISIC_0027492,nv,bcc,0.34449524,0.7649325,auto_accept,n/a
ISIC_0030069,nv,nv,0.33921027,0.029112255,auto_accept,n/a
ISIC_0028189,nv,nv,0.019336581,0.000152882,auto_accept,n/a
ISIC_0033170,nv,nv,0.1561554,0.006558608,auto_accept,n/a
ISIC_0024391,nv,nv,0.04183966,0.004278544,auto_accept,n/a
ISIC_0033267,mel,mel,0.24912715,0.8484033,auto_accept,n/a
ISIC_0030665,df,df,0.28532088,8.790009e-05,auto_accept,n/a
ISIC_0026815,nv,nv,0.95817083,0.20607935,escalate,n/a
ISIC_0032702,nv,nv,0.4801833,0.078328095,auto_accept,n/a
ISIC_0032085,nv,nv,0.0072853565,9.04272e-05,auto_accept,n/a
ISIC_0034103,bkl,nv,0.6286942,0.11923614,auto_accept,n/a
ISIC_0026261,nv,nv,0.041024387,0.0005349059,auto_accept,n/a
ISIC_0030508,nv,nv,0.283552,0.009239535,auto_accept,n/a
ISIC_0032847,mel,nv,0.103177726,0.008037725,auto_accept,n/a
ISIC_0024937,nv,nv,0.7620104,0.2671107,auto_accept,n/a
ISIC_0026379,nv,nv,0.018998325,0.00032418015,auto_accept,n/a
ISIC_0028008,nv,nv,0.48320812,0.23176964,auto_accept,n/a
ISIC_0028787,nv,nv,0.9303084,0.19943002,escalate,n/a
ISIC_0030561,bkl,df,0.14799637,0.0041014696,auto_accept,n/a
ISIC_0032378,nv,nv,0.543242,0.026305733,auto_accept,n/a
ISIC_0033132,nv,nv,0.5970395,0.09106949,auto_accept,n/a
ISIC_0031879,nv,nv,0.022342682,0.00035012653,auto_accept,n/a
ISIC_0026419,nv,vasc,0.014093399,0.0112142125,auto_accept,n/a
ISIC_0034050,mel,mel,0.08162612,0.9610999,auto_accept,n/a
ISIC_0030662,nv,nv,0.151887,0.002336516,auto_accept,n/a
ISIC_0026495,nv,nv,0.012514293,0.0010861999,auto_accept,n/a
ISIC_0034279,nv,df,0.07290411,0.0007022122,auto_accept,n/a
ISIC_0030295,nv,nv,0.021715939,0.0038483192,auto_accept,n/a
ISIC_0030706,bkl,nv,0.8680259,0.22857805,escalate,n/a
ISIC_0030080,mel,mel,0.8741485,0.657822,escalate,n/a
ISIC_0026143,nv,nv,0.090590954,0.00016509504,auto_accept,n/a
ISIC_0029320,bkl,bkl,0.44616097,0.0010287781,auto_accept,n/a
ISIC_0030473,nv,nv,0.6814438,0.22494921,auto_accept,n/a
ISIC_0024615,nv,nv,0.4300956,0.26217663,auto_accept,n/a
ISIC_0031311,nv,nv,0.6786555,0.15067647,auto_accept,n/a
ISIC_0024527,nv,nv,0.7055215,0.000751161,auto_accept,n/a
ISIC_0031534,nv,nv,0.4283988,0.0016872445,auto_accept,n/a
ISIC_0031067,nv,nv,0.01699698,0.0007427969,auto_accept,n/a
ISIC_0026623,bkl,akiec,0.744035,0.984743,auto_accept,n/a
ISIC_0024800,akiec,bkl,0.49541467,0.49648383,auto_accept,n/a
ISIC_0029954,nv,nv,0.044652402,0.008128629,auto_accept,n/a
ISIC_0034008,nv,vasc,0.052128136,0.0037463068,auto_accept,n/a
ISIC_0033540,nv,df,0.026923358,0.0052961996,auto_accept,n/a
ISIC_0028417,nv,nv,0.40458262,0.0037544754,auto_accept,n/a
ISIC_0026019,nv,nv,0.0072773695,1.9582352e-05,auto_accept,n/a
ISIC_0033478,nv,nv,0.8600839,0.2400548,escalate,n/a
ISIC_0026197,nv,nv,0.13799298,0.009595088,auto_accept,n/a
ISIC_0032398,nv,nv,0.20175362,0.0066338438,auto_accept,n/a
ISIC_0024406,nv,nv,0.1218009,0.013789697,auto_accept,n/a
ISIC_0031222,nv,mel,0.19645679,0.9141844,auto_accept,n/a
ISIC_0026353,nv,nv,0.008839369,4.7270012e-05,auto_accept,n/a
ISIC_0033655,mel,mel,0.07647377,0.94196963,auto_accept,n/a
ISIC_0025525,nv,nv,0.23585522,0.044313308,auto_accept,n/a
ISIC_0029122,nv,nv,0.0114834905,0.0001795379,auto_accept,n/a
ISIC_0024554,mel,akiec,0.14741272,0.87819165,auto_accept,n/a
ISIC_0030588,nv,nv,0.12261188,0.00101013,auto_accept,n/a
ISIC_0033664,nv,nv,0.038786173,0.0045389575,auto_accept,n/a
ISIC_0029368,nv,nv,0.19917786,0.17013133,auto_accept,n/a
ISIC_0030672,nv,nv,0.64053935,0.08576485,auto_accept,n/a
ISIC_0028656,bkl,nv,0.29384524,0.012191641,auto_accept,n/a
ISIC_0033662,mel,nv,0.14833081,0.0501299,auto_accept,n/a
ISIC_0032695,mel,mel,0.01913619,0.990952,auto_accept,n/a
ISIC_0031010,nv,nv,0.002955377,0.00019345079,auto_accept,n/a
ISIC_0028780,nv,nv,0.29085594,0.03112434,auto_accept,n/a
ISIC_0025141,nv,nv,0.0855,0.002219901,auto_accept,n/a
ISIC_0026469,nv,nv,0.12310743,0.001560852,auto_accept,n/a
ISIC_0028219,mel,nv,0.13052607,0.056805164,auto_accept,n/a
ISIC_0027497,nv,nv,0.8297929,0.014038763,auto_accept,n/a
ISIC_0024651,nv,nv,0.22098249,0.018551232,auto_accept,n/a
ISIC_0026670,nv,nv,0.15171999,0.0040244535,auto_accept,n/a
ISIC_0030920,nv,nv,0.62418234,0.032156225,auto_accept,n/a
ISIC_0027143,nv,nv,0.09644449,0.01565145,auto_accept,n/a
ISIC_0029161,bkl,bkl,0.42996013,0.00055183156,auto_accept,n/a
ISIC_0026639,nv,nv,0.0044977665,0.00014911292,auto_accept,n/a
ISIC_0026616,nv,nv,0.070602894,0.009076036,auto_accept,n/a
ISIC_0026838,nv,nv,0.029460609,0.0002712314,auto_accept,n/a
ISIC_0029911,nv,nv,0.0960179,3.432691e-05,auto_accept,n/a
ISIC_0031125,bkl,nv,0.9841622,5.0221966e-05,escalate,n/a
ISIC_0026341,nv,nv,0.6039583,0.230993,auto_accept,n/a
ISIC_0026578,nv,nv,0.04943776,0.006417674,auto_accept,n/a
ISIC_0034198,nv,nv,0.104813576,0.0013722759,auto_accept,n/a
ISIC_0024910,bkl,bkl,0.18566531,0.0062025646,auto_accept,n/a
ISIC_0026549,akiec,akiec,0.7872423,0.4279138,auto_accept,n/a
ISIC_0026422,bkl,nv,0.51510835,0.0036230898,auto_accept,n/a
ISIC_0031985,nv,nv,0.020155549,0.004328869,auto_accept,n/a
ISIC_0028181,nv,nv,0.09312618,0.0014603394,auto_accept,n/a
ISIC_0028743,nv,nv,0.016790688,0.0021418016,auto_accept,n/a
ISIC_0025977,nv,nv,0.073948324,0.001608298,auto_accept,n/a
ISIC_0025522,nv,nv,0.294658,0.0008695463,auto_accept,n/a
ISIC_0028819,nv,nv,0.05059594,0.0009065149,auto_accept,n/a
ISIC_0033480,bkl,akiec,0.5542185,0.80118,auto_accept,n/a
ISIC_0030194,nv,bkl,0.94334733,0.02909756,escalate,n/a
ISIC_0029153,nv,nv,0.18690431,0.008296085,auto_accept,n/a
ISIC_0024549,nv,nv,0.28438413,0.005578722,auto_accept,n/a
ISIC_0030407,nv,nv,0.011651158,0.0023856382,auto_accept,n/a
ISIC_0028696,mel,mel,0.2148357,0.89337754,auto_accept,n/a
ISIC_0027279,bkl,bkl,0.07285088,0.019665625,auto_accept,n/a
ISIC_0034239,mel,mel,0.12585706,0.863759,auto_accept,n/a
ISIC_0032528,nv,nv,0.2969314,0.0038998527,auto_accept,n/a
ISIC_0030684,nv,nv,0.26655978,0.05312728,auto_accept,n/a
ISIC_0025393,nv,nv,0.2088865,0.0006439949,auto_accept,n/a
ISIC_0025571,nv,nv,0.6427508,0.30166095,auto_accept,n/a
ISIC_0028589,nv,nv,0.13692802,0.0024347806,auto_accept,n/a
ISIC_0033641,nv,nv,0.2023049,0.029325435,auto_accept,n/a
ISIC_0026321,bcc,mel,0.49269557,0.94950855,auto_accept,n/a
ISIC_0029157,mel,mel,0.97601295,0.4300665,escalate,n/a
ISIC_0025235,mel,nv,0.58909225,0.06469271,auto_accept,n/a
ISIC_0033828,bkl,bkl,0.8572093,0.079585545,escalate,n/a
ISIC_0033011,nv,nv,0.5713876,0.26833045,auto_accept,n/a
ISIC_0033796,nv,nv,0.24765933,0.03972241,auto_accept,n/a
ISIC_0028515,nv,nv,0.014317811,2.377694e-06,auto_accept,n/a
ISIC_0026829,bcc,bcc,0.016700864,0.9969227,auto_accept,n/a
ISIC_0030945,nv,akiec,0.7046385,0.5469963,auto_accept,n/a
ISIC_0026633,nv,nv,0.7283306,0.014104056,auto_accept,n/a
ISIC_0029633,nv,bkl,0.84900063,0.00016753144,escalate,n/a
ISIC_0033560,mel,mel,0.15592617,0.91687316,auto_accept,n/a
ISIC_0030673,nv,nv,0.7119298,0.00047471875,auto_accept,n/a
ISIC_0028996,nv,nv,0.05904287,4.9120805e-05,auto_accept,n/a
ISIC_0030371,nv,nv,0.2591436,0.13994862,auto_accept,n/a
ISIC_0025188,mel,bkl,0.717425,0.5113991,auto_accept,n/a
ISIC_0029739,nv,nv,0.071003675,0.00014263217,auto_accept,n/a
ISIC_0034206,nv,nv,0.16547596,0.016623355,auto_accept,n/a
ISIC_0032339,nv,nv,0.012643993,0.0020616641,auto_accept,n/a
ISIC_0030389,nv,nv,0.41290075,8.199952e-05,auto_accept,n/a
ISIC_0031504,nv,nv,0.3448028,0.00068934605,auto_accept,n/a
ISIC_0026027,nv,nv,0.117651284,0.055282626,auto_accept,n/a
ISIC_0031214,nv,nv,0.01677239,0.0011908709,auto_accept,n/a
ISIC_0029425,bkl,bkl,0.7481362,0.37964845,auto_accept,n/a
ISIC_0027633,nv,nv,0.260518,0.041574266,auto_accept,n/a
ISIC_0027760,bkl,bkl,0.1885665,0.021278381,auto_accept,n/a
ISIC_0028940,nv,nv,0.18862087,0.0041220714,auto_accept,n/a
ISIC_0027006,bkl,bkl,0.44713777,0.099917695,auto_accept,n/a
ISIC_0033658,nv,nv,0.2414599,0.0027137576,auto_accept,n/a
ISIC_0033652,nv,mel,0.52839303,0.771881,auto_accept,n/a
ISIC_0031058,nv,nv,0.06159973,0.00072663225,auto_accept,n/a
ISIC_0026795,nv,nv,0.055389464,0.013413644,auto_accept,n/a
ISIC_0029900,akiec,akiec,0.0012473464,0.99932015,auto_accept,n/a
ISIC_0030204,nv,df,0.91062224,0.00014571688,escalate,n/a
ISIC_0028301,nv,nv,0.011275828,3.7253612e-05,auto_accept,n/a
ISIC_0032161,nv,nv,0.09826326,0.014772647,auto_accept,n/a
ISIC_0029191,nv,nv,0.07217491,0.0015744038,auto_accept,n/a
ISIC_0025334,nv,nv,0.0059001446,2.1474727e-05,auto_accept,n/a
ISIC_0026574,bcc,akiec,0.72274584,0.9370023,auto_accept,n/a
ISIC_0027193,nv,nv,0.017712295,0.00021526073,auto_accept,n/a
ISIC_0026676,nv,nv,0.4649908,0.09739447,auto_accept,n/a
ISIC_0025593,nv,nv,0.076327264,0.0008194666,auto_accept,n/a
ISIC_0026963,mel,bkl,0.09530896,0.10350702,auto_accept,n/a
ISIC_0030054,nv,nv,0.042707324,0.00040924884,auto_accept,n/a
ISIC_0026345,nv,nv,0.54332894,0.0011790781,auto_accept,n/a
ISIC_0032834,bcc,bcc,0.2943976,0.9399624,auto_accept,n/a
ISIC_0025102,bcc,bcc,0.0071382523,0.997502,auto_accept,n/a
ISIC_0026807,nv,vasc,0.53573406,5.9969025e-05,auto_accept,n/a
ISIC_0031821,mel,mel,0.69794464,0.67012805,auto_accept,n/a
ISIC_0029981,nv,nv,0.08335096,0.00084617944,auto_accept,n/a
ISIC_0026589,nv,nv,0.023437798,1.6561562e-05,auto_accept,n/a
ISIC_0027384,nv,nv,0.019908011,0.00042006737,auto_accept,n/a
ISIC_0029116,nv,nv,0.01897657,0.00045321355,auto_accept,n/a
ISIC_0024951,mel,df,0.14563596,0.004657762,auto_accept,n/a
ISIC_0032547,mel,mel,0.09047532,0.9625933,auto_accept,n/a
ISIC_0031756,nv,mel,0.5559378,0.9302667,auto_accept,n/a
ISIC_0027941,nv,nv,0.042812943,0.0014487816,auto_accept,n/a
ISIC_0034247,nv,nv,0.11416465,0.007827065,auto_accept,n/a
ISIC_0029782,nv,nv,0.0670743,0.019118432,auto_accept,n/a
ISIC_0027153,nv,nv,0.016211152,0.0005562978,auto_accept,n/a
ISIC_0028019,nv,nv,0.09696156,7.0034264e-05,auto_accept,n/a
ISIC_0025100,nv,nv,0.36366314,0.038801868,auto_accept,n/a
ISIC_0025447,nv,nv,0.037350178,0.0010644438,auto_accept,n/a
ISIC_0032080,nv,nv,0.071058035,0.004661024,auto_accept,n/a
ISIC_0033121,nv,nv,0.9753827,0.45103145,escalate,n/a
ISIC_0026168,nv,nv,0.034982443,0.0022884544,auto_accept,n/a
ISIC_0032957,nv,nv,0.43775034,0.04019307,auto_accept,n/a
ISIC_0032506,nv,nv,0.06286383,0.0016200738,auto_accept,n/a
ISIC_0025769,nv,nv,0.056123734,0.0118268505,auto_accept,n/a
ISIC_0029653,nv,nv,0.7847189,0.0010018807,auto_accept,n/a
ISIC_0027227,nv,nv,0.012837112,0.00039363265,auto_accept,n/a
ISIC_0028483,nv,nv,0.068416,0.005122837,auto_accept,n/a
ISIC_0032514,bkl,bkl,0.58001614,0.28578398,auto_accept,n/a
ISIC_0027719,akiec,akiec,0.9406657,0.6334498,escalate,n/a
ISIC_0028537,mel,df,0.27548903,0.18524879,auto_accept,n/a
ISIC_0029347,nv,nv,0.06427878,0.0012551019,auto_accept,n/a
ISIC_0024597,nv,bkl,0.805501,0.008966164,auto_accept,n/a
ISIC_0024617,nv,nv,0.89816797,0.0036493663,escalate,n/a
ISIC_0024976,nv,nv,0.0149873495,4.4562097e-05,auto_accept,n/a
ISIC_0028049,nv,nv,0.011077583,6.7662754e-06,auto_accept,n/a
ISIC_0032865,nv,nv,0.62922585,0.33787233,auto_accept,n/a
ISIC_0031867,nv,nv,0.93090165,0.5219196,escalate,n/a
ISIC_0024636,nv,nv,0.19591582,0.00014154341,auto_accept,n/a
ISIC_0024434,nv,nv,0.07768327,0.0044054743,auto_accept,n/a
ISIC_0028298,nv,nv,0.014015973,0.00020586525,auto_accept,n/a
ISIC_0033927,nv,nv,0.23389798,0.036720444,auto_accept,n/a
ISIC_0031422,nv,nv,0.7655854,0.006939966,auto_accept,n/a
ISIC_0024405,nv,nv,0.009586453,0.00011202774,auto_accept,n/a
ISIC_0031156,nv,nv,0.090037584,0.00030891303,auto_accept,n/a
ISIC_0031415,nv,nv,0.22817463,0.00011323309,auto_accept,n/a
ISIC_0031317,nv,bkl,0.9330715,0.058455814,escalate,n/a
ISIC_0032362,nv,nv,0.18612123,0.14791125,auto_accept,n/a
ISIC_0027879,nv,nv,0.026563883,0.00029499424,auto_accept,n/a
ISIC_0026834,nv,nv,0.6943108,0.49963403,auto_accept,n/a
ISIC_0028673,nv,nv,0.9210061,0.39424115,escalate,n/a
ISIC_0032785,nv,nv,0.21699458,0.009379192,auto_accept,n/a
ISIC_0031335,akiec,akiec,0.21580279,0.7896151,auto_accept,n/a
ISIC_0031742,nv,nv,0.77026606,0.41755733,auto_accept,n/a
ISIC_0032678,nv,nv,0.14326513,0.09057458,auto_accept,n/a
ISIC_0031925,bcc,bcc,0.4135009,0.9178967,auto_accept,n/a
ISIC_0030034,mel,nv,0.7997116,1.0579441e-06,auto_accept,n/a
ISIC_0029967,df,df,0.011592627,0.016858567,auto_accept,n/a
ISIC_0027742,mel,nv,0.19953936,0.033456672,auto_accept,n/a
ISIC_0030421,nv,nv,0.017711222,0.00014889812,auto_accept,n/a
ISIC_0030461,nv,nv,0.019098103,0.00048415197,auto_accept,n/a
ISIC_0025601,bcc,bcc,0.025592446,0.9908223,auto_accept,n/a
ISIC_0028028,nv,nv,0.020193696,0.0011466919,auto_accept,n/a
ISIC_0026551,nv,mel,0.58611274,0.753538,auto_accept,n/a
ISIC_0034020,nv,nv,0.54794776,0.06886751,auto_accept,n/a
ISIC_0031829,nv,mel,0.36361885,0.78818995,auto_accept,n/a
ISIC_0026999,nv,nv,0.030542493,0.00028787213,auto_accept,n/a
ISIC_0031033,nv,nv,0.009529054,0.0011381335,auto_accept,n/a
ISIC_0027011,nv,nv,0.016594768,0.00016703826,auto_accept,n/a
ISIC_0028597,nv,nv,0.084130585,0.0013906287,auto_accept,n/a
ISIC_0028012,nv,nv,0.082467675,0.011352854,auto_accept,n/a
ISIC_0032324,nv,nv,0.323676,0.13292955,auto_accept,n/a
ISIC_0030973,nv,nv,0.7773566,0.1920624,auto_accept,n/a
ISIC_0029289,bkl,nv,0.99485457,0.007889651,escalate,n/a
ISIC_0026864,nv,nv,0.01139313,6.553315e-05,auto_accept,n/a
ISIC_0025952,nv,nv,0.62778866,0.0069631888,auto_accept,n/a
ISIC_0026095,nv,nv,0.021581471,0.00014778138,auto_accept,n/a
ISIC_0025618,nv,nv,0.7123012,0.15202901,auto_accept,n/a
ISIC_0026187,nv,nv,0.09842086,0.0006252442,auto_accept,n/a
ISIC_0028604,nv,nv,0.049172282,0.00080944505,auto_accept,n/a
ISIC_0029936,nv,nv,0.040609837,0.0043878495,auto_accept,n/a
ISIC_0029167,nv,nv,0.002905488,5.200781e-06,auto_accept,n/a
ISIC_0031656,nv,nv,0.05630499,0.00012315396,auto_accept,n/a
ISIC_0031419,nv,nv,0.0073461533,6.97705e-05,auto_accept,n/a
ISIC_0026988,bcc,bcc,0.008734584,0.9992945,auto_accept,n/a
ISIC_0030386,nv,nv,0.29550952,0.20045172,auto_accept,n/a
ISIC_0024340,nv,bkl,0.31628406,0.012559756,auto_accept,n/a
ISIC_0025280,nv,nv,0.04396355,0.0006183606,auto_accept,n/a
ISIC_0030023,nv,nv,0.92130905,0.4083723,escalate,n/a
ISIC_0032380,nv,nv,0.047902286,0.0012116687,auto_accept,n/a
ISIC_0027240,nv,bkl,0.829721,0.1828052,auto_accept,n/a
ISIC_0024710,akiec,bcc,0.02363205,0.9995363,auto_accept,n/a
ISIC_0033810,df,df,0.0009766221,0.00017978356,auto_accept,n/a
ISIC_0027132,nv,nv,0.007856965,0.00011069505,auto_accept,n/a
ISIC_0027998,bcc,bcc,0.031639338,0.9997038,auto_accept,n/a
ISIC_0028339,nv,nv,0.0037295222,4.121228e-05,auto_accept,n/a
ISIC_0033628,nv,nv,0.04702115,0.017628396,auto_accept,n/a
ISIC_0033419,nv,nv,0.5584535,0.22813834,auto_accept,n/a
ISIC_0028047,nv,vasc,0.958048,0.0009247335,escalate,n/a
ISIC_0025028,nv,nv,0.59905064,5.600417e-08,auto_accept,n/a
ISIC_0026559,nv,nv,0.6555889,0.22926055,auto_accept,n/a
ISIC_0030301,nv,nv,0.015847385,1.599059e-05,auto_accept,n/a
ISIC_0033088,bkl,bkl,0.47127926,0.03303341,auto_accept,n/a
ISIC_0026434,nv,nv,0.0904358,0.02478443,auto_accept,n/a
ISIC_0029706,nv,nv,0.11355531,0.00045574538,auto_accept,n/a
ISIC_0032059,nv,nv,0.076547325,0.0059728227,auto_accept,n/a
ISIC_0028603,nv,nv,0.026584983,0.00022201103,auto_accept,n/a
ISIC_0030098,nv,nv,0.4270023,0.00092131377,auto_accept,n/a
ISIC_0032273,nv,nv,0.6865044,0.13661557,auto_accept,n/a
ISIC_0028102,nv,nv,0.03383577,1.8483528e-06,auto_accept,n/a
ISIC_0025805,bkl,bkl,0.73199975,0.009173137,auto_accept,n/a
ISIC_0024325,nv,nv,0.07828975,4.3307987e-06,auto_accept,n/a
ISIC_0024876,nv,nv,0.24708366,0.0033336799,auto_accept,n/a
ISIC_0026175,nv,nv,0.0361076,0.0010580114,auto_accept,n/a
ISIC_0026816,nv,nv,0.9770843,0.0016374431,escalate,n/a
ISIC_0029498,nv,nv,0.25884646,0.111590736,auto_accept,n/a
ISIC_0024452,bcc,bcc,0.002776742,0.9985821,auto_accept,n/a
ISIC_0030455,nv,nv,0.060135126,0.0297633,auto_accept,n/a
ISIC_0028934,nv,nv,0.15408301,0.00018660809,auto_accept,n/a
ISIC_0027847,nv,nv,0.12273556,0.008048557,auto_accept,n/a
ISIC_0027278,nv,nv,0.3776282,0.000442724,auto_accept,n/a
ISIC_0024750,nv,nv,0.11005598,0.000103786195,auto_accept,n/a
ISIC_0032840,mel,mel,0.70060325,0.94668424,auto_accept,n/a
ISIC_0032434,nv,nv,0.6130047,0.0005218803,auto_accept,n/a
ISIC_0029083,bcc,bcc,0.023413181,0.99999344,auto_accept,n/a
ISIC_0027689,nv,nv,0.21745479,0.05437082,auto_accept,n/a
ISIC_0028086,mel,mel,0.17125607,0.95610094,auto_accept,n/a
ISIC_0026005,nv,nv,0.005687952,0.00024060273,auto_accept,n/a
ISIC_0025648,nv,nv,0.09400052,0.00046358778,auto_accept,n/a
ISIC_0025784,nv,mel,0.956216,0.64424217,escalate,n/a
ISIC_0027809,nv,nv,0.08529985,0.00077137403,auto_accept,n/a
ISIC_0027733,nv,nv,0.17225552,0.006367645,auto_accept,n/a
ISIC_0026384,nv,nv,0.122116745,0.05516208,auto_accept,n/a
ISIC_0029590,nv,nv,0.12625921,0.0014463087,auto_accept,n/a
ISIC_0025187,nv,nv,0.18287241,0.052976657,auto_accept,n/a
ISIC_0027313,nv,nv,0.034002423,0.00087037485,auto_accept,n/a
ISIC_0033900,bkl,mel,0.22868729,0.98138064,auto_accept,n/a
ISIC_0027453,nv,nv,0.5083834,0.011698643,auto_accept,n/a
ISIC_0029999,nv,df,0.52144885,0.0035595347,auto_accept,n/a
ISIC_0031512,nv,nv,0.052116275,0.00028924856,auto_accept,n/a
ISIC_0031200,bkl,bkl,0.85006636,0.19437172,escalate,n/a
ISIC_0032584,nv,nv,0.38629138,0.00045832904,auto_accept,n/a
ISIC_0031402,nv,nv,0.05029452,0.0021489023,auto_accept,n/a
ISIC_0033845,nv,nv,0.11991072,0.016047502,auto_accept,n/a
ISIC_0030733,nv,nv,0.18186343,0.0023585956,auto_accept,n/a
ISIC_0026678,nv,nv,0.11312747,0.012183454,auto_accept,n/a
ISIC_0030637,nv,nv,0.83270144,0.03114976,auto_accept,n/a
ISIC_0030927,nv,nv,0.010214448,0.0006579216,auto_accept,n/a
ISIC_0027744,bcc,bcc,0.016959786,0.99644154,auto_accept,n/a
ISIC_0030243,nv,bkl,0.63019806,0.19456764,auto_accept,n/a
ISIC_0026053,nv,mel,0.21050441,0.93546015,auto_accept,n/a
ISIC_0027710,bkl,nv,0.70091707,3.62965e-05,auto_accept,n/a
ISIC_0026124,nv,bkl,0.8547231,0.37988633,escalate,n/a
ISIC_0029669,bcc,bcc,0.002903223,0.9903805,auto_accept,n/a
ISIC_0026335,bkl,bkl,0.22230935,0.1925045,auto_accept,n/a
ISIC_0024558,nv,nv,0.028405368,0.00034712433,auto_accept,n/a
ISIC_0033009,nv,mel,0.36062217,0.7816815,auto_accept,n/a
ISIC_0029690,nv,nv,0.012986243,9.490811e-05,auto_accept,n/a
ISIC_0033516,nv,nv,0.6789502,0.028738106,auto_accept,n/a
ISIC_0033915,nv,nv,0.43260777,0.05475438,auto_accept,n/a
ISIC_0030340,nv,nv,0.9870595,0.28527573,escalate,n/a
ISIC_0031024,bkl,bkl,0.8832884,0.00038525698,escalate,n/a
ISIC_0031529,mel,nv,0.01336509,0.003585217,auto_accept,n/a
ISIC_0028709,mel,bcc,0.020645082,0.996572,auto_accept,n/a
ISIC_0033904,nv,nv,0.2139278,0.0023068385,auto_accept,n/a
ISIC_0029237,nv,nv,0.033489347,0.0030202817,auto_accept,n/a
ISIC_0028754,nv,nv,0.019871771,0.0020181667,auto_accept,n/a
ISIC_0033795,nv,nv,0.5405161,0.25415707,auto_accept,n/a
ISIC_0034064,mel,mel,0.7679728,0.8883366,auto_accept,n/a
ISIC_0031162,nv,nv,0.01026094,0.00078441075,auto_accept,n/a
ISIC_0026370,nv,nv,0.11605114,0.010117815,auto_accept,n/a
ISIC_0030131,nv,nv,0.061142266,0.0006327361,auto_accept,n/a
ISIC_0031986,bcc,bcc,0.71156776,0.9793844,auto_accept,n/a
ISIC_0028310,nv,bcc,0.3792717,0.7800849,auto_accept,n/a
ISIC_0034228,nv,nv,0.41101128,0.010559951,auto_accept,n/a
ISIC_0026442,bcc,bcc,0.06884259,0.9958799,auto_accept,n/a
ISIC_0026378,bkl,bkl,0.20549351,0.20828299,auto_accept,n/a
ISIC_0029449,nv,nv,0.0019740462,1.7005943e-05,auto_accept,n/a
ISIC_0027732,nv,nv,0.019008458,0.00066041475,auto_accept,n/a
ISIC_0032166,nv,nv,0.046008468,0.014523774,auto_accept,n/a
ISIC_0027575,nv,nv,0.18164939,7.886938e-06,auto_accept,n/a
ISIC_0024357,nv,nv,0.15356964,0.0008473065,auto_accept,n/a
ISIC_0031250,nv,nv,0.02357012,0.0012021518,auto_accept,n/a
ISIC_0025721,nv,nv,0.5588048,0.0036081618,auto_accept,n/a
ISIC_0029125,nv,nv,0.016330421,2.4210101e-05,auto_accept,n/a
ISIC_0027886,nv,nv,0.05518347,0.0031903926,auto_accept,n/a
ISIC_0030650,nv,nv,0.026622951,0.0004267085,auto_accept,n/a
ISIC_0025215,nv,nv,0.030914187,0.0004498368,auto_accept,n/a
ISIC_0029244,nv,nv,0.026236176,0.0005034843,auto_accept,n/a
ISIC_0024995,nv,nv,0.8657788,0.2794315,escalate,n/a
ISIC_0028720,nv,nv,0.036297977,0.009459549,auto_accept,n/a
ISIC_0029850,nv,nv,0.010718286,6.57253e-05,auto_accept,n/a
ISIC_0029573,akiec,akiec,0.28867066,0.90482515,auto_accept,n/a
ISIC_0032933,nv,nv,0.7414304,0.0459036,auto_accept,n/a
ISIC_0024853,mel,mel,0.6818544,0.7663946,auto_accept,n/a
ISIC_0031819,bkl,bkl,0.28324616,0.05362832,auto_accept,n/a
ISIC_0027585,nv,nv,0.20207411,0.0038906955,auto_accept,n/a
ISIC_0030081,bkl,bcc,0.23074925,0.8698765,auto_accept,n/a
ISIC_0024414,nv,nv,0.021511436,0.0004517471,auto_accept,n/a
ISIC_0029386,nv,nv,0.02467978,0.0010949215,auto_accept,n/a
ISIC_0026649,nv,df,0.20997488,1.3093561e-06,auto_accept,n/a
ISIC_0032476,mel,mel,0.793579,0.96719366,auto_accept,n/a
ISIC_0028390,nv,nv,0.030962229,0.0024103457,auto_accept,n/a
ISIC_0025931,nv,nv,0.19689566,0.12478262,auto_accept,n/a
ISIC_0027021,mel,akiec,0.64648265,0.89062005,auto_accept,n/a
ISIC_0026861,bkl,akiec,0.19385844,0.9079216,auto_accept,n/a
ISIC_0032712,nv,nv,0.037046254,0.00030699058,auto_accept,n/a
ISIC_0028196,nv,nv,0.08757675,0.003377755,auto_accept,n/a
ISIC_0033584,nv,nv,0.63313395,0.0059912535,auto_accept,n/a
ISIC_0028950,nv,nv,0.025062084,0.00019026233,auto_accept,n/a
ISIC_0032802,nv,nv,0.05621159,0.0029698508,auto_accept,n/a
ISIC_0027639,nv,bkl,0.6659255,0.08750044,auto_accept,n/a
ISIC_0031412,nv,df,0.097482085,0.0066630617,auto_accept,n/a
ISIC_0028348,nv,nv,0.03561443,0.00032527145,auto_accept,n/a
ISIC_0033799,nv,nv,0.62274694,0.3578018,auto_accept,n/a
ISIC_0025467,bcc,mel,0.9457997,0.60745287,escalate,n/a
ISIC_0025453,nv,df,0.94974196,0.0049748905,escalate,n/a
ISIC_0028282,nv,nv,0.36061913,0.008815345,auto_accept,n/a
ISIC_0034015,bcc,mel,0.80033743,0.79309946,auto_accept,n/a
ISIC_0026269,nv,nv,0.009477258,0.00034418123,auto_accept,n/a
ISIC_0030191,akiec,bcc,0.94127727,0.9820676,escalate,n/a
ISIC_0026340,nv,df,0.11244732,0.5640097,auto_accept,n/a
ISIC_0028161,nv,df,0.48629993,0.0009863812,auto_accept,n/a
ISIC_0024709,bkl,df,0.16077298,0.39574853,auto_accept,n/a
ISIC_0025033,bkl,vasc,0.7340082,0.005308136,auto_accept,n/a
ISIC_0029617,bkl,nv,0.08731657,0.0056283246,auto_accept,n/a
ISIC_0027992,nv,nv,0.70758104,0.07942677,auto_accept,n/a
ISIC_0026359,nv,mel,0.74399436,0.5887421,auto_accept,n/a
ISIC_0030911,nv,nv,0.024325073,0.0018204672,auto_accept,n/a
ISIC_0025619,nv,nv,0.8746946,9.088097e-05,escalate,n/a
ISIC_0029595,nv,nv,0.013728023,0.00047434284,auto_accept,n/a
ISIC_0033843,mel,mel,0.17066914,0.8879972,auto_accept,n/a
ISIC_0025544,nv,nv,0.095689,2.9144638e-05,auto_accept,n/a
ISIC_0033778,bkl,nv,0.3070525,0.010505113,auto_accept,n/a
ISIC_0034069,nv,nv,0.8296044,0.2170799,auto_accept,n/a
ISIC_0030486,mel,akiec,0.98782855,0.98826104,escalate,n/a
ISIC_0032005,nv,nv,0.06135112,0.016617052,auto_accept,n/a
ISIC_0025321,vasc,vasc,0.028101325,0.019864548,auto_accept,n/a
ISIC_0033040,nv,nv,0.19573188,0.013143005,auto_accept,n/a
ISIC_0029818,nv,nv,0.7391623,0.00029398742,auto_accept,n/a
ISIC_0032319,nv,nv,0.049010336,0.00048694698,auto_accept,n/a
ISIC_0031287,bkl,bkl,0.9171474,0.059870817,escalate,n/a
ISIC_0031558,bkl,nv,0.5949688,0.00020552575,auto_accept,n/a
ISIC_0029675,nv,nv,0.051232636,0.0014500128,auto_accept,n/a
ISIC_0028655,mel,mel,0.86600554,0.60527396,escalate,n/a
ISIC_0033878,mel,mel,0.31620634,0.7879116,auto_accept,n/a
ISIC_0032176,nv,mel,0.9165435,0.39538935,escalate,n/a
ISIC_0027817,nv,nv,0.042438805,0.0013378423,auto_accept,n/a
ISIC_0033946,mel,mel,0.05469501,0.9816731,auto_accept,n/a
ISIC_0033839,nv,nv,0.3588469,0.1933789,auto_accept,n/a
ISIC_0026328,nv,nv,0.26714832,0.023081312,auto_accept,n/a
ISIC_0025258,nv,nv,0.10321939,0.0018588912,auto_accept,n/a
ISIC_0028982,nv,nv,0.30150235,0.07574739,auto_accept,n/a
ISIC_0032469,nv,nv,0.36162585,0.0012254263,auto_accept,n/a
ISIC_0025658,nv,nv,0.10318595,0.0073106675,auto_accept,n/a
ISIC_0028154,nv,vasc,0.36607933,0.08923915,auto_accept,n/a
ISIC_0029845,nv,nv,0.26741558,0.16283663,auto_accept,n/a
ISIC_0032909,nv,nv,0.60315454,0.018527014,auto_accept,n/a
ISIC_0028472,nv,nv,0.63507086,0.20200521,auto_accept,n/a
ISIC_0029189,nv,nv,0.046424508,0.00061307155,auto_accept,n/a
ISIC_0028147,bcc,bcc,0.00783962,0.9979189,auto_accept,n/a
ISIC_0030279,nv,nv,0.64892244,0.25657815,auto_accept,n/a
ISIC_0025416,nv,nv,0.0070766807,5.865404e-05,auto_accept,n/a
ISIC_0030556,nv,nv,0.01086849,0.0010574805,auto_accept,n/a
ISIC_0029111,nv,nv,0.035205007,0.0002924736,auto_accept,n/a
ISIC_0032457,nv,nv,0.081017494,0.02223107,auto_accept,n/a
ISIC_0031889,nv,nv,0.6371611,0.20480153,auto_accept,n/a
ISIC_0032980,nv,nv,0.0982337,0.024461232,auto_accept,n/a
ISIC_0028573,nv,mel,0.4600129,0.74776846,auto_accept,n/a
ISIC_0031510,nv,mel,0.638116,0.6379688,auto_accept,n/a
ISIC_0025205,nv,nv,0.044208407,0.00038377897,auto_accept,n/a
ISIC_0032167,nv,nv,0.08129114,0.013737836,auto_accept,n/a
ISIC_0029678,bkl,nv,0.41892862,0.18468414,auto_accept,n/a
ISIC_0031621,nv,nv,0.21904242,0.069469765,auto_accept,n/a
ISIC_0028443,nv,nv,0.07465875,0.001138845,auto_accept,n/a
ISIC_0026458,mel,mel,0.14117849,0.9392684,auto_accept,n/a
ISIC_0031357,nv,nv,0.0043545365,0.00012903454,auto_accept,n/a
ISIC_0027665,vasc,vasc,0.010209382,0.006721381,auto_accept,n/a
ISIC_0032883,bkl,mel,0.45812368,0.67862135,auto_accept,n/a
ISIC_0032612,nv,nv,0.1313979,0.015015136,auto_accept,n/a
ISIC_0028068,nv,nv,0.013376474,0.00029194285,auto_accept,n/a
ISIC_0026872,akiec,akiec,0.8104694,0.8841731,auto_accept,n/a
ISIC_0032356,akiec,akiec,0.27282298,0.99839216,auto_accept,n/a
ISIC_0028141,nv,nv,0.52768785,0.20305112,auto_accept,n/a
ISIC_0030228,nv,nv,0.026495278,0.0045760754,auto_accept,n/a
ISIC_0033691,bkl,mel,0.3650378,0.9123304,auto_accept,n/a
ISIC_0025912,nv,nv,0.014897943,0.00032195545,auto_accept,n/a
ISIC_0026284,nv,nv,0.26147485,0.0031001568,auto_accept,n/a
ISIC_0024751,nv,nv,0.07232541,0.002461207,auto_accept,n/a
ISIC_0032364,nv,mel,0.93456924,0.40009987,escalate,n/a
ISIC_0027686,nv,bcc,0.7770596,0.27711514,auto_accept,n/a
ISIC_0024601,nv,nv,0.0592252,0.0036756264,auto_accept,n/a
ISIC_0029078,nv,nv,0.24455184,0.0017414147,auto_accept,n/a
ISIC_0024379,nv,nv,0.14817083,0.0011938189,auto_accept,n/a
ISIC_0025210,nv,nv,0.8150157,0.26803774,auto_accept,n/a
ISIC_0033407,nv,nv,0.31458378,0.18834181,auto_accept,n/a
ISIC_0024395,nv,nv,0.5964777,0.0020425688,auto_accept,n/a
ISIC_0030325,nv,nv,0.011695325,0.00017569264,auto_accept,n/a
ISIC_0027304,nv,nv,0.04972762,0.0075063813,auto_accept,n/a
ISIC_0029089,mel,akiec,0.027880669,0.9904433,auto_accept,n/a
ISIC_0033545,mel,mel,0.5782754,0.65626174,auto_accept,n/a
ISIC_0033929,nv,nv,0.9311466,0.00881215,escalate,n/a
ISIC_0033377,mel,nv,0.9477565,0.21903308,escalate,n/a
ISIC_0031828,nv,nv,0.008123636,0.0002850784,auto_accept,n/a
ISIC_0027977,nv,nv,0.10227156,0.00088264205,auto_accept,n/a
ISIC_0026477,bkl,nv,0.1290403,0.0757526,auto_accept,n/a
ISIC_0025662,nv,nv,0.03179562,0.0015976218,auto_accept,n/a
ISIC_0026108,nv,nv,0.53286463,0.012790834,auto_accept,n/a
ISIC_0034217,nv,nv,0.25512445,0.07358118,auto_accept,n/a
ISIC_0026046,bkl,nv,0.31658357,1.5027556e-05,auto_accept,n/a
ISIC_0030271,bcc,df,0.21505272,0.42237166,auto_accept,n/a
ISIC_0026757,nv,nv,0.23122895,0.001610954,auto_accept,n/a
ISIC_0030577,nv,nv,0.010926902,0.00019451042,auto_accept,n/a
ISIC_0029612,bkl,bkl,0.6533776,0.17128578,auto_accept,n/a
ISIC_0026979,nv,vasc,0.79457235,0.01936209,auto_accept,n/a
ISIC_0032752,nv,nv,0.9421523,0.077040955,escalate,n/a
ISIC_0033576,bkl,mel,0.9242357,0.26338086,escalate,n/a
ISIC_0025761,nv,nv,0.014656186,0.00030194916,auto_accept,n/a
ISIC_0024925,akiec,mel,0.93447083,0.82126456,escalate,n/a
ISIC_0033600,nv,nv,0.91655743,0.34455884,escalate,n/a
ISIC_0028407,nv,nv,0.10280639,0.0037772018,auto_accept,n/a
ISIC_0031787,nv,nv,0.18581587,0.00029531645,auto_accept,n/a
ISIC_0026012,nv,nv,0.06474143,0.0005922833,auto_accept,n/a
ISIC_0029281,mel,mel,0.76392794,0.44625303,auto_accept,n/a
ISIC_0032981,mel,nv,0.25178492,0.02615235,auto_accept,n/a
ISIC_0027322,nv,nv,0.39480418,0.004266658,auto_accept,n/a
ISIC_0029526,nv,nv,0.016156316,0.00039131628,auto_accept,n/a
ISIC_0027036,nv,nv,0.47608107,0.1618653,auto_accept,n/a
ISIC_0033868,bkl,nv,0.37996078,0.0019210046,auto_accept,n/a
ISIC_0026978,bcc,bcc,0.21184295,0.9880568,auto_accept,n/a
ISIC_0027075,nv,nv,0.015014172,5.0516755e-06,auto_accept,n/a
ISIC_0028410,mel,nv,0.84447277,0.4156402,escalate,n/a
ISIC_0025993,nv,nv,0.825518,0.36400607,auto_accept,n/a
ISIC_0030878,nv,nv,0.6249069,0.21803969,auto_accept,n/a
ISIC_0029522,bkl,mel,0.13319367,0.958245,auto_accept,n/a
ISIC_0026433,bcc,bcc,0.6856053,0.7743007,auto_accept,n/a
ISIC_0030835,bkl,df,0.8325155,0.14097197,auto_accept,n/a
ISIC_0034148,nv,nv,0.65272546,0.032753587,auto_accept,n/a
ISIC_0030509,nv,nv,0.032050192,0.0040639127,auto_accept,n/a
ISIC_0033749,vasc,vasc,0.00030052662,0.00067961036,auto_accept,n/a
ISIC_0024821,nv,nv,0.30643582,0.07767175,auto_accept,n/a
ISIC_0029783,df,df,0.47395718,0.08689444,auto_accept,n/a
ISIC_0033767,nv,nv,0.10056001,0.007805838,auto_accept,n/a
ISIC_0025742,nv,nv,0.5787337,0.36882427,auto_accept,n/a
ISIC_0030889,nv,nv,0.0780409,0.00048546118,auto_accept,n/a
ISIC_0033195,bkl,bkl,0.8628016,0.017873006,escalate,n/a
ISIC_0026205,bkl,nv,0.71623695,0.020455861,auto_accept,n/a
ISIC_0027511,nv,nv,0.032044172,0.00024363531,auto_accept,n/a
ISIC_0025883,bkl,bkl,0.29856038,0.02597068,auto_accept,n/a
ISIC_0034089,mel,bcc,0.64863056,0.8809948,auto_accept,n/a
ISIC_0030032,mel,mel,0.19361961,0.9068628,auto_accept,n/a
ISIC_0033519,nv,nv,0.6114595,0.32628563,auto_accept,n/a
ISIC_0032011,nv,nv,0.017523527,1.3425619e-05,auto_accept,n/a
ISIC_0030608,bkl,mel,0.8359076,0.5199915,escalate,n/a
ISIC_0026619,nv,nv,0.009642839,0.00014210166,auto_accept,n/a
ISIC_0034029,nv,nv,0.95458716,0.4309381,escalate,n/a
ISIC_0025759,nv,nv,0.14686722,0.009975759,auto_accept,n/a
ISIC_0030480,nv,nv,0.35223913,0.00014132926,auto_accept,n/a
ISIC_0032686,nv,nv,0.8037304,0.49874014,auto_accept,n/a
ISIC_0025828,nv,nv,0.020798087,0.0027986693,auto_accept,n/a
ISIC_0030527,nv,nv,0.016775608,3.5507658e-06,auto_accept,n/a
ISIC_0028169,nv,nv,0.01287955,0.0012953029,auto_accept,n/a
ISIC_0025168,nv,nv,0.77782786,0.28884235,auto_accept,n/a
ISIC_0028053,nv,nv,0.85990626,0.0028473118,escalate,n/a
ISIC_0033792,nv,nv,0.8910917,0.32600847,escalate,n/a
ISIC_0028093,nv,nv,0.015038133,0.0012373392,auto_accept,n/a
ISIC_0024460,nv,nv,0.8067422,0.0005987475,auto_accept,n/a
ISIC_0025231,nv,mel,0.37714964,0.8206592,auto_accept,n/a
ISIC_0032901,nv,mel,0.14652616,0.98259544,auto_accept,n/a
ISIC_0026298,bkl,akiec,0.015660763,0.98288924,auto_accept,n/a
ISIC_0034131,nv,mel,0.07513672,0.9835443,auto_accept,n/a
ISIC_0024535,nv,nv,0.07697672,0.013263319,auto_accept,n/a
ISIC_0026774,mel,nv,0.054145157,0.00081108813,auto_accept,n/a
ISIC_0031731,nv,nv,0.019263327,0.00023966767,auto_accept,n/a
ISIC_0028392,nv,nv,0.005581796,5.4598595e-06,auto_accept,n/a
ISIC_0027202,bkl,akiec,0.42844975,0.6746416,auto_accept,n/a
ISIC_0027696,nv,nv,0.0026631951,5.7057305e-06,auto_accept,n/a
ISIC_0028734,nv,mel,0.9834622,0.3658001,escalate,n/a
ISIC_0029695,nv,nv,0.1949141,0.0026373123,auto_accept,n/a
ISIC_0028641,nv,nv,0.117524624,0.008956243,auto_accept,n/a
ISIC_0033111,nv,nv,0.14306211,0.01931494,auto_accept,n/a
ISIC_0033424,mel,bkl,0.5291041,0.2814724,auto_accept,n/a
ISIC_0028905,nv,nv,0.5827744,0.34076825,auto_accept,n/a
ISIC_0028383,nv,nv,0.0117896795,0.00038189124,auto_accept,n/a
ISIC_0032330,bkl,df,0.4340111,2.0764687e-06,auto_accept,n/a
ISIC_0025122,nv,nv,0.5023742,0.08699262,auto_accept,n/a
ISIC_0027025,bkl,bkl,0.8088045,0.0026095342,auto_accept,n/a
ISIC_0033648,nv,vasc,0.2592721,0.094530754,auto_accept,n/a
ISIC_0025306,nv,nv,0.0073741674,0.00038164464,auto_accept,n/a
ISIC_0027392,bkl,akiec,0.7376095,0.53931886,auto_accept,n/a
ISIC_0034178,nv,mel,0.548105,0.6373703,auto_accept,n/a
ISIC_0031089,nv,nv,0.18869895,0.00054424384,auto_accept,n/a
ISIC_0026859,nv,nv,0.015094876,5.3825413e-05,auto_accept,n/a
ISIC_0030593,nv,nv,0.6001008,0.112780675,auto_accept,n/a
ISIC_0031420,nv,nv,0.2961337,0.0011556961,auto_accept,n/a
ISIC_0025347,nv,nv,0.019912302,6.646232e-05,auto_accept,n/a
ISIC_0025889,nv,nv,0.09542066,0.00010446944,auto_accept,n/a
ISIC_0031678,nv,mel,0.35236257,0.84638566,auto_accept,n/a
ISIC_0032488,nv,nv,0.017072082,0.0019290368,auto_accept,n/a
ISIC_0025807,vasc,vasc,0.0064892173,0.005253237,auto_accept,n/a
ISIC_0026220,nv,nv,0.03540337,0.00013751359,auto_accept,n/a
ISIC_0025443,nv,mel,0.57160205,0.71502054,auto_accept,n/a
ISIC_0028893,nv,nv,0.014269173,4.01971e-05,auto_accept,n/a
ISIC_0032638,mel,mel,0.5542878,0.6487352,auto_accept,n/a
ISIC_0031931,mel,akiec,0.24333394,0.91914874,auto_accept,n/a
ISIC_0029517,nv,nv,0.24107778,0.00013010475,auto_accept,n/a
ISIC_0026283,nv,nv,0.5122546,0.0008455181,auto_accept,n/a
ISIC_0032086,nv,bcc,0.9597399,0.9722421,escalate,n/a
ISIC_0029426,nv,nv,0.03810221,0.00062406866,auto_accept,n/a
ISIC_0027435,bkl,bkl,0.81358486,0.007234613,auto_accept,n/a
ISIC_0030468,nv,nv,0.0058971643,0.0002521079,auto_accept,n/a
ISIC_0027789,nv,nv,0.26946366,0.005996992,auto_accept,n/a
ISIC_0029698,mel,bcc,0.43474126,0.9173097,auto_accept,n/a
ISIC_0028400,nv,bcc,0.18020427,0.662644,auto_accept,n/a
ISIC_0029017,mel,nv,0.28788072,0.15469408,auto_accept,n/a
ISIC_0030134,mel,vasc,0.96140605,0.01112908,escalate,n/a
ISIC_0032015,nv,nv,0.73220015,0.06697298,auto_accept,n/a
ISIC_0032279,nv,nv,0.6575618,0.28778762,auto_accept,n/a
ISIC_0028449,bkl,bkl,0.069318295,0.10118297,auto_accept,n/a
ISIC_0024331,bcc,bcc,0.08860016,0.9801718,auto_accept,n/a
ISIC_0031389,mel,nv,0.74366987,0.4222516,auto_accept,n/a
ISIC_0025810,bkl,bkl,0.02330035,0.010494211,auto_accept,n/a
ISIC_0025610,nv,nv,0.1524629,0.034365147,auto_accept,n/a
ISIC_0031673,nv,nv,0.009839356,0.0006674451,auto_accept,n/a
ISIC_0028007,nv,nv,0.051396847,1.9863539e-05,auto_accept,n/a
ISIC_0025327,nv,bkl,0.990962,0.2757239,escalate,n/a
ISIC_0030289,nv,nv,0.03546691,0.0008842005,auto_accept,n/a
ISIC_0033461,nv,nv,0.19095802,0.05229801,auto_accept,n/a
ISIC_0028168,bcc,bcc,0.02668482,0.9893897,auto_accept,n/a
ISIC_0028974,nv,nv,0.10511595,0.00013975728,auto_accept,n/a
ISIC_0030198,nv,nv,0.98234725,0.4542515,escalate,n/a
ISIC_0032125,nv,nv,0.45932114,0.21642141,auto_accept,n/a
ISIC_0033031,vasc,vasc,0.00071418285,0.0016777727,auto_accept,n/a
ISIC_0029079,nv,nv,0.46866673,0.06511465,auto_accept,n/a
ISIC_0025999,nv,nv,0.0066441894,0.001234441,auto_accept,n/a
ISIC_0032741,bcc,bcc,0.28291196,0.95285386,auto_accept,n/a
ISIC_0031772,nv,nv,0.012810826,0.0014940745,auto_accept,n/a
ISIC_0026127,nv,nv,0.26226574,0.00020018956,auto_accept,n/a
ISIC_0031225,bcc,mel,0.6541109,0.7026422,auto_accept,n/a
ISIC_0032714,nv,nv,0.15529007,0.011254262,auto_accept,n/a
ISIC_0032592,mel,mel,0.2744395,0.94733864,auto_accept,n/a
ISIC_0030559,nv,nv,0.25779676,0.055172574,auto_accept,n/a
ISIC_0030679,nv,nv,0.018205404,0.0002723758,auto_accept,n/a
ISIC_0024759,nv,nv,0.0036165714,4.9537022e-05,auto_accept,n/a
ISIC_0025663,mel,mel,0.2459948,0.8540379,auto_accept,n/a
ISIC_0029703,nv,nv,0.04882753,0.0056030764,auto_accept,n/a
ISIC_0029772,nv,nv,0.011194468,0.00017409239,auto_accept,n/a
ISIC_0030851,nv,nv,0.022565722,0.0030170698,auto_accept,n/a
ISIC_0030006,nv,nv,0.49135375,0.09798075,auto_accept,n/a
ISIC_0032334,nv,mel,0.3402717,0.81874263,auto_accept,n/a
ISIC_0029825,nv,mel,0.58955693,0.67175686,auto_accept,n/a
ISIC_0031267,nv,nv,0.018977642,2.087472e-05,auto_accept,n/a
ISIC_0030740,nv,nv,0.21936792,0.024722703,auto_accept,n/a
ISIC_0027854,nv,nv,0.004156947,8.577554e-06,auto_accept,n/a
ISIC_0029335,nv,nv,0.01189661,1.9395491e-05,auto_accept,n/a
ISIC_0029668,nv,bkl,0.80161643,0.0437717,auto_accept,n/a
ISIC_0028246,nv,nv,0.02012074,0.0005882568,auto_accept,n/a
ISIC_0027176,nv,nv,0.0055742264,0.0001724148,auto_accept,n/a
ISIC_0025518,nv,nv,0.3359542,0.07535346,auto_accept,n/a
ISIC_0031933,nv,nv,0.8533876,0.38808852,escalate,n/a
ISIC_0031762,bcc,bcc,0.00077980757,0.99991894,auto_accept,n/a
ISIC_0029761,nv,vasc,0.8064847,0.00042498807,auto_accept,n/a
ISIC_0026720,akiec,akiec,0.8756702,0.54954165,escalate,n/a
ISIC_0029866,nv,nv,0.7955504,0.20769763,auto_accept,n/a
ISIC_0033098,nv,nv,0.24158967,0.085323535,auto_accept,n/a
ISIC_0027565,nv,nv,0.5320821,0.02454848,auto_accept,n/a
ISIC_0026922,nv,nv,0.39375615,0.15210502,auto_accept,n/a
ISIC_0033021,nv,nv,0.40553236,0.16337465,auto_accept,n/a
ISIC_0029198,nv,nv,0.014558971,0.0010335147,auto_accept,n/a
ISIC_0025090,nv,nv,0.016120195,0.00019623523,auto_accept,n/a
ISIC_0031436,bkl,df,0.6321638,0.00019004241,auto_accept,n/a
ISIC_0026565,nv,nv,0.07948482,0.0018310752,auto_accept,n/a
ISIC_0028567,mel,nv,0.3870629,0.36183298,auto_accept,n/a
ISIC_0030970,mel,mel,0.111679494,0.94636494,auto_accept,n/a
ISIC_0027413,nv,nv,0.025350332,0.0018617796,auto_accept,n/a
ISIC_0028513,nv,nv,0.16239762,0.00452153,auto_accept,n/a
ISIC_0030068,nv,nv,0.053625345,0.0025923497,auto_accept,n/a
ISIC_0027467,nv,nv,0.030516207,0.0006861979,auto_accept,n/a
ISIC_0030859,nv,nv,0.07901704,0.0042695417,auto_accept,n/a
ISIC_0029956,nv,nv,0.023681343,6.156799e-05,auto_accept,n/a
ISIC_0034057,bkl,akiec,0.2878666,0.7319563,auto_accept,n/a
ISIC_0030990,nv,nv,0.47537893,0.07685004,auto_accept,n/a
ISIC_0026455,nv,nv,0.35893154,0.06823995,auto_accept,n/a
ISIC_0025794,nv,nv,0.058859766,0.0003605546,auto_accept,n/a
ISIC_0033707,nv,nv,0.14364094,0.04666968,auto_accept,n/a
ISIC_0030909,nv,nv,0.24670124,0.055575065,auto_accept,n/a
ISIC_0025047,nv,nv,0.1234594,0.011445472,auto_accept,n/a
ISIC_0024334,nv,nv,0.05681473,0.0020173544,auto_accept,n/a
ISIC_0024577,nv,mel,0.40325063,0.8563455,auto_accept,n/a
ISIC_0031501,nv,nv,0.13901556,0.015402323,auto_accept,n/a
ISIC_0030772,nv,bkl,0.5166897,0.021985125,auto_accept,n/a
ISIC_0027843,nv,nv,0.07552332,0.0029930808,auto_accept,n/a
ISIC_0031086,nv,nv,0.0113582015,9.0805515e-05,auto_accept,n/a
ISIC_0031195,nv,nv,0.12807024,0.0016587214,auto_accept,n/a
ISIC_0025124,nv,nv,0.11340141,0.00016534442,auto_accept,n/a
ISIC_0034237,nv,nv,0.2551778,0.0173742,auto_accept,n/a
ISIC_0028722,nv,nv,0.010901034,0.0007679266,auto_accept,n/a
ISIC_0032898,bkl,bkl,0.7244486,0.081920244,auto_accept,n/a
ISIC_0025230,nv,nv,0.34800112,0.007806465,auto_accept,n/a
ISIC_0031584,bkl,df,0.58844244,0.05579686,auto_accept,n/a
ISIC_0029345,bkl,nv,0.5639324,0.0025367034,auto_accept,n/a
ISIC_0026279,nv,nv,0.23944175,0.0050808056,auto_accept,n/a
ISIC_0027259,nv,vasc,0.4928211,0.0034840284,auto_accept,n/a
ISIC_0024531,nv,nv,0.010336041,0.00019771556,auto_accept,n/a
ISIC_0025460,nv,nv,0.0045993924,5.1161987e-05,auto_accept,n/a
ISIC_0026573,nv,nv,0.93851274,0.21544331,escalate,n/a
ISIC_0030024,nv,nv,0.060677826,0.00051799114,auto_accept,n/a
ISIC_0033127,bkl,bkl,0.69961643,0.21794462,auto_accept,n/a
ISIC_0028185,nv,nv,0.6526754,0.012370519,auto_accept,n/a
ISIC_0024944,nv,mel,0.6086905,0.7044625,auto_accept,n/a
ISIC_0032582,nv,nv,0.7860606,0.01991317,auto_accept,n/a
ISIC_0028441,nv,mel,0.8049582,0.43131354,auto_accept,n/a
ISIC_0032092,bcc,akiec,0.9251497,0.9368822,escalate,n/a
ISIC_0032087,nv,nv,0.004009664,1.02881895e-05,auto_accept,n/a
ISIC_0028618,nv,mel,0.48173344,0.81920487,auto_accept,n/a
ISIC_0033492,nv,mel,0.4311118,0.71727836,auto_accept,n/a
ISIC_0029621,nv,nv,0.022324562,0.0026851478,auto_accept,n/a
ISIC_0026745,mel,bkl,0.8976823,0.34992597,escalate,n/a
ISIC_0033945,bkl,bkl,0.6227637,0.1566692,auto_accept,n/a
ISIC_0030449,nv,nv,0.019812346,0.00025660123,auto_accept,n/a
ISIC_0027545,bcc,bcc,0.49051332,0.58529276,auto_accept,n/a
ISIC_0027808,nv,nv,0.09934062,0.0051132203,auto_accept,n/a
ISIC_0030829,nv,nv,0.028413177,0.0019137738,auto_accept,n/a
ISIC_0033803,nv,vasc,0.032042682,0.057939164,auto_accept,n/a
ISIC_0031491,nv,nv,0.03995222,0.0007379287,auto_accept,n/a
ISIC_0031554,mel,mel,0.37433398,0.8150279,auto_accept,n/a
ISIC_0024550,bcc,bcc,0.27405524,0.9956513,auto_accept,n/a
ISIC_0031966,nv,nv,0.011331022,0.00014512161,auto_accept,n/a
ISIC_0030001,nv,nv,0.020342946,0.00015623675,auto_accept,n/a
ISIC_0032944,nv,nv,0.1738959,0.0029161826,auto_accept,n/a
ISIC_0033426,mel,mel,0.043444812,0.9892335,auto_accept,n/a
ISIC_0025041,nv,nv,0.31899828,0.00018174878,auto_accept,n/a
ISIC_0028378,nv,nv,0.11869687,0.013983021,auto_accept,n/a
ISIC_0031448,nv,nv,0.051109612,0.0401182,auto_accept,n/a
ISIC_0027044,df,df,0.3916183,0.000109607194,auto_accept,n/a
ISIC_0034263,mel,mel,0.15809321,0.89128935,auto_accept,n/a
ISIC_0032780,nv,mel,0.66794443,0.6385525,auto_accept,n/a
ISIC_0030881,nv,nv,0.05166042,0.0011652153,auto_accept,n/a
ISIC_0034319,nv,nv,0.094613135,0.029590348,auto_accept,n/a
ISIC_0026689,nv,nv,0.014513016,5.5817814e-05,auto_accept,n/a
ISIC_0030490,nv,nv,0.0067765713,0.00013330684,auto_accept,n/a
ISIC_0028290,nv,nv,0.45528144,0.00042752852,auto_accept,n/a
ISIC_0030489,nv,nv,0.0402897,0.00072338,auto_accept,n/a
ISIC_0032739,nv,mel,0.2656998,0.83852404,auto_accept,n/a
ISIC_0025242,nv,nv,0.0071157813,6.5735454e-05,auto_accept,n/a
ISIC_0029680,bcc,bcc,0.16887331,0.98225313,auto_accept,n/a
ISIC_0033719,nv,nv,0.095670044,0.0073012253,auto_accept,n/a
ISIC_0030347,nv,nv,0.042880297,0.0004974754,auto_accept,n/a
ISIC_0028453,nv,vasc,0.0003952384,7.2250485e-05,auto_accept,n/a
ISIC_0033279,mel,mel,0.2146768,0.89875555,auto_accept,n/a
ISIC_0024470,akiec,df,0.19817317,0.33585832,auto_accept,n/a
ISIC_0029489,bcc,bcc,0.025184631,0.99684143,auto_accept,n/a
ISIC_0025035,mel,mel,0.3308136,0.8836011,auto_accept,n/a
ISIC_0027111,nv,nv,0.017267048,0.00019022188,auto_accept,n/a
ISIC_0030562,nv,nv,0.009768665,0.00028975672,auto_accept,n/a
ISIC_0024522,akiec,bkl,0.9037341,0.29812545,escalate,n/a
ISIC_0025732,mel,mel,0.25156283,0.85877424,auto_accept,n/a
ISIC_0034210,nv,nv,0.57828385,0.1911978,auto_accept,n/a
ISIC_0027844,nv,nv,0.0128958225,6.1302264e-05,auto_accept,n/a
ISIC_0032206,akiec,df,0.13282198,0.113926426,auto_accept,n/a
ISIC_0026571,mel,akiec,0.30954015,0.8222012,auto_accept,n/a
ISIC_0028046,nv,nv,0.006206572,0.00012027391,auto_accept,n/a
ISIC_0030125,nv,nv,0.2559809,0.02804118,auto_accept,n/a
ISIC_0033740,nv,bkl,0.88347983,0.0759255,escalate,n/a
ISIC_0027851,bcc,bcc,0.067715704,0.96678895,auto_accept,n/a
ISIC_0030205,nv,nv,0.102727294,0.013005069,auto_accept,n/a
ISIC_0029765,nv,nv,0.037903428,0.00020323505,auto_accept,n/a
ISIC_0027870,nv,nv,0.064149976,0.0038791958,auto_accept,n/a
ISIC_0027289,nv,nv,0.067768514,0.017851695,auto_accept,n/a
ISIC_0025483,nv,nv,0.02543044,0.0005113164,auto_accept,n/a
ISIC_0033769,nv,nv,0.017427564,5.9077356e-05,auto_accept,n/a
ISIC_0026355,nv,nv,0.07276726,8.106475e-06,auto_accept,n/a
ISIC_0031588,nv,nv,0.045883,0.00094262854,auto_accept,n/a
ISIC_0032045,bkl,mel,0.8119544,0.7128759,auto_accept,n/a
ISIC_0026057,nv,nv,0.27371848,0.011358336,auto_accept,n/a
ISIC_0024950,nv,nv,0.057603836,0.00028624185,auto_accept,n/a
ISIC_0025991,nv,nv,0.0142451525,0.00072401186,auto_accept,n/a
ISIC_0024488,nv,nv,0.13298416,0.0015626737,auto_accept,n/a
ISIC_0033380,nv,nv,0.2948106,0.07360781,auto_accept,n/a
ISIC_0028957,nv,nv,0.03651321,0.0043713963,auto_accept,n/a
ISIC_0024351,mel,mel,0.37863368,0.7822268,auto_accept,n/a
ISIC_0027526,bcc,bcc,0.01606816,0.99826473,auto_accept,n/a
ISIC_0030515,nv,nv,0.01847881,0.015747905,auto_accept,n/a
ISIC_0026894,nv,df,0.88458836,0.000529818,escalate,n/a
ISIC_0024401,nv,nv,0.014007211,3.1905773e-05,auto_accept,n/a
ISIC_0032687,mel,mel,0.21713287,0.8208428,auto_accept,n/a
ISIC_0033745,nv,vasc,0.5380759,0.3459723,auto_accept,n/a
ISIC_0024918,mel,nv,0.40113133,0.16758029,auto_accept,n/a
ISIC_0034054,nv,nv,0.29646814,0.21993828,auto_accept,n/a
ISIC_0029379,nv,nv,0.11272544,0.0011903067,auto_accept,n/a
ISIC_0027169,nv,nv,0.025290132,0.00019571201,auto_accept,n/a
ISIC_0027069,mel,akiec,0.0066135526,0.9954028,auto_accept,n/a
ISIC_0025743,bkl,bkl,0.87119246,0.38194516,escalate,n/a
ISIC_0027944,nv,nv,0.030291677,9.346641e-05,auto_accept,n/a
ISIC_0033475,nv,nv,0.8750993,0.104794025,escalate,n/a
ISIC_0031719,vasc,nv,0.33114618,0.00035649093,auto_accept,n/a
ISIC_0026509,nv,nv,0.5386454,0.00057970145,auto_accept,n/a
ISIC_0033711,nv,nv,0.43675172,0.02320743,auto_accept,n/a
ISIC_0032796,nv,nv,0.36810017,0.2578704,auto_accept,n/a
ISIC_0026177,nv,mel,0.87861705,0.50025994,escalate,n/a
ISIC_0030846,nv,nv,0.024359286,0.00019041768,auto_accept,n/a
ISIC_0031626,nv,nv,0.024325728,0.005764035,auto_accept,n/a
ISIC_0033262,bkl,bkl,0.5615213,0.014051798,auto_accept,n/a
ISIC_0031367,nv,nv,0.866194,0.004580051,escalate,n/a
ISIC_0032876,bkl,nv,0.90534085,0.14586674,escalate,n/a
ISIC_0031378,bcc,bcc,0.10559797,0.79996353,auto_accept,n/a
ISIC_0033702,nv,nv,0.048742592,0.0037093742,auto_accept,n/a
ISIC_0029085,nv,nv,0.013951659,0.00030792414,auto_accept,n/a
ISIC_0030699,nv,nv,0.08810109,0.036225785,auto_accept,n/a
ISIC_0027173,nv,nv,0.047192574,0.0015536591,auto_accept,n/a
ISIC_0030423,mel,mel,0.36401373,0.8406091,auto_accept,n/a
ISIC_0027077,nv,nv,0.6054872,0.036744952,auto_accept,n/a
ISIC_0024306,nv,nv,0.053301394,0.0017874857,auto_accept,n/a
ISIC_0026058,nv,nv,0.07544404,0.0018125715,auto_accept,n/a
ISIC_0032357,nv,nv,0.020736694,0.00039459634,auto_accept,n/a
ISIC_0027564,nv,nv,0.065928936,0.01627204,auto_accept,n/a
ISIC_0031472,nv,nv,0.011750758,0.0003333325,auto_accept,n/a
ISIC_0026136,nv,nv,0.015685499,0.0008166564,auto_accept,n/a
ISIC_0027583,nv,nv,0.007156968,6.652048e-05,auto_accept,n/a
ISIC_0031608,nv,nv,0.0057817698,0.00037946145,auto_accept,n/a
ISIC_0030936,nv,nv,0.008543491,0.00030320341,auto_accept,n/a
ISIC_0031541,nv,nv,0.018092573,0.00246151,auto_accept,n/a
ISIC_0024409,bkl,bkl,0.14293426,0.0044144094,auto_accept,n/a
ISIC_0031748,nv,mel,0.27534807,0.8504259,auto_accept,n/a
ISIC_0026232,nv,nv,0.17073995,0.0014746666,auto_accept,n/a
ISIC_0026078,nv,nv,0.012393832,0.00018810817,auto_accept,n/a
ISIC_0030646,nv,nv,0.015293837,6.5482374e-05,auto_accept,n/a
ISIC_0029875,nv,nv,0.58688706,0.0005983611,auto_accept,n/a
ISIC_0029971,nv,nv,0.00691092,8.934345e-05,auto_accept,n/a
ISIC_0025225,nv,nv,0.19546008,0.023725806,auto_accept,n/a
ISIC_0028586,nv,bkl,0.9011385,0.01400335,escalate,n/a
ISIC_0032458,nv,nv,0.01935047,0.0005304673,auto_accept,n/a
ISIC_0032003,nv,nv,0.1630333,0.000991105,auto_accept,n/a
ISIC_0029520,nv,nv,0.6246685,0.008247741,auto_accept,n/a
ISIC_0033093,nv,mel,0.9405886,0.35585573,escalate,n/a
ISIC_0031171,bcc,bcc,0.03951925,0.9909313,auto_accept,n/a
ISIC_0027195,nv,nv,0.0643636,7.665127e-05,auto_accept,n/a
ISIC_0027200,nv,nv,0.013687253,0.00021482464,auto_accept,n/a
ISIC_0032197,mel,nv,0.3188218,0.022691263,auto_accept,n/a
ISIC_0025699,bkl,nv,0.1360631,0.008872076,auto_accept,n/a
ISIC_0029179,nv,nv,0.3617639,0.07044841,auto_accept,n/a
ISIC_0030012,nv,nv,0.2700324,0.13399664,auto_accept,n/a
ISIC_0031801,nv,nv,0.0036575794,5.9067723e-05,auto_accept,n/a
ISIC_0030370,nv,nv,0.14029598,0.019816041,auto_accept,n/a
ISIC_0032563,nv,nv,0.30667114,0.00035536187,auto_accept,n/a
ISIC_0030041,nv,nv,0.084964156,0.0001969017,auto_accept,n/a
ISIC_0029544,nv,bkl,0.18831009,0.0416146,auto_accept,n/a
ISIC_0030264,nv,bkl,0.6887562,0.09675781,auto_accept,n/a
ISIC_0024486,nv,nv,0.26942974,0.4479886,auto_accept,n/a
ISIC_0033825,nv,mel,0.99050725,0.45646185,escalate,n/a
ISIC_0029597,nv,nv,0.57773083,0.012789495,auto_accept,n/a
ISIC_0029114,nv,nv,0.03058517,0.00030729626,auto_accept,n/a
ISIC_0026608,nv,bkl,0.8207623,0.46104187,auto_accept,n/a
ISIC_0025389,bkl,df,0.24028397,0.45829695,auto_accept,n/a
ISIC_0025900,nv,nv,0.6276568,9.525137e-05,auto_accept,n/a
ISIC_0027566,nv,nv,0.0037300587,0.00019144262,auto_accept,n/a
ISIC_0028566,nv,nv,0.0031861663,3.2865402e-05,auto_accept,n/a
ISIC_0032786,nv,nv,0.24466825,0.009499818,auto_accept,n/a
ISIC_0030839,nv,bkl,0.29856974,0.031411853,auto_accept,n/a
ISIC_0028374,nv,nv,0.021870375,0.0038607658,auto_accept,n/a
ISIC_0033766,nv,mel,0.7111203,0.65621287,auto_accept,n/a
ISIC_0034316,mel,mel,0.12953377,0.95410687,auto_accept,n/a
ISIC_0027233,nv,nv,0.031531155,0.0002982384,auto_accept,n/a
ISIC_0028371,nv,nv,0.09704316,0.03960184,auto_accept,n/a
ISIC_0024873,nv,nv,0.09921855,0.00027153932,auto_accept,n/a
ISIC_0029779,bcc,vasc,0.017756999,0.00373282,auto_accept,n/a
ISIC_0027761,nv,nv,0.07139981,0.015146312,auto_accept,n/a
ISIC_0025760,nv,nv,0.014617741,0.0003182792,auto_accept,n/a
ISIC_0027287,bkl,mel,0.13423818,0.94988316,auto_accept,n/a
ISIC_0030955,nv,nv,0.035378993,0.00034392602,auto_accept,n/a
ISIC_0025216,nv,nv,0.0369038,5.2028645e-06,auto_accept,n/a
ISIC_0025897,nv,nv,0.22964585,0.007803936,auto_accept,n/a
ISIC_0031169,bcc,bcc,0.028072,0.92593527,auto_accept,n/a
ISIC_0032403,nv,nv,0.101382315,0.00049326965,auto_accept,n/a
ISIC_0030627,nv,nv,0.03011781,0.00015795986,auto_accept,n/a
ISIC_0028235,nv,nv,0.50753915,0.00580927,auto_accept,n/a
ISIC_0033113,nv,nv,0.07157409,0.016398896,auto_accept,n/a
ISIC_0031620,bkl,bkl,0.61536676,0.3502423,auto_accept,n/a
ISIC_0031068,nv,nv,0.02256465,0.00014752753,auto_accept,n/a
ISIC_0026610,nv,bkl,0.6060426,0.08289427,auto_accept,n/a
ISIC_0030631,nv,nv,0.07975578,0.001430816,auto_accept,n/a
ISIC_0025322,bcc,bcc,0.61832845,0.9229496,auto_accept,n/a
ISIC_0030129,mel,nv,0.97583354,0.3883701,escalate,n/a
ISIC_0029957,nv,nv,0.009723723,4.0565785e-05,auto_accept,n/a
ISIC_0027651,mel,mel,0.3850338,0.8447281,auto_accept,n/a
ISIC_0034107,mel,nv,0.67995083,0.19028382,auto_accept,n/a
ISIC_0027922,nv,nv,0.32779193,0.051239815,auto_accept,n/a
ISIC_0024491,nv,nv,0.085158706,0.0003518181,auto_accept,n/a
ISIC_0030337,nv,df,0.967286,0.019602701,escalate,n/a
ISIC_0031480,nv,nv,0.118344486,0.0012834528,auto_accept,n/a
ISIC_0024390,nv,nv,0.0632242,0.0005781295,auto_accept,n/a
ISIC_0024585,nv,nv,0.014239907,2.8845729e-05,auto_accept,n/a
ISIC_0031163,nv,nv,0.29818803,0.06527335,auto_accept,n/a
ISIC_0026351,bkl,mel,0.90656704,0.8698129,escalate,n/a
ISIC_0024378,nv,vasc,0.3598808,0.054663755,auto_accept,n/a
ISIC_0027117,bcc,vasc,0.53115165,0.064844996,auto_accept,n/a
ISIC_0034097,nv,mel,0.85886,0.57522446,escalate,n/a
ISIC_0026734,nv,nv,0.07354933,0.00035378936,auto_accept,n/a
ISIC_0027731,nv,nv,0.029376209,0.0016688576,auto_accept,n/a
ISIC_0033921,nv,nv,0.13907194,0.12618245,auto_accept,n/a
ISIC_0034049,mel,mel,0.13895619,0.92397517,auto_accept,n/a
ISIC_0028429,nv,nv,0.08708197,0.01570533,auto_accept,n/a
ISIC_0028884,nv,nv,0.22196114,0.055211175,auto_accept,n/a
ISIC_0031677,bkl,bkl,0.61504054,0.47822115,auto_accept,n/a
ISIC_0025042,nv,nv,0.012805104,0.00045611543,auto_accept,n/a
ISIC_0030332,nv,nv,0.12161052,0.0047701444,auto_accept,n/a
ISIC_0032673,nv,nv,0.94503593,0.31546083,escalate,n/a
ISIC_0033337,mel,mel,0.4517464,0.72062135,auto_accept,n/a
ISIC_0029542,nv,nv,0.17112929,0.040194508,auto_accept,n/a
ISIC_0033143,nv,nv,0.99134934,0.044525202,escalate,n/a
ISIC_0028150,nv,nv,0.5279798,0.02065975,auto_accept,n/a
ISIC_0029784,nv,nv,0.02333653,1.4256936e-05,auto_accept,n/a
ISIC_0025172,nv,bcc,0.9939667,0.6198615,escalate,n/a
ISIC_0029424,nv,nv,0.010244727,9.9322615e-06,auto_accept,n/a
ISIC_0032634,nv,bkl,0.68561256,0.03967174,auto_accept,n/a
ISIC_0028039,nv,nv,0.0076699853,0.0003250123,auto_accept,n/a
ISIC_0028910,nv,nv,0.2724442,0.0005694797,auto_accept,n/a
ISIC_0034173,mel,bkl,0.7312211,0.051928278,auto_accept,n/a
ISIC_0034163,nv,bkl,0.71881294,0.0003411615,auto_accept,n/a
ISIC_0026001,nv,nv,0.06679189,0.0026755875,auto_accept,n/a
ISIC_0029445,nv,df,0.508691,0.011924344,auto_accept,n/a
ISIC_0031131,nv,bkl,0.79427755,0.3412177,auto_accept,n/a
ISIC_0029308,bkl,bkl,0.77993363,0.1551674,auto_accept,n/a
ISIC_0024744,nv,nv,0.0081727505,3.5925277e-05,auto_accept,n/a
ISIC_0026128,nv,nv,0.025658548,0.0004367041,auto_accept,n/a
ISIC_0030539,mel,bkl,0.35581815,0.19237877,auto_accept,n/a
ISIC_0028675,nv,df,0.88584375,0.008827849,escalate,n/a
ISIC_0024865,mel,nv,0.5531915,0.165504,auto_accept,n/a
ISIC_0024667,nv,nv,0.068383515,0.00022005806,auto_accept,n/a
ISIC_0026939,nv,nv,0.1421181,0.0026127358,auto_accept,n/a
ISIC_0031496,bkl,akiec,0.5420134,0.9358272,auto_accept,n/a
ISIC_0029995,mel,akiec,0.43127382,0.8691385,auto_accept,n/a
ISIC_0025585,nv,nv,0.01785916,0.0012447472,auto_accept,n/a
ISIC_0031708,nv,mel,0.10644555,0.9350781,auto_accept,n/a
ISIC_0032721,nv,nv,0.75918007,0.081884906,auto_accept,n/a
ISIC_0026397,nv,nv,0.06504065,0.0008504843,auto_accept,n/a
ISIC_0029266,nv,nv,0.05820006,0.00029435987,auto_accept,n/a
ISIC_0024775,nv,nv,0.017306447,0.0004043899,auto_accept,n/a
ISIC_0030710,nv,nv,0.6234498,0.004031578,auto_accept,n/a
ISIC_0032852,nv,nv,0.16937101,0.018895252,auto_accept,n/a
ISIC_0025163,nv,nv,0.98978955,0.00061982736,escalate,n/a
ISIC_0034026,bcc,bcc,0.8555364,0.997115,escalate,n/a
ISIC_0028270,nv,nv,0.095407546,0.0021152233,auto_accept,n/a
ISIC_0031129,nv,nv,0.21575034,0.021388894,auto_accept,n/a
ISIC_0034273,nv,nv,0.46000594,0.23216045,auto_accept,n/a
ISIC_0033805,mel,nv,0.42446792,0.24640469,auto_accept,n/a
ISIC_0026843,bkl,nv,0.14852428,0.062229004,auto_accept,n/a
ISIC_0028240,nv,nv,0.11403674,0.0029116382,auto_accept,n/a
ISIC_0033387,mel,nv,0.9157279,0.33305728,escalate,n/a
ISIC_0034019,nv,nv,0.018569589,0.008871367,auto_accept,n/a
ISIC_0026645,akiec,akiec,0.9625397,0.9920655,escalate,n/a
ISIC_0031446,nv,nv,0.8371514,0.00040287795,escalate,n/a
ISIC_0028649,nv,nv,0.70420146,0.34282276,auto_accept,n/a
ISIC_0031440,nv,mel,0.8497704,0.457732,escalate,n/a
ISIC_0029269,nv,nv,0.40004689,0.07710357,auto_accept,n/a
ISIC_0030604,mel,mel,0.6042745,0.58670586,auto_accept,n/a
ISIC_0025615,nv,nv,0.3870892,0.0041207657,auto_accept,n/a
ISIC_0028901,mel,bkl,0.89042175,0.00279868,escalate,n/a
ISIC_0033788,nv,nv,0.6223619,0.016966322,auto_accept,n/a
ISIC_0031070,nv,nv,0.98496103,0.44860944,escalate,n/a
ISIC_0029903,nv,nv,0.056116104,0.00012816708,auto_accept,n/a
ISIC_0032287,mel,nv,0.89051545,0.36122057,escalate,n/a
ISIC_0027478,bcc,bcc,0.043566406,0.9795823,auto_accept,n/a
ISIC_0025653,nv,nv,0.30180538,0.12257228,auto_accept,n/a
ISIC_0033136,nv,vasc,0.008538723,0.0028542124,auto_accept,n/a
ISIC_0030284,nv,nv,0.1687426,0.015780132,auto_accept,n/a
ISIC_0030580,nv,df,0.84985733,0.46102414,escalate,n/a
ISIC_0027632,nv,nv,0.02230221,0.010510166,auto_accept,n/a
ISIC_0030227,bkl,mel,0.7110765,0.7490408,auto_accept,n/a
ISIC_0031804,nv,nv,0.0731616,7.880798e-05,auto_accept,n/a
ISIC_0029388,nv,nv,0.00415498,3.890576e-05,auto_accept,n/a
ISIC_0029508,nv,nv,0.0684855,0.0026881697,auto_accept,n/a
ISIC_0030992,nv,nv,0.009213209,0.000118762386,auto_accept,n/a
ISIC_0025701,nv,nv,0.06683564,0.0010991817,auto_accept,n/a
ISIC_0024890,bkl,mel,0.9434266,0.7843148,escalate,n/a
ISIC_0024567,nv,nv,0.013608575,0.00010929046,auto_accept,n/a
ISIC_0024991,nv,nv,0.010783613,0.0001316874,auto_accept,n/a
ISIC_0033214,nv,vasc,0.7580925,0.00029280363,auto_accept,n/a
ISIC_0031892,nv,nv,0.027030468,0.0021288886,auto_accept,n/a
ISIC_0033682,nv,nv,0.30586427,0.054903485,auto_accept,n/a
ISIC_0030072,nv,nv,0.27549595,0.048955128,auto_accept,n/a
ISIC_0027230,nv,nv,0.06769782,0.0010784228,auto_accept,n/a
ISIC_0029938,nv,nv,0.5288225,0.04374269,auto_accept,n/a
ISIC_0026091,bcc,bcc,0.4744048,0.59176815,auto_accept,n/a
ISIC_0026032,nv,nv,0.32243645,0.0014639719,auto_accept,n/a
ISIC_0024714,nv,nv,0.47602987,0.080561735,auto_accept,n/a
ISIC_0031081,nv,nv,0.8279797,0.1765063,auto_accept,n/a
ISIC_0030077,nv,nv,0.10025662,0.024483668,auto_accept,n/a
ISIC_0026297,nv,nv,0.38597226,0.27086288,auto_accept,n/a
ISIC_0027601,bcc,bcc,0.07088786,0.95589906,auto_accept,n/a
ISIC_0030104,vasc,vasc,0.0004439354,5.3925138e-05,auto_accept,n/a
ISIC_0031205,nv,nv,0.02930212,0.0011400224,auto_accept,n/a
ISIC_0029201,bcc,vasc,0.12005079,0.04428102,auto_accept,n/a
ISIC_0027424,nv,nv,0.0052749515,2.8825673e-06,auto_accept,n/a
ISIC_0025307,nv,nv,0.0057901144,1.8944289e-05,auto_accept,n/a
ISIC_0026946,nv,nv,0.024189591,0.00020046023,auto_accept,n/a
ISIC_0034021,nv,nv,0.63898444,0.42138714,auto_accept,n/a
ISIC_0028458,nv,nv,0.011478305,0.00016453982,auto_accept,n/a
ISIC_0034153,nv,bcc,0.31204134,0.98707485,auto_accept,n/a
ISIC_0032846,nv,nv,0.15934467,0.0035669089,auto_accept,n/a
ISIC_0026033,nv,nv,0.18704242,0.00089827605,auto_accept,n/a
ISIC_0027245,nv,nv,0.006446004,9.044721e-05,auto_accept,n/a
ISIC_0026244,nv,nv,0.10836178,0.0039623883,auto_accept,n/a
ISIC_0028287,nv,nv,0.39227438,0.14468533,auto_accept,n/a
ISIC_0027013,nv,nv,0.019173741,0.0009334072,auto_accept,n/a
ISIC_0025375,nv,nv,0.03024757,0.0012300103,auto_accept,n/a
ISIC_0033084,akiec,akiec,0.14137793,0.9391769,auto_accept,n/a
ISIC_0024555,nv,nv,0.055426836,0.0004648445,auto_accept,n/a
ISIC_0030657,nv,nv,0.020743191,0.0012357079,auto_accept,n/a
ISIC_0026021,nv,nv,0.00405246,1.8126551e-05,auto_accept,n/a
ISIC_0033421,nv,nv,0.30893588,0.005062729,auto_accept,n/a
ISIC_0027299,nv,nv,0.50839907,0.00057071756,auto_accept,n/a
ISIC_0027755,nv,nv,0.37409526,0.030947324,auto_accept,n/a
ISIC_0031207,nv,df,0.36665106,0.014695091,auto_accept,n/a
ISIC_0029104,nv,nv,0.24418533,0.0031954087,auto_accept,n/a
ISIC_0030723,bkl,bkl,0.051427662,0.035093963,auto_accept,n/a
ISIC_0032438,nv,nv,0.0036583543,2.032847e-05,auto_accept,n/a
ISIC_0025682,nv,nv,0.010802031,0.0003323542,auto_accept,n/a
ISIC_0031157,nv,nv,0.43957156,6.75918e-05,auto_accept,n/a
ISIC_0033611,mel,mel,0.87036455,0.39210945,escalate,n/a
ISIC_0033554,df,df,0.0004761219,0.00011768287,auto_accept,n/a
ISIC_0026724,nv,nv,0.0039646626,0.0002718403,auto_accept,n/a
ISIC_0026339,nv,nv,0.0037073493,8.014042e-05,auto_accept,n/a
ISIC_0030550,nv,nv,0.00562793,3.6354904e-05,auto_accept,n/a
ISIC_0026525,akiec,akiec,0.0007093549,0.99928766,auto_accept,n/a
ISIC_0025316,mel,nv,0.045876026,0.004751135,auto_accept,n/a
ISIC_0030770,vasc,vasc,0.04634732,0.013270453,auto_accept,n/a
ISIC_0032399,nv,nv,0.013036132,0.0009998622,auto_accept,n/a
ISIC_0027644,nv,df,0.8705285,0.00651021,escalate,n/a
ISIC_0028319,nv,nv,0.108735025,0.002058595,auto_accept,n/a
ISIC_0031667,nv,nv,0.076924026,0.023211483,auto_accept,n/a
ISIC_0030885,nv,nv,0.03179294,0.0016295136,auto_accept,n/a
ISIC_0025089,akiec,akiec,0.08493036,0.98114234,auto_accept,n/a
ISIC_0029275,nv,nv,0.0084738135,0.00015177159,auto_accept,n/a
ISIC_0026782,nv,nv,0.16851574,0.06590698,auto_accept,n/a
ISIC_0030763,nv,nv,0.050148904,0.0047615496,auto_accept,n/a
ISIC_0024666,bcc,bcc,0.25931162,0.9927642,auto_accept,n/a
ISIC_0031017,bkl,bkl,0.06759089,0.0014380586,auto_accept,n/a
ISIC_0032225,bcc,bcc,0.9923546,0.9163498,escalate,n/a
ISIC_0031030,nv,nv,0.50365025,0.00080340356,auto_accept,n/a
ISIC_0029930,akiec,akiec,0.007115543,0.98548186,auto_accept,n/a
ISIC_0027097,nv,nv,0.5392278,0.24599995,auto_accept,n/a
ISIC_0026833,nv,nv,0.02509731,0.006574282,auto_accept,n/a
ISIC_0033823,nv,nv,0.07323587,0.00785276,auto_accept,n/a
ISIC_0027204,mel,bkl,0.37368476,0.14069234,auto_accept,n/a
ISIC_0033670,mel,mel,0.41075206,0.7461423,auto_accept,n/a
ISIC_0026354,nv,nv,0.2588976,0.00034908616,auto_accept,n/a
ISIC_0031360,nv,nv,0.15744025,0.012149602,auto_accept,n/a
ISIC_0025913,nv,nv,0.044896126,0.00025441215,auto_accept,n/a
ISIC_0026637,bkl,nv,0.8623824,0.00049520493,escalate,n/a
ISIC_0025340,nv,nv,0.5230484,0.18477803,auto_accept,n/a
ISIC_0024858,nv,nv,0.011595607,0.00020678612,auto_accept,n/a
ISIC_0031852,akiec,mel,0.7051169,0.62417185,auto_accept,n/a
ISIC_0031622,nv,vasc,0.6545499,0.26669824,auto_accept,n/a
ISIC_0034013,nv,nv,0.053174257,0.010603343,auto_accept,n/a
ISIC_0027885,nv,nv,0.017259777,4.2386357e-05,auto_accept,n/a
ISIC_0027337,bcc,df,0.26274538,0.32000172,auto_accept,n/a
ISIC_0026873,nv,nv,0.033005595,6.361061e-06,auto_accept,n/a
ISIC_0026011,nv,nv,0.071374476,0.0058226944,auto_accept,n/a
ISIC_0031047,nv,nv,0.006862223,6.161978e-06,auto_accept,n/a
ISIC_0025020,nv,nv,0.31212598,0.024059106,auto_accept,n/a
ISIC_0031566,nv,nv,0.03309357,0.0019891276,auto_accept,n/a
ISIC_0030251,nv,nv,0.031921625,0.017637324,auto_accept,n/a
ISIC_0026381,nv,nv,0.3561356,0.009159131,auto_accept,n/a
ISIC_0027751,nv,bcc,0.0077522993,0.96943676,auto_accept,n/a
ISIC_0028117,nv,bcc,0.6746316,0.9712985,auto_accept,n/a
ISIC_0028936,nv,nv,0.08106029,0.026865205,auto_accept,n/a
ISIC_0031041,bcc,bcc,0.02475512,0.9760859,auto_accept,n/a
ISIC_0031949,nv,nv,0.23511666,0.0002688353,auto_accept,n/a
ISIC_0031669,nv,nv,0.83736587,0.26222515,escalate,n/a
ISIC_0028440,nv,nv,0.068573534,0.0016689799,auto_accept,n/a
ISIC_0026819,nv,nv,0.2024622,0.00025510346,auto_accept,n/a
ISIC_0034052,mel,mel,0.1403631,0.9317913,auto_accept,n/a
ISIC_0029271,mel,bkl,0.89603406,0.26870313,escalate,n/a
ISIC_0029228,nv,nv,0.017080486,0.00035952992,auto_accept,n/a
ISIC_0027512,nv,mel,0.9463883,0.4158044,escalate,n/a
ISIC_0024350,nv,nv,0.012533486,9.874031e-05,auto_accept,n/a
ISIC_0027443,nv,nv,0.020439267,0.00022146432,auto_accept,n/a
ISIC_0025481,nv,nv,0.06914365,9.190314e-05,auto_accept,n/a
ISIC_0031902,nv,nv,0.09041518,0.03767709,auto_accept,n/a
ISIC_0033210,nv,nv,0.9190066,0.082016595,escalate,n/a
ISIC_0031589,nv,nv,0.10901439,0.0006968882,auto_accept,n/a
ISIC_0028450,nv,bcc,0.44131112,0.74895966,auto_accept,n/a
ISIC_0026824,nv,nv,0.050516367,0.0008844272,auto_accept,n/a
ISIC_0027231,akiec,bkl,0.97672176,0.74060583,escalate,n/a
ISIC_0031549,nv,nv,0.031737387,0.00023404765,auto_accept,n/a
ISIC_0027530,nv,nv,0.14883322,0.0007608711,auto_accept,n/a
ISIC_0030326,nv,mel,0.14652848,0.9609957,auto_accept,n/a
ISIC_0033370,nv,nv,0.5178714,0.23931536,auto_accept,n/a
ISIC_0030815,nv,nv,0.007215917,6.869295e-05,auto_accept,n/a
ISIC_0025636,nv,nv,0.050287306,0.0023607982,auto_accept,n/a
ISIC_0028995,bkl,bkl,0.9998006,0.022989113,escalate,n/a
ISIC_0028467,mel,nv,0.2370162,0.08210695,auto_accept,n/a
ISIC_0030913,nv,nv,0.066274226,0.0022653865,auto_accept,n/a
ISIC_0029746,nv,mel,0.21652967,0.92211616,auto_accept,n/a
ISIC_0034218,mel,mel,0.29430073,0.8077095,auto_accept,n/a
ISIC_0025218,nv,nv,0.75225574,0.029906651,auto_accept,n/a
ISIC_0031122,bcc,bcc,0.001167655,0.99921286,auto_accept,n/a
ISIC_0024952,mel,nv,0.8937841,0.29110166,escalate,n/a
ISIC_0031792,nv,nv,0.039227724,0.021045923,auto_accept,n/a
ISIC_0033298,nv,nv,0.25130206,0.03604948,auto_accept,n/a
ISIC_0027072,nv,nv,0.57403195,0.15036105,auto_accept,n/a
ISIC_0025260,bcc,bcc,0.7135563,0.6540313,auto_accept,n/a
ISIC_0032081,mel,akiec,0.13805443,0.9055254,auto_accept,n/a
ISIC_0025727,nv,nv,0.10840988,0.038624678,auto_accept,n/a
ISIC_0026826,nv,nv,0.17228508,0.017104443,auto_accept,n/a
ISIC_0031304,nv,mel,0.35627425,0.9178319,auto_accept,n/a
ISIC_0031581,nv,nv,0.046146512,0.0004324548,auto_accept,n/a
ISIC_0031984,nv,nv,0.021987855,0.0044409987,auto_accept,n/a
ISIC_0032144,nv,nv,0.5866767,0.13892879,auto_accept,n/a
ISIC_0028634,nv,nv,0.007047355,8.756469e-05,auto_accept,n/a
ISIC_0028366,nv,nv,0.039386153,0.0016968547,auto_accept,n/a
ISIC_0026402,nv,nv,0.51086235,0.2703805,auto_accept,n/a
ISIC_0028842,bkl,akiec,0.06914365,0.9901372,auto_accept,n/a
ISIC_0032379,nv,nv,0.06090921,0.008528861,auto_accept,n/a
ISIC_0027370,bkl,nv,0.6513281,7.5597785e-07,auto_accept,n/a
ISIC_0033235,bkl,bkl,0.2355634,0.0061982544,auto_accept,n/a
ISIC_0033218,bcc,vasc,0.4827268,0.029209185,auto_accept,n/a
ISIC_0028517,akiec,df,0.1098007,0.43177864,auto_accept,n/a
ISIC_0027205,nv,nv,0.030431509,0.00010187133,auto_accept,n/a
ISIC_0030669,nv,nv,0.026012063,0.0007370952,auto_accept,n/a
ISIC_0026146,nv,nv,0.55374813,0.00025151102,auto_accept,n/a
ISIC_0031481,nv,nv,0.35565054,0.049896706,auto_accept,n/a
ISIC_0026366,nv,nv,0.47325665,0.0026946776,auto_accept,n/a
ISIC_0028506,nv,nv,0.007199824,0.0012166174,auto_accept,n/a
ISIC_0030190,nv,nv,0.046539605,0.0004879725,auto_accept,n/a
ISIC_0029134,nv,nv,0.03130138,1.4325846e-05,auto_accept,n/a
ISIC_0028058,nv,nv,0.022915244,0.00056184916,auto_accept,n/a
ISIC_0025003,nv,nv,0.11985797,0.0021951653,auto_accept,n/a
ISIC_0029946,nv,nv,0.023819089,0.0012913597,auto_accept,n/a
ISIC_0030214,nv,nv,0.017548382,0.0020591463,auto_accept,n/a
ISIC_0033219,nv,bkl,0.8089324,0.048315853,auto_accept,n/a
ISIC_0026791,nv,nv,0.043168068,0.00056176295,auto_accept,n/a
ISIC_0027548,nv,mel,0.99964094,0.6438531,escalate,n/a
ISIC_0032009,nv,nv,0.7603731,0.06497028,auto_accept,n/a
ISIC_0028978,bcc,bcc,0.88827956,0.8952246,escalate,n/a
ISIC_0029666,nv,nv,0.447999,0.08730657,auto_accept,n/a
ISIC_0025656,bkl,bkl,0.13344496,0.092000395,auto_accept,n/a
ISIC_0028909,nv,nv,0.8900257,0.07396862,escalate,n/a
ISIC_0028616,nv,nv,0.25658977,0.0078074704,auto_accept,n/a
ISIC_0032519,nv,bcc,0.1695416,0.685665,auto_accept,n/a
ISIC_0033224,nv,mel,0.89568937,0.41277453,escalate,n/a
ISIC_0024820,nv,nv,0.056695342,8.2703686e-05,auto_accept,n/a
ISIC_0029132,nv,nv,0.32716668,0.08618491,auto_accept,n/a
ISIC_0029652,mel,mel,0.9273462,0.9153403,escalate,n/a
ISIC_0026830,nv,nv,0.6652831,0.00036370967,auto_accept,n/a
ISIC_0030548,nv,nv,0.37393558,0.0030822004,auto_accept,n/a
ISIC_0026494,nv,nv,0.38501215,0.00970724,auto_accept,n/a
ISIC_0027045,nv,bkl,0.6481595,0.13088527,auto_accept,n/a
ISIC_0033356,nv,nv,0.063720465,0.0068269284,auto_accept,n/a
ISIC_0033134,nv,nv,0.7199037,0.094944745,auto_accept,n/a
ISIC_0027747,bkl,nv,0.1391074,0.00040420145,auto_accept,n/a
ISIC_0031616,nv,nv,0.23583704,0.0013852847,auto_accept,n/a
ISIC_0025651,mel,akiec,0.7470797,0.67268324,auto_accept,n/a
ISIC_0029485,nv,nv,0.036842465,0.00035679337,auto_accept,n/a
ISIC_0026461,nv,nv,0.23654222,0.002245941,auto_accept,n/a
ISIC_0026856,nv,nv,0.023884952,0.000406175,auto_accept,n/a
ISIC_0026737,bkl,bkl,0.2825901,0.0754503,auto_accept,n/a
ISIC_0026535,nv,nv,0.0052279234,2.763657e-06,auto_accept,n/a
ISIC_0029456,nv,nv,0.19888824,0.014495568,auto_accept,n/a
ISIC_0027273,nv,nv,0.043834567,0.0035876962,auto_accept,n/a
ISIC_0028986,nv,nv,0.06209755,0.00036584333,auto_accept,n/a
ISIC_0031636,nv,nv,0.3622831,0.0009967644,auto_accept,n/a
ISIC_0032309,nv,mel,0.76610607,0.73144424,auto_accept,n/a
ISIC_0028179,nv,bcc,0.67517996,0.95001495,auto_accept,n/a
ISIC_0032603,mel,nv,0.07666749,0.031010102,auto_accept,n/a
ISIC_0031298,bcc,bcc,0.7988728,0.9718417,auto_accept,n/a
ISIC_0029203,nv,bkl,0.6288379,0.0054204874,auto_accept,n/a
ISIC_0029934,nv,nv,0.011463881,0.0007772193,auto_accept,n/a
ISIC_0031780,nv,nv,0.16563112,0.009670234,auto_accept,n/a
ISIC_0025149,nv,nv,0.072203755,0.0072966754,auto_accept,n/a
ISIC_0026764,nv,mel,0.31048763,0.78074014,auto_accept,n/a
ISIC_0032079,mel,bcc,0.15349054,0.9714301,auto_accept,n/a
ISIC_0025509,bcc,bcc,0.0020442605,0.99939954,auto_accept,n/a
ISIC_0029700,nv,nv,0.025451422,0.0005878541,auto_accept,n/a
ISIC_0028554,nv,nv,0.10426897,0.008743,auto_accept,n/a
ISIC_0029139,bkl,akiec,0.32830238,0.6509019,auto_accept,n/a
ISIC_0028585,nv,bkl,0.6882482,0.0883728,auto_accept,n/a
ISIC_0030148,nv,nv,0.110082805,0.00024463038,auto_accept,n/a
ISIC_0034313,mel,nv,0.69057816,0.56312203,auto_accept,n/a
ISIC_0033680,nv,nv,0.086851895,0.026092708,auto_accept,n/a
ISIC_0024680,nv,nv,0.662536,0.20911825,auto_accept,n/a
ISIC_0024745,nv,bkl,0.9930329,0.061379217,escalate,n/a
ISIC_0034031,bkl,bkl,0.4286301,0.06734701,auto_accept,n/a
ISIC_0029468,nv,nv,0.02353853,0.00033455246,auto_accept,n/a
ISIC_0031101,nv,nv,0.021145701,0.00015546667,auto_accept,n/a
ISIC_0024542,nv,nv,0.15790612,0.0019680501,auto_accept,n/a
ISIC_0027658,nv,nv,0.31933004,0.054841608,auto_accept,n/a
ISIC_0025643,nv,nv,0.014603317,9.197722e-05,auto_accept,n/a
ISIC_0028249,nv,nv,0.08420199,0.00096632884,auto_accept,n/a
ISIC_0033995,mel,mel,0.2490164,0.8332479,auto_accept,n/a
ISIC_0029692,nv,nv,0.010848641,0.0005932209,auto_accept,n/a
ISIC_0034000,mel,mel,0.24218321,0.8544407,auto_accept,n/a
ISIC_0027243,nv,nv,0.025709033,0.0035449383,auto_accept,n/a
ISIC_0027300,mel,bkl,0.8460197,0.6514645,escalate,n/a
ISIC_0031167,nv,nv,0.020004034,0.0004762757,auto_accept,n/a
ISIC_0027426,nv,nv,0.012895346,3.1756517e-05,auto_accept,n/a
ISIC_0025480,nv,nv,0.08399743,0.0006437764,auto_accept,n/a
ISIC_0030359,nv,nv,0.0067511797,6.1152737e-06,auto_accept,n/a
ISIC_0027247,nv,nv,0.13561213,0.00039681402,auto_accept,n/a
ISIC_0028854,akiec,mel,0.63465893,0.91834795,auto_accept,n/a
ISIC_0032054,nv,nv,0.03467506,0.00011220136,auto_accept,n/a
ISIC_0030726,nv,nv,0.3204379,0.0071209637,auto_accept,n/a
ISIC_0026264,nv,nv,0.3318327,0.0112242475,auto_accept,n/a
ISIC_0032602,mel,mel,0.011169314,0.9946516,auto_accept,n/a
ISIC_0033305,bkl,nv,0.8692123,0.1962037,escalate,n/a
ISIC_0025808,akiec,akiec,0.3428867,0.9140465,auto_accept,n/a
ISIC_0033581,bkl,bkl,0.16154766,0.013432514,auto_accept,n/a
ISIC_0027631,bcc,bcc,0.00045710802,0.9981634,auto_accept,n/a
ISIC_0024540,nv,mel,0.46103394,0.80998164,auto_accept,n/a
ISIC_0029412,bcc,akiec,0.39417565,0.9490747,auto_accept,n/a
ISIC_0031503,nv,nv,0.05634868,0.0011908467,auto_accept,n/a
ISIC_0031571,nv,nv,0.17471874,0.002332243,auto_accept,n/a
ISIC_0026151,nv,mel,0.3205313,0.86321753,auto_accept,n/a
ISIC_0026040,akiec,bkl,0.60979784,0.5170921,auto_accept,n/a
ISIC_0032578,nv,nv,0.42671227,0.25332254,auto_accept,n/a
ISIC_0031023,mel,mel,0.18184918,0.9263443,auto_accept,n/a
ISIC_0029880,bkl,bkl,0.67175704,0.004477013,auto_accept,n/a
ISIC_0032296,nv,nv,0.012096167,0.0002165046,auto_accept,n/a
ISIC_0028229,bkl,akiec,0.19589567,0.80344564,auto_accept,n/a
ISIC_0031230,nv,nv,0.04771751,0.00050312263,auto_accept,n/a
ISIC_0027297,bcc,bcc,0.0857656,0.9338451,auto_accept,n/a
ISIC_0030494,nv,nv,0.06625277,5.5476605e-05,auto_accept,n/a
ISIC_0030281,mel,df,0.3917175,0.021346455,auto_accept,n/a
ISIC_0026511,bkl,nv,0.30016774,0.00026557775,auto_accept,n/a
ISIC_0028454,nv,nv,0.19686335,0.026775794,auto_accept,n/a
ISIC_0028548,mel,mel,0.889511,0.47527194,escalate,n/a
ISIC_0028695,nv,nv,0.14288008,0.013021618,auto_accept,n/a
ISIC_0028445,mel,mel,0.31609517,0.82374436,auto_accept,n/a
ISIC_0030402,nv,nv,0.04256755,0.00079537707,auto_accept,n/a
ISIC_0034149,nv,nv,0.20565593,0.03186473,auto_accept,n/a
ISIC_0029364,nv,nv,0.021573424,0.009203925,auto_accept,n/a
ISIC_0032057,vasc,vasc,0.0003735423,8.676615e-05,auto_accept,n/a
ISIC_0028284,nv,nv,0.22818273,1.1250248e-05,auto_accept,n/a
ISIC_0030622,nv,nv,0.0151206255,0.0008984027,auto_accept,n/a
ISIC_0031919,nv,bkl,0.80692375,0.015618892,auto_accept,n/a
ISIC_0027134,nv,nv,0.17858416,0.0024146058,auto_accept,n/a
ISIC_0027053,bkl,bkl,0.39767802,0.06890865,auto_accept,n/a
ISIC_0030132,nv,nv,0.2391144,0.050911378,auto_accept,n/a
ISIC_0029918,nv,nv,0.25884277,0.0019087809,auto_accept,n/a
ISIC_0024373,nv,nv,0.029137254,0.001088233,auto_accept,n/a
ISIC_0026289,nv,nv,0.00640738,0.0009838402,auto_accept,n/a
ISIC_0024492,nv,nv,0.0077394843,7.690724e-05,auto_accept,n/a
ISIC_0029591,mel,akiec,0.29588974,0.898581,auto_accept,n/a
ISIC_0031995,nv,nv,0.018204212,0.002121536,auto_accept,n/a
ISIC_0032998,nv,mel,0.98698026,0.2560501,escalate,n/a
ISIC_0032127,nv,nv,0.4057076,0.0071208617,auto_accept,n/a
ISIC_0025497,nv,nv,0.016334414,0.0011126482,auto_accept,n/a
ISIC_0029973,df,df,0.06347507,3.1741347e-05,auto_accept,n/a
ISIC_0033597,nv,nv,0.42493403,0.07762716,auto_accept,n/a
ISIC_0025755,mel,mel,0.5825959,0.66598004,auto_accept,n/a
ISIC_0032068,nv,nv,0.0154495835,0.0025787693,auto_accept,n/a
ISIC_0032704,nv,mel,0.90426856,0.31441724,escalate,n/a
ISIC_0029488,nv,nv,0.68910694,0.015065453,auto_accept,n/a
ISIC_0028962,nv,nv,0.022136867,2.7053122e-05,auto_accept,n/a
ISIC_0028599,nv,bkl,0.672195,0.16279608,auto_accept,n/a
ISIC_0025070,nv,nv,0.04529226,0.0004999564,auto_accept,n/a
ISIC_0028364,nv,mel,0.4106117,0.9416278,auto_accept,n/a
ISIC_0030425,nv,bkl,0.79732543,0.19272304,auto_accept,n/a
ISIC_0027359,mel,mel,0.62033635,0.6779982,auto_accept,n/a
ISIC_0026190,nv,bkl,0.7026978,0.06725911,auto_accept,n/a
ISIC_0030786,nv,nv,0.8888385,0.1054475,escalate,n/a
ISIC_0024450,akiec,bcc,0.87520075,0.9975547,escalate,n/a
ISIC_0033376,nv,nv,0.18135023,0.01406243,auto_accept,n/a
ISIC_0027641,nv,nv,0.16547346,0.016035171,auto_accept,n/a
ISIC_0025845,nv,nv,0.01741147,0.0002159735,auto_accept,n/a
ISIC_0032939,nv,nv,0.4995221,0.17778882,auto_accept,n/a
ISIC_0031950,vasc,vasc,0.0032115579,0.0033801412,auto_accept,n/a
ISIC_0032532,mel,nv,0.9184383,0.32440883,escalate,n/a
ISIC_0027991,bkl,mel,0.6181205,0.8266494,auto_accept,n/a
ISIC_0034261,nv,nv,0.14424485,0.04634827,auto_accept,n/a
ISIC_0028942,nv,nv,0.021152794,0.0006599608,auto_accept,n/a
ISIC_0026532,bkl,bkl,0.09593785,0.025381453,auto_accept,n/a
ISIC_0026687,bcc,bcc,0.95178974,0.97686994,escalate,n/a
ISIC_0027514,nv,nv,0.22459108,0.039122377,auto_accept,n/a
ISIC_0032390,nv,nv,0.0152439475,0.00045956322,auto_accept,n/a
ISIC_0032347,nv,nv,0.10469258,0.015303373,auto_accept,n/a
ISIC_0026850,nv,nv,0.8828168,0.00027215615,escalate,n/a
ISIC_0034138,nv,nv,0.18444836,0.0014270657,auto_accept,n/a
ISIC_0029058,nv,nv,0.1152094,0.0035338087,auto_accept,n/a
ISIC_0032392,nv,nv,0.110688806,0.00014096103,auto_accept,n/a
ISIC_0027189,bcc,bcc,0.504094,0.8483406,auto_accept,n/a
ISIC_0026952,bcc,bcc,0.0033500195,0.99914265,auto_accept,n/a
ISIC_0031285,nv,nv,0.83810014,0.27593577,escalate,n/a
ISIC_0031964,nv,nv,0.013166964,0.0003974307,auto_accept,n/a
ISIC_0033779,mel,mel,0.99287546,0.28142893,escalate,n/a
ISIC_0029745,bcc,bcc,0.0069120526,0.9992106,auto_accept,n/a
ISIC_0026908,nv,nv,0.016609907,0.00107947,auto_accept,n/a
ISIC_0032608,nv,bkl,0.41833305,0.3490273,auto_accept,n/a
ISIC_0032812,mel,nv,0.08902085,0.0071212775,auto_accept,n/a
ISIC_0024483,nv,nv,0.0145584345,0.00013826937,auto_accept,n/a
ISIC_0030566,nv,nv,0.44530886,0.1432219,auto_accept,n/a
ISIC_0032262,nv,nv,0.022052586,9.4446856e-05,auto_accept,n/a
ISIC_0029224,nv,nv,0.007121682,8.7007254e-05,auto_accept,n/a
ISIC_0031461,nv,nv,0.09544861,0.00021075523,auto_accept,n/a
ISIC_0030783,bkl,mel,0.43746924,0.77328086,auto_accept,n/a
ISIC_0025792,nv,nv,0.019734025,0.0011694351,auto_accept,n/a
ISIC_0029581,nv,nv,0.7464824,0.29947895,auto_accept,n/a
ISIC_0031344,df,akiec,0.36776274,0.86701286,auto_accept,n/a
ISIC_0024592,bkl,bkl,0.37255776,0.015387013,auto_accept,n/a
ISIC_0028593,bkl,akiec,0.050601482,0.8456114,auto_accept,n/a
ISIC_0032162,nv,nv,0.00740993,8.616096e-05,auto_accept,n/a
ISIC_0031755,nv,nv,0.05759549,0.00024760957,auto_accept,n/a
ISIC_0027682,nv,nv,0.02853483,0.001555568,auto_accept,n/a
ISIC_0031100,nv,nv,0.07763165,4.0545438e-05,auto_accept,n/a
ISIC_0032805,nv,nv,0.9156846,0.42813274,escalate,n/a
ISIC_0033166,mel,nv,0.07592553,0.024893176,auto_accept,n/a
ISIC_0033785,bkl,bkl,0.78180575,0.53840476,auto_accept,n/a
ISIC_0033017,mel,mel,0.093732595,0.96009827,auto_accept,n/a
ISIC_0032841,mel,mel,0.08548266,0.9736211,auto_accept,n/a
ISIC_0033443,nv,nv,0.5929153,0.061610438,auto_accept,n/a
ISIC_0032831,nv,mel,0.7247234,0.41497937,auto_accept,n/a
ISIC_0029455,bkl,bcc,0.049568832,0.95806605,auto_accept,n/a
ISIC_0029860,akiec,bcc,0.3612448,0.9979234,auto_accept,n/a
ISIC_0029741,bkl,df,0.008012354,5.4948528e-06,auto_accept,n/a
ISIC_0024432,bcc,bcc,0.30891085,0.85373116,auto_accept,n/a
ISIC_0033396,nv,nv,0.38719893,0.089802966,auto_accept,n/a
ISIC_0028041,mel,df,0.11247629,0.0041116024,auto_accept,n/a
ISIC_0033245,mel,bkl,0.63578045,0.35444486,auto_accept,n/a
ISIC_0024908,nv,nv,0.51509655,0.23287386,auto_accept,n/a
ISIC_0034004,nv,vasc,0.037246585,0.0019424306,auto_accept,n/a
ISIC_0033844,vasc,vasc,0.0011190176,0.0015459367,auto_accept,n/a
ISIC_0027135,bcc,bcc,0.0063337684,0.9912634,auto_accept,n/a
ISIC_0028519,mel,akiec,0.63483214,0.9818425,auto_accept,n/a
ISIC_0030333,mel,mel,0.026960492,0.99019414,auto_accept,n/a
ISIC_0027929,nv,nv,0.009957671,6.325983e-05,auto_accept,n/a
ISIC_0026236,mel,nv,0.8819818,0.45721045,escalate,n/a
ISIC_0026460,nv,nv,0.053317785,0.0008506471,auto_accept,n/a
ISIC_0027141,df,df,0.037426054,0.0070621194,auto_accept,n/a
ISIC_0030981,nv,nv,0.29612374,0.110842444,auto_accept,n/a
ISIC_0034120,mel,nv,0.5894275,0.20860417,auto_accept,n/a
ISIC_0033546,mel,nv,0.24872315,0.05017854,auto_accept,n/a
ISIC_0029053,bcc,df,0.01581645,0.11976917,auto_accept,n/a
ISIC_0031486,nv,nv,0.01391387,4.762557e-05,auto_accept,n/a
ISIC_0026241,nv,nv,0.055613816,0.00012856197,auto_accept,n/a
ISIC_0025012,nv,nv,0.06528324,0.0147256525,auto_accept,n/a
ISIC_0030900,nv,mel,0.92962945,0.49613127,escalate,n/a
ISIC_0034125,bkl,nv,0.49605846,0.08326097,auto_accept,n/a
ISIC_0025421,nv,bkl,0.99481964,0.0081161745,escalate,n/a
ISIC_0025462,nv,nv,0.011727333,6.690594e-05,auto_accept,n/a
ISIC_0028853,nv,nv,0.06637889,0.0014929923,auto_accept,n/a
ISIC_0027291,bcc,bcc,0.015411496,0.9965575,auto_accept,n/a
ISIC_0029635,nv,nv,0.064329684,0.0048475023,auto_accept,n/a
ISIC_0029714,nv,nv,0.5105134,4.2470518e-05,auto_accept,n/a
ISIC_0028470,nv,nv,0.07406086,0.0125378575,auto_accept,n/a
ISIC_0030511,bcc,df,0.7856182,0.39884883,auto_accept,n/a
ISIC_0031057,bcc,bcc,0.4747879,0.96913874,auto_accept,n/a
ISIC_0030814,nv,nv,0.3292548,2.3881934e-05,auto_accept,n/a
ISIC_0027602,nv,nv,0.029154241,0.00019508322,auto_accept,n/a
ISIC_0029067,akiec,akiec,0.71376044,0.73023254,auto_accept,n/a
ISIC_0028204,nv,nv,0.061019897,0.0043988153,auto_accept,n/a
ISIC_0033431,mel,vasc,0.45916212,0.07512006,auto_accept,n/a
ISIC_0030718,nv,nv,0.012619376,4.7294907e-05,auto_accept,n/a
ISIC_0025482,nv,nv,0.022260189,0.00040154168,auto_accept,n/a
ISIC_0030223,mel,mel,0.21658683,0.92876714,auto_accept,n/a
ISIC_0030464,nv,nv,0.009096324,0.0015236905,auto_accept,n/a
ISIC_0031612,nv,bkl,0.8745007,0.0108776735,escalate,n/a
ISIC_0028815,bcc,bcc,0.0049495697,0.99818546,auto_accept,n/a
ISIC_0032484,nv,nv,0.09707427,0.001198959,auto_accept,n/a
ISIC_0030016,nv,nv,0.09057081,0.0006560104,auto_accept,n/a
ISIC_0033091,nv,nv,0.21476042,0.023458038,auto_accept,n/a
ISIC_0031158,nv,df,0.030128598,0.009097748,auto_accept,n/a
ISIC_0034091,nv,mel,0.5718713,0.6920005,auto_accept,n/a
ISIC_0027239,bkl,mel,0.80219823,0.7597353,auto_accept,n/a
ISIC_0027950,akiec,akiec,0.00079613924,0.99853516,auto_accept,n/a
ISIC_0030007,bkl,bkl,0.67321336,0.32924557,auto_accept,n/a
ISIC_0030160,bkl,df,0.001344502,3.786964e-06,auto_accept,n/a
ISIC_0032709,mel,bkl,0.87493575,0.29315892,escalate,n/a
ISIC_0028810,nv,mel,0.905114,0.33627835,escalate,n/a
ISIC_0025864,nv,nv,0.015213788,0.00046583186,auto_accept,n/a
ISIC_0030880,nv,mel,0.98221654,0.26993906,escalate,n/a
ISIC_0031385,nv,bkl,0.89357066,0.17043039,escalate,n/a
ISIC_0026857,akiec,akiec,0.6537172,0.6337597,auto_accept,n/a
ISIC_0033813,mel,nv,0.37346292,0.024612596,auto_accept,n/a
ISIC_0026587,nv,nv,0.0171507,0.00022380076,auto_accept,n/a
ISIC_0028250,nv,nv,0.06715119,0.0005870059,auto_accept,n/a
ISIC_0031438,nv,nv,0.009599447,0.0017661545,auto_accept,n/a
ISIC_0032212,nv,nv,0.010091305,0.00012228286,auto_accept,n/a
ISIC_0033339,nv,vasc,0.0031173825,0.00089750346,auto_accept,n/a
ISIC_0031910,nv,nv,0.014271677,0.0016816126,auto_accept,n/a
ISIC_0028748,nv,nv,0.009527504,0.00011397916,auto_accept,n/a
ISIC_0027867,nv,nv,0.323416,0.0034611993,auto_accept,n/a
ISIC_0025200,nv,nv,0.019217253,0.004664111,auto_accept,n/a
ISIC_0025641,nv,nv,0.591938,0.14746311,auto_accept,n/a
ISIC_0024349,nv,mel,0.30395138,0.8755605,auto_accept,n/a
ISIC_0032756,bkl,bkl,0.34796757,0.031550087,auto_accept,n/a
ISIC_0026233,nv,nv,0.014579892,8.476965e-05,auto_accept,n/a
ISIC_0028191,nv,nv,0.030141234,0.0008725359,auto_accept,n/a
ISIC_0033171,mel,mel,0.09718865,0.9706824,auto_accept,n/a
ISIC_0034056,nv,nv,0.24492955,0.0063931867,auto_accept,n/a
ISIC_0030907,nv,nv,0.24598855,0.058717057,auto_accept,n/a
ISIC_0028425,nv,nv,0.62150425,0.008260309,auto_accept,n/a
ISIC_0032243,nv,mel,0.63320106,0.5348687,auto_accept,n/a
ISIC_0026627,nv,nv,0.03880346,0.0003546378,auto_accept,n/a
ISIC_0031943,bcc,bcc,0.91670775,0.9867676,escalate,n/a
ISIC_0031713,nv,mel,0.97478265,0.5890128,escalate,n/a
ISIC_0032108,nv,nv,0.014046192,0.00031550849,auto_accept,n/a
ISIC_0032587,nv,nv,0.1778065,0.026047956,auto_accept,n/a
ISIC_0034192,nv,mel,0.53020936,0.60480857,auto_accept,n/a
ISIC_0028387,nv,nv,0.15534467,0.0040961644,auto_accept,n/a
ISIC_0028520,mel,mel,0.22776675,0.8703001,auto_accept,n/a
ISIC_0032666,nv,nv,0.2125377,0.09326162,auto_accept,n/a
ISIC_0025026,nv,nv,0.027650058,0.0008296746,auto_accept,n/a
ISIC_0033502,nv,nv,0.5838226,0.28971604,auto_accept,n/a
ISIC_0026394,nv,nv,0.057417512,0.00067861174,auto_accept,n/a
ISIC_0031400,bcc,bcc,0.073838055,0.9563959,auto_accept,n/a
ISIC_0025690,nv,nv,0.23145396,0.09820201,auto_accept,n/a
ISIC_0033299,mel,bkl,0.9140042,0.49322897,escalate,n/a
ISIC_0033345,nv,nv,0.27275467,0.07645462,auto_accept,n/a
ISIC_0034197,bkl,akiec,0.07624322,0.8872108,auto_accept,n/a
ISIC_0033633,nv,mel,0.1260199,0.9230164,auto_accept,n/a
ISIC_0026862,nv,df,0.16594034,3.4455865e-05,auto_accept,n/a
ISIC_0033448,nv,nv,0.30897504,0.038440682,auto_accept,n/a
ISIC_0032720,nv,nv,0.21307367,0.13152544,auto_accept,n/a
ISIC_0024496,mel,nv,0.59850115,0.15155785,auto_accept,n/a
ISIC_0032470,nv,nv,0.6891837,0.026321774,auto_accept,n/a
ISIC_0027452,akiec,akiec,0.7220044,0.96423984,auto_accept,n/a
ISIC_0031479,mel,mel,0.15174067,0.921507,auto_accept,n/a
ISIC_0030074,nv,nv,0.05126369,0.0030901062,auto_accept,n/a
ISIC_0029462,akiec,akiec,0.069286585,0.96357,auto_accept,n/a
ISIC_0025164,nv,nv,0.25292426,0.00085391797,auto_accept,n/a
ISIC_0027628,nv,nv,0.26885843,0.016239222,auto_accept,n/a
ISIC_0032041,nv,nv,0.5760846,0.0018163818,auto_accept,n/a
ISIC_0030113,nv,nv,0.10446346,2.0838463e-06,auto_accept,n/a
ISIC_0033534,mel,bkl,0.8076743,0.3821784,auto_accept,n/a
ISIC_0028184,nv,nv,0.036162674,1.0105754e-06,auto_accept,n/a
ISIC_0033978,nv,nv,0.07308149,0.0015884512,auto_accept,n/a
ISIC_0034141,mel,mel,0.8999469,0.5888374,escalate,n/a
ISIC_0030472,nv,nv,0.036732256,0.0007208491,auto_accept,n/a
ISIC_0027722,bcc,bcc,0.043305635,0.9979818,auto_accept,n/a
ISIC_0027749,nv,nv,0.013270497,6.020236e-06,auto_accept,n/a
ISIC_0027017,bkl,akiec,0.73182416,0.6775062,auto_accept,n/a
ISIC_0034090,nv,bcc,0.03354293,0.95521563,auto_accept,n/a
ISIC_0030291,nv,nv,0.43565583,0.13289209,auto_accept,n/a
ISIC_0027728,nv,nv,0.027883112,0.0057037487,auto_accept,n/a
ISIC_0027128,nv,nv,0.04156691,9.087327e-06,auto_accept,n/a
ISIC_0026380,nv,nv,0.037432194,0.0013873826,auto_accept,n/a
ISIC_0033096,nv,bkl,0.5431287,0.15504065,auto_accept,n/a
ISIC_0031249,nv,nv,0.14848596,0.022294313,auto_accept,n/a
ISIC_0030027,nv,df,0.5577551,0.00053329614,auto_accept,n/a
ISIC_0026538,bkl,bkl,0.05927527,0.07536286,auto_accept,n/a
ISIC_0028142,nv,nv,0.06930828,0.027610222,auto_accept,n/a
ISIC_0024728,nv,nv,0.011435866,0.00031714514,auto_accept,n/a
ISIC_0025772,nv,nv,0.13401818,0.0033940696,auto_accept,n/a
ISIC_0026588,nv,nv,0.6746117,0.11370185,auto_accept,n/a
ISIC_0031564,nv,nv,0.7165909,0.17282134,auto_accept,n/a
ISIC_0028131,nv,nv,0.6334416,0.19883457,auto_accept,n/a
ISIC_0025891,mel,mel,0.81380785,0.67379135,auto_accept,n/a
ISIC_0030248,nv,nv,0.05992675,0.01999432,auto_accept,n/a
ISIC_0029888,nv,nv,0.025310397,0.00028206606,auto_accept,n/a
ISIC_0029713,akiec,akiec,0.0085222125,0.99612856,auto_accept,n/a
ISIC_0024996,nv,nv,0.4491613,0.27436492,auto_accept,n/a
ISIC_0033831,mel,mel,0.07276559,0.96404004,auto_accept,n/a
ISIC_0031165,nv,nv,0.48516238,0.00069334806,auto_accept,n/a
ISIC_0034116,nv,nv,0.04202658,0.0055268714,auto_accept,n/a
ISIC_0029858,nv,nv,0.23344749,0.0001255047,auto_accept,n/a
ISIC_0030233,bcc,mel,0.72308254,0.6436415,auto_accept,n/a
ISIC_0028705,nv,nv,0.011476278,9.034549e-05,auto_accept,n/a
ISIC_0030876,bkl,akiec,0.041119277,0.98539054,auto_accept,n/a
ISIC_0032904,nv,nv,0.24467552,0.0002531245,auto_accept,n/a
ISIC_0026811,mel,bkl,0.73070526,0.32265204,auto_accept,n/a
ISIC_0030794,akiec,akiec,0.18417782,0.9080565,auto_accept,n/a
ISIC_0025960,nv,mel,0.36468905,0.87166905,auto_accept,n/a
ISIC_0028820,akiec,akiec,0.38639325,0.9230652,auto_accept,n/a
ISIC_0024932,mel,nv,0.9366437,0.32242647,escalate,n/a
ISIC_0025338,nv,nv,0.041753292,0.00043701517,auto_accept,n/a
ISIC_0031872,bkl,bcc,0.39226878,0.5071413,auto_accept,n/a
ISIC_0024849,nv,nv,0.107459426,0.00028145115,auto_accept,n/a
ISIC_0031455,nv,df,0.721964,5.7701374e-05,auto_accept,n/a
ISIC_0031445,nv,nv,0.08964801,0.01584954,auto_accept,n/a
ISIC_0026020,nv,nv,0.15630126,0.0001263468,auto_accept,n/a
ISIC_0029483,nv,nv,0.03636074,0.002768937,auto_accept,n/a
ISIC_0034293,nv,nv,0.11625677,0.00035164808,auto_accept,n/a
ISIC_0031938,nv,nv,0.1526801,0.0006256347,auto_accept,n/a
ISIC_0032837,nv,nv,0.7671304,0.0430758,auto_accept,n/a
ISIC_0031533,nv,nv,0.13880932,0.014224025,auto_accept,n/a
ISIC_0034110,nv,nv,0.8143194,0.004185939,auto_accept,n/a
ISIC_0032787,nv,nv,0.23977542,0.009912869,auto_accept,n/a
ISIC_0027523,nv,nv,0.07036859,0.0040056147,auto_accept,n/a
ISIC_0031114,nv,df,0.82639134,0.020292012,auto_accept,n/a
ISIC_0029284,nv,nv,0.016143203,6.0749284e-05,auto_accept,n/a
ISIC_0027067,mel,mel,0.4000656,0.80267465,auto_accept,n/a
ISIC_0026195,nv,nv,0.05906105,0.00032081475,auto_accept,n/a
ISIC_0031219,nv,nv,0.03704518,0.00036271522,auto_accept,n/a
ISIC_0025420,nv,nv,0.03537643,0.0005603007,auto_accept,n/a
ISIC_0034294,mel,mel,0.7962352,0.46659863,auto_accept,n/a
ISIC_0029502,mel,mel,0.8155994,0.6384727,auto_accept,n/a
ISIC_0026917,nv,nv,0.055828273,0.014736954,auto_accept,n/a
ISIC_0027472,nv,nv,0.020943463,0.0018301352,auto_accept,n/a
ISIC_0031877,nv,nv,0.00451982,0.00014061198,auto_accept,n/a
ISIC_0032748,nv,nv,0.11413652,0.041486952,auto_accept,n/a
ISIC_0033188,nv,nv,0.03576231,0.0037786823,auto_accept,n/a
ISIC_0026933,nv,nv,0.21117473,0.045130074,auto_accept,n/a
ISIC_0031239,mel,mel,0.3436659,0.93352425,auto_accept,n/a
ISIC_0031190,nv,nv,0.05927235,0.0034995666,auto_accept,n/a
ISIC_0031245,bcc,bcc,0.13451755,0.93644387,auto_accept,n/a
ISIC_0029529,nv,nv,0.00988102,0.00019503264,auto_accept,n/a
ISIC_0033957,mel,mel,0.6156011,0.61968386,auto_accept,n/a
ISIC_0034059,mel,mel,0.88183576,0.9372382,escalate,n/a
ISIC_0028553,nv,nv,0.0023284554,2.222676e-05,auto_accept,n/a
ISIC_0030553,nv,nv,0.2959395,0.091459945,auto_accept,n/a
ISIC_0026953,nv,nv,0.0384534,0.00020192296,auto_accept,n/a
ISIC_0027985,nv,nv,0.10589242,0.008050952,auto_accept,n/a
ISIC_0025818,bcc,bcc,0.03490007,0.92813456,auto_accept,n/a
ISIC_0030215,nv,nv,0.009591639,0.0011094889,auto_accept,n/a
ISIC_0032910,nv,df,0.07637489,0.021618417,auto_accept,n/a
ISIC_0025635,nv,nv,0.009652376,0.00028751447,auto_accept,n/a
ISIC_0027336,nv,nv,0.014474928,0.0006000195,auto_accept,n/a
ISIC_0033329,nv,nv,0.27396274,0.022819282,auto_accept,n/a
ISIC_0033058,nv,mel,0.70179474,0.5546682,auto_accept,n/a
ISIC_0028690,nv,df,0.5213622,0.0010825936,auto_accept,n/a
ISIC_0033883,mel,nv,0.16747463,0.008930279,auto_accept,n/a
ISIC_0033629,bkl,bkl,0.8961751,0.20983452,escalate,n/a
ISIC_0025617,bcc,bcc,0.027482748,0.9988018,auto_accept,n/a
ISIC_0031848,nv,bcc,0.06455046,0.81495714,auto_accept,n/a
ISIC_0029728,nv,bcc,0.00021755695,0.99938226,auto_accept,n/a
ISIC_0025352,nv,mel,0.5438025,0.90806204,auto_accept,n/a
ISIC_0033309,nv,nv,0.37579453,0.049992222,auto_accept,n/a
ISIC_0029447,nv,nv,0.0042435527,5.8155456e-05,auto_accept,n/a
ISIC_0031527,bcc,bcc,0.49071604,0.9720166,auto_accept,n/a
ISIC_0032346,nv,nv,0.15805542,0.0027914178,auto_accept,n/a
ISIC_0033246,bkl,nv,0.84885263,0.004672326,escalate,n/a
ISIC_0033956,mel,mel,0.76142466,0.52386117,auto_accept,n/a
ISIC_0031209,nv,nv,0.062704444,0.0028419134,auto_accept,n/a
ISIC_0034235,bkl,bkl,0.31078768,0.087491535,auto_accept,n/a
ISIC_0032443,nv,mel,0.25985765,0.8042224,auto_accept,n/a
ISIC_0025318,nv,nv,0.18621814,7.4140546e-05,auto_accept,n/a
ISIC_0032146,bcc,mel,0.74225664,0.8560413,auto_accept,n/a
ISIC_0030860,nv,nv,0.041933954,0.00043836032,auto_accept,n/a
ISIC_0028662,bkl,akiec,0.117150605,0.9567078,auto_accept,n/a
ISIC_0029913,mel,nv,0.59385073,0.038751613,auto_accept,n/a
ISIC_0031406,mel,nv,0.54118395,0.43926886,auto_accept,n/a
ISIC_0033809,nv,nv,0.18338805,0.010426611,auto_accept,n/a
ISIC_0030812,bkl,akiec,0.20174176,0.99991405,auto_accept,n/a
ISIC_0028296,nv,nv,0.06407642,0.00422431,auto_accept,n/a
ISIC_0032230,bkl,akiec,0.007747829,0.99810433,auto_accept,n/a
ISIC_0028657,nv,nv,0.03828454,1.669241e-05,auto_accept,n/a
ISIC_0025584,bcc,mel,0.72498214,0.83990824,auto_accept,n/a
ISIC_0029097,nv,nv,0.015206993,0.00055739353,auto_accept,n/a
ISIC_0029428,nv,nv,0.008083999,3.313994e-05,auto_accept,n/a
ISIC_0029261,nv,nv,0.12720895,0.011245451,auto_accept,n/a
ISIC_0034001,nv,mel,0.68576086,0.56934816,auto_accept,n/a
ISIC_0030695,mel,mel,0.71209145,0.5204112,auto_accept,n/a
ISIC_0033272,mel,akiec,0.87827253,0.9035837,escalate,n/a
ISIC_0030734,nv,nv,0.029236317,0.00043745077,auto_accept,n/a
ISIC_0026614,bkl,bkl,0.8819307,0.34128803,escalate,n/a
ISIC_0029310,nv,nv,0.14400709,0.0002862795,auto_accept,n/a
ISIC_0033261,mel,nv,0.63358027,0.12448139,auto_accept,n/a
ISIC_0031256,nv,nv,0.057795227,0.0012090352,auto_accept,n/a
ISIC_0024804,nv,nv,0.023482502,0.0013481196,auto_accept,n/a
ISIC_0029276,nv,bkl,0.35373437,0.07956789,auto_accept,n/a
ISIC_0030358,nv,akiec,0.14535391,0.9325928,auto_accept,n/a
ISIC_0025646,nv,nv,0.11890805,0.009912728,auto_accept,n/a
ISIC_0027321,nv,nv,0.07821202,0.003840978,auto_accept,n/a
ISIC_0024528,nv,nv,0.16471446,0.003458352,auto_accept,n/a
ISIC_0026651,nv,nv,0.12765694,0.000922479,auto_accept,n/a
ISIC_0025492,nv,df,0.9538664,0.2475479,escalate,n/a
ISIC_0025731,bcc,bcc,0.1254819,0.9673323,auto_accept,n/a
ISIC_0027693,mel,nv,0.13128126,0.048741445,auto_accept,n/a
ISIC_0027837,nv,bkl,0.57293224,0.0024117127,auto_accept,n/a
ISIC_0031181,bkl,bcc,0.16127348,0.9752333,auto_accept,n/a
ISIC_0029949,nv,nv,0.04061055,0.003391983,auto_accept,n/a
ISIC_0024687,nv,nv,0.37690008,0.00033149947,auto_accept,n/a
ISIC_0024613,nv,nv,0.22968566,0.0016996088,auto_accept,n/a
ISIC_0026401,nv,nv,0.064943135,0.005243476,auto_accept,n/a
ISIC_0029036,bkl,bkl,0.7223547,0.20624392,auto_accept,n/a
ISIC_0027415,nv,nv,0.90470386,0.024847869,escalate,n/a
ISIC_0032885,nv,nv,0.06904328,0.029935874,auto_accept,n/a
ISIC_0026823,mel,akiec,0.12943536,0.9924758,auto_accept,n/a
ISIC_0027023,bkl,bkl,0.89067435,0.46401784,escalate,n/a
ISIC_0030687,bcc,mel,0.9691089,0.9150753,escalate,n/a
ISIC_0025567,bkl,bkl,0.21480072,0.0010528874,auto_accept,n/a
ISIC_0030341,akiec,bcc,0.12281692,0.98312116,auto_accept,n/a
ISIC_0031930,nv,nv,0.17810684,0.036887385,auto_accept,n/a
ISIC_0026280,bkl,bkl,0.17311442,0.10067277,auto_accept,n/a
ISIC_0024551,nv,nv,0.16041142,0.0028818029,auto_accept,n/a
ISIC_0024320,nv,nv,0.018746853,0.00012592824,auto_accept,n/a
ISIC_0027904,mel,mel,0.44037032,0.7465329,auto_accept,n/a
ISIC_0025575,bkl,akiec,0.72354627,0.35264716,auto_accept,n/a
ISIC_0032361,nv,nv,0.0024863482,0.00012293656,auto_accept,n/a
ISIC_0031176,nv,nv,0.32365364,0.09545506,auto_accept,n/a
ISIC_0027477,nv,nv,0.18434227,0.04799371,auto_accept,n/a
ISIC_0034305,nv,mel,0.8156675,0.54641956,auto_accept,n/a
ISIC_0028858,bcc,bcc,0.14247304,0.78126705,auto_accept,n/a
ISIC_0027260,mel,mel,0.5318764,0.6842317,auto_accept,n/a
ISIC_0030934,nv,nv,0.069069445,0.0015333521,auto_accept,n/a
ISIC_0033506,nv,nv,0.37691802,0.053524945,auto_accept,n/a
ISIC_0025267,nv,nv,0.41136926,0.19298111,auto_accept,n/a
ISIC_0025612,vasc,vasc,0.00017011166,5.721751e-06,auto_accept,n/a
ISIC_0030252,nv,nv,0.014424086,0.00018822642,auto_accept,n/a
ISIC_0024909,bkl,bkl,0.5387738,0.106858,auto_accept,n/a
ISIC_0032900,nv,nv,0.0348835,0.0013869738,auto_accept,n/a
ISIC_0033732,bkl,nv,0.97341084,0.0018358391,escalate,n/a
ISIC_0032535,mel,vasc,0.47490668,0.46633062,auto_accept,n/a
ISIC_0034215,nv,nv,0.22476876,0.07514324,auto_accept,n/a
ISIC_0029429,nv,nv,0.014413416,0.00035509875,auto_accept,n/a
ISIC_0033864,nv,nv,0.17770803,0.0001988681,auto_accept,n/a
ISIC_0032240,vasc,vasc,0.0006081462,2.80569e-05,auto_accept,n/a
ISIC_0030755,bcc,bcc,0.06506652,0.987833,auto_accept,n/a
ISIC_0031921,nv,nv,0.0027837753,7.399885e-05,auto_accept,n/a
ISIC_0033814,mel,bkl,0.17147505,0.013774847,auto_accept,n/a
ISIC_0027603,nv,nv,0.02833116,0.008108482,auto_accept,n/a
ISIC_0024771,akiec,akiec,0.0009063482,0.99947554,auto_accept,n/a
ISIC_0034132,mel,mel,0.47107136,0.67630047,auto_accept,n/a
ISIC_0026926,nv,nv,0.23065579,0.00475862,auto_accept,n/a
ISIC_0024949,bcc,bcc,0.22148669,0.99024934,auto_accept,n/a
ISIC_0032275,nv,nv,0.13589644,0.006275588,auto_accept,n/a
ISIC_0030120,nv,nv,0.1629358,0.013418769,auto_accept,n/a
ISIC_0028105,nv,nv,0.14534438,0.020850418,auto_accept,n/a
ISIC_0028781,nv,nv,0.06687844,0.01556936,auto_accept,n/a
ISIC_0032801,nv,nv,0.3529986,0.04651147,auto_accept,n/a
ISIC_0032591,nv,nv,0.8660055,0.4077083,escalate,n/a
ISIC_0029992,nv,nv,0.009529889,0.00013931555,auto_accept,n/a
ISIC_0030413,nv,nv,0.008233011,0.00088662526,auto_accept,n/a
ISIC_0032764,nv,mel,0.9586496,0.29523593,escalate,n/a
ISIC_0030790,nv,bkl,0.5444918,0.021978548,auto_accept,n/a
ISIC_0033970,nv,nv,0.74086344,0.29719448,auto_accept,n/a
ISIC_0031734,nv,nv,0.030339658,0.0008077549,auto_accept,n/a
ISIC_0026989,mel,nv,0.04875636,0.0020743874,auto_accept,n/a
ISIC_0025986,bkl,vasc,0.9635844,0.010663694,escalate,n/a
ISIC_0029305,nv,nv,0.10776216,0.0012046008,auto_accept,n/a
ISIC_0026805,nv,mel,0.62993807,0.57337576,auto_accept,n/a
ISIC_0030935,bkl,bkl,0.47250414,0.10945555,auto_accept,n/a
ISIC_0026432,nv,nv,0.3343442,0.13712576,auto_accept,n/a
ISIC_0028022,mel,mel,0.8033737,0.90753007,auto_accept,n/a
ISIC_0028023,nv,bkl,0.52569336,0.08760663,auto_accept,n/a
ISIC_0030652,nv,nv,0.103851974,0.0024117942,auto_accept,n/a
ISIC_0033477,mel,mel,0.21413386,0.97373194,auto_accept,n/a
ISIC_0031598,mel,nv,0.85220206,0.00093948824,escalate,n/a
ISIC_0029477,nv,nv,0.7976762,0.06986481,auto_accept,n/a
ISIC_0028874,nv,nv,0.9765105,0.42808032,escalate,n/a
ISIC_0028813,nv,nv,0.413787,0.033150643,auto_accept,n/a
ISIC_0030547,nv,nv,0.006100297,0.0001512642,auto_accept,n/a
ISIC_0024469,nv,nv,0.10420549,0.0025087,auto_accept,n/a
ISIC_0030188,bkl,mel,0.69161093,0.9791038,auto_accept,n/a
ISIC_0033014,nv,nv,0.30367517,0.19193387,auto_accept,n/a
ISIC_0032811,nv,nv,0.23693556,0.032058313,auto_accept,n/a
ISIC_0032549,nv,bkl,0.89707863,0.13959868,escalate,n/a
ISIC_0033937,nv,nv,0.9070841,0.5376531,escalate,n/a
ISIC_0027553,nv,nv,0.15956181,0.0040724347,auto_accept,n/a
ISIC_0028668,nv,nv,0.08691943,5.9509064e-05,auto_accept,n/a
ISIC_0030963,nv,nv,0.019895613,0.00027174805,auto_accept,n/a
ISIC_0033739,nv,bcc,0.23150092,0.8836056,auto_accept,n/a
ISIC_0025833,nv,nv,0.007949233,0.0006363874,auto_accept,n/a
ISIC_0028097,nv,nv,0.64287007,0.0015994073,auto_accept,n/a
ISIC_0028601,nv,nv,0.13219136,0.0007631617,auto_accept,n/a
ISIC_0027917,nv,vasc,0.70967215,0.045419335,auto_accept,n/a
ISIC_0027529,akiec,akiec,0.029441357,0.9959486,auto_accept,n/a
ISIC_0032132,bcc,mel,0.7268936,0.94989586,auto_accept,n/a
ISIC_0029603,bkl,bkl,0.28761113,0.047468167,auto_accept,n/a
ISIC_0034267,nv,vasc,0.848275,7.759395e-05,escalate,n/a
ISIC_0030906,nv,nv,0.43951416,0.12307253,auto_accept,n/a
ISIC_0025384,nv,nv,0.1336469,0.0014061233,auto_accept,n/a
ISIC_0029890,nv,nv,0.029678404,0.0011989698,auto_accept,n/a
ISIC_0026832,nv,nv,0.117197335,0.0057096365,auto_accept,n/a
ISIC_0026736,nv,nv,0.047460377,0.0009434952,auto_accept,n/a
ISIC_0024547,bkl,bkl,0.9356185,0.112762764,escalate,n/a
ISIC_0032820,nv,nv,0.7489327,0.29971102,auto_accept,n/a
ISIC_0029312,nv,nv,0.17724884,0.0024034143,auto_accept,n/a
ISIC_0033341,nv,nv,0.5966674,0.22846909,auto_accept,n/a
ISIC_0027607,nv,mel,0.38221902,0.8002962,auto_accept,n/a
ISIC_0029932,akiec,akiec,0.9476933,0.9856682,escalate,n/a
ISIC_0027595,bcc,bcc,0.004978597,0.9988601,auto_accept,n/a
ISIC_0024634,bcc,bcc,0.3872056,0.8336111,auto_accept,n/a
ISIC_0032867,vasc,vasc,0.0071056485,0.004772248,auto_accept,n/a
ISIC_0033663,mel,mel,0.22609937,0.85530096,auto_accept,n/a
ISIC_0026267,nv,nv,0.018411696,0.00042328777,auto_accept,n/a
ISIC_0031783,bkl,akiec,0.06665617,0.9254269,auto_accept,n/a
ISIC_0032930,nv,nv,0.9945636,0.14775284,escalate,n/a
ISIC_0025665,nv,nv,0.31790078,0.15535742,auto_accept,n/a
ISIC_0027037,bkl,bkl,0.16271293,0.09193001,auto_accept,n/a
ISIC_0024968,nv,nv,0.1190688,0.00012435243,auto_accept,n/a
ISIC_0026840,nv,nv,0.01946491,0.00029742374,auto_accept,n/a
ISIC_0027157,nv,nv,0.20709413,0.0010689752,auto_accept,n/a
ISIC_0027095,nv,vasc,0.98057497,3.165595e-05,escalate,n/a
ISIC_0029966,nv,nv,0.0115350485,0.0002935354,auto_accept,n/a
ISIC_0033962,mel,nv,0.73118705,0.08464425,auto_accept,n/a
ISIC_0033713,mel,mel,0.25886834,0.8155116,auto_accept,n/a
ISIC_0028123,bkl,bkl,0.6261403,0.09763247,auto_accept,n/a
ISIC_0032355,nv,nv,0.3690561,0.00011309884,auto_accept,n/a
ISIC_0027933,nv,nv,0.09888035,0.0007385461,auto_accept,n/a
ISIC_0032253,nv,bcc,0.98229945,0.35049444,escalate,n/a
ISIC_0029457,nv,mel,0.689665,0.6098578,auto_accept,n/a
ISIC_0031489,bcc,bcc,0.11704451,0.9594194,auto_accept,n/a
ISIC_0033829,bkl,mel,0.63014567,0.72181654,auto_accept,n/a
ISIC_0026950,mel,bcc,0.80856675,0.98607254,auto_accept,n/a
ISIC_0033906,nv,mel,0.75494355,0.5630756,auto_accept,n/a
ISIC_0032381,nv,nv,0.6540618,0.005603082,auto_accept,n/a
ISIC_0026929,nv,nv,0.2610283,0.09457492,auto_accept,n/a
ISIC_0029056,mel,mel,0.8879457,0.6277465,escalate,n/a
ISIC_0026087,nv,nv,0.24257857,0.00018888406,auto_accept,n/a
ISIC_0027914,nv,nv,0.026798248,0.00043800572,auto_accept,n/a
ISIC_0027610,nv,nv,0.018346488,0.0023480533,auto_accept,n/a
ISIC_0029840,akiec,akiec,0.23845124,0.9466283,auto_accept,n/a
ISIC_0031709,mel,mel,0.78168,0.8922739,auto_accept,n/a
ISIC_0029622,nv,nv,0.32633013,1.1665758e-05,auto_accept,n/a
ISIC_0033346,nv,bkl,0.91963446,0.005782935,escalate,n/a
ISIC_0030168,nv,nv,0.16947961,0.0014220964,auto_accept,n/a
ISIC_0025848,nv,df,0.5896125,0.0044447617,auto_accept,n/a
ISIC_0033679,mel,df,0.50405216,0.25996965,auto_accept,n/a
ISIC_0028391,nv,nv,0.046880066,0.0026239878,auto_accept,n/a
ISIC_0025165,nv,nv,0.5629937,0.013797934,auto_accept,n/a
ISIC_0026820,nv,nv,0.43145168,0.07461054,auto_accept,n/a
ISIC_0027171,mel,nv,0.8807819,0.16492318,escalate,n/a
ISIC_0025523,nv,nv,0.014414072,0.0005564192,auto_accept,n/a
ISIC_0032562,nv,nv,0.021884441,0.0012870737,auto_accept,n/a
ISIC_0024998,nv,nv,0.4802,0.21433753,auto_accept,n/a
ISIC_0025126,nv,nv,0.011993706,2.165715e-05,auto_accept,n/a
ISIC_0027428,bkl,nv,0.105603695,0.00051553414,auto_accept,n/a
ISIC_0028607,bkl,bkl,0.7702733,0.04417557,auto_accept,n/a
ISIC_0029007,nv,nv,0.056753755,8.312924e-05,auto_accept,n/a
ISIC_0029285,nv,nv,0.004736662,2.846018e-05,auto_accept,n/a
ISIC_0031968,nv,nv,0.019841254,0.00065580534,auto_accept,n/a
ISIC_0025143,nv,nv,0.07322252,0.009925317,auto_accept,n/a
ISIC_0028480,nv,df,0.1894812,0.00032837724,auto_accept,n/a
ISIC_0031392,nv,nv,0.041924894,0.0004183707,auto_accept,n/a
ISIC_0027620,mel,nv,0.15537882,0.07395893,auto_accept,n/a
ISIC_0026377,nv,nv,0.029141724,0.0004599739,auto_accept,n/a
ISIC_0031076,nv,nv,0.99284846,0.42215228,escalate,n/a
ISIC_0033221,nv,mel,0.5872069,0.5653544,auto_accept,n/a
ISIC_0029593,nv,nv,0.02019161,0.0014018835,auto_accept,n/a
ISIC_0034298,nv,mel,0.69342184,0.5826404,auto_accept,n/a
ISIC_0032056,nv,nv,0.021743178,0.003795727,auto_accept,n/a
ISIC_0034281,nv,nv,0.8542993,0.17341004,escalate,n/a
ISIC_0029233,bkl,nv,0.11472607,0.0004241798,auto_accept,n/a
ISIC_0028305,nv,nv,0.59956014,0.46828693,auto_accept,n/a
ISIC_0027474,nv,nv,0.636547,0.31515652,auto_accept,n/a
ISIC_0029328,nv,nv,0.68318117,0.0654123,auto_accept,n/a
ISIC_0026555,nv,nv,0.40467513,0.0038720127,auto_accept,n/a
ISIC_0029719,nv,mel,0.35456854,0.7971356,auto_accept,n/a
ISIC_0028036,nv,bkl,0.5894134,0.09163432,auto_accept,n/a
ISIC_0032091,nv,nv,0.016321778,4.235536e-05,auto_accept,n/a
ISIC_0032953,nv,nv,0.16514039,0.0025010305,auto_accept,n/a
ISIC_0031884,nv,nv,0.11787492,0.002898679,auto_accept,n/a
ISIC_0034265,nv,bkl,0.9095906,0.016468152,escalate,n/a
ISIC_0031045,nv,nv,0.80109215,0.23694153,auto_accept,n/a
ISIC_0024930,mel,nv,0.22657567,0.1126723,auto_accept,n/a
ISIC_0024616,nv,nv,0.07477671,0.00090108265,auto_accept,n/a
ISIC_0031758,nv,nv,0.03250456,0.000637371,auto_accept,n/a
ISIC_0030982,nv,nv,0.004670143,0.00020038629,auto_accept,n/a
ISIC_0029827,akiec,df,0.39089102,0.52545005,auto_accept,n/a
ISIC_0026621,nv,df,0.036475897,1.0738262e-07,auto_accept,n/a
ISIC_0028658,nv,nv,0.28178495,0.04800945,auto_accept,n/a
ISIC_0033015,nv,bkl,0.36335444,0.028272318,auto_accept,n/a
ISIC_0032536,bcc,mel,0.7110595,0.97785974,auto_accept,n/a
ISIC_0027286,nv,nv,0.23661697,0.060996372,auto_accept,n/a
ISIC_0031208,mel,mel,0.5682801,0.6774986,auto_accept,n/a
ISIC_0028402,nv,nv,0.029996157,0.0016404955,auto_accept,n/a
ISIC_0028822,bkl,bkl,0.96355546,0.3069352,escalate,n/a
ISIC_0027968,nv,nv,0.0153185725,4.1324594e-05,auto_accept,n/a
ISIC_0033189,nv,nv,0.7725562,0.12463115,auto_accept,n/a
ISIC_0031661,nv,nv,0.0928089,0.0024372276,auto_accept,n/a
ISIC_0027573,mel,mel,0.8555349,0.97397083,escalate,n/a
ISIC_0032149,mel,bkl,0.6968108,0.59465957,auto_accept,n/a
ISIC_0034005,mel,bkl,0.5629404,0.18716311,auto_accept,n/a
ISIC_0027820,bkl,bkl,0.14069164,0.05014591,auto_accept,n/a
ISIC_0028133,nv,nv,0.08610296,0.00033443508,auto_accept,n/a
ISIC_0028044,nv,nv,0.015223503,3.3382526e-05,auto_accept,n/a
ISIC_0031302,nv,mel,0.91015416,0.42485905,escalate,n/a
ISIC_0033420,nv,nv,0.6019371,0.16984576,auto_accept,n/a
ISIC_0032053,nv,nv,0.0058217645,1.0857609e-05,auto_accept,n/a
ISIC_0026386,nv,nv,0.010010004,0.0004964028,auto_accept,n/a
ISIC_0031718,mel,mel,0.57760286,0.6495233,auto_accept,n/a
ISIC_0032707,nv,nv,0.20501125,0.01261858,auto_accept,n/a
ISIC_0025920,nv,nv,0.0328148,0.00010221785,auto_accept,n/a
ISIC_0027106,nv,df,0.83212334,0.08202196,auto_accept,n/a
ISIC_0032221,nv,nv,0.12335223,0.032866925,auto_accept,n/a
ISIC_0026722,nv,bcc,0.038633347,0.9769876,auto_accept,n/a
ISIC_0031936,nv,nv,0.03324592,0.0019084667,auto_accept,n/a
ISIC_0025783,mel,nv,0.41559708,0.12648852,auto_accept,n/a
ISIC_0029665,nv,nv,0.78848517,0.32005793,auto_accept,n/a
ISIC_0029720,nv,nv,0.01579231,0.0004645645,auto_accept,n/a
ISIC_0033563,nv,mel,0.95867634,0.50973487,escalate,n/a
ISIC_0032744,nv,bkl,0.7261361,0.027537828,auto_accept,n/a
ISIC_0030033,nv,mel,0.7286991,0.6032216,auto_accept,n/a
ISIC_0027281,bcc,bcc,0.028908908,0.9908279,auto_accept,n/a
ISIC_0031321,bkl,akiec,0.40082675,0.9440756,auto_accept,n/a
ISIC_0033607,mel,nv,0.102739275,0.009005757,auto_accept,n/a
ISIC_0026893,bkl,bkl,0.06966144,0.028607696,auto_accept,n/a
ISIC_0028878,mel,bkl,0.49121583,0.30198482,auto_accept,n/a
ISIC_0029620,nv,nv,0.13324773,0.070869215,auto_accept,n/a
ISIC_0033333,mel,nv,0.6005339,0.18493712,auto_accept,n/a
ISIC_0029795,nv,nv,0.03400725,2.5556472e-05,auto_accept,n/a
ISIC_0029534,nv,vasc,0.20340097,0.018929567,auto_accept,n/a
ISIC_0030532,nv,bkl,0.9627451,0.43883482,escalate,n/a
ISIC_0033399,mel,mel,0.11946273,0.91592556,auto_accept,n/a
ISIC_0029440,nv,nv,0.0834257,0.009025929,auto_accept,n/a
ISIC_0028396,nv,nv,0.020374298,0.0003421649,auto_accept,n/a
ISIC_0024398,nv,nv,0.008024037,0.00019921163,auto_accept,n/a
ISIC_0028116,nv,nv,0.6407179,0.035011213,auto_accept,n/a
ISIC_0028033,mel,mel,0.96045244,0.41021094,escalate,n/a
ISIC_0031185,nv,nv,0.04423082,0.00012745085,auto_accept,n/a
ISIC_0029352,bcc,bcc,0.1895116,0.9262238,auto_accept,n/a
ISIC_0026373,nv,nv,0.043194234,0.0030720588,auto_accept,n/a
ISIC_0034025,nv,nv,0.85508144,0.6787186,escalate,n/a
ISIC_0032123,bkl,bkl,0.8982258,0.15954939,escalate,n/a
ISIC_0029679,nv,bkl,0.74222994,0.3902135,auto_accept,n/a
ISIC_0026334,nv,nv,0.021286309,0.0029917462,auto_accept,n/a
ISIC_0028762,nv,nv,0.0129932165,0.0012042152,auto_accept,n/a
ISIC_0024756,mel,bcc,0.753919,0.7446846,auto_accept,n/a
ISIC_0031553,nv,nv,0.01335907,9.75323e-05,auto_accept,n/a
ISIC_0028237,bkl,bkl,0.28877884,0.13877942,auto_accept,n/a
ISIC_0034071,mel,mel,0.7074071,0.47951025,auto_accept,n/a
ISIC_0033444,mel,nv,0.08395553,0.045549463,auto_accept,n/a
ISIC_0027955,nv,nv,0.004909873,6.594503e-05,auto_accept,n/a
ISIC_0031465,bkl,bkl,0.1484394,0.027634874,auto_accept,n/a
ISIC_0025088,nv,nv,0.16818339,0.0019081589,auto_accept,n/a
ISIC_0031146,mel,nv,0.9056059,0.3994371,escalate,n/a
ISIC_0029510,nv,nv,0.36683762,0.016313914,auto_accept,n/a
ISIC_0029216,mel,bkl,0.6628803,0.15761894,auto_accept,n/a
ISIC_0027355,bkl,bkl,0.32643616,0.48899952,auto_accept,n/a
ISIC_0028482,nv,nv,0.18132144,0.010712394,auto_accept,n/a
ISIC_0028434,nv,nv,0.021051288,0.00065129675,auto_accept,n/a
ISIC_0026547,nv,nv,0.043236494,0.0009264833,auto_accept,n/a
ISIC_0025332,nv,nv,0.03254044,0.0072525432,auto_accept,n/a
ISIC_0032874,nv,nv,0.3457151,0.12322723,auto_accept,n/a
ISIC_0027652,bkl,bkl,0.7771928,0.6074855,auto_accept,n/a
ISIC_0033541,nv,nv,0.14278221,0.05127204,auto_accept,n/a
ISIC_0030060,mel,mel,0.2558059,0.9669958,auto_accept,n/a
ISIC_0032668,nv,nv,0.6098697,0.00044518194,auto_accept,n/a
ISIC_0027899,nv,nv,0.07664275,0.007153564,auto_accept,n/a
ISIC_0030584,nv,nv,0.3489126,0.001226274,auto_accept,n/a
ISIC_0033483,bcc,mel,0.32254928,0.9322317,auto_accept,n/a
ISIC_0033429,mel,mel,0.84992695,0.5289798,escalate,n/a
ISIC_0032643,bkl,bkl,0.36725163,0.0031550154,auto_accept,n/a
ISIC_0025547,nv,bkl,0.58868307,0.005583536,auto_accept,n/a
ISIC_0025417,bcc,bcc,0.011597931,0.9954705,auto_accept,n/a
ISIC_0034092,mel,mel,0.08932316,0.9876254,auto_accept,n/a
ISIC_0028591,nv,mel,0.49692863,0.73519945,auto_accept,n/a
ISIC_0026667,nv,nv,0.06465769,0.00081764365,auto_accept,n/a
ISIC_0027528,nv,nv,0.93303,0.0046130107,escalate,n/a
ISIC_0025396,nv,nv,0.98615,0.39420792,escalate,n/a
ISIC_0024366,nv,nv,0.08473331,0.034080796,auto_accept,n/a
ISIC_0031118,mel,bkl,0.9573358,0.3958934,escalate,n/a
ISIC_0025951,nv,nv,0.03720486,0.0017724979,auto_accept,n/a
ISIC_0027481,nv,nv,0.36758244,0.0022662922,auto_accept,n/a
ISIC_0031849,nv,nv,0.01402688,0.0003719646,auto_accept,n/a
ISIC_0032112,nv,mel,0.65277755,0.5893909,auto_accept,n/a
ISIC_0025248,mel,mel,0.7638308,0.6407391,auto_accept,n/a
ISIC_0029159,nv,nv,0.0039319396,5.2920732e-05,auto_accept,n/a
ISIC_0027636,nv,nv,0.023277402,0.0004716143,auto_accept,n/a
ISIC_0026105,mel,nv,0.7264812,0.17242691,auto_accept,n/a
ISIC_0025419,bkl,nv,0.68517065,0.006328361,auto_accept,n/a
ISIC_0030202,nv,nv,0.25313598,0.000426812,auto_accept,n/a
ISIC_0026183,nv,nv,0.046711266,0.0027818668,auto_accept,n/a
ISIC_0032617,mel,mel,0.21657223,0.95419157,auto_accept,n/a
ISIC_0029137,nv,nv,0.16065717,0.034619454,auto_accept,n/a
ISIC_0033460,bkl,bkl,0.80854034,0.37057123,auto_accept,n/a
ISIC_0031483,nv,bcc,0.22771084,0.7581847,auto_accept,n/a
ISIC_0029059,akiec,bcc,0.2892099,0.9966024,auto_accept,n/a
ISIC_0024422,bkl,mel,0.77498764,0.66405874,auto_accept,n/a
ISIC_0033940,nv,mel,0.37499142,0.7475678,auto_accept,n/a
ISIC_0028667,nv,nv,0.016517222,2.7479342e-05,auto_accept,n/a
ISIC_0031433,nv,nv,0.0711022,0.020439515,auto_accept,n/a
ISIC_0028130,nv,bkl,0.6508982,0.07415486,auto_accept,n/a
ISIC_0026230,bcc,mel,0.5006424,0.9817723,auto_accept,n/a
ISIC_0032305,nv,nv,0.22321296,0.029937215,auto_accept,n/a
ISIC_0031923,nv,nv,0.044629574,0.0022733235,auto_accept,n/a
ISIC_0025450,mel,df,0.27164727,7.271899e-05,auto_accept,n/a
ISIC_0033323,mel,mel,0.9464916,0.3244276,escalate,n/a
ISIC_0028414,bkl,mel,0.7361757,0.9019713,auto_accept,n/a
ISIC_0030193,nv,nv,0.30568576,0.00055662234,auto_accept,n/a
ISIC_0029304,nv,nv,0.03440231,0.003393413,auto_accept,n/a
ISIC_0034245,nv,mel,0.5482342,0.55235195,auto_accept,n/a
ISIC_0030795,mel,nv,0.3515842,0.12450941,auto_accept,n/a
ISIC_0025356,nv,nv,0.0066081285,0.00022538003,auto_accept,n/a
ISIC_0025391,mel,mel,0.5610601,0.7193811,auto_accept,n/a
ISIC_0030141,nv,nv,0.12674016,0.06549013,auto_accept,n/a
ISIC_0030682,nv,nv,0.259216,0.0039477367,auto_accept,n/a
ISIC_0033300,mel,nv,0.52211076,0.16174269,auto_accept,n/a
ISIC_0031711,mel,mel,0.19959766,0.8413594,auto_accept,n/a
ISIC_0032082,nv,nv,0.4607947,0.32154414,auto_accept,n/a
ISIC_0025776,nv,nv,0.27243572,0.01161923,auto_accept,n/a
ISIC_0031769,nv,nv,0.38038874,0.08980608,auto_accept,n/a
ISIC_0025534,nv,nv,0.715021,0.034792274,auto_accept,n/a
ISIC_0026613,nv,nv,0.059913754,0.0002619824,auto_accept,n/a
ISIC_0025711,bcc,bcc,0.47826123,0.9150884,auto_accept,n/a
ISIC_0024618,nv,akiec,0.49581146,0.72029936,auto_accept,n/a
ISIC_0026879,nv,nv,0.025672793,0.011697815,auto_accept,n/a
ISIC_0033030,nv,mel,0.53012586,0.6593286,auto_accept,n/a
ISIC_0031073,nv,nv,0.09831399,2.1371973e-06,auto_accept,n/a
ISIC_0025716,bkl,bcc,0.70979834,0.98843575,auto_accept,n/a
ISIC_0026814,nv,nv,0.005179465,0.0001624919,auto_accept,n/a
ISIC_0028670,bcc,bcc,0.037702143,0.9468282,auto_accept,n/a
ISIC_0031741,mel,mel,0.88793206,0.6526975,escalate,n/a
ISIC_0032115,nv,nv,0.02095145,0.0004125603,auto_accept,n/a
ISIC_0028886,nv,nv,0.023807168,0.0010711665,auto_accept,n/a
ISIC_0031102,nv,nv,0.602216,0.006928919,auto_accept,n/a
ISIC_0031299,nv,nv,0.046140254,0.0225808,auto_accept,n/a
ISIC_0033498,mel,mel,0.27435112,0.8585598,auto_accept,n/a
ISIC_0025018,mel,nv,0.9345592,0.5290792,escalate,n/a
ISIC_0029403,nv,nv,0.040524542,0.0123168845,auto_accept,n/a
ISIC_0030528,bcc,bcc,0.13724351,0.8131164,auto_accept,n/a
ISIC_0027623,nv,nv,0.11253518,0.030871786,auto_accept,n/a
ISIC_0027207,nv,nv,0.04323393,0.0069746366,auto_accept,n/a
ISIC_0028054,nv,nv,0.020714104,4.572297e-06,auto_accept,n/a
ISIC_0030152,nv,nv,0.13981658,0.000690201,auto_accept,n/a
ISIC_0033152,mel,nv,0.07258028,0.004029694,auto_accept,n/a
ISIC_0026563,nv,nv,0.33747774,0.023077626,auto_accept,n/a
ISIC_0030574,bcc,bcc,0.018768668,0.98106307,auto_accept,n/a
ISIC_0034038,nv,nv,0.49075902,0.29669735,auto_accept,n/a
ISIC_0025370,nv,nv,0.31245184,0.005812939,auto_accept,n/a
ISIC_0024979,nv,nv,0.43169785,0.15563975,auto_accept,n/a
ISIC_0031550,mel,nv,0.8232647,0.06768552,auto_accept,n/a
ISIC_0031606,nv,df,0.0391261,3.1924874e-06,auto_accept,n/a
ISIC_0030519,nv,nv,0.41430628,0.003379846,auto_accept,n/a
ISIC_0029491,nv,mel,0.13890141,0.9077151,auto_accept,n/a
ISIC_0027790,vasc,vasc,0.17930442,0.04172653,auto_accept,n/a
ISIC_0029991,bkl,bcc,0.55565083,0.97069967,auto_accept,n/a
ISIC_0032090,nv,bcc,0.0113787055,0.9747918,auto_accept,n/a
ISIC_0031136,nv,nv,0.101420164,0.01092754,auto_accept,n/a
ISIC_0028855,nv,nv,0.06586993,0.00010551164,auto_accept,n/a
ISIC_0025435,nv,nv,0.010975003,0.00037908542,auto_accept,n/a
ISIC_0026317,nv,nv,0.015309751,0.00038348127,auto_accept,n/a
ISIC_0029684,nv,nv,0.08142692,0.0032366742,auto_accept,n/a
ISIC_0028442,mel,mel,0.16878319,0.9674118,auto_accept,n/a
ISIC_0027178,akiec,akiec,0.0364784,0.9864363,auto_accept,n/a
ISIC_0026714,bkl,bkl,0.6168697,0.05640583,auto_accept,n/a
ISIC_0024696,bkl,mel,0.562342,0.62292236,auto_accept,n/a
ISIC_0024812,nv,nv,0.06864172,0.00043603315,auto_accept,n/a
ISIC_0030364,nv,nv,0.07854843,1.8098527e-06,auto_accept,n/a
ISIC_0031881,nv,nv,0.13668823,0.042114783,auto_accept,n/a
ISIC_0029685,nv,nv,0.16211033,0.00044581346,auto_accept,n/a
ISIC_0025173,nv,nv,0.41482592,0.07610398,auto_accept,n/a
ISIC_0025692,nv,nv,0.22442603,3.533397e-05,auto_accept,n/a
ISIC_0034180,mel,mel,0.80435616,0.53694904,auto_accept,n/a
ISIC_0024637,nv,nv,0.15751368,0.04698697,auto_accept,n/a
ISIC_0027367,bkl,mel,0.15132684,0.9264421,auto_accept,n/a
ISIC_0025904,mel,mel,0.64207506,0.7282996,auto_accept,n/a
ISIC_0030807,nv,nv,0.022552788,0.00018907183,auto_accept,n/a
ISIC_0029142,nv,bkl,0.8874998,0.003172327,escalate,n/a
ISIC_0027629,bcc,bcc,0.28259158,0.884679,auto_accept,n/a
ISIC_0030388,nv,nv,0.04099369,8.828835e-05,auto_accept,n/a
ISIC_0025105,mel,mel,0.81531405,0.41123945,auto_accept,n/a
ISIC_0024376,nv,nv,0.04916036,0.00042934966,auto_accept,n/a
ISIC_0031110,nv,nv,0.027547538,0.00058803713,auto_accept,n/a
ISIC_0028295,nv,nv,0.035136044,0.0011708367,auto_accept,n/a
ISIC_0024732,mel,nv,0.2592181,0.07353922,auto_accept,n/a
ISIC_0025529,bkl,bkl,0.010583758,0.014276941,auto_accept,n/a
ISIC_0032423,nv,mel,0.3665622,0.8248726,auto_accept,n/a
ISIC_0026204,nv,nv,0.014302492,9.4694136e-05,auto_accept,n/a
ISIC_0033217,mel,mel,0.41613436,0.7850796,auto_accept,n/a
ISIC_0027746,nv,nv,0.09732509,0.0003598181,auto_accept,n/a
ISIC_0024726,bkl,bkl,0.63152957,0.19816372,auto_accept,n/a
ISIC_0033908,bkl,bkl,0.25157833,0.07435384,auto_accept,n/a
ISIC_0027783,nv,bkl,0.9933112,0.32426342,escalate,n/a
ISIC_0032465,nv,nv,0.59637165,0.016394772,auto_accept,n/a
ISIC_0032746,nv,bkl,0.972466,0.44335544,escalate,n/a
ISIC_0033836,nv,nv,0.09014696,0.024836654,auto_accept,n/a
ISIC_0034104,mel,mel,0.12789834,0.93545556,auto_accept,n/a
ISIC_0029968,nv,nv,0.04792255,0.002792047,auto_accept,n/a
ISIC_0027764,nv,nv,0.25994903,0.12281379,auto_accept,n/a
ISIC_0028945,nv,nv,0.7305597,0.1867138,auto_accept,n/a
ISIC_0034130,nv,nv,0.028057516,0.005207779,auto_accept,n/a
ISIC_0034248,nv,nv,0.51394904,0.03755672,auto_accept,n/a
ISIC_0030095,bkl,akiec,0.97029966,0.73604906,escalate,n/a
ISIC_0027214,nv,nv,0.005581796,1.5149607e-05,auto_accept,n/a
ISIC_0034268,nv,mel,0.7988787,0.5162232,auto_accept,n/a
ISIC_0025956,nv,nv,0.5779364,0.13581556,auto_accept,n/a
ISIC_0028713,nv,nv,0.12751752,4.308222e-07,auto_accept,n/a
ISIC_0031265,nv,nv,0.26940656,0.06296225,auto_accept,n/a
ISIC_0028462,nv,nv,0.0041443706,1.7071703e-05,auto_accept,n/a
ISIC_0029855,nv,bcc,0.17548925,0.89540756,auto_accept,n/a
ISIC_0030274,nv,nv,0.28509057,0.00083944545,auto_accept,n/a
ISIC_0031476,nv,nv,0.5775611,0.071835175,auto_accept,n/a
ISIC_0031210,nv,nv,0.0067112446,4.412279e-05,auto_accept,n/a
ISIC_0024352,nv,mel,0.98591936,0.57433724,escalate,n/a
ISIC_0030467,nv,nv,0.0034018755,0.00023961418,auto_accept,n/a
ISIC_0030838,nv,nv,0.03047651,0.00010072831,auto_accept,n/a
ISIC_0030700,bkl,akiec,0.07836938,0.98509926,auto_accept,n/a
ISIC_0031963,nv,nv,0.7617408,0.0009364523,auto_accept,n/a
ISIC_0032822,nv,mel,0.26002592,0.7976556,auto_accept,n/a
ISIC_0026092,vasc,vasc,0.0015588999,0.0028718698,auto_accept,n/a
ISIC_0030572,nv,nv,0.05211407,0.00053814,auto_accept,n/a
ISIC_0029770,bkl,nv,0.8145952,0.25171453,auto_accept,n/a
ISIC_0029446,nv,df,0.0139091015,0.00019260196,auto_accept,n/a
ISIC_0025941,mel,nv,0.5041443,0.2682308,auto_accept,n/a
ISIC_0029699,nv,nv,0.070837736,0.00039378423,auto_accept,n/a
ISIC_0026716,bcc,bcc,0.11190903,0.9820634,auto_accept,n/a
ISIC_0027438,nv,nv,0.0850327,0.00011667032,auto_accept,n/a
ISIC_0029969,nv,nv,0.049621344,0.00025963856,auto_accept,n/a
ISIC_0031112,nv,df,0.77387166,0.0004015639,auto_accept,n/a
ISIC_0029075,nv,mel,0.25003457,0.8717787,auto_accept,n/a
ISIC_0029371,akiec,bcc,0.0042318106,0.99931324,auto_accept,n/a
ISIC_0030861,nv,nv,0.24794191,5.0987205e-06,auto_accept,n/a
ISIC_0027468,nv,bkl,0.7473042,0.035126667,auto_accept,n/a
ISIC_0031275,nv,nv,0.22651047,0.004764923,auto_accept,n/a
ISIC_0033456,akiec,akiec,0.03595209,0.99877447,auto_accept,n/a
ISIC_0031812,bkl,bkl,0.9556006,0.2623783,escalate,n/a
ISIC_0026660,nv,nv,0.021878898,0.0011731443,auto_accept,n/a
ISIC_0030707,akiec,mel,0.53331316,0.9506814,auto_accept,n/a
ISIC_0024827,nv,mel,0.7341733,0.7018071,auto_accept,n/a
ISIC_0030394,bkl,bkl,0.07766497,8.541326e-05,auto_accept,n/a
ISIC_0026738,mel,akiec,0.6799588,0.86065114,auto_accept,n/a
ISIC_0033500,mel,mel,0.37984186,0.82189554,auto_accept,n/a
ISIC_0025558,nv,nv,0.017079115,0.00032409208,auto_accept,n/a
ISIC_0031637,nv,nv,0.12586188,0.0022861601,auto_accept,n/a
ISIC_0027264,nv,nv,0.466828,0.031035693,auto_accept,n/a
ISIC_0030924,nv,nv,0.107361734,0.0035608066,auto_accept,n/a
ISIC_0031221,nv,nv,0.32889652,0.023193149,auto_accept,n/a
ISIC_0029630,mel,akiec,0.25682926,0.9758169,auto_accept,n/a
ISIC_0025564,bcc,bcc,0.24256325,0.96849996,auto_accept,n/a
ISIC_0030076,akiec,akiec,0.5523656,0.8133233,auto_accept,n/a
ISIC_0028216,nv,mel,0.631922,0.93572664,auto_accept,n/a
ISIC_0024596,nv,mel,0.46053195,0.80335116,auto_accept,n/a
ISIC_0032312,nv,nv,0.06073934,0.00045213272,auto_accept,n/a
ISIC_0025265,mel,nv,0.30736518,0.102378786,auto_accept,n/a
ISIC_0028569,nv,nv,0.013334572,0.00018266017,auto_accept,n/a
ISIC_0027534,nv,nv,0.09274024,0.00028347687,auto_accept,n/a
ISIC_0029246,nv,nv,0.020648777,0.0002555631,auto_accept,n/a
ISIC_0033025,nv,nv,0.2609756,0.09478519,auto_accept,n/a
ISIC_0028177,nv,nv,0.09586394,0.006329612,auto_accept,n/a
ISIC_0028653,bcc,bcc,0.015446901,0.9850697,auto_accept,n/a
ISIC_0033325,mel,akiec,0.9212345,0.5137692,escalate,n/a
ISIC_0032947,akiec,bkl,0.3063498,0.2688074,auto_accept,n/a
ISIC_0033228,nv,nv,0.37117428,0.0099847205,auto_accept,n/a
ISIC_0033572,nv,mel,0.8951739,0.70823354,escalate,n/a
ISIC_0032814,nv,nv,0.17100084,0.0026219375,auto_accept,n/a
ISIC_0026701,nv,nv,0.0631727,0.00039853153,auto_accept,n/a
ISIC_0025094,nv,nv,0.9507942,0.32586414,escalate,n/a
ISIC_0027320,bkl,mel,0.4252529,0.81254095,auto_accept,n/a
ISIC_0034047,bcc,mel,0.4512844,0.9543646,auto_accept,n/a
ISIC_0027695,nv,nv,0.0044999123,5.672824e-05,auto_accept,n/a
ISIC_0033780,df,df,0.00030595064,0.00034235086,auto_accept,n/a
ISIC_0031970,nv,nv,0.8975005,0.020204894,escalate,n/a
ISIC_0031506,akiec,bcc,0.9114603,0.9424378,escalate,n/a
ISIC_0031405,nv,nv,0.2042728,0.0075914534,auto_accept,n/a
ISIC_0030348,nv,bkl,0.38760775,0.012884727,auto_accept,n/a
ISIC_0033747,bcc,bcc,0.03871596,0.8428738,auto_accept,n/a
ISIC_0034123,bcc,bcc,0.26695246,0.9982262,auto_accept,n/a
ISIC_0027396,nv,nv,0.0092276335,2.6950405e-05,auto_accept,n/a
ISIC_0031975,nv,mel,0.55005,0.9816852,auto_accept,n/a
ISIC_0026818,nv,nv,0.21356708,0.08064368,auto_accept,n/a
ISIC_0027894,nv,nv,0.011907816,0.0008377408,auto_accept,n/a
ISIC_0030697,nv,nv,0.74126244,0.48329175,auto_accept,n/a
ISIC_0031342,nv,nv,0.6698199,0.0003040878,auto_accept,n/a
ISIC_0028369,nv,nv,0.017899096,0.0008942087,auto_accept,n/a
ISIC_0027203,nv,akiec,0.95861393,0.70479715,escalate,n/a
ISIC_0029964,nv,nv,0.36212516,0.0006133123,auto_accept,n/a
ISIC_0028967,nv,nv,0.046052396,0.0033513645,auto_accept,n/a
ISIC_0029168,nv,nv,0.07755971,0.01670859,auto_accept,n/a
ISIC_0033486,bkl,nv,0.9264342,0.73464584,escalate,n/a
ISIC_0024943,bkl,bkl,0.23405659,0.045137163,auto_accept,n/a
ISIC_0024957,nv,nv,0.052449524,0.0014728543,auto_accept,n/a
ISIC_0026566,bkl,df,0.45901024,0.00038007202,auto_accept,n/a
ISIC_0029554,nv,bcc,0.24004066,0.78136677,auto_accept,n/a
ISIC_0025685,nv,nv,0.19851017,0.000116865966,auto_accept,n/a
ISIC_0029494,nv,nv,0.074305415,0.000322978,auto_accept,n/a
ISIC_0025512,mel,mel,0.6537899,0.7467217,auto_accept,n/a
ISIC_0025364,nv,nv,0.0196926,0.00039229152,auto_accept,n/a
ISIC_0027199,nv,df,0.90945303,0.00036203951,escalate,n/a
ISIC_0029907,nv,nv,0.031029046,0.018451847,auto_accept,n/a
ISIC_0028217,nv,mel,0.94949234,0.45327017,escalate,n/a
ISIC_0026243,nv,nv,0.04325652,0.0006844126,auto_accept,n/a
ISIC_0024811,nv,nv,0.099271595,0.007101365,auto_accept,n/a
ISIC_0026342,nv,nv,0.012846053,0.00034898397,auto_accept,n/a
ISIC_0025923,nv,nv,0.07551533,0.003036709,auto_accept,n/a
ISIC_0029737,nv,nv,0.13703924,0.027147682,auto_accept,n/a
ISIC_0025368,akiec,akiec,0.80512214,0.996603,auto_accept,n/a
ISIC_0024785,nv,nv,0.044246852,0.0005924459,auto_accept,n/a
ISIC_0025418,nv,nv,0.016955674,1.3853005e-05,auto_accept,n/a
ISIC_0031653,nv,nv,0.028279006,5.518155e-05,auto_accept,n/a
ISIC_0033039,nv,nv,0.13482207,0.015346381,auto_accept,n/a
ISIC_0033729,nv,nv,0.7954049,0.38650244,auto_accept,n/a
ISIC_0033748,nv,nv,0.21690112,0.011110661,auto_accept,n/a
ISIC_0030450,nv,nv,0.009989738,5.5372213e-05,auto_accept,n/a
ISIC_0026306,nv,nv,0.07985562,0.00012533535,auto_accept,n/a
ISIC_0033902,mel,mel,0.7986743,0.37121487,auto_accept,n/a
ISIC_0034221,bkl,bkl,0.26741123,0.07426226,auto_accept,n/a
ISIC_0030360,mel,bkl,0.45962477,0.06070756,auto_accept,n/a
ISIC_0024481,mel,df,0.17458314,0.0005635373,auto_accept,n/a
ISIC_0027832,mel,bkl,0.98859966,0.1908815,escalate,n/a
ISIC_0026882,nv,nv,0.09155315,0.0017240184,auto_accept,n/a
ISIC_0031083,nv,nv,0.009227574,0.00046426727,auto_accept,n/a
ISIC_0026294,nv,nv,0.021089137,6.5959866e-05,auto_accept,n/a
ISIC_0033619,mel,mel,0.60423833,0.8076809,auto_accept,n/a
ISIC_0029651,mel,nv,0.9698709,0.18004933,escalate,n/a
ISIC_0025494,nv,nv,0.031185627,0.0013629606,auto_accept,n/a
ISIC_0026118,bcc,bcc,0.107153654,0.9918167,auto_accept,n/a
ISIC_0025176,nv,nv,0.25126398,0.0030000526,auto_accept,n/a
ISIC_0030452,bcc,bcc,0.0961051,0.95720994,auto_accept,n/a
ISIC_0029436,nv,nv,0.97897863,0.0009458908,escalate,n/a
ISIC_0026554,nv,bkl,0.67255497,0.34493536,auto_accept,n/a
ISIC_0029251,bkl,bkl,0.37813896,0.0034070523,auto_accept,n/a
ISIC_0027531,bcc,bcc,0.12391806,0.9601268,auto_accept,n/a
ISIC_0034084,nv,nv,0.3473565,0.16471417,auto_accept,n/a
ISIC_0025201,nv,nv,0.022122264,0.00096683216,auto_accept,n/a
ISIC_0026674,nv,mel,0.3138287,0.90629923,auto_accept,n/a
ISIC_0026088,nv,vasc,0.71657217,2.481825e-05,auto_accept,n/a
ISIC_0030883,mel,mel,0.441957,0.7695332,auto_accept,n/a
ISIC_0026975,nv,nv,0.75233895,0.0040982985,auto_accept,n/a
ISIC_0030972,nv,nv,0.20859873,0.0013267297,auto_accept,n/a
ISIC_0030083,mel,nv,0.41741168,0.0584864,auto_accept,n/a
ISIC_0028747,bcc,akiec,0.92413604,0.99414366,escalate,n/a
ISIC_0027082,nv,nv,0.108146906,0.0005293639,auto_accept,n/a
ISIC_0028140,nv,nv,0.018442214,1.12438765e-05,auto_accept,n/a
ISIC_0027752,nv,nv,0.029679477,0.0011655333,auto_accept,n/a
ISIC_0034067,nv,nv,0.12958544,0.064996764,auto_accept,n/a
ISIC_0030522,bkl,nv,0.68631846,0.11528475,auto_accept,n/a
ISIC_0031329,bkl,bkl,0.3005774,0.0011667124,auto_accept,n/a
ISIC_0024939,nv,nv,0.03881508,0.00023835868,auto_accept,n/a
ISIC_0031916,nv,nv,0.07233417,0.001148697,auto_accept,n/a
ISIC_0030976,bkl,df,0.24902427,0.6226363,auto_accept,n/a
ISIC_0027121,nv,nv,0.14264673,0.04001562,auto_accept,n/a
ISIC_0033108,nv,nv,0.76250774,0.33313075,auto_accept,n/a
ISIC_0034066,bcc,bcc,0.20314449,0.94446844,auto_accept,n/a
ISIC_0032708,nv,nv,0.101149976,0.014118902,auto_accept,n/a
ISIC_0028477,nv,nv,0.88370377,0.5308088,escalate,n/a
ISIC_0025369,nv,nv,0.10156244,0.0013398634,auto_accept,n/a
ISIC_0030979,nv,nv,0.69284546,0.35578093,auto_accept,n/a
ISIC_0028773,mel,mel,0.0863111,0.9417592,auto_accept,n/a
ISIC_0024813,nv,nv,0.56773084,0.26054558,auto_accept,n/a
ISIC_0032421,nv,nv,0.15500945,0.016186537,auto_accept,n/a
ISIC_0031822,nv,nv,0.43599665,0.1807058,auto_accept,n/a
ISIC_0026606,bkl,nv,0.2092157,0.048416194,auto_accept,n/a
ISIC_0026368,nv,nv,0.08466035,0.00019227754,auto_accept,n/a
ISIC_0026348,nv,nv,0.68383205,0.3054435,auto_accept,n/a
ISIC_0030285,nv,bcc,0.041565716,0.6495233,auto_accept,n/a
ISIC_0033618,nv,nv,0.7671037,0.22696678,auto_accept,n/a
ISIC_0026944,nv,nv,0.0055425763,9.945861e-05,auto_accept,n/a
ISIC_0034264,nv,nv,0.12709814,0.045799382,auto_accept,n/a
ISIC_0033144,nv,nv,0.07381165,0.026276087,auto_accept,n/a
ISIC_0032925,mel,mel,0.85599697,0.4949627,escalate,n/a
ISIC_0026956,nv,bcc,0.8156974,0.71883625,auto_accept,n/a
ISIC_0026150,mel,mel,0.3331405,0.8108669,auto_accept,n/a
ISIC_0027957,bkl,nv,0.5879459,0.008391683,auto_accept,n/a
ISIC_0028011,nv,nv,0.013258994,0.00014257412,auto_accept,n/a
ISIC_0032543,nv,bkl,0.91902155,0.010199879,escalate,n/a
ISIC_0030543,nv,mel,0.6784631,0.61558485,auto_accept,n/a
ISIC_0026529,nv,nv,0.011143744,8.5047686e-05,auto_accept,n/a
ISIC_0030087,nv,nv,0.085222244,0.000303078,auto_accept,n/a
ISIC_0027319,nv,nv,0.18120551,0.0052389936,auto_accept,n/a
ISIC_0026776,nv,nv,0.10931486,0.00045516773,auto_accept,n/a
ISIC_0031487,nv,nv,0.24425489,0.0049982565,auto_accept,n/a
ISIC_0025232,nv,nv,0.25706178,0.02878608,auto_accept,n/a
ISIC_0028932,nv,nv,0.06664938,0.0039078197,auto_accept,n/a
ISIC_0026913,nv,nv,0.9625207,0.308916,escalate,n/a
ISIC_0025587,nv,nv,0.14590418,0.014434436,auto_accept,n/a
ISIC_0032236,nv,nv,0.36168116,0.14748035,auto_accept,n/a
ISIC_0026682,nv,df,0.92996407,6.298349e-05,escalate,n/a
ISIC_0027363,nv,nv,0.050119877,0.002115942,auto_accept,n/a
ISIC_0027619,nv,nv,0.060272038,0.002372974,auto_accept,n/a
ISIC_0028882,nv,nv,0.043927908,0.011399311,auto_accept,n/a
ISIC_0027308,nv,mel,0.81767666,0.7131395,auto_accept,n/a
ISIC_0028367,nv,mel,0.9691399,0.5265477,escalate,n/a
ISIC_0025006,nv,nv,0.015847683,0.00016273331,auto_accept,n/a
ISIC_0028792,bkl,bkl,0.24351466,0.095749065,auto_accept,n/a
ISIC_0027624,nv,nv,0.0034650564,0.000104945306,auto_accept,n/a
ISIC_0027570,nv,nv,0.011972845,0.00022573207,auto_accept,n/a
ISIC_0029086,nv,nv,0.040158987,0.00030063585,auto_accept,n/a
ISIC_0033673,nv,nv,0.47638917,0.031860005,auto_accept,n/a
ISIC_0032063,bkl,bkl,0.13412547,0.00023551952,auto_accept,n/a
ISIC_0030993,nv,nv,0.0037274957,0.001980625,auto_accept,n/a
ISIC_0028180,bkl,bkl,0.63935304,0.002405075,auto_accept,n/a
ISIC_0032016,nv,nv,0.10561979,0.0001541382,auto_accept,n/a
ISIC_0033191,nv,nv,0.010567188,3.6945214e-05,auto_accept,n/a
ISIC_0024889,nv,nv,0.10822809,0.0024452438,auto_accept,n/a
ISIC_0033137,nv,vasc,0.32925308,0.0039106123,auto_accept,n/a
ISIC_0030818,mel,nv,0.9905685,0.4820622,escalate,n/a
ISIC_0032700,nv,vasc,0.59278107,0.52612054,auto_accept,n/a
ISIC_0024639,nv,nv,0.10914409,0.0013083676,auto_accept,n/a
ISIC_0027970,nv,nv,0.006499946,0.0033379663,auto_accept,n/a
ISIC_0025875,nv,nv,0.07010472,0.001017424,auto_accept,n/a
ISIC_0031149,nv,nv,0.51164365,0.062001597,auto_accept,n/a
ISIC_0026403,nv,mel,0.099597216,0.9286529,auto_accept,n/a
ISIC_0030542,bkl,nv,0.25845706,0.02347489,auto_accept,n/a
ISIC_0027201,nv,nv,0.04638928,0.0055055395,auto_accept,n/a
ISIC_0033069,nv,mel,0.8379228,0.5150233,escalate,n/a
ISIC_0032561,nv,nv,0.12686008,0.056113753,auto_accept,n/a
ISIC_0033369,mel,mel,0.15096837,0.8962891,auto_accept,n/a
ISIC_0029370,mel,mel,0.15609777,0.94503653,auto_accept,n/a
ISIC_0031955,vasc,nv,0.95225596,0.033143934,escalate,n/a
ISIC_0031764,nv,nv,0.040210724,0.0014583999,auto_accept,n/a
ISIC_0024901,nv,nv,0.013822138,0.00024862352,auto_accept,n/a
ISIC_0033635,bkl,bkl,0.9173279,0.002301034,escalate,n/a
ISIC_0031965,nv,bkl,0.8112947,0.14355105,auto_accept,n/a
ISIC_0024791,nv,vasc,0.031639397,4.8191447e-05,auto_accept,n/a
ISIC_0027777,nv,nv,0.009430051,0.0006273528,auto_accept,n/a
ISIC_0026911,nv,nv,0.13788158,0.111431375,auto_accept,n/a
ISIC_0030611,nv,nv,0.013967931,0.00043515037,auto_accept,n/a
ISIC_0028501,nv,nv,0.020434916,0.0005228701,auto_accept,n/a
ISIC_0028186,nv,nv,0.2902186,0.026411992,auto_accept,n/a
ISIC_0026756,nv,nv,0.012908161,0.00014093496,auto_accept,n/a
ISIC_0028024,nv,nv,0.006875038,3.155302e-05,auto_accept,n/a
ISIC_0026285,nv,nv,0.10281557,0.002030355,auto_accept,n/a
ISIC_0026167,mel,nv,0.4458655,0.0728454,auto_accept,n/a
ISIC_0028494,nv,nv,0.24753696,0.03754921,auto_accept,n/a
ISIC_0028786,nv,nv,0.022752821,0.0007642173,auto_accept,n/a
ISIC_0033996,nv,nv,0.10152429,0.005693655,auto_accept,n/a
ISIC_0028806,nv,nv,0.0109600425,0.00021256604,auto_accept,n/a
ISIC_0032377,nv,nv,0.024748564,9.771382e-05,auto_accept,n/a
ISIC_0024818,nv,mel,0.7749774,0.63639283,auto_accept,n/a
ISIC_0030599,nv,nv,0.12434518,0.00017776969,auto_accept,n/a
ISIC_0030106,mel,df,0.541551,0.06407283,auto_accept,n/a
ISIC_0027151,bkl,nv,0.10223544,0.0018947393,auto_accept,n/a
ISIC_0030791,nv,nv,0.0053821206,4.0756793e-05,auto_accept,n/a
ISIC_0026077,nv,nv,0.09325653,0.0025291243,auto_accept,n/a
ISIC_0029538,mel,nv,0.8753861,0.58540505,escalate,n/a
ISIC_0032301,nv,nv,0.12127304,0.0019582894,auto_accept,n/a
ISIC_0028954,nv,nv,0.008841395,0.00040654265,auto_accept,n/a
ISIC_0032518,nv,nv,0.44984484,0.09695994,auto_accept,n/a
ISIC_0032027,nv,mel,0.5227141,0.8412802,auto_accept,n/a
ISIC_0026101,nv,nv,0.0950253,0.06812758,auto_accept,n/a
ISIC_0026320,nv,nv,0.0041638613,8.5513675e-05,auto_accept,n/a
ISIC_0032431,nv,nv,0.21099734,0.00028453828,auto_accept,n/a
ISIC_0030824,mel,mel,0.3282274,0.85393715,auto_accept,n/a
ISIC_0032255,nv,nv,0.070248544,0.021187248,auto_accept,n/a
ISIC_0026170,nv,nv,0.011861622,0.00042221075,auto_accept,n/a
ISIC_0032690,mel,bkl,0.70858276,0.012516983,auto_accept,n/a
ISIC_0028851,nv,mel,0.37470174,0.78490734,auto_accept,n/a
ISIC_0027900,mel,nv,0.901636,0.33797416,escalate,n/a
ISIC_0031655,nv,nv,0.05125177,0.0001605397,auto_accept,n/a
ISIC_0027864,nv,nv,0.0075068474,2.6232012e-05,auto_accept,n/a
ISIC_0027386,nv,nv,0.13342309,0.01203408,auto_accept,n/a
ISIC_0033034,mel,mel,0.15899932,0.8850184,auto_accept,n/a
ISIC_0028148,mel,mel,0.6218476,0.6572261,auto_accept,n/a
ISIC_0026599,nv,mel,0.93878555,0.62657684,escalate,n/a
ISIC_0032025,nv,nv,0.28486484,6.474095e-05,auto_accept,n/a
ISIC_0024946,akiec,bcc,0.30465066,0.99648106,auto_accept,n/a
ISIC_0030185,nv,nv,0.024124265,0.0001416517,auto_accept,n/a
ISIC_0030960,nv,mel,0.8221456,0.7829282,auto_accept,n/a
ISIC_0026721,nv,nv,0.022410333,0.00018200476,auto_accept,n/a
ISIC_0033063,mel,mel,0.43345207,0.9694696,auto_accept,n/a
ISIC_0028683,nv,nv,0.13242185,0.0032445046,auto_accept,n/a
ISIC_0033832,nv,nv,0.588561,0.17872898,auto_accept,n/a
ISIC_0034308,nv,nv,0.11271596,0.009387467,auto_accept,n/a
ISIC_0033106,nv,mel,0.95928,0.42389467,escalate,n/a
ISIC_0034317,mel,nv,0.85111,0.49259198,escalate,n/a
ISIC_0033304,mel,mel,0.054697692,0.9841591,auto_accept,n/a
ISIC_0033893,mel,nv,0.58745855,0.24801743,auto_accept,n/a
ISIC_0031294,bcc,bcc,0.00055634975,0.9999708,auto_accept,n/a
ISIC_0030250,nv,nv,0.104619026,0.023931118,auto_accept,n/a
ISIC_0026898,nv,nv,0.08613986,0.019904023,auto_accept,n/a
ISIC_0024494,bkl,mel,0.0911234,0.95046926,auto_accept,n/a
ISIC_0031642,mel,mel,0.21278864,0.8881779,auto_accept,n/a
ISIC_0032531,mel,bkl,0.92518365,0.10906701,escalate,n/a
ISIC_0027482,nv,nv,0.09979129,0.0018427663,auto_accept,n/a
ISIC_0027016,nv,nv,0.017407179,0.00024348019,auto_accept,n/a
ISIC_0028922,nv,nv,0.30644983,0.006657371,auto_accept,n/a
ISIC_0029942,nv,nv,0.047371864,0.012754744,auto_accept,n/a
ISIC_0027935,nv,nv,0.043185532,0.00028169627,auto_accept,n/a
ISIC_0033765,nv,nv,0.7781322,0.2805829,auto_accept,n/a
ISIC_0029656,nv,bkl,0.8620313,0.0017158884,escalate,n/a
ISIC_0030238,mel,mel,0.95484126,0.39450634,escalate,n/a
ISIC_0024688,mel,nv,0.9087877,0.37985608,escalate,n/a
ISIC_0031467,nv,nv,0.074505925,0.0043827468,auto_accept,n/a
ISIC_0026226,nv,bcc,0.0036818385,0.99954456,auto_accept,n/a
ISIC_0025065,nv,nv,0.37678343,0.0041377703,auto_accept,n/a
ISIC_0025279,nv,nv,0.02465707,0.0034010266,auto_accept,n/a
ISIC_0033994,nv,nv,0.45989472,0.0058700615,auto_accept,n/a
ISIC_0027208,nv,nv,0.065371156,0.007376921,auto_accept,n/a
ISIC_0029920,nv,nv,0.062768936,0.00243618,auto_accept,n/a
ISIC_0032946,nv,nv,0.63920254,0.36555225,auto_accept,n/a
ISIC_0030984,nv,nv,0.008112788,0.00030562998,auto_accept,n/a
ISIC_0034242,mel,mel,0.21803617,0.8895225,auto_accept,n/a
ISIC_0029545,bcc,bcc,0.0065786242,0.99649906,auto_accept,n/a
ISIC_0031634,nv,nv,0.036391497,0.0063384105,auto_accept,n/a
ISIC_0033232,mel,nv,0.76733494,0.24118681,auto_accept,n/a
ISIC_0034127,nv,mel,0.65412104,0.43250486,auto_accept,n/a
ISIC_0032466,mel,mel,0.35837734,0.8166041,auto_accept,n/a
ISIC_0030064,nv,bcc,0.049448967,0.9930061,auto_accept,n/a
ISIC_0031802,nv,nv,0.16876107,0.047917623,auto_accept,n/a
ISIC_0027802,akiec,akiec,0.00060379505,0.9992023,auto_accept,n/a
ISIC_0025880,nv,nv,0.30628633,0.051358793,auto_accept,n/a
ISIC_0033627,nv,bkl,0.39685023,0.037775856,auto_accept,n/a
ISIC_0031183,nv,nv,0.069106996,0.01026131,auto_accept,n/a
ISIC_0034159,mel,mel,0.16472024,0.89836663,auto_accept,n/a
ISIC_0031528,bkl,bkl,0.75296,0.36032307,auto_accept,n/a
ISIC_0034017,nv,akiec,0.9949776,0.9859368,escalate,n/a
ISIC_0033763,nv,nv,0.028009772,0.0024801546,auto_accept,n/a
ISIC_0028379,nv,nv,0.031132221,0.0016476873,auto_accept,n/a
ISIC_0031800,nv,nv,0.110927284,0.0030044646,auto_accept,n/a
ISIC_0025503,nv,nv,0.24483454,3.6577883e-05,auto_accept,n/a
ISIC_0025887,nv,nv,0.5497176,0.22754775,auto_accept,n/a
ISIC_0026376,nv,nv,0.09048092,0.029469687,auto_accept,n/a
ISIC_0031320,nv,nv,0.15610796,0.0011273104,auto_accept,n/a
ISIC_0029848,nv,nv,0.011463344,0.00035146828,auto_accept,n/a
ISIC_0029100,bkl,mel,0.24522758,0.7531895,auto_accept,n/a
ISIC_0027350,mel,nv,0.8924045,0.33909267,escalate,n/a
ISIC_0027323,nv,nv,0.24481362,0.06373157,auto_accept,n/a
ISIC_0030209,nv,nv,0.21980411,0.14724672,auto_accept,n/a
ISIC_0025229,nv,nv,0.05869162,0.0019885541,auto_accept,n/a
ISIC_0029863,nv,nv,0.019571781,0.00013524428,auto_accept,n/a
ISIC_0026273,bkl,df,0.32720387,0.011097925,auto_accept,n/a
ISIC_0029598,akiec,bcc,0.00788933,0.99683493,auto_accept,n/a
ISIC_0032195,nv,nv,0.9827174,0.56877905,escalate,n/a
ISIC_0027730,nv,nv,0.047415614,0.0055215973,auto_accept,n/a
ISIC_0029469,nv,nv,0.64343905,2.4746872e-05,auto_accept,n/a
ISIC_0032962,nv,nv,0.56887424,0.011533052,auto_accept,n/a
ISIC_0029309,akiec,akiec,0.0012898445,0.99840635,auto_accept,n/a
ISIC_0025906,bkl,nv,0.23600185,0.0036315103,auto_accept,n/a
ISIC_0033660,bkl,bkl,0.25025022,0.01240745,auto_accept,n/a
ISIC_0034199,nv,nv,0.7104523,0.18175039,auto_accept,n/a
ISIC_0029180,nv,nv,0.067486465,3.206163e-05,auto_accept,n/a
ISIC_0024505,bkl,bkl,0.43812406,0.062026497,auto_accept,n/a
ISIC_0033452,mel,mel,0.90268135,0.3905169,escalate,n/a
ISIC_0027216,df,df,5.888939e-05,1.9950756e-05,auto_accept,n/a
ISIC_0027101,mel,akiec,0.04087031,0.9824302,auto_accept,n/a
ISIC_0026973,nv,nv,0.015383303,0.00038638155,auto_accept,n/a
ISIC_0032331,mel,mel,0.49904442,0.67532843,auto_accept,n/a
ISIC_0025456,nv,nv,0.13961184,0.029016048,auto_accept,n/a
ISIC_0025870,nv,nv,0.24128157,0.05733485,auto_accept,n/a
ISIC_0027133,nv,nv,0.020178556,0.00029587361,auto_accept,n/a
ISIC_0031066,nv,nv,0.13683987,0.0019416433,auto_accept,n/a
ISIC_0027604,mel,mel,0.4675712,0.7151085,auto_accept,n/a
ISIC_0032295,nv,nv,0.1893987,0.029270934,auto_accept,n/a
ISIC_0025208,nv,nv,0.35521102,0.048704382,auto_accept,n/a
ISIC_0031232,nv,nv,0.022637308,0.00059686333,auto_accept,n/a
ISIC_0024589,nv,nv,0.058572948,0.00023015184,auto_accept,n/a
ISIC_0028956,nv,nv,0.030143797,0.00095423294,auto_accept,n/a
ISIC_0030633,nv,nv,0.21835989,0.0008344945,auto_accept,n/a
ISIC_0033535,nv,nv,0.021428943,0.009794211,auto_accept,n/a
ISIC_0030286,nv,nv,0.037831664,0.00010216844,auto_accept,n/a
ISIC_0033971,nv,mel,0.2840277,0.8818406,auto_accept,n/a
ISIC_0031684,nv,nv,0.00429368,1.31063925e-05,auto_accept,n/a
ISIC_0033980,mel,nv,0.24846244,0.0811799,auto_accept,n/a
ISIC_0030090,nv,nv,0.0118790865,0.0007640219,auto_accept,n/a
ISIC_0029451,nv,nv,0.028760076,0.0033803035,auto_accept,n/a
ISIC_0027409,nv,nv,0.51793414,0.005882198,auto_accept,n/a
ISIC_0030149,nv,nv,0.082553625,5.5147564e-05,auto_accept,n/a
ISIC_0029298,nv,mel,0.84898454,0.5957746,escalate,n/a
ISIC_0029344,nv,nv,0.6655532,0.10710819,auto_accept,n/a
ISIC_0033326,nv,nv,0.65767133,0.22694969,auto_accept,n/a
ISIC_0028538,nv,nv,0.99306154,0.2542393,escalate,n/a
ISIC_0031104,nv,nv,0.040647566,0.00087457016,auto_accept,n/a
ISIC_0026675,bkl,bkl,0.12570834,0.04225792,auto_accept,n/a
ISIC_0032626,mel,bkl,0.8126098,0.028041277,auto_accept,n/a
ISIC_0031777,nv,nv,0.028662503,0.0004290804,auto_accept,n/a
ISIC_0027306,mel,mel,0.91015375,0.52220047,escalate,n/a
ISIC_0030806,bkl,akiec,0.29878044,0.84785336,auto_accept,n/a
ISIC_0030825,akiec,akiec,0.9795309,0.55306655,escalate,n/a
ISIC_0032402,nv,nv,0.060545504,0.0329047,auto_accept,n/a
ISIC_0024838,nv,df,0.8253392,9.219065e-06,auto_accept,n/a
ISIC_0031855,nv,nv,0.036483884,8.893503e-05,auto_accept,n/a
ISIC_0029378,nv,nv,0.02608341,0.0006217091,auto_accept,n/a
ISIC_0032367,nv,nv,0.066709936,0.0017683551,auto_accept,n/a
ISIC_0028745,nv,nv,0.19882709,0.0033358573,auto_accept,n/a
ISIC_0024441,nv,mel,0.45881164,0.78064835,auto_accept,n/a
ISIC_0032073,nv,nv,0.49303055,1.4522799e-05,auto_accept,n/a
ISIC_0034209,nv,bkl,0.78587896,0.018877449,auto_accept,n/a
ISIC_0027268,nv,df,0.11032909,5.6064832e-06,auto_accept,n/a
ISIC_0030720,nv,nv,0.13752145,0.000302907,auto_accept,n/a
ISIC_0024942,nv,nv,0.0036358237,1.3363285e-05,auto_accept,n/a
ISIC_0031493,nv,nv,0.031142473,4.2290343e-05,auto_accept,n/a
ISIC_0030728,nv,nv,0.026631236,0.00015562402,auto_accept,n/a
ISIC_0032645,mel,mel,0.71301866,0.76798964,auto_accept,n/a
ISIC_0032136,nv,mel,0.9684861,0.5149743,escalate,n/a
ISIC_0026396,nv,nv,0.0053061247,5.3925464e-06,auto_accept,n/a
ISIC_0030343,nv,nv,0.09257287,0.0044345018,auto_accept,n/a
ISIC_0027335,bkl,bkl,0.44649434,0.28360915,auto_accept,n/a
ISIC_0029808,nv,nv,0.085599124,0.014598662,auto_accept,n/a
ISIC_0030944,nv,nv,0.24800467,0.013467225,auto_accept,n/a
ISIC_0033067,nv,nv,0.030987501,0.008491211,auto_accept,n/a
ISIC_0026303,nv,nv,0.73664,0.51870763,auto_accept,n/a
ISIC_0025308,nv,nv,0.043402493,0.00043389198,auto_accept,n/a
ISIC_0030247,nv,df,0.053221762,0.029920148,auto_accept,n/a
ISIC_0024476,nv,mel,0.90581906,0.4520303,escalate,n/a
ISIC_0028090,nv,nv,0.023100197,0.0004410246,auto_accept,n/a
ISIC_0025859,nv,nv,0.02636844,0.0002997069,auto_accept,n/a
ISIC_0031384,bcc,bcc,0.04649353,0.9904917,auto_accept,n/a
ISIC_0024355,nv,nv,0.040388823,0.0021124764,auto_accept,n/a
ISIC_0027479,nv,nv,0.0052549243,0.00031215837,auto_accept,n/a
ISIC_0032395,bkl,bkl,0.120701194,0.09828018,auto_accept,n/a
ISIC_0033022,bkl,bkl,0.13723326,0.027142005,auto_accept,n/a
ISIC_0025695,nv,mel,0.70775557,0.8066064,auto_accept,n/a
ISIC_0025448,nv,nv,0.026996195,0.00029023556,auto_accept,n/a
ISIC_0026962,nv,nv,0.019432545,0.0002955026,auto_accept,n/a
ISIC_0025363,mel,mel,0.9009018,0.8321609,escalate,n/a
ISIC_0032342,nv,nv,0.81533647,0.07167047,auto_accept,n/a
ISIC_0027535,nv,bkl,0.9682284,0.15947932,escalate,n/a
ISIC_0029767,nv,nv,0.0141275525,4.35368e-05,auto_accept,n/a
ISIC_0033777,nv,nv,0.026530623,0.0010458869,auto_accept,n/a
ISIC_0029439,vasc,vasc,7.855892e-05,2.5940923e-05,auto_accept,n/a
ISIC_0033656,nv,nv,0.54672027,0.24993259,auto_accept,n/a
ISIC_0024385,nv,nv,0.025892138,0.0005935036,auto_accept,n/a
ISIC_0027656,nv,nv,0.057445526,0.002064563,auto_accept,n/a
ISIC_0034111,nv,nv,0.7994564,0.007484537,auto_accept,n/a
ISIC_0031645,nv,nv,0.25437057,0.04850734,auto_accept,n/a
ISIC_0032783,nv,nv,0.49048865,0.11311245,auto_accept,n/a
ISIC_0026360,mel,mel,0.06918639,0.9838778,auto_accept,n/a
ISIC_0027906,nv,nv,0.16183633,0.028468017,auto_accept,n/a
ISIC_0031595,nv,nv,0.31173974,0.10610794,auto_accept,n/a
ISIC_0025624,nv,nv,0.06406295,0.00011474108,auto_accept,n/a
ISIC_0030591,akiec,akiec,0.39504915,0.79892707,auto_accept,n/a
ISIC_0032936,mel,nv,0.6686528,0.08120384,auto_accept,n/a
ISIC_0034039,nv,nv,0.031357408,0.00079190545,auto_accept,n/a
ISIC_0026271,nv,nv,0.069805324,0.00030566237,auto_accept,n/a
ISIC_0030224,nv,nv,0.06704736,0.00081404665,auto_accept,n/a
ISIC_0032317,nv,nv,0.0706442,0.0009157848,auto_accept,n/a
ISIC_0029764,bkl,bcc,0.013341188,0.99704534,auto_accept,n/a
ISIC_0027558,nv,nv,0.6151268,0.20335855,auto_accept,n/a
ISIC_0026719,nv,nv,0.04996282,0.00045472925,auto_accept,n/a
ISIC_0029239,nv,nv,0.028079689,2.9656843e-05,auto_accept,n/a
ISIC_0024647,mel,bkl,0.9285191,0.6198244,escalate,n/a
ISIC_0025300,nv,nv,0.059466124,0.007981416,auto_accept,n/a
ISIC_0025214,nv,mel,0.9571847,0.6076989,escalate,n/a
ISIC_0032871,nv,nv,0.65843487,0.29732725,auto_accept,n/a
ISIC_0028904,nv,nv,0.099607825,0.00012169184,auto_accept,n/a
ISIC_0029279,akiec,akiec,0.25141573,0.99836427,auto_accept,n/a
ISIC_0025553,nv,bcc,0.121806026,0.9524558,auto_accept,n/a
ISIC_0031318,bcc,bcc,0.03504634,0.9973878,auto_accept,n/a
ISIC_0031423,nv,nv,0.008842826,0.00012054937,auto_accept,n/a
ISIC_0028259,nv,nv,0.025125742,7.646366e-05,auto_accept,n/a
ISIC_0031407,bcc,akiec,0.06596756,0.9983028,auto_accept,n/a
ISIC_0027491,nv,nv,0.07476658,0.0060211704,auto_accept,n/a
ISIC_0027315,nv,nv,0.05898547,0.0029528206,auto_accept,n/a
ISIC_0025407,nv,nv,0.006022334,0.00024254345,auto_accept,n/a
ISIC_0032300,nv,nv,0.2988354,0.095211275,auto_accept,n/a
ISIC_0032462,mel,mel,0.49109536,0.72081023,auto_accept,n/a
ISIC_0031658,nv,nv,0.044439077,0.00093996053,auto_accept,n/a
ISIC_0033580,nv,nv,0.36606282,0.038645923,auto_accept,n/a
ISIC_0027964,mel,mel,0.25349408,0.8990244,auto_accept,n/a
ISIC_0034194,nv,nv,0.050905466,0.012313992,auto_accept,n/a
ISIC_0034151,bkl,df,0.9108351,0.014019286,escalate,n/a
ISIC_0025145,mel,mel,0.050920963,0.9633346,auto_accept,n/a
ISIC_0028322,nv,nv,0.005324483,0.00025050086,auto_accept,n/a
ISIC_0025984,bkl,bcc,0.06896055,0.9490708,auto_accept,n/a
ISIC_0027160,nv,nv,0.041410983,0.0003231745,auto_accept,n/a
ISIC_0028917,nv,nv,0.06203389,0.00049128546,auto_accept,n/a
ISIC_0030374,nv,nv,0.020701885,0.0006198079,auto_accept,n/a
ISIC_0025263,nv,nv,0.032595873,0.0032037152,auto_accept,n/a
ISIC_0026521,nv,nv,0.09164792,0.000737372,auto_accept,n/a
ISIC_0029614,nv,mel,0.8931488,0.48623785,escalate,n/a
ISIC_0030625,nv,bkl,0.49946284,0.07970361,auto_accept,n/a
ISIC_0029470,nv,mel,0.46498668,0.7321767,auto_accept,n/a
ISIC_0026185,nv,nv,0.013189435,0.001149206,auto_accept,n/a
ISIC_0028652,bcc,bcc,0.3984306,0.999915,auto_accept,n/a
ISIC_0031830,nv,nv,0.17592669,0.000120122495,auto_accept,n/a
ISIC_0030013,nv,nv,0.09167105,0.00036114285,auto_accept,n/a
ISIC_0031585,bcc,bcc,0.8955536,0.97191375,escalate,n/a
ISIC_0026763,nv,nv,0.6678214,0.00483665,auto_accept,n/a
ISIC_0033234,nv,nv,0.1283735,0.045791652,auto_accept,n/a
ISIC_0031268,nv,nv,0.2990204,0.20357016,auto_accept,n/a
ISIC_0028079,bcc,bcc,0.008036673,0.97649837,auto_accept,n/a
ISIC_0027947,nv,nv,0.1432311,0.005649592,auto_accept,n/a
ISIC_0025917,nv,nv,0.007959783,7.553966e-06,auto_accept,n/a
ISIC_0024437,nv,nv,0.027645469,0.006444581,auto_accept,n/a
ISIC_0031683,nv,nv,0.062238157,0.0060994816,auto_accept,n/a
ISIC_0026906,nv,nv,0.014313042,0.00016967345,auto_accept,n/a
ISIC_0026331,nv,nv,0.0077936053,1.2798858e-05,auto_accept,n/a
ISIC_0025060,nv,nv,0.041645944,0.0029574079,auto_accept,n/a
ISIC_0034176,nv,nv,0.19273311,0.060665805,auto_accept,n/a
ISIC_0032272,nv,nv,0.05367267,0.002450981,auto_accept,n/a
ISIC_0025499,nv,nv,0.8598516,0.052762117,escalate,n/a
ISIC_0028939,nv,nv,0.05695957,8.502028e-05,auto_accept,n/a
ISIC_0029385,nv,nv,0.13006687,0.0011301953,auto_accept,n/a
ISIC_0031463,nv,nv,0.008126438,3.5837813e-05,auto_accept,n/a
ISIC_0024834,nv,nv,0.17389524,0.017405216,auto_accept,n/a
ISIC_0032103,bkl,akiec,0.65284383,0.7952836,auto_accept,n/a
ISIC_0031174,nv,nv,0.04305935,0.003013313,auto_accept,n/a
ISIC_0027114,nv,mel,0.781152,0.5917543,auto_accept,n/a
ISIC_0027387,mel,nv,0.10879308,0.031320654,auto_accept,n/a
ISIC_0032691,nv,nv,0.17463446,0.046356168,auto_accept,n/a
ISIC_0030957,nv,nv,0.00808531,0.0012707454,auto_accept,n/a
ISIC_0032263,nv,nv,0.02286899,0.0031508368,auto_accept,n/a
ISIC_0028706,nv,vasc,0.0034305453,0.0032021531,auto_accept,n/a
ISIC_0028313,nv,nv,0.008200586,0.0003967667,auto_accept,n/a
ISIC_0033135,vasc,vasc,0.0025591254,0.0066222087,auto_accept,n/a
ISIC_0024407,nv,nv,0.0052832365,0.0006702582,auto_accept,n/a
ISIC_0024774,bkl,bkl,0.15287828,0.007560765,auto_accept,n/a
ISIC_0033943,nv,mel,0.44962007,0.8236502,auto_accept,n/a
ISIC_0025973,bkl,bkl,0.46696228,0.19533707,auto_accept,n/a
ISIC_0024561,nv,mel,0.9156789,0.63543546,escalate,n/a
ISIC_0030176,nv,bcc,0.98565865,0.57348794,escalate,n/a
ISIC_0025693,bkl,bkl,0.55006224,0.23772825,auto_accept,n/a
ISIC_0031507,nv,nv,0.13325459,0.00489276,auto_accept,n/a
ISIC_0029847,bcc,bcc,0.025546432,0.91892296,auto_accept,n/a
ISIC_0025988,nv,nv,0.6888402,0.16700466,auto_accept,n/a
ISIC_0030428,nv,nv,0.016102135,0.0015529091,auto_accept,n/a
ISIC_0033102,nv,nv,0.4723227,0.22143154,auto_accept,n/a
ISIC_0029922,nv,nv,0.06308687,0.0004625231,auto_accept,n/a
ISIC_0026631,bkl,bkl,0.53159404,0.6094863,auto_accept,n/a
ISIC_0029291,bkl,nv,0.6022054,0.04314738,auto_accept,n/a
ISIC_0031322,nv,nv,0.31466568,0.047646046,auto_accept,n/a
ISIC_0030635,nv,bkl,0.9310943,0.0151911685,escalate,n/a
ISIC_0032483,nv,nv,0.007942915,0.00017512332,auto_accept,n/a
ISIC_0028766,nv,nv,0.77909136,0.36881226,auto_accept,n/a
ISIC_0034016,nv,nv,0.42943668,0.13763039,auto_accept,n/a
ISIC_0033536,akiec,akiec,0.047065854,0.9782376,auto_accept,n/a
ISIC_0029002,akiec,bcc,0.015888453,0.9995122,auto_accept,n/a
ISIC_0027919,nv,nv,0.018374383,4.7318725e-05,auto_accept,n/a
ISIC_0024429,nv,mel,0.8039093,0.5915796,auto_accept,n/a
ISIC_0030578,nv,nv,0.5243944,0.0010356541,auto_accept,n/a
ISIC_0024309,nv,nv,0.19831306,0.08897275,auto_accept,n/a
ISIC_0027584,bkl,akiec,0.5887559,0.6576208,auto_accept,n/a
ISIC_0028648,nv,nv,0.29826915,0.018035952,auto_accept,n/a
ISIC_0029274,nv,nv,0.16884172,0.00028554845,auto_accept,n/a
ISIC_0032344,nv,bcc,0.094136775,0.9306544,auto_accept,n/a
ISIC_0031177,mel,mel,0.062142074,0.9854981,auto_accept,n/a
ISIC_0033877,nv,nv,0.381662,0.016975734,auto_accept,n/a
ISIC_0031863,nv,bkl,0.454526,0.0061137746,auto_accept,n/a
ISIC_0027807,nv,nv,0.0070218444,1.06719635e-05,auto_accept,n/a
ISIC_0024312,bkl,akiec,0.42310113,0.8271393,auto_accept,n/a
ISIC_0033608,vasc,vasc,6.556511e-06,9.044927e-06,auto_accept,n/a
ISIC_0024526,nv,nv,0.022765458,0.0010237781,auto_accept,n/a
ISIC_0032285,nv,nv,0.008734822,4.8261994e-05,auto_accept,n/a
ISIC_0028733,nv,nv,0.084425926,0.0015758212,auto_accept,n/a
ISIC_0029611,nv,nv,0.06914395,0.0051516453,auto_accept,n/a
ISIC_0029391,bcc,bcc,0.019085884,0.9996132,auto_accept,n/a
ISIC_0030135,nv,nv,0.3909676,0.0063934983,auto_accept,n/a
ISIC_0026288,nv,nv,0.16755414,0.0029248553,auto_accept,n/a
ISIC_0029245,nv,nv,0.5450596,0.0131189255,auto_accept,n/a
ISIC_0030958,nv,nv,0.03364992,0.0010766991,auto_accept,n/a
ISIC_0033133,nv,nv,0.06270331,0.0037588265,auto_accept,n/a
ISIC_0032982,mel,nv,0.23529673,0.11001138,auto_accept,n/a
ISIC_0025292,bkl,bcc,0.88680995,0.80188376,escalate,n/a
ISIC_0028769,nv,nv,0.015715837,6.8214904e-06,auto_accept,n/a
ISIC_0031959,nv,bkl,0.90869665,0.0013065969,escalate,n/a
ISIC_0026931,nv,nv,0.022959769,0.00010638493,auto_accept,n/a
ISIC_0025394,mel,nv,0.60395026,0.17842405,auto_accept,n/a
ISIC_0030320,nv,nv,0.035052836,6.9116824e-05,auto_accept,n/a
ISIC_0025866,nv,nv,0.009526193,0.0008328652,auto_accept,n/a
ISIC_0029156,nv,nv,0.019257069,0.0006777866,auto_accept,n/a
ISIC_0030154,nv,nv,0.08258277,0.0068238056,auto_accept,n/a
ISIC_0025256,nv,nv,0.82438606,0.00025892904,auto_accept,n/a
ISIC_0032451,nv,nv,0.3645447,0.0026908233,auto_accept,n/a
ISIC_0033698,nv,nv,0.10796356,0.022166524,auto_accept,n/a
ISIC_0034211,mel,mel,0.69034934,0.5790531,auto_accept,n/a
ISIC_0034213,nv,nv,0.5282622,0.28272355,auto_accept,n/a
ISIC_0028999,nv,mel,0.32547128,0.84048724,auto_accept,n/a
ISIC_0033294,nv,mel,0.4944567,0.64854485,auto_accept,n/a
ISIC_0029898,nv,nv,0.47320867,0.014614778,auto_accept,n/a
ISIC_0031227,nv,nv,0.47159684,0.016400049,auto_accept,n/a
ISIC_0029742,vasc,vasc,5.954504e-05,1.0507634e-05,auto_accept,n/a
ISIC_0025029,akiec,mel,0.32686293,0.97570306,auto_accept,n/a
ISIC_0027507,mel,nv,0.86810184,0.23180516,escalate,n/a
ISIC_0028608,nv,df,0.36165112,0.019656906,auto_accept,n/a
ISIC_0028469,nv,nv,0.0376696,0.002577756,auto_accept,n/a
ISIC_0030043,nv,nv,0.11061454,5.6512752e-05,auto_accept,n/a
ISIC_0025397,nv,nv,0.009530246,7.705112e-05,auto_accept,n/a
ISIC_0029394,bkl,nv,0.9376781,0.24162233,escalate,n/a
ISIC_0030221,nv,nv,0.08698559,0.005709669,auto_accept,n/a
ISIC_0026836,nv,nv,0.057303965,0.00014868529,auto_accept,n/a
ISIC_0032779,nv,nv,0.43116778,0.052029204,auto_accept,n/a
ISIC_0028785,nv,nv,0.08415824,0.016754614,auto_accept,n/a
ISIC_0033146,bcc,bcc,0.26218277,0.9981669,auto_accept,n/a
ISIC_0033149,nv,mel,0.4774903,0.7532025,auto_accept,n/a
ISIC_0031286,akiec,df,0.27096075,0.28565997,auto_accept,n/a
ISIC_0029594,nv,nv,0.03675157,0.004637209,auto_accept,n/a
ISIC_0027418,nv,nv,0.79997134,0.3854291,auto_accept,n/a
ISIC_0028973,bcc,bcc,0.1339851,0.9403753,auto_accept,n/a
ISIC_0025299,bcc,bcc,0.084398925,0.9926984,auto_accept,n/a
ISIC_0026336,vasc,vasc,0.00026351213,0.0001471938,auto_accept,n/a
ISIC_0025705,nv,nv,0.08135754,0.012551208,auto_accept,n/a
ISIC_0033716,bkl,bcc,0.02492255,0.99623716,auto_accept,n/a
ISIC_0024478,nv,nv,0.10631633,0.03906234,auto_accept,n/a
ISIC_0027177,nv,nv,0.056373894,0.004015208,auto_accept,n/a
ISIC_0024892,nv,nv,0.02705574,0.0010622492,auto_accept,n/a
ISIC_0031627,nv,nv,0.004939735,0.00012628392,auto_accept,n/a
ISIC_0033142,nv,mel,0.90464056,0.34589282,escalate,n/a
ISIC_0027614,nv,mel,0.83885044,0.651395,escalate,n/a
ISIC_0032060,nv,nv,0.03741491,0.00017329115,auto_accept,n/a
ISIC_0025323,nv,nv,0.19384497,0.0604868,auto_accept,n/a
ISIC_0025633,nv,bcc,0.3666947,0.94148797,auto_accept,n/a
ISIC_0026831,bcc,bcc,0.009809554,0.99153215,auto_accept,n/a
ISIC_0033386,nv,mel,0.94773716,0.38309827,escalate,n/a
ISIC_0027236,nv,nv,0.04279369,0.015300692,auto_accept,n/a
ISIC_0030130,bkl,mel,0.56106645,0.88315696,auto_accept,n/a
ISIC_0031641,nv,nv,0.00759238,0.00032501543,auto_accept,n/a
ISIC_0031523,nv,nv,0.098089635,0.00061383075,auto_accept,n/a
ISIC_0030549,akiec,bcc,0.5561441,0.9718311,auto_accept,n/a
ISIC_0033824,nv,nv,0.419747,0.000997475,auto_accept,n/a
ISIC_0028777,mel,mel,0.5919918,0.5169441,auto_accept,n/a
ISIC_0028479,bkl,bkl,0.09888053,0.009904524,auto_accept,n/a
ISIC_0033525,nv,nv,0.59693646,0.018445672,auto_accept,n/a
ISIC_0033328,nv,nv,0.43402272,0.094854884,auto_accept,n/a
ISIC_0029821,nv,nv,0.010191441,0.0003205925,auto_accept,n/a
ISIC_0032660,bcc,bcc,0.7714406,0.8630539,auto_accept,n/a
ISIC_0026215,nv,bcc,0.25882953,0.8767983,auto_accept,n/a
ISIC_0026902,bcc,bcc,0.105321884,0.9801066,auto_accept,n/a
ISIC_0027078,nv,nv,0.039988637,0.00031895904,auto_accept,n/a
ISIC_0030059,nv,nv,0.2855897,0.00022713107,auto_accept,n/a
ISIC_0031065,vasc,vasc,0.0011060834,0.003951411,auto_accept,n/a
ISIC_0030575,mel,mel,0.14877045,0.89561194,auto_accept,n/a
ISIC_0034285,nv,nv,0.32121992,0.043035354,auto_accept,n/a
ISIC_0031983,nv,nv,0.17569733,0.0004384669,auto_accept,n/a
ISIC_0030085,nv,mel,0.33831662,0.7445028,auto_accept,n/a
ISIC_0029775,nv,nv,0.42768604,0.0037235834,auto_accept,n/a
ISIC_0026638,nv,df,0.10608202,4.5417615e-05,auto_accept,n/a
ISIC_0033684,nv,mel,0.9831685,0.32431564,escalate,n/a
ISIC_0030502,nv,nv,0.17977107,0.0021598868,auto_accept,n/a
ISIC_0029723,nv,nv,0.2755726,0.0051358533,auto_accept,n/a
ISIC_0027723,nv,nv,0.08735043,0.0036554637,auto_accept,n/a
ISIC_0030999,nv,nv,0.21917391,0.0032863186,auto_accept,n/a
ISIC_0029599,nv,nv,0.023047507,0.0016074223,auto_accept,n/a
ISIC_0026707,nv,nv,0.01486212,0.0019855108,auto_accept,n/a
ISIC_0034024,bkl,bkl,0.8310134,0.040992267,auto_accept,n/a
ISIC_0027048,nv,nv,0.01798129,0.00042674472,auto_accept,n/a
ISIC_0033114,mel,mel,0.6566392,0.47106007,auto_accept,n/a
ISIC_0032350,nv,nv,0.022349656,0.005443262,auto_accept,n/a
ISIC_0030246,mel,mel,0.7624281,0.49202105,auto_accept,n/a
ISIC_0029248,df,df,8.0525875e-05,0.00032391603,auto_accept,n/a
ISIC_0033388,nv,mel,0.8972724,0.42439067,escalate,n/a
ISIC_0026429,nv,bcc,0.2605192,0.798202,auto_accept,n/a
ISIC_0033295,akiec,akiec,0.035534084,0.98942435,auto_accept,n/a
ISIC_0030962,nv,vasc,0.02244103,0.014382822,auto_accept,n/a
ISIC_0033413,akiec,akiec,0.71767133,0.99127007,auto_accept,n/a
ISIC_0031551,nv,nv,0.17825937,0.00010576832,auto_accept,n/a
ISIC_0033038,mel,mel,0.56193596,0.5993203,auto_accept,n/a
ISIC_0031843,nv,nv,0.36084378,0.019404609,auto_accept,n/a
ISIC_0029551,nv,nv,0.2617371,0.00013055837,auto_accept,n/a
ISIC_0024523,nv,nv,0.4492371,0.005384723,auto_accept,n/a
ISIC_0024670,nv,nv,0.027626097,0.00019498597,auto_accept,n/a
ISIC_0029826,nv,mel,0.9935374,0.41133183,escalate,n/a
ISIC_0030996,nv,nv,0.096710265,0.046344493,auto_accept,n/a
ISIC_0032239,nv,nv,0.008062661,0.00018595306,auto_accept,n/a
ISIC_0027912,nv,nv,0.043614686,0.00029970636,auto_accept,n/a
ISIC_0026291,bkl,nv,0.58246624,0.036544178,auto_accept,n/a
ISIC_0030117,nv,nv,0.54756486,0.37152052,auto_accept,n/a
ISIC_0026112,nv,nv,0.08142823,0.00040417182,auto_accept,n/a
ISIC_0027901,nv,nv,0.079242945,0.00055440806,auto_accept,n/a
ISIC_0024579,akiec,akiec,0.32021272,0.7907589,auto_accept,n/a
ISIC_0033726,nv,nv,0.7074684,0.36570364,auto_accept,n/a
ISIC_0028300,nv,nv,0.14871818,0.01096935,auto_accept,n/a
ISIC_0028113,bcc,akiec,0.47579962,0.9318205,auto_accept,n/a
ISIC_0025027,nv,bcc,0.02298677,0.97217023,auto_accept,n/a
ISIC_0027104,nv,vasc,0.4921118,6.0831375e-05,auto_accept,n/a
ISIC_0032694,bkl,mel,0.6909903,0.847529,auto_accept,n/a
ISIC_0028549,nv,nv,0.02196604,0.00064944895,auto_accept,n/a
ISIC_0027541,nv,nv,0.020063281,7.897377e-06,auto_accept,n/a
ISIC_0032480,nv,df,0.103752315,0.012960793,auto_accept,n/a
ISIC_0031521,nv,nv,0.93037546,0.45527455,escalate,n/a
ISIC_0031252,nv,nv,0.010231316,0.00019581767,auto_accept,n/a
ISIC_0024315,mel,mel,0.22162366,0.8760332,auto_accept,n/a
ISIC_0031974,nv,nv,0.030052364,0.00044235447,auto_accept,n/a
ISIC_0032217,nv,nv,0.024955332,0.00030277763,auto_accept,n/a
ISIC_0028078,nv,nv,0.011124849,0.00022690356,auto_accept,n/a
ISIC_0026938,nv,nv,0.16202414,0.005578957,auto_accept,n/a
ISIC_0025430,nv,nv,0.5448767,0.0043650484,auto_accept,n/a
ISIC_0029209,mel,nv,0.9653549,0.24711914,escalate,n/a
ISIC_0034256,mel,bcc,0.16460985,0.9438305,auto_accept,n/a
ISIC_0025604,nv,nv,0.06855118,0.0008879268,auto_accept,n/a
ISIC_0026178,akiec,akiec,0.030956924,0.98779035,auto_accept,n/a
ISIC_0027884,akiec,akiec,0.99536276,0.988872,escalate,n/a
ISIC_0030800,bcc,bcc,0.12297177,0.9185913,auto_accept,n/a
ISIC_0029569,nv,df,0.0560593,6.9821904e-06,auto_accept,n/a
ISIC_0027909,nv,nv,0.39687014,0.113572314,auto_accept,n/a
ISIC_0025787,nv,nv,0.07142961,0.007543324,auto_accept,n/a
ISIC_0026748,nv,nv,0.09406304,0.012614242,auto_accept,n/a
ISIC_0029353,mel,akiec,0.05284369,0.99332905,auto_accept,n/a
ISIC_0024961,mel,mel,0.16943222,0.88332695,auto_accept,n/a
ISIC_0030782,bcc,bcc,0.07593387,0.9386418,auto_accept,n/a
ISIC_0025312,bkl,bkl,0.5589974,0.19986407,auto_accept,n/a
ISIC_0024779,nv,nv,0.017495632,0.0009164125,auto_accept,n/a
ISIC_0028778,nv,nv,0.17287374,3.7931122e-06,auto_accept,n/a
ISIC_0031046,nv,nv,0.75807095,0.044347066,auto_accept,n/a
ISIC_0025075,bkl,mel,0.9696277,0.5278607,escalate,n/a
ISIC_0031514,nv,nv,0.100940526,0.00086209545,auto_accept,n/a
ISIC_0025133,nv,bcc,0.9992467,0.7539847,escalate,n/a
ISIC_0030746,bcc,bcc,0.023124099,0.9416188,auto_accept,n/a
ISIC_0026164,nv,nv,0.010091841,8.0943864e-05,auto_accept,n/a
ISIC_0027726,nv,nv,0.047676444,0.0002278692,auto_accept,n/a
ISIC_0029135,bkl,mel,0.53429353,0.76419866,auto_accept,n/a
ISIC_0029152,nv,nv,0.06626427,0.027197126,auto_accept,n/a
ISIC_0032577,nv,mel,0.59308076,0.66700757,auto_accept,n/a
ISIC_0027040,nv,nv,0.028526545,0.00049438287,auto_accept,n/a
ISIC_0029112,nv,nv,0.051947117,0.0029301362,auto_accept,n/a
ISIC_0032104,nv,nv,0.008154452,0.00013261763,auto_accept,n/a
ISIC_0031805,nv,nv,0.008638799,6.035755e-05,auto_accept,n/a
ISIC_0028074,nv,nv,0.11562407,0.0017705685,auto_accept,n/a
ISIC_0029565,nv,nv,0.0055508018,0.00050273864,auto_accept,n/a
ISIC_0030512,mel,nv,0.44092345,0.17268567,auto_accept,n/a
ISIC_0025609,nv,nv,0.15872425,0.00032477875,auto_accept,n/a
ISIC_0026785,nv,nv,0.048238635,0.00016875923,auto_accept,n/a
ISIC_0030742,nv,nv,0.80941415,0.2785887,auto_accept,n/a
ISIC_0030842,nv,nv,0.19441694,0.05531292,auto_accept,n/a
ISIC_0028505,mel,nv,0.7281754,0.42420253,auto_accept,n/a
ISIC_0031971,bcc,bcc,0.36967188,0.989428,auto_accept,n/a
ISIC_0026497,nv,mel,0.32338154,0.8521192,auto_accept,n/a
ISIC_0033738,nv,mel,0.09187907,0.9481594,auto_accept,n/a
ISIC_0025349,nv,nv,0.12734276,0.0033042969,auto_accept,n/a
ISIC_0030966,nv,mel,0.92008746,0.5981136,escalate,n/a
ISIC_0031525,nv,nv,0.03290379,0.00047156482,auto_accept,n/a
ISIC_0034167,bkl,nv,0.8743041,0.0020550494,escalate,n/a
ISIC_0029657,nv,nv,0.023254812,1.9713476e-05,auto_accept,n/a
ISIC_0031097,nv,nv,0.04665625,0.013232499,auto_accept,n/a
ISIC_0029069,nv,nv,0.006880462,0.00034802486,auto_accept,n/a
ISIC_0030426,nv,bkl,0.56331503,0.2193896,auto_accept,n/a
ISIC_0030862,nv,nv,0.11842847,0.0060497783,auto_accept,n/a
ISIC_0032242,nv,nv,0.2561813,0.009658191,auto_accept,n/a
ISIC_0029945,nv,nv,0.82932377,0.25087458,auto_accept,n/a
ISIC_0033730,mel,bkl,0.93680394,0.10793687,escalate,n/a
ISIC_0027927,nv,nv,0.028825402,0.0002592344,auto_accept,n/a
ISIC_0030872,nv,nv,0.88771445,0.1477556,escalate,n/a
ISIC_0024835,nv,nv,0.049434602,0.0017225647,auto_accept,n/a
ISIC_0026537,nv,nv,0.19157535,0.015537637,auto_accept,n/a
ISIC_0026742,nv,df,0.46746194,0.08409918,auto_accept,n/a
ISIC_0030445,mel,mel,0.97334373,0.92853785,escalate,n/a
ISIC_0030158,akiec,akiec,0.08557755,0.9476066,auto_accept,n/a
ISIC_0031739,nv,nv,0.02315253,0.0047950055,auto_accept,n/a
ISIC_0029092,mel,nv,0.5912015,0.063092574,auto_accept,n/a
ISIC_0030893,bcc,bcc,0.96402186,0.8714939,escalate,n/a
ISIC_0030664,nv,vasc,0.07429689,0.0015530733,auto_accept,n/a
ISIC_0030520,nv,nv,0.25803864,0.0008084968,auto_accept,n/a
ISIC_0024967,mel,mel,0.04395491,0.985966,auto_accept,n/a
ISIC_0025884,nv,nv,0.03206575,1.3261771e-05,auto_accept,n/a
ISIC_0026420,mel,bcc,0.7544596,0.9770229,auto_accept,n/a
ISIC_0031697,bcc,bcc,0.5108615,0.96259135,auto_accept,n/a
ISIC_0026548,nv,nv,0.007509589,0.0021889752,auto_accept,n/a
ISIC_0024704,nv,nv,0.2992295,0.11409529,auto_accept,n/a
ISIC_0027218,bkl,bkl,0.330186,0.011366333,auto_accept,n/a
ISIC_0028846,bkl,bkl,0.51448923,0.24490564,auto_accept,n/a
ISIC_0024797,nv,nv,0.004885912,0.00010758802,auto_accept,n/a
ISIC_0031341,nv,nv,0.052681148,0.0013623493,auto_accept,n/a
ISIC_0030086,nv,nv,0.21583182,0.023752023,auto_accept,n/a
ISIC_0026677,nv,nv,0.04343939,9.270013e-05,auto_accept,n/a
ISIC_0028865,nv,bkl,0.8282021,0.3188458,auto_accept,n/a
ISIC_0029136,nv,nv,0.03008622,0.00031076866,auto_accept,n/a
ISIC_0028455,nv,nv,0.07487452,0.00014190261,auto_accept,n/a
ISIC_0032609,nv,nv,0.40374833,0.044772144,auto_accept,n/a
ISIC_0027221,nv,nv,0.11316621,0.006944489,auto_accept,n/a
ISIC_0024830,nv,bkl,0.40603775,0.010173599,auto_accept,n/a
ISIC_0029948,nv,nv,0.29713756,0.043113377,auto_accept,n/a
ISIC_0032234,nv,nv,0.26294988,0.0003283607,auto_accept,n/a
ISIC_0025139,nv,nv,0.077206194,6.739658e-06,auto_accept,n/a
ISIC_0029253,nv,nv,0.09861845,0.0002882902,auto_accept,n/a
ISIC_0027034,nv,nv,0.6010493,0.035184335,auto_accept,n/a
ISIC_0030836,nv,df,0.49375182,0.0004671094,auto_accept,n/a
ISIC_0027317,nv,nv,0.014022529,0.00029950496,auto_accept,n/a
ISIC_0028309,bkl,bkl,0.2545135,0.0075275614,auto_accept,n/a
ISIC_0025120,nv,nv,0.2219572,0.012419135,auto_accept,n/a
ISIC_0028215,mel,bcc,0.45630103,0.8642443,auto_accept,n/a
ISIC_0033690,nv,nv,0.20094597,0.023732135,auto_accept,n/a
ISIC_0030334,nv,mel,0.35002148,0.80803895,auto_accept,n/a
ISIC_0031743,akiec,bcc,0.8956753,0.9977621,escalate,n/a
ISIC_0024767,mel,akiec,0.8427023,0.8672162,escalate,n/a
ISIC_0029618,nv,nv,0.018847585,0.00040250478,auto_accept,n/a
ISIC_0032447,mel,mel,0.035855293,0.98940724,auto_accept,n/a
ISIC_0034190,nv,vasc,0.030508578,0.09780945,auto_accept,n/a
ISIC_0028020,bkl,df,0.03568989,7.433339e-05,auto_accept,n/a
ISIC_0025998,nv,nv,0.31453842,0.060503464,auto_accept,n/a
ISIC_0033175,mel,nv,0.5262392,0.12573792,auto_accept,n/a
ISIC_0030570,nv,nv,0.021536827,0.0011513097,auto_accept,n/a
ISIC_0024487,nv,nv,0.046417534,0.00027060375,auto_accept,n/a
ISIC_0031276,vasc,vasc,0.00043845177,1.6566333e-05,auto_accept,n/a
ISIC_0030218,nv,nv,0.1913268,0.00014265803,auto_accept,n/a
ISIC_0024327,nv,nv,0.046926796,6.431863e-06,auto_accept,n/a
ISIC_0027091,nv,nv,0.60332227,0.03797,auto_accept,n/a
ISIC_0032884,nv,nv,0.17008394,0.11025451,auto_accept,n/a
ISIC_0030896,nv,nv,0.15726107,0.0013934949,auto_accept,n/a
ISIC_0026407,nv,nv,0.0566594,0.00015382793,auto_accept,n/a
ISIC_0024698,nv,nv,0.8328421,0.23665981,auto_accept,n/a
ISIC_0026767,nv,nv,0.06683141,0.012076787,auto_accept,n/a
ISIC_0030844,akiec,bcc,0.7880653,0.83288205,auto_accept,n/a
ISIC_0025004,nv,nv,0.023806155,0.0017858308,auto_accept,n/a
ISIC_0032614,vasc,vasc,0.00058573484,0.001164772,auto_accept,n/a
ISIC_0034046,mel,mel,0.0633803,0.9706343,auto_accept,n/a
ISIC_0025320,nv,nv,0.08403844,0.006864223,auto_accept,n/a
ISIC_0029533,akiec,akiec,0.5247865,0.9923487,auto_accept,n/a
ISIC_0031237,nv,nv,0.01965803,0.0005491289,auto_accept,n/a
ISIC_0025058,nv,nv,0.021796405,5.8159007e-05,auto_accept,n/a
ISIC_0034246,mel,mel,0.140818,0.943405,auto_accept,n/a
ISIC_0028220,mel,bkl,0.52969193,0.16648537,auto_accept,n/a
ISIC_0030237,nv,nv,0.017808914,1.687645e-05,auto_accept,n/a
ISIC_0027054,nv,nv,0.091810346,0.0010114787,auto_accept,n/a
ISIC_0030459,bkl,bkl,0.08740395,0.0563701,auto_accept,n/a
ISIC_0026436,nv,nv,0.46223795,0.10928986,auto_accept,n/a
ISIC_0028888,nv,nv,0.64394736,0.0026256097,auto_accept,n/a
ISIC_0025910,nv,df,0.5384984,3.6426845e-05,auto_accept,n/a
ISIC_0031811,nv,nv,0.115870535,0.021807054,auto_accept,n/a
ISIC_0025857,nv,nv,0.2889483,0.004605649,auto_accept,n/a
ISIC_0030065,nv,mel,0.5836836,0.75003326,auto_accept,n/a
ISIC_0031443,df,df,0.00017678738,0.0010601383,auto_accept,n/a
ISIC_0033963,nv,mel,0.44019818,0.84684265,auto_accept,n/a
ISIC_0030302,nv,nv,0.09584409,4.159067e-05,auto_accept,n/a
ISIC_0026206,akiec,mel,0.9068128,0.72746414,escalate,n/a
ISIC_0031107,nv,nv,0.5138062,0.4416553,auto_accept,n/a
ISIC_0031301,nv,mel,0.9080124,0.9574312,escalate,n/a
ISIC_0024622,nv,nv,0.046089232,0.0010189081,auto_accept,n/a
ISIC_0030928,nv,nv,0.07283825,0.013594888,auto_accept,n/a
ISIC_0034282,nv,nv,0.50608456,0.33203363,auto_accept,n/a
ISIC_0030078,nv,nv,0.32211292,0.01998859,auto_accept,n/a
ISIC_0029144,nv,nv,0.018746614,0.00032774333,auto_accept,n/a
ISIC_0032975,mel,mel,0.83153653,0.4034331,auto_accept,n/a
ISIC_0027152,nv,nv,0.578581,0.29045615,auto_accept,n/a
ISIC_0027469,nv,nv,0.61461884,0.072133444,auto_accept,n/a
ISIC_0027782,nv,nv,0.058246017,0.0056415712,auto_accept,n/a
ISIC_0025056,nv,nv,0.004976094,4.56232e-05,auto_accept,n/a
ISIC_0027012,nv,nv,0.31504387,0.072592646,auto_accept,n/a
ISIC_0029357,nv,nv,0.3532191,0.05221799,auto_accept,n/a
ISIC_0029354,nv,mel,0.46153802,0.74439937,auto_accept,n/a
ISIC_0028243,nv,nv,0.7617652,0.27303234,auto_accept,n/a
ISIC_0027093,bcc,bcc,0.002257526,0.9998431,auto_accept,n/a
ISIC_0029600,bkl,nv,0.2865467,0.016513254,auto_accept,n/a
ISIC_0025967,nv,bkl,0.8630563,0.033528145,escalate,n/a
ISIC_0028119,nv,nv,0.60038126,0.12192539,auto_accept,n/a
ISIC_0025387,bkl,bkl,0.31242985,0.02135525,auto_accept,n/a
ISIC_0032010,nv,nv,0.0150055885,0.0016435651,auto_accept,n/a
ISIC_0033512,nv,mel,0.3833704,0.9354134,auto_accept,n/a
ISIC_0032267,nv,nv,0.11507237,0.00084395846,auto_accept,n/a
ISIC_0025377,nv,nv,0.019987464,7.938164e-05,auto_accept,n/a
ISIC_0032938,mel,nv,0.2804498,0.07712769,auto_accept,n/a
ISIC_0031845,nv,nv,0.024350822,4.0469844e-05,auto_accept,n/a
ISIC_0026541,nv,nv,0.121964276,0.047908142,auto_accept,n/a
ISIC_0034283,bkl,bkl,0.05046153,0.0019426055,auto_accept,n/a
ISIC_0028828,nv,nv,0.028806329,0.0037808444,auto_accept,n/a
ISIC_0030447,nv,mel,0.9172698,0.5648675,escalate,n/a
ISIC_0031054,nv,nv,0.24603248,0.010895722,auto_accept,n/a
ISIC_0030634,nv,nv,0.013009787,0.0005749314,auto_accept,n/a
ISIC_0024380,nv,nv,0.98648435,0.36386108,escalate,n/a
ISIC_0034082,nv,nv,0.90565073,0.0013906234,escalate,n/a
ISIC_0033840,nv,nv,0.7296557,0.36440554,auto_accept,n/a
ISIC_0030500,nv,nv,0.053530395,0.0022149908,auto_accept,n/a
ISIC_0031705,nv,bkl,0.9714924,0.08837304,escalate,n/a
ISIC_0026398,nv,bkl,0.9728316,0.33115843,escalate,n/a
ISIC_0025422,nv,mel,0.75306827,0.58244574,auto_accept,n/a
ISIC_0029434,mel,mel,0.1833325,0.92052144,auto_accept,n/a
ISIC_0031540,nv,nv,0.32588577,0.0013118972,auto_accept,n/a
ISIC_0025189,nv,nv,0.8253746,0.0011615887,auto_accept,n/a
ISIC_0031326,bkl,bkl,0.5431503,0.16292018,auto_accept,n/a
ISIC_0031325,nv,nv,0.0360263,0.0016181961,auto_accept,n/a
ISIC_0031865,nv,nv,0.07627666,0.0024888052,auto_accept,n/a
ISIC_0033237,nv,nv,0.46086562,0.19678774,auto_accept,n/a
ISIC_0032173,akiec,akiec,0.6746117,0.6667416,auto_accept,n/a
ISIC_0027330,nv,nv,0.0949502,0.0023257257,auto_accept,n/a
ISIC_0034311,nv,nv,0.19940943,0.01372554,auto_accept,n/a
ISIC_0034204,nv,bcc,0.7628435,0.93756616,auto_accept,n/a
ISIC_0031061,bkl,akiec,0.5557869,0.69104207,auto_accept,n/a
ISIC_0031903,bkl,bkl,0.15392315,0.19113596,auto_accept,n/a
ISIC_0032165,nv,nv,0.18910557,0.023317924,auto_accept,n/a
ISIC_0031161,nv,nv,0.15282518,0.0019000319,auto_accept,n/a
ISIC_0029387,nv,nv,0.017356992,0.0041501997,auto_accept,n/a
ISIC_0031870,nv,nv,0.009103894,0.0030849809,auto_accept,n/a
ISIC_0033493,nv,nv,0.55112684,0.28416654,auto_accept,n/a
ISIC_0025109,nv,nv,0.039867043,0.0001107824,auto_accept,n/a
ISIC_0031140,bcc,bcc,0.19808733,0.81706595,auto_accept,n/a
ISIC_0029362,akiec,bcc,0.34884024,0.9992581,auto_accept,n/a
ISIC_0031901,vasc,df,0.17184722,0.14845407,auto_accept,n/a
ISIC_0029721,nv,nv,0.19073766,0.018914802,auto_accept,n/a
ISIC_0026527,nv,nv,0.03888774,0.0016908458,auto_accept,n/a
ISIC_0024780,nv,nv,0.024956524,0.0001361173,auto_accept,n/a
ISIC_0031006,nv,nv,0.03011161,0.015216505,auto_accept,n/a
ISIC_0031766,bkl,bkl,0.6842662,0.11841827,auto_accept,n/a
ISIC_0029160,nv,nv,0.60012424,0.20725985,auto_accept,n/a
ISIC_0034146,nv,bcc,0.013135493,0.9965063,auto_accept,n/a
ISIC_0025579,nv,nv,0.05802071,0.012097901,auto_accept,n/a
ISIC_0029360,akiec,bcc,0.90695226,0.4936191,escalate,n/a
ISIC_0026346,nv,nv,0.0102366805,0.00020947543,auto_accept,n/a
ISIC_0034266,nv,nv,0.23383045,0.0028585817,auto_accept,n/a
ISIC_0028979,nv,nv,0.026700616,0.00069337117,auto_accept,n/a
ISIC_0033154,mel,mel,0.21766305,0.91414356,auto_accept,n/a
ISIC_0025813,nv,nv,0.053298235,0.000499441,auto_accept,n/a
ISIC_0033324,mel,mel,0.46789664,0.75457656,auto_accept,n/a
ISIC_0033588,nv,nv,0.041563153,0.0062736324,auto_accept,n/a
ISIC_0030108,nv,nv,0.0026453137,2.5273435e-05,auto_accept,n/a
ISIC_0028703,nv,nv,0.14557981,0.013027509,auto_accept,n/a
ISIC_0029780,mel,akiec,0.12190497,0.9926085,auto_accept,n/a
ISIC_0033204,mel,mel,0.176696,0.8820017,auto_accept,n/a
ISIC_0026713,vasc,bcc,0.10415232,0.6019494,auto_accept,n/a
ISIC_0030171,mel,mel,0.2744618,0.8508822,auto_accept,n/a
ISIC_0031274,nv,nv,0.05007577,0.0083284695,auto_accept,n/a
ISIC_0031434,nv,nv,0.09441209,0.002664111,auto_accept,n/a
ISIC_0026852,nv,nv,0.29286426,0.029111072,auto_accept,n/a
ISIC_0027349,nv,nv,0.12103343,0.03648057,auto_accept,n/a
ISIC_0030773,nv,nv,0.30550653,0.12864493,auto_accept,n/a
ISIC_0031644,nv,nv,0.53084284,0.18956923,auto_accept,n/a
ISIC_0027168,nv,nv,0.26681906,0.008738195,auto_accept,n/a
ISIC_0032848,nv,bkl,0.651736,0.036205888,auto_accept,n/a
ISIC_0033781,nv,nv,0.59270966,0.0055701993,auto_accept,n/a
ISIC_0028320,nv,nv,0.0041835904,0.00040346864,auto_accept,n/a
ISIC_0033638,mel,nv,0.5746242,0.33092377,auto_accept,n/a
ISIC_0024467,nv,nv,0.013186514,0.007411863,auto_accept,n/a
ISIC_0026104,bkl,bkl,0.2709136,0.002256416,auto_accept,n/a
ISIC_0027539,nv,nv,0.009759426,0.00047774025,auto_accept,n/a
ISIC_0029252,nv,bkl,0.44999015,0.15754575,auto_accept,n/a
ISIC_0027026,bkl,df,0.047524035,0.18209974,auto_accept,n/a
ISIC_0029762,nv,nv,0.028701365,0.00069980294,auto_accept,n/a
ISIC_0025971,bcc,bcc,0.061320364,0.99598914,auto_accept,n/a
ISIC_0032703,nv,mel,0.46596253,0.5509119,auto_accept,n/a
ISIC_0029998,nv,nv,0.35181397,0.0057408293,auto_accept,n/a
ISIC_0029543,nv,nv,0.052304804,0.005098664,auto_accept,n/a
ISIC_0026426,nv,nv,0.02726698,0.0033359178,auto_accept,n/a
ISIC_0028572,nv,nv,0.054581404,0.00014287284,auto_accept,n/a
ISIC_0031838,nv,nv,0.33603454,0.11566677,auto_accept,n/a
ISIC_0030647,nv,nv,0.12560827,0.00018724134,auto_accept,n/a
ISIC_0027877,nv,nv,0.09016025,0.012956574,auto_accept,n/a
ISIC_0028848,nv,nv,0.036592364,0.0010378626,auto_accept,n/a
ISIC_0028849,nv,nv,0.38146627,0.21927015,auto_accept,n/a
ISIC_0029416,nv,nv,0.021026433,0.0033973632,auto_accept,n/a
ISIC_0031960,nv,nv,0.7595998,0.010374201,auto_accept,n/a
ISIC_0030099,nv,nv,0.035534024,0.008685982,auto_accept,n/a
ISIC_0029654,nv,nv,0.33623326,0.20303163,auto_accept,n/a
ISIC_0030275,vasc,vasc,0.115553975,0.00022762708,auto_accept,n/a
ISIC_0026042,bkl,bkl,0.443269,0.3654119,auto_accept,n/a
ISIC_0031924,nv,nv,0.070168436,0.013861002,auto_accept,n/a
ISIC_0033533,mel,mel,0.2982363,0.87844086,auto_accept,n/a
ISIC_0026259,nv,nv,0.009430289,0.0003672876,auto_accept,n/a
ISIC_0028678,nv,nv,0.16979718,0.007951956,auto_accept,n/a
ISIC_0027952,nv,nv,0.022081554,0.0010183131,auto_accept,n/a
ISIC_0025660,nv,nv,0.0037891269,0.00015350779,auto_accept,n/a
ISIC_0030287,nv,nv,0.100544095,0.0003640812,auto_accept,n/a
ISIC_0025191,nv,nv,0.010628939,0.00085204607,auto_accept,n/a
ISIC_0031815,nv,nv,0.018953204,0.001470817,auto_accept,n/a
ISIC_0030879,nv,bkl,0.89819497,0.012737055,escalate,n/a
ISIC_0033292,nv,bcc,0.93026686,0.9115151,escalate,n/a
ISIC_0027845,nv,nv,0.14185631,0.023550076,auto_accept,n/a
ISIC_0030004,nv,df,0.70084244,0.000532815,auto_accept,n/a
ISIC_0028307,nv,nv,0.72620815,0.20328975,auto_accept,n/a
ISIC_0034009,nv,nv,0.69994974,0.20123026,auto_accept,n/a
ISIC_0026528,bcc,df,0.045262933,0.01936497,auto_accept,n/a
ISIC_0026316,bkl,nv,0.95728785,0.13799387,escalate,n/a
ISIC_0032627,nv,nv,0.889886,0.13612343,escalate,n/a
ISIC_0027380,nv,nv,0.0066339374,0.000570634,auto_accept,n/a
ISIC_0027489,nv,nv,0.013251901,0.0024170121,auto_accept,n/a
ISIC_0026144,nv,nv,0.09751773,0.00014417927,auto_accept,n/a
ISIC_0028924,nv,nv,0.09481084,0.00021317007,auto_accept,n/a
ISIC_0033313,nv,nv,0.59340477,0.011244667,auto_accept,n/a
ISIC_0028042,nv,nv,0.8668182,0.66497564,escalate,n/a
ISIC_0030834,nv,nv,0.17956996,0.116551846,auto_accept,n/a
ISIC_0028741,nv,nv,0.05141276,0.0024188291,auto_accept,n/a
ISIC_0029564,bcc,nv,0.9581374,0.12378336,escalate,n/a
ISIC_0029637,nv,nv,0.015592277,0.00068068044,auto_accept,n/a
ISIC_0031908,mel,nv,0.13525122,0.028117051,auto_accept,n/a
ISIC_0025295,nv,bcc,0.091870785,0.96540135,auto_accept,n/a
ISIC_0029996,nv,nv,0.019558728,0.0011333531,auto_accept,n/a
ISIC_0028252,nv,mel,0.93309903,0.2944746,escalate,n/a
ISIC_0030411,nv,nv,0.052732408,0.0002238381,auto_accept,n/a
ISIC_0025449,nv,nv,0.022020936,0.0020525984,auto_accept,n/a
ISIC_0026728,bkl,mel,0.6258718,0.88893324,auto_accept,n/a
ISIC_0025816,nv,nv,0.08249408,0.0019061056,auto_accept,n/a
ISIC_0031014,nv,nv,0.5904543,0.46725243,auto_accept,n/a
ISIC_0033551,bcc,bcc,0.0050658584,0.9900614,auto_accept,n/a
ISIC_0026812,nv,nv,0.06811386,0.00026987895,auto_accept,n/a
ISIC_0033336,mel,vasc,0.038969815,0.032465246,auto_accept,n/a
ISIC_0028728,bcc,akiec,0.29258358,0.98699135,auto_accept,n/a
ISIC_0033614,nv,nv,0.79052186,0.10154193,auto_accept,n/a
ISIC_0028783,nv,nv,0.2802202,5.3768417e-05,auto_accept,n/a
ISIC_0025255,nv,nv,0.05502373,0.0012480478,auto_accept,n/a
ISIC_0033773,mel,mel,0.6393792,0.6864222,auto_accept,n/a
ISIC_0026135,bkl,nv,0.25768518,0.013040973,auto_accept,n/a
ISIC_0026250,nv,nv,0.027056634,0.0011319203,auto_accept,n/a
ISIC_0027055,nv,nv,0.02934879,0.0009999155,auto_accept,n/a
ISIC_0029350,nv,nv,0.24692005,0.0031400335,auto_accept,n/a
ISIC_0032033,nv,nv,0.1985445,0.0025902844,auto_accept,n/a
ISIC_0025257,nv,mel,0.4876876,0.6721223,auto_accept,n/a
ISIC_0034232,nv,nv,0.09582007,0.0047463668,auto_accept,n/a
ISIC_0034299,bcc,bcc,0.0015466809,0.99942267,auto_accept,n/a
ISIC_0026769,bkl,akiec,0.38556474,0.96220237,auto_accept,n/a
ISIC_0027949,nv,nv,0.9810887,0.41868383,escalate,n/a
ISIC_0032580,nv,nv,0.4423486,0.09205181,auto_accept,n/a
ISIC_0030563,nv,nv,0.013250828,0.0002749064,auto_accept,n/a
ISIC_0030628,nv,nv,0.39767486,0.00012951852,auto_accept,n/a
ISIC_0030828,mel,nv,0.080860496,0.0069762277,auto_accept,n/a
ISIC_0029817,nv,nv,0.014431953,0.0012100951,auto_accept,n/a
ISIC_0024442,nv,nv,0.042615533,0.00012549979,auto_accept,n/a
ISIC_0027881,nv,nv,0.017462194,0.00021816135,auto_accept,n/a
ISIC_0028579,mel,nv,0.5242047,0.1701554,auto_accept,n/a
ISIC_0027301,nv,nv,0.07537758,0.0058064456,auto_accept,n/a
ISIC_0024640,mel,mel,0.38605535,0.8682334,auto_accept,n/a
ISIC_0026491,nv,mel,0.49315,0.8744011,auto_accept,n/a
ISIC_0032534,bkl,bcc,0.12639642,0.87205,auto_accept,n/a
ISIC_0028431,vasc,vasc,0.003869772,0.0009923087,auto_accept,n/a
ISIC_0025131,bkl,bkl,0.19091302,3.719504e-05,auto_accept,n/a
ISIC_0031377,mel,nv,0.83820295,0.35160956,escalate,n/a
ISIC_0031795,mel,mel,0.5910361,0.7032211,auto_accept,n/a
ISIC_0029250,nv,nv,0.057184935,0.007444228,auto_accept,n/a
ISIC_0031674,nv,bkl,0.89369845,0.039228406,escalate,n/a
ISIC_0033032,nv,mel,0.82525367,0.6400455,auto_accept,n/a
ISIC_0032669,nv,nv,0.033435524,0.0035581242,auto_accept,n/a
ISIC_0024503,nv,nv,0.17756593,0.029244052,auto_accept,n/a
ISIC_0030309,nv,nv,0.32121634,0.002718078,auto_accept,n/a
ISIC_0024433,nv,nv,0.044858932,0.0025989867,auto_accept,n/a
ISIC_0029885,mel,df,0.07393229,0.054458927,auto_accept,n/a
ISIC_0025569,nv,nv,0.0027608871,6.0595307e-06,auto_accept,n/a
ISIC_0027395,nv,nv,0.0061321855,3.5402e-05,auto_accept,n/a
ISIC_0031555,nv,nv,0.18819189,0.07963851,auto_accept,n/a
ISIC_0025729,nv,bkl,0.857432,0.009826375,escalate,n/a
ISIC_0032948,nv,nv,0.48274207,0.21204537,auto_accept,n/a
ISIC_0033355,nv,nv,0.23295105,0.20140585,auto_accept,n/a
ISIC_0026023,nv,bcc,0.012521207,0.98838776,auto_accept,n/a
ISIC_0026954,mel,nv,0.8474691,0.1802748,escalate,n/a
ISIC_0034158,nv,nv,0.09608376,0.005500625,auto_accept,n/a
ISIC_0030510,nv,nv,0.80430907,0.00036529286,auto_accept,n/a
ISIC_0024983,nv,nv,0.014805973,0.0041215294,auto_accept,n/a
ISIC_0028195,nv,nv,0.34617937,0.17944486,auto_accept,n/a
ISIC_0024372,akiec,akiec,0.13337445,0.9859555,auto_accept,n/a
ISIC_0024552,mel,mel,0.37702107,0.7763275,auto_accept,n/a
ISIC_0025557,bcc,akiec,0.4011662,0.98786885,auto_accept,n/a
ISIC_0025552,nv,nv,0.033287585,0.0029675413,auto_accept,n/a
ISIC_0026892,mel,nv,0.94153523,0.4312099,escalate,n/a
ISIC_0030075,nv,nv,0.0024482012,1.5204664e-05,auto_accept,n/a
ISIC_0026846,bkl,bkl,0.986171,0.00013119445,escalate,n/a
ISIC_0033760,nv,nv,0.084818006,0.0064512314,auto_accept,n/a
ISIC_0026901,nv,nv,0.026265085,0.0046388395,auto_accept,n/a
ISIC_0029923,nv,vasc,0.7569502,1.6297638e-05,auto_accept,n/a
ISIC_0030046,nv,nv,0.12311649,0.0026973009,auto_accept,n/a
ISIC_0024560,nv,mel,0.99097824,0.43781808,escalate,n/a
ISIC_0034205,mel,nv,0.17828739,0.010353147,auto_accept,n/a
ISIC_0032823,mel,mel,0.108834624,0.9314283,auto_accept,n/a
ISIC_0031117,nv,nv,0.44623852,0.010021185,auto_accept,n/a
ISIC_0024911,mel,nv,0.39805543,0.007020785,auto_accept,n/a
ISIC_0032110,mel,mel,0.2090503,0.8903598,auto_accept,n/a
ISIC_0030845,nv,nv,0.81409323,0.4609906,auto_accept,n/a
ISIC_0027765,nv,nv,0.013160586,2.7187534e-05,auto_accept,n/a
ISIC_0027033,mel,bkl,0.06790048,0.007864918,auto_accept,n/a
ISIC_0025046,bcc,bcc,0.005299926,0.9946792,auto_accept,n/a
ISIC_0032293,nv,nv,0.009316266,1.7569688e-05,auto_accept,n/a
ISIC_0031560,nv,nv,0.6855265,0.23506679,auto_accept,n/a
ISIC_0025452,vasc,vasc,0.00013929605,2.4222225e-05,auto_accept,n/a
ISIC_0031690,nv,nv,0.02898866,0.0063937684,auto_accept,n/a
ISIC_0025570,nv,nv,0.092208445,0.0012863784,auto_accept,n/a
ISIC_0024598,nv,nv,0.009303212,0.0006683669,auto_accept,n/a
ISIC_0025657,nv,nv,0.44559342,0.08561455,auto_accept,n/a
ISIC_0030705,bkl,bkl,0.651985,1.369407e-05,auto_accept,n/a
ISIC_0029781,akiec,akiec,0.01822704,0.9895075,auto_accept,n/a
ISIC_0031466,nv,nv,0.21147728,0.009971738,auto_accept,n/a
ISIC_0033669,nv,nv,0.93338716,0.2505706,escalate,n/a
ISIC_0024718,nv,nv,0.12951428,0.011915387,auto_accept,n/a
ISIC_0027963,nv,nv,0.5983491,0.28415537,auto_accept,n/a
ISIC_0031500,nv,nv,0.020686448,5.2702117e-06,auto_accept,n/a
ISIC_0031725,nv,mel,0.4242397,0.735578,auto_accept,n/a
ISIC_0033759,nv,nv,0.31823313,0.10972319,auto_accept,n/a
ISIC_0024776,nv,nv,0.29120618,0.10809137,auto_accept,n/a
ISIC_0028446,nv,nv,0.056382954,9.989202e-05,auto_accept,n/a
ISIC_0025573,mel,mel,0.7602063,0.54415536,auto_accept,n/a
ISIC_0033001,bcc,bcc,0.037927687,0.9997992,auto_accept,n/a
ISIC_0030265,nv,nv,0.039639056,0.0001603301,auto_accept,n/a
ISIC_0030681,mel,nv,0.6379682,0.044398937,auto_accept,n/a
ISIC_0028435,nv,nv,0.25594604,0.0025685926,auto_accept,n/a
ISIC_0028306,mel,mel,0.37229222,0.9223192,auto_accept,n/a
ISIC_0033625,nv,nv,0.1382913,0.051296294,auto_accept,n/a
ISIC_0025777,bkl,bkl,0.923563,0.062499356,escalate,n/a
ISIC_0024421,nv,nv,0.013089061,0.00018904118,auto_accept,n/a
ISIC_0026480,nv,nv,0.93894744,0.0045694415,escalate,n/a
ISIC_0031818,nv,nv,0.023955226,4.9617447e-05,auto_accept,n/a
ISIC_0030615,nv,bkl,0.89173394,0.13864385,escalate,n/a
ISIC_0028543,mel,bkl,0.85621685,0.3484856,escalate,n/a
ISIC_0027382,nv,nv,0.46426284,0.12383734,auto_accept,n/a
ISIC_0032170,bkl,bkl,0.2043091,0.00070839666,auto_accept,n/a
ISIC_0026149,akiec,akiec,0.005993843,0.9825194,auto_accept,n/a
ISIC_0029322,nv,nv,0.072084785,0.0016172581,auto_accept,n/a
ISIC_0025071,nv,nv,0.043993175,0.003426864,auto_accept,n/a
ISIC_0028903,nv,nv,0.491449,0.024186801,auto_accept,n/a
ISIC_0025385,nv,nv,0.40370536,2.1630338e-05,auto_accept,n/a
ISIC_0030213,nv,nv,0.1122241,0.02633826,auto_accept,n/a
ISIC_0026305,nv,nv,0.21438217,0.027492503,auto_accept,n/a
ISIC_0033311,nv,bcc,0.015413165,0.97438735,auto_accept,n/a
ISIC_0033159,nv,nv,0.12715364,0.05131101,auto_accept,n/a
ISIC_0026891,nv,nv,0.06110263,0.00016656761,auto_accept,n/a
ISIC_0027440,nv,nv,0.05340612,0.0001171279,auto_accept,n/a
ISIC_0028428,nv,nv,0.09869194,0.017526193,auto_accept,n/a
ISIC_0024912,nv,nv,0.020402372,0.0014319202,auto_accept,n/a
ISIC_0026849,bkl,bcc,0.28707457,0.9280378,auto_accept,n/a
ISIC_0032520,nv,nv,0.4388255,0.008075422,auto_accept,n/a
ISIC_0032553,bkl,mel,0.63934785,0.60630196,auto_accept,n/a
ISIC_0025556,nv,nv,0.0089075565,0.00011698426,auto_accept,n/a
ISIC_0029033,mel,nv,0.7605456,0.042582437,auto_accept,n/a
ISIC_0030355,nv,nv,0.1348877,0.13118342,auto_accept,n/a
ISIC_0028856,bkl,nv,0.45148665,0.14390472,auto_accept,n/a
ISIC_0034258,nv,nv,0.1267854,0.08204172,auto_accept,n/a
ISIC_0028630,nv,nv,0.027123034,0.0009032325,auto_accept,n/a
ISIC_0034177,nv,df,0.6878237,0.0026908466,auto_accept,n/a
ISIC_0031537,bkl,akiec,0.9497082,0.47713432,escalate,n/a
ISIC_0031524,nv,nv,0.038523376,0.0011759592,auto_accept,n/a
ISIC_0024649,nv,nv,0.053353667,0.0025229466,auto_accept,n/a
ISIC_0030713,nv,nv,0.017260253,0.0005182798,auto_accept,n/a
ISIC_0027859,bkl,akiec,0.005317569,0.99143445,auto_accept,n/a
ISIC_0031414,nv,nv,0.12429583,0.0032936293,auto_accept,n/a
ISIC_0031753,bkl,df,0.49996948,0.0883599,auto_accept,n/a
ISIC_0026404,nv,bkl,0.29259306,0.12231162,auto_accept,n/a
ISIC_0031485,bkl,nv,0.11349636,0.04979878,auto_accept,n/a
ISIC_0026075,nv,nv,0.09308016,2.6462021e-06,auto_accept,n/a
ISIC_0034121,nv,nv,0.07473272,0.005658739,auto_accept,n/a
ISIC_0026121,nv,nv,0.07302636,0.00564694,auto_accept,n/a
ISIC_0030513,nv,nv,0.06486428,0.0094089275,auto_accept,n/a
ISIC_0024719,nv,nv,0.021626353,0.00039758414,auto_accept,n/a
ISIC_0031240,nv,nv,0.018355787,0.0013516343,auto_accept,n/a
ISIC_0029035,bcc,akiec,0.007149279,0.9882465,auto_accept,n/a
ISIC_0031106,nv,nv,0.12769246,0.00023650692,auto_accept,n/a
ISIC_0030583,bkl,nv,0.28909886,9.712263e-05,auto_accept,n/a
ISIC_0025486,nv,nv,0.03556168,0.00045648735,auto_accept,n/a
ISIC_0025202,nv,nv,0.0137780905,4.6648725e-05,auto_accept,n/a
ISIC_0030147,nv,nv,0.73316765,3.1095864e-05,auto_accept,n/a
ISIC_0026217,nv,nv,0.18940699,0.1102808,auto_accept,n/a
ISIC_0028859,nv,nv,0.22529477,0.044011068,auto_accept,n/a
ISIC_0031055,nv,nv,0.05676502,0.0040884945,auto_accept,n/a
ISIC_0033884,bkl,mel,0.9918319,0.29114795,escalate,n/a
ISIC_0029015,nv,nv,0.058935404,2.4688321e-05,auto_accept,n/a
ISIC_0031651,bcc,bcc,0.63867676,0.9632636,auto_accept,n/a
ISIC_0025287,nv,nv,0.033162594,0.006286371,auto_accept,n/a
ISIC_0025161,nv,nv,0.008158565,0.00013623781,auto_accept,n/a
ISIC_0030565,bkl,akiec,0.0028495789,0.9966456,auto_accept,n/a
ISIC_0024990,nv,nv,0.0366019,6.578034e-05,auto_accept,n/a
ISIC_0030110,mel,mel,0.9084029,0.6050246,escalate,n/a
ISIC_0033997,nv,nv,0.07679576,0.0035453895,auto_accept,n/a
ISIC_0032517,mel,mel,0.47312438,0.6479549,auto_accept,n/a
ISIC_0032021,nv,nv,0.4045909,0.021651756,auto_accept,n/a
ISIC_0027536,akiec,akiec,0.075136125,0.99772996,auto_accept,n/a
ISIC_0030661,bkl,nv,0.36248738,0.013638772,auto_accept,n/a
ISIC_0028174,nv,bcc,0.052087545,0.987313,auto_accept,n/a
ISIC_0032942,nv,nv,0.97535276,0.3892891,escalate,n/a
ISIC_0030641,nv,nv,0.10583365,0.0007671323,auto_accept,n/a
ISIC_0027697,nv,nv,0.7378681,0.31850433,auto_accept,n/a
ISIC_0025607,nv,nv,0.15558088,0.08241904,auto_accept,n/a
ISIC_0029694,nv,nv,0.13967246,0.000117716074,auto_accept,n/a
ISIC_0025169,nv,nv,0.68849826,0.2547466,auto_accept,n/a
ISIC_0027905,bkl,nv,0.771245,0.08130108,auto_accept,n/a
ISIC_0026607,bkl,mel,0.34711146,0.95619106,auto_accept,n/a
ISIC_0028635,nv,vasc,0.7798148,0.0005563709,auto_accept,n/a
ISIC_0030677,bkl,mel,0.76003206,0.9278138,auto_accept,n/a
ISIC_0033141,mel,nv,0.5555057,0.14036056,auto_accept,n/a
ISIC_0030015,df,df,0.00053828955,0.0016750467,auto_accept,n/a
ISIC_0032853,nv,nv,0.82646537,0.2829233,auto_accept,n/a
ISIC_0024368,nv,nv,0.015645504,0.00088275725,auto_accept,n/a
ISIC_0030985,nv,nv,0.025640368,0.00024689012,auto_accept,n/a
ISIC_0027956,mel,nv,0.37776762,0.034538135,auto_accept,n/a
ISIC_0026431,nv,nv,0.17288548,0.037704885,auto_accept,n/a
ISIC_0025511,nv,nv,0.12677562,0.0018408292,auto_accept,n/a
ISIC_0031958,mel,mel,0.75267476,0.62367636,auto_accept,n/a
ISIC_0033761,bkl,bkl,0.35045916,0.0055970433,auto_accept,n/a
ISIC_0025616,mel,bkl,0.45572287,0.15557392,auto_accept,n/a
ISIC_0024583,nv,nv,0.030699432,0.003338447,auto_accept,n/a
ISIC_0029458,nv,nv,0.06538862,9.217646e-05,auto_accept,n/a
ISIC_0030768,bkl,df,0.52970445,0.011219666,auto_accept,n/a
ISIC_0030994,nv,nv,0.015831888,0.00020082564,auto_accept,n/a
ISIC_0025123,nv,nv,0.26118064,0.018788686,auto_accept,n/a
ISIC_0024451,nv,df,0.04564947,3.764628e-05,auto_accept,n/a
ISIC_0025068,bkl,akiec,0.1539731,0.95143175,auto_accept,n/a
ISIC_0030789,bkl,nv,0.46888447,0.019715745,auto_accept,n/a
ISIC_0034133,nv,nv,0.3256259,0.06823214,auto_accept,n/a
ISIC_0026659,nv,nv,0.07755792,0.00044113665,auto_accept,n/a
ISIC_0032492,nv,nv,0.17621237,0.012241806,auto_accept,n/a
ISIC_0027871,nv,nv,0.0060941577,8.728549e-05,auto_accept,n/a
ISIC_0030417,mel,akiec,0.18662894,0.98572993,auto_accept,n/a
ISIC_0026292,nv,nv,0.12529802,5.6863486e-05,auto_accept,n/a
ISIC_0028409,nv,nv,0.05461502,0.0012700671,auto_accept,n/a
ISIC_0030917,nv,nv,0.018466115,0.00071098475,auto_accept,n/a
ISIC_0027865,bcc,akiec,0.9905704,0.87948287,escalate,n/a
ISIC_0026479,nv,nv,0.6511533,0.00019573816,auto_accept,n/a
ISIC_0031137,nv,nv,0.07972193,0.0037691826,auto_accept,n/a
ISIC_0025739,nv,nv,0.02608186,1.865575e-05,auto_accept,n/a
ISIC_0034257,nv,mel,0.7757871,0.8848138,auto_accept,n/a
ISIC_0029640,nv,mel,0.90003556,0.6965587,escalate,n/a
ISIC_0025814,mel,akiec,0.82688797,0.6102626,auto_accept,n/a
ISIC_0028712,nv,nv,0.028033674,0.0036491342,auto_accept,n/a
ISIC_0033037,mel,mel,0.5204701,0.76091254,auto_accept,n/a
ISIC_0028959,nv,nv,0.04404372,0.00663062,auto_accept,n/a
ISIC_0033715,nv,nv,0.6906209,0.03220893,auto_accept,n/a
ISIC_0029804,nv,nv,0.01079309,0.00090233795,auto_accept,n/a
ISIC_0025639,nv,mel,0.5323601,0.7125339,auto_accept,n/a
ISIC_0027805,nv,df,0.4341851,0.00019753186,auto_accept,n/a
ISIC_0032169,nv,nv,0.1009379,0.00015211031,auto_accept,n/a
ISIC_0033549,nv,nv,0.046108842,0.02201903,auto_accept,n/a
ISIC_0025560,nv,nv,0.049633503,0.0009836737,auto_accept,n/a
ISIC_0028137,nv,nv,0.028453588,0.00095525576,auto_accept,n/a
ISIC_0032472,nv,nv,0.0067490935,0.00023297741,auto_accept,n/a
ISIC_0028006,nv,nv,0.035423517,0.0015384343,auto_accept,n/a
ISIC_0028175,nv,nv,0.09861857,0.0024624285,auto_accept,n/a
ISIC_0027520,nv,nv,0.012504756,0.00046035767,auto_accept,n/a
ISIC_0029990,nv,nv,0.004362881,6.428484e-05,auto_accept,n/a
ISIC_0024344,nv,df,0.3199693,0.043874484,auto_accept,n/a
ISIC_0033736,bkl,mel,0.23022103,0.9008856,auto_accept,n/a
ISIC_0027318,nv,nv,0.0071077347,0.00022215207,auto_accept,n/a
ISIC_0030156,nv,bkl,0.83467776,0.053536434,auto_accept,n/a
ISIC_0026169,nv,nv,0.01657641,8.4781524e-05,auto_accept,n/a
ISIC_0032574,nv,mel,0.30504483,0.89697427,auto_accept,n/a
ISIC_0033402,nv,mel,0.85576415,0.59182894,escalate,n/a
ISIC_0031715,nv,nv,0.12192047,0.002552014,auto_accept,n/a
ISIC_0032792,nv,mel,0.2920249,0.7256227,auto_accept,n/a
ISIC_0026808,nv,nv,0.074403346,0.009699449,auto_accept,n/a
ISIC_0032291,nv,nv,0.18541116,0.034786597,auto_accept,n/a
ISIC_0033862,nv,nv,0.15852356,0.0071764267,auto_accept,n/a
ISIC_0031939,nv,nv,0.11598605,0.00059539004,auto_accept,n/a
ISIC_0034003,bkl,bkl,0.9511913,0.4560568,escalate,n/a
ISIC_0032372,mel,bkl,0.7806306,0.19105594,auto_accept,n/a
ISIC_0025526,bkl,bkl,0.7567624,0.2657906,auto_accept,n/a
ISIC_0031546,nv,nv,0.26860952,0.20183519,auto_accept,n/a
ISIC_0024960,nv,nv,0.36575174,0.009097361,auto_accept,n/a
ISIC_0029828,nv,nv,0.04816991,0.00095510104,auto_accept,n/a
ISIC_0029623,nv,nv,0.09998852,6.1582796e-05,auto_accept,n/a
ISIC_0029482,nv,nv,0.08601588,0.0007248024,auto_accept,n/a
ISIC_0026866,nv,nv,0.9506972,0.60983706,escalate,n/a
ISIC_0026845,bcc,df,0.90550935,0.90907514,escalate,n/a
ISIC_0028098,nv,bkl,0.38777113,0.020567328,auto_accept,n/a
ISIC_0032237,nv,nv,0.007229507,0.0021436552,auto_accept,n/a
ISIC_0032065,nv,bkl,0.16978109,0.078015685,auto_accept,n/a
ISIC_0029199,nv,nv,0.17495024,0.003992183,auto_accept,n/a
ISIC_0030419,nv,nv,0.0058024526,6.086195e-05,auto_accept,n/a
ISIC_0028791,nv,nv,0.059107482,0.008591869,auto_accept,n/a
ISIC_0030231,bkl,akiec,0.06270504,0.9891304,auto_accept,n/a
ISIC_0027828,bkl,bkl,0.8101185,0.022309773,auto_accept,n/a
ISIC_0031953,mel,mel,0.98248744,0.48765996,escalate,n/a
ISIC_0032455,akiec,akiec,0.3577152,0.9909979,auto_accept,n/a
ISIC_0028765,bcc,bcc,0.0063899755,0.9988392,auto_accept,n/a
ISIC_0024752,nv,nv,0.39060396,0.005102238,auto_accept,n/a
ISIC_0033112,nv,vasc,0.64722717,0.12648542,auto_accept,n/a
ISIC_0033222,nv,mel,0.36749887,0.79644156,auto_accept,n/a
ISIC_0031723,nv,nv,0.021113098,4.663747e-05,auto_accept,n/a
ISIC_0033578,mel,mel,0.9373189,0.57515115,escalate,n/a
ISIC_0033362,mel,nv,0.60423476,0.15416867,auto_accept,n/a
ISIC_0025863,nv,nv,0.3578477,0.14013864,auto_accept,n/a
ISIC_0028866,nv,nv,0.7426672,0.28751233,auto_accept,n/a
ISIC_0027433,bcc,mel,0.19199407,0.98901516,auto_accept,n/a
ISIC_0030667,nv,nv,0.1097278,0.0005147142,auto_accept,n/a
ISIC_0030716,nv,nv,0.018181384,0.0006536623,auto_accept,n/a
ISIC_0028590,nv,df,0.61571264,0.00031138494,auto_accept,n/a
ISIC_0027232,nv,df,0.122499585,0.0010265025,auto_accept,n/a
ISIC_0031696,nv,nv,0.09207326,0.0024768347,auto_accept,n/a
ISIC_0031837,nv,nv,0.036574423,0.00025925637,auto_accept,n/a
ISIC_0034083,nv,nv,0.042896986,0.001203646,auto_accept,n/a
ISIC_0027897,nv,nv,0.08239198,0.0010070667,auto_accept,n/a
ISIC_0025962,nv,nv,0.124586105,0.0025530702,auto_accept,n/a
ISIC_0027942,nv,nv,0.1254198,0.0053393445,auto_accept,n/a
ISIC_0024993,nv,nv,0.030828595,0.0039485507,auto_accept,n/a
ISIC_0025749,nv,nv,0.044338226,7.2195384e-05,auto_accept,n/a
ISIC_0032559,mel,vasc,0.63062334,0.08537361,auto_accept,n/a
ISIC_0031314,nv,nv,0.98643047,0.04257129,escalate,n/a
ISIC_0031577,bkl,nv,0.4169246,0.00043423066,auto_accept,n/a
ISIC_0027272,nv,nv,0.09863287,0.0012232991,auto_accept,n/a
ISIC_0027839,nv,nv,0.8921393,0.15225472,escalate,n/a
ISIC_0029405,nv,df,0.13501537,0.21925579,auto_accept,n/a
ISIC_0033717,mel,mel,0.18577427,0.92064136,auto_accept,n/a
ISIC_0025819,bkl,bkl,0.60352707,0.004301797,auto_accept,n/a
ISIC_0033053,nv,nv,0.7583205,0.28547075,auto_accept,n/a
ISIC_0027926,nv,nv,0.10297376,0.0003545695,auto_accept,n/a
ISIC_0031283,nv,nv,0.0071215034,5.4765205e-05,auto_accept,n/a
ISIC_0024314,nv,nv,0.27837133,0.01706447,auto_accept,n/a
ISIC_0026664,mel,mel,0.17405689,0.8972249,auto_accept,n/a
ISIC_0024586,mel,nv,0.40256423,0.00042119765,auto_accept,n/a
ISIC_0032530,nv,vasc,0.7696358,4.7854843e-05,auto_accept,n/a
ISIC_0026699,nv,nv,0.02344799,0.0007285602,auto_accept,n/a
ISIC_0034181,nv,nv,0.19607139,0.095330544,auto_accept,n/a
ISIC_0026685,nv,nv,0.061130762,0.00075357547,auto_accept,n/a
ISIC_0026039,nv,nv,0.038808882,0.0005938723,auto_accept,n/a
ISIC_0031895,nv,nv,0.04344195,0.0015844106,auto_accept,n/a
ISIC_0025842,bkl,akiec,0.020871103,0.98408633,auto_accept,n/a
ISIC_0026318,nv,nv,0.050401926,0.0035514832,auto_accept,n/a
ISIC_0026278,nv,nv,0.015634775,0.0003405222,auto_accept,n/a
ISIC_0027237,nv,bkl,0.53429466,0.13780777,auto_accept,n/a
ISIC_0025487,nv,nv,0.08821362,0.0012235065,auto_accept,n/a
ISIC_0031782,nv,nv,0.060823977,0.0017279423,auto_accept,n/a
ISIC_0028200,bkl,mel,0.6634189,0.6291926,auto_accept,n/a
ISIC_0026256,nv,nv,0.00547415,8.674133e-05,auto_accept,n/a
ISIC_0029435,nv,mel,0.42694473,0.73666507,auto_accept,n/a
ISIC_0032993,mel,mel,0.12591976,0.9190359,auto_accept,n/a
ISIC_0028234,nv,nv,0.019485652,0.00089278485,auto_accept,n/a
ISIC_0025148,nv,nv,0.9001503,0.3652958,escalate,n/a
ISIC_0028263,nv,nv,0.1255542,0.007168291,auto_accept,n/a
ISIC_0028770,nv,nv,0.092086315,0.0009230034,auto_accept,n/a
ISIC_0025588,nv,nv,0.58217263,0.0013769625,auto_accept,n/a
ISIC_0030184,nv,mel,0.44400775,0.85604846,auto_accept,n/a
ISIC_0032835,bkl,df,0.9903183,0.91155344,escalate,n/a
ISIC_0028775,nv,df,0.17027783,1.764525e-05,auto_accept,n/a
ISIC_0026540,nv,nv,0.22205913,0.00032692912,auto_accept,n/a
ISIC_0025773,nv,nv,0.048407495,0.00091611204,auto_accept,n/a
ISIC_0028611,bkl,df,0.9987663,0.8534429,escalate,n/a
ISIC_0025804,bkl,nv,0.037059963,0.00048259826,auto_accept,n/a
ISIC_0025414,mel,mel,0.70853937,0.9310238,auto_accept,n/a
ISIC_0028845,nv,nv,0.024623036,0.0035733941,auto_accept,n/a
ISIC_0033072,nv,nv,0.17251122,0.0049149585,auto_accept,n/a
ISIC_0027521,nv,nv,0.21646243,0.0048868987,auto_accept,n/a
ISIC_0032541,nv,nv,0.08574295,0.009114292,auto_accept,n/a
ISIC_0032193,nv,nv,0.14282197,0.01797811,auto_accept,n/a
ISIC_0031042,nv,mel,0.7779508,0.83671373,auto_accept,n/a
ISIC_0030121,nv,nv,0.30554825,0.12184881,auto_accept,n/a
ISIC_0024769,nv,nv,0.010476649,0.00013260396,auto_accept,n/a
ISIC_0026074,bcc,bcc,0.022250712,0.9836024,auto_accept,n/a
ISIC_0030517,nv,nv,0.008623242,3.2724758e-05,auto_accept,n/a
ISIC_0024933,nv,nv,0.5715732,0.34388393,auto_accept,n/a
ISIC_0026536,nv,nv,0.015378892,0.0012131216,auto_accept,n/a
ISIC_0024650,nv,nv,0.11226189,0.014304863,auto_accept,n/a
ISIC_0030514,bcc,akiec,0.5213511,0.8839153,auto_accept,n/a
ISIC_0033126,nv,nv,0.0289191,0.0010322127,auto_accept,n/a
ISIC_0028798,nv,nv,0.36114675,0.006213453,auto_accept,n/a
ISIC_0026486,nv,nv,0.15991282,0.08669639,auto_accept,n/a
ISIC_0030850,nv,nv,0.060966313,0.0020470873,auto_accept,n/a
ISIC_0034234,nv,nv,0.28950495,0.030174667,auto_accept,n/a
ISIC_0024361,nv,nv,0.16106027,0.042243276,auto_accept,n/a
ISIC_0029994,nv,akiec,0.96155626,0.6378309,escalate,n/a
ISIC_0030518,nv,nv,0.01735568,0.00025299276,auto_accept,n/a
ISIC_0030501,mel,mel,0.6028029,0.8675474,auto_accept,n/a
ISIC_0026372,nv,nv,0.64832443,0.1528102,auto_accept,n/a
ISIC_0031155,nv,nv,0.027072787,0.00929231,auto_accept,n/a
ISIC_0030546,nv,mel,0.77897036,0.6703731,auto_accept,n/a
ISIC_0032496,nv,nv,0.46961486,0.10161634,auto_accept,n/a
ISIC_0025841,nv,nv,0.023751795,0.0051502427,auto_accept,n/a
ISIC_0028975,nv,nv,0.5725846,0.0015331309,auto_accept,n/a
ISIC_0030424,nv,nv,0.007822275,3.621031e-05,auto_accept,n/a
ISIC_0029843,mel,mel,0.57116246,0.7122952,auto_accept,n/a
ISIC_0026867,bkl,nv,0.22675902,0.00016163303,auto_accept,n/a
ISIC_0029475,nv,bkl,0.9709908,0.11524713,escalate,n/a
ISIC_0028788,nv,nv,0.035918593,0.0005741508,auto_accept,n/a
ISIC_0033027,mel,bcc,0.011376917,0.99670607,auto_accept,n/a
ISIC_0028840,bkl,df,0.018780708,0.024903996,auto_accept,n/a
ISIC_0031371,nv,nv,0.05388373,0.003258501,auto_accept,n/a
ISIC_0032251,nv,bcc,0.5640964,0.85322165,auto_accept,n/a
ISIC_0030192,mel,nv,0.79471713,0.31435412,auto_accept,n/a
ISIC_0031796,nv,nv,0.301134,0.026338324,auto_accept,n/a
ISIC_0025740,nv,nv,0.022284389,0.00028838473,auto_accept,n/a
ISIC_0027840,nv,nv,0.85044044,0.10722503,escalate,n/a
ISIC_0030690,bcc,bcc,0.057023346,0.99158704,auto_accept,n/a
ISIC_0026506,mel,nv,0.57819974,0.0065296595,auto_accept,n/a
ISIC_0032849,nv,nv,0.4217236,0.052736457,auto_accept,n/a
ISIC_0024862,nv,bkl,0.91142094,0.07171541,escalate,n/a
ISIC_0032417,bkl,bkl,0.1489377,0.00029379662,auto_accept,n/a
ISIC_0031211,akiec,akiec,0.9062226,0.76147044,escalate,n/a
ISIC_0029288,bkl,bkl,0.34517443,0.021223566,auto_accept,n/a
ISIC_0030181,bcc,bcc,0.17192662,0.98308325,auto_accept,n/a
ISIC_0032624,mel,nv,0.86380374,0.1525213,escalate,n/a
ISIC_0029592,nv,nv,0.6626123,2.8415272e-05,auto_accept,n/a
ISIC_0031079,nv,nv,0.015292406,0.0015256563,auto_accept,n/a
ISIC_0027544,bcc,bcc,0.5573976,0.9485316,auto_accept,n/a
ISIC_0027009,nv,nv,0.021868229,0.00050425594,auto_accept,n/a
ISIC_0030373,nv,nv,0.07066381,0.00031526314,auto_accept,n/a
ISIC_0024831,nv,bcc,0.8592915,0.19981971,escalate,n/a
ISIC_0028721,nv,df,0.63114977,0.00075551466,auto_accept,n/a
ISIC_0026358,nv,nv,0.085065484,0.00013366158,auto_accept,n/a
ISIC_0031303,mel,akiec,0.2405284,0.9750381,auto_accept,n/a
ISIC_0030429,nv,bcc,0.26534027,0.4349673,auto_accept,n/a
ISIC_0025054,nv,nv,0.046242177,0.009625084,auto_accept,n/a
ISIC_0027661,nv,nv,0.02330476,0.00026671376,auto_accept,n/a
ISIC_0025282,nv,nv,0.036619604,0.00036542394,auto_accept,n/a
ISIC_0024880,bkl,bkl,0.89320934,0.048258375,escalate,n/a
ISIC_0031896,nv,nv,0.35722494,0.17439087,auto_accept,n/a
ISIC_0025548,bkl,bkl,0.61349714,0.22645278,auto_accept,n/a
ISIC_0027667,nv,nv,0.09331751,0.040747408,auto_accept,n/a
ISIC_0027967,bkl,bkl,0.20216227,0.040633455,auto_accept,n/a
ISIC_0033936,nv,nv,0.2203623,0.034768954,auto_accept,n/a
ISIC_0024869,nv,mel,0.70105994,0.5286384,auto_accept,n/a
ISIC_0030479,nv,nv,0.77633286,0.2521648,auto_accept,n/a
ISIC_0030127,nv,nv,0.19941556,0.31013227,auto_accept,n/a
ISIC_0025171,nv,vasc,0.056308687,0.0014354658,auto_accept,n/a
ISIC_0029693,nv,nv,0.29722863,0.039243583,auto_accept,n/a
ISIC_0032211,nv,nv,0.25619245,0.0007087843,auto_accept,n/a
ISIC_0034170,mel,mel,0.9541724,0.6613886,escalate,n/a
ISIC_0029210,akiec,akiec,0.0953514,0.9730805,auto_accept,n/a
ISIC_0025706,nv,nv,0.03659427,0.00014660145,auto_accept,n/a
ISIC_0032071,nv,df,0.043016315,0.00047582213,auto_accept,n/a
ISIC_0030523,nv,nv,0.54063857,0.00015176117,auto_accept,n/a
ISIC_0028694,nv,nv,0.18299723,0.00035669593,auto_accept,n/a
ISIC_0024724,nv,nv,0.9462236,0.0041700643,escalate,n/a
ISIC_0025723,nv,nv,0.035797298,0.0037609215,auto_accept,n/a
ISIC_0033446,bkl,nv,0.9952278,0.16581681,escalate,n/a
ISIC_0024754,nv,nv,0.9059508,0.010961226,escalate,n/a
ISIC_0030793,nv,nv,0.35388118,0.13806532,auto_accept,n/a
ISIC_0026543,nv,nv,0.2659927,0.0041523576,auto_accept,n/a
ISIC_0034301,nv,nv,0.06734049,0.0068537574,auto_accept,n/a
ISIC_0028406,vasc,vasc,0.00051158667,4.2700252e-05,auto_accept,n/a
ISIC_0034022,mel,mel,0.19553608,0.92658925,auto_accept,n/a
ISIC_0027028,nv,nv,0.041951895,0.0009866139,auto_accept,n/a
ISIC_0030210,nv,nv,0.1075415,0.0024204992,auto_accept,n/a
ISIC_0033266,nv,mel,0.5550574,0.6988151,auto_accept,n/a
ISIC_0030357,nv,nv,0.0023037195,1.5844875e-05,auto_accept,n/a
ISIC_0032992,nv,mel,0.8106588,0.37282833,auto_accept,n/a
ISIC_0030997,nv,nv,0.024608493,9.466967e-05,auto_accept,n/a
ISIC_0029316,mel,nv,0.88399804,0.05056275,escalate,n/a
ISIC_0031251,nv,nv,0.076446235,0.003253447,auto_accept,n/a
ISIC_0034051,mel,vasc,0.7646508,0.022703791,auto_accept,n/a
ISIC_0033565,vasc,vasc,7.688999e-06,3.805711e-06,auto_accept,n/a
ISIC_0030112,nv,nv,0.007460892,5.7868452e-05,auto_accept,n/a
ISIC_0025395,nv,nv,0.0073592067,0.0014880982,auto_accept,n/a
ISIC_0033488,bkl,bkl,0.6650905,0.08851583,auto_accept,n/a
ISIC_0025822,nv,nv,0.013248682,0.002467747,auto_accept,n/a
ISIC_0026726,nv,vasc,0.020566404,0.041552894,auto_accept,n/a
ISIC_0027096,nv,nv,0.071218014,0.02747712,auto_accept,n/a
ISIC_0026238,nv,nv,0.5404748,0.0046103075,auto_accept,n/a
ISIC_0033373,nv,nv,0.6968516,0.002392425,auto_accept,n/a
ISIC_0024524,nv,mel,0.13146907,0.97606814,auto_accept,n/a
ISIC_0031442,bcc,bcc,0.17231071,0.8726178,auto_accept,n/a
ISIC_0032987,mel,mel,0.861046,0.71086514,escalate,n/a
ISIC_0027081,nv,nv,0.19585532,5.3231346e-05,auto_accept,n/a
ISIC_0031693,nv,nv,0.019216955,0.0004837024,auto_accept,n/a
ISIC_0026181,nv,nv,0.0038885474,1.6022997e-05,auto_accept,n/a
ISIC_0026293,nv,mel,0.8983313,0.6150042,escalate,n/a
ISIC_0028867,nv,nv,0.063913345,0.010321074,auto_accept,n/a
ISIC_0031084,nv,nv,0.002638638,7.5349315e-05,auto_accept,n/a
ISIC_0028980,bcc,bcc,0.005650103,0.9989818,auto_accept,n/a
ISIC_0028288,mel,mel,0.33445227,0.8916188,auto_accept,n/a
ISIC_0030853,nv,nv,0.15089703,0.0019364347,auto_accept,n/a
ISIC_0033054,bcc,df,0.8210803,0.030822983,auto_accept,n/a
ISIC_0026788,nv,mel,0.9358566,0.5795253,escalate,n/a
ISIC_0030062,nv,nv,0.026636481,6.1048895e-06,auto_accept,n/a
ISIC_0026258,mel,nv,0.86457634,0.093985535,escalate,n/a
ISIC_0029486,vasc,bcc,0.51568806,0.81508285,auto_accept,n/a
ISIC_0024739,mel,akiec,0.9436653,0.7411205,escalate,n/a
ISIC_0030671,nv,nv,0.043215394,7.585814e-07,auto_accept,n/a
ISIC_0028067,nv,nv,0.16243309,0.06651718,auto_accept,n/a
ISIC_0034225,nv,nv,0.39142692,0.29824415,auto_accept,n/a
ISIC_0025429,nv,nv,0.038446546,0.0037313998,auto_accept,n/a
ISIC_0032089,nv,nv,0.029288411,0.0076460075,auto_accept,n/a
ISIC_0026301,bkl,mel,0.760909,0.61390096,auto_accept,n/a
ISIC_0030533,bkl,bkl,0.4747203,0.05667198,auto_accept,n/a
ISIC_0026194,akiec,akiec,0.009827971,0.99165475,auto_accept,n/a
ISIC_0030884,nv,nv,0.01456666,2.506581e-05,auto_accept,n/a
ISIC_0029711,nv,nv,0.007807553,0.00013687351,auto_accept,n/a
ISIC_0031699,nv,nv,0.5157546,0.18839706,auto_accept,n/a
ISIC_0032797,mel,mel,0.4725741,0.6916069,auto_accept,n/a
ISIC_0032248,mel,akiec,0.77347636,0.9942258,auto_accept,n/a
ISIC_0029400,nv,nv,0.099309325,0.0037278878,auto_accept,n/a
ISIC_0029234,nv,nv,0.019927919,0.0010532696,auto_accept,n/a
ISIC_0028498,nv,bkl,0.7523224,0.14418772,auto_accept,n/a
ISIC_0031647,nv,nv,0.023583412,0.00021675743,auto_accept,n/a
ISIC_0024748,bkl,nv,0.42563838,0.19134432,auto_accept,n/a
ISIC_0028794,nv,nv,0.014290094,0.00027164756,auto_accept,n/a
ISIC_0031009,bcc,bcc,0.57470816,0.8118988,auto_accept,n/a
ISIC_0028223,bkl,bkl,0.57877684,0.2527093,auto_accept,n/a
ISIC_0032134,mel,mel,0.3123902,0.84744215,auto_accept,n/a
ISIC_0026803,bkl,bkl,0.11283225,0.0019410177,auto_accept,n/a
ISIC_0024387,nv,mel,0.62221694,0.69427174,auto_accept,n/a
ISIC_0028949,nv,nv,0.028939068,6.594478e-05,auto_accept,n/a
ISIC_0030420,nv,mel,0.6765388,0.5064427,auto_accept,n/a
ISIC_0026754,mel,mel,0.310497,0.966067,auto_accept,n/a
ISIC_0028072,nv,nv,0.20055956,0.011675285,auto_accept,n/a
ISIC_0030540,nv,nv,0.2410729,4.3226188e-05,auto_accept,n/a
ISIC_0029356,nv,nv,0.109604895,0.0007821491,auto_accept,n/a
ISIC_0026451,nv,bkl,0.5418683,0.015857568,auto_accept,n/a
ISIC_0033236,nv,nv,0.38206637,0.01352104,auto_accept,n/a
ISIC_0028393,akiec,akiec,0.004509151,0.9957508,auto_accept,n/a
ISIC_0025915,bkl,mel,0.481251,0.85257244,auto_accept,n/a
ISIC_0025121,mel,nv,0.98719925,0.20617682,escalate,n/a
ISIC_0027374,bkl,nv,0.27136737,0.01761306,auto_accept,n/a
ISIC_0026438,mel,nv,0.3261705,0.12997234,auto_accept,n/a
ISIC_0028863,nv,nv,0.30225044,0.007436185,auto_accept,n/a
ISIC_0028083,nv,nv,0.08062208,0.020950554,auto_accept,n/a
ISIC_0033723,nv,nv,0.47617972,0.061631754,auto_accept,n/a
ISIC_0025182,akiec,df,0.09815115,0.13741426,auto_accept,n/a
ISIC_0026371,nv,nv,0.78670675,0.0025103171,auto_accept,n/a
ISIC_0025127,mel,mel,0.47919917,0.74221545,auto_accept,n/a
ISIC_0027007,nv,nv,0.42712837,0.23642789,auto_accept,n/a
ISIC_0031888,bkl,akiec,0.79779756,0.6807947,auto_accept,n/a
ISIC_0027057,bcc,df,0.218683,0.110010475,auto_accept,n/a
ISIC_0027019,nv,nv,0.22500294,0.0647119,auto_accept,n/a
ISIC_0030474,nv,nv,0.22058439,0.0031950837,auto_accept,n/a
ISIC_0029525,bkl,akiec,0.00047051907,0.99961287,auto_accept,n/a
ISIC_0026847,mel,bcc,0.86949867,0.98483354,escalate,n/a
ISIC_0027762,nv,nv,0.0029303432,7.2888106e-05,auto_accept,n/a
ISIC_0026385,nv,nv,0.9094691,6.0432765e-05,escalate,n/a
ISIC_0033174,mel,mel,0.17974836,0.8660852,auto_accept,n/a
ISIC_0026161,nv,nv,0.0039268136,1.06275e-05,auto_accept,n/a
ISIC_0026203,akiec,nv,0.08873367,0.054478694,auto_accept,n/a
ISIC_0029896,nv,nv,0.0077362657,0.0008344916,auto_accept,n/a
ISIC_0026967,bkl,df,0.30167276,0.00010887532,auto_accept,n/a
ISIC_0030242,akiec,akiec,0.0001295805,0.99981815,auto_accept,n/a
ISIC_0032583,mel,bkl,0.9985261,0.12572482,escalate,n/a
ISIC_0033024,mel,bcc,0.025880933,0.9551746,auto_accept,n/a
ISIC_0030368,nv,nv,0.063394666,0.00014591224,auto_accept,n/a
ISIC_0027191,nv,nv,0.5958187,0.00016576763,auto_accept,n/a
ISIC_0033344,mel,bkl,0.5480187,0.15845266,auto_accept,n/a
ISIC_0026322,nv,nv,0.121442914,0.011616108,auto_accept,n/a
ISIC_0033103,mel,mel,0.9387641,0.47320682,escalate,n/a
ISIC_0032152,mel,nv,0.98412263,0.33266896,escalate,n/a
ISIC_0024674,nv,mel,0.68780696,0.67331415,auto_accept,n/a
ISIC_0031991,nv,bkl,0.6419964,0.3457696,auto_accept,n/a
ISIC_0028492,nv,nv,0.19225818,0.04148192,auto_accept,n/a
ISIC_0027344,bkl,akiec,0.9883177,0.39873704,escalate,n/a
ISIC_0024887,nv,nv,0.016730785,0.0020641966,auto_accept,n/a
ISIC_0027981,nv,nv,0.022760332,0.0002072996,auto_accept,n/a
ISIC_0028947,nv,nv,0.31735808,0.009528978,auto_accept,n/a
ISIC_0025874,bkl,bkl,0.5846565,0.3535361,auto_accept,n/a
ISIC_0027910,nv,nv,0.011234403,0.000101992446,auto_accept,n/a
ISIC_0030788,nv,nv,0.06270039,0.001688863,auto_accept,n/a
ISIC_0031727,nv,nv,0.27670985,0.009825196,auto_accept,n/a
ISIC_0032386,nv,nv,0.011308491,3.5843277e-05,auto_accept,n/a
ISIC_0030182,nv,bkl,0.9928108,0.021870004,escalate,n/a
ISIC_0025061,nv,nv,0.45297444,0.031574912,auto_accept,n/a
ISIC_0032778,bkl,nv,0.64568603,0.09593749,auto_accept,n/a
ISIC_0028248,nv,nv,0.052201748,0.00121125,auto_accept,n/a
ISIC_0025445,nv,nv,0.01984644,0.0073823454,auto_accept,n/a
ISIC_0028919,nv,nv,0.015986443,0.00042404476,auto_accept,n/a
ISIC_0025631,nv,nv,0.49830192,0.10579901,auto_accept,n/a
ISIC_0026302,nv,nv,0.030581295,3.4203193e-05,auto_accept,n/a
ISIC_0031194,nv,nv,0.64131117,0.3700619,auto_accept,n/a
ISIC_0032959,bcc,vasc,0.008339167,0.0056287567,auto_accept,n/a
ISIC_0031874,akiec,akiec,0.0006044507,0.99969566,auto_accept,n/a
ISIC_0028555,bkl,bkl,0.27461118,0.2309796,auto_accept,n/a
ISIC_0025294,nv,nv,0.015699565,5.1341354e-05,auto_accept,n/a
ISIC_0024388,nv,df,0.0041677356,0.0004133947,auto_accept,n/a
ISIC_0025227,nv,nv,0.05984807,0.006086028,auto_accept,n/a
ISIC_0029646,nv,nv,0.012717903,0.0004979674,auto_accept,n/a
ISIC_0034042,nv,nv,0.2068085,0.028134624,auto_accept,n/a
ISIC_0025929,nv,nv,0.018300593,0.00018095631,auto_accept,n/a
ISIC_0027673,mel,mel,0.25566334,0.86523837,auto_accept,n/a
ISIC_0030102,nv,nv,0.009228945,0.00040107133,auto_accept,n/a
ISIC_0026252,nv,nv,0.27116108,0.0033045136,auto_accept,n/a
ISIC_0033293,nv,nv,0.29936475,0.0054503167,auto_accept,n/a
ISIC_0033284,bkl,bkl,0.55870193,0.050901517,auto_accept,n/a
ISIC_0025093,nv,nv,0.5018921,0.00019404029,auto_accept,n/a
ISIC_0026192,bcc,bcc,0.003053844,0.9989398,auto_accept,n/a
ISIC_0027700,akiec,mel,0.7609966,0.5638085,auto_accept,n/a
ISIC_0032097,nv,nv,0.005144179,0.00011817777,auto_accept,n/a
ISIC_0025116,nv,nv,0.08134276,0.0040050764,auto_accept,n/a
ISIC_0028135,nv,nv,0.020603597,0.00042702505,auto_accept,n/a
ISIC_0028031,nv,df,0.80246484,0.005553558,auto_accept,n/a
ISIC_0032004,nv,nv,0.03305435,0.0012358993,auto_accept,n/a
ISIC_0033849,nv,mel,0.97880447,0.5054282,escalate,n/a
ISIC_0033756,nv,mel,0.59470373,0.7539374,auto_accept,n/a
ISIC_0033185,bkl,mel,0.86052823,0.68726575,escalate,n/a
ISIC_0025106,nv,nv,0.9549116,0.40692088,escalate,n/a
ISIC_0025581,nv,nv,0.1788736,0.0070726466,auto_accept,n/a
ISIC_0026482,nv,nv,0.018605828,0.0005163131,auto_accept,n/a
ISIC_0025756,nv,nv,0.008394718,0.00015685683,auto_accept,n/a
ISIC_0028937,bcc,bkl,0.7066245,0.63003534,auto_accept,n/a
ISIC_0025080,nv,nv,0.46403313,0.00089469366,auto_accept,n/a
ISIC_0027709,nv,nv,0.991889,0.0016094199,escalate,n/a
ISIC_0026844,bkl,bkl,0.7489493,0.03973803,auto_accept,n/a
ISIC_0028471,nv,nv,0.029253483,0.00012416141,auto_accept,n/a
ISIC_0030399,nv,nv,0.86295736,0.048551854,escalate,n/a
ISIC_0030624,nv,nv,0.00887239,0.00038581304,auto_accept,n/a
ISIC_0030643,nv,nv,0.10260028,0.0020503101,auto_accept,n/a
ISIC_0024307,nv,nv,0.62550247,0.0012181492,auto_accept,n/a
ISIC_0032571,nv,nv,0.5551069,0.012364346,auto_accept,n/a
ISIC_0027397,nv,akiec,0.94949156,0.5685854,escalate,n/a
ISIC_0029334,nv,nv,0.28616023,0.04707007,auto_accept,n/a
ISIC_0029797,nv,nv,0.126872,4.4848286e-05,auto_accept,n/a
ISIC_0032388,nv,nv,0.6675117,0.023907071,auto_accept,n/a
ISIC_0029579,nv,nv,0.00953269,0.00050743966,auto_accept,n/a
ISIC_0027974,nv,df,0.34248793,7.104968e-05,auto_accept,n/a
ISIC_0027406,nv,bkl,0.8922663,0.21921714,escalate,n/a
ISIC_0027253,mel,mel,0.67464197,0.9962057,auto_accept,n/a
ISIC_0027887,nv,nv,0.019727886,0.0026487894,auto_accept,n/a
ISIC_0030581,nv,nv,0.13592851,0.016116846,auto_accept,n/a
ISIC_0025736,nv,nv,0.044243395,0.00057055353,auto_accept,n/a
ISIC_0033720,bcc,bcc,0.73063684,0.905619,auto_accept,n/a
ISIC_0027853,nv,nv,0.30207086,0.0115590375,auto_accept,n/a
ISIC_0030067,bkl,nv,0.321163,0.0001286938,auto_accept,n/a
ISIC_0024860,nv,nv,0.10523081,0.0005188168,auto_accept,n/a
ISIC_0031826,nv,nv,0.07773954,0.000681463,auto_accept,n/a
ISIC_0025146,nv,nv,0.04164195,0.012768555,auto_accept,n/a
ISIC_0027446,nv,nv,0.013035178,0.0004391755,auto_accept,n/a
ISIC_0028862,nv,nv,0.004270673,0.00016467605,auto_accept,n/a
ISIC_0028084,bcc,bcc,0.045526087,0.99825805,auto_accept,n/a
ISIC_0025343,nv,nv,0.02371049,0.00016764314,auto_accept,n/a
ISIC_0027852,nv,mel,0.8379613,0.62972885,escalate,n/a
ISIC_0027707,nv,nv,0.37496734,0.15057409,auto_accept,n/a
ISIC_0033981,mel,mel,0.14626682,0.9360755,auto_accept,n/a
ISIC_0025698,nv,nv,0.08801478,0.0132436175,auto_accept,n/a
ISIC_0030852,nv,nv,0.11486417,0.0009048619,auto_accept,n/a
ISIC_0026770,mel,nv,0.5487123,0.03355629,auto_accept,n/a
ISIC_0028468,nv,nv,0.44014615,0.0010781433,auto_accept,n/a
ISIC_0024591,nv,nv,0.0057231784,1.4231399e-05,auto_accept,n/a
ISIC_0029837,bkl,bcc,0.62940955,0.39455393,auto_accept,n/a
ISIC_0026450,nv,nv,0.015371025,0.0001509259,auto_accept,n/a
ISIC_0028356,nv,nv,0.016878963,0.0002650607,auto_accept,n/a
ISIC_0032106,nv,nv,0.014034271,0.00017772021,auto_accept,n/a
ISIC_0029319,mel,mel,0.713318,0.6043476,auto_accept,n/a
ISIC_0029461,nv,nv,0.039130986,0.0020713215,auto_accept,n/a
ISIC_0025538,nv,nv,0.0071888566,3.73936e-05,auto_accept,n/a
ISIC_0029852,nv,nv,0.00650537,7.671811e-05,auto_accept,n/a
ISIC_0029459,nv,nv,0.8200393,0.2471346,auto_accept,n/a
ISIC_0025908,nv,nv,0.22154468,0.008065775,auto_accept,n/a
ISIC_0030498,nv,nv,0.13637888,3.0190033e-05,auto_accept,n/a
ISIC_0027516,nv,nv,0.084614456,0.00022937983,auto_accept,n/a
ISIC_0030327,nv,nv,0.009703875,0.00021459554,auto_accept,n/a
ISIC_0026041,nv,nv,0.0053737164,1.4028692e-05,auto_accept,n/a
ISIC_0028911,nv,nv,0.004732132,0.00022982752,auto_accept,n/a
ISIC_0027165,nv,nv,0.058951974,0.006826091,auto_accept,n/a
ISIC_0028416,nv,nv,0.019712865,0.00032486918,auto_accept,n/a
ISIC_0026695,nv,nv,0.025207877,0.0014581707,auto_accept,n/a
ISIC_0024765,nv,nv,0.022244215,4.3133292e-05,auto_accept,n/a
ISIC_0025539,akiec,bkl,0.8315604,0.28836408,auto_accept,n/a
ISIC_0032151,nv,df,0.03253907,0.014727453,auto_accept,n/a
ISIC_0027194,bkl,bkl,0.35976982,0.15933251,auto_accept,n/a
ISIC_0025987,mel,mel,0.23797524,0.88146824,auto_accept,n/a
ISIC_0033875,nv,nv,0.26462865,0.024670657,auto_accept,n/a
ISIC_0028015,nv,nv,0.95709443,0.4450556,escalate,n/a
ISIC_0029466,bcc,vasc,0.55467397,0.62646836,auto_accept,n/a
ISIC_0028124,bkl,bkl,0.22573853,0.028492024,auto_accept,n/a
ISIC_0025712,akiec,akiec,0.7241543,0.98250085,auto_accept,n/a
ISIC_0024844,nv,nv,0.24789733,0.0003616121,auto_accept,n/a
ISIC_0026026,nv,nv,0.042994857,0.0016720974,auto_accept,n/a
ISIC_0027371,bcc,bcc,0.010021448,0.99960726,auto_accept,n/a
ISIC_0029465,nv,mel,0.702489,0.61433077,auto_accept,n/a
ISIC_0031502,nv,nv,0.35073853,0.012189465,auto_accept,n/a
ISIC_0031387,nv,nv,0.14932036,0.036322575,auto_accept,n/a
ISIC_0033178,mel,vasc,0.687191,0.19708551,auto_accept,n/a
ISIC_0031202,nv,nv,0.4160735,0.21586,auto_accept,n/a
ISIC_0025892,nv,mel,0.5849086,0.78382653,auto_accept,n/a
ISIC_0029842,nv,nv,0.036275327,0.00071303826,auto_accept,n/a
ISIC_0024815,nv,nv,0.01582259,0.00013808454,auto_accept,n/a
ISIC_0028723,nv,nv,0.015748322,0.001099554,auto_accept,n/a
ISIC_0030751,nv,nv,0.052856326,0.0005480243,auto_accept,n/a
ISIC_0026188,mel,mel,0.12699652,0.981249,auto_accept,n/a
ISIC_0026145,nv,nv,0.070319116,0.0023193352,auto_accept,n/a
ISIC_0029893,mel,akiec,0.09508383,0.9794164,auto_accept,n/a
ISIC_0032836,mel,mel,0.096345365,0.9437212,auto_accept,n/a
ISIC_0028397,nv,nv,0.27826107,0.00039221975,auto_accept,n/a
ISIC_0025192,nv,nv,0.061940968,5.021196e-05,auto_accept,n/a
ISIC_0024789,nv,bkl,0.77850056,0.16325538,auto_accept,n/a
ISIC_0026307,nv,nv,0.012121499,0.00040518158,auto_accept,n/a
ISIC_0027465,nv,nv,0.28766418,0.0044494276,auto_accept,n/a
ISIC_0024393,nv,nv,0.005233705,0.0004774862,auto_accept,n/a
ISIC_0031643,bcc,bcc,0.63537925,0.97768414,auto_accept,n/a
ISIC_0026375,nv,nv,0.019226074,0.0005825995,auto_accept,n/a
ISIC_0034251,nv,nv,0.45838165,0.00011179638,auto_accept,n/a
ISIC_0033389,nv,nv,0.9525879,0.008781744,escalate,n/a
ISIC_0034249,nv,nv,0.6436668,0.025218552,auto_accept,n/a
ISIC_0025583,bkl,bkl,0.8731807,0.59307885,escalate,n/a
ISIC_0033340,nv,nv,0.35749966,0.007979464,auto_accept,n/a
ISIC_0031662,nv,nv,0.7414688,0.20813145,auto_accept,n/a
ISIC_0030143,akiec,bkl,0.18574089,0.13480875,auto_accept,n/a
ISIC_0028918,nv,mel,0.36981666,0.8898805,auto_accept,n/a
ISIC_0032663,nv,mel,0.42491615,0.8026607,auto_accept,n/a
ISIC_0032730,mel,bkl,0.4644187,0.059784073,auto_accept,n/a
ISIC_0028906,nv,nv,0.016992748,0.0026672867,auto_accept,n/a
ISIC_0028210,nv,mel,0.23897505,0.86192787,auto_accept,n/a
ISIC_0024736,nv,nv,0.019837618,0.00031042015,auto_accept,n/a
ISIC_0029257,nv,nv,0.4509951,0.17908983,auto_accept,n/a
ISIC_0028912,nv,nv,0.01462549,6.639442e-05,auto_accept,n/a
ISIC_0028568,bcc,bcc,0.2113657,0.98512506,auto_accept,n/a
ISIC_0034018,nv,nv,0.12572384,0.039905187,auto_accept,n/a
ISIC_0033321,bkl,bkl,0.64213943,0.3564595,auto_accept,n/a
ISIC_0026483,nv,nv,0.069444954,0.0051267147,auto_accept,n/a
ISIC_0033553,bkl,bkl,0.56066686,0.0030753454,auto_accept,n/a
ISIC_0025837,bkl,bkl,0.373631,0.004672843,auto_accept,n/a
ISIC_0031116,nv,nv,0.027498305,0.0021560201,auto_accept,n/a
ISIC_0034303,bkl,bkl,0.34546024,0.12928757,auto_accept,n/a
ISIC_0025830,bkl,bkl,0.6196452,0.27983412,auto_accept,n/a
ISIC_0032124,bkl,nv,0.4992774,0.00041378738,auto_accept,n/a
ISIC_0026916,mel,mel,0.066356,0.97004616,auto_accept,n/a
ISIC_0034274,nv,nv,0.30949384,0.026383916,auto_accept,n/a
ISIC_0024859,nv,nv,0.45483446,0.0019715268,auto_accept,n/a
ISIC_0032231,nv,nv,0.02769798,0.00076577667,auto_accept,n/a
ISIC_0031775,nv,nv,0.052280247,0.0027075643,auto_accept,n/a
ISIC_0026921,nv,mel,0.60320103,0.6467266,auto_accept,n/a
ISIC_0033059,nv,nv,0.06468439,0.018724732,auto_accept,n/a
ISIC_0030904,nv,nv,0.01207149,0.00036168986,auto_accept,n/a
ISIC_0025463,nv,nv,0.08199042,0.02475069,auto_accept,n/a
ISIC_0031347,nv,nv,0.013658226,0.0010143394,auto_accept,n/a
ISIC_0029390,nv,mel,0.84500575,0.81117195,escalate,n/a
ISIC_0032856,mel,mel,0.17882442,0.9083163,auto_accept,n/a
ISIC_0027029,nv,nv,0.08027011,0.031430952,auto_accept,n/a
ISIC_0028889,nv,nv,0.06602466,0.002384878,auto_accept,n/a
ISIC_0033528,bkl,bkl,0.6410595,0.03409639,auto_accept,n/a
ISIC_0027242,nv,mel,0.6000758,0.6218241,auto_accept,n/a
ISIC_0027527,bkl,bkl,0.11831337,0.1031593,auto_accept,n/a
ISIC_0024684,nv,bkl,0.16198552,0.019045964,auto_accept,n/a
ISIC_0029773,nv,nv,0.045024037,0.0074091027,auto_accept,n/a
ISIC_0030481,nv,nv,0.45299762,4.1440603e-06,auto_accept,n/a
ISIC_0028966,nv,nv,0.08016342,0.024930619,auto_accept,n/a
ISIC_0033264,bkl,bkl,0.878922,0.4719661,escalate,n/a
ISIC_0024657,nv,nv,0.2904054,0.13625869,auto_accept,n/a
ISIC_0024504,bcc,bcc,0.004230678,0.9989882,auto_accept,n/a
ISIC_0029184,nv,nv,0.06473911,0.0011010279,auto_accept,n/a
ISIC_0027880,nv,nv,0.034731925,0.00020712335,auto_accept,n/a
ISIC_0028639,nv,nv,0.2928338,0.001425338,auto_accept,n/a
ISIC_0030155,nv,nv,0.7679802,0.0036216616,auto_accept,n/a
ISIC_0034142,bkl,akiec,0.08758193,0.8057704,auto_accept,n/a
ISIC_0034291,bkl,bkl,0.21114993,0.007854227,auto_accept,n/a
ISIC_0025519,bkl,bkl,0.69038844,0.08154074,auto_accept,n/a
ISIC_0032594,nv,nv,0.46381992,0.10100576,auto_accept,n/a
ISIC_0027862,nv,nv,0.031254888,7.5482574e-05,auto_accept,n/a
ISIC_0029408,nv,nv,0.032684207,0.00013117644,auto_accept,n/a
ISIC_0025108,nv,nv,0.2664228,0.15889446,auto_accept,n/a
ISIC_0024600,nv,nv,0.9881395,0.012304627,escalate,n/a
ISIC_0033010,nv,nv,0.45066112,0.19719,auto_accept,n/a
ISIC_0030109,nv,nv,0.6304469,0.0071714344,auto_accept,n/a
ISIC_0027948,nv,nv,0.4390741,0.15550639,auto_accept,n/a
ISIC_0026131,mel,mel,0.18447942,0.8881688,auto_accept,n/a
ISIC_0026272,nv,nv,0.026495576,0.0029976063,auto_accept,n/a
ISIC_0029506,nv,nv,0.053370297,0.0012438673,auto_accept,n/a
ISIC_0026002,nv,nv,0.015701592,0.0011815008,auto_accept,n/a
ISIC_0032595,nv,nv,0.31464154,0.07653297,auto_accept,n/a
ISIC_0027399,nv,nv,0.15668142,0.020229636,auto_accept,n/a
ISIC_0028267,nv,nv,0.043179095,0.002736765,auto_accept,n/a
ISIC_0031473,nv,akiec,0.012382567,0.9920546,auto_accept,n/a
ISIC_0026624,nv,nv,0.1716935,0.06084649,auto_accept,n/a
ISIC_0032497,bcc,bcc,0.48530453,0.90267605,auto_accept,n/a
ISIC_0032155,nv,nv,0.021300316,8.7322114e-05,auto_accept,n/a
ISIC_0028062,nv,nv,0.11747974,0.011139124,auto_accept,n/a
ISIC_0031706,vasc,vasc,0.010810375,0.0012148388,auto_accept,n/a
ISIC_0032659,nv,nv,0.636144,0.08376354,auto_accept,n/a
ISIC_0024801,nv,nv,0.041890204,8.114317e-05,auto_accept,n/a
ISIC_0026133,nv,nv,0.87450767,0.24234736,escalate,n/a
ISIC_0029931,bkl,bkl,0.4172547,0.08560707,auto_accept,n/a
ISIC_0027351,nv,mel,0.7361412,0.76298696,auto_accept,n/a
ISIC_0025997,nv,nv,0.031042635,0.0003263729,auto_accept,n/a
ISIC_0032680,nv,nv,0.24770713,0.0022666415,auto_accept,n/a
ISIC_0031019,nv,bkl,0.84870195,0.7095676,escalate,n/a
ISIC_0029908,nv,nv,0.4529341,0.0032738086,auto_accept,n/a
ISIC_0033775,nv,mel,0.84168637,0.45347923,escalate,n/a
ISIC_0026629,df,df,0.46212572,0.0040134885,auto_accept,n/a
ISIC_0026519,nv,nv,0.98266846,0.36419165,escalate,n/a
ISIC_0029662,nv,nv,0.38219172,0.14507438,auto_accept,n/a
ISIC_0025670,nv,nv,0.31671906,0.008249434,auto_accept,n/a
ISIC_0034220,nv,mel,0.47972143,0.6553472,auto_accept,n/a
ISIC_0030009,nv,nv,0.27045053,0.0004278512,auto_accept,n/a
ISIC_0026010,nv,nv,0.16590965,0.015444871,auto_accept,n/a
ISIC_0027824,nv,nv,0.042000175,0.00022948984,auto_accept,n/a
ISIC_0032908,nv,nv,0.72521114,0.02152403,auto_accept,n/a
ISIC_0027288,nv,nv,0.010116756,0.0001856607,auto_accept,n/a
ISIC_0029393,nv,nv,0.6322149,0.24978688,auto_accept,n/a
ISIC_0027112,nv,nv,0.100975215,0.013918024,auto_accept,n/a
ISIC_0026868,mel,akiec,0.7677656,0.9729057,auto_accept,n/a
ISIC_0026400,nv,mel,0.8012622,0.5851393,auto_accept,n/a
ISIC_0025846,nv,nv,0.79899627,0.30999276,auto_accept,n/a
ISIC_0028834,nv,mel,0.9879612,0.26749507,escalate,n/a
ISIC_0030482,nv,nv,0.14821428,0.00393289,auto_accept,n/a
ISIC_0030564,mel,mel,0.6479703,0.79379845,auto_accept,n/a
ISIC_0026184,nv,df,0.6283432,2.7323185e-05,auto_accept,n/a
ISIC_0029726,mel,akiec,0.007836342,0.9946301,auto_accept,n/a
ISIC_0031456,nv,nv,0.01530987,7.3345574e-05,auto_accept,n/a
ISIC_0029038,nv,mel,0.55918884,0.7543581,auto_accept,n/a
ISIC_0030822,bkl,bkl,0.98374224,0.6056645,escalate,n/a
ISIC_0026326,nv,bcc,0.709088,0.6549066,auto_accept,n/a
ISIC_0026987,nv,nv,0.09806186,0.008094822,auto_accept,n/a
ISIC_0026697,mel,akiec,0.0027094483,0.9993857,auto_accept,n/a
ISIC_0032113,bkl,df,0.66068494,0.013003649,auto_accept,n/a
ISIC_0029293,nv,nv,0.3698641,0.12042532,auto_accept,n/a
ISIC_0029629,nv,nv,0.13611507,0.00049725,auto_accept,n/a
ISIC_0024377,nv,nv,0.61700934,0.22038281,auto_accept,n/a
ISIC_0027076,mel,mel,0.376045,0.7547354,auto_accept,n/a
ISIC_0030571,nv,nv,0.072104335,0.0011943432,auto_accept,n/a
ISIC_0029807,nv,nv,0.118245065,0.037234735,auto_accept,n/a
ISIC_0030892,nv,nv,0.32274872,0.14591742,auto_accept,n/a
ISIC_0025798,nv,nv,0.38681364,0.16565798,auto_accept,n/a
ISIC_0025809,nv,mel,0.73202306,0.6622697,auto_accept,n/a
ISIC_0030035,nv,vasc,0.49810588,0.00069982425,auto_accept,n/a
ISIC_0032906,bcc,bcc,0.0028031468,0.99951804,auto_accept,n/a
ISIC_0027022,nv,nv,0.043810487,0.0001489387,auto_accept,n/a
ISIC_0029336,nv,nv,0.14247352,0.004885566,auto_accept,n/a
ISIC_0026276,bkl,bkl,0.54144174,0.1853453,auto_accept,n/a
ISIC_0030721,bkl,bkl,0.986204,0.20425361,escalate,n/a
ISIC_0031806,nv,bcc,0.09098524,0.9177061,auto_accept,n/a
ISIC_0029256,nv,nv,0.1305992,0.0048730886,auto_accept,n/a
ISIC_0027745,df,df,0.00026625395,9.502721e-06,auto_accept,n/a
ISIC_0028018,nv,nv,0.03618741,0.0008352264,auto_accept,n/a
ISIC_0024479,nv,nv,0.0555079,0.0036841317,auto_accept,n/a
ISIC_0028832,nv,nv,0.04646486,0.003646257,auto_accept,n/a
ISIC_0027740,nv,nv,0.04066497,0.012163031,auto_accept,n/a
ISIC_0027928,nv,nv,0.9860221,0.17168425,escalate,n/a
ISIC_0034255,bcc,bcc,0.17618024,0.980078,auto_accept,n/a
ISIC_0033308,nv,nv,0.24032813,0.011333176,auto_accept,n/a
ISIC_0028281,nv,nv,0.89646274,0.008682468,escalate,n/a
ISIC_0024922,nv,nv,0.3908968,0.14288342,auto_accept,n/a
ISIC_0029358,bkl,mel,0.7774363,0.5271253,auto_accept,n/a
ISIC_0033677,bkl,bkl,0.3295759,0.0059481305,auto_accept,n/a
ISIC_0027423,nv,bcc,0.23482561,0.93423957,auto_accept,n/a
ISIC_0025271,nv,nv,0.39318466,0.04711481,auto_accept,n/a
ISIC_0029689,nv,nv,0.15675795,0.000120449855,auto_accept,n/a
ISIC_0032525,nv,nv,0.67039907,0.30647823,auto_accept,n/a
ISIC_0032586,mel,mel,0.16067684,0.97185296,auto_accept,n/a
ISIC_0031049,nv,nv,0.4464414,0.110146195,auto_accept,n/a
ISIC_0024578,nv,nv,0.489573,0.004467082,auto_accept,n/a
ISIC_0031474,nv,df,0.03575796,0.003061399,auto_accept,n/a
ISIC_0024521,nv,nv,0.19267762,0.011172166,auto_accept,n/a
ISIC_0028328,nv,nv,0.023379385,7.255704e-05,auto_accept,n/a
ISIC_0026923,bkl,akiec,0.964126,0.35515824,escalate,n/a
ISIC_0026681,nv,nv,0.027285635,0.0005124542,auto_accept,n/a
ISIC_0025850,nv,nv,0.80112016,0.54660267,auto_accept,n/a
ISIC_0026928,nv,nv,0.08697897,0.001438223,auto_accept,n/a
ISIC_0031383,nv,nv,0.29657912,0.0006567627,auto_accept,n/a
ISIC_0027378,nv,nv,0.2586956,0.0040515834,auto_accept,n/a
ISIC_0033467,nv,nv,0.23330528,0.04607538,auto_accept,n/a
ISIC_0027525,bcc,bcc,0.7136857,0.8999346,auto_accept,n/a
ISIC_0033374,nv,nv,0.10756403,0.053241193,auto_accept,n/a
ISIC_0024538,nv,nv,0.31632406,0.02656503,auto_accept,n/a
ISIC_0032477,nv,nv,0.9474529,9.532969e-05,escalate,n/a
ISIC_0027577,akiec,akiec,0.9234057,0.59150875,escalate,n/a
ISIC_0029048,bkl,bkl,0.96804607,0.00063230644,escalate,n/a
ISIC_0029338,nv,nv,0.018801272,0.00032941296,auto_accept,n/a
ISIC_0031784,mel,mel,0.5259961,0.76452714,auto_accept,n/a
ISIC_0034201,bkl,mel,0.7747232,0.55443835,auto_accept,n/a
ISIC_0024895,nv,nv,0.0059279203,0.00014739155,auto_accept,n/a
ISIC_0024941,nv,nv,0.23879558,0.02809644,auto_accept,n/a
ISIC_0024810,nv,nv,0.032252967,0.0017280788,auto_accept,n/a
ISIC_0027863,mel,mel,0.36608177,0.94369906,auto_accept,n/a
ISIC_0028424,nv,nv,0.14344388,0.03000146,auto_accept,n/a
ISIC_0034011,bkl,mel,0.40602702,0.9004715,auto_accept,n/a
ISIC_0030469,nv,nv,0.8089483,4.802916e-06,auto_accept,n/a
ISIC_0032093,nv,nv,0.005533099,0.00044454366,auto_accept,n/a
ISIC_0026848,akiec,akiec,0.21495998,0.96768874,auto_accept,n/a
ISIC_0031650,bkl,nv,0.7130269,0.07976094,auto_accept,n/a
ISIC_0025451,mel,mel,0.9352172,0.52378035,escalate,n/a
ISIC_0025872,nv,nv,0.008797526,1.7822729e-06,auto_accept,n/a
ISIC_0031044,akiec,akiec,0.004982829,0.99772483,auto_accept,n/a
ISIC_0032590,nv,nv,0.37601018,0.3556783,auto_accept,n/a
ISIC_0029676,bkl,nv,0.902498,0.07147788,escalate,n/a
ISIC_0026919,nv,nv,0.008239448,9.778597e-05,auto_accept,n/a
ISIC_0029174,nv,vasc,0.00732255,0.005224972,auto_accept,n/a
ISIC_0030477,nv,nv,0.008784294,0.00046936315,auto_accept,n/a
ISIC_0031659,akiec,bcc,0.26890975,0.96125996,auto_accept,n/a
ISIC_0025181,nv,nv,0.49952066,0.200481,auto_accept,n/a
ISIC_0028166,nv,nv,0.9775247,0.0037722222,escalate,n/a
ISIC_0025239,nv,mel,0.6078006,0.69313955,auto_accept,n/a
ISIC_0026103,nv,mel,0.3053969,0.81100607,auto_accept,n/a
ISIC_0028651,df,df,0.11631465,1.6290565e-05,auto_accept,n/a
ISIC_0030306,nv,nv,0.072879314,3.7586194e-06,auto_accept,n/a
ISIC_0033472,nv,mel,0.9039151,0.346746,escalate,n/a
ISIC_0034162,mel,mel,0.5005578,0.72008,auto_accept,n/a
ISIC_0033035,nv,nv,0.8832898,0.29346892,escalate,n/a
ISIC_0027819,bcc,nv,0.40048933,0.022332042,auto_accept,n/a
ISIC_0025359,nv,nv,0.029137313,0.00071300066,auto_accept,n/a
ISIC_0030983,nv,nv,0.014636219,0.00023885236,auto_accept,n/a
ISIC_0032672,mel,mel,0.26123697,0.8339293,auto_accept,n/a
ISIC_0034034,mel,mel,0.29651946,0.82047415,auto_accept,n/a
ISIC_0033066,nv,nv,0.83758485,0.1016522,escalate,n/a
ISIC_0027568,nv,akiec,0.088124394,0.99196905,auto_accept,n/a
ISIC_0032615,nv,nv,0.54443556,0.14628458,auto_accept,n/a
ISIC_0033574,nv,nv,0.08508927,0.0046612737,auto_accept,n/a
ISIC_0027988,nv,nv,0.076982796,0.018804865,auto_accept,n/a
ISIC_0028297,nv,nv,0.61491156,0.35678276,auto_accept,n/a
ISIC_0027142,bkl,df,0.21432632,0.0041265623,auto_accept,n/a
ISIC_0032542,nv,mel,0.5915346,0.615936,auto_accept,n/a
ISIC_0030541,nv,nv,0.021467447,0.00022926829,auto_accept,n/a
ISIC_0027225,nv,nv,0.057046235,0.00095048046,auto_accept,n/a
ISIC_0030524,nv,nv,0.52844995,0.013887364,auto_accept,n/a
ISIC_0026304,nv,nv,0.4070778,0.011083788,auto_accept,n/a
ISIC_0025213,nv,nv,0.0020947456,8.2237886e-05,auto_accept,n/a
ISIC_0032226,nv,nv,0.4067855,0.1427741,auto_accept,n/a
ISIC_0028323,bcc,akiec,0.8253732,0.99845326,auto_accept,n/a
ISIC_0030014,mel,mel,0.034517586,0.98592573,auto_accept,n/a
ISIC_0026474,nv,nv,0.022433817,0.0008431712,auto_accept,n/a
ISIC_0027557,nv,nv,0.055042505,0.0023784675,auto_accept,n/a
ISIC_0027220,nv,nv,0.029687345,0.0036003704,auto_accept,n/a
ISIC_0029162,nv,nv,0.44915032,0.06563532,auto_accept,n/a
ISIC_0024631,nv,nv,0.00938046,6.8285786e-05,auto_accept,n/a
ISIC_0033592,bkl,bkl,0.041467845,0.015887966,auto_accept,n/a
ISIC_0025801,nv,nv,0.10673934,0.0051657315,auto_accept,n/a
ISIC_0026655,nv,nv,0.7912085,0.16990393,auto_accept,n/a
ISIC_0030905,nv,nv,0.073263645,0.02140219,auto_accept,n/a
ISIC_0028418,mel,mel,0.42286485,0.8328859,auto_accept,n/a
ISIC_0031462,nv,akiec,0.7430098,0.9171042,auto_accept,n/a
ISIC_0030322,nv,nv,0.39961326,0.004916479,auto_accept,n/a
ISIC_0024477,bkl,bcc,0.79988575,0.6059652,auto_accept,n/a
ISIC_0031628,nv,nv,0.6621992,0.013273675,auto_accept,n/a
ISIC_0033319,nv,nv,0.11175048,0.008612885,auto_accept,n/a
ISIC_0026597,nv,nv,0.14173412,0.00091088586,auto_accept,n/a
ISIC_0026654,nv,bkl,0.9784734,0.3811632,escalate,n/a
ISIC_0031914,nv,nv,0.053384423,0.0024921147,auto_accept,n/a
ISIC_0029306,nv,nv,0.16906524,0.04054582,auto_accept,n/a
ISIC_0028384,nv,bkl,0.51876897,0.0017001422,auto_accept,n/a
ISIC_0029422,nv,nv,0.5204177,0.30710515,auto_accept,n/a
ISIC_0027773,nv,nv,0.0013916492,2.8908123e-06,auto_accept,n/a
ISIC_0030385,nv,nv,0.19763231,0.0002563347,auto_accept,n/a
ISIC_0032788,nv,mel,0.3508401,0.9164372,auto_accept,n/a
ISIC_0026662,nv,nv,0.05834371,5.4238084e-05,auto_accept,n/a
ISIC_0027781,bkl,bkl,0.8468745,0.42539886,escalate,n/a
ISIC_0024823,mel,bkl,0.9802723,0.62629914,escalate,n/a
ISIC_0034043,nv,nv,0.16441262,0.01927634,auto_accept,n/a
ISIC_0033737,nv,mel,0.21750653,0.8289951,auto_accept,n/a
ISIC_0026628,nv,nv,0.0448215,0.00058242766,auto_accept,n/a
ISIC_0028107,bcc,bcc,0.23928207,0.99446255,auto_accept,n/a
ISIC_0028887,nv,mel,0.43691468,0.77665293,auto_accept,n/a
ISIC_0033435,nv,nv,0.15510619,0.008207294,auto_accept,n/a
ISIC_0026855,bcc,nv,0.87793773,0.4231091,escalate,n/a
ISIC_0026357,nv,nv,0.13395119,9.756206e-05,auto_accept,n/a
ISIC_0033647,nv,nv,0.14165252,0.06258893,auto_accept,n/a
ISIC_0026863,nv,nv,0.013885558,0.0061663175,auto_accept,n/a
ISIC_0025507,bkl,mel,0.3921839,0.90562385,auto_accept,n/a
ISIC_0025311,nv,nv,0.04490322,5.4428343e-05,auto_accept,n/a
ISIC_0032269,mel,akiec,0.6636216,0.63238627,auto_accept,n/a
ISIC_0025815,nv,nv,0.12104708,5.84128e-05,auto_accept,n/a
ISIC_0024903,nv,nv,0.030645907,0.00025961729,auto_accept,n/a
ISIC_0028032,nv,mel,0.77945745,0.58464855,auto_accept,n/a
ISIC_0024675,mel,nv,0.3437183,0.09420101,auto_accept,n/a
ISIC_0030717,nv,nv,0.19644535,0.074696355,auto_accept,n/a
ISIC_0033391,bkl,bcc,0.19368023,0.9592019,auto_accept,n/a
ISIC_0026787,bkl,bkl,0.9467532,0.34219027,escalate,n/a
ISIC_0032028,nv,mel,0.9792978,0.60071796,escalate,n/a
ISIC_0033645,nv,nv,0.2398637,0.0608719,auto_accept,n/a
ISIC_0025930,nv,nv,0.07347983,0.0009183546,auto_accept,n/a
ISIC_0029550,nv,nv,0.018575013,0.0006095919,auto_accept,n/a
ISIC_0024605,nv,nv,0.037266374,0.0002702039,auto_accept,n/a
ISIC_0033100,nv,mel,0.7552896,0.9195577,auto_accept,n/a
ISIC_0032307,bcc,bkl,0.77382964,0.1547087,auto_accept,n/a
ISIC_0033636,mel,mel,0.76902115,0.63471407,auto_accept,n/a
ISIC_0031388,nv,nv,0.10440707,0.062331263,auto_accept,n/a
ISIC_0030613,nv,nv,0.05237913,0.00063815725,auto_accept,n/a
ISIC_0027683,nv,nv,0.4457968,0.061229948,auto_accept,n/a
ISIC_0033233,nv,nv,0.27734196,0.11638642,auto_accept,n/a
ISIC_0030140,nv,nv,0.6203445,0.36020076,auto_accept,n/a
ISIC_0032471,nv,bkl,0.9870838,0.34652185,escalate,n/a
ISIC_0028095,bcc,bcc,0.16351569,0.5072608,auto_accept,n/a
ISIC_0029663,nv,nv,0.10138422,0.0011638409,auto_accept,n/a
ISIC_0027838,mel,nv,0.7095286,0.3286261,auto_accept,n/a
ISIC_0027612,bkl,df,0.09253478,0.00012375563,auto_accept,n/a
ISIC_0033631,bkl,bkl,0.12896699,0.002157036,auto_accept,n/a
ISIC_0026485,nv,nv,0.102078676,0.000570643,auto_accept,n/a
ISIC_0031922,akiec,akiec,0.5084059,0.83496034,auto_accept,n/a
ISIC_0030345,nv,nv,0.22169375,0.0071167704,auto_accept,n/a
ISIC_0028764,mel,mel,0.98235273,0.7376205,escalate,n/a
ISIC_0032297,nv,nv,0.11420089,0.010453227,auto_accept,n/a
ISIC_0026209,nv,mel,0.23553318,0.9441732,auto_accept,n/a
ISIC_0031840,nv,nv,0.08588129,0.0006715296,auto_accept,n/a
ISIC_0025484,bkl,df,0.46142936,0.025396397,auto_accept,n/a
ISIC_0026524,bkl,bkl,0.9190991,0.06354094,escalate,n/a
ISIC_0024848,bcc,bcc,0.042618394,0.99724424,auto_accept,n/a
ISIC_0030433,nv,nv,0.011978745,0.0012066845,auto_accept,n/a
ISIC_0032719,bkl,bkl,0.30848348,0.012045764,auto_accept,n/a
ISIC_0029129,bcc,bcc,0.35154516,0.96585333,auto_accept,n/a
ISIC_0024689,nv,nv,0.012810528,0.00021890707,auto_accept,n/a
ISIC_0026208,nv,nv,0.004730284,5.5645407e-05,auto_accept,n/a
ISIC_0029619,nv,nv,0.052556515,0.00081189116,auto_accept,n/a
ISIC_0028833,nv,nv,0.03729254,0.00031477,auto_accept,n/a
ISIC_0032956,nv,nv,0.070629716,0.025691444,auto_accept,n/a
ISIC_0034277,nv,nv,0.98277587,0.16140209,escalate,n/a
ISIC_0025309,nv,nv,0.30724704,0.0020588867,auto_accept,n/a
ISIC_0032776,bkl,bkl,0.49784344,0.017438384,auto_accept,n/a
ISIC_0032030,bcc,bcc,0.21887171,0.9978542,auto_accept,n/a
ISIC_0031856,nv,nv,0.028392494,0.00033550637,auto_accept,n/a
ISIC_0032807,mel,mel,0.7123298,0.9893393,auto_accept,n/a
ISIC_0033312,mel,mel,0.076924145,0.9694865,auto_accept,n/a
ISIC_0030048,nv,nv,0.010233223,0.00063124887,auto_accept,n/a
ISIC_0028968,mel,bkl,0.8824564,0.6306236,escalate,n/a
ISIC_0030239,nv,nv,0.014708996,4.664797e-05,auto_accept,n/a
ISIC_0031261,bkl,bkl,0.1485902,0.013725729,auto_accept,n/a
ISIC_0033718,nv,nv,0.22150326,0.014855483,auto_accept,n/a
ISIC_0025464,nv,nv,0.19053555,0.0049453643,auto_accept,n/a
ISIC_0029102,bkl,akiec,0.3956455,0.9212447,auto_accept,n/a
ISIC_0032760,nv,nv,0.2835939,0.051215988,auto_accept,n/a
ISIC_0024584,nv,nv,0.11864871,0.004169165,auto_accept,n/a
ISIC_0032880,nv,nv,0.3437457,0.079176225,auto_accept,n/a
ISIC_0027353,nv,nv,0.07426453,0.0003566645,auto_accept,n/a
ISIC_0030712,bcc,bcc,0.0010259151,0.9988825,auto_accept,n/a
ISIC_0024721,nv,df,0.30637515,0.0013386263,auto_accept,n/a
ISIC_0030344,akiec,akiec,0.92509735,0.9196229,escalate,n/a
ISIC_0030902,nv,vasc,0.08065826,0.0026490414,auto_accept,n/a
ISIC_0031099,nv,nv,0.017957807,0.00040410072,auto_accept,n/a
ISIC_0031951,bkl,bkl,0.080372095,0.026009455,auto_accept,n/a
ISIC_0025757,nv,nv,0.005990088,0.0009148011,auto_accept,n/a
ISIC_0026363,nv,nv,0.01722169,0.00036622575,auto_accept,n/a
ISIC_0030749,nv,nv,0.0024123788,0.00019846862,auto_accept,n/a
ISIC_0033451,nv,nv,0.24633884,0.048970316,auto_accept,n/a
ISIC_0033258,mel,mel,0.6360078,0.67777467,auto_accept,n/a
ISIC_0025246,nv,nv,0.94341266,0.0023796558,escalate,n/a
ISIC_0033464,nv,nv,0.24021173,0.045932848,auto_accept,n/a
ISIC_0026821,nv,nv,0.018250883,0.00024824784,auto_accept,n/a
ISIC_0031153,nv,nv,0.008051693,0.00017842316,auto_accept,n/a
ISIC_0034094,mel,mel,0.03191787,0.9852445,auto_accept,n/a
ISIC_0030418,nv,nv,0.013673604,0.0010439432,auto_accept,n/a
ISIC_0028447,nv,mel,0.6086088,0.629235,auto_accept,n/a
ISIC_0030754,mel,nv,0.3321936,0.049946122,auto_accept,n/a
ISIC_0032977,nv,nv,0.60086536,0.22459128,auto_accept,n/a
ISIC_0031915,mel,bkl,0.5436985,0.16148677,auto_accept,n/a
ISIC_0033394,mel,mel,0.018574238,0.9873921,auto_accept,n/a
ISIC_0031484,nv,nv,0.08678365,5.7924106e-05,auto_accept,n/a
ISIC_0031710,nv,mel,0.1837951,0.8992719,auto_accept,n/a
ISIC_0029417,akiec,bkl,0.9683192,0.028140012,escalate,n/a
ISIC_0027487,mel,bcc,0.24854422,0.98039895,auto_accept,n/a
ISIC_0029188,nv,nv,0.1260513,0.04118274,auto_accept,n/a
ISIC_0025599,vasc,vasc,0.0025129318,0.0017738128,auto_accept,n/a
ISIC_0032467,nv,nv,0.015416324,4.6987414e-05,auto_accept,n/a
ISIC_0026799,nv,nv,0.7480225,0.3980573,auto_accept,n/a
ISIC_0034185,nv,mel,0.9439002,0.56362224,escalate,n/a
ISIC_0029916,nv,nv,0.012919724,0.0016740495,auto_accept,n/a
ISIC_0025382,nv,nv,0.100548804,0.0120091615,auto_accept,n/a
ISIC_0033916,nv,nv,0.084670246,0.009294966,auto_accept,n/a
ISIC_0031944,nv,nv,0.20840216,0.003823074,auto_accept,n/a
ISIC_0031817,nv,nv,0.68465734,0.0143665485,auto_accept,n/a
ISIC_0033587,bkl,mel,0.7249441,0.4530526,auto_accept,n/a
ISIC_0030731,bkl,bcc,0.914429,0.5912805,escalate,n/a
ISIC_0034309,nv,nv,0.24220395,0.040276207,auto_accept,n/a
ISIC_0031468,bkl,mel,0.95070076,0.5611207,escalate,n/a
ISIC_0030435,nv,nv,0.05475408,9.47176e-05,auto_accept,n/a
ISIC_0029260,bkl,bkl,0.27106053,0.26461944,auto_accept,n/a
ISIC_0029280,nv,df,0.6658769,0.21280366,auto_accept,n/a
ISIC_0027256,vasc,vasc,0.0004861951,0.00010183463,auto_accept,n/a
ISIC_0032338,nv,nv,0.34987396,0.21644107,auto_accept,n/a
ISIC_0024473,nv,nv,0.2830317,0.015264992,auto_accept,n/a
ISIC_0028575,nv,nv,0.0067397356,9.7228076e-05,auto_accept,n/a
ISIC_0027706,bkl,bkl,0.53162223,0.43552166,auto_accept,n/a
ISIC_0033285,nv,nv,0.37146896,0.24476115,auto_accept,n/a
ISIC_0026030,nv,nv,0.016051829,0.0010422609,auto_accept,n/a
ISIC_0032540,nv,nv,0.96279746,0.32748795,escalate,n/a
ISIC_0028552,nv,nv,0.6331978,0.011020331,auto_accept,n/a
ISIC_0030456,nv,nv,0.10262114,0.024358645,auto_accept,n/a
ISIC_0031808,bkl,bkl,0.80411696,0.5917594,auto_accept,n/a
ISIC_0025174,nv,nv,0.08515853,0.0011410139,auto_accept,n/a
ISIC_0026157,nv,nv,0.6568092,0.08721772,auto_accept,n/a
ISIC_0033503,nv,nv,0.14345807,0.033938814,auto_accept,n/a
ISIC_0026918,nv,nv,0.1780467,0.0037610806,auto_accept,n/a
ISIC_0024766,nv,nv,0.026420653,0.00025531222,auto_accept,n/a
ISIC_0027262,nv,nv,0.12587887,0.001184364,auto_accept,n/a
ISIC_0028731,nv,nv,0.036374867,0.0024043156,auto_accept,n/a
ISIC_0027000,nv,nv,0.03843862,0.00016942061,auto_accept,n/a
ISIC_0031189,mel,mel,0.9278063,0.6497088,escalate,n/a
ISIC_0031557,mel,mel,0.43884605,0.7450554,auto_accept,n/a
ISIC_0026120,mel,mel,0.041315675,0.9861755,auto_accept,n/a
ISIC_0033276,nv,nv,0.072609425,0.0017183266,auto_accept,n/a
ISIC_0031511,bkl,nv,0.7898679,0.000848432,auto_accept,n/a
ISIC_0029965,nv,nv,0.05234629,0.0014536614,auto_accept,n/a
ISIC_0024610,nv,nv,0.0757733,0.0009993222,auto_accept,n/a
ISIC_0025224,nv,nv,0.33704674,0.00092755776,auto_accept,n/a
ISIC_0030195,nv,nv,0.031191766,5.7992635e-05,auto_accept,n/a
ISIC_0025110,nv,nv,0.0796057,0.011018236,auto_accept,n/a
ISIC_0028661,nv,nv,0.019338787,0.00062957284,auto_accept,n/a
ISIC_0030596,nv,nv,0.0143761635,0.0003946964,auto_accept,n/a
ISIC_0024727,nv,nv,0.07899386,0.015522291,auto_accept,n/a
ISIC_0027995,nv,nv,0.085060835,0.01846513,auto_accept,n/a
ISIC_0031380,nv,nv,0.67151,0.01458996,auto_accept,n/a
ISIC_0034252,bkl,bkl,0.9867377,0.6574297,escalate,n/a
ISIC_0025412,nv,nv,0.1307593,0.018437603,auto_accept,n/a
ISIC_0032600,nv,nv,0.19659346,0.010668217,auto_accept,n/a
ISIC_0031025,mel,nv,0.912285,0.33888933,escalate,n/a
ISIC_0033518,mel,mel,0.14189363,0.9129028,auto_accept,n/a
ISIC_0031912,nv,nv,0.1901238,0.00087517744,auto_accept,n/a
ISIC_0030630,bkl,mel,0.81335497,0.43923098,auto_accept,n/a
ISIC_0028617,nv,nv,0.034299195,0.0005013527,auto_accept,n/a
ISIC_0026065,nv,nv,0.32365066,0.0016166653,auto_accept,n/a
ISIC_0026172,nv,nv,0.013315856,0.00047294167,auto_accept,n/a
ISIC_0027574,nv,nv,0.045428693,0.015630899,auto_accept,n/a
ISIC_0030039,nv,nv,0.96957785,0.26172543,escalate,n/a
ISIC_0033675,df,df,0.0026020408,0.008611057,auto_accept,n/a
ISIC_0024358,bkl,mel,0.9279161,0.47656146,escalate,n/a
ISIC_0029109,nv,bkl,0.28811222,0.054099627,auto_accept,n/a
ISIC_0033838,nv,nv,0.07706392,0.020804914,auto_accept,n/a
ISIC_0029558,mel,mel,0.90996087,0.39985645,escalate,n/a
ISIC_0024348,nv,nv,0.061047554,0.00014630232,auto_accept,n/a
ISIC_0030179,nv,nv,0.28330475,0.07551622,auto_accept,n/a
ISIC_0031296,nv,nv,0.15357417,0.00042302898,auto_accept,n/a
ISIC_0024758,bkl,bkl,0.16542536,0.07493689,auto_accept,n/a
ISIC_0028751,nv,mel,0.81303513,0.4543895,auto_accept,n/a
ISIC_0027875,bkl,nv,0.48665732,0.0002734989,auto_accept,n/a
ISIC_0028194,nv,mel,0.9947703,0.4149204,escalate,n/a
ISIC_0027369,nv,nv,0.013527811,0.0021887512,auto_accept,n/a
ISIC_0032699,mel,mel,0.2615193,0.86160916,auto_accept,n/a
ISIC_0026038,nv,nv,0.18368864,0.00028625032,auto_accept,n/a
ISIC_0031120,nv,nv,0.050734878,0.002392448,auto_accept,n/a
ISIC_0033802,mel,mel,0.6535455,0.5696792,auto_accept,n/a
ISIC_0031535,nv,nv,0.0770036,0.0024363874,auto_accept,n/a
ISIC_0025600,bcc,bcc,0.032681465,0.9399757,auto_accept,n/a
ISIC_0030319,bkl,bkl,0.5875534,0.31263193,auto_accept,n/a
ISIC_0028528,nv,mel,0.07683486,0.972692,auto_accept,n/a
ISIC_0031111,nv,mel,0.30061883,0.93070346,auto_accept,n/a
ISIC_0026472,nv,nv,0.0041822195,0.00015238121,auto_accept,n/a
ISIC_0025437,nv,nv,0.048241496,0.0014936286,auto_accept,n/a
ISIC_0032442,nv,nv,0.030585825,0.00023832028,auto_accept,n/a
ISIC_0031028,nv,nv,0.014671981,6.842339e-05,auto_accept,n/a
ISIC_0031591,bkl,bkl,0.018260181,0.009251831,auto_accept,n/a
ISIC_0026680,nv,nv,0.16082686,0.03813151,auto_accept,n/a
ISIC_0032366,nv,nv,0.34073108,0.00047369758,auto_accept,n/a
ISIC_0033447,nv,mel,0.455064,0.67540234,auto_accept,n/a
ISIC_0027129,nv,nv,0.7729517,0.4131198,auto_accept,n/a
ISIC_0027873,nv,nv,0.54532003,0.19385405,auto_accept,n/a
ISIC_0031617,nv,mel,0.9274138,0.33849594,escalate,n/a
ISIC_0031193,nv,nv,0.023278713,0.0001463347,auto_accept,n/a
ISIC_0029710,nv,nv,0.020179987,0.00029171418,auto_accept,n/a
ISIC_0031962,nv,nv,0.27554774,0.00035045546,auto_accept,n/a
ISIC_0027594,nv,nv,0.0021743178,1.4491172e-05,auto_accept,n/a
ISIC_0027858,bcc,bkl,0.028242826,0.10983137,auto_accept,n/a
ISIC_0032654,bkl,bkl,0.1177758,0.18019614,auto_accept,n/a
ISIC_0026207,mel,nv,0.9742945,0.38817352,escalate,n/a
ISIC_0028793,nv,nv,0.6586335,0.073324725,auto_accept,n/a
ISIC_0031469,nv,nv,0.051433384,0.00270229,auto_accept,n/a
ISIC_0024919,nv,nv,0.035188377,0.0012268487,auto_accept,n/a
ISIC_0031751,nv,nv,0.21390617,0.00132555,auto_accept,n/a
ISIC_0025030,bkl,bkl,0.5036025,0.07605108,auto_accept,n/a
ISIC_0026804,nv,nv,0.7609847,0.5394877,auto_accept,n/a
ISIC_0027215,nv,nv,0.024950624,0.00040680997,auto_accept,n/a
ISIC_0032610,mel,nv,0.98903435,0.45944366,escalate,n/a
ISIC_0032453,nv,nv,0.36292595,0.21340325,auto_accept,n/a
ISIC_0026484,nv,nv,0.15255117,0.0424929,auto_accept,n/a
ISIC_0024544,nv,nv,0.16398776,2.7576953e-05,auto_accept,n/a
ISIC_0034207,nv,nv,0.060165465,0.006941767,auto_accept,n/a
ISIC_0033162,nv,nv,0.47258568,0.13464561,auto_accept,n/a
ISIC_0032931,nv,mel,0.64801115,0.6372184,auto_accept,n/a
ISIC_0029155,nv,nv,0.55296075,0.0036551515,auto_accept,n/a
ISIC_0032716,mel,mel,0.11162925,0.9503056,auto_accept,n/a
ISIC_0030290,nv,nv,0.015764177,3.3555873e-05,auto_accept,n/a
ISIC_0031899,nv,nv,0.20832044,0.00013035211,auto_accept,n/a
ISIC_0030346,bkl,bkl,0.6237575,0.25704446,auto_accept,n/a
ISIC_0030367,nv,nv,0.5447893,0.12912,auto_accept,n/a
ISIC_0029650,nv,nv,0.11497438,0.027191827,auto_accept,n/a
ISIC_0030018,nv,df,0.053067505,2.8205603e-05,auto_accept,n/a
ISIC_0027116,nv,nv,0.011356473,0.000102700105,auto_accept,n/a
ISIC_0027547,nv,nv,0.025399983,0.00021546835,auto_accept,n/a
ISIC_0031586,mel,mel,0.73581195,0.48891276,auto_accept,n/a
ISIC_0034186,bkl,bcc,0.39048874,0.95253587,auto_accept,n/a
ISIC_0031490,nv,nv,0.5352683,0.104503416,auto_accept,n/a
ISIC_0032117,nv,nv,0.13429028,0.0030605276,auto_accept,n/a
ISIC_0029021,mel,mel,0.9625133,0.5728803,escalate,n/a
ISIC_0026364,nv,nv,0.049508452,0.006131722,auto_accept,n/a
ISIC_0027835,nv,nv,0.10512823,0.044044852,auto_accept,n/a
ISIC_0029511,nv,nv,0.20678204,0.0007819582,auto_accept,n/a
ISIC_0025269,nv,nv,0.31457555,0.040836003,auto_accept,n/a
ISIC_0026995,bcc,bcc,0.79128236,0.9413465,auto_accept,n/a
ISIC_0025021,nv,nv,0.57658446,0.00033473302,auto_accept,n/a
ISIC_0027290,nv,nv,0.09988147,0.010141645,auto_accept,n/a
ISIC_0029315,akiec,akiec,0.53854847,0.84046257,auto_accept,n/a
ISIC_0026768,nv,nv,0.013155878,0.00012530871,auto_accept,n/a
ISIC_0032235,bkl,mel,0.3027463,0.86027944,auto_accept,n/a
ISIC_0026418,nv,nv,0.37922776,0.08182221,auto_accept,n/a
ISIC_0033604,nv,nv,0.8327998,0.21384782,auto_accept,n/a
ISIC_0027592,nv,nv,0.20206988,0.0012082902,auto_accept,n/a
ISIC_0028394,nv,nv,0.03083533,0.00060397584,auto_accept,n/a
ISIC_0025007,nv,nv,0.008841455,7.794548e-05,auto_accept,n/a
ISIC_0025136,bkl,mel,0.5841365,0.8134746,auto_accept,n/a
ISIC_0027822,mel,bkl,0.46373016,0.08149807,auto_accept,n/a
ISIC_0031854,nv,nv,0.72183585,0.00167879,auto_accept,n/a
ISIC_0027170,nv,vasc,0.7265645,0.0062121665,auto_accept,n/a
ISIC_0033173,nv,nv,0.04081744,0.009998588,auto_accept,n/a
ISIC_0034073,nv,nv,0.05584842,0.018872997,auto_accept,n/a
ISIC_0032365,bkl,nv,0.9225147,0.012744229,escalate,n/a
ISIC_0032989,nv,mel,0.41719794,0.70745623,auto_accept,n/a
ISIC_0028782,nv,nv,0.0465585,0.0025728398,auto_accept,n/a
ISIC_0032315,bkl,nv,0.31748468,0.03775637,auto_accept,n/a
ISIC_0027725,nv,nv,0.14186388,0.038827118,auto_accept,n/a
ISIC_0029409,nv,mel,0.95104784,0.4058753,escalate,n/a
ISIC_0028070,nv,nv,0.011791229,0.00021681676,auto_accept,n/a
ISIC_0028985,nv,nv,0.014205217,0.0001137671,auto_accept,n/a
ISIC_0033315,nv,nv,0.12706554,0.015194371,auto_accept,n/a
ISIC_0030554,nv,nv,0.02069527,0.00020639511,auto_accept,n/a
ISIC_0028698,nv,nv,0.4439909,0.0102205,auto_accept,n/a
ISIC_0030610,nv,nv,0.259871,0.028381491,auto_accept,n/a
ISIC_0028280,nv,nv,0.31803453,0.061507463,auto_accept,n/a
ISIC_0026415,nv,nv,0.021240175,4.5547215e-05,auto_accept,n/a
ISIC_0031043,akiec,akiec,0.9536119,0.6048806,escalate,n/a
ISIC_0026447,nv,nv,0.1130985,0.058108255,auto_accept,n/a
ISIC_0026915,nv,nv,0.04032278,0.0010194315,auto_accept,n/a
ISIC_0030946,nv,nv,0.07715595,0.0017267517,auto_accept,n/a
ISIC_0026081,mel,nv,0.06937426,0.0022702806,auto_accept,n/a
ISIC_0029472,bkl,mel,0.5387236,0.63237774,auto_accept,n/a
ISIC_0032632,nv,bkl,0.99185836,0.024939027,escalate,n/a
ISIC_0030137,bkl,bkl,0.73735857,0.16180699,auto_accept,n/a
ISIC_0030058,nv,nv,0.040376067,0.012795459,auto_accept,n/a
ISIC_0032336,nv,nv,0.05775994,0.012393586,auto_accept,n/a
ISIC_0031386,mel,bkl,0.78519094,0.017390065,auto_accept,n/a
ISIC_0027429,nv,nv,0.76390696,0.12964,auto_accept,n/a
ISIC_0025244,vasc,vasc,0.013579488,0.0046151895,auto_accept,n/a
ISIC_0024866,nv,nv,0.009544373,0.0013016175,auto_accept,n/a
ISIC_0032652,bcc,bcc,0.006734252,0.9926737,auto_accept,n/a
ISIC_0028448,bkl,nv,0.6565782,0.039315343,auto_accept,n/a
ISIC_0029659,akiec,akiec,0.00095915794,0.99688655,auto_accept,n/a
ISIC_0033794,nv,bkl,0.62324625,0.060015745,auto_accept,n/a
ISIC_0033198,mel,akiec,0.37677217,0.8754621,auto_accept,n/a
ISIC_0029834,nv,nv,0.14980733,0.060910497,auto_accept,n/a
ISIC_0033526,mel,nv,0.9918013,0.23882033,escalate,n/a
ISIC_0028637,nv,mel,0.10816687,0.9435269,auto_accept,n/a
ISIC_0031398,nv,nv,0.09292531,4.7275607e-05,auto_accept,n/a
ISIC_0025014,nv,akiec,0.21323156,0.9100675,auto_accept,n/a
ISIC_0026730,nv,nv,0.21924901,0.00073309,auto_accept,n/a
ISIC_0027579,nv,nv,0.04239005,0.0011905875,auto_accept,n/a
ISIC_0024974,nv,nv,0.01678878,8.97738e-05,auto_accept,n/a
ISIC_0032681,bkl,bkl,0.9316747,0.064389825,escalate,n/a
ISIC_0031623,nv,nv,0.04881364,0.00077327515,auto_accept,n/a
ISIC_0031648,vasc,vasc,7.0929527e-06,2.0272032e-06,auto_accept,n/a
ISIC_0027785,nv,nv,0.012833238,9.466633e-05,auto_accept,n/a
ISIC_0033124,bkl,bkl,0.4128675,0.12215617,auto_accept,n/a
ISIC_0024749,nv,nv,0.4474343,0.06872995,auto_accept,n/a
ISIC_0025936,nv,nv,0.12902308,0.015591293,auto_accept,n/a
ISIC_0033004,mel,nv,0.40218484,0.028854586,auto_accept,n/a
ISIC_0026391,nv,nv,0.6547386,0.23938099,auto_accept,n/a
ISIC_0025402,nv,mel,0.2835039,0.8494935,auto_accept,n/a
ISIC_0029583,nv,nv,0.95707977,0.018959371,escalate,n/a
ISIC_0032917,mel,mel,0.050091743,0.9766302,auto_accept,n/a
ISIC_0031370,nv,nv,0.05609876,7.9621896e-05,auto_accept,n/a
ISIC_0026507,nv,nv,0.1381461,0.0044650445,auto_accept,n/a
ISIC_0029219,nv,nv,0.10040212,0.002372989,auto_accept,n/a
ISIC_0029349,nv,nv,0.12615967,0.042079944,auto_accept,n/a
ISIC_0027791,nv,nv,0.4765939,0.051977098,auto_accept,n/a
ISIC_0032413,nv,nv,0.013553798,0.00023177257,auto_accept,n/a
ISIC_0032839,vasc,vasc,0.0023234487,0.043216377,auto_accept,n/a
ISIC_0032597,mel,mel,0.18401879,0.8734342,auto_accept,n/a
ISIC_0032966,nv,nv,0.5205655,0.0057055796,auto_accept,n/a
ISIC_0031198,akiec,akiec,0.06542593,0.9764039,auto_accept,n/a
ISIC_0029632,mel,akiec,0.7250755,0.9064389,auto_accept,n/a
ISIC_0032018,nv,nv,0.68536115,0.008956432,auto_accept,n/a
ISIC_0027459,nv,nv,0.1069988,0.00041268006,auto_accept,n/a
ISIC_0029267,nv,nv,0.10475582,0.00068029884,auto_accept,n/a
ISIC_0026709,akiec,akiec,0.14452362,0.8373859,auto_accept,n/a
ISIC_0027775,nv,nv,0.23618716,0.007187705,auto_accept,n/a
ISIC_0032677,nv,nv,0.9387549,0.29175457,escalate,n/a
ISIC_0033147,nv,mel,0.3568666,0.77255136,auto_accept,n/a
ISIC_0031330,nv,nv,0.022955775,0.00012925845,auto_accept,n/a
ISIC_0028574,nv,nv,0.0739674,9.289986e-05,auto_accept,n/a
ISIC_0026991,nv,nv,0.071935356,0.004721274,auto_accept,n/a
ISIC_0032394,nv,nv,0.04803437,0.00016409499,auto_accept,n/a
ISIC_0024694,nv,nv,0.27604365,0.030033233,auto_accept,n/a
ISIC_0033734,nv,nv,0.03165233,0.007193481,auto_accept,n/a
ISIC_0030061,nv,mel,0.62949485,0.7860176,auto_accept,n/a
ISIC_0030589,nv,bcc,0.12495518,0.681925,auto_accept,n/a
ISIC_0024573,bcc,bcc,0.003194034,0.99941945,auto_accept,n/a
ISIC_0024464,nv,nv,0.06808698,0.0010681968,auto_accept,n/a
ISIC_0029681,nv,nv,0.059119284,0.0013236665,auto_accept,n/a
ISIC_0033247,nv,nv,0.079868376,0.0019597514,auto_accept,n/a
ISIC_0025319,akiec,bcc,0.71655214,0.9785146,auto_accept,n/a
ISIC_0032485,nv,nv,0.0063462853,0.00021290725,auto_accept,n/a
ISIC_0028203,nv,nv,0.3219006,0.0002853405,auto_accept,n/a
ISIC_0033061,mel,bkl,0.44691616,0.004363341,auto_accept,n/a
ISIC_0030398,nv,nv,0.03869486,8.366261e-05,auto_accept,n/a
ISIC_0032416,nv,df,0.9320041,0.00013661844,escalate,n/a
ISIC_0027834,nv,nv,0.060726166,0.00089596043,auto_accept,n/a
ISIC_0032828,nv,nv,0.2815593,0.06269154,auto_accept,n/a
ISIC_0029989,nv,nv,0.16815609,0.049875114,auto_accept,n/a
ISIC_0027410,nv,nv,0.16234595,0.043252748,auto_accept,n/a
ISIC_0026983,nv,nv,0.029175282,0.0014911941,auto_accept,n/a
ISIC_0033548,nv,nv,0.27655876,0.03967222,auto_accept,n/a
ISIC_0030126,nv,df,0.85461617,0.081401356,escalate,n/a
ISIC_0029616,nv,nv,0.14009333,0.00012853598,auto_accept,n/a
ISIC_0025111,nv,bkl,0.9031751,0.06865916,escalate,n/a
ISIC_0025582,nv,nv,0.02038461,0.00071872404,auto_accept,n/a
ISIC_0026421,nv,nv,0.83851326,0.006673086,escalate,n/a
ISIC_0032111,bkl,bkl,0.15239525,0.03355596,auto_accept,n/a
ISIC_0027403,nv,bkl,0.48954594,0.01043876,auto_accept,n/a
ISIC_0027445,nv,nv,0.016288996,0.00030329652,auto_accept,n/a
ISIC_0029073,nv,nv,0.091994345,0.0041621686,auto_accept,n/a
ISIC_0030454,nv,nv,0.051847816,0.016029097,auto_accept,n/a
ISIC_0025151,nv,nv,0.026832163,0.0006956517,auto_accept,n/a
ISIC_0029820,bcc,akiec,0.532123,0.87418324,auto_accept,n/a
ISIC_0029169,nv,nv,0.14524555,0.005868219,auto_accept,n/a
ISIC_0032223,nv,nv,0.033099055,0.008390572,auto_accept,n/a
ISIC_0025293,nv,nv,0.11445099,0.0056600533,auto_accept,n/a
ISIC_0028701,bkl,bkl,0.6798229,0.07477118,auto_accept,n/a
ISIC_0033905,mel,mel,0.12039113,0.94897586,auto_accept,n/a
ISIC_0033504,bcc,bcc,0.76502645,0.8970525,auto_accept,n/a
ISIC_0030365,bkl,akiec,0.9028207,0.6913053,escalate,n/a
ISIC_0033889,nv,nv,0.91398877,0.08492892,escalate,n/a
ISIC_0031594,nv,bcc,0.550562,0.8626001,auto_accept,n/a
ISIC_0027850,bkl,mel,0.42273962,0.8974557,auto_accept,n/a
ISIC_0031994,nv,nv,0.018150926,0.008425484,auto_accept,n/a
ISIC_0024311,nv,nv,0.06743282,0.0005171953,auto_accept,n/a
ISIC_0026036,nv,mel,0.4392017,0.6380452,auto_accept,n/a
ISIC_0031236,bcc,nv,0.94447863,0.52100503,escalate,n/a
ISIC_0024888,nv,nv,0.022334635,0.0044865212,auto_accept,n/a
ISIC_0025528,nv,nv,0.042862654,0.00019653387,auto_accept,n/a
ISIC_0026488,nv,bkl,0.66971886,0.026897222,auto_accept,n/a
ISIC_0030304,nv,nv,0.031249702,6.07567e-05,auto_accept,n/a
ISIC_0025667,nv,nv,0.34115964,0.08608496,auto_accept,n/a
ISIC_0032683,nv,nv,0.7700287,0.32504186,auto_accept,n/a
ISIC_0031206,nv,nv,0.117449224,0.027366638,auto_accept,n/a
ISIC_0028665,nv,df,0.56320906,0.0016755555,auto_accept,n/a
ISIC_0027720,nv,nv,0.027239323,0.0052810456,auto_accept,n/a
ISIC_0027364,nv,nv,0.15357447,0.002629352,auto_accept,n/a
ISIC_0024743,bcc,bcc,0.12620378,0.9912888,auto_accept,n/a
ISIC_0026295,nv,nv,0.27017576,0.00068787154,auto_accept,n/a
ISIC_0033513,nv,nv,0.2900505,0.11118799,auto_accept,n/a
ISIC_0032440,nv,nv,0.058901727,0.0009075432,auto_accept,n/a
ISIC_0026389,nv,bcc,0.117277265,0.78583324,auto_accept,n/a
ISIC_0030854,nv,nv,0.26884264,0.009739199,auto_accept,n/a
ISIC_0025886,nv,nv,0.21900797,4.3626034e-07,auto_accept,n/a
ISIC_0026990,nv,nv,0.03966993,0.0002048623,auto_accept,n/a
ISIC_0032186,nv,mel,0.23183537,0.9336632,auto_accept,n/a
ISIC_0031295,mel,bcc,0.24173391,0.8566678,auto_accept,n/a
ISIC_0034214,vasc,vasc,0.0068014264,0.06482283,auto_accept,n/a
ISIC_0031154,bcc,bcc,0.1639803,0.96193796,auto_accept,n/a
ISIC_0033002,nv,nv,0.30197483,0.16799767,auto_accept,n/a
ISIC_0031431,akiec,akiec,0.10960382,0.9914035,auto_accept,n/a
ISIC_0028499,akiec,akiec,0.87019336,0.67463845,escalate,n/a
ISIC_0030443,mel,mel,0.72022784,0.5670141,auto_accept,n/a
ISIC_0032568,nv,nv,0.03929019,0.002003114,auto_accept,n/a
ISIC_0026598,nv,nv,0.3707732,0.000635593,auto_accept,n/a
ISIC_0026878,nv,nv,0.09612632,0.00058551587,auto_accept,n/a
ISIC_0033934,nv,mel,0.7369752,0.4793765,auto_accept,n/a
ISIC_0031373,nv,nv,0.036272764,0.00014052179,auto_accept,n/a
ISIC_0028484,nv,nv,0.0969829,0.0038431315,auto_accept,n/a
ISIC_0033909,nv,nv,0.85426867,0.03408826,escalate,n/a
ISIC_0029917,bcc,bcc,0.006814122,0.9969463,auto_accept,n/a
ISIC_0027501,nv,nv,0.1412701,0.02006573,auto_accept,n/a
ISIC_0032411,nv,nv,0.20634979,0.029147957,auto_accept,n/a
ISIC_0031582,nv,nv,0.024684727,9.423755e-06,auto_accept,n/a
ISIC_0033078,nv,nv,0.05754417,0.0010230682,auto_accept,n/a
ISIC_0033542,nv,nv,0.8962383,0.4333325,escalate,n/a
ISIC_0032084,nv,nv,0.05241835,0.0036231412,auto_accept,n/a
ISIC_0031459,bkl,bkl,0.37336713,0.035065737,auto_accept,n/a
ISIC_0033433,nv,bkl,0.6135864,0.02204466,auto_accept,n/a
ISIC_0030748,nv,nv,0.018095016,0.00012615601,auto_accept,n/a
ISIC_0033417,nv,nv,0.113808095,0.05301899,auto_accept,n/a
ISIC_0026162,nv,nv,0.20221227,2.0353515e-05,auto_accept,n/a
ISIC_0025324,mel,nv,0.11716974,0.0020868618,auto_accept,n/a
ISIC_0031199,nv,nv,0.013428271,0.00016814565,auto_accept,n/a
ISIC_0026985,nv,nv,0.00895232,1.8713517e-05,auto_accept,n/a
ISIC_0033871,mel,mel,0.49029458,0.7802752,auto_accept,n/a
ISIC_0033567,nv,nv,0.053075373,0.0073492764,auto_accept,n/a
ISIC_0033481,nv,nv,0.4339795,0.02030597,auto_accept,n/a
ISIC_0030405,nv,nv,0.34269655,0.001872372,auto_accept,n/a
ISIC_0030314,bcc,bcc,0.031526566,0.9838308,auto_accept,n/a
ISIC_0029724,nv,nv,0.612296,0.30120733,auto_accept,n/a
ISIC_0027657,nv,nv,0.06606734,0.00030945922,auto_accept,n/a
ISIC_0027518,nv,nv,0.030073047,0.0025284654,auto_accept,n/a
ISIC_0026446,bkl,nv,0.07410365,0.00018041118,auto_accept,n/a
ISIC_0027302,mel,nv,0.59002125,0.02353157,auto_accept,n/a
ISIC_0034118,mel,mel,0.19329727,0.9103153,auto_accept,n/a
ISIC_0031013,mel,bkl,0.8660536,0.69714195,escalate,n/a
ISIC_0026113,mel,mel,0.2416324,0.83101124,auto_accept,n/a
ISIC_0034035,nv,nv,0.5046686,0.20738384,auto_accept,n/a
ISIC_0025976,nv,nv,0.07941091,0.0006608822,auto_accept,n/a
ISIC_0024353,nv,nv,0.0074864626,0.00013406403,auto_accept,n/a
ISIC_0028640,bkl,bkl,0.617456,0.3438455,auto_accept,n/a
ISIC_0032655,bkl,bkl,0.87781465,0.0062826704,escalate,n/a
ISIC_0032077,nv,nv,0.05306822,0.00084662664,auto_accept,n/a
ISIC_0028145,nv,nv,0.252442,0.07407324,auto_accept,n/a
ISIC_0030393,nv,nv,0.016012907,3.798237e-05,auto_accept,n/a
ISIC_0032895,nv,nv,0.38751805,0.088580474,auto_accept,n/a
ISIC_0026899,nv,nv,0.16497248,0.0006223391,auto_accept,n/a
ISIC_0032277,akiec,bkl,0.79388374,0.3727236,auto_accept,n/a
ISIC_0024852,nv,nv,0.054099858,0.0017776409,auto_accept,n/a
ISIC_0033816,nv,mel,0.3367026,0.7969365,auto_accept,n/a
ISIC_0033532,nv,nv,0.42702258,0.13733278,auto_accept,n/a
ISIC_0029503,nv,df,0.7614511,0.00013308163,auto_accept,n/a
ISIC_0028514,nv,nv,0.03449613,0.0026541245,auto_accept,n/a
ISIC_0031323,nv,nv,0.43896413,0.20041007,auto_accept,n/a
ISIC_0027826,bkl,bkl,0.3219592,0.13099925,auto_accept,n/a
ISIC_0025240,nv,nv,0.28628993,0.075623214,auto_accept,n/a
ISIC_0024438,nv,nv,0.028722644,5.478557e-05,auto_accept,n/a
ISIC_0025750,nv,nv,0.0948019,0.0007287779,auto_accept,n/a
ISIC_0024399,nv,nv,0.012240887,0.00014953595,auto_accept,n/a
ISIC_0024630,mel,mel,0.34497517,0.7854874,auto_accept,n/a
ISIC_0028302,nv,nv,0.022914767,0.003813579,auto_accept,n/a
ISIC_0031246,nv,nv,0.007761121,1.2967347e-05,auto_accept,n/a
ISIC_0028516,nv,nv,0.022096574,0.0030963228,auto_accept,n/a
ISIC_0026900,nv,nv,0.012408376,0.00016178381,auto_accept,n/a
ISIC_0030777,nv,nv,0.17840528,0.021089064,auto_accept,n/a
ISIC_0026134,nv,nv,0.03438258,0.0013322992,auto_accept,n/a
ISIC_0031460,nv,nv,0.20460856,0.0712872,auto_accept,n/a
ISIC_0028485,nv,nv,0.039607048,0.00397568,auto_accept,n/a
ISIC_0026395,bcc,mel,0.85176885,0.44833767,escalate,n/a
ISIC_0026560,nv,nv,0.3670262,0.1904261,auto_accept,n/a
ISIC_0027654,nv,bkl,0.4332946,0.004610163,auto_accept,n/a
ISIC_0025104,nv,nv,0.029831827,0.00011866287,auto_accept,n/a
ISIC_0027130,mel,mel,0.08937234,0.9906001,auto_accept,n/a
ISIC_0026003,nv,nv,0.7466836,0.043093514,auto_accept,n/a
ISIC_0031020,nv,nv,0.090767205,0.00090261473,auto_accept,n/a
ISIC_0026641,nv,nv,0.66067636,0.36435354,auto_accept,n/a
ISIC_0031315,nv,bcc,0.042688012,0.8499498,auto_accept,n/a
ISIC_0030017,nv,nv,0.0009547472,2.379931e-06,auto_accept,n/a
ISIC_0032521,nv,nv,0.19574654,0.0696428,auto_accept,n/a
ISIC_0026920,nv,nv,0.3193788,0.00040341623,auto_accept,n/a
ISIC_0027962,nv,nv,0.07130957,0.000307187,auto_accept,n/a
ISIC_0024685,nv,nv,0.19671333,0.005456912,auto_accept,n/a
ISIC_0027312,nv,mel,0.59570956,0.6674333,auto_accept,n/a
ISIC_0025441,nv,nv,0.0139808655,0.0014164783,auto_accept,n/a
ISIC_0027503,nv,nv,0.06294221,0.006851875,auto_accept,n/a
ISIC_0033160,nv,nv,0.52570575,0.23610206,auto_accept,n/a
ISIC_0029497,nv,nv,0.17308462,0.0001765597,auto_accept,n/a
ISIC_0027309,nv,nv,0.23641407,0.0003223935,auto_accept,n/a
ISIC_0031003,nv,nv,0.021506846,0.0006361857,auto_accept,n/a
ISIC_0025160,nv,vasc,0.7736685,0.011368718,auto_accept,n/a
ISIC_0028632,nv,akiec,0.4510398,0.98005325,auto_accept,n/a
ISIC_0027360,nv,bkl,0.9739709,0.43933824,escalate,n/a
ISIC_0032731,nv,mel,0.6383522,0.7064416,auto_accept,n/a
ISIC_0025940,bcc,akiec,0.055348396,0.9895808,auto_accept,n/a
ISIC_0029902,nv,nv,0.22989231,0.06312162,auto_accept,n/a
ISIC_0027174,mel,nv,0.76804584,0.6227557,auto_accept,n/a
ISIC_0028987,nv,nv,0.8606439,0.37914917,escalate,n/a
ISIC_0032282,nv,nv,0.060309112,0.00017759301,auto_accept,n/a
ISIC_0028096,nv,nv,0.031885266,0.000949398,auto_accept,n/a
ISIC_0030709,nv,nv,0.35681784,0.22307369,auto_accept,n/a
ISIC_0024676,bkl,bkl,0.33660597,0.12421127,auto_accept,n/a
ISIC_0029471,nv,nv,0.023366928,5.7080746e-05,auto_accept,n/a
ISIC_0026591,nv,nv,0.013570964,0.00072451704,auto_accept,n/a
ISIC_0030952,nv,nv,0.07982397,0.0002621231,auto_accept,n/a
ISIC_0032410,df,bkl,0.84821904,0.029111888,escalate,n/a
ISIC_0029268,akiec,mel,0.84200215,0.78436434,escalate,n/a
ISIC_0033903,nv,nv,0.5618533,0.20474756,auto_accept,n/a
ISIC_0032674,nv,mel,0.9689272,0.2593502,escalate,n/a
ISIC_0024403,bcc,bcc,0.5820813,0.8248877,auto_accept,n/a
ISIC_0027389,nv,nv,0.17780429,0.0015098556,auto_accept,n/a
ISIC_0026504,nv,nv,0.14425176,0.00012696044,auto_accept,n/a
ISIC_0028143,nv,nv,0.11155975,0.00032101455,auto_accept,n/a
ISIC_0027180,nv,nv,0.0072374344,9.376538e-06,auto_accept,n/a
ISIC_0027280,nv,nv,0.2631387,0.0071008843,auto_accept,n/a
ISIC_0031638,nv,nv,0.022210956,0.00015004599,auto_accept,n/a
ISIC_0030692,nv,nv,0.040142298,0.001427731,auto_accept,n/a
ISIC_0025899,nv,nv,0.52337277,0.24660142,auto_accept,n/a
ISIC_0027542,nv,nv,0.033741117,0.0025647325,auto_accept,n/a
ISIC_0024764,nv,nv,0.048959374,0.0054582576,auto_accept,n/a
ISIC_0025827,nv,nv,0.30197942,0.002768362,auto_accept,n/a
ISIC_0030614,nv,nv,0.09074128,0.0055480017,auto_accept,n/a
ISIC_0033118,nv,nv,0.73427165,0.007723305,auto_accept,n/a
ISIC_0027711,nv,nv,0.04283315,0.0046199257,auto_accept,n/a
ISIC_0025166,nv,nv,0.84155387,0.024504103,escalate,n/a
ISIC_0032964,nv,nv,0.98940396,0.45335194,escalate,n/a
ISIC_0029756,nv,nv,0.3425088,0.28202596,auto_accept,n/a
ISIC_0026966,nv,nv,0.036747992,0.0036188613,auto_accept,n/a
ISIC_0032119,nv,nv,0.013725162,0.00030494368,auto_accept,n/a
ISIC_0031284,bcc,bcc,0.042426825,0.9998043,auto_accept,n/a
ISIC_0032375,nv,nv,0.16529477,0.022188129,auto_accept,n/a
ISIC_0029686,nv,nv,0.12764812,0.02228927,auto_accept,n/a
ISIC_0032121,nv,nv,0.5275023,0.00064143015,auto_accept,n/a
ISIC_0033746,nv,df,0.0021975636,0.028908553,auto_accept,n/a
ISIC_0033712,nv,nv,0.85229754,0.07104827,escalate,n/a
ISIC_0026513,nv,nv,0.13339019,0.0040024957,auto_accept,n/a
ISIC_0027484,nv,nv,0.019824624,0.0007509914,auto_accept,n/a
ISIC_0025095,nv,nv,0.11131978,0.0021692037,auto_accept,n/a
ISIC_0025473,nv,nv,0.9393159,0.00085424265,escalate,n/a
ISIC_0034172,mel,mel,0.65779173,0.6487108,auto_accept,n/a
ISIC_0024699,nv,nv,0.006012976,2.6688554e-05,auto_accept,n/a
ISIC_0033065,nv,nv,0.035307527,0.0006421486,auto_accept,n/a
ISIC_0024788,nv,nv,0.37518358,1.0205449e-06,auto_accept,n/a
ISIC_0029790,nv,nv,0.28366524,0.014754669,auto_accept,n/a
ISIC_0032618,bkl,bkl,0.95425653,0.4404569,escalate,n/a
ISIC_0031337,nv,nv,0.43952656,0.11432154,auto_accept,n/a
ISIC_0027158,nv,nv,0.01983875,0.00023105946,auto_accept,n/a
ISIC_0033752,mel,bkl,0.19244665,0.102107815,auto_accept,n/a
ISIC_0025092,nv,nv,0.011125624,0.0007411219,auto_accept,n/a
ISIC_0030165,mel,mel,0.20001566,0.88504326,auto_accept,n/a
ISIC_0033634,nv,bkl,0.4754653,0.115331665,auto_accept,n/a
ISIC_0029876,nv,nv,0.11462784,0.00017570454,auto_accept,n/a
ISIC_0026067,nv,nv,0.3399539,0.08084964,auto_accept,n/a
ISIC_0031478,nv,nv,0.44330084,0.032437693,auto_accept,n/a
ISIC_0031477,nv,nv,0.010478795,4.7430043e-05,auto_accept,n/a
ISIC_0034100,mel,mel,0.3908041,0.8299478,auto_accept,n/a
ISIC_0030166,nv,nv,0.013946354,0.00014778406,auto_accept,n/a
ISIC_0034152,nv,nv,0.9378005,0.3743031,escalate,n/a
ISIC_0031871,nv,mel,0.55380166,0.7217943,auto_accept,n/a
ISIC_0028503,bkl,nv,0.9770134,0.00035880928,escalate,n/a
ISIC_0025797,nv,nv,0.012545943,0.004346982,auto_accept,n/a
ISIC_0033826,nv,nv,0.036621213,0.005749589,auto_accept,n/a
ISIC_0032912,nv,nv,0.74797606,0.2501585,auto_accept,n/a
ISIC_0032599,nv,nv,0.3514514,0.076739565,auto_accept,n/a
ISIC_0029810,bkl,bkl,0.5206049,0.20222443,auto_accept,n/a
ISIC_0026703,nv,nv,0.006799221,8.844357e-05,auto_accept,n/a
ISIC_0034183,mel,mel,0.70701426,0.5983103,auto_accept,n/a
ISIC_0032893,nv,nv,0.15892875,0.018249491,auto_accept,n/a
ISIC_0033552,nv,nv,0.62712,0.2524517,auto_accept,n/a
ISIC_0029444,nv,df,0.1562311,3.5479497e-05,auto_accept,n/a
ISIC_0029793,bkl,nv,0.07439381,7.616005e-05,auto_accept,n/a
ISIC_0028005,nv,nv,0.009130359,0.0011931948,auto_accept,n/a
ISIC_0030146,nv,nv,0.06444013,0.0096456325,auto_accept,n/a
ISIC_0025140,bkl,bkl,0.35604316,0.4437806,auto_accept,n/a
ISIC_0029536,nv,nv,0.14607918,0.0013050764,auto_accept,n/a
ISIC_0026260,nv,nv,0.4487306,0.10424244,auto_accept,n/a
ISIC_0032727,bcc,akiec,0.621782,0.98472047,auto_accept,n/a
ISIC_0031372,df,df,0.091000795,0.012171313,auto_accept,n/a
ISIC_0029341,bcc,bcc,0.7668423,0.9756202,auto_accept,n/a
ISIC_0033184,bkl,bcc,0.30441087,0.8892103,auto_accept,n/a
ISIC_0030765,nv,nv,0.23109257,0.100869864,auto_accept,n/a
ISIC_0028251,nv,nv,0.0503096,7.704495e-05,auto_accept,n/a
ISIC_0029351,nv,nv,0.25887555,0.010873319,auto_accept,n/a
ISIC_0028221,nv,nv,0.23057026,0.05642039,auto_accept,n/a
ISIC_0032007,nv,nv,0.025550187,0.0073762573,auto_accept,n/a
ISIC_0027804,nv,nv,0.0078037977,0.0012206418,auto_accept,n/a
ISIC_0027060,mel,nv,0.92817307,0.17578301,escalate,n/a
ISIC_0025909,nv,mel,0.115454555,0.9674113,auto_accept,n/a
ISIC_0031346,vasc,bcc,0.48572803,0.3475479,auto_accept,n/a
ISIC_0031470,bcc,bcc,0.01934886,0.9988751,auto_accept,n/a
ISIC_0027692,nv,nv,0.0100979805,0.00017582352,auto_accept,n/a
ISIC_0025153,mel,nv,0.26577985,0.0048714844,auto_accept,n/a
ISIC_0031082,nv,nv,0.041209817,0.01139627,auto_accept,n/a
ISIC_0031351,bcc,bcc,0.05111426,0.9994912,auto_accept,n/a
ISIC_0032667,nv,nv,0.5468612,0.05016892,auto_accept,n/a
ISIC_0030397,nv,nv,0.01388675,0.00030377516,auto_accept,n/a
ISIC_0033932,nv,mel,0.31808507,0.74127877,auto_accept,n/a
ISIC_0025078,nv,nv,0.16929519,0.045760095,auto_accept,n/a
ISIC_0033005,df,df,0.000538826,0.00032188644,auto_accept,n/a
ISIC_0026332,nv,nv,0.017778695,0.00019684105,auto_accept,n/a
ISIC_0029081,mel,mel,0.22821659,0.84963053,auto_accept,n/a
ISIC_0032075,nv,vasc,0.22197765,0.00051103084,auto_accept,n/a
ISIC_0027524,nv,nv,0.006753683,3.380163e-05,auto_accept,n/a
ISIC_0032526,mel,mel,0.8716552,0.52933806,escalate,n/a
ISIC_0028030,nv,nv,0.048823953,0.0060592135,auto_accept,n/a
ISIC_0028923,nv,nv,0.94683355,0.43502715,escalate,n/a
ISIC_0032337,nv,nv,0.036882877,0.0056107547,auto_accept,n/a
ISIC_0025194,nv,nv,0.20203793,0.00028775993,auto_accept,n/a
ISIC_0027251,nv,nv,0.0785228,9.7517506e-05,auto_accept,n/a
ISIC_0025098,nv,nv,0.3273782,0.0019940482,auto_accept,n/a
ISIC_0032143,nv,nv,0.016646981,2.7229335e-05,auto_accept,n/a
ISIC_0029016,nv,nv,0.0053781867,8.967447e-05,auto_accept,n/a
ISIC_0025613,nv,nv,0.065023184,0.0008187532,auto_accept,n/a
ISIC_0025344,nv,nv,0.008857489,3.0740455e-05,auto_accept,n/a
ISIC_0029151,nv,nv,0.032503366,0.0001348029,auto_accept,n/a
ISIC_0030173,bkl,bkl,0.704046,0.02431665,auto_accept,n/a
ISIC_0029273,nv,nv,0.066375256,0.00012846418,auto_accept,n/a
ISIC_0029225,nv,nv,0.07657838,0.00013423596,auto_accept,n/a
ISIC_0027892,nv,df,0.86616784,0.085822344,escalate,n/a
ISIC_0026502,nv,mel,0.10682511,0.98011655,auto_accept,n/a
ISIC_0026945,nv,nv,0.013471782,0.0028259973,auto_accept,n/a
ISIC_0030980,nv,nv,0.97464603,0.011275602,escalate,n/a
ISIC_0029912,bkl,nv,0.23548776,0.05048776,auto_accept,n/a
ISIC_0033365,nv,nv,0.27767533,0.009331618,auto_accept,n/a
ISIC_0027421,nv,bkl,0.321566,0.020602122,auto_accept,n/a
ISIC_0031858,nv,nv,0.18156165,0.0031473103,auto_accept,n/a
ISIC_0030741,nv,nv,0.10677409,0.020873586,auto_accept,n/a
ISIC_0026927,akiec,akiec,0.13308984,0.9992873,auto_accept,n/a
ISIC_0028303,bcc,bcc,0.013539612,0.9913271,auto_accept,n/a
ISIC_0027390,nv,nv,0.10884428,0.00084916764,auto_accept,n/a
ISIC_0029798,nv,nv,0.39239144,0.0013953343,auto_accept,n/a
ISIC_0033208,nv,mel,0.5595416,0.7383127,auto_accept,n/a
ISIC_0025009,nv,nv,0.52375156,0.0990822,auto_accept,n/a
ISIC_0025625,nv,nv,0.07053316,0.0023444102,auto_accept,n/a
ISIC_0028900,mel,mel,0.31363332,0.8721276,auto_accept,n/a
ISIC_0025559,nv,nv,0.8128154,0.000985195,auto_accept,n/a
ISIC_0027616,mel,nv,0.59035087,0.09059557,auto_accept,n/a
ISIC_0033497,nv,df,0.9790789,0.030674065,escalate,n/a
ISIC_0029025,akiec,akiec,0.05977553,0.9830598,auto_accept,n/a
ISIC_0032012,nv,nv,0.06951016,0.0015869879,auto_accept,n/a
ISIC_0031355,nv,nv,0.02040428,0.0003130859,auto_accept,n/a
ISIC_0024934,nv,mel,0.8525469,0.46271896,escalate,n/a
ISIC_0025423,nv,nv,0.008084476,0.00044389244,auto_accept,n/a
ISIC_0032314,bcc,bcc,0.0036786795,0.9981077,auto_accept,n/a
ISIC_0027861,nv,akiec,0.86333084,0.7961356,escalate,n/a
ISIC_0025493,nv,bcc,0.82304555,0.30189022,auto_accept,n/a
ISIC_0024614,nv,nv,0.008868635,0.00027971237,auto_accept,n/a
ISIC_0029785,nv,nv,0.12581909,0.017184084,auto_accept,n/a
ISIC_0029226,nv,nv,0.23055196,0.0099829165,auto_accept,n/a
ISIC_0031080,nv,nv,0.14576507,0.0040656766,auto_accept,n/a
ISIC_0030020,nv,nv,0.073533595,2.0457976e-05,auto_accept,n/a
ISIC_0028132,akiec,bcc,0.017671466,0.9995591,auto_accept,n/a
ISIC_0030725,nv,nv,0.010936797,0.0032726827,auto_accept,n/a
ISIC_0030439,nv,nv,0.07349014,0.0005984098,auto_accept,n/a
ISIC_0030737,bcc,akiec,0.4694667,0.8848079,auto_accept,n/a
ISIC_0030262,nv,nv,0.005592406,0.0002409636,auto_accept,n/a
ISIC_0028183,nv,nv,0.74303263,0.0051852367,auto_accept,n/a
ISIC_0034231,nv,bkl,0.73008925,0.035605624,auto_accept,n/a
ISIC_0027496,nv,nv,0.067236245,0.0005601379,auto_accept,n/a
ISIC_0028933,nv,nv,0.04517311,0.002952478,auto_accept,n/a
ISIC_0030867,nv,nv,0.046043575,0.00026421293,auto_accept,n/a
ISIC_0027138,nv,bkl,0.62611145,0.11503057,auto_accept,n/a
ISIC_0024559,nv,nv,0.8158267,0.00018947445,auto_accept,n/a
ISIC_0026219,bkl,bkl,0.16925585,0.016422799,auto_accept,n/a
ISIC_0032340,nv,nv,0.78466606,0.3655344,auto_accept,n/a
ISIC_0032902,nv,nv,0.5423702,0.23633443,auto_accept,n/a
ISIC_0031545,mel,mel,0.51978064,0.6436441,auto_accept,n/a
ISIC_0026622,mel,akiec,0.5235006,0.9916437,auto_accept,n/a
ISIC_0025002,nv,nv,0.15079004,0.00043169694,auto_accept,n/a
ISIC_0026216,nv,nv,0.668437,0.30768523,auto_accept,n/a
ISIC_0033586,mel,mel,0.26889896,0.7978361,auto_accept,n/a
ISIC_0025425,vasc,vasc,0.0032812953,0.004502022,auto_accept,n/a
ISIC_0031135,nv,nv,0.08839595,0.0017927233,auto_accept,n/a
ISIC_0033870,nv,nv,0.75466466,0.35068136,auto_accept,n/a
ISIC_0030363,nv,nv,0.08886367,0.005205927,auto_accept,n/a
ISIC_0025079,nv,nv,0.4505682,0.025023252,auto_accept,n/a
ISIC_0030219,nv,mel,0.4083768,0.78483444,auto_accept,n/a
ISIC_0024708,bkl,bkl,0.5564022,0.12512694,auto_accept,n/a
ISIC_0032495,nv,nv,0.012108803,0.00027599419,auto_accept,n/a
ISIC_0024905,nv,df,0.73286164,0.0007059486,auto_accept,n/a
ISIC_0026445,nv,nv,0.22432971,0.10755487,auto_accept,n/a
ISIC_0033197,nv,nv,0.28864694,0.1563303,auto_accept,n/a
ISIC_0026887,nv,nv,0.023403823,0.0003806313,auto_accept,n/a
ISIC_0028674,nv,nv,0.005031824,2.4419382e-06,auto_accept,n/a
ISIC_0026594,nv,nv,0.31419575,0.03509878,auto_accept,n/a
ISIC_0033872,mel,bcc,0.9153986,0.95477617,escalate,n/a
ISIC_0028824,nv,nv,0.058951914,0.00066255307,auto_accept,n/a
ISIC_0025730,nv,nv,0.4951411,0.34260708,auto_accept,n/a
ISIC_0031625,nv,nv,0.08463538,0.00023647648,auto_accept,n/a
ISIC_0025638,nv,nv,0.59191823,0.10263171,auto_accept,n/a
ISIC_0032245,mel,nv,0.4565801,0.15547572,auto_accept,n/a
ISIC_0028602,nv,nv,0.5619317,0.035851743,auto_accept,n/a
ISIC_0029940,nv,nv,0.054107606,0.0019524195,auto_accept,n/a
ISIC_0032256,nv,nv,0.0033355355,2.2908887e-06,auto_accept,n/a
ISIC_0025217,nv,nv,0.017347217,5.4673885e-05,auto_accept,n/a
ISIC_0030530,nv,nv,0.01834464,0.00080405414,auto_accept,n/a
ISIC_0025862,nv,nv,0.72636014,0.005287199,auto_accept,n/a
ISIC_0025989,nv,nv,0.48864758,0.06861699,auto_accept,n/a
ISIC_0026499,nv,nv,0.9203708,0.0013725269,escalate,n/a
ISIC_0027704,bcc,bcc,0.008901,0.9984842,auto_accept,n/a
ISIC_0028686,nv,nv,0.70711374,0.088369966,auto_accept,n/a
ISIC_0025709,mel,akiec,0.02905035,0.9751995,auto_accept,n/a
ISIC_0028164,nv,nv,0.39748812,0.0043658107,auto_accept,n/a
ISIC_0033095,nv,nv,0.044131517,0.0050196545,auto_accept,n/a
ISIC_0033138,nv,nv,0.17872518,0.031888507,auto_accept,n/a
ISIC_0027198,nv,nv,0.026465237,0.00049178326,auto_accept,n/a
ISIC_0027795,akiec,akiec,0.5590415,0.85310596,auto_accept,n/a
ISIC_0030409,nv,nv,0.027564168,0.00024477553,auto_accept,n/a
ISIC_0025193,nv,nv,0.19497633,0.00034346012,auto_accept,n/a
ISIC_0026972,nv,nv,0.039119303,6.698272e-06,auto_accept,n/a
ISIC_0030612,nv,nv,0.03196162,2.6882099e-05,auto_accept,n/a
ISIC_0033616,mel,nv,0.5054733,0.18493381,auto_accept,n/a
ISIC_0033527,nv,nv,0.34740907,0.1383343,auto_accept,n/a
ISIC_0028138,nv,nv,0.098988116,0.061253022,auto_accept,n/a
ISIC_0024884,nv,nv,0.4811231,6.584756e-05,auto_accept,n/a
ISIC_0031702,bkl,bkl,0.7811219,0.56988204,auto_accept,n/a
ISIC_0025733,nv,nv,0.017323017,0.0006519662,auto_accept,n/a
ISIC_0033023,mel,mel,0.866151,0.462765,escalate,n/a
ISIC_0034244,nv,mel,0.336015,0.7626143,auto_accept,n/a
ISIC_0030350,nv,nv,0.5935671,0.025594227,auto_accept,n/a
ISIC_0031492,nv,nv,0.04318905,0.0008927733,auto_accept,n/a
ISIC_0032023,nv,nv,0.17938012,0.012409969,auto_accept,n/a
ISIC_0028631,nv,nv,0.6868365,0.038778532,auto_accept,n/a
ISIC_0031861,nv,nv,0.08235854,2.618018e-05,auto_accept,n/a
ISIC_0026299,nv,nv,0.08362466,0.00022675087,auto_accept,n/a
ISIC_0029359,nv,mel,0.23009169,0.8999941,auto_accept,n/a
ISIC_0029861,nv,nv,0.08473331,0.034080796,auto_accept,n/a
ISIC_0030703,nv,nv,0.06331241,0.004846146,auto_accept,n/a
ISIC_0032002,nv,nv,0.043426692,0.00019202856,auto_accept,n/a
ISIC_0032156,bkl,bkl,0.8749974,0.12174927,escalate,n/a
ISIC_0033898,nv,nv,0.0476529,0.0011294117,auto_accept,n/a
ISIC_0031835,nv,nv,0.0154829025,0.0002021894,auto_accept,n/a
ISIC_0024430,nv,nv,0.0065343976,0.0008025833,auto_accept,n/a
ISIC_0024881,bkl,bcc,0.021790147,0.9889255,auto_accept,n/a
ISIC_0029093,nv,nv,0.12672883,0.03704625,auto_accept,n/a
ISIC_0030272,bkl,nv,0.84452105,0.0014468039,escalate,n/a
ISIC_0026414,nv,mel,0.48686445,0.7988181,auto_accept,n/a
ISIC_0030082,nv,mel,0.7178703,0.6940106,auto_accept,n/a
ISIC_0033062,nv,nv,0.8565352,0.39818633,escalate,n/a
ISIC_0032593,nv,nv,0.2169953,0.10977062,auto_accept,n/a
ISIC_0026448,nv,nv,0.05769974,0.01049461,auto_accept,n/a
ISIC_0026464,nv,nv,0.53244984,0.40882206,auto_accept,n/a
ISIC_0031213,nv,nv,0.008476198,0.0001839536,auto_accept,n/a
ISIC_0027965,nv,nv,0.17850834,2.3168424e-05,auto_accept,n/a
ISIC_0028533,nv,nv,0.14182472,0.0009678764,auto_accept,n/a
ISIC_0025994,nv,nv,0.13374192,0.044517074,auto_accept,n/a
ISIC_0031127,nv,bkl,0.43207568,0.033305965,auto_accept,n/a
ISIC_0034136,nv,nv,0.5806117,0.12872757,auto_accept,n/a
ISIC_0031425,nv,vasc,0.8369343,0.0002952019,escalate,n/a
ISIC_0030767,bcc,df,0.8679515,0.29533032,escalate,n/a
ISIC_0024715,nv,nv,0.047662795,0.007508737,auto_accept,n/a
ISIC_0031204,nv,nv,0.14594126,0.0015693861,auto_accept,n/a
ISIC_0024691,nv,nv,0.041558266,0.0036418943,auto_accept,n/a
ISIC_0025885,bkl,bkl,0.82480985,0.5926954,auto_accept,n/a
ISIC_0030621,nv,nv,0.36330676,0.28064683,auto_accept,n/a
ISIC_0033804,mel,nv,0.045339644,0.0015035728,auto_accept,n/a
ISIC_0031338,nv,nv,0.0017656684,1.5732536e-05,auto_accept,n/a
ISIC_0029950,nv,nv,0.1470632,0.00014768433,auto_accept,n/a
ISIC_0027224,nv,nv,0.38603485,0.05521508,auto_accept,n/a
ISIC_0030779,nv,nv,0.05829823,0.0006202367,auto_accept,n/a
ISIC_0031417,mel,nv,0.32723868,0.12669107,auto_accept,n/a
ISIC_0026796,mel,bkl,0.21841413,0.20819631,auto_accept,n/a
ISIC_0031036,nv,nv,0.42961228,0.019475076,auto_accept,n/a
ISIC_0029000,mel,mel,0.22399616,0.93047094,auto_accept,n/a
ISIC_0025277,mel,mel,0.9555652,0.5947797,escalate,n/a
ISIC_0031362,bkl,nv,0.6459143,0.009599329,auto_accept,n/a
ISIC_0024795,bcc,bcc,0.025971174,0.9973953,auto_accept,n/a
ISIC_0032974,nv,bcc,0.5347773,0.7288765,auto_accept,n/a
ISIC_0031657,nv,nv,0.07203686,0.015373986,auto_accept,n/a
ISIC_0030792,nv,nv,0.25357383,0.0033548162,auto_accept,n/a
ISIC_0026762,nv,nv,0.17346942,0.0006399695,auto_accept,n/a
ISIC_0033273,nv,nv,0.16474372,0.04965567,auto_accept,n/a
ISIC_0027328,mel,akiec,0.009043157,0.9909763,auto_accept,n/a
ISIC_0028654,nv,nv,0.33311158,4.9968112e-05,auto_accept,n/a
ISIC_0028331,bkl,bkl,0.78036475,0.0026954573,auto_accept,n/a
ISIC_0029518,bkl,akiec,0.80585086,0.8079134,auto_accept,n/a
ISIC_0029766,nv,nv,0.086405516,0.0061358823,auto_accept,n/a
ISIC_0028291,mel,mel,0.6989013,0.5304722,auto_accept,n/a
ISIC_0024316,nv,nv,0.28092062,0.0005037068,auto_accept,n/a
ISIC_0025367,nv,nv,0.070093155,0.0032944242,auto_accept,n/a
ISIC_0024716,nv,nv,0.9172814,0.40413308,escalate,n/a
ISIC_0025688,nv,nv,0.13195562,0.0151924305,auto_accept,n/a
ISIC_0026102,nv,nv,0.05099678,0.0030592969,auto_accept,n/a
ISIC_0032523,nv,nv,0.32606268,0.11497786,auto_accept,n/a
ISIC_0032199,akiec,akiec,0.7747078,0.61988163,auto_accept,n/a
ISIC_0029787,nv,nv,0.08465773,0.005296383,auto_accept,n/a
ISIC_0033797,nv,nv,0.46464777,0.0008415355,auto_accept,n/a
ISIC_0027332,bkl,df,0.14825213,2.5350531e-05,auto_accept,n/a
ISIC_0028948,nv,nv,0.15849644,0.032063495,auto_accept,n/a
ISIC_0028238,bcc,bcc,0.005041063,0.9992592,auto_accept,n/a
ISIC_0029181,nv,nv,0.047867,0.0005046432,auto_accept,n/a
ISIC_0028272,nv,nv,0.23962516,0.09257063,auto_accept,n/a
ISIC_0026936,nv,nv,0.027152002,6.6819215e-05,auto_accept,n/a
ISIC_0025957,akiec,akiec,0.71469843,0.97120315,auto_accept,n/a
ISIC_0029939,nv,nv,0.06878853,0.0074810735,auto_accept,n/a
ISIC_0030938,nv,nv,0.007858276,0.00014409407,auto_accept,n/a
ISIC_0031685,nv,nv,0.2915727,0.0064544296,auto_accept,n/a
ISIC_0026888,nv,nv,0.09632021,0.0008573078,auto_accept,n/a
ISIC_0034088,nv,mel,0.88010985,0.50331575,escalate,n/a
ISIC_0030010,bcc,bcc,0.008396864,0.96247613,auto_accept,n/a
ISIC_0034150,mel,akiec,0.4569651,0.94596165,auto_accept,n/a
ISIC_0032919,vasc,vasc,0.0073794723,0.0062491614,auto_accept,n/a
ISIC_0030196,nv,nv,0.27967036,0.0025530537,auto_accept,n/a
ISIC_0028355,nv,vasc,0.94343996,0.002022035,escalate,n/a
ISIC_0030268,nv,nv,0.04980117,0.0063707894,auto_accept,n/a
ISIC_0024742,nv,nv,0.084635556,0.0010425097,auto_accept,n/a
ISIC_0032508,bkl,bkl,0.9969237,0.37512025,escalate,n/a
ISIC_0025383,bcc,df,0.28431952,0.05502073,auto_accept,n/a
ISIC_0031687,nv,nv,0.015467167,0.0004448241,auto_accept,n/a
ISIC_0030801,bkl,mel,0.95936114,0.61674935,escalate,n/a
ISIC_0026007,nv,nv,0.10955423,0.02190422,auto_accept,n/a
ISIC_0027510,nv,nv,0.029064417,0.001508976,auto_accept,n/a
ISIC_0027986,nv,nv,0.3900178,0.011500774,auto_accept,n/a
ISIC_0028167,nv,nv,0.44257545,0.03095263,auto_accept,n/a
ISIC_0034275,mel,mel,0.06748432,0.9629594,auto_accept,n/a
ISIC_0027342,nv,nv,0.06614059,0.0004972514,auto_accept,n/a
ISIC_0032682,nv,nv,0.20099092,0.057634804,auto_accept,n/a
ISIC_0027677,bcc,bcc,0.66777027,0.5740212,auto_accept,n/a
ISIC_0032036,mel,bkl,0.9981718,0.4250234,escalate,n/a
ISIC_0025245,nv,nv,0.16120505,0.004728147,auto_accept,n/a
ISIC_0032916,nv,nv,0.031425655,0.0019641388,auto_accept,n/a
ISIC_0026016,bkl,bkl,0.021066725,0.0070294933,auto_accept,n/a
ISIC_0033153,nv,nv,0.16012764,0.06486803,auto_accept,n/a
ISIC_0033776,bkl,bkl,0.4150809,0.022728136,auto_accept,n/a
ISIC_0030507,mel,akiec,0.8202735,0.89285535,auto_accept,n/a
ISIC_0033306,bkl,akiec,0.9902221,0.7800354,escalate,n/a
ISIC_0028625,nv,mel,0.4154483,0.7471748,auto_accept,n/a
ISIC_0027883,nv,mel,0.9357097,0.3910854,escalate,n/a
ISIC_0024365,nv,nv,0.03340292,1.6249398e-06,auto_accept,n/a
ISIC_0026896,nv,nv,0.012919784,0.00040983091,auto_accept,n/a
ISIC_0025495,nv,nv,0.028662384,0.0023286133,auto_accept,n/a
ISIC_0031907,nv,nv,0.114775,0.002369297,auto_accept,n/a
ISIC_0032628,nv,nv,0.27996653,0.04894272,auto_accept,n/a
ISIC_0028561,nv,nv,0.012589574,0.0011648485,auto_accept,n/a
ISIC_0028126,mel,nv,0.35863316,0.13538168,auto_accept,n/a
ISIC_0027537,nv,mel,0.89788663,0.52325404,escalate,n/a
ISIC_0025440,nv,nv,0.025335073,0.00032016728,auto_accept,n/a
ISIC_0033912,nv,nv,0.16645688,0.02942204,auto_accept,n/a
ISIC_0030266,nv,df,0.06722772,0.00042169789,auto_accept,n/a
ISIC_0024796,nv,nv,0.013642192,0.0051442995,auto_accept,n/a
ISIC_0027238,mel,mel,0.35164452,0.82202023,auto_accept,n/a
ISIC_0024444,nv,nv,0.036410153,0.00012893579,auto_accept,n/a
ISIC_0028162,nv,nv,0.07079309,3.6260866e-05,auto_accept,n/a
ISIC_0031785,nv,nv,0.002562523,2.9932598e-05,auto_accept,n/a
ISIC_0025921,nv,nv,0.017897487,0.00010612495,auto_accept,n/a
ISIC_0032358,bkl,bkl,0.53621614,0.05015697,auto_accept,n/a
ISIC_0032926,nv,mel,0.61034393,0.63083476,auto_accept,n/a
ISIC_0025922,nv,nv,0.25636667,0.0017489884,auto_accept,n/a
ISIC_0033042,mel,bkl,0.12367654,0.023100905,auto_accept,n/a
ISIC_0028359,nv,nv,0.15938109,4.572617e-05,auto_accept,n/a
ISIC_0030312,nv,df,0.029516995,0.038225245,auto_accept,n/a
ISIC_0027499,nv,nv,0.026907563,6.76617e-05,auto_accept,n/a
ISIC_0024828,nv,nv,0.102472365,0.0002681723,auto_accept,n/a
ISIC_0029361,nv,nv,0.32860017,0.10568551,auto_accept,n/a
ISIC_0032088,nv,nv,0.032696784,0.00084770593,auto_accept,n/a
ISIC_0024332,bcc,bcc,0.57889354,0.8793687,auto_accept,n/a
ISIC_0027551,nv,nv,0.07447481,0.0041576787,auto_accept,n/a
ISIC_0032983,bkl,bkl,0.65987873,0.035076912,auto_accept,n/a
ISIC_0033428,mel,mel,0.94682217,0.30022255,escalate,n/a
ISIC_0027345,nv,mel,0.9468436,0.40519214,escalate,n/a
ISIC_0029463,nv,nv,0.01688224,0.00078537146,auto_accept,n/a
ISIC_0030273,nv,bkl,0.76307094,0.3062915,auto_accept,n/a
ISIC_0033410,bkl,bkl,0.07380265,0.018782005,auto_accept,n/a
ISIC_0027816,nv,nv,0.037244618,0.00043102913,auto_accept,n/a
ISIC_0031184,nv,nv,0.61410415,0.0003027655,auto_accept,n/a
ISIC_0030362,nv,mel,0.9299147,0.57821786,escalate,n/a
ISIC_0033699,nv,nv,0.1433335,0.06115382,auto_accept,n/a
ISIC_0033714,nv,nv,0.3688277,0.028017478,auto_accept,n/a
ISIC_0031618,nv,mel,0.84220046,0.8826984,escalate,n/a
ISIC_0029549,akiec,akiec,0.69064915,0.82530093,auto_accept,n/a
ISIC_0030504,nv,nv,0.17358184,0.027900213,auto_accept,n/a
ISIC_0027946,nv,nv,0.064415336,0.0008743231,auto_accept,n/a
ISIC_0032607,nv,nv,0.20990652,0.063854665,auto_accept,n/a
ISIC_0024342,nv,nv,0.18628508,0.0039352127,auto_accept,n/a
ISIC_0027412,nv,nv,0.13623714,0.02386693,auto_accept,n/a
ISIC_0031248,nv,nv,0.040373206,0.0012117473,auto_accept,n/a
ISIC_0026715,nv,nv,0.12451601,0.0035745183,auto_accept,n/a
ISIC_0027778,nv,nv,0.022025704,9.3868366e-05,auto_accept,n/a
ISIC_0029958,mel,akiec,0.31791103,0.82979363,auto_accept,n/a
ISIC_0026825,nv,bkl,0.7143034,0.3279936,auto_accept,n/a
ISIC_0033890,nv,nv,0.4356352,0.07212608,auto_accept,n/a
ISIC_0031788,nv,nv,0.27838045,0.0015605312,auto_accept,n/a
ISIC_0028530,nv,nv,0.05796635,0.0005554209,auto_accept,n/a
ISIC_0033891,df,df,0.0010986924,0.00013521178,auto_accept,n/a
ISIC_0024735,nv,nv,0.0062732697,0.00010815719,auto_accept,n/a
ISIC_0027027,bkl,df,0.9104605,0.12220476,escalate,n/a
ISIC_0031568,nv,nv,0.01057601,0.00017569882,auto_accept,n/a
ISIC_0033275,mel,nv,0.75072575,0.23032078,auto_accept,n/a
ISIC_0032928,nv,nv,0.89770067,0.28713474,escalate,n/a
ISIC_0028879,nv,nv,0.13924605,0.0017925637,auto_accept,n/a
ISIC_0029272,mel,nv,0.9618888,0.42125267,escalate,n/a
ISIC_0028790,df,df,0.00031721592,0.0009101536,auto_accept,n/a
ISIC_0030282,nv,nv,0.2557575,0.053362872,auto_accept,n/a
ISIC_0026969,nv,nv,0.12524623,0.0011799497,auto_accept,n/a
ISIC_0028700,nv,nv,0.21757859,0.06826623,auto_accept,n/a
ISIC_0032200,bkl,df,0.115572274,0.057797614,auto_accept,n/a
ISIC_0029063,nv,nv,0.19341195,0.0070791594,auto_accept,n/a
ISIC_0025053,nv,nv,0.031278014,3.4043023e-05,auto_accept,n/a
ISIC_0028040,nv,nv,0.105092645,0.000894144,auto_accept,n/a
ISIC_0033514,nv,nv,0.3273046,0.012507939,auto_accept,n/a
ISIC_0033471,nv,bkl,0.9768826,0.21317014,escalate,n/a
ISIC_0024926,nv,bkl,0.9575136,0.17485218,escalate,n/a
ISIC_0029240,nv,nv,0.0114758015,0.00018433775,auto_accept,n/a
ISIC_0032622,mel,mel,0.17761362,0.91999394,auto_accept,n/a
ISIC_0027743,nv,nv,0.009893358,9.5579286e-05,auto_accept,n/a
ISIC_0029263,bcc,akiec,0.7465426,0.984823,auto_accept,n/a
ISIC_0028816,akiec,akiec,0.0022013187,0.9959099,auto_accept,n/a
ISIC_0030339,bcc,bcc,0.020522535,0.996398,auto_accept,n/a
ISIC_0025949,nv,nv,0.026920915,0.00012255031,auto_accept,n/a
ISIC_0028421,nv,nv,0.012036681,6.107609e-05,auto_accept,n/a
ISIC_0027586,nv,nv,0.08865857,0.00045878696,auto_accept,n/a
ISIC_0029805,bcc,bcc,0.04887092,0.9993129,auto_accept,n/a
ISIC_0031730,nv,df,0.05369997,0.0044206884,auto_accept,n/a
ISIC_0031866,nv,nv,0.15027452,0.0013554719,auto_accept,n/a
ISIC_0028809,nv,nv,0.91310084,0.049813606,escalate,n/a
ISIC_0033743,nv,nv,0.25858057,0.0823367,auto_accept,n/a
ISIC_0030942,nv,nv,0.22404516,0.083172984,auto_accept,n/a
ISIC_0027846,bcc,bcc,0.067620456,0.98790586,auto_accept,n/a
ISIC_0024917,nv,df,0.9905488,0.00034942478,escalate,n/a
ISIC_0028021,nv,nv,0.15796733,0.00067283807,auto_accept,n/a
ISIC_0027032,nv,nv,0.019276738,0.0006720718,auto_accept,n/a
ISIC_0025355,nv,nv,0.051608384,0.0008375543,auto_accept,n/a
ISIC_0031179,nv,nv,0.6669016,0.10922275,auto_accept,n/a
ISIC_0033774,nv,nv,0.17903519,0.04916428,auto_accept,n/a
ISIC_0031873,nv,nv,0.015129507,0.00029661186,auto_accept,n/a
ISIC_0030666,nv,nv,0.40320587,0.13643563,auto_accept,n/a
ISIC_0025059,nv,nv,0.021287858,0.0005247864,auto_accept,n/a
ISIC_0031063,bcc,bcc,0.16798627,0.9420438,auto_accept,n/a
ISIC_0030865,nv,nv,0.006985545,0.00028056922,auto_accept,n/a
ISIC_0033741,nv,nv,0.53185827,0.0018543863,auto_accept,n/a
ISIC_0034093,bcc,bcc,0.074195445,0.99766386,auto_accept,n/a
ISIC_0028408,nv,mel,0.7409473,0.55658567,auto_accept,n/a
ISIC_0028247,nv,nv,0.562094,0.20108648,auto_accept,n/a
ISIC_0027931,nv,nv,0.7519349,0.36899087,auto_accept,n/a
ISIC_0025671,nv,mel,0.8607465,0.45240623,escalate,n/a
ISIC_0031894,nv,nv,0.5612383,0.03078996,auto_accept,n/a
ISIC_0032333,nv,nv,0.8379806,0.50954866,escalate,n/a
ISIC_0027647,nv,nv,0.0042415857,0.0001818781,auto_accept,n/a
ISIC_0027014,nv,nv,0.028198779,0.005289246,auto_accept,n/a
ISIC_0028971,nv,mel,0.45930952,0.80340934,auto_accept,n/a
ISIC_0030169,nv,nv,0.060135067,7.142262e-05,auto_accept,n/a
ISIC_0034292,nv,nv,0.08502257,0.0035289056,auto_accept,n/a
ISIC_0024706,vasc,vasc,0.00014060736,0.00024877503,auto_accept,n/a
ISIC_0024762,nv,nv,0.20913577,0.031586926,auto_accept,n/a
ISIC_0031920,nv,nv,0.09937173,0.0011845153,auto_accept,n/a
ISIC_0032679,nv,nv,0.5824161,0.10952636,auto_accept,n/a
ISIC_0024999,mel,bcc,0.75376135,0.9330664,auto_accept,n/a
ISIC_0029974,bcc,bcc,0.087210774,0.996766,auto_accept,n/a
ISIC_0033800,nv,nv,0.52987987,0.103265576,auto_accept,n/a
ISIC_0030715,nv,nv,0.019583166,0.00044168718,auto_accept,n/a
ISIC_0024381,bkl,bkl,0.3436972,0.39278865,auto_accept,n/a
ISIC_0032037,nv,nv,0.10998988,0.002263974,auto_accept,n/a
ISIC_0033440,mel,mel,0.12225753,0.946914,auto_accept,n/a
ISIC_0029032,bkl,bkl,0.4254771,0.108715706,auto_accept,n/a
ISIC_0028981,nv,bkl,0.682312,0.3185351,auto_accept,n/a
ISIC_0031992,nv,nv,0.0067872405,0.00012925178,auto_accept,n/a
ISIC_0026556,bkl,df,0.1381557,0.019521862,auto_accept,n/a
ISIC_0031409,nv,nv,0.025143206,0.0020454435,auto_accept,n/a
ISIC_0028507,nv,nv,0.30989683,0.09333284,auto_accept,n/a
ISIC_0030658,nv,nv,0.01538682,0.000440917,auto_accept,n/a
ISIC_0028026,mel,mel,0.17746902,0.894207,auto_accept,n/a
ISIC_0027799,nv,nv,0.01604265,9.0582376e-05,auto_accept,n/a
ISIC_0030105,bkl,nv,0.8371173,0.12391097,escalate,n/a
ISIC_0032227,nv,nv,0.20399094,0.028975397,auto_accept,n/a
ISIC_0032238,akiec,akiec,0.05080098,0.9707215,auto_accept,n/a
ISIC_0029154,nv,nv,0.023714006,0.00012173944,auto_accept,n/a
ISIC_0030311,nv,bcc,0.52536213,0.9460939,auto_accept,n/a
ISIC_0028682,nv,nv,0.016997993,3.1168365e-05,auto_accept,n/a
ISIC_0029733,nv,nv,0.9827112,0.14881398,escalate,n/a
ISIC_0024570,nv,nv,0.5451946,0.0011270548,auto_accept,n/a
ISIC_0032198,nv,nv,0.20842683,0.0037242253,auto_accept,n/a
ISIC_0033047,mel,mel,0.14505863,0.9391629,auto_accept,n/a
ISIC_0027212,nv,nv,0.1449697,0.004386106,auto_accept,n/a
ISIC_0025914,nv,vasc,0.3290757,4.6053952e-05,auto_accept,n/a
ISIC_0034077,nv,nv,0.77840495,0.011816935,auto_accept,n/a
ISIC_0024678,nv,nv,0.08877379,0.00069544354,auto_accept,n/a
ISIC_0026392,nv,nv,0.07105076,0.0027904701,auto_accept,n/a
ISIC_0034006,mel,vasc,0.56441236,0.08356421,auto_accept,n/a
ISIC_0028707,bkl,akiec,0.772921,0.99100447,auto_accept,n/a
ISIC_0027228,nv,nv,0.6820216,5.5156065e-06,auto_accept,n/a
ISIC_0024988,nv,nv,0.025197923,0.0016780589,auto_accept,n/a
ISIC_0030727,nv,nv,0.25893342,0.036316976,auto_accept,n/a
ISIC_0025868,nv,nv,0.04379505,0.0012662399,auto_accept,n/a
ISIC_0025468,nv,bkl,0.7148305,0.00095821737,auto_accept,n/a
ISIC_0032159,bkl,mel,0.9802505,0.46010262,escalate,n/a
ISIC_0032039,nv,nv,0.077631176,0.02791848,auto_accept,n/a
ISIC_0033073,mel,bcc,0.7433551,0.6457594,auto_accept,n/a
ISIC_0026959,bkl,df,0.06817156,0.0011352829,auto_accept,n/a
ISIC_0025966,nv,nv,0.33756518,0.0027555355,auto_accept,n/a
ISIC_0033278,mel,akiec,0.5443753,0.76152337,auto_accept,n/a
ISIC_0027690,nv,nv,0.03756982,0.00039266644,auto_accept,n/a
ISIC_0025578,vasc,vasc,0.0016049743,0.0014065786,auto_accept,n/a
ISIC_0027257,nv,nv,0.42730075,0.014821208,auto_accept,n/a
ISIC_0030848,nv,nv,0.3876813,0.19428857,auto_accept,n/a
ISIC_0028224,akiec,df,0.688223,0.5934258,auto_accept,n/a
ISIC_0033753,nv,nv,0.72875917,0.043558583,auto_accept,n/a
ISIC_0032450,mel,mel,0.061562955,0.99366164,auto_accept,n/a
ISIC_0031182,nv,nv,0.3855667,0.0031017794,auto_accept,n/a
ISIC_0029814,nv,nv,0.37644565,0.06596368,auto_accept,n/a
ISIC_0032830,nv,mel,0.71911466,0.5577203,auto_accept,n/a
ISIC_0026199,nv,nv,0.14006686,0.05809988,auto_accept,n/a
ISIC_0024645,nv,nv,0.010221183,0.0010307942,auto_accept,n/a
ISIC_0028405,nv,nv,0.043939114,0.00060543866,auto_accept,n/a
ISIC_0030212,nv,nv,0.43715107,0.004465288,auto_accept,n/a
ISIC_0034262,mel,nv,0.6798451,0.29743847,auto_accept,n/a
ISIC_0025043,nv,nv,0.6564022,0.3590839,auto_accept,n/a
ISIC_0025590,nv,nv,0.026274085,0.009568673,auto_accept,n/a
ISIC_0029200,nv,nv,0.067727685,0.00359813,auto_accept,n/a
ISIC_0034208,mel,akiec,0.86632854,0.82767606,escalate,n/a
ISIC_0033818,nv,nv,0.261463,0.07773661,auto_accept,n/a
ISIC_0026708,nv,nv,0.010540664,0.0005034548,auto_accept,n/a
ISIC_0032565,nv,mel,0.71084285,0.5202642,auto_accept,n/a
ISIC_0028149,nv,nv,0.036020637,0.005406921,auto_accept,n/a
ISIC_0026871,bkl,akiec,0.25643522,0.97545946,auto_accept,n/a
ISIC_0030971,nv,df,0.9478607,0.0016104678,escalate,n/a
ISIC_0025118,nv,nv,0.13728684,0.04013772,auto_accept,n/a
ISIC_0026166,nv,bkl,0.92254084,0.54050964,escalate,n/a
ISIC_0034044,nv,nv,0.13689524,0.01363586,auto_accept,n/a
ISIC_0029769,nv,nv,0.091531396,0.019283546,auto_accept,n/a
ISIC_0029959,nv,nv,0.19678056,0.011162689,auto_accept,n/a
ISIC_0029013,mel,nv,0.12379271,0.016393282,auto_accept,n/a
ISIC_0030283,vasc,vasc,0.003237486,0.00019459352,auto_accept,n/a
ISIC_0028521,nv,nv,0.02368313,0.00038713016,auto_accept,n/a
ISIC_0030092,nv,nv,0.13205278,0.009448492,auto_accept,n/a
ISIC_0027086,nv,bkl,0.7743665,0.0005709809,auto_accept,n/a
ISIC_0027896,akiec,akiec,0.0584324,0.9533681,auto_accept,n/a
ISIC_0030236,nv,nv,0.0898394,0.0035345491,auto_accept,n/a
ISIC_0029975,nv,mel,0.7401017,0.807921,auto_accept,n/a
ISIC_0030300,nv,nv,0.35245073,0.18792166,auto_accept,n/a
ISIC_0034081,nv,nv,0.1352452,0.008512024,auto_accept,n/a
ISIC_0026154,bcc,bcc,0.0621354,0.99860376,auto_accept,n/a
ISIC_0025362,bcc,bcc,0.35187256,0.9964541,auto_accept,n/a
ISIC_0026198,nv,nv,0.46279228,0.0012786036,auto_accept,n/a
ISIC_0028633,nv,nv,0.9584539,0.0057355575,escalate,n/a
ISIC_0029255,nv,nv,0.021025121,0.00018564479,auto_accept,n/a
ISIC_0033632,nv,nv,0.79402655,0.70072436,auto_accept,n/a
ISIC_0030466,nv,nv,0.07211053,0.006912942,auto_accept,n/a
ISIC_0029625,nv,nv,0.47577542,0.0047658766,auto_accept,n/a
ISIC_0028864,nv,nv,0.18809837,0.00028165468,auto_accept,n/a
ISIC_0027626,df,df,0.0030910373,0.047873378,auto_accept,n/a
ISIC_0025072,nv,nv,0.0077492595,0.00014712269,auto_accept,n/a
ISIC_0027065,mel,mel,0.08565295,0.9689826,auto_accept,n/a
ISIC_0033671,nv,nv,0.17698222,0.0035272192,auto_accept,n/a
ISIC_0026202,nv,nv,0.07667947,0.00012672917,auto_accept,n/a
ISIC_0031128,nv,nv,0.4331963,0.011042304,auto_accept,n/a
ISIC_0032067,nv,nv,0.87463915,0.43651012,escalate,n/a
ISIC_0026986,nv,nv,0.0067149997,4.917667e-05,auto_accept,n/a
ISIC_0026098,nv,nv,0.016403317,0.00040140716,auto_accept,n/a
ISIC_0034287,mel,mel,0.21953577,0.8209679,auto_accept,n/a
ISIC_0029649,nv,nv,0.038401067,0.0063180337,auto_accept,n/a
ISIC_0026240,nv,nv,0.044560194,0.0027372465,auto_accept,n/a
ISIC_0033841,nv,nv,0.29254794,0.0051654126,auto_accept,n/a
ISIC_0027715,nv,nv,0.13861525,0.00021641998,auto_accept,n/a
ISIC_0034193,nv,nv,0.25109518,0.23104775,auto_accept,n/a
ISIC_0031053,nv,nv,0.25270605,0.096501715,auto_accept,n/a
ISIC_0033474,nv,mel,0.40158337,0.74205065,auto_accept,n/a
ISIC_0026671,nv,nv,0.5267708,0.096724086,auto_accept,n/a
ISIC_0025062,nv,nv,0.17590469,0.056843188,auto_accept,n/a
ISIC_0026740,nv,nv,0.0036153197,8.848001e-05,auto_accept,n/a
ISIC_0030978,nv,bkl,0.26833498,0.09398403,auto_accept,n/a
ISIC_0030819,nv,bkl,0.85943973,0.15562284,escalate,n/a
ISIC_0029596,bkl,bkl,0.92903364,0.16907546,escalate,n/a
ISIC_0025958,nv,nv,0.8525455,0.4082631,escalate,n/a
ISIC_0030609,nv,nv,0.389673,0.08670589,auto_accept,n/a
ISIC_0030263,nv,nv,0.2752185,0.009619878,auto_accept,n/a
ISIC_0032257,nv,mel,0.4468032,0.90214616,auto_accept,n/a
ISIC_0024713,nv,nv,0.023443878,3.8733588e-06,auto_accept,n/a
ISIC_0029474,bkl,akiec,0.34091425,0.8974224,auto_accept,n/a
ISIC_0033406,nv,nv,0.59516984,0.09732561,auto_accept,n/a
ISIC_0028360,nv,nv,0.057718456,0.02225094,auto_accept,n/a
ISIC_0027966,bcc,bcc,0.08163679,0.9741614,auto_accept,n/a
ISIC_0032985,mel,mel,0.22600651,0.8478092,auto_accept,n/a
ISIC_0030161,nv,nv,0.06360614,0.0148061775,auto_accept,n/a
ISIC_0033457,nv,nv,0.5001401,0.054906998,auto_accept,n/a
ISIC_0029329,bkl,bkl,0.8308786,0.31230685,auto_accept,n/a
ISIC_0033880,nv,nv,0.15989906,0.008368194,auto_accept,n/a
ISIC_0028642,mel,vasc,0.85334134,0.17876697,escalate,n/a
ISIC_0026189,nv,nv,0.095286965,0.001704217,auto_accept,n/a
ISIC_0024978,nv,nv,0.41664493,0.0024110624,auto_accept,n/a
ISIC_0033918,nv,nv,0.5886556,0.0013737371,auto_accept,n/a
ISIC_0029317,nv,nv,0.029128551,0.0023267197,auto_accept,n/a
ISIC_0029101,bkl,akiec,0.8715475,0.7088317,escalate,n/a
ISIC_0033784,bkl,df,0.25441426,0.16672699,auto_accept,n/a
ISIC_0029193,bcc,bcc,0.008320987,0.9992963,auto_accept,n/a
ISIC_0030436,bkl,bcc,0.8241817,0.9855533,auto_accept,n/a
ISIC_0027596,nv,nv,0.022059739,0.0029287378,auto_accept,n/a
ISIC_0024997,bkl,bkl,0.1384818,0.0070799235,auto_accept,n/a
ISIC_0032499,nv,nv,0.31682366,0.0014868766,auto_accept,n/a
ISIC_0027750,nv,nv,0.6566995,1.20137265e-05,auto_accept,n/a
ISIC_0029586,nv,vasc,0.45555592,6.5062086e-06,auto_accept,n/a
ISIC_0026471,df,df,0.0072255135,0.00042956413,auto_accept,n/a
ISIC_0032175,nv,mel,0.12421203,0.95012605,auto_accept,n/a
ISIC_0033352,nv,nv,0.08460587,0.01139822,auto_accept,n/a
ISIC_0027757,nv,nv,0.04658109,0.00054621656,auto_accept,n/a
ISIC_0034318,bkl,bkl,0.6447289,0.0012360071,auto_accept,n/a
ISIC_0032266,nv,nv,0.24189758,0.0038205471,auto_accept,n/a
ISIC_0030200,nv,nv,0.3771212,0.00058595196,auto_accept,n/a
ISIC_0027020,nv,nv,0.031611383,0.0010458376,auto_accept,n/a
ISIC_0027307,nv,nv,0.06770927,0.00031840787,auto_accept,n/a
ISIC_0026049,nv,nv,0.74437004,0.11833579,auto_accept,n/a
ISIC_0027175,bcc,bcc,0.03385061,0.99494606,auto_accept,n/a
ISIC_0028565,mel,nv,0.899158,0.20764707,escalate,n/a
ISIC_0029914,mel,mel,0.7608196,0.605041,auto_accept,n/a
ISIC_0029641,nv,nv,0.34772706,0.25096852,auto_accept,n/a
ISIC_0025881,nv,nv,0.3916186,0.07694973,auto_accept,n/a
ISIC_0029427,bkl,bkl,0.2846825,0.008092302,auto_accept,n/a
ISIC_0030811,nv,nv,0.006339669,1.6957665e-05,auto_accept,n/a
ISIC_0032494,nv,nv,0.34534502,0.1419242,auto_accept,n/a
ISIC_0027338,nv,nv,0.752797,0.13558634,auto_accept,n/a
ISIC_0031051,nv,nv,0.079321384,0.0010067779,auto_accept,n/a
ISIC_0027893,bkl,mel,0.88645905,0.5992531,escalate,n/a
ISIC_0033931,mel,mel,0.32290125,0.89094436,auto_accept,n/a
ISIC_0028784,nv,nv,0.24346459,0.005251884,auto_accept,n/a
ISIC_0029708,nv,nv,0.026642144,0.0005888497,auto_accept,n/a
ISIC_0032713,nv,nv,0.22625983,0.1439973,auto_accept,n/a
ISIC_0034144,nv,mel,0.6869132,0.4617776,auto_accept,n/a
ISIC_0025317,mel,bcc,0.17339945,0.97704494,auto_accept,n/a
ISIC_0024576,nv,vasc,0.3470146,0.011618102,auto_accept,n/a
ISIC_0030260,nv,mel,0.56256473,0.61173046,auto_accept,n/a
ISIC_0025869,nv,bkl,0.5456312,0.0074134595,auto_accept,n/a
ISIC_0024777,nv,nv,0.5288225,0.04374269,auto_accept,n/a
ISIC_0033659,bkl,akiec,0.6129155,0.8575977,auto_accept,n/a
ISIC_0026727,nv,nv,0.03587407,0.001388475,auto_accept,n/a
ISIC_0028644,akiec,nv,0.7213635,0.17446518,auto_accept,n/a
ISIC_0025933,nv,nv,0.02264303,0.0003336991,auto_accept,n/a
ISIC_0034160,bcc,df,0.11012286,0.003947232,auto_accept,n/a
ISIC_0025251,nv,nv,0.120850205,0.002578887,auto_accept,n/a
ISIC_0024906,nv,nv,0.027570784,0.004014894,auto_accept,n/a
ISIC_0031736,nv,nv,0.009070754,3.295133e-05,auto_accept,n/a
ISIC_0028152,nv,df,0.85634834,0.0055756224,escalate,n/a
ISIC_0024807,nv,nv,0.024251163,0.000108886314,auto_accept,n/a
ISIC_0027729,nv,nv,0.87728405,0.15316667,escalate,n/a
ISIC_0030617,nv,nv,0.2343632,0.0115302475,auto_accept,n/a
ISIC_0027485,nv,nv,0.18599272,0.00035468937,auto_accept,n/a
ISIC_0026576,bkl,bkl,0.6441157,0.01877662,auto_accept,n/a
ISIC_0033398,nv,bcc,0.31883126,0.9291074,auto_accept,n/a
ISIC_0031494,mel,mel,0.88790053,0.61793435,escalate,n/a
ISIC_0032533,mel,nv,0.54545146,0.296016,auto_accept,n/a
ISIC_0033288,nv,mel,0.23572427,0.88714266,auto_accept,n/a
ISIC_0027164,nv,mel,0.21887541,0.8467611,auto_accept,n/a
ISIC_0030100,nv,nv,0.020820439,0.00012209307,auto_accept,n/a
ISIC_0026865,bcc,bcc,0.15098095,0.96243054,auto_accept,n/a
ISIC_0026325,nv,nv,0.01399076,6.74881e-05,auto_accept,n/a
ISIC_0025664,nv,nv,0.06706071,0.00019583784,auto_accept,n/a
ISIC_0031746,mel,bkl,0.41456407,0.068600744,auto_accept,n/a
ISIC_0033837,nv,nv,0.47385132,0.17752767,auto_accept,n/a
ISIC_0031396,bkl,nv,0.3973422,0.00046121376,auto_accept,n/a
ISIC_0033157,nv,nv,0.68592346,0.024488088,auto_accept,n/a
ISIC_0030632,nv,nv,0.029580593,5.400843e-06,auto_accept,n/a
ISIC_0026084,nv,akiec,0.8284855,0.93411756,auto_accept,n/a
ISIC_0025563,nv,bcc,0.031246722,0.9596597,auto_accept,n/a
ISIC_0033834,mel,mel,0.1364659,0.92615056,auto_accept,n/a
ISIC_0027356,nv,nv,0.033809066,2.3999011e-05,auto_accept,n/a
ISIC_0033495,nv,nv,0.13166952,0.054283895,auto_accept,n/a
ISIC_0024672,bkl,bkl,0.86890787,0.37614316,escalate,n/a
ISIC_0029899,bcc,bcc,0.00079733133,0.9997254,auto_accept,n/a
ISIC_0033393,mel,mel,0.063103795,0.9740182,auto_accept,n/a
ISIC_0029800,nv,nv,0.014522314,0.0002906099,auto_accept,n/a
ISIC_0031130,bkl,bkl,0.1206004,0.00359624,auto_accept,n/a
ISIC_0027572,nv,nv,0.20346802,0.010729452,auto_accept,n/a
ISIC_0026932,nv,nv,0.5801843,0.008280024,auto_accept,n/a
ISIC_0029096,nv,nv,0.034037948,0.0015802741,auto_accept,n/a
ISIC_0030380,nv,nv,0.29788733,0.001174739,auto_accept,n/a
ISIC_0033045,nv,nv,0.7177545,0.09120491,auto_accept,n/a
ISIC_0032061,bcc,nv,0.8921655,0.10015062,escalate,n/a
ISIC_0027938,nv,nv,0.025469065,6.47065e-05,auto_accept,n/a
ISIC_0031391,nv,nv,0.06966394,0.0037808209,auto_accept,n/a
ISIC_0026673,nv,nv,0.016328514,3.6069523e-05,auto_accept,n/a
ISIC_0026249,bkl,bkl,0.17942011,0.064084426,auto_accept,n/a
ISIC_0024663,nv,nv,0.06628561,0.0020769949,auto_accept,n/a
ISIC_0026880,nv,nv,0.20069873,2.4168967e-05,auto_accept,n/a
ISIC_0033599,nv,vasc,0.00040835142,0.00024627137,auto_accept,n/a
ISIC_0031947,nv,nv,0.072084785,0.0009463626,auto_accept,n/a
ISIC_0032728,nv,nv,0.73801273,0.038933344,auto_accept,n/a
ISIC_0030089,mel,df,0.14099127,0.18629055,auto_accept,n/a
ISIC_0026300,nv,nv,0.07664132,0.0007554625,auto_accept,n/a
ISIC_0026909,mel,nv,0.14834273,0.001324137,auto_accept,n/a
ISIC_0026951,nv,nv,0.091723025,0.00020894562,auto_accept,n/a
ISIC_0024461,bcc,bcc,0.012582064,0.999171,auto_accept,n/a
ISIC_0028719,bcc,bcc,0.0034009218,0.9995197,auto_accept,n/a
ISIC_0026093,nv,nv,0.07432699,2.6097618e-05,auto_accept,n/a
ISIC_0033259,nv,nv,0.112439275,0.025340615,auto_accept,n/a
ISIC_0028038,nv,nv,0.0064560175,5.9163733e-05,auto_accept,n/a
ISIC_0025820,nv,nv,0.027775526,0.0011265104,auto_accept,n/a
ISIC_0024981,bkl,mel,0.15904927,0.92864835,auto_accept,n/a
ISIC_0033653,mel,nv,0.8808284,0.2719252,escalate,n/a
ISIC_0032887,mel,mel,0.88688517,0.3946431,escalate,n/a
ISIC_0028004,nv,nv,0.022504628,0.00011446898,auto_accept,n/a
ISIC_0028029,mel,mel,0.2736336,0.8566562,auto_accept,n/a
ISIC_0033914,nv,nv,0.35189724,0.016041925,auto_accept,n/a
ISIC_0025052,nv,nv,0.047559083,5.334874e-05,auto_accept,n/a
ISIC_0029734,nv,nv,0.01034683,3.4555703e-06,auto_accept,n/a
ISIC_0029829,nv,nv,0.13255215,0.0102196075,auto_accept,n/a
ISIC_0033728,mel,bkl,0.5683301,0.21432443,auto_accept,n/a
ISIC_0030616,mel,bcc,0.6067172,0.7163909,auto_accept,n/a
ISIC_0031824,bcc,bcc,0.021541178,0.9844296,auto_accept,n/a
ISIC_0029983,nv,mel,0.7046225,0.61542785,auto_accept,n/a
ISIC_0030659,bcc,bcc,0.0061320662,0.99266475,auto_accept,n/a
ISIC_0025496,nv,nv,0.056701243,0.00059606234,auto_accept,n/a
ISIC_0034068,mel,mel,0.73165524,0.56269956,auto_accept,n/a
ISIC_0024534,nv,nv,0.050094724,0.0010694171,auto_accept,n/a
ISIC_0026275,bcc,bcc,0.0052009225,0.99439406,auto_accept,n/a
ISIC_0033109,nv,nv,0.5029578,0.3872533,auto_accept,n/a
ISIC_0033476,mel,mel,0.048443913,0.9790922,auto_accept,n/a
ISIC_0026665,nv,nv,0.6585177,0.0018677526,auto_accept,n/a
ISIC_0028257,nv,nv,0.015563011,0.0020364367,auto_accept,n/a
ISIC_0029906,nv,nv,0.212569,0.0001469079,auto_accept,n/a
ISIC_0031883,nv,nv,0.3715837,0.052601457,auto_accept,n/a
ISIC_0024548,nv,nv,0.24279994,0.00047986826,auto_accept,n/a
ISIC_0024798,nv,nv,0.13541734,0.00071258587,auto_accept,n/a
ISIC_0028541,nv,nv,0.0051986575,9.362512e-05,auto_accept,n/a
ISIC_0029832,nv,nv,0.10528445,0.004549121,auto_accept,n/a
ISIC_0033316,nv,nv,0.12280148,0.007982918,auto_accept,n/a
ISIC_0032920,nv,bkl,0.29938662,0.17679007,auto_accept,n/a
ISIC_0024447,nv,nv,0.65068847,0.12148459,auto_accept,n/a
ISIC_0031842,nv,nv,0.02982539,0.00015909808,auto_accept,n/a
ISIC_0031085,nv,bkl,0.78876686,0.26768905,auto_accept,n/a
ISIC_0025562,nv,nv,0.17182481,0.023373628,auto_accept,n/a
ISIC_0025498,nv,nv,0.27370197,0.0038495518,auto_accept,n/a
ISIC_0024690,nv,nv,0.8330723,0.00018120097,auto_accept,n/a
ISIC_0033853,bkl,bkl,0.07942206,0.020977303,auto_accept,n/a
ISIC_0028544,nv,nv,0.047341943,0.0017121099,auto_accept,n/a
ISIC_0026801,nv,nv,0.017854095,0.0010686998,auto_accept,n/a
ISIC_0024902,nv,nv,0.95070684,0.06604823,escalate,n/a
ISIC_0028193,nv,nv,0.112433314,0.0002687056,auto_accept,n/a
ISIC_0029993,nv,nv,0.14900458,0.05645421,auto_accept,n/a
ISIC_0027891,nv,nv,0.056208134,0.01272293,auto_accept,n/a
ISIC_0026428,nv,nv,0.0020896196,0.0001576024,auto_accept,n/a
ISIC_0029523,nv,nv,0.055639446,2.0472262e-05,auto_accept,n/a
ISIC_0031034,mel,nv,0.40363437,0.1439157,auto_accept,n/a
ISIC_0025943,nv,nv,0.10500467,0.00070930773,auto_accept,n/a
ISIC_0024659,nv,nv,0.03328091,0.0008336687,auto_accept,n/a
ISIC_0032260,nv,nv,0.60343087,0.42665523,auto_accept,n/a
ISIC_0028256,nv,df,0.12224501,0.0004304918,auto_accept,n/a
ISIC_0033623,nv,nv,0.1998837,0.011348807,auto_accept,n/a
ISIC_0030216,nv,nv,0.15784705,0.027605856,auto_accept,n/a
ISIC_0025074,nv,nv,0.62113464,0.34978417,auto_accept,n/a
ISIC_0033811,akiec,bkl,0.41680658,0.11990521,auto_accept,n/a
ISIC_0027002,nv,nv,0.28416753,0.060844813,auto_accept,n/a
ISIC_0026165,nv,nv,0.038057923,0.00033424032,auto_accept,n/a
ISIC_0026388,akiec,akiec,0.7051689,0.8869777,auto_accept,n/a
ISIC_0024883,bkl,nv,0.6518389,0.37826484,auto_accept,n/a
ISIC_0028935,nv,nv,0.4048705,0.008068645,auto_accept,n/a
ISIC_0024832,bkl,nv,0.9323692,0.5017665,escalate,n/a
ISIC_0025650,bcc,bcc,0.6623156,0.9997831,auto_accept,n/a
ISIC_0032598,mel,nv,0.1870426,0.07389828,auto_accept,n/a
ISIC_0025403,nv,nv,0.28420126,0.03592998,auto_accept,n/a
ISIC_0025972,nv,nv,0.42166317,0.065014325,auto_accept,n/a
ISIC_0026744,bkl,bkl,0.4722848,0.1653777,auto_accept,n/a
ISIC_0030307,nv,nv,0.089588106,0.017292228,auto_accept,n/a
ISIC_0031988,nv,nv,0.27102822,0.027359404,auto_accept,n/a
ISIC_0029022,bkl,mel,0.8717474,0.63282675,escalate,n/a
ISIC_0030626,nv,mel,0.71363914,0.58104485,auto_accept,n/a
ISIC_0026313,df,df,0.4304483,0.042038016,auto_accept,n/a
ISIC_0030594,bcc,bcc,0.027959406,0.98915076,auto_accept,n/a
ISIC_0030379,nv,nv,0.019135714,0.00012069636,auto_accept,n/a
ISIC_0025878,nv,nv,0.10341412,0.0013595871,auto_accept,n/a
ISIC_0033892,nv,nv,0.2332573,0.013873001,auto_accept,n/a
ISIC_0029870,nv,nv,0.09785527,0.008824145,auto_accept,n/a
ISIC_0031235,nv,nv,0.016752899,9.267936e-05,auto_accept,n/a
ISIC_0033651,mel,mel,0.02031833,0.99315554,auto_accept,n/a
ISIC_0026056,bcc,bcc,0.95297956,0.9445848,escalate,n/a
ISIC_0029008,nv,nv,0.43252707,0.0012474541,auto_accept,n/a
ISIC_0029705,mel,mel,0.9880204,0.3732927,escalate,n/a
ISIC_0031238,nv,bkl,0.6130649,0.3787118,auto_accept,n/a
ISIC_0028671,bcc,bcc,0.12194884,0.9834684,auto_accept,n/a
ISIC_0031282,nv,nv,0.04605049,0.00025339326,auto_accept,n/a
ISIC_0026059,nv,nv,0.013939261,0.0004027291,auto_accept,n/a
ISIC_0028344,nv,nv,0.08899903,0.012616293,auto_accept,n/a
ISIC_0025838,bkl,bkl,0.75025,0.2900305,auto_accept,n/a
ISIC_0027377,nv,nv,0.0045598745,3.6055357e-05,auto_accept,n/a
ISIC_0028073,nv,nv,0.033642173,0.0016179266,auto_accept,n/a
ISIC_0025190,nv,nv,0.0051237345,0.00052554,auto_accept,n/a
ISIC_0026309,nv,nv,0.018554509,7.22622e-05,auto_accept,n/a
ISIC_0032825,nv,vasc,0.21936709,0.052814152,auto_accept,n/a
ISIC_0030875,nv,nv,0.06045395,3.3630513e-05,auto_accept,n/a
ISIC_0027246,nv,mel,0.47547108,0.6299487,auto_accept,n/a
ISIC_0028831,nv,mel,0.32316905,0.8928502,auto_accept,n/a
ISIC_0025091,nv,nv,0.0072236657,1.4339993e-05,auto_accept,n/a
ISIC_0028612,nv,nv,0.01531893,0.001386128,auto_accept,n/a
ISIC_0025817,nv,nv,0.03534782,0.003098028,auto_accept,n/a
ISIC_0033382,nv,nv,0.71849036,0.07168285,auto_accept,n/a
ISIC_0031596,nv,nv,0.7068675,0.12482632,auto_accept,n/a
ISIC_0033649,nv,nv,0.66965353,0.2211879,auto_accept,n/a
ISIC_0030057,nv,bcc,0.19953907,0.96207035,auto_accept,n/a
ISIC_0030598,nv,nv,0.8669088,0.22100955,escalate,n/a
ISIC_0030649,bkl,bcc,0.9371844,0.33305523,escalate,n/a
ISIC_0026997,nv,nv,0.06292206,0.00038236316,auto_accept,n/a
ISIC_0032996,nv,nv,0.14459372,0.0024244506,auto_accept,n/a
ISIC_0032604,mel,mel,0.6192166,0.44993263,auto_accept,n/a
ISIC_0030315,nv,nv,0.04330957,0.00076975353,auto_accept,n/a
ISIC_0026110,nv,nv,0.013207316,0.0032038477,auto_accept,n/a
ISIC_0029119,nv,akiec,0.9920927,0.5843639,escalate,n/a
ISIC_0031833,nv,nv,0.6005034,5.366024e-06,auto_accept,n/a
ISIC_0025087,nv,nv,0.094839156,0.00066466525,auto_accept,n/a
ISIC_0028341,nv,nv,0.0062454343,0.00024079619,auto_accept,n/a
ISIC_0027192,bkl,bkl,0.31498516,0.17829259,auto_accept,n/a
ISIC_0028802,nv,nv,0.036366284,0.0005742742,auto_accept,n/a
ISIC_0033243,nv,nv,0.54659116,0.0085657425,auto_accept,n/a
ISIC_0030103,nv,nv,0.040199757,0.004707727,auto_accept,n/a
ISIC_0030431,nv,nv,0.023294926,0.0069058747,auto_accept,n/a
ISIC_0032513,bkl,bkl,0.82784754,0.15327826,auto_accept,n/a
ISIC_0026642,nv,nv,0.019796908,0.006955892,auto_accept,n/a
ISIC_0031279,nv,nv,0.012372732,0.00011449101,auto_accept,n/a
ISIC_0026943,nv,nv,0.16498941,0.0011277754,auto_accept,n/a
ISIC_0028334,nv,nv,0.6625416,0.00036521273,auto_accept,n/a
ISIC_0025469,nv,mel,0.6243435,0.9389009,auto_accept,n/a
ISIC_0027860,nv,nv,0.0059545636,0.00029961005,auto_accept,n/a
ISIC_0032751,mel,mel,0.62224704,0.52326775,auto_accept,n/a
ISIC_0026965,nv,nv,0.029929042,0.0011370509,auto_accept,n/a
ISIC_0031776,nv,akiec,0.75244045,0.30139127,auto_accept,n/a
ISIC_0032934,nv,bkl,0.6064919,0.096569836,auto_accept,n/a
ISIC_0031688,nv,nv,0.03933823,0.00028890432,auto_accept,n/a
ISIC_0024916,nv,nv,0.5830569,0.0003800465,auto_accept,n/a
ISIC_0030826,akiec,akiec,0.0013548136,0.997471,auto_accept,n/a
ISIC_0026992,akiec,akiec,0.10242635,0.9802658,auto_accept,n/a
ISIC_0024517,akiec,bcc,0.009531975,0.9962923,auto_accept,n/a
ISIC_0032179,bkl,nv,0.5405185,0.086969875,auto_accept,n/a
ISIC_0025532,nv,nv,0.04804212,0.0007269522,auto_accept,n/a
ISIC_0031144,nv,nv,0.023924053,0.00027184264,auto_accept,n/a
ISIC_0024962,mel,bkl,0.7231247,0.5323557,auto_accept,n/a
ISIC_0028115,nv,bkl,0.9815868,0.097556494,escalate,n/a
ISIC_0029605,nv,nv,0.036545098,0.0001649402,auto_accept,n/a
ISIC_0024568,nv,nv,0.07450974,0.00014193481,auto_accept,n/a
ISIC_0024627,nv,nv,0.050243676,0.00015047297,auto_accept,n/a
ISIC_0033097,nv,nv,0.42826027,0.040713597,auto_accept,n/a
ISIC_0024653,nv,nv,0.3690225,0.033387035,auto_accept,n/a
ISIC_0032164,bcc,bcc,0.009727836,0.99607784,auto_accept,n/a
ISIC_0025048,nv,nv,0.017433941,5.14176e-05,auto_accept,n/a
ISIC_0028963,nv,nv,0.06125456,0.0015703167,auto_accept,n/a
ISIC_0029925,nv,nv,0.017885149,0.0036543908,auto_accept,n/a
ISIC_0028558,akiec,akiec,0.07410163,0.9664647,auto_accept,n/a
ISIC_0025937,bkl,bkl,0.13502783,0.054265376,auto_accept,n/a
ISIC_0031151,nv,nv,0.2835039,0.009567764,auto_accept,n/a
ISIC_0033274,mel,mel,0.29815966,0.84647536,auto_accept,n/a
ISIC_0031979,nv,nv,0.012838781,0.0003748567,auto_accept,n/a
ISIC_0032640,nv,mel,0.34442878,0.79430085,auto_accept,n/a
ISIC_0029540,nv,nv,0.13734168,7.378775e-05,auto_accept,n/a
ISIC_0033203,bcc,mel,0.80700874,0.94965494,auto_accept,n/a
ISIC_0031271,df,df,4.887581e-06,4.9406444e-06,auto_accept,n/a
ISIC_0029553,nv,nv,0.31503093,0.15510097,auto_accept,n/a
ISIC_0031587,nv,nv,0.052517414,0.0003201899,auto_accept,n/a
ISIC_0033568,mel,nv,0.73989415,0.22568063,auto_accept,n/a
ISIC_0033423,nv,nv,0.11454207,0.0070388787,auto_accept,n/a
ISIC_0028687,bcc,bcc,0.029436707,0.9824018,auto_accept,n/a
ISIC_0025928,bkl,akiec,0.42780912,0.8269767,auto_accept,n/a
ISIC_0032406,nv,nv,0.030635476,0.0012957779,auto_accept,n/a
ISIC_0027327,mel,mel,0.5757082,0.58220774,auto_accept,n/a
ISIC_0031698,bcc,bcc,0.018853784,0.9976463,auto_accept,n/a
ISIC_0025339,bkl,bkl,0.2768823,0.3287818,auto_accept,n/a
ISIC_0028153,nv,nv,0.066498816,0.0055723637,auto_accept,n/a
ISIC_0025775,nv,nv,0.014203727,8.321108e-05,auto_accept,n/a
ISIC_0027920,bcc,bcc,0.13472867,0.97957945,auto_accept,n/a
ISIC_0032772,nv,nv,0.30923522,0.09798016,auto_accept,n/a
ISIC_0026463,nv,nv,0.5667217,0.24677995,auto_accept,n/a
ISIC_0024397,nv,nv,0.100682735,0.0014597512,auto_accept,n/a
ISIC_0034040,bkl,nv,0.90066475,0.07460091,escalate,n/a
ISIC_0028522,nv,nv,0.09124941,0.004703104,auto_accept,n/a
ISIC_0030600,nv,nv,0.010255814,0.00042467847,auto_accept,n/a
ISIC_0025426,nv,nv,0.040786505,0.000731958,auto_accept,n/a
ISIC_0033202,nv,mel,0.67332125,0.48078227,auto_accept,n/a
ISIC_0032026,nv,nv,0.17560005,0.09193616,auto_accept,n/a
ISIC_0029227,bkl,nv,0.36506104,0.00059742306,auto_accept,n/a
ISIC_0027763,nv,nv,0.41979784,0.0023872037,auto_accept,n/a
ISIC_0028478,nv,bkl,0.8637291,0.2405453,escalate,n/a
ISIC_0027831,bkl,bkl,0.15421778,0.12747487,auto_accept,n/a
ISIC_0030764,nv,nv,0.31787622,1.942985e-05,auto_accept,n/a
ISIC_0028564,nv,nv,0.052396536,0.0058564423,auto_accept,n/a
ISIC_0025918,nv,bkl,0.9123638,0.33820963,escalate,n/a
ISIC_0028994,bcc,akiec,0.33836192,0.6705472,auto_accept,n/a
ISIC_0026006,nv,bcc,0.2177651,0.5570384,auto_accept,n/a
ISIC_0034095,bcc,bcc,0.0070016384,0.9969658,auto_accept,n/a
ISIC_0025081,mel,vasc,0.088418424,0.004122214,auto_accept,n/a
ISIC_0032864,nv,nv,0.042583883,0.0032903042,auto_accept,n/a
ISIC_0033637,nv,bkl,0.5472238,0.001068093,auto_accept,n/a
ISIC_0030197,bcc,bcc,0.40445155,0.9569421,auto_accept,n/a
ISIC_0030526,bcc,bcc,0.12084168,0.999843,auto_accept,n/a
ISIC_0030444,nv,nv,0.77319056,0.17790423,auto_accept,n/a
ISIC_0029803,nv,nv,0.31343722,0.03886059,auto_accept,n/a
ISIC_0028335,akiec,bkl,0.69569534,0.5040474,auto_accept,n/a
ISIC_0026308,nv,nv,0.006370425,0.00013470103,auto_accept,n/a
ISIC_0029839,mel,nv,0.4642843,0.16705462,auto_accept,n/a
ISIC_0024643,bkl,nv,0.57445186,0.00020299878,auto_accept,n/a
ISIC_0029960,nv,nv,0.009468257,0.00026104492,auto_accept,n/a
ISIC_0031007,bcc,akiec,0.2241053,0.9996393,auto_accept,n/a
ISIC_0028913,bkl,bkl,0.5526469,0.10533584,auto_accept,n/a
ISIC_0032000,nv,nv,0.12004936,0.00025419882,auto_accept,n/a
ISIC_0031613,nv,nv,0.24226922,0.014617393,auto_accept,n/a
ISIC_0033207,nv,mel,0.9011409,0.5353431,escalate,n/a
ISIC_0027552,mel,vasc,0.2988869,0.0016269913,auto_accept,n/a
ISIC_0027139,bkl,akiec,0.968966,0.49243316,escalate,n/a
ISIC_0029117,nv,nv,0.056905925,0.0014273735,auto_accept,n/a
ISIC_0025938,nv,nv,0.15290374,0.017706683,auto_accept,n/a
ISIC_0025661,bkl,bcc,0.93069094,0.6907595,escalate,n/a
ISIC_0030401,nv,mel,0.88610756,0.484513,escalate,n/a
ISIC_0033948,nv,nv,0.06565893,0.00912857,auto_accept,n/a
ISIC_0032749,nv,bkl,0.28857434,0.06399586,auto_accept,n/a
ISIC_0025932,bcc,bcc,0.10581887,0.999746,auto_accept,n/a
ISIC_0030921,nv,nv,0.10363734,0.012891085,auto_accept,n/a
ISIC_0026191,nv,nv,0.5709914,0.0017670458,auto_accept,n/a
ISIC_0031427,nv,nv,0.3439952,0.0012427913,auto_accept,n/a
ISIC_0025979,nv,nv,0.024848998,0.002565479,auto_accept,n/a
ISIC_0028636,nv,bkl,0.90177524,0.09055503,escalate,n/a
ISIC_0028801,nv,nv,0.121937156,0.0032386468,auto_accept,n/a
ISIC_0032662,mel,mel,0.9326949,0.34756786,escalate,n/a
ISIC_0029183,nv,nv,0.66073334,0.31524423,auto_accept,n/a
ISIC_0032734,nv,nv,0.5377181,0.20241316,auto_accept,n/a
ISIC_0031946,nv,nv,0.0040175915,0.00016203376,auto_accept,n/a
ISIC_0027035,nv,nv,0.05113983,0.0009959423,auto_accept,n/a
ISIC_0033342,nv,bcc,0.11500186,0.9359644,auto_accept,n/a
ISIC_0028244,nv,nv,0.113999605,0.007094856,auto_accept,n/a
ISIC_0030133,akiec,akiec,0.0037831664,0.9968587,auto_accept,n/a
ISIC_0032770,nv,nv,0.23455143,0.10554087,auto_accept,n/a
ISIC_0026977,nv,nv,0.029750407,0.0053601707,auto_accept,n/a
ISIC_0025540,nv,nv,0.26834852,0.16046953,auto_accept,n/a
ISIC_0032474,nv,nv,0.0425452,0.00027695842,auto_accept,n/a
ISIC_0027123,nv,nv,0.061089873,8.931535e-05,auto_accept,n/a
ISIC_0031615,nv,nv,0.76908433,0.08761599,auto_accept,n/a
ISIC_0033959,nv,nv,0.557447,0.15368019,auto_accept,n/a
ISIC_0034098,nv,nv,0.7830163,0.25860777,auto_accept,n/a
ISIC_0031590,nv,nv,0.02676797,0.008646654,auto_accept,n/a
ISIC_0033865,bkl,bkl,0.57336843,0.0266672,auto_accept,n/a
ISIC_0026505,nv,nv,0.005820155,0.0005332358,auto_accept,n/a
ISIC_0027674,nv,nv,0.054174483,0.00085061707,auto_accept,n/a
ISIC_0029077,nv,nv,0.077384055,0.0006408319,auto_accept,n/a
ISIC_0032412,nv,mel,0.217516,0.8760546,auto_accept,n/a
ISIC_0028025,nv,nv,0.14772141,0.00027719562,auto_accept,n/a
ISIC_0034250,nv,nv,0.53352994,0.013046572,auto_accept,n/a
ISIC_0027918,nv,nv,0.025335312,0.0006370209,auto_accept,n/a
ISIC_0033117,mel,nv,0.76478016,0.27927464,auto_accept,n/a
ISIC_0030805,nv,vasc,0.8685549,1.7879376e-05,escalate,n/a
ISIC_0033984,nv,mel,0.15251625,0.9246917,auto_accept,n/a
ISIC_0024565,nv,nv,0.08817774,0.0025628582,auto_accept,n/a
ISIC_0029307,nv,nv,0.06915432,0.00046461038,auto_accept,n/a
ISIC_0033543,nv,nv,0.13360232,0.03899615,auto_accept,n/a
ISIC_0024536,nv,nv,0.07236862,0.0036761623,auto_accept,n/a
ISIC_0028742,nv,nv,0.09306729,0.00013142583,auto_accept,n/a
ISIC_0030719,nv,nv,0.033529878,0.00046117775,auto_accept,n/a
ISIC_0025985,bkl,bcc,0.20598239,0.9726395,auto_accept,n/a
ISIC_0031027,nv,nv,0.034865975,0.0017280566,auto_accept,n/a
ISIC_0029481,nv,df,0.6449554,0.00079804566,auto_accept,n/a
ISIC_0033827,nv,nv,0.8584743,0.054340187,escalate,n/a
ISIC_0026160,nv,nv,0.034402013,0.00090695545,auto_accept,n/a
ISIC_0025545,nv,nv,0.048606336,0.0007255079,auto_accept,n/a
ISIC_0027087,nv,mel,0.04972744,0.97590864,auto_accept,n/a
ISIC_0028353,nv,nv,0.38368124,0.0025207673,auto_accept,n/a
ISIC_0033569,mel,mel,0.45614195,0.7290258,auto_accept,n/a
ISIC_0026683,nv,nv,0.018380165,0.00016566052,auto_accept,n/a
ISIC_0029123,bcc,bcc,0.010982037,0.9722374,auto_accept,n/a
ISIC_0028595,nv,nv,0.008838892,2.8780114e-05,auto_accept,n/a
ISIC_0028395,nv,nv,0.63569486,0.003368887,auto_accept,n/a
ISIC_0032210,nv,nv,0.17036891,0.00017137501,auto_accept,n/a
ISIC_0033964,nv,bcc,0.01951015,0.9917892,auto_accept,n/a
ISIC_0026570,nv,nv,0.008663356,0.0002875891,auto_accept,n/a
ISIC_0026735,mel,mel,0.8605715,0.46732697,escalate,n/a
ISIC_0029294,nv,nv,0.029459298,0.0038830705,auto_accept,n/a
ISIC_0032924,nv,mel,0.9482577,0.38293293,escalate,n/a
ISIC_0032795,nv,nv,0.6410436,0.026827259,auto_accept,n/a
ISIC_0028737,nv,bcc,0.17781872,0.9429775,auto_accept,n/a
ISIC_0031313,nv,nv,0.14981908,0.0007334163,auto_accept,n/a
ISIC_0025796,nv,nv,0.10884261,0.022500128,auto_accept,n/a
ISIC_0030931,nv,nv,0.17582077,0.031177567,auto_accept,n/a
ISIC_0029802,bkl,akiec,0.008710742,0.99571264,auto_accept,n/a
ISIC_0028318,nv,nv,0.054653704,2.8088034e-06,auto_accept,n/a
ISIC_0026601,nv,nv,0.9613579,0.3790125,escalate,n/a
ISIC_0029636,nv,nv,0.7923753,0.3890131,auto_accept,n/a
ISIC_0033248,bcc,bcc,0.012170196,0.9978442,auto_accept,n/a
ISIC_0033582,bkl,bkl,0.997049,0.1709878,escalate,n/a
ISIC_0024337,bkl,df,0.69069123,1.7882225e-05,auto_accept,n/a
ISIC_0029410,nv,nv,0.00402236,3.6999583e-05,auto_accept,n/a
ISIC_0025580,nv,nv,0.009581864,0.00011100933,auto_accept,n/a
ISIC_0030005,bkl,bkl,0.6596314,0.5478498,auto_accept,n/a
ISIC_0031771,nv,nv,0.17235404,5.558028e-05,auto_accept,n/a
ISIC_0030558,nv,nv,0.0060564876,1.7242848e-05,auto_accept,n/a
ISIC_0028621,nv,bcc,0.098472655,0.9615126,auto_accept,n/a
ISIC_0028157,nv,nv,0.2714634,0.00013214198,auto_accept,n/a
ISIC_0025335,nv,mel,0.99469936,0.60252875,escalate,n/a
ISIC_0032401,nv,nv,0.055440664,0.00017798731,auto_accept,n/a
ISIC_0029786,nv,nv,0.4262476,0.10613705,auto_accept,n/a
ISIC_0030253,nv,nv,0.22929919,0.05179622,auto_accept,n/a
ISIC_0032551,nv,nv,0.36443555,0.087571956,auto_accept,n/a
ISIC_0026604,mel,bkl,0.9355689,0.61603487,escalate,n/a
ISIC_0032400,mel,vasc,0.5463855,0.069844976,auto_accept,n/a
ISIC_0033120,mel,mel,0.95071197,0.40172288,escalate,n/a
ISIC_0025916,nv,nv,0.078490734,0.003155684,auto_accept,n/a
ISIC_0028598,nv,nv,0.9463173,0.5900629,escalate,n/a
ISIC_0025642,bkl,nv,0.30094558,0.015827576,auto_accept,n/a
ISIC_0025630,bcc,bcc,0.02063936,0.993511,auto_accept,n/a
ISIC_0028677,bcc,bcc,0.6142984,0.59413564,auto_accept,n/a
ISIC_0027444,nv,nv,0.1702882,0.065726675,auto_accept,n/a
ISIC_0033907,nv,nv,0.5431334,0.005545721,auto_accept,n/a
ISIC_0028227,mel,akiec,0.40472656,0.9253144,auto_accept,n/a
ISIC_0032064,nv,vasc,0.45440525,0.00020502644,auto_accept,n/a
ISIC_0033430,nv,vasc,0.3930503,0.026827756,auto_accept,n/a
ISIC_0025399,nv,nv,0.085404694,0.005032163,auto_accept,n/a
ISIC_0031544,nv,nv,0.15140349,0.003363851,auto_accept,n/a
ISIC_0027460,nv,nv,0.033729017,0.00031352794,auto_accept,n/a
ISIC_0027347,nv,nv,0.06260675,8.0434205e-07,auto_accept,n/a
ISIC_0033830,nv,nv,0.19637597,0.047462683,auto_accept,n/a
ISIC_0027217,nv,nv,0.0055724382,2.4859983e-05,auto_accept,n/a
ISIC_0030799,nv,nv,0.0028697848,5.6807385e-05,auto_accept,n/a
ISIC_0024443,bcc,bcc,0.0088944435,0.99365777,auto_accept,n/a
ISIC_0027823,nv,nv,0.2488144,0.02009693,auto_accept,n/a
ISIC_0026860,nv,nv,0.03800881,0.0022187922,auto_accept,n/a
ISIC_0033758,bkl,nv,0.8148698,0.054124765,auto_accept,n/a
ISIC_0032439,bcc,bcc,0.008226037,0.99810225,auto_accept,n/a
ISIC_0027913,nv,nv,0.06690234,0.0015209321,auto_accept,n/a
ISIC_0032560,nv,mel,0.25854492,0.82745546,auto_accept,n/a
ISIC_0026612,nv,nv,0.037561297,0.0008666736,auto_accept,n/a
ISIC_0033216,mel,nv,0.07573378,0.0016415931,auto_accept,n/a
ISIC_0027154,bkl,bkl,0.37604135,0.21038665,auto_accept,n/a
ISIC_0025747,nv,nv,0.05677128,0.00042623546,auto_accept,n/a
ISIC_0033227,nv,nv,0.27027875,0.009706052,auto_accept,n/a
ISIC_0029197,nv,nv,0.14034832,0.0027251458,auto_accept,n/a
ISIC_0024472,bcc,bcc,0.006510079,0.99742824,auto_accept,n/a
ISIC_0031682,nv,nv,0.04229194,0.00017954373,auto_accept,n/a
ISIC_0032558,nv,nv,0.5268836,0.21384357,auto_accept,n/a
ISIC_0025365,nv,nv,0.014717519,5.435013e-05,auto_accept,n/a
ISIC_0025290,nv,nv,0.007317245,0.000118240554,auto_accept,n/a
ISIC_0027080,nv,nv,0.014915824,0.0001323127,auto_accept,n/a
ISIC_0034157,nv,mel,0.9520376,0.53401005,escalate,n/a
ISIC_0029023,nv,nv,0.05648786,0.0008915042,auto_accept,n/a
ISIC_0031703,nv,nv,0.14453769,0.011306625,auto_accept,n/a
ISIC_0024455,nv,nv,0.021592677,0.00081952557,auto_accept,n/a
ISIC_0032452,nv,nv,0.039214075,0.0011871357,auto_accept,n/a
ISIC_0033205,bcc,bcc,0.008797407,0.98962176,auto_accept,n/a
ISIC_0027015,nv,nv,0.08889043,0.008402416,auto_accept,n/a
ISIC_0028386,bkl,df,0.53622377,6.699481e-05,auto_accept,n/a
ISIC_0034202,mel,mel,0.644349,0.5824939,auto_accept,n/a
ISIC_0028092,nv,nv,0.8842217,0.35555175,escalate,n/a
ISIC_0024856,nv,nv,0.083813906,0.0007527619,auto_accept,n/a
ISIC_0025390,nv,nv,0.49243194,0.13359717,auto_accept,n/a
ISIC_0026142,bkl,nv,0.7038349,0.0258573,auto_accept,n/a
ISIC_0034087,mel,nv,0.8205173,0.5463642,auto_accept,n/a
ISIC_0032750,mel,mel,0.18083608,0.88797456,auto_accept,n/a
ISIC_0026508,nv,nv,0.30189663,0.004231409,auto_accept,n/a
ISIC_0033003,nv,nv,0.552914,0.006318189,auto_accept,n/a
ISIC_0030051,nv,nv,0.015368879,8.0984246e-05,auto_accept,n/a
ISIC_0027352,mel,mel,0.88183075,0.42215362,escalate,n/a
ISIC_0033006,nv,nv,0.32270998,0.06231801,auto_accept,n/a
ISIC_0026454,nv,bkl,0.95264995,0.33519515,escalate,n/a
ISIC_0027039,nv,nv,0.009915888,0.00014185405,auto_accept,n/a
ISIC_0031887,nv,nv,0.13378197,0.0025462771,auto_accept,n/a
ISIC_0025982,bkl,bkl,0.40024447,0.10656995,auto_accept,n/a
ISIC_0026080,nv,df,0.027947426,0.023465335,auto_accept,n/a
ISIC_0030908,nv,nv,0.031152427,0.003829592,auto_accept,n/a
ISIC_0028510,nv,nv,0.3786757,0.039611153,auto_accept,n/a
ISIC_0025907,nv,nv,0.39767838,0.107840784,auto_accept,n/a
ISIC_0028466,nv,nv,0.018550277,6.8198584e-05,auto_accept,n/a
ISIC_0030988,bkl,nv,0.45146495,0.040657252,auto_accept,n/a
ISIC_0029513,mel,bkl,0.7093698,0.25959635,auto_accept,n/a
ISIC_0025283,nv,nv,0.031852603,0.001228632,auto_accept,n/a
ISIC_0025273,nv,nv,0.98926944,0.00019548637,escalate,n/a
ISIC_0027973,bkl,akiec,0.9536185,0.8045781,escalate,n/a
ISIC_0032754,nv,nv,0.92377675,0.12754609,escalate,n/a
ISIC_0033819,mel,mel,0.16761917,0.8799759,auto_accept,n/a
ISIC_0028352,mel,bkl,0.6985942,0.08767076,auto_accept,n/a
ISIC_0029072,nv,nv,0.32249653,0.4693383,auto_accept,n/a
ISIC_0026004,nv,nv,0.022427976,0.0006852895,auto_accept,n/a
ISIC_0032896,nv,nv,0.81048036,0.063378535,auto_accept,n/a
ISIC_0028774,bkl,akiec,0.5467498,0.9435132,auto_accept,n/a
ISIC_0032478,nv,bkl,0.5765899,0.049086142,auto_accept,n/a
ISIC_0026577,nv,bkl,0.4291377,0.19087596,auto_accept,n/a
ISIC_0031869,nv,nv,0.29952943,0.0005795844,auto_accept,n/a
ISIC_0030949,nv,vasc,0.5172893,0.00026957266,auto_accept,n/a
ISIC_0030544,nv,vasc,0.04196447,0.03714345,auto_accept,n/a
ISIC_0031139,nv,nv,0.12085587,6.423006e-05,auto_accept,n/a
ISIC_0027758,nv,nv,0.023784459,0.00015526266,auto_accept,n/a
ISIC_0030903,nv,nv,0.0026317835,5.747142e-07,auto_accept,n/a
ISIC_0028125,nv,nv,0.007558048,2.773749e-06,auto_accept,n/a
ISIC_0024677,nv,nv,0.0093025565,7.698245e-05,auto_accept,n/a
ISIC_0034028,mel,nv,0.8998446,0.29800805,escalate,n/a
ISIC_0033140,nv,nv,0.11573839,0.014803319,auto_accept,n/a
ISIC_0028268,nv,nv,0.0096898675,8.324704e-05,auto_accept,n/a
ISIC_0029346,nv,nv,0.44577378,0.0014480788,auto_accept,n/a
ISIC_0024733,mel,akiec,0.35988957,0.9378697,auto_accept,n/a
ISIC_0029165,nv,nv,0.04312104,0.00014022933,auto_accept,n/a
ISIC_0034269,mel,mel,0.8683169,0.4672255,escalate,n/a
ISIC_0031188,nv,nv,0.07839233,0.0035652672,auto_accept,n/a
ISIC_0028829,nv,nv,0.35206258,0.051757425,auto_accept,n/a
ISIC_0030676,nv,bcc,0.37090588,0.66146916,auto_accept,n/a
ISIC_0030832,nv,nv,0.05191779,0.01097954,auto_accept,n/a
ISIC_0033408,nv,nv,0.04925978,0.00046148177,auto_accept,n/a
ISIC_0024697,nv,nv,0.13484669,0.031846065,auto_accept,n/a
ISIC_0033008,nv,mel,0.83583343,0.5982475,escalate,n/a
ISIC_0032970,mel,mel,0.67871046,0.57957006,auto_accept,n/a
ISIC_0033622,nv,nv,0.113105774,0.017929565,auto_accept,n/a
ISIC_0025566,nv,nv,0.033415914,0.0029466432,auto_accept,n/a
ISIC_0030317,nv,nv,0.023989439,8.3845836e-05,auto_accept,n/a
ISIC_0033283,nv,nv,0.91652405,0.1464208,escalate,n/a
ISIC_0030857,nv,nv,0.18251503,0.028139494,auto_accept,n/a
ISIC_0026510,nv,nv,0.035984457,0.004698838,auto_accept,n/a
ISIC_0028592,nv,nv,0.5561634,0.15065208,auto_accept,n/a
ISIC_0031536,nv,nv,0.13982838,0.004460119,auto_accept,n/a
ISIC_0025767,bkl,bkl,0.21024734,0.0023685815,auto_accept,n/a
ISIC_0027404,nv,df,0.73626316,1.1011061e-05,auto_accept,n/a
ISIC_0030968,nv,df,0.68020296,0.00016339832,auto_accept,n/a
ISIC_0031832,nv,mel,0.82079184,0.46946147,auto_accept,n/a
ISIC_0026408,nv,nv,0.0076577663,0.00015899344,auto_accept,n/a
ISIC_0025114,nv,nv,0.018515825,0.00059597456,auto_accept,n/a
ISIC_0027793,mel,nv,0.06819689,0.0042009153,auto_accept,n/a
ISIC_0027269,vasc,vasc,0.05150807,0.051418062,auto_accept,n/a
ISIC_0031592,nv,nv,0.25999475,0.003049912,auto_accept,n/a
ISIC_0032918,mel,bkl,0.20187306,0.22391635,auto_accept,n/a
ISIC_0028205,nv,nv,0.41705507,0.12482881,auto_accept,n/a
ISIC_0031519,bkl,akiec,0.91994214,0.88717115,escalate,n/a
ISIC_0024609,nv,nv,0.060669065,0.0008239422,auto_accept,n/a
ISIC_0024850,bkl,nv,0.31430447,0.00016319046,auto_accept,n/a
ISIC_0025237,nv,mel,0.6194432,0.9478286,auto_accept,n/a
ISIC_0031258,bcc,bcc,0.08613962,0.9744459,auto_accept,n/a
ISIC_0029926,nv,nv,0.8396582,0.25205964,escalate,n/a
ISIC_0028991,nv,nv,0.008018076,6.545989e-05,auto_accept,n/a
ISIC_0025673,nv,nv,0.25829613,0.0065023564,auto_accept,n/a
ISIC_0028976,nv,nv,0.0153621435,0.00093474746,auto_accept,n/a
ISIC_0030199,nv,nv,0.003967285,1.7630076e-05,auto_accept,n/a
ISIC_0032556,bkl,mel,0.7654472,0.6167101,auto_accept,n/a
ISIC_0028955,nv,nv,0.15162778,0.0018650425,auto_accept,n/a
ISIC_0029146,mel,akiec,0.051033497,0.982627,auto_accept,n/a
ISIC_0024799,bcc,bcc,0.012816489,0.99536765,auto_accept,n/a
ISIC_0030965,bkl,akiec,0.9204124,0.77027327,escalate,n/a
ISIC_0028422,nv,nv,0.035328925,0.0021622058,auto_accept,n/a
ISIC_0028921,nv,nv,0.017026246,4.769147e-05,auto_accept,n/a
ISIC_0028178,nv,nv,0.0150873065,0.0003050466,auto_accept,n/a
ISIC_0030128,nv,nv,0.037574172,0.0005498732,auto_accept,n/a
ISIC_0024985,nv,nv,0.10178465,0.0050208736,auto_accept,n/a
ISIC_0026496,bcc,bcc,0.006923139,0.9896882,auto_accept,n/a
ISIC_0026196,nv,nv,0.018957734,0.00021915913,auto_accept,n/a
ISIC_0027293,nv,mel,0.59851086,0.705413,auto_accept,n/a
ISIC_0031935,nv,nv,0.053410172,0.0001558762,auto_accept,n/a
ISIC_0025902,nv,df,0.9795687,0.03954557,escalate,n/a
ISIC_0026224,nv,bcc,0.015540957,0.8949574,auto_accept,n/a
ISIC_0030602,akiec,akiec,0.28943616,0.9196003,auto_accept,n/a
ISIC_0031562,nv,nv,0.074154615,0.010039096,auto_accept,n/a
ISIC_0032446,nv,nv,0.10401386,0.00074595114,auto_accept,n/a
ISIC_0031379,nv,nv,0.122083545,0.013353968,auto_accept,n/a
ISIC_0034099,nv,nv,0.12977046,0.002128823,auto_accept,n/a
ISIC_0026029,nv,nv,0.57803535,0.07122519,auto_accept,n/a
ISIC_0031998,nv,nv,0.01228112,3.0871302e-05,auto_accept,n/a
ISIC_0031559,nv,nv,0.10482913,0.0148770055,auto_accept,n/a
ISIC_0025602,nv,nv,0.041937053,0.00051553384,auto_accept,n/a
ISIC_0032789,nv,nv,0.48404557,0.019877423,auto_accept,n/a
ISIC_0024829,bcc,bcc,0.020729423,0.99399084,auto_accept,n/a
ISIC_0029084,nv,nv,0.0050875545,0.00055531925,auto_accept,n/a
ISIC_0032445,bkl,bkl,0.21925128,0.055192396,auto_accept,n/a
ISIC_0028796,nv,nv,0.0054981112,6.33461e-05,auto_accept,n/a
ISIC_0027581,nv,nv,0.19975066,0.005874353,auto_accept,n/a
ISIC_0031220,nv,df,0.91129625,0.085451424,escalate,n/a
ISIC_0031278,nv,mel,0.9016131,0.4944579,escalate,n/a
ISIC_0027688,nv,nv,0.86660665,0.39628378,escalate,n/a
ISIC_0027972,nv,nv,0.079592586,0.0002831198,auto_accept,n/a
ISIC_0024326,nv,nv,0.026604772,0.00040908423,auto_accept,n/a
ISIC_0030760,mel,mel,0.8726382,0.36224255,escalate,n/a
ISIC_0027554,nv,nv,0.4579816,0.00048870087,auto_accept,n/a
ISIC_0032150,nv,nv,0.13916183,0.002099893,auto_accept,n/a
ISIC_0025774,nv,nv,0.002390325,5.139514e-05,auto_accept,n/a
ISIC_0034119,bcc,akiec,0.58430433,0.7390592,auto_accept,n/a
ISIC_0025199,bkl,nv,0.5706969,0.040833145,auto_accept,n/a
ISIC_0031750,nv,nv,0.33108032,0.012905764,auto_accept,n/a
ISIC_0026126,nv,mel,0.5033971,0.7331683,auto_accept,n/a
ISIC_0032971,nv,nv,0.10443169,0.0005974427,auto_accept,n/a
ISIC_0031722,nv,nv,0.037348986,0.00057058135,auto_accept,n/a
ISIC_0028357,nv,df,0.4720469,0.0580443,auto_accept,n/a
ISIC_0027066,nv,mel,0.094911695,0.9616248,auto_accept,n/a
ISIC_0032927,mel,nv,0.86635756,0.2651552,escalate,n/a
ISIC_0031032,nv,nv,0.15857017,0.003925832,auto_accept,n/a
ISIC_0025253,nv,nv,0.9667247,0.042556293,escalate,n/a
ISIC_0030858,nv,mel,0.7237016,0.61680037,auto_accept,n/a
ISIC_0031807,nv,nv,0.046417713,0.0028287703,auto_accept,n/a
ISIC_0025329,nv,nv,0.27824908,0.13545108,auto_accept,n/a
ISIC_0024772,bkl,mel,0.79689604,0.62682694,auto_accept,n/a
ISIC_0028304,nv,nv,0.4084472,0.039917972,auto_accept,n/a
ISIC_0026747,nv,nv,0.22182405,6.9044536e-06,auto_accept,n/a
ISIC_0026467,vasc,vasc,0.010037839,0.0003473423,auto_accept,n/a
ISIC_0030206,nv,mel,0.8001771,0.6832377,auto_accept,n/a
ISIC_0029218,nv,nv,0.34024066,0.019427508,auto_accept,n/a
ISIC_0025598,nv,bkl,0.636222,0.025963768,auto_accept,n/a
ISIC_0033556,nv,bkl,0.7655442,0.035673015,auto_accept,n/a
ISIC_0027266,nv,bkl,0.43051642,0.013288415,auto_accept,n/a
ISIC_0024336,bkl,bkl,0.42066413,0.11198724,auto_accept,n/a
ISIC_0025527,nv,nv,0.086387336,0.006896816,auto_accept,n/a
ISIC_0025854,nv,nv,0.7886565,0.0008746918,auto_accept,n/a
ISIC_0033180,mel,df,0.9764181,0.017570052,escalate,n/a
ISIC_0029313,nv,nv,0.87176836,0.0052445433,escalate,n/a
ISIC_0026356,nv,nv,0.013869941,0.00076330797,auto_accept,n/a
ISIC_0029163,mel,bkl,0.66477424,0.3889017,auto_accept,n/a
ISIC_0031291,nv,nv,0.026031017,0.00017910668,auto_accept,n/a
ISIC_0028233,bkl,nv,0.85358167,0.29527217,escalate,n/a
ISIC_0029113,bkl,nv,0.052647352,4.203286e-05,auto_accept,n/a
ISIC_0032126,nv,bkl,0.8452155,0.49395818,escalate,n/a
ISIC_0033190,nv,nv,0.63604426,0.0054979734,auto_accept,n/a
ISIC_0032994,nv,nv,0.6806463,0.1697202,auto_accept,n/a
ISIC_0029010,bkl,bkl,0.43612385,0.31064922,auto_accept,n/a
ISIC_0032515,nv,nv,0.048174083,0.0052134795,auto_accept,n/a
ISIC_0031978,nv,nv,0.23148239,0.061772097,auto_accept,n/a
ISIC_0032183,nv,nv,0.012869477,0.00010182414,auto_accept,n/a
ISIC_0028176,nv,nv,0.03550011,5.8711794e-05,auto_accept,n/a
ISIC_0034062,mel,bkl,0.5389146,0.15938294,auto_accept,n/a
ISIC_0025691,bcc,nv,0.8477001,0.08284948,escalate,n/a
ISIC_0033697,nv,nv,0.21376789,0.050512776,auto_accept,n/a
ISIC_0025461,nv,nv,0.3304937,0.21911238,auto_accept,n/a
ISIC_0024633,nv,nv,0.16456681,6.407906e-05,auto_accept,n/a
ISIC_0028861,nv,nv,0.08475524,0.0009689217,auto_accept,n/a
ISIC_0024321,nv,nv,0.047119975,0.00083679415,auto_accept,n/a
ISIC_0025226,nv,nv,0.087403,0.0070179068,auto_accept,n/a
ISIC_0031652,nv,nv,0.043259025,0.0004350313,auto_accept,n/a
ISIC_0026361,nv,nv,0.03810382,0.00021451495,auto_accept,n/a
ISIC_0032188,nv,nv,0.03538543,0.0021842958,auto_accept,n/a
ISIC_0032657,nv,mel,0.9438332,0.41418836,escalate,n/a
ISIC_0031509,nv,nv,0.012771845,0.00017976265,auto_accept,n/a
ISIC_0029548,bkl,nv,0.44727987,0.0055512567,auto_accept,n/a
ISIC_0028814,bcc,bcc,0.1129567,0.9991202,auto_accept,n/a
ISIC_0030030,nv,nv,0.033816397,0.0025576998,auto_accept,n/a
ISIC_0025152,nv,vasc,0.0014295578,0.0002835723,auto_accept,n/a
ISIC_0033165,nv,vasc,0.09437859,0.0069601694,auto_accept,n/a
ISIC_0025413,mel,mel,0.46991634,0.9841558,auto_accept,n/a
ISIC_0024641,nv,nv,0.006619334,0.00022455955,auto_accept,n/a
ISIC_0025330,bkl,nv,0.9228181,0.0009827536,escalate,n/a
ISIC_0032973,nv,mel,0.4967643,0.6967885,auto_accept,n/a
ISIC_0025844,nv,nv,0.01564145,0.0001052022,auto_accept,n/a
ISIC_0034045,nv,nv,0.506599,0.3453009,auto_accept,n/a
ISIC_0026406,nv,bkl,0.4712745,0.004630294,auto_accept,n/a
ISIC_0025138,nv,nv,0.04970151,0.0015307087,auto_accept,n/a
ISIC_0028532,nv,nv,0.12322444,0.0005099988,auto_accept,n/a
ISIC_0026640,nv,nv,0.012694836,0.00063422974,auto_accept,n/a
ISIC_0030969,nv,nv,0.071822345,0.0060833083,auto_accept,n/a
ISIC_0031666,mel,nv,0.37083805,0.05559548,auto_accept,n/a
ISIC_0025703,bkl,bkl,0.106530726,0.04552767,auto_accept,n/a
ISIC_0028852,nv,nv,0.054650366,0.00040263796,auto_accept,n/a
ISIC_0030170,nv,nv,0.13706893,0.0005643952,auto_accept,n/a
ISIC_0028735,df,df,0.90766853,0.14108448,escalate,n/a
ISIC_0033961,nv,nv,0.08213347,0.020455336,auto_accept,n/a
ISIC_0028758,nv,akiec,0.06763154,0.91392016,auto_accept,n/a
ISIC_0028930,mel,bkl,0.8811611,0.15706839,escalate,n/a
ISIC_0028650,bkl,bkl,0.8802192,0.4483486,escalate,n/a
ISIC_0029020,bcc,bcc,0.09572184,0.98818886,auto_accept,n/a
ISIC_0032845,mel,nv,0.033305347,0.003412385,auto_accept,n/a
ISIC_0030739,nv,nv,0.15518612,0.0041456055,auto_accept,n/a
ISIC_0024580,nv,nv,0.02090329,0.00063700357,auto_accept,n/a
ISIC_0029505,bkl,bkl,0.37617338,0.02664065,auto_accept,n/a
ISIC_0033018,nv,nv,0.08115858,0.011457045,auto_accept,n/a
ISIC_0028461,nv,nv,0.40668988,0.06787316,auto_accept,n/a
ISIC_0026784,nv,nv,0.34889084,0.04461757,auto_accept,n/a
ISIC_0030925,mel,mel,0.7793651,0.43703833,auto_accept,n/a
ISIC_0034079,nv,mel,0.94320273,0.37044615,escalate,n/a
ISIC_0025272,nv,nv,0.008414507,7.5421244e-06,auto_accept,n/a
ISIC_0025591,nv,nv,0.085036755,0.0015692436,auto_accept,n/a
ISIC_0030897,nv,nv,0.0843665,0.012307938,auto_accept,n/a
ISIC_0033489,nv,nv,0.14058429,0.0275382,auto_accept,n/a
ISIC_0025751,mel,mel,0.25485897,0.914254,auto_accept,n/a
ISIC_0026544,nv,df,0.7311779,0.048170563,auto_accept,n/a
ISIC_0029120,nv,nv,0.1954351,0.011349686,auto_accept,n/a
ISIC_0030084,nv,nv,0.019548774,0.00018444746,auto_accept,n/a
ISIC_0032498,bkl,bkl,0.29010898,0.049455084,auto_accept,n/a
ISIC_0032320,nv,nv,0.110869706,0.012991501,auto_accept,n/a
ISIC_0027271,nv,mel,0.28772283,0.8854212,auto_accept,n/a
ISIC_0033081,mel,nv,0.5352721,0.011632232,auto_accept,n/a
ISIC_0031508,nv,nv,0.00409317,0.00060124876,auto_accept,n/a
ISIC_0032633,nv,mel,0.76830477,0.526675,auto_accept,n/a
ISIC_0025611,mel,mel,0.38363862,0.84513307,auto_accept,n/a
ISIC_0032799,bcc,bcc,0.21210861,0.94620544,auto_accept,n/a
ISIC_0025895,nv,nv,0.04021007,5.9017842e-05,auto_accept,n/a
ISIC_0024977,nv,nv,0.027457774,0.0006415513,auto_accept,n/a
ISIC_0030776,nv,nv,0.108635366,0.01076374,auto_accept,n/a
ISIC_0030495,nv,nv,0.04114586,0.00063142786,auto_accept,n/a
ISIC_0031891,nv,nv,0.03682375,0.0024373655,auto_accept,n/a
ISIC_0032585,nv,nv,0.0957579,0.049069654,auto_accept,n/a
ISIC_0026558,mel,mel,0.5921764,0.6483871,auto_accept,n/a
ISIC_0031767,nv,nv,0.003455758,0.0006031239,auto_accept,n/a
ISIC_0031234,nv,nv,0.19310194,0.00012226444,auto_accept,n/a
ISIC_0025158,nv,nv,0.50658756,0.0048449175,auto_accept,n/a
ISIC_0029131,nv,nv,0.008612394,0.0017852748,auto_accept,n/a
ISIC_0026658,nv,nv,0.19614995,0.011926857,auto_accept,n/a
ISIC_0025779,nv,nv,0.041919947,0.008997631,auto_accept,n/a
ISIC_0030119,mel,bcc,0.6988102,0.7467611,auto_accept,n/a
ISIC_0030894,nv,bkl,0.7520515,0.30035013,auto_accept,n/a
ISIC_0025771,df,df,0.0001373887,4.222941e-05,auto_accept,n/a
ISIC_0026546,nv,mel,0.8167993,0.5581582,auto_accept,n/a
ISIC_0032219,mel,mel,0.5696845,0.7383105,auto_accept,n/a
ISIC_0028241,nv,nv,0.0656119,0.009568229,auto_accept,n/a
ISIC_0032954,nv,nv,0.6018639,0.21858372,auto_accept,n/a
ISIC_0030230,bcc,bcc,0.83604896,0.8259799,escalate,n/a
ISIC_0030056,bkl,bkl,0.13655865,1.3446941e-05,auto_accept,n/a
ISIC_0029984,nv,nv,0.06618881,0.0019675826,auto_accept,n/a
ISIC_0032100,nv,nv,0.019734323,1.7492946e-05,auto_accept,n/a
ISIC_0030471,nv,nv,0.15698427,0.001180851,auto_accept,n/a
ISIC_0027627,nv,bcc,0.95928025,0.7369672,escalate,n/a
ISIC_0033598,nv,nv,0.2790932,0.20132394,auto_accept,n/a
ISIC_0033640,nv,nv,0.6089442,0.34381038,auto_accept,n/a
ISIC_0031147,nv,nv,0.09277177,0.01721581,auto_accept,n/a
ISIC_0025489,mel,nv,0.21072072,0.06509765,auto_accept,n/a
ISIC_0028009,nv,mel,0.9734944,0.48977196,escalate,n/a
ISIC_0033291,nv,nv,0.023776352,0.0030214966,auto_accept,n/a
ISIC_0033256,df,df,0.47546846,0.11072979,auto_accept,n/a
ISIC_0030752,nv,nv,0.010102391,0.0003293561,auto_accept,n/a
ISIC_0033960,nv,nv,0.21414447,0.08568843,auto_accept,n/a
ISIC_0033223,nv,mel,0.75526226,0.45247564,auto_accept,n/a
ISIC_0027357,nv,nv,0.043491364,1.6151622e-05,auto_accept,n/a
ISIC_0028836,nv,df,0.7129792,1.6012196e-05,auto_accept,n/a
ISIC_0030975,nv,nv,0.0038497448,0.000521334,auto_accept,n/a
ISIC_0029572,nv,nv,0.12873763,0.007178425,auto_accept,n/a
ISIC_0027833,nv,bcc,0.08573133,0.94685894,auto_accept,n/a
ISIC_0024543,nv,nv,0.14990133,0.006781181,auto_accept,n/a
ISIC_0026779,nv,nv,0.62494594,0.00072193943,auto_accept,n/a
ISIC_0028838,nv,nv,0.33086252,0.014503301,auto_accept,n/a
ISIC_0031999,mel,nv,0.07035017,0.0010825188,auto_accept,n/a
ISIC_0032781,nv,nv,0.65254986,0.30222908,auto_accept,n/a
ISIC_0024392,nv,nv,0.0024962425,4.2620588e-05,auto_accept,n/a
ISIC_0032810,mel,mel,0.12047392,0.93286216,auto_accept,n/a
ISIC_0033158,vasc,vasc,4.3213367e-05,1.28533375e-05,auto_accept,n/a
ISIC_0032101,nv,nv,0.029807448,3.63064e-05,auto_accept,n/a
ISIC_0031075,nv,nv,0.020346165,0.0006330539,auto_accept,n/a
ISIC_0029419,nv,nv,0.51245487,0.0010188677,auto_accept,n/a
ISIC_0032345,nv,nv,0.8375918,0.0080290055,escalate,n/a
ISIC_0029236,nv,nv,0.04270655,0.0020125008,auto_accept,n/a
ISIC_0028452,nv,nv,0.029328942,0.00014789429,auto_accept,n/a
ISIC_0029561,nv,nv,0.011518419,3.50359e-06,auto_accept,n/a
ISIC_0033179,nv,nv,0.13299787,0.00037650613,auto_accept,n/a
ISIC_0032163,nv,nv,0.08145857,0.016573051,auto_accept,n/a
ISIC_0031077,mel,nv,0.50689155,0.1536905,auto_accept,n/a
ISIC_0028988,nv,nv,0.55540615,0.3505099,auto_accept,n/a
ISIC_0024595,bcc,bcc,0.85951954,0.7665641,escalate,n/a
ISIC_0029396,bkl,mel,0.9358588,0.73387086,escalate,n/a
ISIC_0026253,nv,nv,0.49380046,0.018449062,auto_accept,n/a
ISIC_0028103,mel,akiec,0.99839157,0.45957196,escalate,n/a
ISIC_0032639,nv,nv,0.47393346,0.040056158,auto_accept,n/a
ISIC_0031885,nv,nv,0.120443225,0.00031636152,auto_accept,n/a
ISIC_0026338,nv,nv,0.048093975,0.00094142003,auto_accept,n/a
ISIC_0034129,nv,nv,0.9240726,0.39398247,escalate,n/a
ISIC_0030038,nv,nv,0.34953284,0.034948513,auto_accept,n/a
ISIC_0026585,nv,df,0.1848951,0.00019212416,auto_accept,n/a
ISIC_0025023,nv,nv,0.06975675,0.0023678537,auto_accept,n/a
ISIC_0027411,nv,nv,0.06490308,0.007983326,auto_accept,n/a
ISIC_0030049,nv,nv,0.08819586,0.0025706748,auto_accept,n/a
ISIC_0029753,nv,nv,0.010017633,1.4019982e-06,auto_accept,n/a
ISIC_0025608,nv,nv,0.034554124,0.0062643527,auto_accept,n/a
ISIC_0028518,nv,nv,0.4565162,0.07189212,auto_accept,n/a
ISIC_0031793,nv,nv,0.014318764,0.0008444287,auto_accept,n/a
ISIC_0028753,nv,nv,0.08968818,0.0055965027,auto_accept,n/a
ISIC_0024746,nv,nv,0.11538297,0.00016807324,auto_accept,n/a
ISIC_0033240,mel,bkl,0.5797503,0.35770833,auto_accept,n/a
ISIC_0031026,bcc,bcc,0.033387244,0.993119,auto_accept,n/a
ISIC_0034233,mel,mel,0.016998589,0.9906081,auto_accept,n/a
ISIC_0027049,nv,nv,0.093477786,0.011484042,auto_accept,n/a
ISIC_0030183,mel,mel,0.5612696,0.76936626,auto_accept,n/a
ISIC_0031345,bkl,df,0.31881273,9.6953765e-05,auto_accept,n/a
ISIC_0028526,nv,nv,0.16607243,0.00013055812,auto_accept,n/a
ISIC_0027866,nv,df,0.070973754,0.05675434,auto_accept,n/a
ISIC_0028481,mel,mel,0.37600076,0.75902873,auto_accept,n/a
ISIC_0033657,nv,nv,0.297086,0.11324377,auto_accept,n/a
ISIC_0032214,mel,bcc,0.80886436,0.9060764,auto_accept,n/a
ISIC_0033390,nv,nv,0.15070003,0.029358,auto_accept,n/a
ISIC_0033330,nv,nv,0.08388454,0.018248139,auto_accept,n/a
ISIC_0032527,nv,nv,0.9043052,0.52506036,escalate,n/a
ISIC_0031172,nv,nv,0.37044477,0.011425883,auto_accept,n/a
ISIC_0031201,vasc,vasc,9.4771385e-06,3.3538186e-06,auto_accept,n/a
ISIC_0032205,nv,nv,0.13352394,0.0013917795,auto_accept,n/a
ISIC_0030415,nv,nv,0.049376547,0.0006909022,auto_accept,n/a
ISIC_0033361,bkl,mel,0.16659671,0.8145845,auto_accept,n/a
ISIC_0030462,nv,nv,0.3789966,0.22280689,auto_accept,n/a
ISIC_0026974,nv,nv,0.25515807,0.083086774,auto_accept,n/a
ISIC_0025893,nv,df,0.078834236,0.032819245,auto_accept,n/a
ISIC_0026498,nv,nv,0.47285193,0.020453213,auto_accept,n/a
ISIC_0032573,nv,nv,0.43701684,0.114978835,auto_accept,n/a
ISIC_0032636,bkl,nv,0.4320531,0.10531365,auto_accept,n/a
ISIC_0029406,bkl,akiec,0.8339786,0.35412404,auto_accept,n/a
ISIC_0028063,akiec,akiec,0.014293015,0.990973,auto_accept,n/a
ISIC_0028475,nv,nv,0.009239376,6.12565e-05,auto_accept,n/a
ISIC_0026109,nv,nv,0.25424707,0.009413216,auto_accept,n/a
ISIC_0024802,nv,nv,0.44880491,0.0028940483,auto_accept,n/a
ISIC_0026227,nv,nv,0.7396097,0.00017619223,auto_accept,n/a
ISIC_0032850,bcc,bcc,0.0033051968,0.9905284,auto_accept,n/a
ISIC_0033596,nv,bkl,0.20981324,0.0979195,auto_accept,n/a
ISIC_0028226,nv,nv,0.6279169,0.12836345,auto_accept,n/a
ISIC_0027796,bkl,nv,0.9143724,0.31175408,escalate,n/a
ISIC_0026221,nv,nv,0.029574335,0.0016820008,auto_accept,n/a
ISIC_0027996,bkl,bkl,0.18920761,0.01417386,auto_accept,n/a
ISIC_0033561,nv,nv,0.7618558,0.27661535,auto_accept,n/a
ISIC_0030201,nv,nv,0.04665363,0.0019444979,auto_accept,n/a
ISIC_0025022,nv,nv,0.32739705,5.5496916e-05,auto_accept,n/a
ISIC_0026072,bkl,akiec,0.043905854,0.96850675,auto_accept,n/a
ISIC_0032978,bkl,mel,0.09248984,0.9921401,auto_accept,n/a
ISIC_0025542,nv,nv,0.8980977,0.09181981,escalate,n/a
ISIC_0033701,bkl,bkl,0.7322752,0.038191408,auto_accept,n/a
ISIC_0030538,nv,nv,0.04175347,0.005082778,auto_accept,n/a
ISIC_0030305,nv,nv,0.1305232,0.03330715,auto_accept,n/a
ISIC_0027943,nv,nv,0.1392045,0.00028721258,auto_accept,n/a
ISIC_0031681,nv,bkl,0.54872227,0.35758865,auto_accept,n/a
ISIC_0025849,nv,df,0.10676491,0.00012310558,auto_accept,n/a
ISIC_0027712,nv,nv,0.25974113,2.8274442e-05,auto_accept,n/a
ISIC_0031543,mel,mel,0.11600393,0.95971537,auto_accept,n/a
ISIC_0033206,mel,mel,0.2470231,0.801738,auto_accept,n/a
ISIC_0032233,nv,nv,0.1937291,0.006098091,auto_accept,n/a
ISIC_0025433,bcc,bcc,0.049967468,0.99165595,auto_accept,n/a
ISIC_0028717,nv,nv,0.1175341,0.0053069447,auto_accept,n/a
ISIC_0033925,mel,vasc,0.89585465,0.010052995,escalate,n/a
ISIC_0031754,nv,nv,0.44631493,0.093466,auto_accept,n/a
ISIC_0024964,nv,nv,0.007731259,2.2808805e-05,auto_accept,n/a
ISIC_0025276,bkl,bcc,0.5012474,0.83851826,auto_accept,n/a
ISIC_0030220,nv,nv,0.042999208,0.000116845455,auto_accept,n/a
ISIC_0032743,nv,nv,0.7432698,0.33359778,auto_accept,n/a
ISIC_0030654,nv,nv,0.28761053,0.10792297,auto_accept,n/a
ISIC_0026255,nv,nv,0.41834676,0.009456002,auto_accept,n/a
ISIC_0032051,bkl,bkl,0.22994894,0.03943642,auto_accept,n/a
ISIC_0032798,nv,nv,0.4565277,0.09370932,auto_accept,n/a
ISIC_0026281,mel,mel,0.51306725,0.75450134,auto_accept,n/a
ISIC_0032507,nv,nv,0.0027319193,0.00021995294,auto_accept,n/a
ISIC_0032647,nv,nv,0.10038191,0.013804047,auto_accept,n/a
ISIC_0026050,nv,nv,0.014430106,0.00080685713,auto_accept,n/a
ISIC_0031973,nv,nv,0.24093223,0.083941214,auto_accept,n/a
ISIC_0033455,nv,nv,0.56501764,0.18002738,auto_accept,n/a
ISIC_0028266,nv,df,0.30737746,0.0032449884,auto_accept,n/a
ISIC_0024681,nv,nv,0.039836526,2.0728696e-05,auto_accept,n/a
ISIC_0025592,mel,nv,0.4166261,0.06552818,auto_accept,n/a
ISIC_0024456,nv,nv,0.059102416,0.00037405637,auto_accept,n/a
ISIC_0028212,nv,nv,0.4536717,0.04179421,auto_accept,n/a
ISIC_0024608,nv,nv,0.7341951,0.30782586,auto_accept,n/a
ISIC_0026365,bkl,nv,0.6160072,0.05375422,auto_accept,n/a
ISIC_0030111,nv,nv,0.05263692,0.0013570614,auto_accept,n/a
ISIC_0033090,nv,nv,0.13103282,0.0050020115,auto_accept,n/a
ISIC_0033703,nv,mel,0.47553355,0.64984125,auto_accept,n/a
ISIC_0028524,nv,nv,0.027002752,0.0022307625,auto_accept,n/a
ISIC_0025800,mel,akiec,0.7633828,0.54463345,auto_accept,n/a
ISIC_0030505,nv,nv,0.041688323,0.0013404271,auto_accept,n/a
ISIC_0026449,nv,mel,0.5240735,0.8428974,auto_accept,n/a
ISIC_0033036,nv,nv,0.01382488,0.00019640649,auto_accept,n/a
ISIC_0028664,nv,nv,0.023631513,0.00095697655,auto_accept,n/a
ISIC_0032371,akiec,akiec,0.45006752,0.9922478,auto_accept,n/a
ISIC_0033070,nv,nv,0.24239594,0.06373931,auto_accept,n/a
ISIC_0031619,bkl,df,0.009199202,0.0032932234,auto_accept,n/a
ISIC_0031904,nv,mel,0.76944107,0.42303824,auto_accept,n/a
ISIC_0029202,bkl,nv,0.5577812,1.0486351e-05,auto_accept,n/a
ISIC_0029887,nv,nv,0.02013272,0.0008828919,auto_accept,n/a
ISIC_0025297,bkl,bkl,0.20438713,0.12266833,auto_accept,n/a
ISIC_0030163,nv,nv,0.015482962,0.00038074233,auto_accept,n/a
ISIC_0033181,nv,vasc,0.2827688,0.00074670825,auto_accept,n/a
ISIC_0029009,nv,nv,0.032794774,0.0029784276,auto_accept,n/a
ISIC_0025360,nv,nv,0.006248355,0.00061515864,auto_accept,n/a
ISIC_0027721,mel,mel,0.800817,0.6599745,auto_accept,n/a
ISIC_0029944,nv,nv,0.018592536,0.0016458741,auto_accept,n/a
ISIC_0029979,nv,nv,0.01182276,0.0002643616,auto_accept,n/a
ISIC_0026998,nv,vasc,0.5314621,0.03575598,auto_accept,n/a
ISIC_0025722,nv,nv,0.058663428,0.0003075841,auto_accept,n/a
ISIC_0026710,nv,nv,0.02366817,8.113891e-05,auto_accept,n/a
ISIC_0027855,nv,nv,0.23203063,0.14386055,auto_accept,n/a
ISIC_0025788,nv,nv,0.16138834,0.025201764,auto_accept,n/a
ISIC_0028953,nv,nv,0.015242398,0.00074891566,auto_accept,n/a
ISIC_0029661,nv,nv,0.3957138,0.00772832,auto_accept,n/a
ISIC_0031576,nv,nv,0.012205005,0.00042118525,auto_accept,n/a
ISIC_0028990,akiec,bkl,0.85523444,0.42605284,escalate,n/a
ISIC_0027890,nv,nv,0.11549097,0.0034696434,auto_accept,n/a
ISIC_0024855,nv,mel,0.6725792,0.64072347,auto_accept,n/a
ISIC_0028245,nv,nv,0.23106223,0.0003328282,auto_accept,n/a
ISIC_0028883,nv,mel,0.96521604,0.76633614,escalate,n/a
ISIC_0033798,nv,nv,0.3368683,0.0730024,auto_accept,n/a
ISIC_0033409,nv,nv,0.07126856,0.030625265,auto_accept,n/a
ISIC_0027515,nv,nv,0.064327896,0.002086416,auto_accept,n/a
ISIC_0033935,nv,nv,0.3648907,0.08262579,auto_accept,n/a
ISIC_0029859,mel,nv,0.03744501,0.0015471994,auto_accept,n/a
ISIC_0030174,nv,nv,0.034045696,0.0023397396,auto_accept,n/a
ISIC_0031498,mel,nv,0.20752633,0.061799888,auto_accept,n/a
ISIC_0029094,mel,mel,0.8802583,0.57354367,escalate,n/a
ISIC_0031432,nv,nv,0.021101713,0.005492386,auto_accept,n/a
ISIC_0032552,mel,mel,0.8237289,0.56177366,auto_accept,n/a
ISIC_0033942,mel,mel,0.7489833,0.9746814,auto_accept,n/a
ISIC_0029535,nv,nv,0.33667052,0.001104868,auto_accept,n/a
ISIC_0025793,bcc,bcc,0.017274022,0.979677,auto_accept,n/a
ISIC_0025704,nv,nv,0.07709974,0.0013685537,auto_accept,n/a
ISIC_0024891,nv,bkl,0.6257646,0.009728834,auto_accept,n/a
ISIC_0032646,nv,mel,0.9441407,0.40753067,escalate,n/a
ISIC_0033558,nv,nv,0.3575387,0.07650586,auto_accept,n/a
ISIC_0025185,nv,nv,0.09541291,0.0698633,auto_accept,n/a
ISIC_0026034,nv,nv,0.27869642,0.17386578,auto_accept,n/a
ISIC_0025304,nv,nv,0.1519242,0.00018938143,auto_accept,n/a
ISIC_0027148,nv,nv,0.02726221,0.0020916746,auto_accept,n/a
ISIC_0030144,nv,nv,0.36171734,0.11945654,auto_accept,n/a
ISIC_0028927,nv,nv,0.10701382,0.0038932655,auto_accept,n/a
ISIC_0030234,nv,nv,0.030316412,0.00045155184,auto_accept,n/a
ISIC_0029738,nv,nv,0.01990658,0.0009427431,auto_accept,n/a
ISIC_0026635,nv,nv,0.10405135,0.00091039564,auto_accept,n/a
ISIC_0027250,nv,nv,0.42019588,0.031686123,auto_accept,n/a
ISIC_0029904,nv,nv,0.43166757,0.15258099,auto_accept,n/a
ISIC_0033842,nv,nv,0.98502564,0.24731416,escalate,n/a
ISIC_0027448,nv,nv,0.3513602,0.02857376,auto_accept,n/a
ISIC_0028535,nv,nv,0.006676078,0.00020541233,auto_accept,n/a
ISIC_0025713,nv,mel,0.9994056,0.577757,escalate,n/a
ISIC_0033644,mel,mel,0.07732183,0.9794597,auto_accept,n/a
ISIC_0033438,bkl,bkl,0.06916767,0.0023675875,auto_accept,n/a
ISIC_0026741,nv,mel,0.85808,0.57305574,escalate,n/a
ISIC_0029528,nv,nv,0.83787036,0.028498339,escalate,n/a
ISIC_0031187,nv,nv,0.009623468,0.0038609128,auto_accept,n/a
ISIC_0024466,nv,nv,0.9592265,0.1566818,escalate,n/a
ISIC_0033982,nv,nv,0.042883277,0.01834938,auto_accept,n/a
ISIC_0031366,nv,nv,0.06599414,0.00043576388,auto_accept,n/a
ISIC_0025944,nv,nv,0.03480178,0.0002519404,auto_accept,n/a
ISIC_0031675,nv,df,0.29720014,0.001896003,auto_accept,n/a
ISIC_0032735,nv,nv,0.8670371,0.41338164,escalate,n/a
ISIC_0024509,nv,nv,0.04067558,4.4912915e-05,auto_accept,n/a
ISIC_0024530,nv,nv,0.015676081,0.004029403,auto_accept,n/a
ISIC_0031096,nv,nv,0.0103548765,0.00094763294,auto_accept,n/a
ISIC_0027803,nv,nv,0.062285244,7.235885e-06,auto_accept,n/a
ISIC_0027997,nv,bcc,0.047976494,0.9025753,auto_accept,n/a
ISIC_0028725,nv,nv,0.028117657,0.0006410793,auto_accept,n/a
ISIC_0026022,nv,nv,0.39692956,0.18642394,auto_accept,n/a
ISIC_0029709,nv,nv,0.1529051,0.0014491432,auto_accept,n/a
ISIC_0029076,nv,nv,0.4362259,0.09816188,auto_accept,n/a
ISIC_0025867,bkl,bkl,0.2725678,0.30331802,auto_accept,n/a
ISIC_0028349,nv,nv,0.2699362,0.0021780396,auto_accept,n/a
ISIC_0024924,nv,nv,0.1552428,0.033390757,auto_accept,n/a
ISIC_0033257,bcc,nv,0.9326558,0.2016136,escalate,n/a
ISIC_0028684,nv,nv,0.36204243,0.045457132,auto_accept,n/a
ISIC_0025204,nv,nv,0.1114763,8.0212056e-05,auto_accept,n/a
ISIC_0024824,nv,nv,0.5640848,0.021297602,auto_accept,n/a
ISIC_0033357,nv,mel,0.82195824,0.49504796,auto_accept,n/a
ISIC_0025623,bkl,bkl,0.19223917,0.050512023,auto_accept,n/a
ISIC_0026492,akiec,mel,0.830369,0.8032485,auto_accept,n/a
ISIC_0029303,nv,nv,0.5668685,0.077853024,auto_accept,n/a
ISIC_0032753,nv,mel,0.6819086,0.6305524,auto_accept,n/a
ISIC_0030395,nv,nv,0.10387111,0.002771415,auto_accept,n/a
ISIC_0025119,nv,nv,0.30485475,0.0122743575,auto_accept,n/a
ISIC_0032341,nv,vasc,0.16466248,0.0028003599,auto_accept,n/a
ISIC_0032932,vasc,vasc,0.0009959936,0.008591908,auto_accept,n/a
ISIC_0032524,nv,nv,0.38848817,0.14004496,auto_accept,n/a
ISIC_0029027,nv,nv,0.14229816,0.058851626,auto_accept,n/a
ISIC_0031297,nv,nv,0.57776606,1.0122825e-05,auto_accept,n/a
ISIC_0030843,mel,nv,0.7390368,0.16552673,auto_accept,n/a
ISIC_0024836,nv,bcc,0.7982445,0.68572265,auto_accept,n/a
ISIC_0027223,nv,nv,0.03033477,0.0046673534,auto_accept,n/a
ISIC_0026684,nv,nv,0.013281405,0.0012143251,auto_accept,n/a
ISIC_0026417,df,df,0.008539677,0.0007292732,auto_accept,n/a
ISIC_0024703,nv,nv,0.051129818,0.0008141413,auto_accept,n/a
ISIC_0029326,nv,nv,0.033955574,0.00060738117,auto_accept,n/a
ISIC_0024310,mel,mel,0.53415537,0.84866637,auto_accept,n/a
ISIC_0028509,nv,nv,0.06760001,0.039904434,auto_accept,n/a
ISIC_0032052,nv,nv,0.0411312,0.00012026486,auto_accept,n/a
ISIC_0030974,nv,nv,0.062672794,0.0024842257,auto_accept,n/a
ISIC_0025167,nv,nv,0.050425768,0.00040428856,auto_accept,n/a
ISIC_0030950,mel,mel,0.27758384,0.9910944,auto_accept,n/a
ISIC_0026239,mel,nv,0.97797394,0.4484964,escalate,n/a
ISIC_0028112,nv,nv,0.09158498,0.01097468,auto_accept,n/a
ISIC_0028329,bcc,bcc,0.10426754,0.96052283,auto_accept,n/a
ISIC_0028277,nv,nv,0.028820276,0.00059343176,auto_accept,n/a
ISIC_0031694,nv,nv,0.12768286,0.013087243,auto_accept,n/a
ISIC_0030753,nv,nv,0.022228599,0.00039912597,auto_accept,n/a
ISIC_0033192,mel,mel,0.057614684,0.973678,auto_accept,n/a
ISIC_0026636,nv,nv,0.01712203,0.00025888908,auto_accept,n/a
ISIC_0031395,nv,mel,0.5556382,0.61018157,auto_accept,n/a
ISIC_0034102,nv,nv,0.13351178,0.03382354,auto_accept,n/a
ISIC_0029450,nv,nv,0.024759293,0.005333968,auto_accept,n/a
ISIC_0025700,bcc,df,0.9830662,0.4823919,escalate,n/a
ISIC_0031579,nv,nv,0.068576396,0.0015989025,auto_accept,n/a
ISIC_0031911,nv,nv,0.027774155,0.0030264275,auto_accept,n/a
ISIC_0027461,nv,nv,0.25509077,0.02019539,auto_accept,n/a
ISIC_0024546,mel,nv,0.9025789,0.32824817,escalate,n/a
ISIC_0027703,nv,nv,0.04683149,0.00039241608,auto_accept,n/a
ISIC_0030288,nv,nv,0.10158718,0.0042646304,auto_accept,n/a
ISIC_0030356,mel,nv,0.897954,0.38606486,escalate,n/a
ISIC_0032768,bcc,bcc,0.06850374,0.8356449,auto_accept,n/a
ISIC_0027056,nv,nv,0.05204642,0.015473713,auto_accept,n/a
ISIC_0025766,mel,mel,0.592842,0.8048608,auto_accept,n/a
ISIC_0028055,nv,nv,0.0021343827,1.9864752e-05,auto_accept,n/a
ISIC_0029878,bkl,nv,0.5463606,0.08529925,auto_accept,n/a
ISIC_0024606,nv,nv,0.5072937,8.3919826e-05,auto_accept,n/a
ISIC_0025479,nv,nv,0.0057643056,8.655856e-05,auto_accept,n/a
ISIC_0026552,nv,nv,0.8530847,0.0063782837,escalate,n/a
ISIC_0033688,nv,nv,0.20257121,0.05812086,auto_accept,n/a
ISIC_0030989,nv,nv,0.070557475,0.0004224374,auto_accept,n/a
ISIC_0032649,nv,nv,0.10218036,0.0512267,auto_accept,n/a
ISIC_0030888,nv,nv,0.1618157,0.0001736721,auto_accept,n/a
ISIC_0026914,nv,nv,0.22770286,0.00079627376,auto_accept,n/a
ISIC_0031399,nv,mel,0.54568565,0.78482145,auto_accept,n/a
ISIC_0024693,nv,df,0.60615975,4.4136974e-05,auto_accept,n/a
ISIC_0030025,nv,nv,0.056168854,0.00028829733,auto_accept,n/a
ISIC_0029883,nv,nv,0.056764662,8.7437686e-05,auto_accept,n/a
ISIC_0031229,nv,nv,0.014529526,6.305284e-05,auto_accept,n/a
ISIC_0031260,nv,nv,0.026121914,0.001486434,auto_accept,n/a
ISIC_0027735,bkl,mel,0.15623677,0.90685976,auto_accept,n/a
ISIC_0026413,nv,nv,0.039409697,0.0014323281,auto_accept,n/a
ISIC_0033253,nv,mel,0.7046718,0.64635795,auto_accept,n/a
ISIC_0030774,nv,nv,0.9084746,0.014734289,escalate,n/a
ISIC_0033950,nv,nv,0.6922672,0.11766352,auto_accept,n/a
ISIC_0029030,nv,nv,0.92029345,0.39971468,escalate,n/a
ISIC_0033307,bkl,akiec,0.9839303,0.48930427,escalate,n/a
ISIC_0024545,mel,nv,0.9881236,0.15232462,escalate,n/a
ISIC_0029799,nv,nv,0.8144214,0.00027359146,auto_accept,n/a
ISIC_0029512,mel,bkl,0.6067399,0.24291156,auto_accept,n/a
ISIC_0028108,nv,nv,0.014809251,0.000119934455,auto_accept,n/a
ISIC_0032078,nv,nv,0.23871219,0.0017873256,auto_accept,n/a
ISIC_0026137,nv,nv,0.01996553,0.0013479122,auto_accept,n/a
ISIC_0029952,nv,nv,0.050016344,0.0018583039,auto_accept,n/a
ISIC_0026457,akiec,akiec,0.48061156,0.8538095,auto_accept,n/a
ISIC_0024343,nv,nv,0.49715173,0.05659608,auto_accept,n/a
ISIC_0033332,nv,nv,0.31387585,0.009046898,auto_accept,n/a
ISIC_0033666,bcc,mel,0.939566,0.30579522,escalate,n/a
ISIC_0032566,nv,nv,0.5679789,0.10497569,auto_accept,n/a
ISIC_0027494,nv,nv,0.0097664,0.00015161927,auto_accept,n/a
ISIC_0029751,nv,nv,0.6958562,0.0029950053,auto_accept,n/a
ISIC_0026582,nv,nv,0.02855134,0.0008743652,auto_accept,n/a
ISIC_0027391,nv,nv,0.008943021,0.0004960359,auto_accept,n/a
ISIC_0028225,mel,mel,0.49971277,0.6968153,auto_accept,n/a
ISIC_0031929,akiec,mel,0.17203695,0.9118984,auto_accept,n/a
ISIC_0027471,nv,nv,0.7026801,0.25644106,auto_accept,n/a
ISIC_0029977,nv,nv,0.38559788,8.495461e-06,auto_accept,n/a
ISIC_0028459,nv,nv,0.10188055,0.00089715637,auto_accept,n/a
ISIC_0024702,mel,vasc,0.5431256,0.82484806,auto_accept,n/a
ISIC_0029702,nv,nv,0.16497654,0.05875957,auto_accept,n/a
ISIC_0028902,nv,nv,0.013617039,0.0010216248,auto_accept,n/a
ISIC_0027811,bkl,bkl,0.9227394,0.4128203,escalate,n/a
ISIC_0027292,nv,nv,0.2886021,0.0027248075,auto_accept,n/a
ISIC_0032858,nv,nv,0.7525716,0.17252083,auto_accept,n/a
ISIC_0033973,bkl,bkl,0.6491041,0.0062456178,auto_accept,n/a
ISIC_0032435,nv,nv,0.1309762,0.059069633,auto_accept,n/a
ISIC_0033331,nv,nv,0.7808717,0.19260135,auto_accept,n/a
ISIC_0026780,nv,nv,0.13603556,0.00022627531,auto_accept,n/a
ISIC_0025811,akiec,akiec,0.008903325,0.98267853,auto_accept,n/a
ISIC_0025652,nv,nv,0.009496272,0.00028485857,auto_accept,n/a
ISIC_0024518,nv,nv,0.05853939,0.016464747,auto_accept,n/a
ISIC_0028916,mel,mel,0.14704877,0.8814649,auto_accept,n/a
ISIC_0033071,nv,nv,0.47338027,0.00020424092,auto_accept,n/a
ISIC_0026835,bkl,bcc,0.038134158,0.9042005,auto_accept,n/a
ISIC_0027059,nv,nv,0.75711656,0.00044068802,auto_accept,n/a
ISIC_0033046,nv,nv,0.08963859,0.0016753355,auto_accept,n/a
ISIC_0027100,mel,bkl,0.35749036,0.26755545,auto_accept,n/a
ISIC_0028488,nv,nv,0.2311238,0.0065494017,auto_accept,n/a
ISIC_0024322,nv,nv,0.052300453,5.5423403e-05,auto_accept,n/a
ISIC_0028839,nv,nv,0.007995069,7.005965e-05,auto_accept,n/a
ISIC_0031569,bcc,bcc,0.02378726,0.98586625,auto_accept,n/a
ISIC_0024611,nv,nv,0.38913566,0.0011287932,auto_accept,n/a
ISIC_0032564,mel,mel,0.12234539,0.98682135,auto_accept,n/a
ISIC_0034041,nv,nv,0.293113,0.115096204,auto_accept,n/a
ISIC_0029806,nv,nv,0.014061689,0.00036160985,auto_accept,n/a
ISIC_0026064,nv,nv,0.11915636,0.0009292862,auto_accept,n/a
ISIC_0029507,nv,nv,0.004921615,0.00020742336,auto_accept,n/a
ISIC_0030775,nv,nv,0.08693653,0.002823947,auto_accept,n/a
ISIC_0033375,nv,nv,0.4782912,0.0003405907,auto_accept,n/a
ISIC_0029414,nv,nv,0.0154134035,0.000911686,auto_accept,n/a
ISIC_0025159,nv,nv,0.040770173,0.00047828362,auto_accept,n/a
ISIC_0026851,nv,nv,0.026166677,0.00033199252,auto_accept,n/a
ISIC_0025107,nv,nv,0.12894595,0.0027486046,auto_accept,n/a
ISIC_0024425,nv,df,0.1668418,0.02155448,auto_accept,n/a
ISIC_0031029,bkl,mel,0.14135909,0.97379184,auto_accept,n/a
ISIC_0028539,nv,nv,0.010122001,5.014023e-05,auto_accept,n/a
ISIC_0030042,nv,nv,0.009353876,0.00048747665,auto_accept,n/a
ISIC_0030557,nv,nv,0.17091411,0.020363979,auto_accept,n/a
ISIC_0029395,nv,nv,0.08884531,0.0026483587,auto_accept,n/a
ISIC_0033917,nv,nv,0.83917683,0.016133258,escalate,n/a
ISIC_0029106,nv,nv,0.09048933,0.0013166983,auto_accept,n/a
ISIC_0030683,bkl,bkl,0.47775173,0.23123677,auto_accept,n/a
ISIC_0025823,nv,bkl,0.8244411,0.0070301387,auto_accept,n/a
ISIC_0027655,nv,nv,0.06859326,7.523752e-05,auto_accept,n/a
ISIC_0030446,bcc,bcc,0.07358217,0.9966114,auto_accept,n/a
ISIC_0026200,nv,nv,0.24809694,1.1568458e-06,auto_accept,n/a
ISIC_0033107,nv,nv,0.26047164,0.07274454,auto_accept,n/a
ISIC_0031064,nv,nv,0.7643857,0.3622287,auto_accept,n/a
ISIC_0029277,nv,nv,0.17364067,0.0232128,auto_accept,n/a
ISIC_0025117,nv,nv,0.38525867,0.01583992,auto_accept,n/a
ISIC_0029937,mel,nv,0.24126887,0.014242269,auto_accept,n/a
ISIC_0029539,bcc,bcc,0.0021247864,0.99920887,auto_accept,n/a
ISIC_0025296,nv,nv,0.0056565404,9.4870746e-05,auto_accept,n/a
ISIC_0033564,nv,nv,0.63372123,0.03488346,auto_accept,n/a
ISIC_0031859,nv,nv,0.26437187,0.027353162,auto_accept,n/a
ISIC_0024921,nv,nv,0.33360088,0.0016815197,auto_accept,n/a
ISIC_0030887,nv,nv,0.05216503,0.0018392212,auto_accept,n/a
ISIC_0032862,mel,vasc,0.21168715,0.39722058,auto_accept,n/a
ISIC_0030568,nv,nv,0.0065255165,5.144074e-05,auto_accept,n/a
ISIC_0028293,nv,bcc,0.83973324,0.68240577,escalate,n/a
ISIC_0030225,nv,nv,0.59046566,0.2484061,auto_accept,n/a
ISIC_0024781,nv,bcc,0.041923344,0.7777232,auto_accept,n/a
ISIC_0025950,nv,nv,0.2563535,0.29171893,auto_accept,n/a
ISIC_0031060,bkl,bkl,0.29581916,0.14638953,auto_accept,n/a
ISIC_0031454,nv,bkl,0.80912054,0.007672835,auto_accept,n/a
ISIC_0028952,bkl,mel,0.85603875,0.572286,escalate,n/a
ISIC_0025614,nv,nv,0.003395617,8.9770976e-05,auto_accept,n/a
ISIC_0028460,mel,mel,0.5751522,0.91615176,auto_accept,n/a
ISIC_0033163,nv,nv,0.09556627,0.0118595855,auto_accept,n/a
ISIC_0027305,nv,nv,0.2609104,0.032487642,auto_accept,n/a
ISIC_0032705,nv,nv,0.22840339,0.0029859405,auto_accept,n/a
ISIC_0026711,nv,nv,0.6858163,0.35340372,auto_accept,n/a
ISIC_0025628,vasc,vasc,0.0001398921,0.00014291739,auto_accept,n/a
ISIC_0031909,nv,nv,0.059920132,0.00036780667,auto_accept,n/a
ISIC_0029951,bcc,bcc,0.00206393,0.99836546,auto_accept,n/a
ISIC_0033085,nv,mel,0.7222288,0.55779445,auto_accept,n/a
ISIC_0032035,nv,mel,0.42765146,0.8011928,auto_accept,n/a
ISIC_0033650,nv,nv,0.09983158,0.003146697,auto_accept,n/a
ISIC_0027685,nv,nv,0.013539553,0.00075360603,auto_accept,n/a
ISIC_0033381,nv,nv,0.42891705,0.05222571,auto_accept,n/a
ISIC_0032905,nv,bkl,0.88581073,0.25852522,escalate,n/a
ISIC_0031365,nv,nv,0.11452299,0.00075669243,auto_accept,n/a
ISIC_0031548,nv,nv,0.01709783,9.289331e-05,auto_accept,n/a
ISIC_0032473,nv,nv,0.14670616,0.00070555345,auto_accept,n/a
ISIC_0029580,bkl,akiec,0.97286624,0.7361754,escalate,n/a
ISIC_0024465,nv,nv,0.0150873065,8.183747e-06,auto_accept,n/a
ISIC_0027324,nv,df,0.0034841895,3.7759037e-05,auto_accept,n/a
ISIC_0033683,nv,nv,0.11155915,0.023756761,auto_accept,n/a
ISIC_0026518,nv,nv,0.17126417,0.058511835,auto_accept,n/a
ISIC_0033944,nv,nv,0.33538383,0.08427287,auto_accept,n/a
ISIC_0028546,nv,nv,0.06407142,0.0004137811,auto_accept,n/a
ISIC_0030916,nv,nv,0.3630973,0.11228406,auto_accept,n/a
ISIC_0034128,nv,nv,0.33215833,0.15662122,auto_accept,n/a
ISIC_0025717,nv,nv,0.2731604,0.0978731,auto_accept,n/a
ISIC_0031733,nv,vasc,0.026449502,0.016668933,auto_accept,n/a
ISIC_0024965,nv,nv,0.12050778,0.0011021097,auto_accept,n/a
ISIC_0033231,nv,nv,0.43133914,0.22271168,auto_accept,n/a
ISIC_0029066,nv,nv,0.3260709,0.00013893534,auto_accept,n/a
ISIC_0030940,nv,bkl,0.9964629,0.34231752,escalate,n/a
ISIC_0030151,nv,bkl,0.31409997,0.055112932,auto_accept,n/a
ISIC_0032430,mel,bkl,0.34417158,0.13328564,auto_accept,n/a
ISIC_0027555,nv,nv,0.004749775,5.754674e-05,auto_accept,n/a
ISIC_0033770,bkl,bkl,0.20098555,0.062626824,auto_accept,n/a
ISIC_0033544,nv,nv,0.08935791,0.0047371066,auto_accept,n/a
ISIC_0025574,nv,nv,0.014789581,0.0042341724,auto_accept,n/a
ISIC_0033167,nv,mel,0.7379198,0.58810246,auto_accept,n/a
ISIC_0024416,nv,nv,0.769323,0.1849642,auto_accept,n/a
ISIC_0026055,nv,nv,0.4507197,0.10002341,auto_accept,n/a
ISIC_0030438,nv,nv,0.04214132,0.012444203,auto_accept,n/a
ISIC_0024970,bkl,bkl,0.18717498,0.13971637,auto_accept,n/a
ISIC_0027787,nv,nv,0.12346989,0.00015551527,auto_accept,n/a
ISIC_0030029,nv,nv,0.016347468,0.00013264887,auto_accept,n/a
ISIC_0029171,nv,nv,0.23105818,0.0066008056,auto_accept,n/a
ISIC_0025964,mel,nv,0.08803481,0.037780717,auto_accept,n/a
ISIC_0033269,mel,mel,0.20296901,0.8762021,auto_accept,n/a
ISIC_0032397,akiec,akiec,0.33490062,0.82075125,auto_accept,n/a
ISIC_0024947,bkl,akiec,0.120554924,0.95963156,auto_accept,n/a
ISIC_0033727,nv,nv,0.41534477,0.0032238665,auto_accept,n/a
ISIC_0025137,nv,nv,0.014913917,0.0012445784,auto_accept,n/a
ISIC_0026581,nv,nv,0.08337796,0.0045246067,auto_accept,n/a
ISIC_0024367,mel,mel,0.7346127,0.47777742,auto_accept,n/a
ISIC_0024989,nv,nv,0.434609,0.052490428,auto_accept,n/a
ISIC_0032724,mel,mel,0.013824344,0.99432313,auto_accept,n/a
ISIC_0030045,nv,nv,0.026770115,0.0003680564,auto_accept,n/a
ISIC_0033686,nv,nv,0.8305821,0.26361278,auto_accept,n/a
ISIC_0033951,nv,mel,0.43534452,0.78695697,auto_accept,n/a
ISIC_0034096,nv,nv,0.45358455,0.079711385,auto_accept,n/a
ISIC_0029212,mel,mel,0.36261582,0.93523216,auto_accept,n/a
ISIC_0032537,mel,mel,0.29297674,0.9128558,auto_accept,n/a
ISIC_0030864,nv,nv,0.015723765,0.0010810765,auto_accept,n/a
ISIC_0033364,nv,df,0.13441235,0.004812262,auto_accept,n/a
ISIC_0025333,nv,nv,0.060531557,0.0013255375,auto_accept,n/a
ISIC_0030743,nv,nv,0.4473157,0.0018317587,auto_accept,n/a
ISIC_0025376,bkl,nv,0.25790095,0.08453601,auto_accept,n/a
ISIC_0028896,nv,nv,0.0522238,0.0016678981,auto_accept,n/a
ISIC_0025442,nv,mel,0.76203513,0.6248633,auto_accept,n/a
ISIC_0033465,bkl,bkl,0.12970656,0.008132771,auto_accept,n/a
ISIC_0029601,nv,nv,0.041812003,0.00056761695,auto_accept,n/a
ISIC_0030675,nv,nv,0.7288258,0.0056862896,auto_accept,n/a
ISIC_0034195,nv,nv,0.10389274,0.0053526256,auto_accept,n/a
ISIC_0028419,bcc,bcc,0.046048224,0.96277815,auto_accept,n/a
ISIC_0025836,nv,nv,0.606307,0.0661874,auto_accept,n/a
ISIC_0033242,nv,df,0.39761394,0.0013543816,auto_accept,n/a
ISIC_0027329,nv,nv,0.14749092,0.0005530252,auto_accept,n/a
ISIC_0027172,akiec,akiec,0.0055140853,0.99702424,auto_accept,n/a
ISIC_0027285,nv,bkl,0.7314378,0.04514699,auto_accept,n/a
ISIC_0029431,nv,nv,0.16500586,0.020425295,auto_accept,n/a
ISIC_0028286,nv,nv,0.05991614,0.0013193951,auto_accept,n/a
ISIC_0028034,nv,nv,0.20299745,0.0067705307,auto_accept,n/a
ISIC_0029647,bcc,bkl,0.11259943,0.37039438,auto_accept,n/a
ISIC_0027588,akiec,akiec,0.9586166,0.3221801,escalate,n/a
ISIC_0031704,nv,nv,0.076883376,0.0018457586,auto_accept,n/a
ISIC_0031768,nv,nv,0.033605516,0.0007203835,auto_accept,n/a
ISIC_0029118,nv,nv,0.069693625,0.002300141,auto_accept,n/a
ISIC_0031701,nv,nv,0.41887528,0.0012616755,auto_accept,n/a
ISIC_0028437,nv,nv,0.038472056,0.00955819,auto_accept,n/a
ISIC_0028001,nv,nv,0.016937733,0.0008680099,auto_accept,n/a
ISIC_0027046,bcc,bcc,0.7808247,0.61246467,auto_accept,n/a
ISIC_0027874,nv,nv,0.14115345,0.017505668,auto_accept,n/a
ISIC_0028529,nv,nv,0.8172294,0.2753319,auto_accept,n/a
ISIC_0030959,bkl,df,0.98439384,0.00048794085,escalate,n/a
ISIC_0028045,nv,nv,0.06703007,0.010548024,auto_accept,n/a
ISIC_0029124,nv,nv,0.2603886,0.00026606684,auto_accept,n/a
ISIC_0026644,bkl,bkl,0.17580694,0.02138607,auto_accept,n/a
ISIC_0029725,nv,nv,0.152314,0.019800652,auto_accept,n/a
ISIC_0025778,nv,bkl,0.23116976,0.10429589,auto_accept,n/a
ISIC_0024587,nv,nv,0.30786878,0.054915324,auto_accept,n/a
ISIC_0027550,akiec,mel,0.34287858,0.8886822,auto_accept,n/a
ISIC_0031671,nv,nv,0.017729819,0.00545979,auto_accept,n/a
ISIC_0025444,nv,nv,0.17203873,0.00068691705,auto_accept,n/a
ISIC_0030863,nv,nv,0.05566156,0.000809766,auto_accept,n/a
ISIC_0027113,nv,nv,0.25312084,0.054562297,auto_accept,n/a
ISIC_0025097,mel,nv,0.7993823,0.31391868,auto_accept,n/a
ISIC_0025378,bkl,bkl,0.35758853,0.0021711674,auto_accept,n/a
ISIC_0032172,nv,nv,0.6792339,0.0026922505,auto_accept,n/a
ISIC_0034060,nv,mel,0.84751916,0.65033233,escalate,n/a
ISIC_0034188,mel,vasc,0.12595493,0.004673699,auto_accept,n/a
ISIC_0026410,nv,nv,0.018520474,4.150774e-05,auto_accept,n/a
ISIC_0032393,nv,nv,0.05266756,0.00042868912,auto_accept,n/a
ISIC_0027252,nv,nv,0.030916452,2.3363631e-05,auto_accept,n/a
ISIC_0024686,nv,nv,0.0077109933,0.00043167695,auto_accept,n/a
ISIC_0027466,nv,mel,0.6307291,0.61325693,auto_accept,n/a
ISIC_0033000,akiec,akiec,0.0149540305,0.99920434,auto_accept,n/a
ISIC_0025405,nv,nv,0.078599155,0.0008575962,auto_accept,n/a
ISIC_0030736,nv,nv,0.0030431151,5.206162e-05,auto_accept,n/a
ISIC_0024415,nv,nv,0.027765572,0.00039513462,auto_accept,n/a
ISIC_0025180,bkl,nv,0.6418413,0.00020770516,auto_accept,n/a
ISIC_0032951,nv,nv,0.679872,0.6945801,auto_accept,n/a
ISIC_0027296,nv,nv,0.047967017,0.0029688608,auto_accept,n/a
ISIC_0029423,nv,nv,0.027741194,0.0014738981,auto_accept,n/a
ISIC_0026858,nv,nv,0.0137581825,5.6616213e-05,auto_accept,n/a
ISIC_0029530,nv,mel,0.34333032,0.7905224,auto_accept,n/a
ISIC_0032510,nv,nv,0.4575143,0.06833281,auto_accept,n/a
ISIC_0028404,bkl,bcc,0.77222073,0.73794246,auto_accept,n/a
ISIC_0032579,nv,nv,0.45550722,0.06518085,auto_accept,n/a
ISIC_0032758,nv,nv,0.35216814,0.2404211,auto_accept,n/a
ISIC_0032328,nv,nv,0.06286168,0.002000623,auto_accept,n/a
ISIC_0034030,nv,mel,0.85251534,0.39525217,escalate,n/a
ISIC_0027653,nv,nv,0.080381334,0.01812298,auto_accept,n/a
ISIC_0032042,nv,bkl,0.47018677,0.026536789,auto_accept,n/a
ISIC_0025291,nv,nv,0.030510664,0.00085556065,auto_accept,n/a
ISIC_0028037,nv,nv,0.0066379905,0.00016615441,auto_accept,n/a
ISIC_0030785,akiec,bcc,0.11658317,0.99853814,auto_accept,n/a
ISIC_0026324,bcc,bcc,0.6007093,0.9668655,auto_accept,n/a
ISIC_0031012,akiec,bcc,0.18813604,0.99842876,auto_accept,n/a
ISIC_0032581,nv,nv,0.04042113,0.005879159,auto_accept,n/a
ISIC_0026193,nv,nv,0.07355714,0.017920785,auto_accept,n/a
ISIC_0027265,nv,mel,0.8500818,0.6745224,escalate,n/a
ISIC_0032083,nv,nv,0.050334215,0.0031135473,auto_accept,n/a
ISIC_0028875,nv,nv,0.026470184,0.0009278057,auto_accept,n/a
ISIC_0026048,nv,nv,0.33049732,0.095290415,auto_accept,n/a
ISIC_0033724,nv,nv,0.20517075,0.009153794,auto_accept,n/a
ISIC_0031164,nv,nv,0.056537032,0.00017195083,auto_accept,n/a
ISIC_0026534,nv,nv,0.015264928,0.00022955355,auto_accept,n/a
ISIC_0028199,nv,nv,0.3195023,0.00066212355,auto_accept,n/a
ISIC_0024384,nv,nv,0.05699098,0.00593854,auto_accept,n/a
ISIC_0029812,nv,nv,0.4991027,0.07893982,auto_accept,n/a
ISIC_0026270,nv,nv,0.37924695,0.05287997,auto_accept,n/a
ISIC_0024529,nv,nv,0.2171526,0.014482331,auto_accept,n/a
ISIC_0026374,nv,bkl,0.9324641,0.62089455,escalate,n/a
ISIC_0033972,nv,akiec,0.7359141,0.6249405,auto_accept,n/a
ISIC_0029796,nv,nv,0.0460518,0.002581738,auto_accept,n/a
ISIC_0032838,nv,mel,0.45900506,0.8295525,auto_accept,n/a
ISIC_0028314,akiec,akiec,0.02216798,0.99491465,auto_accept,n/a
ISIC_0032094,nv,nv,0.28871882,0.0017575768,auto_accept,n/a
ISIC_0032049,nv,nv,0.01815039,0.00032239163,auto_accept,n/a
ISIC_0024638,nv,nv,0.033659995,0.0007013519,auto_accept,n/a
ISIC_0031290,nv,nv,0.1465218,0.025625654,auto_accept,n/a
ISIC_0029884,mel,akiec,0.5462177,0.96147865,auto_accept,n/a
ISIC_0027346,nv,nv,0.6503766,0.041560266,auto_accept,n/a
ISIC_0026937,nv,nv,0.01834166,0.0002874761,auto_accept,n/a
ISIC_0025654,bkl,nv,0.9764569,0.020774398,escalate,n/a
ISIC_0025424,nv,nv,0.016491592,0.0002424091,auto_accept,n/a
ISIC_0027717,nv,nv,0.81844735,0.4608857,auto_accept,n/a
ISIC_0026669,nv,nv,0.045814455,0.0033551587,auto_accept,n/a
ISIC_0033787,nv,vasc,0.001983881,0.0015074394,auto_accept,n/a
ISIC_0026520,nv,nv,0.121920764,0.013440409,auto_accept,n/a
ISIC_0032389,mel,akiec,0.0514158,0.9820999,auto_accept,n/a
ISIC_0025606,vasc,vasc,0.0481596,0.0019742881,auto_accept,n/a
ISIC_0032623,nv,nv,0.8157229,0.3683016,auto_accept,n/a
ISIC_0025259,nv,nv,0.049009323,0.004294104,auto_accept,n/a
ISIC_0026037,nv,df,0.57602036,0.00064192957,auto_accept,n/a
ISIC_0034166,nv,nv,0.14822328,0.0042068893,auto_accept,n/a
ISIC_0029789,bkl,bkl,0.6020764,0.19775668,auto_accept,n/a
ISIC_0031809,nv,nv,0.47607255,0.08731135,auto_accept,n/a
ISIC_0027836,nv,nv,0.033800244,0.0008029692,auto_accept,n/a
ISIC_0025211,nv,nv,0.05313182,0.00048107322,auto_accept,n/a
ISIC_0025502,nv,nv,0.0067535043,0.00051290676,auto_accept,n/a
ISIC_0029585,bkl,bkl,0.03523445,0.0037256035,auto_accept,n/a
ISIC_0032177,nv,nv,0.095899284,0.00039026237,auto_accept,n/a
ISIC_0024502,nv,nv,0.025725543,0.00028630433,auto_accept,n/a
ISIC_0033494,akiec,akiec,0.26677537,0.99194324,auto_accept,n/a
ISIC_0029963,nv,nv,0.45326608,0.017991332,auto_accept,n/a
ISIC_0026771,nv,nv,0.0050182343,0.00088981545,auto_accept,n/a
ISIC_0030124,bkl,nv,0.5979227,0.059265308,auto_accept,n/a
ISIC_0028346,df,akiec,0.44038373,0.8714604,auto_accept,n/a
ISIC_0027115,nv,nv,0.25517392,0.042884074,auto_accept,n/a
ISIC_0032460,bkl,bkl,0.9019675,3.2508924e-05,escalate,n/a
ISIC_0027166,nv,nv,0.027366042,9.907523e-05,auto_accept,n/a
ISIC_0029318,mel,akiec,0.4451152,0.906957,auto_accept,n/a
ISIC_0030738,nv,nv,0.23272967,0.0020415909,auto_accept,n/a
ISIC_0030292,nv,nv,0.014078677,3.8741964e-05,auto_accept,n/a
ISIC_0029103,nv,nv,0.0037369728,0.00012590807,auto_accept,n/a
ISIC_0030342,nv,nv,0.023358941,0.0008569227,auto_accept,n/a
ISIC_0029736,nv,nv,0.22806096,0.11947641,auto_accept,n/a
ISIC_0032815,nv,nv,0.37095177,0.04247219,auto_accept,n/a
ISIC_0030813,bcc,bcc,0.044157803,0.9864298,auto_accept,n/a
ISIC_0031078,bkl,bkl,0.25575876,0.027177377,auto_accept,n/a
ISIC_0028077,nv,nv,0.6028608,0.003245683,auto_accept,n/a
ISIC_0025459,nv,nv,0.011414528,0.0002938333,auto_accept,n/a
ISIC_0027388,bkl,akiec,0.7585,0.91053224,auto_accept,n/a
ISIC_0024655,nv,nv,0.6625072,0.000116334595,auto_accept,n/a
ISIC_0027698,nv,nv,0.3871085,0.075719036,auto_accept,n/a
ISIC_0029380,nv,nv,0.0020917654,0.00027918696,auto_accept,n/a
ISIC_0029928,nv,nv,0.017239034,8.4414554e-05,auto_accept,n/a
ISIC_0033012,bcc,bcc,0.3782556,0.8759178,auto_accept,n/a
ISIC_0027486,nv,nv,0.5485129,0.25246817,auto_accept,n/a
ISIC_0032650,nv,nv,0.76805353,0.04205673,auto_accept,n/a
ISIC_0028285,mel,df,0.4364156,0.19146,auto_accept,n/a
ISIC_0025337,bkl,bkl,0.33393884,0.06933014,auto_accept,n/a
ISIC_0024847,nv,nv,0.058139443,0.008147401,auto_accept,n/a
ISIC_0032254,nv,nv,0.038244307,0.0003749014,auto_accept,n/a
ISIC_0030412,nv,nv,0.008699238,0.00017509625,auto_accept,n/a
ISIC_0025274,nv,nv,0.16171956,0.0022886686,auto_accept,n/a
ISIC_0024660,nv,nv,0.032781363,0.0007276412,auto_accept,n/a
ISIC_0027456,nv,nv,0.13742453,0.0049002618,auto_accept,n/a
ISIC_0032863,bkl,nv,0.7288852,0.11397171,auto_accept,n/a
ISIC_0027830,nv,nv,0.006570339,9.25559e-05,auto_accept,n/a
ISIC_0030331,nv,nv,0.037905216,0.00025368383,auto_accept,n/a
ISIC_0033613,bkl,mel,0.316449,0.7613149,auto_accept,n/a
ISIC_0025342,nv,nv,0.9656365,0.03288346,escalate,n/a
ISIC_0028837,nv,nv,0.05939704,0.00039404933,auto_accept,n/a
ISIC_0033806,mel,bkl,0.7265303,0.09569336,auto_accept,n/a
ISIC_0027669,mel,mel,0.7298384,0.611643,auto_accept,n/a
ISIC_0024897,bcc,bcc,0.18267977,0.9380263,auto_accept,n/a
ISIC_0024386,df,df,3.2186508e-05,1.0220458e-05,auto_accept,n/a
ISIC_0031175,bcc,bcc,0.17206782,0.9770808,auto_accept,n/a
ISIC_0025853,nv,bkl,0.9460238,0.00018350106,escalate,n/a
ISIC_0034114,nv,nv,0.15718985,0.021033635,auto_accept,n/a
ISIC_0029577,nv,nv,0.3569404,0.076588616,auto_accept,n/a
ISIC_0033602,nv,nv,0.7777917,0.00052280107,auto_accept,n/a
ISIC_0025386,nv,nv,0.3681062,0.11593126,auto_accept,n/a
ISIC_0030986,akiec,akiec,0.017393768,0.9940217,auto_accept,n/a
ISIC_0032141,nv,nv,0.3382851,0.22422215,auto_accept,n/a
ISIC_0027186,nv,nv,0.26707417,0.0004926243,auto_accept,n/a
ISIC_0030689,mel,nv,0.66644156,0.0574263,auto_accept,n/a
ISIC_0031403,nv,nv,0.010096788,0.0019553015,auto_accept,n/a
ISIC_0027994,nv,nv,0.037891448,0.000497779,auto_accept,n/a
ISIC_0033260,bkl,bkl,0.62065053,0.0010070638,auto_accept,n/a
ISIC_0025781,bkl,akiec,0.99178755,0.30418652,escalate,n/a
ISIC_0030809,nv,bkl,0.8148627,0.12436326,auto_accept,n/a
ISIC_0024793,nv,nv,0.15143609,0.00045668054,auto_accept,n/a
ISIC_0024757,nv,bkl,0.17028522,0.043576967,auto_accept,n/a
ISIC_0032228,nv,nv,0.09245497,0.00638361,auto_accept,n/a
ISIC_0032929,bkl,akiec,0.0073964596,0.9963881,auto_accept,n/a
ISIC_0024317,nv,nv,0.4783882,0.19267404,auto_accept,n/a
ISIC_0027999,nv,nv,0.1067217,0.037603192,auto_accept,n/a
ISIC_0032122,nv,nv,0.07391101,0.003657731,auto_accept,n/a
ISIC_0030493,nv,nv,0.023989439,0.00056327065,auto_accept,n/a
ISIC_0026810,nv,nv,0.095977426,0.038052753,auto_accept,n/a
ISIC_0032747,nv,nv,0.66591024,0.27793837,auto_accept,n/a
ISIC_0032894,bcc,mel,0.86963224,0.9367417,escalate,n/a
ISIC_0024790,nv,nv,0.15602374,0.03406035,auto_accept,n/a
ISIC_0032664,nv,nv,0.19629717,0.033056777,auto_accept,n/a
ISIC_0028500,nv,nv,0.3620087,0.17010064,auto_accept,n/a
ISIC_0031611,nv,nv,0.7537465,0.6255457,auto_accept,n/a
ISIC_0030619,nv,nv,0.031959653,0.0018795076,auto_accept,n/a
ISIC_0032387,nv,nv,0.11173433,0.006559319,auto_accept,n/a
ISIC_0028375,nv,nv,0.006671667,0.0006450071,auto_accept,n/a
ISIC_0032429,bcc,bcc,0.015031517,0.9921894,auto_accept,n/a
ISIC_0028088,nv,nv,0.05459869,0.0012029209,auto_accept,n/a
ISIC_0033530,nv,nv,0.21871912,0.08922124,auto_accept,n/a
ISIC_0031457,df,df,0.000639081,0.00050052576,auto_accept,n/a
ISIC_0027462,nv,mel,0.75249314,0.6703886,auto_accept,n/a
ISIC_0028898,mel,mel,0.4282316,0.7444303,auto_accept,n/a
ISIC_0024603,nv,nv,0.0063430667,6.220922e-05,auto_accept,n/a
ISIC_0026311,bkl,bkl,0.056268573,0.0004417464,auto_accept,n/a
ISIC_0026054,nv,vasc,0.26622987,0.0013644014,auto_accept,n/a
ISIC_0032062,nv,nv,0.15971941,0.09507898,auto_accept,n/a
ISIC_0025541,nv,nv,0.19755745,0.011037307,auto_accept,n/a
ISIC_0033879,nv,nv,0.5973674,0.0037553138,auto_accept,n/a
ISIC_0031482,nv,nv,0.20826805,0.0021132466,auto_accept,n/a
ISIC_0024374,nv,nv,0.75449276,0.00026515016,auto_accept,n/a
ISIC_0024571,mel,akiec,0.03354472,0.9930583,auto_accept,n/a
ISIC_0032433,mel,nv,0.99461484,0.3926857,escalate,n/a
ISIC_0025843,nv,nv,0.26460046,0.0011795952,auto_accept,n/a
ISIC_0032370,nv,nv,0.0075152516,8.9682595e-05,auto_accept,n/a
ISIC_0034165,bkl,mel,0.35972434,0.8040727,auto_accept,n/a
ISIC_0026119,nv,nv,0.060911536,0.0007428458,auto_accept,n/a
ISIC_0030926,bkl,mel,0.61939645,0.8521951,auto_accept,n/a
ISIC_0025689,nv,bkl,0.86726797,0.0060168253,escalate,n/a
ISIC_0029004,nv,nv,0.010788977,0.0006845962,auto_accept,n/a
ISIC_0026806,nv,nv,0.085841596,0.002307876,auto_accept,n/a
ISIC_0033087,nv,mel,0.28467858,0.8381988,auto_accept,n/a
ISIC_0027408,nv,nv,0.26073438,0.01769616,auto_accept,n/a
ISIC_0030470,nv,nv,0.012765229,1.9789384e-05,auto_accept,n/a
ISIC_0029373,nv,nv,0.0210374,0.00066263776,auto_accept,n/a
ISIC_0034288,nv,nv,0.10247517,0.010685639,auto_accept,n/a
ISIC_0027405,nv,nv,0.3717382,0.0026747596,auto_accept,n/a
ISIC_0029186,nv,nv,0.56557107,0.2514019,auto_accept,n/a
ISIC_0028242,nv,nv,0.041847527,6.744197e-05,auto_accept,n/a
ISIC_0025069,akiec,mel,0.8954921,0.698313,escalate,n/a
ISIC_0029389,nv,df,0.04554993,0.14322026,auto_accept,n/a
ISIC_0029743,nv,nv,0.03709674,0.0022774509,auto_accept,n/a
ISIC_0026079,nv,nv,0.007063806,6.0140024e-05,auto_accept,n/a
ISIC_0033555,nv,nv,0.83476424,0.2987399,auto_accept,n/a
ISIC_0030430,nv,nv,0.050939143,0.0009313174,auto_accept,n/a
ISIC_0033955,nv,nv,0.9553492,0.12570822,escalate,n/a
ISIC_0024593,nv,nv,0.0190444,0.0011526512,auto_accept,n/a
ISIC_0033930,nv,nv,0.5082575,0.23404182,auto_accept,n/a
ISIC_0033290,nv,nv,0.5634756,0.098088674,auto_accept,n/a
ISIC_0030298,nv,nv,0.011508048,0.00037402927,auto_accept,n/a
ISIC_0028385,nv,nv,0.046443343,0.00020761012,auto_accept,n/a
ISIC_0029064,nv,nv,0.018120527,0.00013572563,auto_accept,n/a
ISIC_0024928,nv,nv,0.02698189,0.0058412044,auto_accept,n/a
ISIC_0025150,nv,nv,0.2296139,0.0015057529,auto_accept,n/a
ISIC_0026890,nv,nv,0.941271,0.0057720556,escalate,n/a
ISIC_0028536,nv,nv,0.009338856,0.0001316796,auto_accept,n/a
ISIC_0027810,nv,nv,0.026191711,0.0004447419,auto_accept,n/a
ISIC_0028228,mel,mel,0.22682267,0.8752788,auto_accept,n/a
ISIC_0027105,mel,nv,0.7414571,0.27346125,auto_accept,n/a
ISIC_0024927,nv,nv,0.03870535,0.013970496,auto_accept,n/a
ISIC_0027621,nv,nv,0.027279913,0.00015805537,auto_accept,n/a
ISIC_0029430,nv,mel,0.7756167,0.59935504,auto_accept,n/a
ISIC_0034174,nv,nv,0.92132366,0.30943453,escalate,n/a
ISIC_0033886,mel,df,0.82638097,0.15264682,auto_accept,n/a
ISIC_0026211,nv,nv,0.83002454,0.298507,auto_accept,n/a
ISIC_0031319,nv,nv,0.4124713,0.002493163,auto_accept,n/a
ISIC_0024958,mel,mel,0.9667566,0.37854376,escalate,n/a
ISIC_0030256,nv,nv,0.03893441,0.00042958852,auto_accept,n/a
ISIC_0027939,nv,nv,0.5845246,0.19951874,auto_accept,n/a
ISIC_0032769,nv,mel,0.7714238,0.64522004,auto_accept,n/a
ISIC_0025415,nv,nv,0.068583846,0.0040718215,auto_accept,n/a
ISIC_0031071,nv,bkl,0.56970465,0.00432581,auto_accept,n/a
ISIC_0031074,nv,nv,0.97074467,0.3510011,escalate,n/a
ISIC_0030821,akiec,bkl,0.34428638,0.26584,auto_accept,n/a
ISIC_0034286,nv,nv,0.42993015,0.2791134,auto_accept,n/a
ISIC_0032194,bcc,bcc,0.07531792,0.9909825,auto_accept,n/a
ISIC_0026452,nv,nv,0.38997382,0.13434643,auto_accept,n/a
ISIC_0026390,nv,nv,0.016334295,0.0008257416,auto_accept,n/a
ISIC_0028582,mel,mel,0.42538047,0.69716984,auto_accept,n/a
ISIC_0030235,nv,nv,0.08392191,0.0007079155,auto_accept,n/a
ISIC_0027902,nv,nv,0.10375136,0.0730712,auto_accept,n/a
ISIC_0024607,nv,nv,0.023085713,4.903067e-05,auto_accept,n/a
ISIC_0027267,nv,nv,0.045431912,0.013296327,auto_accept,n/a
ISIC_0027064,bkl,df,0.67421407,0.28183505,auto_accept,n/a
ISIC_0032142,nv,nv,0.055812955,0.001494202,auto_accept,n/a
ISIC_0025738,nv,nv,0.63467205,0.00065205764,auto_accept,n/a
ISIC_0030639,nv,bcc,0.19186091,0.6820844,auto_accept,n/a
ISIC_0026817,nv,nv,0.46998596,0.00013385518,auto_accept,n/a
ISIC_0028362,nv,nv,0.20523548,0.028153574,auto_accept,n/a
ISIC_0030460,nv,nv,0.13724649,0.00995693,auto_accept,n/a
ISIC_0028401,nv,nv,0.72384405,0.3598644,auto_accept,n/a
ISIC_0032072,mel,mel,0.8881377,0.7231645,escalate,n/a
ISIC_0025013,nv,nv,0.21078181,0.037458908,auto_accept,n/a
ISIC_0027767,akiec,bcc,0.9417025,0.6203132,escalate,n/a
ISIC_0024532,nv,nv,0.18042946,0.016801968,auto_accept,n/a
ISIC_0029062,bkl,mel,0.92398405,0.72366405,escalate,n/a
ISIC_0030660,nv,nv,0.032803297,0.00045493976,auto_accept,n/a
ISIC_0031269,nv,nv,0.050068736,0.0018172433,auto_accept,n/a
ISIC_0025961,nv,df,0.0011137128,3.3721892e-06,auto_accept,n/a
ISIC_0031603,nv,mel,0.86895,0.5601112,escalate,n/a
ISIC_0026615,nv,df,0.02732277,0.029057968,auto_accept,n/a
ISIC_0031231,nv,nv,0.014765322,0.000113745285,auto_accept,n/a
ISIC_0030408,akiec,akiec,0.6766506,0.9499745,auto_accept,n/a
ISIC_0030353,nv,nv,0.09175289,0.00081185746,auto_accept,n/a
ISIC_0028681,bkl,df,0.21164119,6.482793e-05,auto_accept,n/a
ISIC_0027430,nv,nv,0.105502605,0.001942878,auto_accept,n/a
ISIC_0032479,nv,df,0.7634858,8.6619904e-05,auto_accept,n/a
ISIC_0033783,bkl,bkl,0.3988123,0.042254988,auto_accept,n/a
ISIC_0027634,nv,nv,0.012124598,0.0001302762,auto_accept,n/a
ISIC_0027924,nv,nv,0.66241145,0.019832712,auto_accept,n/a
ISIC_0033975,mel,mel,0.69666135,0.57724816,auto_accept,n/a
ISIC_0034115,bkl,bkl,0.99209166,0.13431603,escalate,n/a
ISIC_0030747,mel,nv,0.5712944,0.25219503,auto_accept,n/a
ISIC_0030918,nv,bkl,0.20270759,0.0026001465,auto_accept,n/a
ISIC_0033966,nv,nv,0.5659278,0.14682668,auto_accept,n/a
ISIC_0032684,mel,mel,0.20914578,0.918485,auto_accept,n/a
ISIC_0031277,bkl,bkl,0.03799212,0.003957824,auto_accept,n/a
ISIC_0034023,nv,nv,0.7785332,0.37596673,auto_accept,n/a
ISIC_0031092,nv,nv,0.085332155,0.0010220902,auto_accept,n/a
ISIC_0028271,nv,mel,0.3024484,0.7869484,auto_accept,n/a
ISIC_0029801,bkl,df,0.7634504,4.749532e-05,auto_accept,n/a
ISIC_0027339,nv,nv,0.04110408,0.000996182,auto_accept,n/a
ISIC_0031001,nv,nv,0.717714,0.6128905,auto_accept,n/a
ISIC_0024673,bcc,bcc,0.47646666,0.982385,auto_accept,n/a
ISIC_0026493,bkl,df,0.12237388,0.031648684,auto_accept,n/a
ISIC_0033359,nv,mel,0.37667316,0.740489,auto_accept,n/a
ISIC_0030640,nv,nv,0.79050326,0.021281004,auto_accept,n/a
ISIC_0033282,nv,nv,0.2405625,0.029534668,auto_accept,n/a
ISIC_0024625,nv,nv,0.0103984475,0.0015868843,auto_accept,n/a
ISIC_0031404,nv,bcc,0.08938402,0.9866519,auto_accept,n/a
ISIC_0027687,nv,nv,0.52119213,0.0007831458,auto_accept,n/a
ISIC_0033965,nv,nv,0.595041,0.09201074,auto_accept,n/a
ISIC_0032960,mel,akiec,0.5151747,0.9072083,auto_accept,n/a
ISIC_0033812,mel,nv,0.3143121,0.027713828,auto_accept,n/a
ISIC_0026725,nv,nv,0.025823295,0.0017541168,auto_accept,n/a
ISIC_0026875,nv,nv,0.021591783,0.00037289213,auto_accept,n/a
ISIC_0027368,nv,nv,0.4725672,0.26519713,auto_accept,n/a
ISIC_0027210,vasc,vasc,0.0013363361,0.0014577341,auto_accept,n/a
ISIC_0033155,nv,nv,0.19192892,0.0012198177,auto_accept,n/a
ISIC_0027464,nv,nv,0.008736074,0.00032196194,auto_accept,n/a
ISIC_0030560,nv,nv,0.10205299,0.0012888396,auto_accept,n/a
ISIC_0025758,bkl,nv,0.7369667,0.0009250173,auto_accept,n/a
ISIC_0025939,bkl,bkl,0.56540006,0.21145757,auto_accept,n/a
ISIC_0025824,bcc,bcc,0.007677436,0.98935574,auto_accept,n/a
ISIC_0024354,nv,nv,0.11231619,0.0007472792,auto_accept,n/a
ISIC_0028958,bkl,nv,0.1897406,0.00011690975,auto_accept,n/a
ISIC_0031778,mel,mel,0.8185657,0.48404205,auto_accept,n/a
ISIC_0026996,mel,mel,0.5541913,0.67707366,auto_accept,n/a
ISIC_0026424,nv,nv,0.34700108,0.04227884,auto_accept,n/a
ISIC_0029882,nv,nv,0.017630577,0.0011076154,auto_accept,n/a
ISIC_0027333,nv,nv,0.8089606,0.09157792,auto_accept,n/a
ISIC_0030551,nv,df,0.043966413,0.00060769095,auto_accept,n/a
ISIC_0027341,nv,nv,0.01413542,0.0019580564,auto_accept,n/a
ISIC_0024482,mel,mel,0.19238591,0.9251342,auto_accept,n/a
ISIC_0029074,nv,nv,0.4190852,0.015022501,auto_accept,n/a
ISIC_0034200,nv,nv,0.57051617,0.39599195,auto_accept,n/a
ISIC_0026468,akiec,bcc,0.34527987,0.88011533,auto_accept,n/a
ISIC_0027458,nv,nv,0.48947692,0.073652335,auto_accept,n/a
ISIC_0027085,nv,nv,0.09164065,0.0009128086,auto_accept,n/a
ISIC_0031729,nv,nv,0.09530717,0.031935204,auto_accept,n/a
ISIC_0024420,bkl,mel,0.8836341,0.52878094,escalate,n/a
ISIC_0029348,nv,nv,0.6104339,0.07070176,auto_accept,n/a
ISIC_0027869,nv,nv,0.03230256,0.00016429227,auto_accept,n/a
ISIC_0033895,nv,nv,0.28513622,0.0018076315,auto_accept,n/a
ISIC_0028800,nv,nv,0.21918315,0.08865723,auto_accept,n/a
ISIC_0029437,nv,df,0.7065656,0.0019417579,auto_accept,n/a
ISIC_0034307,nv,nv,0.7001308,0.3511089,auto_accept,n/a
ISIC_0033473,mel,akiec,0.5916556,0.8301599,auto_accept,n/a
ISIC_0026176,nv,nv,0.006928742,4.7504836e-06,auto_accept,n/a
ISIC_0028557,nv,nv,0.99232626,0.4197603,escalate,n/a
ISIC_0024574,nv,nv,0.113741755,8.453474e-05,auto_accept,n/a
ISIC_0033265,nv,nv,0.3460588,0.03294476,auto_accept,n/a
ISIC_0033252,bkl,df,0.5297719,0.0052127033,auto_accept,n/a
ISIC_0030586,akiec,akiec,0.6188506,0.95654786,auto_accept,n/a
ISIC_0031452,nv,nv,0.07392198,0.013469183,auto_accept,n/a
ISIC_0029871,nv,nv,0.07006973,0.008026578,auto_accept,n/a
ISIC_0032448,nv,nv,0.10275751,4.101757e-05,auto_accept,n/a
ISIC_0028880,df,df,0.10899514,0.00025629363,auto_accept,n/a
ISIC_0032601,nv,nv,0.22833574,0.06081181,auto_accept,n/a
ISIC_0025474,nv,nv,0.3377527,6.3484644e-05,auto_accept,n/a
ISIC_0027976,bcc,bcc,0.010724366,0.99887687,auto_accept,n/a
ISIC_0027625,nv,nv,0.024436772,0.00019460465,auto_accept,n/a
ISIC_0033459,nv,mel,0.756451,0.4834227,auto_accept,n/a
ISIC_0025361,nv,nv,0.09287244,0.0020131653,auto_accept,n/a
ISIC_0032288,nv,nv,0.13193107,0.0019483746,auto_accept,n/a
ISIC_0030569,nv,nv,0.03506905,0.0038394367,auto_accept,n/a
ISIC_0025049,nv,mel,0.54457253,0.6346769,auto_accept,n/a
ISIC_0028315,nv,nv,0.025477529,0.00012385621,auto_accept,n/a
ISIC_0024755,nv,nv,0.03198272,0.00075434416,auto_accept,n/a
ISIC_0033425,nv,mel,0.12328887,0.9239897,auto_accept,n/a
ISIC_0028076,akiec,akiec,0.36534595,0.8843839,auto_accept,n/a
ISIC_0031021,nv,nv,0.41330063,1.6776672e-05,auto_accept,n/a
ISIC_0025995,nv,nv,0.11547512,0.0027607228,auto_accept,n/a
ISIC_0025113,bkl,bcc,0.75194556,0.6707499,auto_accept,n/a
ISIC_0029811,akiec,akiec,0.0018842816,0.9994836,auto_accept,n/a
ISIC_0025142,nv,nv,0.009785473,7.947192e-05,auto_accept,n/a
ISIC_0027490,nv,mel,0.97989017,0.5033397,escalate,n/a
ISIC_0032671,nv,nv,0.64871114,0.08134309,auto_accept,n/a
ISIC_0024722,nv,nv,0.054922104,5.086363e-05,auto_accept,n/a
ISIC_0024768,nv,nv,0.25574702,0.0024700207,auto_accept,n/a
ISIC_0033873,nv,nv,0.41676003,0.06575943,auto_accept,n/a
ISIC_0028562,nv,bcc,0.41216975,0.79603493,auto_accept,n/a
ISIC_0027538,nv,nv,0.6672289,0.20647165,auto_accept,n/a
ISIC_0028835,nv,nv,0.2055512,0.0017430186,auto_accept,n/a
ISIC_0028283,bcc,bcc,0.018902183,0.99080336,auto_accept,n/a
ISIC_0031668,nv,nv,0.18471038,3.4302397e-05,auto_accept,n/a
ISIC_0025955,mel,mel,0.08100867,0.98121715,auto_accept,n/a
ISIC_0028380,nv,nv,0.017915308,0.0005894158,auto_accept,n/a
ISIC_0031948,nv,mel,0.6614374,0.7001476,auto_accept,n/a
ISIC_0026466,akiec,nv,0.9767335,0.054768864,escalate,n/a
ISIC_0031103,vasc,vasc,0.00013685226,5.4143107e-05,auto_accept,n/a
ISIC_0028209,bkl,bkl,0.30932158,0.17156151,auto_accept,n/a
ISIC_0026971,nv,nv,0.07612854,0.0005084891,auto_accept,n/a
ISIC_0031416,nv,nv,0.081227124,0.012842513,auto_accept,n/a
ISIC_0029822,nv,nv,0.0026325583,3.849313e-05,auto_accept,n/a
ISIC_0024878,nv,nv,0.019722223,0.0008328382,auto_accept,n/a
ISIC_0032426,nv,nv,0.0037371516,4.1267235e-06,auto_accept,n/a
ISIC_0029873,nv,nv,0.03668648,0.0009529015,auto_accept,n/a
ISIC_0026881,nv,nv,0.023960948,1.5654428e-05,auto_accept,n/a
ISIC_0026237,nv,df,0.26570213,0.0001596508,auto_accept,n/a
ISIC_0031288,nv,nv,0.01650852,7.178609e-05,auto_accept,n/a
ISIC_0031000,bkl,df,0.054660797,0.057350095,auto_accept,n/a
ISIC_0028660,nv,nv,0.0500921,0.0038038488,auto_accept,n/a
ISIC_0029626,nv,nv,0.15021521,0.0011286315,auto_accept,n/a
ISIC_0025694,nv,nv,0.031493366,0.0015447829,auto_accept,n/a
ISIC_0033624,mel,bkl,0.42849028,0.38100618,auto_accept,n/a
ISIC_0025505,nv,mel,0.86382705,0.64214253,escalate,n/a
ISIC_0026501,nv,nv,0.25010097,0.009185245,auto_accept,n/a
ISIC_0026228,nv,nv,0.03579372,0.0014226169,auto_accept,n/a
ISIC_0027136,nv,nv,0.108365655,0.00065762707,auto_accept,n/a
ISIC_0025555,nv,nv,0.48417187,0.02219842,auto_accept,n/a
ISIC_0030545,nv,nv,0.18280947,0.048922654,auto_accept,n/a
ISIC_0028547,nv,nv,0.12484646,0.002173397,auto_accept,n/a
ISIC_0030293,nv,nv,0.065479755,1.3947348e-05,auto_accept,n/a
ISIC_0032972,bkl,bkl,0.3173629,0.0018476882,auto_accept,n/a
ISIC_0026522,akiec,akiec,0.20187038,0.9595937,auto_accept,n/a
ISIC_0026282,bcc,bcc,0.024457872,0.9939247,auto_accept,n/a
ISIC_0026696,nv,nv,0.0076526403,0.00014513628,auto_accept,n/a
ISIC_0027414,nv,nv,0.031088054,0.0055318717,auto_accept,n/a
ISIC_0028619,akiec,bkl,0.23765951,0.013898438,auto_accept,n/a
ISIC_0029220,bcc,bcc,0.46313012,0.9282662,auto_accept,n/a
ISIC_0033815,nv,vasc,0.27529848,0.001257267,auto_accept,n/a
ISIC_0025768,nv,nv,0.011460245,0.0002340193,auto_accept,n/a
ISIC_0034253,mel,nv,0.73686206,0.21274129,auto_accept,n/a
ISIC_0025799,bkl,bkl,0.56790197,0.09318514,auto_accept,n/a
ISIC_0026772,nv,nv,0.025702775,0.000105331084,auto_accept,n/a
ISIC_0029988,nv,nv,0.045719147,0.00015594087,auto_accept,n/a
ISIC_0030070,vasc,vasc,0.10134113,0.00087746995,auto_accept,n/a
ISIC_0034241,nv,nv,0.4079758,0.08406273,auto_accept,n/a
ISIC_0029560,nv,mel,0.6693492,0.5986415,auto_accept,n/a
ISIC_0028841,nv,nv,0.025151312,0.0020035107,auto_accept,n/a
ISIC_0028587,bkl,nv,0.8803642,0.014865499,escalate,n/a
ISIC_0032130,nv,nv,0.027073324,0.0019154232,auto_accept,n/a
ISIC_0034278,nv,nv,0.18853456,0.038752284,auto_accept,n/a
ISIC_0029955,nv,nv,0.011837304,0.0010993645,auto_accept,n/a
ISIC_0028523,nv,nv,0.05072397,0.0005940608,auto_accept,n/a
ISIC_0024621,nv,nv,0.011763692,0.0005254822,auto_accept,n/a
ISIC_0032605,nv,nv,0.6337106,0.064546265,auto_accept,n/a
ISIC_0024753,nv,nv,0.21759838,0.014715915,auto_accept,n/a
ISIC_0027156,nv,nv,0.61144197,0.09597286,auto_accept,n/a
ISIC_0028629,nv,nv,0.038008273,0.006885899,auto_accept,n/a
ISIC_0026242,nv,nv,0.01816243,0.0014272198,auto_accept,n/a
ISIC_0029566,nv,nv,0.19685012,0.0048298817,auto_accept,n/a
ISIC_0024394,nv,mel,0.46981013,0.6586721,auto_accept,n/a
ISIC_0026314,mel,nv,0.07696611,0.019749872,auto_accept,n/a
ISIC_0024510,nv,nv,0.12200594,0.0009564452,auto_accept,n/a
ISIC_0029265,mel,mel,0.42432952,0.8931114,auto_accept,n/a
ISIC_0024861,nv,nv,0.09336889,0.00011684779,auto_accept,n/a
ISIC_0028570,bcc,bcc,0.0017747283,0.99869686,auto_accept,n/a
ISIC_0031561,mel,mel,0.20978159,0.9005794,auto_accept,n/a
ISIC_0029606,mel,nv,0.95378745,0.50016415,escalate,n/a
ISIC_0032441,mel,bkl,0.98123574,0.23170753,escalate,n/a
ISIC_0027314,nv,nv,0.07407391,0.00087792653,auto_accept,n/a
ISIC_0031689,nv,nv,0.18675351,0.0019736954,auto_accept,n/a
ISIC_0031664,nv,nv,0.016239166,0.00017760182,auto_accept,n/a
ISIC_0028581,nv,nv,0.68968105,0.19909795,auto_accept,n/a
ISIC_0025125,nv,df,0.050869286,8.779361e-05,auto_accept,n/a
ISIC_0025348,nv,nv,0.09453136,0.0012996473,auto_accept,n/a
ISIC_0032475,nv,nv,0.9586194,0.4179231,escalate,n/a
ISIC_0033048,nv,nv,0.8242209,0.4293245,auto_accept,n/a
ISIC_0027383,nv,df,0.65370876,0.00010798734,auto_accept,n/a
ISIC_0027092,nv,nv,0.029809058,0.012843408,auto_accept,n/a
ISIC_0033974,nv,nv,0.8950641,0.43692088,escalate,n/a
ISIC_0034075,nv,mel,0.68745303,0.64229107,auto_accept,n/a
ISIC_0024682,nv,nv,0.47777295,0.09975759,auto_accept,n/a
ISIC_0029150,nv,nv,0.3895713,0.0039818105,auto_accept,n/a
ISIC_0024356,nv,mel,0.6143312,0.66666806,auto_accept,n/a
ISIC_0031186,mel,akiec,0.06889862,0.9813161,auto_accept,n/a
ISIC_0033591,vasc,vasc,0.011358678,0.0246066,auto_accept,n/a
ISIC_0027071,mel,akiec,0.19760013,0.98153263,auto_accept,n/a
ISIC_0025392,bkl,nv,0.6323115,0.0007707745,auto_accept,n/a
ISIC_0032873,mel,mel,0.090292454,0.9557589,auto_accept,n/a
ISIC_0032630,mel,mel,0.050990105,0.9702116,auto_accept,n/a
ISIC_0033082,nv,nv,0.65210485,0.28730208,auto_accept,n/a
ISIC_0027209,nv,nv,0.083067894,0.0025762266,auto_accept,n/a
ISIC_0030702,nv,nv,0.05238962,0.0040329145,auto_accept,n/a
ISIC_0033901,mel,nv,0.41258526,0.14981422,auto_accept,n/a
ISIC_0029375,nv,nv,0.17268455,0.052839085,auto_accept,n/a
ISIC_0029110,nv,nv,0.06692332,0.015874252,auto_accept,n/a
ISIC_0026595,nv,nv,0.21182352,0.00015066133,auto_accept,n/a
ISIC_0024720,nv,nv,0.13463998,0.006646784,auto_accept,n/a
ISIC_0033172,nv,nv,0.544802,0.25853002,auto_accept,n/a
ISIC_0030833,nv,bkl,0.7557929,0.09511055,auto_accept,n/a
ISIC_0028091,nv,nv,0.37426138,0.14739145,auto_accept,n/a
ISIC_0033050,mel,bkl,0.9595345,0.14202677,escalate,n/a
ISIC_0025086,bkl,mel,0.6596326,0.59571356,auto_accept,n/a
ISIC_0026114,nv,nv,0.10328901,0.00020712374,auto_accept,n/a
ISIC_0032216,nv,nv,0.032155097,0.013414736,auto_accept,n/a
ISIC_0033888,nv,nv,0.37027776,0.1336317,auto_accept,n/a
ISIC_0033801,mel,nv,0.12896621,0.0023021814,auto_accept,n/a
ISIC_0026008,nv,nv,0.7497678,0.19600914,auto_accept,n/a
ISIC_0032391,nv,nv,0.016326427,2.3935493e-06,auto_accept,n/a
ISIC_0028415,mel,nv,0.58500266,0.0044483435,auto_accept,n/a
ISIC_0028761,nv,nv,0.14516449,0.016838638,auto_accept,n/a
ISIC_0030590,nv,nv,0.082924604,0.0008265793,auto_accept,n/a
ISIC_0030686,nv,nv,0.013664603,0.0003462432,auto_accept,n/a
ISIC_0033501,nv,nv,0.79063123,0.19157457,auto_accept,n/a
ISIC_0032024,bkl,akiec,0.5654024,0.633637,auto_accept,n/a
ISIC_0033885,mel,bkl,0.25170833,0.04572271,auto_accept,n/a
ISIC_0033086,nv,vasc,0.8623846,0.009669591,escalate,n/a
ISIC_0033852,nv,mel,0.9322495,0.5300309,escalate,n/a
ISIC_0025935,nv,nv,0.18079674,0.0008519592,auto_accept,n/a
ISIC_0026750,nv,nv,0.017067552,0.00085473363,auto_accept,n/a
ISIC_0030762,nv,nv,0.013059616,0.0012016017,auto_accept,n/a
ISIC_0031942,nv,mel,0.71027315,0.60772514,auto_accept,n/a
ISIC_0026982,nv,nv,0.031870723,0.0016681785,auto_accept,n/a
ISIC_0028666,mel,bkl,0.6670053,0.11859351,auto_accept,n/a
ISIC_0034224,nv,mel,0.6081979,0.56100184,auto_accept,n/a
ISIC_0028534,nv,nv,0.08542442,0.0036417905,auto_accept,n/a
ISIC_0024383,bkl,nv,0.33551002,0.00021355438,auto_accept,n/a
ISIC_0033706,nv,nv,0.6245695,0.117653936,auto_accept,n/a
ISIC_0024898,mel,nv,0.41650605,0.11397671,auto_accept,n/a
ISIC_0030816,nv,mel,0.7066738,0.629096,auto_accept,n/a
ISIC_0029068,bkl,bkl,0.79527634,0.22241484,auto_accept,n/a
ISIC_0030410,nv,bkl,0.5733646,0.0028189337,auto_accept,n/a
ISIC_0033187,nv,nv,0.76812845,0.11391378,auto_accept,n/a
ISIC_0028799,nv,vasc,0.7156793,0.00029669388,auto_accept,n/a
ISIC_0024382,bkl,bkl,0.83405566,0.45437652,auto_accept,n/a
ISIC_0032550,mel,mel,0.094706655,0.9496667,auto_accept,n/a
ISIC_0032881,nv,nv,0.17513001,0.0014864972,auto_accept,n/a
ISIC_0025576,bcc,bcc,0.059130847,0.9946114,auto_accept,n/a
ISIC_0028740,nv,nv,0.08335948,0.002010962,auto_accept,n/a
ISIC_0029044,nv,nv,0.00763005,0.0003005831,auto_accept,n/a
ISIC_0027593,nv,nv,0.04482943,0.0011578647,auto_accept,n/a
ISIC_0025852,nv,nv,0.015246332,0.001416454,auto_accept,n/a
ISIC_0025708,mel,mel,0.3205539,0.8084426,auto_accept,n/a
ISIC_0029643,nv,nv,0.27054578,0.00022649464,auto_accept,n/a
ISIC_0030097,nv,nv,0.28732306,0.0012323216,auto_accept,n/a
