image_id,true_label,predicted_label,uncertainty_score,risk_score,decision,category
ISIC_0025546,mel,nv,0.65634567,0.23288412,auto_accept,baseline_badge
ISIC_0031382,nv,nv,0.019137803,0.00045937885,auto_accept,baseline_badge
ISIC_0025947,nv,nv,0.01430997,0.0013662713,auto_accept,baseline_badge
ISIC_0032879,mel,mel,0.105549775,0.99774927,auto_accept,baseline_badge
ISIC_0029691,nv,nv,0.00045309032,8.119706e-06,auto_accept,baseline_badge
ISIC_0031732,nv,nv,0.009596749,8.303739e-06,auto_accept,baseline_badge
ISIC_0026035,nv,nv,0.002165976,0.00017060807,auto_accept,baseline_badge
ISIC_0026646,nv,nv,0.13667817,0.00020163627,auto_accept,baseline_badge
ISIC_0028370,akiec,akiec,0.07963826,0.9971629,auto_accept,baseline_badge
ISIC_0028474,nv,nv,0.00023707759,5.6506383e-06,auto_accept,baseline_badge
ISIC_0032449,nv,nv,0.00020013856,1.6022854e-06,auto_accept,baseline_badge
ISIC_0028013,nv,nv,0.023542112,0.00046101247,auto_accept,baseline_badge
ISIC_0028338,nv,nv,0.21426585,0.010113518,auto_accept,baseline_badge
ISIC_0033056,bkl,bkl,0.11930879,0.0004934793,auto_accept,baseline_badge
ISIC_0032976,mel,mel,0.006171446,0.9983896,auto_accept,baseline_badge
ISIC_0024341,nv,nv,0.0015413155,1.593592e-05,auto_accept,baseline_badge
ISIC_0031241,nv,nv,0.0010288652,2.4661045e-05,auto_accept,baseline_badge
ISIC_0032201,nv,nv,0.0022310875,2.019243e-05,auto_accept,baseline_badge
ISIC_0033869,akiec,akiec,0.04937255,0.9627082,auto_accept,baseline_badge
ISIC_0027741,nv,nv,0.0003135869,3.786235e-07,auto_accept,baseline_badge
ISIC_0025753,bkl,bkl,0.013231728,0.00010728315,auto_accept,baseline_badge
ISIC_0029222,nv,nv,0.11808977,0.019036818,auto_accept,baseline_badge
ISIC_0032952,nv,nv,0.24062477,0.0005505371,auto_accept,baseline_badge
ISIC_0028439,nv,nv,0.00015163,2.9761518e-06,auto_accept,baseline_badge
ISIC_0028692,nv,nv,0.42032304,0.15904465,escalate,baseline_badge
ISIC_0026512,nv,mel,0.30668062,0.8423892,auto_accept,baseline_badge
ISIC_0034227,nv,nv,0.04991489,0.0001796081,auto_accept,baseline_badge
ISIC_0029941,nv,nv,6.012197e-07,1.2869134e-08,auto_accept,baseline_badge
ISIC_0028316,bcc,bcc,0.02551102,0.99154073,auto_accept,baseline_badge
ISIC_0025626,nv,nv,0.00037376303,6.483187e-06,auto_accept,baseline_badge
ISIC_0024819,nv,nv,0.037194308,1.438197e-05,auto_accept,baseline_badge
ISIC_0029490,nv,nv,0.0014245089,2.8978238e-05,auto_accept,baseline_badge
ISIC_0029105,nv,nv,0.01749094,0.0070335614,auto_accept,baseline_badge
ISIC_0025992,akiec,akiec,0.0006963244,0.9999745,auto_accept,baseline_badge
ISIC_0034072,nv,bcc,1.2520199,0.91835016,escalate,baseline_badge
ISIC_0028213,nv,nv,0.008195785,3.7907033e-05,auto_accept,baseline_badge
ISIC_0032196,nv,nv,0.0006948706,8.379048e-06,auto_accept,baseline_badge
ISIC_0032137,nv,nv,0.005126608,8.831934e-05,auto_accept,baseline_badge
ISIC_0024734,nv,nv,0.0043360484,0.00042344045,auto_accept,baseline_badge
ISIC_0029602,bcc,bcc,0.121766016,0.9955278,auto_accept,baseline_badge
ISIC_0030499,nv,nv,0.0003206259,2.9924322e-05,auto_accept,baseline_badge
ISIC_0028000,nv,nv,0.00142989,3.666198e-05,auto_accept,baseline_badge
ISIC_0028577,bcc,bcc,0.18128233,0.98176193,auto_accept,baseline_badge
ISIC_0029314,nv,nv,0.0077463174,0.00049354613,auto_accept,baseline_badge
ISIC_0025398,nv,nv,0.0033662515,2.5279123e-05,auto_accept,baseline_badge
ISIC_0027898,nv,nv,0.054807216,0.00018055024,auto_accept,baseline_badge
ISIC_0026344,nv,nv,0.0016086848,0.00012113427,auto_accept,baseline_badge
ISIC_0029148,nv,nv,0.0012600534,2.1166912e-05,auto_accept,baseline_badge
ISIC_0031394,bkl,bkl,0.9547074,0.4646101,escalate,baseline_badge
ISIC_0026234,nv,nv,0.59869057,0.0005022209,escalate,baseline_badge
ISIC_0029986,nv,mel,0.099973485,0.9758464,auto_accept,baseline_badge
ISIC_0031226,bkl,bkl,0.37211573,1.6620043e-05,escalate,baseline_badge
ISIC_0030780,nv,nv,0.00013551176,3.5557234e-06,auto_accept,baseline_badge
ISIC_0029910,nv,nv,0.12016842,6.330942e-07,auto_accept,baseline_badge
ISIC_0029857,bcc,bcc,0.0036361981,0.999012,auto_accept,baseline_badge
ISIC_0029295,nv,nv,0.013575546,3.9656925e-06,auto_accept,baseline_badge
ISIC_0028432,nv,nv,0.0075724963,2.9904256e-06,auto_accept,baseline_badge
ISIC_0032791,nv,nv,0.017138628,0.0016503392,auto_accept,baseline_badge
ISIC_0030383,bkl,bkl,0.0068452423,0.00021773699,auto_accept,baseline_badge
ISIC_0026561,nv,nv,0.03362464,0.0045460616,auto_accept,baseline_badge
ISIC_0032069,nv,nv,0.0031212915,1.1479252e-06,auto_accept,baseline_badge
ISIC_0027637,nv,nv,0.01129375,0.00015008579,auto_accept,baseline_badge
ISIC_0032800,nv,nv,0.009655177,0.00014509699,auto_accept,baseline_badge
ISIC_0028156,mel,nv,0.27045986,0.025977088,auto_accept,baseline_badge
ISIC_0030947,nv,nv,0.00636101,1.0829737e-06,auto_accept,baseline_badge
ISIC_0033411,nv,nv,0.01727794,0.00091360684,auto_accept,baseline_badge
ISIC_0027630,nv,nv,0.0069523123,5.883106e-05,auto_accept,baseline_badge
ISIC_0032120,nv,nv,0.0013153594,1.5417083e-06,auto_accept,baseline_badge
ISIC_0033164,nv,nv,0.24545045,0.085981615,auto_accept,baseline_badge
ISIC_0030335,bcc,bcc,0.0017595292,0.99952817,auto_accept,baseline_badge
ISIC_0026052,nv,nv,0.01291158,0.0010956007,auto_accept,baseline_badge
ISIC_0031610,nv,nv,0.0001394387,1.2202272e-06,auto_accept,baseline_badge
ISIC_0032232,mel,nv,0.99942356,0.19575793,escalate,baseline_badge
ISIC_0031720,nv,nv,0.08166653,0.0033802988,auto_accept,baseline_badge
ISIC_0026383,nv,nv,0.005971919,0.00013437733,auto_accept,baseline_badge
ISIC_0032913,mel,mel,0.027461942,0.99318403,auto_accept,baseline_badge
ISIC_0025514,nv,nv,0.0022697947,5.7214267e-05,auto_accept,baseline_badge
ISIC_0031364,nv,nv,0.033572182,0.002268389,auto_accept,baseline_badge
ISIC_0032265,mel,nv,0.66706103,0.42851284,escalate,baseline_badge
ISIC_0029500,akiec,akiec,0.011762901,0.999141,auto_accept,baseline_badge
ISIC_0024474,nv,nv,0.014690666,0.0037025167,auto_accept,baseline_badge
ISIC_0027659,mel,mel,1.0818917,0.3113251,escalate,baseline_badge
ISIC_0033922,nv,nv,0.011050849,0.00070716033,auto_accept,baseline_badge
ISIC_0029024,nv,nv,0.0018407947,1.6348977e-05,auto_accept,baseline_badge
ISIC_0025516,nv,nv,0.005866773,0.00010373999,auto_accept,baseline_badge
ISIC_0032661,nv,nv,0.41358507,0.024664173,auto_accept,baseline_badge
ISIC_0031956,nv,nv,0.022153737,0.0001875587,auto_accept,baseline_badge
ISIC_0024826,nv,nv,0.0015163422,3.6822807e-05,auto_accept,baseline_badge
ISIC_0030797,nv,nv,0.03059946,0.00022781684,auto_accept,baseline_badge
ISIC_0025969,nv,nv,0.08243114,6.9322305e-06,auto_accept,baseline_badge
ISIC_0030329,bkl,bkl,0.119804576,0.01656808,auto_accept,baseline_badge
ISIC_0027119,nv,nv,0.00707244,0.00030488556,auto_accept,baseline_badge
ISIC_0031860,nv,nv,0.0022176756,5.272814e-07,auto_accept,baseline_badge
ISIC_0025681,nv,bkl,0.6976012,0.056961775,auto_accept,baseline_badge
ISIC_0030761,nv,nv,0.0041575604,1.817202e-05,auto_accept,baseline_badge
ISIC_0032877,bkl,bkl,0.15274318,0.025082126,auto_accept,baseline_badge
ISIC_0031707,bkl,nv,0.18869118,0.021447105,auto_accept,baseline_badge
ISIC_0024894,nv,nv,0.017720275,0.0013673526,auto_accept,baseline_badge
ISIC_0026572,nv,nv,0.006632646,5.4210714e-06,auto_accept,baseline_badge
ISIC_0024462,nv,nv,0.6965537,0.46778032,escalate,baseline_badge
ISIC_0032899,nv,bkl,0.7200578,0.005429791,escalate,baseline_badge
ISIC_0025839,nv,nv,0.004979654,0.00038862292,auto_accept,baseline_badge
ISIC_0033347,nv,nv,0.0029669066,0.00010478281,auto_accept,baseline_badge
ISIC_0025313,mel,nv,0.03863329,0.0045004603,auto_accept,baseline_badge
ISIC_0026942,nv,nv,0.59521914,2.0098598e-05,auto_accept,baseline_badge
ISIC_0026746,mel,mel,0.82958245,0.42434946,escalate,baseline_badge
ISIC_0031997,nv,nv,0.0006099497,4.1196876e-05,auto_accept,baseline_badge
ISIC_0030573,nv,nv,0.0029167663,1.0894451e-05,auto_accept,baseline_badge
ISIC_0028192,nv,nv,0.026231052,9.495799e-05,auto_accept,baseline_badge
ISIC_0027493,nv,nv,3.0936484e-05,3.3709856e-07,auto_accept,baseline_badge
ISIC_0028099,nv,nv,0.01912287,0.00084927684,auto_accept,baseline_badge
ISIC_0028908,nv,nv,0.000978763,2.4955354e-05,auto_accept,baseline_badge
ISIC_0027361,nv,nv,0.20344633,5.8081194e-05,escalate,baseline_badge
ISIC_0024624,mel,bkl,0.06489211,0.0041815704,auto_accept,baseline_badge
ISIC_0025380,nv,nv,0.00045103644,2.5962283e-05,auto_accept,baseline_badge
ISIC_0032819,nv,mel,0.06824305,0.9835955,auto_accept,baseline_badge
ISIC_0024868,nv,nv,0.0009867619,7.318753e-05,auto_accept,baseline_badge
ISIC_0025974,nv,nv,0.00032162646,3.9558233e-07,auto_accept,baseline_badge
ISIC_0032464,nv,nv,6.15637e-05,2.4783347e-08,auto_accept,baseline_badge
ISIC_0026733,nv,nv,0.33030337,0.00053299183,escalate,baseline_badge
ISIC_0027925,nv,nv,0.06635703,0.005458863,auto_accept,baseline_badge
ISIC_0025645,nv,nv,0.00022361348,4.3390087e-06,auto_accept,baseline_badge
ISIC_0031374,nv,bkl,0.05350203,0.0068363235,auto_accept,baseline_badge
ISIC_0025720,nv,nv,0.0032370412,7.672009e-06,auto_accept,baseline_badge
ISIC_0031831,bkl,bkl,0.0132727,3.5250472e-05,auto_accept,baseline_badge
ISIC_0033213,nv,nv,0.006308571,0.00039376173,auto_accept,baseline_badge
ISIC_0030698,bkl,nv,0.6369502,0.00032536295,auto_accept,baseline_badge
ISIC_0028827,nv,nv,0.0013834104,2.3268953e-05,auto_accept,baseline_badge
ISIC_0026213,bcc,bcc,0.0016392388,0.9999734,auto_accept,baseline_badge
ISIC_0030178,nv,nv,0.0008598289,4.49021e-07,auto_accept,baseline_badge
ISIC_0031518,nv,nv,0.6871618,0.0052723335,auto_accept,baseline_badge
ISIC_0029460,akiec,bkl,0.18180425,0.0027712162,auto_accept,baseline_badge
ISIC_0026425,nv,nv,0.004208025,4.0107028e-07,auto_accept,baseline_badge
ISIC_0027643,nv,mel,0.6594868,0.63095546,escalate,baseline_badge
ISIC_0026489,mel,mel,0.008945833,0.9994831,auto_accept,baseline_badge
ISIC_0025266,bcc,bcc,0.013282697,0.9833467,auto_accept,baseline_badge
ISIC_0028965,mel,mel,1.349193e-05,0.99999917,auto_accept,baseline_badge
ISIC_0024668,nv,nv,0.00013147776,2.3735026e-06,auto_accept,baseline_badge
ISIC_0029376,nv,nv,0.00074542407,3.3213462e-06,auto_accept,baseline_badge
ISIC_0027001,nv,nv,5.8994888e-06,2.3302e-09,auto_accept,baseline_badge
ISIC_0029816,nv,nv,2.1530286e-05,2.796973e-07,auto_accept,baseline_badge
ISIC_0033335,nv,nv,0.12319827,0.017978363,auto_accept,baseline_badge
ISIC_0033689,nv,nv,0.06811927,0.010956064,auto_accept,baseline_badge
ISIC_0025672,nv,nv,0.05691375,0.00075878145,auto_accept,baseline_badge
ISIC_0028456,nv,nv,0.00026326507,2.085933e-07,auto_accept,baseline_badge
ISIC_0029556,nv,nv,0.002975179,9.240536e-05,auto_accept,baseline_badge
ISIC_0031328,nv,nv,0.018369872,4.6210337e-07,auto_accept,baseline_badge
ISIC_0024308,nv,nv,0.0034535376,1.0520269e-05,auto_accept,baseline_badge
ISIC_0026731,nv,nv,5.988118e-05,1.1685183e-06,auto_accept,baseline_badge
ISIC_0028269,nv,nv,2.8543687e-05,2.8602938e-07,auto_accept,baseline_badge
ISIC_0032427,nv,nv,2.8784436e-05,2.7423306e-07,auto_accept,baseline_badge
ISIC_0026435,nv,nv,0.00020786369,2.8494599e-06,auto_accept,baseline_badge
ISIC_0029755,bcc,bcc,0.0640825,0.99319106,auto_accept,baseline_badge
ISIC_0031228,akiec,akiec,5.4706223e-05,0.9999988,auto_accept,baseline_badge
ISIC_0027109,nv,nv,0.36189574,0.009841308,auto_accept,baseline_badge
ISIC_0027684,nv,mel,0.23695657,0.8945793,auto_accept,baseline_badge
ISIC_0028826,bkl,bkl,0.32394183,2.5501526e-08,escalate,baseline_badge
ISIC_0024410,mel,nv,0.3952127,0.1296476,auto_accept,baseline_badge
ISIC_0032316,bcc,bcc,0.024925236,0.98619056,auto_accept,baseline_badge
ISIC_0033484,nv,df,0.2488584,0.0043636607,auto_accept,baseline_badge
ISIC_0033768,nv,nv,0.4615193,0.06863177,escalate,baseline_badge
ISIC_0032298,nv,nv,0.0046179993,0.00018423144,auto_accept,baseline_badge
ISIC_0030003,nv,nv,0.0032267729,4.864112e-06,auto_accept,baseline_badge
ISIC_0028830,bkl,bkl,0.6648657,0.5998498,escalate,baseline_badge
ISIC_0028571,nv,nv,1.0710987,0.27381906,escalate,baseline_badge
ISIC_0024347,nv,nv,0.09263612,0.0002276095,auto_accept,baseline_badge
ISIC_0026618,nv,nv,0.17749026,0.0062929075,auto_accept,baseline_badge
ISIC_0028805,nv,nv,0.02796013,6.597669e-07,auto_accept,baseline_badge
ISIC_0033226,mel,nv,0.7422685,0.06215461,escalate,baseline_badge
ISIC_0031752,nv,nv,0.001441074,4.590472e-06,auto_accept,baseline_badge
ISIC_0025871,nv,nv,0.005390408,2.2546263e-05,auto_accept,baseline_badge
ISIC_0025147,nv,nv,0.00018743567,2.6800302e-08,auto_accept,baseline_badge
ISIC_0026781,nv,nv,0.2559568,0.013811261,auto_accept,baseline_badge
ISIC_0027343,akiec,nv,0.35408846,0.12403253,auto_accept,baseline_badge
ISIC_0025406,nv,nv,0.0035134214,4.8353763e-06,auto_accept,baseline_badge
ISIC_0026704,bkl,bkl,0.959551,0.43937397,auto_accept,baseline_badge
ISIC_0028710,bkl,bkl,0.13283019,0.062154803,auto_accept,baseline_badge
ISIC_0027724,nv,nv,0.26325697,0.085295044,auto_accept,baseline_badge
ISIC_0026159,bkl,bkl,0.4625422,0.18398172,auto_accept,baseline_badge
ISIC_0027417,nv,nv,0.004041298,0.0003028146,auto_accept,baseline_badge
ISIC_0030142,akiec,akiec,0.008420682,0.9984366,auto_accept,baseline_badge
ISIC_0033437,bkl,bkl,0.044876136,0.010278439,auto_accept,baseline_badge
ISIC_0025831,akiec,bkl,0.30886474,0.05482278,auto_accept,baseline_badge
ISIC_0033490,bkl,bkl,0.0019938035,0.0001704892,auto_accept,baseline_badge
ISIC_0032620,nv,nv,0.4886783,0.0017211959,escalate,baseline_badge
ISIC_0025840,nv,nv,0.020474372,0.0022175584,auto_accept,baseline_badge
ISIC_0033989,nv,nv,0.0014152245,3.1277224e-05,auto_accept,baseline_badge
ISIC_0034191,nv,nv,0.012172889,0.00056617946,auto_accept,baseline_badge
ISIC_0029688,nv,nv,0.011203608,0.00077476696,auto_accept,baseline_badge
ISIC_0028337,nv,nv,0.0001318691,3.3969495e-06,auto_accept,baseline_badge
ISIC_0033092,vasc,vasc,0.0069391383,0.0010399916,auto_accept,baseline_badge
ISIC_0029443,bkl,bkl,0.7197962,0.0070842155,auto_accept,baseline_badge
ISIC_0032419,nv,nv,0.00036571658,5.533382e-06,auto_accept,baseline_badge
ISIC_0030361,nv,nv,6.6166526e-06,2.9150732e-07,auto_accept,baseline_badge
ISIC_0025595,nv,nv,0.0035815416,2.555506e-05,auto_accept,baseline_badge
ISIC_0028274,nv,nv,0.0043553584,0.00027761408,auto_accept,baseline_badge
ISIC_0031575,nv,nv,0.00021539892,2.1581285e-07,auto_accept,baseline_badge
ISIC_0025517,nv,nv,0.22204474,0.0032454173,auto_accept,baseline_badge
ISIC_0029815,nv,nv,0.00021263622,8.0986786e-07,auto_accept,baseline_badge
ISIC_0028870,nv,vasc,0.81603676,0.0072193067,escalate,baseline_badge
ISIC_0031717,nv,nv,0.0030744742,0.00015145917,auto_accept,baseline_badge
ISIC_0032710,nv,nv,0.042480983,0.0051393965,auto_accept,baseline_badge
ISIC_0033601,bkl,bkl,8.297288e-05,4.340182e-07,auto_accept,baseline_badge
ISIC_0029442,nv,nv,0.0002640283,7.069495e-07,auto_accept,baseline_badge
ISIC_0029282,nv,nv,0.00022915949,1.7317252e-05,auto_accept,baseline_badge
ISIC_0033151,akiec,bkl,0.069782324,0.021283505,auto_accept,baseline_badge
ISIC_0033772,nv,nv,0.008534288,0.0005986928,auto_accept,baseline_badge
ISIC_0031816,nv,nv,5.5760425e-05,2.5552746e-08,auto_accept,baseline_badge
ISIC_0031327,nv,nv,0.0006658359,3.841322e-06,auto_accept,baseline_badge
ISIC_0028907,nv,nv,8.44875e-06,2.1308866e-08,auto_accept,baseline_badge
ISIC_0030053,nv,nv,0.12510045,0.010805847,auto_accept,baseline_badge
ISIC_0029607,nv,nv,0.011726933,9.351384e-05,auto_accept,baseline_badge
ISIC_0025812,nv,nv,0.1912383,0.024118459,auto_accept,baseline_badge
ISIC_0024335,nv,nv,0.0019765666,2.967034e-05,auto_accept,baseline_badge
ISIC_0026797,nv,nv,1.7307417e-05,6.7498654e-08,auto_accept,baseline_badge
ISIC_0027813,nv,nv,0.00026771796,2.9696312e-06,auto_accept,baseline_badge
ISIC_0028938,nv,nv,0.17516771,7.772155e-05,auto_accept,baseline_badge
ISIC_0025965,nv,nv,0.0010214589,5.288922e-06,auto_accept,baseline_badge
ISIC_0034212,nv,nv,0.019512605,0.0036896646,auto_accept,baseline_badge
ISIC_0031850,nv,nv,0.006464956,0.00011408583,auto_accept,baseline_badge
ISIC_0029788,nv,nv,0.007487431,0.00042092477,auto_accept,baseline_badge
ISIC_0028755,nv,bkl,0.2338387,0.015861876,auto_accept,baseline_badge
ISIC_0029321,nv,nv,0.021460814,0.0008343084,auto_accept,baseline_badge
ISIC_0025715,nv,nv,0.0006763217,2.117402e-05,auto_accept,baseline_badge
ISIC_0025896,nv,nv,0.001760046,1.258481e-06,auto_accept,baseline_badge
ISIC_0032999,nv,nv,0.04995037,0.008019524,auto_accept,baseline_badge
ISIC_0025115,nv,nv,0.00068604643,2.611241e-06,auto_accept,baseline_badge
ISIC_0033367,nv,nv,0.78191763,0.006656588,auto_accept,baseline_badge
ISIC_0028857,nv,nv,0.06709674,0.011035704,auto_accept,baseline_badge
ISIC_0033177,nv,nv,0.016414363,7.219352e-05,auto_accept,baseline_badge
ISIC_0034109,nv,nv,0.07120923,0.020448439,auto_accept,baseline_badge
ISIC_0032859,nv,nv,0.06327888,0.0037024093,auto_accept,baseline_badge
ISIC_0031088,bkl,nv,0.57165617,6.24101e-07,escalate,baseline_badge
ISIC_0026653,nv,nv,0.11218997,0.0039641354,auto_accept,baseline_badge
ISIC_0028134,nv,nv,0.026636222,0.0045093135,auto_accept,baseline_badge
ISIC_0025669,nv,nv,0.028589517,0.00020457266,auto_accept,baseline_badge
ISIC_0024648,nv,nv,0.0066102156,0.00012098743,auto_accept,baseline_badge
ISIC_0032368,nv,nv,0.011243027,0.00022986323,auto_accept,baseline_badge
ISIC_0031813,nv,nv,0.03646917,0.0045268475,auto_accept,baseline_badge
ISIC_0032606,nv,nv,0.09701573,0.025857521,auto_accept,baseline_badge
ISIC_0030255,mel,nv,0.17758267,0.041906334,auto_accept,baseline_badge
ISIC_0032911,nv,bcc,1.3041683,0.1593783,escalate,baseline_badge
ISIC_0025508,nv,nv,0.002645644,7.672981e-05,auto_accept,baseline_badge
ISIC_0028897,mel,nv,0.72892135,0.38910195,escalate,baseline_badge
ISIC_0030745,nv,nv,0.0048297034,0.00020288402,auto_accept,baseline_badge
ISIC_0033080,nv,nv,0.16975044,0.0012510016,auto_accept,baseline_badge
ISIC_0024485,nv,nv,0.0022257168,2.9060462e-07,auto_accept,baseline_badge
ISIC_0027099,nv,nv,0.40228316,0.18397266,auto_accept,baseline_badge
ISIC_0029213,bkl,bkl,0.45992488,0.041860353,auto_accept,baseline_badge
ISIC_0027508,nv,nv,0.0010031316,1.44060605e-05,auto_accept,baseline_badge
ISIC_0030186,nv,nv,0.00010295636,6.348234e-07,auto_accept,baseline_badge
ISIC_0025055,nv,nv,0.00060403196,3.0016752e-05,auto_accept,baseline_badge
ISIC_0031567,nv,nv,0.2611114,0.056657117,auto_accept,baseline_badge
ISIC_0024956,nv,nv,0.019066544,2.0802565e-06,auto_accept,baseline_badge
ISIC_0030136,nv,nv,0.00010588662,9.1866804e-07,auto_accept,baseline_badge
ISIC_0026000,nv,nv,0.009564553,6.306257e-05,auto_accept,baseline_badge
ISIC_0028563,nv,nv,0.0009470619,8.49572e-06,auto_accept,baseline_badge
ISIC_0029235,bkl,bkl,0.012337751,0.0014048745,auto_accept,baseline_badge
ISIC_0032554,nv,nv,0.5860875,0.0021964326,auto_accept,baseline_badge
ISIC_0033998,nv,nv,0.043356176,0.00017723031,auto_accept,baseline_badge
ISIC_0032145,nv,nv,0.014472969,0.0017582563,auto_accept,baseline_badge
ISIC_0029407,nv,nv,0.00014839706,4.6801542e-06,auto_accept,baseline_badge
ISIC_0028136,nv,nv,0.37508553,0.024424681,auto_accept,baseline_badge
ISIC_0029071,nv,nv,0.049502447,0.00033583486,auto_accept,baseline_badge
ISIC_0024658,nv,nv,5.382988e-05,1.9058585e-06,auto_accept,baseline_badge
ISIC_0032261,nv,nv,0.03825653,0.0052649784,auto_accept,baseline_badge
ISIC_0033427,nv,nv,0.0002024951,1.6553193e-05,auto_accept,baseline_badge
ISIC_0029495,mel,nv,0.03428726,0.004056368,auto_accept,baseline_badge
ISIC_0026590,bkl,bkl,0.0033969698,0.004317151,auto_accept,baseline_badge
ISIC_0029138,nv,mel,0.78518295,0.47401896,auto_accept,baseline_badge
ISIC_0029127,nv,nv,0.18946494,0.04460849,auto_accept,baseline_badge
ISIC_0026739,nv,nv,0.15501356,0.021808965,auto_accept,baseline_badge
ISIC_0032131,nv,nv,1.9379575e-05,1.5070565e-07,auto_accept,baseline_badge
ISIC_0028699,nv,nv,0.03934,2.261862e-05,auto_accept,baseline_badge
ISIC_0025678,nv,nv,0.01206267,2.2721345e-07,auto_accept,baseline_badge
ISIC_0027505,nv,nv,0.14844981,0.011126667,auto_accept,baseline_badge
ISIC_0030629,nv,nv,0.19213279,0.00010334357,auto_accept,baseline_badge
ISIC_0030180,nv,nv,0.8999261,0.17299326,auto_accept,baseline_badge
ISIC_0032487,nv,nv,0.017269915,0.003093322,auto_accept,baseline_badge
ISIC_0026903,nv,nv,0.0009085461,4.5310673e-05,auto_accept,baseline_badge
ISIC_0031497,nv,nv,0.00030774667,1.7353392e-05,auto_accept,baseline_badge
ISIC_0029082,bcc,bcc,0.036084842,0.9989215,auto_accept,baseline_badge
ISIC_0032696,bcc,bcc,0.0077150394,0.9997731,auto_accept,baseline_badge
ISIC_0027492,nv,bcc,0.49180678,0.8173525,auto_accept,baseline_badge
ISIC_0028189,nv,nv,0.0051902104,0.00057403557,auto_accept,baseline_badge
ISIC_0033170,nv,nv,0.22905262,0.020340074,auto_accept,baseline_badge
ISIC_0032085,nv,nv,0.032748464,0.0063217436,auto_accept,baseline_badge
ISIC_0034103,bkl,nv,1.1337322,0.20377266,escalate,baseline_badge
ISIC_0032847,mel,nv,0.537063,0.18275894,auto_accept,baseline_badge
ISIC_0024937,nv,nv,0.16200992,0.0029664875,auto_accept,baseline_badge
ISIC_0026379,nv,nv,0.009062787,0.0001571146,auto_accept,baseline_badge
ISIC_0028008,nv,nv,0.59702384,0.20756301,auto_accept,baseline_badge
ISIC_0033132,nv,mel,0.22586735,0.958313,auto_accept,baseline_badge
ISIC_0031879,nv,nv,0.0017666417,5.4973298e-05,auto_accept,baseline_badge
ISIC_0034050,mel,mel,0.0050320746,0.9998964,auto_accept,baseline_badge
ISIC_0026495,nv,nv,0.00011706265,9.835785e-07,auto_accept,baseline_badge
ISIC_0034279,nv,nv,0.80832183,0.0029650594,auto_accept,baseline_badge
ISIC_0030295,nv,nv,0.00025553332,2.0452803e-06,auto_accept,baseline_badge
ISIC_0030706,bkl,bkl,0.8790471,0.40902984,escalate,baseline_badge
ISIC_0033074,mel,nv,0.68077785,0.26196894,auto_accept,baseline_badge
ISIC_0026143,nv,nv,0.0052227387,2.2837121e-05,auto_accept,baseline_badge
ISIC_0030473,nv,mel,0.061359484,0.98821974,auto_accept,baseline_badge
ISIC_0024615,nv,nv,0.07809009,0.015167886,auto_accept,baseline_badge
ISIC_0031534,nv,nv,0.21312656,0.0027190966,auto_accept,baseline_badge
ISIC_0031067,nv,nv,0.0012822411,3.9041453e-05,auto_accept,baseline_badge
ISIC_0024800,akiec,bkl,0.007983916,0.00023553523,auto_accept,baseline_badge
ISIC_0029954,nv,nv,0.0028165819,0.0004157624,auto_accept,baseline_badge
ISIC_0029051,bkl,bkl,0.21924129,0.0021061923,auto_accept,baseline_badge
ISIC_0033540,nv,df,0.6756351,0.002101247,escalate,baseline_badge
ISIC_0028417,nv,nv,0.01749444,0.00035538524,auto_accept,baseline_badge
ISIC_0026019,nv,nv,6.356926e-05,2.3119078e-09,auto_accept,baseline_badge
ISIC_0033478,nv,mel,0.166775,0.93140316,auto_accept,baseline_badge
ISIC_0026197,nv,nv,0.003832124,7.819138e-07,auto_accept,baseline_badge
ISIC_0026353,nv,nv,0.0008044291,1.3284582e-05,auto_accept,baseline_badge
ISIC_0033655,mel,mel,0.024894662,0.9932935,auto_accept,baseline_badge
ISIC_0025525,nv,nv,0.0066462695,0.00035429432,auto_accept,baseline_badge
ISIC_0029122,nv,nv,3.598747e-05,8.8418335e-07,auto_accept,baseline_badge
ISIC_0030588,nv,nv,0.31648472,0.090058506,escalate,baseline_badge
ISIC_0033664,nv,nv,0.0069190585,0.0008497314,auto_accept,baseline_badge
ISIC_0029368,nv,nv,0.005677262,0.0006679603,auto_accept,baseline_badge
ISIC_0030672,nv,mel,0.6793696,0.7830063,auto_accept,baseline_badge
ISIC_0028656,bkl,bkl,0.24186023,0.0017018418,auto_accept,baseline_badge
ISIC_0031390,nv,nv,0.0021328449,1.7751973e-06,auto_accept,baseline_badge
ISIC_0032695,mel,mel,0.000749664,0.9999274,auto_accept,baseline_badge
ISIC_0031010,nv,nv,4.6621326e-06,2.4900997e-08,auto_accept,baseline_badge
ISIC_0028780,nv,nv,0.04371142,0.00031674356,auto_accept,baseline_badge
ISIC_0025141,nv,nv,0.046031766,0.0059547736,auto_accept,baseline_badge
ISIC_0026469,nv,nv,0.006980122,2.043325e-06,auto_accept,baseline_badge
ISIC_0024651,nv,nv,0.00840282,0.001038927,auto_accept,baseline_badge
ISIC_0030920,nv,nv,0.029499702,0.0029745402,auto_accept,baseline_badge
ISIC_0027143,nv,nv,0.05456174,0.00057475554,auto_accept,baseline_badge
ISIC_0026639,nv,nv,0.030766599,0.0034811657,auto_accept,baseline_badge
ISIC_0032950,nv,nv,0.06301783,0.024158679,auto_accept,baseline_badge
ISIC_0026838,nv,nv,0.00017191541,1.6881658e-06,auto_accept,baseline_badge
ISIC_0029911,nv,nv,0.00086544227,1.9510455e-06,auto_accept,baseline_badge
ISIC_0026578,nv,nv,0.0008089587,5.7999614e-06,auto_accept,baseline_badge
ISIC_0034198,nv,nv,0.035816338,3.1820757e-05,auto_accept,baseline_badge
ISIC_0024910,bkl,bkl,0.13328055,0.009370557,auto_accept,baseline_badge
ISIC_0026422,bkl,bkl,0.5815998,6.8302004e-05,auto_accept,baseline_badge
ISIC_0031985,nv,nv,0.0073321722,0.00095555076,auto_accept,baseline_badge
ISIC_0028181,nv,nv,0.0006218299,2.5696307e-05,auto_accept,baseline_badge
ISIC_0028743,nv,nv,2.0859361e-05,5.7850635e-08,auto_accept,baseline_badge
ISIC_0025977,nv,nv,2.0826206e-05,3.4940427e-07,auto_accept,baseline_badge
ISIC_0025522,nv,nv,0.14018764,7.9383615e-05,auto_accept,baseline_badge
ISIC_0026516,mel,nv,0.37024936,0.1303527,auto_accept,baseline_badge
ISIC_0028819,nv,nv,0.18925828,0.00377302,auto_accept,baseline_badge
ISIC_0033480,bkl,bkl,0.2448935,0.11421515,auto_accept,baseline_badge
ISIC_0030194,nv,nv,0.5673946,0.034335915,auto_accept,baseline_badge
ISIC_0029153,nv,nv,0.02639876,0.0009524113,auto_accept,baseline_badge
ISIC_0024549,nv,nv,0.0937471,0.0030640606,auto_accept,baseline_badge
ISIC_0030407,nv,nv,0.0009458395,5.8475827e-05,auto_accept,baseline_badge
ISIC_0024493,nv,nv,0.032158736,0.000112402355,auto_accept,baseline_badge
ISIC_0034239,mel,mel,0.009543586,0.99890816,auto_accept,baseline_badge
ISIC_0032528,nv,nv,0.078111984,0.00080074224,auto_accept,baseline_badge
ISIC_0030684,nv,nv,0.032597788,0.00736472,auto_accept,baseline_badge
ISIC_0025393,nv,nv,0.002634233,2.3657407e-05,auto_accept,baseline_badge
ISIC_0025571,nv,nv,0.23005465,0.0051774723,auto_accept,baseline_badge
ISIC_0033641,nv,nv,0.22091852,0.047036976,auto_accept,baseline_badge
ISIC_0029157,mel,mel,0.3548766,0.97578764,auto_accept,baseline_badge
ISIC_0025235,mel,nv,0.6051409,0.028112452,auto_accept,baseline_badge
ISIC_0033828,bkl,bkl,0.0069824145,4.3787702e-05,auto_accept,baseline_badge
ISIC_0028515,nv,nv,0.018317508,6.265885e-07,auto_accept,baseline_badge
ISIC_0026829,bcc,bcc,0.0030440493,0.99906,auto_accept,baseline_badge
ISIC_0026633,nv,nv,0.036946714,8.457392e-05,auto_accept,baseline_badge
ISIC_0029633,nv,bkl,0.0015676133,1.8233817e-05,auto_accept,baseline_badge
ISIC_0033560,mel,mel,0.023391703,0.99192625,auto_accept,baseline_badge
ISIC_0030673,nv,nv,0.0154631315,9.163264e-05,auto_accept,baseline_badge
ISIC_0028996,nv,nv,0.0007158691,7.234818e-07,auto_accept,baseline_badge
ISIC_0030371,nv,nv,0.08492164,0.012868605,auto_accept,baseline_badge
ISIC_0025188,mel,mel,0.040991135,0.9954379,auto_accept,baseline_badge
ISIC_0029739,nv,nv,0.00032762665,3.0634528e-06,auto_accept,baseline_badge
ISIC_0032339,nv,nv,0.003838082,0.0004098272,auto_accept,baseline_badge
ISIC_0030389,nv,nv,0.13840948,0.011167807,auto_accept,baseline_badge
ISIC_0031504,nv,nv,0.25838095,0.003599522,auto_accept,baseline_badge
ISIC_0027147,nv,bkl,0.74324065,0.06920572,escalate,baseline_badge
ISIC_0026027,nv,nv,0.017885821,0.00050986366,auto_accept,baseline_badge
ISIC_0031214,nv,nv,2.9144908e-06,2.7145353e-08,auto_accept,baseline_badge
ISIC_0027633,nv,nv,0.04147367,0.0056626573,auto_accept,baseline_badge
ISIC_0027760,bkl,bkl,0.109411694,0.094563685,auto_accept,baseline_badge
ISIC_0030277,mel,bkl,0.42792186,0.4319532,escalate,baseline_badge
ISIC_0027006,bkl,bkl,0.020784274,3.5535874e-07,auto_accept,baseline_badge
ISIC_0033652,nv,nv,0.15941969,0.0078758765,auto_accept,baseline_badge
ISIC_0031058,nv,nv,0.010844277,0.00012852496,auto_accept,baseline_badge
ISIC_0026795,nv,nv,0.010067586,0.0007761443,auto_accept,baseline_badge
ISIC_0029900,akiec,akiec,0.010475622,0.998544,auto_accept,baseline_badge
ISIC_0030204,nv,nv,0.44791138,0.00028705708,auto_accept,baseline_badge
ISIC_0028301,nv,nv,0.00045651908,1.4845882e-05,auto_accept,baseline_badge
ISIC_0032161,nv,nv,0.0016968242,6.8142406e-05,auto_accept,baseline_badge
ISIC_0029191,nv,nv,0.037325818,0.002246328,auto_accept,baseline_badge
ISIC_0025334,nv,nv,0.0019065465,0.00011803215,auto_accept,baseline_badge
ISIC_0027193,nv,nv,3.3012195e-05,6.426116e-08,auto_accept,baseline_badge
ISIC_0026676,nv,nv,0.24510008,0.095419,auto_accept,baseline_badge
ISIC_0025593,nv,nv,0.00014192499,1.12593234e-07,auto_accept,baseline_badge
ISIC_0026963,mel,bkl,0.003963291,0.0009628278,auto_accept,baseline_badge
ISIC_0030054,nv,nv,0.0014765627,3.1824986e-06,auto_accept,baseline_badge
ISIC_0026345,nv,nv,0.008056369,6.752345e-05,auto_accept,baseline_badge
ISIC_0032834,bcc,bcc,0.06865921,0.98560184,auto_accept,baseline_badge
ISIC_0025102,bcc,bcc,0.002891757,0.9997042,auto_accept,baseline_badge
ISIC_0026807,nv,nv,0.0029413756,8.140682e-08,auto_accept,baseline_badge
ISIC_0029981,nv,nv,0.0006092851,3.3663446e-06,auto_accept,baseline_badge
ISIC_0026589,nv,nv,0.0052099153,2.8026866e-06,auto_accept,baseline_badge
ISIC_0027384,nv,nv,0.0067602596,6.9612476e-08,auto_accept,baseline_badge
ISIC_0029116,nv,nv,0.0010073219,8.571654e-05,auto_accept,baseline_badge
ISIC_0032547,mel,mel,0.006834626,0.99906474,auto_accept,baseline_badge
ISIC_0031756,nv,mel,0.65019375,0.72523683,escalate,baseline_badge
ISIC_0027941,nv,nv,0.0056986227,7.355204e-06,auto_accept,baseline_badge
ISIC_0029782,nv,nv,0.0013104681,0.0001002015,auto_accept,baseline_badge
ISIC_0027153,nv,nv,0.0007612716,1.3330356e-05,auto_accept,baseline_badge
ISIC_0028019,nv,nv,2.1547461e-05,6.0409904e-09,auto_accept,baseline_badge
ISIC_0025100,nv,nv,0.036104318,0.00020683918,auto_accept,baseline_badge
ISIC_0025447,nv,nv,0.010056943,0.00085749984,auto_accept,baseline_badge
ISIC_0032080,nv,nv,0.00019330287,1.0756839e-06,auto_accept,baseline_badge
ISIC_0026168,nv,nv,0.09361303,2.4961828e-06,auto_accept,baseline_badge
ISIC_0032957,nv,nv,0.66904116,0.011961256,escalate,baseline_badge
ISIC_0032506,nv,nv,0.0105706295,0.0006742496,auto_accept,baseline_badge
ISIC_0025769,nv,nv,0.0017757803,0.000106488056,auto_accept,baseline_badge
ISIC_0029653,nv,nv,0.049211726,0.00028688746,auto_accept,baseline_badge
ISIC_0027227,nv,nv,0.043511108,0.0061214985,auto_accept,baseline_badge
ISIC_0028483,nv,nv,0.0053429124,8.783355e-05,auto_accept,baseline_badge
ISIC_0029347,nv,nv,0.00011135494,3.4922648e-06,auto_accept,baseline_badge
ISIC_0024597,nv,nv,0.04214067,3.6729698e-06,auto_accept,baseline_badge
ISIC_0024976,nv,nv,0.06612131,2.0878801e-06,auto_accept,baseline_badge
ISIC_0028049,nv,nv,0.025886027,0.0013663202,auto_accept,baseline_badge
ISIC_0032865,nv,nv,0.06248235,0.012925284,auto_accept,baseline_badge
ISIC_0024434,nv,nv,0.00068491464,6.1228496e-07,auto_accept,baseline_badge
ISIC_0028298,nv,nv,0.0032323021,4.518442e-05,auto_accept,baseline_badge
ISIC_0033927,nv,nv,0.66751176,2.7948028e-05,escalate,baseline_badge
ISIC_0031422,nv,bkl,0.03523985,0.005278093,auto_accept,baseline_badge
ISIC_0024405,nv,nv,0.00025636345,1.0000686e-06,auto_accept,baseline_badge
ISIC_0031156,nv,nv,7.936057e-05,2.3111063e-08,auto_accept,baseline_badge
ISIC_0031415,nv,nv,0.0045575844,3.62033e-05,auto_accept,baseline_badge
ISIC_0032362,nv,nv,0.056964263,0.0043834983,auto_accept,baseline_badge
ISIC_0027879,nv,nv,0.0060807373,0.0002184144,auto_accept,baseline_badge
ISIC_0026834,nv,nv,0.0020989021,0.0001424104,auto_accept,baseline_badge
ISIC_0028673,nv,nv,0.08178466,0.004212927,auto_accept,baseline_badge
ISIC_0032785,nv,nv,0.006667276,0.00027775805,auto_accept,baseline_badge
ISIC_0031335,akiec,akiec,0.96115315,0.7692454,escalate,baseline_badge
ISIC_0029243,bkl,bkl,0.15312164,0.04064731,auto_accept,baseline_badge
ISIC_0032678,nv,nv,0.00633861,0.0006690702,auto_accept,baseline_badge
ISIC_0031925,bcc,bcc,0.14256458,0.99780303,auto_accept,baseline_badge
ISIC_0030034,mel,nv,0.030179799,0.00045418902,auto_accept,baseline_badge
ISIC_0029967,df,df,0.00018955089,9.233128e-05,auto_accept,baseline_badge
ISIC_0027742,mel,mel,0.71462303,0.48450655,auto_accept,baseline_badge
ISIC_0030421,nv,nv,0.00040645644,1.2899012e-06,auto_accept,baseline_badge
ISIC_0030461,nv,nv,0.0009467283,1.1567432e-06,auto_accept,baseline_badge
ISIC_0028028,nv,nv,0.000305624,4.923636e-06,auto_accept,baseline_badge
ISIC_0026551,nv,nv,0.07105256,0.017497085,auto_accept,baseline_badge
ISIC_0026999,nv,nv,0.0013320644,8.327236e-05,auto_accept,baseline_badge
ISIC_0031033,nv,nv,0.01606095,0.0020819313,auto_accept,baseline_badge
ISIC_0027011,nv,nv,0.00025810575,1.2552122e-05,auto_accept,baseline_badge
ISIC_0028597,nv,nv,0.015943965,0.0005301448,auto_accept,baseline_badge
ISIC_0028012,nv,nv,7.7407356e-05,1.626847e-06,auto_accept,baseline_badge
ISIC_0032324,nv,nv,0.01650805,0.0025089465,auto_accept,baseline_badge
ISIC_0030973,nv,nv,0.23417765,0.023917427,auto_accept,baseline_badge
ISIC_0029289,bkl,nv,0.021959329,0.002965083,auto_accept,baseline_badge
ISIC_0026864,nv,nv,0.00015793502,6.8485275e-07,auto_accept,baseline_badge
ISIC_0026095,nv,nv,0.007314208,0.00047524934,auto_accept,baseline_badge
ISIC_0025618,nv,nv,0.16509974,0.0031140242,auto_accept,baseline_badge
ISIC_0026187,nv,nv,0.051004946,0.0007081618,auto_accept,baseline_badge
ISIC_0028604,nv,nv,0.0018881473,1.152387e-05,auto_accept,baseline_badge
ISIC_0029936,nv,nv,0.007740999,0.00019166894,auto_accept,baseline_badge
ISIC_0029167,nv,nv,0.0028587675,0.00020160111,auto_accept,baseline_badge
ISIC_0031656,nv,nv,0.00039134902,1.1467173e-06,auto_accept,baseline_badge
ISIC_0031419,nv,nv,0.0017378897,7.113985e-05,auto_accept,baseline_badge
ISIC_0030386,nv,nv,0.13358292,0.03522003,auto_accept,baseline_badge
ISIC_0027381,nv,nv,0.014153596,0.00016420361,auto_accept,baseline_badge
ISIC_0024340,nv,bkl,0.22893554,2.622886e-05,escalate,baseline_badge
ISIC_0025280,nv,nv,0.025752408,2.5560107e-08,auto_accept,baseline_badge
ISIC_0030023,nv,nv,0.20190816,0.028980052,auto_accept,baseline_badge
ISIC_0032380,nv,nv,0.008485349,0.0010891447,auto_accept,baseline_badge
ISIC_0027240,nv,nv,0.8358054,0.48965505,auto_accept,baseline_badge
ISIC_0024710,akiec,bcc,0.02188251,0.9994741,auto_accept,baseline_badge
ISIC_0033810,df,nv,0.71627295,0.00028097874,escalate,baseline_badge
ISIC_0031639,bkl,bkl,0.56622016,0.67653555,auto_accept,baseline_badge
ISIC_0027132,nv,nv,5.2910927e-05,1.713591e-08,auto_accept,baseline_badge
ISIC_0027998,bcc,bcc,0.004710661,0.9997876,auto_accept,baseline_badge
ISIC_0028339,nv,nv,0.006355126,0.00014373989,auto_accept,baseline_badge
ISIC_0033419,nv,nv,0.08347735,0.0036173123,auto_accept,baseline_badge
ISIC_0030118,bkl,bkl,0.14423075,0.00086641725,auto_accept,baseline_badge
ISIC_0028047,nv,nv,5.2752785e-05,2.7395154e-07,auto_accept,baseline_badge
ISIC_0025028,nv,nv,0.003955284,4.557481e-05,auto_accept,baseline_badge
ISIC_0030301,nv,nv,1.37991565e-05,1.3563177e-07,auto_accept,baseline_badge
ISIC_0033088,bkl,bkl,0.028179705,0.00023600392,auto_accept,baseline_badge
ISIC_0026434,nv,nv,0.0029987753,0.00021633809,auto_accept,baseline_badge
ISIC_0031150,bkl,bkl,0.009668148,0.004828759,auto_accept,baseline_badge
ISIC_0029706,nv,nv,0.00040714056,1.0883652e-05,auto_accept,baseline_badge
ISIC_0032059,nv,nv,0.009306627,4.0349845e-05,auto_accept,baseline_badge
ISIC_0030098,nv,nv,0.0018699068,8.37838e-05,auto_accept,baseline_badge
ISIC_0032273,nv,nv,0.1660734,0.0003121215,auto_accept,baseline_badge
ISIC_0028102,nv,nv,0.010990229,0.00033821954,auto_accept,baseline_badge
ISIC_0024325,nv,nv,0.0004838806,3.1289308e-06,auto_accept,baseline_badge
ISIC_0026175,nv,nv,0.0002407375,2.6408377e-06,auto_accept,baseline_badge
ISIC_0029498,nv,nv,0.003219791,0.00015930498,auto_accept,baseline_badge
ISIC_0024452,bcc,bcc,0.0018692624,0.99949586,auto_accept,baseline_badge
ISIC_0028934,nv,nv,0.009539619,1.8452497e-06,auto_accept,baseline_badge
ISIC_0027278,nv,nv,0.0179407,0.0003457443,auto_accept,baseline_badge
ISIC_0024750,nv,nv,0.038023144,0.00024995167,auto_accept,baseline_badge
ISIC_0032840,mel,mel,0.0015026538,0.9998834,auto_accept,baseline_badge
ISIC_0032434,nv,nv,0.0009164602,5.506207e-07,auto_accept,baseline_badge
ISIC_0029083,bcc,bcc,0.003115621,0.99999166,auto_accept,baseline_badge
ISIC_0027689,nv,nv,0.040138938,0.002420897,auto_accept,baseline_badge
ISIC_0028086,mel,mel,0.016596733,0.9981071,auto_accept,baseline_badge
ISIC_0026005,nv,nv,0.00034279676,1.1181855e-05,auto_accept,baseline_badge
ISIC_0025648,nv,nv,0.006322639,0.000276259,auto_accept,baseline_badge
ISIC_0027809,nv,nv,0.0023877183,1.7370411e-06,auto_accept,baseline_badge
ISIC_0026384,nv,nv,0.028431917,0.00094239693,auto_accept,baseline_badge
ISIC_0029590,nv,nv,0.007517189,1.9561783e-05,auto_accept,baseline_badge
ISIC_0027313,nv,nv,0.00063555036,9.718491e-06,auto_accept,baseline_badge
ISIC_0033900,bkl,bkl,0.6059011,0.019123271,auto_accept,baseline_badge
ISIC_0027453,nv,nv,0.0026350599,4.1108655e-05,auto_accept,baseline_badge
ISIC_0031512,nv,nv,0.0061563803,7.558241e-05,auto_accept,baseline_badge
ISIC_0031402,nv,nv,0.004484834,0.00017891005,auto_accept,baseline_badge
ISIC_0030733,nv,nv,0.55983084,0.18464829,escalate,baseline_badge
ISIC_0026678,nv,nv,0.0080072535,0.0022390098,auto_accept,baseline_badge
ISIC_0030637,nv,nv,0.0015504425,2.88735e-05,auto_accept,baseline_badge
ISIC_0030927,nv,nv,0.0019458965,2.6884303e-05,auto_accept,baseline_badge
ISIC_0027744,bcc,bcc,0.0054619955,0.9991277,auto_accept,baseline_badge
ISIC_0026657,nv,nv,0.21331322,0.06311056,auto_accept,baseline_badge
ISIC_0032489,nv,nv,1.1628239,0.5133092,escalate,baseline_badge
ISIC_0029669,bcc,bcc,0.0036666396,0.9993393,auto_accept,baseline_badge
ISIC_0024558,nv,nv,0.00015642797,6.3202646e-07,auto_accept,baseline_badge
ISIC_0031024,bkl,bkl,0.0063221413,2.1146423e-06,auto_accept,baseline_badge
ISIC_0033904,nv,nv,0.0802823,0.006237927,auto_accept,baseline_badge
ISIC_0029237,nv,nv,1.3748037e-05,8.346534e-09,auto_accept,baseline_badge
ISIC_0028754,nv,nv,0.003676598,7.262731e-05,auto_accept,baseline_badge
ISIC_0031162,nv,nv,0.0025914465,5.577839e-05,auto_accept,baseline_badge
ISIC_0026370,nv,nv,0.024384921,0.0012789506,auto_accept,baseline_badge
ISIC_0030131,nv,nv,0.12089364,0.017687494,auto_accept,baseline_badge
ISIC_0031986,bcc,bcc,0.0020177092,0.9999844,auto_accept,baseline_badge
ISIC_0028310,nv,nv,0.1352065,0.017068068,auto_accept,baseline_badge
ISIC_0034228,nv,nv,0.1457131,0.014503301,auto_accept,baseline_badge
ISIC_0026442,bcc,bcc,0.0007488546,0.99997425,auto_accept,baseline_badge
ISIC_0026378,bkl,bkl,0.11831164,0.028876215,auto_accept,baseline_badge
ISIC_0029449,nv,nv,0.0007128206,1.5567484e-05,auto_accept,baseline_badge
ISIC_0027575,nv,nv,0.25109214,1.0992048e-06,auto_accept,baseline_badge
ISIC_0024357,nv,nv,0.05068751,1.5087724e-05,auto_accept,baseline_badge
ISIC_0031250,nv,nv,0.004049258,0.00028857426,auto_accept,baseline_badge
ISIC_0025721,nv,nv,0.0046226797,0.0004827377,auto_accept,baseline_badge
ISIC_0029125,nv,nv,0.5010758,2.7764986e-06,auto_accept,baseline_badge
ISIC_0027886,nv,nv,0.009588275,1.3370143e-05,auto_accept,baseline_badge
ISIC_0030650,nv,nv,0.0010393586,3.8051832e-05,auto_accept,baseline_badge
ISIC_0025215,nv,nv,0.004769121,3.786877e-05,auto_accept,baseline_badge
ISIC_0029244,nv,nv,0.00047407724,1.4035622e-06,auto_accept,baseline_badge
ISIC_0024995,nv,nv,0.035417058,0.00028871762,auto_accept,baseline_badge
ISIC_0029850,nv,nv,0.0003949918,3.3868363e-07,auto_accept,baseline_badge
ISIC_0029573,akiec,mel,0.4529769,0.99329466,auto_accept,baseline_badge
ISIC_0032933,nv,bkl,0.38727266,0.004529307,auto_accept,baseline_badge
ISIC_0027585,nv,nv,0.031876594,3.766201e-05,auto_accept,baseline_badge
ISIC_0024414,nv,nv,0.17712717,0.002348101,auto_accept,baseline_badge
ISIC_0028594,nv,nv,0.030745804,0.0012757629,auto_accept,baseline_badge
ISIC_0029386,nv,nv,0.00049328216,4.203996e-06,auto_accept,baseline_badge
ISIC_0030688,nv,nv,0.11142303,0.0017322914,auto_accept,baseline_badge
ISIC_0032476,mel,mel,0.04942843,0.9921347,auto_accept,baseline_badge
ISIC_0028390,nv,nv,0.00014988474,5.0651106e-06,auto_accept,baseline_badge
ISIC_0025931,nv,nv,0.030199643,0.0058907336,auto_accept,baseline_badge
ISIC_0032712,nv,nv,0.14049071,0.052348416,auto_accept,baseline_badge
ISIC_0028196,nv,nv,0.00016815864,2.35403e-07,auto_accept,baseline_badge
ISIC_0028950,nv,nv,5.4806987e-05,1.1739904e-06,auto_accept,baseline_badge
ISIC_0028348,nv,nv,0.0095850555,3.5286932e-05,auto_accept,baseline_badge
ISIC_0033799,nv,nv,0.01967539,0.0010670263,auto_accept,baseline_badge
ISIC_0025467,bcc,bcc,0.0015289235,0.99969995,auto_accept,baseline_badge
ISIC_0028282,nv,nv,0.0014185421,7.648098e-06,auto_accept,baseline_badge
ISIC_0026269,nv,nv,0.010322284,0.00022046357,auto_accept,baseline_badge
ISIC_0028161,nv,nv,0.2729479,0.007956016,auto_accept,baseline_badge
ISIC_0027992,nv,nv,0.041171826,1.4043057e-05,auto_accept,baseline_badge
ISIC_0030911,nv,nv,0.0040689767,1.785055e-05,auto_accept,baseline_badge
ISIC_0029595,nv,nv,0.005433389,0.00029040384,auto_accept,baseline_badge
ISIC_0033843,mel,mel,0.25783426,0.95764357,auto_accept,baseline_badge
ISIC_0025544,nv,nv,0.0047947355,2.2910176e-06,auto_accept,baseline_badge
ISIC_0030486,mel,mel,0.17888917,0.99934226,escalate,baseline_badge
ISIC_0032005,nv,nv,0.068735085,0.011623025,auto_accept,baseline_badge
ISIC_0025321,vasc,vasc,0.3538499,0.006213968,auto_accept,baseline_badge
ISIC_0033040,nv,nv,0.10082118,0.002889647,auto_accept,baseline_badge
ISIC_0032319,nv,nv,2.0517042e-05,3.7757817e-07,auto_accept,baseline_badge
ISIC_0033585,nv,bkl,0.100096375,1.45437825e-05,auto_accept,baseline_badge
ISIC_0031558,bkl,bkl,0.65292376,3.0884105e-06,auto_accept,baseline_badge
ISIC_0029675,nv,nv,0.007827413,1.6132727e-06,auto_accept,baseline_badge
ISIC_0028655,mel,bkl,0.7345827,0.027929544,escalate,baseline_badge
ISIC_0033878,mel,mel,0.037366405,0.99164504,auto_accept,baseline_badge
ISIC_0027817,nv,nv,0.0011539068,1.1239525e-05,auto_accept,baseline_badge
ISIC_0033946,mel,mel,0.0009364803,0.9998425,auto_accept,baseline_badge
ISIC_0033839,nv,nv,0.14823677,0.03744215,auto_accept,baseline_badge
ISIC_0026328,nv,nv,0.0005227109,3.4874614e-07,auto_accept,baseline_badge
ISIC_0025258,nv,nv,0.005530974,1.942222e-05,auto_accept,baseline_badge
ISIC_0028982,nv,nv,0.07599315,0.007980094,auto_accept,baseline_badge
ISIC_0025658,nv,nv,7.194726e-05,6.869787e-07,auto_accept,baseline_badge
ISIC_0029845,nv,nv,0.62779224,0.17716742,escalate,baseline_badge
ISIC_0032909,nv,bkl,0.28838488,0.00013777097,escalate,baseline_badge
ISIC_0028472,nv,nv,0.6439061,0.04456841,auto_accept,baseline_badge
ISIC_0029189,nv,nv,0.36390412,0.09304092,auto_accept,baseline_badge
ISIC_0030279,nv,nv,0.06531679,0.0010390799,auto_accept,baseline_badge
ISIC_0025416,nv,nv,0.0036541938,0.00012668956,auto_accept,baseline_badge
ISIC_0030556,nv,nv,0.00065947743,4.4160215e-06,auto_accept,baseline_badge
ISIC_0029111,nv,nv,0.6415875,2.5708507e-06,escalate,baseline_badge
ISIC_0032457,nv,nv,0.0022221804,3.435533e-06,auto_accept,baseline_badge
ISIC_0031889,nv,nv,0.21274088,0.040571395,auto_accept,baseline_badge
ISIC_0032980,nv,nv,0.013708459,0.0007249252,auto_accept,baseline_badge
ISIC_0028573,nv,nv,0.047539055,0.0057246475,auto_accept,baseline_badge
ISIC_0031510,nv,nv,0.78449774,0.01346241,auto_accept,baseline_badge
ISIC_0025205,nv,nv,0.025289241,4.7166495e-06,auto_accept,baseline_badge
ISIC_0032167,nv,nv,0.003914576,0.00011574384,auto_accept,baseline_badge
ISIC_0029678,bkl,nv,0.18668735,0.02644269,auto_accept,baseline_badge
ISIC_0031621,nv,nv,0.33695444,0.017978454,auto_accept,baseline_badge
ISIC_0028443,nv,nv,0.03519377,5.3434474e-06,auto_accept,baseline_badge
ISIC_0026458,mel,mel,0.040965322,0.98537666,auto_accept,baseline_badge
ISIC_0031357,nv,nv,6.185833e-05,2.0012489e-07,auto_accept,baseline_badge
ISIC_0027665,vasc,vasc,0.00015173864,9.28595e-07,auto_accept,baseline_badge
ISIC_0032883,bkl,mel,0.66490024,0.7820663,auto_accept,baseline_badge
ISIC_0032612,nv,nv,0.0025615958,8.4081956e-05,auto_accept,baseline_badge
ISIC_0028068,nv,nv,0.0018969999,1.1077732e-05,auto_accept,baseline_badge
ISIC_0030228,nv,nv,4.0159466e-05,5.8277004e-07,auto_accept,baseline_badge
ISIC_0028943,bkl,bkl,0.0009712915,0.00057920744,auto_accept,baseline_badge
ISIC_0025912,nv,nv,0.014649736,0.0009892252,auto_accept,baseline_badge
ISIC_0024751,nv,nv,0.0019292503,3.681975e-05,auto_accept,baseline_badge
ISIC_0027686,nv,bcc,0.45922697,0.34547886,escalate,baseline_badge
ISIC_0024601,nv,nv,5.7992253e-05,5.1482676e-08,auto_accept,baseline_badge
ISIC_0024379,nv,nv,0.048789445,0.00013405904,auto_accept,baseline_badge
ISIC_0033407,nv,nv,0.008837831,0.00080272404,auto_accept,baseline_badge
ISIC_0024395,nv,nv,0.031262986,0.00071083836,auto_accept,baseline_badge
ISIC_0030325,nv,nv,0.0010360474,7.677498e-06,auto_accept,baseline_badge
ISIC_0027304,nv,nv,0.000907122,3.7536585e-05,auto_accept,baseline_badge
ISIC_0033545,mel,mel,0.26807392,0.912007,auto_accept,baseline_badge
ISIC_0033929,nv,nv,0.7437797,0.006322226,escalate,baseline_badge
ISIC_0031828,nv,nv,0.16993761,0.0010705328,auto_accept,baseline_badge
ISIC_0029744,mel,mel,0.0003346981,0.99998844,auto_accept,baseline_badge
ISIC_0027977,nv,nv,0.0041272906,2.1811004e-06,auto_accept,baseline_badge
ISIC_0026477,bkl,nv,0.03113625,0.006413902,auto_accept,baseline_badge
ISIC_0025662,nv,nv,0.013522308,0.0013691526,auto_accept,baseline_badge
ISIC_0026108,nv,nv,0.00064232235,2.3798812e-05,auto_accept,baseline_badge
ISIC_0034217,nv,nv,0.18481703,2.8329012e-05,auto_accept,baseline_badge
ISIC_0026046,bkl,bkl,0.0030225802,1.4777363e-05,auto_accept,baseline_badge
ISIC_0026757,nv,nv,0.001730717,5.7588295e-06,auto_accept,baseline_badge
ISIC_0030577,nv,nv,0.0035189234,0.00026268026,auto_accept,baseline_badge
ISIC_0029612,bkl,bkl,0.41110554,0.005496542,auto_accept,baseline_badge
ISIC_0032752,nv,nv,0.022123564,0.004698754,auto_accept,baseline_badge
ISIC_0025761,nv,nv,0.0023666832,3.9981176e-05,auto_accept,baseline_badge
ISIC_0024925,akiec,akiec,0.90396565,0.8638395,escalate,baseline_badge
ISIC_0033600,nv,nv,0.049364075,0.0062614675,auto_accept,baseline_badge
ISIC_0028407,nv,nv,0.004462311,0.00028186798,auto_accept,baseline_badge
ISIC_0031787,nv,nv,0.0023464295,1.0713319e-06,auto_accept,baseline_badge
ISIC_0026012,nv,nv,0.0066133277,0.00014211753,auto_accept,baseline_badge
ISIC_0032981,mel,mel,0.6015185,0.6407425,auto_accept,baseline_badge
ISIC_0027322,nv,nv,0.05028023,0.0003565358,auto_accept,baseline_badge
ISIC_0027036,nv,nv,0.59131896,0.1312053,auto_accept,baseline_badge
ISIC_0027075,nv,nv,0.009881892,6.828155e-05,auto_accept,baseline_badge
ISIC_0028410,mel,mel,0.11226622,0.97172755,auto_accept,baseline_badge
ISIC_0025993,nv,nv,0.0028708512,9.427202e-05,auto_accept,baseline_badge
ISIC_0030878,nv,nv,0.017142981,0.00095730036,auto_accept,baseline_badge
ISIC_0029522,bkl,nv,0.059818164,0.00776706,auto_accept,baseline_badge
ISIC_0030509,nv,nv,0.006046032,8.4331e-07,auto_accept,baseline_badge
ISIC_0033749,vasc,vasc,0.01689983,4.5056753e-05,auto_accept,baseline_badge
ISIC_0029783,df,df,0.4788647,0.014100303,escalate,baseline_badge
ISIC_0033767,nv,nv,0.0046390244,0.0003482492,auto_accept,baseline_badge
ISIC_0025742,nv,nv,0.3191208,0.00093403476,auto_accept,baseline_badge
ISIC_0030889,nv,nv,0.00067088177,1.1864954e-06,auto_accept,baseline_badge
ISIC_0033195,bkl,bkl,0.019751374,0.0038096684,auto_accept,baseline_badge
ISIC_0027511,nv,nv,0.00015511406,1.6818195e-08,auto_accept,baseline_badge
ISIC_0030032,mel,mel,0.75194335,0.4238753,auto_accept,baseline_badge
ISIC_0033519,nv,nv,0.14378487,0.020585237,auto_accept,baseline_badge
ISIC_0032011,nv,nv,0.0016028689,6.351095e-06,auto_accept,baseline_badge
ISIC_0030608,bkl,bkl,0.56006193,0.21906924,auto_accept,baseline_badge
ISIC_0026619,nv,nv,0.0037478455,8.862593e-05,auto_accept,baseline_badge
ISIC_0034029,nv,nv,0.028124379,0.0006499753,auto_accept,baseline_badge
ISIC_0030480,nv,nv,0.012366934,0.0005627421,auto_accept,baseline_badge
ISIC_0032686,nv,nv,0.112504214,0.035466295,auto_accept,baseline_badge
ISIC_0025828,nv,nv,0.00020041419,4.3787154e-06,auto_accept,baseline_badge
ISIC_0030527,nv,nv,8.960766e-05,2.0306327e-07,auto_accept,baseline_badge
ISIC_0028169,nv,nv,8.096579e-05,1.1876904e-07,auto_accept,baseline_badge
ISIC_0033792,nv,nv,0.23982063,0.00032405843,auto_accept,baseline_badge
ISIC_0028093,nv,nv,8.928023e-05,1.6484668e-07,auto_accept,baseline_badge
ISIC_0024460,nv,nv,0.01998813,0.00012020673,auto_accept,baseline_badge
ISIC_0026298,bkl,akiec,0.57821125,0.81926495,auto_accept,baseline_badge
ISIC_0024535,nv,nv,4.534554e-05,5.773588e-07,auto_accept,baseline_badge
ISIC_0026774,mel,nv,0.035091422,0.00058565324,auto_accept,baseline_badge
ISIC_0031731,nv,nv,6.6355324e-07,2.6825095e-09,auto_accept,baseline_badge
ISIC_0028392,nv,nv,0.0004986906,3.957627e-07,auto_accept,baseline_badge
ISIC_0027696,nv,nv,0.00015687817,2.9317134e-06,auto_accept,baseline_badge
ISIC_0028734,nv,mel,0.43056294,0.83243793,auto_accept,baseline_badge
ISIC_0029695,nv,nv,0.0004927285,7.23588e-07,auto_accept,baseline_badge
ISIC_0028641,nv,nv,0.00063016935,1.7516718e-06,auto_accept,baseline_badge
ISIC_0033111,nv,nv,0.59626985,0.20300288,auto_accept,baseline_badge
ISIC_0033424,mel,mel,0.29378453,0.9792054,auto_accept,baseline_badge
ISIC_0028905,nv,nv,0.24126971,0.075372465,auto_accept,baseline_badge
ISIC_0028383,nv,nv,0.0038230626,4.4111093e-05,auto_accept,baseline_badge
ISIC_0025122,nv,nv,0.011441706,2.3849476e-05,auto_accept,baseline_badge
ISIC_0027025,bkl,bkl,0.0075141834,2.8414675e-05,auto_accept,baseline_badge
ISIC_0025306,nv,nv,2.2491e-05,3.1214302e-07,auto_accept,baseline_badge
ISIC_0027392,bkl,akiec,0.057066504,0.99479795,auto_accept,baseline_badge
ISIC_0031089,nv,nv,0.00041001555,5.273198e-06,auto_accept,baseline_badge
ISIC_0026859,nv,nv,0.012689427,0.00011980541,auto_accept,baseline_badge
ISIC_0030593,nv,nv,0.057650294,0.002006268,auto_accept,baseline_badge
ISIC_0031420,nv,nv,0.017811788,8.7324275e-05,auto_accept,baseline_badge
ISIC_0025347,nv,nv,2.0533991e-05,1.1862731e-07,auto_accept,baseline_badge
ISIC_0025889,nv,nv,0.00033831698,2.4636617e-09,auto_accept,baseline_badge
ISIC_0031678,nv,mel,0.71447146,0.7814224,escalate,baseline_badge
ISIC_0032488,nv,nv,0.0028687206,3.1756529e-06,auto_accept,baseline_badge
ISIC_0026220,nv,nv,0.00065294415,2.0071886e-06,auto_accept,baseline_badge
ISIC_0025443,nv,nv,0.99274707,0.28837833,escalate,baseline_badge
ISIC_0028893,nv,nv,0.0022596782,2.5591344e-05,auto_accept,baseline_badge
ISIC_0031931,mel,akiec,0.4952798,0.9724433,auto_accept,baseline_badge
ISIC_0029517,nv,nv,0.031196376,0.00010609428,auto_accept,baseline_badge
ISIC_0026283,nv,nv,0.037974704,1.1795895e-06,auto_accept,baseline_badge
ISIC_0029426,nv,nv,0.0009195284,7.466223e-06,auto_accept,baseline_badge
ISIC_0027435,bkl,bkl,0.045803424,0.0010865589,auto_accept,baseline_badge
ISIC_0030468,nv,nv,7.0459675e-05,1.2723176e-07,auto_accept,baseline_badge
ISIC_0027789,nv,nv,0.018454857,3.1972875e-05,auto_accept,baseline_badge
ISIC_0028400,nv,bcc,0.3201102,0.3789082,auto_accept,baseline_badge
ISIC_0029017,mel,nv,0.3307619,0.060256626,auto_accept,baseline_badge
ISIC_0025851,bkl,bkl,0.081413716,0.0015782126,auto_accept,baseline_badge
ISIC_0032015,nv,bkl,0.4926219,0.00088133523,auto_accept,baseline_badge
ISIC_0032279,nv,nv,0.016345909,0.0006581349,auto_accept,baseline_badge
ISIC_0024331,bcc,bcc,0.0073621497,0.9999889,auto_accept,baseline_badge
ISIC_0025810,bkl,bkl,0.014971227,0.0048559266,auto_accept,baseline_badge
ISIC_0025610,nv,nv,0.06641964,0.019324057,auto_accept,baseline_badge
ISIC_0028007,nv,nv,0.004890807,2.1792022e-05,auto_accept,baseline_badge
ISIC_0030289,nv,nv,0.021574538,4.5272286e-06,auto_accept,baseline_badge
ISIC_0033461,nv,nv,0.05175017,0.011627382,auto_accept,baseline_badge
ISIC_0028168,bcc,bcc,0.5611162,0.9639062,escalate,baseline_badge
ISIC_0028974,nv,nv,0.027121885,0.00062597316,auto_accept,baseline_badge
ISIC_0030198,nv,nv,0.6296349,0.2867511,escalate,baseline_badge
ISIC_0032125,nv,nv,0.29228514,0.05412076,auto_accept,baseline_badge
ISIC_0033031,vasc,vasc,0.0042397827,0.0010135936,auto_accept,baseline_badge
ISIC_0025999,nv,nv,0.0016252319,1.1554088e-05,auto_accept,baseline_badge
ISIC_0032741,bcc,bcc,0.00084724603,0.9999553,auto_accept,baseline_badge
ISIC_0031772,nv,nv,0.0004564787,1.441777e-05,auto_accept,baseline_badge
ISIC_0026127,nv,nv,0.0025510432,6.4256746e-08,auto_accept,baseline_badge
ISIC_0031225,bcc,bcc,0.0031051638,0.99906164,auto_accept,baseline_badge
ISIC_0032592,mel,mel,0.0029449153,0.9999069,auto_accept,baseline_badge
ISIC_0030559,nv,nv,0.010341432,4.332272e-05,auto_accept,baseline_badge
ISIC_0030679,nv,nv,0.037533842,1.8978422e-07,auto_accept,baseline_badge
ISIC_0024759,nv,nv,5.513364e-06,2.0060714e-08,auto_accept,baseline_badge
ISIC_0025663,mel,mel,0.5970597,0.8047772,escalate,baseline_badge
ISIC_0029703,nv,nv,0.004606245,0.00056776655,auto_accept,baseline_badge
ISIC_0030851,nv,nv,0.015030903,0.0017407651,auto_accept,baseline_badge
ISIC_0032334,nv,mel,0.41129547,0.8433164,escalate,baseline_badge
ISIC_0031267,nv,nv,0.0004351095,7.177263e-07,auto_accept,baseline_badge
ISIC_0030740,nv,nv,0.035190776,0.0073546423,auto_accept,baseline_badge
ISIC_0027854,nv,nv,0.009324366,0.00011716689,auto_accept,baseline_badge
ISIC_0029335,nv,nv,0.0065535624,1.2867945e-05,auto_accept,baseline_badge
ISIC_0028246,nv,nv,0.0019021345,9.369388e-05,auto_accept,baseline_badge
ISIC_0027176,nv,nv,0.00016897701,3.0743636e-06,auto_accept,baseline_badge
ISIC_0025500,mel,bkl,0.5791237,0.51749927,escalate,baseline_badge
ISIC_0031762,bcc,bcc,0.005607254,0.99929476,auto_accept,baseline_badge
ISIC_0033098,nv,nv,0.25752795,0.082133785,auto_accept,baseline_badge
ISIC_0027565,nv,nv,0.009985313,9.24697e-05,auto_accept,baseline_badge
ISIC_0026922,nv,nv,0.042006534,0.0037001465,auto_accept,baseline_badge
ISIC_0033021,nv,nv,0.018566767,0.0002506165,auto_accept,baseline_badge
ISIC_0025090,nv,nv,0.030536955,0.0013671792,auto_accept,baseline_badge
ISIC_0031105,nv,nv,0.3979056,0.12009664,auto_accept,baseline_badge
ISIC_0031436,bkl,bkl,0.42419583,0.0008112929,escalate,baseline_badge
ISIC_0026565,nv,nv,0.00017642434,2.971978e-07,auto_accept,baseline_badge
ISIC_0030970,mel,mel,0.6991593,0.8199677,auto_accept,baseline_badge
ISIC_0030488,bkl,bkl,0.14992245,0.008871532,auto_accept,baseline_badge
ISIC_0027413,nv,nv,0.0028752557,6.0297083e-05,auto_accept,baseline_badge
ISIC_0028513,nv,nv,0.00031719147,3.376258e-08,auto_accept,baseline_badge
ISIC_0030068,nv,nv,0.000103444065,6.4787776e-07,auto_accept,baseline_badge
ISIC_0027467,nv,nv,0.02072886,0.0028334565,auto_accept,baseline_badge
ISIC_0030859,nv,nv,0.0089973165,0.0013247114,auto_accept,baseline_badge
ISIC_0029956,nv,nv,7.089836e-05,7.885267e-07,auto_accept,baseline_badge
ISIC_0026455,nv,nv,0.16478103,0.002006249,auto_accept,baseline_badge
ISIC_0025794,nv,nv,0.0027633947,1.0373159e-07,auto_accept,baseline_badge
ISIC_0033707,nv,nv,0.6240327,0.053862642,auto_accept,baseline_badge
ISIC_0030909,nv,nv,0.01100919,0.00027670132,auto_accept,baseline_badge
ISIC_0025047,nv,nv,0.008660745,0.0007520994,auto_accept,baseline_badge
ISIC_0028891,nv,nv,0.28961235,0.00013418744,auto_accept,baseline_badge
ISIC_0024334,nv,nv,0.00022278224,6.3050725e-06,auto_accept,baseline_badge
ISIC_0031501,nv,nv,0.04188451,0.0031659023,auto_accept,baseline_badge
ISIC_0030772,nv,nv,0.26639962,0.02395857,auto_accept,baseline_badge
ISIC_0027843,nv,nv,0.024165489,0.0012452049,auto_accept,baseline_badge
ISIC_0031086,nv,nv,0.0005363677,1.1547016e-05,auto_accept,baseline_badge
ISIC_0031195,nv,nv,0.00055770477,1.2272231e-07,auto_accept,baseline_badge
ISIC_0025124,nv,nv,0.0010736992,9.1307015e-07,auto_accept,baseline_badge
ISIC_0028722,nv,nv,0.0025359604,3.231506e-05,auto_accept,baseline_badge
ISIC_0032898,bkl,nv,0.10381986,0.00015294195,auto_accept,baseline_badge
ISIC_0026661,bkl,bkl,0.75815153,0.59723145,escalate,baseline_badge
ISIC_0025230,nv,nv,0.022310287,0.0001266218,auto_accept,baseline_badge
ISIC_0031584,bkl,bkl,0.8973197,0.015847124,escalate,baseline_badge
ISIC_0029345,bkl,bkl,0.011100004,1.7475272e-06,auto_accept,baseline_badge
ISIC_0026279,nv,nv,0.20132741,0.028738514,auto_accept,baseline_badge
ISIC_0027259,nv,nv,0.009597938,4.4139037e-05,auto_accept,baseline_badge
ISIC_0024531,nv,nv,9.859848e-07,3.8782186e-10,auto_accept,baseline_badge
ISIC_0025460,nv,nv,0.00036599895,2.80091e-06,auto_accept,baseline_badge
ISIC_0026573,nv,nv,0.5306254,0.14364043,auto_accept,baseline_badge
ISIC_0030024,nv,nv,0.0031006718,0.00010057388,auto_accept,baseline_badge
ISIC_0033127,bkl,bkl,0.046261393,0.02835116,auto_accept,baseline_badge
ISIC_0028185,nv,nv,0.03580409,0.0053760908,auto_accept,baseline_badge
ISIC_0024944,nv,nv,0.21134046,0.04857498,auto_accept,baseline_badge
ISIC_0032582,nv,nv,0.15858309,0.00085329084,auto_accept,baseline_badge
ISIC_0028441,nv,bkl,0.16225258,0.01920845,auto_accept,baseline_badge
ISIC_0032087,nv,nv,0.0034619651,0.000113993185,auto_accept,baseline_badge
ISIC_0028618,nv,nv,0.02725106,0.007787114,auto_accept,baseline_badge
ISIC_0033492,nv,mel,0.78227586,0.3895164,auto_accept,baseline_badge
ISIC_0029621,nv,nv,0.00051211024,1.2126392e-05,auto_accept,baseline_badge
ISIC_0026745,mel,mel,0.052216984,0.98926216,auto_accept,baseline_badge
ISIC_0033945,bkl,bkl,0.6380604,0.10851742,auto_accept,baseline_badge
ISIC_0030449,nv,nv,0.004220979,0.00023219241,auto_accept,baseline_badge
ISIC_0027545,bcc,bcc,0.15993764,0.79944086,auto_accept,baseline_badge
ISIC_0027808,nv,nv,0.00022587719,2.4619584e-07,auto_accept,baseline_badge
ISIC_0030829,nv,nv,0.00026121314,3.7802458e-06,auto_accept,baseline_badge
ISIC_0031491,nv,nv,0.11199998,0.0009847005,auto_accept,baseline_badge
ISIC_0031554,mel,nv,0.0181826,0.0013321679,auto_accept,baseline_badge
ISIC_0031966,nv,nv,0.00022697507,2.1226251e-06,auto_accept,baseline_badge
ISIC_0030001,nv,nv,0.029648911,0.0023021135,auto_accept,baseline_badge
ISIC_0033426,mel,mel,0.0053718076,0.99927133,auto_accept,baseline_badge
ISIC_0025041,nv,nv,0.013630153,0.00016061257,auto_accept,baseline_badge
ISIC_0028378,nv,nv,0.41579634,0.082323045,escalate,baseline_badge
ISIC_0031448,nv,nv,0.0009827815,5.1717077e-05,auto_accept,baseline_badge
ISIC_0027044,df,df,0.38456187,0.0021263226,auto_accept,baseline_badge
ISIC_0030881,nv,nv,0.00015307593,1.4974277e-06,auto_accept,baseline_badge
ISIC_0034319,nv,mel,0.6547605,0.58203286,auto_accept,baseline_badge
ISIC_0026689,nv,nv,0.005279517,0.00018817616,auto_accept,baseline_badge
ISIC_0030490,nv,nv,0.0035754156,0.00032867075,auto_accept,baseline_badge
ISIC_0030489,nv,nv,0.00010724288,6.0395644e-07,auto_accept,baseline_badge
ISIC_0025242,nv,nv,0.008865109,7.98334e-05,auto_accept,baseline_badge
ISIC_0029680,bcc,bcc,0.028407212,0.9992086,auto_accept,baseline_badge
ISIC_0033719,nv,nv,0.01630982,0.0008469514,auto_accept,baseline_badge
ISIC_0030347,nv,nv,0.0051563927,2.0236172e-05,auto_accept,baseline_badge
ISIC_0028453,nv,vasc,0.5431315,0.00142438,auto_accept,baseline_badge
ISIC_0033279,mel,mel,0.0012989864,0.9998622,auto_accept,baseline_badge
ISIC_0024470,akiec,akiec,0.101083495,0.9889854,auto_accept,baseline_badge
ISIC_0029489,bcc,bcc,0.00048590178,0.9999939,auto_accept,baseline_badge
ISIC_0027111,nv,nv,3.007403e-05,1.9265747e-07,auto_accept,baseline_badge
ISIC_0030562,nv,nv,0.00030225044,6.4362134e-06,auto_accept,baseline_badge
ISIC_0025732,mel,mel,0.1939279,0.93607634,auto_accept,baseline_badge
ISIC_0034210,nv,nv,0.46494755,0.0034551583,escalate,baseline_badge
ISIC_0027844,nv,nv,0.00011030984,2.3440832e-07,auto_accept,baseline_badge
ISIC_0028046,nv,nv,0.0078021483,0.0004603998,auto_accept,baseline_badge
ISIC_0029765,nv,nv,0.0044144434,5.048511e-05,auto_accept,baseline_badge
ISIC_0027870,nv,nv,0.04573023,4.189292e-06,auto_accept,baseline_badge
ISIC_0027289,nv,nv,0.026710484,0.007043273,auto_accept,baseline_badge
ISIC_0025483,nv,nv,3.3087713e-06,1.8143731e-10,auto_accept,baseline_badge
ISIC_0033769,nv,nv,9.4127274e-05,1.5830639e-07,auto_accept,baseline_badge
ISIC_0031588,nv,nv,0.00011671075,2.7621317e-07,auto_accept,baseline_badge
ISIC_0032045,bkl,bkl,0.019389788,0.0046513113,auto_accept,baseline_badge
ISIC_0026057,nv,nv,0.5016985,0.039910886,escalate,baseline_badge
ISIC_0024950,nv,nv,0.00057074893,2.2314808e-08,auto_accept,baseline_badge
ISIC_0025991,nv,nv,0.00029004877,7.773807e-06,auto_accept,baseline_badge
ISIC_0024488,nv,nv,0.0019449024,7.062743e-06,auto_accept,baseline_badge
ISIC_0033380,nv,nv,0.038981054,1.2150586e-05,auto_accept,baseline_badge
ISIC_0028957,nv,nv,1.1367751e-05,2.3519117e-07,auto_accept,baseline_badge
ISIC_0024351,mel,mel,0.07758222,0.9848985,auto_accept,baseline_badge
ISIC_0027526,bcc,bcc,0.0029462273,0.9996803,auto_accept,baseline_badge
ISIC_0030515,nv,nv,0.0021638938,0.00044330003,auto_accept,baseline_badge
ISIC_0024401,nv,nv,0.0012503986,4.4520006e-05,auto_accept,baseline_badge
ISIC_0029835,nv,nv,0.0016772358,2.5275942e-05,auto_accept,baseline_badge
ISIC_0029379,nv,nv,0.003437024,7.8825855e-05,auto_accept,baseline_badge
ISIC_0027169,nv,nv,0.00064186833,2.294177e-06,auto_accept,baseline_badge
ISIC_0028231,akiec,mel,0.71377504,0.7825998,escalate,baseline_badge
ISIC_0027944,nv,nv,0.0017329331,8.33903e-06,auto_accept,baseline_badge
ISIC_0028545,nv,nv,0.010454826,0.0002210696,auto_accept,baseline_badge
ISIC_0032385,nv,nv,0.25288403,0.004511763,auto_accept,baseline_badge
ISIC_0026177,nv,nv,0.019816604,0.001097803,auto_accept,baseline_badge
ISIC_0030846,nv,nv,0.005792264,9.037885e-05,auto_accept,baseline_badge
ISIC_0031626,nv,nv,0.009160239,7.225145e-05,auto_accept,baseline_badge
ISIC_0033262,bkl,nv,0.05986115,0.0012345386,auto_accept,baseline_badge
ISIC_0031367,nv,nv,0.03775057,0.00021120119,auto_accept,baseline_badge
ISIC_0033702,nv,nv,0.0015448013,9.021077e-05,auto_accept,baseline_badge
ISIC_0029085,nv,nv,0.010748226,9.705316e-09,auto_accept,baseline_badge
ISIC_0027173,nv,nv,0.011313614,0.0005086086,auto_accept,baseline_badge
ISIC_0024306,nv,nv,0.0033000791,0.0003479379,auto_accept,baseline_badge
ISIC_0026058,nv,nv,0.00011966434,5.892152e-07,auto_accept,baseline_badge
ISIC_0032357,nv,nv,0.00019175427,2.0507733e-07,auto_accept,baseline_badge
ISIC_0027564,nv,nv,0.1435779,0.03281355,auto_accept,baseline_badge
ISIC_0031472,nv,nv,1.4407451e-05,7.216672e-09,auto_accept,baseline_badge
ISIC_0026136,nv,nv,0.011587687,0.0010409262,auto_accept,baseline_badge
ISIC_0027583,nv,nv,0.00012898285,4.1899366e-08,auto_accept,baseline_badge
ISIC_0031608,nv,nv,0.005235345,0.0006610107,auto_accept,baseline_badge
ISIC_0030936,nv,nv,0.00030584188,4.3033456e-06,auto_accept,baseline_badge
ISIC_0025371,nv,nv,0.01554047,0.00029240473,auto_accept,baseline_badge
ISIC_0024409,bkl,bkl,0.006004757,7.896693e-05,auto_accept,baseline_badge
ISIC_0031748,nv,mel,0.65818197,0.6607641,auto_accept,baseline_badge
ISIC_0026078,nv,nv,0.007342323,0.00026050812,auto_accept,baseline_badge
ISIC_0030646,nv,nv,0.028365677,0.00023328261,auto_accept,baseline_badge
ISIC_0026369,mel,nv,0.16992529,0.023669165,auto_accept,baseline_badge
ISIC_0029875,nv,nv,0.013035808,5.3182084e-05,auto_accept,baseline_badge
ISIC_0029971,nv,nv,0.017906507,0.00025534217,auto_accept,baseline_badge
ISIC_0025225,nv,nv,0.06769683,0.00048317228,auto_accept,baseline_badge
ISIC_0028586,nv,nv,0.2394267,0.00026101657,auto_accept,baseline_badge
ISIC_0032458,nv,nv,0.012964652,1.3600148e-06,auto_accept,baseline_badge
ISIC_0032003,nv,nv,0.0007877741,5.8859173e-06,auto_accept,baseline_badge
ISIC_0029520,nv,nv,0.03811385,0.0033927357,auto_accept,baseline_badge
ISIC_0024907,nv,nv,0.014558044,0.0021177894,auto_accept,baseline_badge
ISIC_0027195,nv,nv,0.014882911,6.7592635e-05,auto_accept,baseline_badge
ISIC_0027200,nv,nv,0.00045800753,2.2016513e-05,auto_accept,baseline_badge
ISIC_0032197,mel,nv,0.00015894692,6.4318306e-07,auto_accept,baseline_badge
ISIC_0025699,bkl,nv,0.102089345,0.0067804777,escalate,baseline_badge
ISIC_0030012,nv,nv,0.016989578,0.0010364535,auto_accept,baseline_badge
ISIC_0031801,nv,nv,0.00025749407,5.3433305e-06,auto_accept,baseline_badge
ISIC_0032563,nv,nv,0.012657852,1.0503647e-05,auto_accept,baseline_badge
ISIC_0030041,nv,nv,0.007257276,1.5568155e-06,auto_accept,baseline_badge
ISIC_0030264,nv,nv,0.16877885,0.024750812,auto_accept,baseline_badge
ISIC_0024486,nv,nv,0.04801508,0.0028602865,auto_accept,baseline_badge
ISIC_0033825,nv,bkl,1.006555,0.08527303,escalate,baseline_badge
ISIC_0029114,nv,nv,0.0005008153,9.161229e-06,auto_accept,baseline_badge
ISIC_0026608,nv,nv,0.20980227,0.07445369,auto_accept,baseline_badge
ISIC_0025389,bkl,bcc,0.091667965,0.9964366,auto_accept,baseline_badge
ISIC_0025900,nv,nv,0.05044568,0.002566056,auto_accept,baseline_badge
ISIC_0027566,nv,nv,0.001811949,6.2134524e-05,auto_accept,baseline_badge
ISIC_0028566,nv,nv,0.0015002531,2.0673302e-05,auto_accept,baseline_badge
ISIC_0032786,nv,nv,0.14223292,0.022260994,auto_accept,baseline_badge
ISIC_0030839,nv,bkl,0.021306425,0.0018670675,auto_accept,baseline_badge
ISIC_0028374,nv,nv,0.0064644027,0.00017405672,auto_accept,baseline_badge
ISIC_0033766,nv,mel,0.7997774,0.48813674,auto_accept,baseline_badge
ISIC_0033212,bkl,bkl,0.11259725,0.0051185684,auto_accept,baseline_badge
ISIC_0034316,mel,mel,0.21423794,0.97465795,auto_accept,baseline_badge
ISIC_0027233,nv,nv,0.00060728245,2.859952e-06,auto_accept,baseline_badge
ISIC_0024873,nv,nv,0.001771835,4.2614374e-05,auto_accept,baseline_badge
ISIC_0029779,bcc,df,0.86574614,0.38491938,escalate,baseline_badge
ISIC_0027761,nv,nv,0.0011682321,4.8069767e-05,auto_accept,baseline_badge
ISIC_0025760,nv,nv,0.000989007,9.3039625e-07,auto_accept,baseline_badge
ISIC_0029108,bkl,bkl,0.0006574333,4.154524e-05,auto_accept,baseline_badge
ISIC_0025216,nv,nv,0.012062646,2.3264324e-06,auto_accept,baseline_badge
ISIC_0025897,nv,nv,0.11780135,0.025516152,auto_accept,baseline_badge
ISIC_0032403,nv,nv,0.06278125,0.000169182,auto_accept,baseline_badge
ISIC_0028230,nv,mel,0.21812381,0.90720737,auto_accept,baseline_badge
ISIC_0031620,bkl,bkl,0.074181534,0.010237774,auto_accept,baseline_badge
ISIC_0031068,nv,nv,0.007786696,6.944683e-05,auto_accept,baseline_badge
ISIC_0026610,nv,bkl,0.079673864,0.042462222,auto_accept,baseline_badge
ISIC_0030631,nv,nv,0.042090844,0.0008733627,auto_accept,baseline_badge
ISIC_0025322,bcc,bcc,0.2468774,0.9936167,auto_accept,baseline_badge
ISIC_0029957,nv,nv,0.0038970688,2.8758484e-06,auto_accept,baseline_badge
ISIC_0034107,mel,nv,0.089206845,0.017454453,auto_accept,baseline_badge
ISIC_0027922,nv,bkl,0.07082368,0.00011634669,auto_accept,baseline_badge
ISIC_0024491,nv,nv,0.0018438395,6.237932e-06,auto_accept,baseline_badge
ISIC_0030337,nv,nv,0.10989491,0.0004622534,auto_accept,baseline_badge
ISIC_0024390,nv,nv,0.0038792563,6.6954184e-05,auto_accept,baseline_badge
ISIC_0024585,nv,nv,0.00026582985,9.9459485e-06,auto_accept,baseline_badge
ISIC_0031163,nv,nv,0.002034587,4.68969e-05,auto_accept,baseline_badge
ISIC_0032486,bkl,nv,0.25287837,0.009391446,auto_accept,baseline_badge
ISIC_0026734,nv,nv,0.00066417456,3.4735072e-07,auto_accept,baseline_badge
ISIC_0027731,nv,nv,0.012303396,0.0011160397,auto_accept,baseline_badge
ISIC_0033921,nv,nv,0.0012338316,6.112258e-05,auto_accept,baseline_badge
ISIC_0034049,mel,mel,0.71687263,0.73908365,auto_accept,baseline_badge
ISIC_0028884,nv,nv,0.031037511,0.0013201432,auto_accept,baseline_badge
ISIC_0031677,bkl,bkl,0.008768479,0.0021646463,auto_accept,baseline_badge
ISIC_0025042,nv,nv,0.00038869734,6.74733e-08,auto_accept,baseline_badge
ISIC_0033337,mel,mel,0.6203155,0.6457734,auto_accept,baseline_badge
ISIC_0029542,nv,nv,0.0014135778,4.245772e-05,auto_accept,baseline_badge
ISIC_0033143,nv,bkl,0.6768639,0.027454596,escalate,baseline_badge
ISIC_0029784,nv,nv,0.0014492768,6.959156e-07,auto_accept,baseline_badge
ISIC_0025172,nv,nv,0.03426422,0.005684667,auto_accept,baseline_badge
ISIC_0032634,nv,bkl,0.28928134,0.18578732,auto_accept,baseline_badge
ISIC_0028039,nv,nv,0.00034735043,6.8326367e-06,auto_accept,baseline_badge
ISIC_0028910,nv,nv,0.00036452207,1.6667519e-06,auto_accept,baseline_badge
ISIC_0034163,nv,nv,0.50514174,0.0002889016,auto_accept,baseline_badge
ISIC_0026001,nv,nv,0.0005822066,1.468791e-07,auto_accept,baseline_badge
ISIC_0031131,nv,bkl,1.2608613,0.08448626,escalate,baseline_badge
ISIC_0024744,nv,nv,0.00021401809,1.5588881e-06,auto_accept,baseline_badge
ISIC_0026128,nv,nv,0.006398291,9.824901e-05,auto_accept,baseline_badge
ISIC_0030539,mel,bkl,0.0046323687,0.0019708925,auto_accept,baseline_badge
ISIC_0032755,nv,nv,0.18938664,0.034477603,auto_accept,baseline_badge
ISIC_0024865,mel,mel,0.040598422,0.99118125,auto_accept,baseline_badge
ISIC_0024667,nv,nv,0.01469251,0.00023386498,auto_accept,baseline_badge
ISIC_0024761,bkl,bkl,0.4657408,0.15041922,auto_accept,baseline_badge
ISIC_0025585,nv,nv,0.0006877201,1.3346322e-06,auto_accept,baseline_badge
ISIC_0026397,nv,nv,0.012220343,0.00015884826,auto_accept,baseline_badge
ISIC_0029266,nv,nv,0.0028766412,1.4571456e-06,auto_accept,baseline_badge
ISIC_0024775,nv,nv,0.00030709992,5.9013803e-07,auto_accept,baseline_badge
ISIC_0030710,nv,nv,0.0709411,2.631134e-06,auto_accept,baseline_badge
ISIC_0025163,nv,nv,0.0023114732,1.2280945e-05,auto_accept,baseline_badge
ISIC_0034026,bcc,bcc,0.08731706,0.9992619,auto_accept,baseline_badge
ISIC_0031129,nv,nv,0.003197912,8.912983e-06,auto_accept,baseline_badge
ISIC_0034273,nv,nv,0.019114243,0.000441344,auto_accept,baseline_badge
ISIC_0033805,mel,nv,0.44895747,0.11741432,auto_accept,baseline_badge
ISIC_0026843,bkl,nv,0.14778255,0.027011283,auto_accept,baseline_badge
ISIC_0028240,nv,nv,0.027227625,0.00018475055,auto_accept,baseline_badge
ISIC_0033387,mel,nv,0.29213032,0.009780679,auto_accept,baseline_badge
ISIC_0034019,nv,nv,0.008105769,0.00058242655,auto_accept,baseline_badge
ISIC_0026645,akiec,akiec,0.43436006,0.99775,auto_accept,baseline_badge
ISIC_0031446,nv,nv,0.002915777,1.1097733e-09,auto_accept,baseline_badge
ISIC_0028649,nv,nv,0.13514915,0.029297825,auto_accept,baseline_badge
ISIC_0031008,bkl,bkl,0.0059808427,0.00022458805,auto_accept,baseline_badge
ISIC_0031440,nv,nv,0.8898259,0.029416392,escalate,baseline_badge
ISIC_0030604,mel,mel,0.03016176,0.995667,auto_accept,baseline_badge
ISIC_0025615,nv,nv,0.08603137,0.000114530005,auto_accept,baseline_badge
ISIC_0028901,mel,nv,0.4685182,0.008641081,auto_accept,baseline_badge
ISIC_0033788,nv,nv,0.5850021,0.17498176,auto_accept,baseline_badge
ISIC_0029903,nv,nv,0.00019668949,1.8575771e-06,auto_accept,baseline_badge
ISIC_0032287,mel,nv,0.6497233,0.1285917,auto_accept,baseline_badge
ISIC_0027478,bcc,bcc,0.12631775,0.9810331,auto_accept,baseline_badge
ISIC_0025653,nv,nv,0.2180794,0.043850187,auto_accept,baseline_badge
ISIC_0033136,nv,nv,0.76343346,0.029752921,auto_accept,baseline_badge
ISIC_0030284,nv,nv,0.0081297755,0.00081122207,auto_accept,baseline_badge
ISIC_0033976,nv,nv,0.33641723,0.07555262,auto_accept,baseline_badge
ISIC_0029809,nv,nv,0.056538224,0.010996492,auto_accept,baseline_badge
ISIC_0027632,nv,nv,6.3159634e-05,5.101251e-07,auto_accept,baseline_badge
ISIC_0028495,bcc,bcc,0.0002651065,0.9999503,auto_accept,baseline_badge
ISIC_0033414,bkl,mel,0.9604574,0.50620216,auto_accept,baseline_badge
ISIC_0030227,bkl,nv,0.9247013,0.24402241,escalate,baseline_badge
ISIC_0031804,nv,nv,0.0051418496,1.9720505e-06,auto_accept,baseline_badge
ISIC_0029388,nv,nv,0.0023812884,0.00011556803,auto_accept,baseline_badge
ISIC_0029508,nv,nv,0.0018792824,3.062383e-05,auto_accept,baseline_badge
ISIC_0025572,nv,nv,0.085598566,0.0065888045,auto_accept,baseline_badge
ISIC_0030992,nv,nv,0.00058935035,1.27763215e-05,auto_accept,baseline_badge
ISIC_0025701,nv,nv,0.2478819,0.0012693928,escalate,baseline_badge
ISIC_0024890,bkl,mel,0.027106786,0.99821234,auto_accept,baseline_badge
ISIC_0024567,nv,nv,0.0020696148,1.1923942e-05,auto_accept,baseline_badge
ISIC_0024991,nv,nv,1.0991557e-05,2.864353e-07,auto_accept,baseline_badge
ISIC_0033214,nv,nv,0.003954503,0.00026661818,auto_accept,baseline_badge
ISIC_0031022,nv,nv,0.023044724,3.277351e-05,auto_accept,baseline_badge
ISIC_0031892,nv,nv,0.0027832233,1.4938226e-05,auto_accept,baseline_badge
ISIC_0033682,nv,nv,0.2619266,0.01133543,auto_accept,baseline_badge
ISIC_0030072,nv,nv,0.0005224113,4.019225e-06,auto_accept,baseline_badge
ISIC_0027230,nv,nv,0.00022769874,1.5580929e-06,auto_accept,baseline_badge
ISIC_0024714,nv,nv,0.24177812,0.02869576,auto_accept,baseline_badge
ISIC_0031081,nv,mel,1.1178627,0.3674974,escalate,baseline_badge
ISIC_0030077,nv,nv,0.012592244,0.000562117,auto_accept,baseline_badge
ISIC_0027601,bcc,bcc,0.00011846943,0.99999046,auto_accept,baseline_badge
ISIC_0030104,vasc,vasc,0.0018698329,1.8220882e-06,auto_accept,baseline_badge
ISIC_0031205,nv,nv,0.15040767,7.16831e-07,auto_accept,baseline_badge
ISIC_0031119,akiec,bcc,0.028041016,0.99594384,auto_accept,baseline_badge
ISIC_0027424,nv,nv,0.00060587435,3.097091e-06,auto_accept,baseline_badge
ISIC_0025307,nv,nv,0.0019170671,3.7347276e-05,auto_accept,baseline_badge
ISIC_0034021,nv,nv,0.6964486,0.34063023,auto_accept,baseline_badge
ISIC_0028458,nv,nv,8.586916e-05,4.555704e-08,auto_accept,baseline_badge
ISIC_0032846,nv,nv,0.07797074,0.010400036,auto_accept,baseline_badge
ISIC_0033789,nv,nv,0.12432258,0.0013550449,auto_accept,baseline_badge
ISIC_0026033,nv,nv,0.023827253,8.1886756e-05,auto_accept,baseline_badge
ISIC_0027245,nv,nv,8.5869135e-05,2.4403954e-08,auto_accept,baseline_badge
ISIC_0026244,nv,nv,0.00981006,0.0011518635,auto_accept,baseline_badge
ISIC_0028287,nv,nv,0.025925027,0.0054547694,auto_accept,baseline_badge
ISIC_0025375,nv,nv,0.0074404688,0.0003440421,auto_accept,baseline_badge
ISIC_0028109,mel,nv,0.17996219,0.03557244,auto_accept,baseline_badge
ISIC_0033084,akiec,akiec,0.6253843,0.4898306,escalate,baseline_badge
ISIC_0026327,akiec,akiec,0.37746975,0.9971782,auto_accept,baseline_badge
ISIC_0024555,nv,nv,0.0006688161,1.985947e-08,auto_accept,baseline_badge
ISIC_0030657,nv,nv,0.006107116,7.0617454e-05,auto_accept,baseline_badge
ISIC_0033421,nv,nv,0.041225523,0.0011244629,auto_accept,baseline_badge
ISIC_0027299,nv,nv,0.04043268,0.0010692078,auto_accept,baseline_badge
ISIC_0031207,nv,nv,9.482555e-05,1.1288445e-06,auto_accept,baseline_badge
ISIC_0024446,bkl,bkl,0.067024656,0.015972294,auto_accept,baseline_badge
ISIC_0029104,nv,nv,0.020712191,0.0026198693,auto_accept,baseline_badge
ISIC_0032438,nv,nv,0.0011260378,4.220997e-06,auto_accept,baseline_badge
ISIC_0025682,nv,nv,0.02544832,0.0004614064,auto_accept,baseline_badge
ISIC_0031157,nv,nv,0.00021124896,1.5986755e-07,auto_accept,baseline_badge
ISIC_0033611,mel,mel,0.025608988,0.98994327,auto_accept,baseline_badge
ISIC_0033554,df,df,0.051714364,0.00013195287,auto_accept,baseline_badge
ISIC_0026724,nv,nv,0.00028031346,4.3659556e-06,auto_accept,baseline_badge
ISIC_0026339,nv,nv,0.00045032747,4.412595e-06,auto_accept,baseline_badge
ISIC_0030550,nv,nv,0.0068388344,0.00013115292,auto_accept,baseline_badge
ISIC_0026525,akiec,akiec,0.0009727901,0.9999553,auto_accept,baseline_badge
ISIC_0025316,mel,nv,0.013398703,0.0008054203,auto_accept,baseline_badge
ISIC_0032399,nv,nv,0.005462509,0.00033141702,auto_accept,baseline_badge
ISIC_0031667,nv,nv,0.026617277,0.0014370498,auto_accept,baseline_badge
ISIC_0030885,nv,nv,0.008916309,0.000719713,auto_accept,baseline_badge
ISIC_0029275,nv,nv,8.929053e-05,9.3505463e-07,auto_accept,baseline_badge
ISIC_0026782,nv,mel,0.46684864,0.86337745,auto_accept,baseline_badge
ISIC_0030763,nv,nv,0.0001312327,1.5365987e-07,auto_accept,baseline_badge
ISIC_0024666,bcc,bcc,0.054609787,0.9981729,auto_accept,baseline_badge
ISIC_0031030,nv,nv,0.0064808913,2.672303e-06,auto_accept,baseline_badge
ISIC_0029930,akiec,akiec,0.012288194,0.99941456,auto_accept,baseline_badge
ISIC_0027097,nv,nv,0.035048295,0.006881027,auto_accept,baseline_badge
ISIC_0029080,bkl,bkl,0.44260398,0.38356465,auto_accept,baseline_badge
ISIC_0026833,nv,nv,0.00055430614,8.341925e-06,auto_accept,baseline_badge
ISIC_0026354,nv,nv,0.00440021,5.896215e-05,auto_accept,baseline_badge
ISIC_0031360,nv,nv,0.0017516924,1.4356332e-05,auto_accept,baseline_badge
ISIC_0025913,nv,nv,0.004127932,0.00026032614,auto_accept,baseline_badge
ISIC_0026637,bkl,nv,0.06028996,0.0116816405,auto_accept,baseline_badge
ISIC_0024858,nv,nv,0.00023141048,1.0673099e-06,auto_accept,baseline_badge
ISIC_0031852,akiec,mel,1.1566525,0.74602234,escalate,baseline_badge
ISIC_0027885,nv,nv,0.0011465928,7.646625e-06,auto_accept,baseline_badge
ISIC_0033168,nv,bkl,0.5010907,0.002393756,auto_accept,baseline_badge
ISIC_0026873,nv,nv,5.5692835e-05,3.564333e-07,auto_accept,baseline_badge
ISIC_0026011,nv,nv,0.0077902153,0.00050440663,auto_accept,baseline_badge
ISIC_0031047,nv,nv,0.00014686261,4.7610555e-07,auto_accept,baseline_badge
ISIC_0027348,nv,nv,0.32021585,0.00081656466,auto_accept,baseline_badge
ISIC_0025020,nv,nv,0.0010252134,1.2357392e-05,auto_accept,baseline_badge
ISIC_0031566,nv,nv,0.0047433805,0.0002287096,auto_accept,baseline_badge
ISIC_0030251,nv,nv,0.037444636,0.010142297,auto_accept,baseline_badge
ISIC_0026381,nv,nv,0.005862474,6.75974e-05,auto_accept,baseline_badge
ISIC_0028117,nv,bcc,1.0143375,0.7469129,auto_accept,baseline_badge
ISIC_0028936,nv,nv,0.0004185282,4.642675e-06,auto_accept,baseline_badge
ISIC_0031041,bcc,bcc,0.00038444845,0.99997807,auto_accept,baseline_badge
ISIC_0031949,nv,nv,0.008265896,0.00018194696,auto_accept,baseline_badge
ISIC_0031669,nv,nv,0.09338959,0.007555049,auto_accept,baseline_badge
ISIC_0028440,nv,nv,0.000617827,3.1360018e-05,auto_accept,baseline_badge
ISIC_0029228,nv,nv,0.0010225897,6.841028e-06,auto_accept,baseline_badge
ISIC_0027512,nv,nv,0.5749863,0.081343785,escalate,baseline_badge
ISIC_0024350,nv,nv,0.00011437107,1.1131592e-06,auto_accept,baseline_badge
ISIC_0027443,nv,nv,4.8522805e-05,2.0647708e-08,auto_accept,baseline_badge
ISIC_0025481,nv,nv,0.0031432104,1.0959225e-05,auto_accept,baseline_badge
ISIC_0031902,nv,nv,1.8443843e-05,1.04935125e-07,auto_accept,baseline_badge
ISIC_0033210,nv,nv,0.3068899,0.024763262,auto_accept,baseline_badge
ISIC_0031589,nv,nv,0.015002519,6.3803136e-06,auto_accept,baseline_badge
ISIC_0031549,nv,nv,0.0030040964,3.390428e-06,auto_accept,baseline_badge
ISIC_0027530,nv,nv,0.04459364,0.000975193,auto_accept,baseline_badge
ISIC_0030326,nv,nv,0.6272367,9.122049e-06,auto_accept,baseline_badge
ISIC_0033370,nv,nv,0.049468026,0.0025601767,auto_accept,baseline_badge
ISIC_0030815,nv,nv,0.026589567,0.002953107,auto_accept,baseline_badge
ISIC_0025636,nv,nv,0.002870208,7.865608e-05,auto_accept,baseline_badge
ISIC_0028995,bkl,bkl,0.07298647,0.0016385161,auto_accept,baseline_badge
ISIC_0028467,mel,mel,0.3678734,0.9133957,auto_accept,baseline_badge
ISIC_0030913,nv,nv,0.021711573,0.0025445384,auto_accept,baseline_badge
ISIC_0029746,nv,nv,0.7991344,0.19063732,escalate,baseline_badge
ISIC_0031792,nv,nv,0.00010029617,1.2716046e-06,auto_accept,baseline_badge
ISIC_0033298,nv,nv,0.008087199,0.0003268708,auto_accept,baseline_badge
ISIC_0027072,nv,nv,0.24777177,0.0034343922,auto_accept,baseline_badge
ISIC_0025727,nv,nv,0.0021863428,0.00015583786,auto_accept,baseline_badge
ISIC_0031304,nv,nv,0.26061317,0.05545379,auto_accept,baseline_badge
ISIC_0027569,nv,mel,1.4083816,0.547937,escalate,baseline_badge
ISIC_0031581,nv,nv,0.00016539701,1.0617456e-06,auto_accept,baseline_badge
ISIC_0031984,nv,nv,0.039722897,0.0014181852,auto_accept,baseline_badge
ISIC_0032144,nv,nv,0.10164482,0.0090004895,auto_accept,baseline_badge
ISIC_0028634,nv,nv,0.00033604362,2.9446077e-05,auto_accept,baseline_badge
ISIC_0028366,nv,nv,0.0006248988,3.288613e-07,auto_accept,baseline_badge
ISIC_0026402,nv,nv,0.0053305672,0.00073437515,auto_accept,baseline_badge
ISIC_0027370,bkl,bkl,0.0035515497,1.9616782e-06,auto_accept,baseline_badge
ISIC_0033235,bkl,bkl,0.021273691,0.0017548883,auto_accept,baseline_badge
ISIC_0027205,nv,nv,0.0066224365,2.7396634e-05,auto_accept,baseline_badge
ISIC_0030669,nv,nv,0.0006553525,7.009782e-05,auto_accept,baseline_badge
ISIC_0026146,nv,nv,0.02065291,0.00016199621,auto_accept,baseline_badge
ISIC_0031481,nv,nv,0.0016099348,1.3251555e-05,auto_accept,baseline_badge
ISIC_0026366,nv,nv,0.0074065914,7.5570696e-08,auto_accept,baseline_badge
ISIC_0028506,nv,nv,1.5162035e-05,2.9339425e-08,auto_accept,baseline_badge
ISIC_0028170,nv,nv,0.6187538,0.014635173,auto_accept,baseline_badge
ISIC_0030190,nv,nv,0.0040424606,1.1252716e-05,auto_accept,baseline_badge
ISIC_0029134,nv,nv,0.0004915395,2.5865924e-07,auto_accept,baseline_badge
ISIC_0025003,nv,nv,0.024502987,1.7013226e-05,auto_accept,baseline_badge
ISIC_0029946,nv,nv,0.0513561,0.006382421,auto_accept,baseline_badge
ISIC_0031803,nv,nv,0.16930406,9.56247e-07,auto_accept,baseline_badge
ISIC_0033219,nv,nv,0.36562073,0.01298702,auto_accept,baseline_badge
ISIC_0026791,nv,nv,0.0084540825,1.0296189e-05,auto_accept,baseline_badge
ISIC_0027548,nv,nv,0.0070224013,0.0010569034,auto_accept,baseline_badge
ISIC_0032009,nv,nv,0.65380543,0.011470797,escalate,baseline_badge
ISIC_0028978,bcc,bcc,0.112435155,0.9959735,auto_accept,baseline_badge
ISIC_0029666,nv,nv,0.032589372,0.0030481874,auto_accept,baseline_badge
ISIC_0028616,nv,nv,0.008254046,0.00043303086,auto_accept,baseline_badge
ISIC_0032519,nv,bcc,0.5170074,0.99387425,escalate,baseline_badge
ISIC_0024820,nv,nv,0.0010509877,0.00015743297,auto_accept,baseline_badge
ISIC_0029132,nv,nv,0.13064396,0.0032885112,auto_accept,baseline_badge
ISIC_0029652,mel,mel,0.21795467,0.9434866,auto_accept,baseline_badge
ISIC_0026830,nv,nv,0.10663166,0.00074203574,auto_accept,baseline_badge
ISIC_0030548,nv,nv,0.029936079,0.001068714,auto_accept,baseline_badge
ISIC_0027045,nv,bkl,0.3897301,0.005956239,auto_accept,baseline_badge
ISIC_0033356,nv,nv,0.054430693,0.0022505685,auto_accept,baseline_badge
ISIC_0029485,nv,nv,0.00066098064,4.930764e-06,auto_accept,baseline_badge
ISIC_0026461,nv,nv,0.012727587,0.00018912375,auto_accept,baseline_badge
ISIC_0026856,nv,nv,0.00086909876,3.2035953e-06,auto_accept,baseline_badge
ISIC_0026737,bkl,bkl,0.2401911,0.047456175,auto_accept,baseline_badge
ISIC_0026535,nv,nv,0.0001168162,2.93718e-07,auto_accept,baseline_badge
ISIC_0029456,nv,nv,0.0022820344,5.638317e-06,auto_accept,baseline_badge
ISIC_0027273,nv,nv,0.012501494,4.152409e-05,auto_accept,baseline_badge
ISIC_0028986,nv,nv,0.00043512083,5.053012e-07,auto_accept,baseline_badge
ISIC_0028179,nv,bcc,0.15699801,0.91394335,auto_accept,baseline_badge
ISIC_0032603,mel,nv,0.027737843,0.0032626728,auto_accept,baseline_badge
ISIC_0029934,nv,nv,0.00060600444,1.7913359e-05,auto_accept,baseline_badge
ISIC_0031780,nv,nv,0.00037477596,4.2675733e-06,auto_accept,baseline_badge
ISIC_0025149,nv,nv,0.028792832,0.0030025812,auto_accept,baseline_badge
ISIC_0032079,mel,mel,0.71677864,0.9767833,escalate,baseline_badge
ISIC_0025509,bcc,bcc,8.4403975e-05,0.9999894,auto_accept,baseline_badge
ISIC_0029700,nv,nv,0.00019574937,3.0156252e-06,auto_accept,baseline_badge
ISIC_0029139,bkl,bkl,0.75588334,0.28424564,escalate,baseline_badge
ISIC_0030148,nv,nv,0.011573579,1.2214853e-07,auto_accept,baseline_badge
ISIC_0034313,mel,mel,0.0015936461,0.99991345,auto_accept,baseline_badge
ISIC_0033680,nv,nv,0.002233408,2.7614888e-06,auto_accept,baseline_badge
ISIC_0024680,nv,nv,0.30235413,0.04154849,auto_accept,baseline_badge
ISIC_0024745,nv,mel,0.7568824,0.49447882,escalate,baseline_badge
ISIC_0029468,nv,nv,8.420515e-05,1.5282408e-06,auto_accept,baseline_badge
ISIC_0031101,nv,nv,0.004801573,1.7821398e-05,auto_accept,baseline_badge
ISIC_0024542,nv,nv,0.0024980013,3.391422e-05,auto_accept,baseline_badge
ISIC_0025643,nv,nv,0.00050834817,2.9703038e-05,auto_accept,baseline_badge
ISIC_0028249,nv,nv,0.0057692737,1.3215626e-05,auto_accept,baseline_badge
ISIC_0033995,mel,mel,0.015417643,0.9973779,auto_accept,baseline_badge
ISIC_0029692,nv,nv,5.8632813e-05,4.4272744e-07,auto_accept,baseline_badge
ISIC_0034000,mel,mel,0.111048184,0.96401966,auto_accept,baseline_badge
ISIC_0026523,bkl,bkl,0.011131744,0.0031583495,auto_accept,baseline_badge
ISIC_0027243,nv,nv,0.0042489762,0.00013033,auto_accept,baseline_badge
ISIC_0027300,mel,mel,0.0076285605,0.9994837,auto_accept,baseline_badge
ISIC_0031167,nv,nv,0.00095232105,9.525431e-06,auto_accept,baseline_badge
ISIC_0027426,nv,nv,0.006323224,7.69321e-06,auto_accept,baseline_badge
ISIC_0030359,nv,nv,0.0001230536,1.4534152e-06,auto_accept,baseline_badge
ISIC_0027247,nv,nv,0.008203103,3.3553184e-05,auto_accept,baseline_badge
ISIC_0032054,nv,nv,0.001837985,4.980479e-05,auto_accept,baseline_badge
ISIC_0030726,nv,nv,0.018951338,0.0011474295,auto_accept,baseline_badge
ISIC_0026264,nv,nv,0.070712455,0.008279707,auto_accept,baseline_badge
ISIC_0032602,mel,mel,0.07728857,0.97526574,auto_accept,baseline_badge
ISIC_0033581,bkl,bkl,0.009462793,0.00076588464,auto_accept,baseline_badge
ISIC_0027631,bcc,bcc,0.001468132,0.9997236,auto_accept,baseline_badge
ISIC_0024540,nv,nv,0.019721033,0.002138017,auto_accept,baseline_badge
ISIC_0031503,nv,nv,0.010676025,3.0180536e-05,auto_accept,baseline_badge
ISIC_0031571,nv,nv,0.0044155433,0.000154513,auto_accept,baseline_badge
ISIC_0027649,bkl,mel,0.19326752,0.9539322,auto_accept,baseline_badge
ISIC_0029242,mel,mel,0.030321086,0.99432486,auto_accept,baseline_badge
ISIC_0032578,nv,nv,0.03730598,0.0006390254,auto_accept,baseline_badge
ISIC_0031023,mel,mel,0.025990099,0.99438727,auto_accept,baseline_badge
ISIC_0029880,bkl,bkl,0.018319452,0.0006025395,auto_accept,baseline_badge
ISIC_0032296,nv,nv,0.005220726,5.1886513e-05,auto_accept,baseline_badge
ISIC_0028229,bkl,bkl,0.50747406,0.4649828,auto_accept,baseline_badge
ISIC_0031230,nv,nv,0.019704005,0.0007679926,auto_accept,baseline_badge
ISIC_0030281,mel,nv,0.32505202,0.07785419,escalate,baseline_badge
ISIC_0026511,bkl,bkl,0.0013767596,3.5611363e-06,auto_accept,baseline_badge
ISIC_0028454,nv,nv,0.0076660863,0.00027873114,auto_accept,baseline_badge
ISIC_0028695,nv,nv,0.009243706,9.1477596e-05,auto_accept,baseline_badge
ISIC_0030402,nv,nv,0.0014323766,3.954122e-05,auto_accept,baseline_badge
ISIC_0033764,nv,mel,0.2355855,0.9413457,auto_accept,baseline_badge
ISIC_0034149,nv,nv,0.51009417,0.0060149655,auto_accept,baseline_badge
ISIC_0029364,nv,nv,0.02631162,0.0013286253,auto_accept,baseline_badge
ISIC_0032057,vasc,vasc,8.811819e-06,6.039355e-09,auto_accept,baseline_badge
ISIC_0028284,nv,nv,0.00046469262,2.0700134e-06,auto_accept,baseline_badge
ISIC_0029918,nv,nv,0.039413437,0.0022009015,auto_accept,baseline_badge
ISIC_0024373,nv,nv,0.0045526344,2.8018183e-05,auto_accept,baseline_badge
ISIC_0026289,nv,nv,0.0063001337,0.00042197798,auto_accept,baseline_badge
ISIC_0024492,nv,nv,0.0044079097,0.00012746752,auto_accept,baseline_badge
ISIC_0031995,nv,nv,0.0011896995,8.6362656e-05,auto_accept,baseline_badge
ISIC_0032127,nv,nv,0.039299175,0.0038897162,auto_accept,baseline_badge
ISIC_0025497,nv,nv,0.00031159568,9.344518e-06,auto_accept,baseline_badge
ISIC_0029973,df,nv,0.32419503,1.0953237e-06,auto_accept,baseline_badge
ISIC_0033597,nv,nv,0.3037959,0.06690996,escalate,baseline_badge
ISIC_0025755,mel,nv,0.13724409,0.022102755,auto_accept,baseline_badge
ISIC_0032068,nv,nv,0.0040709935,0.00027076012,auto_accept,baseline_badge
ISIC_0032704,nv,bkl,0.6042794,0.033090577,auto_accept,baseline_badge
ISIC_0029488,nv,nv,0.69737524,0.502964,escalate,baseline_badge
ISIC_0028962,nv,nv,0.017104182,0.0007497565,auto_accept,baseline_badge
ISIC_0025070,nv,nv,0.004316284,0.00023751658,auto_accept,baseline_badge
ISIC_0030425,nv,akiec,1.269526,0.74064386,escalate,baseline_badge
ISIC_0027359,mel,mel,0.18422541,0.9751706,auto_accept,baseline_badge
ISIC_0026190,nv,nv,0.017126393,9.570122e-05,auto_accept,baseline_badge
ISIC_0027298,nv,nv,0.07330797,0.011951404,auto_accept,baseline_badge
ISIC_0027031,nv,nv,0.030619796,0.0021818671,auto_accept,baseline_badge
ISIC_0031836,bcc,bcc,1.027112,0.15947366,escalate,baseline_badge
ISIC_0027641,nv,nv,6.753775e-05,1.14600624e-07,auto_accept,baseline_badge
ISIC_0025845,nv,nv,0.0002761725,1.2698764e-06,auto_accept,baseline_badge
ISIC_0032939,nv,nv,0.053571917,0.005138738,auto_accept,baseline_badge
ISIC_0032532,mel,nv,0.60327065,0.14460337,auto_accept,baseline_badge
ISIC_0031853,bkl,bkl,0.017732894,4.0000396e-05,auto_accept,baseline_badge
ISIC_0034261,nv,nv,0.45675772,0.17150371,escalate,baseline_badge
ISIC_0028942,nv,nv,0.05876946,0.00015488341,auto_accept,baseline_badge
ISIC_0026532,bkl,bkl,0.0030410062,0.00043836993,auto_accept,baseline_badge
ISIC_0026687,bcc,mel,0.8952963,0.9949215,escalate,baseline_badge
ISIC_0032390,nv,nv,0.02204323,0.0023200843,auto_accept,baseline_badge
ISIC_0032347,nv,nv,0.019002635,0.0008660421,auto_accept,baseline_badge
ISIC_0034138,nv,nv,0.0005560781,6.7641076e-06,auto_accept,baseline_badge
ISIC_0029058,nv,nv,0.02393023,6.1475853e-06,auto_accept,baseline_badge
ISIC_0032392,nv,nv,0.0006230619,4.434037e-06,auto_accept,baseline_badge
ISIC_0026952,bcc,bcc,1.6067186e-05,0.99999774,auto_accept,baseline_badge
ISIC_0031964,nv,nv,0.000884011,2.5920599e-05,auto_accept,baseline_badge
ISIC_0033779,mel,mel,0.42901564,0.7790009,auto_accept,baseline_badge
ISIC_0029745,bcc,bcc,0.0011441474,0.99993837,auto_accept,baseline_badge
ISIC_0026908,nv,nv,0.003944075,1.13204605e-05,auto_accept,baseline_badge
ISIC_0026017,nv,bkl,0.45510918,0.076714665,auto_accept,baseline_badge
ISIC_0024483,nv,nv,0.00011931385,1.2243654e-06,auto_accept,baseline_badge
ISIC_0030566,nv,nv,0.019132014,0.0032603696,auto_accept,baseline_badge
ISIC_0032262,nv,nv,0.003740569,9.368067e-05,auto_accept,baseline_badge
ISIC_0029224,nv,nv,0.0031383294,1.2816812e-05,auto_accept,baseline_badge
ISIC_0030783,bkl,nv,0.66075253,0.04677985,escalate,baseline_badge
ISIC_0025792,nv,nv,0.0062071863,5.637888e-05,auto_accept,baseline_badge
ISIC_0029581,nv,nv,0.09694041,0.005258387,auto_accept,baseline_badge
ISIC_0024592,bkl,bkl,0.016294895,2.461184e-07,auto_accept,baseline_badge
ISIC_0032162,nv,nv,0.09975788,0.01583772,auto_accept,baseline_badge
ISIC_0031755,nv,nv,0.028325725,0.0002941907,auto_accept,baseline_badge
ISIC_0033166,mel,nv,0.005944633,0.00037038414,auto_accept,baseline_badge
ISIC_0033017,mel,mel,0.17435092,0.95248437,auto_accept,baseline_badge
ISIC_0032841,mel,mel,0.008053,0.9989366,auto_accept,baseline_badge
ISIC_0033443,nv,nv,0.621471,0.37001145,escalate,baseline_badge
ISIC_0029455,bkl,bkl,0.702616,0.34318808,escalate,baseline_badge
ISIC_0029741,bkl,bkl,0.015540927,0.00032124232,auto_accept,baseline_badge
ISIC_0028041,mel,nv,0.68915576,0.00020059483,escalate,baseline_badge
ISIC_0024908,nv,nv,0.39591074,0.14411421,auto_accept,baseline_badge
ISIC_0027135,bcc,bcc,0.0007849562,0.9995881,auto_accept,baseline_badge
ISIC_0030333,mel,mel,0.00515335,0.99955267,auto_accept,baseline_badge
ISIC_0027929,nv,nv,0.0004510533,1.3942027e-05,auto_accept,baseline_badge
ISIC_0031987,bkl,bkl,0.32626823,0.030665327,auto_accept,baseline_badge
ISIC_0026460,nv,nv,0.4607896,0.0009372485,auto_accept,baseline_badge
ISIC_0030981,nv,nv,0.016035935,0.000619466,auto_accept,baseline_badge
ISIC_0034120,mel,nv,0.3802777,0.119388625,auto_accept,baseline_badge
ISIC_0031486,nv,nv,0.0014615628,2.6399966e-06,auto_accept,baseline_badge
ISIC_0026241,nv,nv,0.0006925395,7.1737445e-06,auto_accept,baseline_badge
ISIC_0030941,nv,nv,0.20839289,0.031454347,auto_accept,baseline_badge
ISIC_0030900,nv,nv,0.030079123,0.0032188226,auto_accept,baseline_badge
ISIC_0034125,bkl,bkl,0.08930285,0.00047646323,auto_accept,baseline_badge
ISIC_0025421,nv,nv,0.32987174,0.09157256,escalate,baseline_badge
ISIC_0025462,nv,nv,0.0006863638,1.2037016e-06,auto_accept,baseline_badge
ISIC_0028853,nv,nv,0.0037073025,6.226021e-06,auto_accept,baseline_badge
ISIC_0027291,bcc,bcc,0.00088957633,0.99977916,auto_accept,baseline_badge
ISIC_0029635,nv,nv,0.001252827,8.059883e-06,auto_accept,baseline_badge
ISIC_0028470,nv,nv,0.0005601866,8.971442e-06,auto_accept,baseline_badge
ISIC_0031057,bcc,bcc,0.0037738052,0.99940944,auto_accept,baseline_badge
ISIC_0030814,nv,nv,0.006996372,9.76516e-05,auto_accept,baseline_badge
ISIC_0027602,nv,nv,0.0022607062,0.0001249472,auto_accept,baseline_badge
ISIC_0028204,nv,nv,0.00012472479,5.5538735e-06,auto_accept,baseline_badge
ISIC_0030718,nv,nv,0.00094102614,4.184245e-06,auto_accept,baseline_badge
ISIC_0025482,nv,nv,0.010717552,4.3455577e-05,auto_accept,baseline_badge
ISIC_0030223,mel,mel,0.013200444,0.9972765,auto_accept,baseline_badge
ISIC_0030464,nv,nv,0.00071424316,2.0478197e-05,auto_accept,baseline_badge
ISIC_0031612,nv,nv,0.80438215,0.01587245,escalate,baseline_badge
ISIC_0028815,bcc,bcc,0.015260048,0.99837613,auto_accept,baseline_badge
ISIC_0032484,nv,nv,0.011925873,0.00055721577,auto_accept,baseline_badge
ISIC_0030016,nv,nv,0.0013001923,2.808873e-06,auto_accept,baseline_badge
ISIC_0033091,nv,nv,0.00035315365,1.1841194e-06,auto_accept,baseline_badge
ISIC_0027239,bkl,akiec,0.79751736,0.9554334,auto_accept,baseline_badge
ISIC_0027950,akiec,akiec,0.07490317,0.99952745,auto_accept,baseline_badge
ISIC_0030007,bkl,bkl,0.32345548,0.052262045,escalate,baseline_badge
ISIC_0033268,mel,mel,0.71529967,0.4087627,escalate,baseline_badge
ISIC_0032709,mel,mel,0.0003368087,0.9999666,auto_accept,baseline_badge
ISIC_0025864,nv,nv,0.0009637633,2.2072667e-05,auto_accept,baseline_badge
ISIC_0026857,akiec,akiec,0.54269654,0.93630296,escalate,baseline_badge
ISIC_0026587,nv,nv,0.004278911,4.0212262e-06,auto_accept,baseline_badge
ISIC_0031438,nv,nv,0.02750732,0.004609852,auto_accept,baseline_badge
ISIC_0032212,nv,nv,7.168445e-05,1.3531931e-08,auto_accept,baseline_badge
ISIC_0033339,nv,nv,0.057541803,9.273399e-05,auto_accept,baseline_badge
ISIC_0031910,nv,nv,4.5520355e-05,1.436781e-06,auto_accept,baseline_badge
ISIC_0028748,nv,nv,9.273038e-05,8.6021254e-07,auto_accept,baseline_badge
ISIC_0027867,nv,nv,0.4957318,0.013891336,auto_accept,baseline_badge
ISIC_0025200,nv,nv,0.019586073,1.1888902e-05,auto_accept,baseline_badge
ISIC_0025641,nv,nv,0.10943481,0.008856274,auto_accept,baseline_badge
ISIC_0032756,bkl,bkl,0.009060674,2.7549572e-06,auto_accept,baseline_badge
ISIC_0026233,nv,nv,0.09928419,0.0146257,auto_accept,baseline_badge
ISIC_0028191,nv,nv,0.0006739868,8.940088e-06,auto_accept,baseline_badge
ISIC_0033171,mel,mel,0.051814537,0.9868088,auto_accept,baseline_badge
ISIC_0034056,nv,nv,0.2519792,0.047601946,auto_accept,baseline_badge
ISIC_0030907,nv,nv,0.08927677,0.012037816,auto_accept,baseline_badge
ISIC_0031943,bcc,bcc,0.14294218,0.96903986,auto_accept,baseline_badge
ISIC_0032108,nv,nv,0.00056305126,9.204911e-06,auto_accept,baseline_badge
ISIC_0032587,nv,nv,0.08758541,0.009038463,auto_accept,baseline_badge
ISIC_0034192,nv,nv,0.05648043,0.008239425,auto_accept,baseline_badge
ISIC_0028387,nv,nv,0.0010677676,2.8930435e-06,auto_accept,baseline_badge
ISIC_0028520,mel,mel,0.025705738,0.9942683,auto_accept,baseline_badge
ISIC_0032666,nv,nv,0.037228454,0.004232005,auto_accept,baseline_badge
ISIC_0025026,nv,nv,0.03527907,0.002194968,auto_accept,baseline_badge
ISIC_0033502,nv,nv,0.005023898,1.3886735e-05,auto_accept,baseline_badge
ISIC_0026394,nv,nv,0.004570266,0.00014163187,auto_accept,baseline_badge
ISIC_0031400,bcc,bcc,0.004109815,0.9997416,auto_accept,baseline_badge
ISIC_0025690,nv,nv,0.076958984,0.008551779,auto_accept,baseline_badge
ISIC_0033299,mel,mel,0.001044102,0.9997925,auto_accept,baseline_badge
ISIC_0034197,bkl,bkl,0.66784686,0.1921544,escalate,baseline_badge
ISIC_0033448,nv,nv,0.06382083,0.00018169008,auto_accept,baseline_badge
ISIC_0032470,nv,bkl,0.11730128,0.00048648327,auto_accept,baseline_badge
ISIC_0031479,mel,mel,0.018630696,0.9974111,auto_accept,baseline_badge
ISIC_0030074,nv,nv,0.015044094,0.0011267221,auto_accept,baseline_badge
ISIC_0029462,akiec,akiec,0.026792279,0.9996076,auto_accept,baseline_badge
ISIC_0025164,nv,nv,0.00017844157,2.6068915e-07,auto_accept,baseline_badge
ISIC_0027628,nv,nv,0.0005346571,2.079822e-05,auto_accept,baseline_badge
ISIC_0032041,nv,nv,0.0029749789,4.5907844e-05,auto_accept,baseline_badge
ISIC_0030113,nv,nv,0.0062373383,0.00026168334,auto_accept,baseline_badge
ISIC_0033534,mel,mel,0.22542539,0.9193066,auto_accept,baseline_badge
ISIC_0028184,nv,nv,0.0018564276,5.3452324e-05,auto_accept,baseline_badge
ISIC_0033978,nv,nv,0.0063822786,0.00035844964,auto_accept,baseline_badge
ISIC_0027722,bcc,bcc,0.0012475824,0.99970824,auto_accept,baseline_badge
ISIC_0027749,nv,nv,0.00031324656,7.605546e-07,auto_accept,baseline_badge
ISIC_0027017,bkl,bkl,0.29335573,0.2121546,auto_accept,baseline_badge
ISIC_0034090,nv,bcc,0.08459707,0.9902456,auto_accept,baseline_badge
ISIC_0027728,nv,nv,0.016151784,0.0019758495,auto_accept,baseline_badge
ISIC_0027128,nv,nv,0.0025569876,2.3630371e-05,auto_accept,baseline_badge
ISIC_0026380,nv,nv,0.0058743204,2.011928e-06,auto_accept,baseline_badge
ISIC_0025083,bkl,bkl,0.05151521,0.011445677,auto_accept,baseline_badge
ISIC_0026538,bkl,bkl,0.45311758,0.53200614,auto_accept,baseline_badge
ISIC_0028142,nv,nv,0.008691979,4.20779e-05,auto_accept,baseline_badge
ISIC_0024728,nv,nv,2.2593174e-05,1.1871984e-08,auto_accept,baseline_badge
ISIC_0025772,nv,nv,0.0004884876,1.0944456e-05,auto_accept,baseline_badge
ISIC_0026588,nv,nv,0.6678905,0.021317713,auto_accept,baseline_badge
ISIC_0028131,nv,nv,0.5384839,0.15225485,auto_accept,baseline_badge
ISIC_0025891,mel,nv,0.083718464,0.021227453,auto_accept,baseline_badge
ISIC_0030248,nv,nv,0.0028773553,0.00010438539,auto_accept,baseline_badge
ISIC_0029888,nv,nv,0.034354705,4.280605e-05,auto_accept,baseline_badge
ISIC_0029713,akiec,akiec,0.03216645,0.9984226,auto_accept,baseline_badge
ISIC_0033831,mel,mel,0.006881789,0.9982722,auto_accept,baseline_badge
ISIC_0034116,nv,nv,0.014601799,0.0003357545,auto_accept,baseline_badge
ISIC_0029858,nv,nv,0.0033593022,0.00012762463,auto_accept,baseline_badge
ISIC_0028705,nv,nv,0.040740598,4.9577335e-05,auto_accept,baseline_badge
ISIC_0030876,bkl,akiec,0.017021641,0.999015,auto_accept,baseline_badge
ISIC_0024849,nv,nv,0.0039342414,2.0005205e-05,auto_accept,baseline_badge
ISIC_0031455,nv,nv,0.31322998,9.8761026e-05,auto_accept,baseline_badge
ISIC_0031445,nv,nv,0.002211558,2.9950874e-05,auto_accept,baseline_badge
ISIC_0026020,nv,nv,0.011268245,5.373419e-06,auto_accept,baseline_badge
ISIC_0029483,nv,nv,0.00047301824,2.5934467e-05,auto_accept,baseline_badge
ISIC_0034293,nv,nv,0.012157217,0.0008609277,auto_accept,baseline_badge
ISIC_0031938,nv,nv,0.008468945,7.322509e-05,auto_accept,baseline_badge
ISIC_0031533,nv,nv,0.2581251,2.4218345e-05,auto_accept,baseline_badge
ISIC_0032787,nv,nv,0.07369972,0.0009896395,auto_accept,baseline_badge
ISIC_0027523,nv,nv,0.018253896,0.00031966346,auto_accept,baseline_badge
ISIC_0029284,nv,nv,0.0043279952,1.1315668e-05,auto_accept,baseline_badge
ISIC_0033771,nv,mel,0.49111077,0.7789868,escalate,baseline_badge
ISIC_0027067,mel,mel,0.8683798,0.49427047,escalate,baseline_badge
ISIC_0026195,nv,nv,0.0006804731,2.7247652e-06,auto_accept,baseline_badge
ISIC_0031219,nv,nv,0.00022616617,4.686979e-06,auto_accept,baseline_badge
ISIC_0025420,nv,nv,0.00016314632,9.16608e-07,auto_accept,baseline_badge
ISIC_0034294,mel,mel,0.1422307,0.96120024,auto_accept,baseline_badge
ISIC_0027472,nv,nv,0.0006880903,3.275795e-05,auto_accept,baseline_badge
ISIC_0031877,nv,nv,3.0952444e-05,6.109446e-07,auto_accept,baseline_badge
ISIC_0032748,nv,nv,0.0003213854,1.5420729e-06,auto_accept,baseline_badge
ISIC_0033188,nv,nv,0.0018667865,1.6610566e-05,auto_accept,baseline_badge
ISIC_0026933,nv,nv,0.0049116793,0.000105120875,auto_accept,baseline_badge
ISIC_0031239,mel,mel,1.0671942,0.46654725,auto_accept,baseline_badge
ISIC_0031190,nv,nv,0.005466684,0.00034995048,auto_accept,baseline_badge
ISIC_0031245,bcc,bcc,0.545213,0.93967485,auto_accept,baseline_badge
ISIC_0029529,nv,nv,0.0037196882,0.00016972587,auto_accept,baseline_badge
ISIC_0034059,mel,mel,0.38173538,0.94035757,auto_accept,baseline_badge
ISIC_0028553,nv,nv,0.0009178165,1.8191977e-05,auto_accept,baseline_badge
ISIC_0030553,nv,nv,0.210105,0.004092092,auto_accept,baseline_badge
ISIC_0026953,nv,nv,0.0025738725,1.0698414e-08,auto_accept,baseline_badge
ISIC_0027985,nv,nv,0.00024287356,5.739365e-08,auto_accept,baseline_badge
ISIC_0025818,bcc,bcc,0.0034809245,0.9976295,auto_accept,baseline_badge
ISIC_0030215,nv,nv,0.00015655586,5.121977e-06,auto_accept,baseline_badge
ISIC_0032910,nv,df,0.043612134,0.0014433434,auto_accept,baseline_badge
ISIC_0025635,nv,nv,0.0005801827,2.1496503e-06,auto_accept,baseline_badge
ISIC_0027336,nv,nv,0.0025604411,0.00011282652,auto_accept,baseline_badge
ISIC_0033329,nv,nv,0.0038069086,5.085189e-05,auto_accept,baseline_badge
ISIC_0033058,nv,mel,0.72370166,0.41224653,auto_accept,baseline_badge
ISIC_0028690,nv,nv,0.038242895,0.00067374954,auto_accept,baseline_badge
ISIC_0033883,mel,nv,0.38934574,0.039273735,escalate,baseline_badge
ISIC_0033629,bkl,bkl,0.0027066283,0.00010070363,auto_accept,baseline_badge
ISIC_0025617,bcc,bcc,0.051522743,0.93252426,auto_accept,baseline_badge
ISIC_0031848,nv,nv,0.56109166,0.07589308,escalate,baseline_badge
ISIC_0029728,nv,bcc,0.0035031128,0.9982735,auto_accept,baseline_badge
ISIC_0033309,nv,nv,0.4603666,0.053306196,escalate,baseline_badge
ISIC_0029447,nv,nv,0.0012143156,2.271698e-05,auto_accept,baseline_badge
ISIC_0031614,bcc,bcc,0.47001368,0.96803075,escalate,baseline_badge
ISIC_0032346,nv,nv,0.04288104,1.0827604e-07,auto_accept,baseline_badge
ISIC_0031209,nv,nv,0.006477534,0.00035871763,auto_accept,baseline_badge
ISIC_0025318,nv,nv,0.000638521,6.8992204e-06,auto_accept,baseline_badge
ISIC_0032146,bcc,mel,0.23990075,0.9985619,auto_accept,baseline_badge
ISIC_0030860,nv,nv,0.0028590066,2.4285877e-05,auto_accept,baseline_badge
ISIC_0031406,mel,nv,0.47641253,0.19250976,auto_accept,baseline_badge
ISIC_0033809,nv,nv,0.22091661,0.0026046888,auto_accept,baseline_badge
ISIC_0030812,bkl,bkl,0.11592276,0.015418623,auto_accept,baseline_badge
ISIC_0028296,nv,nv,0.0025799968,0.00010850531,auto_accept,baseline_badge
ISIC_0028657,nv,nv,7.067635e-05,6.4951405e-07,auto_accept,baseline_badge
ISIC_0029097,nv,nv,2.3847884e-05,4.3875121e-07,auto_accept,baseline_badge
ISIC_0029428,nv,nv,3.1442494e-06,2.0339985e-10,auto_accept,baseline_badge
ISIC_0029261,nv,nv,0.0033998191,7.938914e-05,auto_accept,baseline_badge
ISIC_0030695,mel,nv,0.31053156,0.01774446,auto_accept,baseline_badge
ISIC_0030734,nv,nv,0.0064195325,8.17758e-05,auto_accept,baseline_badge
ISIC_0029310,nv,nv,0.0016111622,6.42145e-06,auto_accept,baseline_badge
ISIC_0031256,nv,nv,0.006641656,7.183375e-05,auto_accept,baseline_badge
ISIC_0024804,nv,nv,0.010499035,0.0018262768,auto_accept,baseline_badge
ISIC_0029276,nv,bkl,0.21021733,9.7237906e-05,auto_accept,baseline_badge
ISIC_0025646,nv,nv,0.03691552,0.00026306094,auto_accept,baseline_badge
ISIC_0027321,nv,nv,0.007905698,7.2963862e-06,auto_accept,baseline_badge
ISIC_0024528,nv,nv,0.005510145,9.4098425e-05,auto_accept,baseline_badge
ISIC_0026651,nv,nv,0.0012580941,1.9901768e-06,auto_accept,baseline_badge
ISIC_0025731,bcc,bcc,0.08230496,0.98887897,auto_accept,baseline_badge
ISIC_0027693,mel,mel,0.054572925,0.9898644,auto_accept,baseline_badge
ISIC_0031181,bkl,bcc,0.85149574,0.5004847,escalate,baseline_badge
ISIC_0029949,nv,nv,0.00019343795,3.3994995e-06,auto_accept,baseline_badge
ISIC_0033733,nv,nv,0.026594458,0.004872159,auto_accept,baseline_badge
ISIC_0024613,nv,nv,0.0021060891,4.5250258e-07,auto_accept,baseline_badge
ISIC_0026401,nv,nv,0.1459017,0.044299234,auto_accept,baseline_badge
ISIC_0029036,bkl,bkl,0.0022895795,0.00015457415,auto_accept,baseline_badge
ISIC_0027415,nv,nv,0.6527476,2.223563e-06,auto_accept,baseline_badge
ISIC_0032885,nv,nv,0.50722545,0.19188252,auto_accept,baseline_badge
ISIC_0027023,bkl,mel,0.61044085,0.8889521,escalate,baseline_badge
ISIC_0030687,bcc,bcc,0.00017270858,0.9999933,auto_accept,baseline_badge
ISIC_0030341,akiec,bcc,0.06556429,0.9995567,auto_accept,baseline_badge
ISIC_0031930,nv,nv,0.09120136,0.012940825,auto_accept,baseline_badge
ISIC_0026280,bkl,bkl,0.032635152,0.018520238,auto_accept,baseline_badge
ISIC_0024551,nv,nv,0.00040920667,3.849316e-06,auto_accept,baseline_badge
ISIC_0024320,nv,nv,0.00027319996,9.875448e-07,auto_accept,baseline_badge
ISIC_0027904,mel,mel,0.061845213,0.99307513,auto_accept,baseline_badge
ISIC_0025575,bkl,bkl,1.0553738,0.76435214,auto_accept,baseline_badge
ISIC_0032361,nv,nv,0.0003294417,2.599791e-05,auto_accept,baseline_badge
ISIC_0031176,nv,nv,0.0037740762,0.00018385361,auto_accept,baseline_badge
ISIC_0027477,nv,nv,0.0003473327,1.1571643e-05,auto_accept,baseline_badge
ISIC_0034305,nv,nv,0.9910683,0.064368196,escalate,baseline_badge
ISIC_0028858,bcc,bcc,0.3359643,0.93774384,auto_accept,baseline_badge
ISIC_0027260,mel,mel,0.021007953,0.9957028,auto_accept,baseline_badge
ISIC_0030934,nv,nv,0.042840406,0.0012594232,auto_accept,baseline_badge
ISIC_0033506,nv,nv,0.0121785635,4.73051e-06,auto_accept,baseline_badge
ISIC_0025267,nv,nv,0.008692152,5.0879105e-05,auto_accept,baseline_badge
ISIC_0025612,vasc,vasc,0.033462062,7.2416657e-07,auto_accept,baseline_badge
ISIC_0030252,nv,nv,7.0980275e-07,1.454452e-09,auto_accept,baseline_badge
ISIC_0024909,bkl,bkl,0.0047409544,0.0027080814,auto_accept,baseline_badge
ISIC_0032900,nv,nv,0.0137234405,1.9670695e-05,auto_accept,baseline_badge
ISIC_0032535,mel,mel,0.0005970576,0.9999498,auto_accept,baseline_badge
ISIC_0034215,nv,nv,0.07336299,0.008527558,auto_accept,baseline_badge
ISIC_0029429,nv,nv,0.0014270532,0.00014251187,auto_accept,baseline_badge
ISIC_0033864,nv,nv,7.043253e-05,1.7159229e-08,auto_accept,baseline_badge
ISIC_0032240,vasc,vasc,0.09860727,0.0025192043,auto_accept,baseline_badge
ISIC_0030755,bcc,bcc,0.028348409,0.9976725,auto_accept,baseline_badge
ISIC_0031921,nv,nv,2.2615051e-05,7.6038575e-08,auto_accept,baseline_badge
ISIC_0027603,nv,nv,0.048981503,0.00633419,auto_accept,baseline_badge
ISIC_0024771,akiec,akiec,0.009518499,0.9999193,auto_accept,baseline_badge
ISIC_0024949,bcc,bcc,0.0036765737,0.9997017,auto_accept,baseline_badge
ISIC_0029187,nv,nv,0.5370376,0.20657805,auto_accept,baseline_badge
ISIC_0032275,nv,nv,0.011239374,0.00045311183,auto_accept,baseline_badge
ISIC_0030120,nv,nv,0.046440978,0.006910796,auto_accept,baseline_badge
ISIC_0028105,nv,nv,0.00095461047,4.881315e-06,auto_accept,baseline_badge
ISIC_0028781,nv,nv,0.003950539,0.00019909105,auto_accept,baseline_badge
ISIC_0032591,nv,nv,0.02094663,0.0037633036,auto_accept,baseline_badge
ISIC_0030899,nv,nv,0.016450856,0.002233814,auto_accept,baseline_badge
ISIC_0029992,nv,nv,0.0018396378,9.537916e-07,auto_accept,baseline_badge
ISIC_0030413,nv,nv,0.0035080833,0.00012814802,auto_accept,baseline_badge
ISIC_0032764,nv,mel,0.68304217,0.51208943,escalate,baseline_badge
ISIC_0030790,nv,nv,0.39777702,0.0023769725,auto_accept,baseline_badge
ISIC_0033970,nv,nv,0.10785825,0.011521701,auto_accept,baseline_badge
ISIC_0031734,nv,nv,0.000158944,2.3155789e-07,auto_accept,baseline_badge
ISIC_0026989,mel,nv,0.00034339732,9.700598e-07,auto_accept,baseline_badge
ISIC_0029305,nv,nv,0.7810504,1.1848412e-06,escalate,baseline_badge
ISIC_0030935,bkl,bkl,0.39997777,0.057738267,escalate,baseline_badge
ISIC_0026432,nv,nv,0.10197295,0.02202097,auto_accept,baseline_badge
ISIC_0028022,mel,mel,0.07010785,0.9948708,auto_accept,baseline_badge
ISIC_0028023,nv,nv,0.9358782,0.081749976,escalate,baseline_badge
ISIC_0030652,nv,nv,0.0027063657,2.057382e-06,auto_accept,baseline_badge
ISIC_0033477,mel,mel,0.51202,0.8867277,escalate,baseline_badge
ISIC_0028874,nv,nv,0.08914285,0.015566145,auto_accept,baseline_badge
ISIC_0028813,nv,nv,0.098926485,0.0052961824,auto_accept,baseline_badge
ISIC_0030547,nv,nv,0.0043504564,6.635043e-05,auto_accept,baseline_badge
ISIC_0024469,nv,nv,0.014106914,0.000596558,auto_accept,baseline_badge
ISIC_0030188,bkl,mel,0.5454227,0.9969163,auto_accept,baseline_badge
ISIC_0033014,nv,nv,0.08883856,0.010149608,auto_accept,baseline_badge
ISIC_0032811,nv,nv,0.25730088,0.00066682626,auto_accept,baseline_badge
ISIC_0032549,nv,nv,0.3189023,0.037453856,auto_accept,baseline_badge
ISIC_0027553,nv,nv,0.0026894554,0.00022740518,auto_accept,baseline_badge
ISIC_0026443,bkl,bkl,0.357299,0.04756076,auto_accept,baseline_badge
ISIC_0028668,nv,nv,0.0752562,0.00038681773,auto_accept,baseline_badge
ISIC_0030963,nv,nv,0.0029479612,0.00068176276,auto_accept,baseline_badge
ISIC_0025833,nv,nv,0.0016156374,3.6241436e-05,auto_accept,baseline_badge
ISIC_0028097,nv,nv,0.0002678839,2.139545e-08,auto_accept,baseline_badge
ISIC_0025647,nv,mel,0.70775086,0.45667845,escalate,baseline_badge
ISIC_0028601,nv,nv,0.0042110737,0.00016995794,auto_accept,baseline_badge
ISIC_0029603,bkl,bkl,0.114849046,0.024626328,auto_accept,baseline_badge
ISIC_0034267,nv,nv,0.002094231,1.2270726e-06,auto_accept,baseline_badge
ISIC_0030906,nv,nv,0.008160214,0.000120432174,auto_accept,baseline_badge
ISIC_0025384,nv,nv,6.336983e-05,5.476801e-07,auto_accept,baseline_badge
ISIC_0029890,nv,nv,0.0022197145,1.7400042e-05,auto_accept,baseline_badge
ISIC_0026736,nv,nv,0.000157529,6.6231127e-07,auto_accept,baseline_badge
ISIC_0032820,nv,nv,0.0076523703,0.0009564834,auto_accept,baseline_badge
ISIC_0029312,nv,nv,0.0139274355,0.00010747863,auto_accept,baseline_badge
ISIC_0033341,nv,nv,0.025167307,0.00069071923,auto_accept,baseline_badge
ISIC_0027607,nv,mel,0.068321615,0.97690207,auto_accept,baseline_badge
ISIC_0027595,bcc,bcc,0.01891069,0.9969073,auto_accept,baseline_badge
ISIC_0024634,bcc,bcc,0.16971636,0.9872459,auto_accept,baseline_badge
ISIC_0032867,vasc,vasc,0.2836261,0.00014677686,escalate,baseline_badge
ISIC_0033663,mel,mel,0.0072951647,0.998965,auto_accept,baseline_badge
ISIC_0026267,nv,nv,0.00047258558,2.8256193e-06,auto_accept,baseline_badge
ISIC_0032930,nv,bkl,0.69849455,0.0007523408,auto_accept,baseline_badge
ISIC_0025665,nv,nv,0.0006501997,1.9716561e-05,auto_accept,baseline_badge
ISIC_0027037,bkl,mel,0.7456303,0.93155116,auto_accept,baseline_badge
ISIC_0024968,nv,nv,0.0064453697,9.284346e-06,auto_accept,baseline_badge
ISIC_0026840,nv,nv,0.0016436325,5.235582e-05,auto_accept,baseline_badge
ISIC_0027157,nv,nv,0.007871391,4.746656e-05,auto_accept,baseline_badge
ISIC_0027095,nv,nv,0.00057755824,6.8755216e-06,auto_accept,baseline_badge
ISIC_0029966,nv,nv,0.0029815757,6.373253e-06,auto_accept,baseline_badge
ISIC_0031170,mel,bkl,0.6660039,0.5138052,auto_accept,baseline_badge
ISIC_0029457,nv,nv,0.062374987,0.0037732315,auto_accept,baseline_badge
ISIC_0026950,mel,bcc,0.009222215,0.9999585,auto_accept,baseline_badge
ISIC_0033906,nv,nv,0.084727086,0.0012012207,auto_accept,baseline_badge
ISIC_0032381,nv,nv,0.004807881,0.00016990223,auto_accept,baseline_badge
ISIC_0026929,nv,nv,0.0512643,0.012607795,auto_accept,baseline_badge
ISIC_0029056,mel,nv,0.75863236,0.12560162,auto_accept,baseline_badge
ISIC_0026087,nv,nv,0.0026944282,3.7075783e-06,auto_accept,baseline_badge
ISIC_0027914,nv,nv,0.0003335794,1.1029736e-05,auto_accept,baseline_badge
ISIC_0027610,nv,nv,0.0015374066,2.7137487e-05,auto_accept,baseline_badge
ISIC_0029840,akiec,akiec,0.7521715,0.98791736,auto_accept,baseline_badge
ISIC_0033346,nv,bkl,0.708176,0.0077335294,auto_accept,baseline_badge
ISIC_0030168,nv,nv,0.0037569304,3.9384096e-07,auto_accept,baseline_badge
ISIC_0025848,nv,nv,0.302343,0.053238213,auto_accept,baseline_badge
ISIC_0033679,mel,mel,1.4720942,0.6929187,escalate,baseline_badge
ISIC_0028391,nv,nv,0.007165736,0.00088470744,auto_accept,baseline_badge
ISIC_0030208,bkl,bkl,0.00677011,0.00022306577,auto_accept,baseline_badge
ISIC_0026820,nv,nv,0.06974016,0.007842861,auto_accept,baseline_badge
ISIC_0025126,nv,nv,0.0019741068,1.6544482e-05,auto_accept,baseline_badge
ISIC_0029007,nv,nv,0.12550393,1.05170564e-07,auto_accept,baseline_badge
ISIC_0029285,nv,nv,0.00019522163,5.2909295e-06,auto_accept,baseline_badge
ISIC_0031968,nv,nv,5.8508314e-05,1.9286023e-07,auto_accept,baseline_badge
ISIC_0025143,nv,nv,0.05602549,0.0009324317,auto_accept,baseline_badge
ISIC_0031392,nv,nv,0.017674632,0.00041276857,auto_accept,baseline_badge
ISIC_0027620,mel,mel,0.22702768,0.94233716,auto_accept,baseline_badge
ISIC_0026377,nv,nv,0.01593796,8.9040754e-05,auto_accept,baseline_badge
ISIC_0031076,nv,nv,0.26046538,0.0027811062,auto_accept,baseline_badge
ISIC_0033221,nv,nv,0.21597323,0.027891818,auto_accept,baseline_badge
ISIC_0029593,nv,nv,0.024594339,0.0020350243,auto_accept,baseline_badge
ISIC_0034298,nv,nv,0.6002146,0.10295434,escalate,baseline_badge
ISIC_0032056,nv,nv,0.001859989,3.7707006e-05,auto_accept,baseline_badge
ISIC_0024882,nv,nv,0.82112247,0.024296505,escalate,baseline_badge
ISIC_0028305,nv,nv,0.014159742,0.0015102755,auto_accept,baseline_badge
ISIC_0027474,nv,nv,0.016743876,0.0006960695,auto_accept,baseline_badge
ISIC_0029328,nv,nv,0.22706346,3.7474245e-05,auto_accept,baseline_badge
ISIC_0026555,nv,nv,0.022675624,1.0167167e-05,auto_accept,baseline_badge
ISIC_0028036,nv,nv,0.8708214,0.011603398,escalate,baseline_badge
ISIC_0032091,nv,nv,0.001057483,0.00010208372,auto_accept,baseline_badge
ISIC_0032953,nv,nv,0.0009022141,1.8216416e-06,auto_accept,baseline_badge
ISIC_0031045,nv,nv,0.17685594,0.020009227,auto_accept,baseline_badge
ISIC_0024930,mel,nv,0.014557656,0.0016452483,auto_accept,baseline_badge
ISIC_0031758,nv,nv,5.1072268e-05,3.9601932e-08,auto_accept,baseline_badge
ISIC_0030982,nv,nv,5.285848e-05,5.2793246e-07,auto_accept,baseline_badge
ISIC_0027286,nv,nv,0.020650333,0.0023528477,auto_accept,baseline_badge
ISIC_0031208,mel,mel,0.1303543,0.9676338,auto_accept,baseline_badge
ISIC_0028402,nv,nv,0.0059902226,4.1076913e-05,auto_accept,baseline_badge
ISIC_0027968,nv,nv,0.0005208229,8.8592815e-06,auto_accept,baseline_badge
ISIC_0033189,nv,nv,0.7528088,0.021118132,escalate,baseline_badge
ISIC_0031661,nv,nv,0.013948916,0.0004983411,auto_accept,baseline_badge
ISIC_0027573,mel,mel,0.4077823,0.87695056,auto_accept,baseline_badge
ISIC_0034005,mel,bkl,0.7273987,0.012214218,escalate,baseline_badge
ISIC_0027820,bkl,bkl,0.009837436,0.00015681359,auto_accept,baseline_badge
ISIC_0028133,nv,nv,0.55888647,3.904622e-05,auto_accept,baseline_badge
ISIC_0028044,nv,nv,0.00095358636,2.5083555e-06,auto_accept,baseline_badge
ISIC_0033420,nv,nv,0.52007437,0.09476362,auto_accept,baseline_badge
ISIC_0032053,nv,nv,5.2203737e-05,9.166141e-07,auto_accept,baseline_badge
ISIC_0026386,nv,nv,0.001040355,3.1344378e-05,auto_accept,baseline_badge
ISIC_0032707,nv,nv,0.025284601,0.0016637754,auto_accept,baseline_badge
ISIC_0027106,nv,nv,0.012512078,0.00095042615,auto_accept,baseline_badge
ISIC_0032221,nv,nv,0.008992464,0.00047210188,auto_accept,baseline_badge
ISIC_0026722,nv,bcc,0.56375,0.6090448,auto_accept,baseline_badge
ISIC_0031936,nv,nv,0.0038937966,0.00016949154,auto_accept,baseline_badge
ISIC_0029720,nv,nv,0.123893045,0.017537419,auto_accept,baseline_badge
ISIC_0033563,nv,nv,0.49573866,7.429406e-05,auto_accept,baseline_badge
ISIC_0032744,nv,bkl,0.77739024,0.014021197,auto_accept,baseline_badge
ISIC_0030033,nv,nv,0.08427136,0.012747751,auto_accept,baseline_badge
ISIC_0027281,bcc,bcc,0.0075029526,0.99723524,auto_accept,baseline_badge
ISIC_0033607,mel,nv,0.05997066,0.008307084,auto_accept,baseline_badge
ISIC_0026893,bkl,bkl,0.0012134262,0.00035029894,auto_accept,baseline_badge
ISIC_0028878,mel,bkl,0.74733746,0.6358555,escalate,baseline_badge
ISIC_0029620,nv,nv,0.038474623,0.00383179,auto_accept,baseline_badge
ISIC_0033333,mel,mel,0.50920343,0.80231917,auto_accept,baseline_badge
ISIC_0029795,nv,nv,0.0057223206,0.00038468264,auto_accept,baseline_badge
ISIC_0030532,nv,mel,0.9606935,0.9554006,auto_accept,baseline_badge
ISIC_0033399,mel,mel,0.026296217,0.9895892,auto_accept,baseline_badge
ISIC_0029440,nv,nv,0.013106033,8.2289116e-05,auto_accept,baseline_badge
ISIC_0024398,nv,nv,0.0026598473,4.5592846e-05,auto_accept,baseline_badge
ISIC_0028116,nv,nv,0.7214905,0.33502105,auto_accept,baseline_badge
ISIC_0031185,nv,nv,0.0039847307,1.8140854e-05,auto_accept,baseline_badge
ISIC_0029352,bcc,bcc,0.0024161907,0.9997111,auto_accept,baseline_badge
ISIC_0026334,nv,nv,0.0012571993,7.909679e-06,auto_accept,baseline_badge
ISIC_0028762,nv,nv,0.0052679335,0.0003537,auto_accept,baseline_badge
ISIC_0031553,nv,nv,0.0121158,0.0010618494,auto_accept,baseline_badge
ISIC_0028237,bkl,bkl,0.22736794,0.12894168,auto_accept,baseline_badge
ISIC_0034071,mel,nv,1.002338,0.18637198,escalate,baseline_badge
ISIC_0033444,mel,nv,0.018673077,0.0011702112,auto_accept,baseline_badge
ISIC_0027955,nv,nv,0.0020059457,0.00011383622,auto_accept,baseline_badge
ISIC_0029510,nv,nv,0.011564714,0.00027902942,auto_accept,baseline_badge
ISIC_0027355,bkl,bkl,0.40045866,0.572107,auto_accept,baseline_badge
ISIC_0028482,nv,nv,0.008911205,0.0005741122,auto_accept,baseline_badge
ISIC_0028434,nv,nv,6.44932e-05,4.4266076e-07,auto_accept,baseline_badge
ISIC_0026547,nv,nv,0.003162814,5.882063e-05,auto_accept,baseline_badge
ISIC_0025332,nv,nv,6.955931e-05,8.971219e-07,auto_accept,baseline_badge
ISIC_0025040,bkl,nv,0.10182339,0.002554811,auto_accept,baseline_badge
ISIC_0027652,bkl,akiec,0.43855044,0.9609975,auto_accept,baseline_badge
ISIC_0033541,nv,nv,0.05562691,0.009142698,auto_accept,baseline_badge
ISIC_0030060,mel,mel,0.0010037275,0.9998566,auto_accept,baseline_badge
ISIC_0032668,nv,nv,0.32873532,0.00028326423,auto_accept,baseline_badge
ISIC_0027899,nv,nv,0.00010892651,4.6035274e-07,auto_accept,baseline_badge
ISIC_0030584,nv,nv,0.0067343204,0.00012108368,auto_accept,baseline_badge
ISIC_0033483,bcc,mel,0.24655408,0.99973685,auto_accept,baseline_badge
ISIC_0033429,mel,mel,0.28214046,0.89775825,escalate,baseline_badge
ISIC_0025417,bcc,bcc,0.004178988,0.99946684,auto_accept,baseline_badge
ISIC_0034092,mel,mel,0.04216126,0.99062586,auto_accept,baseline_badge
ISIC_0028591,nv,nv,0.767661,0.042422287,auto_accept,baseline_badge
ISIC_0026667,nv,nv,0.0023680732,4.301524e-05,auto_accept,baseline_badge
ISIC_0024366,nv,nv,0.031258196,0.0026014305,auto_accept,baseline_badge
ISIC_0025951,nv,nv,0.0069996268,0.00011611194,auto_accept,baseline_badge
ISIC_0027481,nv,nv,0.00056378305,6.672107e-06,auto_accept,baseline_badge
ISIC_0031849,nv,nv,0.0024453779,7.5642034e-05,auto_accept,baseline_badge
ISIC_0029159,nv,nv,0.0003684022,8.821923e-06,auto_accept,baseline_badge
ISIC_0027636,nv,nv,0.069488004,0.0058498774,auto_accept,baseline_badge
ISIC_0026105,mel,mel,0.5727898,0.73543364,auto_accept,baseline_badge
ISIC_0025419,bkl,nv,0.33410192,0.017723868,auto_accept,baseline_badge
ISIC_0030202,nv,nv,0.009762128,0.00023959685,auto_accept,baseline_badge
ISIC_0026183,nv,nv,0.0008115785,1.2808986e-06,auto_accept,baseline_badge
ISIC_0032617,mel,mel,0.31397176,0.94225246,auto_accept,baseline_badge
ISIC_0031289,bkl,bkl,0.024886128,0.035759095,auto_accept,baseline_badge
ISIC_0029137,nv,nv,0.07526569,0.0064423247,auto_accept,baseline_badge
ISIC_0027681,bkl,bkl,0.032646906,0.017928256,auto_accept,baseline_badge
ISIC_0031483,nv,bcc,0.6414446,0.804708,escalate,baseline_badge
ISIC_0028667,nv,nv,0.00028739538,1.0602677e-05,auto_accept,baseline_badge
ISIC_0031433,nv,nv,0.007379132,5.4475808e-05,auto_accept,baseline_badge
ISIC_0032305,nv,nv,0.039610036,0.0072696093,auto_accept,baseline_badge
ISIC_0031923,nv,nv,0.09445769,0.008541152,auto_accept,baseline_badge
ISIC_0025450,mel,nv,0.10883439,0.024692018,auto_accept,baseline_badge
ISIC_0028016,nv,bkl,0.66626096,0.01344796,auto_accept,baseline_badge
ISIC_0030795,mel,nv,0.15605496,0.029556345,auto_accept,baseline_badge
ISIC_0025356,nv,nv,0.03228124,0.0036295678,auto_accept,baseline_badge
ISIC_0025391,mel,mel,0.015606347,0.9975305,auto_accept,baseline_badge
ISIC_0030141,nv,nv,0.13529144,2.9684024e-06,auto_accept,baseline_badge
ISIC_0030682,nv,nv,0.025590634,2.2206737e-05,auto_accept,baseline_badge
ISIC_0033300,mel,nv,0.0406869,0.00744308,auto_accept,baseline_badge
ISIC_0031711,mel,mel,0.066071264,0.9819812,auto_accept,baseline_badge
ISIC_0032082,nv,nv,0.104957506,0.017129816,auto_accept,baseline_badge
ISIC_0025776,nv,nv,0.0865514,0.03870377,auto_accept,baseline_badge
ISIC_0026879,nv,nv,0.00047277214,1.7984788e-05,auto_accept,baseline_badge
ISIC_0033030,nv,nv,0.24604066,0.06887521,auto_accept,baseline_badge
ISIC_0032572,nv,nv,0.11534922,0.023372006,escalate,baseline_badge
ISIC_0026814,nv,nv,0.0071723526,0.0004671512,auto_accept,baseline_badge
ISIC_0028670,bcc,bcc,0.021538151,0.9758843,auto_accept,baseline_badge
ISIC_0031741,mel,nv,0.34813705,0.059093703,auto_accept,baseline_badge
ISIC_0032115,nv,nv,0.0053735026,4.0572828e-05,auto_accept,baseline_badge
ISIC_0028886,nv,nv,0.00021568204,3.1976615e-06,auto_accept,baseline_badge
ISIC_0031299,nv,nv,0.021095503,0.0010764335,auto_accept,baseline_badge
ISIC_0033498,mel,mel,0.13227966,0.9927216,auto_accept,baseline_badge
ISIC_0025018,mel,nv,0.69511974,0.53195155,escalate,baseline_badge
ISIC_0029403,nv,nv,0.0010693455,6.664435e-05,auto_accept,baseline_badge
ISIC_0027207,nv,nv,0.0018101691,9.187614e-05,auto_accept,baseline_badge
ISIC_0028054,nv,nv,0.0032590094,3.7543564e-06,auto_accept,baseline_badge
ISIC_0030152,nv,nv,0.0065358244,0.00010944052,auto_accept,baseline_badge
ISIC_0033152,mel,nv,0.07630421,0.011511975,auto_accept,baseline_badge
ISIC_0026563,nv,nv,0.017516656,0.0002752256,auto_accept,baseline_badge
ISIC_0034038,nv,nv,0.13655871,0.0082601495,auto_accept,baseline_badge
ISIC_0025370,nv,nv,0.0019557644,4.2846976e-05,auto_accept,baseline_badge
ISIC_0024979,nv,nv,0.030119322,0.003096279,auto_accept,baseline_badge
ISIC_0030519,nv,nv,0.022675786,0.001361505,auto_accept,baseline_badge
ISIC_0029491,nv,nv,0.7337289,0.004781799,auto_accept,baseline_badge
ISIC_0027790,vasc,vasc,0.27234238,0.016245386,auto_accept,baseline_badge
ISIC_0028855,nv,nv,0.000518943,2.1594142e-06,auto_accept,baseline_badge
ISIC_0025435,nv,nv,0.0005443078,4.359939e-06,auto_accept,baseline_badge
ISIC_0026317,nv,nv,5.4402593e-05,1.2689806e-06,auto_accept,baseline_badge
ISIC_0029684,nv,nv,0.00049530197,5.4507914e-06,auto_accept,baseline_badge
ISIC_0028442,mel,bkl,1.1212889,0.14612526,escalate,baseline_badge
ISIC_0026714,bkl,bkl,0.05181272,0.0027092989,auto_accept,baseline_badge
ISIC_0024696,bkl,mel,0.4052992,0.85182273,auto_accept,baseline_badge
ISIC_0024812,nv,nv,0.0010488346,2.31088e-05,auto_accept,baseline_badge
ISIC_0030364,nv,nv,0.035993326,3.9173756e-06,auto_accept,baseline_badge
ISIC_0031881,nv,nv,0.00019111652,2.1812791e-06,auto_accept,baseline_badge
ISIC_0025692,nv,nv,0.016488802,1.3178283e-06,auto_accept,baseline_badge
ISIC_0034180,mel,mel,0.09329867,0.98101807,auto_accept,baseline_badge
ISIC_0024637,nv,nv,0.0036425109,0.000334555,auto_accept,baseline_badge
ISIC_0027367,bkl,nv,1.0265467,0.06858049,escalate,baseline_badge
ISIC_0025904,mel,mel,0.12731552,0.9889818,auto_accept,baseline_badge
ISIC_0030807,nv,nv,4.3990865e-05,8.745679e-08,auto_accept,baseline_badge
ISIC_0027629,bcc,bcc,0.18281215,0.9658224,auto_accept,baseline_badge
ISIC_0030388,nv,nv,0.005289242,5.550427e-05,auto_accept,baseline_badge
ISIC_0024376,nv,nv,0.042599134,0.00045801068,auto_accept,baseline_badge
ISIC_0031110,nv,nv,0.0061176918,0.0005739555,auto_accept,baseline_badge
ISIC_0028295,nv,nv,0.0003644579,3.514948e-07,auto_accept,baseline_badge
ISIC_0025529,bkl,bcc,0.49234435,0.98973083,auto_accept,baseline_badge
ISIC_0032423,nv,mel,0.19018422,0.93390256,auto_accept,baseline_badge
ISIC_0026204,nv,nv,0.00024842162,3.7784255e-06,auto_accept,baseline_badge
ISIC_0033217,mel,bkl,0.7751767,0.30292776,auto_accept,baseline_badge
ISIC_0027746,nv,nv,0.000558945,6.7319565e-06,auto_accept,baseline_badge
ISIC_0031957,mel,bkl,0.5344965,6.305824e-05,auto_accept,baseline_badge
ISIC_0033836,nv,nv,0.019397173,0.0017821928,auto_accept,baseline_badge
ISIC_0034104,mel,mel,0.0021452308,0.9996389,auto_accept,baseline_badge
ISIC_0026139,bkl,bkl,0.13742192,0.06571014,auto_accept,baseline_badge
ISIC_0025038,bkl,bkl,0.35873425,0.1684546,auto_accept,baseline_badge
ISIC_0034248,nv,nv,0.19178507,0.03681624,auto_accept,baseline_badge
ISIC_0027214,nv,nv,0.00045244503,1.6594036e-05,auto_accept,baseline_badge
ISIC_0025956,nv,nv,0.097945705,0.016305767,auto_accept,baseline_badge
ISIC_0028713,nv,nv,0.00041437705,3.4901598e-07,auto_accept,baseline_badge
ISIC_0031265,nv,nv,0.0024165781,0.00012543029,auto_accept,baseline_badge
ISIC_0028462,nv,nv,0.0010635008,7.4668073e-06,auto_accept,baseline_badge
ISIC_0029855,nv,bcc,0.72114366,0.53738564,escalate,baseline_badge
ISIC_0030274,nv,nv,0.00084584573,2.990879e-06,auto_accept,baseline_badge
ISIC_0031476,nv,nv,0.118250236,0.010399375,auto_accept,baseline_badge
ISIC_0031210,nv,nv,0.06663032,0.0074932342,auto_accept,baseline_badge
ISIC_0024352,nv,nv,0.117215164,0.025575195,auto_accept,baseline_badge
ISIC_0030467,nv,nv,0.0002928079,1.1405908e-05,auto_accept,baseline_badge
ISIC_0030838,nv,nv,0.0042301035,1.5923396e-07,auto_accept,baseline_badge
ISIC_0030700,bkl,akiec,0.08305562,0.9815927,auto_accept,baseline_badge
ISIC_0031963,nv,nv,0.093863554,6.722392e-05,auto_accept,baseline_badge
ISIC_0032822,nv,mel,0.7820839,0.50925475,escalate,baseline_badge
ISIC_0026092,vasc,vasc,0.020074992,0.0009759611,auto_accept,baseline_badge
ISIC_0030572,nv,nv,7.405069e-05,3.6108838e-07,auto_accept,baseline_badge
ISIC_0025941,mel,mel,0.71497834,0.59376335,escalate,baseline_badge
ISIC_0029699,nv,nv,0.029349923,3.582104e-05,auto_accept,baseline_badge
ISIC_0026716,bcc,bcc,0.000935237,0.9998616,auto_accept,baseline_badge
ISIC_0027438,nv,nv,0.0010508628,4.927511e-06,auto_accept,baseline_badge
ISIC_0029969,nv,nv,0.01239641,5.16868e-05,auto_accept,baseline_badge
ISIC_0031112,nv,df,0.00021448184,2.6161564e-07,auto_accept,baseline_badge
ISIC_0029075,nv,nv,0.48568162,0.1706328,auto_accept,baseline_badge
ISIC_0030861,nv,nv,0.00051919307,2.0298196e-05,auto_accept,baseline_badge
ISIC_0028645,nv,nv,0.4004413,0.008022817,auto_accept,baseline_badge
ISIC_0031275,nv,nv,0.01521591,8.001373e-05,auto_accept,baseline_badge
ISIC_0026660,nv,nv,0.55662596,0.21828288,escalate,baseline_badge
ISIC_0024827,nv,nv,0.7538379,0.25162566,escalate,baseline_badge
ISIC_0030394,bkl,bkl,0.004418247,1.22758165e-05,auto_accept,baseline_badge
ISIC_0026738,mel,mel,0.28493652,0.97023845,auto_accept,baseline_badge
ISIC_0033500,mel,mel,0.3461054,0.9122049,escalate,baseline_badge
ISIC_0025558,nv,nv,2.051631e-05,6.3916445e-08,auto_accept,baseline_badge
ISIC_0031637,nv,nv,0.0052411244,3.4020763e-05,auto_accept,baseline_badge
ISIC_0031221,nv,nv,0.05221313,0.003901696,auto_accept,baseline_badge
ISIC_0030582,nv,nv,0.20916146,0.02628804,auto_accept,baseline_badge
ISIC_0032312,nv,nv,0.011381595,0.00026414994,auto_accept,baseline_badge
ISIC_0025265,mel,nv,0.06116719,0.005827389,auto_accept,baseline_badge
ISIC_0028569,nv,nv,6.909397e-05,5.783088e-07,auto_accept,baseline_badge
ISIC_0027534,nv,nv,0.0007332178,1.143297e-05,auto_accept,baseline_badge
ISIC_0033025,nv,nv,0.0037505592,4.1390856e-05,auto_accept,baseline_badge
ISIC_0028177,nv,nv,0.008519142,7.3746945e-05,auto_accept,baseline_badge
ISIC_0028653,bcc,bcc,0.02099132,0.9821904,auto_accept,baseline_badge
ISIC_0033228,nv,nv,0.1902596,0.0002709293,auto_accept,baseline_badge
ISIC_0032814,nv,nv,0.09637353,0.0020222294,auto_accept,baseline_badge
ISIC_0026701,nv,nv,0.0094615435,5.696221e-07,auto_accept,baseline_badge
ISIC_0025094,nv,nv,0.2451776,0.013839836,escalate,baseline_badge
ISIC_0027320,bkl,mel,0.093565844,0.9897546,auto_accept,baseline_badge
ISIC_0027695,nv,nv,0.010827444,0.000287275,auto_accept,baseline_badge
ISIC_0033780,df,df,2.55326e-06,1.3429026e-05,auto_accept,baseline_badge
ISIC_0031405,nv,nv,0.0708497,0.009124994,auto_accept,baseline_badge
ISIC_0030348,nv,nv,0.29279318,3.8081387e-05,escalate,baseline_badge
ISIC_0033747,bcc,bcc,0.044760916,0.9962858,auto_accept,baseline_badge
ISIC_0034123,bcc,bcc,0.0019640152,0.9999008,auto_accept,baseline_badge
ISIC_0027396,nv,nv,0.0014688739,7.12478e-05,auto_accept,baseline_badge
ISIC_0026818,nv,nv,0.029472454,0.0033385155,auto_accept,baseline_badge
ISIC_0025470,bkl,bkl,0.0012463225,5.659639e-06,auto_accept,baseline_badge
ISIC_0027894,nv,nv,0.08036115,6.6671055e-05,auto_accept,baseline_badge
ISIC_0030697,nv,nv,0.057028484,0.010555204,auto_accept,baseline_badge
ISIC_0031342,nv,nv,0.014984425,1.2157563e-05,auto_accept,baseline_badge
ISIC_0028369,nv,nv,0.0001643465,2.299311e-06,auto_accept,baseline_badge
ISIC_0029964,nv,nv,0.045382593,9.240889e-05,auto_accept,baseline_badge
ISIC_0028967,nv,nv,0.013003974,0.0009565208,auto_accept,baseline_badge
ISIC_0029168,nv,nv,0.025864854,0.0027130623,auto_accept,baseline_badge
ISIC_0024943,bkl,bkl,0.020444093,0.0037149924,auto_accept,baseline_badge
ISIC_0024957,nv,nv,0.0068524275,0.0006256439,auto_accept,baseline_badge
ISIC_0029554,nv,nv,0.782774,0.23804739,escalate,baseline_badge
ISIC_0025685,nv,nv,0.0025676563,1.5520924e-07,auto_accept,baseline_badge
ISIC_0029494,nv,nv,0.0008030599,7.823986e-06,auto_accept,baseline_badge
ISIC_0025512,mel,mel,0.018127182,0.99633586,auto_accept,baseline_badge
ISIC_0025364,nv,nv,0.014176987,9.1333866e-05,auto_accept,baseline_badge
ISIC_0027199,nv,nv,0.005727052,2.199358e-05,auto_accept,baseline_badge
ISIC_0029907,nv,nv,0.00017290756,2.4442259e-06,auto_accept,baseline_badge
ISIC_0024811,nv,nv,0.0036525768,0.00024840317,auto_accept,baseline_badge
ISIC_0026342,nv,nv,3.9928666e-05,4.460428e-07,auto_accept,baseline_badge
ISIC_0025923,nv,nv,0.002903954,0.00027647588,auto_accept,baseline_badge
ISIC_0029737,nv,nv,0.010059653,0.0013873318,auto_accept,baseline_badge
ISIC_0025368,akiec,akiec,0.46879417,0.9986975,escalate,baseline_badge
ISIC_0024785,nv,nv,0.00046727195,6.8593913e-06,auto_accept,baseline_badge
ISIC_0025418,nv,nv,0.0013887311,2.1048256e-06,auto_accept,baseline_badge
ISIC_0031653,nv,nv,0.0001612156,8.5116945e-08,auto_accept,baseline_badge
ISIC_0033039,nv,nv,0.006318901,0.00066224596,auto_accept,baseline_badge
ISIC_0033729,nv,nv,0.038345896,0.0031202976,auto_accept,baseline_badge
ISIC_0033748,nv,mel,0.54089963,0.7505549,escalate,baseline_badge
ISIC_0030450,nv,nv,0.008032083,0.0004536162,auto_accept,baseline_badge
ISIC_0026306,nv,nv,0.0005622073,4.3581513e-06,auto_accept,baseline_badge
ISIC_0034221,bkl,bkl,0.030458052,0.0010946207,auto_accept,baseline_badge
ISIC_0030360,mel,bkl,0.8041802,0.12885952,escalate,baseline_badge
ISIC_0026882,nv,nv,0.036706492,0.0045722686,auto_accept,baseline_badge
ISIC_0031083,nv,nv,0.00039083703,1.8447165e-06,auto_accept,baseline_badge
ISIC_0026294,nv,nv,0.00015244397,9.567725e-07,auto_accept,baseline_badge
ISIC_0033619,mel,mel,0.011332184,0.9984754,auto_accept,baseline_badge
ISIC_0029970,nv,nv,0.41846803,2.8578281e-06,auto_accept,baseline_badge
ISIC_0025494,nv,nv,1.1498481e-05,1.1917109e-08,auto_accept,baseline_badge
ISIC_0026118,bcc,bcc,0.037976712,0.9999223,auto_accept,baseline_badge
ISIC_0025176,nv,nv,0.0011145925,1.4966965e-06,auto_accept,baseline_badge
ISIC_0029436,nv,nv,0.0885974,0.0065509537,auto_accept,baseline_badge
ISIC_0029251,bkl,bkl,0.020097097,0.0010807419,auto_accept,baseline_badge
ISIC_0027531,bcc,bcc,0.009892141,0.9940157,auto_accept,baseline_badge
ISIC_0034084,nv,nv,0.19915229,0.018335156,auto_accept,baseline_badge
ISIC_0026088,nv,nv,0.009313854,5.343308e-07,auto_accept,baseline_badge
ISIC_0030972,nv,nv,0.01093628,0.00014357727,auto_accept,baseline_badge
ISIC_0028747,bcc,bcc,0.001349982,0.9999927,auto_accept,baseline_badge
ISIC_0027082,nv,nv,0.051703665,0.002433318,auto_accept,baseline_badge
ISIC_0028140,nv,nv,0.0011198961,2.4998395e-05,auto_accept,baseline_badge
ISIC_0027752,nv,nv,0.010895766,1.6275205e-06,auto_accept,baseline_badge
ISIC_0034067,nv,nv,0.43562385,0.07049459,auto_accept,baseline_badge
ISIC_0031329,bkl,bkl,0.014168792,0.00020290009,auto_accept,baseline_badge
ISIC_0024939,nv,nv,0.00019493385,8.267638e-07,auto_accept,baseline_badge
ISIC_0031916,nv,nv,0.05878073,7.2725576e-05,auto_accept,baseline_badge
ISIC_0027121,nv,nv,0.007718166,0.002207748,auto_accept,baseline_badge
ISIC_0033108,nv,nv,0.10607422,0.021347,auto_accept,baseline_badge
ISIC_0034066,bcc,bcc,0.0013035343,0.9974807,auto_accept,baseline_badge
ISIC_0032708,nv,nv,0.050758325,0.003623983,auto_accept,baseline_badge
ISIC_0025222,bkl,bkl,0.02900846,0.006396274,auto_accept,baseline_badge
ISIC_0030979,nv,nv,0.040129695,0.0055171484,auto_accept,baseline_badge
ISIC_0031822,nv,nv,0.3900562,0.03753013,auto_accept,baseline_badge
ISIC_0026368,nv,nv,7.841979e-05,2.0256077e-07,auto_accept,baseline_badge
ISIC_0026348,nv,mel,1.2473954,0.3844203,auto_accept,baseline_badge
ISIC_0026944,nv,nv,3.810335e-05,1.1685719e-08,auto_accept,baseline_badge
ISIC_0034264,nv,nv,0.0020145227,0.00010529444,auto_accept,baseline_badge
ISIC_0033144,nv,mel,0.5330273,0.7228104,auto_accept,baseline_badge
ISIC_0032925,mel,mel,3.794335e-05,0.9999943,auto_accept,baseline_badge
ISIC_0027957,bkl,bkl,0.52634466,0.0064607495,escalate,baseline_badge
ISIC_0028011,nv,nv,0.0043093073,1.7078803e-05,auto_accept,baseline_badge
ISIC_0032543,nv,nv,0.7096144,0.003071241,auto_accept,baseline_badge
ISIC_0026529,nv,nv,0.00093212014,9.2342e-06,auto_accept,baseline_badge
ISIC_0030087,nv,nv,0.000554972,1.7753481e-06,auto_accept,baseline_badge
ISIC_0026776,nv,nv,0.0005611936,4.208858e-06,auto_accept,baseline_badge
ISIC_0031487,nv,nv,0.014752084,0.00014210709,auto_accept,baseline_badge
ISIC_0025232,nv,nv,0.00068878825,2.4739604e-05,auto_accept,baseline_badge
ISIC_0028932,nv,nv,0.03336911,0.0025470816,auto_accept,baseline_badge
ISIC_0025587,nv,nv,0.44636732,0.23484649,auto_accept,baseline_badge
ISIC_0032236,nv,nv,0.0762938,0.011788443,auto_accept,baseline_badge
ISIC_0027363,nv,nv,0.0014375085,1.1223008e-05,auto_accept,baseline_badge
ISIC_0027619,nv,nv,0.005021852,0.00047899282,auto_accept,baseline_badge
ISIC_0028490,bkl,bkl,0.0050776857,0.00014047435,auto_accept,baseline_badge
ISIC_0028882,nv,nv,0.46032688,0.0027369342,auto_accept,baseline_badge
ISIC_0025006,nv,nv,0.00025842863,5.836294e-07,auto_accept,baseline_badge
ISIC_0028792,bkl,bkl,0.0138049405,0.032561332,auto_accept,baseline_badge
ISIC_0027624,nv,nv,0.002287987,0.00016699923,auto_accept,baseline_badge
ISIC_0027570,nv,nv,0.0053358437,0.0005858732,auto_accept,baseline_badge
ISIC_0029086,nv,nv,2.5188916e-05,5.951558e-08,auto_accept,baseline_badge
ISIC_0033673,nv,nv,0.1396768,0.008856907,auto_accept,baseline_badge
ISIC_0032063,bkl,bkl,0.4613501,0.025033725,auto_accept,baseline_badge
ISIC_0030993,nv,nv,0.0015990947,5.8852547e-05,auto_accept,baseline_badge
ISIC_0028180,bkl,bkl,0.028408084,0.0002198804,auto_accept,baseline_badge
ISIC_0032016,nv,nv,0.013084938,5.315083e-06,auto_accept,baseline_badge
ISIC_0033191,nv,nv,0.0006567783,5.004579e-07,auto_accept,baseline_badge
ISIC_0024889,nv,nv,0.000778434,6.132451e-07,auto_accept,baseline_badge
ISIC_0030818,mel,nv,0.46336538,0.19174097,auto_accept,baseline_badge
ISIC_0024639,nv,nv,0.0043909885,9.701646e-05,auto_accept,baseline_badge
ISIC_0025875,nv,nv,0.03406056,0.00070494856,auto_accept,baseline_badge
ISIC_0031149,nv,nv,0.011771379,0.0003338302,auto_accept,baseline_badge
ISIC_0030542,bkl,bkl,0.010549009,0.00021513784,auto_accept,baseline_badge
ISIC_0027201,nv,nv,0.021809375,0.0007692941,auto_accept,baseline_badge
ISIC_0031764,nv,nv,0.001655619,1.4442157e-06,auto_accept,baseline_badge
ISIC_0024901,nv,nv,0.00216435,3.1655416e-06,auto_accept,baseline_badge
ISIC_0033635,bkl,bkl,0.055316806,0.00012250764,auto_accept,baseline_badge
ISIC_0024471,bkl,bkl,0.103088886,0.0008435847,auto_accept,baseline_badge
ISIC_0031965,nv,bkl,0.7542481,0.0045263967,escalate,baseline_badge
ISIC_0027777,nv,nv,8.532661e-05,8.826483e-07,auto_accept,baseline_badge
ISIC_0030611,nv,nv,0.00016978907,1.2985262e-06,auto_accept,baseline_badge
ISIC_0028501,nv,nv,0.00038536015,3.3594524e-06,auto_accept,baseline_badge
ISIC_0026756,nv,nv,0.00014702634,2.7478862e-07,auto_accept,baseline_badge
ISIC_0028024,nv,nv,0.00011621306,1.033356e-06,auto_accept,baseline_badge
ISIC_0026285,nv,nv,1.6855975e-05,1.2813193e-08,auto_accept,baseline_badge
ISIC_0026167,mel,nv,8.511174e-06,1.8671804e-08,auto_accept,baseline_badge
ISIC_0028494,nv,nv,0.00077450235,1.5307221e-05,auto_accept,baseline_badge
ISIC_0028786,nv,nv,0.0024716833,0.00013238855,auto_accept,baseline_badge
ISIC_0031255,nv,nv,0.025720878,0.0026352308,auto_accept,baseline_badge
ISIC_0033996,nv,nv,0.060459178,0.004666923,auto_accept,baseline_badge
ISIC_0028806,nv,nv,0.002887959,4.992517e-06,auto_accept,baseline_badge
ISIC_0032377,nv,nv,0.011126681,9.647465e-05,auto_accept,baseline_badge
ISIC_0030599,nv,nv,0.12160432,1.5012645e-05,auto_accept,baseline_badge
ISIC_0027151,bkl,nv,0.124558344,0.009369858,auto_accept,baseline_badge
ISIC_0030791,nv,nv,0.0021903971,7.208332e-05,auto_accept,baseline_badge
ISIC_0029538,mel,nv,0.62686306,0.3275597,escalate,baseline_badge
ISIC_0032301,nv,nv,0.008104619,9.131871e-05,auto_accept,baseline_badge
ISIC_0028954,nv,nv,5.4189757e-05,1.0300079e-06,auto_accept,baseline_badge
ISIC_0032518,nv,nv,0.053263463,0.0019642594,auto_accept,baseline_badge
ISIC_0032027,nv,mel,0.7056247,0.5550978,escalate,baseline_badge
ISIC_0032157,nv,nv,0.4080827,0.21229233,auto_accept,baseline_badge
ISIC_0026101,nv,nv,0.05333698,0.008599881,auto_accept,baseline_badge
ISIC_0026320,nv,nv,2.0970963e-05,1.0429979e-07,auto_accept,baseline_badge
ISIC_0032431,nv,nv,0.008069658,6.358062e-05,auto_accept,baseline_badge
ISIC_0032255,nv,nv,0.0027393482,0.0001295273,auto_accept,baseline_badge
ISIC_0026170,nv,nv,0.0017612366,0.00019132692,auto_accept,baseline_badge
ISIC_0028851,nv,nv,0.03801493,0.0051484015,auto_accept,baseline_badge
ISIC_0027900,mel,nv,0.64869946,0.13034339,auto_accept,baseline_badge
ISIC_0031655,nv,nv,0.00017869846,8.5154755e-07,auto_accept,baseline_badge
ISIC_0027864,nv,nv,0.00014053762,2.385393e-07,auto_accept,baseline_badge
ISIC_0027386,nv,nv,0.00033104868,6.0531656e-06,auto_accept,baseline_badge
ISIC_0032025,nv,nv,0.15272796,0.0009071084,auto_accept,baseline_badge
ISIC_0030185,nv,nv,0.006573632,2.40976e-05,auto_accept,baseline_badge
ISIC_0030960,nv,nv,0.19626276,0.04872542,auto_accept,baseline_badge
ISIC_0026721,nv,nv,0.0006098351,1.3963225e-05,auto_accept,baseline_badge
ISIC_0033063,mel,mel,0.025218263,0.99935,auto_accept,baseline_badge
ISIC_0028683,nv,nv,0.00022457962,9.5016404e-08,auto_accept,baseline_badge
ISIC_0033832,nv,nv,0.25188032,0.046644468,auto_accept,baseline_badge
ISIC_0034308,nv,nv,0.042176586,0.004113817,auto_accept,baseline_badge
ISIC_0033106,nv,mel,0.56877273,0.6677758,auto_accept,baseline_badge
ISIC_0033304,mel,mel,0.0011510212,0.9997508,auto_accept,baseline_badge
ISIC_0024572,bcc,bcc,0.025538338,0.9885052,auto_accept,baseline_badge
ISIC_0031294,bcc,bcc,0.000111867914,0.99999285,auto_accept,baseline_badge
ISIC_0030250,nv,nv,0.00037260627,5.6947323e-07,auto_accept,baseline_badge
ISIC_0026898,nv,nv,0.0706804,0.009312089,auto_accept,baseline_badge
ISIC_0031642,mel,mel,0.06543929,0.9826843,auto_accept,baseline_badge
ISIC_0032531,mel,mel,0.0014032812,0.99987483,auto_accept,baseline_badge
ISIC_0027482,nv,nv,0.0030768677,9.80807e-05,auto_accept,baseline_badge
ISIC_0027016,nv,nv,0.015628377,3.805089e-05,auto_accept,baseline_badge
ISIC_0028922,nv,nv,0.012646294,0.0005923805,auto_accept,baseline_badge
ISIC_0029942,nv,nv,0.00028301348,1.095776e-06,auto_accept,baseline_badge
ISIC_0027935,nv,nv,0.002067747,8.514166e-05,auto_accept,baseline_badge
ISIC_0033765,nv,nv,0.016809773,0.0009854974,auto_accept,baseline_badge
ISIC_0029656,nv,nv,0.11776961,0.0014195647,auto_accept,baseline_badge
ISIC_0024688,mel,mel,0.0022036035,0.99975187,auto_accept,baseline_badge
ISIC_0031467,nv,nv,0.00041436154,6.139168e-08,auto_accept,baseline_badge
ISIC_0026226,nv,bcc,0.15047511,0.92019653,auto_accept,baseline_badge
ISIC_0025065,nv,nv,0.50728893,0.06474132,escalate,baseline_badge
ISIC_0025279,nv,nv,0.0007677813,2.8605823e-06,auto_accept,baseline_badge
ISIC_0033994,nv,nv,0.020905871,0.00030904825,auto_accept,baseline_badge
ISIC_0027208,nv,nv,0.013948898,0.0003683306,auto_accept,baseline_badge
ISIC_0029920,nv,nv,0.0019394823,8.886754e-05,auto_accept,baseline_badge
ISIC_0032946,nv,nv,0.023949975,0.00013627912,auto_accept,baseline_badge
ISIC_0032154,akiec,akiec,0.036647476,0.96055156,auto_accept,baseline_badge
ISIC_0030984,nv,nv,0.0005532104,9.830226e-06,auto_accept,baseline_badge
ISIC_0034242,mel,mel,0.023889925,0.99547774,auto_accept,baseline_badge
ISIC_0029545,bcc,bcc,0.0701481,0.97694427,auto_accept,baseline_badge
ISIC_0031634,nv,nv,0.006607066,0.00014558413,auto_accept,baseline_badge
ISIC_0033232,mel,mel,0.25312114,0.93713415,auto_accept,baseline_badge
ISIC_0030064,nv,nv,1.0031141,0.88111967,escalate,baseline_badge
ISIC_0031802,nv,nv,0.023663284,0.0023753606,auto_accept,baseline_badge
ISIC_0029524,bcc,bcc,0.011649544,0.9989208,auto_accept,baseline_badge
ISIC_0027802,akiec,akiec,0.0007223816,0.999987,auto_accept,baseline_badge
ISIC_0025880,nv,nv,0.0031695154,0.0001550653,auto_accept,baseline_badge
ISIC_0031183,nv,nv,0.24280982,0.077217646,auto_accept,baseline_badge
ISIC_0034017,nv,nv,0.71772826,0.13818052,escalate,baseline_badge
ISIC_0033763,nv,nv,0.0048926347,0.0004173317,auto_accept,baseline_badge
ISIC_0028379,nv,nv,7.11775e-05,4.712342e-07,auto_accept,baseline_badge
ISIC_0031800,nv,nv,0.019605262,0.00038443043,auto_accept,baseline_badge
ISIC_0025503,nv,nv,0.011203017,0.0001272421,auto_accept,baseline_badge
ISIC_0025887,nv,nv,0.13910721,0.028226074,auto_accept,baseline_badge
ISIC_0026376,nv,nv,0.01793632,0.0033651749,auto_accept,baseline_badge
ISIC_0031320,nv,nv,0.0021325878,9.892502e-06,auto_accept,baseline_badge
ISIC_0029848,nv,nv,0.0015458114,7.739557e-06,auto_accept,baseline_badge
ISIC_0027350,mel,nv,0.42373526,0.14951971,escalate,baseline_badge
ISIC_0027323,nv,nv,0.071432576,0.0090234,auto_accept,baseline_badge
ISIC_0030209,nv,nv,0.12477178,0.012606377,auto_accept,baseline_badge
ISIC_0025229,nv,nv,0.012289246,0.0004636417,auto_accept,baseline_badge
ISIC_0029863,nv,nv,0.00043004108,3.1210686e-06,auto_accept,baseline_badge
ISIC_0029598,akiec,bcc,0.0061172126,0.9997898,auto_accept,baseline_badge
ISIC_0032195,nv,nv,0.24556255,0.050534554,auto_accept,baseline_badge
ISIC_0027730,nv,nv,0.0015242771,3.6547477e-05,auto_accept,baseline_badge
ISIC_0032962,nv,nv,0.64962083,0.0004777457,escalate,baseline_badge
ISIC_0029309,akiec,akiec,6.096956e-05,0.99999034,auto_accept,baseline_badge
ISIC_0033660,bkl,bkl,0.07345452,0.0011934334,auto_accept,baseline_badge
ISIC_0034199,nv,nv,0.092126295,0.0019812596,auto_accept,baseline_badge
ISIC_0024505,bkl,bkl,0.25250882,0.21435764,auto_accept,baseline_badge
ISIC_0033452,mel,mel,0.40314588,0.74881965,escalate,baseline_badge
ISIC_0027149,mel,mel,0.101899914,0.9935353,auto_accept,baseline_badge
ISIC_0027216,df,df,0.00016914558,2.0997693e-06,auto_accept,baseline_badge
ISIC_0026973,nv,nv,0.0006166486,3.609899e-07,auto_accept,baseline_badge
ISIC_0032331,mel,nv,0.3458113,0.056724384,escalate,baseline_badge
ISIC_0025456,nv,nv,0.015597916,0.00027186313,auto_accept,baseline_badge
ISIC_0027133,nv,nv,3.8883336e-05,1.5439727e-07,auto_accept,baseline_badge
ISIC_0031066,nv,nv,0.00020161815,5.364063e-07,auto_accept,baseline_badge
ISIC_0027604,mel,mel,0.025277138,0.99481237,auto_accept,baseline_badge
ISIC_0032295,nv,nv,0.16271937,0.01981241,auto_accept,baseline_badge
ISIC_0025208,nv,nv,0.01706048,0.000358901,auto_accept,baseline_badge
ISIC_0031232,nv,nv,8.230201e-05,2.1436588e-07,auto_accept,baseline_badge
ISIC_0024589,nv,nv,0.0004653851,1.245593e-06,auto_accept,baseline_badge
ISIC_0028956,nv,nv,0.006279966,8.61207e-06,auto_accept,baseline_badge
ISIC_0033535,nv,nv,0.034324247,0.0067028315,auto_accept,baseline_badge
ISIC_0025782,nv,nv,0.6945787,0.20218839,escalate,baseline_badge
ISIC_0030286,nv,nv,1.5705386e-05,4.141059e-08,auto_accept,baseline_badge
ISIC_0033971,nv,nv,0.036539342,0.0034081324,auto_accept,baseline_badge
ISIC_0031684,nv,nv,0.002264194,1.4717212e-05,auto_accept,baseline_badge
ISIC_0030090,nv,nv,0.0016671629,9.778056e-05,auto_accept,baseline_badge
ISIC_0029451,nv,nv,0.0007150331,5.8968117e-06,auto_accept,baseline_badge
ISIC_0030149,nv,nv,0.0012251599,5.3114684e-07,auto_accept,baseline_badge
ISIC_0029344,nv,nv,0.25198045,0.0468592,escalate,baseline_badge
ISIC_0028538,nv,nv,0.002672186,5.0081075e-05,auto_accept,baseline_badge
ISIC_0031104,nv,nv,5.860737e-06,1.9413715e-08,auto_accept,baseline_badge
ISIC_0032626,mel,mel,0.83526814,0.5737635,escalate,baseline_badge
ISIC_0031777,nv,nv,0.0010706132,4.419788e-06,auto_accept,baseline_badge
ISIC_0030806,bkl,akiec,0.017390419,0.9966588,auto_accept,baseline_badge
ISIC_0031855,nv,nv,0.043301348,7.1022776e-05,auto_accept,baseline_badge
ISIC_0029378,nv,nv,0.0020079615,1.8957788e-05,auto_accept,baseline_badge
ISIC_0032367,nv,nv,0.040327173,0.0025997455,auto_accept,baseline_badge
ISIC_0028745,nv,nv,0.030248877,0.0021495505,auto_accept,baseline_badge
ISIC_0026099,nv,nv,0.48379618,0.031877916,escalate,baseline_badge
ISIC_0024441,nv,bkl,0.78025633,0.019017521,escalate,baseline_badge
ISIC_0032073,nv,nv,0.01064916,5.7427983e-06,auto_accept,baseline_badge
ISIC_0034209,nv,mel,1.1565639,0.32599747,escalate,baseline_badge
ISIC_0027268,nv,nv,0.31108898,1.2752455e-06,auto_accept,baseline_badge
ISIC_0030720,nv,nv,0.00093068724,6.95367e-06,auto_accept,baseline_badge
ISIC_0024942,nv,nv,0.0042625815,6.662836e-06,auto_accept,baseline_badge
ISIC_0031493,nv,nv,0.005447094,6.948757e-05,auto_accept,baseline_badge
ISIC_0030728,nv,nv,0.0056898706,2.026666e-06,auto_accept,baseline_badge
ISIC_0032645,mel,mel,0.029007547,0.9922058,auto_accept,baseline_badge
ISIC_0032136,nv,nv,0.02275328,0.003144888,auto_accept,baseline_badge
ISIC_0028388,bkl,mel,0.93132526,0.9896696,escalate,baseline_badge
ISIC_0026396,nv,nv,0.055879556,0.0025576747,auto_accept,baseline_badge
ISIC_0030343,nv,nv,0.010563659,0.0010885498,auto_accept,baseline_badge
ISIC_0027335,bkl,mel,0.37223688,0.8451224,auto_accept,baseline_badge
ISIC_0030944,nv,nv,0.436041,0.0074972073,auto_accept,baseline_badge
ISIC_0024564,bcc,bcc,0.32288283,0.9986571,escalate,baseline_badge
ISIC_0033067,nv,nv,0.008177059,0.00050967,auto_accept,baseline_badge
ISIC_0025308,nv,nv,0.0002575939,1.882965e-06,auto_accept,baseline_badge
ISIC_0034164,nv,nv,0.33518904,0.11214839,auto_accept,baseline_badge
ISIC_0024711,bkl,bkl,0.37647086,0.06428256,auto_accept,baseline_badge
ISIC_0028090,nv,nv,0.023268055,0.0022432385,auto_accept,baseline_badge
ISIC_0025859,nv,nv,0.0011278955,6.7348206e-05,auto_accept,baseline_badge
ISIC_0031384,bcc,bcc,0.076267794,0.8582835,auto_accept,baseline_badge
ISIC_0024355,nv,nv,0.113018654,0.019738227,auto_accept,baseline_badge
ISIC_0027479,nv,nv,0.0049534566,0.00039850513,auto_accept,baseline_badge
ISIC_0032395,bkl,bkl,0.0043706256,0.0036321864,auto_accept,baseline_badge
ISIC_0033022,bkl,bkl,0.005086184,0.0017387262,auto_accept,baseline_badge
ISIC_0026962,nv,nv,0.0015646104,4.4134704e-06,auto_accept,baseline_badge
ISIC_0027535,nv,bkl,0.59267086,0.014269567,escalate,baseline_badge
ISIC_0029767,nv,nv,0.00022652409,2.5397367e-06,auto_accept,baseline_badge
ISIC_0033777,nv,nv,0.050549045,0.0043338556,auto_accept,baseline_badge
ISIC_0029439,vasc,vasc,0.00018582864,6.1261776e-06,auto_accept,baseline_badge
ISIC_0031765,nv,nv,0.00385759,3.0500578e-06,auto_accept,baseline_badge
ISIC_0024385,nv,nv,0.0008297901,6.3860293e-06,auto_accept,baseline_badge
ISIC_0027656,nv,nv,0.007785859,0.00012221957,auto_accept,baseline_badge
ISIC_0034111,nv,nv,0.004801155,3.7677135e-05,auto_accept,baseline_badge
ISIC_0031645,nv,nv,0.033476185,0.0042824927,auto_accept,baseline_badge
ISIC_0026360,mel,mel,0.0058315606,0.9985384,auto_accept,baseline_badge
ISIC_0027906,nv,nv,0.020644827,6.944233e-06,auto_accept,baseline_badge
ISIC_0031595,nv,nv,0.40847242,0.13739266,auto_accept,baseline_badge
ISIC_0025624,nv,nv,0.080767974,3.2469156e-08,auto_accept,baseline_badge
ISIC_0030591,akiec,akiec,0.031999398,0.99440396,auto_accept,baseline_badge
ISIC_0032936,mel,mel,0.5446296,0.8296368,escalate,baseline_badge
ISIC_0034039,nv,nv,0.00012282113,2.2550064e-06,auto_accept,baseline_badge
ISIC_0026271,nv,nv,0.0011309944,4.7612374e-07,auto_accept,baseline_badge
ISIC_0030224,nv,nv,0.01014157,1.3277134e-05,auto_accept,baseline_badge
ISIC_0032317,nv,nv,0.009663276,4.453363e-05,auto_accept,baseline_badge
ISIC_0029764,bkl,bcc,1.1237566,0.8952475,escalate,baseline_badge
ISIC_0026719,nv,nv,4.3439053e-05,1.9225129e-07,auto_accept,baseline_badge
ISIC_0030620,nv,nv,0.05194681,0.007813175,auto_accept,baseline_badge
ISIC_0029239,nv,nv,0.0002268775,1.3043671e-06,auto_accept,baseline_badge
ISIC_0025300,nv,nv,0.052849036,0.011193537,auto_accept,baseline_badge
ISIC_0027560,mel,mel,0.14852835,0.9763524,auto_accept,baseline_badge
ISIC_0025214,nv,mel,0.40423933,0.8884938,auto_accept,baseline_badge
ISIC_0031757,nv,nv,0.047719944,0.0014864666,auto_accept,baseline_badge
ISIC_0032871,nv,nv,0.12802255,0.02089493,auto_accept,baseline_badge
ISIC_0028904,nv,nv,0.002876082,2.557609e-06,auto_accept,baseline_badge
ISIC_0025553,nv,bcc,0.10036185,0.9773769,auto_accept,baseline_badge
ISIC_0031318,bcc,bcc,0.0043825773,0.999858,auto_accept,baseline_badge
ISIC_0031423,nv,nv,0.0005806965,7.9136025e-06,auto_accept,baseline_badge
ISIC_0028259,nv,nv,0.0032272427,4.013609e-06,auto_accept,baseline_badge
ISIC_0027315,nv,nv,0.003945211,0.00016391657,auto_accept,baseline_badge
ISIC_0025407,nv,nv,0.003336944,6.749757e-05,auto_accept,baseline_badge
ISIC_0032300,nv,nv,0.013175997,0.00020850264,auto_accept,baseline_badge
ISIC_0031658,nv,nv,0.00034800192,8.810691e-06,auto_accept,baseline_badge
ISIC_0034151,bkl,bkl,0.16255097,0.0011298825,escalate,baseline_badge
ISIC_0028322,nv,nv,0.0041984334,0.00012431506,auto_accept,baseline_badge
ISIC_0027160,nv,nv,0.0004355107,1.192931e-05,auto_accept,baseline_badge
ISIC_0028917,nv,nv,0.16895953,0.0059520733,auto_accept,baseline_badge
ISIC_0026521,nv,nv,0.020720959,6.893476e-05,auto_accept,baseline_badge
ISIC_0029614,nv,nv,0.025573533,0.005015574,auto_accept,baseline_badge
ISIC_0024449,mel,mel,0.016301116,0.9978624,auto_accept,baseline_badge
ISIC_0026185,nv,nv,0.09229918,5.2809617e-05,auto_accept,baseline_badge
ISIC_0028652,bcc,bcc,0.0016102331,0.9999068,auto_accept,baseline_badge
ISIC_0031830,nv,nv,0.015295476,3.991428e-05,auto_accept,baseline_badge
ISIC_0030013,nv,nv,0.00047706816,5.5339624e-06,auto_accept,baseline_badge
ISIC_0031268,nv,nv,0.27012208,0.0048136935,auto_accept,baseline_badge
ISIC_0028079,bcc,bcc,0.003845592,0.99880326,auto_accept,baseline_badge
ISIC_0027947,nv,nv,0.0046044607,3.0942985e-05,auto_accept,baseline_badge
ISIC_0025917,nv,nv,8.443832e-05,1.2505535e-07,auto_accept,baseline_badge
ISIC_0024437,nv,nv,0.01117253,0.00025480715,auto_accept,baseline_badge
ISIC_0031683,nv,nv,0.020307757,0.0046709627,auto_accept,baseline_badge
ISIC_0026906,nv,nv,0.0011662857,1.5940246e-07,auto_accept,baseline_badge
ISIC_0026331,nv,nv,0.008527006,0.0005458325,auto_accept,baseline_badge
ISIC_0027425,bcc,bcc,0.07080242,0.9658612,auto_accept,baseline_badge
ISIC_0025060,nv,nv,0.00024027577,8.2685365e-06,auto_accept,baseline_badge
ISIC_0030276,bkl,bkl,0.018930595,0.0010329965,auto_accept,baseline_badge
ISIC_0034176,nv,nv,0.8056445,0.012122683,escalate,baseline_badge
ISIC_0032272,nv,nv,0.0022055942,0.00012212404,auto_accept,baseline_badge
ISIC_0028939,nv,nv,0.0010145347,7.222428e-06,auto_accept,baseline_badge
ISIC_0029385,nv,nv,0.009478034,0.0004787669,auto_accept,baseline_badge
ISIC_0031463,nv,nv,0.006447434,0.00018027861,auto_accept,baseline_badge
ISIC_0024834,nv,nv,0.0007616583,7.3764813e-06,auto_accept,baseline_badge
ISIC_0031174,nv,nv,0.0005690087,1.6977667e-05,auto_accept,baseline_badge
ISIC_0027114,nv,nv,0.36582726,0.11954582,auto_accept,baseline_badge
ISIC_0032691,nv,nv,0.014119719,0.0015463716,auto_accept,baseline_badge
ISIC_0030957,nv,nv,0.040086217,0.003372384,auto_accept,baseline_badge
ISIC_0032263,nv,nv,6.575029e-05,6.7522797e-07,auto_accept,baseline_badge
ISIC_0028706,nv,nv,0.100722216,8.766805e-06,auto_accept,baseline_badge
ISIC_0033135,vasc,vasc,0.08814666,0.005200966,auto_accept,baseline_badge
ISIC_0024407,nv,nv,0.0012955707,3.351311e-05,auto_accept,baseline_badge
ISIC_0024774,bkl,bkl,0.0020575263,0.0011585872,auto_accept,baseline_badge
ISIC_0033943,nv,mel,1.127519,0.5621924,escalate,baseline_badge
ISIC_0025973,bkl,bkl,0.85482436,0.41458127,escalate,baseline_badge
ISIC_0024561,nv,mel,0.712632,0.5771689,escalate,baseline_badge
ISIC_0031507,nv,nv,0.036800746,0.0039219204,auto_accept,baseline_badge
ISIC_0030428,nv,nv,0.00030041783,2.5192222e-07,auto_accept,baseline_badge
ISIC_0033102,nv,nv,0.5212618,0.22460705,auto_accept,baseline_badge
ISIC_0029922,nv,nv,0.00012400001,1.2372606e-06,auto_accept,baseline_badge
ISIC_0026631,bkl,bkl,0.025290338,0.011422919,auto_accept,baseline_badge
ISIC_0029291,bkl,nv,0.020166626,5.4003256e-05,auto_accept,baseline_badge
ISIC_0030635,nv,nv,0.28432482,8.828271e-05,auto_accept,baseline_badge
ISIC_0032483,nv,nv,0.0073568774,0.0007821912,auto_accept,baseline_badge
ISIC_0028766,nv,nv,0.049629703,0.0071581984,auto_accept,baseline_badge
ISIC_0034016,nv,nv,0.04494607,6.457127e-05,auto_accept,baseline_badge
ISIC_0033536,akiec,akiec,0.0020158968,0.998963,auto_accept,baseline_badge
ISIC_0029002,akiec,bcc,0.0012566124,0.99987185,auto_accept,baseline_badge
ISIC_0027919,nv,nv,0.012793045,1.5329937e-05,auto_accept,baseline_badge
ISIC_0024429,nv,nv,0.039804872,0.0016582413,auto_accept,baseline_badge
ISIC_0030578,nv,nv,0.046278156,6.986697e-05,auto_accept,baseline_badge
ISIC_0027584,bkl,bkl,0.8421138,0.7745921,auto_accept,baseline_badge
ISIC_0031177,mel,mel,1.408363,0.4824597,escalate,baseline_badge
ISIC_0033379,bkl,bkl,0.2115558,0.015664605,auto_accept,baseline_badge
ISIC_0033877,nv,nv,0.012599831,0.0004901197,auto_accept,baseline_badge
ISIC_0031863,nv,nv,0.48623285,0.040220473,auto_accept,baseline_badge
ISIC_0027807,nv,nv,0.00012636982,1.1910631e-06,auto_accept,baseline_badge
ISIC_0024312,bkl,bkl,0.7738286,0.6585171,escalate,baseline_badge
ISIC_0033608,vasc,vasc,0.00020841832,8.913935e-06,auto_accept,baseline_badge
ISIC_0024526,nv,nv,0.0004258719,1.4624749e-06,auto_accept,baseline_badge
ISIC_0032285,nv,nv,0.00097645103,2.1540707e-05,auto_accept,baseline_badge
ISIC_0028733,nv,nv,0.004305079,8.878812e-06,auto_accept,baseline_badge
ISIC_0029391,bcc,bcc,0.0004655749,0.99998724,auto_accept,baseline_badge
ISIC_0030135,nv,nv,0.21031311,0.032042474,auto_accept,baseline_badge
ISIC_0026288,nv,nv,0.007700553,1.2842481e-05,auto_accept,baseline_badge
ISIC_0029245,nv,nv,0.017275723,0.000103416714,auto_accept,baseline_badge
ISIC_0026411,akiec,bkl,0.2145279,0.20372152,auto_accept,baseline_badge
ISIC_0030958,nv,nv,0.0006654461,4.4690123e-07,auto_accept,baseline_badge
ISIC_0033133,nv,nv,6.919762e-05,9.885512e-07,auto_accept,baseline_badge
ISIC_0025292,bkl,bkl,0.11664797,0.05662983,auto_accept,baseline_badge
ISIC_0030781,nv,nv,0.05338287,0.00025644104,auto_accept,baseline_badge
ISIC_0028769,nv,nv,0.001359611,1.0199894e-08,auto_accept,baseline_badge
ISIC_0031959,nv,nv,0.56909525,0.000859113,auto_accept,baseline_badge
ISIC_0026931,nv,nv,0.0002558474,1.927861e-06,auto_accept,baseline_badge
ISIC_0025394,mel,nv,0.0011805325,2.5981203e-06,auto_accept,baseline_badge
ISIC_0030320,nv,nv,0.038652264,0.0002459813,auto_accept,baseline_badge
ISIC_0025866,nv,nv,0.00047007506,3.2190087e-06,auto_accept,baseline_badge
ISIC_0030154,nv,nv,0.007618867,1.4039548e-05,auto_accept,baseline_badge
ISIC_0031216,nv,nv,0.30519,0.07289025,auto_accept,baseline_badge
ISIC_0025256,nv,nv,0.30255726,0.0017186431,auto_accept,baseline_badge
ISIC_0032451,nv,nv,0.5289558,0.00028712332,escalate,baseline_badge
ISIC_0034211,mel,mel,0.15540828,0.94747424,auto_accept,baseline_badge
ISIC_0034213,nv,nv,0.25291857,0.06612769,escalate,baseline_badge
ISIC_0028999,nv,nv,0.1599505,0.014999868,auto_accept,baseline_badge
ISIC_0033294,nv,nv,0.6952921,0.1528332,auto_accept,baseline_badge
ISIC_0029898,nv,nv,0.23997316,0.011890105,auto_accept,baseline_badge
ISIC_0031227,nv,nv,0.023063831,0.0011296549,auto_accept,baseline_badge
ISIC_0029742,vasc,vasc,0.0001683596,5.535433e-07,auto_accept,baseline_badge
ISIC_0025029,akiec,mel,0.09803863,0.99815637,auto_accept,baseline_badge
ISIC_0027507,mel,nv,0.74242914,0.08534413,auto_accept,baseline_badge
ISIC_0028608,nv,df,1.6981944,0.39158204,escalate,baseline_badge
ISIC_0028469,nv,nv,3.8530063e-05,1.365092e-08,auto_accept,baseline_badge
ISIC_0025397,nv,nv,0.0006905712,2.551079e-05,auto_accept,baseline_badge
ISIC_0029394,bkl,mel,0.28633705,0.9451377,auto_accept,baseline_badge
ISIC_0026836,nv,nv,0.04667367,0.00034166747,auto_accept,baseline_badge
ISIC_0032779,nv,nv,0.088233374,0.0015044681,auto_accept,baseline_badge
ISIC_0033146,bcc,bcc,0.009611711,0.99992645,auto_accept,baseline_badge
ISIC_0033149,nv,nv,0.02043604,0.00012911248,auto_accept,baseline_badge
ISIC_0031286,akiec,akiec,0.6863579,0.70476943,auto_accept,baseline_badge
ISIC_0029594,nv,nv,0.00034465597,1.23044865e-05,auto_accept,baseline_badge
ISIC_0027418,nv,nv,0.20738876,0.05016786,auto_accept,baseline_badge
ISIC_0028973,bcc,bcc,0.03803455,0.99957377,auto_accept,baseline_badge
ISIC_0025299,bcc,bcc,0.0033910878,0.9998808,auto_accept,baseline_badge
ISIC_0026336,vasc,vasc,1.6195376e-05,1.4493054e-07,auto_accept,baseline_badge
ISIC_0025705,nv,nv,0.010153441,0.00097362825,auto_accept,baseline_badge
ISIC_0032280,bkl,bkl,0.09417817,0.02723184,auto_accept,baseline_badge
ISIC_0024478,nv,nv,0.21150732,0.001283976,auto_accept,baseline_badge
ISIC_0027177,nv,nv,0.0017629756,2.693825e-05,auto_accept,baseline_badge
ISIC_0024892,nv,nv,0.0019516379,4.8275386e-05,auto_accept,baseline_badge
ISIC_0031627,nv,nv,0.00041091497,3.9209485e-06,auto_accept,baseline_badge
ISIC_0027614,nv,nv,0.062940724,0.014569908,auto_accept,baseline_badge
ISIC_0032060,nv,nv,0.027866554,0.00040209483,auto_accept,baseline_badge
ISIC_0025323,nv,nv,0.06032397,0.009674807,auto_accept,baseline_badge
ISIC_0027236,nv,nv,0.13021144,0.00019314428,auto_accept,baseline_badge
ISIC_0029976,nv,nv,0.2307313,0.09404102,auto_accept,baseline_badge
ISIC_0031641,nv,nv,5.014657e-05,3.6192794e-06,auto_accept,baseline_badge
ISIC_0030549,akiec,bcc,0.12174225,0.98702335,auto_accept,baseline_badge
ISIC_0033824,nv,nv,0.007677989,3.2702232e-07,auto_accept,baseline_badge
ISIC_0033328,nv,nv,0.20399833,0.044339795,auto_accept,baseline_badge
ISIC_0029821,nv,nv,0.0069426773,0.00030414204,auto_accept,baseline_badge
ISIC_0026215,nv,nv,0.1350639,0.021770157,auto_accept,baseline_badge
ISIC_0027078,nv,nv,0.0038193418,3.5254798e-06,auto_accept,baseline_badge
ISIC_0030059,nv,nv,0.009866396,2.4957283e-06,auto_accept,baseline_badge
ISIC_0031065,vasc,vasc,0.0019819294,5.7181645e-05,auto_accept,baseline_badge
ISIC_0034285,nv,nv,0.17333555,0.03218767,auto_accept,baseline_badge
ISIC_0031983,nv,nv,0.003268069,2.197926e-06,auto_accept,baseline_badge
ISIC_0026638,nv,nv,0.9501713,1.2401924e-05,escalate,baseline_badge
ISIC_0033684,nv,nv,0.43702585,0.07882487,auto_accept,baseline_badge
ISIC_0030502,nv,nv,0.089739144,0.006807983,auto_accept,baseline_badge
ISIC_0027723,nv,nv,0.0039070426,5.986834e-05,auto_accept,baseline_badge
ISIC_0029599,nv,nv,0.012991988,0.0009356381,auto_accept,baseline_badge
ISIC_0026707,nv,nv,3.4566132e-05,1.561859e-08,auto_accept,baseline_badge
ISIC_0034024,bkl,bkl,0.19279973,0.05238772,auto_accept,baseline_badge
ISIC_0027048,nv,nv,0.00015635004,2.51118e-06,auto_accept,baseline_badge
ISIC_0033114,mel,mel,0.01009398,0.9984688,auto_accept,baseline_badge
ISIC_0032350,nv,nv,0.0014147434,7.848137e-05,auto_accept,baseline_badge
ISIC_0030246,mel,mel,0.06319957,0.9807741,auto_accept,baseline_badge
ISIC_0029248,df,df,6.885367e-05,4.7157002e-05,auto_accept,baseline_badge
ISIC_0027500,nv,nv,0.0023788994,4.0586365e-06,auto_accept,baseline_badge
ISIC_0025388,bkl,bkl,0.020276515,0.00010497984,auto_accept,baseline_badge
ISIC_0033388,nv,nv,0.5720344,0.003014518,auto_accept,baseline_badge
ISIC_0026429,nv,bcc,0.011816972,0.9560513,auto_accept,baseline_badge
ISIC_0033295,akiec,akiec,0.06231582,0.9956715,auto_accept,baseline_badge
ISIC_0030962,nv,nv,0.0023509555,8.172314e-06,auto_accept,baseline_badge
ISIC_0033413,akiec,akiec,0.0005826385,0.9999701,auto_accept,baseline_badge
ISIC_0031551,nv,nv,0.00063960947,2.2816463e-05,auto_accept,baseline_badge
ISIC_0033038,mel,mel,0.59813994,0.75849015,auto_accept,baseline_badge
ISIC_0031843,nv,nv,0.0013540005,9.9017325e-06,auto_accept,baseline_badge
ISIC_0029551,nv,nv,0.016186712,0.00017941624,auto_accept,baseline_badge
ISIC_0024523,nv,nv,7.947845e-05,2.2844344e-07,auto_accept,baseline_badge
ISIC_0024670,nv,nv,0.0014316541,3.4244604e-06,auto_accept,baseline_badge
ISIC_0030996,nv,nv,0.00059665437,0.00051404693,auto_accept,baseline_badge
ISIC_0032239,nv,nv,0.0013898063,7.092899e-05,auto_accept,baseline_badge
ISIC_0027912,nv,nv,5.5935096e-05,7.6531813e-07,auto_accept,baseline_badge
ISIC_0026291,bkl,bkl,5.9469006e-05,4.4089566e-06,auto_accept,baseline_badge
ISIC_0030117,nv,nv,0.19244917,0.05499771,auto_accept,baseline_badge
ISIC_0026112,nv,nv,0.0027884012,1.0790718e-05,auto_accept,baseline_badge
ISIC_0027901,nv,nv,0.0008221045,5.697427e-07,auto_accept,baseline_badge
ISIC_0024579,akiec,akiec,0.015654769,0.9862344,auto_accept,baseline_badge
ISIC_0033726,nv,nv,0.013892301,0.0013604771,auto_accept,baseline_badge
ISIC_0028300,nv,nv,0.008349739,0.00092139334,auto_accept,baseline_badge
ISIC_0029919,bcc,bcc,0.012145494,0.9980222,auto_accept,baseline_badge
ISIC_0028549,nv,nv,0.0005701086,7.910386e-07,auto_accept,baseline_badge
ISIC_0025491,nv,nv,0.20112856,0.03187277,auto_accept,baseline_badge
ISIC_0027541,nv,nv,0.00062654854,1.0602303e-05,auto_accept,baseline_badge
ISIC_0032480,nv,df,0.68818045,0.0006279941,escalate,baseline_badge
ISIC_0031521,nv,nv,0.0059030186,0.00048936944,auto_accept,baseline_badge
ISIC_0031252,nv,nv,0.0008249623,2.2529282e-05,auto_accept,baseline_badge
ISIC_0024315,mel,mel,0.053102784,0.9849577,auto_accept,baseline_badge
ISIC_0031974,nv,nv,0.00447843,1.2432489e-05,auto_accept,baseline_badge
ISIC_0028182,nv,nv,0.00039579882,2.514216e-06,auto_accept,baseline_badge
ISIC_0032217,nv,nv,0.00672275,0.00020693346,auto_accept,baseline_badge
ISIC_0028078,nv,nv,0.01932785,0.0017365639,auto_accept,baseline_badge
ISIC_0025430,nv,nv,0.3507843,0.0010545207,auto_accept,baseline_badge
ISIC_0029209,mel,nv,0.9622399,0.043857686,auto_accept,baseline_badge
ISIC_0034256,mel,bcc,0.08961894,0.9980609,auto_accept,baseline_badge
ISIC_0025604,nv,nv,0.00064344984,7.7607893e-07,auto_accept,baseline_badge
ISIC_0030800,bcc,bcc,0.013373418,0.9988555,auto_accept,baseline_badge
ISIC_0029569,nv,nv,0.2633501,1.32393025e-05,auto_accept,baseline_badge
ISIC_0027909,nv,nv,0.26711655,0.041896954,auto_accept,baseline_badge
ISIC_0025787,nv,nv,8.3322055e-05,4.6395624e-07,auto_accept,baseline_badge
ISIC_0030258,bkl,bkl,0.21821687,0.09291307,auto_accept,baseline_badge
ISIC_0024961,mel,mel,0.13991722,0.9669827,auto_accept,baseline_badge
ISIC_0027990,bkl,bkl,0.051219765,0.029075472,auto_accept,baseline_badge
ISIC_0030782,bcc,bcc,0.098747864,0.96437085,escalate,baseline_badge
ISIC_0025312,bkl,bkl,0.07503574,0.0006922342,auto_accept,baseline_badge
ISIC_0024779,nv,nv,6.947041e-05,1.3565768e-06,auto_accept,baseline_badge
ISIC_0028778,nv,nv,0.0051452992,6.977316e-05,auto_accept,baseline_badge
ISIC_0031046,nv,nv,0.0076089734,0.0005373178,auto_accept,baseline_badge
ISIC_0025075,bkl,bkl,0.32968193,0.056703568,auto_accept,baseline_badge
ISIC_0030746,bcc,bcc,0.0059448853,0.9975389,auto_accept,baseline_badge
ISIC_0026164,nv,nv,0.00036093596,1.57409e-06,auto_accept,baseline_badge
ISIC_0027726,nv,nv,0.004587239,6.715191e-05,auto_accept,baseline_badge
ISIC_0029152,nv,nv,0.0060448176,4.5684028e-05,auto_accept,baseline_badge
ISIC_0032577,nv,mel,0.11131569,0.9711454,auto_accept,baseline_badge
ISIC_0027040,nv,nv,0.045629423,0.010465208,auto_accept,baseline_badge
ISIC_0029112,nv,nv,0.0005681803,1.2626655e-05,auto_accept,baseline_badge
ISIC_0032104,nv,nv,0.00030398354,7.4475993e-06,auto_accept,baseline_badge
ISIC_0031805,nv,nv,0.0010587405,3.7053956e-05,auto_accept,baseline_badge
ISIC_0034296,bkl,bkl,0.058752276,0.0025830693,auto_accept,baseline_badge
ISIC_0028074,nv,nv,0.062169388,0.00025807827,auto_accept,baseline_badge
ISIC_0030512,mel,nv,0.063346475,0.0054878094,auto_accept,baseline_badge
ISIC_0025609,nv,nv,0.1881759,3.3752008e-06,auto_accept,baseline_badge
ISIC_0026785,nv,nv,0.018109778,0.0006881659,auto_accept,baseline_badge
ISIC_0030842,nv,nv,0.06249604,0.005030144,auto_accept,baseline_badge
ISIC_0031971,bcc,bcc,0.011679509,0.9998129,auto_accept,baseline_badge
ISIC_0026497,nv,mel,0.44323573,0.8539976,auto_accept,baseline_badge
ISIC_0025349,nv,nv,0.00046964665,1.4094781e-08,auto_accept,baseline_badge
ISIC_0024701,mel,nv,0.21533415,0.032637827,auto_accept,baseline_badge
ISIC_0030663,nv,nv,0.45626754,0.0016013089,auto_accept,baseline_badge
ISIC_0030966,nv,nv,0.037487432,0.0076931203,auto_accept,baseline_badge
ISIC_0031525,nv,nv,0.0020635452,0.00011721628,auto_accept,baseline_badge
ISIC_0029657,nv,nv,0.0009889392,8.227649e-06,auto_accept,baseline_badge
ISIC_0031097,nv,nv,0.0016351047,1.6311398e-05,auto_accept,baseline_badge
ISIC_0032242,nv,nv,0.007901884,0.00073175225,auto_accept,baseline_badge
ISIC_0033730,mel,mel,0.010311716,0.99777323,auto_accept,baseline_badge
ISIC_0033297,nv,nv,0.16883782,0.0025139672,auto_accept,baseline_badge
ISIC_0027927,nv,nv,0.0006461321,1.6744545e-05,auto_accept,baseline_badge
ISIC_0024835,nv,nv,0.00082468824,2.3473756e-05,auto_accept,baseline_badge
ISIC_0026537,nv,nv,0.0039977017,0.0001479637,auto_accept,baseline_badge
ISIC_0024967,mel,mel,0.0004581315,0.9999553,auto_accept,baseline_badge
ISIC_0025884,nv,nv,0.0023047829,7.689638e-05,auto_accept,baseline_badge
ISIC_0026420,mel,mel,0.00601511,0.9991627,auto_accept,baseline_badge
ISIC_0031697,bcc,bcc,0.88575774,0.8225487,escalate,baseline_badge
ISIC_0026548,nv,nv,0.0038847944,0.0002566083,auto_accept,baseline_badge
ISIC_0024704,nv,nv,0.07354675,0.012957773,auto_accept,baseline_badge
ISIC_0028846,bkl,bkl,0.010741193,0.0023366797,auto_accept,baseline_badge
ISIC_0024797,nv,nv,6.614332e-05,1.6635188e-06,auto_accept,baseline_badge
ISIC_0030086,nv,nv,0.012048643,0.0021378594,auto_accept,baseline_badge
ISIC_0026677,nv,nv,1.8971012e-05,2.1568747e-10,auto_accept,baseline_badge
ISIC_0029136,nv,nv,0.00036446747,1.2451986e-06,auto_accept,baseline_badge
ISIC_0028455,nv,nv,0.0012874398,2.3678642e-06,auto_accept,baseline_badge
ISIC_0032609,nv,nv,0.003590685,7.1935165e-06,auto_accept,baseline_badge
ISIC_0027221,nv,nv,0.01907939,0.000113229624,auto_accept,baseline_badge
ISIC_0024830,nv,nv,0.044655424,0.00062816043,auto_accept,baseline_badge
ISIC_0029948,nv,nv,0.006789955,5.9232825e-05,auto_accept,baseline_badge
ISIC_0032234,nv,nv,0.5882456,1.3840512e-05,escalate,baseline_badge
ISIC_0025139,nv,nv,0.00030741422,3.8149304e-07,auto_accept,baseline_badge
ISIC_0029253,nv,nv,0.0025442182,1.8270474e-07,auto_accept,baseline_badge
ISIC_0027034,nv,nv,0.086770885,0.02525338,auto_accept,baseline_badge
ISIC_0027317,nv,nv,0.0006329461,2.1802603e-06,auto_accept,baseline_badge
ISIC_0030651,nv,nv,0.0032934912,2.3433875e-05,auto_accept,baseline_badge
ISIC_0033690,nv,nv,0.010199971,0.0008232507,auto_accept,baseline_badge
ISIC_0031743,akiec,akiec,0.040610474,0.99252534,auto_accept,baseline_badge
ISIC_0029618,nv,nv,0.024049606,0.0024464477,auto_accept,baseline_badge
ISIC_0032447,mel,mel,0.00040895297,0.9999559,auto_accept,baseline_badge
ISIC_0034061,mel,nv,0.6260392,0.2583869,escalate,baseline_badge
ISIC_0034190,nv,mel,0.9132894,0.79034513,escalate,baseline_badge
ISIC_0025998,nv,nv,0.06663014,0.00021511095,auto_accept,baseline_badge
ISIC_0030241,bkl,bkl,0.05934226,0.004397609,auto_accept,baseline_badge
ISIC_0030570,nv,nv,0.093380935,4.1864605e-05,auto_accept,baseline_badge
ISIC_0030218,nv,nv,6.281412e-05,7.6976285e-08,auto_accept,baseline_badge
ISIC_0024327,nv,nv,0.0053094425,2.1739612e-05,auto_accept,baseline_badge
ISIC_0027091,nv,nv,0.26841405,0.01611111,auto_accept,baseline_badge
ISIC_0032463,bkl,bkl,0.5616303,0.15082508,escalate,baseline_badge
ISIC_0032884,nv,nv,0.03850517,0.0013534203,auto_accept,baseline_badge
ISIC_0030896,nv,nv,0.006372013,5.6702334e-05,auto_accept,baseline_badge
ISIC_0026407,nv,nv,0.00023295969,3.4536225e-07,auto_accept,baseline_badge
ISIC_0024698,nv,nv,0.44189268,0.15764251,auto_accept,baseline_badge
ISIC_0026767,nv,nv,7.389179e-05,7.0895084e-08,auto_accept,baseline_badge
ISIC_0031851,bkl,bkl,0.19589269,0.07332051,auto_accept,baseline_badge
ISIC_0030844,akiec,akiec,0.1351751,0.9988702,auto_accept,baseline_badge
ISIC_0025004,nv,nv,0.0001748775,4.1679144e-07,auto_accept,baseline_badge
ISIC_0032614,vasc,vasc,0.007775235,0.0005347932,auto_accept,baseline_badge
ISIC_0025320,nv,nv,0.04072227,0.0011043008,auto_accept,baseline_badge
ISIC_0029533,akiec,akiec,0.23711184,0.99364716,auto_accept,baseline_badge
ISIC_0031237,nv,nv,0.0009410013,8.974223e-06,auto_accept,baseline_badge
ISIC_0029638,akiec,akiec,0.016503474,0.9964233,auto_accept,baseline_badge
ISIC_0025058,nv,nv,0.009063684,7.161498e-08,auto_accept,baseline_badge
ISIC_0034246,mel,mel,0.38486338,0.73078233,auto_accept,baseline_badge
ISIC_0030237,nv,nv,0.0037318277,3.4815596e-07,auto_accept,baseline_badge
ISIC_0027054,nv,nv,0.0038844808,2.4166018e-05,auto_accept,baseline_badge
ISIC_0030459,bkl,bkl,0.14978388,0.05363678,auto_accept,baseline_badge
ISIC_0031811,nv,nv,0.0030320133,0.00011126516,auto_accept,baseline_badge
ISIC_0025857,nv,nv,0.0071210973,0.0001357211,auto_accept,baseline_badge
ISIC_0029296,nv,nv,0.09162361,0.020455819,auto_accept,baseline_badge
ISIC_0030065,nv,nv,0.2693439,0.050567415,auto_accept,baseline_badge
ISIC_0031443,df,df,0.0013424945,0.0031243984,auto_accept,baseline_badge
ISIC_0033963,nv,nv,0.58555424,0.00024277018,auto_accept,baseline_badge
ISIC_0030302,nv,nv,0.009146159,8.644662e-06,auto_accept,baseline_badge
ISIC_0026206,akiec,akiec,0.91285086,0.62397695,escalate,baseline_badge
ISIC_0031107,nv,nv,0.40292293,0.18811783,escalate,baseline_badge
ISIC_0024622,nv,nv,0.059208635,0.00027505402,auto_accept,baseline_badge
ISIC_0030928,nv,nv,0.009917768,0.000115489594,auto_accept,baseline_badge
ISIC_0029144,nv,nv,7.624466e-05,2.2304305e-07,auto_accept,baseline_badge
ISIC_0026478,nv,nv,0.457253,0.10520663,auto_accept,baseline_badge
ISIC_0027234,mel,mel,0.5732408,0.76531285,escalate,baseline_badge
ISIC_0027782,nv,nv,4.1195253e-05,6.090252e-09,auto_accept,baseline_badge
ISIC_0032512,nv,nv,0.012139875,0.00040175876,auto_accept,baseline_badge
ISIC_0027012,nv,nv,0.0053371545,0.00034836124,auto_accept,baseline_badge
ISIC_0029354,nv,nv,0.21920444,0.033429887,auto_accept,baseline_badge
ISIC_0028243,nv,nv,0.19702739,0.030433342,auto_accept,baseline_badge
ISIC_0027093,bcc,bcc,0.00017237052,0.99995303,auto_accept,baseline_badge
ISIC_0025387,bkl,bkl,0.008641195,0.0018864834,auto_accept,baseline_badge
ISIC_0032010,nv,nv,0.00078632974,1.4419022e-05,auto_accept,baseline_badge
ISIC_0033512,nv,bcc,0.87360394,0.9961875,escalate,baseline_badge
ISIC_0032267,nv,nv,0.24862534,5.0318384e-08,auto_accept,baseline_badge
ISIC_0025377,nv,nv,4.129156e-05,1.1416244e-07,auto_accept,baseline_badge
ISIC_0032938,mel,mel,0.03911454,0.99154437,auto_accept,baseline_badge
ISIC_0031845,nv,nv,0.0031748288,1.6180168e-06,auto_accept,baseline_badge
ISIC_0026541,nv,nv,0.23394297,0.05564537,auto_accept,baseline_badge
ISIC_0034283,bkl,bkl,0.0011779036,1.2960522e-05,auto_accept,baseline_badge
ISIC_0028828,nv,nv,0.0035635654,0.00015900086,auto_accept,baseline_badge
ISIC_0030447,nv,nv,0.014504601,0.0010091291,auto_accept,baseline_badge
ISIC_0031054,nv,nv,0.0035876401,1.3738229e-05,auto_accept,baseline_badge
ISIC_0034082,nv,nv,9.532999e-05,2.896986e-08,auto_accept,baseline_badge
ISIC_0033840,nv,nv,0.0023839236,0.00012386306,auto_accept,baseline_badge
ISIC_0024400,mel,bkl,0.0069096875,0.0028592027,auto_accept,baseline_badge
ISIC_0024495,bkl,nv,0.23224618,0.0392365,auto_accept,baseline_badge
ISIC_0025189,nv,nv,0.03478233,6.452196e-05,auto_accept,baseline_badge
ISIC_0031326,bkl,akiec,0.356969,0.5322028,auto_accept,baseline_badge
ISIC_0031325,nv,nv,0.0065659424,0.00019914248,auto_accept,baseline_badge
ISIC_0031865,nv,nv,0.00076518685,3.9261582e-07,auto_accept,baseline_badge
ISIC_0027330,nv,nv,0.0018262368,7.948962e-06,auto_accept,baseline_badge
ISIC_0032165,nv,nv,0.00077360246,6.8971617e-06,auto_accept,baseline_badge
ISIC_0031161,nv,nv,0.002394798,3.1841333e-05,auto_accept,baseline_badge
ISIC_0029387,nv,nv,0.0024272897,2.7103739e-05,auto_accept,baseline_badge
ISIC_0031870,nv,nv,0.0002216078,1.8029e-06,auto_accept,baseline_badge
ISIC_0033493,nv,nv,0.19383398,0.00750954,auto_accept,baseline_badge
ISIC_0029121,nv,nv,0.24941088,0.014820149,auto_accept,baseline_badge
ISIC_0031140,bcc,bcc,0.045107458,0.99122393,auto_accept,baseline_badge
ISIC_0029362,akiec,akiec,0.7783834,0.96453756,auto_accept,baseline_badge
ISIC_0030318,bkl,bkl,0.013993489,0.0028083073,auto_accept,baseline_badge
ISIC_0029721,nv,nv,0.16769765,0.01481738,auto_accept,baseline_badge
ISIC_0026527,nv,nv,0.10391209,2.8138766e-07,auto_accept,baseline_badge
ISIC_0024780,nv,nv,0.0010367633,7.798497e-06,auto_accept,baseline_badge
ISIC_0031006,nv,nv,0.120935075,0.01380471,auto_accept,baseline_badge
ISIC_0031766,bkl,mel,0.41728148,0.8953078,auto_accept,baseline_badge
ISIC_0025579,nv,nv,0.06690616,0.0075181243,auto_accept,baseline_badge
ISIC_0034266,nv,nv,0.00054548605,1.0943078e-05,auto_accept,baseline_badge
ISIC_0028979,nv,nv,0.0015711766,0.00011212862,auto_accept,baseline_badge
ISIC_0033154,mel,mel,0.6287241,0.63814765,escalate,baseline_badge
ISIC_0025813,nv,nv,0.16420536,3.565693e-05,auto_accept,baseline_badge
ISIC_0033324,mel,mel,0.72680837,0.7243272,escalate,baseline_badge
ISIC_0026024,nv,nv,0.0055262237,5.9561335e-06,auto_accept,baseline_badge
ISIC_0033588,nv,nv,0.017410552,0.0015953159,auto_accept,baseline_badge
ISIC_0030108,nv,nv,0.0043231635,0.00026958733,auto_accept,baseline_badge
ISIC_0028703,nv,nv,0.0010868626,5.243401e-06,auto_accept,baseline_badge
ISIC_0033204,mel,nv,0.8627575,0.39499438,escalate,baseline_badge
ISIC_0030171,mel,mel,1.2226146,0.45165798,escalate,baseline_badge
ISIC_0031274,nv,nv,0.077856936,0.015982645,auto_accept,baseline_badge
ISIC_0026852,nv,nv,0.23563501,0.08178972,auto_accept,baseline_badge
ISIC_0027349,nv,nv,0.14922051,0.013638156,auto_accept,baseline_badge
ISIC_0030773,nv,nv,0.5551876,0.22966954,auto_accept,baseline_badge
ISIC_0027168,nv,nv,0.050564162,0.0057986467,auto_accept,baseline_badge
ISIC_0032848,nv,nv,0.07009485,5.5460205e-05,auto_accept,baseline_badge
ISIC_0033781,nv,nv,0.18188824,0.00043210617,auto_accept,baseline_badge
ISIC_0028320,nv,nv,3.5572604e-05,2.6850992e-07,auto_accept,baseline_badge
ISIC_0033638,mel,nv,0.05901612,0.0127926925,auto_accept,baseline_badge
ISIC_0024467,nv,nv,0.0012294053,3.410717e-05,auto_accept,baseline_badge
ISIC_0026104,bkl,bkl,0.017079756,0.00041530884,auto_accept,baseline_badge
ISIC_0027590,mel,mel,0.003072659,0.99919385,auto_accept,baseline_badge
ISIC_0027539,nv,nv,8.227953e-07,2.1563986e-09,auto_accept,baseline_badge
ISIC_0029762,nv,nv,0.0031664716,1.6921947e-05,auto_accept,baseline_badge
ISIC_0025971,bcc,bcc,0.0065073823,0.99981743,auto_accept,baseline_badge
ISIC_0029998,nv,nv,0.035958454,0.0010031874,auto_accept,baseline_badge
ISIC_0029543,nv,nv,0.20057459,0.0068796417,auto_accept,baseline_badge
ISIC_0026426,nv,nv,0.004210136,5.120269e-05,auto_accept,baseline_badge
ISIC_0028572,nv,nv,0.26733702,1.7849977e-06,escalate,baseline_badge
ISIC_0031542,bkl,akiec,1.133804,0.80741686,auto_accept,baseline_badge
ISIC_0031838,nv,mel,0.6972913,0.5371138,escalate,baseline_badge
ISIC_0027877,nv,nv,0.00058026885,2.0840924e-05,auto_accept,baseline_badge
ISIC_0028848,nv,nv,0.00078291347,5.907208e-07,auto_accept,baseline_badge
ISIC_0028849,nv,nv,0.07551113,0.0049540307,auto_accept,baseline_badge
ISIC_0029416,nv,nv,0.00025051108,9.218651e-06,auto_accept,baseline_badge
ISIC_0031960,nv,nv,0.066733114,0.004398452,auto_accept,baseline_badge
ISIC_0030099,nv,nv,0.0015570687,3.812393e-05,auto_accept,baseline_badge
ISIC_0026042,bkl,bkl,0.18897146,0.007976188,auto_accept,baseline_badge
ISIC_0031924,nv,nv,0.050188687,0.0012683554,auto_accept,baseline_badge
ISIC_0033533,mel,mel,0.0028564474,0.9996737,auto_accept,baseline_badge
ISIC_0026259,nv,nv,0.00015626886,7.504232e-07,auto_accept,baseline_badge
ISIC_0027952,nv,nv,0.0050972444,0.00019724444,auto_accept,baseline_badge
ISIC_0025660,nv,nv,0.0062967762,0.00011204141,auto_accept,baseline_badge
ISIC_0030287,nv,nv,0.0023717794,1.9411813e-05,auto_accept,baseline_badge
ISIC_0025191,nv,nv,7.845478e-05,1.0789017e-06,auto_accept,baseline_badge
ISIC_0032158,nv,mel,0.58123577,0.6576799,auto_accept,baseline_badge
ISIC_0033292,nv,nv,0.734174,0.02161487,auto_accept,baseline_badge
ISIC_0027845,nv,nv,0.001073246,2.6521748e-06,auto_accept,baseline_badge
ISIC_0027559,bkl,bkl,0.01960981,0.005448466,auto_accept,baseline_badge
ISIC_0030004,nv,nv,0.00061689946,1.9058567e-06,auto_accept,baseline_badge
ISIC_0028307,nv,nv,0.40676934,0.09554889,auto_accept,baseline_badge
ISIC_0034009,nv,bkl,0.46168637,0.018162735,auto_accept,baseline_badge
ISIC_0026528,bcc,bcc,0.011209528,0.99560815,auto_accept,baseline_badge
ISIC_0025710,bkl,bkl,0.02250994,0.0069232066,auto_accept,baseline_badge
ISIC_0027380,nv,nv,0.005588615,7.58646e-05,auto_accept,baseline_badge
ISIC_0027489,nv,nv,0.012965916,0.00020233211,auto_accept,baseline_badge
ISIC_0026144,nv,nv,0.0029740254,0.00010979571,auto_accept,baseline_badge
ISIC_0028924,nv,nv,0.00015518976,1.2368583e-06,auto_accept,baseline_badge
ISIC_0030919,nv,nv,1.0330961,0.222752,auto_accept,baseline_badge
ISIC_0028042,nv,nv,0.0023429554,1.1565332e-05,auto_accept,baseline_badge
ISIC_0030834,nv,nv,0.0002468906,5.8030873e-06,auto_accept,baseline_badge
ISIC_0028741,nv,nv,0.0067935116,0.00052170584,auto_accept,baseline_badge
ISIC_0029637,nv,nv,0.00067749585,4.4425346e-05,auto_accept,baseline_badge
ISIC_0032034,nv,nv,0.99736154,0.09734695,escalate,baseline_badge
ISIC_0031908,mel,mel,0.43132225,0.83632314,escalate,baseline_badge
ISIC_0029996,nv,nv,0.014700847,0.00012987557,auto_accept,baseline_badge
ISIC_0028252,nv,nv,0.04351407,0.0021062342,auto_accept,baseline_badge
ISIC_0025449,nv,nv,0.002037173,4.257392e-05,auto_accept,baseline_badge
ISIC_0025816,nv,nv,0.09791487,0.012026021,auto_accept,baseline_badge
ISIC_0031014,nv,nv,0.25839993,0.01591618,auto_accept,baseline_badge
ISIC_0033551,bcc,bcc,0.01571184,0.98820937,auto_accept,baseline_badge
ISIC_0026812,nv,nv,0.0018411583,4.964268e-06,auto_accept,baseline_badge
ISIC_0033614,nv,nv,0.001713511,7.4554744e-05,auto_accept,baseline_badge
ISIC_0028783,nv,nv,0.0014448647,3.0573706e-06,auto_accept,baseline_badge
ISIC_0025255,nv,nv,0.673804,2.229687e-06,escalate,baseline_badge
ISIC_0026135,bkl,bkl,0.005267098,3.3943945e-06,auto_accept,baseline_badge
ISIC_0026250,nv,nv,0.001593137,7.062876e-05,auto_accept,baseline_badge
ISIC_0027055,nv,nv,0.00010157362,3.5384238e-07,auto_accept,baseline_badge
ISIC_0029350,nv,nv,0.0047489535,2.317197e-06,auto_accept,baseline_badge
ISIC_0024695,nv,nv,0.0052087456,0.0006731395,auto_accept,baseline_badge
ISIC_0032033,nv,nv,0.0109793,1.0350552e-05,auto_accept,baseline_badge
ISIC_0025257,nv,mel,1.1431558,0.5364132,escalate,baseline_badge
ISIC_0034232,nv,nv,0.09924247,0.0029103472,auto_accept,baseline_badge
ISIC_0026769,bkl,akiec,0.26156786,0.95539564,escalate,baseline_badge
ISIC_0032580,nv,nv,0.44916067,0.12171649,auto_accept,baseline_badge
ISIC_0030628,nv,nv,0.0041924263,5.793532e-05,auto_accept,baseline_badge
ISIC_0029817,nv,nv,8.3293155e-05,1.3639097e-07,auto_accept,baseline_badge
ISIC_0024442,nv,nv,3.7166365e-06,1.0143529e-09,auto_accept,baseline_badge
ISIC_0027881,nv,nv,0.004411812,2.4562234e-05,auto_accept,baseline_badge
ISIC_0028579,mel,nv,0.70232207,0.39232445,auto_accept,baseline_badge
ISIC_0027301,nv,nv,0.0009877476,2.7757711e-05,auto_accept,baseline_badge
ISIC_0026491,nv,mel,0.6533152,0.9985196,escalate,baseline_badge
ISIC_0025131,bkl,bkl,0.00063558784,6.565889e-07,auto_accept,baseline_badge
ISIC_0032767,nv,nv,0.24756768,0.021920819,auto_accept,baseline_badge
ISIC_0031377,mel,nv,0.34135795,0.08360849,auto_accept,baseline_badge
ISIC_0025132,mel,nv,0.8075216,0.32432723,auto_accept,baseline_badge
ISIC_0031795,mel,mel,0.1422612,0.9778512,auto_accept,baseline_badge
ISIC_0029250,nv,nv,0.002832708,9.853714e-05,auto_accept,baseline_badge
ISIC_0033032,nv,nv,0.083320126,3.660507e-05,auto_accept,baseline_badge
ISIC_0024503,nv,nv,0.07082151,0.002674926,auto_accept,baseline_badge
ISIC_0024433,nv,nv,0.004219553,2.948539e-05,auto_accept,baseline_badge
ISIC_0025569,nv,nv,0.0024681739,7.5121548e-06,auto_accept,baseline_badge
ISIC_0027395,nv,nv,0.001261408,2.1379972e-05,auto_accept,baseline_badge
ISIC_0025729,nv,nv,0.020308329,4.2408024e-07,auto_accept,baseline_badge
ISIC_0032948,nv,nv,0.09116783,0.025348116,auto_accept,baseline_badge
ISIC_0033355,nv,nv,0.30095306,0.07214278,auto_accept,baseline_badge
ISIC_0026023,nv,nv,0.11625429,0.009514511,auto_accept,baseline_badge
ISIC_0024983,nv,nv,0.0008201011,6.0934315e-05,auto_accept,baseline_badge
ISIC_0028195,nv,nv,0.38058674,0.07545782,auto_accept,baseline_badge
ISIC_0025552,nv,nv,0.3929628,1.9923793e-05,auto_accept,baseline_badge
ISIC_0025465,bkl,bkl,0.0046158424,0.0004594325,auto_accept,baseline_badge
ISIC_0030075,nv,nv,0.0011381101,3.8714494e-05,auto_accept,baseline_badge
ISIC_0026846,bkl,bkl,0.004681122,4.382734e-06,auto_accept,baseline_badge
ISIC_0026901,nv,nv,0.023531789,0.002745219,auto_accept,baseline_badge
ISIC_0030046,nv,nv,0.0031435192,6.121696e-05,auto_accept,baseline_badge
ISIC_0024560,nv,nv,0.1760668,0.031079909,auto_accept,baseline_badge
ISIC_0034205,mel,nv,0.023271842,0.0023321796,auto_accept,baseline_badge
ISIC_0033310,mel,mel,0.056537036,0.9962955,auto_accept,baseline_badge
ISIC_0032823,mel,nv,0.9655764,0.16354208,auto_accept,baseline_badge
ISIC_0032204,mel,mel,0.10333159,0.9721534,escalate,baseline_badge
ISIC_0024911,mel,nv,0.34125796,0.041072734,auto_accept,baseline_badge
ISIC_0032110,mel,mel,0.075341,0.9746634,auto_accept,baseline_badge
ISIC_0030845,nv,nv,0.16071121,0.03665429,auto_accept,baseline_badge
ISIC_0027765,nv,nv,9.487603e-05,7.1859824e-07,auto_accept,baseline_badge
ISIC_0027033,mel,bkl,0.20866027,0.14671257,auto_accept,baseline_badge
ISIC_0025046,bcc,bcc,0.025394868,0.9961759,auto_accept,baseline_badge
ISIC_0032293,nv,nv,4.311442e-05,1.4944288e-06,auto_accept,baseline_badge
ISIC_0025452,vasc,vasc,2.0418272e-05,5.708422e-09,auto_accept,baseline_badge
ISIC_0031690,nv,nv,0.0010110723,2.7153252e-05,auto_accept,baseline_badge
ISIC_0025326,bkl,akiec,0.083774045,0.9930212,auto_accept,baseline_badge
ISIC_0025570,nv,nv,0.0023067605,2.356526e-06,auto_accept,baseline_badge
ISIC_0024598,nv,nv,0.0010070683,4.973096e-06,auto_accept,baseline_badge
ISIC_0025247,akiec,akiec,0.24356462,0.98433465,auto_accept,baseline_badge
ISIC_0030705,bkl,bkl,0.009381301,0.0005827406,auto_accept,baseline_badge
ISIC_0029781,akiec,akiec,0.04499406,0.9993895,auto_accept,baseline_badge
ISIC_0033669,nv,nv,0.070549406,0.001581732,auto_accept,baseline_badge
ISIC_0031500,nv,nv,0.010243781,0.00044151783,auto_accept,baseline_badge
ISIC_0033759,nv,nv,0.022129918,0.0015097196,auto_accept,baseline_badge
ISIC_0024776,nv,nv,0.0047457935,0.00016218555,auto_accept,baseline_badge
ISIC_0028446,nv,nv,0.0007727392,2.038074e-06,auto_accept,baseline_badge
ISIC_0025573,mel,nv,0.7514431,0.14461526,auto_accept,baseline_badge
ISIC_0030265,nv,nv,0.01466057,6.839026e-06,auto_accept,baseline_badge
ISIC_0028435,nv,nv,0.012049942,3.0572737e-05,auto_accept,baseline_badge
ISIC_0033625,nv,nv,0.5894442,0.26509526,auto_accept,baseline_badge
ISIC_0024421,nv,nv,2.8033157e-05,1.3997897e-07,auto_accept,baseline_badge
ISIC_0026480,nv,nv,0.04333304,0.0009792424,auto_accept,baseline_badge
ISIC_0031818,nv,nv,0.0006774668,7.098167e-07,auto_accept,baseline_badge
ISIC_0028543,mel,nv,1.0870843,0.16973981,escalate,baseline_badge
ISIC_0032170,bkl,bkl,0.06176195,6.055391e-05,auto_accept,baseline_badge
ISIC_0026149,akiec,akiec,0.0005381076,0.99996996,auto_accept,baseline_badge
ISIC_0025071,nv,nv,0.0018329946,2.1298276e-06,auto_accept,baseline_badge
ISIC_0030213,nv,nv,0.0020138402,1.3269184e-05,auto_accept,baseline_badge
ISIC_0026305,nv,nv,0.00096582156,4.3651373e-05,auto_accept,baseline_badge
ISIC_0033311,nv,nv,1.1166866,0.17176768,escalate,baseline_badge
ISIC_0033159,nv,nv,0.0015234485,1.9406853e-05,auto_accept,baseline_badge
ISIC_0026891,nv,nv,0.12307273,0.00090787746,auto_accept,baseline_badge
ISIC_0027440,nv,nv,0.17350602,0.0005335685,auto_accept,baseline_badge
ISIC_0028428,nv,nv,0.015686726,0.0004561372,auto_accept,baseline_badge
ISIC_0024912,nv,nv,0.0007479067,6.373311e-07,auto_accept,baseline_badge
ISIC_0032520,nv,nv,0.59277505,0.011904203,escalate,baseline_badge
ISIC_0034229,nv,nv,0.6362059,0.003722087,escalate,baseline_badge
ISIC_0025556,nv,nv,0.00033056003,1.213655e-06,auto_accept,baseline_badge
ISIC_0029033,mel,nv,0.68488425,0.09925405,auto_accept,baseline_badge
ISIC_0030355,nv,nv,0.0034812754,0.00023688852,auto_accept,baseline_badge
ISIC_0028630,nv,nv,0.003426113,0.00016189183,auto_accept,baseline_badge
ISIC_0031537,bkl,akiec,0.22641575,0.9638848,auto_accept,baseline_badge
ISIC_0031524,nv,nv,0.02617496,0.0015588559,auto_accept,baseline_badge
ISIC_0024649,nv,nv,0.008527644,0.00020986327,auto_accept,baseline_badge
ISIC_0030713,nv,nv,0.0005951423,5.2035393e-06,auto_accept,baseline_badge
ISIC_0027859,bkl,akiec,0.0019500746,0.9999516,auto_accept,baseline_badge
ISIC_0031414,nv,nv,5.4224838e-05,4.0532566e-08,auto_accept,baseline_badge
ISIC_0027244,nv,bkl,0.016238125,0.0048248013,auto_accept,baseline_badge
ISIC_0031753,bkl,bkl,0.05750518,9.370434e-05,auto_accept,baseline_badge
ISIC_0031485,bkl,nv,0.033455227,0.0019804689,auto_accept,baseline_badge
ISIC_0026075,nv,nv,0.00087891554,2.4273847e-06,auto_accept,baseline_badge
ISIC_0034121,nv,nv,0.000503566,1.50794685e-05,auto_accept,baseline_badge
ISIC_0026121,nv,nv,0.00056107395,6.214229e-06,auto_accept,baseline_badge
ISIC_0030513,nv,nv,0.018904826,0.0013780772,auto_accept,baseline_badge
ISIC_0024719,nv,nv,0.008014965,0.00080038223,auto_accept,baseline_badge
ISIC_0031240,nv,nv,0.0010524174,9.303934e-06,auto_accept,baseline_badge
ISIC_0031106,nv,nv,0.06558587,0.0006721638,auto_accept,baseline_badge
ISIC_0025486,nv,nv,5.793701e-05,2.241955e-07,auto_accept,baseline_badge
ISIC_0025202,nv,nv,0.051062208,8.647811e-06,auto_accept,baseline_badge
ISIC_0030147,nv,nv,0.00091365684,1.240262e-07,auto_accept,baseline_badge
ISIC_0026217,nv,nv,0.028060496,0.0009966367,auto_accept,baseline_badge
ISIC_0028859,nv,nv,0.28559598,0.0061980602,auto_accept,baseline_badge
ISIC_0031055,nv,nv,0.025404358,0.0016047392,auto_accept,baseline_badge
ISIC_0029015,nv,nv,0.0018666668,1.7503893e-05,auto_accept,baseline_badge
ISIC_0031651,bcc,bcc,0.025722194,0.99987733,auto_accept,baseline_badge
ISIC_0025287,nv,nv,0.014167277,0.00029783577,auto_accept,baseline_badge
ISIC_0025161,nv,nv,0.0003857321,8.403232e-06,auto_accept,baseline_badge
ISIC_0030565,bkl,akiec,0.03733584,0.9987826,auto_accept,baseline_badge
ISIC_0024990,nv,nv,0.0017396136,7.077041e-05,auto_accept,baseline_badge
ISIC_0030110,mel,mel,0.6650863,0.7509502,escalate,baseline_badge
ISIC_0033997,nv,nv,0.3339993,0.089310065,escalate,baseline_badge
ISIC_0032517,mel,mel,0.061826218,0.9735603,auto_accept,baseline_badge
ISIC_0032021,nv,nv,0.0068177404,0.00024414968,auto_accept,baseline_badge
ISIC_0027536,akiec,akiec,0.0012819143,0.99980766,auto_accept,baseline_badge
ISIC_0028174,nv,bcc,1.077861,0.09880136,escalate,baseline_badge
ISIC_0032942,nv,nv,0.0027431757,0.00047462826,auto_accept,baseline_badge
ISIC_0030641,nv,nv,0.00025193635,1.2371614e-06,auto_accept,baseline_badge
ISIC_0027697,nv,nv,0.52235395,0.13136853,auto_accept,baseline_badge
ISIC_0025607,nv,nv,0.041341476,0.007168064,auto_accept,baseline_badge
ISIC_0029694,nv,nv,1.1336545e-05,1.8616922e-09,auto_accept,baseline_badge
ISIC_0030677,bkl,bkl,0.64003295,0.13398053,escalate,baseline_badge
ISIC_0033141,mel,mel,0.062623076,0.9858937,auto_accept,baseline_badge
ISIC_0030015,df,df,0.00013290429,5.23107e-05,auto_accept,baseline_badge
ISIC_0030985,nv,nv,0.0035202897,0.00014193157,auto_accept,baseline_badge
ISIC_0027219,bkl,bkl,0.01715413,0.0034169173,auto_accept,baseline_badge
ISIC_0027956,mel,nv,0.5219928,0.25383458,auto_accept,baseline_badge
ISIC_0026431,nv,nv,0.0124702845,0.0010260039,auto_accept,baseline_badge
ISIC_0025511,nv,nv,0.1419586,0.02479138,auto_accept,baseline_badge
ISIC_0031958,mel,bkl,0.9645044,0.38155735,escalate,baseline_badge
ISIC_0033761,bkl,bkl,0.11965242,0.001673891,auto_accept,baseline_badge
ISIC_0028914,nv,nv,0.15040742,4.1145763e-06,auto_accept,baseline_badge
ISIC_0024583,nv,nv,0.0032082563,0.0002134235,auto_accept,baseline_badge
ISIC_0029458,nv,nv,0.0047854264,7.4808835e-05,auto_accept,baseline_badge
ISIC_0030994,nv,nv,0.016820436,0.0018283259,auto_accept,baseline_badge
ISIC_0030789,bkl,bkl,0.017815256,0.00038586307,auto_accept,baseline_badge
ISIC_0034133,nv,nv,0.08149952,0.0073353336,auto_accept,baseline_badge
ISIC_0026659,nv,nv,0.042152204,1.8995052e-05,auto_accept,baseline_badge
ISIC_0027871,nv,nv,0.00083579984,2.2946233e-06,auto_accept,baseline_badge
ISIC_0030417,mel,akiec,0.7681293,0.94377995,escalate,baseline_badge
ISIC_0026292,nv,nv,0.0001594839,1.0778621e-06,auto_accept,baseline_badge
ISIC_0028409,nv,nv,0.002395281,6.3030525e-06,auto_accept,baseline_badge
ISIC_0030917,nv,nv,0.00062866823,6.9243874e-06,auto_accept,baseline_badge
ISIC_0033505,bkl,bkl,0.013012171,0.00023193132,auto_accept,baseline_badge
ISIC_0027865,bcc,bcc,0.20353122,0.9690661,auto_accept,baseline_badge
ISIC_0026479,nv,nv,0.010299023,0.0001920586,auto_accept,baseline_badge
ISIC_0031137,nv,nv,0.00068611983,1.4545452e-06,auto_accept,baseline_badge
ISIC_0029640,nv,nv,0.05564661,0.003002053,auto_accept,baseline_badge
ISIC_0028712,nv,nv,0.0121346135,6.5371125e-05,auto_accept,baseline_badge
ISIC_0029804,nv,nv,8.925363e-05,1.5071886e-06,auto_accept,baseline_badge
ISIC_0025639,nv,nv,0.13253179,0.010774194,auto_accept,baseline_badge
ISIC_0032169,nv,nv,0.015743965,0.0001115671,auto_accept,baseline_badge
ISIC_0033400,bkl,bkl,0.059703812,0.003585651,auto_accept,baseline_badge
ISIC_0025560,nv,nv,0.004875751,0.00018759251,auto_accept,baseline_badge
ISIC_0029836,bkl,bkl,0.15214568,0.0008262777,auto_accept,baseline_badge
ISIC_0028137,nv,nv,0.0006396339,1.5865886e-06,auto_accept,baseline_badge
ISIC_0032472,nv,nv,0.011417058,0.001012985,auto_accept,baseline_badge
ISIC_0028006,nv,nv,0.01106205,0.00019411856,auto_accept,baseline_badge
ISIC_0027520,nv,nv,0.0031365098,4.1038857e-05,auto_accept,baseline_badge
ISIC_0029990,nv,nv,0.00029781996,2.5991217e-06,auto_accept,baseline_badge
ISIC_0033736,bkl,mel,0.23723434,0.95617515,auto_accept,baseline_badge
ISIC_0027318,nv,nv,0.00031411223,2.202929e-06,auto_accept,baseline_badge
ISIC_0030156,nv,nv,0.24544713,0.031456973,auto_accept,baseline_badge
ISIC_0026169,nv,nv,0.002569716,0.0001629737,auto_accept,baseline_badge
ISIC_0030929,mel,bkl,0.27093962,0.112221435,auto_accept,baseline_badge
ISIC_0032574,nv,bcc,0.87174785,0.9161765,escalate,baseline_badge
ISIC_0031715,nv,nv,0.00032761297,9.8899545e-06,auto_accept,baseline_badge
ISIC_0032792,nv,mel,0.17110017,0.9386157,auto_accept,baseline_badge
ISIC_0026808,nv,nv,0.0016477108,9.689451e-05,auto_accept,baseline_badge
ISIC_0032291,nv,nv,0.004055179,7.743259e-05,auto_accept,baseline_badge
ISIC_0028610,nv,nv,0.006262646,0.00021243641,auto_accept,baseline_badge
ISIC_0032372,mel,bkl,0.043431018,0.031344704,auto_accept,baseline_badge
ISIC_0024960,nv,nv,0.020586448,0.000632698,auto_accept,baseline_badge
ISIC_0029828,nv,nv,0.07237065,0.015876906,auto_accept,baseline_badge
ISIC_0029482,nv,nv,2.4947594e-05,4.3076305e-08,auto_accept,baseline_badge
ISIC_0026866,nv,nv,0.02693704,0.0035536387,auto_accept,baseline_badge
ISIC_0028098,nv,nv,0.69247395,2.2850038e-05,escalate,baseline_badge
ISIC_0032237,nv,nv,0.00019402847,2.8243046e-06,auto_accept,baseline_badge
ISIC_0030419,nv,nv,3.047485e-05,3.697624e-07,auto_accept,baseline_badge
ISIC_0028791,nv,nv,0.27105954,0.09339023,auto_accept,baseline_badge
ISIC_0030231,bkl,akiec,0.073789194,0.9993801,auto_accept,baseline_badge
ISIC_0027828,bkl,nv,0.6251677,0.024521546,auto_accept,baseline_badge
ISIC_0031953,mel,nv,0.067425825,0.017681753,auto_accept,baseline_badge
ISIC_0030310,bkl,bkl,0.2501704,0.3326371,auto_accept,baseline_badge
ISIC_0033222,nv,nv,0.51358724,0.13441394,auto_accept,baseline_badge
ISIC_0031723,nv,nv,0.00044963858,4.2625907e-06,auto_accept,baseline_badge
ISIC_0033578,mel,mel,0.4965434,0.9076059,auto_accept,baseline_badge
ISIC_0025863,nv,nv,0.3330325,0.10905531,auto_accept,baseline_badge
ISIC_0028866,nv,nv,0.058589675,0.009747751,auto_accept,baseline_badge
ISIC_0030667,nv,nv,0.0009099844,3.3135063e-06,auto_accept,baseline_badge
ISIC_0031696,nv,nv,0.004841545,0.00029633203,auto_accept,baseline_badge
ISIC_0031837,nv,nv,0.029536856,0.0023995417,auto_accept,baseline_badge
ISIC_0034083,nv,nv,0.0016099282,8.489487e-05,auto_accept,baseline_badge
ISIC_0027606,bkl,bkl,0.0019749464,0.00010200003,auto_accept,baseline_badge
ISIC_0027897,nv,nv,0.0010435332,1.0229196e-06,auto_accept,baseline_badge
ISIC_0025962,nv,nv,0.024472423,0.0004142849,auto_accept,baseline_badge
ISIC_0027942,nv,nv,0.1307667,0.00011892476,auto_accept,baseline_badge
ISIC_0024993,nv,nv,0.00015465416,6.416599e-08,auto_accept,baseline_badge
ISIC_0025749,nv,nv,0.0014178196,2.3105274e-07,auto_accept,baseline_badge
ISIC_0031314,nv,nv,0.796104,0.04368721,escalate,baseline_badge
ISIC_0033717,mel,nv,0.17475729,0.04384277,auto_accept,baseline_badge
ISIC_0029927,bkl,bkl,0.7359526,0.2370502,escalate,baseline_badge
ISIC_0027926,nv,nv,0.00031320675,8.802797e-08,auto_accept,baseline_badge
ISIC_0031283,nv,nv,0.0005769641,3.1237578e-05,auto_accept,baseline_badge
ISIC_0024314,nv,nv,0.18600492,0.0060291453,escalate,baseline_badge
ISIC_0026664,mel,mel,0.08808012,0.9741415,auto_accept,baseline_badge
ISIC_0024705,bkl,bkl,0.0068120495,8.067085e-05,auto_accept,baseline_badge
ISIC_0026699,nv,nv,0.007298207,0.00023760469,auto_accept,baseline_badge
ISIC_0034181,nv,nv,0.0027848515,0.0002942291,auto_accept,baseline_badge
ISIC_0026685,nv,nv,0.003413671,2.2742447e-06,auto_accept,baseline_badge
ISIC_0026039,nv,nv,0.00017530975,2.5558944e-07,auto_accept,baseline_badge
ISIC_0026278,nv,nv,0.0053200093,1.1728585e-05,auto_accept,baseline_badge
ISIC_0031782,nv,nv,0.0037498581,1.4451965e-05,auto_accept,baseline_badge
ISIC_0028200,bkl,bkl,0.28209168,0.049580812,escalate,baseline_badge
ISIC_0026256,nv,nv,3.7141017e-05,2.8165238e-07,auto_accept,baseline_badge
ISIC_0032993,mel,mel,0.0025312537,0.99959093,auto_accept,baseline_badge
ISIC_0028234,nv,nv,0.00014685286,6.559712e-07,auto_accept,baseline_badge
ISIC_0026617,nv,nv,0.16689834,7.861574e-05,auto_accept,baseline_badge
ISIC_0028770,nv,nv,0.0002829603,5.1725965e-06,auto_accept,baseline_badge
ISIC_0029627,bkl,bkl,0.2516617,0.02697394,auto_accept,baseline_badge
ISIC_0025773,nv,nv,0.0062486636,0.00040586753,auto_accept,baseline_badge
ISIC_0025804,bkl,nv,0.0013653395,6.2424505e-07,auto_accept,baseline_badge
ISIC_0025414,mel,mel,0.014884369,0.99840647,auto_accept,baseline_badge
ISIC_0028845,nv,nv,0.2037483,0.039002854,auto_accept,baseline_badge
ISIC_0029012,bkl,bkl,0.49350515,0.0001794188,auto_accept,baseline_badge
ISIC_0027521,nv,nv,0.0016815752,8.043805e-06,auto_accept,baseline_badge
ISIC_0032193,nv,mel,0.17407647,0.9537359,auto_accept,baseline_badge
ISIC_0030121,nv,nv,0.22035776,0.08369147,auto_accept,baseline_badge
ISIC_0024769,nv,nv,3.5701053e-06,9.868179e-09,auto_accept,baseline_badge
ISIC_0026074,bcc,bcc,0.0041421265,0.9996729,auto_accept,baseline_badge
ISIC_0033899,bkl,bkl,0.029870601,0.0010135159,auto_accept,baseline_badge
ISIC_0030517,nv,nv,0.00025027548,4.85941e-06,auto_accept,baseline_badge
ISIC_0024933,nv,nv,0.055203754,0.004535718,auto_accept,baseline_badge
ISIC_0026536,nv,nv,0.007978579,4.482597e-05,auto_accept,baseline_badge
ISIC_0024650,nv,nv,0.006978379,8.650897e-05,auto_accept,baseline_badge
ISIC_0030514,bcc,akiec,0.051257417,0.94957864,auto_accept,baseline_badge
ISIC_0033126,nv,nv,0.0021320754,9.0348774e-05,auto_accept,baseline_badge
ISIC_0026486,nv,nv,0.0004448595,8.710163e-06,auto_accept,baseline_badge
ISIC_0034234,nv,nv,0.009105853,0.0018460135,auto_accept,baseline_badge
ISIC_0024361,nv,mel,0.61535734,0.74948853,escalate,baseline_badge
ISIC_0029994,nv,bkl,0.844445,0.034237944,escalate,baseline_badge
ISIC_0030518,nv,nv,0.002554443,1.1913859e-05,auto_accept,baseline_badge
ISIC_0030501,mel,mel,0.109496385,0.97728443,auto_accept,baseline_badge
ISIC_0026372,nv,nv,0.0003215037,7.149828e-07,auto_accept,baseline_badge
ISIC_0031155,nv,nv,0.0052757515,7.1282804e-05,auto_accept,baseline_badge
ISIC_0025841,nv,nv,0.0067280107,0.00014173886,auto_accept,baseline_badge
ISIC_0028975,nv,nv,0.0019744541,3.5810663e-06,auto_accept,baseline_badge
ISIC_0030424,nv,nv,0.0043637627,0.00016313257,auto_accept,baseline_badge
ISIC_0029843,mel,mel,0.66544354,0.5640582,auto_accept,baseline_badge
ISIC_0026867,bkl,bkl,0.08074094,9.75503e-06,auto_accept,baseline_badge
ISIC_0028788,nv,nv,0.00012239574,3.3624653e-06,auto_accept,baseline_badge
ISIC_0033027,mel,bcc,0.021026859,0.98346806,auto_accept,baseline_badge
ISIC_0028840,bkl,bkl,0.15757185,0.0026448397,auto_accept,baseline_badge
ISIC_0031371,nv,nv,0.046575945,0.0036498238,auto_accept,baseline_badge
ISIC_0030192,mel,nv,0.30367032,0.18648116,auto_accept,baseline_badge
ISIC_0025740,nv,nv,0.00087441324,3.4202083e-05,auto_accept,baseline_badge
ISIC_0030690,bcc,bcc,0.0030004277,0.99979895,auto_accept,baseline_badge
ISIC_0031211,akiec,akiec,0.00070077175,0.99949944,auto_accept,baseline_badge
ISIC_0029288,bkl,bkl,0.009241278,0.0006146451,auto_accept,baseline_badge
ISIC_0032624,mel,mel,0.18371804,0.9334346,auto_accept,baseline_badge
ISIC_0029592,nv,nv,0.0036641986,7.72203e-05,auto_accept,baseline_badge
ISIC_0031079,nv,nv,0.00021521261,2.7032647e-07,auto_accept,baseline_badge
ISIC_0027544,bcc,bcc,0.010515272,0.9979664,auto_accept,baseline_badge
ISIC_0027009,nv,nv,0.0047077774,0.000118136755,auto_accept,baseline_badge
ISIC_0030373,nv,nv,0.037648357,0.0004348091,auto_accept,baseline_badge
ISIC_0028721,nv,nv,0.26331002,0.00031425516,auto_accept,baseline_badge
ISIC_0026358,nv,nv,0.02175586,0.0007351489,auto_accept,baseline_badge
ISIC_0025054,nv,nv,0.05024674,0.024012897,auto_accept,baseline_badge
ISIC_0027661,nv,nv,0.015964448,2.5426267e-05,auto_accept,baseline_badge
ISIC_0025282,nv,nv,0.0038203148,1.4550973e-06,auto_accept,baseline_badge
ISIC_0033863,mel,mel,0.46002614,0.775504,auto_accept,baseline_badge
ISIC_0031896,nv,nv,0.023485454,0.0037618773,auto_accept,baseline_badge
ISIC_0025548,bkl,bkl,1.0450983,0.53513265,auto_accept,baseline_badge
ISIC_0030127,nv,nv,0.0024510198,8.818839e-05,auto_accept,baseline_badge
ISIC_0029693,nv,nv,0.074219726,0.01495248,auto_accept,baseline_badge
ISIC_0032211,nv,nv,0.011882565,3.239955e-05,auto_accept,baseline_badge
ISIC_0034170,mel,mel,0.79726976,0.8625871,auto_accept,baseline_badge
ISIC_0029210,akiec,akiec,0.06613948,0.9970066,auto_accept,baseline_badge
ISIC_0025706,nv,nv,0.0005486851,5.73174e-06,auto_accept,baseline_badge
ISIC_0026086,mel,mel,0.38364932,0.95375574,auto_accept,baseline_badge
ISIC_0030523,nv,nv,0.002197843,0.00012934695,auto_accept,baseline_badge
ISIC_0024724,nv,nv,0.000851779,3.8910253e-05,auto_accept,baseline_badge
ISIC_0025723,nv,nv,0.031064581,0.0012742528,auto_accept,baseline_badge
ISIC_0033446,bkl,bkl,0.20428456,0.0003555049,escalate,baseline_badge
ISIC_0024754,nv,nv,0.057919294,0.0015698151,auto_accept,baseline_badge
ISIC_0034301,nv,nv,0.0027800445,0.0002906088,auto_accept,baseline_badge
ISIC_0028406,vasc,vasc,0.006402226,1.354517e-05,auto_accept,baseline_badge
ISIC_0027028,nv,nv,0.00069954974,1.0799057e-05,auto_accept,baseline_badge
ISIC_0030210,nv,nv,0.018940352,6.1197825e-05,auto_accept,baseline_badge
ISIC_0033266,nv,nv,0.50391763,0.08089566,auto_accept,baseline_badge
ISIC_0030357,nv,nv,0.0035773497,0.00022600839,auto_accept,baseline_badge
ISIC_0032992,nv,nv,0.38151145,0.095957235,auto_accept,baseline_badge
ISIC_0030997,nv,nv,0.0023076648,0.00011021277,auto_accept,baseline_badge
ISIC_0029316,mel,nv,0.38814935,0.035297643,auto_accept,baseline_badge
ISIC_0031251,nv,nv,0.00019321144,4.0574338e-07,auto_accept,baseline_badge
ISIC_0033565,vasc,vasc,0.0025720452,2.5733576e-07,auto_accept,baseline_badge
ISIC_0030112,nv,nv,4.231038e-05,4.5024052e-08,auto_accept,baseline_badge
ISIC_0025395,nv,nv,0.0018755593,2.4521532e-05,auto_accept,baseline_badge
ISIC_0033488,bkl,bkl,0.20540139,0.00027324088,auto_accept,baseline_badge
ISIC_0025822,nv,nv,0.0045687775,0.0006687386,auto_accept,baseline_badge
ISIC_0027096,nv,nv,0.0003435266,3.8481417e-06,auto_accept,baseline_badge
ISIC_0026238,nv,nv,0.0066564665,4.80848e-07,auto_accept,baseline_badge
ISIC_0024524,nv,mel,0.5430036,0.8180605,auto_accept,baseline_badge
ISIC_0027081,nv,nv,0.0037961232,7.4048134e-05,auto_accept,baseline_badge
ISIC_0026181,nv,nv,0.0016900856,2.6270842e-05,auto_accept,baseline_badge
ISIC_0026293,nv,nv,0.19024499,0.015359572,auto_accept,baseline_badge
ISIC_0028867,nv,nv,0.0023647482,2.389868e-05,auto_accept,baseline_badge
ISIC_0031084,nv,nv,0.000111602174,1.6543363e-06,auto_accept,baseline_badge
ISIC_0028980,bcc,bcc,0.008578385,0.9997427,auto_accept,baseline_badge
ISIC_0033054,bcc,bcc,0.01239256,0.9986411,auto_accept,baseline_badge
ISIC_0026788,nv,nv,0.013455151,0.0011623054,auto_accept,baseline_badge
ISIC_0030062,nv,nv,1.17616855e-05,1.7385355e-08,auto_accept,baseline_badge
ISIC_0026258,mel,nv,0.27983367,0.00018476078,auto_accept,baseline_badge
ISIC_0030671,nv,nv,8.413137e-06,6.1482592e-09,auto_accept,baseline_badge
ISIC_0034225,nv,nv,0.02094419,0.0027324036,auto_accept,baseline_badge
ISIC_0032089,nv,nv,0.48078376,3.3802564e-05,escalate,baseline_badge
ISIC_0030884,nv,nv,0.00028794858,1.1999195e-08,auto_accept,baseline_badge
ISIC_0029711,nv,nv,0.0013975281,5.290115e-05,auto_accept,baseline_badge
ISIC_0031699,nv,nv,0.00043777787,1.93233e-06,auto_accept,baseline_badge
ISIC_0032797,mel,mel,0.7194384,0.42871886,auto_accept,baseline_badge
ISIC_0028361,mel,mel,0.005033726,0.99891484,auto_accept,baseline_badge
ISIC_0029400,nv,nv,0.00067171676,2.820953e-05,auto_accept,baseline_badge
ISIC_0029234,nv,nv,2.0600097e-05,7.0253505e-09,auto_accept,baseline_badge
ISIC_0028498,nv,bkl,1.0594548,0.37587747,auto_accept,baseline_badge
ISIC_0031647,nv,nv,0.00044641495,5.453295e-07,auto_accept,baseline_badge
ISIC_0024748,bkl,nv,0.04061286,0.0001578695,auto_accept,baseline_badge
ISIC_0028794,nv,nv,1.8124154e-05,9.9972176e-08,auto_accept,baseline_badge
ISIC_0028223,bkl,akiec,0.63716686,0.9996414,escalate,baseline_badge
ISIC_0032134,mel,mel,0.024557635,0.9937098,auto_accept,baseline_badge
ISIC_0024387,nv,nv,0.42132175,0.11991675,auto_accept,baseline_badge
ISIC_0028949,nv,nv,2.7038795e-05,6.4764977e-10,auto_accept,baseline_badge
ISIC_0030420,nv,nv,0.08973897,0.000272994,auto_accept,baseline_badge
ISIC_0026754,mel,mel,0.12364012,0.97987765,auto_accept,baseline_badge
ISIC_0030540,nv,nv,0.21474686,3.4608136e-05,auto_accept,baseline_badge
ISIC_0029356,nv,nv,0.0004407367,4.5333664e-07,auto_accept,baseline_badge
ISIC_0028393,akiec,akiec,0.008976755,0.9981822,auto_accept,baseline_badge
ISIC_0025915,bkl,bkl,0.1611707,0.033648092,auto_accept,baseline_badge
ISIC_0027374,bkl,bkl,0.0070839957,0.00018493771,auto_accept,baseline_badge
ISIC_0026438,mel,nv,0.006811946,0.0006351362,auto_accept,baseline_badge
ISIC_0028863,nv,nv,0.026848791,0.0024088717,auto_accept,baseline_badge
ISIC_0028083,nv,nv,0.006252471,0.00013426732,auto_accept,baseline_badge
ISIC_0025182,akiec,df,0.12142775,0.039217267,auto_accept,baseline_badge
ISIC_0034037,bkl,bkl,0.015111671,0.0014704661,auto_accept,baseline_badge
ISIC_0027007,nv,nv,0.31443718,0.026722897,auto_accept,baseline_badge
ISIC_0031888,bkl,bkl,0.082323655,0.016561888,auto_accept,baseline_badge
ISIC_0027057,bcc,bcc,0.024693636,0.9986488,auto_accept,baseline_badge
ISIC_0027019,nv,nv,0.00016981321,1.5762576e-07,auto_accept,baseline_badge
ISIC_0030474,nv,nv,0.004694927,6.862223e-05,auto_accept,baseline_badge
ISIC_0029525,bkl,bkl,0.92375815,0.6547571,escalate,baseline_badge
ISIC_0027762,nv,nv,0.007900108,0.00013658458,auto_accept,baseline_badge
ISIC_0026385,nv,bkl,0.2647136,3.730961e-05,auto_accept,baseline_badge
ISIC_0033174,mel,nv,0.20574391,0.010907321,auto_accept,baseline_badge
ISIC_0026161,nv,nv,0.00056035764,2.33656e-06,auto_accept,baseline_badge
ISIC_0026203,akiec,nv,0.10233988,0.00043797062,auto_accept,baseline_badge
ISIC_0029896,nv,nv,0.014415729,0.00010375593,auto_accept,baseline_badge
ISIC_0030242,akiec,akiec,0.03565481,0.9993581,auto_accept,baseline_badge
ISIC_0031464,bkl,bkl,0.99893385,0.20789923,auto_accept,baseline_badge
ISIC_0032583,mel,nv,0.3652298,0.080345415,auto_accept,baseline_badge
ISIC_0030368,nv,nv,0.0001610271,2.6815985e-07,auto_accept,baseline_badge
ISIC_0033344,mel,mel,0.0836474,0.9747625,auto_accept,baseline_badge
ISIC_0026322,nv,nv,0.08579154,0.012373833,auto_accept,baseline_badge
ISIC_0028492,nv,nv,0.0052148425,3.677845e-05,auto_accept,baseline_badge
ISIC_0027344,bkl,bkl,0.3801048,0.011101406,escalate,baseline_badge
ISIC_0024887,nv,nv,0.011661732,0.0016554917,auto_accept,baseline_badge
ISIC_0027981,nv,nv,0.007880624,8.391734e-05,auto_accept,baseline_badge
ISIC_0028947,nv,nv,0.062109254,0.00020911744,auto_accept,baseline_badge
ISIC_0025874,bkl,mel,0.3761008,0.9739603,auto_accept,baseline_badge
ISIC_0027910,nv,nv,0.007604975,0.00071789365,auto_accept,baseline_badge
ISIC_0030788,nv,nv,0.0012189653,9.7171265e-05,auto_accept,baseline_badge
ISIC_0032386,nv,nv,0.00018137446,4.3029783e-07,auto_accept,baseline_badge
ISIC_0030182,nv,nv,0.60875493,0.0009389732,escalate,baseline_badge
ISIC_0027739,bkl,bkl,0.58544165,0.026340082,escalate,baseline_badge
ISIC_0025445,nv,nv,4.6926034e-05,6.469769e-07,auto_accept,baseline_badge
ISIC_0028919,nv,nv,0.0099378545,2.2356604e-05,auto_accept,baseline_badge
ISIC_0025631,nv,nv,0.032759566,0.0017573518,auto_accept,baseline_badge
ISIC_0026302,nv,nv,0.001715424,1.4065422e-06,auto_accept,baseline_badge
ISIC_0029355,nv,nv,0.0066876234,0.00021449286,auto_accept,baseline_badge
ISIC_0029791,bkl,bkl,0.009803605,0.0002980886,auto_accept,baseline_badge
ISIC_0031194,nv,nv,0.09609305,0.0012674774,auto_accept,baseline_badge
ISIC_0032959,bcc,nv,0.8935174,0.3041116,auto_accept,baseline_badge
ISIC_0031874,akiec,akiec,8.462714e-05,0.9999958,auto_accept,baseline_badge
ISIC_0028555,bkl,bkl,0.008193952,0.01966938,auto_accept,baseline_badge
ISIC_0025294,nv,nv,0.00012297934,5.1209518e-06,auto_accept,baseline_badge
ISIC_0032335,bkl,bkl,0.0046887062,0.0007312604,auto_accept,baseline_badge
ISIC_0024388,nv,nv,0.10193377,1.4527121e-05,auto_accept,baseline_badge
ISIC_0025227,nv,nv,0.023260543,0.002042646,auto_accept,baseline_badge
ISIC_0029646,nv,nv,0.031338364,0.0040302225,auto_accept,baseline_badge
ISIC_0034042,nv,nv,0.033152092,0.002314843,auto_accept,baseline_badge
ISIC_0025929,nv,nv,0.0022456704,0.00012581564,auto_accept,baseline_badge
ISIC_0030102,nv,nv,0.0015319452,1.0160352e-05,auto_accept,baseline_badge
ISIC_0026252,nv,nv,0.030056283,0.0014203119,auto_accept,baseline_badge
ISIC_0033293,nv,nv,0.034459706,0.004590102,auto_accept,baseline_badge
ISIC_0025093,nv,nv,0.0021432093,4.9894777e-05,auto_accept,baseline_badge
ISIC_0026192,bcc,bcc,0.0024282844,0.9994697,auto_accept,baseline_badge
ISIC_0027700,akiec,nv,1.3570344,0.16298856,auto_accept,baseline_badge
ISIC_0032097,nv,nv,0.00257455,6.727105e-05,auto_accept,baseline_badge
ISIC_0026268,mel,bkl,0.83241194,0.020334914,escalate,baseline_badge
ISIC_0025116,nv,nv,0.029726487,0.0016942347,auto_accept,baseline_badge
ISIC_0028135,nv,nv,0.1816749,0.026234012,auto_accept,baseline_badge
ISIC_0027211,nv,nv,0.018457461,0.0011340783,auto_accept,baseline_badge
ISIC_0028031,nv,nv,0.03369668,0.0004626834,auto_accept,baseline_badge
ISIC_0032004,nv,nv,4.11733e-05,7.1329237e-07,auto_accept,baseline_badge
ISIC_0033615,nv,nv,0.6984183,0.17790686,escalate,baseline_badge
ISIC_0027502,mel,nv,0.7001318,0.24290532,escalate,baseline_badge
ISIC_0025032,bkl,bkl,0.40674815,0.2400408,auto_accept,baseline_badge
ISIC_0033849,nv,nv,0.027825398,0.00015247028,auto_accept,baseline_badge
ISIC_0033756,nv,nv,0.7079839,0.482626,escalate,baseline_badge
ISIC_0026487,nv,nv,0.0247186,0.0007634996,auto_accept,baseline_badge
ISIC_0025106,nv,nv,0.5441,0.11637217,auto_accept,baseline_badge
ISIC_0025581,nv,nv,0.019782161,6.5789396e-07,escalate,baseline_badge
ISIC_0026482,nv,nv,0.002196273,0.00014442722,auto_accept,baseline_badge
ISIC_0025756,nv,nv,0.13701382,0.024740376,auto_accept,baseline_badge
ISIC_0025080,nv,nv,0.17567757,0.00012846368,auto_accept,baseline_badge
ISIC_0028471,nv,nv,0.042674117,2.1078574e-08,escalate,baseline_badge
ISIC_0030399,nv,nv,0.20891525,0.041762218,auto_accept,baseline_badge
ISIC_0030624,nv,nv,0.0007437694,3.6333728e-05,auto_accept,baseline_badge
ISIC_0030643,nv,nv,0.000111486974,1.9815543e-08,auto_accept,baseline_badge
ISIC_0024307,nv,nv,0.031751808,0.0009231521,auto_accept,baseline_badge
ISIC_0032571,nv,nv,0.05046359,0.0013531721,auto_accept,baseline_badge
ISIC_0027255,nv,nv,0.23533267,0.010151583,auto_accept,baseline_badge
ISIC_0029334,nv,nv,0.00038471035,2.6119906e-06,auto_accept,baseline_badge
ISIC_0029579,nv,nv,7.460816e-05,3.5066947e-07,auto_accept,baseline_badge
ISIC_0030567,nv,nv,0.0019305802,8.932674e-06,auto_accept,baseline_badge
ISIC_0027974,nv,bkl,0.61736095,1.0216542e-06,escalate,baseline_badge
ISIC_0027887,nv,nv,0.002289245,3.3828914e-05,auto_accept,baseline_badge
ISIC_0030581,nv,nv,0.00018549607,3.5540656e-06,auto_accept,baseline_badge
ISIC_0025736,nv,nv,0.00012694477,1.3576481e-07,auto_accept,baseline_badge
ISIC_0033720,bcc,bcc,0.021748606,0.997265,auto_accept,baseline_badge
ISIC_0027853,nv,nv,0.019033229,0.000857588,auto_accept,baseline_badge
ISIC_0024860,nv,nv,0.017479904,0.0028251575,auto_accept,baseline_badge
ISIC_0031826,nv,nv,7.303928e-05,2.9655446e-06,auto_accept,baseline_badge
ISIC_0025146,nv,nv,0.0015432998,6.220679e-05,auto_accept,baseline_badge
ISIC_0027446,nv,nv,0.009636502,0.0012963538,auto_accept,baseline_badge
ISIC_0025343,nv,nv,0.0031694523,4.5617195e-05,auto_accept,baseline_badge
ISIC_0033981,mel,mel,0.019816734,0.9964617,auto_accept,baseline_badge
ISIC_0025698,nv,nv,0.0041346927,0.0003830509,auto_accept,baseline_badge
ISIC_0030852,nv,nv,0.0026547457,1.4581392e-05,auto_accept,baseline_badge
ISIC_0024591,nv,nv,0.0009936037,1.7877008e-05,auto_accept,baseline_badge
ISIC_0026450,nv,nv,1.6532327e-05,2.3448926e-07,auto_accept,baseline_badge
ISIC_0028356,nv,nv,0.004817193,3.7836464e-05,auto_accept,baseline_badge
ISIC_0032106,nv,nv,0.0015028687,1.7919185e-05,auto_accept,baseline_badge
ISIC_0029319,mel,mel,0.31482494,0.85175836,auto_accept,baseline_badge
ISIC_0029461,nv,nv,0.021503067,0.0014176639,auto_accept,baseline_badge
ISIC_0025538,nv,nv,0.0018671167,0.00016535784,auto_accept,baseline_badge
ISIC_0029852,nv,nv,0.016036054,0.0030978543,auto_accept,baseline_badge
ISIC_0029459,nv,nv,0.68630874,0.005317893,auto_accept,baseline_badge
ISIC_0032676,nv,nv,0.032249648,0.0016042114,auto_accept,baseline_badge
ISIC_0028048,nv,nv,0.09457969,3.0264378e-06,auto_accept,baseline_badge
ISIC_0025908,nv,nv,0.028864965,0.0066820052,auto_accept,baseline_badge
ISIC_0030498,nv,nv,0.0036416866,6.9946395e-06,auto_accept,baseline_badge
ISIC_0030327,nv,nv,0.0029016447,3.5914454e-05,auto_accept,baseline_badge
ISIC_0026041,nv,nv,0.0014558958,4.293741e-05,auto_accept,baseline_badge
ISIC_0027165,nv,nv,0.0009319103,1.1433537e-05,auto_accept,baseline_badge
ISIC_0028416,nv,nv,0.00051910145,1.6023678e-06,auto_accept,baseline_badge
ISIC_0026695,nv,nv,0.011257316,0.0013070498,auto_accept,baseline_badge
ISIC_0024765,nv,nv,0.004919685,5.427923e-07,auto_accept,baseline_badge
ISIC_0027194,bkl,bkl,0.026012866,0.0066228164,auto_accept,baseline_badge
ISIC_0034222,mel,mel,0.47293535,0.75316006,auto_accept,baseline_badge
ISIC_0033875,nv,nv,0.08397325,0.010624826,auto_accept,baseline_badge
ISIC_0024844,nv,nv,0.003805994,1.5579453e-05,auto_accept,baseline_badge
ISIC_0026026,nv,nv,0.0002827881,1.1809988e-06,auto_accept,baseline_badge
ISIC_0029465,nv,nv,0.6344254,0.30582008,escalate,baseline_badge
ISIC_0031502,nv,nv,0.087515466,0.00013816565,auto_accept,baseline_badge
ISIC_0031387,nv,nv,0.025524449,0.0024355103,auto_accept,baseline_badge
ISIC_0031202,nv,nv,0.041910116,0.004530141,auto_accept,baseline_badge
ISIC_0025892,nv,nv,0.5077684,0.18463008,auto_accept,baseline_badge
ISIC_0029842,nv,nv,0.00418514,8.6743064e-05,auto_accept,baseline_badge
ISIC_0024815,nv,nv,0.0012003098,2.6696243e-05,auto_accept,baseline_badge
ISIC_0028723,nv,nv,0.0011576468,9.385476e-05,auto_accept,baseline_badge
ISIC_0029749,nv,nv,0.8737665,0.058755565,escalate,baseline_badge
ISIC_0030751,nv,nv,0.00043135858,1.0809771e-06,auto_accept,baseline_badge
ISIC_0026188,mel,mel,0.1111872,0.98285335,auto_accept,baseline_badge
ISIC_0026145,nv,nv,0.04193772,0.004199188,auto_accept,baseline_badge
ISIC_0032836,mel,nv,0.62373096,0.11620946,auto_accept,baseline_badge
ISIC_0028397,nv,nv,0.0093924645,3.7564764e-06,auto_accept,baseline_badge
ISIC_0025144,bcc,bcc,0.002494247,0.9997559,auto_accept,baseline_badge
ISIC_0025192,nv,nv,0.004245314,5.4112028e-05,auto_accept,baseline_badge
ISIC_0026307,nv,nv,4.8668597e-05,9.524703e-08,auto_accept,baseline_badge
ISIC_0027465,nv,nv,0.20642257,6.39533e-06,auto_accept,baseline_badge
ISIC_0024393,nv,nv,0.0036441954,6.3139654e-05,auto_accept,baseline_badge
ISIC_0026375,nv,nv,0.00044670023,3.9203956e-06,auto_accept,baseline_badge
ISIC_0034251,nv,nv,0.052791145,0.00018863227,auto_accept,baseline_badge
ISIC_0034249,nv,nv,0.25591433,0.03476658,auto_accept,baseline_badge
ISIC_0033340,nv,nv,0.6137384,0.15921031,auto_accept,baseline_badge
ISIC_0028679,nv,nv,0.3023539,0.058077864,auto_accept,baseline_badge
ISIC_0031662,nv,nv,0.5118945,0.11204934,auto_accept,baseline_badge
ISIC_0028918,nv,nv,0.19285296,0.05858778,auto_accept,baseline_badge
ISIC_0032663,nv,nv,0.15572856,0.004715522,auto_accept,baseline_badge
ISIC_0028906,nv,nv,0.001466393,7.972408e-05,auto_accept,baseline_badge
ISIC_0028210,nv,mel,0.72983414,0.48086655,escalate,baseline_badge
ISIC_0024736,nv,nv,0.00010617386,4.1860176e-06,auto_accept,baseline_badge
ISIC_0029257,nv,nv,0.0018323035,0.00016582423,auto_accept,baseline_badge
ISIC_0026483,nv,nv,0.0035467015,2.8523218e-05,auto_accept,baseline_badge
ISIC_0027432,nv,nv,0.035208642,0.004694641,auto_accept,baseline_badge
ISIC_0033553,bkl,bkl,0.022265786,0.00077513396,auto_accept,baseline_badge
ISIC_0025837,bkl,bkl,0.96679187,0.1385333,escalate,baseline_badge
ISIC_0031116,nv,nv,0.00054060476,4.492392e-06,auto_accept,baseline_badge
ISIC_0034303,bkl,bkl,0.5041089,0.0057805395,escalate,baseline_badge
ISIC_0032124,bkl,bkl,0.02747902,0.00016425608,auto_accept,baseline_badge
ISIC_0026916,mel,mel,0.7168717,0.56051964,auto_accept,baseline_badge
ISIC_0034274,nv,nv,0.0013200707,0.00016399582,auto_accept,baseline_badge
ISIC_0032231,nv,nv,0.005366164,0.00015839469,auto_accept,baseline_badge
ISIC_0031775,nv,nv,0.0015232742,1.4125227e-06,auto_accept,baseline_badge
ISIC_0029223,nv,bkl,0.926387,0.01900427,escalate,baseline_badge
ISIC_0025463,nv,nv,0.15402834,0.04135932,auto_accept,baseline_badge
ISIC_0031347,nv,nv,0.022542821,0.003803331,auto_accept,baseline_badge
ISIC_0029390,nv,nv,0.11588057,0.0053038266,auto_accept,baseline_badge
ISIC_0032856,mel,mel,0.06114217,0.98504734,auto_accept,baseline_badge
ISIC_0027029,nv,nv,0.0030177669,5.6557452e-05,auto_accept,baseline_badge
ISIC_0028889,nv,nv,0.025905356,0.0014018941,auto_accept,baseline_badge
ISIC_0033528,bkl,bkl,0.010243062,0.0008244401,auto_accept,baseline_badge
ISIC_0027242,nv,nv,1.0302378,0.11916218,auto_accept,baseline_badge
ISIC_0024684,nv,bkl,0.20002855,0.00018651968,auto_accept,baseline_badge
ISIC_0029773,nv,nv,0.019886836,0.00095671404,auto_accept,baseline_badge
ISIC_0030481,nv,nv,0.00016849437,4.84757e-06,auto_accept,baseline_badge
ISIC_0033264,bkl,mel,0.75479466,0.7599262,escalate,baseline_badge
ISIC_0024657,nv,nv,0.32340306,0.07393242,auto_accept,baseline_badge
ISIC_0024504,bcc,bcc,0.0013323956,0.9997243,auto_accept,baseline_badge
ISIC_0029184,nv,nv,0.06501242,0.009339747,auto_accept,baseline_badge
ISIC_0027880,nv,nv,0.0040511787,0.00023138245,auto_accept,baseline_badge
ISIC_0027916,bkl,mel,0.71558857,0.6593451,auto_accept,baseline_badge
ISIC_0028639,nv,nv,0.034212228,4.253508e-05,auto_accept,baseline_badge
ISIC_0030155,nv,nv,0.2519849,0.0040575857,auto_accept,baseline_badge
ISIC_0032733,mel,mel,0.2605308,0.96620387,escalate,baseline_badge
ISIC_0034291,bkl,bkl,0.0077093323,0.0004163885,auto_accept,baseline_badge
ISIC_0032594,nv,nv,0.033375144,0.0023436262,auto_accept,baseline_badge
ISIC_0027862,nv,nv,0.0018613383,4.338097e-05,auto_accept,baseline_badge
ISIC_0029408,nv,nv,1.1505644e-05,6.9281995e-08,auto_accept,baseline_badge
ISIC_0024600,nv,nv,0.033748217,0.0005975577,auto_accept,baseline_badge
ISIC_0033010,nv,nv,0.010294582,0.0005060083,auto_accept,baseline_badge
ISIC_0030109,nv,nv,1.1646964e-05,2.4187674e-09,auto_accept,baseline_badge
ISIC_0027948,nv,nv,0.05059008,0.0029155894,auto_accept,baseline_badge
ISIC_0026131,mel,mel,0.062159464,0.9860771,auto_accept,baseline_badge
ISIC_0026272,nv,nv,0.000116573436,4.0226223e-06,auto_accept,baseline_badge
ISIC_0029506,nv,nv,0.09430101,2.898056e-05,auto_accept,baseline_badge
ISIC_0026002,nv,nv,0.0023880694,1.1370341e-06,auto_accept,baseline_badge
ISIC_0032595,nv,nv,0.03820432,0.004419114,auto_accept,baseline_badge
ISIC_0027399,nv,nv,0.02860154,0.0006509331,auto_accept,baseline_badge
ISIC_0028267,nv,nv,0.004648765,0.00090172683,auto_accept,baseline_badge
ISIC_0026624,nv,nv,0.0005250069,4.350412e-06,auto_accept,baseline_badge
ISIC_0032497,bcc,mel,0.20853849,0.9924238,auto_accept,baseline_badge
ISIC_0032155,nv,nv,0.006048946,0.00018452397,auto_accept,baseline_badge
ISIC_0028062,nv,nv,0.008789325,0.0003428562,auto_accept,baseline_badge
ISIC_0031706,vasc,vasc,0.0005747042,8.352337e-06,auto_accept,baseline_badge
ISIC_0032659,nv,nv,0.2909605,0.00096351345,auto_accept,baseline_badge
ISIC_0024801,nv,nv,0.00011959083,2.707447e-07,auto_accept,baseline_badge
ISIC_0029931,bkl,bkl,0.004783155,9.128788e-05,auto_accept,baseline_badge
ISIC_0025997,nv,nv,0.00010256081,2.2564927e-06,auto_accept,baseline_badge
ISIC_0029908,nv,nv,0.017368624,6.8465364e-05,auto_accept,baseline_badge
ISIC_0026519,nv,nv,0.37229288,0.04547924,auto_accept,baseline_badge
ISIC_0029662,nv,nv,0.10205543,0.014755557,auto_accept,baseline_badge
ISIC_0025670,nv,nv,0.005562109,8.086909e-06,auto_accept,baseline_badge
ISIC_0034220,nv,mel,0.04706363,0.98649734,auto_accept,baseline_badge
ISIC_0026010,nv,nv,0.002762093,2.9894743e-05,auto_accept,baseline_badge
ISIC_0027824,nv,nv,2.8845106e-06,1.0348925e-08,auto_accept,baseline_badge
ISIC_0027288,nv,nv,0.0002144319,1.9208103e-07,auto_accept,baseline_badge
ISIC_0029393,nv,nv,0.29298362,0.039979335,auto_accept,baseline_badge
ISIC_0027112,nv,nv,0.027470492,0.0002621191,auto_accept,baseline_badge
ISIC_0026400,nv,nv,0.19377913,0.04495191,auto_accept,baseline_badge
ISIC_0025846,nv,nv,0.22249591,0.003201634,auto_accept,baseline_badge
ISIC_0028834,nv,nv,1.0323797,0.08764593,escalate,baseline_badge
ISIC_0030482,nv,nv,0.0072924145,6.8355694e-05,auto_accept,baseline_badge
ISIC_0026184,nv,nv,0.0026640713,3.33179e-06,auto_accept,baseline_badge
ISIC_0029726,mel,bcc,0.3064525,0.9930393,escalate,baseline_badge
ISIC_0031456,nv,nv,0.002755098,9.928567e-07,auto_accept,baseline_badge
ISIC_0030822,bkl,akiec,0.00739764,0.99311584,auto_accept,baseline_badge
ISIC_0026326,nv,bkl,0.6166237,0.043942943,escalate,baseline_badge
ISIC_0026987,nv,nv,0.03998623,0.0041040317,auto_accept,baseline_badge
ISIC_0029629,nv,nv,0.00091890455,1.2717533e-05,auto_accept,baseline_badge
ISIC_0032945,nv,nv,0.061941598,0.00043553548,auto_accept,baseline_badge
ISIC_0027076,mel,nv,0.65491575,0.2271807,auto_accept,baseline_badge
ISIC_0030571,nv,nv,0.0004248477,1.4216247e-05,auto_accept,baseline_badge
ISIC_0029807,nv,nv,0.05144079,0.0027981491,auto_accept,baseline_badge
ISIC_0025798,nv,nv,0.045382243,0.0008598816,auto_accept,baseline_badge
ISIC_0025809,nv,nv,0.4162421,0.09351839,auto_accept,baseline_badge
ISIC_0032906,bcc,bcc,0.010524644,0.99931145,auto_accept,baseline_badge
ISIC_0027022,nv,nv,3.661753e-05,1.938743e-07,auto_accept,baseline_badge
ISIC_0029336,nv,nv,0.0006159161,1.0571948e-06,auto_accept,baseline_badge
ISIC_0026276,bkl,bkl,0.030665671,0.007999971,auto_accept,baseline_badge
ISIC_0029256,nv,nv,0.003679102,2.819705e-05,auto_accept,baseline_badge
ISIC_0033360,nv,mel,0.6315652,0.83158773,auto_accept,baseline_badge
ISIC_0028832,nv,nv,0.013277218,0.001185203,auto_accept,baseline_badge
ISIC_0024922,nv,nv,0.481176,0.09143767,auto_accept,baseline_badge
ISIC_0029358,bkl,mel,0.21768093,0.9460234,auto_accept,baseline_badge
ISIC_0027423,nv,nv,0.0048249513,8.434519e-05,auto_accept,baseline_badge
ISIC_0025271,nv,nv,0.014930426,0.00068270223,auto_accept,baseline_badge
ISIC_0024773,bkl,bkl,0.027996115,0.0010733891,auto_accept,baseline_badge
ISIC_0024578,nv,nv,0.17706494,0.0021255154,auto_accept,baseline_badge
ISIC_0024521,nv,nv,0.013751304,0.00072908355,auto_accept,baseline_badge
ISIC_0028328,nv,nv,0.0005481662,1.0080468e-06,auto_accept,baseline_badge
ISIC_0034058,bcc,bcc,0.0036941033,0.9999591,auto_accept,baseline_badge
ISIC_0026681,nv,nv,0.0021337853,0.00016511283,auto_accept,baseline_badge
ISIC_0025850,nv,nv,0.053881463,0.008199288,auto_accept,baseline_badge
ISIC_0026928,nv,nv,0.004001672,8.180372e-05,auto_accept,baseline_badge
ISIC_0031383,nv,nv,0.0028301408,1.1635653e-06,auto_accept,baseline_badge
ISIC_0027378,nv,nv,0.035386544,7.2715586e-05,auto_accept,baseline_badge
ISIC_0033467,nv,nv,0.011424604,0.00025647256,auto_accept,baseline_badge
ISIC_0030744,bkl,bkl,1.1740282,0.25281674,escalate,baseline_badge
ISIC_0033374,nv,nv,0.00038944004,6.45862e-06,auto_accept,baseline_badge
ISIC_0024538,nv,nv,0.01268029,0.00022628848,auto_accept,baseline_badge
ISIC_0032477,nv,nv,0.0015604685,5.5169317e-06,auto_accept,baseline_badge
ISIC_0027577,akiec,akiec,0.00040575262,0.99997365,auto_accept,baseline_badge
ISIC_0029048,bkl,bkl,0.00025730493,2.2669242e-08,auto_accept,baseline_badge
ISIC_0029338,nv,nv,0.0004381337,3.3892834e-06,auto_accept,baseline_badge
ISIC_0034201,bkl,bkl,0.13251224,0.096435964,auto_accept,baseline_badge
ISIC_0024895,nv,nv,5.210569e-05,1.1285716e-07,auto_accept,baseline_badge
ISIC_0027454,bkl,bkl,0.06265583,0.023558045,auto_accept,baseline_badge
ISIC_0024941,nv,nv,0.20170768,0.020761413,auto_accept,baseline_badge
ISIC_0024810,nv,nv,0.011892235,0.0012225221,auto_accept,baseline_badge
ISIC_0028424,nv,nv,0.021642791,0.00025971778,auto_accept,baseline_badge
ISIC_0034011,bkl,bkl,0.06305265,0.13117686,auto_accept,baseline_badge
ISIC_0030469,nv,nv,0.0025245547,1.1745956e-05,auto_accept,baseline_badge
ISIC_0032093,nv,nv,0.0023392336,0.00014022557,auto_accept,baseline_badge
ISIC_0031334,bkl,bkl,0.00031259892,1.0431433e-05,auto_accept,baseline_badge
ISIC_0026848,akiec,mel,0.6873958,0.9950205,escalate,baseline_badge
ISIC_0025451,mel,nv,0.017279256,0.0023687794,auto_accept,baseline_badge
ISIC_0025872,nv,nv,0.0022479817,8.912749e-05,auto_accept,baseline_badge
ISIC_0031044,akiec,akiec,0.00023409337,0.9999863,auto_accept,baseline_badge
ISIC_0026919,nv,nv,0.0010366794,7.4677087e-07,auto_accept,baseline_badge
ISIC_0029174,nv,vasc,0.43267888,9.138935e-05,escalate,baseline_badge
ISIC_0029384,bkl,bkl,0.09041299,0.009402218,auto_accept,baseline_badge
ISIC_0030477,nv,nv,0.00022967295,1.8664344e-06,auto_accept,baseline_badge
ISIC_0031659,akiec,bkl,0.4698036,0.09642888,auto_accept,baseline_badge
ISIC_0025181,nv,nv,0.08569657,0.014423789,auto_accept,baseline_badge
ISIC_0026103,nv,mel,0.13464257,0.9736528,auto_accept,baseline_badge
ISIC_0030306,nv,nv,0.0002834267,2.5681794e-07,auto_accept,baseline_badge
ISIC_0033472,nv,nv,0.01810256,0.00035530562,auto_accept,baseline_badge
ISIC_0025359,nv,nv,0.00024192072,1.7248028e-06,auto_accept,baseline_badge
ISIC_0030983,nv,nv,0.00034892955,9.3608605e-07,auto_accept,baseline_badge
ISIC_0030912,nv,nv,0.04571891,0.0035853689,auto_accept,baseline_badge
ISIC_0033529,bkl,bkl,0.059194867,0.0037390902,auto_accept,baseline_badge
ISIC_0027568,nv,akiec,0.030735523,0.9981139,auto_accept,baseline_badge
ISIC_0033574,nv,nv,0.35851252,0.08563413,auto_accept,baseline_badge
ISIC_0025051,nv,mel,0.70893365,0.47820634,escalate,baseline_badge
ISIC_0027988,nv,nv,0.065533176,0.0067344047,auto_accept,baseline_badge
ISIC_0028297,nv,nv,0.3161137,0.05184212,auto_accept,baseline_badge
ISIC_0027142,bkl,nv,0.07479882,3.99848e-06,auto_accept,baseline_badge
ISIC_0030541,nv,nv,0.005564206,1.6990862e-07,auto_accept,baseline_badge
ISIC_0027225,nv,nv,0.010092507,8.244148e-05,auto_accept,baseline_badge
ISIC_0026304,nv,nv,0.010985267,1.3061224e-05,auto_accept,baseline_badge
ISIC_0025213,nv,nv,0.00011708094,1.9465404e-06,auto_accept,baseline_badge
ISIC_0025303,mel,mel,0.15046965,0.9433922,auto_accept,baseline_badge
ISIC_0032226,nv,nv,0.050758637,0.0017768736,auto_accept,baseline_badge
ISIC_0030014,mel,mel,0.0074699516,0.99901223,auto_accept,baseline_badge
ISIC_0026474,nv,nv,0.0006414004,1.2753641e-05,auto_accept,baseline_badge
ISIC_0027557,nv,nv,6.274061e-05,1.3526234e-07,auto_accept,baseline_badge
ISIC_0027220,nv,nv,0.0012610116,1.5829288e-05,auto_accept,baseline_badge
ISIC_0024631,nv,nv,0.00014163356,1.2014578e-07,auto_accept,baseline_badge
ISIC_0033592,bkl,bkl,0.010749596,0.00042489026,auto_accept,baseline_badge
ISIC_0025801,nv,nv,0.00014025762,6.6039956e-07,auto_accept,baseline_badge
ISIC_0030905,nv,bkl,0.3974195,0.0013365091,auto_accept,baseline_badge
ISIC_0028418,mel,mel,0.05257875,0.99124885,auto_accept,baseline_badge
ISIC_0031462,nv,bkl,0.103010535,0.08555773,auto_accept,baseline_badge
ISIC_0030322,nv,nv,0.36166534,2.5506351e-06,auto_accept,baseline_badge
ISIC_0031628,nv,nv,0.11797706,0.008424219,auto_accept,baseline_badge
ISIC_0031580,bkl,bkl,0.33418143,0.07140747,auto_accept,baseline_badge
ISIC_0028101,nv,nv,0.0025165994,5.4628596e-05,auto_accept,baseline_badge
ISIC_0026597,nv,nv,0.13360725,0.00092118955,auto_accept,baseline_badge
ISIC_0031914,nv,nv,0.024858467,5.5675023e-06,auto_accept,baseline_badge
ISIC_0026347,nv,nv,0.7793397,0.42062482,auto_accept,baseline_badge
ISIC_0029306,nv,nv,0.058012616,0.017778734,auto_accept,baseline_badge
ISIC_0028384,nv,bkl,0.01131054,0.0017291179,auto_accept,baseline_badge
ISIC_0029422,nv,nv,0.7178769,0.11128459,auto_accept,baseline_badge
ISIC_0027773,nv,nv,0.0004725515,5.7938087e-07,auto_accept,baseline_badge
ISIC_0032788,nv,mel,0.25960138,0.98141885,auto_accept,baseline_badge
ISIC_0026662,nv,nv,0.014336525,7.2937524e-07,auto_accept,baseline_badge
ISIC_0024864,mel,mel,0.84878576,0.3939958,escalate,baseline_badge
ISIC_0034043,nv,nv,0.26901743,0.0037251154,auto_accept,baseline_badge
ISIC_0026628,nv,nv,0.0012778396,1.700193e-06,auto_accept,baseline_badge
ISIC_0028107,bcc,bcc,0.006717001,0.9995778,auto_accept,baseline_badge
ISIC_0028887,nv,nv,0.3972853,0.05049295,escalate,baseline_badge
ISIC_0033435,nv,nv,0.04461848,3.4337383e-05,auto_accept,baseline_badge
ISIC_0026357,nv,nv,0.0022002885,1.2599181e-05,auto_accept,baseline_badge
ISIC_0033647,nv,nv,0.018662333,0.0009470816,auto_accept,baseline_badge
ISIC_0026863,nv,nv,0.023267044,0.0028519738,auto_accept,baseline_badge
ISIC_0025311,nv,nv,0.0012779278,1.7732295e-06,auto_accept,baseline_badge
ISIC_0032269,mel,bkl,1.0531178,0.69438165,escalate,baseline_badge
ISIC_0025815,nv,nv,0.008222019,5.5484047e-06,auto_accept,baseline_badge
ISIC_0024903,nv,nv,0.002005758,0.00014478822,auto_accept,baseline_badge
ISIC_0028032,nv,nv,0.46082395,0.11434436,auto_accept,baseline_badge
ISIC_0024675,mel,nv,0.19322713,0.045403827,auto_accept,baseline_badge
ISIC_0030717,nv,nv,0.0032652696,0.0001833774,auto_accept,baseline_badge
ISIC_0033391,bkl,bkl,0.6759035,0.41678938,escalate,baseline_badge
ISIC_0033645,nv,nv,0.41649762,0.033530273,auto_accept,baseline_badge
ISIC_0025930,nv,nv,0.00455219,9.704669e-07,auto_accept,baseline_badge
ISIC_0029550,nv,nv,0.0008984336,2.8878261e-05,auto_accept,baseline_badge
ISIC_0024605,nv,nv,0.027325086,0.0020811518,auto_accept,baseline_badge
ISIC_0032307,bcc,bkl,0.2730083,0.040892765,auto_accept,baseline_badge
ISIC_0033636,mel,mel,0.77035546,0.9960628,escalate,baseline_badge
ISIC_0031388,nv,nv,0.050182253,0.00014641258,auto_accept,baseline_badge
ISIC_0030613,nv,nv,0.0040314742,2.0987864e-06,auto_accept,baseline_badge
ISIC_0030140,nv,nv,0.11115789,0.0078333765,auto_accept,baseline_badge
ISIC_0028095,bcc,bcc,0.05545708,0.9860284,auto_accept,baseline_badge
ISIC_0029663,nv,nv,0.04622262,0.004409868,auto_accept,baseline_badge
ISIC_0027838,mel,nv,0.9247423,0.09041107,escalate,baseline_badge
ISIC_0033631,bkl,bkl,0.0008013476,0.0001868752,auto_accept,baseline_badge
ISIC_0026485,nv,nv,0.0013519223,8.5311995e-06,auto_accept,baseline_badge
ISIC_0031922,akiec,akiec,0.02936707,0.9908093,auto_accept,baseline_badge
ISIC_0030345,nv,nv,0.000722116,4.315387e-06,auto_accept,baseline_badge
ISIC_0031565,mel,bkl,0.17135917,0.023727262,auto_accept,baseline_badge
ISIC_0031840,nv,nv,0.00038704876,1.3892263e-07,auto_accept,baseline_badge
ISIC_0026524,bkl,bkl,0.09332217,0.0020977797,auto_accept,baseline_badge
ISIC_0024848,bcc,bcc,0.0048591867,0.9997404,auto_accept,baseline_badge
ISIC_0030433,nv,nv,0.005263372,0.00018957854,auto_accept,baseline_badge
ISIC_0032719,bkl,bkl,0.14531817,0.01337644,auto_accept,baseline_badge
ISIC_0029129,bcc,bcc,0.008928382,0.99853635,auto_accept,baseline_badge
ISIC_0024689,nv,nv,0.000330312,2.8417173e-06,auto_accept,baseline_badge
ISIC_0026208,nv,nv,0.0006843153,6.411537e-06,auto_accept,baseline_badge
ISIC_0029619,nv,nv,0.007729563,8.334419e-06,auto_accept,baseline_badge
ISIC_0028833,nv,nv,0.0017384018,1.0935078e-05,auto_accept,baseline_badge
ISIC_0032956,nv,nv,0.05933967,0.017633477,auto_accept,baseline_badge
ISIC_0034277,nv,nv,0.04266648,0.0045337765,auto_accept,baseline_badge
ISIC_0025309,nv,nv,0.059492953,0.026831567,auto_accept,baseline_badge
ISIC_0032776,bkl,bkl,0.0034770626,1.3447455e-05,auto_accept,baseline_badge
ISIC_0032030,bcc,bcc,0.017995615,0.9998242,auto_accept,baseline_badge
ISIC_0033469,mel,mel,0.1151396,0.98520756,auto_accept,baseline_badge
ISIC_0032807,mel,mel,0.48377284,0.8861528,auto_accept,baseline_badge
ISIC_0033312,mel,mel,0.0015853922,0.99987626,auto_accept,baseline_badge
ISIC_0030048,nv,nv,3.500256e-05,5.595259e-07,auto_accept,baseline_badge
ISIC_0030239,nv,nv,0.0067081377,0.00038091585,auto_accept,baseline_badge
ISIC_0025464,nv,nv,0.00034831194,6.0223505e-07,auto_accept,baseline_badge
ISIC_0032760,nv,nv,0.015294659,0.0011481474,auto_accept,baseline_badge
ISIC_0024584,nv,nv,0.010759985,0.0006089259,auto_accept,baseline_badge
ISIC_0027353,nv,nv,0.00092005596,4.119233e-06,auto_accept,baseline_badge
ISIC_0030712,bcc,bcc,0.0022133375,0.99974185,auto_accept,baseline_badge
ISIC_0030902,nv,nv,0.10818927,0.0003919622,auto_accept,baseline_badge
ISIC_0031951,bkl,bkl,0.2256362,0.18907638,auto_accept,baseline_badge
ISIC_0025757,nv,nv,0.01170643,0.00024168956,auto_accept,baseline_badge
ISIC_0026363,nv,nv,0.0033443845,5.333293e-05,auto_accept,baseline_badge
ISIC_0030749,nv,nv,0.0019124858,0.00015410248,auto_accept,baseline_badge
ISIC_0033451,nv,nv,0.62537885,0.00061276223,escalate,baseline_badge
ISIC_0033258,mel,mel,0.35907477,0.91137165,auto_accept,baseline_badge
ISIC_0025466,bkl,bkl,1.3374748,0.24265791,escalate,baseline_badge
ISIC_0025246,nv,nv,0.00038256886,1.9594741e-07,auto_accept,baseline_badge
ISIC_0033464,nv,nv,0.045537405,0.0017394638,auto_accept,baseline_badge
ISIC_0026821,nv,nv,0.00071962585,1.9887066e-06,auto_accept,baseline_badge
ISIC_0031153,nv,nv,5.854813e-05,4.4409267e-09,auto_accept,baseline_badge
ISIC_0034094,mel,mel,0.018761726,0.9963981,auto_accept,baseline_badge
ISIC_0030418,nv,nv,0.0018299414,8.187395e-05,auto_accept,baseline_badge
ISIC_0028877,bcc,bcc,0.0045368746,0.99997675,auto_accept,baseline_badge
ISIC_0030754,mel,nv,0.5227009,0.19242884,auto_accept,baseline_badge
ISIC_0032977,nv,nv,0.009981486,0.0014755313,auto_accept,baseline_badge
ISIC_0033394,mel,mel,0.00038209363,0.9999461,auto_accept,baseline_badge
ISIC_0031484,nv,nv,3.730886e-05,2.7184107e-08,auto_accept,baseline_badge
ISIC_0031710,nv,nv,0.51664656,0.20437224,auto_accept,baseline_badge
ISIC_0027487,mel,bcc,1.0664334,0.9590457,escalate,baseline_badge
ISIC_0029188,nv,nv,0.014463814,4.1933086e-05,auto_accept,baseline_badge
ISIC_0025599,vasc,vasc,0.21582033,0.017019188,escalate,baseline_badge
ISIC_0032467,nv,nv,0.00016969877,2.9605724e-07,auto_accept,baseline_badge
ISIC_0026799,nv,nv,0.0025844474,0.00010422248,auto_accept,baseline_badge
ISIC_0034185,nv,nv,0.66937757,0.0012450556,escalate,baseline_badge
ISIC_0029916,nv,nv,0.0051308153,0.00035212946,auto_accept,baseline_badge
ISIC_0025382,nv,nv,0.0009579422,1.839871e-05,auto_accept,baseline_badge
ISIC_0033916,nv,nv,0.14905573,0.008543627,auto_accept,baseline_badge
ISIC_0031817,nv,nv,0.6344301,0.0012834301,escalate,baseline_badge
ISIC_0030435,nv,nv,0.0003515956,1.1387691e-05,auto_accept,baseline_badge
ISIC_0027256,vasc,vasc,0.0070071383,1.26403165e-05,auto_accept,baseline_badge
ISIC_0032338,nv,nv,0.011440456,0.0010914889,auto_accept,baseline_badge
ISIC_0028575,nv,nv,0.013776337,0.00026118607,auto_accept,baseline_badge
ISIC_0027706,bkl,bkl,0.52493125,0.051331922,auto_accept,baseline_badge
ISIC_0028552,nv,nv,0.0673553,7.836642e-05,auto_accept,baseline_badge
ISIC_0030456,nv,nv,0.06540854,0.0034814484,auto_accept,baseline_badge
ISIC_0025174,nv,nv,0.0036611396,0.00010115549,auto_accept,baseline_badge
ISIC_0026157,nv,nv,0.27510452,0.051405583,auto_accept,baseline_badge
ISIC_0033503,nv,nv,0.36034027,0.057955813,auto_accept,baseline_badge
ISIC_0026918,nv,nv,7.301544e-05,2.1864802e-08,auto_accept,baseline_badge
ISIC_0024766,nv,nv,0.0005641511,5.4065345e-07,auto_accept,baseline_badge
ISIC_0028731,nv,nv,0.016133565,0.00045746093,auto_accept,baseline_badge
ISIC_0027000,nv,nv,0.0026976787,4.5451327e-07,auto_accept,baseline_badge
ISIC_0031189,mel,mel,0.66289943,0.6252142,auto_accept,baseline_badge
ISIC_0033276,nv,nv,0.000573304,1.9457872e-05,auto_accept,baseline_badge
ISIC_0031511,bkl,bkl,0.0038912704,0.00011727117,auto_accept,baseline_badge
ISIC_0029965,nv,nv,0.0003162396,8.386654e-07,auto_accept,baseline_badge
ISIC_0024610,nv,nv,6.305704e-05,4.7224233e-07,auto_accept,baseline_badge
ISIC_0025224,nv,nv,0.2880949,0.002486395,auto_accept,baseline_badge
ISIC_0033415,mel,mel,0.033651754,0.999729,auto_accept,baseline_badge
ISIC_0030195,nv,nv,0.0006128422,8.626208e-06,auto_accept,baseline_badge
ISIC_0025110,nv,nv,0.46882522,0.13996941,escalate,baseline_badge
ISIC_0028661,nv,nv,2.2154134e-05,4.1112163e-08,auto_accept,baseline_badge
ISIC_0030596,nv,nv,0.0019093495,4.8377333e-06,auto_accept,baseline_badge
ISIC_0024727,nv,nv,0.0253593,0.003709233,auto_accept,baseline_badge
ISIC_0032600,nv,nv,0.036446527,0.005391582,auto_accept,baseline_badge
ISIC_0031025,mel,nv,0.7030731,0.4189384,auto_accept,baseline_badge
ISIC_0031912,nv,nv,0.0036704612,1.4575626e-06,auto_accept,baseline_badge
ISIC_0032135,akiec,akiec,0.043104306,0.99837923,auto_accept,baseline_badge
ISIC_0028617,nv,nv,0.013073401,7.0463807e-07,auto_accept,baseline_badge
ISIC_0026065,nv,nv,0.002291861,6.789829e-07,auto_accept,baseline_badge
ISIC_0026172,nv,nv,0.0030710828,9.936142e-05,auto_accept,baseline_badge
ISIC_0027574,nv,nv,0.048758846,0.00051764783,auto_accept,baseline_badge
ISIC_0025589,mel,mel,0.5673133,0.7953511,escalate,baseline_badge
ISIC_0033675,df,df,3.9582024e-05,5.9739683e-05,auto_accept,baseline_badge
ISIC_0033838,nv,nv,0.034533583,0.0056436043,auto_accept,baseline_badge
ISIC_0024348,nv,nv,0.38257346,3.2839776e-05,auto_accept,baseline_badge
ISIC_0030179,nv,nv,4.2335818e-05,9.065359e-07,auto_accept,baseline_badge
ISIC_0031296,nv,nv,0.001598258,5.696053e-06,auto_accept,baseline_badge
ISIC_0024758,bkl,bkl,0.055709545,0.021989668,auto_accept,baseline_badge
ISIC_0028751,nv,mel,0.020690175,0.99584514,auto_accept,baseline_badge
ISIC_0027369,nv,nv,0.0007321351,2.93577e-05,auto_accept,baseline_badge
ISIC_0026038,nv,nv,0.0074358867,4.957436e-05,auto_accept,baseline_badge
ISIC_0031120,nv,nv,0.014437648,1.465827e-05,auto_accept,baseline_badge
ISIC_0033802,mel,nv,0.3084321,0.022737393,auto_accept,baseline_badge
ISIC_0031535,nv,nv,0.00023851203,1.8377086e-06,auto_accept,baseline_badge
ISIC_0025600,bcc,bcc,0.0016462897,0.9995347,auto_accept,baseline_badge
ISIC_0033055,mel,mel,0.010627227,0.9984579,auto_accept,baseline_badge
ISIC_0026472,nv,nv,0.002810835,0.00024464066,auto_accept,baseline_badge
ISIC_0025437,nv,nv,0.009820449,0.00013714537,auto_accept,baseline_badge
ISIC_0032442,nv,nv,0.008853134,0.00018513287,auto_accept,baseline_badge
ISIC_0026680,nv,nv,0.0032682812,3.481889e-06,auto_accept,baseline_badge
ISIC_0032366,nv,nv,0.00055067206,1.6259743e-05,auto_accept,baseline_badge
ISIC_0033447,nv,nv,0.6801791,0.23586705,escalate,baseline_badge
ISIC_0027129,nv,nv,0.0073222676,0.0003709182,auto_accept,baseline_badge
ISIC_0031617,nv,nv,0.36513695,0.13173316,escalate,baseline_badge
ISIC_0031193,nv,nv,0.0002574355,1.0706889e-05,auto_accept,baseline_badge
ISIC_0029710,nv,nv,0.00095433823,1.0950523e-05,auto_accept,baseline_badge
ISIC_0031962,nv,nv,0.00017268173,2.509518e-07,auto_accept,baseline_badge
ISIC_0027594,nv,nv,0.015318875,0.0013615212,auto_accept,baseline_badge
ISIC_0027858,bcc,bcc,0.0008446592,0.99969995,auto_accept,baseline_badge
ISIC_0032654,bkl,bkl,0.024193285,0.033077348,auto_accept,baseline_badge
ISIC_0028793,nv,nv,0.27942392,4.448779e-05,auto_accept,baseline_badge
ISIC_0031469,nv,nv,0.004142618,5.4541656e-06,auto_accept,baseline_badge
ISIC_0024919,nv,nv,0.00048293432,1.3481251e-05,auto_accept,baseline_badge
ISIC_0031751,nv,nv,0.0003943672,1.3990798e-06,auto_accept,baseline_badge
ISIC_0025030,bkl,bkl,0.0040906807,0.002224537,auto_accept,baseline_badge
ISIC_0027215,nv,nv,0.005523885,0.0005778347,auto_accept,baseline_badge
ISIC_0026484,nv,nv,0.0039015298,0.00012832374,auto_accept,baseline_badge
ISIC_0034207,nv,nv,0.031453904,0.0040661697,auto_accept,baseline_badge
ISIC_0033162,nv,nv,0.03790398,0.00456898,auto_accept,baseline_badge
ISIC_0029155,nv,nv,0.046315327,0.005338144,auto_accept,baseline_badge
ISIC_0032716,mel,mel,0.006221974,0.9991271,auto_accept,baseline_badge
ISIC_0030290,nv,nv,0.0004929384,2.4877818e-06,auto_accept,baseline_badge
ISIC_0031899,nv,nv,0.0004938147,1.0967098e-05,auto_accept,baseline_badge
ISIC_0030346,bkl,bkl,0.43982464,0.0273446,auto_accept,baseline_badge
ISIC_0030367,nv,nv,0.11061131,0.009421984,auto_accept,baseline_badge
ISIC_0029650,nv,nv,0.021308538,0.0021883773,auto_accept,baseline_badge
ISIC_0027116,nv,nv,0.0024493125,0.000106698564,auto_accept,baseline_badge
ISIC_0027547,nv,nv,0.00012061054,1.6353248e-07,auto_accept,baseline_badge
ISIC_0031586,mel,mel,0.13121343,0.9574385,auto_accept,baseline_badge
ISIC_0034186,bkl,bcc,0.56323534,0.8893869,escalate,baseline_badge
ISIC_0031490,nv,nv,0.00051812356,1.673665e-07,auto_accept,baseline_badge
ISIC_0029021,mel,mel,0.26358733,0.9273861,auto_accept,baseline_badge
ISIC_0026364,nv,nv,0.0070475154,0.0003493262,auto_accept,baseline_badge
ISIC_0026666,nv,bkl,0.72022456,0.009500644,escalate,baseline_badge
ISIC_0027835,nv,nv,0.0010175051,4.2717398e-05,auto_accept,baseline_badge
ISIC_0029511,nv,nv,0.012133805,5.8922583e-06,auto_accept,baseline_badge
ISIC_0025269,nv,nv,0.00038881614,2.274004e-06,auto_accept,baseline_badge
ISIC_0026995,bcc,bcc,0.25307167,0.9936056,auto_accept,baseline_badge
ISIC_0025021,nv,nv,0.0004235648,6.8441005e-07,auto_accept,baseline_badge
ISIC_0027290,nv,nv,0.08121233,0.0024820287,auto_accept,baseline_badge
ISIC_0029315,akiec,akiec,0.4954657,0.9968952,escalate,baseline_badge
ISIC_0026768,nv,nv,8.011662e-05,2.3299685e-07,auto_accept,baseline_badge
ISIC_0026418,nv,nv,0.0020608231,7.0413626e-05,auto_accept,baseline_badge
ISIC_0033604,nv,nv,0.81436026,0.106022224,auto_accept,baseline_badge
ISIC_0027592,nv,nv,0.21534318,4.603147e-05,auto_accept,baseline_badge
ISIC_0028394,nv,nv,0.0032036935,6.171154e-05,auto_accept,baseline_badge
ISIC_0025007,nv,nv,0.0012208673,3.0426812e-05,auto_accept,baseline_badge
ISIC_0025136,bkl,mel,0.65830225,0.9986235,escalate,baseline_badge
ISIC_0027170,nv,nv,0.023759255,0.00077730976,auto_accept,baseline_badge
ISIC_0034073,nv,nv,0.4232484,0.23068568,auto_accept,baseline_badge
ISIC_0032989,nv,nv,0.07430344,0.010431925,auto_accept,baseline_badge
ISIC_0028782,nv,nv,0.004892842,0.0002292823,auto_accept,baseline_badge
ISIC_0032315,bkl,nv,0.3080682,0.04891598,auto_accept,baseline_badge
ISIC_0027725,nv,nv,0.16619976,0.05791525,auto_accept,baseline_badge
ISIC_0029409,nv,nv,0.76997167,0.14094263,escalate,baseline_badge
ISIC_0028070,nv,nv,0.0016320681,8.92295e-07,auto_accept,baseline_badge
ISIC_0028985,nv,nv,0.00019350312,3.842289e-06,auto_accept,baseline_badge
ISIC_0028080,bkl,bkl,0.03650497,0.0021917676,auto_accept,baseline_badge
ISIC_0033315,nv,nv,0.16001873,0.024168681,auto_accept,baseline_badge
ISIC_0030554,nv,nv,0.023868863,0.0007200632,auto_accept,baseline_badge
ISIC_0028698,nv,nv,0.12490675,0.0020775541,auto_accept,baseline_badge
ISIC_0026415,nv,nv,0.021749265,0.00037671742,auto_accept,baseline_badge
ISIC_0026447,nv,nv,0.00059746235,2.9630653e-06,auto_accept,baseline_badge
ISIC_0026915,nv,nv,0.00054296193,5.5271727e-07,auto_accept,baseline_badge
ISIC_0030946,nv,nv,0.00012382615,2.264819e-06,auto_accept,baseline_badge
ISIC_0029472,bkl,bkl,0.19415385,0.013779992,auto_accept,baseline_badge
ISIC_0030137,bkl,bkl,0.07721551,0.013954188,auto_accept,baseline_badge
ISIC_0032336,nv,nv,6.986023e-06,2.811247e-08,auto_accept,baseline_badge
ISIC_0031386,mel,mel,0.5024792,0.8080722,escalate,baseline_badge
ISIC_0027429,nv,nv,0.024442334,0.0008977148,auto_accept,baseline_badge
ISIC_0032652,bcc,bcc,0.07120215,0.7465089,auto_accept,baseline_badge
ISIC_0028448,bkl,nv,0.7248965,0.00030359393,escalate,baseline_badge
ISIC_0029659,akiec,akiec,0.007804984,0.99966455,auto_accept,baseline_badge
ISIC_0033794,nv,bkl,0.7042433,0.015963864,auto_accept,baseline_badge
ISIC_0033198,mel,mel,0.8399995,0.50545186,auto_accept,baseline_badge
ISIC_0029834,nv,nv,0.0019496626,5.8520793e-05,auto_accept,baseline_badge
ISIC_0027579,nv,nv,0.046381775,0.0007840269,auto_accept,baseline_badge
ISIC_0024974,nv,nv,0.0033151372,1.3948106e-05,auto_accept,baseline_badge
ISIC_0032681,bkl,bkl,0.15612644,0.11380256,auto_accept,baseline_badge
ISIC_0031648,vasc,vasc,0.0017995614,1.337226e-05,auto_accept,baseline_badge
ISIC_0027785,nv,nv,4.093994e-06,1.1492816e-08,auto_accept,baseline_badge
ISIC_0033124,bkl,nv,0.72002155,0.22714487,auto_accept,baseline_badge
ISIC_0024749,nv,nv,0.011091079,0.00033064093,auto_accept,baseline_badge
ISIC_0025936,nv,nv,0.14586881,0.0004822676,auto_accept,baseline_badge
ISIC_0033004,mel,nv,0.37415123,0.028860068,auto_accept,baseline_badge
ISIC_0026391,nv,nv,0.60879475,0.34281975,auto_accept,baseline_badge
ISIC_0025402,nv,mel,0.04655732,0.9896208,auto_accept,baseline_badge
ISIC_0027181,nv,nv,0.1577782,7.687938e-05,auto_accept,baseline_badge
ISIC_0032917,mel,mel,8.116395e-06,0.99999917,auto_accept,baseline_badge
ISIC_0031370,nv,nv,0.00093022216,1.341143e-06,auto_accept,baseline_badge
ISIC_0026507,nv,nv,0.002547076,1.7097293e-06,auto_accept,baseline_badge
ISIC_0029219,nv,nv,0.03811232,0.0005924651,auto_accept,baseline_badge
ISIC_0029349,nv,nv,0.023444843,0.0043935957,auto_accept,baseline_badge
ISIC_0027791,nv,nv,0.018102346,2.0923708e-05,auto_accept,baseline_badge
ISIC_0032413,nv,nv,0.0009121205,4.6315297e-05,auto_accept,baseline_badge
ISIC_0032597,mel,mel,0.0530334,0.9844998,auto_accept,baseline_badge
ISIC_0032966,nv,nv,0.00048655877,4.727511e-06,auto_accept,baseline_badge
ISIC_0031198,akiec,akiec,0.015145247,0.99827445,auto_accept,baseline_badge
ISIC_0029632,mel,mel,0.034985125,0.99857557,auto_accept,baseline_badge
ISIC_0027459,nv,nv,0.0045008603,0.00014038611,auto_accept,baseline_badge
ISIC_0029267,nv,nv,0.0008829995,1.7471656e-06,auto_accept,baseline_badge
ISIC_0030372,bkl,bcc,0.12196952,0.9955396,auto_accept,baseline_badge
ISIC_0026709,akiec,bcc,0.007897735,0.99965405,auto_accept,baseline_badge
ISIC_0027775,nv,nv,0.09572366,0.02006049,auto_accept,baseline_badge
ISIC_0031330,nv,nv,0.033349175,2.1826506e-06,auto_accept,baseline_badge
ISIC_0028574,nv,nv,0.00010066143,1.2139108e-06,auto_accept,baseline_badge
ISIC_0026991,nv,nv,0.00019409048,1.9654422e-06,auto_accept,baseline_badge
ISIC_0032394,nv,nv,0.0010130552,2.0542198e-05,auto_accept,baseline_badge
ISIC_0024694,nv,nv,0.0012003161,8.865491e-05,auto_accept,baseline_badge
ISIC_0033734,nv,nv,0.007900088,0.0010142694,auto_accept,baseline_badge
ISIC_0030061,nv,nv,0.29845956,0.07613565,auto_accept,baseline_badge
ISIC_0030890,nv,nv,0.01191155,0.0011051976,auto_accept,baseline_badge
ISIC_0024573,bcc,bcc,0.001536814,0.99996424,auto_accept,baseline_badge
ISIC_0024464,nv,nv,0.017884431,0.0011791477,auto_accept,baseline_badge
ISIC_0029681,nv,nv,0.023338094,6.236752e-05,auto_accept,baseline_badge
ISIC_0033247,nv,nv,0.035236567,5.9388654e-05,auto_accept,baseline_badge
ISIC_0032485,nv,nv,1.2428368e-05,1.06700305e-07,auto_accept,baseline_badge
ISIC_0028203,nv,nv,0.010406519,1.6953107e-05,auto_accept,baseline_badge
ISIC_0030398,nv,nv,0.0028882974,1.0293077e-06,auto_accept,baseline_badge
ISIC_0032991,bcc,mel,1.3824354,0.84182125,auto_accept,baseline_badge
ISIC_0032416,nv,nv,0.021074718,4.173792e-05,auto_accept,baseline_badge
ISIC_0032828,nv,nv,0.43552646,0.21905628,auto_accept,baseline_badge
ISIC_0029989,nv,nv,0.044501394,0.0031711813,auto_accept,baseline_badge
ISIC_0026983,nv,nv,6.9205445e-05,4.056071e-06,auto_accept,baseline_badge
ISIC_0033548,nv,nv,0.013102051,0.0007177808,auto_accept,baseline_badge
ISIC_0026839,nv,nv,0.19333108,0.053907994,auto_accept,baseline_badge
ISIC_0025582,nv,nv,0.015138456,0.0026996788,auto_accept,baseline_badge
ISIC_0026421,nv,nv,0.2772479,7.5788166e-06,escalate,baseline_badge
ISIC_0032111,bkl,bkl,0.008839273,0.0037815145,auto_accept,baseline_badge
ISIC_0027403,nv,nv,0.19624777,0.004529963,auto_accept,baseline_badge
ISIC_0027445,nv,nv,0.0054484163,0.00060601527,auto_accept,baseline_badge
ISIC_0029073,nv,nv,0.046894576,0.005527503,auto_accept,baseline_badge
ISIC_0030454,nv,nv,0.00047963666,2.7807168e-06,auto_accept,baseline_badge
ISIC_0025151,nv,nv,9.406753e-05,1.8066487e-06,auto_accept,baseline_badge
ISIC_0027982,bkl,bkl,0.16272098,0.056025047,auto_accept,baseline_badge
ISIC_0029169,nv,nv,0.046333037,0.004570123,auto_accept,baseline_badge
ISIC_0032223,nv,nv,0.009908942,6.5256586e-06,auto_accept,baseline_badge
ISIC_0025293,nv,nv,0.000171087,7.614364e-07,auto_accept,baseline_badge
ISIC_0033504,bcc,bcc,0.11105066,0.9995121,auto_accept,baseline_badge
ISIC_0027163,mel,mel,1.0215949,0.48694623,escalate,baseline_badge
ISIC_0030365,bkl,akiec,0.9927924,0.53575957,escalate,baseline_badge
ISIC_0027702,mel,mel,0.054453947,0.9844698,auto_accept,baseline_badge
ISIC_0033889,nv,nv,0.79744506,0.032095242,escalate,baseline_badge
ISIC_0026018,bkl,bkl,1.0100569,0.5194209,auto_accept,baseline_badge
ISIC_0027806,bkl,bkl,0.19838163,0.05776008,auto_accept,baseline_badge
ISIC_0031994,nv,nv,0.00060904445,6.4860997e-06,auto_accept,baseline_badge
ISIC_0024311,nv,nv,0.0066303713,2.6134583e-06,auto_accept,baseline_badge
ISIC_0031236,bcc,bcc,0.5783808,0.9359286,auto_accept,baseline_badge
ISIC_0024888,nv,nv,0.021703398,1.4455508e-05,auto_accept,baseline_badge
ISIC_0025528,nv,nv,0.007233263,0.00037578307,auto_accept,baseline_badge
ISIC_0027222,nv,nv,0.0068984395,0.00020396634,auto_accept,baseline_badge
ISIC_0030603,nv,bkl,0.5783955,0.39631465,escalate,baseline_badge
ISIC_0025667,nv,nv,0.030890558,0.003109424,auto_accept,baseline_badge
ISIC_0032683,nv,nv,0.3191548,0.05987749,auto_accept,baseline_badge
ISIC_0031206,nv,nv,0.42485797,0.17338483,escalate,baseline_badge
ISIC_0027720,nv,nv,0.011857971,2.4863159e-05,auto_accept,baseline_badge
ISIC_0024743,bcc,bcc,0.010851871,0.9996909,auto_accept,baseline_badge
ISIC_0033513,nv,nv,0.0747633,0.0002024062,auto_accept,baseline_badge
ISIC_0026389,nv,bcc,0.76185775,0.1433021,escalate,baseline_badge
ISIC_0030854,nv,nv,0.008300922,0.00020470785,auto_accept,baseline_badge
ISIC_0025886,nv,nv,9.530885e-05,3.55633e-07,auto_accept,baseline_badge
ISIC_0026990,nv,nv,0.0022715773,4.1065596e-05,auto_accept,baseline_badge
ISIC_0032186,nv,mel,0.028536515,0.9966216,auto_accept,baseline_badge
ISIC_0029531,nv,nv,0.042266786,0.006565188,auto_accept,baseline_badge
ISIC_0028010,nv,nv,0.060645867,0.01039183,auto_accept,baseline_badge
ISIC_0033589,nv,nv,0.36672193,0.05267791,auto_accept,baseline_badge
ISIC_0033002,nv,nv,0.5329637,0.07725258,escalate,baseline_badge
ISIC_0031431,akiec,akiec,0.012136761,0.9994573,auto_accept,baseline_badge
ISIC_0030443,mel,mel,0.6578435,0.84883547,escalate,baseline_badge
ISIC_0032568,nv,nv,0.004344901,0.00043653056,auto_accept,baseline_badge
ISIC_0026878,nv,nv,0.02835219,0.00023541982,auto_accept,baseline_badge
ISIC_0033934,nv,mel,0.5791869,0.817044,auto_accept,baseline_badge
ISIC_0031373,nv,nv,0.00012929493,1.0980842e-07,auto_accept,baseline_badge
ISIC_0033909,nv,nv,0.68658525,0.017191133,auto_accept,baseline_badge
ISIC_0029917,bcc,bcc,0.01220379,0.9982765,auto_accept,baseline_badge
ISIC_0032411,nv,nv,0.00041689503,8.687216e-06,auto_accept,baseline_badge
ISIC_0025439,mel,mel,0.053070463,0.99989474,auto_accept,baseline_badge
ISIC_0033542,nv,nv,0.0019916925,1.4607506e-06,auto_accept,baseline_badge
ISIC_0032084,nv,nv,0.00013133805,7.8498915e-06,auto_accept,baseline_badge
ISIC_0033433,nv,bkl,0.4773815,1.0693374e-06,escalate,baseline_badge
ISIC_0030748,nv,nv,0.0003730573,1.1082217e-07,auto_accept,baseline_badge
ISIC_0033417,nv,nv,0.0034717296,6.217671e-05,auto_accept,baseline_badge
ISIC_0026162,nv,nv,0.010936162,4.8649745e-06,auto_accept,baseline_badge
ISIC_0025324,mel,nv,0.088611364,0.03634816,auto_accept,baseline_badge
ISIC_0031199,nv,nv,0.006745027,1.4262308e-06,auto_accept,baseline_badge
ISIC_0026985,nv,nv,0.00017583984,4.0694624e-07,auto_accept,baseline_badge
ISIC_0033453,bkl,bkl,0.029453384,0.009662808,auto_accept,baseline_badge
ISIC_0028527,nv,nv,0.74486965,0.057904426,auto_accept,baseline_badge
ISIC_0033567,nv,nv,0.113796726,0.008105188,auto_accept,baseline_badge
ISIC_0033481,nv,nv,0.034714326,0.0029380315,auto_accept,baseline_badge
ISIC_0030314,bcc,bcc,0.0016528231,0.9990958,auto_accept,baseline_badge
ISIC_0027657,nv,nv,0.0021141993,1.2443294e-05,auto_accept,baseline_badge
ISIC_0027518,nv,nv,0.0014864948,5.4540516e-05,auto_accept,baseline_badge
ISIC_0026446,bkl,bkl,0.0050396207,2.06406e-06,auto_accept,baseline_badge
ISIC_0034118,mel,mel,0.019976849,0.99615896,auto_accept,baseline_badge
ISIC_0027295,bkl,akiec,0.064104974,0.98145133,auto_accept,baseline_badge
ISIC_0031013,mel,mel,0.1686728,0.97071123,escalate,baseline_badge
ISIC_0026113,mel,mel,0.14617918,0.9724305,auto_accept,baseline_badge
ISIC_0027263,mel,mel,0.011475846,0.99798393,auto_accept,baseline_badge
ISIC_0034035,nv,nv,0.56844866,0.1687921,auto_accept,baseline_badge
ISIC_0025976,nv,nv,3.8626225e-05,2.6320978e-07,auto_accept,baseline_badge
ISIC_0024353,nv,nv,0.0024190494,1.0919768e-05,auto_accept,baseline_badge
ISIC_0028640,bkl,bkl,0.76171607,0.44726127,escalate,baseline_badge
ISIC_0032655,bkl,bkl,0.08514217,0.00064119056,auto_accept,baseline_badge
ISIC_0032077,nv,nv,3.112899e-05,9.03235e-09,auto_accept,baseline_badge
ISIC_0028145,nv,nv,0.024752626,0.0027908683,auto_accept,baseline_badge
ISIC_0030393,nv,nv,0.0006663194,2.5037092e-05,auto_accept,baseline_badge
ISIC_0032895,nv,nv,0.02344622,0.001813053,auto_accept,baseline_badge
ISIC_0026899,nv,nv,0.0011195341,4.0864445e-05,auto_accept,baseline_badge
ISIC_0024852,nv,nv,0.0018400584,4.2943306e-05,auto_accept,baseline_badge
ISIC_0033532,nv,mel,0.38577306,0.8621636,auto_accept,baseline_badge
ISIC_0028514,nv,nv,0.007964749,1.7984077e-06,auto_accept,baseline_badge
ISIC_0031323,nv,nv,0.052069925,0.0067804977,auto_accept,baseline_badge
ISIC_0027826,bkl,bkl,0.024988154,0.0012918065,auto_accept,baseline_badge
ISIC_0025240,nv,nv,0.11097909,0.0021704836,auto_accept,baseline_badge
ISIC_0024438,nv,nv,0.0010177353,1.0302132e-06,auto_accept,baseline_badge
ISIC_0025750,nv,nv,0.013219276,5.719923e-06,auto_accept,baseline_badge
ISIC_0024399,nv,nv,0.014562555,0.0010549845,auto_accept,baseline_badge
ISIC_0024630,mel,mel,0.013732438,0.99758697,auto_accept,baseline_badge
ISIC_0028302,nv,nv,0.16786629,0.0062213815,auto_accept,baseline_badge
ISIC_0028516,nv,nv,0.070650354,0.011502503,auto_accept,baseline_badge
ISIC_0026900,nv,nv,0.0003377368,1.4133822e-07,auto_accept,baseline_badge
ISIC_0026134,nv,nv,0.0023444372,6.0967734e-05,auto_accept,baseline_badge
ISIC_0028485,nv,nv,0.0011976837,3.210692e-05,auto_accept,baseline_badge
ISIC_0026395,bcc,nv,0.67377645,0.07295498,auto_accept,baseline_badge
ISIC_0026560,nv,mel,0.5904953,0.70999146,escalate,baseline_badge
ISIC_0027654,nv,bkl,0.21710612,2.4618914e-05,auto_accept,baseline_badge
ISIC_0026641,nv,nv,0.092361294,0.015617575,escalate,baseline_badge
ISIC_0031315,nv,nv,0.0012028469,3.0806857e-06,auto_accept,baseline_badge
ISIC_0032521,nv,nv,0.0040641166,0.00017861687,auto_accept,baseline_badge
ISIC_0026920,nv,nv,0.0010865268,2.3889063e-06,auto_accept,baseline_badge
ISIC_0024685,nv,nv,0.0003182074,3.1153928e-07,auto_accept,baseline_badge
ISIC_0027312,nv,nv,0.9087214,0.11349954,auto_accept,baseline_badge
ISIC_0025441,nv,nv,0.00076171535,4.0476403e-05,auto_accept,baseline_badge
ISIC_0027503,nv,nv,0.17636631,0.053693447,auto_accept,baseline_badge
ISIC_0029497,nv,nv,0.033380494,7.2401536e-07,auto_accept,baseline_badge
ISIC_0027309,nv,nv,0.0002447824,1.0672122e-06,auto_accept,baseline_badge
ISIC_0031003,nv,nv,0.00086064276,1.9987088e-05,auto_accept,baseline_badge
ISIC_0025940,bcc,akiec,1.2966381,0.82200456,escalate,baseline_badge
ISIC_0029902,nv,nv,0.03773524,0.003178352,auto_accept,baseline_badge
ISIC_0031300,nv,nv,0.007894202,1.912676e-07,auto_accept,baseline_badge
ISIC_0028987,nv,nv,0.38594338,0.058964472,auto_accept,baseline_badge
ISIC_0032282,nv,nv,0.010342626,1.8702619e-06,auto_accept,baseline_badge
ISIC_0028096,nv,nv,0.00028122196,4.370517e-06,auto_accept,baseline_badge
ISIC_0030709,nv,nv,0.12530652,0.034357294,auto_accept,baseline_badge
ISIC_0024676,bkl,bkl,0.035469778,0.02657212,auto_accept,baseline_badge
ISIC_0029471,nv,nv,0.0015616331,1.2288841e-05,auto_accept,baseline_badge
ISIC_0026591,nv,nv,0.0012492154,7.258236e-06,auto_accept,baseline_badge
ISIC_0030952,nv,nv,0.0053576063,2.3299137e-06,auto_accept,baseline_badge
ISIC_0032410,df,df,0.01684035,0.0027959198,auto_accept,baseline_badge
ISIC_0024403,bcc,bcc,1.2410479,0.22935915,escalate,baseline_badge
ISIC_0027389,nv,nv,0.011999971,1.5493622e-05,auto_accept,baseline_badge
ISIC_0026504,nv,nv,0.0001646281,6.0296834e-10,auto_accept,baseline_badge
ISIC_0028143,nv,nv,0.005440879,5.250656e-06,auto_accept,baseline_badge
ISIC_0027180,nv,nv,0.00084817986,2.4586445e-05,auto_accept,baseline_badge
ISIC_0027280,nv,nv,0.00011432519,1.7817717e-07,auto_accept,baseline_badge
ISIC_0031638,nv,nv,0.6331124,5.607149e-05,escalate,baseline_badge
ISIC_0030692,nv,nv,0.0075262412,0.00020976506,auto_accept,baseline_badge
ISIC_0027542,nv,nv,0.0044457274,3.1867643e-05,auto_accept,baseline_badge
ISIC_0024764,nv,nv,0.00206204,5.103383e-05,auto_accept,baseline_badge
ISIC_0025827,nv,nv,0.07747987,8.4645835e-06,auto_accept,baseline_badge
ISIC_0030614,nv,nv,0.69189703,1.6564927e-05,escalate,baseline_badge
ISIC_0033118,nv,bkl,0.6600313,0.0007618034,escalate,baseline_badge
ISIC_0027711,nv,nv,0.3486846,0.122201145,auto_accept,baseline_badge
ISIC_0025166,nv,nv,0.6584729,0.00038071332,auto_accept,baseline_badge
ISIC_0032964,nv,nv,0.09418561,0.020135744,auto_accept,baseline_badge
ISIC_0033643,mel,mel,0.6383925,0.7183124,auto_accept,baseline_badge
ISIC_0029756,nv,nv,0.019474348,0.0026511964,auto_accept,baseline_badge
ISIC_0026966,nv,nv,0.0001646356,2.1500398e-06,auto_accept,baseline_badge
ISIC_0032119,nv,nv,4.6373556e-05,1.7299706e-07,auto_accept,baseline_badge
ISIC_0031284,bcc,bcc,0.56682074,0.9511951,auto_accept,baseline_badge
ISIC_0032375,nv,nv,0.042363904,0.009403914,auto_accept,baseline_badge
ISIC_0029686,nv,nv,0.0010802893,3.2834203e-05,auto_accept,baseline_badge
ISIC_0032121,nv,nv,0.0025022659,8.8771185e-06,auto_accept,baseline_badge
ISIC_0027484,nv,nv,0.023422489,6.586709e-05,auto_accept,baseline_badge
ISIC_0025095,nv,bkl,0.51081485,0.00021533114,escalate,baseline_badge
ISIC_0025473,nv,nv,0.021039616,0.0011053707,auto_accept,baseline_badge
ISIC_0024699,nv,nv,0.00021800322,3.8127114e-06,auto_accept,baseline_badge
ISIC_0033065,nv,nv,0.004318058,0.00019434838,auto_accept,baseline_badge
ISIC_0024788,nv,nv,4.5357203e-05,2.0104751e-09,auto_accept,baseline_badge
ISIC_0027158,nv,nv,0.00015850784,4.123018e-06,auto_accept,baseline_badge
ISIC_0025092,nv,nv,0.0002179448,1.28999145e-05,auto_accept,baseline_badge
ISIC_0030165,mel,mel,0.26212633,0.8837792,auto_accept,baseline_badge
ISIC_0026067,nv,nv,0.039614644,0.0024609612,auto_accept,baseline_badge
ISIC_0031478,nv,nv,0.011683957,0.0005529918,auto_accept,baseline_badge
ISIC_0031477,nv,nv,1.3159386e-05,1.0166937e-07,auto_accept,baseline_badge
ISIC_0029147,bkl,bkl,0.0418332,0.006035956,auto_accept,baseline_badge
ISIC_0030166,nv,nv,0.0041754707,3.848362e-05,auto_accept,baseline_badge
ISIC_0034152,nv,bkl,0.14700884,0.00025829684,auto_accept,baseline_badge
ISIC_0028531,nv,nv,0.018934306,0.0029721064,auto_accept,baseline_badge
ISIC_0028503,bkl,bkl,0.00039366225,2.3317669e-07,auto_accept,baseline_badge
ISIC_0025797,nv,nv,0.00059828017,1.7032055e-05,auto_accept,baseline_badge
ISIC_0033826,nv,nv,0.0041829306,2.1051885e-05,auto_accept,baseline_badge
ISIC_0032912,nv,nv,0.05743387,0.0012426422,auto_accept,baseline_badge
ISIC_0026703,nv,nv,0.00026445073,1.8037967e-05,auto_accept,baseline_badge
ISIC_0034183,mel,nv,0.3994389,0.06175735,auto_accept,baseline_badge
ISIC_0032893,nv,nv,0.00695781,0.00010892962,auto_accept,baseline_badge
ISIC_0029444,nv,nv,0.112640366,0.0033436855,auto_accept,baseline_badge
ISIC_0029793,bkl,bkl,0.27409652,0.00012078916,escalate,baseline_badge
ISIC_0028005,nv,nv,0.00029647216,7.139565e-06,auto_accept,baseline_badge
ISIC_0030146,nv,nv,0.09460803,0.00070315646,auto_accept,baseline_badge
ISIC_0029536,nv,nv,0.011809745,8.34861e-05,auto_accept,baseline_badge
ISIC_0026260,nv,nv,0.40668663,0.052042473,auto_accept,baseline_badge
ISIC_0032727,bcc,bcc,0.19138831,0.9663273,auto_accept,baseline_badge
ISIC_0029341,bcc,bcc,0.11249904,0.8830296,auto_accept,baseline_badge
ISIC_0030765,nv,nv,0.011826458,0.0021845128,auto_accept,baseline_badge
ISIC_0028251,nv,nv,0.009228176,4.635459e-06,auto_accept,baseline_badge
ISIC_0029351,nv,nv,0.008491968,9.553209e-05,auto_accept,baseline_badge
ISIC_0028221,nv,nv,0.30311,0.022056144,auto_accept,baseline_badge
ISIC_0026263,bkl,bkl,0.03776872,0.0073191714,auto_accept,baseline_badge
ISIC_0029644,bcc,bcc,0.0064840703,0.9994081,auto_accept,baseline_badge
ISIC_0027060,mel,nv,0.03854063,0.0028754973,auto_accept,baseline_badge
ISIC_0027692,nv,nv,0.00021915253,1.9293948e-06,auto_accept,baseline_badge
ISIC_0031082,nv,nv,0.0020761825,0.0001369171,auto_accept,baseline_badge
ISIC_0031351,bcc,bcc,0.003856339,0.9999777,auto_accept,baseline_badge
ISIC_0032667,nv,nv,0.03701282,6.456671e-05,auto_accept,baseline_badge
ISIC_0030397,nv,nv,0.0010274035,5.0784843e-06,auto_accept,baseline_badge
ISIC_0033932,nv,nv,0.0065931147,4.1291667e-05,auto_accept,baseline_badge
ISIC_0025078,nv,nv,0.0026025202,5.3204658e-05,auto_accept,baseline_badge
ISIC_0026332,nv,nv,0.009193233,0.00034155056,auto_accept,baseline_badge
ISIC_0029081,mel,mel,0.25314298,0.908227,auto_accept,baseline_badge
ISIC_0027524,nv,nv,0.0002747515,6.172812e-06,auto_accept,baseline_badge
ISIC_0028030,nv,nv,9.030376e-06,1.3407355e-08,auto_accept,baseline_badge
ISIC_0028923,nv,nv,0.008960708,0.00058110274,auto_accept,baseline_badge
ISIC_0029061,bkl,bkl,0.00045231933,5.1214116e-05,auto_accept,baseline_badge
ISIC_0025194,nv,nv,0.005993907,2.7730459e-05,auto_accept,baseline_badge
ISIC_0027251,nv,nv,0.09582781,4.269521e-07,auto_accept,baseline_badge
ISIC_0025098,nv,nv,0.017064277,5.482681e-05,auto_accept,baseline_badge
ISIC_0032143,nv,nv,0.0073230565,0.00071635254,auto_accept,baseline_badge
ISIC_0029016,nv,nv,1.1940394e-05,7.583609e-08,auto_accept,baseline_badge
ISIC_0025613,nv,nv,0.007688788,0.00012396053,auto_accept,baseline_badge
ISIC_0025344,nv,nv,0.002579284,0.00019597291,auto_accept,baseline_badge
ISIC_0029151,nv,nv,9.561413e-05,1.2083805e-06,auto_accept,baseline_badge
ISIC_0030173,bkl,nv,0.8621238,0.020660486,escalate,baseline_badge
ISIC_0029273,nv,nv,0.014248423,0.000109711254,auto_accept,baseline_badge
ISIC_0029225,nv,nv,0.0007903202,1.9027791e-05,auto_accept,baseline_badge
ISIC_0026502,nv,nv,0.0016268225,0.00013548913,auto_accept,baseline_badge
ISIC_0026945,nv,nv,0.0037793803,4.8048725e-05,auto_accept,baseline_badge
ISIC_0029912,bkl,nv,0.16815053,0.0022832006,auto_accept,baseline_badge
ISIC_0033365,nv,nv,0.3030748,0.0030415258,auto_accept,baseline_badge
ISIC_0027421,nv,bkl,0.7315333,0.047614127,escalate,baseline_badge
ISIC_0031858,nv,nv,0.009070535,3.4494e-05,auto_accept,baseline_badge
ISIC_0030741,nv,nv,0.45174235,0.122207396,auto_accept,baseline_badge
ISIC_0026927,akiec,bcc,0.6283202,0.99583745,escalate,baseline_badge
ISIC_0028303,bcc,bcc,0.0175855,0.9994671,auto_accept,baseline_badge
ISIC_0027390,nv,nv,0.006204819,0.0004368607,auto_accept,baseline_badge
ISIC_0025009,nv,nv,0.010412354,5.9204704e-05,auto_accept,baseline_badge
ISIC_0025625,nv,nv,0.019912647,0.00019637278,auto_accept,baseline_badge
ISIC_0025559,nv,nv,0.81278896,0.00011924636,auto_accept,baseline_badge
ISIC_0027616,mel,bcc,0.08904267,0.9143453,auto_accept,baseline_badge
ISIC_0029025,akiec,akiec,0.6039054,0.99019253,escalate,baseline_badge
ISIC_0032012,nv,nv,0.0001056514,5.672326e-07,auto_accept,baseline_badge
ISIC_0031355,nv,nv,0.00021279733,3.2224827e-06,auto_accept,baseline_badge
ISIC_0024934,nv,nv,0.20409404,0.0023506137,auto_accept,baseline_badge
ISIC_0027354,bkl,bkl,1.1769373,0.7670271,escalate,baseline_badge
ISIC_0025423,nv,nv,0.0054121763,0.00015650052,auto_accept,baseline_badge
ISIC_0032314,bcc,bcc,0.011123484,0.99956995,auto_accept,baseline_badge
ISIC_0025493,nv,nv,0.0031704484,5.3815015e-06,auto_accept,baseline_badge
ISIC_0024614,nv,nv,0.00096467073,1.7260849e-05,auto_accept,baseline_badge
ISIC_0029785,nv,nv,0.0042995852,0.00065351214,auto_accept,baseline_badge
ISIC_0029226,nv,nv,0.1256489,0.028032333,auto_accept,baseline_badge
ISIC_0031080,nv,nv,0.00854026,0.000361084,auto_accept,baseline_badge
ISIC_0030020,nv,nv,0.0029379183,1.955076e-05,auto_accept,baseline_badge
ISIC_0024439,nv,nv,0.48323312,0.15212807,auto_accept,baseline_badge
ISIC_0030725,nv,nv,0.00013594751,7.0537095e-07,auto_accept,baseline_badge
ISIC_0030439,nv,nv,0.0019581008,8.5475685e-06,auto_accept,baseline_badge
ISIC_0030262,nv,nv,0.002647712,0.00012980944,auto_accept,baseline_badge
ISIC_0030867,nv,nv,0.28609332,2.4065379e-05,auto_accept,baseline_badge
ISIC_0027138,nv,nv,0.40249372,0.012627738,auto_accept,baseline_badge
ISIC_0024559,nv,nv,0.14869139,0.01647655,auto_accept,baseline_badge
ISIC_0026219,bkl,bkl,0.011634569,0.0016792582,auto_accept,baseline_badge
ISIC_0032902,nv,nv,0.061858144,0.0120723,auto_accept,baseline_badge
ISIC_0026622,mel,akiec,0.31963423,0.9870438,auto_accept,baseline_badge
ISIC_0025002,nv,nv,0.06210722,0.00014051308,auto_accept,baseline_badge
ISIC_0026216,nv,nv,0.8764301,0.42950028,auto_accept,baseline_badge
ISIC_0033586,mel,mel,0.64782465,0.61853707,auto_accept,baseline_badge
ISIC_0025425,vasc,vasc,0.006210086,8.081583e-05,auto_accept,baseline_badge
ISIC_0030297,akiec,akiec,1.2150676,0.9901869,escalate,baseline_badge
ISIC_0031135,nv,nv,6.301186e-05,5.2006115e-09,auto_accept,baseline_badge
ISIC_0030363,nv,nv,0.0018107347,7.048243e-05,auto_accept,baseline_badge
ISIC_0025079,nv,nv,0.00032255368,3.5123276e-07,auto_accept,baseline_badge
ISIC_0030219,nv,nv,0.36705545,0.021058844,auto_accept,baseline_badge
ISIC_0024708,bkl,bkl,0.64544576,0.05994035,auto_accept,baseline_badge
ISIC_0032495,nv,nv,6.232154e-05,3.0397755e-06,auto_accept,baseline_badge
ISIC_0026445,nv,nv,0.062866785,0.015518825,auto_accept,baseline_badge
ISIC_0033197,nv,nv,0.004057712,0.00055071135,auto_accept,baseline_badge
ISIC_0026887,nv,nv,0.0034365195,0.00028474862,auto_accept,baseline_badge
ISIC_0028674,nv,nv,0.0018489116,9.810082e-06,auto_accept,baseline_badge
ISIC_0034187,nv,nv,0.726898,0.0015285071,auto_accept,baseline_badge
ISIC_0026594,nv,nv,0.016906423,0.001983348,auto_accept,baseline_badge
ISIC_0024839,bkl,bkl,0.00442569,0.0002275841,auto_accept,baseline_badge
ISIC_0033872,mel,mel,1.0094293,0.32828182,escalate,baseline_badge
ISIC_0028824,nv,nv,0.006236459,7.31808e-06,auto_accept,baseline_badge
ISIC_0025730,nv,nv,0.089937404,0.01492186,auto_accept,baseline_badge
ISIC_0032245,mel,nv,0.035621844,0.0013616891,auto_accept,baseline_badge
ISIC_0029940,nv,nv,0.090078354,0.023868391,auto_accept,baseline_badge
ISIC_0032256,nv,nv,7.462087e-05,3.3588714e-07,auto_accept,baseline_badge
ISIC_0025217,nv,nv,0.0500714,0.0047016623,auto_accept,baseline_badge
ISIC_0030530,nv,nv,0.00838808,0.00020087237,auto_accept,baseline_badge
ISIC_0025862,nv,nv,0.0069560204,0.00012318086,auto_accept,baseline_badge
ISIC_0025989,nv,nv,0.20160642,0.035058185,auto_accept,baseline_badge
ISIC_0026499,nv,nv,0.004069789,0.00013500925,auto_accept,baseline_badge
ISIC_0028686,nv,nv,0.14992061,0.00027579928,auto_accept,baseline_badge
ISIC_0028164,nv,nv,0.0081806835,0.00032611509,auto_accept,baseline_badge
ISIC_0033095,nv,nv,0.05138648,0.00043949235,auto_accept,baseline_badge
ISIC_0033138,nv,nv,0.00024250401,5.1959423e-06,auto_accept,baseline_badge
ISIC_0027198,nv,nv,0.00024873472,5.8298688e-06,auto_accept,baseline_badge
ISIC_0027795,akiec,akiec,0.40474248,0.9598112,auto_accept,baseline_badge
ISIC_0030409,nv,nv,0.00050930056,8.8608687e-07,auto_accept,baseline_badge
ISIC_0025193,nv,nv,0.016022408,0.00031476942,auto_accept,baseline_badge
ISIC_0026972,nv,nv,0.00035898617,3.793948e-06,auto_accept,baseline_badge
ISIC_0030612,nv,nv,0.52873456,1.168008e-06,escalate,baseline_badge
ISIC_0033616,mel,mel,0.08433716,0.98058033,auto_accept,baseline_badge
ISIC_0033527,nv,nv,0.4452338,0.13657524,escalate,baseline_badge
ISIC_0024539,akiec,bkl,0.020185597,0.003519769,auto_accept,baseline_badge
ISIC_0028138,nv,nv,0.00020467605,3.831805e-06,auto_accept,baseline_badge
ISIC_0024884,nv,nv,0.00013083077,3.8167718e-07,auto_accept,baseline_badge
ISIC_0025733,nv,nv,0.0031376712,0.00016523756,auto_accept,baseline_badge
ISIC_0033023,mel,mel,0.10577395,0.98341334,escalate,baseline_badge
ISIC_0034244,nv,nv,0.21443842,0.04332717,auto_accept,baseline_badge
ISIC_0030350,nv,nv,0.6769268,0.40475965,auto_accept,baseline_badge
ISIC_0031492,nv,nv,0.022221912,4.243254e-05,auto_accept,baseline_badge
ISIC_0032023,nv,nv,0.0038514386,1.5503969e-05,auto_accept,baseline_badge
ISIC_0028631,nv,nv,0.2848325,0.13001429,auto_accept,baseline_badge
ISIC_0031861,nv,nv,0.005201757,0.00024751542,auto_accept,baseline_badge
ISIC_0026299,nv,nv,0.001032998,1.7102404e-05,auto_accept,baseline_badge
ISIC_0029359,nv,nv,0.9346051,0.19543998,auto_accept,baseline_badge
ISIC_0029861,nv,nv,0.031258196,0.0026014305,auto_accept,baseline_badge
ISIC_0030703,nv,nv,0.0029526218,3.423119e-05,auto_accept,baseline_badge
ISIC_0032002,nv,nv,0.0585836,4.460389e-05,auto_accept,baseline_badge
ISIC_0033898,nv,nv,0.016036423,5.3948897e-05,auto_accept,baseline_badge
ISIC_0031835,nv,nv,0.0001256829,1.9698364e-06,auto_accept,baseline_badge
ISIC_0025927,mel,mel,0.0054676193,0.9993311,auto_accept,baseline_badge
ISIC_0024430,nv,nv,0.0027112013,0.000341068,auto_accept,baseline_badge
ISIC_0024881,bkl,bcc,0.60006094,0.9852212,escalate,baseline_badge
ISIC_0030082,nv,mel,0.048977036,0.99387336,auto_accept,baseline_badge
ISIC_0026448,nv,nv,0.0025100433,0.00015119553,auto_accept,baseline_badge
ISIC_0026464,nv,nv,0.0002487884,2.0598834e-06,auto_accept,baseline_badge
ISIC_0031213,nv,nv,0.0022166881,5.1953055e-05,auto_accept,baseline_badge
ISIC_0027965,nv,nv,0.0014897378,4.0276814e-06,auto_accept,baseline_badge
ISIC_0025994,nv,nv,0.006442898,0.00015718173,auto_accept,baseline_badge
ISIC_0034136,nv,nv,0.7223794,0.1442934,auto_accept,baseline_badge
ISIC_0031425,nv,nv,0.00039215825,2.7696015e-06,auto_accept,baseline_badge
ISIC_0024715,nv,nv,0.0027688995,0.00022365525,auto_accept,baseline_badge
ISIC_0024691,nv,nv,0.26203984,0.0011270451,auto_accept,baseline_badge
ISIC_0030621,nv,nv,0.28886184,0.08499704,auto_accept,baseline_badge
ISIC_0031338,nv,nv,0.0015269492,4.4755066e-05,auto_accept,baseline_badge
ISIC_0029950,nv,bkl,0.5990218,4.844127e-05,auto_accept,baseline_badge
ISIC_0030779,nv,nv,0.0027374777,0.0001745986,auto_accept,baseline_badge
ISIC_0031036,nv,nv,0.015898561,0.0010057885,auto_accept,baseline_badge
ISIC_0029000,mel,mel,0.031110978,0.9956442,auto_accept,baseline_badge
ISIC_0031362,bkl,bkl,0.0043902104,0.000303521,auto_accept,baseline_badge
ISIC_0024795,bcc,bcc,0.035898756,0.9975726,auto_accept,baseline_badge
ISIC_0032974,nv,nv,1.0323792,0.6985573,escalate,baseline_badge
ISIC_0031657,nv,nv,0.0030413705,7.181895e-05,auto_accept,baseline_badge
ISIC_0030792,nv,nv,0.29099366,0.0023832063,auto_accept,baseline_badge
ISIC_0026762,nv,nv,0.005541345,0.00011007225,auto_accept,baseline_badge
ISIC_0033273,nv,nv,0.026874548,0.0028275063,auto_accept,baseline_badge
ISIC_0027328,mel,bkl,0.9930722,0.7516308,escalate,baseline_badge
ISIC_0028654,nv,nv,0.023002803,1.3559547e-06,auto_accept,baseline_badge
ISIC_0028331,bkl,bkl,0.18667538,0.00014148635,auto_accept,baseline_badge
ISIC_0029766,nv,nv,0.035507903,0.004887738,auto_accept,baseline_badge
ISIC_0024316,nv,nv,0.007400361,0.00024032804,auto_accept,baseline_badge
ISIC_0025367,nv,nv,0.038261056,0.0019337374,auto_accept,baseline_badge
ISIC_0024716,nv,nv,0.09281431,0.016813852,auto_accept,baseline_badge
ISIC_0025688,nv,nv,0.003442064,2.0512068e-06,auto_accept,baseline_badge
ISIC_0026102,nv,nv,0.000577891,4.6616708e-05,auto_accept,baseline_badge
ISIC_0032523,nv,nv,0.00019251679,6.3395855e-06,auto_accept,baseline_badge
ISIC_0033797,nv,nv,0.0051192734,0.00026248748,auto_accept,baseline_badge
ISIC_0028948,nv,nv,0.00026590104,5.1673726e-07,auto_accept,baseline_badge
ISIC_0029181,nv,nv,0.00078931777,2.2466293e-05,auto_accept,baseline_badge
ISIC_0028272,nv,nv,0.13053516,0.030438142,auto_accept,baseline_badge
ISIC_0029939,nv,nv,0.013220682,0.00082338724,auto_accept,baseline_badge
ISIC_0030938,nv,nv,0.0012348774,4.4803896e-06,auto_accept,baseline_badge
ISIC_0031685,nv,nv,0.002370229,3.2288535e-06,auto_accept,baseline_badge
ISIC_0026888,nv,nv,0.008781056,0.0002572965,auto_accept,baseline_badge
ISIC_0030010,bcc,bcc,0.00031705011,0.9999492,auto_accept,baseline_badge
ISIC_0034150,mel,mel,0.29458174,0.9913708,auto_accept,baseline_badge
ISIC_0032919,vasc,vasc,0.012027683,0.00019436989,auto_accept,baseline_badge
ISIC_0032343,bkl,bkl,0.035911754,0.0017043647,auto_accept,baseline_badge
ISIC_0030268,nv,nv,0.105949424,0.010533648,auto_accept,baseline_badge
ISIC_0026663,bkl,bkl,0.020008635,0.008679574,auto_accept,baseline_badge
ISIC_0024742,nv,nv,0.027468594,0.0012618076,auto_accept,baseline_badge
ISIC_0032508,bkl,bkl,0.03268544,0.022177989,auto_accept,baseline_badge
ISIC_0031687,nv,nv,0.0038036134,0.0003319691,auto_accept,baseline_badge
ISIC_0026007,nv,nv,0.0006552741,6.6781417e-06,auto_accept,baseline_badge
ISIC_0027510,nv,nv,0.0019907255,8.4270585e-05,auto_accept,baseline_badge
ISIC_0027986,nv,nv,0.038897265,5.4080763e-05,auto_accept,baseline_badge
ISIC_0028167,nv,nv,0.052826118,0.00032180452,auto_accept,baseline_badge
ISIC_0034275,mel,mel,0.15118472,0.92447627,auto_accept,baseline_badge
ISIC_0027342,nv,nv,0.0031557828,3.532147e-05,auto_accept,baseline_badge
ISIC_0032682,nv,nv,0.21730787,0.001000016,auto_accept,baseline_badge
ISIC_0025245,nv,mel,0.46348712,0.77297974,auto_accept,baseline_badge
ISIC_0024489,bkl,bkl,0.04689166,0.004774688,auto_accept,baseline_badge
ISIC_0026016,bkl,bkl,0.0071472838,0.0010469691,auto_accept,baseline_badge
ISIC_0033153,nv,nv,0.018356621,6.818343e-05,auto_accept,baseline_badge
ISIC_0033776,bkl,bkl,0.059765242,0.0011186773,auto_accept,baseline_badge
ISIC_0033306,bkl,bkl,0.049730226,0.027312541,auto_accept,baseline_badge
ISIC_0028625,nv,mel,1.2281822,0.45330122,escalate,baseline_badge
ISIC_0026896,nv,nv,0.0005154411,5.455248e-06,auto_accept,baseline_badge
ISIC_0025495,nv,nv,0.0014878665,7.621556e-05,auto_accept,baseline_badge
ISIC_0031907,nv,nv,0.00039671344,1.42512e-05,auto_accept,baseline_badge
ISIC_0032628,nv,nv,0.07644169,0.022823866,auto_accept,baseline_badge
ISIC_0028561,nv,nv,4.081475e-05,1.0046093e-07,auto_accept,baseline_badge
ISIC_0028126,mel,nv,0.003874929,0.00030554694,auto_accept,baseline_badge
ISIC_0027537,nv,nv,0.2578893,0.06084524,auto_accept,baseline_badge
ISIC_0025440,nv,nv,9.307513e-05,1.3201706e-06,auto_accept,baseline_badge
ISIC_0033912,nv,nv,0.029735424,0.0042383783,auto_accept,baseline_badge
ISIC_0024444,nv,nv,0.009134659,0.0003542965,auto_accept,baseline_badge
ISIC_0028162,nv,nv,0.008456859,3.259514e-06,auto_accept,baseline_badge
ISIC_0030645,nv,nv,0.7953961,0.017255574,escalate,baseline_badge
ISIC_0031785,nv,nv,0.0020732428,4.321367e-06,auto_accept,baseline_badge
ISIC_0025921,nv,nv,0.0010459335,2.789424e-05,auto_accept,baseline_badge
ISIC_0032358,bkl,bkl,0.04392958,0.007984436,auto_accept,baseline_badge
ISIC_0032926,nv,nv,0.053573404,0.0070485706,auto_accept,baseline_badge
ISIC_0025922,nv,nv,0.00722362,2.0785767e-05,auto_accept,baseline_badge
ISIC_0028359,nv,nv,0.04670468,1.6886255e-05,auto_accept,baseline_badge
ISIC_0030312,nv,df,0.00096310704,0.00049355935,auto_accept,baseline_badge
ISIC_0027499,nv,nv,0.0012186797,3.548484e-05,auto_accept,baseline_badge
ISIC_0024828,nv,nv,0.013780699,5.6685843e-05,auto_accept,baseline_badge
ISIC_0029361,nv,nv,0.013732779,0.00067050714,auto_accept,baseline_badge
ISIC_0032088,nv,nv,0.016779026,4.5479956e-06,auto_accept,baseline_badge
ISIC_0032983,bkl,bkl,0.44459096,0.0011085164,auto_accept,baseline_badge
ISIC_0029463,nv,nv,0.12360953,1.024467e-05,auto_accept,baseline_badge
ISIC_0030273,nv,mel,0.18425182,0.9406663,auto_accept,baseline_badge
ISIC_0027816,nv,nv,0.004979434,0.00012384747,auto_accept,baseline_badge
ISIC_0027150,nv,nv,0.0010630374,1.722421e-06,auto_accept,baseline_badge
ISIC_0033699,nv,nv,0.11188454,0.017944682,auto_accept,baseline_badge
ISIC_0033714,nv,nv,0.09515386,0.026853127,auto_accept,baseline_badge
ISIC_0031618,nv,nv,0.08962513,0.008313019,auto_accept,baseline_badge
ISIC_0029549,akiec,bcc,1.3029076,0.96379226,escalate,baseline_badge
ISIC_0032607,nv,nv,0.25395802,0.060084444,auto_accept,baseline_badge
ISIC_0024342,nv,nv,0.009672773,3.1547918e-06,auto_accept,baseline_badge
ISIC_0027412,nv,nv,0.04386493,0.0042051882,auto_accept,baseline_badge
ISIC_0031248,nv,nv,0.0012233689,4.7595244e-05,auto_accept,baseline_badge
ISIC_0030211,mel,mel,0.00017635398,0.99998426,auto_accept,baseline_badge
ISIC_0027778,nv,nv,0.00018248514,4.091699e-07,auto_accept,baseline_badge
ISIC_0029958,mel,bkl,0.4105037,0.23709124,auto_accept,baseline_badge
ISIC_0033890,nv,nv,0.46953246,0.03432232,escalate,baseline_badge
ISIC_0026182,nv,nv,0.006521835,0.0002836872,auto_accept,baseline_badge
ISIC_0033891,df,df,0.20280279,0.008308283,escalate,baseline_badge
ISIC_0024735,nv,nv,0.00026225764,4.295506e-06,auto_accept,baseline_badge
ISIC_0031568,nv,nv,1.7520396e-08,1.1879447e-10,auto_accept,baseline_badge
ISIC_0032928,nv,nv,0.09819657,0.0053183716,auto_accept,baseline_badge
ISIC_0028879,nv,nv,0.018760597,0.00070164364,auto_accept,baseline_badge
ISIC_0028790,df,df,0.00016761299,2.4853368e-06,auto_accept,baseline_badge
ISIC_0030282,nv,nv,0.1552747,0.013747958,auto_accept,baseline_badge
ISIC_0026969,nv,nv,0.0021241107,3.1800308e-05,auto_accept,baseline_badge
ISIC_0028700,nv,nv,0.0060010636,9.162443e-05,auto_accept,baseline_badge
ISIC_0029063,nv,nv,0.00074043387,4.3936046e-07,auto_accept,baseline_badge
ISIC_0025053,nv,nv,0.00022438998,3.516249e-07,auto_accept,baseline_badge
ISIC_0028040,nv,nv,0.10859016,0.00012211311,auto_accept,baseline_badge
ISIC_0033514,nv,nv,0.88255095,0.057516802,auto_accept,baseline_badge
ISIC_0029240,nv,nv,0.002203003,2.7679573e-05,auto_accept,baseline_badge
ISIC_0032622,mel,mel,0.009006176,0.9980591,auto_accept,baseline_badge
ISIC_0027743,nv,nv,0.00051803276,4.1152118e-05,auto_accept,baseline_badge
ISIC_0030339,bcc,bcc,0.010398519,0.9966047,auto_accept,baseline_badge
ISIC_0025949,nv,nv,6.34575e-05,7.9965974e-07,auto_accept,baseline_badge
ISIC_0028421,nv,nv,0.0003863253,1.3943124e-07,auto_accept,baseline_badge
ISIC_0027586,nv,nv,0.002833129,1.8542672e-05,auto_accept,baseline_badge
ISIC_0029805,bcc,bcc,0.0010018871,0.9998554,auto_accept,baseline_badge
ISIC_0031866,nv,nv,0.14593242,0.00086652336,auto_accept,baseline_badge
ISIC_0028809,nv,nv,0.2744425,0.0044378797,escalate,baseline_badge
ISIC_0033743,nv,nv,0.041384086,0.0022837895,auto_accept,baseline_badge
ISIC_0030942,nv,nv,0.046506315,0.0040044105,auto_accept,baseline_badge
ISIC_0027846,bcc,bcc,0.0028792976,0.99978286,auto_accept,baseline_badge
ISIC_0024917,nv,nv,0.17867497,3.4358475e-06,auto_accept,baseline_badge
ISIC_0028021,nv,nv,0.19662349,0.0005171202,auto_accept,baseline_badge
ISIC_0027032,nv,nv,0.0022988003,7.691464e-06,auto_accept,baseline_badge
ISIC_0025355,nv,nv,0.012704378,0.0014979267,auto_accept,baseline_badge
ISIC_0031179,nv,nv,2.7412381e-05,1.1895601e-06,auto_accept,baseline_badge
ISIC_0033774,nv,nv,0.18581116,0.024031233,auto_accept,baseline_badge
ISIC_0031873,nv,nv,0.0008017205,2.270145e-06,auto_accept,baseline_badge
ISIC_0030666,nv,nv,0.016822768,0.00034203674,auto_accept,baseline_badge
ISIC_0025059,nv,nv,0.00404223,7.744536e-05,auto_accept,baseline_badge
ISIC_0030865,nv,nv,6.742137e-05,1.0801299e-06,auto_accept,baseline_badge
ISIC_0033741,nv,nv,0.28516015,0.010738479,auto_accept,baseline_badge
ISIC_0027379,nv,bkl,0.5181184,0.004478216,auto_accept,baseline_badge
ISIC_0034093,bcc,bcc,0.00028941312,0.99998593,auto_accept,baseline_badge
ISIC_0028247,nv,nv,0.006318997,2.884936e-05,auto_accept,baseline_badge
ISIC_0027931,nv,nv,0.061030887,0.010491879,auto_accept,baseline_badge
ISIC_0032333,nv,nv,0.012689588,0.0020514168,auto_accept,baseline_badge
ISIC_0027647,nv,nv,0.000928899,2.4839439e-05,auto_accept,baseline_badge
ISIC_0027014,nv,nv,0.001020339,2.8535953e-05,auto_accept,baseline_badge
ISIC_0030169,nv,nv,0.00028660748,2.6905693e-06,auto_accept,baseline_badge
ISIC_0034292,nv,nv,0.050874904,0.005399646,auto_accept,baseline_badge
ISIC_0024706,vasc,vasc,8.537866e-06,6.207816e-08,auto_accept,baseline_badge
ISIC_0024762,nv,nv,0.246992,0.0144467065,auto_accept,baseline_badge
ISIC_0031920,nv,nv,0.00097435596,5.9410545e-06,auto_accept,baseline_badge
ISIC_0032679,nv,nv,0.41876954,0.008549686,auto_accept,baseline_badge
ISIC_0029974,bcc,bcc,0.00055020675,0.9999869,auto_accept,baseline_badge
ISIC_0033800,nv,nv,0.16041365,0.01058204,auto_accept,baseline_badge
ISIC_0030715,nv,nv,0.009727831,1.3493959e-05,auto_accept,baseline_badge
ISIC_0033440,mel,mel,0.07406018,0.97845626,auto_accept,baseline_badge
ISIC_0029032,bkl,bkl,0.11524045,0.0072113136,auto_accept,baseline_badge
ISIC_0028981,nv,nv,0.026244197,0.0033752583,auto_accept,baseline_badge
ISIC_0031992,nv,nv,0.0040927557,4.392564e-05,auto_accept,baseline_badge
ISIC_0026556,bkl,bkl,0.15990534,0.0035712302,auto_accept,baseline_badge
ISIC_0028507,nv,nv,0.15479149,0.030493747,auto_accept,baseline_badge
ISIC_0030658,nv,nv,0.027285693,0.00212005,auto_accept,baseline_badge
ISIC_0028026,mel,mel,0.15272656,0.97570646,auto_accept,baseline_badge
ISIC_0027799,nv,nv,0.0006724878,8.687788e-06,auto_accept,baseline_badge
ISIC_0030105,bkl,nv,0.27761468,0.0019142511,escalate,baseline_badge
ISIC_0032238,akiec,akiec,1.9004303e-05,0.9999974,auto_accept,baseline_badge
ISIC_0029154,nv,nv,0.00054003054,4.822642e-07,auto_accept,baseline_badge
ISIC_0028682,nv,nv,0.008496564,0.00014428324,auto_accept,baseline_badge
ISIC_0029733,nv,nv,0.76351327,0.13314317,auto_accept,baseline_badge
ISIC_0024570,nv,nv,0.015562646,0.0002079608,auto_accept,baseline_badge
ISIC_0032198,nv,nv,0.03916795,0.0002148361,auto_accept,baseline_badge
ISIC_0033047,mel,mel,0.12474273,0.96359146,auto_accept,baseline_badge
ISIC_0027212,nv,nv,0.0066587776,5.1317755e-05,auto_accept,baseline_badge
ISIC_0034077,nv,nv,0.078556925,6.6543143e-06,auto_accept,baseline_badge
ISIC_0024988,nv,nv,0.00020250081,2.1787771e-07,escalate,baseline_badge
ISIC_0030727,nv,nv,0.020793622,1.9430054e-05,auto_accept,baseline_badge
ISIC_0025868,nv,nv,0.008980158,2.9342586e-05,auto_accept,baseline_badge
ISIC_0032159,bkl,bkl,0.006563844,0.011158978,auto_accept,baseline_badge
ISIC_0032039,nv,nv,0.007001968,7.773926e-05,auto_accept,baseline_badge
ISIC_0025966,nv,nv,0.011364833,0.0003463355,auto_accept,baseline_badge
ISIC_0027690,nv,nv,0.0019814896,3.0696467e-06,auto_accept,baseline_badge
ISIC_0025578,vasc,vasc,0.02160938,0.00013657742,auto_accept,baseline_badge
ISIC_0027257,nv,nv,0.044770304,0.0011819899,auto_accept,baseline_badge
ISIC_0028224,akiec,akiec,0.030117901,0.99313533,auto_accept,baseline_badge
ISIC_0033753,nv,nv,0.3163926,0.051146083,auto_accept,baseline_badge
ISIC_0032450,mel,mel,0.019445628,0.99744177,auto_accept,baseline_badge
ISIC_0031182,nv,nv,0.0030230957,9.924798e-05,auto_accept,baseline_badge
ISIC_0032830,nv,nv,0.4924067,0.0017223121,escalate,baseline_badge
ISIC_0026199,nv,nv,0.0005269123,9.846711e-06,auto_accept,baseline_badge
ISIC_0024645,nv,nv,0.015260015,0.0023229106,auto_accept,baseline_badge
ISIC_0027504,bkl,mel,1.099145,0.8765635,escalate,baseline_badge
ISIC_0030212,nv,nv,0.00828632,4.6877742e-07,auto_accept,baseline_badge
ISIC_0034262,mel,mel,0.005985009,0.9974437,auto_accept,baseline_badge
ISIC_0025043,nv,nv,0.09475735,0.019079033,auto_accept,baseline_badge
ISIC_0025590,nv,nv,0.00017375874,1.8357994e-06,auto_accept,baseline_badge
ISIC_0029200,nv,nv,0.14249319,0.007630838,auto_accept,baseline_badge
ISIC_0033818,nv,nv,0.043435033,0.0024263128,auto_accept,baseline_badge
ISIC_0026708,nv,nv,0.0046501462,7.078911e-05,auto_accept,baseline_badge
ISIC_0032565,nv,mel,0.25277275,0.9632314,auto_accept,baseline_badge
ISIC_0028149,nv,nv,0.032290794,0.005798196,auto_accept,baseline_badge
ISIC_0026871,bkl,akiec,0.645946,0.5694625,escalate,baseline_badge
ISIC_0029576,bkl,bkl,0.47171268,0.19886954,auto_accept,baseline_badge
ISIC_0027155,mel,mel,0.08931951,0.9837456,auto_accept,baseline_badge
ISIC_0025118,nv,nv,0.08520663,0.013757763,auto_accept,baseline_badge
ISIC_0034044,nv,nv,0.00288783,0.00012562072,auto_accept,baseline_badge
ISIC_0033404,nv,mel,0.09619105,0.9747021,auto_accept,baseline_badge
ISIC_0029959,nv,nv,0.042032126,0.002422183,auto_accept,baseline_badge
ISIC_0029013,mel,nv,0.09524872,0.013047296,auto_accept,baseline_badge
ISIC_0028521,nv,nv,8.2969345e-05,4.084205e-08,auto_accept,baseline_badge
ISIC_0030092,nv,mel,0.1929836,0.91752,auto_accept,baseline_badge
ISIC_0027896,akiec,akiec,0.0031139595,0.99793386,auto_accept,baseline_badge
ISIC_0030236,nv,nv,0.008093275,3.7976788e-05,auto_accept,baseline_badge
ISIC_0030300,nv,nv,0.009768419,0.0007001588,auto_accept,baseline_badge
ISIC_0033866,akiec,bkl,0.06116875,0.16948073,auto_accept,baseline_badge
ISIC_0034081,nv,nv,0.075726025,0.0023880159,auto_accept,baseline_badge
ISIC_0026154,bcc,bcc,0.019512584,0.9992181,auto_accept,baseline_badge
ISIC_0033583,bkl,bkl,0.0071014646,0.003427991,auto_accept,baseline_badge
ISIC_0025362,bcc,bcc,0.02525698,0.9994791,auto_accept,baseline_badge
ISIC_0028633,nv,nv,0.017454455,0.00063037954,auto_accept,baseline_badge
ISIC_0029255,nv,nv,1.9367888e-05,6.048544e-08,auto_accept,baseline_badge
ISIC_0030466,nv,nv,3.3489416e-06,1.1827325e-08,auto_accept,baseline_badge
ISIC_0029625,nv,nv,0.9926569,0.05353667,auto_accept,baseline_badge
ISIC_0033731,nv,nv,0.0394644,0.00038070677,auto_accept,baseline_badge
ISIC_0028864,nv,nv,0.001315277,6.733819e-05,auto_accept,baseline_badge
ISIC_0027626,df,df,0.0015282508,0.00054223434,auto_accept,baseline_badge
ISIC_0025072,nv,nv,0.0022953916,2.789347e-05,auto_accept,baseline_badge
ISIC_0027065,mel,mel,0.1618457,0.9258483,auto_accept,baseline_badge
ISIC_0033671,nv,bkl,0.7573661,0.05443499,auto_accept,baseline_badge
ISIC_0026202,nv,nv,0.13125083,2.0547252e-06,auto_accept,baseline_badge
ISIC_0032067,nv,nv,0.5918361,0.24226288,escalate,baseline_badge
ISIC_0026986,nv,nv,0.00090452586,1.7629237e-06,auto_accept,baseline_badge
ISIC_0026098,nv,nv,4.9320744e-05,3.7987093e-07,auto_accept,baseline_badge
ISIC_0034287,mel,mel,0.059907414,0.9790127,auto_accept,baseline_badge
ISIC_0029649,nv,nv,0.00035714704,4.358426e-06,auto_accept,baseline_badge
ISIC_0033841,nv,nv,0.15438308,2.8507253e-05,auto_accept,baseline_badge
ISIC_0027715,nv,nv,0.050227467,0.0069790957,auto_accept,baseline_badge
ISIC_0034193,nv,nv,0.0026649022,0.00011470269,auto_accept,baseline_badge
ISIC_0031053,nv,nv,0.011215055,0.0013198835,auto_accept,baseline_badge
ISIC_0033474,nv,nv,0.6813549,0.57614845,escalate,baseline_badge
ISIC_0025062,nv,nv,0.69050443,0.39135355,escalate,baseline_badge
ISIC_0025485,bkl,bkl,0.11839852,0.018225757,auto_accept,baseline_badge
ISIC_0026740,nv,nv,0.00025115788,2.2366683e-06,auto_accept,baseline_badge
ISIC_0030978,nv,bkl,0.11939223,0.019344669,escalate,baseline_badge
ISIC_0029596,bkl,bkl,0.283227,0.0006627521,auto_accept,baseline_badge
ISIC_0025958,nv,mel,0.4525362,0.89112306,auto_accept,baseline_badge
ISIC_0030609,nv,nv,0.07478583,0.0052857,auto_accept,baseline_badge
ISIC_0030263,nv,nv,0.023736553,0.00068141,auto_accept,baseline_badge
ISIC_0032257,nv,nv,0.0017235002,5.1828654e-05,auto_accept,baseline_badge
ISIC_0024713,nv,nv,0.0027246934,6.3776024e-05,auto_accept,baseline_badge
ISIC_0028360,nv,nv,0.012033047,0.00083819387,auto_accept,baseline_badge
ISIC_0027966,bcc,bcc,0.039103467,0.9949522,auto_accept,baseline_badge
ISIC_0030161,nv,nv,0.0002611548,6.005304e-06,auto_accept,baseline_badge
ISIC_0033880,nv,nv,0.0033217745,0.0003061263,auto_accept,baseline_badge
ISIC_0027073,nv,bkl,0.06921597,0.0011708182,auto_accept,baseline_badge
ISIC_0026189,nv,nv,0.012395078,7.486936e-05,auto_accept,baseline_badge
ISIC_0024978,nv,nv,0.021227807,0.0002166783,auto_accept,baseline_badge
ISIC_0029317,nv,nv,0.0022799987,0.00014119213,auto_accept,baseline_badge
ISIC_0029193,bcc,bcc,0.18938601,0.99745554,auto_accept,baseline_badge
ISIC_0027596,nv,nv,0.0029451905,0.00029871022,auto_accept,baseline_badge
ISIC_0024997,bkl,bkl,0.010333664,0.0017614699,auto_accept,baseline_badge
ISIC_0032499,nv,nv,0.00020268276,7.72181e-07,auto_accept,baseline_badge
ISIC_0027750,nv,nv,0.0031539043,2.568493e-06,auto_accept,baseline_badge
ISIC_0029586,nv,nv,0.006936586,1.1148505e-06,auto_accept,baseline_badge
ISIC_0026471,df,df,0.013208598,1.760338e-05,auto_accept,baseline_badge
ISIC_0032175,nv,akiec,0.060625527,0.985092,auto_accept,baseline_badge
ISIC_0033352,nv,nv,0.026233232,0.0005519057,auto_accept,baseline_badge
ISIC_0029634,akiec,akiec,0.0033841573,0.99993134,auto_accept,baseline_badge
ISIC_0034318,bkl,bkl,0.12791047,0.0007517511,auto_accept,baseline_badge
ISIC_0032266,nv,nv,0.015511319,0.00027218237,auto_accept,baseline_badge
ISIC_0030200,nv,nv,8.4428364e-05,5.2333718e-08,auto_accept,baseline_badge
ISIC_0027020,nv,nv,6.58511e-05,1.0006943e-06,auto_accept,baseline_badge
ISIC_0027307,nv,nv,0.029440956,4.1963372e-05,auto_accept,baseline_badge
ISIC_0026049,nv,bkl,0.22047251,0.001983911,auto_accept,baseline_badge
ISIC_0028565,mel,nv,0.3732977,0.075473405,auto_accept,baseline_badge
ISIC_0029914,mel,mel,0.06514344,0.9835353,auto_accept,baseline_badge
ISIC_0029641,nv,nv,0.29849902,0.018070042,auto_accept,baseline_badge
ISIC_0029427,bkl,bkl,0.19407052,3.941074e-05,auto_accept,baseline_badge
ISIC_0030811,nv,nv,0.0009665458,1.2582539e-05,auto_accept,baseline_badge
ISIC_0032494,nv,nv,0.031437546,0.004152024,auto_accept,baseline_badge
ISIC_0027893,bkl,bkl,0.653832,0.040122055,escalate,baseline_badge
ISIC_0028784,nv,nv,0.113486245,0.0006510231,auto_accept,baseline_badge
ISIC_0029708,nv,nv,0.002386932,2.806929e-06,auto_accept,baseline_badge
ISIC_0032713,nv,nv,0.13645713,0.019349085,auto_accept,baseline_badge
ISIC_0029978,nv,mel,0.63457525,0.8773479,auto_accept,baseline_badge
ISIC_0034144,nv,nv,0.16392326,0.03514292,auto_accept,baseline_badge
ISIC_0030260,nv,bkl,0.9478233,0.1601463,escalate,baseline_badge
ISIC_0024777,nv,nv,0.7992425,0.012444173,escalate,baseline_badge
ISIC_0033659,bkl,bkl,0.1510003,0.18836656,auto_accept,baseline_badge
ISIC_0029055,nv,nv,0.20715591,0.052647572,auto_accept,baseline_badge
ISIC_0025933,nv,nv,0.0023849327,1.5651636e-05,auto_accept,baseline_badge
ISIC_0025251,nv,nv,0.0046610204,0.00014482772,auto_accept,baseline_badge
ISIC_0031736,nv,nv,0.02120457,0.0030991386,auto_accept,baseline_badge
ISIC_0024807,nv,nv,5.6173787e-05,1.5227779e-07,auto_accept,baseline_badge
ISIC_0027729,nv,nv,0.06679035,0.008669205,auto_accept,baseline_badge
ISIC_0030617,nv,nv,0.007372644,3.757641e-05,auto_accept,baseline_badge
ISIC_0027485,nv,nv,0.0071383305,1.4379006e-07,auto_accept,baseline_badge
ISIC_0026576,bkl,bkl,0.5873956,0.049621042,auto_accept,baseline_badge
ISIC_0032533,mel,nv,0.34084842,0.025703035,auto_accept,baseline_badge
ISIC_0030100,nv,nv,0.08413158,5.6182585e-06,auto_accept,baseline_badge
ISIC_0026865,bcc,bcc,0.028215652,0.99986625,auto_accept,baseline_badge
ISIC_0025664,nv,nv,0.015938558,1.2840366e-07,auto_accept,baseline_badge
ISIC_0031746,mel,mel,0.91630983,0.6930206,escalate,baseline_badge
ISIC_0033837,nv,nv,0.049427044,0.008817959,auto_accept,baseline_badge
ISIC_0031396,bkl,bkl,0.0613908,0.00011189247,auto_accept,baseline_badge
ISIC_0033157,nv,bkl,0.14882743,0.00560885,auto_accept,baseline_badge
ISIC_0026084,nv,bcc,0.3619507,0.9882372,auto_accept,baseline_badge
ISIC_0033495,nv,nv,0.05960799,0.0051911455,auto_accept,baseline_badge
ISIC_0029899,bcc,bcc,0.00017313041,0.99996614,auto_accept,baseline_badge
ISIC_0033393,mel,mel,0.26661128,0.8775084,auto_accept,baseline_badge
ISIC_0031450,bcc,bcc,0.014044449,0.9992723,auto_accept,baseline_badge
ISIC_0031130,bkl,bkl,0.0018144135,8.268578e-05,auto_accept,baseline_badge
ISIC_0027572,nv,nv,0.09350787,0.0003660217,auto_accept,baseline_badge
ISIC_0029096,nv,nv,0.00011673772,1.2251946e-06,auto_accept,baseline_badge
ISIC_0030380,nv,nv,0.015265066,0.00043345045,auto_accept,baseline_badge
ISIC_0033045,nv,nv,0.45217678,0.08641094,escalate,baseline_badge
ISIC_0032061,bcc,bcc,6.510813e-05,0.99998474,auto_accept,baseline_badge
ISIC_0027938,nv,nv,0.0004156937,2.0097829e-07,auto_accept,baseline_badge
ISIC_0031391,nv,nv,0.03260419,3.941415e-06,auto_accept,baseline_badge
ISIC_0026673,nv,nv,0.0015227881,5.2551903e-05,auto_accept,baseline_badge
ISIC_0026249,bkl,bkl,0.33725646,0.10550322,escalate,baseline_badge
ISIC_0024663,nv,nv,0.008601409,4.2029413e-05,auto_accept,baseline_badge
ISIC_0026880,nv,nv,0.012437028,0.0013880878,auto_accept,baseline_badge
ISIC_0031947,nv,nv,0.06540733,2.7966207e-05,auto_accept,baseline_badge
ISIC_0032728,nv,nv,0.0027121082,4.617083e-05,auto_accept,baseline_badge
ISIC_0034007,bkl,bkl,0.07923522,0.0018178646,auto_accept,baseline_badge
ISIC_0030089,mel,bcc,0.0060770493,0.9978491,auto_accept,baseline_badge
ISIC_0026300,nv,nv,0.0005772633,6.7093965e-06,auto_accept,baseline_badge
ISIC_0026015,bkl,bkl,0.64334136,0.3333387,escalate,baseline_badge
ISIC_0024461,bcc,bcc,0.0010128332,0.99996924,auto_accept,baseline_badge
ISIC_0028719,bcc,bcc,0.00094849156,0.99997354,auto_accept,baseline_badge
ISIC_0028038,nv,nv,0.0003687384,1.936869e-07,auto_accept,baseline_badge
ISIC_0025820,nv,nv,0.007892156,0.0015605341,auto_accept,baseline_badge
ISIC_0024981,bkl,nv,0.6795978,0.19537307,escalate,baseline_badge
ISIC_0032887,mel,mel,0.036292236,0.9926509,auto_accept,baseline_badge
ISIC_0028004,nv,nv,0.00011879565,3.9454997e-07,auto_accept,baseline_badge
ISIC_0028029,mel,mel,1.1140354,0.29303148,auto_accept,baseline_badge
ISIC_0033914,nv,nv,0.009673154,0.0012701688,auto_accept,baseline_badge
ISIC_0025052,nv,nv,0.0052529336,3.5086472e-05,auto_accept,baseline_badge
ISIC_0029734,nv,nv,0.0065143774,0.00014140274,auto_accept,baseline_badge
ISIC_0029829,nv,nv,0.00010388324,7.897986e-07,auto_accept,baseline_badge
ISIC_0030659,bcc,bcc,0.16523907,0.94925714,auto_accept,baseline_badge
ISIC_0025496,nv,nv,0.014348707,1.0039693e-06,auto_accept,baseline_badge
ISIC_0024534,nv,nv,0.1971602,0.0005383703,auto_accept,baseline_badge
ISIC_0026275,bcc,bcc,0.07965761,0.98828155,auto_accept,baseline_badge
ISIC_0033109,nv,nv,0.007632009,0.0003693915,auto_accept,baseline_badge
ISIC_0028257,nv,nv,3.8554826e-05,1.8034331e-06,auto_accept,baseline_badge
ISIC_0029906,nv,nv,0.00029254114,3.9159085e-07,auto_accept,baseline_badge
ISIC_0024548,nv,nv,0.13752726,0.0007877331,auto_accept,baseline_badge
ISIC_0028541,nv,nv,0.00046721386,5.5598407e-06,auto_accept,baseline_badge
ISIC_0029832,nv,nv,0.036200564,0.0021828015,auto_accept,baseline_badge
ISIC_0033316,nv,nv,0.031214356,0.008772394,auto_accept,baseline_badge
ISIC_0032920,nv,mel,1.1427037,0.70745414,escalate,baseline_badge
ISIC_0024447,nv,mel,0.68614215,0.6599557,auto_accept,baseline_badge
ISIC_0031842,nv,nv,1.0575841e-05,4.255594e-08,auto_accept,baseline_badge
ISIC_0031085,nv,bkl,0.6881072,0.14857139,escalate,baseline_badge
ISIC_0025498,nv,nv,0.03945708,5.1322525e-07,auto_accept,baseline_badge
ISIC_0024690,nv,nv,0.098760165,2.7464464e-05,auto_accept,baseline_badge
ISIC_0033853,bkl,bkl,0.019790586,0.004068433,auto_accept,baseline_badge
ISIC_0028544,nv,nv,0.010770402,0.0007281621,auto_accept,baseline_badge
ISIC_0026801,nv,nv,0.00041011057,9.221676e-06,auto_accept,baseline_badge
ISIC_0024902,nv,bkl,0.7680301,0.011883609,auto_accept,baseline_badge
ISIC_0028193,nv,nv,0.043861274,0.0013806781,auto_accept,baseline_badge
ISIC_0029993,nv,mel,0.4673607,0.8287011,escalate,baseline_badge
ISIC_0027891,nv,nv,0.0023299013,1.9082192e-06,auto_accept,baseline_badge
ISIC_0026428,nv,nv,0.02038009,0.0032178024,auto_accept,baseline_badge
ISIC_0029523,nv,nv,0.00033302687,1.1881753e-07,auto_accept,baseline_badge
ISIC_0031034,mel,nv,0.40659213,0.024186056,auto_accept,baseline_badge
ISIC_0024659,nv,nv,3.58311e-05,1.2522278e-07,auto_accept,baseline_badge
ISIC_0032260,nv,nv,0.026173417,0.003044216,auto_accept,baseline_badge
ISIC_0028256,nv,nv,0.022335008,0.00025585757,auto_accept,baseline_badge
ISIC_0033623,nv,nv,0.036786024,0.000440406,auto_accept,baseline_badge
ISIC_0030216,nv,nv,0.15908907,0.00023953745,auto_accept,baseline_badge
ISIC_0025074,nv,nv,0.15163939,0.016742496,auto_accept,baseline_badge
ISIC_0033811,akiec,bkl,0.004605594,0.0045468993,auto_accept,baseline_badge
ISIC_0027002,nv,nv,0.047088273,0.0033153142,auto_accept,baseline_badge
ISIC_0028873,nv,bkl,0.101263985,0.04784107,auto_accept,baseline_badge
ISIC_0026165,nv,nv,0.0010352577,4.69146e-06,auto_accept,baseline_badge
ISIC_0026388,akiec,akiec,1.0240546,0.9484036,escalate,baseline_badge
ISIC_0024883,bkl,nv,0.103744954,0.014610425,auto_accept,baseline_badge
ISIC_0028935,nv,nv,0.0366556,0.0006023495,auto_accept,baseline_badge
ISIC_0024832,bkl,mel,0.6280652,0.9990858,escalate,baseline_badge
ISIC_0030307,nv,nv,0.00016923147,3.6750222e-08,auto_accept,baseline_badge
ISIC_0031988,nv,nv,0.023489702,0.0037333071,auto_accept,baseline_badge
ISIC_0029022,bkl,bkl,0.6611016,0.12779956,escalate,baseline_badge
ISIC_0030594,bcc,bcc,0.00022419282,0.99985385,auto_accept,baseline_badge
ISIC_0030379,nv,nv,9.879431e-05,1.2146774e-06,auto_accept,baseline_badge
ISIC_0033892,nv,nv,0.0033102522,0.000121469246,auto_accept,baseline_badge
ISIC_0029870,nv,nv,0.2508522,0.017143743,auto_accept,baseline_badge
ISIC_0031235,nv,nv,0.0041294806,3.6453253e-05,auto_accept,baseline_badge
ISIC_0033651,mel,mel,0.00087808305,0.9999026,auto_accept,baseline_badge
ISIC_0029705,mel,mel,1.2919673,0.69382167,escalate,baseline_badge
ISIC_0031238,nv,nv,0.3593816,0.009687149,auto_accept,baseline_badge
ISIC_0031282,nv,nv,0.026691606,0.001052723,auto_accept,baseline_badge
ISIC_0026059,nv,nv,0.0004103845,1.2346966e-05,auto_accept,baseline_badge
ISIC_0025838,bkl,bkl,0.08498017,0.07661292,auto_accept,baseline_badge
ISIC_0027377,nv,nv,0.0024603568,7.3062324e-06,auto_accept,baseline_badge
ISIC_0028073,nv,nv,0.00042280223,3.8778335e-06,auto_accept,baseline_badge
ISIC_0025190,nv,nv,2.070929e-05,1.6774536e-07,auto_accept,baseline_badge
ISIC_0026309,nv,nv,0.0009502187,7.942271e-06,auto_accept,baseline_badge
ISIC_0032825,nv,nv,0.10354137,0.018972436,auto_accept,baseline_badge
ISIC_0027246,nv,nv,0.33371598,0.06625117,auto_accept,baseline_badge
ISIC_0028831,nv,mel,0.7011362,0.46659318,escalate,baseline_badge
ISIC_0025091,nv,nv,0.0008200968,2.2520004e-05,auto_accept,baseline_badge
ISIC_0028612,nv,nv,0.00020637605,2.1105725e-06,auto_accept,baseline_badge
ISIC_0025817,nv,nv,0.0019209522,4.1474384e-05,auto_accept,baseline_badge
ISIC_0033382,nv,nv,0.03843606,8.49126e-05,auto_accept,baseline_badge
ISIC_0031596,nv,nv,0.38062087,0.05647509,escalate,baseline_badge
ISIC_0033649,nv,bkl,0.674672,0.00042014822,escalate,baseline_badge
ISIC_0033412,nv,nv,0.3585548,0.033424992,auto_accept,baseline_badge
ISIC_0030057,nv,nv,0.008280052,0.00017161065,auto_accept,baseline_badge
ISIC_0030649,bkl,bkl,1.2318431,0.37410983,escalate,baseline_badge
ISIC_0026997,nv,nv,0.05418173,0.0009004552,auto_accept,baseline_badge
ISIC_0032604,mel,mel,0.012176082,0.9973896,auto_accept,baseline_badge
ISIC_0030315,nv,nv,0.005642873,0.00015487941,auto_accept,baseline_badge
ISIC_0026110,nv,nv,0.00021452083,2.7529377e-06,auto_accept,baseline_badge
ISIC_0025087,nv,nv,0.0022911471,5.572676e-06,auto_accept,baseline_badge
ISIC_0027407,mel,mel,0.21151988,0.96337557,auto_accept,baseline_badge
ISIC_0028341,nv,nv,0.0011709617,4.599448e-05,auto_accept,baseline_badge
ISIC_0027961,nv,nv,0.44794926,2.855717e-06,auto_accept,baseline_badge
ISIC_0028802,nv,nv,0.0011536975,4.6972094e-05,auto_accept,baseline_badge
ISIC_0030431,nv,nv,0.00302531,1.6749653e-05,auto_accept,baseline_badge
ISIC_0032513,bkl,nv,0.6223525,0.030466823,auto_accept,baseline_badge
ISIC_0026642,nv,nv,0.02632047,0.000311179,auto_accept,baseline_badge
ISIC_0031279,nv,nv,0.000735539,6.3297625e-06,auto_accept,baseline_badge
ISIC_0026943,nv,nv,0.003319828,2.101013e-05,auto_accept,baseline_badge
ISIC_0027213,nv,bkl,0.7082471,0.027231434,auto_accept,baseline_badge
ISIC_0033939,nv,nv,0.004245844,0.00018268317,auto_accept,baseline_badge
ISIC_0028334,nv,nv,0.010835356,3.0441845e-05,auto_accept,baseline_badge
ISIC_0025469,nv,nv,0.03565779,0.0016986511,auto_accept,baseline_badge
ISIC_0027860,nv,nv,0.024789251,0.0034452789,auto_accept,baseline_badge
ISIC_0030416,nv,nv,0.49153683,0.042494062,auto_accept,baseline_badge
ISIC_0026965,nv,nv,0.009703272,0.0005290542,auto_accept,baseline_badge
ISIC_0032934,nv,nv,0.43180197,2.8754946e-06,auto_accept,baseline_badge
ISIC_0031688,nv,nv,0.0014296911,5.8113617e-08,auto_accept,baseline_badge
ISIC_0024916,nv,nv,0.060308743,0.00011251346,auto_accept,baseline_badge
ISIC_0030826,akiec,akiec,0.0028273757,0.9999254,auto_accept,baseline_badge
ISIC_0026992,akiec,akiec,0.0046929554,0.9991104,auto_accept,baseline_badge
ISIC_0024517,akiec,bcc,0.03133532,0.9992704,auto_accept,baseline_badge
ISIC_0032179,bkl,nv,0.6791524,0.0032921126,escalate,baseline_badge
ISIC_0025532,nv,nv,0.0016774043,8.147324e-05,auto_accept,baseline_badge
ISIC_0031144,nv,nv,0.00047117937,5.5917326e-07,auto_accept,baseline_badge
ISIC_0024962,mel,mel,0.10468708,0.973652,auto_accept,baseline_badge
ISIC_0028115,nv,nv,0.31328148,0.018195452,auto_accept,baseline_badge
ISIC_0032740,bkl,bkl,0.033160117,0.00043046885,auto_accept,baseline_badge
ISIC_0029605,nv,nv,0.006545342,3.0339953e-07,auto_accept,baseline_badge
ISIC_0024568,nv,nv,0.00018205798,2.9797075e-06,auto_accept,baseline_badge
ISIC_0033097,nv,nv,0.4869783,0.004645168,auto_accept,baseline_badge
ISIC_0024653,nv,nv,0.7123738,0.51183844,escalate,baseline_badge
ISIC_0032164,bcc,bcc,0.00068849296,0.99988306,auto_accept,baseline_badge
ISIC_0025048,nv,nv,0.0005115814,1.3063488e-06,auto_accept,baseline_badge
ISIC_0028963,nv,nv,0.21741515,0.016587818,auto_accept,baseline_badge
ISIC_0027567,nv,nv,0.0015570355,0.00015321489,auto_accept,baseline_badge
ISIC_0029925,nv,nv,0.00012386564,2.8448735e-06,auto_accept,baseline_badge
ISIC_0031151,nv,nv,0.06707944,0.0005444451,auto_accept,baseline_badge
ISIC_0033274,mel,mel,0.015628278,0.9967404,auto_accept,baseline_badge
ISIC_0031979,nv,nv,9.6475866e-05,2.3737903e-06,auto_accept,baseline_badge
ISIC_0031271,df,df,2.7570614e-08,1.5825372e-09,auto_accept,baseline_badge
ISIC_0029553,nv,nv,0.11711533,0.004781145,auto_accept,baseline_badge
ISIC_0031587,nv,nv,0.004235199,4.7576865e-05,auto_accept,baseline_badge
ISIC_0033568,mel,nv,0.36889505,0.100724995,auto_accept,baseline_badge
ISIC_0033423,nv,nv,0.04261512,0.0021625184,auto_accept,baseline_badge
ISIC_0028687,bcc,bcc,0.29999274,0.9819993,escalate,baseline_badge
ISIC_0032406,nv,nv,0.0033728979,0.0001548484,auto_accept,baseline_badge
ISIC_0031698,bcc,bcc,0.0086918585,0.9990971,auto_accept,baseline_badge
ISIC_0025339,bkl,bkl,0.43435133,0.42878363,auto_accept,baseline_badge
ISIC_0028153,nv,nv,0.0028602271,1.6711045e-05,auto_accept,baseline_badge
ISIC_0025775,nv,nv,0.0009312916,4.4266976e-06,auto_accept,baseline_badge
ISIC_0027920,bcc,bcc,0.0003402452,0.99973565,auto_accept,baseline_badge
ISIC_0034126,bkl,bkl,0.013433815,0.00684938,auto_accept,baseline_badge
ISIC_0026463,nv,nv,0.00034298378,6.419748e-06,auto_accept,baseline_badge
ISIC_0024397,nv,nv,2.326311e-06,2.0714004e-09,auto_accept,baseline_badge
ISIC_0030600,nv,nv,0.007975446,0.00017567555,auto_accept,baseline_badge
ISIC_0025426,nv,nv,8.7005654e-05,7.494184e-07,auto_accept,baseline_badge
ISIC_0032026,nv,nv,0.11456161,0.061484326,auto_accept,baseline_badge
ISIC_0027831,bkl,bkl,0.0029638142,0.002711677,auto_accept,baseline_badge
ISIC_0025918,nv,nv,0.8566972,0.09371511,auto_accept,baseline_badge
ISIC_0034095,bcc,bcc,0.01572383,0.99788564,auto_accept,baseline_badge
ISIC_0032864,nv,nv,0.039694417,0.0030035176,auto_accept,baseline_badge
ISIC_0033637,nv,bkl,0.20416547,3.632219e-05,auto_accept,baseline_badge
ISIC_0030197,bcc,bcc,0.011306995,0.9996773,auto_accept,baseline_badge
ISIC_0029803,nv,nv,0.255484,0.036317065,escalate,baseline_badge
ISIC_0026308,nv,nv,0.009173583,0.00013117182,auto_accept,baseline_badge
ISIC_0029839,mel,nv,0.19851163,0.044036757,auto_accept,baseline_badge
ISIC_0029960,nv,nv,0.012285953,0.0014380566,auto_accept,baseline_badge
ISIC_0028913,bkl,bkl,0.19981909,0.0040098913,auto_accept,baseline_badge
ISIC_0032000,nv,nv,0.008432058,9.926429e-06,auto_accept,baseline_badge
ISIC_0033013,nv,nv,0.047796454,0.00015250649,auto_accept,baseline_badge
ISIC_0031613,nv,nv,0.10449503,0.012987247,auto_accept,baseline_badge
ISIC_0033207,nv,nv,0.2826757,0.08051622,auto_accept,baseline_badge
ISIC_0027552,mel,nv,0.5685817,0.003028889,escalate,baseline_badge
ISIC_0029117,nv,nv,0.00023058327,1.2254623e-05,auto_accept,baseline_badge
ISIC_0033948,nv,mel,0.47699222,0.7202816,auto_accept,baseline_badge
ISIC_0025932,bcc,bcc,0.000117531396,0.9999969,auto_accept,baseline_badge
ISIC_0026191,nv,nv,0.35305017,7.4658815e-06,escalate,baseline_badge
ISIC_0031427,nv,nv,0.006059936,7.00527e-05,auto_accept,baseline_badge
ISIC_0025979,nv,nv,0.05255912,0.0005165669,auto_accept,baseline_badge
ISIC_0028636,nv,nv,0.010679855,0.00030467284,auto_accept,baseline_badge
ISIC_0028801,nv,nv,0.0027103347,4.0423006e-06,auto_accept,baseline_badge
ISIC_0032017,mel,mel,0.30051565,0.9745953,auto_accept,baseline_badge
ISIC_0029183,nv,nv,0.20972617,0.024191689,auto_accept,baseline_badge
ISIC_0029830,akiec,akiec,0.99304086,0.9902796,escalate,baseline_badge
ISIC_0032734,nv,nv,0.06529781,0.0030364215,auto_accept,baseline_badge
ISIC_0031946,nv,nv,0.00046062155,1.4979709e-05,auto_accept,baseline_badge
ISIC_0027035,nv,nv,0.0020887493,7.027598e-05,auto_accept,baseline_badge
ISIC_0028244,nv,nv,0.015651954,0.0014854803,auto_accept,baseline_badge
ISIC_0030133,akiec,akiec,0.0024817148,0.9998888,auto_accept,baseline_badge
ISIC_0032770,nv,nv,0.21224676,0.022841463,auto_accept,baseline_badge
ISIC_0026977,nv,nv,0.00059025164,2.2944002e-06,auto_accept,baseline_badge
ISIC_0032474,nv,nv,0.033586577,0.0023410644,auto_accept,baseline_badge
ISIC_0027123,nv,nv,0.00028913017,1.995367e-06,auto_accept,baseline_badge
ISIC_0033959,nv,nv,0.7910964,0.063124016,escalate,baseline_badge
ISIC_0026505,nv,nv,3.7076075e-05,2.8883456e-08,auto_accept,baseline_badge
ISIC_0027674,nv,nv,0.00017367356,6.7689786e-07,auto_accept,baseline_badge
ISIC_0029077,nv,nv,0.016812623,3.161103e-05,auto_accept,baseline_badge
ISIC_0034250,nv,nv,0.060691696,0.004574021,auto_accept,baseline_badge
ISIC_0027918,nv,nv,0.0006728597,1.1465376e-07,auto_accept,baseline_badge
ISIC_0033117,mel,mel,0.047849495,0.9919585,auto_accept,baseline_badge
ISIC_0033984,nv,mel,0.3397247,0.8638628,escalate,baseline_badge
ISIC_0029307,nv,nv,0.0020225516,2.6829955e-05,auto_accept,baseline_badge
ISIC_0033543,nv,nv,0.032383647,2.2553017e-05,auto_accept,baseline_badge
ISIC_0024536,nv,nv,0.014395043,0.0008329984,auto_accept,baseline_badge
ISIC_0028742,nv,nv,0.12544122,0.01292425,auto_accept,baseline_badge
ISIC_0030719,nv,nv,0.002269651,3.9882885e-05,auto_accept,baseline_badge
ISIC_0025985,bkl,bcc,0.06934776,0.95356894,auto_accept,baseline_badge
ISIC_0031027,nv,nv,0.0012738737,1.515361e-05,auto_accept,baseline_badge
ISIC_0033827,nv,nv,0.4448628,0.036765546,escalate,baseline_badge
ISIC_0026160,nv,nv,0.007219733,0.00069760287,auto_accept,baseline_badge
ISIC_0025545,nv,nv,0.00041368796,3.2872751e-06,auto_accept,baseline_badge
ISIC_0027087,nv,mel,0.7661486,0.58770144,escalate,baseline_badge
ISIC_0029311,bkl,bkl,0.15522799,0.039868496,auto_accept,baseline_badge
ISIC_0026683,nv,nv,3.5217108e-06,8.9108774e-08,auto_accept,baseline_badge
ISIC_0034113,bkl,bkl,0.92350894,0.5189274,escalate,baseline_badge
ISIC_0026570,nv,nv,0.0028176748,0.00014930485,auto_accept,baseline_badge
ISIC_0031094,nv,nv,0.8386129,0.32228094,escalate,baseline_badge
ISIC_0026735,mel,mel,0.09986725,0.9673177,auto_accept,baseline_badge
ISIC_0031313,nv,nv,0.0016957584,2.2453915e-07,auto_accept,baseline_badge
ISIC_0025796,nv,nv,0.0025240176,5.7174017e-05,auto_accept,baseline_badge
ISIC_0030931,nv,nv,0.0005435343,5.980529e-06,auto_accept,baseline_badge
ISIC_0028318,nv,nv,8.6478074e-05,1.542621e-08,auto_accept,baseline_badge
ISIC_0029636,nv,nv,0.11942549,0.027951756,auto_accept,baseline_badge
ISIC_0033248,bcc,bcc,0.000555731,0.9999491,auto_accept,baseline_badge
ISIC_0033582,bkl,bkl,0.119818196,0.013463658,auto_accept,baseline_badge
ISIC_0031670,mel,bkl,0.9960115,0.38178775,auto_accept,baseline_badge
ISIC_0029410,nv,nv,0.00019380108,1.1713422e-06,auto_accept,baseline_badge
ISIC_0025580,nv,nv,0.00055018254,3.053209e-05,auto_accept,baseline_badge
ISIC_0031771,nv,nv,0.04755466,0.00030594954,auto_accept,baseline_badge
ISIC_0030558,nv,nv,0.00082650105,3.198071e-05,auto_accept,baseline_badge
ISIC_0028157,nv,nv,0.0001930257,2.9155538e-07,auto_accept,baseline_badge
ISIC_0032401,nv,nv,0.00037605455,2.6832279e-06,auto_accept,baseline_badge
ISIC_0030253,nv,nv,0.045076326,0.002059064,auto_accept,baseline_badge
ISIC_0032551,nv,nv,0.06499165,0.003442598,auto_accept,baseline_badge
ISIC_0033120,mel,nv,0.10734613,0.008302694,auto_accept,baseline_badge
ISIC_0025916,nv,nv,0.032908246,2.6628597e-06,auto_accept,baseline_badge
ISIC_0029670,nv,nv,0.0002158311,5.159897e-07,auto_accept,baseline_badge
ISIC_0028598,nv,nv,0.20902312,0.018720511,auto_accept,baseline_badge
ISIC_0025642,bkl,mel,0.73650795,0.58328366,escalate,baseline_badge
ISIC_0027444,nv,nv,0.27298316,0.06806412,auto_accept,baseline_badge
ISIC_0033907,nv,bkl,0.20618866,0.0028555465,auto_accept,baseline_badge
ISIC_0032064,nv,nv,0.00030042068,2.1243143e-06,auto_accept,baseline_badge
ISIC_0033430,nv,nv,0.003254346,1.0755542e-05,auto_accept,baseline_badge
ISIC_0031544,nv,nv,0.01403181,0.00031139742,auto_accept,baseline_badge
ISIC_0027018,bkl,akiec,0.08219158,0.9912453,auto_accept,baseline_badge
ISIC_0024498,bkl,bkl,0.031847797,0.018621966,auto_accept,baseline_badge
ISIC_0027347,nv,nv,0.038273774,3.8551022e-07,auto_accept,baseline_badge
ISIC_0033830,nv,nv,0.0016240054,1.4109815e-05,auto_accept,baseline_badge
ISIC_0027217,nv,nv,0.0017928787,0.00012450854,auto_accept,baseline_badge
ISIC_0030799,nv,nv,0.0035047631,0.00016120849,auto_accept,baseline_badge
ISIC_0024443,bcc,bcc,0.0017313394,0.999796,auto_accept,baseline_badge
ISIC_0027823,nv,nv,0.3175624,0.08781615,auto_accept,baseline_badge
ISIC_0031927,akiec,bkl,0.34071746,0.3288974,escalate,baseline_badge
ISIC_0026860,nv,nv,0.0009248317,1.7133153e-06,auto_accept,baseline_badge
ISIC_0032439,bcc,bcc,0.0012243285,0.99997926,auto_accept,baseline_badge
ISIC_0027913,nv,nv,0.00019617064,7.522483e-07,auto_accept,baseline_badge
ISIC_0026612,nv,nv,0.0022746904,4.089955e-07,auto_accept,baseline_badge
ISIC_0027154,bkl,bkl,0.0127256075,0.004330001,auto_accept,baseline_badge
ISIC_0025747,nv,nv,0.002526401,6.7780747e-06,auto_accept,baseline_badge
ISIC_0024599,nv,df,0.38923508,0.00030234898,auto_accept,baseline_badge
ISIC_0029197,nv,nv,0.003278192,0.00013941815,auto_accept,baseline_badge
ISIC_0024472,bcc,bcc,0.0059679896,0.9984383,auto_accept,baseline_badge
ISIC_0031682,nv,nv,0.007821472,2.9341632e-05,auto_accept,baseline_badge
ISIC_0025365,nv,nv,0.0060958317,5.789605e-06,auto_accept,baseline_badge
ISIC_0025290,nv,nv,0.00038018744,9.284522e-06,auto_accept,baseline_badge
ISIC_0027080,nv,nv,0.016465433,0.0021823728,auto_accept,baseline_badge
ISIC_0034157,nv,nv,0.008874403,0.00037203534,auto_accept,baseline_badge
ISIC_0029023,nv,nv,0.00694533,3.5902158e-05,auto_accept,baseline_badge
ISIC_0024455,nv,nv,0.0009489453,4.087895e-06,auto_accept,baseline_badge
ISIC_0032452,nv,nv,0.010368635,0.00032531546,auto_accept,baseline_badge
ISIC_0033205,bcc,bcc,0.009057044,0.9989361,auto_accept,baseline_badge
ISIC_0032327,nv,bkl,0.7049807,0.00058037956,escalate,baseline_badge
ISIC_0027015,nv,nv,0.0025807137,1.5287891e-05,auto_accept,baseline_badge
ISIC_0034202,mel,mel,0.104567304,0.9729677,auto_accept,baseline_badge
ISIC_0028092,nv,nv,0.25703105,0.03588735,auto_accept,baseline_badge
ISIC_0024856,nv,nv,0.0015613233,4.7227935e-05,auto_accept,baseline_badge
ISIC_0025390,nv,nv,0.5421407,0.001054894,escalate,baseline_badge
ISIC_0034087,mel,nv,0.097182006,0.021949483,auto_accept,baseline_badge
ISIC_0032750,mel,nv,0.9295704,0.18786193,auto_accept,baseline_badge
ISIC_0033003,nv,nv,0.0943885,0.008416455,auto_accept,baseline_badge
ISIC_0030051,nv,nv,0.001957482,4.064319e-05,auto_accept,baseline_badge
ISIC_0027352,mel,mel,0.4317773,0.8412536,auto_accept,baseline_badge
ISIC_0033006,nv,nv,0.0019443576,4.7100016e-06,auto_accept,baseline_badge
ISIC_0026454,nv,nv,0.7370069,0.34557813,auto_accept,baseline_badge
ISIC_0027039,nv,nv,1.1166502e-05,1.31083e-07,auto_accept,baseline_badge
ISIC_0031887,nv,nv,0.00015757648,6.137916e-07,auto_accept,baseline_badge
ISIC_0026080,nv,nv,0.73761153,0.0018242098,escalate,baseline_badge
ISIC_0030908,nv,nv,4.4815744e-05,2.0589098e-07,auto_accept,baseline_badge
ISIC_0025907,nv,nv,0.16647743,0.013303687,escalate,baseline_badge
ISIC_0028466,nv,nv,0.0010891996,4.3894643e-06,auto_accept,baseline_badge
ISIC_0029513,mel,mel,0.34208053,0.9150862,auto_accept,baseline_badge
ISIC_0025283,nv,nv,2.9103181e-05,1.6317387e-07,auto_accept,baseline_badge
ISIC_0025273,nv,nv,0.043754134,1.6427353e-05,auto_accept,baseline_badge
ISIC_0032754,nv,nv,0.22346236,0.0027048076,auto_accept,baseline_badge
ISIC_0033819,mel,mel,0.082207374,0.9828235,auto_accept,baseline_badge
ISIC_0029072,nv,nv,0.35459316,0.059505798,auto_accept,baseline_badge
ISIC_0026004,nv,nv,3.3303117e-05,1.0619978e-08,auto_accept,baseline_badge
ISIC_0032896,nv,nv,0.08912484,0.0003640967,auto_accept,baseline_badge
ISIC_0028774,bkl,bkl,0.17435938,0.19679281,auto_accept,baseline_badge
ISIC_0032478,nv,bkl,0.74001086,0.003246465,escalate,baseline_badge
ISIC_0026577,nv,mel,0.73425823,0.82601655,escalate,baseline_badge
ISIC_0031869,nv,nv,0.0021545878,1.7386573e-07,auto_accept,baseline_badge
ISIC_0030544,nv,nv,0.0025512914,4.988339e-06,auto_accept,baseline_badge
ISIC_0031139,nv,nv,0.00055727205,1.2089897e-07,auto_accept,baseline_badge
ISIC_0027758,nv,nv,0.0058607794,1.5782523e-06,auto_accept,baseline_badge
ISIC_0030903,nv,nv,0.025516786,9.258332e-06,auto_accept,baseline_badge
ISIC_0024677,nv,nv,0.007169157,0.00023033185,auto_accept,baseline_badge
ISIC_0034028,mel,mel,0.6478255,0.7143812,auto_accept,baseline_badge
ISIC_0033140,nv,nv,0.28881755,0.06351665,auto_accept,baseline_badge
ISIC_0028268,nv,nv,0.001584881,3.7046044e-05,auto_accept,baseline_badge
ISIC_0029165,nv,nv,0.015539902,2.3491996e-06,auto_accept,baseline_badge
ISIC_0034269,mel,mel,0.3380313,0.8833452,auto_accept,baseline_badge
ISIC_0031188,nv,nv,0.00591864,2.5853127e-05,auto_accept,baseline_badge
ISIC_0024945,nv,nv,0.0011069435,3.5713318e-05,auto_accept,baseline_badge
ISIC_0028829,nv,nv,0.05179293,0.0045671235,auto_accept,baseline_badge
ISIC_0030676,nv,nv,0.0002288945,1.4759144e-06,auto_accept,baseline_badge
ISIC_0030832,nv,nv,0.00022557833,2.7903016e-06,auto_accept,baseline_badge
ISIC_0033408,nv,nv,2.9846513e-05,3.1243636e-07,auto_accept,baseline_badge
ISIC_0029300,nv,nv,0.1922479,0.003695243,auto_accept,baseline_badge
ISIC_0025795,nv,nv,0.018980432,0.0017284736,auto_accept,baseline_badge
ISIC_0024697,nv,nv,0.010722809,0.001396858,auto_accept,baseline_badge
ISIC_0033008,nv,nv,0.13590755,0.011326477,auto_accept,baseline_badge
ISIC_0032970,mel,mel,0.013434602,0.99712163,auto_accept,baseline_badge
ISIC_0033622,nv,nv,0.12362245,0.00011304235,auto_accept,baseline_badge
ISIC_0025566,nv,nv,0.0049739564,0.0002443199,auto_accept,baseline_badge
ISIC_0030317,nv,nv,0.0005346118,2.2553547e-06,auto_accept,baseline_badge
ISIC_0033283,nv,nv,0.6281084,0.05103676,escalate,baseline_badge
ISIC_0030857,nv,nv,0.008682174,0.00028005632,auto_accept,baseline_badge
ISIC_0026510,nv,nv,0.009808953,3.980857e-06,auto_accept,baseline_badge
ISIC_0028592,nv,nv,0.108298704,0.029233236,auto_accept,baseline_badge
ISIC_0025767,bkl,bkl,0.0033838109,0.0007781258,auto_accept,baseline_badge
ISIC_0032826,bkl,bkl,0.25878483,0.0008439964,auto_accept,baseline_badge
ISIC_0025064,bkl,nv,0.08271623,0.009758937,auto_accept,baseline_badge
ISIC_0031832,nv,mel,0.82518315,0.5819717,auto_accept,baseline_badge
ISIC_0026408,nv,nv,8.863887e-05,7.583492e-07,auto_accept,baseline_badge
ISIC_0025114,nv,nv,0.004993303,1.9238649e-05,auto_accept,baseline_badge
ISIC_0027793,mel,nv,0.005880345,4.1789413e-06,auto_accept,baseline_badge
ISIC_0031592,nv,nv,0.6522054,1.842561e-05,auto_accept,baseline_badge
ISIC_0028205,nv,nv,0.5252486,0.08655702,auto_accept,baseline_badge
ISIC_0024609,nv,nv,0.0013789403,2.0858284e-05,auto_accept,baseline_badge
ISIC_0028860,mel,mel,0.76134765,0.96213174,escalate,baseline_badge
ISIC_0025237,nv,nv,0.36951423,0.034793124,auto_accept,baseline_badge
ISIC_0029926,nv,nv,0.041376244,0.0025927261,auto_accept,baseline_badge
ISIC_0028991,nv,nv,0.002823992,3.5782055e-06,auto_accept,baseline_badge
ISIC_0025673,nv,nv,0.0018739253,1.06759335e-05,auto_accept,baseline_badge
ISIC_0028976,nv,nv,0.043431837,0.0019881318,auto_accept,baseline_badge
ISIC_0030199,nv,nv,0.0004283652,8.026312e-08,auto_accept,baseline_badge
ISIC_0028955,nv,nv,0.002636573,2.5005381e-06,auto_accept,baseline_badge
ISIC_0024799,bcc,bcc,0.0071610888,0.9997738,auto_accept,baseline_badge
ISIC_0028422,nv,nv,2.6477974e-05,5.764444e-07,auto_accept,baseline_badge
ISIC_0028921,nv,nv,0.0040829643,0.00027006352,auto_accept,baseline_badge
ISIC_0028178,nv,nv,0.00015734458,6.90689e-06,auto_accept,baseline_badge
ISIC_0030128,nv,nv,8.251381e-05,1.3325133e-06,auto_accept,baseline_badge
ISIC_0024985,nv,nv,0.012520941,0.00010689592,auto_accept,baseline_badge
ISIC_0026496,bcc,bcc,0.003150673,0.98124564,auto_accept,baseline_badge
ISIC_0026196,nv,nv,0.00085145945,1.9800616e-05,auto_accept,baseline_badge
ISIC_0031935,nv,nv,0.006819002,0.00011123025,auto_accept,baseline_badge
ISIC_0025902,nv,nv,0.2709563,0.0134876715,auto_accept,baseline_badge
ISIC_0030602,akiec,akiec,0.760508,0.9594001,escalate,baseline_badge
ISIC_0031562,nv,nv,0.0020637533,3.2009575e-05,auto_accept,baseline_badge
ISIC_0032446,nv,nv,0.00025978422,3.0588226e-06,auto_accept,baseline_badge
ISIC_0031379,nv,nv,0.034255896,0.0022524728,auto_accept,baseline_badge
ISIC_0034099,nv,nv,0.0015697192,1.2008296e-05,auto_accept,baseline_badge
ISIC_0031998,nv,nv,0.0006917177,9.5760534e-08,auto_accept,baseline_badge
ISIC_0033125,mel,mel,0.20031591,0.965028,auto_accept,baseline_badge
ISIC_0025602,nv,nv,0.0006378285,1.2985683e-06,auto_accept,baseline_badge
ISIC_0024829,bcc,bcc,0.0022013693,0.99981576,auto_accept,baseline_badge
ISIC_0029084,nv,nv,0.0004859539,4.409028e-06,auto_accept,baseline_badge
ISIC_0032445,bkl,bkl,0.011172573,0.0013540128,auto_accept,baseline_badge
ISIC_0028796,nv,nv,4.45043e-05,4.5751793e-07,auto_accept,baseline_badge
ISIC_0027581,nv,nv,0.00040345144,1.2258738e-06,auto_accept,baseline_badge
ISIC_0031220,nv,nv,0.29293448,0.003393971,auto_accept,baseline_badge
ISIC_0031278,nv,mel,0.7002369,0.6191875,auto_accept,baseline_badge
ISIC_0027688,nv,mel,0.60053897,0.6808863,auto_accept,baseline_badge
ISIC_0027972,nv,nv,0.0034858927,2.1180502e-05,auto_accept,baseline_badge
ISIC_0032150,nv,nv,0.11351715,0.0070954403,auto_accept,baseline_badge
ISIC_0025774,nv,nv,0.00034672377,1.9676142e-07,auto_accept,baseline_badge
ISIC_0025199,bkl,nv,0.40798807,0.0054321294,auto_accept,baseline_badge
ISIC_0031750,nv,nv,0.011514167,0.00032460262,auto_accept,baseline_badge
ISIC_0032008,nv,bkl,0.31360856,0.07848721,auto_accept,baseline_badge
ISIC_0032971,nv,nv,0.01966022,0.0012472615,auto_accept,baseline_badge
ISIC_0031722,nv,nv,5.5748576e-05,5.580146e-07,auto_accept,baseline_badge
ISIC_0028357,nv,nv,0.10499405,0.0013928707,auto_accept,baseline_badge
ISIC_0032927,mel,mel,0.044169325,0.9905139,auto_accept,baseline_badge
ISIC_0032619,nv,bkl,0.23828685,0.003381369,auto_accept,baseline_badge
ISIC_0025253,nv,nv,0.68894565,6.300187e-05,escalate,baseline_badge
ISIC_0029776,bkl,bkl,0.05260086,0.033557277,auto_accept,baseline_badge
ISIC_0031807,nv,nv,0.00025548736,3.5644287e-06,auto_accept,baseline_badge
ISIC_0025329,nv,nv,0.016182277,0.00016802979,auto_accept,baseline_badge
ISIC_0026747,nv,nv,0.66975725,5.4767715e-06,escalate,baseline_badge
ISIC_0029218,nv,nv,0.0760422,0.00020345996,auto_accept,baseline_badge
ISIC_0033556,nv,bkl,0.27189684,0.023491036,auto_accept,baseline_badge
ISIC_0024336,bkl,bkl,0.16433977,0.056735326,auto_accept,baseline_badge
ISIC_0025527,nv,nv,0.0005174667,2.1598817e-06,auto_accept,baseline_badge
ISIC_0025854,nv,nv,0.00092979835,1.16120916e-07,auto_accept,baseline_badge
ISIC_0026356,nv,nv,0.00065064145,6.324e-06,auto_accept,baseline_badge
ISIC_0029163,mel,bkl,0.065718256,0.12590012,auto_accept,baseline_badge
ISIC_0031291,nv,nv,0.0036509994,2.3871846e-05,auto_accept,baseline_badge
ISIC_0033190,nv,nv,0.0175743,0.0004688196,auto_accept,baseline_badge
ISIC_0032515,nv,nv,0.22078943,0.005689038,auto_accept,baseline_badge
ISIC_0031978,nv,nv,0.0007026535,7.76948e-05,auto_accept,baseline_badge
ISIC_0032183,nv,nv,2.7120066e-06,4.1799724e-09,auto_accept,baseline_badge
ISIC_0028176,nv,nv,7.534653e-05,3.032427e-08,auto_accept,baseline_badge
ISIC_0034062,mel,bkl,0.12403424,0.06967362,auto_accept,baseline_badge
ISIC_0025691,bcc,nv,0.45523757,0.033361297,auto_accept,baseline_badge
ISIC_0033697,nv,nv,0.28603223,0.01116987,auto_accept,baseline_badge
ISIC_0024633,nv,nv,0.0011531195,1.9330548e-05,auto_accept,baseline_badge
ISIC_0028861,nv,nv,0.005781106,0.00031403056,auto_accept,baseline_badge
ISIC_0024321,nv,nv,0.0043184566,5.5415626e-06,auto_accept,baseline_badge
ISIC_0025226,nv,nv,0.09078903,0.008644725,auto_accept,baseline_badge
ISIC_0027713,bkl,bkl,0.684132,0.16875468,escalate,baseline_badge
ISIC_0033987,bkl,bkl,0.00029731708,8.058023e-06,auto_accept,baseline_badge
ISIC_0031652,nv,nv,0.00839233,0.0004015218,auto_accept,baseline_badge
ISIC_0026361,nv,nv,0.0038799602,0.00021342858,auto_accept,baseline_badge
ISIC_0032188,nv,nv,0.030287908,2.957354e-06,auto_accept,baseline_badge
ISIC_0032657,nv,nv,0.69032556,0.38775885,auto_accept,baseline_badge
ISIC_0031509,nv,nv,0.00086640136,2.5122046e-05,auto_accept,baseline_badge
ISIC_0029548,bkl,bkl,0.0021273699,0.00045856353,auto_accept,baseline_badge
ISIC_0028814,bcc,bcc,0.07838606,0.9997459,auto_accept,baseline_badge
ISIC_0025152,nv,nv,0.014488932,2.1271928e-06,auto_accept,baseline_badge
ISIC_0024641,nv,nv,0.0038997582,4.4577613e-05,auto_accept,baseline_badge
ISIC_0025330,bkl,bkl,0.005221161,0.00039499,auto_accept,baseline_badge
ISIC_0032973,nv,mel,0.28776348,0.8976425,auto_accept,baseline_badge
ISIC_0025844,nv,nv,0.00031762294,4.3807117e-06,auto_accept,baseline_badge
ISIC_0026406,nv,bkl,0.28649983,0.002127723,auto_accept,baseline_badge
ISIC_0025138,nv,nv,0.007928963,2.3331913e-06,auto_accept,baseline_badge
ISIC_0028532,nv,nv,0.002342447,5.2939962e-05,auto_accept,baseline_badge
ISIC_0026640,nv,nv,0.009302257,0.0007224869,auto_accept,baseline_badge
ISIC_0030969,nv,nv,0.06325467,0.00033551868,auto_accept,baseline_badge
ISIC_0031666,mel,mel,0.044091478,0.99200726,auto_accept,baseline_badge
ISIC_0028852,nv,nv,0.009487155,0.00012010691,auto_accept,baseline_badge
ISIC_0030170,nv,nv,0.009917813,4.3569726e-05,auto_accept,baseline_badge
ISIC_0024338,bkl,bkl,0.066294126,0.0037178919,auto_accept,baseline_badge
ISIC_0028758,nv,bkl,1.0718069,0.5941116,escalate,baseline_badge
ISIC_0028930,mel,mel,0.07381766,0.982312,auto_accept,baseline_badge
ISIC_0029020,bcc,bcc,0.0002609292,0.99998534,auto_accept,baseline_badge
ISIC_0030739,nv,nv,0.0054699574,0.00010783556,auto_accept,baseline_badge
ISIC_0024580,nv,nv,0.011779877,0.00026414794,auto_accept,baseline_badge
ISIC_0029505,bkl,bkl,0.013171524,0.00012451698,auto_accept,baseline_badge
ISIC_0033018,nv,nv,0.023225876,0.0016986454,auto_accept,baseline_badge
ISIC_0030422,nv,bkl,0.8570664,0.116656214,auto_accept,baseline_badge
ISIC_0026784,nv,nv,0.25858238,0.004522784,auto_accept,baseline_badge
ISIC_0030925,mel,mel,0.22733183,0.9315135,auto_accept,baseline_badge
ISIC_0034079,nv,nv,0.059868645,0.00856375,auto_accept,baseline_badge
ISIC_0025272,nv,nv,0.00042768638,3.242655e-07,auto_accept,baseline_badge
ISIC_0025591,nv,nv,0.0011587834,4.4282515e-06,auto_accept,baseline_badge
ISIC_0033334,nv,nv,0.07885167,0.01776619,auto_accept,baseline_badge
ISIC_0025374,bkl,bkl,0.028584836,0.04622944,auto_accept,baseline_badge
ISIC_0033489,nv,nv,0.07786378,0.02366375,auto_accept,baseline_badge
ISIC_0026544,nv,nv,1.4424183,0.05109726,escalate,baseline_badge
ISIC_0034027,nv,mel,0.907796,0.6600084,escalate,baseline_badge
ISIC_0029120,nv,nv,0.09242559,0.020232052,auto_accept,baseline_badge
ISIC_0030084,nv,nv,0.00029252784,1.0951618e-06,auto_accept,baseline_badge
ISIC_0032498,bkl,bkl,0.01276943,0.007152284,auto_accept,baseline_badge
ISIC_0032320,nv,nv,0.014498123,0.0009586046,auto_accept,baseline_badge
ISIC_0033081,mel,bkl,0.42599922,0.011661158,auto_accept,baseline_badge
ISIC_0031508,nv,nv,9.391352e-06,7.4402344e-08,auto_accept,baseline_badge
ISIC_0032799,bcc,bcc,0.010350925,0.9995338,auto_accept,baseline_badge
ISIC_0025895,nv,nv,0.0005446887,5.030216e-06,auto_accept,baseline_badge
ISIC_0024977,nv,nv,0.003285177,0.00031864597,auto_accept,baseline_badge
ISIC_0024923,akiec,bcc,0.7159155,0.9978509,escalate,baseline_badge
ISIC_0030776,nv,nv,0.0005410485,4.2155254e-05,auto_accept,baseline_badge
ISIC_0030495,nv,nv,0.00012507045,3.8153016e-07,auto_accept,baseline_badge
ISIC_0031891,nv,nv,0.0030258768,0.0002943405,auto_accept,baseline_badge
ISIC_0032585,nv,nv,0.6199374,0.0020477166,auto_accept,baseline_badge
ISIC_0031767,nv,nv,6.956723e-05,2.2191268e-06,auto_accept,baseline_badge
ISIC_0031234,nv,nv,0.0063123205,4.2737393e-06,auto_accept,baseline_badge
ISIC_0029131,nv,nv,0.0012656393,4.9750248e-05,auto_accept,baseline_badge
ISIC_0025779,nv,nv,0.0010377605,6.7429624e-05,auto_accept,baseline_badge
ISIC_0028241,nv,nv,0.013886165,0.0017944393,auto_accept,baseline_badge
ISIC_0032954,nv,nv,0.0040374775,0.00020618328,auto_accept,baseline_badge
ISIC_0030056,bkl,bkl,0.00016744985,7.6568035e-08,auto_accept,baseline_badge
ISIC_0029984,nv,nv,0.014970528,0.0023553518,auto_accept,baseline_badge
ISIC_0031354,nv,nv,0.5973409,0.091008134,auto_accept,baseline_badge
ISIC_0032100,nv,nv,0.007029001,1.6037213e-05,auto_accept,baseline_badge
ISIC_0030471,nv,nv,0.003269778,1.741244e-05,auto_accept,baseline_badge
ISIC_0027627,nv,nv,0.24864256,0.048016723,auto_accept,baseline_badge
ISIC_0033640,nv,nv,0.5908866,3.4049062e-05,escalate,baseline_badge
ISIC_0031147,nv,nv,0.019499343,5.4498946e-07,auto_accept,baseline_badge
ISIC_0028009,nv,nv,0.00036457818,1.8678358e-05,auto_accept,baseline_badge
ISIC_0030535,nv,nv,0.6798148,0.019269308,auto_accept,baseline_badge
ISIC_0030752,nv,nv,0.00037272865,2.0984583e-06,auto_accept,baseline_badge
ISIC_0033960,nv,nv,0.6047746,0.045054168,auto_accept,baseline_badge
ISIC_0027357,nv,nv,0.0027311898,1.0185664e-05,auto_accept,baseline_badge
ISIC_0030975,nv,nv,0.00011506225,3.4884252e-08,auto_accept,baseline_badge
ISIC_0029572,nv,nv,0.014051777,0.0011967015,auto_accept,baseline_badge
ISIC_0027833,nv,nv,0.00129025,4.134547e-06,auto_accept,baseline_badge
ISIC_0027549,nv,nv,0.025265418,9.6326685e-06,auto_accept,baseline_badge
ISIC_0026779,nv,nv,0.003196996,5.225521e-05,auto_accept,baseline_badge
ISIC_0028838,nv,nv,0.009734077,0.00016648299,auto_accept,baseline_badge
ISIC_0031999,mel,nv,0.6757926,0.18147752,auto_accept,baseline_badge
ISIC_0024392,nv,nv,0.0020003058,0.00018403567,auto_accept,baseline_badge
ISIC_0032810,mel,mel,0.15425828,0.9351321,escalate,baseline_badge
ISIC_0033158,vasc,vasc,0.007838368,6.592139e-05,auto_accept,baseline_badge
ISIC_0032101,nv,nv,0.0026942398,4.8779784e-06,auto_accept,baseline_badge
ISIC_0031075,nv,nv,0.0006534503,1.9024854e-05,auto_accept,baseline_badge
ISIC_0029419,nv,nv,0.00094354607,1.3402775e-06,auto_accept,baseline_badge
ISIC_0028452,nv,nv,0.000105518506,1.3328574e-07,auto_accept,baseline_badge
ISIC_0033179,nv,nv,0.0029803207,0.00013600002,auto_accept,baseline_badge
ISIC_0032509,mel,mel,0.70275027,0.34988618,escalate,baseline_badge
ISIC_0026253,nv,nv,0.26619944,2.124218e-05,auto_accept,baseline_badge
ISIC_0032639,nv,nv,0.1250521,0.01669635,auto_accept,baseline_badge
ISIC_0031885,nv,nv,0.0009268064,1.9361667e-06,auto_accept,baseline_badge
ISIC_0026585,nv,nv,0.015506206,0.00020401573,auto_accept,baseline_badge
ISIC_0030607,bkl,bkl,1.0310158,0.1096789,auto_accept,baseline_badge
ISIC_0025023,nv,nv,0.00036208413,4.2622254e-05,auto_accept,baseline_badge
ISIC_0027411,nv,nv,0.014323139,0.0015666687,auto_accept,baseline_badge
ISIC_0030049,nv,nv,0.0033102902,0.00013180611,auto_accept,baseline_badge
ISIC_0028376,bkl,bkl,0.004744662,0.004783771,auto_accept,baseline_badge
ISIC_0029753,nv,nv,0.0029303017,7.9476995e-05,auto_accept,baseline_badge
ISIC_0025608,nv,nv,8.070506e-05,4.991309e-08,auto_accept,baseline_badge
ISIC_0028518,nv,nv,0.008373228,0.00092595903,auto_accept,baseline_badge
ISIC_0028753,nv,nv,0.0066417134,3.878662e-06,auto_accept,baseline_badge
ISIC_0024746,nv,nv,0.029525202,4.1517305e-06,auto_accept,baseline_badge
ISIC_0031026,bcc,bcc,0.13404632,0.8952778,auto_accept,baseline_badge
ISIC_0034233,mel,mel,0.0013611198,0.9997085,auto_accept,baseline_badge
ISIC_0027049,nv,nv,0.15664053,0.019506251,auto_accept,baseline_badge
ISIC_0028526,nv,nv,0.0051490385,0.00012389412,auto_accept,baseline_badge
ISIC_0033949,bkl,bkl,0.1596856,0.0029598752,auto_accept,baseline_badge
ISIC_0033330,nv,mel,0.49382114,0.7971148,escalate,baseline_badge
ISIC_0031172,nv,nv,0.003451515,0.00010383322,auto_accept,baseline_badge
ISIC_0031201,vasc,vasc,5.8984956e-06,3.5896576e-08,auto_accept,baseline_badge
ISIC_0030415,nv,nv,0.42827904,4.915576e-07,auto_accept,baseline_badge
ISIC_0031862,nv,nv,0.0502468,2.2697535e-05,auto_accept,baseline_badge
ISIC_0033361,bkl,bkl,0.040085714,0.0008435067,auto_accept,baseline_badge
ISIC_0030462,nv,nv,0.0049602236,0.00030265152,auto_accept,baseline_badge
ISIC_0026974,nv,nv,0.07933678,0.019433964,auto_accept,baseline_badge
ISIC_0025893,nv,nv,0.047911473,0.00165725,auto_accept,baseline_badge
ISIC_0026498,nv,nv,0.031899966,0.0031439806,auto_accept,baseline_badge
ISIC_0032636,bkl,mel,0.62068176,0.6786455,auto_accept,baseline_badge
ISIC_0029406,bkl,bkl,0.12619272,0.3412179,escalate,baseline_badge
ISIC_0028063,akiec,akiec,0.0034283798,0.99991834,auto_accept,baseline_badge
ISIC_0028475,nv,nv,0.0021348358,7.794882e-05,auto_accept,baseline_badge
ISIC_0026109,nv,nv,0.09867444,0.0068014152,auto_accept,baseline_badge
ISIC_0024802,nv,nv,0.008880373,0.00015639923,auto_accept,baseline_badge
ISIC_0026227,nv,nv,0.0026779333,2.7214175e-05,auto_accept,baseline_badge
ISIC_0032850,bcc,bcc,0.0029926966,0.99938667,auto_accept,baseline_badge
ISIC_0028226,nv,mel,0.60604393,0.690731,auto_accept,baseline_badge
ISIC_0027796,bkl,nv,0.24949713,0.011353812,auto_accept,baseline_badge
ISIC_0026221,nv,nv,7.382681e-05,6.1283583e-07,auto_accept,baseline_badge
ISIC_0027996,bkl,bkl,0.0074221278,1.8283097e-05,auto_accept,baseline_badge
ISIC_0033561,nv,nv,0.74358284,0.36490276,auto_accept,baseline_badge
ISIC_0033850,nv,mel,0.50512433,0.62549806,auto_accept,baseline_badge
ISIC_0030201,nv,nv,0.0031702826,0.00023866295,auto_accept,baseline_badge
ISIC_0025022,nv,nv,0.00010477429,1.976626e-06,auto_accept,baseline_badge
ISIC_0026072,bkl,akiec,0.09437411,0.93191814,auto_accept,baseline_badge
ISIC_0032978,bkl,mel,0.19781496,0.959818,auto_accept,baseline_badge
ISIC_0030538,nv,nv,0.006411759,0.00031753964,auto_accept,baseline_badge
ISIC_0026634,bkl,bkl,0.0787306,0.045902357,auto_accept,baseline_badge
ISIC_0030305,nv,nv,0.00053946656,2.0973233e-05,auto_accept,baseline_badge
ISIC_0027943,nv,nv,0.0026943076,2.1065924e-05,auto_accept,baseline_badge
ISIC_0029232,bkl,bkl,0.00043062904,1.9214593e-05,auto_accept,baseline_badge
ISIC_0031543,mel,mel,0.61610454,0.96197075,auto_accept,baseline_badge
ISIC_0033206,mel,mel,0.0026542551,0.99934596,auto_accept,baseline_badge
ISIC_0032096,nv,nv,0.33355847,0.0023116122,auto_accept,baseline_badge
ISIC_0025433,bcc,bcc,0.0056697046,0.9994085,auto_accept,baseline_badge
ISIC_0028717,nv,nv,0.012946309,0.00018825082,auto_accept,baseline_badge
ISIC_0033925,mel,mel,0.008256424,0.99931395,auto_accept,baseline_badge
ISIC_0031754,nv,nv,0.4522509,0.08648413,auto_accept,baseline_badge
ISIC_0024964,nv,nv,0.00222539,7.222458e-05,auto_accept,baseline_badge
ISIC_0030220,nv,nv,0.0016459429,1.4871992e-07,auto_accept,baseline_badge
ISIC_0030654,nv,nv,0.6974493,0.05680547,auto_accept,baseline_badge
ISIC_0032051,bkl,bkl,0.00021521786,3.754922e-05,auto_accept,baseline_badge
ISIC_0032798,nv,nv,0.00018113512,1.2220159e-05,auto_accept,baseline_badge
ISIC_0026281,mel,bkl,0.61427647,0.3556854,auto_accept,baseline_badge
ISIC_0032507,nv,nv,0.00075745105,9.286488e-06,auto_accept,baseline_badge
ISIC_0032647,nv,nv,0.09706009,0.014829887,auto_accept,baseline_badge
ISIC_0030055,nv,nv,0.00032354565,8.828454e-06,auto_accept,baseline_badge
ISIC_0026050,nv,nv,0.00034814823,3.3616798e-06,auto_accept,baseline_badge
ISIC_0031973,nv,nv,0.097412035,0.060980394,auto_accept,baseline_badge
ISIC_0033455,nv,mel,0.6764671,0.51529926,escalate,baseline_badge
ISIC_0028266,nv,nv,0.05131554,0.0004997746,auto_accept,baseline_badge
ISIC_0024681,nv,nv,4.5485973e-05,3.8684984e-09,auto_accept,baseline_badge
ISIC_0025592,mel,nv,0.23056406,0.01570412,auto_accept,baseline_badge
ISIC_0024456,nv,nv,0.014903307,9.287675e-06,auto_accept,baseline_badge
ISIC_0028212,nv,nv,0.18254812,0.003816957,auto_accept,baseline_badge
ISIC_0026365,bkl,nv,1.0077857,0.10860189,escalate,baseline_badge
ISIC_0030111,nv,nv,0.029443942,0.0014263776,auto_accept,baseline_badge
ISIC_0033090,nv,nv,0.1550245,0.0400121,escalate,baseline_badge
ISIC_0028524,nv,nv,0.00059575785,5.248754e-06,auto_accept,baseline_badge
ISIC_0030505,nv,nv,4.091548e-06,1.2869527e-08,auto_accept,baseline_badge
ISIC_0026449,nv,nv,0.0011224004,7.263209e-05,auto_accept,baseline_badge
ISIC_0033036,nv,nv,0.016415263,0.0019928275,auto_accept,baseline_badge
ISIC_0028664,nv,nv,0.06069666,0.0058254967,auto_accept,baseline_badge
ISIC_0033070,nv,nv,0.0032436112,0.00014368563,auto_accept,baseline_badge
ISIC_0031904,nv,nv,0.059343047,0.0004890625,auto_accept,baseline_badge
ISIC_0029202,bkl,bkl,0.00065451465,1.8218119e-06,auto_accept,baseline_badge
ISIC_0029887,nv,nv,0.0019712273,2.790517e-06,auto_accept,baseline_badge
ISIC_0031272,bcc,bcc,0.004397561,0.99916685,auto_accept,baseline_badge
ISIC_0030163,nv,nv,0.00066162826,1.4528146e-05,auto_accept,baseline_badge
ISIC_0033181,nv,nv,0.44049472,0.01256347,auto_accept,baseline_badge
ISIC_0029009,nv,nv,2.8657232e-05,3.0877616e-09,auto_accept,baseline_badge
ISIC_0025360,nv,nv,0.003725697,0.00012617715,auto_accept,baseline_badge
ISIC_0028876,bkl,bkl,0.0069270837,0.00067762,auto_accept,baseline_badge
ISIC_0026553,bkl,nv,0.5033677,0.016324824,auto_accept,baseline_badge
ISIC_0027721,mel,bkl,0.2775877,0.3311047,auto_accept,baseline_badge
ISIC_0029944,nv,nv,0.0031201574,5.630345e-05,auto_accept,baseline_badge
ISIC_0029979,nv,nv,0.0028539686,4.4368317e-05,auto_accept,baseline_badge
ISIC_0025722,nv,nv,0.028247312,3.302255e-05,auto_accept,baseline_badge
ISIC_0026710,nv,nv,0.010540607,7.839155e-07,auto_accept,baseline_badge
ISIC_0025788,nv,nv,0.006523394,0.0006672528,auto_accept,baseline_badge
ISIC_0028953,nv,nv,0.0016638367,8.0310936e-05,auto_accept,baseline_badge
ISIC_0031576,nv,nv,0.010951825,0.0018071609,auto_accept,baseline_badge
ISIC_0027890,nv,nv,0.009968948,0.0016633896,auto_accept,baseline_badge
ISIC_0024855,nv,nv,0.013053245,0.0029287378,auto_accept,baseline_badge
ISIC_0028245,nv,nv,0.0021303652,9.436867e-06,auto_accept,baseline_badge
ISIC_0033409,nv,nv,0.00070938386,5.44272e-05,auto_accept,baseline_badge
ISIC_0025434,bkl,bkl,0.008602958,0.0057128286,auto_accept,baseline_badge
ISIC_0027515,nv,nv,3.9920746e-05,1.739242e-08,auto_accept,baseline_badge
ISIC_0033935,nv,nv,0.5315001,0.318298,escalate,baseline_badge
ISIC_0029859,mel,nv,0.009383298,0.0003427194,auto_accept,baseline_badge
ISIC_0030174,nv,nv,0.018160688,0.0010223784,auto_accept,baseline_badge
ISIC_0031498,mel,mel,0.072520174,0.98166937,auto_accept,baseline_badge
ISIC_0034280,bkl,bkl,0.06807831,0.0038933505,auto_accept,baseline_badge
ISIC_0031432,nv,nv,0.0001393122,5.394944e-06,auto_accept,baseline_badge
ISIC_0032552,mel,nv,0.9884813,0.14955851,escalate,baseline_badge
ISIC_0029535,nv,nv,0.00135893,1.5960447e-06,auto_accept,baseline_badge
ISIC_0033547,nv,nv,0.010622298,0.0020426405,auto_accept,baseline_badge
ISIC_0028868,nv,nv,0.09193479,0.008137765,auto_accept,baseline_badge
ISIC_0025793,bcc,bcc,0.57444525,0.45595363,escalate,baseline_badge
ISIC_0025704,nv,nv,0.005795449,1.669959e-05,auto_accept,baseline_badge
ISIC_0024891,nv,nv,0.7003483,3.4549506e-05,escalate,baseline_badge
ISIC_0033558,nv,nv,0.009597587,2.2145118e-06,auto_accept,baseline_badge
ISIC_0025185,nv,nv,0.00093822967,1.8057692e-05,auto_accept,baseline_badge
ISIC_0025304,nv,nv,0.0044744266,3.2735996e-05,auto_accept,baseline_badge
ISIC_0027148,nv,nv,0.002488657,4.8970414e-06,auto_accept,baseline_badge
ISIC_0030144,nv,nv,0.0010027783,3.007268e-06,auto_accept,baseline_badge
ISIC_0028927,nv,nv,0.0017161546,0.00017435636,auto_accept,baseline_badge
ISIC_0030234,nv,nv,2.727229e-06,4.875376e-09,auto_accept,baseline_badge
ISIC_0029738,nv,nv,0.0035557956,7.7398e-06,auto_accept,baseline_badge
ISIC_0026635,nv,nv,0.6996963,1.4305899e-06,escalate,baseline_badge
ISIC_0033842,nv,nv,0.04129982,0.00010012844,auto_accept,baseline_badge
ISIC_0027448,nv,nv,0.09444721,0.015273135,auto_accept,baseline_badge
ISIC_0025713,nv,nv,0.039710812,0.0051325527,auto_accept,baseline_badge
ISIC_0033644,mel,mel,0.3485022,0.7732459,auto_accept,baseline_badge
ISIC_0024729,mel,mel,0.404322,0.7967846,auto_accept,baseline_badge
ISIC_0033982,nv,nv,0.06962766,0.0077325124,auto_accept,baseline_badge
ISIC_0031366,nv,nv,0.21689521,0.00525545,auto_accept,baseline_badge
ISIC_0025944,nv,nv,0.076895885,0.009661991,auto_accept,baseline_badge
ISIC_0031675,nv,nv,0.06612922,3.075512e-05,auto_accept,baseline_badge
ISIC_0032735,nv,nv,0.01576166,0.00028493276,auto_accept,baseline_badge
ISIC_0024509,nv,nv,0.0005400805,1.0080545e-06,auto_accept,baseline_badge
ISIC_0024530,nv,nv,2.0617392e-05,3.1504902e-07,auto_accept,baseline_badge
ISIC_0031096,nv,nv,0.00056581275,4.0734876e-06,auto_accept,baseline_badge
ISIC_0027803,nv,nv,5.5896144e-05,6.82471e-07,auto_accept,baseline_badge
ISIC_0029040,bkl,bkl,1.2606397,0.55882096,escalate,baseline_badge
ISIC_0027997,nv,nv,0.13625756,0.005892669,auto_accept,baseline_badge
ISIC_0028725,nv,nv,0.00020700542,1.9716133e-07,auto_accept,baseline_badge
ISIC_0026022,nv,nv,0.13153376,0.02964334,auto_accept,baseline_badge
ISIC_0025867,bkl,bkl,0.8613108,0.33860856,escalate,baseline_badge
ISIC_0028349,nv,nv,0.1998342,0.005361696,auto_accept,baseline_badge
ISIC_0033257,bcc,bcc,0.002097994,0.999882,auto_accept,baseline_badge
ISIC_0028684,nv,nv,0.18140928,0.0003560966,auto_accept,baseline_badge
ISIC_0025204,nv,nv,2.3396783e-06,2.9581595e-09,auto_accept,baseline_badge
ISIC_0032753,nv,nv,0.3973486,0.04466434,auto_accept,baseline_badge
ISIC_0030395,nv,nv,0.038674776,0.0015169481,auto_accept,baseline_badge
ISIC_0032341,nv,nv,0.011870285,0.0011252929,auto_accept,baseline_badge
ISIC_0032932,vasc,vasc,0.0014344844,0.0013132335,auto_accept,baseline_badge
ISIC_0029027,nv,nv,0.11747576,0.0060305344,auto_accept,baseline_badge
ISIC_0031297,nv,nv,0.0060592364,4.274861e-05,auto_accept,baseline_badge
ISIC_0030843,mel,nv,0.29212472,0.015570931,auto_accept,baseline_badge
ISIC_0024836,nv,nv,0.1341238,0.00019262786,auto_accept,baseline_badge
ISIC_0027223,nv,nv,0.00019235403,2.799335e-07,auto_accept,baseline_badge
ISIC_0026684,nv,nv,0.0009677024,1.6054091e-05,auto_accept,baseline_badge
ISIC_0026417,df,df,9.801522e-05,7.795106e-06,auto_accept,baseline_badge
ISIC_0024703,nv,nv,0.0016350123,0.000114699294,auto_accept,baseline_badge
ISIC_0029326,nv,nv,4.7630733e-06,6.69799e-08,auto_accept,baseline_badge
ISIC_0024310,mel,mel,0.033851426,0.99579704,auto_accept,baseline_badge
ISIC_0028509,nv,nv,0.13123102,0.01686353,auto_accept,baseline_badge
ISIC_0032052,nv,nv,0.004564028,0.00015142583,auto_accept,baseline_badge
ISIC_0026223,nv,nv,0.08853954,0.014860912,auto_accept,baseline_badge
ISIC_0030974,nv,nv,0.019039854,0.00042852326,auto_accept,baseline_badge
ISIC_0028277,nv,nv,0.0061014635,5.7525616e-05,auto_accept,baseline_badge
ISIC_0031694,nv,nv,0.012898778,0.00081461313,auto_accept,baseline_badge
ISIC_0030753,nv,nv,0.004602298,7.412656e-05,auto_accept,baseline_badge
ISIC_0033192,mel,mel,0.41184112,0.78259987,auto_accept,baseline_badge
ISIC_0026636,nv,nv,0.00041474908,3.2767903e-06,auto_accept,baseline_badge
ISIC_0031395,nv,nv,0.38478088,0.02168042,auto_accept,baseline_badge
ISIC_0034102,nv,nv,0.019210124,0.0018835085,auto_accept,baseline_badge
ISIC_0031579,nv,nv,0.05121996,0.0018059424,auto_accept,baseline_badge
ISIC_0027703,nv,nv,0.35267523,0.00017049635,auto_accept,baseline_badge
ISIC_0030288,nv,nv,0.00029246052,3.4900409e-06,auto_accept,baseline_badge
ISIC_0027056,nv,nv,0.00075866265,2.6970529e-06,auto_accept,baseline_badge
ISIC_0030803,akiec,akiec,0.017709356,0.99653554,auto_accept,baseline_badge
ISIC_0028055,nv,nv,0.00013558897,8.9500344e-07,auto_accept,baseline_badge
ISIC_0024606,nv,nv,0.0014251202,6.94881e-07,auto_accept,baseline_badge
ISIC_0025479,nv,nv,0.0004258915,8.371955e-06,auto_accept,baseline_badge
ISIC_0033688,nv,nv,0.1092825,0.020871583,auto_accept,baseline_badge
ISIC_0028818,bcc,bcc,0.22907402,0.99864966,auto_accept,baseline_badge
ISIC_0030989,nv,nv,0.00022777893,7.652191e-06,auto_accept,baseline_badge
ISIC_0032649,nv,nv,0.059482023,0.014028734,auto_accept,baseline_badge
ISIC_0030888,nv,nv,0.06117339,0.00012043573,auto_accept,baseline_badge
ISIC_0026914,nv,nv,0.57849663,3.741421e-06,auto_accept,baseline_badge
ISIC_0030025,nv,nv,0.0024268602,5.2550295e-05,auto_accept,baseline_badge
ISIC_0029883,nv,nv,0.00039092352,8.580258e-07,auto_accept,baseline_badge
ISIC_0031229,nv,nv,0.00041475706,1.5520792e-06,auto_accept,baseline_badge
ISIC_0031260,nv,nv,0.0012590152,3.5135479e-06,auto_accept,baseline_badge
ISIC_0026413,nv,nv,0.0030660508,5.1245384e-05,auto_accept,baseline_badge
ISIC_0029166,bkl,bkl,1.002665,0.1441796,auto_accept,baseline_badge
ISIC_0030774,nv,nv,0.60156184,0.018342307,auto_accept,baseline_badge
ISIC_0029030,nv,nv,0.7180161,0.33257943,auto_accept,baseline_badge
ISIC_0024545,mel,mel,0.00074285985,0.9999056,auto_accept,baseline_badge
ISIC_0029799,nv,nv,0.0010550441,1.8744781e-07,auto_accept,baseline_badge
ISIC_0028108,nv,nv,0.19050482,7.04129e-08,auto_accept,baseline_badge
ISIC_0026137,nv,nv,0.6773107,0.44717667,escalate,baseline_badge
ISIC_0029952,nv,nv,0.00273822,0.00016815752,auto_accept,baseline_badge
ISIC_0026457,akiec,akiec,0.92956096,0.68653774,escalate,baseline_badge
ISIC_0024343,nv,nv,0.009366835,0.00027773608,auto_accept,baseline_badge
ISIC_0033332,nv,nv,0.010911843,3.455768e-05,auto_accept,baseline_badge
ISIC_0032566,nv,nv,0.7467111,0.17146823,escalate,baseline_badge
ISIC_0027494,nv,nv,0.00022608606,1.7427939e-06,auto_accept,baseline_badge
ISIC_0026582,nv,nv,0.0057625887,0.00034102343,auto_accept,baseline_badge
ISIC_0027391,nv,nv,2.880613e-05,3.583139e-07,auto_accept,baseline_badge
ISIC_0028225,mel,nv,0.6388317,0.049209327,escalate,baseline_badge
ISIC_0027471,nv,nv,0.17061715,0.0010927342,auto_accept,baseline_badge
ISIC_0029977,nv,nv,0.00018916787,3.6311476e-07,auto_accept,baseline_badge
ISIC_0028459,nv,nv,0.010223248,4.055634e-06,auto_accept,baseline_badge
ISIC_0029702,nv,nv,0.031006481,1.1119498e-05,auto_accept,baseline_badge
ISIC_0027811,bkl,bkl,0.042291634,0.0043001557,auto_accept,baseline_badge
ISIC_0027292,nv,nv,0.060388174,0.0009796288,auto_accept,baseline_badge
ISIC_0032858,nv,nv,0.27645272,0.00060351717,auto_accept,baseline_badge
ISIC_0032435,nv,nv,0.038397994,0.009834674,auto_accept,baseline_badge
ISIC_0026780,nv,nv,0.003844066,6.795507e-05,auto_accept,baseline_badge
ISIC_0025652,nv,nv,0.00013867208,1.481209e-07,auto_accept,baseline_badge
ISIC_0024518,nv,nv,0.00189887,0.00016167587,auto_accept,baseline_badge
ISIC_0028916,mel,mel,0.19837406,0.9732526,auto_accept,baseline_badge
ISIC_0027059,nv,nv,0.003939942,1.3522301e-05,auto_accept,baseline_badge
ISIC_0027100,mel,mel,0.6201944,0.8097811,escalate,baseline_badge
ISIC_0028488,nv,nv,0.26676416,0.0006686998,auto_accept,baseline_badge
ISIC_0024322,nv,nv,0.00012725529,4.3893326e-08,auto_accept,baseline_badge
ISIC_0028839,nv,nv,0.00015589848,6.6034754e-06,auto_accept,baseline_badge
ISIC_0031569,bcc,bcc,0.00021836344,0.99998367,auto_accept,baseline_badge
ISIC_0024611,nv,nv,0.0008691167,6.525819e-07,auto_accept,baseline_badge
ISIC_0032889,nv,nv,0.23857047,0.0029536812,auto_accept,baseline_badge
ISIC_0032564,mel,mel,0.049011495,0.9998362,auto_accept,baseline_badge
ISIC_0034041,nv,nv,0.5216244,0.085558064,auto_accept,baseline_badge
ISIC_0029806,nv,nv,3.058478e-05,1.05987546e-07,auto_accept,baseline_badge
ISIC_0026064,nv,nv,0.0017342786,1.5868866e-06,auto_accept,baseline_badge
ISIC_0029507,nv,nv,0.0002540886,3.1650325e-07,auto_accept,baseline_badge
ISIC_0030775,nv,nv,0.00037768538,6.3823734e-07,auto_accept,baseline_badge
ISIC_0033375,nv,nv,0.5464897,7.820502e-05,escalate,baseline_badge
ISIC_0029414,nv,nv,0.00014828943,1.9137382e-05,auto_accept,baseline_badge
ISIC_0025159,nv,nv,0.00011401988,4.9449716e-07,auto_accept,baseline_badge
ISIC_0026851,nv,nv,0.00069009414,1.3389116e-05,auto_accept,baseline_badge
ISIC_0025107,nv,nv,0.0006683762,1.0019549e-05,auto_accept,baseline_badge
ISIC_0028539,nv,nv,0.010518798,4.677602e-06,auto_accept,baseline_badge
ISIC_0030042,nv,nv,0.00013815929,3.0581168e-06,auto_accept,baseline_badge
ISIC_0029395,nv,nv,0.10022882,0.002245268,auto_accept,baseline_badge
ISIC_0029106,nv,nv,0.021483667,0.001413505,auto_accept,baseline_badge
ISIC_0026174,bkl,bkl,0.008778942,0.0012065197,auto_accept,baseline_badge
ISIC_0033952,bkl,bkl,0.042179007,0.010821398,auto_accept,baseline_badge
ISIC_0030683,bkl,bkl,0.6959277,0.09045508,escalate,baseline_badge
ISIC_0029718,nv,nv,0.028515697,0.0015731168,auto_accept,baseline_badge
ISIC_0027655,nv,nv,0.0059840945,3.0162466e-05,auto_accept,baseline_badge
ISIC_0026200,nv,nv,0.34930304,4.892927e-09,auto_accept,baseline_badge
ISIC_0033107,nv,nv,0.107133225,0.020058474,auto_accept,baseline_badge
ISIC_0031064,nv,nv,0.3880855,0.016996922,auto_accept,baseline_badge
ISIC_0029539,bcc,bcc,0.00033283333,0.9999472,auto_accept,baseline_badge
ISIC_0025296,nv,nv,0.0056709903,0.000116873416,auto_accept,baseline_badge
ISIC_0024921,nv,nv,0.018617466,3.613852e-05,auto_accept,baseline_badge
ISIC_0030887,nv,nv,0.0019511941,7.114174e-07,auto_accept,baseline_badge
ISIC_0030568,nv,nv,0.0021935923,0.00018275392,auto_accept,baseline_badge
ISIC_0028293,nv,nv,0.17074479,0.029717853,auto_accept,baseline_badge
ISIC_0030225,nv,nv,0.004446469,0.00052682974,auto_accept,baseline_badge
ISIC_0025950,nv,nv,0.58491975,0.001021637,auto_accept,baseline_badge
ISIC_0031454,nv,nv,0.13794822,4.854254e-05,auto_accept,baseline_badge
ISIC_0025614,nv,nv,0.0016350633,9.2448274e-05,auto_accept,baseline_badge
ISIC_0028460,mel,mel,0.002392082,0.9995289,auto_accept,baseline_badge
ISIC_0033163,nv,nv,0.18742885,0.050209567,auto_accept,baseline_badge
ISIC_0026711,nv,nv,0.2062513,0.02626971,auto_accept,baseline_badge
ISIC_0025628,vasc,vasc,0.0010980436,1.0905404e-06,auto_accept,baseline_badge
ISIC_0031909,nv,nv,0.018362507,0.00060495356,auto_accept,baseline_badge
ISIC_0029951,bcc,bcc,0.009294064,0.9980532,auto_accept,baseline_badge
ISIC_0033085,nv,nv,0.24727108,0.022233339,auto_accept,baseline_badge
ISIC_0032035,nv,nv,0.29283515,0.060328722,auto_accept,baseline_badge
ISIC_0033650,nv,nv,0.079525575,0.002506641,auto_accept,baseline_badge
ISIC_0033381,nv,nv,0.05520108,0.00076797715,auto_accept,baseline_badge
ISIC_0027754,bkl,bkl,0.20946382,0.1708681,auto_accept,baseline_badge
ISIC_0032905,nv,bkl,1.0977497,0.6398476,escalate,baseline_badge
ISIC_0031365,nv,nv,0.022098321,6.284651e-05,auto_accept,baseline_badge
ISIC_0031548,nv,nv,0.0023412767,7.080979e-06,auto_accept,baseline_badge
ISIC_0032473,nv,nv,0.004494302,1.3244459e-08,auto_accept,baseline_badge
ISIC_0024465,nv,nv,0.0114593245,2.285152e-05,auto_accept,baseline_badge
ISIC_0033683,nv,nv,0.055719182,0.014504261,auto_accept,baseline_badge
ISIC_0033944,nv,nv,0.0036276095,0.00030504746,auto_accept,baseline_badge
ISIC_0028546,nv,nv,0.0032466652,1.0960729e-06,auto_accept,baseline_badge
ISIC_0034128,nv,nv,0.012451716,0.0012343904,auto_accept,baseline_badge
ISIC_0025717,nv,nv,0.002733268,3.4857152e-05,auto_accept,baseline_badge
ISIC_0024965,nv,nv,0.00035194564,1.9695417e-05,auto_accept,baseline_badge
ISIC_0033231,nv,nv,0.0021217845,0.00023335936,auto_accept,baseline_badge
ISIC_0030940,nv,bkl,0.5951219,0.0063060704,escalate,baseline_badge
ISIC_0030151,nv,bkl,0.12005829,0.03274433,auto_accept,baseline_badge
ISIC_0032430,mel,mel,0.5458122,0.85595953,auto_accept,baseline_badge
ISIC_0027555,nv,nv,0.00013087617,1.579148e-06,auto_accept,baseline_badge
ISIC_0033770,bkl,bkl,0.08154246,0.0040081358,auto_accept,baseline_badge
ISIC_0033544,nv,nv,0.008597321,3.923064e-05,auto_accept,baseline_badge
ISIC_0025574,nv,nv,0.001172524,5.9484664e-05,auto_accept,baseline_badge
ISIC_0030438,nv,nv,0.0005277409,1.3015939e-05,auto_accept,baseline_badge
ISIC_0024970,bkl,bkl,0.081115454,0.06018362,auto_accept,baseline_badge
ISIC_0027787,nv,nv,0.0094801765,0.00010102198,auto_accept,baseline_badge
ISIC_0030029,nv,nv,0.007929476,4.7559126e-05,auto_accept,baseline_badge
ISIC_0029171,nv,nv,0.010064738,5.8751226e-05,auto_accept,baseline_badge
ISIC_0029897,bkl,bkl,0.11505293,0.00026872254,auto_accept,baseline_badge
ISIC_0033727,nv,nv,0.52654076,0.02523059,auto_accept,baseline_badge
ISIC_0025137,nv,nv,0.00029454596,3.0774174e-06,auto_accept,baseline_badge
ISIC_0026581,nv,nv,0.051664755,0.0008340199,auto_accept,baseline_badge
ISIC_0024367,mel,mel,0.43996677,0.77264994,auto_accept,baseline_badge
ISIC_0024989,nv,nv,0.008579672,0.00011904344,auto_accept,baseline_badge
ISIC_0032724,mel,mel,0.11699492,0.93300056,auto_accept,baseline_badge
ISIC_0030045,nv,nv,2.2543404e-07,2.7852136e-11,auto_accept,baseline_badge
ISIC_0033686,nv,nv,0.32472238,0.13325466,auto_accept,baseline_badge
ISIC_0033951,nv,nv,0.01885471,0.0004953357,auto_accept,baseline_badge
ISIC_0034096,nv,nv,0.14244604,0.029372381,auto_accept,baseline_badge
ISIC_0029212,mel,mel,0.10045701,0.99686396,auto_accept,baseline_badge
ISIC_0032537,mel,mel,0.6941618,0.9135563,escalate,baseline_badge
ISIC_0030864,nv,nv,0.02937604,0.0012220173,auto_accept,baseline_badge
ISIC_0033364,nv,nv,0.04488082,5.4185184e-06,auto_accept,baseline_badge
ISIC_0025333,nv,nv,0.00088948634,3.1883221e-06,auto_accept,baseline_badge
ISIC_0030743,nv,nv,0.22312516,5.484638e-06,escalate,baseline_badge
ISIC_0025376,bkl,nv,0.08498714,0.0068185274,auto_accept,baseline_badge
ISIC_0028896,nv,nv,0.018382948,1.44746e-05,auto_accept,baseline_badge
ISIC_0033465,bkl,bkl,0.0633231,0.0041521345,auto_accept,baseline_badge
ISIC_0030675,nv,bkl,0.78777266,0.010865239,escalate,baseline_badge
ISIC_0034195,nv,nv,0.5979103,0.18852738,auto_accept,baseline_badge
ISIC_0028419,bcc,bcc,0.00030449778,0.999936,auto_accept,baseline_badge
ISIC_0027329,nv,nv,0.0012828679,2.0562191e-05,auto_accept,baseline_badge
ISIC_0027172,akiec,akiec,0.03851694,0.99953103,auto_accept,baseline_badge
ISIC_0028286,nv,nv,2.1418055e-05,9.393021e-08,auto_accept,baseline_badge
ISIC_0028034,nv,nv,0.097838655,0.0038886045,auto_accept,baseline_badge
ISIC_0027588,akiec,bkl,0.69138813,0.005389277,escalate,baseline_badge
ISIC_0031704,nv,nv,0.47361293,0.00052061427,escalate,baseline_badge
ISIC_0029118,nv,nv,0.04598452,0.002552937,auto_accept,baseline_badge
ISIC_0031701,nv,nv,0.0017853099,7.31221e-05,auto_accept,baseline_badge
ISIC_0028437,nv,nv,0.0069390503,0.0002007659,auto_accept,baseline_badge
ISIC_0028001,nv,nv,0.0022583806,6.2615065e-05,auto_accept,baseline_badge
ISIC_0027046,bcc,bcc,1.3667449,0.7081408,escalate,baseline_badge
ISIC_0027874,nv,nv,0.03816949,0.0076006707,auto_accept,baseline_badge
ISIC_0030959,bkl,bkl,0.009679532,0.00016183287,auto_accept,baseline_badge
ISIC_0028045,nv,nv,0.0014756892,8.8248205e-05,auto_accept,baseline_badge
ISIC_0026644,bkl,bkl,5.2470266e-05,8.1839124e-07,auto_accept,baseline_badge
ISIC_0025778,nv,bkl,0.091499306,0.03426031,auto_accept,baseline_badge
ISIC_0024587,nv,nv,0.013920825,0.0007302636,auto_accept,baseline_badge
ISIC_0025444,nv,nv,0.024838412,0.00016890687,auto_accept,baseline_badge
ISIC_0030863,nv,nv,0.0032797426,2.011321e-05,auto_accept,baseline_badge
ISIC_0027113,nv,nv,0.3128871,0.046674278,auto_accept,baseline_badge
ISIC_0025001,nv,nv,0.06283162,0.005847424,auto_accept,baseline_badge
ISIC_0025378,bkl,bkl,0.0032814937,7.4266434e-05,auto_accept,baseline_badge
ISIC_0034060,nv,mel,0.12577663,0.97247,auto_accept,baseline_badge
ISIC_0026410,nv,nv,0.0014728437,1.917253e-05,auto_accept,baseline_badge
ISIC_0032393,nv,nv,0.0013009332,0.00012088168,auto_accept,baseline_badge
ISIC_0026947,bkl,bkl,0.06384144,0.0033049092,auto_accept,baseline_badge
ISIC_0027252,nv,nv,0.003025793,1.7461563e-05,auto_accept,baseline_badge
ISIC_0024686,nv,nv,0.00019190542,1.9810836e-06,auto_accept,baseline_badge
ISIC_0027466,nv,nv,0.30999684,0.024338545,auto_accept,baseline_badge
ISIC_0033000,akiec,akiec,0.004424138,0.99993217,auto_accept,baseline_badge
ISIC_0025405,nv,nv,0.005151696,0.00025765414,auto_accept,baseline_badge
ISIC_0030736,nv,nv,0.00038333054,3.022443e-06,auto_accept,baseline_badge
ISIC_0024415,nv,nv,3.8750666e-05,1.3988527e-07,auto_accept,baseline_badge
ISIC_0032951,nv,nv,0.002670677,4.27081e-06,auto_accept,baseline_badge
ISIC_0029423,nv,nv,0.00072384323,3.853937e-06,auto_accept,baseline_badge
ISIC_0026858,nv,nv,0.041016378,5.0555114e-05,auto_accept,baseline_badge
ISIC_0032510,nv,nv,0.2455639,0.053392928,auto_accept,baseline_badge
ISIC_0028404,bkl,akiec,1.3052171,0.94518334,escalate,baseline_badge
ISIC_0032758,nv,nv,0.10750009,0.008570858,auto_accept,baseline_badge
ISIC_0034030,nv,nv,0.0702305,0.007915039,auto_accept,baseline_badge
ISIC_0027653,nv,nv,5.567953e-05,2.228874e-07,auto_accept,baseline_badge
ISIC_0032042,nv,nv,0.22036353,9.6072545e-05,auto_accept,baseline_badge
ISIC_0025291,nv,nv,0.00029242088,5.7908673e-09,auto_accept,baseline_badge
ISIC_0028037,nv,nv,0.0024738759,0.00020629754,auto_accept,baseline_badge
ISIC_0030785,akiec,bcc,0.016793111,0.99998784,auto_accept,baseline_badge
ISIC_0026324,bcc,bcc,0.00026242578,0.9999864,auto_accept,baseline_badge
ISIC_0031012,akiec,akiec,0.07463569,0.99785846,auto_accept,baseline_badge
ISIC_0032581,nv,nv,0.06704545,0.00017338833,auto_accept,baseline_badge
ISIC_0026193,nv,nv,0.24291569,0.03329226,auto_accept,baseline_badge
ISIC_0027265,nv,nv,0.55111235,0.23000267,auto_accept,baseline_badge
ISIC_0032083,nv,nv,0.0013470317,1.8909452e-05,auto_accept,baseline_badge
ISIC_0028056,mel,mel,1.1801758,0.68841976,escalate,baseline_badge
ISIC_0028875,nv,nv,0.0040204567,0.0004859538,auto_accept,baseline_badge
ISIC_0026048,nv,nv,0.05091507,0.0028024376,auto_accept,baseline_badge
ISIC_0031164,nv,nv,0.0030347067,5.0307382e-05,auto_accept,baseline_badge
ISIC_0026534,nv,nv,0.0011218702,8.4984364e-05,auto_accept,baseline_badge
ISIC_0028199,nv,nv,0.000824861,6.0908055e-06,auto_accept,baseline_badge
ISIC_0024384,nv,nv,0.00011260668,3.0189112e-06,auto_accept,baseline_badge
ISIC_0029812,nv,nv,0.24162902,0.047063544,auto_accept,baseline_badge
ISIC_0026270,nv,nv,0.004032282,0.0001796367,auto_accept,baseline_badge
ISIC_0024529,nv,nv,0.0010289785,8.485089e-06,auto_accept,baseline_badge
ISIC_0029823,bkl,bkl,0.005046385,0.0006158638,auto_accept,baseline_badge
ISIC_0029796,nv,nv,8.4771345e-05,8.5567325e-07,auto_accept,baseline_badge
ISIC_0032838,nv,mel,0.056019466,0.989426,auto_accept,baseline_badge
ISIC_0028314,akiec,akiec,0.00013597962,0.99996305,auto_accept,baseline_badge
ISIC_0032094,nv,nv,0.03583944,4.5742e-05,auto_accept,baseline_badge
ISIC_0028749,bkl,bkl,0.34854308,0.07236578,auto_accept,baseline_badge
ISIC_0032049,nv,nv,0.00035780403,3.5515855e-06,auto_accept,baseline_badge
ISIC_0024638,nv,nv,0.0005258779,2.5673446e-06,auto_accept,baseline_badge
ISIC_0031290,nv,nv,0.034124535,0.0006116941,auto_accept,baseline_badge
ISIC_0026937,nv,nv,0.00253297,4.8110855e-06,auto_accept,baseline_badge
ISIC_0025654,bkl,bkl,0.0084709395,0.00036834288,auto_accept,baseline_badge
ISIC_0026755,nv,nv,0.0074644247,3.4455403e-05,auto_accept,baseline_badge
ISIC_0025424,nv,nv,0.47092375,0.19279918,auto_accept,baseline_badge
ISIC_0027717,nv,nv,0.041539837,0.00486618,auto_accept,baseline_badge
ISIC_0026669,nv,nv,0.00019333647,2.443471e-06,auto_accept,baseline_badge
ISIC_0031839,nv,nv,0.116374135,0.0038171767,auto_accept,baseline_badge
ISIC_0026520,nv,nv,0.006335083,0.00019710399,auto_accept,baseline_badge
ISIC_0032623,nv,bkl,0.690277,0.00019895936,escalate,baseline_badge
ISIC_0025259,nv,nv,0.0071529327,0.0006015349,auto_accept,baseline_badge
ISIC_0034166,nv,nv,0.001182208,5.6757464e-05,auto_accept,baseline_badge
ISIC_0029789,bkl,akiec,0.40037522,0.92957556,auto_accept,baseline_badge
ISIC_0031809,nv,nv,0.052708007,0.0010239732,auto_accept,baseline_badge
ISIC_0027836,nv,nv,0.00033572025,1.8252168e-06,auto_accept,baseline_badge
ISIC_0025211,nv,nv,0.0040905387,7.106918e-07,auto_accept,baseline_badge
ISIC_0025502,nv,nv,9.139495e-05,8.607197e-07,auto_accept,baseline_badge
ISIC_0029585,bkl,bkl,0.006407724,0.0037317239,auto_accept,baseline_badge
ISIC_0032177,nv,nv,0.012303903,0.00010051886,auto_accept,baseline_badge
ISIC_0024502,nv,nv,0.0164197,0.00023859333,auto_accept,baseline_badge
ISIC_0033494,akiec,akiec,0.0015477159,0.9988372,auto_accept,baseline_badge
ISIC_0029963,nv,nv,3.182425e-05,2.063663e-07,auto_accept,baseline_badge
ISIC_0026771,nv,nv,0.002898486,1.3222256e-05,auto_accept,baseline_badge
ISIC_0029170,mel,mel,0.71174586,0.9952318,auto_accept,baseline_badge
ISIC_0027115,nv,nv,0.0007480446,1.0090047e-06,auto_accept,baseline_badge
ISIC_0032460,bkl,nv,0.6726216,1.5181425e-05,auto_accept,baseline_badge
ISIC_0025627,bkl,akiec,0.983921,0.46692488,auto_accept,baseline_badge
ISIC_0027166,nv,nv,0.007933853,1.5353171e-05,auto_accept,baseline_badge
ISIC_0029318,mel,akiec,0.04497534,0.99891055,auto_accept,baseline_badge
ISIC_0025744,mel,mel,0.20139809,0.9572911,auto_accept,baseline_badge
ISIC_0028120,bkl,bkl,0.79936326,0.17258307,auto_accept,baseline_badge
ISIC_0030738,nv,nv,0.5561307,0.0004710756,auto_accept,baseline_badge
ISIC_0030292,nv,nv,0.0017187282,1.5127431e-05,auto_accept,baseline_badge
ISIC_0029103,nv,nv,0.00013171123,5.018142e-07,auto_accept,baseline_badge
ISIC_0030342,nv,nv,0.005412219,4.2942324e-06,auto_accept,baseline_badge
ISIC_0029736,nv,nv,0.2441975,0.08171193,escalate,baseline_badge
ISIC_0032815,nv,nv,0.019238988,0.0030753438,auto_accept,baseline_badge
ISIC_0030813,bcc,bcc,0.0007398944,0.99996865,auto_accept,baseline_badge
ISIC_0028077,nv,nv,0.039111976,7.652967e-05,auto_accept,baseline_badge
ISIC_0025459,nv,nv,0.00012068284,7.5764797e-07,auto_accept,baseline_badge
ISIC_0026760,bcc,bcc,0.0023809823,0.99988496,auto_accept,baseline_badge
ISIC_0024655,nv,nv,0.0021522595,7.055304e-07,auto_accept,baseline_badge
ISIC_0029380,nv,nv,0.00090308563,9.831427e-06,auto_accept,baseline_badge
ISIC_0029928,nv,nv,2.286183e-05,3.9455637e-07,auto_accept,baseline_badge
ISIC_0033012,bcc,bcc,0.1595938,0.9756296,auto_accept,baseline_badge
ISIC_0027486,nv,nv,0.29161564,0.048972607,auto_accept,baseline_badge
ISIC_0032254,nv,nv,0.002237559,1.2550614e-05,auto_accept,baseline_badge
ISIC_0030412,nv,nv,0.0002081031,7.796635e-07,auto_accept,baseline_badge
ISIC_0025274,nv,nv,0.0037015008,3.281523e-05,auto_accept,baseline_badge
ISIC_0024660,nv,nv,0.00076243747,1.7451257e-06,auto_accept,baseline_badge
ISIC_0027456,nv,nv,0.010793619,0.0003278233,auto_accept,baseline_badge
ISIC_0027830,nv,nv,0.00077284453,2.7719434e-05,auto_accept,baseline_badge
ISIC_0030331,nv,nv,0.00044848444,2.248671e-06,auto_accept,baseline_badge
ISIC_0033613,bkl,bkl,0.010053562,0.0023908871,auto_accept,baseline_badge
ISIC_0025342,nv,nv,0.37327868,1.6933069e-05,escalate,baseline_badge
ISIC_0028837,nv,nv,0.012676558,6.7347886e-05,auto_accept,baseline_badge
ISIC_0028951,nv,nv,0.13850525,0.0131009715,auto_accept,baseline_badge
ISIC_0027669,mel,mel,0.03327056,0.99417675,auto_accept,baseline_badge
ISIC_0024897,bcc,bcc,0.013890972,0.9964316,auto_accept,baseline_badge
ISIC_0025577,akiec,akiec,0.011914856,0.9992818,auto_accept,baseline_badge
ISIC_0024386,df,df,2.0462188e-08,7.60842e-10,auto_accept,baseline_badge
ISIC_0031175,bcc,bcc,0.013970134,0.99861777,auto_accept,baseline_badge
ISIC_0025386,nv,nv,0.12472664,0.007892316,auto_accept,baseline_badge
ISIC_0033855,bkl,bkl,0.006379685,0.001486096,auto_accept,baseline_badge
ISIC_0027186,nv,nv,0.07387324,1.5021238e-05,auto_accept,baseline_badge
ISIC_0031403,nv,nv,0.00046638813,5.4701372e-06,auto_accept,baseline_badge
ISIC_0027994,nv,nv,0.4089397,0.0015104221,auto_accept,baseline_badge
ISIC_0025781,bkl,bkl,0.22647484,0.100183785,auto_accept,baseline_badge
ISIC_0024793,nv,nv,0.02634007,0.0012328846,auto_accept,baseline_badge
ISIC_0032228,nv,nv,4.0640538e-05,2.5497616e-07,auto_accept,baseline_badge
ISIC_0032929,bkl,bkl,0.36549035,0.18025206,auto_accept,baseline_badge
ISIC_0024317,nv,nv,0.18065591,0.045835003,auto_accept,baseline_badge
ISIC_0027999,nv,nv,0.016704021,0.0012752205,auto_accept,baseline_badge
ISIC_0032122,nv,nv,0.0012164095,9.0255344e-05,auto_accept,baseline_badge
ISIC_0032428,nv,nv,0.008235147,0.00037403282,auto_accept,baseline_badge
ISIC_0030493,nv,nv,0.006042107,4.249806e-05,auto_accept,baseline_badge
ISIC_0032894,bcc,bcc,0.010144421,0.9996737,auto_accept,baseline_badge
ISIC_0024790,nv,nv,0.059027247,0.00044036817,auto_accept,baseline_badge
ISIC_0032664,nv,nv,0.030999558,0.004620171,auto_accept,baseline_badge
ISIC_0028375,nv,nv,0.012860812,1.9602063e-05,auto_accept,baseline_badge
ISIC_0032429,bcc,bkl,1.1886082,0.09485597,escalate,baseline_badge
ISIC_0028088,nv,nv,0.00303397,5.987177e-06,auto_accept,baseline_badge
ISIC_0033530,nv,nv,0.057585757,0.0056465007,auto_accept,baseline_badge
ISIC_0031457,df,df,2.0946649e-05,4.59137e-06,auto_accept,baseline_badge
ISIC_0027462,nv,mel,0.4830775,0.82012993,escalate,baseline_badge
ISIC_0028898,mel,nv,0.7736677,0.12713619,auto_accept,baseline_badge
ISIC_0024603,nv,nv,1.6401487e-05,1.4905288e-07,auto_accept,baseline_badge
ISIC_0026311,bkl,bkl,0.04992906,0.008198826,auto_accept,baseline_badge
ISIC_0026054,nv,nv,0.6124122,0.0011870888,escalate,baseline_badge
ISIC_0032062,nv,nv,0.12192778,0.0005161382,auto_accept,baseline_badge
ISIC_0025541,nv,bcc,0.32129782,0.56724524,escalate,baseline_badge
ISIC_0024571,mel,mel,0.07075145,0.99816954,auto_accept,baseline_badge
ISIC_0025843,nv,nv,0.011581516,1.3111418e-05,auto_accept,baseline_badge
ISIC_0032370,nv,nv,0.00011718273,1.0160574e-06,auto_accept,baseline_badge
ISIC_0026119,nv,nv,0.0012647479,7.507776e-07,auto_accept,baseline_badge
ISIC_0030926,bkl,bkl,0.15848146,0.10486668,auto_accept,baseline_badge
ISIC_0029004,nv,nv,0.00038873867,3.8087753e-06,auto_accept,baseline_badge
ISIC_0026806,nv,nv,0.25343347,0.009531962,auto_accept,baseline_badge
ISIC_0033087,nv,nv,0.087326124,0.0050733075,auto_accept,baseline_badge
ISIC_0027408,nv,nv,0.0209911,0.0015472134,auto_accept,baseline_badge
ISIC_0030470,nv,nv,0.000966378,4.868182e-06,auto_accept,baseline_badge
ISIC_0029373,nv,nv,0.019174788,0.0010853497,auto_accept,baseline_badge
ISIC_0034288,nv,nv,0.27172554,0.04888464,auto_accept,baseline_badge
ISIC_0027405,nv,nv,0.003140015,9.623491e-09,auto_accept,baseline_badge
ISIC_0029186,nv,nv,0.03619674,0.0042368234,auto_accept,baseline_badge
ISIC_0028242,nv,nv,0.0005599794,8.8087255e-08,auto_accept,baseline_badge
ISIC_0025069,akiec,akiec,1.0825338,0.89712954,escalate,baseline_badge
ISIC_0029743,nv,nv,0.13000883,6.61832e-07,auto_accept,baseline_badge
ISIC_0032066,nv,nv,0.111618005,0.006392984,auto_accept,baseline_badge
ISIC_0026079,nv,nv,0.0021308882,8.516057e-06,auto_accept,baseline_badge
ISIC_0033555,nv,bkl,0.49177885,0.0013719233,auto_accept,baseline_badge
ISIC_0030430,nv,nv,0.0002558108,8.17145e-07,auto_accept,baseline_badge
ISIC_0024593,nv,nv,0.013116414,0.002052126,auto_accept,baseline_badge
ISIC_0033930,nv,nv,0.07151765,0.016478682,auto_accept,baseline_badge
ISIC_0030298,nv,nv,0.00016535245,1.1046488e-07,auto_accept,baseline_badge
ISIC_0028385,nv,nv,0.019880483,0.00016941398,auto_accept,baseline_badge
ISIC_0029740,mel,mel,0.018082611,0.9962962,auto_accept,baseline_badge
ISIC_0029064,nv,nv,0.0016019725,2.0732115e-05,auto_accept,baseline_badge
ISIC_0024928,nv,nv,0.0056101717,7.051946e-05,auto_accept,baseline_badge
ISIC_0025150,nv,nv,0.011584506,6.6384916e-07,auto_accept,baseline_badge
ISIC_0026890,nv,nv,0.15919544,0.0006442976,auto_accept,baseline_badge
ISIC_0028536,nv,nv,0.0049463827,0.00020976225,auto_accept,baseline_badge
ISIC_0027810,nv,nv,4.5360503e-06,7.610935e-09,auto_accept,baseline_badge
ISIC_0028228,mel,mel,0.7101784,0.5154819,auto_accept,baseline_badge
ISIC_0024927,nv,nv,0.0011685183,8.4309e-05,auto_accept,baseline_badge
ISIC_0034174,nv,nv,0.030885892,0.0013990799,auto_accept,baseline_badge
ISIC_0026211,nv,nv,0.043229412,0.0003101625,auto_accept,baseline_badge
ISIC_0030256,nv,nv,0.017933749,0.00013744427,auto_accept,baseline_badge
ISIC_0027939,nv,nv,0.059273735,0.0018761471,auto_accept,baseline_badge
ISIC_0025515,bkl,bkl,0.018806687,0.0065780794,auto_accept,baseline_badge
ISIC_0032769,nv,nv,0.042201184,0.0039619035,auto_accept,baseline_badge
ISIC_0025415,nv,nv,0.016224235,0.00045700197,auto_accept,baseline_badge
ISIC_0030821,akiec,akiec,1.2033874,0.8775477,escalate,baseline_badge
ISIC_0034286,nv,nv,0.17502768,0.00019124284,auto_accept,baseline_badge
ISIC_0032194,bcc,bcc,0.0017121057,0.99982136,auto_accept,baseline_badge
ISIC_0026452,nv,nv,0.056168925,0.0062131607,auto_accept,baseline_badge
ISIC_0026390,nv,nv,4.123352e-05,1.2712903e-07,auto_accept,baseline_badge
ISIC_0028582,mel,mel,0.018313402,0.9953875,auto_accept,baseline_badge
ISIC_0030235,nv,nv,0.0060620084,4.207328e-05,auto_accept,baseline_badge
ISIC_0027902,nv,nv,0.00070405344,1.2016487e-05,auto_accept,baseline_badge
ISIC_0024607,nv,nv,0.0012772502,1.0781318e-05,auto_accept,baseline_badge
ISIC_0027267,nv,nv,0.0066912095,0.00019441883,auto_accept,baseline_badge
ISIC_0032142,nv,nv,0.00501145,1.5359687e-06,auto_accept,baseline_badge
ISIC_0025738,nv,nv,0.0009867528,1.8238909e-06,auto_accept,baseline_badge
ISIC_0033338,nv,nv,0.7048271,0.12852852,auto_accept,baseline_badge
ISIC_0026817,nv,nv,0.045557268,0.00011996111,auto_accept,baseline_badge
ISIC_0028362,nv,nv,6.001014e-06,6.0478406e-08,auto_accept,baseline_badge
ISIC_0030460,nv,mel,0.30310795,0.9473261,auto_accept,baseline_badge
ISIC_0028401,nv,nv,0.013313738,0.00024995336,auto_accept,baseline_badge
ISIC_0032414,bcc,bkl,0.7929613,0.200025,auto_accept,baseline_badge
ISIC_0025013,nv,nv,0.03004351,0.0025956244,auto_accept,baseline_badge
ISIC_0024532,nv,nv,0.0015186365,3.2814733e-05,auto_accept,baseline_badge
ISIC_0029062,bkl,bkl,0.067000434,0.00023488933,auto_accept,baseline_badge
ISIC_0030660,nv,nv,0.0001883168,1.6278475e-08,auto_accept,baseline_badge
ISIC_0025961,nv,nv,0.05664697,9.505381e-07,auto_accept,baseline_badge
ISIC_0031603,nv,nv,0.25128376,0.06768805,auto_accept,baseline_badge
ISIC_0031231,nv,nv,0.002330372,5.009111e-05,auto_accept,baseline_badge
ISIC_0030408,akiec,akiec,0.1275426,0.9682751,auto_accept,baseline_badge
ISIC_0030353,nv,nv,0.04285401,8.40741e-05,auto_accept,baseline_badge
ISIC_0028681,bkl,bkl,0.6728546,2.1278393e-05,escalate,baseline_badge
ISIC_0027430,nv,nv,0.340295,0.009056688,escalate,baseline_badge
ISIC_0033783,bkl,bkl,0.0005631661,1.4923409e-06,auto_accept,baseline_badge
ISIC_0027924,nv,nv,0.025307165,0.0011915581,auto_accept,baseline_badge
ISIC_0033975,mel,mel,0.28443667,0.9008053,auto_accept,baseline_badge
ISIC_0034115,bkl,bkl,0.30346176,0.008316046,auto_accept,baseline_badge
ISIC_0030918,nv,bkl,0.27047762,0.0001287957,auto_accept,baseline_badge
ISIC_0033966,nv,nv,0.300967,0.05619068,auto_accept,baseline_badge
ISIC_0032684,mel,mel,0.09524632,0.97896224,auto_accept,baseline_badge
ISIC_0031277,bkl,bkl,0.0020395862,0.00014506641,auto_accept,baseline_badge
ISIC_0034023,nv,nv,0.0016743114,2.7523089e-05,auto_accept,baseline_badge
ISIC_0031092,nv,nv,0.0072197076,0.000753565,auto_accept,baseline_badge
ISIC_0028271,nv,nv,0.012852498,0.0019150395,auto_accept,baseline_badge
ISIC_0029801,bkl,bkl,0.0013674105,6.8710964e-05,auto_accept,baseline_badge
ISIC_0027339,nv,nv,0.0066005155,2.9712517e-06,auto_accept,baseline_badge
ISIC_0024673,bcc,bcc,0.0018663434,0.999936,auto_accept,baseline_badge
ISIC_0030640,nv,nv,0.1364468,0.0012871106,auto_accept,baseline_badge
ISIC_0033282,nv,nv,0.114474915,0.004809812,auto_accept,baseline_badge
ISIC_0024625,nv,nv,0.057977214,0.001969607,auto_accept,baseline_badge
ISIC_0031404,nv,bcc,0.008149391,0.9927442,auto_accept,baseline_badge
ISIC_0027687,nv,nv,0.021684997,1.2025694e-05,auto_accept,baseline_badge
ISIC_0026725,nv,nv,0.0009029134,7.9813213e-07,auto_accept,baseline_badge
ISIC_0026875,nv,nv,0.000508555,3.7694745e-06,auto_accept,baseline_badge
ISIC_0027368,nv,nv,0.50661576,0.22331484,auto_accept,baseline_badge
ISIC_0027210,vasc,vasc,0.015121621,0.0031487711,auto_accept,baseline_badge
ISIC_0027464,nv,nv,0.0004775349,1.1600703e-05,auto_accept,baseline_badge
ISIC_0030560,nv,nv,0.0025603697,2.2263841e-05,auto_accept,baseline_badge
ISIC_0025758,bkl,bkl,0.019513095,3.7154035e-10,auto_accept,baseline_badge
ISIC_0025824,bcc,bcc,0.017390363,0.9984938,auto_accept,baseline_badge
ISIC_0024354,nv,nv,0.006050181,6.0938555e-06,auto_accept,baseline_badge
ISIC_0026424,nv,nv,0.04425003,0.007113456,auto_accept,baseline_badge
ISIC_0029882,nv,nv,0.00025452563,2.104605e-06,auto_accept,baseline_badge
ISIC_0027333,nv,bkl,0.29647034,6.9604095e-05,auto_accept,baseline_badge
ISIC_0027341,nv,nv,0.00032080334,1.5809653e-07,auto_accept,baseline_badge
ISIC_0024482,mel,akiec,0.93096966,0.9449641,escalate,baseline_badge
ISIC_0029074,nv,nv,0.0009863916,3.5568593e-07,auto_accept,baseline_badge
ISIC_0034200,nv,nv,0.045274362,0.005663307,auto_accept,baseline_badge
ISIC_0027458,nv,nv,0.115358435,0.010517994,auto_accept,baseline_badge
ISIC_0027085,nv,nv,0.7188489,0.0003796762,auto_accept,baseline_badge
ISIC_0031729,nv,nv,0.013928821,0.0005083251,auto_accept,baseline_badge
ISIC_0029348,nv,nv,0.060442597,0.0009025408,auto_accept,baseline_badge
ISIC_0027869,nv,nv,0.5213121,4.1790638e-09,auto_accept,baseline_badge
ISIC_0033895,nv,nv,0.044099506,0.0048727007,auto_accept,baseline_badge
ISIC_0028800,nv,nv,0.41320696,0.06896236,auto_accept,baseline_badge
ISIC_0029437,nv,nv,0.003218014,3.309639e-05,auto_accept,baseline_badge
ISIC_0026176,nv,nv,0.00065968285,7.019085e-08,auto_accept,baseline_badge
ISIC_0028557,nv,nv,0.16777197,0.0117623415,auto_accept,baseline_badge
ISIC_0024574,nv,nv,0.0016573736,1.7064697e-06,auto_accept,baseline_badge
ISIC_0033265,nv,nv,0.10298687,0.024360023,auto_accept,baseline_badge
ISIC_0033252,bkl,bkl,0.30257976,0.022413785,auto_accept,baseline_badge
ISIC_0031452,nv,nv,0.0008191254,9.99915e-07,auto_accept,baseline_badge
ISIC_0029871,nv,nv,0.022349305,0.0011993261,auto_accept,baseline_badge
ISIC_0032448,nv,nv,0.0050885924,3.6164583e-05,auto_accept,baseline_badge
ISIC_0034259,bkl,bkl,0.01068468,0.0017060903,auto_accept,baseline_badge
ISIC_0028880,df,df,0.0001684324,3.0509735e-05,auto_accept,baseline_badge
ISIC_0032601,nv,nv,0.080566384,0.0059654443,auto_accept,baseline_badge
ISIC_0025474,nv,nv,0.00011080115,2.6341743e-07,auto_accept,baseline_badge
ISIC_0027976,bcc,bcc,0.031438828,0.987954,auto_accept,baseline_badge
ISIC_0027625,nv,nv,0.00042187324,4.589947e-06,auto_accept,baseline_badge
ISIC_0033459,nv,nv,0.015673807,0.0012115904,auto_accept,baseline_badge
ISIC_0025361,nv,nv,0.003105056,0.00020790094,auto_accept,baseline_badge
ISIC_0032288,nv,nv,0.028220529,0.00013009607,auto_accept,baseline_badge
ISIC_0030569,nv,nv,0.008315947,0.00041292957,auto_accept,baseline_badge
ISIC_0025049,nv,nv,0.29101294,0.056045927,auto_accept,baseline_badge
ISIC_0028315,nv,nv,0.008747659,2.9146275e-05,auto_accept,baseline_badge
ISIC_0033425,nv,mel,0.82807845,0.46473128,auto_accept,baseline_badge
ISIC_0028076,akiec,akiec,0.0038313323,0.9979221,auto_accept,baseline_badge
ISIC_0031021,nv,nv,0.01919075,2.9481707e-05,auto_accept,baseline_badge
ISIC_0025995,nv,nv,0.0031757627,5.311718e-06,auto_accept,baseline_badge
ISIC_0026567,bkl,akiec,0.6804099,0.7979441,escalate,baseline_badge
ISIC_0029811,akiec,akiec,0.0057984875,0.9999801,auto_accept,baseline_badge
ISIC_0025142,nv,nv,0.036278784,0.004879357,auto_accept,baseline_badge
ISIC_0027490,nv,nv,0.012595377,0.00041348004,auto_accept,baseline_badge
ISIC_0024722,nv,nv,0.0014805757,3.396376e-06,auto_accept,baseline_badge
ISIC_0024768,nv,nv,0.12313464,0.013943051,auto_accept,baseline_badge
ISIC_0033873,nv,nv,0.48825437,0.06152927,auto_accept,baseline_badge
ISIC_0028562,nv,bcc,1.0587206,0.8257179,escalate,baseline_badge
ISIC_0027538,nv,nv,0.27869695,0.031885434,escalate,baseline_badge
ISIC_0028835,nv,nv,0.0006063157,9.5168e-09,auto_accept,baseline_badge
ISIC_0028283,bcc,bcc,0.007972448,0.99943894,auto_accept,baseline_badge
ISIC_0028380,nv,nv,5.175623e-05,2.1761109e-07,auto_accept,baseline_badge
ISIC_0031948,nv,nv,0.83734804,0.13546126,escalate,baseline_badge
ISIC_0031103,vasc,vasc,9.855084e-05,1.06371935e-07,auto_accept,baseline_badge
ISIC_0028209,bkl,bkl,0.008490327,0.0003834484,auto_accept,baseline_badge
ISIC_0026971,nv,nv,0.00045041292,2.332208e-06,auto_accept,baseline_badge
ISIC_0031416,nv,nv,0.0006367532,1.803415e-05,auto_accept,baseline_badge
ISIC_0029822,nv,nv,0.00015156149,2.0196062e-06,auto_accept,baseline_badge
ISIC_0024878,nv,nv,0.0069006123,0.0006604062,auto_accept,baseline_badge
ISIC_0032426,nv,nv,0.0008638839,8.575378e-06,auto_accept,baseline_badge
ISIC_0029873,nv,nv,0.006058804,1.2393884e-05,auto_accept,baseline_badge
ISIC_0026881,nv,nv,0.00029218444,6.2547974e-07,auto_accept,baseline_badge
ISIC_0031288,nv,nv,0.0007893119,8.730089e-05,auto_accept,baseline_badge
ISIC_0028660,nv,nv,0.07371077,1.09652284e-07,auto_accept,baseline_badge
ISIC_0025694,nv,nv,0.00052277674,7.741557e-06,auto_accept,baseline_badge
ISIC_0025505,nv,nv,0.19206408,0.039360058,auto_accept,baseline_badge
ISIC_0026501,nv,nv,0.011534211,0.0002791697,auto_accept,baseline_badge
ISIC_0026228,nv,nv,0.0013440172,5.121343e-05,auto_accept,baseline_badge
ISIC_0025555,nv,nv,0.015126521,0.0013658102,auto_accept,baseline_badge
ISIC_0030545,nv,nv,0.0010098901,6.461605e-05,auto_accept,baseline_badge
ISIC_0028547,nv,nv,0.007514349,3.5976202e-06,auto_accept,baseline_badge
ISIC_0030293,nv,nv,0.5081676,1.5085723e-05,auto_accept,baseline_badge
ISIC_0026282,bcc,bcc,0.31860033,0.87065566,auto_accept,baseline_badge
ISIC_0026696,nv,nv,0.00044795367,4.2863664e-07,auto_accept,baseline_badge
ISIC_0027414,nv,nv,4.9075577e-05,2.1274333e-07,auto_accept,baseline_badge
ISIC_0028619,akiec,bkl,0.030122321,0.004858895,auto_accept,baseline_badge
ISIC_0033815,nv,nv,0.009674137,0.00013052662,auto_accept,baseline_badge
ISIC_0025768,nv,nv,0.00018045335,1.2813396e-06,auto_accept,baseline_badge
ISIC_0034253,mel,mel,0.00040309937,0.9999347,auto_accept,baseline_badge
ISIC_0025799,bkl,bkl,0.25680503,0.12795155,auto_accept,baseline_badge
ISIC_0029988,nv,nv,0.003065463,1.9735651e-05,auto_accept,baseline_badge
ISIC_0034241,nv,nv,0.09891278,0.012943845,auto_accept,baseline_badge
ISIC_0029560,nv,nv,0.28658587,0.061293278,auto_accept,baseline_badge
ISIC_0028841,nv,nv,7.6884135e-05,9.5278614e-07,auto_accept,baseline_badge
ISIC_0028587,bkl,bkl,0.00024759368,6.141413e-05,auto_accept,baseline_badge
ISIC_0032130,nv,nv,0.0002554402,4.3438757e-07,auto_accept,baseline_badge
ISIC_0029955,nv,nv,0.0011721889,9.8791264e-05,auto_accept,baseline_badge
ISIC_0028523,nv,nv,0.0004956116,1.0961964e-05,auto_accept,baseline_badge
ISIC_0024621,nv,nv,0.000561166,2.5526024e-05,auto_accept,baseline_badge
ISIC_0032605,nv,nv,0.58557045,0.0004750161,auto_accept,baseline_badge
ISIC_0027737,bkl,bkl,0.0032382242,0.003967217,auto_accept,baseline_badge
ISIC_0024753,nv,nv,0.13898298,0.00055983814,auto_accept,baseline_badge
ISIC_0031934,nv,nv,0.041430555,0.0051658265,auto_accept,baseline_badge
ISIC_0028629,nv,nv,0.00020494252,1.4866731e-07,auto_accept,baseline_badge
ISIC_0026314,mel,nv,0.7339299,0.4467383,auto_accept,baseline_badge
ISIC_0024510,nv,nv,0.015548639,5.928793e-05,auto_accept,baseline_badge
ISIC_0029265,mel,bkl,0.3101844,0.40512642,auto_accept,baseline_badge
ISIC_0033482,bkl,bkl,0.018664293,0.0021203433,auto_accept,baseline_badge
ISIC_0024861,nv,nv,0.0009783009,1.2394582e-05,auto_accept,baseline_badge
ISIC_0028570,bcc,bcc,0.012430829,0.9953505,auto_accept,baseline_badge
ISIC_0031561,mel,mel,0.48126385,0.858842,auto_accept,baseline_badge
ISIC_0029606,mel,mel,0.52002317,0.8376737,auto_accept,baseline_badge
ISIC_0027314,nv,nv,0.014411744,0.00091667875,auto_accept,baseline_badge
ISIC_0031689,nv,nv,6.399594e-05,9.1387864e-07,auto_accept,baseline_badge
ISIC_0031664,nv,nv,1.3248932e-05,9.6174944e-08,auto_accept,baseline_badge
ISIC_0028581,nv,nv,0.12477948,0.0053452305,escalate,baseline_badge
ISIC_0033048,nv,nv,0.0028766769,0.0001247761,auto_accept,baseline_badge
ISIC_0027383,nv,nv,0.013968013,8.477881e-06,auto_accept,baseline_badge
ISIC_0027092,nv,nv,1.1202687e-05,4.7938826e-08,auto_accept,baseline_badge
ISIC_0034075,nv,nv,0.034698404,0.0030481406,auto_accept,baseline_badge
ISIC_0024682,nv,nv,0.0011263728,1.3475415e-05,auto_accept,baseline_badge
ISIC_0031186,mel,akiec,0.34405917,0.98198706,auto_accept,baseline_badge
ISIC_0029527,bkl,bkl,0.035823412,0.006101135,auto_accept,baseline_badge
ISIC_0033591,vasc,vasc,0.03613129,0.0025009029,auto_accept,baseline_badge
ISIC_0025392,bkl,bkl,0.023786312,5.429529e-08,auto_accept,baseline_badge
ISIC_0032873,mel,mel,0.18902338,0.9606533,auto_accept,baseline_badge
ISIC_0033082,nv,nv,0.07416418,0.011231686,auto_accept,baseline_badge
ISIC_0027209,nv,nv,0.11248994,0.017541539,auto_accept,baseline_badge
ISIC_0026961,bkl,bkl,0.06880207,0.011065719,auto_accept,baseline_badge
ISIC_0029110,nv,nv,0.027441649,0.00014984784,auto_accept,baseline_badge
ISIC_0026595,nv,nv,0.0007721436,8.967567e-06,auto_accept,baseline_badge
ISIC_0024720,nv,nv,0.034987208,0.0049826056,auto_accept,baseline_badge
ISIC_0030833,nv,nv,0.8881931,0.1486753,auto_accept,baseline_badge
ISIC_0028091,nv,nv,0.12748215,0.02528123,auto_accept,baseline_badge
ISIC_0033050,mel,mel,0.54826576,0.7246466,auto_accept,baseline_badge
ISIC_0025086,bkl,mel,0.86961627,0.62625474,auto_accept,baseline_badge
ISIC_0026114,nv,nv,0.0035249519,3.2472306e-06,auto_accept,baseline_badge
ISIC_0032216,nv,nv,0.0011318156,4.21927e-05,auto_accept,baseline_badge
ISIC_0033801,mel,mel,0.5776324,0.73246557,escalate,baseline_badge
ISIC_0026008,nv,nv,0.4170067,0.0060451697,auto_accept,baseline_badge
ISIC_0032391,nv,nv,0.005879791,9.9710625e-05,auto_accept,baseline_badge
ISIC_0028415,mel,nv,0.7645705,0.35460246,escalate,baseline_badge
ISIC_0028761,nv,nv,0.07500657,0.0009819473,auto_accept,baseline_badge
ISIC_0030590,nv,nv,0.000997201,4.5221408e-05,auto_accept,baseline_badge
ISIC_0030686,nv,nv,0.0006241204,3.0383496e-06,auto_accept,baseline_badge
ISIC_0033086,nv,nv,0.0022054482,3.9658513e-05,auto_accept,baseline_badge
ISIC_0025935,nv,nv,0.00037848172,1.4318387e-07,auto_accept,baseline_badge
ISIC_0026750,nv,nv,0.0021049096,5.4443295e-05,auto_accept,baseline_badge
ISIC_0026982,nv,nv,0.008046069,3.2664615e-05,auto_accept,baseline_badge
ISIC_0034224,nv,nv,0.611857,0.20360237,escalate,baseline_badge
ISIC_0033706,nv,nv,0.6819116,0.1817078,auto_accept,baseline_badge
ISIC_0024898,mel,nv,0.32845166,0.017740313,auto_accept,baseline_badge
ISIC_0030816,nv,nv,0.088033125,0.0059403824,auto_accept,baseline_badge
ISIC_0029068,bkl,bkl,0.107113525,0.010877402,auto_accept,baseline_badge
ISIC_0030410,nv,bkl,0.10566643,2.7054877e-05,auto_accept,baseline_badge
ISIC_0033187,nv,nv,0.26624325,0.009001672,auto_accept,baseline_badge
ISIC_0028799,nv,nv,0.0014640725,6.866912e-06,auto_accept,baseline_badge
ISIC_0024382,bkl,bkl,0.03124959,0.015613559,auto_accept,baseline_badge
ISIC_0032550,mel,mel,0.00024122457,0.99996173,auto_accept,baseline_badge
ISIC_0032881,nv,nv,0.020095551,0.00060460134,auto_accept,baseline_badge
ISIC_0025576,bcc,bcc,0.008837706,0.99998975,auto_accept,baseline_badge
ISIC_0028740,nv,nv,0.024245033,7.80061e-06,auto_accept,baseline_badge
ISIC_0025852,nv,nv,0.0008904535,0.00010870103,auto_accept,baseline_badge
ISIC_0025708,mel,nv,0.06372755,0.0071196794,auto_accept,baseline_badge
ISIC_0029643,nv,nv,0.0023244105,6.8427375e-06,auto_accept,baseline_badge
