image_id,true_label,predicted_label,uncertainty_score,risk_score,decision,category
ISIC_0032784,nv,nv,0.053003658,0.0026656408,auto_accept,n/a
ISIC_0031382,nv,nv,0.11639726,1.4476534e-06,auto_accept,n/a
ISIC_0025947,nv,nv,0.015354466,1.805411e-05,auto_accept,n/a
ISIC_0027038,bcc,akiec,0.02265,0.9998216,auto_accept,n/a
ISIC_0029691,nv,nv,0.0067940867,7.38001e-07,auto_accept,n/a
ISIC_0031732,nv,nv,0.015329637,1.6127606e-07,auto_accept,n/a
ISIC_0026035,nv,nv,0.004413856,7.278841e-08,auto_accept,n/a
ISIC_0026646,nv,nv,0.050892144,2.8025318e-06,auto_accept,n/a
ISIC_0028370,akiec,akiec,0.14467947,0.9156801,auto_accept,n/a
ISIC_0033696,mel,mel,0.15136646,0.9619053,auto_accept,n/a
ISIC_0028474,nv,nv,0.0017374151,1.1845751e-07,auto_accept,n/a
ISIC_0032449,nv,nv,0.13121732,5.256689e-06,auto_accept,n/a
ISIC_0029682,bkl,bkl,0.36488545,0.0013631533,auto_accept,n/a
ISIC_0028064,nv,nv,0.05278059,4.631406e-07,auto_accept,n/a
ISIC_0027971,nv,nv,0.006305227,6.8943336e-06,auto_accept,n/a
ISIC_0028338,nv,nv,0.5528234,0.004804394,auto_accept,n/a
ISIC_0033056,bkl,bkl,0.13188718,0.00056886347,auto_accept,n/a
ISIC_0024341,nv,nv,0.18404308,1.153257e-06,auto_accept,n/a
ISIC_0031241,nv,nv,0.17916265,0.004558556,auto_accept,n/a
ISIC_0032201,nv,nv,0.0008235148,1.9243744e-06,auto_accept,n/a
ISIC_0032229,nv,nv,0.4829561,0.000513956,auto_accept,n/a
ISIC_0033869,akiec,mel,0.5984289,0.87515384,auto_accept,n/a
ISIC_0027741,nv,nv,0.7434485,4.7888744e-07,escalate,n/a
ISIC_0025753,bkl,bkl,0.20928147,0.0034305023,auto_accept,n/a
ISIC_0029222,nv,mel,0.5947843,0.84542257,auto_accept,n/a
ISIC_0032952,nv,nv,0.23041219,0.010999841,auto_accept,n/a
ISIC_0028439,nv,nv,0.044535287,5.9758884e-05,auto_accept,n/a
ISIC_0028692,nv,nv,0.64868814,0.27243307,auto_accept,n/a
ISIC_0026122,nv,nv,0.30609295,0.00084452576,auto_accept,n/a
ISIC_0034227,nv,nv,0.020710995,0.0011580765,auto_accept,n/a
ISIC_0033861,nv,nv,0.6769475,0.2825352,auto_accept,n/a
ISIC_0029941,nv,nv,0.0031967224,2.2229304e-05,auto_accept,n/a
ISIC_0025626,nv,nv,0.011035524,4.8443486e-05,auto_accept,n/a
ISIC_0024819,nv,nv,0.11130856,7.343578e-05,auto_accept,n/a
ISIC_0029490,nv,nv,0.0037942694,8.452484e-06,auto_accept,n/a
ISIC_0026783,bkl,bkl,0.4423783,0.003323192,auto_accept,n/a
ISIC_0033148,nv,nv,0.5519138,0.1427818,auto_accept,n/a
ISIC_0029105,nv,nv,0.018031482,0.0021479249,auto_accept,n/a
ISIC_0025992,akiec,akiec,0.42940077,0.7019146,auto_accept,n/a
ISIC_0033665,nv,nv,0.80651313,0.14074877,escalate,n/a
ISIC_0032137,nv,nv,0.013087056,3.3724173e-06,auto_accept,n/a
ISIC_0024734,nv,nv,0.027096553,0.00070165837,auto_accept,n/a
ISIC_0026073,nv,nv,0.09565066,8.94879e-05,auto_accept,n/a
ISIC_0030499,nv,nv,0.0007803528,4.176245e-08,auto_accept,n/a
ISIC_0028000,nv,nv,0.1767483,0.0008095311,auto_accept,n/a
ISIC_0025398,nv,nv,0.25935593,0.0014969214,auto_accept,n/a
ISIC_0026344,nv,nv,0.10701887,2.0470858e-05,auto_accept,n/a
ISIC_0029148,nv,nv,0.0061202534,0.0001062194,auto_accept,n/a
ISIC_0024806,mel,mel,0.10559395,0.9743522,auto_accept,n/a
ISIC_0026234,nv,nv,0.20072767,8.188446e-06,auto_accept,n/a
ISIC_0029986,nv,mel,0.120224334,0.9732185,auto_accept,n/a
ISIC_0031226,bkl,bkl,0.63126177,0.00037582425,auto_accept,n/a
ISIC_0030780,nv,nv,0.007671986,9.1891167e-07,auto_accept,n/a
ISIC_0029910,nv,nv,0.16182318,9.586018e-07,auto_accept,n/a
ISIC_0026218,nv,nv,0.1921321,0.0007321952,auto_accept,n/a
ISIC_0029295,nv,nv,0.156477,3.5488696e-07,auto_accept,n/a
ISIC_0028432,nv,nv,0.0109536275,1.708483e-05,auto_accept,n/a
ISIC_0032791,nv,nv,0.6012537,0.2044882,auto_accept,n/a
ISIC_0030383,bkl,bkl,0.05242411,0.026936129,auto_accept,n/a
ISIC_0029831,bcc,bcc,0.03286633,0.99758863,auto_accept,n/a
ISIC_0026561,nv,nv,0.04285133,0.00032923147,auto_accept,n/a
ISIC_0032069,nv,nv,0.019976124,1.1528688e-06,auto_accept,n/a
ISIC_0027637,nv,nv,0.004232412,6.0677486e-08,auto_accept,n/a
ISIC_0032800,nv,nv,0.008538382,2.8723081e-05,auto_accept,n/a
ISIC_0028156,mel,mel,0.4854393,0.8878591,auto_accept,n/a
ISIC_0030947,nv,nv,0.0070842835,2.472371e-05,auto_accept,n/a
ISIC_0033411,nv,nv,0.7750476,0.4033951,escalate,n/a
ISIC_0027630,nv,nv,0.005121059,2.2686327e-05,auto_accept,n/a
ISIC_0032120,nv,nv,0.015300181,2.4848134e-05,auto_accept,n/a
ISIC_0033164,nv,nv,0.14891693,0.008041581,auto_accept,n/a
ISIC_0030335,bcc,bcc,0.26537776,0.90334725,auto_accept,n/a
ISIC_0031610,nv,nv,0.012864607,0.00027160716,auto_accept,n/a
ISIC_0028676,nv,nv,0.031029558,0.0015726704,auto_accept,n/a
ISIC_0031720,nv,nv,0.106233,0.006059517,auto_accept,n/a
ISIC_0026383,nv,nv,0.14784414,1.7756901e-06,auto_accept,n/a
ISIC_0032913,mel,mel,0.022985931,0.990017,auto_accept,n/a
ISIC_0025514,nv,nv,0.008279249,5.207213e-06,auto_accept,n/a
ISIC_0031364,nv,nv,0.36554492,9.124473e-05,auto_accept,n/a
ISIC_0032265,mel,nv,0.5413178,0.27554655,auto_accept,n/a
ISIC_0032491,nv,nv,0.0012512187,9.8958154e-08,auto_accept,n/a
ISIC_0033119,nv,mel,0.33798447,0.85148066,auto_accept,n/a
ISIC_0024474,nv,nv,0.0326696,5.3470012e-05,auto_accept,n/a
ISIC_0027659,mel,mel,0.1937763,0.9071163,auto_accept,n/a
ISIC_0033922,nv,nv,0.6423681,0.0003894362,auto_accept,n/a
ISIC_0029024,nv,nv,0.0013866466,1.2612096e-06,auto_accept,n/a
ISIC_0028430,nv,nv,0.21752436,0.00029142562,auto_accept,n/a
ISIC_0028327,nv,nv,0.024956077,3.200094e-05,auto_accept,n/a
ISIC_0025516,nv,nv,0.019524312,0.0019556487,auto_accept,n/a
ISIC_0032661,nv,nv,0.54849124,0.117561184,auto_accept,n/a
ISIC_0031956,nv,nv,0.0218987,4.4455073e-06,auto_accept,n/a
ISIC_0024826,nv,nv,0.24651687,6.464323e-05,auto_accept,n/a
ISIC_0030797,nv,nv,0.003166651,9.135973e-05,auto_accept,n/a
ISIC_0025969,nv,nv,0.014326154,2.91168e-05,auto_accept,n/a
ISIC_0030329,bkl,bkl,0.52547777,0.1927292,auto_accept,n/a
ISIC_0028817,nv,nv,0.007032309,6.1088457e-07,auto_accept,n/a
ISIC_0027119,nv,nv,0.015143492,1.4589727e-06,auto_accept,n/a
ISIC_0031860,nv,nv,0.039015822,0.00090809935,auto_accept,n/a
ISIC_0030761,nv,nv,0.12761194,0.0029675455,auto_accept,n/a
ISIC_0026475,mel,nv,0.3009933,0.04366725,auto_accept,n/a
ISIC_0031635,nv,nv,0.05457262,0.00018904047,auto_accept,n/a
ISIC_0031707,bkl,nv,0.14342923,0.010140802,auto_accept,n/a
ISIC_0024894,nv,nv,0.0020588262,3.0603115e-07,auto_accept,n/a
ISIC_0033821,nv,nv,0.091034986,0.0010095595,auto_accept,n/a
ISIC_0029231,nv,nv,0.5407887,0.066347696,auto_accept,n/a
ISIC_0026572,nv,nv,0.007441595,0.0002460653,auto_accept,n/a
ISIC_0024462,nv,nv,0.08541419,0.00025020156,auto_accept,n/a
ISIC_0031882,nv,nv,0.028551022,0.0008681108,auto_accept,n/a
ISIC_0025839,nv,nv,8.9078014e-05,6.17812e-08,auto_accept,n/a
ISIC_0033347,nv,nv,0.08780035,0.0033579252,auto_accept,n/a
ISIC_0025313,mel,nv,0.056172024,0.004678435,auto_accept,n/a
ISIC_0024992,nv,nv,0.013228431,2.4558793e-05,auto_accept,n/a
ISIC_0030496,nv,bcc,0.20916057,0.6932361,auto_accept,n/a
ISIC_0026942,nv,bkl,0.16108195,0.0016295913,auto_accept,n/a
ISIC_0025252,nv,nv,0.7349745,0.4174337,escalate,n/a
ISIC_0026592,nv,nv,0.07638711,0.0047184117,auto_accept,n/a
ISIC_0031997,nv,nv,0.4011749,0.009360341,auto_accept,n/a
ISIC_0030573,nv,nv,0.30365518,9.013047e-05,auto_accept,n/a
ISIC_0028192,nv,nv,0.0072570876,4.3176823e-07,auto_accept,n/a
ISIC_0027493,nv,nv,0.018505756,2.7329703e-05,auto_accept,n/a
ISIC_0028099,nv,nv,0.0070179906,6.287847e-05,auto_accept,n/a
ISIC_0028908,nv,nv,0.019011427,9.951718e-06,auto_accept,n/a
ISIC_0024624,mel,bkl,0.045476254,0.009977196,auto_accept,n/a
ISIC_0025380,nv,nv,0.00869768,5.446806e-06,auto_accept,n/a
ISIC_0024868,nv,nv,0.0013696295,9.769609e-06,auto_accept,n/a
ISIC_0025974,nv,nv,0.038011163,2.4050647e-07,auto_accept,n/a
ISIC_0032464,nv,nv,0.019195952,2.7492042e-06,auto_accept,n/a
ISIC_0027800,nv,nv,0.56712127,0.0029119237,auto_accept,n/a
ISIC_0027925,nv,nv,0.4814359,0.18972212,auto_accept,n/a
ISIC_0030150,mel,mel,0.31128675,0.848283,auto_accept,n/a
ISIC_0025645,nv,nv,0.0009913566,1.3703246e-06,auto_accept,n/a
ISIC_0025720,nv,nv,0.17023748,1.1575223e-06,auto_accept,n/a
ISIC_0033213,nv,mel,0.76295394,0.31580007,escalate,n/a
ISIC_0028827,nv,nv,0.22723469,2.2857646e-06,auto_accept,n/a
ISIC_0025275,bkl,bkl,0.06510949,0.0021387474,auto_accept,n/a
ISIC_0026213,bcc,bcc,0.0028005952,0.99911803,auto_accept,n/a
ISIC_0030178,nv,nv,0.00792132,7.904875e-06,auto_accept,n/a
ISIC_0027051,nv,nv,0.26588553,0.0073522967,auto_accept,n/a
ISIC_0029460,akiec,bkl,0.04216001,0.00060636946,auto_accept,n/a
ISIC_0026425,nv,nv,0.035765804,1.8887848e-06,auto_accept,n/a
ISIC_0027643,nv,nv,0.058132462,0.0016682127,auto_accept,n/a
ISIC_0028965,mel,mel,0.1958794,0.9796444,auto_accept,n/a
ISIC_0029376,nv,nv,0.015726123,2.8293918e-05,auto_accept,n/a
ISIC_0027001,nv,nv,0.0039036812,7.289664e-08,auto_accept,n/a
ISIC_0029816,nv,nv,0.3494406,0.0068580983,auto_accept,n/a
ISIC_0033335,nv,nv,0.68754214,0.0002634791,auto_accept,n/a
ISIC_0026323,nv,nv,0.5400833,0.1434219,auto_accept,n/a
ISIC_0033689,nv,nv,0.04295619,0.000593586,auto_accept,n/a
ISIC_0026013,nv,nv,0.40459165,5.6769154e-06,auto_accept,n/a
ISIC_0028456,nv,nv,0.0144483205,1.2242675e-08,auto_accept,n/a
ISIC_0029556,nv,nv,0.0018964073,4.5412938e-07,auto_accept,n/a
ISIC_0031328,nv,nv,0.013053123,2.0847756e-07,auto_accept,n/a
ISIC_0030953,akiec,mel,0.48590046,0.98186123,auto_accept,n/a
ISIC_0024308,nv,nv,0.19424683,9.0874295e-05,auto_accept,n/a
ISIC_0026731,nv,nv,0.0088139875,2.7758736e-06,auto_accept,n/a
ISIC_0028269,nv,nv,0.020209307,1.1203759e-06,auto_accept,n/a
ISIC_0028075,mel,mel,0.035249133,0.9895224,auto_accept,n/a
ISIC_0032427,nv,nv,0.019640256,7.270033e-05,auto_accept,n/a
ISIC_0026435,nv,nv,0.09880543,0.00022207583,auto_accept,n/a
ISIC_0029755,bcc,bcc,0.06996171,0.9989127,auto_accept,n/a
ISIC_0031228,akiec,akiec,0.34273222,0.2587855,auto_accept,n/a
ISIC_0028826,bkl,bkl,0.080037646,0.0012581324,auto_accept,n/a
ISIC_0024410,mel,nv,0.035400376,0.0016870736,auto_accept,n/a
ISIC_0032316,bcc,bcc,0.14258672,0.97805697,auto_accept,n/a
ISIC_0033484,nv,nv,0.5231863,0.0036900048,auto_accept,n/a
ISIC_0033768,nv,nv,0.56119746,0.085515015,auto_accept,n/a
ISIC_0032298,nv,nv,0.0070249178,0.00017723168,auto_accept,n/a
ISIC_0030003,nv,nv,0.007153216,0.00010032063,auto_accept,n/a
ISIC_0024347,nv,nv,0.15374751,0.00090378005,auto_accept,n/a
ISIC_0026618,nv,nv,0.23343877,0.00021145145,auto_accept,n/a
ISIC_0028805,nv,nv,0.04804013,2.2895686e-07,auto_accept,n/a
ISIC_0031752,nv,nv,0.0014833475,4.646039e-05,auto_accept,n/a
ISIC_0025871,nv,nv,0.070557736,0.0025659844,auto_accept,n/a
ISIC_0025147,nv,nv,0.25314283,8.957463e-07,auto_accept,n/a
ISIC_0026781,nv,nv,0.29437315,0.00038476184,auto_accept,n/a
ISIC_0032851,nv,nv,0.12853749,0.017769642,auto_accept,n/a
ISIC_0026245,bkl,nv,0.60469556,0.10919666,auto_accept,n/a
ISIC_0028710,bkl,bkl,0.28993914,0.13093668,auto_accept,n/a
ISIC_0027724,nv,nv,0.076418154,0.005431562,auto_accept,n/a
ISIC_0031113,nv,nv,0.028586252,0.0009558768,auto_accept,n/a
ISIC_0027417,nv,nv,0.003738077,4.2513307e-07,auto_accept,n/a
ISIC_0030142,akiec,akiec,0.034230288,0.98492646,auto_accept,n/a
ISIC_0033437,bkl,mel,0.04464637,0.9941397,auto_accept,n/a
ISIC_0033490,bkl,bkl,0.0032628688,1.2806257e-05,auto_accept,n/a
ISIC_0032620,nv,bkl,0.6640996,0.0032339476,auto_accept,n/a
ISIC_0025840,nv,nv,0.00483148,7.8310906e-05,auto_accept,n/a
ISIC_0033989,nv,nv,0.01142103,0.00064048637,auto_accept,n/a
ISIC_0034191,nv,nv,0.050019227,2.6528916e-05,auto_accept,n/a
ISIC_0029688,nv,nv,0.03603169,1.6053611e-06,auto_accept,n/a
ISIC_0028337,nv,nv,0.035213493,1.6447952e-05,auto_accept,n/a
ISIC_0033092,vasc,vasc,0.0008185475,0.0051310263,auto_accept,n/a
ISIC_0032419,nv,nv,0.060171656,1.9548e-05,auto_accept,n/a
ISIC_0024457,bcc,bcc,0.9854018,0.8286373,escalate,n/a
ISIC_0030361,nv,nv,0.011800738,0.00024019954,auto_accept,n/a
ISIC_0025595,nv,nv,0.0029717933,1.4082185e-06,auto_accept,n/a
ISIC_0028274,nv,nv,0.00061148667,3.7740608e-07,auto_accept,n/a
ISIC_0031575,nv,nv,0.013168641,1.4731341e-07,auto_accept,n/a
ISIC_0025517,nv,nv,0.11051852,0.009821988,auto_accept,n/a
ISIC_0029815,nv,nv,0.67159355,0.00038161795,auto_accept,n/a
ISIC_0031717,nv,nv,0.039561313,2.9985194e-05,auto_accept,n/a
ISIC_0032710,nv,mel,0.6713604,0.6086545,auto_accept,n/a
ISIC_0029442,nv,nv,0.003336463,2.7061246e-06,auto_accept,n/a
ISIC_0028299,nv,nv,0.32286146,1.5461903e-06,auto_accept,n/a
ISIC_0033772,nv,mel,0.14060202,0.9341253,auto_accept,n/a
ISIC_0031816,nv,nv,0.023873335,9.904879e-08,auto_accept,n/a
ISIC_0031327,nv,nv,0.010820145,4.449191e-05,auto_accept,n/a
ISIC_0028907,nv,nv,0.01916491,5.33579e-05,auto_accept,n/a
ISIC_0029607,nv,nv,0.011734179,2.3821676e-06,auto_accept,n/a
ISIC_0025812,nv,nv,0.25728503,0.00078941643,auto_accept,n/a
ISIC_0025175,nv,nv,0.28702092,3.1865045e-06,auto_accept,n/a
ISIC_0031654,nv,nv,0.03511804,0.0034339074,auto_accept,n/a
ISIC_0028961,nv,nv,0.30089802,0.0067841336,auto_accept,n/a
ISIC_0024335,nv,nv,0.06846492,0.0008560663,auto_accept,n/a
ISIC_0026797,nv,nv,0.04832229,5.943707e-07,auto_accept,n/a
ISIC_0027959,nv,nv,0.71221966,0.043981183,auto_accept,n/a
ISIC_0027813,nv,nv,0.14996848,0.024324441,auto_accept,n/a
ISIC_0025965,nv,nv,0.015966082,1.7737842e-06,auto_accept,n/a
ISIC_0024656,nv,nv,0.12034215,8.105208e-06,auto_accept,n/a
ISIC_0034212,nv,nv,0.07472709,0.0025248877,auto_accept,n/a
ISIC_0029788,nv,nv,0.011806918,0.00038011203,auto_accept,n/a
ISIC_0032675,bkl,bkl,0.17488204,0.0017050268,auto_accept,n/a
ISIC_0029321,nv,nv,0.106211126,0.00013140593,auto_accept,n/a
ISIC_0024763,akiec,akiec,0.07411892,0.82693505,auto_accept,n/a
ISIC_0025715,nv,nv,0.077207394,0.007769155,auto_accept,n/a
ISIC_0034182,nv,nv,0.036613986,0.0022122671,auto_accept,n/a
ISIC_0025896,nv,nv,0.007805206,7.632554e-07,auto_accept,n/a
ISIC_0032999,nv,nv,0.15560955,0.0008672635,auto_accept,n/a
ISIC_0025115,nv,nv,0.048717417,5.358404e-05,auto_accept,n/a
ISIC_0028857,nv,nv,0.16450325,0.025921825,auto_accept,n/a
ISIC_0033177,nv,nv,0.029919967,0.00089557853,auto_accept,n/a
ISIC_0034109,nv,nv,0.003848527,2.4082621e-05,auto_accept,n/a
ISIC_0032859,nv,nv,0.1011951,0.006320594,auto_accept,n/a
ISIC_0031088,bkl,nv,0.6250179,0.0004088817,auto_accept,n/a
ISIC_0028134,nv,nv,0.18519187,0.03776029,auto_accept,n/a
ISIC_0024929,mel,mel,0.058097012,0.99306446,auto_accept,n/a
ISIC_0025669,nv,nv,0.0019198462,8.479251e-09,auto_accept,n/a
ISIC_0024648,nv,nv,0.006546822,4.1796002e-07,auto_accept,n/a
ISIC_0032368,nv,nv,0.05124335,0.003030534,auto_accept,n/a
ISIC_0031813,nv,nv,0.22291501,0.017707512,auto_accept,n/a
ISIC_0032606,nv,nv,0.2201086,0.041550484,auto_accept,n/a
ISIC_0032911,nv,nv,0.054445956,0.0025897005,auto_accept,n/a
ISIC_0025508,nv,nv,0.024582827,1.3422701e-05,auto_accept,n/a
ISIC_0028897,mel,mel,0.08578433,0.9768092,auto_accept,n/a
ISIC_0030745,nv,nv,0.24407423,0.00010780174,auto_accept,n/a
ISIC_0024485,nv,nv,0.17268048,9.216489e-06,auto_accept,n/a
ISIC_0029213,bkl,bkl,0.08411808,0.0089767035,auto_accept,n/a
ISIC_0027508,nv,nv,0.017396562,2.9174585e-06,auto_accept,n/a
ISIC_0030186,nv,nv,0.008701097,9.385908e-07,auto_accept,n/a
ISIC_0025055,nv,nv,0.0020166626,2.7550334e-06,auto_accept,n/a
ISIC_0031148,nv,nv,0.34732363,0.0022144997,auto_accept,n/a
ISIC_0029575,mel,mel,0.30444357,0.9976037,auto_accept,n/a
ISIC_0033385,nv,nv,0.12790854,0.01545422,auto_accept,n/a
ISIC_0024956,nv,nv,0.0081443265,0.0001392372,auto_accept,n/a
ISIC_0030136,nv,nv,0.00062623096,1.2620896e-08,auto_accept,n/a
ISIC_0033289,nv,nv,0.7506827,0.30758962,escalate,n/a
ISIC_0028563,nv,nv,0.035007495,0.0004229532,auto_accept,n/a
ISIC_0026107,bkl,nv,0.026221238,1.6958354e-07,auto_accept,n/a
ISIC_0029235,bkl,bkl,0.2963263,0.027639668,auto_accept,n/a
ISIC_0032554,nv,nv,0.43914482,0.003184148,auto_accept,n/a
ISIC_0033998,nv,nv,0.03469026,0.00021919717,auto_accept,n/a
ISIC_0032145,nv,nv,0.4368958,0.13351145,auto_accept,n/a
ISIC_0029407,nv,nv,0.004653247,2.0099173e-05,auto_accept,n/a
ISIC_0028136,nv,nv,0.0072240476,0.00010652766,auto_accept,n/a
ISIC_0029071,nv,nv,0.16501246,8.13768e-05,auto_accept,n/a
ISIC_0024658,nv,nv,0.02520181,3.121989e-05,auto_accept,n/a
ISIC_0032261,nv,nv,0.006957559,3.7289905e-05,auto_accept,n/a
ISIC_0032352,nv,nv,0.065435715,0.0008830971,auto_accept,n/a
ISIC_0033427,nv,nv,0.08418468,0.0032273694,auto_accept,n/a
ISIC_0029495,mel,nv,0.72206575,0.48405394,escalate,n/a
ISIC_0026590,bkl,bkl,0.027901305,0.014916716,auto_accept,n/a
ISIC_0029138,nv,nv,0.4066524,0.13516846,auto_accept,n/a
ISIC_0026739,nv,nv,0.05139875,0.00032008917,auto_accept,n/a
ISIC_0032131,nv,nv,0.0012420655,2.8797652e-07,auto_accept,n/a
ISIC_0030366,mel,nv,0.084924415,0.0009597519,auto_accept,n/a
ISIC_0025678,nv,nv,0.003660519,1.0614413e-07,auto_accept,n/a
ISIC_0027505,nv,nv,0.06188056,0.0050071264,auto_accept,n/a
ISIC_0030629,nv,nv,0.07807846,4.430292e-06,auto_accept,n/a
ISIC_0032487,nv,nv,0.11747747,0.0020420144,auto_accept,n/a
ISIC_0026903,nv,nv,0.0019939276,5.660189e-08,auto_accept,n/a
ISIC_0031497,nv,nv,0.005380166,2.2396728e-07,auto_accept,n/a
ISIC_0033896,nv,nv,0.13889171,0.0027641405,auto_accept,n/a
ISIC_0032696,bcc,bcc,0.12528057,0.9397936,auto_accept,n/a
ISIC_0027492,nv,nv,0.25306132,0.004376349,auto_accept,n/a
ISIC_0028189,nv,nv,0.00023531998,2.227378e-07,auto_accept,n/a
ISIC_0033170,nv,nv,0.44197795,0.053933766,auto_accept,n/a
ISIC_0033267,mel,mel,0.5647937,0.77807766,auto_accept,n/a
ISIC_0026815,nv,nv,0.09340204,0.00040050875,auto_accept,n/a
ISIC_0032085,nv,nv,0.0008190302,1.2335094e-06,auto_accept,n/a
ISIC_0030508,nv,nv,0.12443893,0.011138068,auto_accept,n/a
ISIC_0032847,mel,mel,0.039304823,0.99242896,auto_accept,n/a
ISIC_0024937,nv,nv,0.593639,0.2600692,auto_accept,n/a
ISIC_0026379,nv,nv,0.0008692197,1.242842e-07,auto_accept,n/a
ISIC_0028787,nv,nv,0.11451478,0.025511742,auto_accept,n/a
ISIC_0030561,bkl,nv,0.12746666,0.0007101518,auto_accept,n/a
ISIC_0033132,nv,nv,0.58158445,0.10072594,auto_accept,n/a
ISIC_0031879,nv,nv,0.0024726344,2.3633154e-07,auto_accept,n/a
ISIC_0026419,nv,nv,0.11941863,0.0005249555,auto_accept,n/a
ISIC_0034050,mel,mel,0.0008415899,0.99993587,auto_accept,n/a
ISIC_0030662,nv,nv,0.02461204,2.513885e-06,auto_accept,n/a
ISIC_0026495,nv,nv,0.017644452,5.967426e-08,auto_accept,n/a
ISIC_0030295,nv,nv,0.008575899,1.9929115e-05,auto_accept,n/a
ISIC_0033074,mel,mel,0.1436425,0.97343385,auto_accept,n/a
ISIC_0026143,nv,nv,0.00043822578,1.2103137e-08,auto_accept,n/a
ISIC_0029320,bkl,bkl,0.10481707,0.0018109736,auto_accept,n/a
ISIC_0030473,nv,mel,0.3646964,0.93928725,auto_accept,n/a
ISIC_0031311,nv,nv,0.12513854,0.014521222,auto_accept,n/a
ISIC_0031067,nv,nv,0.02350571,0.000114299575,auto_accept,n/a
ISIC_0024800,akiec,bkl,0.0076542613,0.0013967914,auto_accept,n/a
ISIC_0029954,nv,nv,0.022076678,1.360275e-05,auto_accept,n/a
ISIC_0034008,nv,nv,0.28174797,0.002996962,auto_accept,n/a
ISIC_0029051,bkl,bkl,0.21732354,0.00010082336,auto_accept,n/a
ISIC_0028417,nv,nv,0.32237285,0.00029732083,auto_accept,n/a
ISIC_0026019,nv,nv,0.0026022648,9.065817e-07,auto_accept,n/a
ISIC_0033478,nv,mel,0.5495281,0.66187376,auto_accept,n/a
ISIC_0026197,nv,nv,0.0068277633,1.3101952e-07,auto_accept,n/a
ISIC_0032398,nv,nv,0.34285852,0.0010175523,auto_accept,n/a
ISIC_0031222,nv,nv,0.24929015,0.05654348,auto_accept,n/a
ISIC_0026353,nv,nv,0.032894507,2.455542e-05,auto_accept,n/a
ISIC_0033655,mel,mel,0.3593479,0.91746175,auto_accept,n/a
ISIC_0029122,nv,nv,0.0022950212,1.3881756e-05,auto_accept,n/a
ISIC_0033664,nv,nv,0.056633625,0.0062444573,auto_accept,n/a
ISIC_0029368,nv,nv,0.09964392,0.0027822105,auto_accept,n/a
ISIC_0030672,nv,nv,0.5963636,0.10226253,auto_accept,n/a
ISIC_0028656,bkl,nv,0.36032093,0.0002768602,auto_accept,n/a
ISIC_0033662,mel,nv,0.08120924,0.0002754734,auto_accept,n/a
ISIC_0031390,nv,nv,0.0061261174,9.5257894e-07,auto_accept,n/a
ISIC_0032695,mel,mel,0.011507268,0.9989976,auto_accept,n/a
ISIC_0031010,nv,nv,0.39176542,8.2143444e-05,auto_accept,n/a
ISIC_0028780,nv,nv,0.07943295,0.0075062145,auto_accept,n/a
ISIC_0025141,nv,nv,0.14610064,0.01040911,auto_accept,n/a
ISIC_0025803,akiec,bkl,0.12231652,0.063598074,auto_accept,n/a
ISIC_0026469,nv,nv,0.004970652,1.0686486e-05,auto_accept,n/a
ISIC_0028219,mel,nv,0.16569784,0.012573553,auto_accept,n/a
ISIC_0027497,nv,nv,0.03248205,0.00080219255,auto_accept,n/a
ISIC_0024651,nv,nv,0.060890827,0.00959612,auto_accept,n/a
ISIC_0027143,nv,nv,0.5557134,0.0022598107,auto_accept,n/a
ISIC_0029161,bkl,bkl,0.028446488,4.0881205e-05,auto_accept,n/a
ISIC_0026639,nv,nv,0.0032487223,4.476085e-06,auto_accept,n/a
ISIC_0026616,nv,nv,0.018979045,0.0010798028,auto_accept,n/a
ISIC_0026838,nv,nv,0.125265,2.7728476e-05,auto_accept,n/a
ISIC_0029911,nv,nv,0.074842215,3.5953926e-05,auto_accept,n/a
ISIC_0026341,nv,nv,0.15580449,0.010496839,auto_accept,n/a
ISIC_0026578,nv,nv,0.031845283,0.00014976655,auto_accept,n/a
ISIC_0024910,bkl,bkl,0.43954617,0.00463189,auto_accept,n/a
ISIC_0031985,nv,nv,0.005808554,1.5724616e-05,auto_accept,n/a
ISIC_0028181,nv,nv,0.0055691493,1.1775902e-05,auto_accept,n/a
ISIC_0028743,nv,nv,0.033549204,0.00052187475,auto_accept,n/a
ISIC_0025977,nv,nv,0.00010880316,3.5627828e-08,auto_accept,n/a
ISIC_0025522,nv,nv,0.72478503,2.7773353e-06,escalate,n/a
ISIC_0026516,mel,nv,0.59583914,0.05315784,auto_accept,n/a
ISIC_0030194,nv,mel,0.50204337,0.8910812,auto_accept,n/a
ISIC_0029153,nv,nv,0.4118822,7.066487e-05,auto_accept,n/a
ISIC_0030407,nv,nv,0.0012635894,1.1356361e-05,auto_accept,n/a
ISIC_0028696,mel,nv,0.5091951,0.121474974,auto_accept,n/a
ISIC_0027279,bkl,bkl,0.05445727,0.0129955,auto_accept,n/a
ISIC_0024493,nv,nv,0.009181666,1.0312375e-06,auto_accept,n/a
ISIC_0032528,nv,nv,0.10702862,2.1985506e-05,auto_accept,n/a
ISIC_0030684,nv,nv,0.05279732,0.00020124082,auto_accept,n/a
ISIC_0025393,nv,nv,0.074259676,3.846139e-05,auto_accept,n/a
ISIC_0025571,nv,nv,0.11198778,0.01454758,auto_accept,n/a
ISIC_0033641,nv,nv,0.27165633,0.035036795,auto_accept,n/a
ISIC_0029157,mel,mel,0.31339023,0.8682849,auto_accept,n/a
ISIC_0025235,mel,nv,0.19068265,0.032663718,auto_accept,n/a
ISIC_0033828,bkl,nv,0.64325523,0.00080840127,auto_accept,n/a
ISIC_0033011,nv,nv,0.40487763,0.109195516,auto_accept,n/a
ISIC_0028515,nv,nv,0.03503139,1.624514e-07,auto_accept,n/a
ISIC_0030945,nv,akiec,1.0688418,0.07947672,escalate,n/a
ISIC_0033560,mel,mel,0.34316748,0.83780736,auto_accept,n/a
ISIC_0030673,nv,nv,0.030639667,0.0012928107,auto_accept,n/a
ISIC_0028996,nv,nv,0.0071739135,0.000110760106,auto_accept,n/a
ISIC_0030371,nv,nv,0.33980203,0.039053332,auto_accept,n/a
ISIC_0029739,nv,nv,0.013465847,8.33494e-08,auto_accept,n/a
ISIC_0034206,nv,nv,0.17503816,0.0055327374,auto_accept,n/a
ISIC_0032339,nv,nv,0.0026215285,2.6112211e-06,auto_accept,n/a
ISIC_0030389,nv,nv,0.07623961,0.00049419014,auto_accept,n/a
ISIC_0031214,nv,nv,0.00079612905,4.4870776e-06,auto_accept,n/a
ISIC_0027760,bkl,bkl,0.3980095,0.13969193,auto_accept,n/a
ISIC_0028940,nv,nv,0.014297952,1.6911533e-06,auto_accept,n/a
ISIC_0030277,mel,mel,0.8313451,0.6427417,escalate,n/a
ISIC_0033658,nv,nv,0.1341563,0.00041637718,auto_accept,n/a
ISIC_0033652,nv,nv,0.037664037,0.004894603,auto_accept,n/a
ISIC_0031058,nv,nv,0.016954634,0.00020640611,auto_accept,n/a
ISIC_0029900,akiec,akiec,0.057503037,0.5694118,auto_accept,n/a
ISIC_0028301,nv,nv,0.0036858507,3.7562904e-07,auto_accept,n/a
ISIC_0032161,nv,nv,0.05315033,0.0020783353,auto_accept,n/a
ISIC_0029191,nv,bkl,0.5310007,0.000855189,auto_accept,n/a
ISIC_0025334,nv,nv,0.006816436,8.8455035e-06,auto_accept,n/a
ISIC_0027193,nv,nv,0.0023512717,8.56416e-09,auto_accept,n/a
ISIC_0025593,nv,nv,0.05118455,9.961604e-08,auto_accept,n/a
ISIC_0030054,nv,nv,0.01222337,6.1838655e-06,auto_accept,n/a
ISIC_0025102,bcc,bcc,0.0031387985,0.9988869,auto_accept,n/a
ISIC_0026807,nv,nv,0.036028534,0.00032553604,auto_accept,n/a
ISIC_0031821,mel,nv,0.53734267,0.101976305,auto_accept,n/a
ISIC_0029981,nv,nv,0.015011906,0.00016522448,auto_accept,n/a
ISIC_0026589,nv,nv,0.5457156,9.7010634e-08,auto_accept,n/a
ISIC_0027384,nv,nv,0.0060620853,5.7598286e-06,auto_accept,n/a
ISIC_0029116,nv,nv,0.00087213365,4.2967088e-08,auto_accept,n/a
ISIC_0032547,mel,mel,0.209613,0.9432503,auto_accept,n/a
ISIC_0027941,nv,nv,0.054658387,0.0010670434,auto_accept,n/a
ISIC_0027153,nv,nv,0.045211382,0.00015995905,auto_accept,n/a
ISIC_0028019,nv,nv,0.001911295,7.7691686e-05,auto_accept,n/a
ISIC_0025447,nv,nv,0.012960967,0.00011647713,auto_accept,n/a
ISIC_0032080,nv,nv,0.026173852,3.1541751e-06,auto_accept,n/a
ISIC_0026168,nv,nv,0.017241409,0.0001749057,auto_accept,n/a
ISIC_0032957,nv,nv,0.44204074,0.0005050985,auto_accept,n/a
ISIC_0032506,nv,nv,0.39160937,0.00023185636,auto_accept,n/a
ISIC_0025769,nv,nv,0.07017126,0.0027006743,auto_accept,n/a
ISIC_0029653,nv,nv,0.24798615,4.2344072e-06,auto_accept,n/a
ISIC_0027227,nv,nv,0.027341364,4.7647532e-07,auto_accept,n/a
ISIC_0032514,bkl,bkl,0.68431574,0.2773081,auto_accept,n/a
ISIC_0027719,akiec,akiec,0.007659206,0.98982483,auto_accept,n/a
ISIC_0024617,nv,nv,0.29829398,0.026706727,auto_accept,n/a
ISIC_0024976,nv,nv,0.00062434137,3.5364394e-08,auto_accept,n/a
ISIC_0028049,nv,nv,0.0013739258,7.0839114e-08,auto_accept,n/a
ISIC_0032865,nv,nv,0.017408786,2.4283283e-05,auto_accept,n/a
ISIC_0024636,nv,nv,0.5130833,2.65085e-07,auto_accept,n/a
ISIC_0032006,bkl,bkl,0.0654555,0.014670574,auto_accept,n/a
ISIC_0024434,nv,nv,0.036008123,7.984298e-07,auto_accept,n/a
ISIC_0028298,nv,nv,0.08199481,1.34544325e-05,auto_accept,n/a
ISIC_0033927,nv,nv,0.12399861,0.03781804,auto_accept,n/a
ISIC_0024405,nv,nv,0.031986963,0.00013746499,auto_accept,n/a
ISIC_0031415,nv,nv,0.002312074,4.963398e-07,auto_accept,n/a
ISIC_0032362,nv,nv,0.15914802,0.0014697718,auto_accept,n/a
ISIC_0027879,nv,nv,0.00020327239,9.12007e-08,auto_accept,n/a
ISIC_0026834,nv,nv,0.035992384,0.00048590513,auto_accept,n/a
ISIC_0032785,nv,nv,0.13944939,0.00091912854,auto_accept,n/a
ISIC_0029243,bkl,bkl,0.052310705,0.015702065,auto_accept,n/a
ISIC_0032678,nv,nv,0.0046702996,0.000111469046,auto_accept,n/a
ISIC_0027742,mel,nv,0.1837101,0.023960853,auto_accept,n/a
ISIC_0030421,nv,nv,0.33903062,1.5320027e-05,auto_accept,n/a
ISIC_0030461,nv,nv,0.054029197,0.0024924728,auto_accept,n/a
ISIC_0028028,nv,nv,0.023636976,9.245938e-05,auto_accept,n/a
ISIC_0031180,nv,nv,0.03384715,2.241739e-05,auto_accept,n/a
ISIC_0034020,nv,nv,0.50046045,0.0017357275,auto_accept,n/a
ISIC_0026999,nv,nv,0.0023361924,3.7963912e-06,auto_accept,n/a
ISIC_0031033,nv,nv,0.047611244,4.1328694e-05,auto_accept,n/a
ISIC_0027011,nv,nv,0.00025792466,1.6580964e-08,auto_accept,n/a
ISIC_0028597,nv,nv,0.054030415,0.00019342625,auto_accept,n/a
ISIC_0028012,nv,nv,0.0017762891,2.8666602e-05,auto_accept,n/a
ISIC_0032324,nv,nv,0.038985748,0.0031655324,auto_accept,n/a
ISIC_0030973,nv,nv,0.15723008,0.011845895,auto_accept,n/a
ISIC_0026864,nv,nv,0.0013382056,1.3531562e-05,auto_accept,n/a
ISIC_0025952,nv,nv,0.029365968,0.0009751354,auto_accept,n/a
ISIC_0026095,nv,nv,0.0043089767,3.9431e-07,auto_accept,n/a
ISIC_0025618,nv,nv,0.2757314,7.9826095e-05,auto_accept,n/a
ISIC_0028604,nv,nv,0.0045559807,3.027573e-07,auto_accept,n/a
ISIC_0029936,nv,nv,0.0042588883,1.3723464e-06,auto_accept,n/a
ISIC_0029167,nv,nv,0.021028241,4.7908085e-05,auto_accept,n/a
ISIC_0031656,nv,nv,0.009006722,8.926695e-07,auto_accept,n/a
ISIC_0031419,nv,vasc,0.6163616,7.508387e-06,auto_accept,n/a
ISIC_0026988,bcc,bcc,0.0043674777,0.9999466,auto_accept,n/a
ISIC_0027580,akiec,bcc,0.21667597,0.9984049,auto_accept,n/a
ISIC_0027381,nv,nv,0.03452563,1.3662449e-05,auto_accept,n/a
ISIC_0024340,nv,nv,0.5919326,0.00029771542,auto_accept,n/a
ISIC_0025280,nv,nv,0.0079157725,2.6547407e-06,auto_accept,n/a
ISIC_0032380,nv,nv,0.011907963,5.2860112e-05,auto_accept,n/a
ISIC_0027240,nv,bcc,0.21708182,0.99003816,auto_accept,n/a
ISIC_0024710,akiec,bcc,0.4055379,0.9998945,auto_accept,n/a
ISIC_0033810,df,df,0.0049687014,0.0046699275,auto_accept,n/a
ISIC_0031639,bkl,bkl,0.6869624,0.059795987,auto_accept,n/a
ISIC_0027132,nv,nv,0.015155005,2.3968132e-05,auto_accept,n/a
ISIC_0027998,bcc,bcc,0.119173594,0.9873745,auto_accept,n/a
ISIC_0028339,nv,nv,0.013005145,3.8401532e-07,auto_accept,n/a
ISIC_0033628,nv,nv,0.097648405,0.008071634,auto_accept,n/a
ISIC_0028047,nv,nv,0.028526884,4.791945e-06,auto_accept,n/a
ISIC_0025028,nv,nv,0.018692032,1.0788164e-06,auto_accept,n/a
ISIC_0030301,nv,nv,0.008914527,1.1511875e-05,auto_accept,n/a
ISIC_0033088,bkl,bkl,0.32269627,0.05681349,auto_accept,n/a
ISIC_0026434,nv,nv,0.0067836745,0.00023496462,auto_accept,n/a
ISIC_0031150,bkl,bkl,0.031476494,0.016965447,auto_accept,n/a
ISIC_0029706,nv,nv,0.0107421465,3.5538247e-07,auto_accept,n/a
ISIC_0032059,nv,nv,0.020842204,6.941293e-07,auto_accept,n/a
ISIC_0028603,nv,nv,0.12189028,5.009869e-06,auto_accept,n/a
ISIC_0030098,nv,nv,0.02180412,0.00062873185,auto_accept,n/a
ISIC_0032273,nv,nv,0.07330118,0.001085484,auto_accept,n/a
ISIC_0028102,nv,nv,0.005312677,4.6750774e-06,auto_accept,n/a
ISIC_0025805,bkl,nv,0.8773841,0.20766157,escalate,n/a
ISIC_0024325,nv,nv,0.0015667888,7.2369755e-09,auto_accept,n/a
ISIC_0024876,nv,nv,0.4129919,0.038617358,auto_accept,n/a
ISIC_0026175,nv,nv,0.06334488,0.00046567517,auto_accept,n/a
ISIC_0026816,nv,nv,0.039605875,0.0005309469,auto_accept,n/a
ISIC_0029498,nv,nv,0.10338496,0.0027165432,auto_accept,n/a
ISIC_0024452,bcc,bcc,0.020831184,0.98986244,auto_accept,n/a
ISIC_0030455,nv,nv,0.06271985,0.00034076092,auto_accept,n/a
ISIC_0027122,nv,nv,0.050890714,0.004568726,auto_accept,n/a
ISIC_0028934,nv,nv,0.059059724,2.9060817e-05,auto_accept,n/a
ISIC_0027278,nv,nv,0.53252584,0.00017418007,auto_accept,n/a
ISIC_0032434,nv,nv,0.012434363,3.7364825e-06,auto_accept,n/a
ISIC_0029083,bcc,akiec,0.10672592,0.9979461,auto_accept,n/a
ISIC_0027689,nv,nv,0.0071333633,2.05299e-05,auto_accept,n/a
ISIC_0028086,mel,mel,0.002370912,0.9997489,auto_accept,n/a
ISIC_0026005,nv,nv,0.0030278023,5.996605e-06,auto_accept,n/a
ISIC_0025648,nv,nv,0.0005501128,3.6111075e-07,auto_accept,n/a
ISIC_0027733,nv,nv,0.0020887055,4.097449e-06,auto_accept,n/a
ISIC_0026384,nv,nv,0.06971502,0.0028657115,auto_accept,n/a
ISIC_0029590,nv,nv,0.3698081,0.0003484152,auto_accept,n/a
ISIC_0027313,nv,nv,0.02142462,0.0006917996,auto_accept,n/a
ISIC_0033900,bkl,bkl,0.5406893,0.010785269,auto_accept,n/a
ISIC_0027453,nv,nv,0.47235894,0.0019736155,auto_accept,n/a
ISIC_0029999,nv,nv,0.13875376,0.00015877861,auto_accept,n/a
ISIC_0031512,nv,nv,0.10042679,6.896717e-05,auto_accept,n/a
ISIC_0032584,nv,nv,0.40109497,0.0065449863,auto_accept,n/a
ISIC_0033845,nv,nv,0.6477892,0.25791332,auto_accept,n/a
ISIC_0030733,nv,nv,0.73166835,0.0050295945,escalate,n/a
ISIC_0026678,nv,nv,0.065533124,0.00028803878,auto_accept,n/a
ISIC_0030637,nv,nv,0.05226097,5.0872943e-05,auto_accept,n/a
ISIC_0030927,nv,nv,0.017603809,9.620894e-07,auto_accept,n/a
ISIC_0027744,bcc,bcc,0.0052546076,0.9971071,auto_accept,n/a
ISIC_0026657,nv,nv,0.017773949,0.00021052023,auto_accept,n/a
ISIC_0026053,nv,mel,0.2180642,0.9069537,auto_accept,n/a
ISIC_0027710,bkl,nv,0.6876023,2.5349257e-07,auto_accept,n/a
ISIC_0032489,nv,nv,0.17418088,0.046236943,auto_accept,n/a
ISIC_0029669,bcc,bcc,0.009766785,0.9977055,auto_accept,n/a
ISIC_0026335,bkl,bkl,0.61045164,0.256924,auto_accept,n/a
ISIC_0024558,nv,nv,0.008233129,1.900539e-07,auto_accept,n/a
ISIC_0033009,nv,nv,0.6563965,0.010317386,auto_accept,n/a
ISIC_0029690,nv,nv,0.0041906186,1.8112278e-05,auto_accept,n/a
ISIC_0033516,nv,nv,0.4708737,0.010714744,auto_accept,n/a
ISIC_0030340,nv,nv,0.52355313,0.0085091945,auto_accept,n/a
ISIC_0031024,bkl,bkl,0.3680948,5.614486e-07,auto_accept,n/a
ISIC_0031529,mel,nv,0.034509867,2.2809589e-05,auto_accept,n/a
ISIC_0029237,nv,nv,0.3016336,1.0180827e-05,auto_accept,n/a
ISIC_0028754,nv,nv,0.13765413,0.02154162,auto_accept,n/a
ISIC_0031162,nv,nv,0.001084103,1.9446088e-06,auto_accept,n/a
ISIC_0026370,nv,mel,0.6931849,0.4392423,auto_accept,n/a
ISIC_0030131,nv,nv,0.02117018,0.00034919864,auto_accept,n/a
ISIC_0028310,nv,bcc,0.26331437,0.88817906,auto_accept,n/a
ISIC_0034228,nv,nv,0.0353629,7.502574e-05,auto_accept,n/a
ISIC_0026442,bcc,bcc,0.0023841772,0.9996394,auto_accept,n/a
ISIC_0029449,nv,nv,0.08041917,8.3083066e-08,auto_accept,n/a
ISIC_0027732,nv,nv,0.0006647875,6.2220856e-06,auto_accept,n/a
ISIC_0032166,nv,nv,0.013669962,0.0012036734,auto_accept,n/a
ISIC_0027575,nv,nv,0.72675925,0.0002298113,escalate,n/a
ISIC_0024357,nv,nv,0.02679379,0.00032060838,auto_accept,n/a
ISIC_0031250,nv,nv,0.009987156,7.0678902e-06,auto_accept,n/a
ISIC_0025721,nv,nv,0.04541232,0.0051811305,auto_accept,n/a
ISIC_0029125,nv,bkl,0.6001614,9.320075e-05,auto_accept,n/a
ISIC_0027886,nv,nv,0.04529359,8.8098874e-05,auto_accept,n/a
ISIC_0030650,nv,nv,0.016465185,0.00010281132,auto_accept,n/a
ISIC_0025215,nv,nv,0.0021908102,8.585849e-07,auto_accept,n/a
ISIC_0029244,nv,vasc,0.6141594,1.2237781e-05,auto_accept,n/a
ISIC_0024995,nv,bkl,0.59964794,0.00017255082,auto_accept,n/a
ISIC_0029850,nv,nv,0.0037018713,5.4522e-06,auto_accept,n/a
ISIC_0030081,bkl,bcc,0.12778942,0.75648046,auto_accept,n/a
ISIC_0024414,nv,nv,0.008903268,7.875701e-06,auto_accept,n/a
ISIC_0028594,nv,nv,0.04725694,5.458126e-06,auto_accept,n/a
ISIC_0029386,nv,nv,0.0055368743,4.764467e-06,auto_accept,n/a
ISIC_0026649,nv,bkl,0.70095253,9.875483e-05,auto_accept,n/a
ISIC_0032476,mel,mel,0.44418323,0.980105,auto_accept,n/a
ISIC_0028390,nv,nv,0.020952433,0.00021417814,auto_accept,n/a
ISIC_0025931,nv,nv,0.091829285,0.000119389144,auto_accept,n/a
ISIC_0032712,nv,nv,0.16700967,0.0022481713,auto_accept,n/a
ISIC_0028196,nv,nv,0.08132832,7.132242e-06,auto_accept,n/a
ISIC_0028950,nv,nv,0.00587004,5.899803e-05,auto_accept,n/a
ISIC_0032802,nv,nv,0.045014463,0.0010045121,auto_accept,n/a
ISIC_0028348,nv,nv,0.003918058,1.3982687e-07,auto_accept,n/a
ISIC_0033799,nv,nv,0.08820864,0.00942109,auto_accept,n/a
ISIC_0026269,nv,nv,0.064643405,0.00047638942,auto_accept,n/a
ISIC_0028161,nv,nv,0.1546861,0.0035566844,auto_accept,n/a
ISIC_0024709,bkl,df,0.19059955,0.07820604,auto_accept,n/a
ISIC_0029617,bkl,nv,0.67338026,0.034064915,auto_accept,n/a
ISIC_0030911,nv,nv,0.012813328,2.1368272e-05,auto_accept,n/a
ISIC_0029595,nv,nv,0.0014340475,1.3201316e-05,auto_accept,n/a
ISIC_0033843,mel,mel,0.035128154,0.9948822,auto_accept,n/a
ISIC_0034069,nv,nv,0.5052651,0.11952996,auto_accept,n/a
ISIC_0030486,mel,mel,0.7958601,0.9844877,escalate,n/a
ISIC_0032005,nv,nv,0.00023905995,2.7588408e-07,auto_accept,n/a
ISIC_0033040,nv,nv,0.14916234,2.1363789e-05,auto_accept,n/a
ISIC_0032319,nv,nv,0.0018405871,5.1764187e-07,auto_accept,n/a
ISIC_0034168,bkl,bkl,0.026204629,0.0017081358,auto_accept,n/a
ISIC_0029675,nv,nv,0.0029654321,1.1829545e-06,auto_accept,n/a
ISIC_0033878,mel,mel,0.0058907554,0.99884206,auto_accept,n/a
ISIC_0027817,nv,nv,0.05315561,1.2936763e-05,auto_accept,n/a
ISIC_0033839,nv,nv,0.40791368,0.110311285,auto_accept,n/a
ISIC_0026328,nv,nv,0.05217297,0.00011177132,auto_accept,n/a
ISIC_0025258,nv,nv,0.02518957,2.361266e-06,auto_accept,n/a
ISIC_0032469,nv,nv,0.024218759,7.093417e-08,auto_accept,n/a
ISIC_0025658,nv,nv,4.0832518e-05,2.7503714e-07,auto_accept,n/a
ISIC_0029845,nv,nv,0.11656204,0.007493865,auto_accept,n/a
ISIC_0032407,nv,nv,0.10538888,0.0019541467,auto_accept,n/a
ISIC_0032909,nv,bkl,0.07617421,3.7670345e-06,auto_accept,n/a
ISIC_0028472,nv,nv,0.08621224,0.0029071968,auto_accept,n/a
ISIC_0029189,nv,nv,0.03849112,0.0017746235,auto_accept,n/a
ISIC_0028147,bcc,bcc,1.1514711,0.07806666,escalate,n/a
ISIC_0025416,nv,nv,0.0025600598,1.6469567e-06,auto_accept,n/a
ISIC_0030556,nv,nv,0.009498845,3.1117434e-05,auto_accept,n/a
ISIC_0029111,nv,nv,0.13189344,2.1476777e-07,auto_accept,n/a
ISIC_0032457,nv,nv,0.069499895,1.0802415e-05,auto_accept,n/a
ISIC_0032980,nv,nv,0.18694922,0.0013963284,auto_accept,n/a
ISIC_0025205,nv,nv,0.0037232628,9.524173e-07,auto_accept,n/a
ISIC_0029678,bkl,nv,0.066013776,0.0051437183,auto_accept,n/a
ISIC_0031621,nv,mel,0.6063449,0.71321136,auto_accept,n/a
ISIC_0028443,nv,nv,0.02233915,1.3378431e-07,auto_accept,n/a
ISIC_0026458,mel,mel,0.024572771,0.99611413,auto_accept,n/a
ISIC_0031357,nv,nv,0.0002522253,2.670703e-07,auto_accept,n/a
ISIC_0027665,vasc,vasc,0.000320316,3.5811645e-05,auto_accept,n/a
ISIC_0032883,bkl,bkl,0.9045636,0.7813405,escalate,n/a
ISIC_0028068,nv,nv,0.036453873,4.063423e-06,auto_accept,n/a
ISIC_0028141,nv,nv,0.15180704,0.008438678,auto_accept,n/a
ISIC_0030228,nv,nv,0.005167564,1.9167082e-05,auto_accept,n/a
ISIC_0032384,bcc,bcc,0.087468505,0.99441355,auto_accept,n/a
ISIC_0028943,bkl,bkl,0.005657352,0.0045282277,auto_accept,n/a
ISIC_0025912,nv,nv,0.06088939,0.00092349516,auto_accept,n/a
ISIC_0026284,nv,nv,0.023927022,4.5069304e-05,auto_accept,n/a
ISIC_0024751,nv,nv,0.008164572,0.00019127967,auto_accept,n/a
ISIC_0024601,nv,nv,0.008325855,6.9325215e-06,auto_accept,n/a
ISIC_0024379,nv,nv,0.34246764,0.0011153903,auto_accept,n/a
ISIC_0025210,nv,mel,0.22869353,0.9351227,auto_accept,n/a
ISIC_0033407,nv,nv,0.0533969,0.0001511144,auto_accept,n/a
ISIC_0024395,nv,nv,0.024305403,8.0040445e-06,auto_accept,n/a
ISIC_0030325,nv,nv,0.01104631,4.5188557e-05,auto_accept,n/a
ISIC_0027304,nv,nv,0.0055887224,1.6754415e-05,auto_accept,n/a
ISIC_0033545,mel,mel,0.028294483,0.99624276,auto_accept,n/a
ISIC_0033377,mel,mel,0.07873806,0.9890561,auto_accept,n/a
ISIC_0031828,nv,nv,0.16400996,5.083003e-05,auto_accept,n/a
ISIC_0029744,mel,mel,0.18332222,0.9896445,auto_accept,n/a
ISIC_0027977,nv,nv,0.055933043,0.00034596486,auto_accept,n/a
ISIC_0026477,bkl,nv,0.29391986,0.004387312,auto_accept,n/a
ISIC_0025662,nv,nv,0.009603758,0.00019444645,auto_accept,n/a
ISIC_0026108,nv,nv,0.23422466,0.010512228,auto_accept,n/a
ISIC_0034217,nv,nv,0.0024586744,7.419338e-05,auto_accept,n/a
ISIC_0026757,nv,nv,0.028717047,0.00054832455,auto_accept,n/a
ISIC_0030577,nv,nv,0.0002964608,2.755704e-07,auto_accept,n/a
ISIC_0032752,nv,mel,0.3142657,0.9285977,auto_accept,n/a
ISIC_0025761,nv,nv,0.018004708,0.00011613398,auto_accept,n/a
ISIC_0033600,nv,nv,0.15514284,0.0007685614,auto_accept,n/a
ISIC_0028407,nv,nv,0.008521055,4.7631673e-08,auto_accept,n/a
ISIC_0031787,nv,nv,0.0069203856,1.3059628e-06,auto_accept,n/a
ISIC_0026012,nv,nv,0.21251631,0.0027532617,auto_accept,n/a
ISIC_0032981,mel,mel,0.3643563,0.8281578,auto_accept,n/a
ISIC_0027322,nv,nv,0.011034471,6.2901786e-06,auto_accept,n/a
ISIC_0029526,nv,nv,0.0018052631,4.8762527e-06,auto_accept,n/a
ISIC_0033868,bkl,bkl,0.71822435,0.0019313837,auto_accept,n/a
ISIC_0026978,bcc,bcc,0.07922057,0.99872667,auto_accept,n/a
ISIC_0027075,nv,nv,0.021878816,1.5521426e-05,auto_accept,n/a
ISIC_0028410,mel,mel,0.6933234,0.55486596,auto_accept,n/a
ISIC_0025993,nv,nv,0.072291985,0.00049324095,auto_accept,n/a
ISIC_0029522,bkl,mel,0.3602027,0.94907296,auto_accept,n/a
ISIC_0030835,bkl,bkl,0.63478744,0.00016789733,auto_accept,n/a
ISIC_0034148,nv,nv,0.068579614,0.0013547117,auto_accept,n/a
ISIC_0030509,nv,nv,0.0028843738,4.7770516e-07,auto_accept,n/a
ISIC_0033749,vasc,vasc,0.0034733275,0.0018133223,auto_accept,n/a
ISIC_0024821,nv,nv,0.35022607,0.0035218017,auto_accept,n/a
ISIC_0029783,df,df,0.104287095,0.042310618,auto_accept,n/a
ISIC_0025742,nv,nv,0.09168753,0.00074648834,auto_accept,n/a
ISIC_0030889,nv,nv,0.006092147,1.7358041e-06,auto_accept,n/a
ISIC_0033195,bkl,mel,0.49765137,0.87791735,auto_accept,n/a
ISIC_0026205,bkl,bkl,0.17255808,7.7217206e-05,auto_accept,n/a
ISIC_0027511,nv,nv,0.008403534,3.4233148e-05,auto_accept,n/a
ISIC_0025883,bkl,bkl,0.0034936278,0.002444325,auto_accept,n/a
ISIC_0030032,mel,mel,0.26016402,0.92707545,auto_accept,n/a
ISIC_0033519,nv,nv,0.108665064,0.0069542527,auto_accept,n/a
ISIC_0032011,nv,nv,0.02228812,6.834305e-08,auto_accept,n/a
ISIC_0026619,nv,nv,0.1434717,0.0032507728,auto_accept,n/a
ISIC_0034029,nv,nv,0.7071261,0.34697443,auto_accept,n/a
ISIC_0025759,nv,nv,0.28405112,0.0076901647,auto_accept,n/a
ISIC_0030480,nv,nv,0.15833122,0.002435867,auto_accept,n/a
ISIC_0025828,nv,nv,0.0019353658,8.543363e-06,auto_accept,n/a
ISIC_0030527,nv,nv,0.00053088844,5.0218545e-09,auto_accept,n/a
ISIC_0028169,nv,nv,0.021665055,6.686859e-08,auto_accept,n/a
ISIC_0025168,nv,nv,0.20969269,0.021168226,auto_accept,n/a
ISIC_0028053,nv,nv,0.72176105,0.0005421134,auto_accept,n/a
ISIC_0033792,nv,nv,0.5238697,0.07739884,auto_accept,n/a
ISIC_0028093,nv,nv,0.0035145204,7.410351e-05,auto_accept,n/a
ISIC_0024460,nv,nv,0.0035115948,4.682583e-06,auto_accept,n/a
ISIC_0026298,bkl,bkl,0.71849126,0.5512835,auto_accept,n/a
ISIC_0034131,nv,mel,0.6971852,0.452608,auto_accept,n/a
ISIC_0024535,nv,nv,0.0020085087,3.0806884e-06,auto_accept,n/a
ISIC_0026774,mel,nv,0.06278272,0.0025412466,auto_accept,n/a
ISIC_0031731,nv,nv,0.024027737,0.00020819828,auto_accept,n/a
ISIC_0028392,nv,nv,0.0038414965,4.7461814e-08,auto_accept,n/a
ISIC_0027696,nv,nv,0.021168113,8.95134e-07,auto_accept,n/a
ISIC_0029695,nv,nv,0.024506846,8.665132e-06,auto_accept,n/a
ISIC_0028641,nv,nv,0.004222178,0.00011091705,auto_accept,n/a
ISIC_0033111,nv,nv,0.062160015,0.0014138644,auto_accept,n/a
ISIC_0028905,nv,nv,0.47894162,0.014248054,auto_accept,n/a
ISIC_0028383,nv,nv,0.0043721152,4.874309e-06,auto_accept,n/a
ISIC_0025122,nv,nv,0.15930486,2.9063673e-05,auto_accept,n/a
ISIC_0025306,nv,nv,0.012616354,0.00019325095,auto_accept,n/a
ISIC_0034178,nv,nv,0.24008976,0.030306589,auto_accept,n/a
ISIC_0031089,nv,nv,0.03919419,2.0995795e-08,auto_accept,n/a
ISIC_0026859,nv,nv,0.009710676,2.7200946e-07,auto_accept,n/a
ISIC_0030593,nv,nv,0.036499824,0.010439342,auto_accept,n/a
ISIC_0031420,nv,nv,0.0025738121,1.1598093e-05,auto_accept,n/a
ISIC_0025347,nv,nv,0.0005856113,3.4013432e-08,auto_accept,n/a
ISIC_0025889,nv,nv,0.018023612,2.8282432e-07,auto_accept,n/a
ISIC_0032488,nv,nv,0.039998215,0.0003874045,auto_accept,n/a
ISIC_0025807,vasc,vasc,5.4700067e-06,0.00019412984,auto_accept,n/a
ISIC_0026220,nv,nv,0.027979823,1.3088505e-06,auto_accept,n/a
ISIC_0028893,nv,nv,0.10549504,8.961608e-06,auto_accept,n/a
ISIC_0032638,mel,mel,0.024175702,0.99720204,auto_accept,n/a
ISIC_0031931,mel,mel,0.19324248,0.9858651,auto_accept,n/a
ISIC_0029517,nv,nv,0.018510262,1.8355879e-05,auto_accept,n/a
ISIC_0026283,nv,nv,0.394675,4.8804586e-06,auto_accept,n/a
ISIC_0029426,nv,nv,0.00070037635,2.2848957e-08,auto_accept,n/a
ISIC_0030468,nv,nv,0.13391365,3.9238967e-06,auto_accept,n/a
ISIC_0027789,nv,nv,0.7167561,0.00081482733,auto_accept,n/a
ISIC_0029017,mel,nv,0.0161416,0.0005537357,auto_accept,n/a
ISIC_0030134,mel,nv,0.6846927,0.12940988,auto_accept,n/a
ISIC_0032279,nv,nv,0.066345274,0.0015400648,auto_accept,n/a
ISIC_0028449,bkl,bkl,0.06535655,0.037086643,auto_accept,n/a
ISIC_0024331,bcc,bcc,0.03289122,0.9991412,auto_accept,n/a
ISIC_0031389,mel,nv,0.17559333,0.037231207,auto_accept,n/a
ISIC_0025810,bkl,bkl,0.0070555396,0.0014463732,auto_accept,n/a
ISIC_0031673,nv,nv,0.0026659453,1.2943685e-05,auto_accept,n/a
ISIC_0028007,nv,nv,0.00042166014,2.4024416e-08,auto_accept,n/a
ISIC_0025327,nv,nv,0.27598035,0.031228632,auto_accept,n/a
ISIC_0030198,nv,nv,0.15943246,0.018496722,auto_accept,n/a
ISIC_0033031,vasc,vasc,0.0015817194,0.00058735994,auto_accept,n/a
ISIC_0034014,nv,nv,0.67526096,0.17895903,auto_accept,n/a
ISIC_0029079,nv,nv,0.07933919,2.7783748e-05,auto_accept,n/a
ISIC_0025999,nv,nv,0.004924006,1.1761548e-05,auto_accept,n/a
ISIC_0032741,bcc,bcc,0.008766932,0.99951327,auto_accept,n/a
ISIC_0031772,nv,nv,0.0046842964,2.4564827e-06,auto_accept,n/a
ISIC_0032714,nv,mel,0.5769957,0.6572484,auto_accept,n/a
ISIC_0032592,mel,bcc,0.31834015,0.99929404,auto_accept,n/a
ISIC_0030559,nv,nv,0.33796045,0.0009994997,auto_accept,n/a
ISIC_0030679,nv,nv,0.008976193,1.5699651e-08,auto_accept,n/a
ISIC_0024759,nv,nv,0.12210502,3.0798542e-06,auto_accept,n/a
ISIC_0025663,mel,mel,0.29665864,0.8827739,auto_accept,n/a
ISIC_0029772,nv,nv,0.0012933172,3.174059e-05,auto_accept,n/a
ISIC_0030851,nv,nv,0.63109976,0.016811186,auto_accept,n/a
ISIC_0030006,nv,nv,0.11190138,0.00985717,auto_accept,n/a
ISIC_0032334,nv,mel,0.88402706,0.46749562,escalate,n/a
ISIC_0029825,nv,mel,0.8954367,0.5286859,escalate,n/a
ISIC_0031267,nv,nv,0.005436385,1.1209808e-05,auto_accept,n/a
ISIC_0030740,nv,nv,0.11630416,0.0011538687,auto_accept,n/a
ISIC_0027854,nv,nv,0.05534013,6.852631e-06,auto_accept,n/a
ISIC_0029335,nv,nv,0.0037725114,2.423938e-06,auto_accept,n/a
ISIC_0029668,nv,nv,0.7228531,0.59738076,escalate,n/a
ISIC_0028246,nv,nv,0.001690215,2.589428e-06,auto_accept,n/a
ISIC_0027176,nv,nv,0.019334657,6.9334337e-06,auto_accept,n/a
ISIC_0025518,nv,nv,0.10769922,0.0021261645,auto_accept,n/a
ISIC_0025500,mel,bkl,0.22283553,0.048490282,auto_accept,n/a
ISIC_0031933,nv,nv,0.186433,0.023248909,auto_accept,n/a
ISIC_0031762,bcc,bcc,0.15098245,0.9743066,auto_accept,n/a
ISIC_0029761,nv,nv,0.07750328,4.3136417e-05,auto_accept,n/a
ISIC_0029866,nv,nv,0.022154078,2.8128055e-05,auto_accept,n/a
ISIC_0033098,nv,nv,0.091989875,0.020037625,auto_accept,n/a
ISIC_0033021,nv,nv,0.04537893,0.004227926,auto_accept,n/a
ISIC_0029198,nv,nv,0.004830702,5.0406943e-06,auto_accept,n/a
ISIC_0025090,nv,nv,0.045337442,6.107551e-05,auto_accept,n/a
ISIC_0031436,bkl,nv,0.17258695,0.002376563,auto_accept,n/a
ISIC_0026565,nv,nv,0.002466198,1.1484133e-05,auto_accept,n/a
ISIC_0027413,nv,nv,0.032338336,0.0010607754,auto_accept,n/a
ISIC_0028513,nv,nv,0.09160638,0.0026334494,auto_accept,n/a
ISIC_0027467,nv,nv,0.097542465,0.0004143578,auto_accept,n/a
ISIC_0030859,nv,nv,0.15631257,0.010904595,auto_accept,n/a
ISIC_0029956,nv,nv,0.0050750575,5.3273872e-08,auto_accept,n/a
ISIC_0030990,nv,nv,0.18172145,0.0012500017,auto_accept,n/a
ISIC_0026455,nv,nv,0.14632933,0.002482115,auto_accept,n/a
ISIC_0025794,nv,nv,0.008821708,8.6875596e-05,auto_accept,n/a
ISIC_0033707,nv,nv,0.1354573,0.00042193593,auto_accept,n/a
ISIC_0030909,nv,nv,0.11449601,0.01033179,auto_accept,n/a
ISIC_0025047,nv,nv,0.5351445,0.038880788,auto_accept,n/a
ISIC_0024334,nv,nv,0.012308578,1.126939e-07,auto_accept,n/a
ISIC_0024577,nv,mel,0.3758074,0.91291374,auto_accept,n/a
ISIC_0031501,nv,nv,0.74437994,0.003832478,escalate,n/a
ISIC_0030772,nv,nv,0.37915218,0.12399959,auto_accept,n/a
ISIC_0027843,nv,nv,0.30595517,0.00035574965,auto_accept,n/a
ISIC_0031086,nv,nv,0.0055003157,2.510272e-07,auto_accept,n/a
ISIC_0031195,nv,nv,0.013334293,1.6727214e-05,auto_accept,n/a
ISIC_0025124,nv,nv,0.010662854,0.0001164839,auto_accept,n/a
ISIC_0034237,nv,nv,0.26739812,0.06180021,auto_accept,n/a
ISIC_0028722,nv,nv,0.011729171,0.00024249578,auto_accept,n/a
ISIC_0032898,bkl,bkl,0.244008,0.00027385794,auto_accept,n/a
ISIC_0026661,bkl,bkl,0.009392675,0.029109243,auto_accept,n/a
ISIC_0029345,bkl,nv,0.4509669,7.72452e-05,auto_accept,n/a
ISIC_0026279,nv,nv,0.036093988,9.948667e-05,auto_accept,n/a
ISIC_0027259,nv,nv,0.16546151,0.001191893,auto_accept,n/a
ISIC_0024531,nv,nv,0.011731794,5.3531232e-05,auto_accept,n/a
ISIC_0025460,nv,nv,0.00024785227,1.3097892e-09,auto_accept,n/a
ISIC_0030024,nv,nv,0.0010298174,9.0658864e-07,auto_accept,n/a
ISIC_0028185,nv,nv,0.2530154,5.635663e-05,auto_accept,n/a
ISIC_0024944,nv,nv,0.077120185,0.0028137632,auto_accept,n/a
ISIC_0028441,nv,nv,0.54465216,0.20136201,auto_accept,n/a
ISIC_0032092,bcc,akiec,0.65536964,0.9956182,auto_accept,n/a
ISIC_0032087,nv,nv,0.024170406,7.100561e-06,auto_accept,n/a
ISIC_0028618,nv,nv,0.731054,0.5542605,escalate,n/a
ISIC_0033492,nv,mel,0.07424657,0.9705531,auto_accept,n/a
ISIC_0029621,nv,nv,0.14136587,0.029483052,auto_accept,n/a
ISIC_0026745,mel,mel,0.14322938,0.9773902,auto_accept,n/a
ISIC_0030449,nv,nv,0.019930871,2.189159e-06,auto_accept,n/a
ISIC_0027808,nv,nv,0.11413618,2.4372188e-05,auto_accept,n/a
ISIC_0030829,nv,nv,0.10391034,0.00039356016,auto_accept,n/a
ISIC_0033803,nv,vasc,0.21207407,0.0030937702,auto_accept,n/a
ISIC_0031554,mel,nv,0.7051069,0.5229849,auto_accept,n/a
ISIC_0031966,nv,nv,0.017340537,1.3093774e-05,auto_accept,n/a
ISIC_0032944,nv,nv,0.14689586,0.0009189989,auto_accept,n/a
ISIC_0033426,mel,mel,0.032866955,0.99509686,auto_accept,n/a
ISIC_0028378,nv,nv,0.19581102,0.055312566,auto_accept,n/a
ISIC_0031448,nv,mel,0.674359,0.6783971,auto_accept,n/a
ISIC_0034263,mel,mel,0.18836023,0.9542,auto_accept,n/a
ISIC_0032780,nv,nv,0.14945589,0.0076936595,auto_accept,n/a
ISIC_0030881,nv,nv,0.029910237,6.2810985e-05,auto_accept,n/a
ISIC_0034319,nv,nv,0.27995488,0.03335357,auto_accept,n/a
ISIC_0026689,nv,nv,0.12284957,0.0004134459,auto_accept,n/a
ISIC_0030490,nv,nv,0.028495166,0.0017871938,auto_accept,n/a
ISIC_0028290,nv,nv,0.041765526,2.3173316e-06,auto_accept,n/a
ISIC_0030489,nv,nv,0.00086673157,1.4601893e-06,auto_accept,n/a
ISIC_0032739,nv,mel,0.25194684,0.92816085,auto_accept,n/a
ISIC_0025242,nv,nv,0.02733437,0.0013081034,auto_accept,n/a
ISIC_0029680,bcc,bcc,0.29597595,0.9947227,auto_accept,n/a
ISIC_0033719,nv,nv,0.01514115,3.508319e-05,auto_accept,n/a
ISIC_0033279,mel,mel,0.03826452,0.98034877,auto_accept,n/a
ISIC_0024470,akiec,df,0.32304168,0.010607978,auto_accept,n/a
ISIC_0029489,bcc,bcc,0.27147183,0.99908054,auto_accept,n/a
ISIC_0027111,nv,nv,0.03640428,9.094254e-06,auto_accept,n/a
ISIC_0030562,nv,nv,0.091034114,1.5821275e-05,auto_accept,n/a
ISIC_0025732,mel,mel,0.16804057,0.93981856,auto_accept,n/a
ISIC_0034210,nv,mel,0.8115185,0.5397121,escalate,n/a
ISIC_0027844,nv,nv,0.0085455915,1.0089228e-05,auto_accept,n/a
ISIC_0032206,akiec,akiec,0.08385297,0.9819822,auto_accept,n/a
ISIC_0026571,mel,mel,0.26819673,0.9905229,auto_accept,n/a
ISIC_0028046,nv,nv,0.002883312,3.8048765e-06,auto_accept,n/a
ISIC_0030125,nv,nv,0.2292863,0.0029157416,auto_accept,n/a
ISIC_0030205,nv,nv,0.114317775,0.0012738348,auto_accept,n/a
ISIC_0029765,nv,nv,0.015892295,4.9741736e-08,auto_accept,n/a
ISIC_0027870,nv,nv,0.00972869,3.925229e-06,auto_accept,n/a
ISIC_0027289,nv,nv,0.043558817,0.002153039,auto_accept,n/a
ISIC_0025483,nv,nv,0.031223048,1.0110663e-07,auto_accept,n/a
ISIC_0033769,nv,nv,0.094644,0.0016910414,auto_accept,n/a
ISIC_0026355,nv,nv,0.029800259,0.0001263732,auto_accept,n/a
ISIC_0031588,nv,nv,0.085179105,5.771073e-05,auto_accept,n/a
ISIC_0024950,nv,nv,0.026485357,2.0041208e-08,auto_accept,n/a
ISIC_0025991,nv,nv,0.054391343,5.347014e-07,auto_accept,n/a
ISIC_0033380,nv,nv,0.7383401,0.23796189,escalate,n/a
ISIC_0028957,nv,nv,0.010324194,3.6008827e-05,auto_accept,n/a
ISIC_0025996,mel,mel,0.109917864,0.983411,auto_accept,n/a
ISIC_0027526,bcc,bcc,0.07124562,0.9903323,auto_accept,n/a
ISIC_0030515,nv,nv,0.0015974027,4.590662e-05,auto_accept,n/a
ISIC_0026894,nv,nv,0.47820336,0.00012158095,auto_accept,n/a
ISIC_0024401,nv,nv,0.028400144,2.702674e-06,auto_accept,n/a
ISIC_0032687,mel,mel,0.113055475,0.95548934,auto_accept,n/a
ISIC_0024918,mel,nv,0.078264184,0.0075734807,auto_accept,n/a
ISIC_0034054,nv,mel,0.543732,0.73241705,auto_accept,n/a
ISIC_0029835,nv,nv,0.010623439,0.00068768725,auto_accept,n/a
ISIC_0029379,nv,nv,0.006252055,3.392611e-06,auto_accept,n/a
ISIC_0027169,nv,nv,0.016023852,1.5383187e-06,auto_accept,n/a
ISIC_0027069,mel,mel,0.20042741,0.9598591,auto_accept,n/a
ISIC_0025743,bkl,bkl,0.017222825,0.0013987257,auto_accept,n/a
ISIC_0027944,nv,nv,0.012870399,1.3258811e-05,auto_accept,n/a
ISIC_0028545,nv,nv,0.043627996,0.0009845913,auto_accept,n/a
ISIC_0032385,nv,nv,0.17339543,0.011771295,auto_accept,n/a
ISIC_0033475,nv,nv,0.8929496,0.03547972,escalate,n/a
ISIC_0026509,nv,nv,0.20998383,1.8684806e-05,auto_accept,n/a
ISIC_0033711,nv,nv,0.1446434,0.0010004796,auto_accept,n/a
ISIC_0026177,nv,nv,0.43009138,0.024965892,auto_accept,n/a
ISIC_0030846,nv,nv,0.05448383,0.00031448025,auto_accept,n/a
ISIC_0031626,nv,nv,0.001198194,5.5427095e-06,auto_accept,n/a
ISIC_0031367,nv,nv,0.0052286116,1.5940543e-05,auto_accept,n/a
ISIC_0032876,bkl,bkl,0.011784741,0.0003418258,auto_accept,n/a
ISIC_0033702,nv,nv,0.14616491,0.0012675775,auto_accept,n/a
ISIC_0029085,nv,nv,0.013607155,3.6376775e-07,auto_accept,n/a
ISIC_0027173,nv,nv,0.100968875,2.6605636e-05,auto_accept,n/a
ISIC_0030423,mel,mel,0.13261758,0.9783029,auto_accept,n/a
ISIC_0024306,nv,nv,0.0071216365,2.2770334e-06,auto_accept,n/a
ISIC_0026058,nv,nv,0.010027734,2.2228066e-08,auto_accept,n/a
ISIC_0032357,nv,nv,0.014298059,5.184163e-06,auto_accept,n/a
ISIC_0027564,nv,nv,0.08348879,0.0072609833,auto_accept,n/a
ISIC_0031472,nv,nv,0.081222236,6.265772e-05,auto_accept,n/a
ISIC_0026136,nv,nv,0.017831476,2.0227662e-05,auto_accept,n/a
ISIC_0027583,nv,nv,0.009086119,4.176256e-06,auto_accept,n/a
ISIC_0031608,nv,nv,0.0028548439,2.031341e-06,auto_accept,n/a
ISIC_0030936,nv,nv,0.015230987,0.00014088847,auto_accept,n/a
ISIC_0026123,nv,mel,0.4786308,0.8919734,auto_accept,n/a
ISIC_0031541,nv,nv,0.02571607,0.0009965469,auto_accept,n/a
ISIC_0031748,nv,nv,0.33187953,0.020196024,auto_accept,n/a
ISIC_0026232,nv,nv,0.09271752,0.0024290946,auto_accept,n/a
ISIC_0026078,nv,df,0.68436766,2.3486049e-05,auto_accept,n/a
ISIC_0030646,nv,nv,0.0824284,4.165119e-06,auto_accept,n/a
ISIC_0029875,nv,nv,0.093830764,1.9481042e-05,auto_accept,n/a
ISIC_0029971,nv,nv,0.0036358393,1.282968e-07,auto_accept,n/a
ISIC_0025225,nv,nv,0.037567597,0.0024851332,auto_accept,n/a
ISIC_0028586,nv,nv,0.7543614,0.003588685,escalate,n/a
ISIC_0034065,mel,nv,0.23789051,0.014076302,auto_accept,n/a
ISIC_0032458,nv,nv,0.001197153,4.582132e-06,auto_accept,n/a
ISIC_0032003,nv,nv,0.0965295,0.00037304146,auto_accept,n/a
ISIC_0029520,nv,nv,0.0008538013,2.1450262e-06,auto_accept,n/a
ISIC_0024907,nv,nv,0.023099348,0.0016483701,auto_accept,n/a
ISIC_0031171,bcc,bcc,0.00024435762,0.99998486,auto_accept,n/a
ISIC_0027195,nv,nv,0.14189461,3.0688038e-06,auto_accept,n/a
ISIC_0027200,nv,nv,0.029763756,1.0046714e-06,auto_accept,n/a
ISIC_0029179,nv,nv,0.30147216,0.05128421,auto_accept,n/a
ISIC_0030012,nv,nv,0.0062206914,3.8641385e-05,auto_accept,n/a
ISIC_0031801,nv,nv,0.002582808,8.181152e-08,auto_accept,n/a
ISIC_0030370,nv,nv,0.109517895,0.015247777,auto_accept,n/a
ISIC_0030041,nv,nv,0.017303126,6.5867025e-05,auto_accept,n/a
ISIC_0024486,nv,nv,0.04387982,0.0036403963,auto_accept,n/a
ISIC_0029597,nv,nv,0.00520934,2.3221002e-05,auto_accept,n/a
ISIC_0029114,nv,nv,0.018260153,4.1170338e-06,auto_accept,n/a
ISIC_0025900,nv,nv,0.37850776,8.5881744e-05,auto_accept,n/a
ISIC_0027566,nv,nv,0.0044545685,4.016851e-05,auto_accept,n/a
ISIC_0024971,bkl,bkl,0.13232924,0.076286584,auto_accept,n/a
ISIC_0028566,nv,nv,0.019543482,1.25755105e-05,auto_accept,n/a
ISIC_0028374,nv,nv,0.049884416,5.8652313e-05,auto_accept,n/a
ISIC_0027233,nv,nv,0.0003640254,1.2475006e-07,auto_accept,n/a
ISIC_0028371,nv,nv,0.14227381,0.0032774827,auto_accept,n/a
ISIC_0024873,nv,nv,0.020678952,0.00020014607,auto_accept,n/a
ISIC_0029779,bcc,vasc,0.005988569,0.00014487634,auto_accept,n/a
ISIC_0027761,nv,nv,0.10334787,0.0220134,auto_accept,n/a
ISIC_0025760,nv,nv,0.21997645,2.430247e-07,auto_accept,n/a
ISIC_0030955,nv,nv,0.018136047,2.9459981e-05,auto_accept,n/a
ISIC_0025216,nv,nv,0.00015556195,6.9930906e-09,auto_accept,n/a
ISIC_0031169,bcc,bcc,0.013869677,0.9540059,auto_accept,n/a
ISIC_0032403,nv,nv,0.002545499,4.004765e-05,auto_accept,n/a
ISIC_0030627,nv,nv,0.05639415,7.3909716e-05,auto_accept,n/a
ISIC_0028235,nv,bkl,0.710397,0.00045633156,auto_accept,n/a
ISIC_0033113,nv,nv,0.008246742,0.00016427097,auto_accept,n/a
ISIC_0031068,nv,nv,0.022476917,1.3691465e-06,auto_accept,n/a
ISIC_0026610,nv,mel,0.3889154,0.901662,auto_accept,n/a
ISIC_0030631,nv,nv,0.009381134,7.097675e-05,auto_accept,n/a
ISIC_0030129,mel,mel,0.10971835,0.9824798,auto_accept,n/a
ISIC_0029957,nv,nv,0.022558236,0.00011227391,auto_accept,n/a
ISIC_0027922,nv,nv,0.12772635,0.00016497151,auto_accept,n/a
ISIC_0024390,nv,nv,0.03271833,2.7701519e-05,auto_accept,n/a
ISIC_0024585,nv,nv,0.0012664177,4.977873e-09,auto_accept,n/a
ISIC_0024378,nv,nv,0.75656754,0.011629974,escalate,n/a
ISIC_0026734,nv,nv,0.0031503835,5.2096866e-06,auto_accept,n/a
ISIC_0027731,nv,nv,0.19249038,0.0030089484,auto_accept,n/a
ISIC_0033921,nv,nv,0.035018694,0.0014816646,auto_accept,n/a
ISIC_0034049,mel,mel,0.17003073,0.96527207,auto_accept,n/a
ISIC_0028429,nv,nv,0.029408881,0.00080970424,auto_accept,n/a
ISIC_0028884,nv,nv,0.018321976,0.0014547207,auto_accept,n/a
ISIC_0032742,nv,nv,0.19837692,0.004942755,auto_accept,n/a
ISIC_0025042,nv,nv,0.46679375,8.498484e-06,auto_accept,n/a
ISIC_0030332,nv,nv,0.02810553,0.0061802133,auto_accept,n/a
ISIC_0032673,nv,nv,0.33371916,0.041145533,auto_accept,n/a
ISIC_0033337,mel,mel,0.15578444,0.9794994,auto_accept,n/a
ISIC_0029542,nv,nv,0.00706752,2.5987647e-06,auto_accept,n/a
ISIC_0033143,nv,nv,0.14604318,7.412387e-05,auto_accept,n/a
ISIC_0029784,nv,nv,0.10576599,1.4839169e-06,auto_accept,n/a
ISIC_0029424,nv,nv,0.02519406,8.366986e-07,auto_accept,n/a
ISIC_0032634,nv,nv,0.27203122,0.0044306135,auto_accept,n/a
ISIC_0026690,mel,mel,0.21080768,0.96935433,auto_accept,n/a
ISIC_0028039,nv,nv,0.009161547,2.1736585e-05,auto_accept,n/a
ISIC_0028910,nv,nv,0.0037974766,1.4098903e-06,auto_accept,n/a
ISIC_0034173,mel,nv,0.41319227,0.12809284,auto_accept,n/a
ISIC_0032522,mel,mel,0.0857917,0.9796398,auto_accept,n/a
ISIC_0034163,nv,bkl,0.70879304,0.00059556885,auto_accept,n/a
ISIC_0026001,nv,nv,0.0041824407,1.2839272e-05,auto_accept,n/a
ISIC_0029445,nv,nv,0.044803657,1.4659323e-06,auto_accept,n/a
ISIC_0029308,bkl,bkl,0.0020526326,0.00033847668,auto_accept,n/a
ISIC_0024744,nv,nv,0.0021848949,1.2435261e-07,auto_accept,n/a
ISIC_0026128,nv,nv,0.00083504093,1.39043e-06,auto_accept,n/a
ISIC_0032755,nv,nv,0.014637719,0.00023224374,auto_accept,n/a
ISIC_0028675,nv,vasc,0.022473017,6.4362e-05,auto_accept,n/a
ISIC_0024667,nv,nv,0.058587227,0.0004547982,auto_accept,n/a
ISIC_0026939,nv,nv,0.004964859,5.603055e-07,auto_accept,n/a
ISIC_0029995,mel,mel,0.12000106,0.9741587,auto_accept,n/a
ISIC_0027030,mel,mel,0.32395834,0.90225786,auto_accept,n/a
ISIC_0025585,nv,nv,0.47325024,1.10985e-05,auto_accept,n/a
ISIC_0031708,nv,mel,0.65874094,0.6946164,auto_accept,n/a
ISIC_0024775,nv,nv,0.019391246,3.4455863e-06,auto_accept,n/a
ISIC_0030710,nv,nv,0.018646173,0.00016235374,auto_accept,n/a
ISIC_0032852,nv,nv,0.054183014,0.0024358055,auto_accept,n/a
ISIC_0025163,nv,nv,0.048467822,0.00013522041,auto_accept,n/a
ISIC_0034189,bkl,mel,0.7307776,0.6374883,escalate,n/a
ISIC_0028270,nv,nv,0.015855568,7.94907e-08,auto_accept,n/a
ISIC_0031129,nv,nv,0.21050067,1.0999813e-07,auto_accept,n/a
ISIC_0034273,nv,mel,0.63620824,0.5389624,auto_accept,n/a
ISIC_0033805,mel,nv,0.69059205,0.1816314,auto_accept,n/a
ISIC_0026843,bkl,mel,0.3429417,0.86588025,auto_accept,n/a
ISIC_0028240,nv,nv,0.037806336,0.0028663625,auto_accept,n/a
ISIC_0033387,mel,nv,0.6365085,0.22220974,auto_accept,n/a
ISIC_0034019,nv,nv,0.034067553,0.0006883856,auto_accept,n/a
ISIC_0031446,nv,nv,0.021455858,2.6830378e-08,auto_accept,n/a
ISIC_0031008,bkl,bkl,0.03526698,0.00030435872,auto_accept,n/a
ISIC_0030604,mel,mel,0.09454142,0.9795284,auto_accept,n/a
ISIC_0029903,nv,nv,0.0013208366,7.3530754e-07,auto_accept,n/a
ISIC_0033136,nv,vasc,0.47805882,0.0050930916,auto_accept,n/a
ISIC_0030284,nv,nv,0.013558869,0.0006849102,auto_accept,n/a
ISIC_0033976,nv,nv,0.40533298,0.0010605727,auto_accept,n/a
ISIC_0027632,nv,nv,0.0038680516,0.00014001927,auto_accept,n/a
ISIC_0030227,bkl,mel,0.93781245,0.78849787,escalate,n/a
ISIC_0029388,nv,nv,0.00071027834,7.106227e-08,auto_accept,n/a
ISIC_0029508,nv,nv,0.00609328,3.711707e-07,auto_accept,n/a
ISIC_0030992,nv,nv,0.0036255138,5.0172084e-06,auto_accept,n/a
ISIC_0025701,nv,nv,0.099626176,0.00018794897,auto_accept,n/a
ISIC_0024567,nv,nv,0.010359667,7.222992e-06,auto_accept,n/a
ISIC_0024991,nv,nv,0.051639922,4.8848423e-09,auto_accept,n/a
ISIC_0028354,bkl,bkl,0.25773948,0.008074089,auto_accept,n/a
ISIC_0033214,nv,nv,0.18923682,0.0025362235,auto_accept,n/a
ISIC_0031022,nv,nv,0.25626472,1.3510699e-05,auto_accept,n/a
ISIC_0031892,nv,nv,0.01147935,1.0541841e-05,auto_accept,n/a
ISIC_0030072,nv,nv,0.010444237,0.00056473236,auto_accept,n/a
ISIC_0027230,nv,nv,0.06577733,0.0004945535,auto_accept,n/a
ISIC_0029938,nv,nv,0.026335154,0.00014550127,auto_accept,n/a
ISIC_0026032,nv,bkl,0.024245992,1.1137327e-06,auto_accept,n/a
ISIC_0031081,nv,mel,0.9326683,0.6030401,escalate,n/a
ISIC_0027601,bcc,bcc,0.00035895244,0.99995685,auto_accept,n/a
ISIC_0030104,vasc,vasc,0.00012719129,0.00010218432,auto_accept,n/a
ISIC_0031205,nv,nv,0.5416939,4.8038284e-05,auto_accept,n/a
ISIC_0029201,bcc,vasc,0.018209174,0.00087775587,auto_accept,n/a
ISIC_0031119,akiec,akiec,0.10027883,0.9940055,auto_accept,n/a
ISIC_0027424,nv,nv,0.0014459994,1.413648e-06,auto_accept,n/a
ISIC_0025307,nv,nv,0.013276806,1.6348087e-05,auto_accept,n/a
ISIC_0026946,nv,nv,0.0037413493,2.5348681e-06,auto_accept,n/a
ISIC_0028458,nv,nv,0.0055537047,7.315526e-06,auto_accept,n/a
ISIC_0026033,nv,nv,0.007428783,2.8885111e-08,auto_accept,n/a
ISIC_0027245,nv,nv,0.0032319184,3.3730977e-08,auto_accept,n/a
ISIC_0026244,nv,nv,0.0072259,3.950681e-05,auto_accept,n/a
ISIC_0028287,nv,nv,0.40190515,0.0013496379,auto_accept,n/a
ISIC_0027013,nv,nv,0.009496693,0.00015080003,auto_accept,n/a
ISIC_0025375,nv,nv,0.13613279,0.00035563062,auto_accept,n/a
ISIC_0028109,mel,nv,0.7418299,0.17334734,escalate,n/a
ISIC_0033084,akiec,akiec,0.059283305,0.72507185,auto_accept,n/a
ISIC_0024555,nv,nv,0.11699209,3.6502615e-06,auto_accept,n/a
ISIC_0030657,nv,nv,0.017178837,1.8046949e-05,auto_accept,n/a
ISIC_0026021,nv,nv,0.0037658974,3.35666e-06,auto_accept,n/a
ISIC_0033421,nv,nv,0.5664806,0.12504117,auto_accept,n/a
ISIC_0027299,nv,nv,0.2988191,0.0023111943,auto_accept,n/a
ISIC_0027755,nv,nv,0.03825321,0.002957546,auto_accept,n/a
ISIC_0031207,nv,nv,0.2658382,0.09989025,auto_accept,n/a
ISIC_0024446,bkl,bkl,0.019371178,0.003281975,auto_accept,n/a
ISIC_0030723,bkl,bkl,0.15770441,0.0070354333,auto_accept,n/a
ISIC_0032438,nv,nv,0.014405509,1.9386616e-07,auto_accept,n/a
ISIC_0025682,nv,nv,0.016434245,1.8930672e-05,auto_accept,n/a
ISIC_0031157,nv,nv,0.041337244,4.3047166e-06,auto_accept,n/a
ISIC_0033554,df,df,0.0031288692,0.004901939,auto_accept,n/a
ISIC_0026724,nv,nv,0.001641195,1.6334125e-05,auto_accept,n/a
ISIC_0026339,nv,nv,0.0015112258,1.4613788e-07,auto_accept,n/a
ISIC_0030550,nv,nv,0.003890311,2.20812e-06,auto_accept,n/a
ISIC_0026525,akiec,akiec,0.051475577,0.9922247,auto_accept,n/a
ISIC_0025316,mel,nv,0.08088024,0.006569587,auto_accept,n/a
ISIC_0030770,vasc,nv,0.14405258,0.008472207,auto_accept,n/a
ISIC_0032399,nv,nv,0.006192345,3.0237814e-07,auto_accept,n/a
ISIC_0028319,nv,bkl,0.5025341,0.00012390343,auto_accept,n/a
ISIC_0031667,nv,nv,0.047658212,0.0051544737,auto_accept,n/a
ISIC_0030885,nv,nv,0.011614184,1.4190227e-05,auto_accept,n/a
ISIC_0029275,nv,nv,0.011454999,1.2647239e-05,auto_accept,n/a
ISIC_0026782,nv,nv,0.057951465,0.0072722384,auto_accept,n/a
ISIC_0030763,nv,nv,0.0022565485,1.4638851e-05,auto_accept,n/a
ISIC_0024666,bcc,bcc,0.46445543,0.9999366,auto_accept,n/a
ISIC_0031017,bkl,bkl,0.11002198,0.024868656,auto_accept,n/a
ISIC_0031030,nv,nv,0.029393096,0.003271062,auto_accept,n/a
ISIC_0029930,akiec,akiec,0.5425005,0.96689904,auto_accept,n/a
ISIC_0027097,nv,nv,0.08003709,0.023272483,auto_accept,n/a
ISIC_0026833,nv,nv,0.0009973749,5.9433382e-06,auto_accept,n/a
ISIC_0033823,nv,nv,0.032514162,0.0015985729,auto_accept,n/a
ISIC_0033670,mel,mel,0.45994005,0.8701747,auto_accept,n/a
ISIC_0031360,nv,nv,0.008899502,0.00048912416,auto_accept,n/a
ISIC_0025913,nv,nv,0.00051331,1.5577481e-07,auto_accept,n/a
ISIC_0025340,nv,nv,0.11539302,0.0005018428,auto_accept,n/a
ISIC_0024858,nv,nv,0.08943634,1.8381663e-05,auto_accept,n/a
ISIC_0031852,akiec,mel,0.784499,0.6604542,escalate,n/a
ISIC_0034013,nv,nv,0.113995016,0.0018803568,auto_accept,n/a
ISIC_0027885,nv,nv,0.013279195,1.3438009e-06,auto_accept,n/a
ISIC_0031047,nv,nv,0.005801187,1.1148405e-07,auto_accept,n/a
ISIC_0025020,nv,nv,0.005919554,0.00013490758,auto_accept,n/a
ISIC_0031566,nv,nv,0.0005278267,3.4738054e-07,auto_accept,n/a
ISIC_0030251,nv,nv,0.16678199,0.0037224372,auto_accept,n/a
ISIC_0026381,nv,nv,0.04032256,4.2011384e-06,auto_accept,n/a
ISIC_0027751,nv,nv,0.042195186,0.0011030412,auto_accept,n/a
ISIC_0028117,nv,bcc,0.35587803,0.87103593,auto_accept,n/a
ISIC_0028936,nv,nv,0.007704417,0.0001701342,auto_accept,n/a
ISIC_0031041,bcc,bcc,0.00032143726,0.9998795,auto_accept,n/a
ISIC_0031949,nv,nv,0.0034555316,7.90385e-06,auto_accept,n/a
ISIC_0028440,nv,nv,0.006837403,5.1815012e-05,auto_accept,n/a
ISIC_0026819,nv,nv,0.66460145,0.0060177003,auto_accept,n/a
ISIC_0029228,nv,nv,0.02340716,8.414616e-08,auto_accept,n/a
ISIC_0024350,nv,nv,0.0110380305,9.678829e-08,auto_accept,n/a
ISIC_0027443,nv,nv,0.0031638064,1.8699447e-07,auto_accept,n/a
ISIC_0025481,nv,nv,0.0048510446,1.8073034e-06,auto_accept,n/a
ISIC_0031902,nv,nv,0.41736668,0.0005419016,auto_accept,n/a
ISIC_0033210,nv,nv,0.4185803,0.038468063,auto_accept,n/a
ISIC_0031589,nv,nv,0.0075700553,3.7219047e-07,auto_accept,n/a
ISIC_0026824,nv,nv,0.049826473,3.8288217e-05,auto_accept,n/a
ISIC_0031549,nv,nv,0.14715572,1.595703e-05,auto_accept,n/a
ISIC_0030326,nv,mel,0.26871696,0.7907139,auto_accept,n/a
ISIC_0033370,nv,nv,0.1456926,0.0038446072,auto_accept,n/a
ISIC_0030815,nv,nv,0.000561638,9.1568273e-07,auto_accept,n/a
ISIC_0025636,nv,nv,0.018472916,0.00015200273,auto_accept,n/a
ISIC_0028467,mel,bkl,0.72013456,0.0022410483,auto_accept,n/a
ISIC_0030913,nv,mel,0.64873934,0.65217686,auto_accept,n/a
ISIC_0034218,mel,mel,0.023470826,0.99648774,auto_accept,n/a
ISIC_0025218,nv,nv,0.034702964,9.321039e-06,auto_accept,n/a
ISIC_0024952,mel,mel,0.14923544,0.9547973,auto_accept,n/a
ISIC_0031792,nv,nv,0.053424466,0.0054799034,auto_accept,n/a
ISIC_0033298,nv,nv,0.43313402,0.006221546,auto_accept,n/a
ISIC_0025727,nv,nv,0.014767559,4.4643452e-06,auto_accept,n/a
ISIC_0026826,nv,nv,0.33432737,0.07332861,auto_accept,n/a
ISIC_0031581,nv,nv,0.0007936642,2.888423e-08,auto_accept,n/a
ISIC_0031984,nv,nv,0.062224086,0.004694042,auto_accept,n/a
ISIC_0032144,nv,nv,0.19525482,0.014601065,auto_accept,n/a
ISIC_0028634,nv,nv,0.0012893646,2.146266e-06,auto_accept,n/a
ISIC_0028366,nv,nv,0.009973481,1.7989729e-05,auto_accept,n/a
ISIC_0026402,nv,nv,0.11291584,0.025031034,auto_accept,n/a
ISIC_0027370,bkl,bkl,0.007938223,1.3194518e-06,auto_accept,n/a
ISIC_0033235,bkl,bkl,0.39840472,0.10875311,auto_accept,n/a
ISIC_0025432,nv,nv,0.20355545,4.2383846e-05,auto_accept,n/a
ISIC_0033218,bcc,bcc,0.29683897,0.66683114,auto_accept,n/a
ISIC_0028517,akiec,df,0.056998104,0.91831726,auto_accept,n/a
ISIC_0027205,nv,nv,0.07334304,0.00081251655,auto_accept,n/a
ISIC_0030669,nv,nv,0.0008685789,2.4312553e-07,auto_accept,n/a
ISIC_0026146,nv,nv,0.038031273,8.823219e-06,auto_accept,n/a
ISIC_0031481,nv,nv,0.024638318,2.0496136e-05,auto_accept,n/a
ISIC_0026366,nv,nv,0.026685556,1.812605e-05,auto_accept,n/a
ISIC_0028506,nv,nv,0.0062719397,1.5270347e-05,auto_accept,n/a
ISIC_0030190,nv,nv,0.0076548215,7.3370484e-07,auto_accept,n/a
ISIC_0029134,nv,nv,0.5501572,7.634794e-09,auto_accept,n/a
ISIC_0028058,nv,nv,0.008791151,2.4646493e-05,auto_accept,n/a
ISIC_0025003,nv,nv,0.022868754,1.1431574e-05,auto_accept,n/a
ISIC_0029946,nv,nv,0.08754017,0.00013639535,auto_accept,n/a
ISIC_0030214,nv,nv,0.017948668,0.00024707333,auto_accept,n/a
ISIC_0033219,nv,nv,0.7399023,0.17598036,escalate,n/a
ISIC_0026791,nv,nv,0.10185266,5.875996e-06,auto_accept,n/a
ISIC_0027548,nv,nv,0.22578274,0.002615986,auto_accept,n/a
ISIC_0029666,nv,nv,0.060416967,0.00018495924,auto_accept,n/a
ISIC_0025656,bkl,bkl,0.82094204,0.026412435,escalate,n/a
ISIC_0028616,nv,nv,0.0018656683,6.463096e-05,auto_accept,n/a
ISIC_0024820,nv,nv,0.008893614,1.3703246e-06,auto_accept,n/a
ISIC_0029132,nv,nv,0.13264848,2.9096509e-05,auto_accept,n/a
ISIC_0026830,nv,nv,0.4413587,0.00023842846,auto_accept,n/a
ISIC_0030548,nv,nv,0.009797046,2.3714258e-06,auto_accept,n/a
ISIC_0033356,nv,nv,0.1272861,0.013292381,auto_accept,n/a
ISIC_0033134,nv,nv,0.13075963,0.0017690943,auto_accept,n/a
ISIC_0027747,bkl,nv,0.5744494,0.00018770504,auto_accept,n/a
ISIC_0031616,nv,nv,0.0017710305,4.2932516e-08,auto_accept,n/a
ISIC_0025651,mel,akiec,0.014642622,0.9919022,auto_accept,n/a
ISIC_0029485,nv,nv,0.0005229756,2.1096087e-06,auto_accept,n/a
ISIC_0026856,nv,nv,0.010080856,2.570675e-05,auto_accept,n/a
ISIC_0026535,nv,nv,0.037962683,3.3722888e-06,auto_accept,n/a
ISIC_0029456,nv,nv,0.006665641,9.529063e-05,auto_accept,n/a
ISIC_0028986,nv,nv,0.0043876446,1.4489628e-06,auto_accept,n/a
ISIC_0032603,mel,nv,0.009173246,8.180325e-05,auto_accept,n/a
ISIC_0029203,nv,nv,0.50950676,0.0014304026,auto_accept,n/a
ISIC_0029934,nv,nv,0.04842607,1.5419671e-05,auto_accept,n/a
ISIC_0031780,nv,nv,0.046401467,6.981689e-05,auto_accept,n/a
ISIC_0026764,nv,nv,0.26188904,0.07860884,auto_accept,n/a
ISIC_0025509,bcc,bcc,0.017418116,0.9984517,auto_accept,n/a
ISIC_0029700,nv,nv,0.0030965325,3.2274897e-06,auto_accept,n/a
ISIC_0028554,nv,nv,0.013154102,0.001054814,auto_accept,n/a
ISIC_0033507,bkl,nv,0.79640484,0.013330791,escalate,n/a
ISIC_0029139,bkl,bkl,0.43450245,0.30981088,auto_accept,n/a
ISIC_0028585,nv,nv,0.06645085,0.00059267064,auto_accept,n/a
ISIC_0030148,nv,nv,0.0011925235,4.0469342e-05,auto_accept,n/a
ISIC_0033680,nv,nv,0.21723492,0.019732257,auto_accept,n/a
ISIC_0024680,nv,nv,0.08689624,0.00020298774,auto_accept,n/a
ISIC_0024745,nv,nv,0.23593578,0.0032836585,auto_accept,n/a
ISIC_0029468,nv,nv,0.0020822547,2.8269967e-06,auto_accept,n/a
ISIC_0031101,nv,nv,0.0038887144,3.22705e-05,auto_accept,n/a
ISIC_0024542,nv,nv,0.015473979,4.327354e-05,auto_accept,n/a
ISIC_0025643,nv,nv,0.0011316112,7.723386e-06,auto_accept,n/a
ISIC_0028249,nv,nv,0.42409694,0.0019516597,auto_accept,n/a
ISIC_0029692,nv,nv,0.0039343424,7.566573e-07,auto_accept,n/a
ISIC_0034000,mel,mel,0.019546162,0.9972229,auto_accept,n/a
ISIC_0026523,bkl,bkl,0.29545033,0.1913501,auto_accept,n/a
ISIC_0027300,mel,mel,0.026778871,0.9956226,auto_accept,n/a
ISIC_0031167,nv,nv,0.014631231,2.4960068e-06,auto_accept,n/a
ISIC_0027426,nv,nv,0.0029852446,7.6078163e-07,auto_accept,n/a
ISIC_0025480,nv,nv,0.07058611,0.0036541526,auto_accept,n/a
ISIC_0030359,nv,nv,0.0010307351,7.181112e-08,auto_accept,n/a
ISIC_0027247,nv,nv,0.0070417374,4.4660975e-08,auto_accept,n/a
ISIC_0028854,akiec,akiec,0.07385243,0.98759896,auto_accept,n/a
ISIC_0032054,nv,nv,0.0077903736,1.776205e-06,auto_accept,n/a
ISIC_0026264,nv,nv,0.036671624,0.00055415055,auto_accept,n/a
ISIC_0032602,mel,mel,0.0103307925,0.998431,auto_accept,n/a
ISIC_0033305,bkl,bkl,0.34113696,0.012326565,auto_accept,n/a
ISIC_0027631,bcc,bcc,0.0027548561,0.9995109,auto_accept,n/a
ISIC_0024540,nv,nv,0.14663117,0.0074243722,auto_accept,n/a
ISIC_0031503,nv,nv,0.014926165,4.5566597e-07,auto_accept,n/a
ISIC_0031571,nv,nv,0.006744266,2.4860243e-05,auto_accept,n/a
ISIC_0027649,bkl,mel,0.4784991,0.8040971,auto_accept,n/a
ISIC_0026040,akiec,bkl,0.08251176,0.01686127,auto_accept,n/a
ISIC_0029242,mel,mel,0.16757302,0.8707712,auto_accept,n/a
ISIC_0032578,nv,nv,0.18462539,0.03273539,auto_accept,n/a
ISIC_0032296,nv,nv,0.19901718,3.815001e-05,auto_accept,n/a
ISIC_0031230,nv,nv,0.03776685,0.0013103979,auto_accept,n/a
ISIC_0030494,nv,nv,0.1891004,1.006216e-06,auto_accept,n/a
ISIC_0026511,bkl,bkl,0.6754782,0.00019621482,auto_accept,n/a
ISIC_0028695,nv,nv,0.0033708157,2.3686412e-06,auto_accept,n/a
ISIC_0030402,nv,nv,0.026758535,3.477514e-05,auto_accept,n/a
ISIC_0029364,nv,nv,0.025224019,6.230646e-05,auto_accept,n/a
ISIC_0032057,vasc,vasc,0.00015123562,6.460234e-06,auto_accept,n/a
ISIC_0028284,nv,nv,0.19489017,1.444305e-05,auto_accept,n/a
ISIC_0030622,nv,nv,0.018696496,6.3420805e-05,auto_accept,n/a
ISIC_0027053,bkl,bkl,0.03667005,0.016500792,auto_accept,n/a
ISIC_0030132,nv,nv,0.03113036,5.184138e-06,auto_accept,n/a
ISIC_0029918,nv,nv,0.027140168,0.0019744562,auto_accept,n/a
ISIC_0024373,nv,nv,0.022398142,4.4070854e-05,auto_accept,n/a
ISIC_0026289,nv,nv,0.0060998807,1.989442e-05,auto_accept,n/a
ISIC_0031995,nv,nv,0.0032626544,2.3264279e-06,auto_accept,n/a
ISIC_0032998,nv,nv,0.25632057,0.04327099,auto_accept,n/a
ISIC_0032127,nv,nv,0.3622337,5.985852e-05,auto_accept,n/a
ISIC_0025497,nv,nv,0.017243344,4.059821e-05,auto_accept,n/a
ISIC_0029973,df,nv,0.84225047,0.0002879754,escalate,n/a
ISIC_0033597,nv,nv,0.2968007,0.0954857,auto_accept,n/a
ISIC_0025755,mel,nv,0.5454258,0.3162915,auto_accept,n/a
ISIC_0032068,nv,nv,0.04183556,0.00018687056,auto_accept,n/a
ISIC_0032704,nv,nv,0.57580566,0.17221276,auto_accept,n/a
ISIC_0028962,nv,nv,0.00040907454,5.5918242e-08,auto_accept,n/a
ISIC_0025070,nv,nv,0.0017228846,1.620891e-06,auto_accept,n/a
ISIC_0030786,nv,df,0.25169095,0.0059721153,auto_accept,n/a
ISIC_0033710,mel,mel,0.0026375754,0.99969494,auto_accept,n/a
ISIC_0024450,akiec,akiec,0.27808005,0.85051405,auto_accept,n/a
ISIC_0027641,nv,nv,0.0028145981,0.00015556632,auto_accept,n/a
ISIC_0025845,nv,nv,0.03781514,2.5180696e-06,auto_accept,n/a
ISIC_0032939,nv,nv,0.017621217,0.0011666919,auto_accept,n/a
ISIC_0031950,vasc,vasc,0.022272173,0.004873489,auto_accept,n/a
ISIC_0032532,mel,mel,0.35408467,0.8767979,auto_accept,n/a
ISIC_0031853,bkl,bkl,0.011250735,0.00025029387,auto_accept,n/a
ISIC_0034261,nv,nv,0.04480208,1.3181979e-05,auto_accept,n/a
ISIC_0028942,nv,nv,0.044478618,6.131641e-05,auto_accept,n/a
ISIC_0026532,bkl,bkl,0.012396668,0.0011319439,auto_accept,n/a
ISIC_0027514,nv,nv,0.08938761,0.00033749567,auto_accept,n/a
ISIC_0032390,nv,nv,0.0052197273,0.00040483408,auto_accept,n/a
ISIC_0032347,nv,nv,0.036521517,0.0012573233,auto_accept,n/a
ISIC_0026850,nv,nv,0.021187268,1.9569172e-06,auto_accept,n/a
ISIC_0034138,nv,nv,0.42640844,0.010618483,auto_accept,n/a
ISIC_0029058,nv,nv,0.05863767,1.4340977e-06,auto_accept,n/a
ISIC_0032392,nv,nv,0.0018017783,1.2187272e-08,auto_accept,n/a
ISIC_0027189,bcc,bcc,0.035841413,0.9980854,auto_accept,n/a
ISIC_0026952,bcc,bcc,0.0010168162,0.99998546,auto_accept,n/a
ISIC_0031285,nv,nv,0.16208859,0.02131074,auto_accept,n/a
ISIC_0031964,nv,nv,0.01497929,0.00017256399,auto_accept,n/a
ISIC_0033779,mel,mel,0.5865365,0.55866843,auto_accept,n/a
ISIC_0026908,nv,nv,0.005797406,2.3468442e-06,auto_accept,n/a
ISIC_0032812,mel,nv,0.17953394,0.008195239,auto_accept,n/a
ISIC_0024483,nv,nv,0.0029611047,1.0250388e-08,auto_accept,n/a
ISIC_0030566,nv,nv,0.14509675,8.516608e-06,auto_accept,n/a
ISIC_0032262,nv,nv,0.031403746,4.3932528e-07,auto_accept,n/a
ISIC_0029224,nv,nv,0.001987871,1.930691e-07,auto_accept,n/a
ISIC_0030783,bkl,mel,0.36368507,0.90946347,auto_accept,n/a
ISIC_0025792,nv,nv,0.017480396,0.00020632704,auto_accept,n/a
ISIC_0029581,nv,mel,0.8132169,0.33681992,escalate,n/a
ISIC_0028593,bkl,bkl,0.06888568,0.0027524384,auto_accept,n/a
ISIC_0032162,nv,nv,0.0063959896,1.986945e-05,auto_accept,n/a
ISIC_0031755,nv,nv,0.008983564,4.168636e-06,auto_accept,n/a
ISIC_0027682,nv,nv,0.10407357,0.005997068,auto_accept,n/a
ISIC_0031100,nv,nv,0.010158638,5.5021465e-06,auto_accept,n/a
ISIC_0032805,nv,nv,0.052380238,0.0038745995,auto_accept,n/a
ISIC_0033531,bkl,bkl,0.10298701,0.05593662,auto_accept,n/a
ISIC_0033166,mel,nv,0.42318583,0.022798115,auto_accept,n/a
ISIC_0033785,bkl,bkl,0.083831,6.947578e-05,auto_accept,n/a
ISIC_0032841,mel,mel,0.0025738624,0.9998332,auto_accept,n/a
ISIC_0033443,nv,nv,0.1478555,0.012567464,auto_accept,n/a
ISIC_0032831,nv,mel,0.18138798,0.9005596,auto_accept,n/a
ISIC_0029860,akiec,akiec,1.003952,0.9977452,escalate,n/a
ISIC_0029741,bkl,bkl,0.039193824,0.00038521914,auto_accept,n/a
ISIC_0033245,mel,mel,0.019912537,0.9951958,auto_accept,n/a
ISIC_0024908,nv,nv,0.45105153,0.06871817,auto_accept,n/a
ISIC_0034004,nv,nv,0.2333161,0.050364602,auto_accept,n/a
ISIC_0033844,vasc,vasc,0.00027157165,0.00014325303,auto_accept,n/a
ISIC_0027135,bcc,bcc,0.00021269586,0.9999577,auto_accept,n/a
ISIC_0027929,nv,nv,0.00094545726,4.118508e-07,auto_accept,n/a
ISIC_0026236,mel,nv,0.2876241,0.022680307,auto_accept,n/a
ISIC_0031987,bkl,bkl,0.3061954,0.0021625648,auto_accept,n/a
ISIC_0027141,df,df,0.0074960585,0.0066797016,auto_accept,n/a
ISIC_0030981,nv,nv,0.10607889,0.0013509684,auto_accept,n/a
ISIC_0033546,mel,mel,0.6380111,0.57237375,auto_accept,n/a
ISIC_0029053,bcc,bcc,0.45226562,0.9505884,auto_accept,n/a
ISIC_0026241,nv,nv,0.0025185205,6.1918996e-07,auto_accept,n/a
ISIC_0030900,nv,nv,0.050814416,0.00047591125,auto_accept,n/a
ISIC_0025462,nv,nv,0.38983652,9.9218756e-05,auto_accept,n/a
ISIC_0028853,nv,nv,0.07012751,0.001478349,auto_accept,n/a
ISIC_0027291,bcc,bcc,0.086114734,0.9984542,auto_accept,n/a
ISIC_0029635,nv,nv,0.053377435,3.0854644e-05,auto_accept,n/a
ISIC_0029714,nv,nv,0.009947728,6.578105e-07,auto_accept,n/a
ISIC_0030511,bcc,bcc,0.0074368203,0.9980702,auto_accept,n/a
ISIC_0031057,bcc,bcc,0.57741445,0.44479814,auto_accept,n/a
ISIC_0030814,nv,nv,0.019306688,3.6673867e-07,auto_accept,n/a
ISIC_0027602,nv,nv,0.03949897,8.46489e-06,auto_accept,n/a
ISIC_0028204,nv,nv,0.0010698517,5.7694272e-08,auto_accept,n/a
ISIC_0030718,nv,nv,0.0071521048,4.0953754e-08,auto_accept,n/a
ISIC_0025482,nv,nv,0.017445281,2.002212e-06,auto_accept,n/a
ISIC_0030223,mel,mel,0.21640138,0.92640066,auto_accept,n/a
ISIC_0030464,nv,nv,0.019013569,0.000291184,auto_accept,n/a
ISIC_0030016,nv,nv,0.06635956,0.008890528,auto_accept,n/a
ISIC_0034091,nv,bkl,0.5778948,0.0020303281,auto_accept,n/a
ISIC_0032569,mel,nv,0.7261754,0.24432883,escalate,n/a
ISIC_0033268,mel,nv,0.9211697,0.17892912,escalate,n/a
ISIC_0032709,mel,mel,0.03259585,0.9963252,auto_accept,n/a
ISIC_0028810,nv,mel,0.16569664,0.943219,auto_accept,n/a
ISIC_0025864,nv,nv,0.020868398,0.0008253181,auto_accept,n/a
ISIC_0030880,nv,nv,0.03144915,0.00025724104,auto_accept,n/a
ISIC_0031385,nv,nv,0.11039007,0.010689512,auto_accept,n/a
ISIC_0026857,akiec,akiec,0.110181496,0.94200665,auto_accept,n/a
ISIC_0033813,mel,mel,0.035262085,0.99030906,auto_accept,n/a
ISIC_0026587,nv,nv,0.023981025,2.6201365e-06,auto_accept,n/a
ISIC_0028250,nv,nv,0.44451743,1.2533235e-05,auto_accept,n/a
ISIC_0031438,nv,nv,0.2672345,0.028062457,auto_accept,n/a
ISIC_0032212,nv,nv,0.017855216,3.5326618e-06,auto_accept,n/a
ISIC_0031910,nv,nv,0.000129374,3.4111997e-07,auto_accept,n/a
ISIC_0028748,nv,nv,0.0052994397,1.5815957e-06,auto_accept,n/a
ISIC_0025200,nv,nv,0.009115962,0.00044459754,auto_accept,n/a
ISIC_0032756,bkl,bkl,0.5708838,0.067505665,auto_accept,n/a
ISIC_0026233,nv,nv,0.015424881,0.0007703028,auto_accept,n/a
ISIC_0028191,nv,nv,0.08947264,0.00015194708,auto_accept,n/a
ISIC_0034056,nv,nv,0.6639226,0.0059658624,auto_accept,n/a
ISIC_0030907,nv,nv,0.08362545,2.276495e-05,auto_accept,n/a
ISIC_0028425,nv,nv,0.0076077324,3.498969e-06,auto_accept,n/a
ISIC_0032243,nv,nv,0.7433892,0.32573098,escalate,n/a
ISIC_0026627,nv,nv,0.0329537,2.4202736e-05,auto_accept,n/a
ISIC_0032108,nv,nv,0.011222522,1.1209509e-05,auto_accept,n/a
ISIC_0032587,nv,nv,0.5235877,0.19028687,auto_accept,n/a
ISIC_0034192,nv,nv,0.18110828,0.026033869,auto_accept,n/a
ISIC_0028387,nv,nv,0.0013256456,3.0784958e-07,auto_accept,n/a
ISIC_0028520,mel,mel,0.12400154,0.97052944,auto_accept,n/a
ISIC_0032666,nv,nv,0.54697084,0.016810006,auto_accept,n/a
ISIC_0025026,nv,nv,0.034868196,0.00016670919,auto_accept,n/a
ISIC_0033502,nv,nv,0.6139476,0.0021731877,auto_accept,n/a
ISIC_0026394,nv,nv,0.010778082,2.1180887e-05,auto_accept,n/a
ISIC_0031400,bcc,bcc,0.13059346,0.9928924,auto_accept,n/a
ISIC_0025690,nv,nv,0.008148027,0.00011403035,auto_accept,n/a
ISIC_0026862,nv,nv,0.00075234595,3.3457295e-06,auto_accept,n/a
ISIC_0033448,nv,nv,0.024460306,0.00042910004,auto_accept,n/a
ISIC_0032720,nv,nv,0.011933699,8.767323e-06,auto_accept,n/a
ISIC_0031479,mel,mel,0.07015642,0.98736227,auto_accept,n/a
ISIC_0030074,nv,nv,0.019916993,3.2082548e-06,auto_accept,n/a
ISIC_0029462,akiec,akiec,0.005700225,0.99969816,auto_accept,n/a
ISIC_0025164,nv,nv,0.064772286,0.0016692216,auto_accept,n/a
ISIC_0032041,nv,nv,0.1470506,0.00034083787,auto_accept,n/a
ISIC_0028184,nv,nv,0.0028476454,1.3547123e-07,auto_accept,n/a
ISIC_0033978,nv,nv,0.118810184,0.00044805053,auto_accept,n/a
ISIC_0030472,nv,nv,0.00055175275,9.741036e-07,auto_accept,n/a
ISIC_0027722,bcc,bcc,0.01818012,0.99929583,auto_accept,n/a
ISIC_0027749,nv,nv,0.008320641,5.715937e-06,auto_accept,n/a
ISIC_0030291,nv,nv,0.05009377,5.9382764e-05,auto_accept,n/a
ISIC_0027728,nv,nv,0.06590643,0.0005676577,auto_accept,n/a
ISIC_0027128,nv,nv,0.002599444,1.2628222e-07,auto_accept,n/a
ISIC_0026380,nv,nv,0.06161073,2.4206798e-05,auto_accept,n/a
ISIC_0033096,nv,nv,0.51096004,0.003188378,auto_accept,n/a
ISIC_0031249,nv,nv,0.13887188,0.016574701,auto_accept,n/a
ISIC_0030027,nv,nv,0.8556782,0.00014943561,escalate,n/a
ISIC_0026538,bkl,bkl,0.040460058,0.009048857,auto_accept,n/a
ISIC_0028142,nv,nv,0.035481635,0.002117373,auto_accept,n/a
ISIC_0024728,nv,nv,0.002093925,3.8776232e-08,auto_accept,n/a
ISIC_0025772,nv,nv,0.0076128114,0.0007636896,auto_accept,n/a
ISIC_0026588,nv,nv,0.13406941,0.011481211,auto_accept,n/a
ISIC_0031564,nv,nv,0.14134006,0.0014861227,auto_accept,n/a
ISIC_0025891,mel,nv,0.2611018,0.033647165,auto_accept,n/a
ISIC_0030248,nv,nv,0.0042625205,4.554593e-06,auto_accept,n/a
ISIC_0029888,nv,nv,0.06230668,0.0023215828,auto_accept,n/a
ISIC_0024996,nv,nv,0.064805195,0.0006980062,auto_accept,n/a
ISIC_0033831,mel,mel,0.11374523,0.98891234,auto_accept,n/a
ISIC_0031165,nv,nv,0.16783813,2.251379e-06,auto_accept,n/a
ISIC_0029858,nv,nv,0.07682659,0.00058445934,auto_accept,n/a
ISIC_0028705,nv,nv,0.2140785,6.1345054e-05,auto_accept,n/a
ISIC_0030876,bkl,akiec,0.006197444,0.9863533,auto_accept,n/a
ISIC_0032904,nv,nv,0.0495021,4.622625e-05,auto_accept,n/a
ISIC_0030794,akiec,akiec,0.168802,0.6616232,auto_accept,n/a
ISIC_0028820,akiec,akiec,0.016722498,0.9795018,auto_accept,n/a
ISIC_0025338,nv,nv,0.017118633,5.4898505e-06,auto_accept,n/a
ISIC_0024849,nv,nv,0.004311353,1.829649e-07,auto_accept,n/a
ISIC_0031455,nv,nv,0.10241104,1.651888e-05,auto_accept,n/a
ISIC_0031445,nv,nv,0.02003536,0.004489429,auto_accept,n/a
ISIC_0026020,nv,nv,0.034640618,4.8481247e-06,auto_accept,n/a
ISIC_0029483,nv,nv,0.010154878,6.881083e-05,auto_accept,n/a
ISIC_0034293,nv,nv,0.055482097,0.0005435637,auto_accept,n/a
ISIC_0031533,nv,nv,0.029276183,5.908581e-05,auto_accept,n/a
ISIC_0032787,nv,nv,0.6821823,2.744523e-06,auto_accept,n/a
ISIC_0027523,nv,nv,0.1905834,0.00049868133,auto_accept,n/a
ISIC_0031114,nv,nv,0.012366647,4.0495746e-05,auto_accept,n/a
ISIC_0029284,nv,nv,0.045025427,1.1657906e-05,auto_accept,n/a
ISIC_0033771,nv,nv,0.015520852,2.3058632e-05,auto_accept,n/a
ISIC_0026195,nv,nv,0.0032810683,2.5078891e-06,auto_accept,n/a
ISIC_0031219,nv,nv,0.0019246477,6.923285e-06,auto_accept,n/a
ISIC_0025420,nv,nv,0.010549048,2.2412014e-06,auto_accept,n/a
ISIC_0029502,mel,nv,0.6590783,0.0027176554,auto_accept,n/a
ISIC_0026917,nv,nv,0.013735511,3.2874053e-05,auto_accept,n/a
ISIC_0027472,nv,nv,0.0016604594,1.0379356e-05,auto_accept,n/a
ISIC_0031877,nv,nv,0.035003997,2.2178956e-06,auto_accept,n/a
ISIC_0032748,nv,nv,0.018583126,0.000133791,auto_accept,n/a
ISIC_0033188,nv,nv,0.14635614,0.0009315565,auto_accept,n/a
ISIC_0026933,nv,nv,0.012629834,0.0007972589,auto_accept,n/a
ISIC_0031190,nv,nv,0.0033853373,6.936734e-05,auto_accept,n/a
ISIC_0031245,bcc,bcc,0.052468367,0.99788636,auto_accept,n/a
ISIC_0029529,nv,nv,0.013236142,2.0966174e-05,auto_accept,n/a
ISIC_0033957,mel,mel,0.44561097,0.78829014,auto_accept,n/a
ISIC_0034059,mel,mel,0.040744003,0.99261814,auto_accept,n/a
ISIC_0028553,nv,nv,0.023635464,8.9113166e-07,auto_accept,n/a
ISIC_0030553,nv,nv,0.24961096,0.048936512,auto_accept,n/a
ISIC_0026953,nv,nv,0.0115311025,5.970898e-07,auto_accept,n/a
ISIC_0027985,nv,nv,0.027585123,3.5303513e-06,auto_accept,n/a
ISIC_0025818,bcc,bcc,0.00018720822,0.99943596,auto_accept,n/a
ISIC_0030215,nv,nv,0.0011726104,1.9544384e-05,auto_accept,n/a
ISIC_0025635,nv,nv,0.022451118,8.589079e-06,auto_accept,n/a
ISIC_0027336,nv,nv,0.0005907629,2.9107803e-05,auto_accept,n/a
ISIC_0033329,nv,nv,0.023796914,0.0013660366,auto_accept,n/a
ISIC_0033058,nv,nv,0.6267621,0.13584498,auto_accept,n/a
ISIC_0025156,nv,bkl,0.21069725,6.455144e-05,auto_accept,n/a
ISIC_0025617,bcc,nv,0.78126484,0.59104717,escalate,n/a
ISIC_0029728,nv,bcc,0.18165624,0.97740126,auto_accept,n/a
ISIC_0029447,nv,nv,0.0018699284,3.24071e-08,auto_accept,n/a
ISIC_0031614,bcc,bcc,0.15118799,0.9782438,auto_accept,n/a
ISIC_0032346,nv,nv,0.011665507,1.4011452e-07,auto_accept,n/a
ISIC_0033246,bkl,bkl,0.14405645,0.12543961,auto_accept,n/a
ISIC_0033956,mel,bkl,0.1655368,0.06021739,auto_accept,n/a
ISIC_0031209,nv,nv,0.017224183,0.0005816036,auto_accept,n/a
ISIC_0034235,bkl,bkl,0.12913787,0.011992223,auto_accept,n/a
ISIC_0032443,nv,nv,0.39386365,0.07867423,auto_accept,n/a
ISIC_0025318,nv,nv,0.51874983,0.00021960487,auto_accept,n/a
ISIC_0032146,bcc,mel,0.093585186,0.9975395,auto_accept,n/a
ISIC_0030860,nv,nv,0.0065821405,2.3494367e-07,auto_accept,n/a
ISIC_0031406,mel,nv,0.76092875,0.3135606,escalate,n/a
ISIC_0033809,nv,mel,0.7153728,0.528961,auto_accept,n/a
ISIC_0030812,bkl,bcc,0.18813343,0.99242944,auto_accept,n/a
ISIC_0028296,nv,nv,0.0063635497,2.0335717e-06,auto_accept,n/a
ISIC_0032230,bkl,akiec,0.016656473,0.9965689,auto_accept,n/a
ISIC_0028657,nv,nv,0.072442785,9.3740465e-07,auto_accept,n/a
ISIC_0025584,bcc,bcc,0.09833321,0.9998641,auto_accept,n/a
ISIC_0029097,nv,nv,0.030217962,0.0016085554,auto_accept,n/a
ISIC_0029428,nv,nv,0.0054898807,6.2321004e-07,auto_accept,n/a
ISIC_0029261,nv,nv,0.032602876,0.0012724851,auto_accept,n/a
ISIC_0034001,nv,mel,0.23259464,0.9113852,auto_accept,n/a
ISIC_0024851,bkl,mel,0.63700396,0.6136628,auto_accept,n/a
ISIC_0030734,nv,nv,0.0452334,3.7778062e-07,auto_accept,n/a
ISIC_0029310,nv,nv,0.4209996,0.0011814361,auto_accept,n/a
ISIC_0031256,nv,nv,0.1189839,0.0061528725,auto_accept,n/a
ISIC_0024804,nv,nv,0.052788597,1.2137824e-05,auto_accept,n/a
ISIC_0029276,nv,nv,0.01281688,4.893174e-05,auto_accept,n/a
ISIC_0025646,nv,nv,0.009090383,1.5304959e-05,auto_accept,n/a
ISIC_0024528,nv,nv,0.0101938,4.781254e-06,auto_accept,n/a
ISIC_0026651,nv,nv,0.29517078,0.00025744174,auto_accept,n/a
ISIC_0027693,mel,mel,0.47668436,0.7861895,auto_accept,n/a
ISIC_0027837,nv,bkl,0.20265988,2.4089932e-06,auto_accept,n/a
ISIC_0031181,bkl,bkl,0.1953672,0.004434847,auto_accept,n/a
ISIC_0029949,nv,nv,0.0150631815,5.2844785e-05,auto_accept,n/a
ISIC_0024687,nv,nv,0.028572865,5.195841e-05,auto_accept,n/a
ISIC_0026401,nv,nv,0.09365944,0.006686666,auto_accept,n/a
ISIC_0027415,nv,nv,0.18406786,0.00015565935,auto_accept,n/a
ISIC_0032885,nv,nv,0.21716939,0.03606746,auto_accept,n/a
ISIC_0025567,bkl,bkl,0.0009777854,1.4685811e-06,auto_accept,n/a
ISIC_0031930,nv,nv,0.6486443,0.18799932,auto_accept,n/a
ISIC_0026280,bkl,bkl,0.69828916,0.4487875,auto_accept,n/a
ISIC_0024551,nv,nv,0.021971697,7.082972e-07,auto_accept,n/a
ISIC_0024320,nv,nv,0.007228553,1.0157764e-06,auto_accept,n/a
ISIC_0027904,mel,mel,0.86236274,0.6904331,escalate,n/a
ISIC_0032361,nv,nv,0.0029967858,3.3086055e-06,auto_accept,n/a
ISIC_0031176,nv,nv,0.026493618,6.328716e-05,auto_accept,n/a
ISIC_0027260,mel,mel,0.04224093,0.99400526,auto_accept,n/a
ISIC_0030934,nv,nv,0.024857169,1.2611688e-06,auto_accept,n/a
ISIC_0033506,nv,nv,0.43598142,2.6255186e-05,auto_accept,n/a
ISIC_0025267,nv,nv,0.7310238,0.50145435,escalate,n/a
ISIC_0025612,vasc,vasc,0.00087970914,0.00012018575,auto_accept,n/a
ISIC_0030252,nv,nv,0.010199999,3.834415e-06,auto_accept,n/a
ISIC_0024909,bkl,bkl,0.3596053,0.010381748,auto_accept,n/a
ISIC_0032900,nv,nv,0.16073945,0.0008839104,auto_accept,n/a
ISIC_0032535,mel,mel,0.03060753,0.9936706,auto_accept,n/a
ISIC_0034215,nv,nv,0.041032583,0.0027304243,auto_accept,n/a
ISIC_0029429,nv,nv,0.12870216,0.0003964989,auto_accept,n/a
ISIC_0033864,nv,nv,0.06740199,2.49107e-05,auto_accept,n/a
ISIC_0032240,vasc,vasc,0.0037425943,0.0055044536,auto_accept,n/a
ISIC_0030755,bcc,bcc,0.0012422121,0.9989619,auto_accept,n/a
ISIC_0031921,nv,nv,0.016599495,3.4930008e-06,auto_accept,n/a
ISIC_0027603,nv,nv,0.02752572,0.000332167,auto_accept,n/a
ISIC_0024771,akiec,akiec,0.0061415923,0.9998204,auto_accept,n/a
ISIC_0026926,nv,nv,0.020241465,0.0001428437,auto_accept,n/a
ISIC_0024949,bcc,bcc,0.025583996,0.99933904,auto_accept,n/a
ISIC_0029187,nv,nv,0.4135533,0.0078085708,auto_accept,n/a
ISIC_0032275,nv,nv,0.008158742,1.1807217e-06,auto_accept,n/a
ISIC_0028105,nv,nv,0.032195598,0.00021675888,auto_accept,n/a
ISIC_0028781,nv,nv,0.0065860394,9.8090895e-05,auto_accept,n/a
ISIC_0032801,nv,nv,0.000783996,1.889676e-05,auto_accept,n/a
ISIC_0032591,nv,mel,0.71149826,0.57153386,auto_accept,n/a
ISIC_0030899,nv,nv,0.18141744,0.10370363,auto_accept,n/a
ISIC_0029992,nv,nv,0.015561397,2.2713178e-07,auto_accept,n/a
ISIC_0030413,nv,nv,0.03335545,0.004334164,auto_accept,n/a
ISIC_0032764,nv,nv,0.16215439,0.004094544,auto_accept,n/a
ISIC_0030790,nv,nv,0.29959378,0.00088595465,auto_accept,n/a
ISIC_0033970,nv,nv,0.11082743,0.014751238,auto_accept,n/a
ISIC_0031734,nv,nv,0.00012743626,5.0981748e-09,auto_accept,n/a
ISIC_0026989,mel,nv,0.015616777,5.207905e-05,auto_accept,n/a
ISIC_0029305,nv,nv,0.28560522,1.0105337e-05,auto_accept,n/a
ISIC_0030935,bkl,bkl,0.46299848,0.08434647,auto_accept,n/a
ISIC_0026432,nv,nv,0.04538901,0.0006485036,auto_accept,n/a
ISIC_0027442,mel,mel,0.09494626,0.99669516,auto_accept,n/a
ISIC_0028023,nv,nv,0.5205987,0.036307327,auto_accept,n/a
ISIC_0031972,mel,bkl,0.82393974,0.56573004,escalate,n/a
ISIC_0033477,mel,mel,0.05709265,0.9876895,auto_accept,n/a
ISIC_0028874,nv,nv,0.075503774,0.0054182867,auto_accept,n/a
ISIC_0030547,nv,nv,0.009449165,2.7855103e-06,auto_accept,n/a
ISIC_0024469,nv,nv,0.006934246,2.0242185e-06,auto_accept,n/a
ISIC_0030188,bkl,mel,0.76148164,0.911233,escalate,n/a
ISIC_0032811,nv,nv,0.07635209,0.0005851678,auto_accept,n/a
ISIC_0032549,nv,bkl,0.7386407,0.004297159,escalate,n/a
ISIC_0033937,nv,nv,0.05901534,0.0017247455,auto_accept,n/a
ISIC_0027553,nv,nv,0.33884072,3.4426306e-05,auto_accept,n/a
ISIC_0028668,nv,nv,0.112252824,6.749048e-05,auto_accept,n/a
ISIC_0030963,nv,nv,0.007713487,2.3192077e-05,auto_accept,n/a
ISIC_0025833,nv,nv,0.013070437,9.212689e-05,auto_accept,n/a
ISIC_0025647,nv,nv,0.27956772,0.023101045,auto_accept,n/a
ISIC_0028601,nv,nv,0.0029859927,5.0406182e-08,auto_accept,n/a
ISIC_0027917,nv,nv,0.034876674,0.0021154992,auto_accept,n/a
ISIC_0027529,akiec,akiec,0.042944502,0.99026346,auto_accept,n/a
ISIC_0029603,bkl,bkl,0.121718906,0.0045948033,auto_accept,n/a
ISIC_0029890,nv,nv,0.030716736,1.9295552e-05,auto_accept,n/a
ISIC_0026832,nv,nv,0.056816556,9.469539e-06,auto_accept,n/a
ISIC_0026736,nv,nv,0.008400567,0.00066207023,auto_accept,n/a
ISIC_0024547,bkl,mel,0.09719745,0.983253,auto_accept,n/a
ISIC_0032820,nv,nv,0.35159597,0.06948304,auto_accept,n/a
ISIC_0029312,nv,nv,0.13755436,6.0800414e-07,auto_accept,n/a
ISIC_0033341,nv,nv,0.65620136,0.20678155,auto_accept,n/a
ISIC_0029932,akiec,akiec,0.3873136,0.91793454,auto_accept,n/a
ISIC_0027595,bcc,bcc,0.0022006298,0.9979232,auto_accept,n/a
ISIC_0032867,vasc,vasc,0.004270862,0.019106612,auto_accept,n/a
ISIC_0033663,mel,mel,0.0021658225,0.9996921,auto_accept,n/a
ISIC_0024968,nv,nv,0.6118674,1.7073851e-05,auto_accept,n/a
ISIC_0026840,nv,nv,0.0076190378,5.5067636e-07,auto_accept,n/a
ISIC_0027095,nv,vasc,0.6179261,9.771237e-07,auto_accept,n/a
ISIC_0029966,nv,nv,0.0046772063,9.279264e-06,auto_accept,n/a
ISIC_0033962,mel,mel,0.06177065,0.9793244,auto_accept,n/a
ISIC_0027578,nv,mel,0.3920634,0.8721168,auto_accept,n/a
ISIC_0032355,nv,nv,0.22099274,2.1453581e-05,auto_accept,n/a
ISIC_0027933,nv,nv,0.091308996,0.010349024,auto_accept,n/a
ISIC_0032253,nv,bcc,0.4579489,0.9256053,auto_accept,n/a
ISIC_0033829,bkl,mel,0.008802969,0.99839455,auto_accept,n/a
ISIC_0031660,nv,nv,0.3788423,0.016728193,auto_accept,n/a
ISIC_0026929,nv,nv,0.0061390414,0.00016020802,auto_accept,n/a
ISIC_0026087,nv,nv,0.0042615957,3.8070289e-06,auto_accept,n/a
ISIC_0027914,nv,nv,0.0035988346,9.389773e-06,auto_accept,n/a
ISIC_0027610,nv,nv,0.044578526,0.00046416355,auto_accept,n/a
ISIC_0031709,mel,mel,0.5999915,0.8384861,auto_accept,n/a
ISIC_0029622,nv,nv,0.0007895837,3.8026307e-08,auto_accept,n/a
ISIC_0033346,nv,bkl,0.414668,0.0021263661,auto_accept,n/a
ISIC_0030168,nv,nv,0.13718086,3.520393e-06,auto_accept,n/a
ISIC_0025848,nv,nv,0.07004521,1.2803618e-05,auto_accept,n/a
ISIC_0028391,nv,nv,0.017316412,1.2468178e-05,auto_accept,n/a
ISIC_0030208,bkl,bkl,0.020480022,0.0001858646,auto_accept,n/a
ISIC_0026820,nv,nv,0.27310377,0.0042516105,auto_accept,n/a
ISIC_0027171,mel,nv,0.43152103,0.018066142,auto_accept,n/a
ISIC_0025523,nv,nv,0.055442687,0.0003605436,auto_accept,n/a
ISIC_0029731,bkl,nv,0.05431431,0.00036685803,auto_accept,n/a
ISIC_0024998,nv,nv,0.14941399,0.02068238,auto_accept,n/a
ISIC_0025126,nv,nv,0.0154174175,2.3609348e-09,auto_accept,n/a
ISIC_0027428,bkl,nv,0.14635721,1.6602093e-05,auto_accept,n/a
ISIC_0029007,nv,nv,0.6302071,6.5408367e-06,auto_accept,n/a
ISIC_0029285,nv,nv,0.0090569975,5.188883e-07,auto_accept,n/a
ISIC_0031968,nv,nv,0.00065964344,4.276897e-07,auto_accept,n/a
ISIC_0025143,nv,nv,0.013631636,0.00033631,auto_accept,n/a
ISIC_0028480,nv,nv,0.009889583,8.2188735e-06,auto_accept,n/a
ISIC_0031392,nv,nv,0.025788924,4.5762754e-06,auto_accept,n/a
ISIC_0027620,mel,nv,0.018031899,4.5200624e-05,auto_accept,n/a
ISIC_0026377,nv,nv,0.01245261,1.5847694e-06,auto_accept,n/a
ISIC_0031076,nv,nv,0.24450473,2.654061e-05,auto_accept,n/a
ISIC_0033221,nv,nv,0.038774837,0.0032822746,auto_accept,n/a
ISIC_0029593,nv,nv,0.06284371,0.0043514953,auto_accept,n/a
ISIC_0032056,nv,nv,0.053093426,0.0029614402,auto_accept,n/a
ISIC_0029233,bkl,bkl,0.13477857,0.00032713023,auto_accept,n/a
ISIC_0027137,nv,nv,0.07447183,0.0064196475,auto_accept,n/a
ISIC_0028305,nv,mel,0.23224762,0.9389597,auto_accept,n/a
ISIC_0027474,nv,nv,0.0100515755,3.6967924e-06,auto_accept,n/a
ISIC_0029328,nv,nv,0.20507577,4.4942222e-05,auto_accept,n/a
ISIC_0026555,nv,nv,0.032496817,0.0012405796,auto_accept,n/a
ISIC_0032091,nv,nv,0.00099119,2.1367798e-08,auto_accept,n/a
ISIC_0034265,nv,mel,0.9599753,0.47485128,escalate,n/a
ISIC_0024930,mel,nv,0.20193869,0.049996186,auto_accept,n/a
ISIC_0024616,nv,nv,0.2904198,0.00024306432,auto_accept,n/a
ISIC_0031758,nv,nv,0.022373032,4.326571e-06,auto_accept,n/a
ISIC_0030982,nv,nv,0.213759,0.0009018755,auto_accept,n/a
ISIC_0026621,nv,bkl,0.30635676,2.0533207e-06,auto_accept,n/a
ISIC_0028658,nv,nv,0.1255141,0.012976004,auto_accept,n/a
ISIC_0033015,nv,nv,0.28309834,0.028952211,auto_accept,n/a
ISIC_0032536,bcc,bcc,0.0024970311,0.9998565,auto_accept,n/a
ISIC_0027286,nv,nv,0.06570011,0.0014517468,auto_accept,n/a
ISIC_0031208,mel,mel,0.26329,0.93230665,auto_accept,n/a
ISIC_0028402,nv,nv,0.008969417,0.00027801373,auto_accept,n/a
ISIC_0028822,bkl,bkl,0.07515035,0.046376396,auto_accept,n/a
ISIC_0027968,nv,nv,0.021122372,9.920911e-05,auto_accept,n/a
ISIC_0031661,nv,nv,0.011451606,1.9568462e-05,auto_accept,n/a
ISIC_0028044,nv,nv,0.011933913,3.4191135e-08,auto_accept,n/a
ISIC_0031302,nv,nv,0.318633,0.028992562,auto_accept,n/a
ISIC_0033420,nv,nv,0.057671785,0.0028130652,auto_accept,n/a
ISIC_0032053,nv,nv,0.004590759,3.3842465e-05,auto_accept,n/a
ISIC_0026386,nv,nv,0.031748723,0.0018867889,auto_accept,n/a
ISIC_0031718,mel,mel,0.051649373,0.98489964,auto_accept,n/a
ISIC_0032707,nv,nv,0.7747213,0.30922395,escalate,n/a
ISIC_0025920,nv,df,0.70717436,2.551955e-05,auto_accept,n/a
ISIC_0027106,nv,nv,0.040756177,0.00021560397,auto_accept,n/a
ISIC_0032221,nv,nv,0.3634325,0.0017284424,auto_accept,n/a
ISIC_0031936,nv,nv,0.054171287,7.486993e-05,auto_accept,n/a
ISIC_0025783,mel,nv,0.46913868,0.10613243,auto_accept,n/a
ISIC_0029665,nv,nv,0.43719703,0.032822657,auto_accept,n/a
ISIC_0029720,nv,nv,0.027358277,6.341839e-05,auto_accept,n/a
ISIC_0033563,nv,nv,0.0052736467,0.000111103356,auto_accept,n/a
ISIC_0032744,nv,nv,0.13542552,0.00029324222,auto_accept,n/a
ISIC_0027281,bcc,bcc,0.10390007,0.9974687,auto_accept,n/a
ISIC_0031321,bkl,mel,0.8066728,0.75090957,escalate,n/a
ISIC_0033607,mel,nv,0.012364813,0.00032314705,auto_accept,n/a
ISIC_0026893,bkl,bkl,0.5284761,0.24814396,auto_accept,n/a
ISIC_0029620,nv,nv,0.09658055,0.020863706,auto_accept,n/a
ISIC_0033333,mel,mel,0.30439666,0.84690136,auto_accept,n/a
ISIC_0028396,nv,nv,0.009228728,2.7911295e-07,auto_accept,n/a
ISIC_0024398,nv,nv,0.0042035743,1.4067112e-06,auto_accept,n/a
ISIC_0028116,nv,nv,0.10981626,0.016571995,auto_accept,n/a
ISIC_0028033,mel,mel,0.36807233,0.86482847,auto_accept,n/a
ISIC_0031185,nv,nv,0.033013057,2.089556e-08,auto_accept,n/a
ISIC_0029352,bcc,akiec,0.21829616,0.9993754,auto_accept,n/a
ISIC_0026373,nv,nv,0.1382812,0.001847361,auto_accept,n/a
ISIC_0032123,bkl,bkl,0.010984012,0.00081246416,auto_accept,n/a
ISIC_0026334,nv,nv,0.1619969,0.0003784102,auto_accept,n/a
ISIC_0028762,nv,nv,0.009770399,1.1445669e-05,auto_accept,n/a
ISIC_0024756,mel,mel,0.24059866,0.8976487,auto_accept,n/a
ISIC_0031553,nv,nv,0.011439677,1.5301906e-07,auto_accept,n/a
ISIC_0033444,mel,nv,0.8759758,0.23696724,escalate,n/a
ISIC_0027955,nv,nv,0.0110617755,2.3634018e-06,auto_accept,n/a
ISIC_0025088,nv,nv,0.042302743,0.0007611154,auto_accept,n/a
ISIC_0029216,mel,mel,0.65402716,0.9973009,auto_accept,n/a
ISIC_0028482,nv,nv,0.10285665,0.00028145412,auto_accept,n/a
ISIC_0028434,nv,nv,0.009183871,5.7569173e-07,auto_accept,n/a
ISIC_0026547,nv,nv,0.0022867485,2.71244e-07,auto_accept,n/a
ISIC_0025332,nv,nv,0.013832772,2.5007574e-05,auto_accept,n/a
ISIC_0025040,bkl,nv,0.6634018,0.000770175,auto_accept,n/a
ISIC_0032874,nv,mel,0.023064774,0.9959948,auto_accept,n/a
ISIC_0027652,bkl,mel,0.6603257,0.9743988,auto_accept,n/a
ISIC_0033541,nv,nv,0.0009364294,5.323504e-06,auto_accept,n/a
ISIC_0030060,mel,mel,0.118971094,0.9781396,auto_accept,n/a
ISIC_0032668,nv,nv,0.6025415,0.004308711,auto_accept,n/a
ISIC_0027899,nv,nv,0.010526434,0.00062322646,auto_accept,n/a
ISIC_0030584,nv,nv,0.003923653,5.0123697e-07,auto_accept,n/a
ISIC_0033429,mel,mel,0.27503118,0.8894695,auto_accept,n/a
ISIC_0034092,mel,mel,0.18328902,0.9491082,auto_accept,n/a
ISIC_0028591,nv,nv,0.35564077,0.016145017,auto_accept,n/a
ISIC_0026667,nv,nv,0.010135371,5.689446e-05,auto_accept,n/a
ISIC_0027528,nv,nv,0.13601157,0.0031343475,auto_accept,n/a
ISIC_0025396,nv,nv,0.5933712,0.25561193,auto_accept,n/a
ISIC_0024366,nv,nv,0.014062801,0.00041463357,auto_accept,n/a
ISIC_0025951,nv,nv,0.022688145,0.00013151372,auto_accept,n/a
ISIC_0027481,nv,nv,0.116151914,0.004106907,auto_accept,n/a
ISIC_0031849,nv,nv,0.0026800493,2.1837758e-07,auto_accept,n/a
ISIC_0032112,nv,nv,0.081667066,0.00782314,auto_accept,n/a
ISIC_0029159,nv,nv,0.015325189,7.087221e-06,auto_accept,n/a
ISIC_0027636,nv,nv,0.66687614,4.9116872e-05,auto_accept,n/a
ISIC_0026105,mel,mel,0.10078708,0.9667485,auto_accept,n/a
ISIC_0025419,bkl,nv,0.57945067,0.0032879233,auto_accept,n/a
ISIC_0030202,nv,vasc,0.6072327,6.370327e-05,auto_accept,n/a
ISIC_0029137,nv,nv,0.329955,0.013676588,auto_accept,n/a
ISIC_0033460,bkl,mel,0.36185855,0.88804376,auto_accept,n/a
ISIC_0027681,bkl,bkl,0.23119316,0.025476951,auto_accept,n/a
ISIC_0031483,nv,nv,0.050826237,0.00016728546,auto_accept,n/a
ISIC_0029059,akiec,bcc,0.09181686,0.98178,auto_accept,n/a
ISIC_0028667,nv,nv,0.00065087917,7.767298e-07,auto_accept,n/a
ISIC_0031433,nv,nv,0.029345643,2.1662003e-05,auto_accept,n/a
ISIC_0026717,bkl,bkl,0.71546537,0.60647243,auto_accept,n/a
ISIC_0031923,nv,nv,0.004490207,4.315815e-06,auto_accept,n/a
ISIC_0025450,mel,nv,0.75497246,0.005999823,escalate,n/a
ISIC_0033323,mel,mel,0.4333534,0.86555326,auto_accept,n/a
ISIC_0029541,akiec,akiec,0.18691711,0.9610299,auto_accept,n/a
ISIC_0030193,nv,nv,0.5982062,3.8440267e-05,auto_accept,n/a
ISIC_0029304,nv,nv,0.08665604,4.985201e-07,auto_accept,n/a
ISIC_0025356,nv,nv,0.003383775,2.9859947e-07,auto_accept,n/a
ISIC_0025391,mel,mel,0.015398345,0.9960806,auto_accept,n/a
ISIC_0033300,mel,nv,0.48799098,0.0070438,auto_accept,n/a
ISIC_0031711,mel,mel,0.0016905761,0.9998336,auto_accept,n/a
ISIC_0025534,nv,nv,0.5301529,0.00620814,auto_accept,n/a
ISIC_0025243,nv,nv,0.63556004,0.008022627,auto_accept,n/a
ISIC_0026613,nv,nv,0.020308211,7.677198e-06,auto_accept,n/a
ISIC_0025711,bcc,vasc,0.5726144,0.8736952,auto_accept,n/a
ISIC_0026879,nv,nv,0.20607197,0.003560394,auto_accept,n/a
ISIC_0032572,nv,nv,0.075662866,0.0059766346,auto_accept,n/a
ISIC_0031073,nv,nv,0.014212761,5.3013263e-08,auto_accept,n/a
ISIC_0025716,bkl,mel,0.16252272,0.9649676,auto_accept,n/a
ISIC_0026814,nv,nv,0.00072777725,4.6787522e-07,auto_accept,n/a
ISIC_0028670,bcc,bcc,0.003970638,0.988648,auto_accept,n/a
ISIC_0031741,mel,nv,0.23593906,0.05042683,auto_accept,n/a
ISIC_0032115,nv,nv,0.019992424,1.8010458e-07,auto_accept,n/a
ISIC_0028886,nv,nv,0.020307444,0.00033803162,auto_accept,n/a
ISIC_0031299,nv,nv,0.042583205,0.00026423563,auto_accept,n/a
ISIC_0025018,mel,nv,0.056117877,0.0008641782,auto_accept,n/a
ISIC_0027623,nv,nv,0.2755948,0.017044175,auto_accept,n/a
ISIC_0027207,nv,nv,0.032392528,7.46669e-07,auto_accept,n/a
ISIC_0028054,nv,nv,0.01888851,1.5108036e-07,auto_accept,n/a
ISIC_0026563,nv,nv,0.07901867,1.829541e-05,auto_accept,n/a
ISIC_0034038,nv,mel,0.67999387,0.6645466,auto_accept,n/a
ISIC_0025370,nv,nv,0.051744852,0.0026171932,auto_accept,n/a
ISIC_0024979,nv,nv,0.065131016,0.00068329065,auto_accept,n/a
ISIC_0031606,nv,nv,0.017541979,0.000102300444,auto_accept,n/a
ISIC_0030519,nv,nv,0.5689129,3.0171323e-06,auto_accept,n/a
ISIC_0027790,vasc,bcc,0.3626008,0.72240293,auto_accept,n/a
ISIC_0029991,bkl,akiec,0.96632,0.8481135,escalate,n/a
ISIC_0034240,nv,nv,0.010561658,3.9643084e-05,auto_accept,n/a
ISIC_0032090,nv,bcc,0.3321359,0.7335029,auto_accept,n/a
ISIC_0031136,nv,nv,0.03965637,2.7571903e-05,auto_accept,n/a
ISIC_0028855,nv,nv,0.005012824,2.0114417e-09,auto_accept,n/a
ISIC_0025435,nv,nv,0.008781124,2.657451e-07,auto_accept,n/a
ISIC_0026317,nv,nv,0.0004262272,4.6331334e-07,auto_accept,n/a
ISIC_0029684,nv,nv,0.0151328165,9.684005e-07,auto_accept,n/a
ISIC_0026265,bkl,bkl,0.31156617,0.0027399815,auto_accept,n/a
ISIC_0027178,akiec,akiec,0.0541042,0.8552968,auto_accept,n/a
ISIC_0024812,nv,nv,0.06314738,4.1892686e-06,auto_accept,n/a
ISIC_0030364,nv,nv,0.040161416,3.7857797e-06,auto_accept,n/a
ISIC_0031881,nv,nv,0.02624219,7.833541e-05,auto_accept,n/a
ISIC_0029685,nv,nv,0.0049812347,4.464797e-06,auto_accept,n/a
ISIC_0025692,nv,nv,0.046869196,1.1248821e-06,auto_accept,n/a
ISIC_0034180,mel,mel,0.61123747,0.6926428,auto_accept,n/a
ISIC_0024637,nv,nv,0.08899847,0.0077249827,auto_accept,n/a
ISIC_0027367,bkl,mel,0.17020963,0.9471969,auto_accept,n/a
ISIC_0025904,mel,mel,0.11045772,0.98324573,auto_accept,n/a
ISIC_0030807,nv,nv,0.029715063,4.5998286e-06,auto_accept,n/a
ISIC_0029142,nv,nv,0.06715081,5.3624528e-05,auto_accept,n/a
ISIC_0027629,bcc,bcc,0.11185929,0.951392,auto_accept,n/a
ISIC_0030388,nv,nv,0.07436167,1.4782423e-05,auto_accept,n/a
ISIC_0024376,nv,nv,0.004199423,2.2125669e-05,auto_accept,n/a
ISIC_0031110,nv,nv,0.015855888,4.1334333e-05,auto_accept,n/a
ISIC_0028295,nv,nv,0.07105841,2.2141458e-05,auto_accept,n/a
ISIC_0024732,mel,mel,0.66464263,0.76149565,auto_accept,n/a
ISIC_0025529,bkl,bkl,0.51270443,0.0025056503,auto_accept,n/a
ISIC_0032423,nv,mel,0.45765615,0.8537681,auto_accept,n/a
ISIC_0026204,nv,nv,0.017119449,2.6980383e-06,auto_accept,n/a
ISIC_0027746,nv,nv,0.046534788,0.0049580564,auto_accept,n/a
ISIC_0032465,nv,vasc,0.37350056,7.661021e-05,auto_accept,n/a
ISIC_0033836,nv,nv,0.085103504,0.0018226001,auto_accept,n/a
ISIC_0034104,mel,mel,0.06771234,0.9897681,auto_accept,n/a
ISIC_0029968,nv,nv,0.1835855,7.919377e-06,auto_accept,n/a
ISIC_0026139,bkl,bkl,0.13536103,0.12714562,auto_accept,n/a
ISIC_0027764,nv,nv,0.04327802,0.009232459,auto_accept,n/a
ISIC_0028945,nv,nv,0.45831165,0.0026130292,auto_accept,n/a
ISIC_0034130,nv,nv,0.12759319,0.0040904367,auto_accept,n/a
ISIC_0027214,nv,nv,0.001092754,1.8482053e-09,auto_accept,n/a
ISIC_0034268,nv,nv,0.20183083,0.024914477,auto_accept,n/a
ISIC_0028713,nv,nv,0.011283625,1.3769738e-07,auto_accept,n/a
ISIC_0031265,nv,nv,0.058373813,0.0001409824,auto_accept,n/a
ISIC_0028462,nv,nv,0.0008567477,6.215754e-08,auto_accept,n/a
ISIC_0030274,nv,nv,0.006823028,2.8510898e-05,auto_accept,n/a
ISIC_0031476,nv,nv,0.21652086,0.006585116,auto_accept,n/a
ISIC_0031210,nv,nv,0.00016907562,2.1332144e-06,auto_accept,n/a
ISIC_0024352,nv,nv,0.26098782,0.017864313,auto_accept,n/a
ISIC_0030467,nv,nv,0.0011185101,6.644865e-06,auto_accept,n/a
ISIC_0030838,nv,nv,0.3805385,1.154092e-06,auto_accept,n/a
ISIC_0031963,nv,nv,0.082017966,0.0011335463,auto_accept,n/a
ISIC_0026092,vasc,vasc,0.0045591835,0.0015579981,auto_accept,n/a
ISIC_0030572,nv,nv,0.0024634223,2.216307e-05,auto_accept,n/a
ISIC_0029446,nv,nv,0.09920255,5.0268117e-08,auto_accept,n/a
ISIC_0029699,nv,nv,0.014248502,2.7200163e-05,auto_accept,n/a
ISIC_0026716,bcc,bcc,0.1582875,0.995704,auto_accept,n/a
ISIC_0027438,nv,nv,0.010638816,0.00046299509,auto_accept,n/a
ISIC_0029969,nv,nv,0.13587631,7.593452e-05,auto_accept,n/a
ISIC_0031112,nv,df,0.013800729,3.3966007e-05,auto_accept,n/a
ISIC_0029075,nv,nv,0.03292046,0.0002795103,auto_accept,n/a
ISIC_0030861,nv,nv,0.012533936,4.6947857e-06,auto_accept,n/a
ISIC_0033456,akiec,akiec,0.002107684,0.99756587,auto_accept,n/a
ISIC_0026660,nv,nv,0.24155559,0.038687594,auto_accept,n/a
ISIC_0030707,akiec,akiec,0.85482526,0.99081016,escalate,n/a
ISIC_0030394,bkl,bkl,0.18201599,0.0038110435,auto_accept,n/a
ISIC_0025558,nv,nv,0.006184174,1.4788591e-06,auto_accept,n/a
ISIC_0031637,nv,nv,0.1512913,1.6813583e-07,auto_accept,n/a
ISIC_0031221,nv,nv,0.37844008,0.005737216,auto_accept,n/a
ISIC_0029630,mel,mel,0.29627728,0.9641205,auto_accept,n/a
ISIC_0024596,nv,nv,0.192575,0.028491747,auto_accept,n/a
ISIC_0030582,nv,nv,0.030983573,0.00058640784,auto_accept,n/a
ISIC_0031040,akiec,akiec,0.2503348,0.97158086,auto_accept,n/a
ISIC_0032312,nv,nv,0.10135201,0.00033042004,auto_accept,n/a
ISIC_0028569,nv,nv,0.01510676,1.4018194e-05,auto_accept,n/a
ISIC_0027534,nv,nv,0.006341169,6.666141e-06,auto_accept,n/a
ISIC_0029246,nv,nv,0.00072883547,1.6293922e-07,auto_accept,n/a
ISIC_0033025,nv,nv,0.018872323,0.0005342142,auto_accept,n/a
ISIC_0028653,bcc,bcc,0.07185692,0.72257227,auto_accept,n/a
ISIC_0032947,akiec,akiec,1.2070073,0.7242867,escalate,n/a
ISIC_0032814,nv,nv,0.09816433,3.2821303e-05,auto_accept,n/a
ISIC_0026701,nv,nv,0.0899015,7.237861e-05,auto_accept,n/a
ISIC_0025094,nv,bkl,0.5509461,0.019797927,auto_accept,n/a
ISIC_0027695,nv,nv,0.03532039,2.9446728e-06,auto_accept,n/a
ISIC_0033780,df,df,4.7755064e-05,0.006647212,auto_accept,n/a
ISIC_0031970,nv,nv,0.5263871,0.00072587375,auto_accept,n/a
ISIC_0031405,nv,nv,0.39037684,0.00015695303,auto_accept,n/a
ISIC_0033747,bcc,bcc,0.0047716238,0.99987555,auto_accept,n/a
ISIC_0034123,bcc,bcc,0.023506882,0.99958533,auto_accept,n/a
ISIC_0027396,nv,nv,0.02530324,0.00036578136,auto_accept,n/a
ISIC_0026818,nv,nv,0.20254806,0.056240246,auto_accept,n/a
ISIC_0025470,bkl,bkl,0.015941111,0.0015242543,auto_accept,n/a
ISIC_0027894,nv,nv,0.02172412,6.98303e-07,auto_accept,n/a
ISIC_0030697,nv,nv,0.23664011,0.010140856,auto_accept,n/a
ISIC_0031342,nv,nv,0.026045375,8.037639e-06,auto_accept,n/a
ISIC_0028369,nv,nv,0.012194524,0.00012788009,auto_accept,n/a
ISIC_0028967,nv,nv,0.045901157,2.260562e-05,auto_accept,n/a
ISIC_0029168,nv,nv,0.011311967,2.7442524e-05,auto_accept,n/a
ISIC_0033486,bkl,bkl,0.5162178,0.19441198,auto_accept,n/a
ISIC_0024957,nv,nv,0.012792397,3.1334707e-07,auto_accept,n/a
ISIC_0025685,nv,nv,0.0021674507,1.4875056e-07,auto_accept,n/a
ISIC_0029494,nv,nv,0.0020397338,8.8915355e-09,auto_accept,n/a
ISIC_0025364,nv,nv,0.015440275,2.2237623e-06,auto_accept,n/a
ISIC_0027199,nv,nv,0.10984088,6.262919e-06,auto_accept,n/a
ISIC_0029907,nv,nv,0.0072389864,0.00013620468,auto_accept,n/a
ISIC_0026243,nv,nv,0.0111078285,3.0162924e-05,auto_accept,n/a
ISIC_0024811,nv,nv,0.003029649,2.436043e-05,auto_accept,n/a
ISIC_0026342,nv,nv,0.0016788885,4.8489665e-06,auto_accept,n/a
ISIC_0025923,nv,nv,0.010561717,0.00018527819,auto_accept,n/a
ISIC_0029737,nv,nv,0.008868818,0.0013235555,auto_accept,n/a
ISIC_0025368,akiec,akiec,0.2026931,0.9918216,auto_accept,n/a
ISIC_0024785,nv,nv,0.018336197,3.1754123e-05,auto_accept,n/a
ISIC_0025418,nv,nv,0.016639043,1.2048595e-08,auto_accept,n/a
ISIC_0031653,nv,nv,0.0004704729,3.0644765e-07,auto_accept,n/a
ISIC_0033039,nv,nv,0.004098968,1.7347251e-06,auto_accept,n/a
ISIC_0033729,nv,mel,0.654992,0.66443604,auto_accept,n/a
ISIC_0033748,nv,nv,0.08301371,0.0048621544,auto_accept,n/a
ISIC_0030450,nv,nv,0.080512084,1.0664355e-05,auto_accept,n/a
ISIC_0026306,nv,nv,0.02149954,2.8077725e-06,auto_accept,n/a
ISIC_0026882,nv,nv,0.05885095,0.00039446016,auto_accept,n/a
ISIC_0031083,nv,nv,0.7563007,0.00023005444,escalate,n/a
ISIC_0026294,nv,nv,0.0122697055,3.4502514e-07,auto_accept,n/a
ISIC_0033619,mel,nv,0.07913664,0.005541166,auto_accept,n/a
ISIC_0025494,nv,nv,0.015257136,8.76495e-06,auto_accept,n/a
ISIC_0026118,bcc,bcc,0.5566646,0.9966222,auto_accept,n/a
ISIC_0025176,nv,nv,0.22007596,0.00017847541,auto_accept,n/a
ISIC_0031143,nv,nv,0.26960996,0.0219784,auto_accept,n/a
ISIC_0030452,bcc,bcc,0.016637223,0.999057,auto_accept,n/a
ISIC_0029436,nv,nv,0.093955256,1.403861e-05,auto_accept,n/a
ISIC_0027531,bcc,bcc,0.011228155,0.99824584,auto_accept,n/a
ISIC_0025201,nv,nv,0.0179158,1.5226256e-05,auto_accept,n/a
ISIC_0026088,nv,nv,0.10949299,1.4470591e-08,auto_accept,n/a
ISIC_0026975,nv,nv,0.23881641,0.00060601416,auto_accept,n/a
ISIC_0030972,nv,nv,0.026197415,1.6247948e-05,auto_accept,n/a
ISIC_0027642,nv,nv,0.22006603,0.04532084,auto_accept,n/a
ISIC_0030083,mel,mel,0.08488911,0.97543633,auto_accept,n/a
ISIC_0028747,bcc,bcc,0.20796357,0.9999733,auto_accept,n/a
ISIC_0027082,nv,nv,0.026662467,2.4417278e-07,auto_accept,n/a
ISIC_0028140,nv,nv,0.16673142,1.7012251e-05,auto_accept,n/a
ISIC_0027752,nv,nv,0.1868211,3.0350302e-05,auto_accept,n/a
ISIC_0034067,nv,mel,0.4292715,0.90786713,auto_accept,n/a
ISIC_0024939,nv,nv,0.0020699992,8.2249903e-07,auto_accept,n/a
ISIC_0031916,nv,nv,0.023014648,9.919813e-05,auto_accept,n/a
ISIC_0027121,nv,nv,0.079256326,0.00010635937,auto_accept,n/a
ISIC_0033108,nv,nv,0.04719582,0.0037326617,auto_accept,n/a
ISIC_0034066,bcc,bcc,0.078274615,0.9626437,auto_accept,n/a
ISIC_0028477,nv,nv,0.14974475,0.010612073,auto_accept,n/a
ISIC_0025222,bkl,bkl,0.054131005,0.032076716,auto_accept,n/a
ISIC_0025369,nv,nv,0.008935549,5.3371943e-05,auto_accept,n/a
ISIC_0030979,nv,mel,0.34770328,0.81968904,auto_accept,n/a
ISIC_0028773,mel,nv,0.04082752,0.00069115043,auto_accept,n/a
ISIC_0032421,nv,nv,0.6562195,0.18636921,auto_accept,n/a
ISIC_0031822,nv,nv,0.3688139,0.1093568,auto_accept,n/a
ISIC_0026368,nv,nv,0.29005775,0.00012360289,auto_accept,n/a
ISIC_0033618,nv,mel,0.40662143,0.88014024,auto_accept,n/a
ISIC_0026944,nv,nv,0.026085827,1.9377665e-06,auto_accept,n/a
ISIC_0034264,nv,nv,0.17817698,0.010492303,auto_accept,n/a
ISIC_0033144,nv,nv,0.27764058,0.0066739204,auto_accept,n/a
ISIC_0032925,mel,mel,0.0010698228,0.999912,auto_accept,n/a
ISIC_0026150,mel,mel,0.69447315,0.5626168,auto_accept,n/a
ISIC_0027957,bkl,bkl,0.31003025,0.008231589,auto_accept,n/a
ISIC_0028011,nv,nv,0.074455455,4.3818395e-06,auto_accept,n/a
ISIC_0032543,nv,nv,0.3070147,0.01133978,auto_accept,n/a
ISIC_0030543,nv,nv,0.87489367,0.1668535,escalate,n/a
ISIC_0026529,nv,nv,0.01622161,0.00091366866,auto_accept,n/a
ISIC_0030087,nv,nv,0.011376246,1.7941058e-08,auto_accept,n/a
ISIC_0027319,nv,nv,0.04950179,0.0023673556,auto_accept,n/a
ISIC_0026776,nv,nv,0.004483917,1.118032e-05,auto_accept,n/a
ISIC_0031487,nv,nv,0.019554744,2.1975896e-07,auto_accept,n/a
ISIC_0028932,nv,nv,0.008420754,1.9251516e-05,auto_accept,n/a
ISIC_0025587,nv,nv,0.266463,0.03708675,auto_accept,n/a
ISIC_0032236,nv,nv,0.3925798,0.0065906714,auto_accept,n/a
ISIC_0026682,nv,nv,0.28718373,0.00021806358,auto_accept,n/a
ISIC_0027363,nv,nv,0.00038276808,2.0191966e-07,auto_accept,n/a
ISIC_0027308,nv,nv,0.21665032,0.039295368,auto_accept,n/a
ISIC_0028367,nv,nv,0.11064233,0.0002763046,auto_accept,n/a
ISIC_0025006,nv,nv,0.08394017,1.9694944e-06,auto_accept,n/a
ISIC_0028792,bkl,bkl,0.024735251,0.03187102,auto_accept,n/a
ISIC_0027624,nv,nv,0.02609173,0.0007559079,auto_accept,n/a
ISIC_0027570,nv,nv,0.004863769,5.1136718e-05,auto_accept,n/a
ISIC_0029086,nv,nv,0.08227608,0.0011400806,auto_accept,n/a
ISIC_0032063,bkl,bkl,0.009506942,4.7720132e-05,auto_accept,n/a
ISIC_0030993,nv,nv,0.006407959,0.00020900361,auto_accept,n/a
ISIC_0028180,bkl,bkl,0.07275795,0.0010915383,auto_accept,n/a
ISIC_0032016,nv,nv,0.006802428,6.9430007e-07,auto_accept,n/a
ISIC_0033191,nv,nv,0.030872364,5.774613e-05,auto_accept,n/a
ISIC_0024889,nv,nv,0.12039434,1.242687e-05,auto_accept,n/a
ISIC_0030818,mel,nv,0.11167685,0.018800613,auto_accept,n/a
ISIC_0024639,nv,nv,0.03395374,7.226561e-06,auto_accept,n/a
ISIC_0027970,nv,nv,0.037124418,0.00037594733,auto_accept,n/a
ISIC_0025875,nv,nv,0.00244946,2.6127307e-06,auto_accept,n/a
ISIC_0031149,nv,nv,0.06946162,0.0034727426,auto_accept,n/a
ISIC_0027201,nv,nv,0.32773733,0.010411812,auto_accept,n/a
ISIC_0033069,nv,nv,0.06491142,0.001044368,auto_accept,n/a
ISIC_0033369,mel,nv,0.8740955,0.3121041,escalate,n/a
ISIC_0029370,mel,mel,0.57231975,0.77465385,auto_accept,n/a
ISIC_0031764,nv,nv,0.0051520457,3.1912273e-06,auto_accept,n/a
ISIC_0024901,nv,nv,0.009485062,2.1585332e-05,auto_accept,n/a
ISIC_0033635,bkl,nv,0.64190257,0.000182384,auto_accept,n/a
ISIC_0024471,bkl,bkl,0.0070400178,0.00053062715,auto_accept,n/a
ISIC_0024791,nv,nv,0.6881243,3.5957981e-07,auto_accept,n/a
ISIC_0027777,nv,nv,0.003929416,2.139892e-05,auto_accept,n/a
ISIC_0026911,nv,nv,0.036889795,0.00087973365,auto_accept,n/a
ISIC_0030611,nv,nv,0.004127128,1.411501e-05,auto_accept,n/a
ISIC_0028501,nv,nv,0.21562038,1.5068255e-05,auto_accept,n/a
ISIC_0028186,nv,nv,0.024303507,0.0015532051,auto_accept,n/a
ISIC_0026756,nv,nv,0.47126368,2.086859e-05,auto_accept,n/a
ISIC_0028024,nv,nv,0.0007206706,1.6678023e-08,auto_accept,n/a
ISIC_0026285,nv,nv,0.0039207214,1.0498953e-06,auto_accept,n/a
ISIC_0028494,nv,nv,0.016824245,0.00063862535,auto_accept,n/a
ISIC_0028806,nv,nv,0.04530656,1.2299394e-05,auto_accept,n/a
ISIC_0032377,nv,nv,0.004367176,8.139828e-08,auto_accept,n/a
ISIC_0027151,bkl,nv,0.469936,0.065871716,auto_accept,n/a
ISIC_0030791,nv,nv,0.044711016,3.8381e-05,auto_accept,n/a
ISIC_0026077,nv,nv,0.12622714,7.857834e-05,auto_accept,n/a
ISIC_0029538,mel,nv,0.2889488,0.0016426673,auto_accept,n/a
ISIC_0028954,nv,nv,0.009568769,0.00023038434,auto_accept,n/a
ISIC_0032518,nv,nv,0.1609036,0.034945328,auto_accept,n/a
ISIC_0032027,nv,nv,0.10724232,0.0019576326,auto_accept,n/a
ISIC_0032157,nv,nv,0.11895763,0.006680214,auto_accept,n/a
ISIC_0026101,nv,nv,0.02356789,0.0017477232,auto_accept,n/a
ISIC_0026320,nv,nv,0.019684754,7.435312e-08,auto_accept,n/a
ISIC_0032431,nv,nv,0.008135289,8.734976e-08,auto_accept,n/a
ISIC_0030824,mel,mel,0.1500717,0.9445943,auto_accept,n/a
ISIC_0032255,nv,nv,0.0070099668,3.308875e-05,auto_accept,n/a
ISIC_0026170,nv,nv,0.016726471,3.9633567e-05,auto_accept,n/a
ISIC_0032690,mel,nv,0.5001323,0.0035895617,auto_accept,n/a
ISIC_0028851,nv,nv,0.02723084,0.0001642423,auto_accept,n/a
ISIC_0027864,nv,nv,0.072696894,3.941445e-06,auto_accept,n/a
ISIC_0027386,nv,nv,6.480259e-05,9.037322e-07,auto_accept,n/a
ISIC_0033034,mel,mel,0.3879952,0.86123997,auto_accept,n/a
ISIC_0028148,mel,nv,0.33145228,0.1140021,auto_accept,n/a
ISIC_0032025,nv,nv,0.06993725,1.5605716e-05,auto_accept,n/a
ISIC_0024946,akiec,bcc,0.12668248,0.9908839,auto_accept,n/a
ISIC_0030185,nv,nv,0.01181236,1.4688299e-05,auto_accept,n/a
ISIC_0030960,nv,nv,0.028685635,0.0041676452,auto_accept,n/a
ISIC_0026721,nv,nv,0.00143539,8.5832646e-08,auto_accept,n/a
ISIC_0033063,mel,mel,0.8773602,0.564847,escalate,n/a
ISIC_0028683,nv,nv,0.034800082,5.4405307e-05,auto_accept,n/a
ISIC_0034308,nv,nv,0.29460937,0.00066563353,auto_accept,n/a
ISIC_0033106,nv,mel,0.09984299,0.9838644,auto_accept,n/a
ISIC_0034317,mel,nv,0.7757288,0.00015801107,escalate,n/a
ISIC_0033304,mel,mel,0.0069647995,0.9991879,auto_accept,n/a
ISIC_0024572,bcc,bcc,0.035439216,0.9630264,auto_accept,n/a
ISIC_0031294,bcc,bcc,0.008424708,0.9999423,auto_accept,n/a
ISIC_0030250,nv,nv,0.042942323,1.0777566e-05,auto_accept,n/a
ISIC_0026898,nv,nv,0.019008782,0.0004059668,auto_accept,n/a
ISIC_0032531,mel,mel,0.0072103026,0.99951506,auto_accept,n/a
ISIC_0027482,nv,nv,0.022291826,7.103146e-05,auto_accept,n/a
ISIC_0027016,nv,nv,0.013189806,5.323047e-06,auto_accept,n/a
ISIC_0028922,nv,nv,0.039324146,7.121581e-05,auto_accept,n/a
ISIC_0029942,nv,nv,0.00166904,3.8458156e-06,auto_accept,n/a
ISIC_0027935,nv,nv,0.044623658,6.3109865e-06,auto_accept,n/a
ISIC_0029656,nv,nv,0.42057875,0.09720972,auto_accept,n/a
ISIC_0030238,mel,nv,0.6974484,0.31770185,auto_accept,n/a
ISIC_0024688,mel,nv,0.5487469,0.2152854,auto_accept,n/a
ISIC_0031467,nv,nv,0.10180664,3.1079762e-06,auto_accept,n/a
ISIC_0026226,nv,bcc,0.12066921,0.9204637,auto_accept,n/a
ISIC_0025065,nv,nv,0.3666534,0.07497558,auto_accept,n/a
ISIC_0025279,nv,nv,0.021856315,8.685385e-06,auto_accept,n/a
ISIC_0033994,nv,nv,0.22671033,0.0026667516,auto_accept,n/a
ISIC_0027208,nv,nv,0.043172833,0.0010344303,auto_accept,n/a
ISIC_0032946,nv,nv,0.12358244,0.0011223962,auto_accept,n/a
ISIC_0030984,nv,nv,0.00125774,1.4337859e-05,auto_accept,n/a
ISIC_0034242,mel,mel,0.024079097,0.99687445,auto_accept,n/a
ISIC_0031634,nv,nv,0.064609595,0.0001457373,auto_accept,n/a
ISIC_0033232,mel,nv,0.66710633,0.3359966,auto_accept,n/a
ISIC_0034127,nv,nv,0.31524196,0.07558784,auto_accept,n/a
ISIC_0032466,mel,nv,0.5105873,0.12656972,auto_accept,n/a
ISIC_0031802,nv,nv,0.032880895,9.124603e-05,auto_accept,n/a
ISIC_0027802,akiec,akiec,0.039245598,0.97840273,auto_accept,n/a
ISIC_0025880,nv,nv,0.0127646625,6.9257015e-07,auto_accept,n/a
ISIC_0031183,nv,nv,0.021404335,0.0010539697,auto_accept,n/a
ISIC_0034159,mel,mel,0.016220026,0.9975916,auto_accept,n/a
ISIC_0028379,nv,nv,0.06804659,6.815989e-06,auto_accept,n/a
ISIC_0025503,nv,nv,0.00036643815,1.340912e-08,auto_accept,n/a
ISIC_0025887,nv,nv,0.45918486,0.023017189,auto_accept,n/a
ISIC_0026376,nv,nv,0.015791668,0.00031469407,auto_accept,n/a
ISIC_0031320,nv,nv,0.07495002,3.690975e-05,auto_accept,n/a
ISIC_0029848,nv,nv,0.0037916042,8.960745e-06,auto_accept,n/a
ISIC_0027323,nv,nv,0.30856422,0.049242273,auto_accept,n/a
ISIC_0030209,nv,nv,0.1368689,0.019730598,auto_accept,n/a
ISIC_0025229,nv,nv,0.006798591,7.6170875e-07,auto_accept,n/a
ISIC_0029863,nv,nv,0.00473432,7.9037807e-07,auto_accept,n/a
ISIC_0026273,bkl,bkl,0.56068397,0.00029942018,auto_accept,n/a
ISIC_0029598,akiec,bcc,0.26914957,0.9959657,auto_accept,n/a
ISIC_0032195,nv,nv,0.031278048,0.0024401115,auto_accept,n/a
ISIC_0027730,nv,nv,0.03566868,0.00049167406,auto_accept,n/a
ISIC_0029309,akiec,akiec,0.051618688,0.97305286,auto_accept,n/a
ISIC_0033660,bkl,bkl,0.056063797,0.0022582244,auto_accept,n/a
ISIC_0029180,nv,nv,0.006550879,7.980304e-08,auto_accept,n/a
ISIC_0027216,df,df,0.00042209955,6.321442e-05,auto_accept,n/a
ISIC_0026973,nv,nv,0.019567117,1.6837997e-05,auto_accept,n/a
ISIC_0025456,nv,nv,0.053450614,0.0013591043,auto_accept,n/a
ISIC_0025870,nv,nv,0.088259034,0.011287745,auto_accept,n/a
ISIC_0027133,nv,bkl,0.6040995,0.0006260131,auto_accept,n/a
ISIC_0031066,nv,nv,0.055820055,0.00093692984,auto_accept,n/a
ISIC_0027604,mel,mel,0.23769519,0.9306947,auto_accept,n/a
ISIC_0025208,nv,nv,0.16847628,0.016452512,auto_accept,n/a
ISIC_0024589,nv,nv,0.019482726,1.5777631e-06,auto_accept,n/a
ISIC_0028956,nv,nv,0.10079661,5.391171e-07,auto_accept,n/a
ISIC_0030633,nv,nv,0.02216798,0.0020018236,auto_accept,n/a
ISIC_0033535,nv,nv,0.5116135,0.24102728,auto_accept,n/a
ISIC_0025782,nv,nv,0.4670578,0.22295593,auto_accept,n/a
ISIC_0030286,nv,nv,0.008452963,1.2303723e-05,auto_accept,n/a
ISIC_0033971,nv,nv,0.20709075,0.03020636,auto_accept,n/a
ISIC_0031684,nv,nv,0.23987909,2.0763002e-05,auto_accept,n/a
ISIC_0033980,mel,nv,0.22787084,0.038287573,auto_accept,n/a
ISIC_0030090,nv,nv,0.001663195,0.00010780524,auto_accept,n/a
ISIC_0029451,nv,nv,0.24639373,7.3551695e-05,auto_accept,n/a
ISIC_0027409,nv,nv,0.052227188,5.082107e-05,auto_accept,n/a
ISIC_0030149,nv,nv,0.012082415,2.628646e-06,auto_accept,n/a
ISIC_0033326,nv,nv,0.06758247,0.004947885,auto_accept,n/a
ISIC_0028538,nv,nv,0.002775979,3.742871e-05,auto_accept,n/a
ISIC_0031104,nv,nv,0.0032492573,9.927176e-07,auto_accept,n/a
ISIC_0026675,bkl,bkl,0.061280593,0.0010085625,auto_accept,n/a
ISIC_0031777,nv,nv,0.00042610633,2.6841108e-06,auto_accept,n/a
ISIC_0030806,bkl,akiec,0.41216734,0.9408509,auto_accept,n/a
ISIC_0030825,akiec,bcc,0.49183226,0.9534832,auto_accept,n/a
ISIC_0032402,nv,nv,0.00322805,6.763945e-05,auto_accept,n/a
ISIC_0024838,nv,nv,0.0115908375,4.1092476e-06,auto_accept,n/a
ISIC_0031855,nv,nv,0.16757528,4.390205e-06,auto_accept,n/a
ISIC_0029378,nv,nv,0.009530861,3.044893e-06,auto_accept,n/a
ISIC_0032367,nv,nv,0.012256033,0.00016887773,auto_accept,n/a
ISIC_0028745,nv,nv,0.108215444,5.5714438e-05,auto_accept,n/a
ISIC_0026099,nv,nv,0.057756457,0.0071442057,auto_accept,n/a
ISIC_0032073,nv,nv,0.07281306,2.8253362e-06,auto_accept,n/a
ISIC_0034209,nv,mel,0.6125063,0.86224365,auto_accept,n/a
ISIC_0027268,nv,nv,0.26621684,7.600072e-07,auto_accept,n/a
ISIC_0030720,nv,nv,0.00045536555,3.269468e-08,auto_accept,n/a
ISIC_0024942,nv,nv,0.004796791,1.6974915e-05,auto_accept,n/a
ISIC_0030728,nv,nv,0.007236192,3.4576076e-06,auto_accept,n/a
ISIC_0026396,nv,nv,0.10031718,1.245683e-05,auto_accept,n/a
ISIC_0030343,nv,nv,0.25931266,0.027490126,auto_accept,n/a
ISIC_0029808,nv,nv,0.0109946765,1.9490946e-05,auto_accept,n/a
ISIC_0030944,nv,nv,0.12620282,1.8371865e-06,auto_accept,n/a
ISIC_0024564,bcc,bcc,0.119429775,0.9993954,auto_accept,n/a
ISIC_0033067,nv,nv,0.038501408,0.00017425831,auto_accept,n/a
ISIC_0026303,nv,nv,0.14396617,0.006648232,auto_accept,n/a
ISIC_0025308,nv,nv,0.07158179,2.624092e-05,auto_accept,n/a
ISIC_0024476,nv,bkl,0.85219026,0.6428072,escalate,n/a
ISIC_0028090,nv,nv,0.007857282,3.4515788e-06,auto_accept,n/a
ISIC_0025859,nv,nv,0.015683377,3.6086428e-07,auto_accept,n/a
ISIC_0031384,bcc,bcc,0.1024933,0.65844303,auto_accept,n/a
ISIC_0024355,nv,nv,0.009023122,0.00021249696,auto_accept,n/a
ISIC_0027479,nv,nv,0.012561772,2.5361222e-05,auto_accept,n/a
ISIC_0033022,bkl,bkl,0.013687966,0.01328793,auto_accept,n/a
ISIC_0025448,nv,nv,0.008230336,6.3385937e-06,auto_accept,n/a
ISIC_0026962,nv,nv,0.042163625,4.4769632e-07,auto_accept,n/a
ISIC_0029767,nv,nv,0.055815436,3.5371488e-06,auto_accept,n/a
ISIC_0033777,nv,nv,0.09203389,0.00019024892,auto_accept,n/a
ISIC_0029439,vasc,vasc,1.0808866e-05,8.59381e-05,auto_accept,n/a
ISIC_0031765,nv,nv,0.0038433587,9.04497e-06,auto_accept,n/a
ISIC_0033656,nv,nv,0.14044386,0.00029184076,auto_accept,n/a
ISIC_0024385,nv,nv,0.2352544,0.0009825742,auto_accept,n/a
ISIC_0027656,nv,nv,0.042691365,0.0004097723,auto_accept,n/a
ISIC_0031645,nv,nv,0.007655304,1.875951e-05,auto_accept,n/a
ISIC_0032783,nv,nv,0.20452738,0.00047210368,auto_accept,n/a
ISIC_0026360,mel,mel,0.005757545,0.99901855,auto_accept,n/a
ISIC_0027906,nv,nv,0.0034211548,0.00010479151,auto_accept,n/a
ISIC_0031595,nv,nv,0.08976237,0.016923057,auto_accept,n/a
ISIC_0025624,nv,nv,0.004934189,1.2239038e-07,auto_accept,n/a
ISIC_0030591,akiec,akiec,0.43735301,0.91518486,auto_accept,n/a
ISIC_0032936,mel,mel,0.5928126,0.73924536,auto_accept,n/a
ISIC_0026271,nv,nv,0.089783356,2.2769533e-05,auto_accept,n/a
ISIC_0030224,nv,nv,0.012774619,0.00017042368,auto_accept,n/a
ISIC_0032317,nv,nv,0.003110324,2.8435122e-06,auto_accept,n/a
ISIC_0026719,nv,nv,0.013221112,0.0010684786,auto_accept,n/a
ISIC_0030620,nv,nv,0.4021247,0.02929879,auto_accept,n/a
ISIC_0029239,nv,nv,0.0073350635,1.2604605e-06,auto_accept,n/a
ISIC_0024647,mel,bkl,0.32630527,0.0831952,auto_accept,n/a
ISIC_0025300,nv,nv,0.4456568,0.087965935,auto_accept,n/a
ISIC_0027560,mel,mel,0.049787045,0.9855435,auto_accept,n/a
ISIC_0031757,nv,nv,0.09104593,0.017903201,auto_accept,n/a
ISIC_0032871,nv,mel,0.13301791,0.9745213,auto_accept,n/a
ISIC_0028904,nv,nv,0.0040670536,4.5444477e-07,auto_accept,n/a
ISIC_0029279,akiec,akiec,0.026713174,0.99966466,auto_accept,n/a
ISIC_0031318,bcc,bcc,0.00091665325,0.99966145,auto_accept,n/a
ISIC_0031423,nv,nv,0.051920027,3.5283288e-06,auto_accept,n/a
ISIC_0028259,nv,nv,0.07232727,0.0004250043,auto_accept,n/a
ISIC_0027315,nv,nv,0.24384935,2.091162e-05,auto_accept,n/a
ISIC_0025407,nv,nv,0.028861372,7.6152355e-07,auto_accept,n/a
ISIC_0028969,mel,bkl,0.3937684,0.019364454,auto_accept,n/a
ISIC_0032462,mel,nv,0.5225123,0.16199924,auto_accept,n/a
ISIC_0031658,nv,nv,0.0023459387,3.964747e-06,auto_accept,n/a
ISIC_0033580,nv,nv,0.62007475,0.0004589967,auto_accept,n/a
ISIC_0027964,mel,mel,0.31831485,0.9873029,auto_accept,n/a
ISIC_0025145,mel,nv,0.36924806,0.10608531,auto_accept,n/a
ISIC_0028322,nv,nv,0.017960463,0.00018272968,auto_accept,n/a
ISIC_0027160,nv,nv,0.042413834,2.396612e-05,auto_accept,n/a
ISIC_0028917,nv,nv,0.01113921,0.00027272868,auto_accept,n/a
ISIC_0030374,nv,nv,0.02188487,1.5178382e-06,auto_accept,n/a
ISIC_0026521,nv,nv,0.0067623435,6.2135726e-08,auto_accept,n/a
ISIC_0029614,nv,nv,0.0815536,0.0018625754,auto_accept,n/a
ISIC_0024449,mel,nv,0.7777506,0.14401473,escalate,n/a
ISIC_0030625,nv,nv,0.59894186,0.31812194,auto_accept,n/a
ISIC_0029470,nv,mel,0.4686997,0.6860408,auto_accept,n/a
ISIC_0026185,nv,nv,0.22280358,0.00018693811,auto_accept,n/a
ISIC_0028652,bcc,bcc,0.07355417,0.998156,auto_accept,n/a
ISIC_0031830,nv,nv,0.075769395,0.00010366177,auto_accept,n/a
ISIC_0030013,nv,nv,0.00090989104,7.663622e-06,auto_accept,n/a
ISIC_0026763,nv,nv,0.009838704,5.017849e-06,auto_accept,n/a
ISIC_0033234,nv,nv,0.38513702,0.08924711,auto_accept,n/a
ISIC_0025917,nv,nv,0.009998376,1.9753973e-06,auto_accept,n/a
ISIC_0024437,nv,nv,0.15963909,0.005795582,auto_accept,n/a
ISIC_0031683,nv,nv,0.004888663,3.9422307e-06,auto_accept,n/a
ISIC_0026906,nv,nv,0.032413073,4.3445575e-06,auto_accept,n/a
ISIC_0026331,nv,nv,0.010067001,1.2294305e-05,auto_accept,n/a
ISIC_0027425,bcc,bcc,0.052534584,0.98501104,auto_accept,n/a
ISIC_0025060,nv,nv,0.0024028732,5.092395e-07,auto_accept,n/a
ISIC_0034176,nv,nv,0.67853266,0.017157672,auto_accept,n/a
ISIC_0032272,nv,nv,0.5989653,1.2087287e-05,auto_accept,n/a
ISIC_0025499,nv,nv,0.28164122,0.006660181,auto_accept,n/a
ISIC_0028939,nv,nv,0.39319015,5.1070052e-05,auto_accept,n/a
ISIC_0029385,nv,nv,0.18884248,8.132196e-05,auto_accept,n/a
ISIC_0031463,nv,nv,0.014215776,1.0161233e-06,auto_accept,n/a
ISIC_0031174,nv,nv,0.16476479,3.7945995e-06,auto_accept,n/a
ISIC_0027114,nv,nv,0.2562919,0.056545824,auto_accept,n/a
ISIC_0027387,mel,nv,0.12972482,0.032064624,auto_accept,n/a
ISIC_0032691,nv,nv,0.6376357,0.18961687,auto_accept,n/a
ISIC_0030957,nv,nv,0.013521909,6.754116e-06,auto_accept,n/a
ISIC_0032263,nv,nv,0.0034826475,1.7138158e-05,auto_accept,n/a
ISIC_0028313,nv,nv,0.0017579469,8.3111945e-06,auto_accept,n/a
ISIC_0033135,vasc,vasc,0.010774306,0.0981048,auto_accept,n/a
ISIC_0024407,nv,nv,0.04617964,1.0247102e-05,auto_accept,n/a
ISIC_0024774,bkl,bkl,0.012132824,0.006685735,auto_accept,n/a
ISIC_0025973,bkl,bkl,0.19565961,0.059284776,auto_accept,n/a
ISIC_0024561,nv,nv,0.6167425,0.25807634,auto_accept,n/a
ISIC_0030176,nv,nv,0.41046026,0.06440528,auto_accept,n/a
ISIC_0029847,bcc,bcc,0.28577507,0.9117176,auto_accept,n/a
ISIC_0025988,nv,nv,0.20949616,0.021726923,auto_accept,n/a
ISIC_0030428,nv,nv,0.0070665088,1.5506082e-05,auto_accept,n/a
ISIC_0033102,nv,mel,0.065364264,0.99082714,auto_accept,n/a
ISIC_0029922,nv,nv,0.0057992395,4.7999214e-07,auto_accept,n/a
ISIC_0026631,bkl,bkl,0.54480606,0.6487467,auto_accept,n/a
ISIC_0032483,nv,nv,0.00076318346,1.0570425e-06,auto_accept,n/a
ISIC_0028766,nv,nv,0.2292136,0.019368257,auto_accept,n/a
ISIC_0034016,nv,nv,0.41306522,0.057475865,auto_accept,n/a
ISIC_0029002,akiec,bcc,0.25462502,0.9963104,auto_accept,n/a
ISIC_0027919,nv,nv,0.002636204,1.7645607e-07,auto_accept,n/a
ISIC_0024429,nv,nv,0.010407304,0.00033582526,auto_accept,n/a
ISIC_0030578,nv,nv,0.0615795,0.00039404,auto_accept,n/a
ISIC_0027584,bkl,bkl,0.3010448,0.097321846,auto_accept,n/a
ISIC_0028648,nv,nv,0.17080262,0.019271346,auto_accept,n/a
ISIC_0029274,nv,nv,0.15067545,4.459018e-06,auto_accept,n/a
ISIC_0033877,nv,nv,0.19070011,9.557106e-06,auto_accept,n/a
ISIC_0031863,nv,nv,0.03446017,0.0006367684,auto_accept,n/a
ISIC_0027807,nv,nv,0.006108135,2.2443425e-07,auto_accept,n/a
ISIC_0033608,vasc,vasc,0.000118321535,0.0015079898,auto_accept,n/a
ISIC_0024526,nv,nv,0.021811128,3.869607e-08,auto_accept,n/a
ISIC_0032285,nv,nv,0.005511845,2.1744533e-07,auto_accept,n/a
ISIC_0029391,bcc,bcc,0.003211801,0.9999585,auto_accept,n/a
ISIC_0030135,nv,nv,0.02780428,0.0021684854,auto_accept,n/a
ISIC_0026288,nv,nv,0.19538788,0.00026901707,auto_accept,n/a
ISIC_0026411,akiec,akiec,0.54694426,0.71888137,auto_accept,n/a
ISIC_0030958,nv,nv,0.03649918,4.1604667e-06,auto_accept,n/a
ISIC_0033133,nv,nv,0.6350557,0.19787985,auto_accept,n/a
ISIC_0032982,mel,nv,0.15630515,0.02581112,auto_accept,n/a
ISIC_0025292,bkl,bkl,0.09797133,0.018429639,auto_accept,n/a
ISIC_0030781,nv,nv,0.0022942054,1.1389127e-06,auto_accept,n/a
ISIC_0028769,nv,nv,0.006709772,4.7405314e-07,auto_accept,n/a
ISIC_0026931,nv,nv,0.004372933,3.9155644e-08,auto_accept,n/a
ISIC_0030320,nv,nv,0.018289857,4.441278e-06,auto_accept,n/a
ISIC_0025866,nv,nv,0.03216561,0.0017703578,auto_accept,n/a
ISIC_0029156,nv,nv,0.0017312875,2.4262138e-06,auto_accept,n/a
ISIC_0030154,nv,nv,0.0014156492,7.889413e-06,auto_accept,n/a
ISIC_0031216,nv,nv,0.08558202,0.004351648,auto_accept,n/a
ISIC_0025256,nv,nv,0.11615476,8.134073e-05,auto_accept,n/a
ISIC_0033698,nv,nv,0.0014214583,7.5262387e-06,auto_accept,n/a
ISIC_0028999,nv,nv,0.7941298,0.30417648,escalate,n/a
ISIC_0033294,nv,mel,0.63761646,0.7103435,auto_accept,n/a
ISIC_0029898,nv,nv,0.15883441,0.016201891,auto_accept,n/a
ISIC_0029742,vasc,vasc,4.6089903e-05,0.00021171532,auto_accept,n/a
ISIC_0027507,mel,nv,0.7222032,0.33549312,escalate,n/a
ISIC_0028469,nv,nv,0.020235388,0.001770405,auto_accept,n/a
ISIC_0030043,nv,nv,0.64844286,6.1831423e-07,auto_accept,n/a
ISIC_0025397,nv,nv,0.0025619045,3.4748005e-06,auto_accept,n/a
ISIC_0032779,nv,nv,0.008811148,0.00014637977,auto_accept,n/a
ISIC_0028785,nv,nv,0.028024439,0.00014007965,auto_accept,n/a
ISIC_0033146,bcc,bcc,0.0010041024,0.9999825,auto_accept,n/a
ISIC_0031286,akiec,akiec,0.049324464,0.9950275,auto_accept,n/a
ISIC_0029594,nv,nv,0.0025183596,1.661334e-05,auto_accept,n/a
ISIC_0027418,nv,nv,0.012399109,0.00074026996,auto_accept,n/a
ISIC_0028973,bcc,bcc,0.35353574,0.9890738,auto_accept,n/a
ISIC_0026336,vasc,vasc,4.336731e-05,0.00047747346,auto_accept,n/a
ISIC_0024478,nv,nv,0.04134214,0.0037087821,auto_accept,n/a
ISIC_0027177,nv,nv,0.0029951676,5.864911e-07,auto_accept,n/a
ISIC_0024892,nv,nv,0.01918738,0.00027942794,auto_accept,n/a
ISIC_0031627,nv,nv,0.0015085298,1.2324276e-06,auto_accept,n/a
ISIC_0027614,nv,nv,0.02974024,0.00079523533,auto_accept,n/a
ISIC_0033620,bkl,nv,0.5686524,0.04616529,auto_accept,n/a
ISIC_0032060,nv,nv,0.11751049,0.0004580046,auto_accept,n/a
ISIC_0025323,nv,nv,0.3816318,0.030622408,auto_accept,n/a
ISIC_0027236,nv,nv,0.08101681,0.0037161752,auto_accept,n/a
ISIC_0030130,bkl,mel,0.45727348,0.84223056,auto_accept,n/a
ISIC_0031641,nv,nv,0.0010142302,8.610431e-09,auto_accept,n/a
ISIC_0030549,akiec,bcc,0.7007139,0.96361977,auto_accept,n/a
ISIC_0033824,nv,nv,0.057743896,0.000986619,auto_accept,n/a
ISIC_0031368,mel,mel,0.42939612,0.93043226,auto_accept,n/a
ISIC_0028479,bkl,akiec,0.77008957,0.29161978,escalate,n/a
ISIC_0033525,nv,nv,0.49138102,0.12308863,auto_accept,n/a
ISIC_0029821,nv,nv,0.0028452275,5.8575106e-06,auto_accept,n/a
ISIC_0027078,nv,nv,0.13347125,2.3295286e-05,auto_accept,n/a
ISIC_0030059,nv,nv,0.54102063,0.00036259802,auto_accept,n/a
ISIC_0031065,vasc,vasc,3.0312094e-05,0.000318526,auto_accept,n/a
ISIC_0030575,mel,nv,0.29938918,0.027724776,auto_accept,n/a
ISIC_0031983,nv,nv,0.050224874,2.1752263e-05,auto_accept,n/a
ISIC_0033684,nv,nv,0.29019368,0.04984183,auto_accept,n/a
ISIC_0030502,nv,nv,0.23298448,6.3201405e-05,auto_accept,n/a
ISIC_0029723,nv,nv,0.3643267,5.870843e-07,auto_accept,n/a
ISIC_0030999,nv,nv,0.015317458,4.3703697e-08,auto_accept,n/a
ISIC_0029599,nv,nv,0.00061387883,3.4079287e-07,auto_accept,n/a
ISIC_0026707,nv,nv,0.0034821632,2.5373934e-06,auto_accept,n/a
ISIC_0034024,bkl,bkl,0.16142505,0.004585142,auto_accept,n/a
ISIC_0027048,nv,nv,0.010915083,4.0366274e-05,auto_accept,n/a
ISIC_0032350,nv,nv,0.013855396,0.00010891207,auto_accept,n/a
ISIC_0030246,mel,mel,0.3421172,0.90572953,auto_accept,n/a
ISIC_0029248,df,df,6.481084e-05,1.6667838e-06,auto_accept,n/a
ISIC_0027500,nv,nv,0.094977476,2.1223016e-06,auto_accept,n/a
ISIC_0025388,bkl,bkl,0.02335319,2.0749426e-06,auto_accept,n/a
ISIC_0033295,akiec,akiec,0.2286043,0.95340115,auto_accept,n/a
ISIC_0030962,nv,nv,0.07317287,0.00029087297,auto_accept,n/a
ISIC_0033413,akiec,akiec,0.0060040974,0.9950959,auto_accept,n/a
ISIC_0031551,nv,nv,0.00061729824,4.3938408e-06,auto_accept,n/a
ISIC_0033038,mel,mel,0.109163925,0.96181774,auto_accept,n/a
ISIC_0031843,nv,nv,0.002337061,0.00036970084,auto_accept,n/a
ISIC_0029551,nv,nv,0.093996555,0.000115331015,auto_accept,n/a
ISIC_0024523,nv,nv,0.08322366,8.691704e-05,auto_accept,n/a
ISIC_0024670,nv,nv,0.0032480585,1.4039199e-05,auto_accept,n/a
ISIC_0032239,nv,nv,0.00028490523,9.54043e-08,auto_accept,n/a
ISIC_0027912,nv,nv,0.025289394,4.302344e-06,auto_accept,n/a
ISIC_0026291,bkl,bkl,0.044141274,1.1432926e-05,auto_accept,n/a
ISIC_0030117,nv,nv,0.07330661,0.004911657,auto_accept,n/a
ISIC_0026112,nv,nv,0.002775711,1.2378649e-06,auto_accept,n/a
ISIC_0027901,nv,nv,0.0318572,0.00022602476,auto_accept,n/a
ISIC_0024579,akiec,akiec,0.67929006,0.3280444,auto_accept,n/a
ISIC_0033726,nv,nv,0.004831019,2.9607745e-06,auto_accept,n/a
ISIC_0028300,nv,nv,0.04276412,0.0006772226,auto_accept,n/a
ISIC_0028113,bcc,bcc,0.06218806,0.9964474,auto_accept,n/a
ISIC_0025027,nv,bcc,0.197284,0.9317133,auto_accept,n/a
ISIC_0027104,nv,nv,0.0009268079,6.689896e-06,auto_accept,n/a
ISIC_0028549,nv,nv,0.031855024,4.904974e-07,auto_accept,n/a
ISIC_0025491,nv,mel,0.6560685,0.73484087,auto_accept,n/a
ISIC_0027541,nv,nv,0.0025114133,2.138471e-09,auto_accept,n/a
ISIC_0032480,nv,nv,0.10565743,0.0007281496,auto_accept,n/a
ISIC_0031252,nv,nv,0.020383714,4.1004507e-05,auto_accept,n/a
ISIC_0024315,mel,mel,0.10264076,0.9697789,auto_accept,n/a
ISIC_0031974,nv,nv,0.046483055,6.355397e-06,auto_accept,n/a
ISIC_0028182,nv,nv,0.06761632,9.056571e-06,auto_accept,n/a
ISIC_0032217,nv,nv,0.017727157,1.6839347e-05,auto_accept,n/a
ISIC_0026938,nv,nv,0.16698673,0.000119868935,auto_accept,n/a
ISIC_0025430,nv,nv,0.08977031,1.6574188e-06,auto_accept,n/a
ISIC_0025604,nv,nv,0.0009519279,5.878359e-09,auto_accept,n/a
ISIC_0026178,akiec,akiec,0.62306905,0.9822428,auto_accept,n/a
ISIC_0027884,akiec,akiec,0.112100974,0.9933349,auto_accept,n/a
ISIC_0030800,bcc,bcc,0.16204207,0.99985313,auto_accept,n/a
ISIC_0029569,nv,nv,0.14757936,3.2303333e-07,auto_accept,n/a
ISIC_0025787,nv,nv,0.039778672,4.11518e-05,auto_accept,n/a
ISIC_0030258,bkl,mel,0.6757959,0.691582,auto_accept,n/a
ISIC_0026748,nv,nv,0.027742434,0.0007507095,auto_accept,n/a
ISIC_0029353,mel,mel,0.71302634,0.98905087,auto_accept,n/a
ISIC_0027990,bkl,bkl,0.092612386,0.025092814,auto_accept,n/a
ISIC_0024779,nv,nv,0.011984399,0.00028670588,auto_accept,n/a
ISIC_0028778,nv,nv,0.17387927,1.5232862e-07,auto_accept,n/a
ISIC_0031046,nv,nv,0.10717146,0.011096993,auto_accept,n/a
ISIC_0031514,nv,nv,0.16855441,4.5396755e-06,auto_accept,n/a
ISIC_0026164,nv,nv,0.00060885894,2.1745072e-07,auto_accept,n/a
ISIC_0027726,nv,nv,0.025200227,1.2455965e-06,auto_accept,n/a
ISIC_0029152,nv,nv,0.11476809,0.022638205,auto_accept,n/a
ISIC_0032577,nv,mel,0.5828431,0.82052135,auto_accept,n/a
ISIC_0027040,nv,nv,0.0010852122,1.7112676e-06,auto_accept,n/a
ISIC_0029112,nv,nv,0.011769411,9.597274e-05,auto_accept,n/a
ISIC_0032104,nv,nv,0.016403096,2.1504546e-05,auto_accept,n/a
ISIC_0031805,nv,nv,0.035376955,1.7519074e-05,auto_accept,n/a
ISIC_0034296,bkl,bkl,0.033008438,0.00084035355,auto_accept,n/a
ISIC_0028074,nv,nv,0.7705633,4.2226307e-05,escalate,n/a
ISIC_0029565,nv,nv,0.0016843028,2.4926574e-06,auto_accept,n/a
ISIC_0030512,mel,nv,0.11173011,0.008032857,auto_accept,n/a
ISIC_0025609,nv,nv,0.05995159,5.1290655e-05,auto_accept,n/a
ISIC_0026785,nv,nv,0.005269502,2.8686686e-06,auto_accept,n/a
ISIC_0030742,nv,nv,0.09515362,0.016339883,auto_accept,n/a
ISIC_0030842,nv,nv,0.021745749,0.0020486836,auto_accept,n/a
ISIC_0026497,nv,mel,0.39405027,0.87222224,auto_accept,n/a
ISIC_0025349,nv,nv,0.01757833,1.6389657e-06,auto_accept,n/a
ISIC_0024701,mel,nv,0.27743608,0.041080058,auto_accept,n/a
ISIC_0030966,nv,nv,0.06569558,0.011120944,auto_accept,n/a
ISIC_0031525,nv,nv,0.11256191,0.013138219,auto_accept,n/a
ISIC_0029657,nv,nv,0.004790195,7.3636413e-09,auto_accept,n/a
ISIC_0031097,nv,nv,0.07846451,0.00043294707,auto_accept,n/a
ISIC_0029069,nv,nv,0.012054484,2.2389197e-06,auto_accept,n/a
ISIC_0030426,nv,bkl,0.64105994,0.0010562752,auto_accept,n/a
ISIC_0030862,nv,nv,0.6388529,0.08111764,auto_accept,n/a
ISIC_0032242,nv,nv,0.15357654,0.011846934,auto_accept,n/a
ISIC_0033730,mel,mel,0.11083297,0.98400253,auto_accept,n/a
ISIC_0027927,nv,nv,0.00080834643,7.280032e-09,auto_accept,n/a
ISIC_0024835,nv,nv,0.009183048,3.519245e-06,auto_accept,n/a
ISIC_0030158,akiec,akiec,0.229097,0.6446211,auto_accept,n/a
ISIC_0031739,nv,nv,0.00037275584,1.5685046e-05,auto_accept,n/a
ISIC_0030664,nv,nv,0.039448403,0.00019401328,auto_accept,n/a
ISIC_0030520,nv,nv,0.14387846,0.0014312642,auto_accept,n/a
ISIC_0025884,nv,nv,0.010125258,8.274209e-07,auto_accept,n/a
ISIC_0026548,nv,nv,0.0047095763,2.0460942e-05,auto_accept,n/a
ISIC_0024704,nv,nv,0.25226834,0.01799278,auto_accept,n/a
ISIC_0027218,bkl,bkl,0.4449803,6.559631e-05,auto_accept,n/a
ISIC_0028846,bkl,bkl,0.22356507,0.17233454,auto_accept,n/a
ISIC_0024797,nv,nv,0.0003948761,1.5260693e-07,auto_accept,n/a
ISIC_0031341,nv,nv,0.027026009,2.7322665e-05,auto_accept,n/a
ISIC_0027814,bcc,bcc,0.0023391957,0.99994826,auto_accept,n/a
ISIC_0030086,nv,nv,0.0035535302,9.523339e-05,auto_accept,n/a
ISIC_0026677,nv,nv,0.020544633,2.5143952e-05,auto_accept,n/a
ISIC_0029136,nv,nv,0.0054513067,2.66089e-07,auto_accept,n/a
ISIC_0028455,nv,nv,0.39833656,4.0150874e-10,auto_accept,n/a
ISIC_0027221,nv,nv,0.021548143,8.464406e-06,auto_accept,n/a
ISIC_0024830,nv,nv,0.112759836,0.00032889392,auto_accept,n/a
ISIC_0029948,nv,nv,0.055438854,0.00068977324,auto_accept,n/a
ISIC_0032234,nv,nv,0.055486128,5.600416e-05,auto_accept,n/a
ISIC_0025139,nv,nv,0.015155298,2.6506367e-08,auto_accept,n/a
ISIC_0029253,nv,nv,0.23448923,8.426359e-06,auto_accept,n/a
ISIC_0027034,nv,nv,0.38342342,0.14360316,auto_accept,n/a
ISIC_0028050,bcc,bcc,0.08725605,0.99572134,auto_accept,n/a
ISIC_0027317,nv,nv,0.0036074533,2.0548647e-05,auto_accept,n/a
ISIC_0025120,nv,nv,0.29111862,0.04529086,auto_accept,n/a
ISIC_0033690,nv,nv,0.012320399,7.492085e-05,auto_accept,n/a
ISIC_0029618,nv,nv,0.0044107544,6.947034e-05,auto_accept,n/a
ISIC_0032447,mel,nv,0.34621716,0.2032711,auto_accept,n/a
ISIC_0034061,mel,nv,0.6244732,0.16748773,auto_accept,n/a
ISIC_0034190,nv,nv,0.25408047,0.04573819,auto_accept,n/a
ISIC_0025998,nv,nv,0.0006732282,1.5934045e-06,auto_accept,n/a
ISIC_0033175,mel,mel,0.15100406,0.95344007,auto_accept,n/a
ISIC_0030570,nv,nv,0.00590486,1.8842202e-05,auto_accept,n/a
ISIC_0024487,nv,nv,0.113916375,0.0006404302,auto_accept,n/a
ISIC_0031276,vasc,vasc,0.00012136028,9.040643e-05,auto_accept,n/a
ISIC_0030218,nv,nv,0.013151038,0.0005011631,auto_accept,n/a
ISIC_0024327,nv,nv,0.07555096,8.05452e-06,auto_accept,n/a
ISIC_0027091,nv,nv,0.24776143,0.023740897,auto_accept,n/a
ISIC_0032884,nv,nv,0.43694445,0.079581074,auto_accept,n/a
ISIC_0030896,nv,nv,0.19972822,0.0011940849,auto_accept,n/a
ISIC_0026407,nv,nv,0.6352403,3.1899322e-05,auto_accept,n/a
ISIC_0031851,bkl,bkl,0.27625757,0.15998778,auto_accept,n/a
ISIC_0030844,akiec,akiec,0.06838802,0.95573133,auto_accept,n/a
ISIC_0025004,nv,nv,0.005420143,9.594767e-05,auto_accept,n/a
ISIC_0032614,vasc,vasc,1.3772656e-06,0.00037362194,auto_accept,n/a
ISIC_0034046,mel,mel,0.015741106,0.9976261,auto_accept,n/a
ISIC_0025320,nv,nv,0.06974272,0.00023791958,auto_accept,n/a
ISIC_0031237,nv,nv,0.01863717,4.175735e-05,auto_accept,n/a
ISIC_0029638,akiec,akiec,0.09032621,0.84571856,auto_accept,n/a
ISIC_0025058,nv,nv,0.044370316,3.146977e-07,auto_accept,n/a
ISIC_0030237,nv,nv,0.10902486,3.1193786e-06,auto_accept,n/a
ISIC_0027054,nv,nv,0.033026174,0.00048451853,auto_accept,n/a
ISIC_0030459,bkl,bkl,0.12751822,0.021086564,auto_accept,n/a
ISIC_0025910,nv,nv,0.019765813,0.00039744968,auto_accept,n/a
ISIC_0025857,nv,nv,0.003559698,2.3660681e-05,auto_accept,n/a
ISIC_0030065,nv,nv,0.6736481,0.007051722,auto_accept,n/a
ISIC_0030302,nv,nv,0.061558723,2.4606195e-05,auto_accept,n/a
ISIC_0031301,nv,bkl,0.305302,0.21521421,auto_accept,n/a
ISIC_0030928,nv,nv,0.04730662,2.7005817e-06,auto_accept,n/a
ISIC_0030078,nv,nv,0.005691518,2.96429e-07,auto_accept,n/a
ISIC_0029144,nv,nv,0.023735523,2.6388536e-06,auto_accept,n/a
ISIC_0032975,mel,nv,0.75512534,0.2799125,escalate,n/a
ISIC_0027152,nv,mel,0.6651757,0.49942058,auto_accept,n/a
ISIC_0027469,nv,nv,0.031191504,0.003611956,auto_accept,n/a
ISIC_0026478,nv,nv,0.3764145,0.11384268,auto_accept,n/a
ISIC_0027782,nv,nv,0.052111447,0.00091315777,auto_accept,n/a
ISIC_0025056,nv,nv,0.013394153,4.867796e-08,auto_accept,n/a
ISIC_0028243,nv,nv,0.7183354,0.52197176,auto_accept,n/a
ISIC_0027093,bcc,bcc,0.04209949,0.9903284,auto_accept,n/a
ISIC_0028119,nv,nv,0.05755741,0.0044207405,auto_accept,n/a
ISIC_0025387,bkl,bkl,0.014508751,0.001002743,auto_accept,n/a
ISIC_0032010,nv,nv,0.004138425,8.240581e-06,auto_accept,n/a
ISIC_0032267,nv,nv,0.0063654846,2.9597071e-08,auto_accept,n/a
ISIC_0031845,nv,nv,0.23412703,1.0332284e-07,auto_accept,n/a
ISIC_0026541,nv,nv,0.7391101,0.0021115737,escalate,n/a
ISIC_0034283,bkl,bkl,0.52177984,0.0006857762,auto_accept,n/a
ISIC_0028828,nv,nv,0.023076015,0.0030880475,auto_accept,n/a
ISIC_0030447,nv,nv,0.052417245,0.00013665284,auto_accept,n/a
ISIC_0030634,nv,nv,0.0027161448,2.3006316e-06,auto_accept,n/a
ISIC_0024380,nv,nv,0.04573938,0.00043006075,auto_accept,n/a
ISIC_0034082,nv,nv,0.004514377,5.9675112e-05,auto_accept,n/a
ISIC_0033840,nv,nv,0.30486268,0.0008300446,auto_accept,n/a
ISIC_0024400,mel,bkl,0.05022167,0.028332291,auto_accept,n/a
ISIC_0030500,nv,nv,0.0038702977,2.3984003e-06,auto_accept,n/a
ISIC_0032943,nv,nv,0.20048289,0.033923894,auto_accept,n/a
ISIC_0024495,bkl,nv,0.46209955,0.0006806222,auto_accept,n/a
ISIC_0025422,nv,nv,0.16461381,0.019894656,auto_accept,n/a
ISIC_0029434,mel,nv,0.37924176,0.06562951,auto_accept,n/a
ISIC_0031540,nv,nv,0.09529853,6.5018476e-06,auto_accept,n/a
ISIC_0025189,nv,nv,0.10536439,1.2300896e-05,auto_accept,n/a
ISIC_0031325,nv,nv,0.029795244,0.00013864976,auto_accept,n/a
ISIC_0031865,nv,nv,0.44301477,0.00075339916,auto_accept,n/a
ISIC_0027330,nv,nv,0.0026439312,4.358523e-05,auto_accept,n/a
ISIC_0034311,nv,nv,0.3031345,0.017599056,auto_accept,n/a
ISIC_0031161,nv,nv,0.2825886,4.1707995e-06,auto_accept,n/a
ISIC_0029387,nv,nv,0.16242285,0.0001889064,auto_accept,n/a
ISIC_0031870,nv,nv,0.004777711,0.00015074784,auto_accept,n/a
ISIC_0029121,nv,nv,0.57610005,0.24163085,auto_accept,n/a
ISIC_0025109,nv,nv,0.017409893,0.00010269491,auto_accept,n/a
ISIC_0029362,akiec,bcc,0.36811176,0.99998796,auto_accept,n/a
ISIC_0029721,nv,nv,0.031468946,0.0018302465,auto_accept,n/a
ISIC_0026527,nv,nv,0.0021544714,2.168019e-06,auto_accept,n/a
ISIC_0024780,nv,nv,0.0070671965,2.694002e-07,auto_accept,n/a
ISIC_0031006,nv,nv,0.055933658,0.0005238848,auto_accept,n/a
ISIC_0031766,bkl,mel,0.13024478,0.9561597,auto_accept,n/a
ISIC_0029160,nv,nv,0.4259884,0.07973535,auto_accept,n/a
ISIC_0025579,nv,nv,0.0054244963,5.025023e-05,auto_accept,n/a
ISIC_0026346,nv,nv,0.03466726,3.9749426e-05,auto_accept,n/a
ISIC_0034266,nv,nv,0.013764089,0.00029818126,auto_accept,n/a
ISIC_0028979,nv,nv,0.031497657,0.00012579407,auto_accept,n/a
ISIC_0033154,mel,mel,0.06237466,0.9898969,auto_accept,n/a
ISIC_0033324,mel,mel,0.1357261,0.9792397,auto_accept,n/a
ISIC_0026024,nv,nv,0.0798124,0.0058186906,auto_accept,n/a
ISIC_0033588,nv,nv,0.62179625,0.19186953,auto_accept,n/a
ISIC_0033700,mel,mel,0.08894111,0.9858883,auto_accept,n/a
ISIC_0030108,nv,nv,0.004397141,7.209782e-05,auto_accept,n/a
ISIC_0028703,nv,nv,0.0060085733,1.115893e-05,auto_accept,n/a
ISIC_0033204,mel,mel,0.26219875,0.9551819,auto_accept,n/a
ISIC_0031274,nv,nv,0.015297462,0.00026742162,auto_accept,n/a
ISIC_0031434,nv,nv,0.0014641986,7.5657754e-06,auto_accept,n/a
ISIC_0026852,nv,nv,0.10568013,0.01684974,auto_accept,n/a
ISIC_0027349,nv,mel,0.7724112,0.43982977,escalate,n/a
ISIC_0030773,nv,nv,0.57034415,0.17742945,auto_accept,n/a
ISIC_0027168,nv,nv,0.007523306,4.885264e-06,auto_accept,n/a
ISIC_0032848,nv,nv,0.5115623,0.00012813948,auto_accept,n/a
ISIC_0033781,nv,nv,0.39003366,0.024320245,auto_accept,n/a
ISIC_0028320,nv,nv,0.0073536984,4.4003364e-06,auto_accept,n/a
ISIC_0024467,nv,nv,0.014142483,5.2180065e-05,auto_accept,n/a
ISIC_0026104,bkl,bkl,0.23310693,0.009743426,auto_accept,n/a
ISIC_0027590,mel,mel,0.87703866,0.44291785,escalate,n/a
ISIC_0027539,nv,nv,0.00022369355,1.8991344e-06,auto_accept,n/a
ISIC_0029762,nv,nv,0.0028038856,5.5378696e-06,auto_accept,n/a
ISIC_0025971,bcc,bcc,0.00076283596,0.999757,auto_accept,n/a
ISIC_0029998,nv,nv,0.05622047,0.00012157608,auto_accept,n/a
ISIC_0029543,nv,nv,0.028088491,0.00014226204,auto_accept,n/a
ISIC_0026426,nv,nv,0.14847326,1.7850795e-06,auto_accept,n/a
ISIC_0028572,nv,nv,0.004728865,6.2796717e-06,auto_accept,n/a
ISIC_0024480,nv,bkl,0.28769425,0.0843158,auto_accept,n/a
ISIC_0031838,nv,nv,0.09367712,0.01531642,auto_accept,n/a
ISIC_0030647,nv,nv,0.06789059,1.5178129e-08,auto_accept,n/a
ISIC_0027877,nv,nv,0.00040301017,9.694141e-07,auto_accept,n/a
ISIC_0028848,nv,nv,0.014273436,0.00036243076,auto_accept,n/a
ISIC_0029416,nv,nv,0.012082497,0.00010820752,auto_accept,n/a
ISIC_0030099,nv,nv,0.002665436,1.9253603e-06,auto_accept,n/a
ISIC_0029654,nv,nv,0.1557147,7.8588004e-05,auto_accept,n/a
ISIC_0030275,vasc,vasc,0.0042424235,0.00026580368,auto_accept,n/a
ISIC_0032870,mel,bkl,0.18543658,0.024633622,auto_accept,n/a
ISIC_0031924,nv,nv,0.20922557,0.01504749,auto_accept,n/a
ISIC_0026259,nv,nv,0.0015785957,6.5617013e-07,auto_accept,n/a
ISIC_0027952,nv,nv,0.056357168,0.0003493192,auto_accept,n/a
ISIC_0025660,nv,nv,0.00083003344,7.1520503e-07,auto_accept,n/a
ISIC_0030287,nv,nv,0.0089713065,0.000112751346,auto_accept,n/a
ISIC_0025191,nv,nv,0.0037153643,1.7627352e-05,auto_accept,n/a
ISIC_0031815,nv,nv,0.0069140787,1.2519787e-06,auto_accept,n/a
ISIC_0027845,nv,nv,0.04795651,0.0009968708,auto_accept,n/a
ISIC_0030004,nv,nv,0.0060319332,5.2035262e-05,auto_accept,n/a
ISIC_0027380,nv,nv,0.0037223808,2.64355e-05,auto_accept,n/a
ISIC_0027489,nv,nv,0.19694398,0.00012926952,auto_accept,n/a
ISIC_0026144,nv,nv,0.036948867,0.002063692,auto_accept,n/a
ISIC_0029454,mel,mel,0.442958,0.87464327,auto_accept,n/a
ISIC_0028924,nv,nv,0.08357993,2.622941e-05,auto_accept,n/a
ISIC_0030834,nv,nv,0.009422093,0.00045648823,auto_accept,n/a
ISIC_0026775,bkl,bkl,0.6047913,0.5699663,auto_accept,n/a
ISIC_0028741,nv,nv,0.015200584,0.001006774,auto_accept,n/a
ISIC_0029564,bcc,nv,0.07537561,0.00056937657,auto_accept,n/a
ISIC_0029637,nv,nv,0.0014992286,6.9669596e-08,auto_accept,n/a
ISIC_0032034,nv,bkl,0.22419073,0.05760575,auto_accept,n/a
ISIC_0031908,mel,nv,0.2107573,0.01170915,auto_accept,n/a
ISIC_0029996,nv,nv,0.0019080924,1.7190574e-05,auto_accept,n/a
ISIC_0028252,nv,nv,0.20048268,6.6704626e-05,auto_accept,n/a
ISIC_0030411,nv,nv,0.116764136,0.00011937593,auto_accept,n/a
ISIC_0025449,nv,nv,0.02491557,0.025490105,auto_accept,n/a
ISIC_0025816,nv,nv,0.6140655,0.052653912,auto_accept,n/a
ISIC_0033551,bcc,bcc,0.035215512,0.993934,auto_accept,n/a
ISIC_0026812,nv,nv,0.006302087,2.8470452e-06,auto_accept,n/a
ISIC_0033614,nv,nv,0.21755351,1.4765093e-05,auto_accept,n/a
ISIC_0028783,nv,nv,0.008814211,9.862332e-08,auto_accept,n/a
ISIC_0025255,nv,nv,0.016813202,9.084789e-06,auto_accept,n/a
ISIC_0033773,mel,mel,0.647249,0.7705945,auto_accept,n/a
ISIC_0026135,bkl,bkl,0.4918351,2.3123572e-05,auto_accept,n/a
ISIC_0026250,nv,nv,0.0025435975,9.757216e-08,auto_accept,n/a
ISIC_0029350,nv,nv,0.06721058,7.436272e-06,auto_accept,n/a
ISIC_0024695,nv,nv,0.036162432,0.005767067,auto_accept,n/a
ISIC_0032033,nv,nv,0.1267557,1.0060875e-05,auto_accept,n/a
ISIC_0034232,nv,nv,0.5662258,0.002876988,auto_accept,n/a
ISIC_0027949,nv,mel,0.76681316,0.6171978,escalate,n/a
ISIC_0032580,nv,nv,0.024422029,0.0010167845,auto_accept,n/a
ISIC_0030563,nv,nv,0.0025113705,9.0167555e-07,auto_accept,n/a
ISIC_0030628,nv,nv,0.07101309,1.4130669e-07,auto_accept,n/a
ISIC_0030828,mel,nv,0.12990013,0.008989956,auto_accept,n/a
ISIC_0029817,nv,nv,0.028365068,5.225749e-06,auto_accept,n/a
ISIC_0024442,nv,nv,0.03276821,9.29847e-06,auto_accept,n/a
ISIC_0027881,nv,nv,0.038587242,0.00011158008,auto_accept,n/a
ISIC_0028579,mel,nv,0.07098689,0.0006202541,auto_accept,n/a
ISIC_0027301,nv,nv,0.41113123,1.0824925e-06,auto_accept,n/a
ISIC_0024640,mel,mel,0.12656921,0.97172666,auto_accept,n/a
ISIC_0026491,nv,mel,0.27405685,0.9635593,auto_accept,n/a
ISIC_0028431,vasc,vasc,0.0076888804,0.0002639936,auto_accept,n/a
ISIC_0025131,bkl,bkl,0.0077248514,3.1844327e-06,auto_accept,n/a
ISIC_0031377,mel,nv,0.19458427,0.018616635,auto_accept,n/a
ISIC_0025132,mel,mel,0.5618106,0.7411106,auto_accept,n/a
ISIC_0031795,mel,mel,0.29220697,0.9160332,auto_accept,n/a
ISIC_0029250,nv,nv,0.0025136936,5.7004487e-05,auto_accept,n/a
ISIC_0033032,nv,nv,0.006392425,0.00031671274,auto_accept,n/a
ISIC_0032669,nv,nv,0.27266484,0.028428629,auto_accept,n/a
ISIC_0024503,nv,nv,0.07316427,0.008300699,auto_accept,n/a
ISIC_0024433,nv,nv,0.0043558283,8.143015e-06,auto_accept,n/a
ISIC_0025569,nv,nv,0.013350367,6.9291303e-07,auto_accept,n/a
ISIC_0027395,nv,nv,0.01851512,4.948283e-07,auto_accept,n/a
ISIC_0031555,nv,nv,0.08092479,0.0053537986,auto_accept,n/a
ISIC_0025729,nv,nv,0.06848774,3.3741705e-06,auto_accept,n/a
ISIC_0032948,nv,nv,0.23674154,0.0039221565,auto_accept,n/a
ISIC_0033355,nv,nv,0.72315186,0.35332897,escalate,n/a
ISIC_0034158,nv,mel,0.2761138,0.91946596,auto_accept,n/a
ISIC_0024983,nv,nv,0.0051469654,1.028814e-05,auto_accept,n/a
ISIC_0024372,akiec,akiec,0.44539943,0.8416686,auto_accept,n/a
ISIC_0024552,mel,mel,0.23270056,0.9026679,auto_accept,n/a
ISIC_0025557,bcc,bcc,0.021701194,0.99873704,auto_accept,n/a
ISIC_0025552,nv,nv,0.28425264,0.00013570518,auto_accept,n/a
ISIC_0026892,mel,nv,0.80042595,0.04149671,escalate,n/a
ISIC_0030075,nv,nv,0.01569378,4.3855087e-07,auto_accept,n/a
ISIC_0026846,bkl,bkl,0.20532216,0.009890688,auto_accept,n/a
ISIC_0033760,nv,nv,0.022112004,0.00020694768,auto_accept,n/a
ISIC_0026901,nv,nv,0.02341482,0.0009571084,auto_accept,n/a
ISIC_0029923,nv,nv,0.023530385,6.4705154e-07,auto_accept,n/a
ISIC_0030046,nv,nv,0.008084416,6.9475055e-07,auto_accept,n/a
ISIC_0024560,nv,nv,0.12251039,0.019943722,auto_accept,n/a
ISIC_0032823,mel,mel,0.84343004,0.9153308,escalate,n/a
ISIC_0031117,nv,nv,0.6063043,0.0074895113,auto_accept,n/a
ISIC_0030845,nv,nv,0.39672267,0.10697515,auto_accept,n/a
ISIC_0027765,nv,nv,0.10039342,2.317398e-06,auto_accept,n/a
ISIC_0027033,mel,bkl,0.035294656,0.001853593,auto_accept,n/a
ISIC_0032293,nv,nv,0.006380414,0.00011044928,auto_accept,n/a
ISIC_0025452,vasc,vasc,3.8914004e-06,1.13308415e-05,auto_accept,n/a
ISIC_0031690,nv,nv,0.007332326,0.00022548146,auto_accept,n/a
ISIC_0025570,nv,nv,0.06630301,2.1126521e-05,auto_accept,n/a
ISIC_0024598,nv,nv,0.015337857,1.5028384e-06,auto_accept,n/a
ISIC_0030705,bkl,bkl,0.0013326867,1.6261615e-06,auto_accept,n/a
ISIC_0029781,akiec,akiec,0.019253986,0.9978951,auto_accept,n/a
ISIC_0031466,nv,bkl,0.3086096,8.531565e-05,auto_accept,n/a
ISIC_0033669,nv,nv,0.00831755,8.761497e-05,auto_accept,n/a
ISIC_0027963,nv,nv,0.023146233,0.00025782545,auto_accept,n/a
ISIC_0031500,nv,nv,0.13816811,1.6358363e-06,auto_accept,n/a
ISIC_0031725,nv,nv,0.31157726,0.03992119,auto_accept,n/a
ISIC_0033759,nv,nv,0.019246804,0.00080036774,auto_accept,n/a
ISIC_0024776,nv,nv,0.0183071,6.277697e-05,auto_accept,n/a
ISIC_0028446,nv,nv,0.10350685,0.00026327773,auto_accept,n/a
ISIC_0025573,mel,mel,0.7376747,0.44188935,escalate,n/a
ISIC_0033001,bcc,bcc,0.050272584,0.9993924,auto_accept,n/a
ISIC_0030265,nv,nv,0.0027293372,1.4790171e-06,auto_accept,n/a
ISIC_0028435,nv,nv,0.015544272,2.0255509e-06,auto_accept,n/a
ISIC_0033625,nv,nv,0.06547177,0.005667669,auto_accept,n/a
ISIC_0024421,nv,nv,0.06494518,0.0006431784,auto_accept,n/a
ISIC_0031818,nv,nv,0.02700629,1.12123425e-05,auto_accept,n/a
ISIC_0027382,nv,nv,0.21336174,0.019776635,auto_accept,n/a
ISIC_0032170,bkl,bkl,0.40506703,6.383918e-05,auto_accept,n/a
ISIC_0026149,akiec,akiec,0.09377955,0.8920084,auto_accept,n/a
ISIC_0029322,nv,nv,0.044716064,0.00028089707,auto_accept,n/a
ISIC_0028903,nv,nv,0.7176991,0.53445023,auto_accept,n/a
ISIC_0025385,nv,nv,0.0063139657,2.2641818e-06,auto_accept,n/a
ISIC_0030213,nv,nv,0.15667474,0.00030636459,auto_accept,n/a
ISIC_0026305,nv,nv,0.12559871,0.0022023804,auto_accept,n/a
ISIC_0033159,nv,nv,0.0032954917,9.8862896e-05,auto_accept,n/a
ISIC_0026891,nv,nv,0.007851103,2.4965184e-06,auto_accept,n/a
ISIC_0027440,nv,nv,0.93782437,8.075074e-05,escalate,n/a
ISIC_0028428,nv,nv,0.0018037,1.2892026e-06,auto_accept,n/a
ISIC_0024912,nv,nv,0.040924363,6.481915e-05,auto_accept,n/a
ISIC_0032520,nv,nv,0.49989384,0.11610774,auto_accept,n/a
ISIC_0032553,bkl,mel,0.59887636,0.80155903,auto_accept,n/a
ISIC_0025556,nv,nv,0.012408095,5.152686e-05,auto_accept,n/a
ISIC_0029033,mel,nv,0.34041473,0.08489078,auto_accept,n/a
ISIC_0030355,nv,nv,0.13969743,2.4603754e-05,auto_accept,n/a
ISIC_0028630,nv,nv,0.00072166196,1.3986407e-07,auto_accept,n/a
ISIC_0034177,nv,nv,0.03850846,7.670224e-05,auto_accept,n/a
ISIC_0031524,nv,nv,0.10843646,7.132808e-05,auto_accept,n/a
ISIC_0025073,nv,nv,0.1865599,0.011937138,auto_accept,n/a
ISIC_0024649,nv,nv,0.024033953,0.001376003,auto_accept,n/a
ISIC_0030713,nv,nv,0.0033621842,1.13043e-05,auto_accept,n/a
ISIC_0027859,bkl,akiec,0.14267083,0.97391516,auto_accept,n/a
ISIC_0031414,nv,nv,0.0097681815,0.0005122379,auto_accept,n/a
ISIC_0026075,nv,nv,0.01065376,3.017662e-08,auto_accept,n/a
ISIC_0034121,nv,nv,0.06556213,0.0007775998,auto_accept,n/a
ISIC_0026121,nv,nv,0.004131684,4.891259e-07,auto_accept,n/a
ISIC_0030513,nv,nv,0.0276132,9.555376e-05,auto_accept,n/a
ISIC_0024719,nv,nv,0.005824832,4.444532e-06,auto_accept,n/a
ISIC_0031240,nv,nv,0.02774712,6.6079733e-06,auto_accept,n/a
ISIC_0029035,bcc,akiec,0.12814698,0.99355894,auto_accept,n/a
ISIC_0031106,nv,df,0.043360904,1.9013754e-05,auto_accept,n/a
ISIC_0030583,bkl,nv,0.5841928,1.7320275e-05,auto_accept,n/a
ISIC_0025486,nv,nv,0.008440254,5.2375e-05,auto_accept,n/a
ISIC_0025202,nv,nv,0.019833062,4.6382927e-05,auto_accept,n/a
ISIC_0030147,nv,nv,0.0007477572,3.2868854e-07,auto_accept,n/a
ISIC_0026217,nv,nv,0.00887981,0.00074128795,auto_accept,n/a
ISIC_0028859,nv,nv,0.26133418,0.030584652,auto_accept,n/a
ISIC_0031055,nv,nv,0.11724928,2.2878821e-05,auto_accept,n/a
ISIC_0029015,nv,nv,0.046417724,7.0639295e-08,auto_accept,n/a
ISIC_0025287,nv,nv,0.10750194,0.008607048,auto_accept,n/a
ISIC_0025161,nv,nv,0.010691132,1.1469708e-05,auto_accept,n/a
ISIC_0030565,bkl,akiec,0.4627584,0.9597682,auto_accept,n/a
ISIC_0024990,nv,nv,0.0021082724,2.2253653e-07,auto_accept,n/a
ISIC_0033997,nv,nv,0.093600966,0.0029434299,auto_accept,n/a
ISIC_0032517,mel,mel,0.047626413,0.9923333,auto_accept,n/a
ISIC_0032021,nv,nv,0.009602221,0.00077275105,auto_accept,n/a
ISIC_0027536,akiec,akiec,0.07670567,0.9988092,auto_accept,n/a
ISIC_0032942,nv,nv,0.004663362,0.00016990303,auto_accept,n/a
ISIC_0030641,nv,nv,0.21640879,0.00011084368,auto_accept,n/a
ISIC_0027697,nv,nv,0.5710028,0.1648997,auto_accept,n/a
ISIC_0025607,nv,nv,0.13652292,2.1865444e-05,auto_accept,n/a
ISIC_0029694,nv,nv,0.008986298,1.0904614e-06,auto_accept,n/a
ISIC_0025169,nv,mel,0.3941811,0.78407323,auto_accept,n/a
ISIC_0026607,bkl,bcc,0.034144618,0.9839743,auto_accept,n/a
ISIC_0030677,bkl,mel,0.8273986,0.5506469,escalate,n/a
ISIC_0033141,mel,mel,0.051710572,0.99134,auto_accept,n/a
ISIC_0030015,df,df,0.00028254464,0.00040980568,auto_accept,n/a
ISIC_0032853,nv,nv,0.025598407,0.00018648784,auto_accept,n/a
ISIC_0024368,nv,nv,0.0033733125,4.2353176e-07,auto_accept,n/a
ISIC_0030985,nv,nv,0.0128727965,3.7394233e-07,auto_accept,n/a
ISIC_0027219,bkl,bkl,0.04779675,0.035800565,auto_accept,n/a
ISIC_0026431,nv,nv,0.014507681,0.00031760082,auto_accept,n/a
ISIC_0025511,nv,nv,0.12245491,0.00011992347,auto_accept,n/a
ISIC_0024583,nv,nv,0.00020352619,5.9218387e-06,auto_accept,n/a
ISIC_0029458,nv,nv,0.0067893234,0.0003189417,auto_accept,n/a
ISIC_0030994,nv,nv,0.16451304,0.00020268641,auto_accept,n/a
ISIC_0025123,nv,nv,0.6164587,0.10783927,auto_accept,n/a
ISIC_0024451,nv,nv,0.07589573,4.4960314e-05,auto_accept,n/a
ISIC_0026659,nv,nv,0.46835035,2.4174824e-07,auto_accept,n/a
ISIC_0027871,nv,nv,0.025457025,8.537271e-05,auto_accept,n/a
ISIC_0026292,nv,nv,0.016443094,5.1306408e-05,auto_accept,n/a
ISIC_0028409,nv,nv,0.04673289,1.07968535e-05,auto_accept,n/a
ISIC_0030917,nv,nv,0.0041289176,7.7677454e-05,auto_accept,n/a
ISIC_0026479,nv,nv,0.22985192,3.963451e-05,auto_accept,n/a
ISIC_0031137,nv,nv,0.026256517,0.0002890327,auto_accept,n/a
ISIC_0025739,nv,nv,0.030723168,1.7519725e-06,auto_accept,n/a
ISIC_0029640,nv,nv,0.07621038,0.0002882179,auto_accept,n/a
ISIC_0028712,nv,nv,0.0012998726,4.3513637e-07,auto_accept,n/a
ISIC_0033037,mel,mel,0.5393213,0.8351336,auto_accept,n/a
ISIC_0028959,nv,nv,0.0052655065,2.6033686e-06,auto_accept,n/a
ISIC_0029804,nv,nv,0.0078864675,6.943743e-06,auto_accept,n/a
ISIC_0025639,nv,nv,0.7141114,0.27091497,auto_accept,n/a
ISIC_0027805,nv,nv,0.047902405,1.8973216e-05,auto_accept,n/a
ISIC_0032169,nv,nv,0.009779179,2.3726648e-07,auto_accept,n/a
ISIC_0033549,nv,nv,0.050307438,0.00067098555,auto_accept,n/a
ISIC_0033400,bkl,bkl,0.006352215,0.0010290293,auto_accept,n/a
ISIC_0025560,nv,nv,0.002830662,2.9461194e-06,auto_accept,n/a
ISIC_0028137,nv,nv,0.008348968,7.3363176e-06,auto_accept,n/a
ISIC_0032472,nv,nv,0.018287377,0.0014011046,auto_accept,n/a
ISIC_0028006,nv,nv,0.008644963,0.00021928831,auto_accept,n/a
ISIC_0028175,nv,nv,0.05672663,0.00291271,auto_accept,n/a
ISIC_0027520,nv,nv,0.0002613684,3.4153143e-07,auto_accept,n/a
ISIC_0029990,nv,nv,0.00066088967,9.201262e-07,auto_accept,n/a
ISIC_0024344,nv,mel,0.49291945,0.86078393,auto_accept,n/a
ISIC_0027318,nv,nv,0.014259089,1.87893e-05,auto_accept,n/a
ISIC_0026169,nv,nv,0.014635489,4.972977e-06,auto_accept,n/a
ISIC_0026808,nv,nv,0.008710709,4.8827882e-05,auto_accept,n/a
ISIC_0032291,nv,nv,0.010714089,0.00074035535,auto_accept,n/a
ISIC_0028610,nv,nv,0.013655064,0.0014438138,auto_accept,n/a
ISIC_0033862,nv,nv,0.19236112,0.009295783,auto_accept,n/a
ISIC_0031939,nv,nv,0.10376653,1.407997e-06,auto_accept,n/a
ISIC_0032372,mel,mel,0.51302856,0.99532604,auto_accept,n/a
ISIC_0025526,bkl,bkl,0.06540287,0.0023813637,auto_accept,n/a
ISIC_0031546,nv,nv,0.35845765,0.13415007,auto_accept,n/a
ISIC_0033646,bkl,bkl,0.045009132,0.00039556576,auto_accept,n/a
ISIC_0029623,nv,nv,0.014816576,3.6334588e-06,auto_accept,n/a
ISIC_0029563,akiec,mel,0.7729359,0.93002594,escalate,n/a
ISIC_0029482,nv,nv,0.010525957,1.45798895e-05,auto_accept,n/a
ISIC_0026866,nv,nv,0.29056787,0.044255238,auto_accept,n/a
ISIC_0028098,nv,bkl,0.10052157,3.4814562e-05,auto_accept,n/a
ISIC_0032237,nv,nv,0.007253371,2.8806362e-05,auto_accept,n/a
ISIC_0029199,nv,nv,0.21341138,0.0027292946,auto_accept,n/a
ISIC_0030419,nv,nv,0.004532555,7.461323e-07,auto_accept,n/a
ISIC_0030231,bkl,akiec,0.26219624,0.959553,auto_accept,n/a
ISIC_0027828,bkl,nv,0.74398386,0.0057776575,escalate,n/a
ISIC_0028765,bcc,bcc,8.687351e-05,0.9999945,auto_accept,n/a
ISIC_0024752,nv,nv,0.19725938,0.00013071854,auto_accept,n/a
ISIC_0030310,bkl,bkl,0.9042909,0.61171204,escalate,n/a
ISIC_0031723,nv,nv,0.0057927836,4.2935054e-07,auto_accept,n/a
ISIC_0033362,mel,mel,0.361128,0.8086311,auto_accept,n/a
ISIC_0025863,nv,nv,0.016588693,0.0002707999,auto_accept,n/a
ISIC_0028866,nv,nv,0.106751755,0.012621116,auto_accept,n/a
ISIC_0027433,bcc,bcc,0.10014358,0.9975362,auto_accept,n/a
ISIC_0030667,nv,nv,0.007990639,0.00013541112,auto_accept,n/a
ISIC_0030716,nv,nv,0.0052864663,3.2037e-05,auto_accept,n/a
ISIC_0031696,nv,nv,0.009379001,6.066731e-05,auto_accept,n/a
ISIC_0031837,nv,nv,0.009303351,3.0028948e-05,auto_accept,n/a
ISIC_0034083,nv,nv,0.21698792,0.003246312,auto_accept,n/a
ISIC_0027606,bkl,bkl,0.22061194,0.003505505,auto_accept,n/a
ISIC_0027897,nv,nv,0.021769004,0.0014178043,auto_accept,n/a
ISIC_0025962,nv,nv,0.02243978,0.00019026488,auto_accept,n/a
ISIC_0027942,nv,nv,0.019891733,2.4491071e-06,auto_accept,n/a
ISIC_0024993,nv,nv,0.041405223,0.0007113571,auto_accept,n/a
ISIC_0025749,nv,nv,0.048306536,8.411359e-08,auto_accept,n/a
ISIC_0032559,mel,bkl,1.4605305,0.117557324,escalate,n/a
ISIC_0027272,nv,nv,0.0147548225,7.785143e-08,auto_accept,n/a
ISIC_0027839,nv,nv,0.5679339,0.22262213,auto_accept,n/a
ISIC_0025819,bkl,bkl,0.033005685,0.0005825945,auto_accept,n/a
ISIC_0033053,nv,nv,0.035852734,0.00034565895,auto_accept,n/a
ISIC_0027926,nv,nv,0.0032973026,8.299279e-08,auto_accept,n/a
ISIC_0031283,nv,nv,0.0010538476,1.6717345e-06,auto_accept,n/a
ISIC_0026664,mel,nv,0.7417547,0.007400085,escalate,n/a
ISIC_0024705,bkl,bkl,0.03974921,0.012522142,auto_accept,n/a
ISIC_0026699,nv,nv,0.008684548,9.87052e-05,auto_accept,n/a
ISIC_0034181,nv,nv,0.2370899,0.0007741226,auto_accept,n/a
ISIC_0026685,nv,nv,0.07886945,4.5126286e-05,auto_accept,n/a
ISIC_0026039,nv,nv,0.0060339896,1.978846e-08,auto_accept,n/a
ISIC_0026318,nv,nv,0.12692928,0.0042693187,auto_accept,n/a
ISIC_0026278,nv,nv,0.027213488,0.00010374118,auto_accept,n/a
ISIC_0025487,nv,nv,0.008652357,8.0900725e-05,auto_accept,n/a
ISIC_0031782,nv,nv,0.018223083,0.000113382404,auto_accept,n/a
ISIC_0026256,nv,nv,0.0049989703,1.4342153e-05,auto_accept,n/a
ISIC_0029435,nv,nv,0.30788758,0.05880257,auto_accept,n/a
ISIC_0032993,mel,mel,0.004318502,0.99934906,auto_accept,n/a
ISIC_0028234,nv,nv,0.011644408,0.00026252726,auto_accept,n/a
ISIC_0028263,nv,nv,0.017552828,0.00074980035,auto_accept,n/a
ISIC_0026617,nv,nv,0.01650379,8.420752e-06,auto_accept,n/a
ISIC_0028770,nv,nv,0.014468344,2.8142947e-06,auto_accept,n/a
ISIC_0030184,nv,nv,0.13634989,0.015012696,auto_accept,n/a
ISIC_0028775,nv,nv,0.13317338,4.005472e-06,auto_accept,n/a
ISIC_0026540,nv,nv,0.08313686,0.0013430625,auto_accept,n/a
ISIC_0025804,bkl,nv,0.6876042,4.5107527e-06,auto_accept,n/a
ISIC_0028845,nv,nv,0.011832358,6.751752e-05,auto_accept,n/a
ISIC_0027521,nv,nv,0.024981977,3.2137275e-05,auto_accept,n/a
ISIC_0032541,nv,nv,0.24543938,0.002573087,auto_accept,n/a
ISIC_0032193,nv,nv,0.08526585,2.113037e-05,auto_accept,n/a
ISIC_0031042,nv,mel,0.7109924,0.3823202,auto_accept,n/a
ISIC_0030121,nv,nv,0.4936637,0.26336017,auto_accept,n/a
ISIC_0024769,nv,nv,0.0004511022,7.2172105e-07,auto_accept,n/a
ISIC_0026074,bcc,bcc,0.00019974202,0.9999887,auto_accept,n/a
ISIC_0030517,nv,nv,0.0006444689,7.460652e-09,auto_accept,n/a
ISIC_0026536,nv,nv,0.00236378,4.2469586e-05,auto_accept,n/a
ISIC_0024650,nv,nv,0.40707427,6.120583e-06,auto_accept,n/a
ISIC_0028798,nv,nv,0.048470512,0.0013091393,auto_accept,n/a
ISIC_0026486,nv,nv,0.005385098,2.9406086e-05,auto_accept,n/a
ISIC_0034234,nv,nv,0.009403993,0.00022055587,auto_accept,n/a
ISIC_0030518,nv,nv,0.007021489,4.754099e-05,auto_accept,n/a
ISIC_0026372,nv,mel,0.6991486,0.54919285,auto_accept,n/a
ISIC_0031155,nv,nv,0.0056385854,0.00036885453,auto_accept,n/a
ISIC_0032496,nv,nv,0.5151195,0.0028212632,auto_accept,n/a
ISIC_0025841,nv,nv,0.0067783627,4.417221e-05,auto_accept,n/a
ISIC_0028975,nv,nv,0.013242042,4.1242867e-05,auto_accept,n/a
ISIC_0030424,nv,nv,0.026587281,5.1724273e-05,auto_accept,n/a
ISIC_0026867,bkl,bkl,0.6844836,0.00023019685,auto_accept,n/a
ISIC_0028788,nv,nv,0.0036225584,3.335734e-07,auto_accept,n/a
ISIC_0031371,nv,nv,0.009810416,3.175144e-06,auto_accept,n/a
ISIC_0031796,nv,nv,0.6308073,0.0012070198,auto_accept,n/a
ISIC_0025740,nv,nv,0.0019811976,2.6259e-06,auto_accept,n/a
ISIC_0030690,bcc,bcc,0.006347477,0.9989875,auto_accept,n/a
ISIC_0026506,mel,nv,0.71208054,0.0068926467,auto_accept,n/a
ISIC_0032417,bkl,bkl,0.047871847,4.5431218e-05,auto_accept,n/a
ISIC_0031211,akiec,akiec,0.12240024,0.7884925,auto_accept,n/a
ISIC_0030181,bcc,bcc,0.15939395,0.99811953,auto_accept,n/a
ISIC_0032624,mel,bkl,0.75081325,0.0038024671,escalate,n/a
ISIC_0031079,nv,nv,0.005511896,6.767035e-05,auto_accept,n/a
ISIC_0027009,nv,nv,0.022796169,8.3024344e-05,auto_accept,n/a
ISIC_0030373,nv,nv,0.025432216,1.3319467e-06,auto_accept,n/a
ISIC_0028721,nv,nv,0.12687281,1.717507e-05,auto_accept,n/a
ISIC_0026358,nv,nv,0.36433643,0.00017789076,auto_accept,n/a
ISIC_0027661,nv,nv,0.003559016,8.263893e-06,auto_accept,n/a
ISIC_0025282,nv,nv,0.02512249,8.5215197e-07,auto_accept,n/a
ISIC_0033863,mel,nv,0.6959471,0.20377055,auto_accept,n/a
ISIC_0028970,bkl,bkl,0.77716124,0.61025643,escalate,n/a
ISIC_0027667,nv,mel,0.6207245,0.5644214,auto_accept,n/a
ISIC_0033936,nv,nv,0.3429857,0.07900563,auto_accept,n/a
ISIC_0030479,nv,nv,0.08254012,0.0050259694,auto_accept,n/a
ISIC_0030127,nv,nv,0.12889904,0.00087557494,auto_accept,n/a
ISIC_0025171,nv,vasc,0.0057236603,8.3336876e-05,auto_accept,n/a
ISIC_0029693,nv,nv,0.42134485,0.17810228,auto_accept,n/a
ISIC_0032211,nv,nv,0.057216577,2.0566051e-06,auto_accept,n/a
ISIC_0025706,nv,nv,0.00026733705,1.6281805e-07,auto_accept,n/a
ISIC_0032071,nv,nv,0.17918357,5.6944946e-06,auto_accept,n/a
ISIC_0030523,nv,nv,0.002685835,1.5483844e-05,auto_accept,n/a
ISIC_0024724,nv,nv,0.013412901,0.00029480306,auto_accept,n/a
ISIC_0025723,nv,nv,0.08984925,0.000967514,auto_accept,n/a
ISIC_0024754,nv,nv,0.020178922,1.8614734e-05,auto_accept,n/a
ISIC_0030793,nv,nv,0.080705926,0.0065106913,auto_accept,n/a
ISIC_0026543,nv,nv,0.026308436,5.519489e-06,auto_accept,n/a
ISIC_0034301,nv,nv,0.7805145,0.009150792,escalate,n/a
ISIC_0028406,vasc,vasc,4.372536e-05,0.0001421353,auto_accept,n/a
ISIC_0034022,mel,mel,0.28555986,0.9242641,auto_accept,n/a
ISIC_0027028,nv,nv,0.04223158,1.6656979e-05,auto_accept,n/a
ISIC_0030210,nv,nv,0.23029336,0.0011908273,auto_accept,n/a
ISIC_0030357,nv,nv,0.07542306,3.193669e-06,auto_accept,n/a
ISIC_0032992,nv,nv,0.0091595445,0.00011241329,auto_accept,n/a
ISIC_0030997,nv,nv,0.023151364,2.5653205e-06,auto_accept,n/a
ISIC_0029316,mel,mel,0.33927062,0.92676646,auto_accept,n/a
ISIC_0031251,nv,nv,0.031654075,0.00015835949,auto_accept,n/a
ISIC_0033565,vasc,vasc,7.5644793e-06,8.13204e-05,auto_accept,n/a
ISIC_0030112,nv,nv,0.0111482255,3.511e-05,auto_accept,n/a
ISIC_0025395,nv,nv,0.0027443024,1.7191689e-05,auto_accept,n/a
ISIC_0033488,bkl,bkl,0.08378197,0.00020126575,auto_accept,n/a
ISIC_0025822,nv,nv,0.0152438,0.0008617682,auto_accept,n/a
ISIC_0027096,nv,nv,0.006694555,1.3604229e-05,auto_accept,n/a
ISIC_0026238,nv,nv,0.023647606,5.407679e-07,auto_accept,n/a
ISIC_0033373,nv,bkl,0.30728444,0.013356261,auto_accept,n/a
ISIC_0027081,nv,nv,0.002144427,2.1810213e-06,auto_accept,n/a
ISIC_0031693,nv,nv,0.0064403033,6.383437e-05,auto_accept,n/a
ISIC_0026181,nv,nv,0.009659315,8.430842e-08,auto_accept,n/a
ISIC_0026293,nv,nv,0.6036384,0.23598997,auto_accept,n/a
ISIC_0028867,nv,nv,0.011429933,1.6099706e-05,auto_accept,n/a
ISIC_0031084,nv,nv,0.0037689658,3.3344345e-06,auto_accept,n/a
ISIC_0028980,bcc,bcc,0.0030163662,0.99947315,auto_accept,n/a
ISIC_0028288,mel,nv,0.4487103,0.11186179,auto_accept,n/a
ISIC_0030853,nv,nv,0.0026421277,1.572811e-05,auto_accept,n/a
ISIC_0033054,bcc,bcc,0.47208005,0.8123769,auto_accept,n/a
ISIC_0026788,nv,nv,0.0109897405,3.4756573e-05,auto_accept,n/a
ISIC_0030062,nv,nv,0.0013459772,3.0359627e-06,auto_accept,n/a
ISIC_0030671,nv,nv,0.0063911355,5.5048897e-08,auto_accept,n/a
ISIC_0028067,nv,nv,0.6549977,0.014064553,auto_accept,n/a
ISIC_0034225,nv,nv,0.0718067,0.011957497,auto_accept,n/a
ISIC_0025429,nv,nv,0.012844343,0.00076175324,auto_accept,n/a
ISIC_0032089,nv,nv,0.0032571445,6.9418493e-06,auto_accept,n/a
ISIC_0026301,bkl,mel,0.14300369,0.9643127,auto_accept,n/a
ISIC_0026194,akiec,akiec,0.39926228,0.97900414,auto_accept,n/a
ISIC_0030884,nv,nv,0.0024139492,1.2256675e-07,auto_accept,n/a
ISIC_0029711,nv,nv,0.038916297,1.2360421e-05,auto_accept,n/a
ISIC_0031699,nv,nv,0.5611942,0.0004968934,auto_accept,n/a
ISIC_0032797,mel,mel,0.09745205,0.96870035,auto_accept,n/a
ISIC_0032248,mel,mel,0.028515227,0.9974673,auto_accept,n/a
ISIC_0028361,mel,mel,0.18529202,0.9280874,auto_accept,n/a
ISIC_0029400,nv,nv,0.016501885,0.00010110159,auto_accept,n/a
ISIC_0029234,nv,nv,0.06532809,0.000114314076,auto_accept,n/a
ISIC_0031647,nv,nv,0.0033351285,1.1512811e-06,auto_accept,n/a
ISIC_0028794,nv,nv,0.025460416,4.9551483e-05,auto_accept,n/a
ISIC_0031009,bcc,bcc,0.07000798,0.99739134,auto_accept,n/a
ISIC_0032134,mel,mel,0.07876149,0.9830813,auto_accept,n/a
ISIC_0026803,bkl,bkl,0.012793784,0.00067849876,auto_accept,n/a
ISIC_0028949,nv,nv,0.0069659995,7.314064e-05,auto_accept,n/a
ISIC_0030420,nv,nv,0.051862054,0.004623557,auto_accept,n/a
ISIC_0028072,nv,nv,0.019937064,0.00014108475,auto_accept,n/a
ISIC_0030540,nv,nv,0.01708206,2.8452996e-06,auto_accept,n/a
ISIC_0029356,nv,nv,0.059454177,0.00059550634,auto_accept,n/a
ISIC_0033236,nv,nv,0.29646486,0.048742548,auto_accept,n/a
ISIC_0028393,akiec,akiec,0.019016089,0.9975853,auto_accept,n/a
ISIC_0028863,nv,nv,0.09252652,0.00037664844,auto_accept,n/a
ISIC_0028083,nv,nv,0.023764666,0.00019837517,auto_accept,n/a
ISIC_0025182,akiec,df,0.018800719,0.019382,auto_accept,n/a
ISIC_0034037,bkl,nv,0.7527605,0.0069404384,escalate,n/a
ISIC_0026371,nv,nv,0.6649888,2.2558022e-06,auto_accept,n/a
ISIC_0027007,nv,nv,0.10752471,0.0068144794,auto_accept,n/a
ISIC_0027057,bcc,bcc,0.1169763,0.97937244,auto_accept,n/a
ISIC_0027019,nv,nv,0.012098638,4.6706766e-05,auto_accept,n/a
ISIC_0029525,bkl,akiec,0.24517654,0.9149733,auto_accept,n/a
ISIC_0027762,nv,nv,0.072139025,1.0984734e-06,auto_accept,n/a
ISIC_0026385,nv,nv,0.50937134,2.8839677e-05,auto_accept,n/a
ISIC_0033174,mel,nv,0.14948198,0.0030590773,auto_accept,n/a
ISIC_0026161,nv,nv,0.004226759,1.695567e-07,auto_accept,n/a
ISIC_0029896,nv,nv,0.14053588,0.0013447164,auto_accept,n/a
ISIC_0030242,akiec,akiec,0.017793667,0.9994142,auto_accept,n/a
ISIC_0032583,mel,mel,0.2163135,0.94072115,auto_accept,n/a
ISIC_0030368,nv,nv,0.009897736,3.3297506e-06,auto_accept,n/a
ISIC_0027191,nv,nv,0.029333882,2.0987125e-06,auto_accept,n/a
ISIC_0032152,mel,mel,0.24737483,0.92764515,auto_accept,n/a
ISIC_0024674,nv,nv,0.20524761,0.011098658,auto_accept,n/a
ISIC_0028492,nv,nv,0.3577494,7.35442e-05,auto_accept,n/a
ISIC_0027344,bkl,bkl,0.09641092,0.06868811,auto_accept,n/a
ISIC_0024887,nv,nv,0.0051764157,3.7638238e-05,auto_accept,n/a
ISIC_0027981,nv,nv,0.022595417,8.030713e-06,auto_accept,n/a
ISIC_0028947,nv,nv,0.3947813,0.00024892972,auto_accept,n/a
ISIC_0027910,nv,nv,0.017167827,5.6459314e-05,auto_accept,n/a
ISIC_0032386,nv,nv,0.0019407152,2.3281145e-06,auto_accept,n/a
ISIC_0025061,nv,nv,0.015379913,0.00017995299,auto_accept,n/a
ISIC_0028248,nv,nv,0.0031018683,1.5775371e-05,auto_accept,n/a
ISIC_0025445,nv,nv,0.021124467,0.0007079675,auto_accept,n/a
ISIC_0028919,nv,nv,0.008658245,6.1169067e-06,auto_accept,n/a
ISIC_0026302,nv,nv,0.0008387454,2.7237882e-06,auto_accept,n/a
ISIC_0029791,bkl,mel,0.32464087,0.8612193,auto_accept,n/a
ISIC_0031194,nv,nv,0.25632736,0.005555072,auto_accept,n/a
ISIC_0031874,akiec,akiec,0.005222624,0.9995969,auto_accept,n/a
ISIC_0028555,bkl,bkl,0.048903115,0.01761547,auto_accept,n/a
ISIC_0025294,nv,nv,0.01081765,3.3800634e-07,auto_accept,n/a
ISIC_0024388,nv,nv,0.3673781,2.2356755e-05,auto_accept,n/a
ISIC_0025227,nv,nv,0.0153798675,7.921392e-05,auto_accept,n/a
ISIC_0029646,nv,nv,5.0986735e-05,2.1798803e-08,auto_accept,n/a
ISIC_0034042,nv,nv,0.6223577,0.28635257,auto_accept,n/a
ISIC_0025929,nv,nv,0.01626002,6.811486e-06,auto_accept,n/a
ISIC_0027673,mel,mel,0.05305114,0.98738617,auto_accept,n/a
ISIC_0030102,nv,nv,0.18819731,0.00016664833,auto_accept,n/a
ISIC_0033284,bkl,bkl,0.22075008,0.00017793964,auto_accept,n/a
ISIC_0025093,nv,nv,0.011856859,4.957428e-07,auto_accept,n/a
ISIC_0026192,bcc,bcc,0.0053230864,0.9988116,auto_accept,n/a
ISIC_0032097,nv,nv,0.07541962,4.1300916e-07,auto_accept,n/a
ISIC_0025116,nv,nv,0.093483314,0.0010114363,auto_accept,n/a
ISIC_0028135,nv,nv,0.28176302,0.01442282,auto_accept,n/a
ISIC_0032004,nv,nv,0.22909974,0.0003791953,auto_accept,n/a
ISIC_0027502,mel,nv,0.16826023,0.0006308273,auto_accept,n/a
ISIC_0025032,bkl,bkl,0.18089695,0.029186117,auto_accept,n/a
ISIC_0033849,nv,mel,0.64998543,0.54317194,auto_accept,n/a
ISIC_0033756,nv,nv,0.28758895,0.007855822,auto_accept,n/a
ISIC_0026487,nv,nv,0.3931245,0.12173691,auto_accept,n/a
ISIC_0033185,bkl,mel,0.7346202,0.7017023,escalate,n/a
ISIC_0026482,nv,nv,0.016120994,0.00012881769,auto_accept,n/a
ISIC_0025756,nv,nv,0.025245493,4.082954e-05,auto_accept,n/a
ISIC_0025080,nv,nv,0.085312426,7.120684e-05,auto_accept,n/a
ISIC_0027709,nv,nv,0.20128185,0.000121769364,auto_accept,n/a
ISIC_0028471,nv,nv,0.023517929,3.576188e-05,auto_accept,n/a
ISIC_0030399,nv,nv,0.2587335,0.00088351045,auto_accept,n/a
ISIC_0030624,nv,nv,0.0026307562,1.2729053e-06,auto_accept,n/a
ISIC_0030643,nv,nv,0.1242584,2.0863656e-05,auto_accept,n/a
ISIC_0024307,nv,nv,0.014178395,0.00020183595,auto_accept,n/a
ISIC_0027397,nv,df,0.18082455,0.02956121,auto_accept,n/a
ISIC_0029334,nv,nv,0.039925497,0.00013253963,auto_accept,n/a
ISIC_0029797,nv,nv,0.010160503,1.5763803e-08,auto_accept,n/a
ISIC_0032388,nv,nv,0.48181775,0.03899624,auto_accept,n/a
ISIC_0029579,nv,nv,0.00047545636,1.7537895e-08,auto_accept,n/a
ISIC_0030567,nv,nv,0.13751532,8.169243e-06,auto_accept,n/a
ISIC_0027974,nv,nv,0.5183293,0.00075025257,auto_accept,n/a
ISIC_0027253,mel,mel,0.32994515,0.9037927,auto_accept,n/a
ISIC_0024632,bcc,bcc,0.1436245,0.95195854,auto_accept,n/a
ISIC_0027887,nv,nv,0.09568895,5.382649e-05,auto_accept,n/a
ISIC_0030581,nv,nv,0.06274118,0.0016115829,auto_accept,n/a
ISIC_0025736,nv,nv,0.10207196,0.00013421715,auto_accept,n/a
ISIC_0033720,bcc,bcc,0.07969289,0.98547935,auto_accept,n/a
ISIC_0031826,nv,nv,0.01335242,3.1124764e-05,auto_accept,n/a
ISIC_0027827,nv,nv,0.61277896,0.4149854,auto_accept,n/a
ISIC_0025146,nv,nv,0.07503537,0.002158388,auto_accept,n/a
ISIC_0027446,nv,nv,0.011680092,1.1512208e-06,auto_accept,n/a
ISIC_0028862,nv,nv,0.020584773,1.3013084e-05,auto_accept,n/a
ISIC_0028084,bcc,bcc,0.0038350478,0.9883903,auto_accept,n/a
ISIC_0025343,nv,nv,0.0024987308,4.9297243e-05,auto_accept,n/a
ISIC_0027707,nv,nv,0.08108646,0.00011361272,auto_accept,n/a
ISIC_0033981,mel,mel,0.5967333,0.59531647,auto_accept,n/a
ISIC_0025698,nv,nv,0.0019844975,4.5417805e-06,auto_accept,n/a
ISIC_0030852,nv,nv,0.04740394,0.000102076905,auto_accept,n/a
ISIC_0026770,mel,nv,0.3998131,0.10949661,auto_accept,n/a
ISIC_0028468,nv,nv,0.4184281,0.0020614767,auto_accept,n/a
ISIC_0024591,nv,nv,0.0013939441,7.496143e-07,auto_accept,n/a
ISIC_0026450,nv,nv,6.404969e-05,4.1056058e-08,auto_accept,n/a
ISIC_0028356,nv,nv,0.1455307,2.4317826e-06,auto_accept,n/a
ISIC_0032106,nv,nv,0.004573286,6.848149e-07,auto_accept,n/a
ISIC_0029319,mel,mel,0.16103181,0.9735874,auto_accept,n/a
ISIC_0029461,nv,nv,0.04954378,2.5846964e-05,auto_accept,n/a
ISIC_0025538,nv,nv,0.023597555,9.73383e-07,auto_accept,n/a
ISIC_0029852,nv,nv,0.01376547,1.0897923e-05,auto_accept,n/a
ISIC_0029459,nv,mel,0.7084142,0.4407414,auto_accept,n/a
ISIC_0032676,nv,nv,0.08766405,0.00048260106,auto_accept,n/a
ISIC_0028048,nv,bkl,0.5963537,6.629141e-07,auto_accept,n/a
ISIC_0030498,nv,nv,0.0044823424,1.616991e-06,auto_accept,n/a
ISIC_0027516,nv,nv,0.21503837,3.5368892e-06,auto_accept,n/a
ISIC_0030327,nv,nv,0.004371133,0.0001181576,auto_accept,n/a
ISIC_0026041,nv,nv,0.06914061,4.9417e-08,auto_accept,n/a
ISIC_0028911,nv,nv,0.016547019,2.8267763e-07,auto_accept,n/a
ISIC_0027165,nv,nv,0.12744303,3.3920192e-06,auto_accept,n/a
ISIC_0028416,nv,nv,0.14264655,0.011339042,auto_accept,n/a
ISIC_0026695,nv,nv,0.030427767,0.0015250548,auto_accept,n/a
ISIC_0024765,nv,nv,0.021944603,8.964198e-05,auto_accept,n/a
ISIC_0027194,bkl,bkl,0.27312765,0.12773503,auto_accept,n/a
ISIC_0025987,mel,nv,0.36674663,0.07721276,auto_accept,n/a
ISIC_0029466,bcc,bcc,0.7497634,0.997689,escalate,n/a
ISIC_0025712,akiec,akiec,0.075490475,0.9884105,auto_accept,n/a
ISIC_0024844,nv,nv,0.0011680314,1.2531979e-07,auto_accept,n/a
ISIC_0026026,nv,nv,0.002305629,1.6315145e-06,auto_accept,n/a
ISIC_0027371,bcc,bcc,0.0764482,0.91245264,auto_accept,n/a
ISIC_0029465,nv,nv,0.22257744,0.0061037033,auto_accept,n/a
ISIC_0031502,nv,nv,0.008253348,0.00015755356,auto_accept,n/a
ISIC_0031387,nv,nv,0.0036358812,5.425533e-08,auto_accept,n/a
ISIC_0031202,nv,nv,0.043515973,0.001370403,auto_accept,n/a
ISIC_0029842,nv,nv,0.018574268,6.790834e-06,auto_accept,n/a
ISIC_0024815,nv,nv,0.62353766,4.1021955e-05,auto_accept,n/a
ISIC_0028723,nv,nv,0.004053603,2.7196768e-06,auto_accept,n/a
ISIC_0030751,nv,nv,0.04337002,1.6183117e-06,auto_accept,n/a
ISIC_0026145,nv,nv,0.04491346,0.0017890995,auto_accept,n/a
ISIC_0032836,mel,nv,0.05387105,0.0005145854,auto_accept,n/a
ISIC_0028397,nv,nv,0.0060961237,0.00013520134,auto_accept,n/a
ISIC_0025144,bcc,bcc,0.7966462,0.996007,escalate,n/a
ISIC_0025192,nv,nv,0.011018033,7.1532173e-07,auto_accept,n/a
ISIC_0026307,nv,nv,0.003833779,1.7166358e-05,auto_accept,n/a
ISIC_0027465,nv,nv,0.24570535,0.00059714017,auto_accept,n/a
ISIC_0024393,nv,nv,0.154235,0.0005724243,auto_accept,n/a
ISIC_0031643,bcc,bcc,0.028223388,0.9965307,auto_accept,n/a
ISIC_0026375,nv,nv,0.05176983,2.145106e-06,auto_accept,n/a
ISIC_0034249,nv,nv,0.66913015,0.011191664,auto_accept,n/a
ISIC_0033340,nv,nv,0.12472035,0.0040188273,auto_accept,n/a
ISIC_0028918,nv,nv,0.24601977,0.019768663,auto_accept,n/a
ISIC_0028906,nv,nv,0.00664024,6.0433135e-06,auto_accept,n/a
ISIC_0028210,nv,nv,0.5362552,0.15513632,auto_accept,n/a
ISIC_0024736,nv,nv,0.0071418406,1.8177488e-08,auto_accept,n/a
ISIC_0029257,nv,nv,0.59554005,0.38572153,auto_accept,n/a
ISIC_0028568,bcc,bcc,0.21524116,0.96813476,auto_accept,n/a
ISIC_0034018,nv,nv,0.0014926579,3.0756528e-05,auto_accept,n/a
ISIC_0026483,nv,nv,0.6234516,0.00086733117,auto_accept,n/a
ISIC_0027432,nv,nv,0.12868124,0.006737978,auto_accept,n/a
ISIC_0025837,bkl,bkl,0.027349386,0.0032086433,auto_accept,n/a
ISIC_0031116,nv,nv,0.0039576236,1.32435325e-05,auto_accept,n/a
ISIC_0025830,bkl,bkl,0.20683804,0.1898705,auto_accept,n/a
ISIC_0026916,mel,mel,0.12893486,0.9697604,auto_accept,n/a
ISIC_0034274,nv,nv,0.12878664,0.0020508706,auto_accept,n/a
ISIC_0032231,nv,nv,0.020626953,0.0004162192,auto_accept,n/a
ISIC_0031775,nv,nv,0.057247557,7.106269e-05,auto_accept,n/a
ISIC_0026921,nv,nv,0.5611949,0.30414197,auto_accept,n/a
ISIC_0033059,nv,nv,0.02312337,0.0008854353,auto_accept,n/a
ISIC_0030904,nv,nv,0.006829273,0.00015977248,auto_accept,n/a
ISIC_0025463,nv,nv,0.016858656,0.00060275156,auto_accept,n/a
ISIC_0031347,nv,nv,0.07121633,0.00054994656,auto_accept,n/a
ISIC_0032856,mel,mel,0.21580867,0.9468104,auto_accept,n/a
ISIC_0027029,nv,nv,0.41887707,0.21027708,auto_accept,n/a
ISIC_0028889,nv,nv,0.010255141,7.537181e-05,auto_accept,n/a
ISIC_0033528,bkl,bkl,0.06112732,0.022086788,auto_accept,n/a
ISIC_0026705,nv,nv,0.061547086,0.0039595985,auto_accept,n/a
ISIC_0027527,bkl,bkl,0.25750262,0.07612532,auto_accept,n/a
ISIC_0024684,nv,bkl,0.38154337,2.1642716e-05,auto_accept,n/a
ISIC_0030481,nv,nv,0.010129172,1.3502356e-06,auto_accept,n/a
ISIC_0028966,nv,nv,0.02475172,0.0006652682,auto_accept,n/a
ISIC_0033264,bkl,bkl,0.29888022,0.14248025,auto_accept,n/a
ISIC_0024657,nv,mel,0.35845363,0.79649013,auto_accept,n/a
ISIC_0027880,nv,nv,0.24584901,7.5684165e-06,auto_accept,n/a
ISIC_0027916,bkl,mel,0.67189634,0.875657,auto_accept,n/a
ISIC_0028639,nv,nv,0.01476466,4.761696e-06,auto_accept,n/a
ISIC_0030155,nv,nv,0.6951762,0.0006329966,auto_accept,n/a
ISIC_0034291,bkl,bkl,0.0069511775,0.0005009525,auto_accept,n/a
ISIC_0025519,bkl,bkl,0.4735993,0.0033029686,auto_accept,n/a
ISIC_0032594,nv,nv,0.2367617,0.012623375,auto_accept,n/a
ISIC_0027862,nv,nv,0.061551455,0.00016075216,auto_accept,n/a
ISIC_0029408,nv,nv,0.5610514,0.00041673853,auto_accept,n/a
ISIC_0024770,bkl,bkl,0.019490875,0.0035620823,auto_accept,n/a
ISIC_0025108,nv,nv,0.058424003,0.0040079323,auto_accept,n/a
ISIC_0024600,nv,nv,0.11579851,0.0030923265,auto_accept,n/a
ISIC_0030109,nv,nv,0.022948906,1.670381e-05,auto_accept,n/a
ISIC_0026131,mel,mel,0.10333677,0.96192485,auto_accept,n/a
ISIC_0026272,nv,nv,0.026114961,5.54381e-05,auto_accept,n/a
ISIC_0029506,nv,nv,0.023290694,8.1410053e-07,auto_accept,n/a
ISIC_0026002,nv,nv,0.00019409833,6.478604e-07,auto_accept,n/a
ISIC_0028267,nv,nv,0.0025396866,3.971953e-06,auto_accept,n/a
ISIC_0026624,nv,nv,0.013142001,2.9826882e-05,auto_accept,n/a
ISIC_0032155,nv,nv,0.6279985,5.1762763e-05,auto_accept,n/a
ISIC_0031706,vasc,vasc,0.0028805675,0.00010279799,auto_accept,n/a
ISIC_0024801,nv,nv,0.00316091,2.0322793e-07,auto_accept,n/a
ISIC_0026133,nv,nv,0.19198988,0.012586489,auto_accept,n/a
ISIC_0029931,bkl,bkl,0.0069640027,0.00046616863,auto_accept,n/a
ISIC_0027351,nv,nv,0.577067,0.15173885,auto_accept,n/a
ISIC_0025997,nv,nv,0.0016159501,2.4068781e-06,auto_accept,n/a
ISIC_0033775,nv,nv,0.030947432,4.495757e-05,auto_accept,n/a
ISIC_0026629,df,df,6.745517e-05,4.3537464e-05,auto_accept,n/a
ISIC_0029662,nv,nv,0.10536638,0.003009847,auto_accept,n/a
ISIC_0030009,nv,nv,0.00950368,7.672527e-05,auto_accept,n/a
ISIC_0026010,nv,nv,0.039727643,0.0001859488,auto_accept,n/a
ISIC_0027824,nv,nv,0.027119134,0.00014389964,auto_accept,n/a
ISIC_0027288,nv,nv,0.04502167,1.5152449e-07,auto_accept,n/a
ISIC_0029393,nv,nv,0.006581199,0.0004625553,auto_accept,n/a
ISIC_0027112,nv,nv,0.19095019,0.0015329989,auto_accept,n/a
ISIC_0026400,nv,nv,0.21950649,0.026036486,auto_accept,n/a
ISIC_0025846,nv,nv,0.494628,0.06401791,auto_accept,n/a
ISIC_0028834,nv,nv,0.16742197,0.026412899,auto_accept,n/a
ISIC_0030482,nv,nv,0.006198832,6.605161e-07,auto_accept,n/a
ISIC_0030564,mel,bkl,0.13269226,0.07044914,auto_accept,n/a
ISIC_0026184,nv,nv,0.021939903,8.7348735e-07,auto_accept,n/a
ISIC_0031456,nv,nv,0.29851225,9.284248e-06,auto_accept,n/a
ISIC_0030316,bkl,bkl,0.6199194,0.002894135,auto_accept,n/a
ISIC_0030822,bkl,akiec,0.011411237,0.9708171,auto_accept,n/a
ISIC_0026987,nv,nv,0.012511519,0.0007342859,auto_accept,n/a
ISIC_0029293,nv,nv,0.039961725,0.0009079722,auto_accept,n/a
ISIC_0029629,nv,nv,0.15155508,1.9098127e-07,auto_accept,n/a
ISIC_0024377,nv,nv,0.085105896,0.011345973,auto_accept,n/a
ISIC_0030571,nv,nv,0.0030441287,6.9740313e-06,auto_accept,n/a
ISIC_0029807,nv,nv,0.13256948,0.007763379,auto_accept,n/a
ISIC_0030035,nv,nv,0.3401824,0.00485199,auto_accept,n/a
ISIC_0032906,bcc,bcc,0.24875537,0.9966426,auto_accept,n/a
ISIC_0027022,nv,nv,0.009839716,3.0511366e-05,auto_accept,n/a
ISIC_0029256,nv,nv,0.005986887,7.901371e-06,auto_accept,n/a
ISIC_0027745,df,df,3.8621616e-07,0.000107898406,auto_accept,n/a
ISIC_0028018,nv,nv,0.010154923,1.3394339e-05,auto_accept,n/a
ISIC_0024479,nv,nv,0.3230484,0.008525769,auto_accept,n/a
ISIC_0028832,nv,nv,0.16849916,0.03674831,auto_accept,n/a
ISIC_0027740,nv,nv,0.028170053,0.0004178406,auto_accept,n/a
ISIC_0034255,bcc,bcc,0.16177116,0.99772435,auto_accept,n/a
ISIC_0033308,nv,nv,0.00893457,7.037328e-06,auto_accept,n/a
ISIC_0028281,nv,nv,0.37364048,0.006648428,auto_accept,n/a
ISIC_0029358,bkl,mel,0.39816737,0.8441583,auto_accept,n/a
ISIC_0025271,nv,nv,0.38701448,0.036238637,auto_accept,n/a
ISIC_0029689,nv,nv,0.0013554126,8.037189e-08,auto_accept,n/a
ISIC_0032525,nv,nv,0.7202861,0.39062023,auto_accept,n/a
ISIC_0032586,mel,mel,0.8710352,0.57881033,escalate,n/a
ISIC_0024773,bkl,bkl,0.23565815,0.1422216,auto_accept,n/a
ISIC_0024521,nv,nv,0.38581356,0.0001507053,auto_accept,n/a
ISIC_0028328,nv,nv,0.018220102,1.5375677e-05,auto_accept,n/a
ISIC_0026923,bkl,akiec,0.35000825,0.790724,auto_accept,n/a
ISIC_0026681,nv,nv,0.011690403,7.164985e-05,auto_accept,n/a
ISIC_0026928,nv,nv,0.025588594,4.418848e-06,auto_accept,n/a
ISIC_0031383,nv,nv,0.25217217,0.013520963,auto_accept,n/a
ISIC_0027378,nv,nv,0.04390156,0.00022448054,auto_accept,n/a
ISIC_0033467,nv,nv,0.10621953,0.00055265025,auto_accept,n/a
ISIC_0027525,bcc,bcc,0.19236656,0.9985341,auto_accept,n/a
ISIC_0033374,nv,nv,0.034543198,0.0036221605,auto_accept,n/a
ISIC_0024538,nv,nv,0.04441438,0.0037404313,auto_accept,n/a
ISIC_0032477,nv,nv,0.044654556,6.1923165e-05,auto_accept,n/a
ISIC_0027577,akiec,akiec,0.672903,0.64046097,auto_accept,n/a
ISIC_0029048,bkl,bkl,0.053837076,8.996246e-06,auto_accept,n/a
ISIC_0029338,nv,nv,0.008474358,2.4307205e-06,auto_accept,n/a
ISIC_0024895,nv,nv,0.041838657,1.1962038e-06,auto_accept,n/a
ISIC_0027454,bkl,bkl,0.21886891,0.29512426,auto_accept,n/a
ISIC_0024810,nv,nv,0.018754639,2.6960764e-05,auto_accept,n/a
ISIC_0028424,nv,nv,0.0022289115,7.621159e-06,auto_accept,n/a
ISIC_0030469,nv,nv,0.40867007,7.609631e-07,auto_accept,n/a
ISIC_0032093,nv,nv,0.006061324,2.462145e-05,auto_accept,n/a
ISIC_0031334,bkl,bkl,0.12880087,0.031866238,auto_accept,n/a
ISIC_0026848,akiec,akiec,0.043802634,0.9084599,auto_accept,n/a
ISIC_0025451,mel,nv,0.16159171,0.0041476577,auto_accept,n/a
ISIC_0025872,nv,nv,0.0073415292,5.3881184e-08,auto_accept,n/a
ISIC_0031044,akiec,akiec,0.043536033,0.9926535,auto_accept,n/a
ISIC_0026919,nv,nv,0.23328847,1.0910254e-05,auto_accept,n/a
ISIC_0030477,nv,nv,0.009734579,4.0943714e-06,auto_accept,n/a
ISIC_0028166,nv,nv,0.51126826,0.0015802507,auto_accept,n/a
ISIC_0025239,nv,bkl,0.25263953,0.0020197143,auto_accept,n/a
ISIC_0026103,nv,nv,0.12634315,0.014059007,auto_accept,n/a
ISIC_0028651,df,df,0.0012454219,0.000422613,auto_accept,n/a
ISIC_0030306,nv,nv,0.04187443,2.179333e-06,auto_accept,n/a
ISIC_0034162,mel,mel,0.3798447,0.8666257,auto_accept,n/a
ISIC_0033035,nv,nv,0.49656934,0.18755347,auto_accept,n/a
ISIC_0025359,nv,nv,0.020042272,0.00023356413,auto_accept,n/a
ISIC_0030983,nv,nv,0.013977544,3.942945e-06,auto_accept,n/a
ISIC_0032672,mel,mel,0.13124493,0.9457183,auto_accept,n/a
ISIC_0033529,bkl,bkl,0.27668816,0.005573029,auto_accept,n/a
ISIC_0032615,nv,nv,0.11127433,0.010588957,auto_accept,n/a
ISIC_0025051,nv,nv,0.123711586,0.0008088821,auto_accept,n/a
ISIC_0027142,bkl,nv,0.06687065,0.00011998375,auto_accept,n/a
ISIC_0032542,nv,mel,0.6330336,0.7738083,auto_accept,n/a
ISIC_0030541,nv,nv,0.024023578,4.966031e-07,auto_accept,n/a
ISIC_0025213,nv,nv,0.021838829,1.6659192e-06,auto_accept,n/a
ISIC_0025303,mel,mel,0.251989,0.9522223,auto_accept,n/a
ISIC_0026474,nv,nv,0.012789294,0.00035968024,auto_accept,n/a
ISIC_0027557,nv,nv,0.0028841929,2.8186836e-05,auto_accept,n/a
ISIC_0027220,nv,nv,0.029656347,3.396967e-05,auto_accept,n/a
ISIC_0029162,nv,nv,0.6108916,0.0019864636,auto_accept,n/a
ISIC_0032803,nv,nv,0.21765825,0.04324549,auto_accept,n/a
ISIC_0024631,nv,nv,0.0043514147,4.1152808e-07,auto_accept,n/a
ISIC_0030905,nv,nv,0.09967202,3.855944e-06,auto_accept,n/a
ISIC_0030322,nv,nv,0.04006296,7.046771e-05,auto_accept,n/a
ISIC_0031628,nv,nv,0.71288884,0.0009372735,auto_accept,n/a
ISIC_0033319,nv,nv,0.061696205,7.961058e-05,auto_accept,n/a
ISIC_0031580,bkl,bkl,0.06646867,0.019915361,auto_accept,n/a
ISIC_0026597,nv,nv,0.03600365,4.564061e-05,auto_accept,n/a
ISIC_0031914,nv,nv,0.04600618,1.9908525e-06,auto_accept,n/a
ISIC_0029306,nv,nv,0.014608533,7.642596e-05,auto_accept,n/a
ISIC_0028384,nv,bkl,0.19978227,0.0026137177,auto_accept,n/a
ISIC_0027773,nv,nv,0.00068093574,1.08225244e-07,auto_accept,n/a
ISIC_0026662,nv,nv,0.020412588,1.5503256e-08,auto_accept,n/a
ISIC_0027781,bkl,mel,0.8412919,0.38535762,escalate,n/a
ISIC_0034043,nv,nv,0.31595412,0.07318047,auto_accept,n/a
ISIC_0026628,nv,nv,0.001818494,4.599034e-07,auto_accept,n/a
ISIC_0028107,bcc,bcc,0.17746316,0.99833846,auto_accept,n/a
ISIC_0033435,nv,nv,0.04145644,0.00062570354,auto_accept,n/a
ISIC_0026357,nv,nv,0.0277002,3.6649258e-06,auto_accept,n/a
ISIC_0033647,nv,nv,0.016803104,0.00065465673,auto_accept,n/a
ISIC_0025507,bkl,mel,0.1541029,0.9667018,auto_accept,n/a
ISIC_0025311,nv,nv,0.011797461,0.00028401928,auto_accept,n/a
ISIC_0024903,nv,nv,0.010228954,0.00042182373,auto_accept,n/a
ISIC_0030717,nv,nv,0.02707227,2.222416e-06,auto_accept,n/a
ISIC_0032028,nv,nv,0.1722549,0.00041829437,auto_accept,n/a
ISIC_0033645,nv,nv,0.7064071,0.3362182,auto_accept,n/a
ISIC_0025930,nv,nv,0.04658263,5.1861483e-05,auto_accept,n/a
ISIC_0029550,nv,nv,0.058241267,0.0003082114,auto_accept,n/a
ISIC_0024605,nv,nv,0.084358275,0.0002187531,auto_accept,n/a
ISIC_0031388,nv,nv,0.0034769445,0.00025475147,auto_accept,n/a
ISIC_0030613,nv,nv,0.015088589,0.00027490142,auto_accept,n/a
ISIC_0033233,nv,nv,0.3726568,0.009124465,auto_accept,n/a
ISIC_0030140,nv,nv,0.19091482,0.010248979,auto_accept,n/a
ISIC_0032207,mel,nv,0.7339636,0.0013451467,escalate,n/a
ISIC_0028095,bcc,bcc,0.32433772,0.44099897,auto_accept,n/a
ISIC_0027612,bkl,bkl,0.6806658,0.0001813586,auto_accept,n/a
ISIC_0026485,nv,nv,0.008620533,2.4269127e-06,auto_accept,n/a
ISIC_0031922,akiec,akiec,0.27343613,0.8154977,auto_accept,n/a
ISIC_0030345,nv,nv,0.048590638,4.956491e-06,auto_accept,n/a
ISIC_0026209,nv,mel,0.05509769,0.9837307,auto_accept,n/a
ISIC_0031840,nv,nv,0.06872035,6.296501e-07,auto_accept,n/a
ISIC_0025484,bkl,bkl,0.026000537,0.0019339757,auto_accept,n/a
ISIC_0030433,nv,nv,0.22678626,0.00080983504,auto_accept,n/a
ISIC_0032719,bkl,bkl,0.049723573,0.035346508,auto_accept,n/a
ISIC_0029129,bcc,bcc,0.20317344,0.9981342,auto_accept,n/a
ISIC_0024689,nv,nv,0.079098664,1.0801261e-05,auto_accept,n/a
ISIC_0026208,nv,nv,0.013747021,4.6905265e-05,auto_accept,n/a
ISIC_0029619,nv,nv,0.021819679,2.797437e-05,auto_accept,n/a
ISIC_0028833,nv,nv,0.00531372,1.0043141e-06,auto_accept,n/a
ISIC_0032030,bcc,akiec,0.7036845,0.999553,auto_accept,n/a
ISIC_0033469,mel,mel,0.056335185,0.9819583,auto_accept,n/a
ISIC_0031856,nv,nv,0.1578364,2.587118e-05,auto_accept,n/a
ISIC_0032807,mel,mel,0.16476732,0.9580168,auto_accept,n/a
ISIC_0033312,mel,mel,0.009815831,0.9988557,auto_accept,n/a
ISIC_0030048,nv,nv,0.00015173013,2.2137343e-09,auto_accept,n/a
ISIC_0030239,nv,nv,0.024246467,1.7598326e-05,auto_accept,n/a
ISIC_0025464,nv,nv,0.012164037,0.0003121108,auto_accept,n/a
ISIC_0029102,bkl,bkl,0.815817,0.43776345,escalate,n/a
ISIC_0032760,nv,nv,0.18731134,0.015796062,auto_accept,n/a
ISIC_0024584,nv,nv,0.009430196,5.514539e-06,auto_accept,n/a
ISIC_0032880,nv,nv,0.08695455,0.009990417,auto_accept,n/a
ISIC_0027353,nv,nv,0.0027493576,1.289907e-07,auto_accept,n/a
ISIC_0030712,bcc,bcc,0.026847854,0.99099416,auto_accept,n/a
ISIC_0030902,nv,nv,0.20689535,9.393955e-05,auto_accept,n/a
ISIC_0031099,nv,nv,0.014193824,9.236202e-08,auto_accept,n/a
ISIC_0025757,nv,nv,0.07070047,0.00041336907,auto_accept,n/a
ISIC_0026363,nv,nv,0.005438068,0.0005083016,auto_accept,n/a
ISIC_0030749,nv,nv,0.0026090846,3.5403243e-06,auto_accept,n/a
ISIC_0033451,nv,nv,0.40840414,0.0018721055,auto_accept,n/a
ISIC_0025246,nv,nv,0.006018776,1.5365313e-05,auto_accept,n/a
ISIC_0033464,nv,nv,0.41503108,0.07428238,auto_accept,n/a
ISIC_0026821,nv,nv,0.00513018,2.5533117e-07,auto_accept,n/a
ISIC_0031153,nv,nv,0.09878852,3.0184392e-05,auto_accept,n/a
ISIC_0034094,mel,mel,0.048981432,0.9949898,auto_accept,n/a
ISIC_0030418,nv,nv,0.012504839,9.374385e-05,auto_accept,n/a
ISIC_0028447,nv,bkl,0.30256057,0.012996472,auto_accept,n/a
ISIC_0028877,bcc,bcc,0.02220316,0.9999323,auto_accept,n/a
ISIC_0030754,mel,nv,0.14342329,0.004713269,auto_accept,n/a
ISIC_0032977,nv,nv,0.16263878,0.013403735,auto_accept,n/a
ISIC_0033394,mel,mel,0.0057548555,0.9993469,auto_accept,n/a
ISIC_0031484,nv,nv,0.05506718,1.1519244e-05,auto_accept,n/a
ISIC_0031710,nv,nv,0.5497097,0.12424431,auto_accept,n/a
ISIC_0033537,nv,bkl,0.7252506,0.0015280473,escalate,n/a
ISIC_0029188,nv,nv,0.4621205,0.00036864707,auto_accept,n/a
ISIC_0025599,vasc,vasc,9.572582e-05,0.00051490776,auto_accept,n/a
ISIC_0032467,nv,nv,0.0005489348,1.2082141e-07,auto_accept,n/a
ISIC_0026799,nv,nv,0.009247065,0.00023936806,auto_accept,n/a
ISIC_0034185,nv,nv,0.4112388,0.20631471,auto_accept,n/a
ISIC_0029916,nv,nv,0.0074430127,0.0001293144,auto_accept,n/a
ISIC_0025382,nv,nv,0.045564376,0.00017320013,auto_accept,n/a
ISIC_0033916,nv,nv,0.46117085,0.010400764,auto_accept,n/a
ISIC_0031944,nv,nv,0.006286001,1.5182927e-06,auto_accept,n/a
ISIC_0033587,bkl,bkl,0.29911172,0.002356596,auto_accept,n/a
ISIC_0034309,nv,nv,0.0051324675,8.321029e-05,auto_accept,n/a
ISIC_0030435,nv,nv,0.00032962693,2.8284042e-08,auto_accept,n/a
ISIC_0027256,vasc,vasc,3.3881e-05,1.6582442e-06,auto_accept,n/a
ISIC_0032338,nv,nv,0.5221201,0.12713288,auto_accept,n/a
ISIC_0024473,nv,nv,0.6609119,0.31258762,auto_accept,n/a
ISIC_0028575,nv,nv,0.0030846081,1.9336321e-05,auto_accept,n/a
ISIC_0033285,nv,nv,0.040710688,0.00038750345,auto_accept,n/a
ISIC_0032540,nv,nv,0.25441378,0.018495725,auto_accept,n/a
ISIC_0030456,nv,nv,0.17800602,0.014353677,auto_accept,n/a
ISIC_0025174,nv,nv,0.0011103292,1.4852051e-06,auto_accept,n/a
ISIC_0033503,nv,nv,0.6854411,0.00027039408,auto_accept,n/a
ISIC_0026918,nv,nv,0.032674253,3.3891704e-06,auto_accept,n/a
ISIC_0024766,nv,nv,0.009549429,9.632453e-07,auto_accept,n/a
ISIC_0027262,nv,nv,0.33199337,0.011181807,auto_accept,n/a
ISIC_0028731,nv,nv,0.16206366,0.0062339967,auto_accept,n/a
ISIC_0027000,nv,nv,0.017866122,1.1177319e-07,auto_accept,n/a
ISIC_0031189,mel,mel,0.089094244,0.9927476,auto_accept,n/a
ISIC_0031557,mel,mel,0.36543277,0.81473917,auto_accept,n/a
ISIC_0026120,mel,mel,0.0040356126,0.99963975,auto_accept,n/a
ISIC_0033276,nv,nv,0.15056626,0.006763236,auto_accept,n/a
ISIC_0031511,bkl,bkl,0.0021960272,2.3767128e-05,auto_accept,n/a
ISIC_0029965,nv,nv,0.01268442,2.0678903e-05,auto_accept,n/a
ISIC_0024610,nv,nv,0.056205288,0.0017167232,auto_accept,n/a
ISIC_0025224,nv,nv,0.06056666,0.0028919945,auto_accept,n/a
ISIC_0030195,nv,nv,0.026476404,1.04941555e-05,auto_accept,n/a
ISIC_0025110,nv,nv,0.0072251656,0.00010911052,auto_accept,n/a
ISIC_0028661,nv,nv,0.0064791627,9.3495844e-05,auto_accept,n/a
ISIC_0030596,nv,nv,0.0071466602,0.00015711489,auto_accept,n/a
ISIC_0024727,nv,nv,0.55619955,0.009180104,auto_accept,n/a
ISIC_0027995,nv,nv,0.0060534417,0.00046706173,auto_accept,n/a
ISIC_0034252,bkl,mel,0.034339603,0.9911306,auto_accept,n/a
ISIC_0025412,nv,nv,0.003360737,7.5714706e-05,auto_accept,n/a
ISIC_0032600,nv,nv,0.033935245,0.0001524972,auto_accept,n/a
ISIC_0031025,mel,mel,0.3328823,0.8783394,auto_accept,n/a
ISIC_0033518,mel,mel,0.01246412,0.99660575,auto_accept,n/a
ISIC_0031912,nv,nv,0.018926032,2.2040574e-06,auto_accept,n/a
ISIC_0032135,akiec,akiec,0.86492705,0.5750874,escalate,n/a
ISIC_0028617,nv,nv,0.07131007,7.212532e-07,auto_accept,n/a
ISIC_0026172,nv,nv,0.05895667,0.0007548976,auto_accept,n/a
ISIC_0027574,nv,nv,0.03171424,0.002490482,auto_accept,n/a
ISIC_0025589,mel,mel,0.11704089,0.98158365,auto_accept,n/a
ISIC_0033675,df,df,0.008984206,0.01898738,auto_accept,n/a
ISIC_0024358,bkl,bkl,0.6174191,0.35892373,auto_accept,n/a
ISIC_0033838,nv,nv,0.052265495,0.00011171273,auto_accept,n/a
ISIC_0024348,nv,nv,0.118177205,6.057231e-06,auto_accept,n/a
ISIC_0030179,nv,nv,0.10096352,0.0067054736,auto_accept,n/a
ISIC_0031296,nv,nv,0.14521813,1.9748886e-06,auto_accept,n/a
ISIC_0024758,bkl,bkl,0.29738334,0.1514937,auto_accept,n/a
ISIC_0028751,nv,nv,0.022205135,0.0010613193,auto_accept,n/a
ISIC_0027369,nv,nv,0.0891304,0.001200917,auto_accept,n/a
ISIC_0032699,mel,mel,0.057035644,0.9888365,auto_accept,n/a
ISIC_0026038,nv,nv,0.047113594,2.5753166e-06,auto_accept,n/a
ISIC_0031120,nv,nv,0.06838029,0.0007562281,auto_accept,n/a
ISIC_0033802,mel,mel,0.15731409,0.93248373,auto_accept,n/a
ISIC_0031535,nv,nv,0.47694516,9.848223e-06,auto_accept,n/a
ISIC_0030319,bkl,mel,0.5102903,0.8993645,auto_accept,n/a
ISIC_0031111,nv,mel,0.27004725,0.9647263,auto_accept,n/a
ISIC_0026352,mel,nv,0.1214625,0.016595528,auto_accept,n/a
ISIC_0033055,mel,mel,0.071571894,0.9865789,auto_accept,n/a
ISIC_0026472,nv,nv,0.00228351,9.116366e-05,auto_accept,n/a
ISIC_0025437,nv,nv,0.008341712,0.0003263502,auto_accept,n/a
ISIC_0032442,nv,nv,0.004300239,5.9109834e-07,auto_accept,n/a
ISIC_0031028,nv,nv,0.013007652,3.3745364e-05,auto_accept,n/a
ISIC_0026680,nv,nv,0.04572865,8.217971e-06,auto_accept,n/a
ISIC_0032366,nv,nv,0.11014308,0.0006578126,auto_accept,n/a
ISIC_0033447,nv,nv,0.03634149,0.000808869,auto_accept,n/a
ISIC_0027129,nv,nv,0.044985015,0.0017121955,auto_accept,n/a
ISIC_0027873,nv,nv,0.18427676,0.015111697,auto_accept,n/a
ISIC_0031193,nv,nv,0.060394842,0.00016710977,auto_accept,n/a
ISIC_0029710,nv,nv,0.0012060336,2.3436245e-05,auto_accept,n/a
ISIC_0031962,nv,nv,0.0014711606,1.4353388e-05,auto_accept,n/a
ISIC_0027594,nv,nv,0.14164263,0.00021959023,auto_accept,n/a
ISIC_0032654,bkl,bkl,0.03630873,0.02207102,auto_accept,n/a
ISIC_0026207,mel,nv,0.34419551,0.030116783,auto_accept,n/a
ISIC_0028793,nv,nv,0.6795156,8.054094e-05,auto_accept,n/a
ISIC_0031469,nv,nv,0.009787335,0.00018120738,auto_accept,n/a
ISIC_0024919,nv,nv,0.00059560454,3.3424194e-06,auto_accept,n/a
ISIC_0031751,nv,nv,0.015857305,0.00022910991,auto_accept,n/a
ISIC_0026804,nv,nv,0.25949383,0.011293018,auto_accept,n/a
ISIC_0027215,nv,nv,0.0020219393,3.1476266e-05,auto_accept,n/a
ISIC_0032610,mel,nv,0.26800942,0.006121055,auto_accept,n/a
ISIC_0032453,nv,nv,0.08435292,0.0017259782,auto_accept,n/a
ISIC_0026484,nv,nv,0.018007262,0.00025525113,auto_accept,n/a
ISIC_0024544,nv,nv,0.0029071148,2.6629339e-09,auto_accept,n/a
ISIC_0034207,nv,nv,0.2743315,0.014856879,auto_accept,n/a
ISIC_0033162,nv,nv,0.024533877,0.0035542613,auto_accept,n/a
ISIC_0032931,nv,nv,0.14385498,0.038002726,auto_accept,n/a
ISIC_0032716,mel,mel,0.026050838,0.9962674,auto_accept,n/a
ISIC_0030290,nv,nv,0.2120131,5.3961166e-06,auto_accept,n/a
ISIC_0031899,nv,nv,0.29388487,3.3977965e-05,auto_accept,n/a
ISIC_0030367,nv,nv,0.092092834,6.581454e-05,auto_accept,n/a
ISIC_0029650,nv,nv,0.112437464,0.0054349224,auto_accept,n/a
ISIC_0030018,nv,nv,0.5516843,1.6937382e-05,auto_accept,n/a
ISIC_0027116,nv,nv,0.010761753,5.185058e-06,auto_accept,n/a
ISIC_0027547,nv,nv,0.0015406536,7.235984e-07,auto_accept,n/a
ISIC_0031586,mel,mel,0.72776204,0.47133514,escalate,n/a
ISIC_0031490,nv,nv,0.012104163,0.00015031465,auto_accept,n/a
ISIC_0032117,nv,nv,0.009341242,1.0317182e-05,auto_accept,n/a
ISIC_0026364,nv,nv,0.0028905717,0.00020439345,auto_accept,n/a
ISIC_0026666,nv,bkl,0.74549073,0.0016777479,escalate,n/a
ISIC_0027835,nv,nv,0.0126019865,0.0005250879,auto_accept,n/a
ISIC_0029511,nv,nv,0.21173708,0.00022637156,auto_accept,n/a
ISIC_0025269,nv,nv,0.013145219,2.5407203e-06,auto_accept,n/a
ISIC_0025021,nv,nv,0.010595217,6.870796e-07,auto_accept,n/a
ISIC_0027290,nv,nv,0.4094275,0.0045502093,auto_accept,n/a
ISIC_0029315,akiec,akiec,0.04892753,0.99878925,auto_accept,n/a
ISIC_0026768,nv,nv,0.025923133,1.27708145e-05,auto_accept,n/a
ISIC_0026418,nv,nv,0.5105723,5.259592e-05,auto_accept,n/a
ISIC_0033604,nv,nv,0.11939239,0.005655144,auto_accept,n/a
ISIC_0028394,nv,nv,0.0027351493,2.1905935e-05,auto_accept,n/a
ISIC_0025007,nv,nv,0.0033550118,2.184827e-05,auto_accept,n/a
ISIC_0027822,mel,bkl,0.23000002,0.11576613,auto_accept,n/a
ISIC_0031854,nv,nv,0.040870275,4.0899226e-06,auto_accept,n/a
ISIC_0027170,nv,nv,0.065372504,0.01566534,auto_accept,n/a
ISIC_0033173,nv,nv,0.092685945,0.019555634,auto_accept,n/a
ISIC_0028782,nv,nv,0.016732205,0.00015757744,auto_accept,n/a
ISIC_0032315,bkl,nv,0.46250132,0.058043543,auto_accept,n/a
ISIC_0027725,nv,nv,0.027487746,0.0014378765,auto_accept,n/a
ISIC_0028070,nv,nv,0.0034458002,1.9075806e-06,auto_accept,n/a
ISIC_0028985,nv,nv,0.027106423,6.757607e-05,auto_accept,n/a
ISIC_0033315,nv,mel,0.53977865,0.657012,auto_accept,n/a
ISIC_0030554,nv,nv,0.019973448,3.183054e-06,auto_accept,n/a
ISIC_0030610,nv,nv,0.025021443,0.0022028794,auto_accept,n/a
ISIC_0028280,nv,nv,0.30556703,0.095357426,auto_accept,n/a
ISIC_0026415,nv,nv,0.0069339387,0.0002696562,auto_accept,n/a
ISIC_0026447,nv,nv,0.030523742,0.005332238,auto_accept,n/a
ISIC_0026915,nv,nv,0.03907599,2.470118e-05,auto_accept,n/a
ISIC_0026081,mel,mel,0.1414927,0.9782202,auto_accept,n/a
ISIC_0029472,bkl,bkl,0.6019982,0.0061351256,auto_accept,n/a
ISIC_0030137,bkl,mel,1.0626289,0.56229424,escalate,n/a
ISIC_0030058,nv,nv,0.08858978,0.013560319,auto_accept,n/a
ISIC_0032336,nv,nv,0.0060741724,1.6952426e-05,auto_accept,n/a
ISIC_0027429,nv,nv,0.773815,0.3481095,escalate,n/a
ISIC_0024866,nv,nv,0.0025291506,4.5524134e-06,auto_accept,n/a
ISIC_0032652,bcc,bcc,0.008090461,0.99981457,auto_accept,n/a
ISIC_0029659,akiec,akiec,0.46754384,0.99233717,auto_accept,n/a
ISIC_0033794,nv,mel,0.34281358,0.88650984,auto_accept,n/a
ISIC_0029834,nv,nv,0.0068299877,3.1846772e-05,auto_accept,n/a
ISIC_0028637,nv,mel,0.13803086,0.9844471,auto_accept,n/a
ISIC_0031398,nv,nv,0.048399366,2.4770057e-05,auto_accept,n/a
ISIC_0026730,nv,nv,0.13791718,0.002623887,auto_accept,n/a
ISIC_0027579,nv,nv,0.17759214,3.4118743e-06,auto_accept,n/a
ISIC_0024974,nv,nv,0.0014418634,6.294139e-06,auto_accept,n/a
ISIC_0031623,nv,nv,0.019634722,0.0015223767,auto_accept,n/a
ISIC_0031648,vasc,vasc,2.0886104e-05,0.00026156087,auto_accept,n/a
ISIC_0027785,nv,nv,0.6547354,1.066442e-06,auto_accept,n/a
ISIC_0024749,nv,nv,0.21279965,0.0021385034,auto_accept,n/a
ISIC_0025936,nv,nv,0.09086006,0.0012225664,auto_accept,n/a
ISIC_0033004,mel,nv,0.2881462,0.059306163,auto_accept,n/a
ISIC_0032917,mel,mel,0.00023229294,0.999987,auto_accept,n/a
ISIC_0031370,nv,nv,0.009284953,0.00016256658,auto_accept,n/a
ISIC_0026507,nv,nv,0.014886248,0.00020773131,auto_accept,n/a
ISIC_0029219,nv,nv,0.078929834,2.182307e-05,auto_accept,n/a
ISIC_0029349,nv,nv,0.08315367,0.010342385,auto_accept,n/a
ISIC_0032413,nv,nv,0.008423773,1.4321843e-06,auto_accept,n/a
ISIC_0032839,vasc,vasc,5.3565323e-05,0.00018084368,auto_accept,n/a
ISIC_0032597,mel,mel,0.1339383,0.957297,auto_accept,n/a
ISIC_0031198,akiec,akiec,0.025312506,0.99869776,auto_accept,n/a
ISIC_0029632,mel,mel,0.019032732,0.99677354,auto_accept,n/a
ISIC_0027459,nv,nv,0.011572227,6.0132632e-05,auto_accept,n/a
ISIC_0029267,nv,nv,0.6933223,7.830264e-07,auto_accept,n/a
ISIC_0030372,bkl,bcc,0.7016088,0.79162794,auto_accept,n/a
ISIC_0029043,akiec,akiec,0.15305923,0.5545077,auto_accept,n/a
ISIC_0026709,akiec,bkl,0.5575931,0.07952698,auto_accept,n/a
ISIC_0032677,nv,nv,0.18611465,0.0057421853,auto_accept,n/a
ISIC_0031330,nv,nv,0.09796889,6.883986e-07,auto_accept,n/a
ISIC_0028574,nv,nv,0.007964087,2.2445989e-05,auto_accept,n/a
ISIC_0026991,nv,nv,0.02526878,0.00047701446,auto_accept,n/a
ISIC_0032394,nv,nv,0.006194935,1.1578293e-06,auto_accept,n/a
ISIC_0033734,nv,nv,0.023716802,0.00028594263,auto_accept,n/a
ISIC_0024573,bcc,bcc,0.002693146,0.99972755,auto_accept,n/a
ISIC_0024464,nv,nv,0.0035107818,2.0750193e-05,auto_accept,n/a
ISIC_0033247,nv,bkl,0.2716848,2.0267227e-05,auto_accept,n/a
ISIC_0025319,akiec,bcc,1.0721073,0.8673561,escalate,n/a
ISIC_0032485,nv,nv,0.0007325772,1.5750976e-07,auto_accept,n/a
ISIC_0033061,mel,vasc,0.0065583913,0.0025595706,auto_accept,n/a
ISIC_0030398,nv,nv,0.06832348,7.1240984e-06,auto_accept,n/a
ISIC_0027834,nv,nv,0.044220183,0.00021242263,auto_accept,n/a
ISIC_0029989,nv,nv,0.08395355,1.739669e-05,auto_accept,n/a
ISIC_0026983,nv,nv,0.0039072237,2.6973441e-07,auto_accept,n/a
ISIC_0033548,nv,nv,0.45482895,0.009588912,auto_accept,n/a
ISIC_0029616,nv,nv,0.32309425,0.00037501293,auto_accept,n/a
ISIC_0026839,nv,nv,0.5765416,0.20906143,auto_accept,n/a
ISIC_0026421,nv,bkl,0.48198497,0.00012285638,auto_accept,n/a
ISIC_0027403,nv,nv,0.16783588,0.0017459948,auto_accept,n/a
ISIC_0027445,nv,nv,0.004980851,1.9743815e-09,auto_accept,n/a
ISIC_0029073,nv,nv,0.053338874,0.00022938222,auto_accept,n/a
ISIC_0030454,nv,nv,0.006871925,0.0005027247,auto_accept,n/a
ISIC_0025151,nv,nv,0.01719932,6.386258e-07,auto_accept,n/a
ISIC_0032223,nv,nv,0.08162513,0.002522108,auto_accept,n/a
ISIC_0025293,nv,nv,0.038998354,2.8837937e-06,auto_accept,n/a
ISIC_0028701,bkl,akiec,0.7475398,0.81669885,escalate,n/a
ISIC_0033905,mel,mel,0.4718084,0.78341895,auto_accept,n/a
ISIC_0027163,mel,mel,0.033754688,0.9933717,auto_accept,n/a
ISIC_0031994,nv,nv,0.0010417628,1.8936993e-05,auto_accept,n/a
ISIC_0024311,nv,nv,0.027146878,2.9817156e-05,auto_accept,n/a
ISIC_0024888,nv,nv,0.1546911,0.005567551,auto_accept,n/a
ISIC_0027222,nv,nv,0.003369431,0.00010292521,auto_accept,n/a
ISIC_0030304,nv,nv,0.029970998,0.00015406868,auto_accept,n/a
ISIC_0025667,nv,nv,0.4717306,0.16279353,auto_accept,n/a
ISIC_0032683,nv,nv,0.5318416,0.16246346,auto_accept,n/a
ISIC_0031206,nv,nv,0.07142352,0.0025620414,auto_accept,n/a
ISIC_0027720,nv,nv,0.0138674565,0.0005378187,auto_accept,n/a
ISIC_0024743,bcc,bcc,0.020503232,0.9997173,auto_accept,n/a
ISIC_0026295,nv,nv,0.2169295,0.017443482,auto_accept,n/a
ISIC_0033513,nv,nv,0.26092243,0.036960986,auto_accept,n/a
ISIC_0025886,nv,nv,0.0025808434,1.3518265e-07,auto_accept,n/a
ISIC_0026990,nv,nv,0.004504168,5.3036295e-09,auto_accept,n/a
ISIC_0032186,nv,mel,0.094606206,0.98110825,auto_accept,n/a
ISIC_0029531,nv,nv,0.19080919,0.016753877,auto_accept,n/a
ISIC_0028010,nv,nv,0.7389084,0.0017897774,escalate,n/a
ISIC_0033589,nv,mel,0.6483524,0.630845,auto_accept,n/a
ISIC_0034214,vasc,vasc,0.010061128,0.024002343,auto_accept,n/a
ISIC_0033002,nv,nv,0.038887713,0.00032810628,auto_accept,n/a
ISIC_0031431,akiec,akiec,0.115841456,0.9704743,auto_accept,n/a
ISIC_0032568,nv,nv,0.02568808,2.4982735e-05,auto_accept,n/a
ISIC_0026598,nv,nv,0.13696104,0.001008478,auto_accept,n/a
ISIC_0026878,nv,nv,0.006190357,6.5575e-06,auto_accept,n/a
ISIC_0033934,nv,nv,0.90047383,0.18906794,escalate,n/a
ISIC_0031373,nv,nv,0.0008609247,1.2299079e-06,auto_accept,n/a
ISIC_0028484,nv,nv,0.056312956,7.9508005e-05,auto_accept,n/a
ISIC_0033909,nv,nv,0.013289364,0.00024638692,auto_accept,n/a
ISIC_0029917,bcc,bcc,0.346582,0.7730102,auto_accept,n/a
ISIC_0027501,nv,nv,0.13184755,0.006661386,auto_accept,n/a
ISIC_0032411,nv,nv,0.016348323,0.0005736122,auto_accept,n/a
ISIC_0031582,nv,nv,0.50444925,6.705224e-07,auto_accept,n/a
ISIC_0033078,nv,nv,0.13098492,0.012220738,auto_accept,n/a
ISIC_0033542,nv,nv,0.017751798,0.0010619415,auto_accept,n/a
ISIC_0032084,nv,nv,0.007320028,1.1066011e-05,auto_accept,n/a
ISIC_0033433,nv,nv,0.036635324,2.997604e-06,auto_accept,n/a
ISIC_0030748,nv,nv,0.00051151344,1.8484677e-07,auto_accept,n/a
ISIC_0033417,nv,nv,0.021509731,0.00079843507,auto_accept,n/a
ISIC_0026162,nv,nv,0.6492806,0.000113126676,auto_accept,n/a
ISIC_0025324,mel,nv,0.6621514,0.2567887,auto_accept,n/a
ISIC_0031199,nv,nv,0.028007476,0.00039300646,auto_accept,n/a
ISIC_0026985,nv,nv,0.16754043,5.102205e-07,auto_accept,n/a
ISIC_0033453,bkl,bkl,0.09493232,0.010172572,auto_accept,n/a
ISIC_0033871,mel,nv,0.09500987,0.0032544986,auto_accept,n/a
ISIC_0033567,nv,nv,0.04958135,0.00073817215,auto_accept,n/a
ISIC_0033481,nv,nv,0.29951566,0.03568072,auto_accept,n/a
ISIC_0030405,nv,nv,0.14140652,2.771679e-05,auto_accept,n/a
ISIC_0030314,bcc,bcc,0.0027700756,0.9996624,auto_accept,n/a
ISIC_0027518,nv,nv,0.022875343,0.006037229,auto_accept,n/a
ISIC_0027302,mel,nv,0.091720015,0.006598043,auto_accept,n/a
ISIC_0034118,mel,mel,0.11574123,0.9821269,auto_accept,n/a
ISIC_0027295,bkl,bkl,0.14105265,0.005133266,auto_accept,n/a
ISIC_0031013,mel,mel,0.6678537,0.5764232,auto_accept,n/a
ISIC_0027263,mel,mel,0.2505039,0.9391001,auto_accept,n/a
ISIC_0025976,nv,nv,0.0051757414,4.4190114e-07,auto_accept,n/a
ISIC_0024353,nv,nv,0.031086339,9.476414e-06,auto_accept,n/a
ISIC_0032077,nv,nv,0.0029773535,3.4838354e-06,auto_accept,n/a
ISIC_0028145,nv,nv,0.021241518,0.00054724165,auto_accept,n/a
ISIC_0030393,nv,nv,0.0015889987,4.3164555e-08,auto_accept,n/a
ISIC_0032895,nv,nv,0.13637774,0.00061180926,auto_accept,n/a
ISIC_0026899,nv,nv,0.0003995482,1.6910017e-06,auto_accept,n/a
ISIC_0032277,akiec,mel,0.18102156,0.9687715,auto_accept,n/a
ISIC_0024852,nv,nv,0.0487387,2.6153206e-05,auto_accept,n/a
ISIC_0033532,nv,nv,0.03147569,0.00016011654,auto_accept,n/a
ISIC_0029503,nv,nv,0.06406696,5.4211247e-05,auto_accept,n/a
ISIC_0028514,nv,nv,0.615094,2.2366563e-05,auto_accept,n/a
ISIC_0027826,bkl,bkl,0.15867911,0.007975182,auto_accept,n/a
ISIC_0025240,nv,nv,0.6383448,0.26026863,auto_accept,n/a
ISIC_0024438,nv,nv,0.002006703,1.6319924e-05,auto_accept,n/a
ISIC_0025750,nv,vasc,0.2825641,4.043189e-05,auto_accept,n/a
ISIC_0024399,nv,nv,0.0014381337,3.1235759e-06,auto_accept,n/a
ISIC_0024630,mel,mel,0.037110806,0.9889993,auto_accept,n/a
ISIC_0028302,nv,nv,0.010609819,0.0002330636,auto_accept,n/a
ISIC_0031246,nv,nv,0.004379435,1.7799648e-07,auto_accept,n/a
ISIC_0028516,nv,nv,0.060916033,6.07851e-05,auto_accept,n/a
ISIC_0026900,nv,nv,0.0014039221,2.2372902e-07,auto_accept,n/a
ISIC_0030777,nv,nv,0.0050324337,0.00012404732,auto_accept,n/a
ISIC_0026134,nv,nv,0.022827562,2.8644628e-05,auto_accept,n/a
ISIC_0028485,nv,nv,0.021149177,0.0015817938,auto_accept,n/a
ISIC_0026560,nv,nv,0.03872336,0.0022162579,auto_accept,n/a
ISIC_0027654,nv,vasc,0.59258306,3.6254036e-07,auto_accept,n/a
ISIC_0025104,nv,nv,0.20362644,1.4895286e-06,auto_accept,n/a
ISIC_0031020,nv,nv,0.0053396514,2.522189e-06,auto_accept,n/a
ISIC_0026641,nv,nv,0.001550008,3.386216e-05,auto_accept,n/a
ISIC_0030017,nv,nv,0.17925356,3.2037733e-05,auto_accept,n/a
ISIC_0032521,nv,mel,0.066242285,0.99257255,auto_accept,n/a
ISIC_0026920,nv,nv,0.006148227,9.23493e-06,auto_accept,n/a
ISIC_0024685,nv,nv,0.0052094036,2.6136673e-05,auto_accept,n/a
ISIC_0027312,nv,nv,0.21246539,0.006298739,auto_accept,n/a
ISIC_0025441,nv,nv,0.0040828516,3.6381538e-05,auto_accept,n/a
ISIC_0027503,nv,nv,0.02701764,0.0015974956,auto_accept,n/a
ISIC_0033160,nv,nv,0.2660063,0.046901286,auto_accept,n/a
ISIC_0029497,nv,nv,0.10087196,0.00018917535,auto_accept,n/a
ISIC_0027309,nv,nv,0.042160306,3.3606639e-06,auto_accept,n/a
ISIC_0031003,nv,nv,0.012623525,2.1721953e-05,auto_accept,n/a
ISIC_0027360,nv,nv,0.442936,0.03209382,auto_accept,n/a
ISIC_0031300,nv,nv,0.0010455699,1.689406e-06,auto_accept,n/a
ISIC_0027174,mel,mel,0.6475286,0.5902681,auto_accept,n/a
ISIC_0032282,nv,nv,0.024831,7.1481634e-07,auto_accept,n/a
ISIC_0024676,bkl,bkl,0.03172484,0.016448338,auto_accept,n/a
ISIC_0029471,nv,nv,0.1620538,0.00011819771,auto_accept,n/a
ISIC_0026591,nv,nv,0.0017357125,9.772125e-06,auto_accept,n/a
ISIC_0033903,nv,nv,0.5624269,0.007278706,auto_accept,n/a
ISIC_0032674,nv,mel,0.40809134,0.81994283,auto_accept,n/a
ISIC_0026504,nv,nv,0.007440579,1.2272247e-06,auto_accept,n/a
ISIC_0028143,nv,nv,0.022294596,4.8224542e-06,auto_accept,n/a
ISIC_0027180,nv,nv,0.0012564483,7.355923e-07,auto_accept,n/a
ISIC_0027280,nv,nv,0.012445534,9.436093e-06,auto_accept,n/a
ISIC_0030692,nv,nv,0.051508673,0.004316481,auto_accept,n/a
ISIC_0025899,nv,nv,0.045666248,0.0007049674,auto_accept,n/a
ISIC_0027542,nv,nv,0.04296025,0.0028488282,auto_accept,n/a
ISIC_0024764,nv,nv,0.060900804,3.33253e-05,auto_accept,n/a
ISIC_0025827,nv,nv,0.0022561578,2.4355097e-06,auto_accept,n/a
ISIC_0030614,nv,nv,0.0048271064,0.00010953981,auto_accept,n/a
ISIC_0027711,nv,nv,0.07301032,0.0061804536,auto_accept,n/a
ISIC_0025166,nv,bkl,0.48138088,0.0009588023,auto_accept,n/a
ISIC_0032964,nv,nv,0.67656565,0.3457291,auto_accept,n/a
ISIC_0029756,nv,nv,0.36748937,6.76737e-05,auto_accept,n/a
ISIC_0026966,nv,nv,0.0041133817,7.78046e-06,auto_accept,n/a
ISIC_0032119,nv,nv,0.025844729,2.5109686e-05,auto_accept,n/a
ISIC_0032375,nv,nv,0.09913698,0.0014453131,auto_accept,n/a
ISIC_0032121,nv,nv,0.020223567,2.7170996e-05,auto_accept,n/a
ISIC_0033746,nv,df,0.10255057,0.0076740338,auto_accept,n/a
ISIC_0027484,nv,nv,0.006028218,0.00012626624,auto_accept,n/a
ISIC_0025095,nv,nv,0.09997791,0.008230473,auto_accept,n/a
ISIC_0024699,nv,nv,0.0027540699,8.203448e-07,auto_accept,n/a
ISIC_0033065,nv,nv,0.02678482,8.641078e-05,auto_accept,n/a
ISIC_0024788,nv,nv,0.07696268,2.084099e-08,auto_accept,n/a
ISIC_0029790,nv,nv,0.03207189,0.00019433911,auto_accept,n/a
ISIC_0032618,bkl,bkl,0.7326787,0.6115581,escalate,n/a
ISIC_0031337,nv,nv,0.082805604,0.0114309145,auto_accept,n/a
ISIC_0027158,nv,nv,0.014639288,9.242282e-08,auto_accept,n/a
ISIC_0025092,nv,nv,0.005920304,8.068562e-05,auto_accept,n/a
ISIC_0030165,mel,mel,0.08466113,0.9775508,auto_accept,n/a
ISIC_0029876,nv,nv,0.004093563,1.0602849e-05,auto_accept,n/a
ISIC_0026067,nv,nv,0.18769304,0.00057786837,auto_accept,n/a
ISIC_0031477,nv,nv,0.65527904,1.1252158e-06,auto_accept,n/a
ISIC_0034100,mel,mel,0.8657818,0.69794685,escalate,n/a
ISIC_0030166,nv,nv,0.027455142,1.5158466e-05,auto_accept,n/a
ISIC_0028531,nv,nv,0.083850406,0.0034639833,auto_accept,n/a
ISIC_0028503,bkl,bkl,0.07906562,2.1841874e-05,auto_accept,n/a
ISIC_0025797,nv,nv,0.005961729,0.00010614578,auto_accept,n/a
ISIC_0033826,nv,nv,0.008726635,6.540811e-05,auto_accept,n/a
ISIC_0032912,nv,nv,0.21847785,0.041537993,auto_accept,n/a
ISIC_0026703,nv,nv,0.5180892,2.5124064e-06,auto_accept,n/a
ISIC_0034183,mel,nv,0.016411083,0.0002151054,auto_accept,n/a
ISIC_0032893,nv,nv,0.3168771,0.002493009,auto_accept,n/a
ISIC_0028005,nv,nv,0.0036363185,1.8600836e-05,auto_accept,n/a
ISIC_0030146,nv,nv,0.032118145,1.9285655e-05,auto_accept,n/a
ISIC_0029536,nv,nv,0.019061506,5.3936856e-07,auto_accept,n/a
ISIC_0026260,nv,mel,0.35496673,0.91840976,auto_accept,n/a
ISIC_0032727,bcc,bcc,0.1439987,0.9244642,auto_accept,n/a
ISIC_0029341,bcc,bcc,0.052030407,0.839643,auto_accept,n/a
ISIC_0033184,bkl,bkl,0.08373418,0.0063010766,auto_accept,n/a
ISIC_0030765,nv,nv,0.33296296,0.096899465,auto_accept,n/a
ISIC_0028251,nv,nv,0.038603384,2.24501e-05,auto_accept,n/a
ISIC_0029351,nv,nv,0.11078411,4.5691522e-05,auto_accept,n/a
ISIC_0032007,nv,nv,0.0058790506,0.0005145026,auto_accept,n/a
ISIC_0029644,bcc,bcc,0.008695265,0.9989661,auto_accept,n/a
ISIC_0027804,nv,nv,0.47412294,0.0010447198,auto_accept,n/a
ISIC_0027060,mel,mel,0.5675381,0.81262016,auto_accept,n/a
ISIC_0025909,nv,mel,0.027287496,0.9933288,auto_accept,n/a
ISIC_0031470,bcc,bcc,0.00022915767,0.9999894,auto_accept,n/a
ISIC_0027692,nv,nv,0.0025562947,2.3876719e-05,auto_accept,n/a
ISIC_0025153,mel,nv,0.13523187,0.009940838,auto_accept,n/a
ISIC_0031082,nv,nv,0.00746165,1.6457085e-05,auto_accept,n/a
ISIC_0031351,bcc,bcc,0.63740045,0.9997559,auto_accept,n/a
ISIC_0032667,nv,nv,0.103039004,0.0055906437,auto_accept,n/a
ISIC_0030397,nv,nv,0.67633975,8.065931e-05,auto_accept,n/a
ISIC_0025078,nv,nv,0.0038904387,0.00018235303,auto_accept,n/a
ISIC_0033005,df,df,0.002519791,0.00014109496,auto_accept,n/a
ISIC_0026332,nv,nv,0.03943777,1.4596993e-06,auto_accept,n/a
ISIC_0029081,mel,mel,0.48396766,0.6208414,auto_accept,n/a
ISIC_0032075,nv,nv,0.044278692,0.00017151478,auto_accept,n/a
ISIC_0027524,nv,nv,0.008489511,0.00049154076,auto_accept,n/a
ISIC_0028030,nv,nv,0.06552295,5.133068e-05,auto_accept,n/a
ISIC_0032337,nv,nv,0.05554619,1.2048331e-05,auto_accept,n/a
ISIC_0025194,nv,nv,0.12230165,5.109897e-06,auto_accept,n/a
ISIC_0027251,nv,nv,0.05773317,9.5947486e-05,auto_accept,n/a
ISIC_0025098,nv,nv,0.0351469,1.1066983e-05,auto_accept,n/a
ISIC_0029016,nv,nv,0.0050222054,3.8101447e-08,auto_accept,n/a
ISIC_0025613,nv,nv,0.014011635,4.3264707e-05,auto_accept,n/a
ISIC_0025344,nv,nv,0.0023286687,9.251665e-08,auto_accept,n/a
ISIC_0029151,nv,nv,0.0262088,6.133633e-07,auto_accept,n/a
ISIC_0029273,nv,nv,0.023901809,0.0014640474,auto_accept,n/a
ISIC_0029225,nv,nv,0.03672141,0.00011280169,auto_accept,n/a
ISIC_0027892,nv,nv,0.13070235,0.012074323,auto_accept,n/a
ISIC_0026502,nv,nv,0.6929073,0.3696942,auto_accept,n/a
ISIC_0026945,nv,nv,0.008393066,0.00037519366,auto_accept,n/a
ISIC_0033365,nv,nv,0.3959583,0.1356103,auto_accept,n/a
ISIC_0031858,nv,nv,0.017884638,5.3724492e-05,auto_accept,n/a
ISIC_0026927,akiec,akiec,0.15213986,0.9819515,auto_accept,n/a
ISIC_0028303,bcc,bcc,0.0006738199,0.99995935,auto_accept,n/a
ISIC_0027390,nv,nv,0.007933751,7.520771e-06,auto_accept,n/a
ISIC_0029798,nv,nv,0.036392637,0.00040767126,auto_accept,n/a
ISIC_0025009,nv,nv,0.08136853,0.0003285608,auto_accept,n/a
ISIC_0025625,nv,nv,0.002375986,3.1958454e-05,auto_accept,n/a
ISIC_0028900,mel,mel,0.7339355,0.6613958,escalate,n/a
ISIC_0025559,nv,nv,0.2890041,0.00044948488,auto_accept,n/a
ISIC_0033497,nv,nv,0.19241345,0.0125427,auto_accept,n/a
ISIC_0029025,akiec,akiec,0.15314122,0.9905529,auto_accept,n/a
ISIC_0032012,nv,nv,0.0044549126,7.447703e-08,auto_accept,n/a
ISIC_0031355,nv,nv,0.005761822,7.053178e-06,auto_accept,n/a
ISIC_0024934,nv,nv,0.024068084,0.0001758579,auto_accept,n/a
ISIC_0025423,nv,nv,0.036066674,0.00028735143,auto_accept,n/a
ISIC_0032314,bcc,bcc,0.0399082,0.99033594,auto_accept,n/a
ISIC_0025493,nv,nv,0.03861179,0.00019065094,auto_accept,n/a
ISIC_0024614,nv,nv,0.007320953,2.668473e-06,auto_accept,n/a
ISIC_0029785,nv,nv,0.001404082,3.9633255e-06,auto_accept,n/a
ISIC_0029226,nv,nv,0.013236063,5.1978924e-07,auto_accept,n/a
ISIC_0031080,nv,nv,0.30067337,0.02865616,auto_accept,n/a
ISIC_0030020,nv,nv,0.003395703,1.1635627e-09,auto_accept,n/a
ISIC_0028132,akiec,bcc,0.10087238,0.9999851,auto_accept,n/a
ISIC_0024439,nv,nv,0.8467885,0.31374896,escalate,n/a
ISIC_0030725,nv,nv,0.009555626,1.04648225e-05,auto_accept,n/a
ISIC_0030439,nv,nv,0.0007466869,3.127469e-06,auto_accept,n/a
ISIC_0030737,bcc,akiec,0.12868407,0.89584106,auto_accept,n/a
ISIC_0030262,nv,nv,0.0872239,1.8628141e-06,auto_accept,n/a
ISIC_0028183,nv,nv,0.018443748,0.00022905943,auto_accept,n/a
ISIC_0034231,nv,mel,0.57075495,0.56833434,auto_accept,n/a
ISIC_0027496,nv,nv,0.0064629735,4.420537e-08,auto_accept,n/a
ISIC_0028933,nv,nv,0.0345312,5.813967e-07,auto_accept,n/a
ISIC_0030867,nv,nv,0.025438199,5.4573115e-07,auto_accept,n/a
ISIC_0024559,nv,nv,0.013601332,2.4376232e-05,auto_accept,n/a
ISIC_0026219,bkl,bkl,0.1981649,0.11835146,auto_accept,n/a
ISIC_0030595,nv,nv,0.007955444,2.9963814e-05,auto_accept,n/a
ISIC_0032340,nv,nv,0.07087525,0.0080476515,auto_accept,n/a
ISIC_0032902,nv,nv,0.39023715,0.007499478,auto_accept,n/a
ISIC_0025002,nv,nv,0.01132047,6.7007426e-07,auto_accept,n/a
ISIC_0026216,nv,nv,0.22430004,0.013967107,auto_accept,n/a
ISIC_0033586,mel,mel,0.68018866,0.64491916,auto_accept,n/a
ISIC_0025425,vasc,vasc,0.000258796,0.00018940997,auto_accept,n/a
ISIC_0030297,akiec,akiec,0.09342868,0.94280106,auto_accept,n/a
ISIC_0031135,nv,nv,0.0009898705,1.868317e-06,auto_accept,n/a
ISIC_0033870,nv,nv,0.10435247,0.0045874706,auto_accept,n/a
ISIC_0030363,nv,nv,0.0028608942,1.1044483e-06,auto_accept,n/a
ISIC_0025079,nv,nv,0.27575633,5.947681e-06,auto_accept,n/a
ISIC_0024708,bkl,mel,0.7712741,0.5535952,escalate,n/a
ISIC_0032495,nv,nv,0.006795481,7.5553646e-05,auto_accept,n/a
ISIC_0024905,nv,df,0.00034808906,0.0001420013,auto_accept,n/a
ISIC_0033197,nv,nv,0.015512068,0.0005410567,auto_accept,n/a
ISIC_0026887,nv,nv,0.5913664,0.014914538,auto_accept,n/a
ISIC_0034187,nv,bkl,0.18299916,1.0114796e-05,auto_accept,n/a
ISIC_0033872,mel,mel,0.33282375,0.90743977,auto_accept,n/a
ISIC_0028824,nv,nv,0.013538523,1.8883729e-07,auto_accept,n/a
ISIC_0025730,nv,nv,0.21274176,0.0056970464,auto_accept,n/a
ISIC_0031625,nv,nv,0.043859165,1.7323923e-06,auto_accept,n/a
ISIC_0029940,nv,nv,0.076524876,0.0010608037,auto_accept,n/a
ISIC_0032256,nv,nv,0.03770506,3.5850032e-09,auto_accept,n/a
ISIC_0025217,nv,nv,0.070891075,5.9364443e-06,auto_accept,n/a
ISIC_0030530,nv,nv,0.007444326,1.942255e-06,auto_accept,n/a
ISIC_0025862,nv,nv,0.15789717,3.0982164e-06,auto_accept,n/a
ISIC_0026499,nv,nv,0.018955946,0.00011386281,auto_accept,n/a
ISIC_0027704,bcc,bcc,0.04292632,0.9741736,auto_accept,n/a
ISIC_0028686,nv,nv,0.35359576,0.004718746,auto_accept,n/a
ISIC_0025709,mel,akiec,0.44384724,0.95621014,auto_accept,n/a
ISIC_0028164,nv,nv,0.0061429967,2.0511443e-06,auto_accept,n/a
ISIC_0033138,nv,nv,0.077788725,0.005841251,auto_accept,n/a
ISIC_0030409,nv,nv,0.005026342,8.3510795e-06,auto_accept,n/a
ISIC_0025193,nv,nv,0.028709386,1.29056125e-05,auto_accept,n/a
ISIC_0026972,nv,nv,0.0320296,1.3188276e-07,auto_accept,n/a
ISIC_0030612,nv,nv,0.007066877,3.814639e-07,auto_accept,n/a
ISIC_0033527,nv,nv,0.26330748,0.0019989605,auto_accept,n/a
ISIC_0024539,akiec,bkl,0.10278356,0.041445076,auto_accept,n/a
ISIC_0028138,nv,nv,0.009102424,4.5446257e-05,auto_accept,n/a
ISIC_0024884,nv,vasc,0.21447262,7.941938e-06,auto_accept,n/a
ISIC_0025733,nv,nv,0.31813774,3.382754e-06,auto_accept,n/a
ISIC_0033023,mel,mel,0.031036386,0.9913728,auto_accept,n/a
ISIC_0034244,nv,nv,0.2734741,0.025226941,auto_accept,n/a
ISIC_0032023,nv,nv,0.43599713,0.0011207589,auto_accept,n/a
ISIC_0028631,nv,nv,0.56497747,0.2166526,auto_accept,n/a
ISIC_0031861,nv,nv,0.005949714,1.5315208e-06,auto_accept,n/a
ISIC_0026299,nv,nv,0.00072871154,1.8642429e-06,auto_accept,n/a
ISIC_0029861,nv,nv,0.014062801,0.00041463357,auto_accept,n/a
ISIC_0030703,nv,nv,0.031347074,1.9910387e-06,auto_accept,n/a
ISIC_0032002,nv,nv,0.0018934824,1.4111943e-08,auto_accept,n/a
ISIC_0032156,bkl,bkl,0.11702017,0.0073471167,auto_accept,n/a
ISIC_0033898,nv,nv,0.48715642,0.114033796,auto_accept,n/a
ISIC_0031835,nv,nv,0.05320723,1.7874707e-05,auto_accept,n/a
ISIC_0024430,nv,nv,0.09090775,0.026825927,auto_accept,n/a
ISIC_0029093,nv,nv,0.05890914,0.0015400832,auto_accept,n/a
ISIC_0030272,bkl,bkl,0.015262156,0.00033774268,auto_accept,n/a
ISIC_0030082,nv,nv,0.079250515,0.010635147,auto_accept,n/a
ISIC_0032593,nv,mel,0.4250117,0.8522479,auto_accept,n/a
ISIC_0026448,nv,nv,0.020231707,5.5078086e-05,auto_accept,n/a
ISIC_0026464,nv,nv,0.053808384,1.3012513e-05,auto_accept,n/a
ISIC_0031213,nv,nv,0.0015622077,2.4268593e-06,auto_accept,n/a
ISIC_0027965,nv,nv,0.013124765,3.6567842e-06,auto_accept,n/a
ISIC_0028533,nv,nv,0.002486758,7.741786e-08,auto_accept,n/a
ISIC_0025994,nv,nv,0.051235173,3.0305273e-05,auto_accept,n/a
ISIC_0031127,nv,bkl,0.7339134,0.004724881,escalate,n/a
ISIC_0031425,nv,nv,0.0048794635,6.772594e-05,auto_accept,n/a
ISIC_0030767,bcc,bcc,0.01518957,0.7093442,auto_accept,n/a
ISIC_0024715,nv,nv,0.0068133925,0.00023995919,auto_accept,n/a
ISIC_0025885,bkl,nv,0.75486577,0.006568797,escalate,n/a
ISIC_0030621,nv,nv,0.09435547,0.00717872,auto_accept,n/a
ISIC_0033804,mel,mel,0.7056198,0.398995,auto_accept,n/a
ISIC_0031338,nv,nv,0.01536354,2.3161276e-06,auto_accept,n/a
ISIC_0029950,nv,nv,0.16742626,9.104806e-06,auto_accept,n/a
ISIC_0027224,nv,nv,0.4875125,0.0011678393,auto_accept,n/a
ISIC_0030779,nv,nv,0.059383396,9.378587e-06,auto_accept,n/a
ISIC_0031417,mel,nv,0.036619075,0.0018743612,auto_accept,n/a
ISIC_0031036,nv,nv,0.25589344,0.001344788,auto_accept,n/a
ISIC_0029000,mel,mel,0.18757854,0.96169096,auto_accept,n/a
ISIC_0031657,nv,nv,0.018185105,0.00077608,auto_accept,n/a
ISIC_0030792,nv,nv,0.7009188,0.00031052876,auto_accept,n/a
ISIC_0026762,nv,nv,0.0036178378,4.9660957e-06,auto_accept,n/a
ISIC_0033273,nv,nv,0.3584525,0.00668018,auto_accept,n/a
ISIC_0028654,nv,nv,0.030063849,3.8262982e-07,auto_accept,n/a
ISIC_0029518,bkl,bkl,0.44305208,0.27400678,auto_accept,n/a
ISIC_0029766,nv,nv,0.006424253,4.571065e-05,auto_accept,n/a
ISIC_0028291,mel,mel,0.089452095,0.9717478,auto_accept,n/a
ISIC_0024316,nv,nv,0.0013617012,1.6391793e-08,auto_accept,n/a
ISIC_0025367,nv,nv,0.28411502,0.009943563,auto_accept,n/a
ISIC_0024716,nv,nv,0.22849543,0.03336123,auto_accept,n/a
ISIC_0025688,nv,nv,0.012649211,2.3584626e-05,auto_accept,n/a
ISIC_0026102,nv,nv,0.011211053,0.00015586491,auto_accept,n/a
ISIC_0032523,nv,nv,0.020181248,0.00024288638,auto_accept,n/a
ISIC_0029787,nv,nv,0.1031495,0.00084690057,auto_accept,n/a
ISIC_0033797,nv,nv,0.10638293,0.00032969538,auto_accept,n/a
ISIC_0028948,nv,nv,0.010426898,8.352791e-06,auto_accept,n/a
ISIC_0028238,bcc,bcc,7.4551535e-05,0.99999964,auto_accept,n/a
ISIC_0029181,nv,nv,0.123475276,3.0719575e-06,auto_accept,n/a
ISIC_0026936,nv,nv,0.023060428,0.0007570047,auto_accept,n/a
ISIC_0025957,akiec,akiec,0.038553655,0.99487007,auto_accept,n/a
ISIC_0029939,nv,nv,0.006786996,1.9966594e-06,auto_accept,n/a
ISIC_0032732,bkl,bkl,0.2178915,0.000537091,auto_accept,n/a
ISIC_0030938,nv,nv,0.26402885,0.00012703685,auto_accept,n/a
ISIC_0031685,nv,nv,0.34969246,1.7279326e-05,auto_accept,n/a
ISIC_0026888,nv,nv,0.35374367,0.025720118,auto_accept,n/a
ISIC_0030010,bcc,bcc,0.6919042,0.9648314,auto_accept,n/a
ISIC_0034150,mel,mel,0.25326836,0.90332067,auto_accept,n/a
ISIC_0032919,vasc,vasc,1.0271689e-05,0.00036673754,auto_accept,n/a
ISIC_0032343,bkl,bkl,0.0032982724,0.0007825073,auto_accept,n/a
ISIC_0030196,nv,nv,0.023108974,0.0008919384,auto_accept,n/a
ISIC_0028355,nv,nv,0.74139243,6.910435e-06,escalate,n/a
ISIC_0030268,nv,nv,0.013463985,0.00017087604,auto_accept,n/a
ISIC_0026663,bkl,bkl,0.06102092,0.013824029,auto_accept,n/a
ISIC_0031687,nv,nv,0.0030840735,1.357094e-05,auto_accept,n/a
ISIC_0026007,nv,nv,0.0003336238,7.833908e-07,auto_accept,n/a
ISIC_0027510,nv,nv,0.006327971,4.8980193e-05,auto_accept,n/a
ISIC_0034275,mel,mel,0.0008928047,0.99989986,auto_accept,n/a
ISIC_0027342,nv,nv,0.0044139265,2.7020582e-05,auto_accept,n/a
ISIC_0032682,nv,bkl,0.42287076,0.0021071006,auto_accept,n/a
ISIC_0032036,mel,mel,0.8361461,0.47550112,escalate,n/a
ISIC_0025245,nv,nv,0.2266496,0.025329288,auto_accept,n/a
ISIC_0032916,nv,nv,0.1833485,0.027888197,auto_accept,n/a
ISIC_0026016,bkl,bkl,0.10394141,0.00950916,auto_accept,n/a
ISIC_0033153,nv,nv,0.121230446,0.0009265155,auto_accept,n/a
ISIC_0033306,bkl,bkl,0.8010381,0.41543126,escalate,n/a
ISIC_0024365,nv,nv,0.32387412,8.541452e-09,auto_accept,n/a
ISIC_0026896,nv,nv,0.009190245,3.0657968e-06,auto_accept,n/a
ISIC_0025495,nv,nv,0.055222407,6.844179e-05,auto_accept,n/a
ISIC_0031907,nv,nv,0.027301729,3.052964e-05,auto_accept,n/a
ISIC_0032628,nv,nv,0.0122541655,2.5072311e-05,auto_accept,n/a
ISIC_0028561,nv,nv,0.0017052407,3.30058e-05,auto_accept,n/a
ISIC_0027537,nv,nv,0.41189903,0.0020801737,auto_accept,n/a
ISIC_0025440,nv,nv,0.12051253,0.024371019,auto_accept,n/a
ISIC_0033912,nv,nv,0.17718895,5.1873358e-05,auto_accept,n/a
ISIC_0030266,nv,nv,0.6374856,0.00030568565,auto_accept,n/a
ISIC_0024796,nv,nv,0.0071837134,9.720482e-05,auto_accept,n/a
ISIC_0027238,mel,mel,0.14050941,0.96336114,auto_accept,n/a
ISIC_0024444,nv,nv,0.050801,0.00013246584,auto_accept,n/a
ISIC_0028162,nv,nv,0.015784826,1.2816947e-05,auto_accept,n/a
ISIC_0031785,nv,nv,0.00251575,5.464743e-07,auto_accept,n/a
ISIC_0025921,nv,nv,0.030449912,9.462464e-07,auto_accept,n/a
ISIC_0025922,nv,nv,0.06677289,4.998568e-06,auto_accept,n/a
ISIC_0028359,nv,nv,0.021535812,5.303645e-06,auto_accept,n/a
ISIC_0030312,nv,df,0.0015883592,0.0031508105,auto_accept,n/a
ISIC_0027499,nv,nv,0.00012215678,6.3635177e-09,auto_accept,n/a
ISIC_0024828,nv,nv,0.14422467,0.00028310387,auto_accept,n/a
ISIC_0029361,nv,nv,0.03749928,0.0013394933,auto_accept,n/a
ISIC_0032088,nv,nv,0.0030429263,3.080962e-06,auto_accept,n/a
ISIC_0027551,nv,nv,0.017317314,3.079392e-05,auto_accept,n/a
ISIC_0032983,bkl,bkl,0.012556612,4.3463202e-05,auto_accept,n/a
ISIC_0029463,nv,nv,0.13042352,2.332427e-05,auto_accept,n/a
ISIC_0027816,nv,nv,0.06834225,0.00012851735,auto_accept,n/a
ISIC_0031184,nv,vasc,0.71962726,9.048697e-07,auto_accept,n/a
ISIC_0033699,nv,mel,0.18799649,0.9503575,auto_accept,n/a
ISIC_0033714,nv,nv,0.060378708,0.00042662676,auto_accept,n/a
ISIC_0030504,nv,nv,0.031811204,0.00027788893,auto_accept,n/a
ISIC_0027946,nv,nv,0.091268755,5.2558192e-08,auto_accept,n/a
ISIC_0032607,nv,nv,0.13262196,0.024425648,auto_accept,n/a
ISIC_0024342,nv,nv,0.07788246,0.0024500627,auto_accept,n/a
ISIC_0027412,nv,nv,0.26768225,0.027466858,auto_accept,n/a
ISIC_0026715,nv,nv,0.028364481,0.0016548913,auto_accept,n/a
ISIC_0030211,mel,mel,0.012699043,0.99895084,auto_accept,n/a
ISIC_0027778,nv,nv,0.007571456,3.2581883e-07,auto_accept,n/a
ISIC_0033890,nv,nv,0.46860322,0.024718972,auto_accept,n/a
ISIC_0031788,nv,nv,0.025535572,3.7047616e-06,auto_accept,n/a
ISIC_0026182,nv,nv,0.0433632,0.00020368608,auto_accept,n/a
ISIC_0028530,nv,nv,0.00618222,1.4879795e-07,auto_accept,n/a
ISIC_0033891,df,df,0.0031490356,0.0005914681,auto_accept,n/a
ISIC_0024735,nv,nv,0.0006367666,8.448127e-09,auto_accept,n/a
ISIC_0027027,bkl,bkl,0.021801226,0.00027739417,auto_accept,n/a
ISIC_0031568,nv,nv,0.003033051,7.0520684e-07,auto_accept,n/a
ISIC_0032928,nv,nv,0.4502664,0.0046762046,auto_accept,n/a
ISIC_0028879,nv,nv,0.05301225,7.942528e-07,auto_accept,n/a
ISIC_0029272,mel,nv,0.32141596,0.028230201,auto_accept,n/a
ISIC_0028790,df,df,0.00013207576,0.012836516,auto_accept,n/a
ISIC_0030282,nv,nv,0.014322334,0.00048470421,auto_accept,n/a
ISIC_0026969,nv,nv,0.0022999023,1.0889715e-05,auto_accept,n/a
ISIC_0028700,nv,nv,0.15136084,4.308064e-06,auto_accept,n/a
ISIC_0029063,nv,nv,0.0007427226,3.2978588e-07,auto_accept,n/a
ISIC_0025053,nv,nv,0.0051360424,3.4859585e-07,auto_accept,n/a
ISIC_0028040,nv,nv,0.012608186,3.312887e-06,auto_accept,n/a
ISIC_0033514,nv,nv,0.23715255,0.00537412,auto_accept,n/a
ISIC_0029240,nv,nv,0.0053656874,1.5016168e-05,auto_accept,n/a
ISIC_0032622,mel,mel,0.007188687,0.99942446,auto_accept,n/a
ISIC_0027743,nv,nv,0.0009937643,2.2299582e-07,auto_accept,n/a
ISIC_0029263,bcc,bcc,0.22313863,0.9989491,auto_accept,n/a
ISIC_0028816,akiec,akiec,0.14963679,0.98904043,auto_accept,n/a
ISIC_0030339,bcc,bcc,0.009047178,0.9989236,auto_accept,n/a
ISIC_0025949,nv,nv,0.053053815,1.6575423e-06,auto_accept,n/a
ISIC_0028421,nv,nv,0.08129047,4.910989e-05,auto_accept,n/a
ISIC_0027586,nv,nv,0.03926277,1.5216615e-06,auto_accept,n/a
ISIC_0029805,bcc,bcc,0.01039036,0.99800426,auto_accept,n/a
ISIC_0028809,nv,nv,0.567466,0.003018028,auto_accept,n/a
ISIC_0030942,nv,mel,0.5537191,0.6416962,auto_accept,n/a
ISIC_0027846,bcc,bcc,0.023050731,0.98985744,auto_accept,n/a
ISIC_0024917,nv,nv,0.0038456845,1.946361e-09,auto_accept,n/a
ISIC_0028021,nv,nv,0.1296324,0.002060541,auto_accept,n/a
ISIC_0027032,nv,nv,0.00091048947,4.513679e-06,auto_accept,n/a
ISIC_0025355,nv,nv,0.11445263,8.970817e-06,auto_accept,n/a
ISIC_0031179,nv,nv,0.016282983,4.8987654e-06,auto_accept,n/a
ISIC_0031873,nv,nv,0.026016261,0.0002691318,auto_accept,n/a
ISIC_0025059,nv,nv,0.19832969,0.00026358667,auto_accept,n/a
ISIC_0031063,bcc,bcc,0.03166273,0.99853086,auto_accept,n/a
ISIC_0030865,nv,nv,0.0024762484,4.6595724e-05,auto_accept,n/a
ISIC_0033741,nv,nv,0.04588603,9.958027e-05,auto_accept,n/a
ISIC_0028247,nv,nv,0.06630257,7.991156e-05,auto_accept,n/a
ISIC_0027931,nv,nv,0.33024973,0.0016471015,auto_accept,n/a
ISIC_0025671,nv,nv,0.40117365,0.0014872467,auto_accept,n/a
ISIC_0031894,nv,nv,0.20484573,0.016566642,auto_accept,n/a
ISIC_0032333,nv,nv,0.49486622,0.121549115,auto_accept,n/a
ISIC_0027647,nv,nv,0.025862664,0.0025868397,auto_accept,n/a
ISIC_0027014,nv,nv,0.09265864,0.00018784057,auto_accept,n/a
ISIC_0028971,nv,nv,0.19092822,0.0056645586,auto_accept,n/a
ISIC_0034292,nv,nv,0.39915395,0.091958396,auto_accept,n/a
ISIC_0024706,vasc,vasc,6.2592255e-05,5.7821894e-06,auto_accept,n/a
ISIC_0031920,nv,nv,0.011724952,6.134763e-05,auto_accept,n/a
ISIC_0033800,nv,nv,0.15088739,0.015680972,auto_accept,n/a
ISIC_0030715,nv,nv,0.016192444,1.03009384e-07,auto_accept,n/a
ISIC_0032037,nv,nv,0.0016833757,5.677933e-08,auto_accept,n/a
ISIC_0033440,mel,mel,0.018851118,0.9977356,auto_accept,n/a
ISIC_0031992,nv,nv,0.0007197843,3.5087186e-07,auto_accept,n/a
ISIC_0031409,nv,nv,0.0021158594,6.2543786e-06,auto_accept,n/a
ISIC_0030658,nv,nv,0.0044506965,7.4223666e-05,auto_accept,n/a
ISIC_0028026,mel,mel,0.07120217,0.9806097,auto_accept,n/a
ISIC_0027799,nv,nv,0.0053388174,1.6113248e-07,auto_accept,n/a
ISIC_0032227,nv,nv,0.6436381,0.0021599722,auto_accept,n/a
ISIC_0032238,akiec,akiec,0.00032018631,0.9997633,auto_accept,n/a
ISIC_0029154,nv,nv,0.0450071,0.000106391824,auto_accept,n/a
ISIC_0030311,nv,nv,0.11055537,0.0075392523,auto_accept,n/a
ISIC_0028682,nv,nv,0.082621954,5.451919e-06,auto_accept,n/a
ISIC_0033047,mel,mel,0.30436748,0.929429,auto_accept,n/a
ISIC_0025914,nv,nv,0.060892925,2.4616333e-05,auto_accept,n/a
ISIC_0034077,nv,nv,0.61859244,0.0014251994,auto_accept,n/a
ISIC_0024678,nv,nv,0.24141732,6.674669e-05,auto_accept,n/a
ISIC_0026392,nv,nv,0.0459219,0.0042720963,auto_accept,n/a
ISIC_0027228,nv,nv,0.01597806,0.00041450668,auto_accept,n/a
ISIC_0024988,nv,nv,0.035223566,1.0478225e-05,auto_accept,n/a
ISIC_0025868,nv,nv,0.006243406,1.3389412e-06,auto_accept,n/a
ISIC_0032159,bkl,bkl,0.04213463,0.007229703,auto_accept,n/a
ISIC_0032039,nv,nv,0.13220239,0.0070884493,auto_accept,n/a
ISIC_0026959,bkl,nv,0.29967484,2.5967976e-05,auto_accept,n/a
ISIC_0025966,nv,nv,0.036817126,1.0865854e-05,auto_accept,n/a
ISIC_0027690,nv,nv,0.09600558,5.663126e-07,auto_accept,n/a
ISIC_0025578,vasc,vasc,0.02300139,0.028601853,auto_accept,n/a
ISIC_0030848,nv,nv,0.007311348,0.00010190572,auto_accept,n/a
ISIC_0028224,akiec,akiec,0.09520646,0.95185685,auto_accept,n/a
ISIC_0029814,nv,nv,0.01955517,3.2251457e-05,auto_accept,n/a
ISIC_0026199,nv,nv,0.030769784,0.002789608,auto_accept,n/a
ISIC_0024645,nv,nv,0.010034363,2.171955e-05,auto_accept,n/a
ISIC_0028405,nv,nv,0.12809044,0.0003943128,auto_accept,n/a
ISIC_0029402,nv,nv,0.21158217,0.037420742,auto_accept,n/a
ISIC_0025590,nv,nv,0.001422199,2.4877983e-05,auto_accept,n/a
ISIC_0029200,nv,nv,0.013823863,0.00024641416,auto_accept,n/a
ISIC_0033818,nv,nv,0.27121598,0.038803816,auto_accept,n/a
ISIC_0026708,nv,nv,0.09344595,1.6195777e-06,auto_accept,n/a
ISIC_0032565,nv,mel,0.6196257,0.5504509,auto_accept,n/a
ISIC_0028149,nv,nv,0.042369522,0.003368141,auto_accept,n/a
ISIC_0026871,bkl,akiec,0.61409104,0.6081159,auto_accept,n/a
ISIC_0027155,mel,mel,0.2205672,0.94197834,auto_accept,n/a
ISIC_0025118,nv,nv,0.088439345,0.008368139,auto_accept,n/a
ISIC_0034044,nv,nv,0.15885201,0.01946461,auto_accept,n/a
ISIC_0029769,nv,nv,0.07150902,0.00021980055,auto_accept,n/a
ISIC_0029959,nv,nv,0.01888574,4.7224776e-06,auto_accept,n/a
ISIC_0029013,mel,nv,0.014321604,7.483381e-06,auto_accept,n/a
ISIC_0030283,vasc,vasc,0.0004125239,0.00018251919,auto_accept,n/a
ISIC_0028521,nv,nv,0.0028778897,1.3537074e-07,auto_accept,n/a
ISIC_0030092,nv,nv,0.00050356175,5.913662e-07,auto_accept,n/a
ISIC_0027896,akiec,akiec,0.0015057895,0.99909246,auto_accept,n/a
ISIC_0030236,nv,nv,0.12329075,0.01292781,auto_accept,n/a
ISIC_0029975,nv,nv,0.7304356,0.17143528,escalate,n/a
ISIC_0030300,nv,nv,0.03773933,0.0005711692,auto_accept,n/a
ISIC_0033866,akiec,bkl,0.016723998,0.01186798,auto_accept,n/a
ISIC_0034081,nv,nv,0.017628629,0.0005155469,auto_accept,n/a
ISIC_0026154,bcc,bcc,0.021910693,0.9985677,auto_accept,n/a
ISIC_0026198,nv,nv,0.019777637,5.6417797e-08,auto_accept,n/a
ISIC_0029255,nv,nv,0.00087182596,2.5874574e-08,auto_accept,n/a
ISIC_0030466,nv,nv,0.0007013235,2.5433932e-05,auto_accept,n/a
ISIC_0033731,nv,nv,0.24045892,0.001003174,auto_accept,n/a
ISIC_0028864,nv,nv,0.33498898,8.68926e-07,auto_accept,n/a
ISIC_0027626,df,df,0.0054704286,0.0053117443,auto_accept,n/a
ISIC_0025072,nv,nv,0.18547997,7.3405325e-05,auto_accept,n/a
ISIC_0027065,mel,mel,0.33612445,0.83464104,auto_accept,n/a
ISIC_0026202,nv,nv,0.34790778,2.5397949e-06,auto_accept,n/a
ISIC_0031128,nv,nv,0.14358915,0.0004397943,auto_accept,n/a
ISIC_0026986,nv,nv,0.003079689,5.61232e-06,auto_accept,n/a
ISIC_0026098,nv,nv,0.0014526151,5.0928693e-06,auto_accept,n/a
ISIC_0029649,nv,nv,0.01672344,0.00010638533,auto_accept,n/a
ISIC_0026240,nv,nv,0.028784249,0.0010251426,auto_accept,n/a
ISIC_0033841,nv,nv,0.037803594,0.0007101356,auto_accept,n/a
ISIC_0030008,nv,nv,0.07218813,0.00014730963,auto_accept,n/a
ISIC_0027715,nv,nv,0.07077375,0.004087926,auto_accept,n/a
ISIC_0034193,nv,nv,0.0023591921,2.5951193e-05,auto_accept,n/a
ISIC_0031053,nv,nv,0.033674955,0.002800177,auto_accept,n/a
ISIC_0026671,nv,bkl,0.50438136,0.00011171635,auto_accept,n/a
ISIC_0025062,nv,nv,0.2040745,0.001657553,auto_accept,n/a
ISIC_0025485,bkl,bkl,0.08869281,0.11387666,auto_accept,n/a
ISIC_0026740,nv,nv,0.04040703,1.8616668e-06,auto_accept,n/a
ISIC_0029596,bkl,bkl,0.22487508,0.026646866,auto_accept,n/a
ISIC_0030609,nv,nv,0.12744644,0.0022257736,auto_accept,n/a
ISIC_0030263,nv,nv,0.01216211,0.0005881346,auto_accept,n/a
ISIC_0032257,nv,nv,0.049799833,0.001008552,auto_accept,n/a
ISIC_0024713,nv,nv,0.0001572474,2.9579547e-10,auto_accept,n/a
ISIC_0033406,nv,mel,0.48785993,0.78886104,auto_accept,n/a
ISIC_0028360,nv,nv,0.046631478,0.002782274,auto_accept,n/a
ISIC_0030161,nv,nv,0.011105904,5.4074164e-05,auto_accept,n/a
ISIC_0033457,nv,bkl,0.51787186,0.0016087773,auto_accept,n/a
ISIC_0033880,nv,nv,0.05016608,9.3617535e-05,auto_accept,n/a
ISIC_0028642,mel,mel,0.064614385,0.994327,auto_accept,n/a
ISIC_0026189,nv,nv,0.0040851966,6.885217e-05,auto_accept,n/a
ISIC_0033918,nv,bkl,0.66503465,0.0008600828,auto_accept,n/a
ISIC_0029317,nv,nv,0.010954339,2.463326e-06,auto_accept,n/a
ISIC_0033784,bkl,mel,0.17662807,0.98065567,auto_accept,n/a
ISIC_0029193,bcc,bcc,1.1240224,0.7922693,escalate,n/a
ISIC_0030436,bkl,bcc,0.29936114,0.9993481,auto_accept,n/a
ISIC_0027596,nv,nv,0.042471804,0.00071609113,auto_accept,n/a
ISIC_0032499,nv,nv,0.11807091,0.00080033875,auto_accept,n/a
ISIC_0027750,nv,nv,0.009116775,6.381823e-09,auto_accept,n/a
ISIC_0029586,nv,vasc,0.7163303,6.0563643e-06,auto_accept,n/a
ISIC_0033352,nv,nv,0.68868023,5.7534995e-05,auto_accept,n/a
ISIC_0027757,nv,nv,0.14547196,0.004664667,auto_accept,n/a
ISIC_0032266,nv,nv,0.0037835226,8.841074e-09,auto_accept,n/a
ISIC_0030200,nv,nv,0.043782823,6.2513252e-09,auto_accept,n/a
ISIC_0027020,nv,nv,0.011181219,6.4165346e-05,auto_accept,n/a
ISIC_0027175,bcc,bcc,0.07493693,0.99936384,auto_accept,n/a
ISIC_0029914,mel,mel,0.0612738,0.9883858,auto_accept,n/a
ISIC_0029641,nv,nv,0.033221077,0.006580582,auto_accept,n/a
ISIC_0030811,nv,nv,0.0022588167,2.333169e-06,auto_accept,n/a
ISIC_0032494,nv,nv,0.033151302,0.0028531756,auto_accept,n/a
ISIC_0027338,nv,nv,0.314693,0.003293136,auto_accept,n/a
ISIC_0031051,nv,nv,0.008497177,1.06842855e-07,auto_accept,n/a
ISIC_0028784,nv,nv,0.008835533,1.4867986e-05,auto_accept,n/a
ISIC_0029708,nv,nv,0.16944233,1.8247752e-05,auto_accept,n/a
ISIC_0029978,nv,mel,0.67484707,0.666229,auto_accept,n/a
ISIC_0029499,nv,nv,0.3254113,0.101019874,auto_accept,n/a
ISIC_0034144,nv,nv,0.010296066,0.0003088097,auto_accept,n/a
ISIC_0024576,nv,nv,0.21901402,3.161296e-05,auto_accept,n/a
ISIC_0025869,nv,nv,0.23766941,0.017184246,auto_accept,n/a
ISIC_0024777,nv,nv,0.026335154,0.00014550127,auto_accept,n/a
ISIC_0026727,nv,nv,0.011085275,7.074942e-05,auto_accept,n/a
ISIC_0028644,akiec,mel,0.17548616,0.9575501,auto_accept,n/a
ISIC_0025933,nv,nv,0.0029083043,8.468096e-06,auto_accept,n/a
ISIC_0024906,nv,nv,0.34433025,0.0018990068,auto_accept,n/a
ISIC_0031736,nv,nv,0.005836399,3.419688e-07,auto_accept,n/a
ISIC_0028152,nv,nv,0.037639372,1.4038543e-05,auto_accept,n/a
ISIC_0024807,nv,nv,0.004691869,8.690771e-08,auto_accept,n/a
ISIC_0027729,nv,nv,0.38057622,0.0010340525,auto_accept,n/a
ISIC_0030617,nv,nv,0.0066356068,4.864511e-08,auto_accept,n/a
ISIC_0027485,nv,nv,0.019004034,0.00015509028,auto_accept,n/a
ISIC_0026576,bkl,bkl,0.23180485,0.020129105,auto_accept,n/a
ISIC_0032533,mel,nv,0.28471696,0.00012554972,auto_accept,n/a
ISIC_0027164,nv,nv,0.018609144,4.4956025e-05,auto_accept,n/a
ISIC_0030100,nv,nv,0.043511078,3.6667328e-07,auto_accept,n/a
ISIC_0026865,bcc,bcc,0.016342971,0.9991499,auto_accept,n/a
ISIC_0026325,nv,nv,0.05881267,8.354136e-05,auto_accept,n/a
ISIC_0025664,nv,nv,0.0003705272,8.282404e-07,auto_accept,n/a
ISIC_0033837,nv,nv,0.32398263,0.107448496,auto_accept,n/a
ISIC_0033157,nv,nv,0.31294164,2.1839394e-05,auto_accept,n/a
ISIC_0030632,nv,nv,0.024204668,8.824701e-08,auto_accept,n/a
ISIC_0025563,nv,nv,0.039697517,0.0035426447,auto_accept,n/a
ISIC_0033834,mel,mel,0.017433217,0.99864405,auto_accept,n/a
ISIC_0027356,nv,nv,0.0077011627,5.059555e-08,auto_accept,n/a
ISIC_0024672,bkl,mel,0.24947971,0.94847006,auto_accept,n/a
ISIC_0029899,bcc,bcc,0.00039260313,0.9999442,auto_accept,n/a
ISIC_0033393,mel,nv,0.37392846,0.007416064,auto_accept,n/a
ISIC_0029800,nv,nv,0.0019352569,1.7194754e-05,auto_accept,n/a
ISIC_0032184,nv,nv,0.24285327,0.046698693,auto_accept,n/a
ISIC_0027572,nv,nv,0.006900834,0.00035320062,auto_accept,n/a
ISIC_0026932,nv,nv,0.053112783,4.6597015e-05,auto_accept,n/a
ISIC_0029096,nv,nv,0.00027511833,2.3311081e-08,auto_accept,n/a
ISIC_0030380,nv,nv,0.01289707,7.4641302e-06,auto_accept,n/a
ISIC_0033045,nv,nv,0.12682562,0.023577044,auto_accept,n/a
ISIC_0027938,nv,nv,0.01232473,7.811693e-05,auto_accept,n/a
ISIC_0031391,nv,nv,0.0075649293,2.8032617e-05,auto_accept,n/a
ISIC_0026673,nv,nv,0.0028818205,1.4149875e-05,auto_accept,n/a
ISIC_0024663,nv,nv,0.07485909,8.445522e-06,auto_accept,n/a
ISIC_0026880,nv,nv,0.021689055,7.327343e-07,auto_accept,n/a
ISIC_0031947,nv,nv,0.0406556,4.621739e-07,auto_accept,n/a
ISIC_0032728,nv,nv,0.027781853,0.0004434416,auto_accept,n/a
ISIC_0026300,nv,nv,0.00083079876,4.4642665e-08,auto_accept,n/a
ISIC_0026909,mel,mel,0.3831835,0.7703485,auto_accept,n/a
ISIC_0026951,nv,nv,0.03560812,3.794006e-06,auto_accept,n/a
ISIC_0024461,bcc,bcc,0.00051945366,0.99999726,auto_accept,n/a
ISIC_0028719,bcc,bcc,0.015828963,0.9994435,auto_accept,n/a
ISIC_0026093,nv,nv,0.0019339696,4.3492703e-09,auto_accept,n/a
ISIC_0028038,nv,nv,0.00642879,0.00016287193,auto_accept,n/a
ISIC_0025820,nv,nv,0.002796178,0.00011190718,auto_accept,n/a
ISIC_0024981,bkl,mel,0.71697474,0.5345752,auto_accept,n/a
ISIC_0033653,mel,mel,0.496481,0.8568865,auto_accept,n/a
ISIC_0032887,mel,mel,0.2937219,0.9022838,auto_accept,n/a
ISIC_0028004,nv,nv,0.0030531795,1.263186e-06,auto_accept,n/a
ISIC_0033914,nv,nv,0.08750892,0.0034064306,auto_accept,n/a
ISIC_0025052,nv,nv,0.116058946,9.371835e-06,auto_accept,n/a
ISIC_0029734,nv,nv,0.08633185,0.00062746194,auto_accept,n/a
ISIC_0029829,nv,nv,0.012669409,0.00024189401,auto_accept,n/a
ISIC_0033728,mel,mel,0.5176015,0.7024609,auto_accept,n/a
ISIC_0029983,nv,nv,0.40594864,0.043639947,auto_accept,n/a
ISIC_0025496,nv,nv,0.015095033,1.2855612e-06,auto_accept,n/a
ISIC_0024534,nv,nv,0.010564004,1.0297987e-05,auto_accept,n/a
ISIC_0033109,nv,mel,0.5191148,0.6947788,auto_accept,n/a
ISIC_0033476,mel,mel,0.5139987,0.89337784,auto_accept,n/a
ISIC_0028257,nv,nv,0.0011301659,1.5109433e-06,auto_accept,n/a
ISIC_0029906,nv,nv,0.044466317,0.00038841253,auto_accept,n/a
ISIC_0031883,nv,nv,0.121386714,0.00030865808,auto_accept,n/a
ISIC_0024548,nv,nv,0.007548433,7.958599e-05,auto_accept,n/a
ISIC_0028541,nv,nv,0.0018494567,7.138749e-07,auto_accept,n/a
ISIC_0029832,nv,nv,0.012882342,9.408523e-05,auto_accept,n/a
ISIC_0033316,nv,nv,0.025353901,4.261076e-05,auto_accept,n/a
ISIC_0024447,nv,nv,0.5623295,0.096461065,auto_accept,n/a
ISIC_0031842,nv,nv,0.0071942536,9.3653245e-09,auto_accept,n/a
ISIC_0025498,nv,nv,0.025020426,1.1457901e-05,auto_accept,n/a
ISIC_0033853,bkl,bkl,0.26864237,0.0042164526,auto_accept,n/a
ISIC_0028544,nv,nv,0.15227106,0.01783101,auto_accept,n/a
ISIC_0026801,nv,nv,0.08519453,1.1584146e-06,auto_accept,n/a
ISIC_0024902,nv,nv,0.59708416,0.07991812,auto_accept,n/a
ISIC_0028193,nv,nv,0.00426293,1.2650183e-07,auto_accept,n/a
ISIC_0029993,nv,nv,0.16561213,0.028861873,auto_accept,n/a
ISIC_0027891,nv,nv,0.055466957,0.0004358569,auto_accept,n/a
ISIC_0026428,nv,nv,0.0019922366,4.577914e-05,auto_accept,n/a
ISIC_0029523,nv,nv,0.07126986,0.00010007621,auto_accept,n/a
ISIC_0031034,mel,nv,0.71917635,0.0043650777,auto_accept,n/a
ISIC_0024659,nv,nv,0.055590343,7.228315e-05,auto_accept,n/a
ISIC_0033623,nv,nv,0.019902507,6.104418e-05,auto_accept,n/a
ISIC_0025074,nv,nv,0.053569935,0.0035467544,auto_accept,n/a
ISIC_0033811,akiec,bkl,0.50437146,0.15742822,auto_accept,n/a
ISIC_0027002,nv,nv,0.09856061,0.0018066897,auto_accept,n/a
ISIC_0028873,nv,bkl,0.2802326,0.08955804,auto_accept,n/a
ISIC_0026165,nv,nv,0.16362134,9.314557e-05,auto_accept,n/a
ISIC_0024883,bkl,nv,0.08234315,0.0022588917,auto_accept,n/a
ISIC_0028935,nv,nv,0.21713759,0.035019767,auto_accept,n/a
ISIC_0032763,bkl,bkl,0.33868656,0.056110524,auto_accept,n/a
ISIC_0025650,bcc,akiec,0.5527679,0.99907124,auto_accept,n/a
ISIC_0025972,nv,nv,0.5814364,0.025184607,auto_accept,n/a
ISIC_0031988,nv,nv,0.78247476,0.087151855,escalate,n/a
ISIC_0026313,df,df,0.00044061584,0.004345624,auto_accept,n/a
ISIC_0030594,bcc,bcc,0.10545039,0.6861259,auto_accept,n/a
ISIC_0030379,nv,nv,0.014148784,5.3789972e-06,auto_accept,n/a
ISIC_0033892,nv,nv,0.07342873,0.009030288,auto_accept,n/a
ISIC_0029870,nv,nv,0.0061839684,5.240506e-06,auto_accept,n/a
ISIC_0031235,nv,nv,0.0026730103,1.9767626e-07,auto_accept,n/a
ISIC_0033651,mel,mel,0.0283564,0.9968471,auto_accept,n/a
ISIC_0029008,nv,nv,0.009044977,2.418318e-06,auto_accept,n/a
ISIC_0028671,bcc,bcc,0.012183984,0.9996126,auto_accept,n/a
ISIC_0031282,nv,nv,0.0041231136,1.8124647e-09,auto_accept,n/a
ISIC_0026059,nv,nv,5.6410765e-05,7.151015e-08,auto_accept,n/a
ISIC_0028344,nv,nv,0.2513415,0.026180249,auto_accept,n/a
ISIC_0027377,nv,nv,0.013304376,2.4538951e-06,auto_accept,n/a
ISIC_0028073,nv,nv,0.01680853,3.2467844e-06,auto_accept,n/a
ISIC_0025190,nv,nv,0.0011072874,5.8731393e-06,auto_accept,n/a
ISIC_0026309,nv,nv,0.017528621,2.4965923e-06,auto_accept,n/a
ISIC_0030875,nv,nv,0.0032829186,3.592836e-08,auto_accept,n/a
ISIC_0027246,nv,nv,0.18755786,0.018105699,auto_accept,n/a
ISIC_0028831,nv,mel,0.33129996,0.8923586,auto_accept,n/a
ISIC_0025091,nv,nv,0.015083723,1.6070937e-06,auto_accept,n/a
ISIC_0028612,nv,nv,0.00817332,1.0079601e-05,auto_accept,n/a
ISIC_0025817,nv,nv,0.15146089,2.2398348e-05,auto_accept,n/a
ISIC_0031596,nv,mel,0.5129211,0.5976167,auto_accept,n/a
ISIC_0033649,nv,nv,0.17751546,0.00018023256,auto_accept,n/a
ISIC_0033412,nv,nv,0.08731031,0.007707031,auto_accept,n/a
ISIC_0026997,nv,nv,0.0049689,2.60147e-05,auto_accept,n/a
ISIC_0032996,nv,nv,0.02658571,0.0020615505,auto_accept,n/a
ISIC_0030315,nv,nv,0.0628832,4.4214285e-06,auto_accept,n/a
ISIC_0026110,nv,nv,0.109896675,2.4493265e-06,auto_accept,n/a
ISIC_0031833,nv,nv,0.20587778,3.3750868e-07,auto_accept,n/a
ISIC_0025087,nv,nv,0.0020538955,9.502706e-09,auto_accept,n/a
ISIC_0027407,mel,mel,0.08311109,0.97878647,auto_accept,n/a
ISIC_0028341,nv,nv,0.0028819921,2.4581652e-06,auto_accept,n/a
ISIC_0033725,mel,mel,0.08183247,0.9788012,auto_accept,n/a
ISIC_0027961,nv,nv,0.09849583,0.005200317,auto_accept,n/a
ISIC_0027192,bkl,akiec,0.45122337,0.740586,auto_accept,n/a
ISIC_0028087,mel,nv,0.68395436,0.0038098907,auto_accept,n/a
ISIC_0028802,nv,nv,0.010127176,1.1327006e-06,auto_accept,n/a
ISIC_0033243,nv,bkl,0.39422196,0.008311997,auto_accept,n/a
ISIC_0030103,nv,nv,0.025835926,0.00011589171,auto_accept,n/a
ISIC_0030431,nv,nv,0.69479644,2.2241471e-05,auto_accept,n/a
ISIC_0026642,nv,nv,0.26823723,0.111788586,auto_accept,n/a
ISIC_0031279,nv,nv,0.0014135308,3.3598702e-08,auto_accept,n/a
ISIC_0026943,nv,nv,0.339302,3.910214e-07,auto_accept,n/a
ISIC_0033939,nv,nv,0.0703481,0.0024297545,auto_accept,n/a
ISIC_0027860,nv,nv,0.002098207,1.2063816e-06,auto_accept,n/a
ISIC_0032751,mel,mel,0.3572202,0.87748003,auto_accept,n/a
ISIC_0026965,nv,nv,0.023874994,0.00056678307,auto_accept,n/a
ISIC_0031688,nv,nv,0.01484225,3.0832084e-07,auto_accept,n/a
ISIC_0030826,akiec,akiec,0.02000998,0.99813545,auto_accept,n/a
ISIC_0026992,akiec,akiec,0.16271757,0.98617643,auto_accept,n/a
ISIC_0025532,nv,nv,0.056600753,0.0069548353,auto_accept,n/a
ISIC_0033977,mel,mel,0.21905375,0.9089318,auto_accept,n/a
ISIC_0031144,nv,nv,0.026383959,8.457225e-06,auto_accept,n/a
ISIC_0028115,nv,nv,0.045578066,0.00046472132,auto_accept,n/a
ISIC_0032740,bkl,bkl,0.77165735,0.05731369,escalate,n/a
ISIC_0029605,nv,nv,0.061312333,4.9421986e-05,auto_accept,n/a
ISIC_0024568,nv,nv,0.32715642,1.9165577e-06,auto_accept,n/a
ISIC_0024627,nv,nv,0.26167017,2.1939593e-05,auto_accept,n/a
ISIC_0032164,bcc,bcc,0.007706049,0.999424,auto_accept,n/a
ISIC_0025048,nv,nv,0.016853895,4.4766047e-08,auto_accept,n/a
ISIC_0028963,nv,nv,0.12053404,0.0019798947,auto_accept,n/a
ISIC_0029925,nv,nv,0.017099472,3.414577e-05,auto_accept,n/a
ISIC_0028558,akiec,akiec,0.04099861,0.9755946,auto_accept,n/a
ISIC_0025937,bkl,bkl,0.31395864,0.046756826,auto_accept,n/a
ISIC_0033274,mel,mel,0.22629179,0.96210945,auto_accept,n/a
ISIC_0031979,nv,nv,0.004970954,5.2186337e-05,auto_accept,n/a
ISIC_0032640,nv,nv,0.7002565,0.45554748,auto_accept,n/a
ISIC_0029540,nv,nv,0.052167874,0.007247402,auto_accept,n/a
ISIC_0031271,df,df,2.162763e-06,0.012726482,auto_accept,n/a
ISIC_0029553,nv,nv,0.058454253,0.0010290928,auto_accept,n/a
ISIC_0031587,nv,nv,0.027043018,0.00030905445,auto_accept,n/a
ISIC_0033568,mel,nv,0.45319146,0.19181386,auto_accept,n/a
ISIC_0033423,nv,nv,0.15400067,0.012686344,auto_accept,n/a
ISIC_0028687,bcc,bcc,0.0132804345,0.9879475,auto_accept,n/a
ISIC_0032406,nv,nv,0.037358057,0.00017374249,auto_accept,n/a
ISIC_0027327,mel,mel,0.027871966,0.9985216,auto_accept,n/a
ISIC_0031698,bcc,bcc,0.0039117634,0.9998827,auto_accept,n/a
ISIC_0028153,nv,nv,0.518824,0.00042366862,auto_accept,n/a
ISIC_0025775,nv,nv,0.0051342347,4.023153e-07,auto_accept,n/a
ISIC_0034126,bkl,bkl,0.08140286,0.012565646,auto_accept,n/a
ISIC_0026463,nv,nv,0.0022341816,1.437946e-06,auto_accept,n/a
ISIC_0024397,nv,nv,0.038761742,4.702309e-06,auto_accept,n/a
ISIC_0028522,nv,nv,0.03766245,0.00010164369,auto_accept,n/a
ISIC_0030600,nv,nv,0.03210519,3.41278e-05,auto_accept,n/a
ISIC_0025426,nv,nv,0.051104832,0.0012420061,auto_accept,n/a
ISIC_0033202,nv,nv,0.07891254,0.0023289789,auto_accept,n/a
ISIC_0032026,nv,nv,0.24178042,0.005414475,auto_accept,n/a
ISIC_0029227,bkl,nv,0.009465116,5.4927727e-06,auto_accept,n/a
ISIC_0027763,nv,nv,0.42972216,1.3730319e-05,auto_accept,n/a
ISIC_0027831,bkl,bkl,0.034480568,0.0061892695,auto_accept,n/a
ISIC_0030764,nv,nv,0.123923436,1.0555325e-06,auto_accept,n/a
ISIC_0028564,nv,nv,0.04457926,0.00036499486,auto_accept,n/a
ISIC_0034095,bcc,bcc,0.102240235,0.99544936,auto_accept,n/a
ISIC_0032864,nv,nv,0.2008501,0.0010777664,auto_accept,n/a
ISIC_0033637,nv,nv,0.6365562,6.1271003e-06,auto_accept,n/a
ISIC_0030197,bcc,bcc,0.1265007,0.9945592,auto_accept,n/a
ISIC_0030526,bcc,akiec,0.06256829,0.9999796,auto_accept,n/a
ISIC_0030444,nv,nv,0.07327468,0.0052417377,auto_accept,n/a
ISIC_0026308,nv,nv,0.004563623,1.2297859e-06,auto_accept,n/a
ISIC_0029839,mel,nv,0.10355805,0.020107487,auto_accept,n/a
ISIC_0024643,bkl,bkl,0.23660561,6.2235275e-05,auto_accept,n/a
ISIC_0029960,nv,nv,0.0071365163,7.5519544e-08,auto_accept,n/a
ISIC_0031007,bcc,bcc,0.027134389,0.9905776,auto_accept,n/a
ISIC_0032000,nv,nv,0.008706054,0.00010023897,auto_accept,n/a
ISIC_0033013,nv,bkl,0.867851,0.019918932,escalate,n/a
ISIC_0031613,nv,nv,0.5148364,0.0060488237,auto_accept,n/a
ISIC_0033207,nv,nv,0.082576916,0.01045557,auto_accept,n/a
ISIC_0027552,mel,nv,0.61553144,0.044016562,auto_accept,n/a
ISIC_0029117,nv,nv,0.0008299713,9.853153e-07,auto_accept,n/a
ISIC_0025938,nv,nv,0.038573034,0.0011266571,auto_accept,n/a
ISIC_0030401,nv,nv,0.4004527,0.075140275,auto_accept,n/a
ISIC_0033948,nv,nv,0.0880172,0.0019340125,auto_accept,n/a
ISIC_0025932,bcc,bcc,0.013937728,0.9998852,auto_accept,n/a
ISIC_0030921,nv,nv,0.066117555,3.661097e-05,auto_accept,n/a
ISIC_0031427,nv,nv,0.027261725,1.7524069e-06,auto_accept,n/a
ISIC_0025979,nv,nv,0.044822965,0.0007482033,auto_accept,n/a
ISIC_0028801,nv,nv,0.0023067538,1.965371e-06,auto_accept,n/a
ISIC_0032662,mel,nv,0.63310826,0.10154826,auto_accept,n/a
ISIC_0029183,nv,nv,0.21045946,0.020621544,auto_accept,n/a
ISIC_0031946,nv,nv,0.005322025,5.0951155e-07,auto_accept,n/a
ISIC_0027035,nv,nv,0.001266397,1.0783025e-07,auto_accept,n/a
ISIC_0033342,nv,nv,0.3688997,0.0011974901,auto_accept,n/a
ISIC_0028244,nv,nv,0.0027668676,2.8593283e-07,auto_accept,n/a
ISIC_0030133,akiec,akiec,0.067890406,0.98520887,auto_accept,n/a
ISIC_0032770,nv,nv,0.40637493,0.0035282215,auto_accept,n/a
ISIC_0026977,nv,nv,0.213634,3.8355785e-05,auto_accept,n/a
ISIC_0025540,nv,nv,0.65675706,0.37570164,auto_accept,n/a
ISIC_0032474,nv,nv,0.035247475,0.00010342154,auto_accept,n/a
ISIC_0027123,nv,nv,0.085414894,3.5416182e-05,auto_accept,n/a
ISIC_0034098,nv,nv,0.25433993,0.011340196,auto_accept,n/a
ISIC_0031590,nv,nv,0.004997186,6.252512e-06,auto_accept,n/a
ISIC_0033865,bkl,bkl,0.10442699,0.057171896,auto_accept,n/a
ISIC_0026505,nv,nv,0.011262411,4.645566e-07,auto_accept,n/a
ISIC_0027674,nv,nv,0.5962596,0.14927228,auto_accept,n/a
ISIC_0029077,nv,vasc,0.67412317,2.534879e-05,auto_accept,n/a
ISIC_0032412,nv,nv,0.30985507,0.09140076,auto_accept,n/a
ISIC_0028025,nv,nv,0.009189312,4.843827e-06,auto_accept,n/a
ISIC_0027918,nv,nv,0.030540245,1.5497153e-05,auto_accept,n/a
ISIC_0033117,mel,mel,0.022754021,0.99683964,auto_accept,n/a
ISIC_0033984,nv,nv,0.17285083,0.015137935,auto_accept,n/a
ISIC_0024565,nv,nv,0.006868975,9.742236e-06,auto_accept,n/a
ISIC_0029307,nv,nv,0.00329992,1.4467555e-08,auto_accept,n/a
ISIC_0033543,nv,nv,0.043256048,0.0003811284,auto_accept,n/a
ISIC_0028742,nv,nv,0.0056891614,4.4934286e-06,auto_accept,n/a
ISIC_0031027,nv,nv,0.0012685169,2.7659862e-05,auto_accept,n/a
ISIC_0029481,nv,nv,0.24780993,4.7619895e-05,auto_accept,n/a
ISIC_0033827,nv,nv,0.28452435,0.00034601038,auto_accept,n/a
ISIC_0026160,nv,nv,0.0057770098,1.1923503e-07,auto_accept,n/a
ISIC_0025545,nv,nv,0.0640322,0.0002645169,auto_accept,n/a
ISIC_0027087,nv,mel,0.6535051,0.8046226,auto_accept,n/a
ISIC_0033569,mel,mel,0.0071723103,0.9984371,auto_accept,n/a
ISIC_0026683,nv,nv,0.00052276993,4.442587e-09,auto_accept,n/a
ISIC_0034113,bkl,bkl,0.5122681,0.029178832,auto_accept,n/a
ISIC_0028595,nv,nv,0.009200106,6.365657e-07,auto_accept,n/a
ISIC_0026570,nv,nv,0.23739363,1.4917213e-05,auto_accept,n/a
ISIC_0026735,mel,mel,0.67511266,0.8359953,auto_accept,n/a
ISIC_0029294,nv,nv,0.022909567,3.1233924e-07,auto_accept,n/a
ISIC_0028737,nv,nv,0.17829864,0.0008386036,auto_accept,n/a
ISIC_0031313,nv,nv,0.04536493,0.00095216994,auto_accept,n/a
ISIC_0025796,nv,nv,0.021561721,0.0004350085,auto_accept,n/a
ISIC_0030931,nv,nv,8.7649256e-05,1.0070205e-06,auto_accept,n/a
ISIC_0028318,nv,nv,0.0012282445,1.0100416e-06,auto_accept,n/a
ISIC_0029636,nv,nv,0.23698154,0.0015498721,auto_accept,n/a
ISIC_0033248,bcc,bcc,0.0046143485,0.9992424,auto_accept,n/a
ISIC_0033582,bkl,bkl,0.021382738,0.006613018,auto_accept,n/a
ISIC_0029410,nv,nv,0.019561121,0.00016979434,auto_accept,n/a
ISIC_0025580,nv,nv,0.0013034913,1.4623271e-06,auto_accept,n/a
ISIC_0030005,bkl,bkl,0.91412157,0.28860673,escalate,n/a
ISIC_0031771,nv,nv,0.29694957,0.00022042595,auto_accept,n/a
ISIC_0030558,nv,nv,0.0006762212,1.8070197e-05,auto_accept,n/a
ISIC_0028621,nv,bcc,0.7206506,0.93210804,auto_accept,n/a
ISIC_0028157,nv,nv,0.02086303,8.1377675e-06,auto_accept,n/a
ISIC_0032401,nv,nv,0.020735916,5.6651675e-07,auto_accept,n/a
ISIC_0029786,nv,nv,0.7168656,0.58174676,auto_accept,n/a
ISIC_0030253,nv,nv,0.55465907,0.19051072,auto_accept,n/a
ISIC_0032551,nv,nv,0.33837983,0.003094987,auto_accept,n/a
ISIC_0026604,mel,mel,0.15258749,0.95919883,auto_accept,n/a
ISIC_0029670,nv,nv,0.3871709,0.0054284213,auto_accept,n/a
ISIC_0025642,bkl,nv,1.0283151,0.07878988,escalate,n/a
ISIC_0027444,nv,nv,0.036408763,0.0016931164,auto_accept,n/a
ISIC_0033907,nv,nv,0.6292563,0.0028716524,auto_accept,n/a
ISIC_0032064,nv,nv,0.007417173,3.3142173e-06,auto_accept,n/a
ISIC_0025399,nv,nv,0.013257427,2.0970094e-05,auto_accept,n/a
ISIC_0031544,nv,nv,0.18482201,9.000352e-05,auto_accept,n/a
ISIC_0027460,nv,nv,0.05469694,0.00039716106,auto_accept,n/a
ISIC_0024498,bkl,bkl,0.021652574,0.0020958541,auto_accept,n/a
ISIC_0027347,nv,nv,0.06921682,1.1613503e-06,auto_accept,n/a
ISIC_0033830,nv,nv,0.22816163,0.014458454,auto_accept,n/a
ISIC_0027217,nv,nv,0.0022796723,1.474468e-07,auto_accept,n/a
ISIC_0030799,nv,nv,0.009691523,2.0408847e-06,auto_accept,n/a
ISIC_0024443,bcc,bcc,0.023155743,0.9911131,auto_accept,n/a
ISIC_0026860,nv,nv,0.0074076713,3.1609514e-07,auto_accept,n/a
ISIC_0033758,bkl,bkl,0.50709134,0.00045944145,auto_accept,n/a
ISIC_0032439,bcc,bcc,0.15096009,0.99918455,auto_accept,n/a
ISIC_0027913,nv,nv,0.019168962,2.0976735e-05,auto_accept,n/a
ISIC_0032560,nv,nv,0.88569427,0.20589155,escalate,n/a
ISIC_0026612,nv,nv,0.0054414426,9.364256e-08,auto_accept,n/a
ISIC_0033216,mel,mel,0.3405185,0.85934544,auto_accept,n/a
ISIC_0027154,bkl,bkl,0.011429003,0.0025797528,auto_accept,n/a
ISIC_0025747,nv,nv,0.2350404,1.628794e-05,auto_accept,n/a
ISIC_0033227,nv,nv,0.2883481,0.06289474,auto_accept,n/a
ISIC_0029197,nv,nv,0.035315994,0.0018968992,auto_accept,n/a
ISIC_0024472,bcc,bcc,0.004532257,0.9989236,auto_accept,n/a
ISIC_0032558,nv,nv,0.02281563,0.0012652418,auto_accept,n/a
ISIC_0025290,nv,nv,0.020741347,2.1622254e-05,auto_accept,n/a
ISIC_0027080,nv,nv,0.0005170183,1.695735e-06,auto_accept,n/a
ISIC_0034157,nv,nv,0.14580959,0.018170435,auto_accept,n/a
ISIC_0028057,nv,nv,0.007871512,0.0003391205,auto_accept,n/a
ISIC_0029023,nv,nv,0.0634547,0.00091674295,auto_accept,n/a
ISIC_0031703,nv,nv,0.0147082815,0.0007779013,auto_accept,n/a
ISIC_0024455,nv,nv,0.020229906,4.577271e-06,auto_accept,n/a
ISIC_0032452,nv,nv,0.0049355724,1.7046224e-05,auto_accept,n/a
ISIC_0032327,nv,bkl,0.76551735,0.012184177,escalate,n/a
ISIC_0027015,nv,nv,0.007518328,3.2153177e-06,auto_accept,n/a
ISIC_0028386,bkl,nv,0.6698496,0.00029095507,auto_accept,n/a
ISIC_0034202,mel,mel,0.2687373,0.9368073,auto_accept,n/a
ISIC_0028092,nv,nv,0.027998863,0.0022637083,auto_accept,n/a
ISIC_0024856,nv,nv,0.007644855,7.6292636e-05,auto_accept,n/a
ISIC_0025390,nv,bkl,0.68273306,4.953581e-07,auto_accept,n/a
ISIC_0034087,mel,mel,0.31109443,0.9488212,auto_accept,n/a
ISIC_0032750,mel,mel,0.32788602,0.8761911,auto_accept,n/a
ISIC_0030051,nv,nv,0.09873672,4.0572638e-07,auto_accept,n/a
ISIC_0026296,mel,nv,0.04590484,0.0012120276,auto_accept,n/a
ISIC_0033006,nv,nv,0.26930994,0.0010325074,auto_accept,n/a
ISIC_0026454,nv,nv,0.0425895,0.0015934487,auto_accept,n/a
ISIC_0027039,nv,nv,0.013189712,6.0389125e-06,auto_accept,n/a
ISIC_0030908,nv,nv,0.028273119,0.00014250915,auto_accept,n/a
ISIC_0028510,nv,bkl,0.37529272,0.00868636,auto_accept,n/a
ISIC_0028466,nv,nv,0.07543338,3.3232725e-06,auto_accept,n/a
ISIC_0025283,nv,nv,0.008192153,6.609335e-06,auto_accept,n/a
ISIC_0025273,nv,nv,0.003527162,1.2963534e-06,auto_accept,n/a
ISIC_0033819,mel,mel,0.038839273,0.9897483,auto_accept,n/a
ISIC_0026004,nv,nv,0.009750377,6.7494802e-06,auto_accept,n/a
ISIC_0032896,nv,nv,0.27482736,0.0008491874,auto_accept,n/a
ISIC_0031869,nv,nv,0.023601752,0.00013026116,auto_accept,n/a
ISIC_0030949,nv,vasc,0.072545156,4.5194065e-07,auto_accept,n/a
ISIC_0030544,nv,nv,0.08776933,1.3082491e-05,auto_accept,n/a
ISIC_0031139,nv,nv,0.080563724,6.9369125e-06,auto_accept,n/a
ISIC_0027758,nv,nv,0.12795448,3.2664204e-07,auto_accept,n/a
ISIC_0030903,nv,nv,0.011684343,5.4989815e-08,auto_accept,n/a
ISIC_0028125,nv,nv,0.004638993,2.873696e-08,auto_accept,n/a
ISIC_0024677,nv,nv,0.0010511399,2.0784864e-07,auto_accept,n/a
ISIC_0034028,mel,mel,0.4027391,0.82913756,auto_accept,n/a
ISIC_0033140,nv,nv,0.6544139,0.2306545,auto_accept,n/a
ISIC_0028268,nv,nv,0.00062274834,1.1210877e-06,auto_accept,n/a
ISIC_0029346,nv,bkl,0.60771763,4.7992035e-05,auto_accept,n/a
ISIC_0029165,nv,nv,0.07764223,1.0468027e-05,auto_accept,n/a
ISIC_0031188,nv,nv,0.04273259,0.0001381646,auto_accept,n/a
ISIC_0028829,nv,nv,0.70109564,0.42524716,auto_accept,n/a
ISIC_0030676,nv,nv,0.005878512,0.00022376043,auto_accept,n/a
ISIC_0033887,nv,nv,0.39482763,0.1293983,auto_accept,n/a
ISIC_0030832,nv,nv,0.007094998,9.1002636e-05,auto_accept,n/a
ISIC_0033408,nv,nv,0.17686413,9.774747e-05,auto_accept,n/a
ISIC_0025795,nv,nv,0.21160606,0.01530131,auto_accept,n/a
ISIC_0024697,nv,mel,0.6942281,0.64064205,auto_accept,n/a
ISIC_0033008,nv,nv,0.2808785,0.0025993313,auto_accept,n/a
ISIC_0032970,mel,mel,0.023074623,0.9952573,auto_accept,n/a
ISIC_0033622,nv,nv,0.035461307,9.680881e-05,auto_accept,n/a
ISIC_0025566,nv,nv,0.0036452725,1.846209e-05,auto_accept,n/a
ISIC_0030317,nv,nv,0.056419604,1.6250439e-07,auto_accept,n/a
ISIC_0026510,nv,nv,0.018357653,1.0842688e-05,auto_accept,n/a
ISIC_0031536,nv,nv,0.6868035,7.464323e-05,auto_accept,n/a
ISIC_0025767,bkl,bkl,0.21337606,0.012003453,auto_accept,n/a
ISIC_0027404,nv,nv,0.011529598,2.5966335e-08,auto_accept,n/a
ISIC_0032826,bkl,bkl,0.70198053,0.026106983,auto_accept,n/a
ISIC_0025064,bkl,nv,0.0940044,0.008081891,auto_accept,n/a
ISIC_0026408,nv,nv,0.003594804,7.977533e-06,auto_accept,n/a
ISIC_0025114,nv,nv,0.0032093183,8.667149e-06,auto_accept,n/a
ISIC_0027793,mel,nv,0.09371767,0.00028759893,auto_accept,n/a
ISIC_0027269,vasc,vasc,0.011862047,0.00011510139,auto_accept,n/a
ISIC_0031592,nv,nv,0.029085428,0.00097339175,auto_accept,n/a
ISIC_0032918,mel,bkl,0.9103585,0.09545646,escalate,n/a
ISIC_0028205,nv,nv,0.12737086,0.0013137833,auto_accept,n/a
ISIC_0024850,bkl,nv,0.09164642,7.525675e-05,auto_accept,n/a
ISIC_0031258,bcc,bcc,0.0060188826,0.9992787,auto_accept,n/a
ISIC_0028991,nv,nv,0.1702383,1.7497271e-07,auto_accept,n/a
ISIC_0028976,nv,nv,0.05901261,7.8053023e-07,auto_accept,n/a
ISIC_0030199,nv,nv,0.0009894781,1.0920184e-08,auto_accept,n/a
ISIC_0028955,nv,nv,0.0020147879,5.9310034e-05,auto_accept,n/a
ISIC_0029146,mel,mel,0.058642592,0.99263036,auto_accept,n/a
ISIC_0024799,bcc,bcc,0.006655582,0.9696497,auto_accept,n/a
ISIC_0028422,nv,nv,0.024844635,4.1685743e-07,auto_accept,n/a
ISIC_0028921,nv,nv,0.008151923,3.6739995e-05,auto_accept,n/a
ISIC_0028178,nv,nv,0.06700867,8.557444e-05,auto_accept,n/a
ISIC_0030128,nv,nv,0.000999049,5.6432316e-07,auto_accept,n/a
ISIC_0024985,nv,nv,0.039048813,2.6618596e-07,auto_accept,n/a
ISIC_0026496,bcc,bcc,0.013521174,0.87123084,auto_accept,n/a
ISIC_0026196,nv,nv,0.008012318,4.5778282e-07,auto_accept,n/a
ISIC_0031935,nv,nv,0.008480116,3.872982e-06,auto_accept,n/a
ISIC_0025902,nv,nv,0.01324587,0.0012398149,auto_accept,n/a
ISIC_0026224,nv,nv,0.00069333846,6.391425e-08,auto_accept,n/a
ISIC_0031562,nv,nv,0.041291777,1.2374078e-05,auto_accept,n/a
ISIC_0032446,nv,nv,0.0063061495,0.00015224308,auto_accept,n/a
ISIC_0031379,nv,nv,0.30193955,0.06711612,auto_accept,n/a
ISIC_0026029,nv,nv,0.22841243,0.0075827753,auto_accept,n/a
ISIC_0031998,nv,nv,0.012828174,7.480467e-07,auto_accept,n/a
ISIC_0031559,nv,nv,0.038438857,3.5137564e-05,auto_accept,n/a
ISIC_0033125,mel,mel,0.30947876,0.9505194,auto_accept,n/a
ISIC_0025602,nv,nv,0.0038013146,2.7905198e-06,auto_accept,n/a
ISIC_0032789,nv,bkl,0.5186158,1.5673832e-05,auto_accept,n/a
ISIC_0024829,bcc,bcc,0.014743765,0.99392116,auto_accept,n/a
ISIC_0029084,nv,vasc,0.11331879,1.9159443e-05,auto_accept,n/a
ISIC_0028796,nv,nv,0.25335127,1.8532264e-05,auto_accept,n/a
ISIC_0027581,nv,nv,0.030205777,0.00023550558,auto_accept,n/a
ISIC_0027688,nv,nv,0.47918645,0.08741506,auto_accept,n/a
ISIC_0027972,nv,nv,0.026771983,7.642487e-05,auto_accept,n/a
ISIC_0024326,nv,nv,0.004010891,7.389069e-05,auto_accept,n/a
ISIC_0030760,mel,nv,0.20703323,0.032267384,auto_accept,n/a
ISIC_0027554,nv,bkl,0.44667065,2.0179092e-05,auto_accept,n/a
ISIC_0032150,nv,nv,0.12874708,0.010072442,auto_accept,n/a
ISIC_0025774,nv,nv,0.008765493,9.4276615e-08,auto_accept,n/a
ISIC_0025199,bkl,bkl,0.70970803,0.037616815,auto_accept,n/a
ISIC_0032971,nv,nv,0.0327727,1.2318083e-05,auto_accept,n/a
ISIC_0032927,mel,mel,0.025549697,0.99560624,auto_accept,n/a
ISIC_0031032,nv,nv,0.12941925,0.003990189,auto_accept,n/a
ISIC_0029776,bkl,bkl,0.07990097,0.085286714,auto_accept,n/a
ISIC_0031807,nv,nv,0.039398804,2.6134533e-06,auto_accept,n/a
ISIC_0025329,nv,nv,0.039859127,5.6382807e-05,auto_accept,n/a
ISIC_0028304,nv,nv,0.3865634,0.06693313,auto_accept,n/a
ISIC_0026747,nv,nv,0.13457718,0.0001227035,auto_accept,n/a
ISIC_0026467,vasc,vasc,0.12654455,6.154546e-05,auto_accept,n/a
ISIC_0030206,nv,nv,0.006297345,8.307494e-06,auto_accept,n/a
ISIC_0029218,nv,bkl,0.23815826,0.00013713582,auto_accept,n/a
ISIC_0025598,nv,nv,0.71989894,0.0075455657,auto_accept,n/a
ISIC_0026481,bkl,bkl,0.1726467,0.03220168,auto_accept,n/a
ISIC_0027266,nv,nv,0.51449364,0.06660404,auto_accept,n/a
ISIC_0025527,nv,nv,0.0047209268,0.00011663028,auto_accept,n/a
ISIC_0025854,nv,nv,0.035190415,7.925172e-06,auto_accept,n/a
ISIC_0029313,nv,nv,0.21732572,0.010767895,auto_accept,n/a
ISIC_0026356,nv,nv,0.0051239985,6.7353917e-06,auto_accept,n/a
ISIC_0029163,mel,mel,0.74491465,0.8500687,escalate,n/a
ISIC_0031291,nv,nv,0.0052470416,6.1685452e-09,auto_accept,n/a
ISIC_0029113,bkl,bkl,0.3902925,7.4197305e-06,auto_accept,n/a
ISIC_0033190,nv,nv,0.028221108,8.986442e-05,auto_accept,n/a
ISIC_0029010,bkl,bkl,0.472533,0.020337645,auto_accept,n/a
ISIC_0032515,nv,nv,0.7675612,0.0022234463,escalate,n/a
ISIC_0031978,nv,nv,0.004435732,2.049846e-05,auto_accept,n/a
ISIC_0028759,nv,nv,0.29284382,0.047916993,auto_accept,n/a
ISIC_0032183,nv,nv,0.058751874,0.0005717512,auto_accept,n/a
ISIC_0028176,nv,nv,0.007911548,1.885211e-06,auto_accept,n/a
ISIC_0033697,nv,nv,0.5828268,0.23070082,auto_accept,n/a
ISIC_0024633,nv,nv,0.13890803,0.0009255622,auto_accept,n/a
ISIC_0028861,nv,nv,0.032807942,1.1784605e-06,auto_accept,n/a
ISIC_0024321,nv,nv,0.019500619,4.135101e-05,auto_accept,n/a
ISIC_0025226,nv,nv,0.004630255,8.4036965e-06,auto_accept,n/a
ISIC_0027713,bkl,bkl,0.048914164,0.008376547,auto_accept,n/a
ISIC_0033987,bkl,bkl,0.0037872568,0.00133976,auto_accept,n/a
ISIC_0026361,nv,nv,0.015350928,1.7178834e-06,auto_accept,n/a
ISIC_0032188,nv,nv,0.07665839,4.1936462e-07,auto_accept,n/a
ISIC_0032657,nv,nv,0.6305855,0.22103612,auto_accept,n/a
ISIC_0031509,nv,nv,0.0326159,9.021833e-08,auto_accept,n/a
ISIC_0028814,bcc,bcc,0.00070004514,0.99996686,auto_accept,n/a
ISIC_0025152,nv,nv,0.6451056,0.0008937999,auto_accept,n/a
ISIC_0025413,mel,mel,0.059628807,0.9914698,auto_accept,n/a
ISIC_0024641,nv,nv,0.014129039,6.8253817e-06,auto_accept,n/a
ISIC_0032973,nv,nv,0.54296046,0.1985554,auto_accept,n/a
ISIC_0034045,nv,nv,0.07418838,0.00025786718,auto_accept,n/a
ISIC_0025138,nv,nv,0.0010021552,2.108745e-05,auto_accept,n/a
ISIC_0028532,nv,nv,0.021173477,0.0008743014,auto_accept,n/a
ISIC_0026640,nv,nv,0.057020098,4.775409e-05,auto_accept,n/a
ISIC_0030969,nv,nv,0.012810357,0.00031100045,auto_accept,n/a
ISIC_0028852,nv,nv,0.13595541,4.631469e-06,auto_accept,n/a
ISIC_0030170,nv,nv,0.593645,2.8843418e-05,auto_accept,n/a
ISIC_0028735,df,nv,0.7540469,1.5128629e-05,escalate,n/a
ISIC_0033961,nv,nv,0.13370752,0.0064191343,auto_accept,n/a
ISIC_0028930,mel,nv,0.06260688,0.007094279,auto_accept,n/a
ISIC_0028650,bkl,bkl,0.48727214,0.08744882,auto_accept,n/a
ISIC_0032845,mel,nv,0.3575511,3.804588e-05,auto_accept,n/a
ISIC_0030739,nv,nv,0.15275353,6.72011e-05,auto_accept,n/a
ISIC_0024580,nv,nv,0.008545727,2.891135e-06,auto_accept,n/a
ISIC_0033018,nv,nv,0.44775224,0.0052779885,auto_accept,n/a
ISIC_0030422,nv,nv,0.49657518,0.0018377895,auto_accept,n/a
ISIC_0030925,mel,mel,0.093037926,0.9826376,auto_accept,n/a
ISIC_0034079,nv,nv,0.07160608,0.0034320725,auto_accept,n/a
ISIC_0025272,nv,nv,0.0074996576,1.3515094e-05,auto_accept,n/a
ISIC_0025374,bkl,bkl,0.018913561,0.005316061,auto_accept,n/a
ISIC_0030897,nv,nv,0.0380801,3.3699664e-07,auto_accept,n/a
ISIC_0025751,mel,mel,0.4100753,0.78046423,auto_accept,n/a
ISIC_0030084,nv,nv,0.05788614,4.775977e-06,auto_accept,n/a
ISIC_0031508,nv,nv,0.0008816384,1.0430619e-05,auto_accept,n/a
ISIC_0032633,nv,nv,0.24381174,0.009131443,auto_accept,n/a
ISIC_0025895,nv,nv,0.029194698,2.6884407e-05,auto_accept,n/a
ISIC_0024977,nv,nv,0.003324335,3.0502758e-06,auto_accept,n/a
ISIC_0030776,nv,nv,0.070867196,0.00019444869,auto_accept,n/a
ISIC_0030495,nv,nv,0.0047901855,8.822362e-08,auto_accept,n/a
ISIC_0031891,nv,nv,0.010491728,0.00026384363,auto_accept,n/a
ISIC_0032585,nv,nv,0.0067525054,0.00022504333,auto_accept,n/a
ISIC_0026558,mel,nv,0.13435683,0.022351205,auto_accept,n/a
ISIC_0029559,bkl,bkl,0.6818692,0.00015575852,auto_accept,n/a
ISIC_0031767,nv,nv,0.009746839,0.0007579836,auto_accept,n/a
ISIC_0032128,bkl,bkl,0.03169908,0.00520067,auto_accept,n/a
ISIC_0031234,nv,nv,0.060078003,3.770866e-05,auto_accept,n/a
ISIC_0025158,nv,nv,0.50241804,0.2468919,auto_accept,n/a
ISIC_0029131,nv,nv,0.011884878,2.2464921e-05,auto_accept,n/a
ISIC_0026658,nv,nv,0.31471297,0.0029751968,auto_accept,n/a
ISIC_0025779,nv,nv,0.019368082,2.6669346e-05,auto_accept,n/a
ISIC_0030119,mel,mel,0.052487668,0.9966221,auto_accept,n/a
ISIC_0030894,nv,bkl,0.5092607,0.20212238,auto_accept,n/a
ISIC_0025771,df,df,0.009838437,0.0007378036,auto_accept,n/a
ISIC_0026546,nv,nv,0.05696433,0.0063255676,auto_accept,n/a
ISIC_0032219,mel,mel,0.10269131,0.980332,auto_accept,n/a
ISIC_0032954,nv,nv,0.3514594,0.06951509,auto_accept,n/a
ISIC_0030230,bcc,nv,0.10530315,0.020500155,auto_accept,n/a
ISIC_0024328,nv,nv,0.27947462,0.06566221,auto_accept,n/a
ISIC_0030056,bkl,bkl,0.00655231,2.0965053e-05,auto_accept,n/a
ISIC_0029984,nv,nv,0.013468435,0.0003527235,auto_accept,n/a
ISIC_0032100,nv,nv,0.06696268,9.067209e-07,auto_accept,n/a
ISIC_0030471,nv,nv,0.039078236,0.00062588655,auto_accept,n/a
ISIC_0027627,nv,nv,0.6496142,0.39426926,auto_accept,n/a
ISIC_0033598,nv,nv,0.40280986,0.01354899,auto_accept,n/a
ISIC_0033640,nv,nv,0.05255178,0.0005146751,auto_accept,n/a
ISIC_0031147,nv,nv,0.005026269,2.1721582e-05,auto_accept,n/a
ISIC_0028009,nv,nv,0.35746288,0.12638797,auto_accept,n/a
ISIC_0033291,nv,nv,0.1963575,0.06653648,auto_accept,n/a
ISIC_0033256,df,df,0.0021799472,0.00074445945,auto_accept,n/a
ISIC_0030752,nv,nv,0.017297404,1.9805055e-05,auto_accept,n/a
ISIC_0033960,nv,nv,0.053586543,0.0036298197,auto_accept,n/a
ISIC_0027357,nv,nv,0.019542925,5.9000913e-06,auto_accept,n/a
ISIC_0030975,nv,nv,0.6239977,2.3710665e-05,auto_accept,n/a
ISIC_0029572,nv,nv,0.49637896,0.00011006302,auto_accept,n/a
ISIC_0027833,nv,nv,0.15492101,4.314876e-05,auto_accept,n/a
ISIC_0024543,nv,nv,0.034964696,0.0010175577,auto_accept,n/a
ISIC_0027549,nv,nv,0.066613354,0.00011010311,auto_accept,n/a
ISIC_0026779,nv,nv,0.000121790225,2.2125946e-09,auto_accept,n/a
ISIC_0028838,nv,nv,0.11059462,6.324594e-07,auto_accept,n/a
ISIC_0032781,nv,nv,0.026790481,0.00033371375,auto_accept,n/a
ISIC_0024392,nv,nv,0.0011977432,6.1934093e-06,auto_accept,n/a
ISIC_0033158,vasc,vasc,0.0016927376,0.00069748546,auto_accept,n/a
ISIC_0032101,nv,nv,0.027346276,0.00014583101,auto_accept,n/a
ISIC_0031075,nv,nv,0.020424403,2.4940127e-06,auto_accept,n/a
ISIC_0029419,nv,nv,0.037949905,7.229597e-05,auto_accept,n/a
ISIC_0029236,nv,nv,0.10078829,0.00014362027,auto_accept,n/a
ISIC_0028452,nv,nv,0.059377715,9.311405e-05,auto_accept,n/a
ISIC_0029561,nv,nv,0.13672645,3.2308293e-08,auto_accept,n/a
ISIC_0033179,nv,nv,0.21599929,0.0015239895,auto_accept,n/a
ISIC_0032163,nv,nv,0.019875105,0.0009593721,auto_accept,n/a
ISIC_0031077,mel,nv,0.58331704,0.072406754,auto_accept,n/a
ISIC_0028988,nv,nv,0.06316336,0.00044180197,auto_accept,n/a
ISIC_0032639,nv,nv,0.018654238,0.0005637814,auto_accept,n/a
ISIC_0031885,nv,nv,0.48898095,1.6223385e-06,auto_accept,n/a
ISIC_0026338,nv,nv,0.00084264483,3.8878634e-09,auto_accept,n/a
ISIC_0026585,nv,nv,0.009761578,2.6458994e-07,auto_accept,n/a
ISIC_0029909,mel,akiec,0.077345036,0.9849384,auto_accept,n/a
ISIC_0025023,nv,nv,0.027380385,1.0433741e-05,auto_accept,n/a
ISIC_0027411,nv,nv,0.00045368786,1.5755688e-08,auto_accept,n/a
ISIC_0030049,nv,nv,0.5296535,0.00012898326,auto_accept,n/a
ISIC_0028376,bkl,bkl,0.10017689,0.07094822,auto_accept,n/a
ISIC_0029753,nv,nv,0.008243856,7.310233e-06,auto_accept,n/a
ISIC_0025608,nv,nv,0.010323921,2.1303435e-06,auto_accept,n/a
ISIC_0028518,nv,nv,0.062369622,0.0015769124,auto_accept,n/a
ISIC_0031793,nv,nv,0.0074742315,6.228171e-06,auto_accept,n/a
ISIC_0028753,nv,nv,0.0014372339,8.584203e-07,auto_accept,n/a
ISIC_0024746,nv,nv,0.013381184,1.3327685e-05,auto_accept,n/a
ISIC_0027049,nv,nv,0.41184103,0.06792394,auto_accept,n/a
ISIC_0028526,nv,nv,0.009286841,1.7469523e-06,auto_accept,n/a
ISIC_0033949,bkl,bkl,0.02741083,0.0038642336,auto_accept,n/a
ISIC_0027866,nv,nv,0.21466778,1.1126477e-05,auto_accept,n/a
ISIC_0033390,nv,nv,0.26219472,0.06615776,auto_accept,n/a
ISIC_0033330,nv,nv,0.0110318875,0.00047878103,auto_accept,n/a
ISIC_0032527,nv,nv,0.046771865,0.00032151747,auto_accept,n/a
ISIC_0031172,nv,nv,0.002912401,2.8093928e-06,auto_accept,n/a
ISIC_0031201,vasc,vasc,2.111793e-06,4.6912686e-05,auto_accept,n/a
ISIC_0032205,nv,nv,0.01168442,2.9123999e-07,auto_accept,n/a
ISIC_0030415,nv,nv,0.20296793,3.323244e-05,auto_accept,n/a
ISIC_0031862,nv,nv,0.11456293,1.2730983e-06,auto_accept,n/a
ISIC_0030462,nv,nv,0.7204597,0.37642118,auto_accept,n/a
ISIC_0026974,nv,nv,0.036172077,0.0025751805,auto_accept,n/a
ISIC_0026498,nv,nv,0.0444248,0.002751003,auto_accept,n/a
ISIC_0032573,nv,nv,0.15972973,0.005994829,auto_accept,n/a
ISIC_0029406,bkl,bkl,0.0981646,0.06843393,auto_accept,n/a
ISIC_0028063,akiec,akiec,0.029123994,0.98065966,auto_accept,n/a
ISIC_0028475,nv,nv,0.08067674,2.543833e-07,auto_accept,n/a
ISIC_0024802,nv,nv,0.042877495,5.917006e-06,auto_accept,n/a
ISIC_0026227,nv,nv,0.10775339,2.3917122e-05,auto_accept,n/a
ISIC_0032850,bcc,bcc,0.105926394,0.9016339,auto_accept,n/a
ISIC_0027796,bkl,bkl,0.7933179,0.015540714,escalate,n/a
ISIC_0026221,nv,nv,0.0075498545,1.1563064e-06,auto_accept,n/a
ISIC_0030201,nv,nv,0.00039637144,5.854673e-07,auto_accept,n/a
ISIC_0025022,nv,nv,0.010884643,2.6693535e-06,auto_accept,n/a
ISIC_0026072,bkl,bkl,0.4514688,0.14207381,auto_accept,n/a
ISIC_0032978,bkl,mel,0.9179664,0.7430473,escalate,n/a
ISIC_0033701,bkl,bkl,0.37101856,0.11367646,auto_accept,n/a
ISIC_0030538,nv,nv,0.09364276,4.510916e-06,auto_accept,n/a
ISIC_0026634,bkl,bkl,0.5734574,0.34471816,auto_accept,n/a
ISIC_0030305,nv,nv,0.0062148306,0.00011156071,auto_accept,n/a
ISIC_0027943,nv,nv,0.0035959105,1.0270396e-05,auto_accept,n/a
ISIC_0025849,nv,nv,0.39662495,0.0011267982,auto_accept,n/a
ISIC_0029232,bkl,bkl,0.006516736,0.0011566477,auto_accept,n/a
ISIC_0027712,nv,nv,0.06900649,0.00022492728,auto_accept,n/a
ISIC_0025433,bcc,bcc,0.48113686,0.58533156,auto_accept,n/a
ISIC_0028717,nv,nv,0.00064464257,5.4794555e-08,auto_accept,n/a
ISIC_0033925,mel,mel,0.001179858,0.9998185,auto_accept,n/a
ISIC_0024964,nv,nv,0.0012759315,1.6990148e-07,auto_accept,n/a
ISIC_0030220,nv,nv,0.0032913939,2.2022682e-07,auto_accept,n/a
ISIC_0030654,nv,nv,0.17269893,0.02440142,auto_accept,n/a
ISIC_0026255,nv,nv,0.040905233,3.3283606e-05,auto_accept,n/a
ISIC_0032051,bkl,bkl,0.2477526,0.0014387271,auto_accept,n/a
ISIC_0028998,nv,nv,0.64408004,0.4818933,auto_accept,n/a
ISIC_0032798,nv,nv,0.4011031,0.04766564,auto_accept,n/a
ISIC_0032507,nv,nv,0.018580584,0.00048140096,auto_accept,n/a
ISIC_0030055,nv,nv,0.017141465,0.00011601003,auto_accept,n/a
ISIC_0026050,nv,nv,0.023908278,1.0803658e-06,auto_accept,n/a
ISIC_0028266,nv,nv,0.27788457,0.0011678225,auto_accept,n/a
ISIC_0024681,nv,nv,0.0003591692,9.07618e-09,auto_accept,n/a
ISIC_0025592,mel,nv,0.36773342,0.017677994,auto_accept,n/a
ISIC_0028212,nv,nv,0.28078502,0.008652027,auto_accept,n/a
ISIC_0030111,nv,nv,0.0028536886,4.563137e-06,auto_accept,n/a
ISIC_0028524,nv,nv,0.023869565,0.0006685373,auto_accept,n/a
ISIC_0025800,mel,mel,0.81757486,0.8226758,escalate,n/a
ISIC_0030505,nv,nv,0.002408122,8.612983e-05,auto_accept,n/a
ISIC_0026449,nv,nv,0.024576742,0.001679598,auto_accept,n/a
ISIC_0033036,nv,nv,0.020276928,4.1217872e-06,auto_accept,n/a
ISIC_0028664,nv,nv,0.057472803,0.0010669458,auto_accept,n/a
ISIC_0032371,akiec,akiec,0.0031218214,0.9998442,auto_accept,n/a
ISIC_0031904,nv,nv,0.12133305,0.008662339,auto_accept,n/a
ISIC_0029202,bkl,bkl,0.017568717,1.14941695e-05,auto_accept,n/a
ISIC_0029887,nv,nv,0.20390229,5.7920897e-05,auto_accept,n/a
ISIC_0025297,bkl,bkl,0.15987246,0.040046018,auto_accept,n/a
ISIC_0030163,nv,nv,0.009897673,1.47444e-06,auto_accept,n/a
ISIC_0029009,nv,nv,0.015615513,1.8978844e-05,auto_accept,n/a
ISIC_0025360,nv,nv,0.0027680106,1.0116304e-06,auto_accept,n/a
ISIC_0028876,bkl,bkl,0.033645786,0.009797027,auto_accept,n/a
ISIC_0029944,nv,nv,0.03069171,7.0405775e-05,auto_accept,n/a
ISIC_0029979,nv,nv,0.024687212,1.608802e-06,auto_accept,n/a
ISIC_0026710,nv,nv,0.2744506,3.9178835e-06,auto_accept,n/a
ISIC_0027855,nv,nv,0.05453778,3.213228e-05,auto_accept,n/a
ISIC_0025788,nv,nv,0.01002657,9.082162e-05,auto_accept,n/a
ISIC_0028953,nv,nv,0.0055167275,4.505025e-08,auto_accept,n/a
ISIC_0031576,nv,nv,0.007982414,5.4443917e-05,auto_accept,n/a
ISIC_0027890,nv,nv,0.015866486,4.8095167e-06,auto_accept,n/a
ISIC_0024855,nv,nv,0.01763344,0.00093599566,auto_accept,n/a
ISIC_0028245,nv,nv,0.025568001,4.085323e-06,auto_accept,n/a
ISIC_0033798,nv,nv,0.09564429,0.010215118,auto_accept,n/a
ISIC_0033409,nv,nv,0.07490415,0.0036050708,auto_accept,n/a
ISIC_0025434,bkl,bkl,0.012093843,0.0053518796,auto_accept,n/a
ISIC_0027515,nv,nv,0.01580612,6.682799e-06,auto_accept,n/a
ISIC_0033935,nv,mel,0.08451627,0.9834157,auto_accept,n/a
ISIC_0029859,mel,nv,0.0068946304,6.4140695e-05,auto_accept,n/a
ISIC_0030174,nv,nv,0.059088547,0.0011049692,auto_accept,n/a
ISIC_0034280,bkl,bkl,0.20641853,0.03788469,auto_accept,n/a
ISIC_0029094,mel,mel,0.3453159,0.89405006,auto_accept,n/a
ISIC_0031432,nv,nv,0.015511588,4.372111e-05,auto_accept,n/a
ISIC_0029535,nv,nv,0.18768236,5.3020653e-07,auto_accept,n/a
ISIC_0033547,nv,nv,0.027676512,0.0008882339,auto_accept,n/a
ISIC_0028868,nv,nv,0.009245387,0.00037753553,auto_accept,n/a
ISIC_0025704,nv,nv,0.0064200344,6.698616e-08,auto_accept,n/a
ISIC_0033558,nv,nv,0.4166615,0.000710324,auto_accept,n/a
ISIC_0025185,nv,nv,0.025604509,0.0006430528,auto_accept,n/a
ISIC_0025304,nv,nv,0.053753786,0.0010398974,auto_accept,n/a
ISIC_0027148,nv,nv,0.10048268,2.4034967e-05,auto_accept,n/a
ISIC_0030234,nv,nv,0.01220383,8.418356e-08,auto_accept,n/a
ISIC_0029738,nv,nv,0.013557594,7.635381e-06,auto_accept,n/a
ISIC_0026635,nv,nv,0.69092155,6.0953902e-05,auto_accept,n/a
ISIC_0033842,nv,nv,0.15098993,3.289913e-06,auto_accept,n/a
ISIC_0028535,nv,nv,0.0021088899,1.654972e-05,auto_accept,n/a
ISIC_0025713,nv,nv,0.045977004,0.00018386029,auto_accept,n/a
ISIC_0033438,bkl,bkl,0.0025767763,1.3729009e-05,auto_accept,n/a
ISIC_0026741,nv,nv,0.0945214,0.0034546265,auto_accept,n/a
ISIC_0029528,nv,df,0.6478926,0.000423891,auto_accept,n/a
ISIC_0024729,mel,mel,0.16532066,0.97028357,auto_accept,n/a
ISIC_0031187,nv,nv,0.006602901,0.00018580948,auto_accept,n/a
ISIC_0033982,nv,nv,0.072172314,0.00026244944,auto_accept,n/a
ISIC_0031366,nv,nv,0.09113428,0.0010287028,auto_accept,n/a
ISIC_0025944,nv,nv,0.03695987,0.0020991336,auto_accept,n/a
ISIC_0031675,nv,df,0.7219644,1.8188258e-06,escalate,n/a
ISIC_0024530,nv,nv,0.060006462,0.0077793803,auto_accept,n/a
ISIC_0031096,nv,nv,0.0051509044,5.1002676e-06,auto_accept,n/a
ISIC_0027803,nv,nv,0.0012382176,1.1913039e-06,auto_accept,n/a
ISIC_0028725,nv,nv,0.016629972,8.871404e-07,auto_accept,n/a
ISIC_0026022,nv,nv,0.15018791,0.016308913,auto_accept,n/a
ISIC_0029076,nv,nv,0.07944274,0.003953587,auto_accept,n/a
ISIC_0028349,nv,nv,0.05522698,0.00012636645,auto_accept,n/a
ISIC_0025204,nv,nv,0.13429938,1.280257e-07,auto_accept,n/a
ISIC_0033357,nv,nv,0.1195604,0.0002843295,auto_accept,n/a
ISIC_0025623,bkl,bkl,0.07987067,0.0070114373,auto_accept,n/a
ISIC_0026492,akiec,akiec,0.85722166,0.9581476,escalate,n/a
ISIC_0029303,nv,nv,0.43954006,1.823987e-05,auto_accept,n/a
ISIC_0032753,nv,mel,0.5033877,0.83855516,auto_accept,n/a
ISIC_0032341,nv,nv,0.24905512,0.0008448223,auto_accept,n/a
ISIC_0029027,nv,nv,0.023362022,2.4391671e-05,auto_accept,n/a
ISIC_0031297,nv,nv,0.040923037,2.952739e-07,auto_accept,n/a
ISIC_0030843,mel,nv,0.37879056,0.011686382,auto_accept,n/a
ISIC_0027223,nv,nv,0.008279174,7.325065e-07,auto_accept,n/a
ISIC_0026684,nv,nv,0.0098918015,6.971478e-07,auto_accept,n/a
ISIC_0026417,df,df,0.00016500389,0.00015423185,auto_accept,n/a
ISIC_0024703,nv,nv,0.16135107,2.4019299e-05,auto_accept,n/a
ISIC_0029326,nv,nv,0.000598064,2.9748645e-07,auto_accept,n/a
ISIC_0024310,mel,mel,0.019095045,0.99725205,auto_accept,n/a
ISIC_0032052,nv,nv,0.052209046,1.0335559e-05,auto_accept,n/a
ISIC_0026223,nv,nv,0.3719983,0.0033916766,auto_accept,n/a
ISIC_0030974,nv,nv,0.07124943,0.00013958736,auto_accept,n/a
ISIC_0025167,nv,nv,0.050032582,7.063841e-07,auto_accept,n/a
ISIC_0026239,mel,nv,0.7048534,0.68373954,auto_accept,n/a
ISIC_0028112,nv,nv,0.009125408,0.00014541915,auto_accept,n/a
ISIC_0028329,bcc,bcc,0.13575447,0.9994388,auto_accept,n/a
ISIC_0028277,nv,nv,0.023039596,0.0006163448,auto_accept,n/a
ISIC_0031694,nv,nv,0.24954528,0.0034515283,auto_accept,n/a
ISIC_0033192,mel,mel,0.039227165,0.9959228,auto_accept,n/a
ISIC_0026877,mel,nv,0.056978606,0.0032974693,auto_accept,n/a
ISIC_0026636,nv,nv,0.020183207,3.2865028e-05,auto_accept,n/a
ISIC_0034102,nv,nv,0.37585616,0.040324472,auto_accept,n/a
ISIC_0029450,nv,nv,0.13934775,4.2292922e-05,auto_accept,n/a
ISIC_0031579,nv,nv,0.036666557,5.886069e-05,auto_accept,n/a
ISIC_0031911,nv,nv,0.5525069,1.3998113e-06,auto_accept,n/a
ISIC_0027703,nv,nv,0.17190409,5.7543602e-06,auto_accept,n/a
ISIC_0030288,nv,nv,0.0010575647,9.5699e-08,auto_accept,n/a
ISIC_0030356,mel,nv,0.7217734,0.42545614,auto_accept,n/a
ISIC_0027056,nv,nv,0.050678987,7.2691946e-05,auto_accept,n/a
ISIC_0025766,mel,nv,0.5672636,0.22861868,auto_accept,n/a
ISIC_0030803,akiec,akiec,0.11194309,0.9481222,auto_accept,n/a
ISIC_0028055,nv,nv,0.0762342,2.3198048e-05,auto_accept,n/a
ISIC_0024606,nv,nv,0.010153152,4.340571e-07,auto_accept,n/a
ISIC_0025479,nv,nv,0.0027754712,1.3844731e-06,auto_accept,n/a
ISIC_0026552,nv,nv,0.39521348,0.13960376,auto_accept,n/a
ISIC_0030989,nv,nv,0.06704301,0.0002755832,auto_accept,n/a
ISIC_0032649,nv,nv,0.06130582,0.0024484096,auto_accept,n/a
ISIC_0026914,nv,nv,0.1653463,2.9988368e-07,auto_accept,n/a
ISIC_0031399,nv,nv,0.079256795,0.0028109602,auto_accept,n/a
ISIC_0024693,nv,df,0.02183701,2.1198104e-05,auto_accept,n/a
ISIC_0030025,nv,nv,0.027062472,8.418876e-07,auto_accept,n/a
ISIC_0029883,nv,nv,0.033704128,6.6061334e-06,auto_accept,n/a
ISIC_0031229,nv,nv,0.0003746042,8.250383e-08,auto_accept,n/a
ISIC_0031260,nv,nv,0.0023244224,1.5154752e-05,auto_accept,n/a
ISIC_0027735,bkl,bkl,0.8399866,0.10428896,escalate,n/a
ISIC_0026413,nv,nv,0.016258089,1.3670022e-05,auto_accept,n/a
ISIC_0033253,nv,nv,0.7642853,0.28418905,escalate,n/a
ISIC_0030774,nv,nv,0.5720846,0.0031388244,auto_accept,n/a
ISIC_0033950,nv,nv,0.07148759,0.0011326224,auto_accept,n/a
ISIC_0029030,nv,nv,0.6667654,0.15198879,auto_accept,n/a
ISIC_0033307,bkl,bkl,0.6862667,0.45172593,auto_accept,n/a
ISIC_0024545,mel,nv,0.568855,0.10604506,auto_accept,n/a
ISIC_0028108,nv,nv,0.02274625,3.565231e-05,auto_accept,n/a
ISIC_0032078,nv,nv,0.483954,8.091561e-05,auto_accept,n/a
ISIC_0026137,nv,nv,0.44965762,0.056347627,auto_accept,n/a
ISIC_0029952,nv,nv,0.14368145,1.0775819e-05,auto_accept,n/a
ISIC_0024343,nv,nv,0.021676306,0.0020235095,auto_accept,n/a
ISIC_0027494,nv,nv,0.010286179,4.4839207e-06,auto_accept,n/a
ISIC_0026582,nv,nv,0.06346197,1.574528e-05,auto_accept,n/a
ISIC_0027391,nv,nv,0.010429774,8.936942e-06,auto_accept,n/a
ISIC_0029977,nv,nv,0.036376227,2.054884e-06,auto_accept,n/a
ISIC_0028459,nv,nv,0.09414332,2.5713025e-05,auto_accept,n/a
ISIC_0029702,nv,nv,0.0031968108,1.1150149e-07,auto_accept,n/a
ISIC_0028902,nv,nv,0.0061773704,0.0001529787,auto_accept,n/a
ISIC_0027292,nv,nv,0.015916718,0.00042502047,auto_accept,n/a
ISIC_0033973,bkl,bkl,0.43447682,0.001828708,auto_accept,n/a
ISIC_0025652,nv,nv,0.016679449,4.350847e-06,auto_accept,n/a
ISIC_0024518,nv,nv,0.41009095,0.12759064,auto_accept,n/a
ISIC_0028916,mel,bkl,0.7101063,0.80423766,auto_accept,n/a
ISIC_0033071,nv,nv,0.12030734,8.694307e-05,auto_accept,n/a
ISIC_0027059,nv,nv,0.04254238,0.00013157305,auto_accept,n/a
ISIC_0028488,nv,nv,0.24144816,0.0014444533,auto_accept,n/a
ISIC_0024322,nv,nv,0.03347694,1.548457e-06,auto_accept,n/a
ISIC_0028839,nv,nv,0.0019413489,5.9290556e-07,auto_accept,n/a
ISIC_0031569,bcc,bcc,0.5110663,0.49866444,auto_accept,n/a
ISIC_0032889,nv,nv,0.48627624,0.00017285581,auto_accept,n/a
ISIC_0034041,nv,nv,0.69182897,2.038102e-05,auto_accept,n/a
ISIC_0029806,nv,nv,0.0008277225,9.905642e-07,auto_accept,n/a
ISIC_0026064,nv,nv,0.009555462,1.4383617e-06,auto_accept,n/a
ISIC_0029507,nv,nv,0.0005945427,6.6433445e-06,auto_accept,n/a
ISIC_0030775,nv,nv,0.0036956193,8.724628e-06,auto_accept,n/a
ISIC_0033375,nv,nv,0.011604145,8.721691e-06,auto_accept,n/a
ISIC_0029414,nv,nv,0.0013633202,2.8595023e-06,auto_accept,n/a
ISIC_0025159,nv,nv,0.010700753,5.4955703e-06,auto_accept,n/a
ISIC_0026851,nv,nv,0.004224994,3.895704e-06,auto_accept,n/a
ISIC_0025107,nv,nv,0.0053302962,5.006173e-07,auto_accept,n/a
ISIC_0028539,nv,nv,0.2829551,3.8117227e-07,auto_accept,n/a
ISIC_0030042,nv,nv,0.009882826,9.066465e-05,auto_accept,n/a
ISIC_0029395,nv,nv,0.20072632,0.0024505847,auto_accept,n/a
ISIC_0029106,nv,nv,0.00965809,5.6095246e-07,auto_accept,n/a
ISIC_0026174,bkl,bkl,0.015069244,0.003690794,auto_accept,n/a
ISIC_0033952,bkl,bkl,0.068481445,0.006423704,auto_accept,n/a
ISIC_0024959,nv,nv,0.024116928,0.0005856538,auto_accept,n/a
ISIC_0025823,nv,nv,0.21002284,0.007421569,auto_accept,n/a
ISIC_0030396,bkl,bcc,0.30776456,0.9219144,auto_accept,n/a
ISIC_0030446,bcc,bcc,0.08937363,0.99996626,auto_accept,n/a
ISIC_0026200,nv,nv,0.54149735,7.676148e-07,auto_accept,n/a
ISIC_0025117,nv,nv,0.24596474,0.07548402,auto_accept,n/a
ISIC_0029539,bcc,bcc,0.0012069358,0.99935454,auto_accept,n/a
ISIC_0025296,nv,nv,0.0066449186,5.875969e-06,auto_accept,n/a
ISIC_0033564,nv,nv,0.7175151,0.03274325,auto_accept,n/a
ISIC_0031859,nv,nv,0.011315763,1.7044595e-06,auto_accept,n/a
ISIC_0030887,nv,nv,0.008746845,1.1459474e-05,auto_accept,n/a
ISIC_0030568,nv,nv,0.00433977,1.6541879e-05,auto_accept,n/a
ISIC_0030225,nv,nv,0.64652365,0.4893321,auto_accept,n/a
ISIC_0025950,nv,nv,0.32222039,0.10249462,auto_accept,n/a
ISIC_0031060,bkl,bkl,0.05387137,0.015508868,auto_accept,n/a
ISIC_0025614,nv,nv,0.016984079,4.2859965e-06,auto_accept,n/a
ISIC_0033163,nv,nv,0.030399121,0.0025334407,auto_accept,n/a
ISIC_0027305,nv,nv,0.34565577,0.05880814,auto_accept,n/a
ISIC_0032705,nv,nv,0.27347267,0.0013918277,auto_accept,n/a
ISIC_0025628,vasc,vasc,1.8803652e-05,0.00017517958,auto_accept,n/a
ISIC_0031909,nv,nv,0.010670243,0.00017750666,auto_accept,n/a
ISIC_0029951,bcc,bcc,0.009433541,0.9996049,auto_accept,n/a
ISIC_0032035,nv,nv,0.09048176,0.00684415,auto_accept,n/a
ISIC_0033650,nv,nv,0.6014592,0.0184085,auto_accept,n/a
ISIC_0027685,nv,nv,0.0029124417,1.9582949e-05,auto_accept,n/a
ISIC_0032905,nv,mel,0.9015601,0.4161725,escalate,n/a
ISIC_0031339,mel,mel,0.25343692,0.937807,auto_accept,n/a
ISIC_0031548,nv,nv,0.007380865,5.8301744e-06,auto_accept,n/a
ISIC_0032473,nv,nv,0.13459805,0.00025860462,auto_accept,n/a
ISIC_0029580,bkl,bcc,0.33910242,0.9022438,auto_accept,n/a
ISIC_0024465,nv,nv,0.0028868397,1.7529719e-06,auto_accept,n/a
ISIC_0027324,nv,df,0.13573347,2.0057396e-05,auto_accept,n/a
ISIC_0033683,nv,nv,0.5696582,0.17716207,auto_accept,n/a
ISIC_0033944,nv,nv,0.15130225,0.0076378896,auto_accept,n/a
ISIC_0028546,nv,nv,0.38552886,5.7841744e-06,auto_accept,n/a
ISIC_0030916,nv,nv,0.0034092441,2.333138e-06,auto_accept,n/a
ISIC_0034128,nv,nv,0.008795925,5.825331e-05,auto_accept,n/a
ISIC_0025717,nv,nv,0.0026708634,4.4692084e-07,auto_accept,n/a
ISIC_0024965,nv,nv,0.24440074,0.026907787,auto_accept,n/a
ISIC_0033231,nv,nv,0.11524262,0.0011776149,auto_accept,n/a
ISIC_0029066,nv,nv,0.096496336,5.5649796e-08,auto_accept,n/a
ISIC_0030151,nv,bkl,0.20679224,0.15490007,auto_accept,n/a
ISIC_0027555,nv,nv,0.0023552557,1.6636879e-05,auto_accept,n/a
ISIC_0033544,nv,nv,0.13004355,0.008174686,auto_accept,n/a
ISIC_0025574,nv,nv,0.008389278,0.0009792929,auto_accept,n/a
ISIC_0026055,nv,nv,0.08733785,0.00025025738,auto_accept,n/a
ISIC_0030438,nv,nv,0.020362025,0.00028746107,auto_accept,n/a
ISIC_0024970,bkl,mel,0.48271948,0.7337697,auto_accept,n/a
ISIC_0027787,nv,nv,0.09002921,1.8510785e-07,auto_accept,n/a
ISIC_0030029,nv,nv,0.0008828084,1.4633175e-06,auto_accept,n/a
ISIC_0029171,nv,nv,0.008851472,5.3315566e-06,auto_accept,n/a
ISIC_0025964,mel,nv,0.59152174,0.12913749,auto_accept,n/a
ISIC_0033269,mel,mel,0.022983106,0.99534225,auto_accept,n/a
ISIC_0029897,bkl,bkl,0.039084144,0.0006290763,auto_accept,n/a
ISIC_0033727,nv,nv,0.05870684,0.0001279068,auto_accept,n/a
ISIC_0025137,nv,nv,0.008817335,4.9028706e-05,auto_accept,n/a
ISIC_0026581,nv,nv,0.017089093,0.0013316744,auto_accept,n/a
ISIC_0024367,mel,mel,0.36368096,0.87513906,auto_accept,n/a
ISIC_0024989,nv,nv,0.035762753,0.00013940378,auto_accept,n/a
ISIC_0032724,mel,mel,0.0768455,0.97297746,auto_accept,n/a
ISIC_0033686,nv,nv,0.21324387,0.003982718,auto_accept,n/a
ISIC_0033951,nv,nv,0.03706409,0.0058341525,auto_accept,n/a
ISIC_0034096,nv,nv,0.31188142,0.05171717,auto_accept,n/a
ISIC_0029212,mel,mel,0.012200177,0.99859744,auto_accept,n/a
ISIC_0032537,mel,mel,0.17127661,0.9332508,auto_accept,n/a
ISIC_0030864,nv,nv,0.38762277,4.822666e-05,auto_accept,n/a
ISIC_0025333,nv,nv,0.32841134,5.4608595e-06,auto_accept,n/a
ISIC_0030743,nv,nv,0.33927044,0.00061096175,auto_accept,n/a
ISIC_0028896,nv,nv,0.0010108019,2.2098826e-05,auto_accept,n/a
ISIC_0026045,mel,mel,0.7619451,0.5160291,escalate,n/a
ISIC_0033465,bkl,bkl,0.2744227,0.06525488,auto_accept,n/a
ISIC_0029601,nv,nv,0.00901111,4.600684e-06,auto_accept,n/a
ISIC_0030675,nv,nv,0.47852832,0.0077375406,auto_accept,n/a
ISIC_0034195,nv,nv,0.033056024,8.817897e-05,auto_accept,n/a
ISIC_0028419,bcc,bcc,0.023808438,0.976261,auto_accept,n/a
ISIC_0027329,nv,nv,0.033852383,0.0005363579,auto_accept,n/a
ISIC_0027172,akiec,akiec,0.19926526,0.8979885,auto_accept,n/a
ISIC_0029431,nv,nv,0.0011117896,3.0272608e-07,auto_accept,n/a
ISIC_0028286,nv,nv,0.07336475,8.504453e-05,auto_accept,n/a
ISIC_0028034,nv,nv,0.024123417,0.00031018496,auto_accept,n/a
ISIC_0027588,akiec,df,0.73629403,0.12110238,escalate,n/a
ISIC_0031704,nv,nv,0.27464545,3.7218376e-06,auto_accept,n/a
ISIC_0031768,nv,nv,0.017970104,0.0005314446,auto_accept,n/a
ISIC_0029118,nv,nv,0.30948174,4.5122328e-05,auto_accept,n/a
ISIC_0031701,nv,nv,0.00987451,0.0002606301,auto_accept,n/a
ISIC_0028437,nv,nv,0.002711269,3.6776903e-05,auto_accept,n/a
ISIC_0028001,nv,nv,0.0074606007,3.9605975e-06,auto_accept,n/a
ISIC_0027046,bcc,bcc,0.0994081,0.83853537,auto_accept,n/a
ISIC_0027874,nv,nv,0.23403877,0.05388449,auto_accept,n/a
ISIC_0028045,nv,nv,0.13098973,0.013317415,auto_accept,n/a
ISIC_0029124,nv,nv,0.2714112,7.757734e-07,auto_accept,n/a
ISIC_0026644,bkl,bkl,0.03536998,0.00035962052,auto_accept,n/a
ISIC_0025778,nv,mel,0.33951965,0.9180374,auto_accept,n/a
ISIC_0024587,nv,nv,0.048518274,0.001756038,auto_accept,n/a
ISIC_0031671,nv,nv,0.037877377,0.00057396444,auto_accept,n/a
ISIC_0025444,nv,nv,0.014279144,5.060929e-06,auto_accept,n/a
ISIC_0030863,nv,nv,0.019086294,4.214554e-06,auto_accept,n/a
ISIC_0025001,nv,nv,0.08032642,0.0011260863,auto_accept,n/a
ISIC_0034060,nv,mel,0.3227704,0.87902623,auto_accept,n/a
ISIC_0032393,nv,nv,0.0124726435,1.1043239e-05,auto_accept,n/a
ISIC_0027252,nv,bkl,0.7037636,0.00017409954,auto_accept,n/a
ISIC_0024686,nv,nv,0.6422278,0.0030193948,auto_accept,n/a
ISIC_0027466,nv,mel,0.28709888,0.91342026,auto_accept,n/a
ISIC_0033000,akiec,akiec,0.26036176,0.98243123,auto_accept,n/a
ISIC_0030736,nv,nv,0.035613656,1.619141e-05,auto_accept,n/a
ISIC_0024415,nv,nv,0.108748555,1.9944127e-07,auto_accept,n/a
ISIC_0025180,bkl,nv,0.41386288,4.1356456e-05,auto_accept,n/a
ISIC_0027296,nv,nv,0.39360306,0.05018726,auto_accept,n/a
ISIC_0029423,nv,nv,0.042751014,0.0002698895,auto_accept,n/a
ISIC_0026858,nv,nv,0.0011175196,2.2381523e-07,auto_accept,n/a
ISIC_0031789,bcc,nv,0.52793926,0.054700006,auto_accept,n/a
ISIC_0030167,nv,nv,0.66055495,6.4393804e-05,auto_accept,n/a
ISIC_0032510,nv,nv,0.59762067,0.31892455,auto_accept,n/a
ISIC_0028404,bkl,bcc,0.21881652,0.82164294,auto_accept,n/a
ISIC_0032758,nv,nv,0.18501246,0.00029841816,auto_accept,n/a
ISIC_0032328,nv,nv,0.087960675,0.0019101559,auto_accept,n/a
ISIC_0027653,nv,nv,0.047115777,0.00010344799,auto_accept,n/a
ISIC_0032042,nv,nv,0.7293899,0.0028391585,escalate,n/a
ISIC_0025291,nv,nv,0.0054498194,2.8371412e-06,auto_accept,n/a
ISIC_0028037,nv,nv,0.014041582,9.566974e-05,auto_accept,n/a
ISIC_0030785,akiec,akiec,0.59108996,0.9999316,auto_accept,n/a
ISIC_0032581,nv,nv,0.03810148,0.00063601177,auto_accept,n/a
ISIC_0026193,nv,nv,0.004859866,0.00015174062,auto_accept,n/a
ISIC_0027265,nv,nv,0.29537338,0.0044785305,auto_accept,n/a
ISIC_0032083,nv,nv,0.004662209,6.863525e-05,auto_accept,n/a
ISIC_0028875,nv,nv,0.0027367277,3.4776779e-06,auto_accept,n/a
ISIC_0026048,nv,nv,0.47101265,0.13815203,auto_accept,n/a
ISIC_0033724,nv,nv,0.6973928,4.1500934e-05,auto_accept,n/a
ISIC_0031164,nv,nv,0.040942654,0.00015758691,auto_accept,n/a
ISIC_0026534,nv,nv,0.0028353482,1.1634654e-06,auto_accept,n/a
ISIC_0028199,nv,nv,0.19363989,2.3295863e-05,auto_accept,n/a
ISIC_0024384,nv,nv,0.05555823,0.0022546388,auto_accept,n/a
ISIC_0024529,nv,nv,0.04368677,0.0006505573,auto_accept,n/a
ISIC_0029823,bkl,bkl,0.1186734,0.009959553,auto_accept,n/a
ISIC_0029796,nv,nv,0.47582364,3.6797226e-06,auto_accept,n/a
ISIC_0032838,nv,mel,0.6927468,0.5647302,auto_accept,n/a
ISIC_0032765,nv,bkl,0.7650529,0.024431556,escalate,n/a
ISIC_0028314,akiec,akiec,0.0223199,0.9978459,auto_accept,n/a
ISIC_0032094,nv,nv,0.029937703,3.2731718e-05,auto_accept,n/a
ISIC_0032049,nv,nv,0.003775386,6.8138945e-07,auto_accept,n/a
ISIC_0033923,nv,nv,0.022478184,0.00070891535,auto_accept,n/a
ISIC_0024638,nv,nv,0.08575985,0.0006169613,auto_accept,n/a
ISIC_0031290,nv,nv,0.5428312,0.0005855099,auto_accept,n/a
ISIC_0029884,mel,mel,0.97241926,0.7959927,escalate,n/a
ISIC_0026937,nv,nv,0.010019716,1.0730501e-05,auto_accept,n/a
ISIC_0025654,bkl,bkl,0.030711133,0.0009268174,auto_accept,n/a
ISIC_0026755,nv,nv,0.016529635,1.5271962e-06,auto_accept,n/a
ISIC_0025424,nv,nv,0.015324868,0.00032997367,auto_accept,n/a
ISIC_0026669,nv,nv,0.70833695,1.621462e-05,auto_accept,n/a
ISIC_0031839,nv,nv,0.17888239,0.0008336337,auto_accept,n/a
ISIC_0026520,nv,nv,0.0074599837,3.865053e-05,auto_accept,n/a
ISIC_0025606,vasc,nv,0.065453395,0.0015243887,auto_accept,n/a
ISIC_0025259,nv,nv,0.3197964,0.10583697,auto_accept,n/a
ISIC_0034166,nv,nv,0.2623288,0.00017716155,auto_accept,n/a
ISIC_0027836,nv,nv,0.053505603,3.3636663e-08,auto_accept,n/a
ISIC_0025211,nv,nv,0.09698071,2.9770075e-05,auto_accept,n/a
ISIC_0025502,nv,nv,0.058721825,0.00042475032,auto_accept,n/a
ISIC_0029585,bkl,bkl,0.059527863,0.03728661,auto_accept,n/a
ISIC_0032177,nv,nv,0.012007634,1.0856405e-06,auto_accept,n/a
ISIC_0024502,nv,nv,0.00851734,4.4302583e-06,auto_accept,n/a
ISIC_0029963,nv,nv,0.01939003,0.0004950223,auto_accept,n/a
ISIC_0026771,nv,nv,0.004847873,4.2517017e-06,auto_accept,n/a
ISIC_0027115,nv,nv,0.0043429052,2.5704314e-06,auto_accept,n/a
ISIC_0027166,nv,nv,0.024132807,8.829295e-07,auto_accept,n/a
ISIC_0025744,mel,mel,0.13211742,0.9559284,auto_accept,n/a
ISIC_0030738,nv,nv,0.5187273,7.1853024e-06,auto_accept,n/a
ISIC_0030292,nv,nv,0.014970424,1.8219245e-08,auto_accept,n/a
ISIC_0029103,nv,nv,0.26335868,0.00010432687,auto_accept,n/a
ISIC_0030342,nv,nv,0.038412143,1.2456738e-06,auto_accept,n/a
ISIC_0029736,nv,nv,0.0044330857,0.0002487212,auto_accept,n/a
ISIC_0032815,nv,nv,0.19581182,0.055592455,auto_accept,n/a
ISIC_0030813,bcc,bcc,0.00031332255,0.999841,auto_accept,n/a
ISIC_0028077,nv,nv,0.019547636,0.0008084245,auto_accept,n/a
ISIC_0025459,nv,nv,0.0055641597,2.461896e-05,auto_accept,n/a
ISIC_0026760,bcc,bcc,0.00444257,0.99991167,auto_accept,n/a
ISIC_0027388,bkl,bkl,0.12921812,0.11577757,auto_accept,n/a
ISIC_0027698,nv,nv,0.02463863,4.1952648e-05,auto_accept,n/a
ISIC_0029380,nv,nv,0.0036756664,2.883296e-06,auto_accept,n/a
ISIC_0029928,nv,nv,0.00070254994,7.829616e-10,auto_accept,n/a
ISIC_0027486,nv,nv,0.09958073,0.0133557385,auto_accept,n/a
ISIC_0025337,bkl,bkl,0.18298511,0.09818108,auto_accept,n/a
ISIC_0024847,nv,nv,0.0012713153,9.472887e-08,auto_accept,n/a
ISIC_0032254,nv,nv,0.073197536,0.0005449363,auto_accept,n/a
ISIC_0030412,nv,nv,0.009953681,8.082971e-08,auto_accept,n/a
ISIC_0025274,nv,nv,0.14781967,5.5790624e-05,auto_accept,n/a
ISIC_0024660,nv,nv,0.014281057,3.0453402e-05,auto_accept,n/a
ISIC_0027456,nv,nv,0.59759104,1.7057702e-06,auto_accept,n/a
ISIC_0027830,nv,nv,0.037522573,6.520943e-06,auto_accept,n/a
ISIC_0030331,nv,nv,0.0037636373,2.1142479e-07,auto_accept,n/a
ISIC_0025342,nv,nv,0.03203763,3.8397036e-05,auto_accept,n/a
ISIC_0028837,nv,nv,0.12767144,1.4378156e-05,auto_accept,n/a
ISIC_0033806,mel,mel,0.010401359,0.9973508,auto_accept,n/a
ISIC_0027669,mel,mel,0.3529079,0.7525703,auto_accept,n/a
ISIC_0024897,bcc,bcc,0.005771553,0.9982436,auto_accept,n/a
ISIC_0025577,akiec,akiec,0.41710603,0.8795861,auto_accept,n/a
ISIC_0024386,df,df,0.00020882145,0.00027977797,auto_accept,n/a
ISIC_0031175,bcc,bcc,0.006372399,0.9980678,auto_accept,n/a
ISIC_0034114,nv,nv,0.08602487,0.010055444,auto_accept,n/a
ISIC_0033602,nv,nv,0.10110436,0.0030871169,auto_accept,n/a
ISIC_0025386,nv,nv,0.02158199,0.0014774541,auto_accept,n/a
ISIC_0030986,akiec,akiec,0.10786471,0.9594565,auto_accept,n/a
ISIC_0027186,nv,nv,0.015933989,1.5701747e-08,auto_accept,n/a
ISIC_0031403,nv,nv,0.03906873,5.5366495e-06,auto_accept,n/a
ISIC_0027994,nv,nv,0.3385072,2.1100583e-07,auto_accept,n/a
ISIC_0033260,bkl,bkl,0.022639118,0.0002605332,auto_accept,n/a
ISIC_0024757,nv,nv,0.62260973,0.3858874,auto_accept,n/a
ISIC_0032228,nv,nv,0.054356053,0.00028080147,auto_accept,n/a
ISIC_0024317,nv,nv,0.16654281,0.06880505,auto_accept,n/a
ISIC_0027999,nv,nv,0.022768198,0.00050941965,auto_accept,n/a
ISIC_0032122,nv,nv,0.015993888,4.3378627e-06,auto_accept,n/a
ISIC_0026810,nv,nv,0.21549727,0.04750696,auto_accept,n/a
ISIC_0032747,nv,nv,0.012677795,7.443128e-05,auto_accept,n/a
ISIC_0032894,bcc,bcc,0.020191964,0.99956757,auto_accept,n/a
ISIC_0028500,nv,nv,0.10961227,0.00018927926,auto_accept,n/a
ISIC_0031611,nv,nv,0.4523965,0.051075913,auto_accept,n/a
ISIC_0030619,nv,nv,0.010407025,2.3487517e-06,auto_accept,n/a
ISIC_0028375,nv,nv,0.16921356,9.838816e-06,auto_accept,n/a
ISIC_0032429,bcc,bcc,0.0024515907,0.9999684,auto_accept,n/a
ISIC_0033530,nv,nv,0.45136768,0.07188651,auto_accept,n/a
ISIC_0027462,nv,mel,0.7430221,0.52091694,escalate,n/a
ISIC_0028898,mel,mel,0.19703235,0.95569533,auto_accept,n/a
ISIC_0024603,nv,nv,0.0016781462,5.7202664e-07,auto_accept,n/a
ISIC_0026311,bkl,bkl,0.13165824,2.6253983e-05,auto_accept,n/a
ISIC_0032062,nv,nv,0.0480379,4.9447914e-05,auto_accept,n/a
ISIC_0033879,nv,nv,0.0151419975,0.00016781011,auto_accept,n/a
ISIC_0031482,nv,nv,0.027518269,8.187307e-06,auto_accept,n/a
ISIC_0024374,nv,nv,0.47630918,5.1515657e-05,auto_accept,n/a
ISIC_0032433,mel,mel,0.22108984,0.9082658,auto_accept,n/a
ISIC_0025843,nv,nv,0.017741501,1.697277e-06,auto_accept,n/a
ISIC_0032370,nv,nv,0.018640913,1.5954147e-06,auto_accept,n/a
ISIC_0034165,bkl,bkl,0.6838041,0.31757796,auto_accept,n/a
ISIC_0026119,nv,nv,0.0012710271,4.956302e-06,auto_accept,n/a
ISIC_0025689,nv,bkl,0.68189573,0.018006358,auto_accept,n/a
ISIC_0029004,nv,nv,0.104816146,3.079809e-05,auto_accept,n/a
ISIC_0026806,nv,nv,0.07263677,0.0045427317,auto_accept,n/a
ISIC_0033087,nv,nv,0.47254756,0.121977136,auto_accept,n/a
ISIC_0030470,nv,nv,0.0032599294,1.6447451e-07,auto_accept,n/a
ISIC_0029373,nv,nv,0.0028068204,6.0747248e-06,auto_accept,n/a
ISIC_0034288,nv,nv,0.8288012,0.23980638,escalate,n/a
ISIC_0027405,nv,nv,0.028893864,2.1922406e-06,auto_accept,n/a
ISIC_0029186,nv,nv,0.04247586,0.0032551347,auto_accept,n/a
ISIC_0028242,nv,nv,0.00031884375,1.2757158e-07,auto_accept,n/a
ISIC_0029743,nv,nv,0.016548576,1.8879688e-05,auto_accept,n/a
ISIC_0032066,nv,nv,0.27013895,0.0003009255,auto_accept,n/a
ISIC_0026079,nv,nv,0.0011451135,2.388526e-06,auto_accept,n/a
ISIC_0030430,nv,nv,0.15429263,5.221063e-05,auto_accept,n/a
ISIC_0024593,nv,nv,0.0010372555,5.301011e-06,auto_accept,n/a
ISIC_0033930,nv,nv,0.2909719,0.05684137,auto_accept,n/a
ISIC_0033290,nv,nv,0.41233945,0.018360956,auto_accept,n/a
ISIC_0030298,nv,nv,0.008422348,9.897154e-06,auto_accept,n/a
ISIC_0028385,nv,nv,0.23029259,0.0026812304,auto_accept,n/a
ISIC_0029740,mel,mel,0.47574443,0.87530655,auto_accept,n/a
ISIC_0029064,nv,nv,0.0025081064,2.9466082e-06,auto_accept,n/a
ISIC_0024928,nv,nv,0.13911657,8.0892925e-05,auto_accept,n/a
ISIC_0028536,nv,nv,9.5549876e-05,1.9985902e-07,auto_accept,n/a
ISIC_0028228,mel,mel,0.18388912,0.925815,auto_accept,n/a
ISIC_0024927,nv,nv,0.002076798,1.1072821e-05,auto_accept,n/a
ISIC_0029430,nv,bkl,0.7968072,0.021272186,escalate,n/a
ISIC_0034174,nv,nv,0.026752517,0.0013185003,auto_accept,n/a
ISIC_0026211,nv,nv,0.00055216305,1.0145905e-05,auto_accept,n/a
ISIC_0031319,nv,nv,0.0032727914,1.0903744e-05,auto_accept,n/a
ISIC_0030256,nv,nv,0.024836743,0.00010889244,auto_accept,n/a
ISIC_0032769,nv,nv,0.014779737,0.0005006622,auto_accept,n/a
ISIC_0025415,nv,nv,0.003956843,1.2492555e-05,auto_accept,n/a
ISIC_0031074,nv,mel,0.63132733,0.72418696,auto_accept,n/a
ISIC_0032194,bcc,bcc,0.005078341,0.99677175,auto_accept,n/a
ISIC_0026452,nv,nv,0.070978075,0.0028063292,auto_accept,n/a
ISIC_0026390,nv,nv,0.034253627,2.286438e-05,auto_accept,n/a
ISIC_0030235,nv,nv,0.028324198,1.2234794e-05,auto_accept,n/a
ISIC_0027902,nv,nv,0.39424124,0.10066159,auto_accept,n/a
ISIC_0024607,nv,nv,0.007638075,7.580337e-09,auto_accept,n/a
ISIC_0027267,nv,nv,0.7020061,0.17446885,auto_accept,n/a
ISIC_0032142,nv,nv,0.007776034,1.2665779e-05,auto_accept,n/a
ISIC_0025738,nv,nv,0.03158433,1.4684678e-06,auto_accept,n/a
ISIC_0033338,nv,mel,0.65103126,0.6615528,auto_accept,n/a
ISIC_0026817,nv,nv,0.097300924,7.075158e-05,auto_accept,n/a
ISIC_0028362,nv,nv,0.032534257,0.0015284249,auto_accept,n/a
ISIC_0028401,nv,nv,0.47142443,0.24535248,auto_accept,n/a
ISIC_0024532,nv,nv,0.0010244747,4.105217e-06,auto_accept,n/a
ISIC_0030660,nv,nv,0.034095306,9.599385e-07,auto_accept,n/a
ISIC_0031269,nv,nv,0.015923072,8.3894265e-06,auto_accept,n/a
ISIC_0025961,nv,nv,0.021866234,8.401421e-06,auto_accept,n/a
ISIC_0031231,nv,nv,0.00097181933,9.617097e-07,auto_accept,n/a
ISIC_0030408,akiec,akiec,0.750902,0.74793637,escalate,n/a
ISIC_0028681,bkl,bkl,0.11737239,0.00018207783,auto_accept,n/a
ISIC_0027430,nv,nv,0.08763562,0.005589408,auto_accept,n/a
ISIC_0032479,nv,nv,0.011376108,8.56493e-05,auto_accept,n/a
ISIC_0027634,nv,nv,0.02907639,2.568477e-05,auto_accept,n/a
ISIC_0027924,nv,nv,0.371474,0.1303109,auto_accept,n/a
ISIC_0030747,mel,nv,0.028223436,0.0037832984,auto_accept,n/a
ISIC_0030918,nv,bkl,0.020553846,4.343961e-06,auto_accept,n/a
ISIC_0033966,nv,nv,0.67055565,0.09244804,auto_accept,n/a
ISIC_0032684,mel,mel,0.024822881,0.99624974,auto_accept,n/a
ISIC_0031277,bkl,bkl,0.14857654,0.021017872,auto_accept,n/a
ISIC_0031092,nv,nv,0.00730532,3.50434e-05,auto_accept,n/a
ISIC_0028271,nv,nv,0.0071105766,0.00045739856,auto_accept,n/a
ISIC_0029801,bkl,bkl,0.0020118647,0.00018174307,auto_accept,n/a
ISIC_0027339,nv,nv,0.14067134,1.1995591e-05,auto_accept,n/a
ISIC_0031001,nv,mel,0.37266046,0.9519304,auto_accept,n/a
ISIC_0033359,nv,nv,0.44864666,0.07274882,auto_accept,n/a
ISIC_0030640,nv,bkl,0.27262643,0.114719585,auto_accept,n/a
ISIC_0024625,nv,nv,0.011756015,2.857522e-05,auto_accept,n/a
ISIC_0031404,nv,bcc,0.6455728,0.4823168,auto_accept,n/a
ISIC_0027687,nv,nv,0.0056514232,3.6281615e-09,auto_accept,n/a
ISIC_0026725,nv,nv,0.00034648503,7.1669883e-06,auto_accept,n/a
ISIC_0026875,nv,nv,0.027630541,6.0777497e-06,auto_accept,n/a
ISIC_0027368,nv,nv,0.25004244,0.050243597,auto_accept,n/a
ISIC_0027210,vasc,vasc,0.030219745,0.22446947,auto_accept,n/a
ISIC_0027464,nv,nv,0.0031131657,9.8996925e-06,auto_accept,n/a
ISIC_0030560,nv,nv,0.0024702838,6.652588e-06,auto_accept,n/a
ISIC_0025758,bkl,bkl,0.5869055,3.902118e-06,auto_accept,n/a
ISIC_0025939,bkl,bkl,0.8191109,0.24918121,escalate,n/a
ISIC_0025824,bcc,bcc,0.101690486,0.980961,auto_accept,n/a
ISIC_0024354,nv,nv,0.009057415,8.4985895e-06,auto_accept,n/a
ISIC_0028958,bkl,nv,0.08337704,0.002939408,auto_accept,n/a
ISIC_0026996,mel,nv,0.40084866,0.009580489,auto_accept,n/a
ISIC_0029882,nv,nv,0.0016642245,7.176401e-08,auto_accept,n/a
ISIC_0027333,nv,bkl,0.67671484,0.00029117652,auto_accept,n/a
ISIC_0030551,nv,nv,0.65040076,2.823623e-05,auto_accept,n/a
ISIC_0027341,nv,nv,0.050950967,9.373096e-06,auto_accept,n/a
ISIC_0024482,mel,mel,0.08410656,0.9936022,auto_accept,n/a
ISIC_0029074,nv,nv,0.009105725,1.3305612e-07,auto_accept,n/a
ISIC_0034200,nv,nv,0.012910812,0.0008383428,auto_accept,n/a
ISIC_0027085,nv,nv,0.24107732,8.549753e-05,auto_accept,n/a
ISIC_0031729,nv,nv,0.037666343,6.90869e-05,auto_accept,n/a
ISIC_0027869,nv,nv,0.071028806,1.913765e-06,auto_accept,n/a
ISIC_0033895,nv,nv,0.10146229,0.005356588,auto_accept,n/a
ISIC_0028800,nv,nv,0.04244511,0.00152141,auto_accept,n/a
ISIC_0034307,nv,nv,0.57430255,0.049777646,auto_accept,n/a
ISIC_0033473,mel,mel,0.2305107,0.9572577,auto_accept,n/a
ISIC_0026176,nv,nv,0.0113136405,2.4503477e-06,auto_accept,n/a
ISIC_0028557,nv,nv,0.91925013,0.09644909,escalate,n/a
ISIC_0024574,nv,nv,0.46807557,0.0003914898,auto_accept,n/a
ISIC_0033252,bkl,bkl,0.27962995,0.009105549,auto_accept,n/a
ISIC_0031452,nv,nv,0.18964799,3.7157708e-05,auto_accept,n/a
ISIC_0029871,nv,nv,0.05672722,0.0005866219,auto_accept,n/a
ISIC_0032448,nv,nv,0.27083465,0.01570101,auto_accept,n/a
ISIC_0034259,bkl,bkl,0.051328365,0.002441686,auto_accept,n/a
ISIC_0025474,nv,nv,0.00018715384,4.521131e-08,auto_accept,n/a
ISIC_0027976,bcc,bcc,0.4538754,0.90654755,auto_accept,n/a
ISIC_0027625,nv,nv,0.007862347,1.5674779e-06,auto_accept,n/a
ISIC_0033459,nv,nv,0.07010693,0.0010023596,auto_accept,n/a
ISIC_0032616,nv,nv,0.18694785,0.00041609703,auto_accept,n/a
ISIC_0025049,nv,mel,0.28172758,0.9415647,auto_accept,n/a
ISIC_0028315,nv,nv,0.15058646,2.3279983e-07,auto_accept,n/a
ISIC_0024755,nv,nv,0.13511159,0.019326711,auto_accept,n/a
ISIC_0033425,nv,nv,0.6910065,0.4841508,auto_accept,n/a
ISIC_0028076,akiec,akiec,0.15040839,0.8651999,auto_accept,n/a
ISIC_0031021,nv,nv,0.0073104408,8.9735033e-07,auto_accept,n/a
ISIC_0026567,bkl,bkl,0.25520092,0.12714893,auto_accept,n/a
ISIC_0029811,akiec,akiec,0.040095728,0.97909766,auto_accept,n/a
ISIC_0025142,nv,nv,0.5086988,1.7133448e-06,auto_accept,n/a
ISIC_0032671,nv,bkl,0.5402877,0.014096022,auto_accept,n/a
ISIC_0024768,nv,nv,0.0026182174,3.3472745e-06,auto_accept,n/a
ISIC_0028835,nv,nv,0.002557311,4.6891156e-08,auto_accept,n/a
ISIC_0028283,bcc,bcc,0.02553365,0.99872833,auto_accept,n/a
ISIC_0031668,nv,nv,0.46067554,4.2541287e-05,auto_accept,n/a
ISIC_0025955,mel,mel,0.7001122,0.39387164,auto_accept,n/a
ISIC_0028380,nv,nv,0.23075683,0.014285535,auto_accept,n/a
ISIC_0031948,nv,bkl,0.5978669,0.00258761,auto_accept,n/a
ISIC_0031103,vasc,vasc,2.4923263e-05,0.00031045152,auto_accept,n/a
ISIC_0028209,bkl,bkl,0.022795973,0.00017531727,auto_accept,n/a
ISIC_0026971,nv,nv,8.648029e-05,2.4576255e-07,auto_accept,n/a
ISIC_0031416,nv,nv,0.0038422362,8.861994e-06,auto_accept,n/a
ISIC_0029822,nv,nv,0.007850854,3.7556094e-06,auto_accept,n/a
ISIC_0032426,nv,nv,0.0030660424,1.1124557e-06,auto_accept,n/a
ISIC_0029873,nv,nv,0.013687187,4.2755537e-06,auto_accept,n/a
ISIC_0026237,nv,nv,0.06398741,5.3301787e-06,auto_accept,n/a
ISIC_0031556,bkl,bkl,0.42047533,0.024010953,auto_accept,n/a
ISIC_0028660,nv,nv,0.003519747,4.4990057e-07,auto_accept,n/a
ISIC_0029626,nv,nv,0.034831684,0.0025726184,auto_accept,n/a
ISIC_0025694,nv,nv,0.0075237276,2.2451255e-05,auto_accept,n/a
ISIC_0033624,mel,bkl,0.883816,0.13066901,escalate,n/a
ISIC_0026501,nv,nv,0.057157643,0.0006677833,auto_accept,n/a
ISIC_0025555,nv,nv,0.16893642,0.02649433,auto_accept,n/a
ISIC_0030545,nv,nv,0.0015350212,4.5478528e-06,auto_accept,n/a
ISIC_0030293,nv,nv,0.56240577,2.6146622e-06,auto_accept,n/a
ISIC_0032972,bkl,bkl,0.06596651,4.1589956e-05,auto_accept,n/a
ISIC_0026522,akiec,akiec,0.20694827,0.97258323,auto_accept,n/a
ISIC_0026696,nv,nv,0.07743169,2.329245e-06,auto_accept,n/a
ISIC_0027414,nv,nv,0.092885226,8.4411295e-07,auto_accept,n/a
ISIC_0029220,bcc,bcc,0.025665116,0.99897504,auto_accept,n/a
ISIC_0033815,nv,nv,0.045874298,0.00038246703,auto_accept,n/a
ISIC_0025768,nv,nv,1.831679e-05,5.0286215e-09,auto_accept,n/a
ISIC_0034253,mel,mel,0.008983096,0.9983247,auto_accept,n/a
ISIC_0026772,nv,nv,0.098204486,3.019844e-06,auto_accept,n/a
ISIC_0029988,nv,nv,0.031100914,3.7081913e-09,auto_accept,n/a
ISIC_0033573,mel,mel,0.46892163,0.76914495,auto_accept,n/a
ISIC_0029560,nv,mel,0.7587808,0.50953704,escalate,n/a
ISIC_0028841,nv,nv,0.025734209,0.00038096998,auto_accept,n/a
ISIC_0032130,nv,nv,0.0017343772,4.9344708e-05,auto_accept,n/a
ISIC_0029955,nv,nv,0.031364143,1.8488308e-05,auto_accept,n/a
ISIC_0028523,nv,nv,0.0067612333,3.0512883e-06,auto_accept,n/a
ISIC_0024621,nv,nv,0.036015663,0.00013112792,auto_accept,n/a
ISIC_0032605,nv,nv,0.0068574282,0.0006442386,auto_accept,n/a
ISIC_0024753,nv,nv,0.029581295,0.00015066838,auto_accept,n/a
ISIC_0027156,nv,nv,0.3150057,6.4956155e-05,auto_accept,n/a
ISIC_0031934,nv,nv,0.08694889,0.0031637766,auto_accept,n/a
ISIC_0028629,nv,nv,0.0089408085,9.9057856e-05,auto_accept,n/a
ISIC_0029566,nv,nv,0.030542193,0.00094867137,auto_accept,n/a
ISIC_0024394,nv,nv,0.16616409,0.08159287,auto_accept,n/a
ISIC_0026314,mel,nv,0.6341454,0.24229027,auto_accept,n/a
ISIC_0024510,nv,nv,0.34202784,4.0990553e-06,auto_accept,n/a
ISIC_0029265,mel,mel,0.31210333,0.9508304,auto_accept,n/a
ISIC_0031561,mel,mel,0.08297401,0.97664374,auto_accept,n/a
ISIC_0029606,mel,nv,0.6999473,0.4265556,auto_accept,n/a
ISIC_0032441,mel,bkl,0.6106905,0.15610293,auto_accept,n/a
ISIC_0031689,nv,nv,0.06559976,0.00048434443,auto_accept,n/a
ISIC_0031664,nv,nv,0.03650515,4.5737288e-05,auto_accept,n/a
ISIC_0028581,nv,nv,0.25727344,0.020286296,auto_accept,n/a
ISIC_0025125,nv,df,0.5322647,0.0018555975,auto_accept,n/a
ISIC_0025348,nv,nv,0.06799813,7.292943e-06,auto_accept,n/a
ISIC_0032475,nv,nv,0.021281317,0.0005204027,auto_accept,n/a
ISIC_0033048,nv,nv,0.16129309,0.0001057183,auto_accept,n/a
ISIC_0027383,nv,nv,0.34567943,0.00017000495,auto_accept,n/a
ISIC_0027092,nv,nv,0.06331656,1.8377737e-05,auto_accept,n/a
ISIC_0033974,nv,nv,0.072251245,0.0013658609,auto_accept,n/a
ISIC_0034075,nv,nv,0.43885207,0.23073877,auto_accept,n/a
ISIC_0024682,nv,nv,0.017011795,0.00029074374,auto_accept,n/a
ISIC_0029150,nv,nv,0.0698723,3.271106e-05,auto_accept,n/a
ISIC_0026062,nv,nv,0.021909764,8.023861e-07,auto_accept,n/a
ISIC_0029527,bkl,bkl,0.63503724,0.6355225,auto_accept,n/a
ISIC_0027071,mel,mel,0.7552781,0.6387956,escalate,n/a
ISIC_0025392,bkl,bkl,0.67847705,4.831891e-06,auto_accept,n/a
ISIC_0032873,mel,mel,0.03677202,0.9963648,auto_accept,n/a
ISIC_0032630,mel,mel,0.114747286,0.96519953,auto_accept,n/a
ISIC_0027209,nv,nv,0.37164673,0.04561375,auto_accept,n/a
ISIC_0030702,nv,nv,0.0074189426,2.2442242e-05,auto_accept,n/a
ISIC_0029110,nv,nv,0.0055054114,1.4607994e-06,auto_accept,n/a
ISIC_0026595,nv,nv,0.047320433,0.00617951,auto_accept,n/a
ISIC_0024720,nv,nv,0.103086784,0.000107486,auto_accept,n/a
ISIC_0033172,nv,nv,0.061946474,0.0048450558,auto_accept,n/a
ISIC_0028091,nv,mel,0.078074165,0.9810994,auto_accept,n/a
ISIC_0033050,mel,mel,0.35873774,0.83475155,auto_accept,n/a
ISIC_0032216,nv,nv,0.009292444,6.445167e-05,auto_accept,n/a
ISIC_0033888,nv,nv,0.397497,0.087513044,auto_accept,n/a
ISIC_0026008,nv,nv,0.040393963,0.004504435,auto_accept,n/a
ISIC_0032391,nv,nv,0.010978109,7.709529e-07,auto_accept,n/a
ISIC_0030590,nv,nv,0.015915735,0.0010138511,auto_accept,n/a
ISIC_0030686,nv,nv,0.11123451,7.673684e-06,auto_accept,n/a
ISIC_0032024,bkl,akiec,0.14336199,0.84783477,auto_accept,n/a
ISIC_0033086,nv,nv,0.10079293,0.0007827806,auto_accept,n/a
ISIC_0025935,nv,nv,0.004453686,4.536532e-07,auto_accept,n/a
ISIC_0026750,nv,nv,0.041222114,0.015090873,auto_accept,n/a
ISIC_0030762,nv,nv,0.0014491905,4.392559e-06,auto_accept,n/a
ISIC_0031942,nv,nv,0.026451522,0.002816834,auto_accept,n/a
ISIC_0026982,nv,nv,0.010476047,2.3132932e-06,auto_accept,n/a
ISIC_0024898,mel,bkl,0.68414366,0.003105217,auto_accept,n/a
ISIC_0030410,nv,bkl,0.6464058,1.9369467e-05,auto_accept,n/a
ISIC_0033187,nv,nv,0.64776397,0.006609836,auto_accept,n/a
ISIC_0028799,nv,nv,0.005837682,0.0001558095,auto_accept,n/a
ISIC_0032550,mel,mel,0.0026911795,0.99971753,auto_accept,n/a
ISIC_0032881,nv,nv,0.01706617,0.00060457824,auto_accept,n/a
ISIC_0025576,bcc,bcc,0.26750547,0.9969003,auto_accept,n/a
ISIC_0028740,nv,nv,0.0029466387,5.5510673e-06,auto_accept,n/a
ISIC_0031893,bkl,bkl,0.00020715181,1.7298338e-05,auto_accept,n/a
ISIC_0029044,nv,nv,0.0047886334,4.125012e-06,auto_accept,n/a
ISIC_0027593,nv,nv,0.040080994,1.6264747e-06,auto_accept,n/a
ISIC_0025852,nv,nv,0.00028052894,2.4694907e-06,auto_accept,n/a
ISIC_0029643,nv,nv,0.00750837,6.641797e-07,auto_accept,n/a
ISIC_0030097,nv,nv,0.067667514,0.00020295697,auto_accept,n/a
