image_id,true_label,predicted_label,uncertainty_score,risk_score,decision,category
ISIC_0025947,nv,nv,0.00014972848,3.925332e-05,auto_accept,low_unc_low_risk
ISIC_0029691,nv,nv,2.1786425e-07,9.965745e-07,auto_accept,low_unc_low_risk
ISIC_0031732,nv,nv,1.1808604e-07,2.666921e-07,auto_accept,low_unc_low_risk
ISIC_0026035,nv,nv,3.6514966e-10,3.8158248e-08,auto_accept,low_unc_low_risk
ISIC_0028370,akiec,akiec,4.292966e-07,0.99987566,auto_accept,low_unc_low_risk
ISIC_0032449,nv,nv,1.17889e-08,6.942483e-09,auto_accept,low_unc_low_risk
ISIC_0028013,nv,nv,1.127745e-06,6.3534426e-05,auto_accept,low_unc_low_risk
ISIC_0027971,nv,nv,1.5865199e-09,1.5473919e-08,auto_accept,low_unc_low_risk
ISIC_0031241,nv,nv,0.00016389009,0.00022233851,auto_accept,low_unc_low_risk
ISIC_0032201,nv,nv,1.3311132e-09,1.7057206e-10,auto_accept,low_unc_low_risk
ISIC_0027741,nv,nv,0.0007361365,1.2329694e-05,auto_accept,low_unc_low_risk
ISIC_0025753,bkl,bkl,0.00032979695,0.060106445,auto_accept,low_unc_low_risk
ISIC_0032952,nv,nv,0.00024434726,0.0054621566,auto_accept,low_unc_low_risk
ISIC_0028439,nv,nv,3.2565714e-10,1.6231281e-09,auto_accept,low_unc_low_risk
ISIC_0033926,nv,nv,0.01619363,0.2071532,escalate,high_unc_low_risk
ISIC_0025513,bcc,bkl,0.005975834,0.07023644,auto_accept,low_unc_low_risk
ISIC_0029941,nv,nv,3.2235895e-10,2.2720407e-08,auto_accept,low_unc_low_risk
ISIC_0029490,nv,nv,8.6722076e-07,4.100282e-09,auto_accept,low_unc_low_risk
ISIC_0029105,nv,nv,0.0002751442,0.0006024896,auto_accept,low_unc_low_risk
ISIC_0031905,nv,nv,0.0003181976,0.00029566945,auto_accept,low_unc_low_risk
ISIC_0029879,nv,nv,0.0013206524,0.0055768723,auto_accept,low_unc_low_risk
ISIC_0032137,nv,nv,1.0563647e-06,7.40499e-05,auto_accept,low_unc_low_risk
ISIC_0026630,nv,nv,1.4822006e-06,0.00027897145,auto_accept,low_unc_low_risk
ISIC_0024734,nv,nv,2.0741969e-05,6.1924235e-05,auto_accept,low_unc_low_risk
ISIC_0026073,nv,nv,2.612278e-06,1.662304e-06,auto_accept,low_unc_low_risk
ISIC_0029602,bcc,bcc,3.4042457e-06,0.99920064,auto_accept,low_unc_low_risk
ISIC_0026247,mel,nv,0.009097758,0.1130487,auto_accept,low_unc_low_risk
ISIC_0028000,nv,nv,0.0008976623,0.000708762,auto_accept,low_unc_low_risk
ISIC_0029314,nv,nv,3.8534164e-08,1.4830496e-06,auto_accept,low_unc_low_risk
ISIC_0025398,nv,nv,4.0242817e-06,3.230298e-05,auto_accept,low_unc_low_risk
ISIC_0027898,nv,nv,0.00058309594,0.0005475643,auto_accept,low_unc_low_risk
ISIC_0028066,nv,nv,0.0029540695,0.00010400821,auto_accept,low_unc_low_risk
ISIC_0026344,nv,nv,2.2944258e-07,1.428e-06,auto_accept,low_unc_low_risk
ISIC_0029148,nv,nv,1.28454785e-05,2.9098334e-08,auto_accept,low_unc_low_risk
ISIC_0031394,bkl,bkl,0.008042874,0.0004305897,auto_accept,low_unc_low_risk
ISIC_0024806,mel,mel,0.00025254703,0.9971097,auto_accept,low_unc_low_risk
ISIC_0026234,nv,nv,7.431074e-05,5.70208e-05,auto_accept,low_unc_low_risk
ISIC_0030780,nv,nv,5.339387e-08,2.0287395e-07,auto_accept,low_unc_low_risk
ISIC_0029910,nv,nv,0.00013652904,6.6957484e-10,auto_accept,low_unc_low_risk
ISIC_0028432,nv,nv,1.16684715e-08,1.0520329e-05,auto_accept,low_unc_low_risk
ISIC_0032069,nv,nv,0.012481351,2.2417622e-08,auto_accept,low_unc_low_risk
ISIC_0032800,nv,nv,5.5609366e-05,0.00027447115,auto_accept,low_unc_low_risk
ISIC_0030947,nv,nv,9.47523e-10,3.6909578e-10,auto_accept,low_unc_low_risk
ISIC_0032120,nv,nv,1.0216218e-09,2.812615e-06,auto_accept,low_unc_low_risk
ISIC_0033164,nv,nv,0.0018464945,0.00029384508,auto_accept,low_unc_low_risk
ISIC_0031610,nv,nv,1.8758146e-06,1.2691872e-05,auto_accept,low_unc_low_risk
ISIC_0028676,nv,nv,1.6604839e-06,2.8776929e-05,auto_accept,low_unc_low_risk
ISIC_0032232,mel,nv,0.022292221,0.15976706,escalate,high_unc_low_risk
ISIC_0026383,nv,nv,8.6868397e-07,1.2802086e-06,auto_accept,low_unc_low_risk
ISIC_0032738,nv,nv,0.0037140432,0.005294911,auto_accept,low_unc_low_risk
ISIC_0032491,nv,nv,7.1143185e-09,1.5757912e-08,auto_accept,low_unc_low_risk
ISIC_0024474,nv,nv,7.814913e-06,2.4767621e-06,auto_accept,low_unc_low_risk
ISIC_0027659,mel,mel,0.010392226,0.8293743,auto_accept,low_unc_low_risk
ISIC_0033922,nv,nv,0.0052195354,0.00088953396,auto_accept,low_unc_low_risk
ISIC_0028430,nv,nv,0.0017830977,0.0003542982,auto_accept,low_unc_low_risk
ISIC_0028327,nv,nv,2.2898155e-06,1.4002964e-05,auto_accept,low_unc_low_risk
ISIC_0031956,nv,nv,7.0319885e-07,1.5176846e-06,auto_accept,low_unc_low_risk
ISIC_0030329,bkl,bkl,8.9358145e-05,0.018647356,auto_accept,low_unc_low_risk
ISIC_0028817,nv,nv,2.3951042e-08,2.11742e-07,auto_accept,low_unc_low_risk
ISIC_0027119,nv,nv,3.4459248e-05,2.8958457e-05,auto_accept,low_unc_low_risk
ISIC_0031860,nv,nv,1.7539645e-05,2.5661828e-05,auto_accept,low_unc_low_risk
ISIC_0030761,nv,nv,1.9975573e-06,5.8515474e-07,auto_accept,low_unc_low_risk
ISIC_0032877,bkl,bkl,1.682555e-07,0.00056986685,auto_accept,low_unc_low_risk
ISIC_0024894,nv,nv,3.71034e-10,4.27696e-09,auto_accept,low_unc_low_risk
ISIC_0033821,nv,nv,8.207594e-05,0.0005601109,auto_accept,low_unc_low_risk
ISIC_0024462,nv,nv,8.826321e-05,7.839708e-07,auto_accept,low_unc_low_risk
ISIC_0031882,nv,nv,8.989813e-08,3.2938322e-05,auto_accept,low_unc_low_risk
ISIC_0032899,nv,nv,0.0016311276,0.0005942508,auto_accept,low_unc_low_risk
ISIC_0025839,nv,nv,1.0854201e-09,2.5009902e-08,auto_accept,low_unc_low_risk
ISIC_0033347,nv,nv,7.85888e-05,0.0007622485,auto_accept,low_unc_low_risk
ISIC_0025313,mel,nv,0.00022790047,1.5843334e-05,auto_accept,low_unc_low_risk
ISIC_0024992,nv,nv,6.6924217e-06,3.0812154e-07,auto_accept,low_unc_low_risk
ISIC_0026942,nv,bkl,0.0017778428,0.009967163,auto_accept,low_unc_low_risk
ISIC_0026592,nv,nv,0.0018080638,0.0034182244,auto_accept,low_unc_low_risk
ISIC_0028192,nv,nv,1.3796983e-08,1.4866319e-07,auto_accept,low_unc_low_risk
ISIC_0028099,nv,nv,5.2134465e-07,1.1506764e-06,auto_accept,low_unc_low_risk
ISIC_0028908,nv,nv,2.4473604e-07,1.6065574e-09,auto_accept,low_unc_low_risk
ISIC_0027361,nv,nv,0.0012219307,0.00082540297,auto_accept,low_unc_low_risk
ISIC_0025380,nv,nv,1.206438e-06,8.456447e-07,auto_accept,low_unc_low_risk
ISIC_0024868,nv,nv,4.0643246e-07,2.4081157e-06,auto_accept,low_unc_low_risk
ISIC_0032464,nv,nv,6.7027712e-09,1.489802e-08,auto_accept,low_unc_low_risk
ISIC_0026733,nv,nv,0.006372401,0.0037372573,auto_accept,low_unc_low_risk
ISIC_0025645,nv,nv,3.0075167e-09,3.470733e-11,auto_accept,low_unc_low_risk
ISIC_0025720,nv,nv,1.2782141e-06,3.2520975e-07,auto_accept,low_unc_low_risk
ISIC_0031831,bkl,bkl,0.027372714,2.6474281e-05,escalate,high_unc_low_risk
ISIC_0030178,nv,nv,4.4957113e-10,2.1347053e-09,auto_accept,low_unc_low_risk
ISIC_0029460,akiec,bkl,0.00045630027,0.012282186,auto_accept,low_unc_low_risk
ISIC_0024668,nv,nv,1.41268535e-08,2.820092e-08,auto_accept,low_unc_low_risk
ISIC_0029376,nv,nv,2.874235e-08,7.243883e-07,auto_accept,low_unc_low_risk
ISIC_0033689,nv,nv,3.3162447e-05,0.0001458121,auto_accept,low_unc_low_risk
ISIC_0029556,nv,nv,8.7918905e-10,9.03995e-09,auto_accept,low_unc_low_risk
ISIC_0024308,nv,nv,0.00023000561,6.417911e-05,auto_accept,low_unc_low_risk
ISIC_0026731,nv,nv,5.6927433e-06,5.6004595e-08,auto_accept,low_unc_low_risk
ISIC_0028269,nv,nv,8.046309e-10,4.806698e-09,auto_accept,low_unc_low_risk
ISIC_0032191,nv,mel,0.013589653,0.9750236,escalate,low_unc_low_risk
ISIC_0032427,nv,nv,8.867163e-06,6.549213e-06,auto_accept,low_unc_low_risk
ISIC_0028929,mel,mel,2.4865187e-05,0.99768794,auto_accept,low_unc_low_risk
ISIC_0031228,akiec,akiec,0.00036452847,0.9968521,auto_accept,low_unc_low_risk
ISIC_0031686,bkl,bkl,0.001991126,0.007912059,auto_accept,low_unc_low_risk
ISIC_0027684,nv,nv,0.026929408,0.32604265,escalate,high_unc_low_risk
ISIC_0028826,bkl,bkl,0.0034257367,0.0048586647,auto_accept,low_unc_low_risk
ISIC_0032298,nv,nv,5.3519e-10,9.36456e-08,auto_accept,low_unc_low_risk
ISIC_0030003,nv,nv,9.908103e-08,2.38115e-09,auto_accept,low_unc_low_risk
ISIC_0028464,nv,nv,0.00042131005,0.016313953,auto_accept,low_unc_low_risk
ISIC_0028805,nv,nv,2.1854687e-05,5.867227e-07,auto_accept,low_unc_low_risk
ISIC_0031752,nv,nv,9.372492e-08,6.278632e-08,auto_accept,low_unc_low_risk
ISIC_0026781,nv,nv,0.0019100845,0.03835308,auto_accept,low_unc_low_risk
ISIC_0025406,nv,nv,0.0001967347,1.4935569e-06,auto_accept,low_unc_low_risk
ISIC_0026245,bkl,nv,0.016112247,0.20063278,escalate,high_unc_low_risk
ISIC_0026704,bkl,bkl,0.006983039,0.015450555,auto_accept,low_unc_low_risk
ISIC_0028710,bkl,bkl,0.00011624175,0.026074464,auto_accept,low_unc_low_risk
ISIC_0027724,nv,nv,1.2149915e-06,0.00015756738,auto_accept,low_unc_low_risk
ISIC_0026159,bkl,bkl,0.004776983,0.29961112,auto_accept,low_unc_low_risk
ISIC_0031113,nv,nv,3.7170586e-05,0.0014456436,auto_accept,low_unc_low_risk
ISIC_0025561,nv,nv,1.1692129e-08,5.0865996e-08,auto_accept,low_unc_low_risk
ISIC_0033490,bkl,bkl,0.00035775377,2.5324423e-06,auto_accept,low_unc_low_risk
ISIC_0025840,nv,nv,2.608667e-05,0.00087217765,auto_accept,low_unc_low_risk
ISIC_0029688,nv,nv,0.000413544,1.7069842e-06,auto_accept,low_unc_low_risk
ISIC_0028337,nv,nv,3.5925592e-07,6.428022e-07,auto_accept,low_unc_low_risk
ISIC_0033092,vasc,vasc,6.055855e-08,0.008480578,auto_accept,low_unc_low_risk
ISIC_0030361,nv,nv,1.4097093e-07,1.0110143e-07,auto_accept,low_unc_low_risk
ISIC_0025595,nv,nv,3.228579e-10,2.8583664e-09,auto_accept,low_unc_low_risk
ISIC_0028274,nv,nv,1.1162676e-06,7.448835e-06,auto_accept,low_unc_low_risk
ISIC_0031575,nv,nv,6.6717087e-07,2.3774895e-11,auto_accept,low_unc_low_risk
ISIC_0029815,nv,nv,3.9525266e-06,4.074073e-09,auto_accept,low_unc_low_risk
ISIC_0033601,bkl,bkl,2.1537751e-07,0.0017243326,auto_accept,low_unc_low_risk
ISIC_0029442,nv,nv,5.32626e-07,5.654694e-09,auto_accept,low_unc_low_risk
ISIC_0033772,nv,mel,0.008393066,0.7537142,auto_accept,low_unc_low_risk
ISIC_0031327,nv,nv,5.5582127e-06,1.8397623e-07,auto_accept,low_unc_low_risk
ISIC_0028907,nv,nv,3.527714e-11,1.1454649e-08,auto_accept,low_unc_low_risk
ISIC_0029607,nv,nv,3.9261963e-06,1.7557292e-06,auto_accept,low_unc_low_risk
ISIC_0025812,nv,nv,0.001491259,0.048475113,auto_accept,low_unc_low_risk
ISIC_0025175,nv,nv,0.00947492,1.162802e-06,auto_accept,low_unc_low_risk
ISIC_0028961,nv,nv,0.0023422628,0.003065519,auto_accept,low_unc_low_risk
ISIC_0026797,nv,nv,3.6794457e-08,5.2330673e-10,auto_accept,low_unc_low_risk
ISIC_0030636,bkl,bkl,0.010241692,0.004108886,auto_accept,low_unc_low_risk
ISIC_0027959,nv,nv,0.013145368,0.42496198,escalate,low_unc_low_risk
ISIC_0027813,nv,nv,1.9703968e-05,2.0353476e-05,auto_accept,low_unc_low_risk
ISIC_0028938,nv,nv,0.004087702,0.00019395225,auto_accept,low_unc_low_risk
ISIC_0024656,nv,nv,0.008831208,7.5627787e-07,auto_accept,low_unc_low_risk
ISIC_0031850,nv,nv,7.389014e-07,2.9113577e-05,auto_accept,low_unc_low_risk
ISIC_0028755,nv,nv,0.011650649,0.0031380604,auto_accept,low_unc_low_risk
ISIC_0032675,bkl,bkl,9.8315286e-05,4.83032e-06,auto_accept,low_unc_low_risk
ISIC_0029321,nv,nv,0.0063423594,0.005127298,auto_accept,low_unc_low_risk
ISIC_0025715,nv,nv,1.7490345e-05,2.789392e-05,auto_accept,low_unc_low_risk
ISIC_0032999,nv,nv,0.0005958806,0.0048563406,auto_accept,low_unc_low_risk
ISIC_0028857,nv,mel,0.011612709,0.9559605,auto_accept,low_unc_low_risk
ISIC_0034109,nv,nv,2.1751268e-06,3.7098102e-06,auto_accept,low_unc_low_risk
ISIC_0025428,nv,nv,0.004522408,0.0004011316,auto_accept,low_unc_low_risk
ISIC_0026653,nv,nv,0.0021388568,0.0033516225,auto_accept,low_unc_low_risk
ISIC_0028134,nv,nv,7.5499173e-07,3.6045024e-06,auto_accept,low_unc_low_risk
ISIC_0025669,nv,nv,3.5545183e-06,1.7444852e-05,auto_accept,low_unc_low_risk
ISIC_0024648,nv,nv,2.3168847e-09,1.5789833e-08,auto_accept,low_unc_low_risk
ISIC_0032368,nv,nv,0.0005781956,0.0010280954,auto_accept,low_unc_low_risk
ISIC_0031813,nv,nv,0.00075413275,0.006651678,auto_accept,low_unc_low_risk
ISIC_0032606,nv,nv,0.0038737988,0.04193849,auto_accept,low_unc_low_risk
ISIC_0025508,nv,nv,2.9766434e-05,9.866222e-07,auto_accept,low_unc_low_risk
ISIC_0030745,nv,nv,0.0015961311,0.014306465,auto_accept,low_unc_low_risk
ISIC_0033080,nv,nv,0.0055737197,0.0063432506,auto_accept,low_unc_low_risk
ISIC_0024485,nv,nv,1.8423854e-05,0.00030949613,auto_accept,low_unc_low_risk
ISIC_0027508,nv,nv,1.5157335e-08,2.3075582e-10,auto_accept,low_unc_low_risk
ISIC_0030186,nv,nv,2.704206e-11,4.662711e-14,auto_accept,low_unc_low_risk
ISIC_0025055,nv,nv,3.0208955e-06,0.000100316225,auto_accept,low_unc_low_risk
ISIC_0031148,nv,nv,0.0023366867,0.0010052022,auto_accept,low_unc_low_risk
ISIC_0025289,nv,nv,0.018914547,0.37394464,escalate,high_unc_low_risk
ISIC_0033289,nv,nv,0.013593258,0.12464273,escalate,low_unc_low_risk
ISIC_0026000,nv,nv,3.4504035e-06,0.0006099755,auto_accept,low_unc_low_risk
ISIC_0032554,nv,nv,0.001893517,0.034422655,auto_accept,low_unc_low_risk
ISIC_0033998,nv,nv,0.00011403013,5.430744e-05,auto_accept,low_unc_low_risk
ISIC_0029407,nv,nv,4.7545764e-06,0.00010898958,auto_accept,low_unc_low_risk
ISIC_0028136,nv,nv,1.3739562e-05,2.3517741e-05,auto_accept,low_unc_low_risk
ISIC_0029071,nv,nv,0.00011057141,2.416966e-07,auto_accept,low_unc_low_risk
ISIC_0032261,nv,nv,8.554394e-05,6.801612e-08,auto_accept,low_unc_low_risk
ISIC_0032352,nv,nv,0.0013896122,0.00048159857,auto_accept,low_unc_low_risk
ISIC_0031376,bkl,bkl,0.000113680864,0.0021323436,auto_accept,low_unc_low_risk
ISIC_0026590,bkl,bkl,1.3008897e-06,0.0025178075,auto_accept,low_unc_low_risk
ISIC_0029127,nv,nv,0.00044149865,0.0046556406,auto_accept,low_unc_low_risk
ISIC_0032131,nv,nv,2.229502e-10,1.0189647e-08,auto_accept,low_unc_low_risk
ISIC_0025678,nv,nv,0.00012963553,2.3167209e-07,auto_accept,low_unc_low_risk
ISIC_0027505,nv,nv,1.2063406e-05,9.579974e-05,auto_accept,low_unc_low_risk
ISIC_0032487,nv,nv,1.3582303e-07,8.8546597e-07,auto_accept,low_unc_low_risk
ISIC_0026903,nv,nv,6.020468e-08,1.3238138e-09,auto_accept,low_unc_low_risk
ISIC_0030069,nv,nv,0.0016983871,0.023585295,auto_accept,low_unc_low_risk
ISIC_0028189,nv,nv,1.2097254e-07,9.734194e-06,auto_accept,low_unc_low_risk
ISIC_0024391,nv,nv,9.546736e-06,0.0008510379,auto_accept,low_unc_low_risk
ISIC_0033267,mel,mel,0.00014862462,0.9969259,auto_accept,low_unc_low_risk
ISIC_0026815,nv,nv,3.507076e-05,0.0003122864,auto_accept,low_unc_low_risk
ISIC_0032085,nv,nv,3.7141933e-06,9.0981575e-06,auto_accept,low_unc_low_risk
ISIC_0026261,nv,nv,1.2547468e-09,4.6266666e-09,auto_accept,low_unc_low_risk
ISIC_0024937,nv,nv,0.0011547694,0.0018242769,auto_accept,low_unc_low_risk
ISIC_0026379,nv,nv,1.5497351e-08,1.02646204e-10,auto_accept,low_unc_low_risk
ISIC_0028008,nv,nv,0.012421115,0.010249298,auto_accept,low_unc_low_risk
ISIC_0028787,nv,nv,0.0028680826,0.0016802696,auto_accept,low_unc_low_risk
ISIC_0031879,nv,nv,1.0728663e-05,6.428052e-08,auto_accept,low_unc_low_risk
ISIC_0034050,mel,mel,1.8035464e-05,0.9960884,auto_accept,low_unc_low_risk
ISIC_0026495,nv,nv,8.7838046e-08,2.0787343e-09,auto_accept,low_unc_low_risk
ISIC_0034279,nv,nv,0.011669663,0.005443332,auto_accept,low_unc_low_risk
ISIC_0030295,nv,nv,1.1882239e-09,6.435033e-08,auto_accept,low_unc_low_risk
ISIC_0030706,bkl,bkl,0.017251207,0.5286008,escalate,high_unc_low_risk
ISIC_0025228,nv,bkl,0.012698767,0.2414595,escalate,low_unc_low_risk
ISIC_0031311,nv,nv,0.0004180719,0.007038339,auto_accept,low_unc_low_risk
ISIC_0031067,nv,nv,8.681073e-06,2.4189915e-06,auto_accept,low_unc_low_risk
ISIC_0024800,akiec,bkl,0.0017331846,0.062621556,auto_accept,low_unc_low_risk
ISIC_0029954,nv,nv,7.7996076e-05,0.00037413306,auto_accept,low_unc_low_risk
ISIC_0026019,nv,nv,1.5511777e-08,1.114138e-09,auto_accept,low_unc_low_risk
ISIC_0026197,nv,nv,1.00422604e-07,1.0850859e-08,auto_accept,low_unc_low_risk
ISIC_0024406,nv,nv,0.00022767988,0.0003508769,auto_accept,low_unc_low_risk
ISIC_0026353,nv,nv,2.8629272e-05,2.029062e-06,auto_accept,low_unc_low_risk
ISIC_0029122,nv,nv,1.7024471e-10,3.1621614e-09,auto_accept,low_unc_low_risk
ISIC_0024554,mel,bkl,0.008598018,0.0999365,auto_accept,low_unc_low_risk
ISIC_0033664,nv,nv,1.2885569e-07,2.1880815e-05,auto_accept,low_unc_low_risk
ISIC_0029368,nv,nv,0.012176655,0.23097198,auto_accept,low_unc_low_risk
ISIC_0030672,nv,nv,0.0043089567,0.06844453,auto_accept,low_unc_low_risk
ISIC_0031390,nv,nv,2.7522902e-09,6.6302706e-11,auto_accept,low_unc_low_risk
ISIC_0031010,nv,nv,2.8879097e-07,1.9468374e-08,auto_accept,low_unc_low_risk
ISIC_0024651,nv,nv,4.944475e-09,1.3668027e-05,auto_accept,low_unc_low_risk
ISIC_0029161,bkl,bkl,0.0026540828,0.009934899,auto_accept,low_unc_low_risk
ISIC_0026639,nv,nv,4.647539e-09,1.1092194e-08,auto_accept,low_unc_low_risk
ISIC_0032950,nv,nv,0.00642379,0.039173353,auto_accept,low_unc_low_risk
ISIC_0026616,nv,nv,6.804624e-06,0.00021377254,auto_accept,low_unc_low_risk
ISIC_0029911,nv,nv,1.5989941e-05,0.00012504289,auto_accept,low_unc_low_risk
ISIC_0031125,bkl,bkl,0.00037826743,0.0019972334,auto_accept,low_unc_low_risk
ISIC_0026341,nv,nv,0.00069861783,0.0024964262,auto_accept,low_unc_low_risk
ISIC_0026578,nv,nv,1.13496974e-07,1.35006335e-08,auto_accept,low_unc_low_risk
ISIC_0026549,akiec,akiec,0.022487937,0.86476403,escalate,high_unc_low_risk
ISIC_0026422,bkl,bkl,0.0020305712,0.00011331733,auto_accept,low_unc_low_risk
ISIC_0028181,nv,nv,7.237829e-08,6.141569e-08,auto_accept,low_unc_low_risk
ISIC_0025977,nv,nv,3.0833697e-11,1.3134854e-11,auto_accept,low_unc_low_risk
ISIC_0025522,nv,nv,0.005323312,1.9680527e-05,auto_accept,low_unc_low_risk
ISIC_0028819,nv,nv,8.932022e-06,0.00064710336,auto_accept,low_unc_low_risk
ISIC_0033480,bkl,bkl,7.513921e-05,0.027813409,auto_accept,low_unc_low_risk
ISIC_0029153,nv,nv,0.0045523387,8.794932e-07,auto_accept,low_unc_low_risk
ISIC_0024549,nv,nv,3.836703e-05,0.00047422352,auto_accept,low_unc_low_risk
ISIC_0030407,nv,nv,1.1218911e-05,8.427315e-06,auto_accept,low_unc_low_risk
ISIC_0027279,bkl,bkl,0.00019382864,0.060513906,auto_accept,low_unc_low_risk
ISIC_0032528,nv,nv,3.26941e-05,6.824867e-05,auto_accept,low_unc_low_risk
ISIC_0030684,nv,nv,2.7156313e-05,0.00010614821,auto_accept,low_unc_low_risk
ISIC_0025393,nv,nv,3.870291e-07,0.0001137172,auto_accept,low_unc_low_risk
ISIC_0029157,mel,mel,0.0010339025,0.88545203,auto_accept,low_unc_low_risk
ISIC_0028515,nv,nv,3.371533e-08,1.3131071e-07,auto_accept,low_unc_low_risk
ISIC_0029633,nv,bkl,0.0026254817,0.00022773411,auto_accept,low_unc_low_risk
ISIC_0033560,mel,mel,0.006692808,0.93549126,auto_accept,low_unc_low_risk
ISIC_0030673,nv,nv,1.6652268e-06,1.9709265e-05,auto_accept,low_unc_low_risk
ISIC_0028996,nv,nv,6.913607e-08,8.681129e-06,auto_accept,low_unc_low_risk
ISIC_0029739,nv,nv,1.2717462e-10,2.0444622e-09,auto_accept,low_unc_low_risk
ISIC_0032339,nv,nv,4.297e-10,3.743339e-09,auto_accept,low_unc_low_risk
ISIC_0033911,mel,mel,0.0004520409,0.9914649,auto_accept,low_unc_low_risk
ISIC_0031214,nv,nv,6.084776e-11,1.08145385e-11,auto_accept,low_unc_low_risk
ISIC_0027760,bkl,bkl,7.7989906e-05,0.002156839,auto_accept,low_unc_low_risk
ISIC_0028940,nv,nv,2.686937e-08,1.1490107e-06,auto_accept,low_unc_low_risk
ISIC_0033658,nv,nv,3.1155923e-05,9.83273e-06,auto_accept,low_unc_low_risk
ISIC_0032161,nv,nv,2.3539098e-06,7.6308934e-05,auto_accept,low_unc_low_risk
ISIC_0025334,nv,nv,2.0660512e-08,5.401925e-09,auto_accept,low_unc_low_risk
ISIC_0027193,nv,nv,4.8247625e-11,1.0162953e-13,auto_accept,low_unc_low_risk
ISIC_0026345,nv,nv,2.8421678e-06,2.0546862e-05,auto_accept,low_unc_low_risk
ISIC_0026589,nv,nv,3.0697058e-06,5.6278343e-10,auto_accept,low_unc_low_risk
ISIC_0027384,nv,nv,1.5147486e-05,9.410913e-06,auto_accept,low_unc_low_risk
ISIC_0029116,nv,nv,1.6371438e-07,2.9857785e-07,auto_accept,low_unc_low_risk
ISIC_0024951,mel,mel,0.010838905,0.9407387,auto_accept,low_unc_low_risk
ISIC_0027941,nv,nv,4.5849383e-06,0.0023079345,auto_accept,low_unc_low_risk
ISIC_0029782,nv,nv,1.5024915e-05,0.00015492164,auto_accept,low_unc_low_risk
ISIC_0027153,nv,nv,9.304076e-09,3.2712714e-07,auto_accept,low_unc_low_risk
ISIC_0028019,nv,nv,4.3813547e-08,2.0654068e-06,auto_accept,low_unc_low_risk
ISIC_0025100,nv,nv,9.662059e-05,3.0869978e-07,auto_accept,low_unc_low_risk
ISIC_0025447,nv,nv,2.3867196e-06,1.27932435e-05,auto_accept,low_unc_low_risk
ISIC_0033121,nv,mel,0.019959275,0.41365883,escalate,high_unc_low_risk
ISIC_0032957,nv,nv,3.5899757e-05,0.00037108106,auto_accept,low_unc_low_risk
ISIC_0032506,nv,nv,7.5182825e-06,1.103165e-06,auto_accept,low_unc_low_risk
ISIC_0025769,nv,nv,0.004293172,0.012590745,auto_accept,low_unc_low_risk
ISIC_0027227,nv,nv,3.678217e-09,5.184525e-10,auto_accept,low_unc_low_risk
ISIC_0028483,nv,nv,5.5751203e-05,0.0032265,auto_accept,low_unc_low_risk
ISIC_0024617,nv,nv,0.0012900335,0.009884339,auto_accept,low_unc_low_risk
ISIC_0024976,nv,nv,3.0851457e-09,1.8651247e-10,auto_accept,low_unc_low_risk
ISIC_0028049,nv,nv,1.7762245e-08,9.398165e-08,auto_accept,low_unc_low_risk
ISIC_0032006,bkl,bkl,0.004217496,0.08203145,auto_accept,low_unc_low_risk
ISIC_0028298,nv,nv,4.793858e-10,1.9263008e-07,auto_accept,low_unc_low_risk
ISIC_0033927,nv,nv,6.527406e-07,1.0960185e-06,auto_accept,low_unc_low_risk
ISIC_0031156,nv,nv,3.797042e-09,2.3999216e-09,auto_accept,low_unc_low_risk
ISIC_0031415,nv,nv,1.1455842e-08,3.2149302e-07,auto_accept,low_unc_low_risk
ISIC_0031317,nv,bkl,0.0051128594,0.013532544,auto_accept,low_unc_low_risk
ISIC_0027879,nv,nv,4.8215647e-11,5.052365e-10,auto_accept,low_unc_low_risk
ISIC_0028673,nv,nv,0.00076781394,0.0073646056,auto_accept,low_unc_low_risk
ISIC_0031742,nv,mel,0.0025537573,0.98153174,auto_accept,low_unc_low_risk
ISIC_0029243,bkl,bkl,8.603374e-06,0.00027258828,auto_accept,low_unc_low_risk
ISIC_0032678,nv,nv,2.44363e-05,0.0013396734,auto_accept,low_unc_low_risk
ISIC_0030034,mel,nv,0.0005290518,0.0013826005,auto_accept,low_unc_low_risk
ISIC_0030461,nv,nv,1.3409823e-06,1.1192633e-08,auto_accept,low_unc_low_risk
ISIC_0031180,nv,nv,0.0012235565,0.0027349542,auto_accept,low_unc_low_risk
ISIC_0026551,nv,nv,0.0010099942,0.0039211432,auto_accept,low_unc_low_risk
ISIC_0026999,nv,nv,1.0281546e-08,1.0401533e-05,auto_accept,low_unc_low_risk
ISIC_0031033,nv,nv,0.0005876106,0.00014482441,auto_accept,low_unc_low_risk
ISIC_0027011,nv,nv,2.8555424e-11,2.9761857e-12,auto_accept,low_unc_low_risk
ISIC_0028597,nv,nv,0.0012930895,0.0020396817,auto_accept,low_unc_low_risk
ISIC_0028012,nv,nv,2.879043e-06,4.1257343e-05,auto_accept,low_unc_low_risk
ISIC_0032324,nv,nv,0.021802787,0.33361712,escalate,high_unc_low_risk
ISIC_0025952,nv,nv,3.766661e-05,2.0225501e-05,auto_accept,low_unc_low_risk
ISIC_0026095,nv,nv,1.5790862e-09,8.2647125e-09,auto_accept,low_unc_low_risk
ISIC_0028604,nv,nv,1.2858414e-08,9.118765e-08,auto_accept,low_unc_low_risk
ISIC_0029936,nv,nv,2.3413402e-07,2.653832e-07,auto_accept,low_unc_low_risk
ISIC_0029167,nv,nv,6.9517463e-09,5.9407885e-06,auto_accept,low_unc_low_risk
ISIC_0031656,nv,nv,2.2367137e-08,1.7825026e-07,auto_accept,low_unc_low_risk
ISIC_0030386,nv,nv,2.4270872e-07,2.4863872e-05,auto_accept,low_unc_low_risk
ISIC_0027381,nv,nv,2.071666e-05,3.879762e-07,auto_accept,low_unc_low_risk
ISIC_0033810,df,df,1.7051263e-05,0.014498741,auto_accept,low_unc_low_risk
ISIC_0031639,bkl,bkl,0.002110137,0.007850145,auto_accept,low_unc_low_risk
ISIC_0028339,nv,nv,2.4753484e-07,4.9270795e-07,auto_accept,low_unc_low_risk
ISIC_0033628,nv,nv,8.968429e-05,0.00036066596,auto_accept,low_unc_low_risk
ISIC_0030118,bkl,bkl,0.0005955007,0.0007332115,auto_accept,low_unc_low_risk
ISIC_0026559,nv,mel,0.019187745,0.6274386,escalate,high_unc_low_risk
ISIC_0030301,nv,nv,3.761528e-09,1.3588988e-08,auto_accept,low_unc_low_risk
ISIC_0026434,nv,nv,3.5599234e-05,1.2573352e-07,auto_accept,low_unc_low_risk
ISIC_0031150,bkl,bkl,1.825525e-06,0.003927926,auto_accept,low_unc_low_risk
ISIC_0029706,nv,nv,4.4807773e-08,7.017492e-08,auto_accept,low_unc_low_risk
ISIC_0032059,nv,nv,2.3454102e-07,3.4356704e-06,auto_accept,low_unc_low_risk
ISIC_0028603,nv,nv,7.718561e-10,2.2024302e-09,auto_accept,low_unc_low_risk
ISIC_0028102,nv,nv,4.296202e-06,1.7356914e-06,auto_accept,low_unc_low_risk
ISIC_0025805,bkl,bkl,0.011270806,0.085413694,auto_accept,low_unc_low_risk
ISIC_0024325,nv,nv,6.2080616e-09,8.9461425e-09,auto_accept,low_unc_low_risk
ISIC_0029498,nv,nv,1.6437843e-05,4.6738183e-05,auto_accept,low_unc_low_risk
ISIC_0030455,nv,nv,4.6589648e-07,5.990599e-07,auto_accept,low_unc_low_risk
ISIC_0028934,nv,nv,1.3081515e-07,4.4456877e-07,auto_accept,low_unc_low_risk
ISIC_0027278,nv,nv,0.018948296,0.00097497326,escalate,high_unc_low_risk
ISIC_0024750,nv,nv,2.7695533e-08,1.4081726e-07,auto_accept,low_unc_low_risk
ISIC_0032434,nv,nv,3.0389629e-05,2.2970856e-07,auto_accept,low_unc_low_risk
ISIC_0027689,nv,nv,6.761846e-05,0.00016587452,auto_accept,low_unc_low_risk
ISIC_0026005,nv,nv,6.7812564e-09,1.0130756e-06,auto_accept,low_unc_low_risk
ISIC_0025648,nv,nv,2.6489533e-07,4.6052055e-06,auto_accept,low_unc_low_risk
ISIC_0025784,nv,nv,0.017900396,0.07982807,escalate,high_unc_low_risk
ISIC_0027733,nv,nv,1.7117386e-12,8.2321915e-13,auto_accept,low_unc_low_risk
ISIC_0025187,nv,nv,0.0008083176,1.3228992e-05,auto_accept,low_unc_low_risk
ISIC_0027453,nv,nv,0.000104388564,0.007932146,auto_accept,low_unc_low_risk
ISIC_0031200,bkl,bkl,0.007206122,0.060207706,auto_accept,low_unc_low_risk
ISIC_0031402,nv,nv,2.2593142e-06,0.0006293727,auto_accept,low_unc_low_risk
ISIC_0030733,nv,nv,0.0077806036,0.058509924,auto_accept,low_unc_low_risk
ISIC_0026678,nv,nv,0.0002653805,0.0013277169,auto_accept,low_unc_low_risk
ISIC_0030637,nv,nv,0.0005537968,0.00033550427,auto_accept,low_unc_low_risk
ISIC_0026657,nv,nv,1.2466764e-05,6.6359235e-06,auto_accept,low_unc_low_risk
ISIC_0030243,nv,nv,0.0025797389,9.341046e-05,auto_accept,low_unc_low_risk
ISIC_0026124,nv,nv,0.009653891,0.19073552,auto_accept,low_unc_low_risk
ISIC_0024558,nv,nv,2.7142386e-10,1.5317544e-09,auto_accept,low_unc_low_risk
ISIC_0029690,nv,nv,3.8291088e-07,1.838587e-07,auto_accept,low_unc_low_risk
ISIC_0033516,nv,nv,0.0015836473,0.00093300396,auto_accept,low_unc_low_risk
ISIC_0033915,nv,nv,0.018005908,0.005699797,escalate,high_unc_low_risk
ISIC_0030340,nv,nv,0.0077093854,0.13211733,auto_accept,low_unc_low_risk
ISIC_0031162,nv,nv,1.1890493e-10,4.3307895e-11,auto_accept,low_unc_low_risk
ISIC_0030131,nv,nv,4.5526773e-05,0.0017897604,auto_accept,low_unc_low_risk
ISIC_0034228,nv,nv,1.8686297e-06,1.3997155e-05,auto_accept,low_unc_low_risk
ISIC_0029449,nv,nv,3.81544e-08,2.5456366e-09,auto_accept,low_unc_low_risk
ISIC_0027732,nv,nv,3.1053496e-06,0.0024296157,auto_accept,low_unc_low_risk
ISIC_0027575,nv,nv,8.034182e-05,2.5647167e-09,auto_accept,low_unc_low_risk
ISIC_0024357,nv,nv,8.745655e-05,2.5031079e-05,auto_accept,low_unc_low_risk
ISIC_0031250,nv,nv,1.7300256e-07,2.5089406e-08,auto_accept,low_unc_low_risk
ISIC_0025721,nv,nv,0.0001083547,0.0068157185,auto_accept,low_unc_low_risk
ISIC_0029125,nv,nv,0.00034249498,1.8488745e-06,auto_accept,low_unc_low_risk
ISIC_0027886,nv,nv,1.1566873e-05,1.3095705e-07,auto_accept,low_unc_low_risk
ISIC_0030650,nv,nv,2.5147122e-06,1.8685274e-07,auto_accept,low_unc_low_risk
ISIC_0025215,nv,nv,3.759985e-08,1.422867e-06,auto_accept,low_unc_low_risk
ISIC_0024995,nv,nv,0.011180518,0.17037885,auto_accept,low_unc_low_risk
ISIC_0028720,nv,nv,0.0007309817,0.0045230226,auto_accept,low_unc_low_risk
ISIC_0029850,nv,nv,2.881521e-07,4.3456986e-08,auto_accept,low_unc_low_risk
ISIC_0028594,nv,nv,0.0003764898,5.447115e-07,auto_accept,low_unc_low_risk
ISIC_0029386,nv,nv,1.649983e-08,3.0976852e-07,auto_accept,low_unc_low_risk
ISIC_0028390,nv,nv,7.139436e-05,3.8350515e-07,auto_accept,low_unc_low_risk
ISIC_0026861,bkl,mel,0.0065177237,0.99568033,auto_accept,low_unc_low_risk
ISIC_0032712,nv,nv,0.00014469039,5.047789e-05,auto_accept,low_unc_low_risk
ISIC_0028196,nv,nv,4.6798934e-09,1.48391755e-05,auto_accept,low_unc_low_risk
ISIC_0033584,nv,bkl,0.011711607,0.008262752,auto_accept,low_unc_low_risk
ISIC_0028950,nv,nv,4.068512e-08,2.303815e-06,auto_accept,low_unc_low_risk
ISIC_0033799,nv,nv,0.0034623013,0.002559418,auto_accept,low_unc_low_risk
ISIC_0029190,nv,nv,0.006054769,0.035450622,auto_accept,low_unc_low_risk
ISIC_0028282,nv,nv,0.0026887078,0.082102425,auto_accept,low_unc_low_risk
ISIC_0034015,bcc,bkl,0.009192705,0.10332015,auto_accept,low_unc_low_risk
ISIC_0026269,nv,nv,5.2628195e-08,4.12548e-06,auto_accept,low_unc_low_risk
ISIC_0028161,nv,nv,0.00069854455,0.0031634762,auto_accept,low_unc_low_risk
ISIC_0027992,nv,nv,3.303625e-05,9.977679e-06,auto_accept,low_unc_low_risk
ISIC_0030911,nv,nv,0.00010068621,0.00017447062,auto_accept,low_unc_low_risk
ISIC_0029595,nv,nv,3.3804164e-11,9.2030467e-10,auto_accept,low_unc_low_risk
ISIC_0033843,mel,mel,1.5785002e-06,0.9993955,auto_accept,low_unc_low_risk
ISIC_0034069,nv,nv,0.015691496,0.029142749,escalate,high_unc_low_risk
ISIC_0032005,nv,nv,1.0375413e-09,4.2444372e-09,auto_accept,low_unc_low_risk
ISIC_0033040,nv,nv,0.0003817698,0.0009484505,auto_accept,low_unc_low_risk
ISIC_0031287,bkl,bkl,0.00014771057,0.008742508,auto_accept,low_unc_low_risk
ISIC_0033585,nv,nv,0.010697155,0.00017713403,auto_accept,low_unc_low_risk
ISIC_0034168,bkl,bkl,0.00021807579,0.009966082,auto_accept,low_unc_low_risk
ISIC_0031558,bkl,nv,0.0046701725,0.0011669942,auto_accept,low_unc_low_risk
ISIC_0029675,nv,nv,4.320112e-09,6.1747603e-09,auto_accept,low_unc_low_risk
ISIC_0033878,mel,mel,1.2269383e-06,0.99956185,auto_accept,low_unc_low_risk
ISIC_0027817,nv,nv,8.21911e-06,3.8555729e-07,auto_accept,low_unc_low_risk
ISIC_0033839,nv,nv,0.0020457257,0.0152130695,auto_accept,low_unc_low_risk
ISIC_0026328,nv,nv,1.1358618e-06,2.045573e-06,auto_accept,low_unc_low_risk
ISIC_0025258,nv,nv,6.783799e-05,2.57381e-05,auto_accept,low_unc_low_risk
ISIC_0032469,nv,nv,1.366075e-05,2.2808644e-07,auto_accept,low_unc_low_risk
ISIC_0025658,nv,nv,6.2470944e-09,7.4867415e-08,auto_accept,low_unc_low_risk
ISIC_0032407,nv,nv,0.00025805237,1.9016274e-05,auto_accept,low_unc_low_risk
ISIC_0028472,nv,nv,0.0016831552,8.353244e-05,auto_accept,low_unc_low_risk
ISIC_0025416,nv,nv,5.7575944e-11,7.774337e-09,auto_accept,low_unc_low_risk
ISIC_0029111,nv,nv,4.713397e-06,5.951774e-08,auto_accept,low_unc_low_risk
ISIC_0031889,nv,nv,0.0040932666,0.03944029,auto_accept,low_unc_low_risk
ISIC_0028573,nv,nv,1.4598157e-05,7.838677e-06,auto_accept,low_unc_low_risk
ISIC_0031510,nv,mel,0.011647994,0.87538594,auto_accept,low_unc_low_risk
ISIC_0025205,nv,nv,4.1442113e-06,2.1609456e-07,auto_accept,low_unc_low_risk
ISIC_0032167,nv,nv,1.9982715e-05,0.00017506453,auto_accept,low_unc_low_risk
ISIC_0029678,bkl,nv,0.009522178,0.025103565,auto_accept,low_unc_low_risk
ISIC_0028443,nv,nv,6.722762e-05,3.1841538e-10,auto_accept,low_unc_low_risk
ISIC_0026458,mel,mel,0.00096830365,0.98918146,auto_accept,low_unc_low_risk
ISIC_0030228,nv,nv,5.983298e-08,1.3087161e-08,auto_accept,low_unc_low_risk
ISIC_0028943,bkl,bkl,0.00046430738,0.0003777953,auto_accept,low_unc_low_risk
ISIC_0026284,nv,nv,9.484612e-10,3.229909e-13,auto_accept,low_unc_low_risk
ISIC_0024751,nv,nv,4.6062056e-07,5.6325007e-08,auto_accept,low_unc_low_risk
ISIC_0033407,nv,nv,0.005427209,0.0015672925,auto_accept,low_unc_low_risk
ISIC_0024395,nv,nv,1.1304511e-07,9.463063e-08,auto_accept,low_unc_low_risk
ISIC_0027304,nv,nv,4.4981016e-06,5.656753e-05,auto_accept,low_unc_low_risk
ISIC_0033545,mel,mel,2.3594366e-06,0.99902046,auto_accept,low_unc_low_risk
ISIC_0031828,nv,nv,1.4587728e-05,6.882968e-06,auto_accept,low_unc_low_risk
ISIC_0027977,nv,nv,0.0020157453,3.2479443e-07,auto_accept,low_unc_low_risk
ISIC_0025662,nv,nv,0.0005678245,7.979573e-05,auto_accept,low_unc_low_risk
ISIC_0026046,bkl,bkl,2.4859664e-05,0.0009631266,auto_accept,low_unc_low_risk
ISIC_0030577,nv,nv,8.3240286e-14,2.918432e-12,auto_accept,low_unc_low_risk
ISIC_0025761,nv,nv,1.1392147e-07,8.26648e-07,auto_accept,low_unc_low_risk
ISIC_0028407,nv,nv,1.5285475e-07,1.5079261e-09,auto_accept,low_unc_low_risk
ISIC_0031787,nv,nv,6.916835e-06,6.956685e-11,auto_accept,low_unc_low_risk
ISIC_0028540,nv,nv,1.2936586e-07,9.55753e-07,auto_accept,low_unc_low_risk
ISIC_0027322,nv,nv,1.9769406e-08,1.2064812e-07,auto_accept,low_unc_low_risk
ISIC_0029526,nv,nv,1.02298294e-07,2.96434e-06,auto_accept,low_unc_low_risk
ISIC_0027075,nv,nv,9.728269e-08,3.1053963e-07,auto_accept,low_unc_low_risk
ISIC_0034148,nv,nv,0.0065274662,0.015137367,auto_accept,low_unc_low_risk
ISIC_0030509,nv,nv,3.2305447e-08,2.608179e-08,auto_accept,low_unc_low_risk
ISIC_0033749,vasc,vasc,3.6037427e-11,0.0001041704,auto_accept,low_unc_low_risk
ISIC_0024821,nv,nv,0.010920198,0.0010711009,auto_accept,low_unc_low_risk
ISIC_0033767,nv,nv,0.0025189708,0.053003516,auto_accept,low_unc_low_risk
ISIC_0030889,nv,nv,9.785239e-10,4.3805763e-08,auto_accept,low_unc_low_risk
ISIC_0026205,bkl,bkl,0.006944195,1.1156419e-05,auto_accept,low_unc_low_risk
ISIC_0027511,nv,nv,4.218904e-07,5.209619e-05,auto_accept,low_unc_low_risk
ISIC_0025883,bkl,bkl,0.00017441541,8.459546e-05,auto_accept,low_unc_low_risk
ISIC_0030032,mel,mel,0.0031240317,0.9913619,auto_accept,low_unc_low_risk
ISIC_0026619,nv,nv,4.4421636e-08,4.1456456e-06,auto_accept,low_unc_low_risk
ISIC_0025759,nv,nv,0.0017155223,0.12818517,auto_accept,low_unc_low_risk
ISIC_0025168,nv,nv,0.0015749646,0.00015730842,auto_accept,low_unc_low_risk
ISIC_0028093,nv,nv,2.711022e-07,8.007716e-05,auto_accept,low_unc_low_risk
ISIC_0024460,nv,nv,3.2604517e-09,3.423066e-06,auto_accept,low_unc_low_risk
ISIC_0025231,nv,nv,0.0013634546,0.00048675397,auto_accept,low_unc_low_risk
ISIC_0032901,nv,mel,0.03581717,0.9782307,escalate,high_unc_low_risk
ISIC_0024535,nv,nv,1.2363065e-09,7.641379e-09,auto_accept,low_unc_low_risk
ISIC_0031731,nv,nv,1.5373324e-08,5.606089e-09,auto_accept,low_unc_low_risk
ISIC_0027696,nv,nv,3.8047814e-09,1.648646e-11,auto_accept,low_unc_low_risk
ISIC_0028734,nv,nv,0.0012377031,0.0008696839,auto_accept,low_unc_low_risk
ISIC_0029695,nv,nv,7.1961606e-09,7.4319934e-07,auto_accept,low_unc_low_risk
ISIC_0028641,nv,nv,1.1325688e-08,1.7639562e-06,auto_accept,low_unc_low_risk
ISIC_0028905,nv,nv,0.006869592,0.050215658,auto_accept,low_unc_low_risk
ISIC_0028383,nv,nv,1.2951039e-05,2.5909552e-05,auto_accept,low_unc_low_risk
ISIC_0032330,bkl,bkl,1.7260052e-05,1.1191158e-05,auto_accept,low_unc_low_risk
ISIC_0025122,nv,nv,0.0004301474,9.303585e-05,auto_accept,low_unc_low_risk
ISIC_0027025,bkl,bkl,0.0025229065,0.08887572,auto_accept,low_unc_low_risk
ISIC_0025306,nv,nv,5.1243795e-08,3.4202865e-05,auto_accept,low_unc_low_risk
ISIC_0026859,nv,nv,1.0977363e-07,2.4337396e-05,auto_accept,low_unc_low_risk
ISIC_0030593,nv,nv,5.9347272e-05,0.0028563086,auto_accept,low_unc_low_risk
ISIC_0031420,nv,nv,6.757439e-05,7.3025025e-05,auto_accept,low_unc_low_risk
ISIC_0025347,nv,nv,2.6407312e-11,5.2578745e-08,auto_accept,low_unc_low_risk
ISIC_0025889,nv,nv,8.163999e-06,2.1270695e-08,auto_accept,low_unc_low_risk
ISIC_0032488,nv,nv,5.9971266e-05,1.9878853e-06,auto_accept,low_unc_low_risk
ISIC_0025443,nv,bkl,0.010280738,0.012885152,auto_accept,low_unc_low_risk
ISIC_0032638,mel,mel,0.0011261752,0.99507093,auto_accept,low_unc_low_risk
ISIC_0029517,nv,nv,2.1059406e-05,2.4539268e-05,auto_accept,low_unc_low_risk
ISIC_0029426,nv,nv,6.9097976e-09,3.5746246e-09,auto_accept,low_unc_low_risk
ISIC_0027435,bkl,bkl,0.005178977,0.050338484,auto_accept,low_unc_low_risk
ISIC_0025851,bkl,bkl,0.0009827863,0.0003475459,auto_accept,low_unc_low_risk
ISIC_0032015,nv,mel,0.015952071,0.5912682,escalate,high_unc_low_risk
ISIC_0028449,bkl,bkl,0.0019672818,0.029700644,auto_accept,low_unc_low_risk
ISIC_0025810,bkl,bkl,0.0008956284,0.11318202,auto_accept,low_unc_low_risk
ISIC_0030289,nv,nv,0.0038851933,1.0659067e-05,auto_accept,low_unc_low_risk
ISIC_0033031,vasc,vasc,9.372229e-06,1.7117494e-05,auto_accept,low_unc_low_risk
ISIC_0031772,nv,nv,2.1155884e-09,8.887911e-08,auto_accept,low_unc_low_risk
ISIC_0026127,nv,nv,0.01118053,1.1958274e-06,auto_accept,low_unc_low_risk
ISIC_0032714,nv,nv,0.0036176986,0.006471686,auto_accept,low_unc_low_risk
ISIC_0030679,nv,nv,2.4588908e-05,2.3176427e-09,auto_accept,low_unc_low_risk
ISIC_0030006,nv,nv,0.0016800517,0.027183888,auto_accept,low_unc_low_risk
ISIC_0031267,nv,nv,1.9116562e-09,2.3608793e-10,auto_accept,low_unc_low_risk
ISIC_0030740,nv,nv,2.362436e-05,0.006547429,auto_accept,low_unc_low_risk
ISIC_0027854,nv,nv,3.2901219e-06,2.2259744e-07,auto_accept,low_unc_low_risk
ISIC_0029335,nv,nv,3.2269523e-07,2.613209e-07,auto_accept,low_unc_low_risk
ISIC_0029668,nv,nv,0.00043294957,0.0028569063,auto_accept,low_unc_low_risk
ISIC_0028246,nv,nv,1.0546467e-08,1.9477287e-08,auto_accept,low_unc_low_risk
ISIC_0027176,nv,nv,9.63164e-07,4.5579716e-05,auto_accept,low_unc_low_risk
ISIC_0025518,nv,nv,0.0096255075,9.156059e-05,auto_accept,low_unc_low_risk
ISIC_0029866,nv,nv,5.486419e-08,5.5686664e-11,auto_accept,low_unc_low_risk
ISIC_0033098,nv,nv,0.00902216,0.0010507685,auto_accept,low_unc_low_risk
ISIC_0027565,nv,nv,2.6146287e-07,1.2635728e-06,auto_accept,low_unc_low_risk
ISIC_0026922,nv,nv,8.6817774e-05,4.3640426e-05,auto_accept,low_unc_low_risk
ISIC_0029198,nv,nv,6.2934933e-09,1.6808085e-07,auto_accept,low_unc_low_risk
ISIC_0026565,nv,nv,1.7256602e-07,1.1043851e-06,auto_accept,low_unc_low_risk
ISIC_0028567,mel,nv,0.0008181451,4.5037204e-06,auto_accept,low_unc_low_risk
ISIC_0030970,mel,mel,0.007869185,0.99725074,auto_accept,low_unc_low_risk
ISIC_0030488,bkl,bkl,0.006073887,0.0001731278,auto_accept,low_unc_low_risk
ISIC_0027413,nv,nv,1.9179641e-08,7.360046e-06,auto_accept,low_unc_low_risk
ISIC_0028513,nv,nv,0.0014805393,0.0006032797,auto_accept,low_unc_low_risk
ISIC_0030068,nv,nv,4.5512363e-07,2.2309207e-06,auto_accept,low_unc_low_risk
ISIC_0030990,nv,nv,0.0016060695,1.0160575e-05,auto_accept,low_unc_low_risk
ISIC_0025794,nv,nv,7.0489176e-07,2.6557814e-06,auto_accept,low_unc_low_risk
ISIC_0030909,nv,nv,1.6422298e-05,6.92176e-05,auto_accept,low_unc_low_risk
ISIC_0028891,nv,bkl,0.0060675265,0.0030011425,auto_accept,low_unc_low_risk
ISIC_0024334,nv,nv,4.095598e-09,4.3026027e-09,auto_accept,low_unc_low_risk
ISIC_0030772,nv,nv,0.00071907276,0.0028070163,auto_accept,low_unc_low_risk
ISIC_0027843,nv,nv,3.417756e-07,4.8450925e-06,auto_accept,low_unc_low_risk
ISIC_0031086,nv,nv,2.654108e-09,3.0536587e-08,auto_accept,low_unc_low_risk
ISIC_0028722,nv,nv,3.2162936e-06,9.041503e-06,auto_accept,low_unc_low_risk
ISIC_0032898,bkl,bkl,0.0031488515,3.5402674e-05,auto_accept,low_unc_low_risk
ISIC_0025230,nv,nv,6.9057495e-07,1.5507267e-05,auto_accept,low_unc_low_risk
ISIC_0029345,bkl,bkl,0.002986734,0.00026687226,auto_accept,low_unc_low_risk
ISIC_0026279,nv,nv,2.7811573e-06,1.7711714e-07,auto_accept,low_unc_low_risk
ISIC_0024531,nv,nv,2.4470939e-08,1.0463495e-05,auto_accept,low_unc_low_risk
ISIC_0025460,nv,nv,1.1839217e-12,1.8480202e-11,auto_accept,low_unc_low_risk
ISIC_0026573,nv,nv,0.0038705338,0.0019993891,auto_accept,low_unc_low_risk
ISIC_0030024,nv,nv,2.1368776e-07,1.4726301e-06,auto_accept,low_unc_low_risk
ISIC_0028185,nv,nv,0.00028145316,1.5259633e-05,auto_accept,low_unc_low_risk
ISIC_0024944,nv,nv,4.1827636e-05,0.0019663398,auto_accept,low_unc_low_risk
ISIC_0032087,nv,nv,2.4113913e-07,5.5507494e-06,auto_accept,low_unc_low_risk
ISIC_0029621,nv,nv,5.342907e-06,0.0034660497,auto_accept,low_unc_low_risk
ISIC_0033945,bkl,bkl,0.003768185,0.07378453,auto_accept,low_unc_low_risk
ISIC_0030449,nv,nv,2.4976675e-06,8.287532e-05,auto_accept,low_unc_low_risk
ISIC_0027808,nv,nv,4.1379568e-07,3.9322848e-07,auto_accept,low_unc_low_risk
ISIC_0031491,nv,nv,0.0019273876,0.0013622053,auto_accept,low_unc_low_risk
ISIC_0031966,nv,nv,1.3745905e-08,8.360957e-08,auto_accept,low_unc_low_risk
ISIC_0032944,nv,nv,0.00012626548,2.9160537e-06,auto_accept,low_unc_low_risk
ISIC_0033426,mel,mel,7.4739134e-08,0.9999633,escalate,low_unc_high_risk
ISIC_0025041,nv,nv,7.7015706e-08,1.6669554e-06,auto_accept,low_unc_low_risk
ISIC_0028378,nv,nv,0.016757416,0.13964333,escalate,high_unc_low_risk
ISIC_0034263,mel,mel,0.0013249672,0.97400993,auto_accept,low_unc_low_risk
ISIC_0032780,nv,nv,0.0041411617,0.0065061804,auto_accept,low_unc_low_risk
ISIC_0030881,nv,nv,6.336903e-05,2.5832722e-05,auto_accept,low_unc_low_risk
ISIC_0026689,nv,nv,9.696291e-07,0.00017076284,auto_accept,low_unc_low_risk
ISIC_0030490,nv,nv,0.006109162,0.009485023,auto_accept,low_unc_low_risk
ISIC_0030489,nv,nv,6.127357e-07,2.4896627e-08,auto_accept,low_unc_low_risk
ISIC_0030347,nv,nv,4.4191045e-10,2.3407279e-07,auto_accept,low_unc_low_risk
ISIC_0033279,mel,mel,0.019266749,0.986889,escalate,high_unc_low_risk
ISIC_0027111,nv,nv,1.3063074e-09,7.899372e-09,auto_accept,low_unc_low_risk
ISIC_0025732,mel,mel,0.003347341,0.89446545,auto_accept,low_unc_low_risk
ISIC_0034210,nv,nv,0.0072991434,0.24268052,auto_accept,low_unc_low_risk
ISIC_0027844,nv,nv,6.754884e-08,1.4967665e-07,auto_accept,low_unc_low_risk
ISIC_0030205,nv,nv,7.0774774e-08,4.250224e-07,auto_accept,low_unc_low_risk
ISIC_0029765,nv,nv,9.1136645e-09,5.2805376e-08,auto_accept,low_unc_low_risk
ISIC_0027289,nv,nv,0.00056515733,0.007023475,auto_accept,low_unc_low_risk
ISIC_0025483,nv,nv,2.6098084e-07,6.578375e-10,auto_accept,low_unc_low_risk
ISIC_0031588,nv,nv,8.598909e-07,3.505735e-07,auto_accept,low_unc_low_risk
ISIC_0025991,nv,nv,2.6901132e-09,1.5649066e-08,auto_accept,low_unc_low_risk
ISIC_0028957,nv,nv,5.0813117e-08,4.1943964e-09,auto_accept,low_unc_low_risk
ISIC_0024351,mel,mel,3.3715085e-05,0.9973636,auto_accept,low_unc_low_risk
ISIC_0030515,nv,nv,3.1721605e-12,1.1188096e-10,auto_accept,low_unc_low_risk
ISIC_0029835,nv,nv,8.572219e-07,2.8900578e-05,auto_accept,low_unc_low_risk
ISIC_0029379,nv,nv,9.2754595e-09,1.4374195e-06,auto_accept,low_unc_low_risk
ISIC_0025743,bkl,bkl,2.4684575e-06,2.1282975e-05,auto_accept,low_unc_low_risk
ISIC_0027944,nv,nv,2.2906727e-06,6.6657834e-05,auto_accept,low_unc_low_risk
ISIC_0028545,nv,nv,2.8726385e-05,0.00012941606,auto_accept,low_unc_low_risk
ISIC_0032796,nv,nv,3.688165e-05,0.008142747,auto_accept,low_unc_low_risk
ISIC_0030846,nv,nv,0.00014755131,0.00018469595,auto_accept,low_unc_low_risk
ISIC_0033262,bkl,bkl,3.1330193e-05,0.0021421276,auto_accept,low_unc_low_risk
ISIC_0031367,nv,nv,2.749886e-06,6.992869e-05,auto_accept,low_unc_low_risk
ISIC_0032876,bkl,bkl,2.4167137e-05,9.682994e-06,auto_accept,low_unc_low_risk
ISIC_0033702,nv,nv,8.719878e-06,0.00011852842,auto_accept,low_unc_low_risk
ISIC_0029085,nv,nv,7.126228e-11,2.25874e-09,auto_accept,low_unc_low_risk
ISIC_0027173,nv,nv,1.3331123e-07,1.0469702e-07,auto_accept,low_unc_low_risk
ISIC_0030423,mel,mel,9.329752e-05,0.9975914,auto_accept,low_unc_low_risk
ISIC_0024306,nv,nv,2.2029798e-08,1.0643582e-08,auto_accept,low_unc_low_risk
ISIC_0032813,nv,nv,0.022387696,0.28673583,escalate,high_unc_low_risk
ISIC_0026058,nv,nv,8.775263e-07,1.0219947e-09,auto_accept,low_unc_low_risk
ISIC_0032357,nv,nv,5.177178e-09,1.3209107e-09,auto_accept,low_unc_low_risk
ISIC_0031472,nv,nv,5.581106e-09,8.95912e-09,auto_accept,low_unc_low_risk
ISIC_0026136,nv,nv,3.093614e-06,2.1108342e-06,auto_accept,low_unc_low_risk
ISIC_0030936,nv,nv,5.4549696e-06,5.1385e-06,auto_accept,low_unc_low_risk
ISIC_0026123,nv,mel,0.00094780524,0.9889887,auto_accept,low_unc_low_risk
ISIC_0025371,nv,nv,8.164278e-06,1.7037266e-07,auto_accept,low_unc_low_risk
ISIC_0024409,bkl,bkl,1.5427034e-06,0.003852279,auto_accept,low_unc_low_risk
ISIC_0026232,nv,nv,0.008140056,0.03574301,auto_accept,low_unc_low_risk
ISIC_0029875,nv,nv,4.668953e-07,1.0816538e-05,auto_accept,low_unc_low_risk
ISIC_0029971,nv,nv,7.9993095e-12,3.3569167e-12,auto_accept,low_unc_low_risk
ISIC_0025225,nv,nv,1.6375134e-05,0.00015639937,auto_accept,low_unc_low_risk
ISIC_0032003,nv,nv,0.00041228908,0.0038557441,auto_accept,low_unc_low_risk
ISIC_0024907,nv,nv,1.5957257e-05,0.0011339632,auto_accept,low_unc_low_risk
ISIC_0027200,nv,nv,3.3991647e-08,2.4419342e-10,auto_accept,low_unc_low_risk
ISIC_0029179,nv,nv,1.232099e-05,6.42134e-05,auto_accept,low_unc_low_risk
ISIC_0030012,nv,nv,6.229074e-05,0.0030190845,auto_accept,low_unc_low_risk
ISIC_0030041,nv,nv,9.436511e-05,3.92609e-06,auto_accept,low_unc_low_risk
ISIC_0029544,nv,mel,0.011716441,0.9215012,auto_accept,low_unc_low_risk
ISIC_0029597,nv,nv,6.67378e-06,0.00047043795,auto_accept,low_unc_low_risk
ISIC_0029114,nv,nv,6.2881946e-07,2.2128917e-05,auto_accept,low_unc_low_risk
ISIC_0026608,nv,nv,0.0068012876,0.007984058,auto_accept,low_unc_low_risk
ISIC_0027566,nv,nv,5.045069e-07,2.1277755e-08,auto_accept,low_unc_low_risk
ISIC_0024971,bkl,bkl,0.00034610627,0.0049148183,auto_accept,low_unc_low_risk
ISIC_0028566,nv,nv,3.6264052e-12,4.3545142e-10,auto_accept,low_unc_low_risk
ISIC_0028374,nv,nv,7.947753e-05,0.00019859395,auto_accept,low_unc_low_risk
ISIC_0027233,nv,nv,2.5275511e-07,3.7567665e-06,auto_accept,low_unc_low_risk
ISIC_0024873,nv,nv,4.480756e-09,1.0596224e-08,auto_accept,low_unc_low_risk
ISIC_0025760,nv,nv,8.636773e-10,2.1593403e-10,auto_accept,low_unc_low_risk
ISIC_0029108,bkl,bkl,8.9127946e-07,0.0001959045,auto_accept,low_unc_low_risk
ISIC_0030955,nv,nv,9.2270784e-07,5.1836306e-08,auto_accept,low_unc_low_risk
ISIC_0025216,nv,nv,1.5926327e-10,1.2960694e-12,auto_accept,low_unc_low_risk
ISIC_0032403,nv,nv,2.2522645e-08,5.55818e-08,auto_accept,low_unc_low_risk
ISIC_0030627,nv,nv,0.000116818395,0.0012273921,auto_accept,low_unc_low_risk
ISIC_0033113,nv,nv,2.4634923e-08,6.767745e-07,auto_accept,low_unc_low_risk
ISIC_0031620,bkl,bkl,0.008381377,0.026856069,auto_accept,low_unc_low_risk
ISIC_0031068,nv,nv,4.2143974e-08,5.3495715e-09,auto_accept,low_unc_low_risk
ISIC_0030631,nv,nv,1.0628763e-06,4.8197187e-05,auto_accept,low_unc_low_risk
ISIC_0030129,mel,nv,0.017921275,0.43070123,escalate,high_unc_low_risk
ISIC_0029957,nv,nv,0.00014617103,0.00040051638,auto_accept,low_unc_low_risk
ISIC_0024491,nv,nv,2.7609117e-06,7.793409e-07,auto_accept,low_unc_low_risk
ISIC_0031480,nv,nv,5.9769077e-06,1.780981e-05,auto_accept,low_unc_low_risk
ISIC_0024390,nv,nv,8.900204e-06,1.8995983e-06,auto_accept,low_unc_low_risk
ISIC_0031163,nv,nv,6.096561e-06,0.00028633876,auto_accept,low_unc_low_risk
ISIC_0026351,bkl,mel,0.00039830065,0.9931636,auto_accept,low_unc_low_risk
ISIC_0027731,nv,nv,8.104111e-06,9.935223e-05,auto_accept,low_unc_low_risk
ISIC_0034049,mel,mel,0.00031163872,0.9934389,auto_accept,low_unc_low_risk
ISIC_0031677,bkl,bkl,0.0071157194,0.22325486,auto_accept,low_unc_low_risk
ISIC_0032673,nv,nv,0.017516153,0.0075062816,escalate,high_unc_low_risk
ISIC_0033337,mel,mel,0.0095723625,0.9702795,auto_accept,low_unc_low_risk
ISIC_0029542,nv,nv,3.3029195e-09,1.4192273e-08,auto_accept,low_unc_low_risk
ISIC_0029784,nv,nv,0.0010686227,1.0414476e-05,auto_accept,low_unc_low_risk
ISIC_0025172,nv,nv,0.000142826,0.0007802549,auto_accept,low_unc_low_risk
ISIC_0034173,mel,nv,0.003386673,0.0005043379,auto_accept,low_unc_low_risk
ISIC_0026001,nv,nv,2.0771145e-06,4.3786945e-06,auto_accept,low_unc_low_risk
ISIC_0029445,nv,nv,0.00012327284,2.6486334e-06,auto_accept,low_unc_low_risk
ISIC_0029308,bkl,bkl,0.002722323,0.00987041,auto_accept,low_unc_low_risk
ISIC_0024744,nv,nv,1.9120311e-11,5.2518e-12,auto_accept,low_unc_low_risk
ISIC_0026128,nv,nv,9.533366e-06,5.192205e-05,auto_accept,low_unc_low_risk
ISIC_0032755,nv,nv,1.8392238e-09,7.654343e-10,auto_accept,low_unc_low_risk
ISIC_0024865,mel,mel,0.0002739676,0.98319083,auto_accept,low_unc_low_risk
ISIC_0026939,nv,nv,5.3622506e-07,1.8839958e-06,auto_accept,low_unc_low_risk
ISIC_0027030,mel,mel,3.11398e-05,0.999754,auto_accept,low_unc_low_risk
ISIC_0031708,nv,nv,0.00036628853,0.008825263,auto_accept,low_unc_low_risk
ISIC_0025346,nv,bkl,0.016266199,0.270202,escalate,high_unc_low_risk
ISIC_0026397,nv,nv,6.3853878e-09,7.6887494e-07,auto_accept,low_unc_low_risk
ISIC_0029266,nv,nv,0.00014079132,3.0860026e-08,auto_accept,low_unc_low_risk
ISIC_0024775,nv,nv,4.950619e-10,1.50069e-09,auto_accept,low_unc_low_risk
ISIC_0030710,nv,nv,2.6042783e-06,2.2694288e-05,auto_accept,low_unc_low_risk
ISIC_0032852,nv,nv,1.1360701e-06,0.0010033863,auto_accept,low_unc_low_risk
ISIC_0028270,nv,nv,5.3269032e-05,9.605795e-07,auto_accept,low_unc_low_risk
ISIC_0034273,nv,nv,3.1934247e-05,5.9524336e-05,auto_accept,low_unc_low_risk
ISIC_0031446,nv,nv,5.97461e-07,1.0921954e-08,auto_accept,low_unc_low_risk
ISIC_0031008,bkl,bkl,1.0468438e-05,0.006211651,auto_accept,low_unc_low_risk
ISIC_0031440,nv,nv,0.0089508165,0.17557095,auto_accept,low_unc_low_risk
ISIC_0030604,mel,mel,3.247067e-05,0.9979079,auto_accept,low_unc_low_risk
ISIC_0025615,nv,nv,0.00032811292,4.48945e-05,auto_accept,low_unc_low_risk
ISIC_0029903,nv,nv,1.7903598e-05,5.0771496e-07,auto_accept,low_unc_low_risk
ISIC_0025653,nv,nv,0.00024796175,0.0014637266,auto_accept,low_unc_low_risk
ISIC_0030284,nv,nv,6.800901e-07,2.05004e-07,auto_accept,low_unc_low_risk
ISIC_0033976,nv,nv,0.010412709,0.0349136,auto_accept,low_unc_low_risk
ISIC_0029809,nv,nv,0.0100110965,0.00074418215,auto_accept,low_unc_low_risk
ISIC_0027632,nv,nv,4.7535583e-08,6.54617e-05,auto_accept,low_unc_low_risk
ISIC_0031804,nv,nv,0.0002474156,3.02817e-06,auto_accept,low_unc_low_risk
ISIC_0029388,nv,nv,1.8035792e-08,5.62097e-06,auto_accept,low_unc_low_risk
ISIC_0029508,nv,nv,2.2933178e-05,5.16473e-06,auto_accept,low_unc_low_risk
ISIC_0024567,nv,nv,2.662427e-07,3.2571952e-05,auto_accept,low_unc_low_risk
ISIC_0028354,bkl,bkl,0.00034365812,0.00031511803,auto_accept,low_unc_low_risk
ISIC_0031022,nv,nv,1.5913954e-05,1.9398745e-05,auto_accept,low_unc_low_risk
ISIC_0031892,nv,nv,6.5858337e-09,1.5748537e-08,auto_accept,low_unc_low_risk
ISIC_0030072,nv,nv,5.535992e-08,3.795034e-07,auto_accept,low_unc_low_risk
ISIC_0027230,nv,nv,0.00018389638,3.6921225e-05,auto_accept,low_unc_low_risk
ISIC_0024714,nv,mel,0.025198335,0.8391043,escalate,high_unc_low_risk
ISIC_0030077,nv,nv,2.3904886e-05,0.00015213092,auto_accept,low_unc_low_risk
ISIC_0031205,nv,nv,3.735359e-05,1.7023201e-07,auto_accept,low_unc_low_risk
ISIC_0027424,nv,nv,3.01864e-09,4.115304e-08,auto_accept,low_unc_low_risk
ISIC_0025307,nv,nv,1.0511309e-08,3.5932544e-07,auto_accept,low_unc_low_risk
ISIC_0026946,nv,nv,2.0770252e-09,2.5737739e-08,auto_accept,low_unc_low_risk
ISIC_0028458,nv,nv,1.3532828e-08,8.058418e-08,auto_accept,low_unc_low_risk
ISIC_0033789,nv,nv,0.016406942,0.3145229,escalate,high_unc_low_risk
ISIC_0027245,nv,nv,3.1743047e-10,8.7741945e-13,auto_accept,low_unc_low_risk
ISIC_0026244,nv,nv,0.00051255256,0.0013871501,auto_accept,low_unc_low_risk
ISIC_0028287,nv,nv,0.003695909,0.0031038846,auto_accept,low_unc_low_risk
ISIC_0027013,nv,nv,3.1136635e-05,0.0013490154,auto_accept,low_unc_low_risk
ISIC_0028109,mel,nv,0.012261716,0.2224832,auto_accept,low_unc_low_risk
ISIC_0030657,nv,nv,4.6493956e-06,7.174403e-08,auto_accept,low_unc_low_risk
ISIC_0033421,nv,nv,0.018008323,0.20652331,escalate,high_unc_low_risk
ISIC_0031207,nv,nv,0.00040200117,0.0055427584,auto_accept,low_unc_low_risk
ISIC_0024446,bkl,bkl,2.1089231e-06,0.0012545491,auto_accept,low_unc_low_risk
ISIC_0033611,mel,mel,0.019301547,0.60522705,escalate,high_unc_low_risk
ISIC_0033554,df,df,6.2619736e-05,0.008979613,auto_accept,low_unc_low_risk
ISIC_0030770,vasc,nv,0.0043722563,0.003194634,auto_accept,low_unc_low_risk
ISIC_0032399,nv,nv,5.925524e-10,1.7068402e-10,auto_accept,low_unc_low_risk
ISIC_0027644,nv,nv,0.0011605786,0.013527,auto_accept,low_unc_low_risk
ISIC_0028319,nv,nv,0.014128503,0.006167668,escalate,high_unc_low_risk
ISIC_0031667,nv,nv,0.011069527,0.045455854,auto_accept,low_unc_low_risk
ISIC_0030885,nv,nv,2.2581597e-08,6.9835475e-09,auto_accept,low_unc_low_risk
ISIC_0029275,nv,nv,3.1611974e-10,4.6238904e-07,auto_accept,low_unc_low_risk
ISIC_0030763,nv,nv,3.7908586e-07,2.0139161e-05,auto_accept,low_unc_low_risk
ISIC_0031017,bkl,bkl,2.6275372e-06,0.001490957,auto_accept,low_unc_low_risk
ISIC_0031030,nv,nv,5.3713296e-07,2.9073124e-06,auto_accept,low_unc_low_risk
ISIC_0026833,nv,nv,4.7442716e-09,6.709552e-11,auto_accept,low_unc_low_risk
ISIC_0027204,mel,bkl,0.01753844,0.242741,escalate,high_unc_low_risk
ISIC_0026354,nv,nv,3.204836e-07,9.885749e-06,auto_accept,low_unc_low_risk
ISIC_0031360,nv,nv,2.3715609e-06,0.00014222882,auto_accept,low_unc_low_risk
ISIC_0025913,nv,nv,5.419625e-06,7.526887e-09,auto_accept,low_unc_low_risk
ISIC_0025340,nv,nv,0.000109027475,0.00023528136,auto_accept,low_unc_low_risk
ISIC_0024858,nv,nv,6.763435e-08,1.2298902e-06,auto_accept,low_unc_low_risk
ISIC_0031622,nv,nv,0.00024636998,0.00076277385,auto_accept,low_unc_low_risk
ISIC_0034013,nv,nv,2.3364117e-05,0.000762271,auto_accept,low_unc_low_risk
ISIC_0027885,nv,nv,7.652797e-09,2.2782788e-10,auto_accept,low_unc_low_risk
ISIC_0026873,nv,nv,5.6891325e-10,2.2335675e-08,auto_accept,low_unc_low_risk
ISIC_0031047,nv,nv,4.343999e-09,3.196827e-08,auto_accept,low_unc_low_risk
ISIC_0027348,nv,nv,0.00093264395,0.0020329026,auto_accept,low_unc_low_risk
ISIC_0031566,nv,nv,4.3561604e-06,2.3622157e-07,auto_accept,low_unc_low_risk
ISIC_0028936,nv,nv,9.603007e-09,3.557497e-07,auto_accept,low_unc_low_risk
ISIC_0031949,nv,nv,7.910537e-09,4.6625874e-07,auto_accept,low_unc_low_risk
ISIC_0031669,nv,nv,0.0006087489,0.0059921304,auto_accept,low_unc_low_risk
ISIC_0026819,nv,nv,1.7245626e-05,2.012358e-06,auto_accept,low_unc_low_risk
ISIC_0025481,nv,nv,2.7279664e-06,2.2842698e-06,auto_accept,low_unc_low_risk
ISIC_0033210,nv,nv,0.0040626978,0.0003053041,auto_accept,low_unc_low_risk
ISIC_0031589,nv,nv,3.8209755e-08,8.147001e-07,auto_accept,low_unc_low_risk
ISIC_0026824,nv,nv,3.9188194e-08,7.425785e-09,auto_accept,low_unc_low_risk
ISIC_0031549,nv,nv,2.137757e-06,8.8938705e-06,auto_accept,low_unc_low_risk
ISIC_0033370,nv,nv,0.0010347941,0.01444245,auto_accept,low_unc_low_risk
ISIC_0030815,nv,nv,3.388134e-10,1.7799792e-10,auto_accept,low_unc_low_risk
ISIC_0025636,nv,nv,3.3797255e-07,1.0435511e-07,auto_accept,low_unc_low_risk
ISIC_0025218,nv,nv,0.000942031,3.944567e-07,auto_accept,low_unc_low_risk
ISIC_0033298,nv,nv,0.0075050294,0.0006122786,auto_accept,low_unc_low_risk
ISIC_0031581,nv,nv,1.1084001e-09,1.043905e-08,auto_accept,low_unc_low_risk
ISIC_0031984,nv,nv,2.9205332e-06,1.166004e-05,auto_accept,low_unc_low_risk
ISIC_0032144,nv,nv,0.0072170743,0.1288595,auto_accept,low_unc_low_risk
ISIC_0028634,nv,nv,1.1931939e-09,2.3701234e-06,auto_accept,low_unc_low_risk
ISIC_0028366,nv,nv,2.2749513e-09,7.238593e-07,auto_accept,low_unc_low_risk
ISIC_0026402,nv,nv,0.0025204152,0.007413625,auto_accept,low_unc_low_risk
ISIC_0032379,nv,nv,0.0017868981,0.0029472036,auto_accept,low_unc_low_risk
ISIC_0027370,bkl,bkl,8.278754e-07,1.5405752e-07,auto_accept,low_unc_low_risk
ISIC_0027205,nv,nv,6.0134127e-05,0.000103449165,auto_accept,low_unc_low_risk
ISIC_0030669,nv,nv,3.9791323e-10,7.2260065e-10,auto_accept,low_unc_low_risk
ISIC_0026366,nv,nv,0.0016125409,5.5863993e-06,auto_accept,low_unc_low_risk
ISIC_0028506,nv,nv,7.968426e-08,4.060073e-08,auto_accept,low_unc_low_risk
ISIC_0030190,nv,nv,6.100176e-07,1.2359362e-06,auto_accept,low_unc_low_risk
ISIC_0028058,nv,nv,6.4959885e-08,4.5830966e-08,auto_accept,low_unc_low_risk
ISIC_0025003,nv,nv,8.990561e-07,1.986968e-06,auto_accept,low_unc_low_risk
ISIC_0030214,nv,nv,7.733024e-09,2.004199e-06,auto_accept,low_unc_low_risk
ISIC_0026791,nv,nv,2.4308854e-05,7.2934813e-07,auto_accept,low_unc_low_risk
ISIC_0032009,nv,nv,0.014516948,0.0011557973,escalate,high_unc_low_risk
ISIC_0029666,nv,nv,0.00070461404,3.155597e-05,auto_accept,low_unc_low_risk
ISIC_0024820,nv,nv,5.808289e-07,4.8511492e-06,auto_accept,low_unc_low_risk
ISIC_0030548,nv,nv,7.1234977e-06,2.4390002e-07,auto_accept,low_unc_low_risk
ISIC_0027747,bkl,nv,0.002775071,6.8537947e-06,auto_accept,low_unc_low_risk
ISIC_0031616,nv,nv,4.3116023e-07,3.224983e-10,auto_accept,low_unc_low_risk
ISIC_0029485,nv,nv,4.3301926e-09,4.0158582e-07,auto_accept,low_unc_low_risk
ISIC_0026461,nv,nv,1.5480933e-05,5.876058e-06,auto_accept,low_unc_low_risk
ISIC_0026737,bkl,bkl,0.0030401817,0.034595963,auto_accept,low_unc_low_risk
ISIC_0029456,nv,nv,7.25519e-07,0.00010315454,auto_accept,low_unc_low_risk
ISIC_0032603,mel,nv,0.00738453,0.065115005,auto_accept,low_unc_low_risk
ISIC_0031780,nv,nv,4.6907307e-06,2.8815696e-06,auto_accept,low_unc_low_risk
ISIC_0028554,nv,nv,0.00027971156,0.0001110361,auto_accept,low_unc_low_risk
ISIC_0028585,nv,nv,0.0004119824,0.00011869829,auto_accept,low_unc_low_risk
ISIC_0030148,nv,nv,6.804097e-09,1.0181876e-08,auto_accept,low_unc_low_risk
ISIC_0034031,bkl,bkl,0.011039705,0.032501698,auto_accept,low_unc_low_risk
ISIC_0029468,nv,nv,1.4635527e-11,6.6393657e-12,auto_accept,low_unc_low_risk
ISIC_0031101,nv,nv,2.2968718e-08,8.461884e-07,auto_accept,low_unc_low_risk
ISIC_0024542,nv,nv,1.5910668e-05,7.728145e-05,auto_accept,low_unc_low_risk
ISIC_0027658,nv,nv,6.924486e-05,7.9507096e-05,auto_accept,low_unc_low_risk
ISIC_0025643,nv,nv,2.0862199e-05,0.0007231509,auto_accept,low_unc_low_risk
ISIC_0034000,mel,mel,0.0092462385,0.84980226,auto_accept,low_unc_low_risk
ISIC_0027243,nv,nv,1.5823045e-05,0.0014973042,auto_accept,low_unc_low_risk
ISIC_0027300,mel,mel,1.5449528e-08,0.99983835,auto_accept,low_unc_low_risk
ISIC_0031167,nv,nv,1.65229e-08,3.137723e-07,auto_accept,low_unc_low_risk
ISIC_0027426,nv,nv,1.3205784e-10,4.3268264e-11,auto_accept,low_unc_low_risk
ISIC_0025480,nv,nv,1.0029395e-06,0.00020052026,auto_accept,low_unc_low_risk
ISIC_0030359,nv,nv,6.927051e-11,1.8651604e-10,auto_accept,low_unc_low_risk
ISIC_0027247,nv,nv,3.2176465e-07,1.4634443e-07,auto_accept,low_unc_low_risk
ISIC_0033581,bkl,bkl,1.4790115e-05,2.6517286e-05,auto_accept,low_unc_low_risk
ISIC_0031503,nv,nv,5.6902655e-07,9.229508e-09,auto_accept,low_unc_low_risk
ISIC_0031571,nv,nv,6.6266107e-06,5.074963e-05,auto_accept,low_unc_low_risk
ISIC_0026151,nv,nv,0.0015481698,0.0011196625,auto_accept,low_unc_low_risk
ISIC_0026040,akiec,bkl,0.005394814,0.03243039,auto_accept,low_unc_low_risk
ISIC_0029242,mel,mel,3.3423378e-06,0.9987224,auto_accept,low_unc_low_risk
ISIC_0032578,nv,nv,1.2064076e-07,3.1231173e-06,auto_accept,low_unc_low_risk
ISIC_0029880,bkl,bkl,4.9144946e-06,0.00017943267,auto_accept,low_unc_low_risk
ISIC_0031230,nv,nv,3.727147e-06,2.2841434e-05,auto_accept,low_unc_low_risk
ISIC_0030494,nv,nv,2.0866287e-07,5.3505107e-09,auto_accept,low_unc_low_risk
ISIC_0028695,nv,nv,2.5889736e-07,7.0536826e-06,auto_accept,low_unc_low_risk
ISIC_0034149,nv,nv,7.260313e-06,0.00035736288,auto_accept,low_unc_low_risk
ISIC_0029364,nv,nv,4.779223e-08,2.0218133e-05,auto_accept,low_unc_low_risk
ISIC_0030622,nv,nv,8.303442e-08,2.6808057e-06,auto_accept,low_unc_low_risk
ISIC_0031919,nv,bkl,0.0012982789,0.00052549224,auto_accept,low_unc_low_risk
ISIC_0027134,nv,nv,1.8636431e-08,1.3822222e-07,auto_accept,low_unc_low_risk
ISIC_0027053,bkl,bkl,0.00036149728,0.009753663,auto_accept,low_unc_low_risk
ISIC_0024373,nv,nv,4.047968e-05,1.9357717e-06,auto_accept,low_unc_low_risk
ISIC_0024492,nv,nv,2.1497176e-06,2.3034523e-05,auto_accept,low_unc_low_risk
ISIC_0031995,nv,nv,1.9738701e-08,3.13996e-09,auto_accept,low_unc_low_risk
ISIC_0032998,nv,nv,0.0129262125,0.09632639,escalate,low_unc_low_risk
ISIC_0032127,nv,nv,0.0028664905,0.0002992204,auto_accept,low_unc_low_risk
ISIC_0028972,bkl,bkl,0.00019037661,0.0096001,auto_accept,low_unc_low_risk
ISIC_0033597,nv,nv,6.2841704e-05,0.0023516284,auto_accept,low_unc_low_risk
ISIC_0032068,nv,nv,1.3263099e-07,4.1525386e-06,auto_accept,low_unc_low_risk
ISIC_0028962,nv,nv,1.8832276e-09,9.668945e-11,auto_accept,low_unc_low_risk
ISIC_0025070,nv,nv,0.00063824543,3.3950076e-10,auto_accept,low_unc_low_risk
ISIC_0030425,nv,mel,0.013050436,0.92277634,escalate,low_unc_low_risk
ISIC_0027359,mel,mel,0.00037389624,0.9843156,auto_accept,low_unc_low_risk
ISIC_0026190,nv,nv,0.0014177735,0.02688991,auto_accept,low_unc_low_risk
ISIC_0033710,mel,mel,0.00011864769,0.99852556,auto_accept,low_unc_low_risk
ISIC_0027298,nv,mel,0.020892194,0.71008337,escalate,high_unc_low_risk
ISIC_0027031,nv,nv,0.013667316,0.0048010303,escalate,low_unc_low_risk
ISIC_0031836,bcc,bcc,0.0073058642,0.9963426,auto_accept,low_unc_low_risk
ISIC_0032532,mel,mel,7.5109356e-06,0.9998753,auto_accept,low_unc_low_risk
ISIC_0031853,bkl,bkl,9.545746e-06,0.00051853375,auto_accept,low_unc_low_risk
ISIC_0028942,nv,nv,7.336008e-07,4.1088808e-07,auto_accept,low_unc_low_risk
ISIC_0026532,bkl,bkl,3.2542368e-05,0.0012674881,auto_accept,low_unc_low_risk
ISIC_0032347,nv,nv,1.0726984e-06,0.00017108685,auto_accept,low_unc_low_risk
ISIC_0026850,nv,nv,9.1137785e-08,5.523937e-07,auto_accept,low_unc_low_risk
ISIC_0034138,nv,nv,3.7154387e-06,1.9747116e-05,auto_accept,low_unc_low_risk
ISIC_0029058,nv,nv,4.2176e-08,5.2292313e-07,auto_accept,low_unc_low_risk
ISIC_0032392,nv,nv,1.2515828e-08,2.9145578e-10,auto_accept,low_unc_low_risk
ISIC_0031285,nv,nv,0.010428138,0.050948612,auto_accept,low_unc_low_risk
ISIC_0026908,nv,nv,1.751895e-07,1.171611e-05,auto_accept,low_unc_low_risk
ISIC_0024483,nv,nv,5.4993354e-10,1.3511356e-11,auto_accept,low_unc_low_risk
ISIC_0030566,nv,nv,1.0070592e-06,6.0830913e-05,auto_accept,low_unc_low_risk
ISIC_0032262,nv,nv,3.0386204e-07,2.560095e-07,auto_accept,low_unc_low_risk
ISIC_0031461,nv,nv,0.00016950101,0.0007958797,auto_accept,low_unc_low_risk
ISIC_0032162,nv,nv,1.8071099e-06,0.0002197404,auto_accept,low_unc_low_risk
ISIC_0032805,nv,nv,6.6657296e-05,5.6556262e-05,auto_accept,low_unc_low_risk
ISIC_0033531,bkl,bkl,2.0105974e-06,0.0012532042,auto_accept,low_unc_low_risk
ISIC_0029741,bkl,bkl,0.00043723188,0.002016832,auto_accept,low_unc_low_risk
ISIC_0033681,nv,nv,1.8057854e-05,1.29879645e-05,auto_accept,low_unc_low_risk
ISIC_0033396,nv,nv,0.0041121203,0.10213405,auto_accept,low_unc_low_risk
ISIC_0030333,mel,mel,1.6695328e-07,0.9994635,auto_accept,low_unc_low_risk
ISIC_0027929,nv,nv,2.2528325e-10,4.8588795e-09,auto_accept,low_unc_low_risk
ISIC_0031987,bkl,bkl,0.0042228387,0.020420214,auto_accept,low_unc_low_risk
ISIC_0026460,nv,nv,0.004254576,9.110301e-05,auto_accept,low_unc_low_risk
ISIC_0031486,nv,nv,7.976206e-09,1.5108512e-06,auto_accept,low_unc_low_risk
ISIC_0030900,nv,nv,6.3870216e-06,0.0017426402,auto_accept,low_unc_low_risk
ISIC_0034125,bkl,bkl,0.004080296,0.008173263,auto_accept,low_unc_low_risk
ISIC_0025462,nv,nv,5.1170353e-08,8.709585e-09,auto_accept,low_unc_low_risk
ISIC_0029635,nv,nv,3.6808185e-08,6.2097814e-07,auto_accept,low_unc_low_risk
ISIC_0029714,nv,nv,3.525096e-09,7.239889e-09,auto_accept,low_unc_low_risk
ISIC_0028470,nv,nv,7.92087e-09,7.2314283e-06,auto_accept,low_unc_low_risk
ISIC_0030814,nv,nv,2.486781e-07,8.5403616e-07,auto_accept,low_unc_low_risk
ISIC_0027602,nv,nv,2.177063e-08,2.8695208e-09,auto_accept,low_unc_low_risk
ISIC_0028204,nv,nv,2.448785e-10,3.8024672e-10,auto_accept,low_unc_low_risk
ISIC_0033431,mel,mel,0.00898425,0.60069025,auto_accept,low_unc_low_risk
ISIC_0030718,nv,nv,6.6868666e-09,2.0756412e-08,auto_accept,low_unc_low_risk
ISIC_0025482,nv,nv,4.7381454e-10,3.7863446e-09,auto_accept,low_unc_low_risk
ISIC_0031612,nv,nv,0.011272775,0.0104331905,auto_accept,low_unc_low_risk
ISIC_0028815,bcc,bcc,4.240999e-06,0.9995552,auto_accept,low_unc_low_risk
ISIC_0032484,nv,nv,1.81981e-07,1.2951349e-06,auto_accept,low_unc_low_risk
ISIC_0030016,nv,nv,2.4297208e-08,4.9362177e-07,auto_accept,low_unc_low_risk
ISIC_0033091,nv,nv,0.0001393863,0.0009263332,auto_accept,low_unc_low_risk
ISIC_0033268,mel,mel,0.009279859,0.93959516,auto_accept,low_unc_low_risk
ISIC_0028810,nv,mel,0.004991677,0.8804242,auto_accept,low_unc_low_risk
ISIC_0025864,nv,nv,2.2890738e-06,0.0002997732,auto_accept,low_unc_low_risk
ISIC_0024581,bkl,bkl,0.008153221,0.5047307,auto_accept,low_unc_low_risk
ISIC_0031385,nv,nv,0.007975947,0.07792672,auto_accept,low_unc_low_risk
ISIC_0026857,akiec,akiec,0.00028461643,0.99731606,auto_accept,low_unc_low_risk
ISIC_0031438,nv,nv,4.0193373e-07,3.491279e-06,auto_accept,low_unc_low_risk
ISIC_0033339,nv,nv,0.0009221998,0.0013424002,auto_accept,low_unc_low_risk
ISIC_0031910,nv,nv,5.905495e-10,3.0862805e-11,auto_accept,low_unc_low_risk
ISIC_0028748,nv,nv,1.6247279e-07,1.7734752e-07,auto_accept,low_unc_low_risk
ISIC_0027867,nv,nv,0.0029746292,0.00028553916,auto_accept,low_unc_low_risk
ISIC_0024349,nv,nv,1.1562736e-05,0.0004777357,auto_accept,low_unc_low_risk
ISIC_0028191,nv,nv,1.7735414e-05,0.00041223143,auto_accept,low_unc_low_risk
ISIC_0033171,mel,mel,0.0134067265,0.92922515,escalate,low_unc_low_risk
ISIC_0028425,nv,nv,4.2538654e-06,1.6720918e-07,auto_accept,low_unc_low_risk
ISIC_0032108,nv,nv,2.1654047e-08,1.927515e-06,auto_accept,low_unc_low_risk
ISIC_0034192,nv,nv,0.00011442682,0.00012490395,auto_accept,low_unc_low_risk
ISIC_0028387,nv,nv,2.6885718e-06,0.00013941257,auto_accept,low_unc_low_risk
ISIC_0025026,nv,nv,2.0875183e-05,0.00024395259,auto_accept,low_unc_low_risk
ISIC_0026394,nv,nv,2.3071246e-08,3.6111227e-09,auto_accept,low_unc_low_risk
ISIC_0025690,nv,nv,2.109935e-06,0.00032131156,auto_accept,low_unc_low_risk
ISIC_0033345,nv,nv,0.003300795,0.002883962,auto_accept,low_unc_low_risk
ISIC_0033633,nv,mel,0.010555239,0.97821414,auto_accept,low_unc_low_risk
ISIC_0026862,nv,nv,4.8634564e-07,8.440546e-06,auto_accept,low_unc_low_risk
ISIC_0033448,nv,nv,3.0514715e-07,4.8412635e-06,auto_accept,low_unc_low_risk
ISIC_0027452,akiec,bkl,0.009934431,0.12687594,auto_accept,low_unc_low_risk
ISIC_0031479,mel,mel,2.3569011e-05,0.99215204,auto_accept,low_unc_low_risk
ISIC_0030074,nv,nv,1.6036559e-07,8.835048e-07,auto_accept,low_unc_low_risk
ISIC_0025164,nv,nv,5.5751116e-07,1.8891145e-06,auto_accept,low_unc_low_risk
ISIC_0030113,nv,nv,1.1359314e-07,3.0637975e-06,auto_accept,low_unc_low_risk
ISIC_0028184,nv,nv,1.0039504e-08,3.5380986e-12,auto_accept,low_unc_low_risk
ISIC_0030472,nv,nv,2.6509139e-11,6.224171e-10,auto_accept,low_unc_low_risk
ISIC_0030291,nv,nv,6.425458e-07,4.6155937e-10,auto_accept,low_unc_low_risk
ISIC_0027728,nv,nv,1.8092072e-06,0.00012993069,auto_accept,low_unc_low_risk
ISIC_0027128,nv,nv,1.2637184e-06,1.144085e-08,auto_accept,low_unc_low_risk
ISIC_0026380,nv,nv,9.7122886e-08,3.391588e-07,auto_accept,low_unc_low_risk
ISIC_0031249,nv,nv,0.006504557,0.12081263,auto_accept,low_unc_low_risk
ISIC_0025083,bkl,bkl,0.0030334264,0.038289893,auto_accept,low_unc_low_risk
ISIC_0026538,bkl,bkl,0.0003722929,0.0024656751,auto_accept,low_unc_low_risk
ISIC_0028142,nv,nv,1.9716774e-06,2.084219e-07,auto_accept,low_unc_low_risk
ISIC_0024728,nv,nv,5.6568206e-10,3.1835483e-09,auto_accept,low_unc_low_risk
ISIC_0025772,nv,nv,1.1424938e-06,1.0121367e-05,auto_accept,low_unc_low_risk
ISIC_0026588,nv,nv,0.0020878748,0.01126738,auto_accept,low_unc_low_risk
ISIC_0031564,nv,nv,0.009912297,0.00013475586,auto_accept,low_unc_low_risk
ISIC_0028131,nv,mel,0.0073232315,0.9354233,auto_accept,low_unc_low_risk
ISIC_0030248,nv,nv,3.3849088e-09,3.9074254e-07,auto_accept,low_unc_low_risk
ISIC_0029888,nv,nv,8.780479e-08,5.085969e-08,auto_accept,low_unc_low_risk
ISIC_0024996,nv,nv,0.005188284,0.0008869087,auto_accept,low_unc_low_risk
ISIC_0031165,nv,nv,0.00035144374,3.7176478e-06,auto_accept,low_unc_low_risk
ISIC_0034116,nv,nv,3.091925e-07,0.00011252698,auto_accept,low_unc_low_risk
ISIC_0030233,bcc,mel,0.021275407,0.805242,escalate,high_unc_low_risk
ISIC_0032190,mel,mel,0.004992325,0.99047637,auto_accept,low_unc_low_risk
ISIC_0026811,mel,mel,0.0008829815,0.9826417,auto_accept,low_unc_low_risk
ISIC_0025338,nv,nv,1.0007743e-05,7.1979576e-07,auto_accept,low_unc_low_risk
ISIC_0031455,nv,nv,0.0026075144,2.6746751e-05,auto_accept,low_unc_low_risk
ISIC_0031445,nv,nv,1.2451537e-06,0.00018665293,auto_accept,low_unc_low_risk
ISIC_0029483,nv,nv,1.201722e-08,1.0884982e-07,auto_accept,low_unc_low_risk
ISIC_0034293,nv,nv,0.00025722763,0.00044913453,auto_accept,low_unc_low_risk
ISIC_0031533,nv,nv,1.4156856e-06,0.00026513348,auto_accept,low_unc_low_risk
ISIC_0027523,nv,nv,5.624015e-05,0.00020554964,auto_accept,low_unc_low_risk
ISIC_0031114,nv,nv,7.060321e-05,4.9540376e-05,auto_accept,low_unc_low_risk
ISIC_0029284,nv,nv,4.6658993e-10,5.036771e-09,auto_accept,low_unc_low_risk
ISIC_0033771,nv,nv,0.007181834,0.005763087,auto_accept,low_unc_low_risk
ISIC_0027067,mel,mel,0.016891044,0.9622032,escalate,high_unc_low_risk
ISIC_0026195,nv,nv,1.4250397e-06,7.983074e-08,auto_accept,low_unc_low_risk
ISIC_0029502,mel,nv,0.009631722,0.00352341,auto_accept,low_unc_low_risk
ISIC_0026917,nv,nv,2.4047668e-07,8.978005e-09,auto_accept,low_unc_low_risk
ISIC_0027472,nv,nv,0.00068319496,4.3972975e-07,auto_accept,low_unc_low_risk
ISIC_0032748,nv,nv,1.5988424e-11,8.272112e-12,auto_accept,low_unc_low_risk
ISIC_0031190,nv,nv,3.7008164e-07,2.7455021e-06,auto_accept,low_unc_low_risk
ISIC_0033957,mel,mel,7.220685e-06,0.9981858,auto_accept,low_unc_low_risk
ISIC_0027985,nv,nv,9.201042e-08,4.502742e-11,auto_accept,low_unc_low_risk
ISIC_0030215,nv,nv,2.016775e-09,3.0340473e-07,auto_accept,low_unc_low_risk
ISIC_0025635,nv,nv,8.998774e-11,1.05104044e-10,auto_accept,low_unc_low_risk
ISIC_0027336,nv,nv,4.6990842e-09,8.9729554e-07,auto_accept,low_unc_low_risk
ISIC_0033329,nv,nv,0.0005017092,0.00012569898,auto_accept,low_unc_low_risk
ISIC_0028690,nv,nv,1.1293389e-05,2.8509048e-05,auto_accept,low_unc_low_risk
ISIC_0033883,mel,bkl,0.020626554,0.10956395,escalate,high_unc_low_risk
ISIC_0033629,bkl,bkl,0.00011401874,5.200312e-05,auto_accept,low_unc_low_risk
ISIC_0029447,nv,nv,3.7366825e-09,4.265056e-10,auto_accept,low_unc_low_risk
ISIC_0032346,nv,nv,8.013127e-09,2.6540716e-08,auto_accept,low_unc_low_risk
ISIC_0033246,bkl,bkl,0.0029402655,0.01587108,auto_accept,low_unc_low_risk
ISIC_0031209,nv,nv,0.00095748215,9.958799e-06,auto_accept,low_unc_low_risk
ISIC_0034235,bkl,bkl,0.004161004,0.021725463,auto_accept,low_unc_low_risk
ISIC_0032443,nv,nv,0.00011049892,1.2283512e-06,auto_accept,low_unc_low_risk
ISIC_0030860,nv,nv,5.715382e-07,5.4616855e-08,auto_accept,low_unc_low_risk
ISIC_0031406,mel,nv,0.0037862922,0.12366305,auto_accept,low_unc_low_risk
ISIC_0030812,bkl,bcc,0.00786142,0.98965997,auto_accept,low_unc_low_risk
ISIC_0029097,nv,nv,6.24298e-08,3.359856e-06,auto_accept,low_unc_low_risk
ISIC_0029428,nv,nv,5.2016325e-09,3.809627e-09,auto_accept,low_unc_low_risk
ISIC_0029261,nv,nv,2.6982812e-06,5.031233e-06,auto_accept,low_unc_low_risk
ISIC_0030734,nv,nv,6.1958413e-06,1.0375212e-08,auto_accept,low_unc_low_risk
ISIC_0029310,nv,nv,2.7268674e-05,2.1515657e-06,auto_accept,low_unc_low_risk
ISIC_0033261,mel,mel,0.0013742546,0.98902225,auto_accept,low_unc_low_risk
ISIC_0024804,nv,nv,4.559086e-07,4.526489e-08,auto_accept,low_unc_low_risk
ISIC_0029276,nv,nv,0.00011514843,1.3463984e-06,auto_accept,low_unc_low_risk
ISIC_0025646,nv,nv,2.9550532e-07,1.44641605e-08,auto_accept,low_unc_low_risk
ISIC_0027321,nv,nv,3.902687e-07,4.788089e-07,auto_accept,low_unc_low_risk
ISIC_0034085,mel,mel,0.0038749396,0.9076196,auto_accept,low_unc_low_risk
ISIC_0025492,nv,nv,0.015458182,0.1374739,escalate,high_unc_low_risk
ISIC_0029949,nv,nv,3.5894762e-05,6.7899796e-06,auto_accept,low_unc_low_risk
ISIC_0024687,nv,nv,7.693746e-07,4.8312827e-06,auto_accept,low_unc_low_risk
ISIC_0024613,nv,nv,2.1581702e-07,1.2115387e-06,auto_accept,low_unc_low_risk
ISIC_0029036,bkl,bkl,1.0557393e-06,0.0019050192,auto_accept,low_unc_low_risk
ISIC_0027415,nv,nv,9.920426e-06,0.00021487399,auto_accept,low_unc_low_risk
ISIC_0025567,bkl,bkl,1.0346592e-06,4.0050822e-06,auto_accept,low_unc_low_risk
ISIC_0031930,nv,nv,0.001580882,0.00089592463,auto_accept,low_unc_low_risk
ISIC_0024551,nv,nv,2.5385727e-09,2.0968547e-07,auto_accept,low_unc_low_risk
ISIC_0024320,nv,nv,3.850144e-07,3.7240206e-08,auto_accept,low_unc_low_risk
ISIC_0031176,nv,nv,1.7257602e-08,3.827108e-08,auto_accept,low_unc_low_risk
ISIC_0034305,nv,nv,0.008953407,0.06661445,auto_accept,low_unc_low_risk
ISIC_0028858,bcc,bcc,0.009689354,0.92368865,auto_accept,low_unc_low_risk
ISIC_0031126,nv,nv,0.0049986173,0.07047626,auto_accept,low_unc_low_risk
ISIC_0027260,mel,mel,4.000659e-05,0.99726105,auto_accept,low_unc_low_risk
ISIC_0024909,bkl,bkl,0.0014140016,0.102479786,auto_accept,low_unc_low_risk
ISIC_0033732,bkl,bkl,0.00031570919,4.447398e-06,auto_accept,low_unc_low_risk
ISIC_0032535,mel,mel,2.1378472e-05,0.9999614,escalate,low_unc_high_risk
ISIC_0029429,nv,nv,4.5146735e-06,3.181206e-06,auto_accept,low_unc_low_risk
ISIC_0033814,mel,bkl,0.03414215,0.0027573942,escalate,high_unc_low_risk
ISIC_0027603,nv,nv,7.0575574e-05,0.00011212798,auto_accept,low_unc_low_risk
ISIC_0029894,nv,mel,0.005841833,0.8952312,auto_accept,low_unc_low_risk
ISIC_0026926,nv,nv,3.5496e-09,8.0165944e-07,auto_accept,low_unc_low_risk
ISIC_0032275,nv,nv,3.5547746e-08,8.71022e-08,auto_accept,low_unc_low_risk
ISIC_0028105,nv,nv,8.307684e-05,3.9365277e-06,auto_accept,low_unc_low_risk
ISIC_0028781,nv,nv,1.3561156e-08,1.0856514e-07,auto_accept,low_unc_low_risk
ISIC_0032801,nv,nv,8.958424e-09,2.4000744e-07,auto_accept,low_unc_low_risk
ISIC_0032591,nv,nv,0.0021808653,0.046471618,auto_accept,low_unc_low_risk
ISIC_0030413,nv,nv,2.7262604e-07,1.1958531e-07,auto_accept,low_unc_low_risk
ISIC_0030790,nv,nv,0.011812737,0.043621916,auto_accept,low_unc_low_risk
ISIC_0031734,nv,nv,7.0351575e-10,3.3408079e-12,auto_accept,low_unc_low_risk
ISIC_0026989,mel,nv,5.28259e-07,2.3356865e-09,auto_accept,low_unc_low_risk
ISIC_0029305,nv,nv,7.5209384e-05,6.947876e-07,auto_accept,low_unc_low_risk
ISIC_0026805,nv,nv,0.0067501897,0.032025382,auto_accept,low_unc_low_risk
ISIC_0030935,bkl,bkl,0.00401025,0.07677465,auto_accept,low_unc_low_risk
ISIC_0031972,mel,mel,0.0055932566,0.98368025,auto_accept,low_unc_low_risk
ISIC_0029477,nv,nv,0.00092869,0.00012265224,auto_accept,low_unc_low_risk
ISIC_0028813,nv,nv,5.4373146e-07,7.085124e-05,auto_accept,low_unc_low_risk
ISIC_0024469,nv,nv,6.690282e-08,1.3777844e-07,auto_accept,low_unc_low_risk
ISIC_0027553,nv,nv,4.1870673e-05,4.040972e-05,auto_accept,low_unc_low_risk
ISIC_0026443,bkl,bkl,0.0011700242,0.010698612,auto_accept,low_unc_low_risk
ISIC_0033739,nv,nv,0.0019207381,0.0026592072,auto_accept,low_unc_low_risk
ISIC_0028097,nv,nv,2.2440512e-05,4.720155e-05,auto_accept,low_unc_low_risk
ISIC_0029603,bkl,bkl,0.019160008,0.17769748,escalate,high_unc_low_risk
ISIC_0025384,nv,nv,1.4230856e-06,4.5321795e-09,auto_accept,low_unc_low_risk
ISIC_0026736,nv,nv,2.3089974e-07,6.242535e-05,auto_accept,low_unc_low_risk
ISIC_0024547,bkl,mel,0.031537686,0.8243016,escalate,high_unc_low_risk
ISIC_0032820,nv,nv,0.0016893077,0.001068318,auto_accept,low_unc_low_risk
ISIC_0029312,nv,nv,1.3896403e-06,9.772577e-09,auto_accept,low_unc_low_risk
ISIC_0033341,nv,nv,8.483082e-05,0.00086815713,auto_accept,low_unc_low_risk
ISIC_0032867,vasc,vasc,0.0001165921,0.00010368164,auto_accept,low_unc_low_risk
ISIC_0026267,nv,nv,0.014106114,4.3178984e-06,escalate,high_unc_low_risk
ISIC_0026840,nv,nv,9.2490626e-07,9.708745e-08,auto_accept,low_unc_low_risk
ISIC_0027157,nv,nv,3.5010699e-09,3.6970846e-08,auto_accept,low_unc_low_risk
ISIC_0027933,nv,nv,2.3173521e-05,0.0010911293,auto_accept,low_unc_low_risk
ISIC_0033829,bkl,mel,0.013020029,0.9918887,escalate,low_unc_low_risk
ISIC_0032381,nv,nv,2.0139162e-06,5.264586e-06,auto_accept,low_unc_low_risk
ISIC_0026087,nv,nv,6.666311e-07,4.9922983e-06,auto_accept,low_unc_low_risk
ISIC_0027914,nv,nv,7.461892e-08,1.5744002e-08,auto_accept,low_unc_low_risk
ISIC_0029622,nv,nv,1.5616759e-10,4.570992e-10,auto_accept,low_unc_low_risk
ISIC_0033346,nv,bkl,0.019589413,0.0040109525,escalate,high_unc_low_risk
ISIC_0025848,nv,nv,3.0082455e-07,3.5126018e-08,auto_accept,low_unc_low_risk
ISIC_0033679,mel,mel,0.015551262,0.59683776,escalate,high_unc_low_risk
ISIC_0028391,nv,nv,8.027461e-08,8.059488e-05,auto_accept,low_unc_low_risk
ISIC_0030208,bkl,bkl,6.583518e-05,0.0096994955,auto_accept,low_unc_low_risk
ISIC_0026820,nv,nv,0.00023343872,3.5883022e-05,auto_accept,low_unc_low_risk
ISIC_0032562,nv,nv,0.0007127494,0.01501235,auto_accept,low_unc_low_risk
ISIC_0024998,nv,nv,0.0019247424,0.010905377,auto_accept,low_unc_low_risk
ISIC_0025126,nv,nv,2.5036206e-09,2.0394322e-11,auto_accept,low_unc_low_risk
ISIC_0029285,nv,nv,1.0023802e-07,1.485647e-09,auto_accept,low_unc_low_risk
ISIC_0025143,nv,nv,1.8152708e-05,1.1554819e-06,auto_accept,low_unc_low_risk
ISIC_0028480,nv,nv,0.0019020025,1.0944267e-06,auto_accept,low_unc_low_risk
ISIC_0031392,nv,nv,8.962987e-07,1.1044251e-05,auto_accept,low_unc_low_risk
ISIC_0027620,mel,nv,0.00019509504,0.00020552849,auto_accept,low_unc_low_risk
ISIC_0026377,nv,nv,4.77416e-07,2.2773464e-05,auto_accept,low_unc_low_risk
ISIC_0031076,nv,nv,0.0009278255,4.929302e-06,auto_accept,low_unc_low_risk
ISIC_0033221,nv,nv,0.00060634234,0.022482222,auto_accept,low_unc_low_risk
ISIC_0029593,nv,nv,0.0005155136,0.001916045,auto_accept,low_unc_low_risk
ISIC_0032056,nv,nv,0.00045897163,0.003252598,auto_accept,low_unc_low_risk
ISIC_0027137,nv,nv,0.003022626,0.03788531,auto_accept,low_unc_low_risk
ISIC_0024882,nv,nv,0.009125727,0.15738362,auto_accept,low_unc_low_risk
ISIC_0026555,nv,nv,0.0001724106,0.00014213257,auto_accept,low_unc_low_risk
ISIC_0029719,nv,nv,0.014765477,0.46460676,escalate,high_unc_low_risk
ISIC_0028036,nv,nv,0.010447259,1.8858655e-06,auto_accept,low_unc_low_risk
ISIC_0032091,nv,nv,5.4051298e-11,1.0608721e-08,auto_accept,low_unc_low_risk
ISIC_0031884,nv,nv,2.410124e-08,9.84688e-06,auto_accept,low_unc_low_risk
ISIC_0031045,nv,nv,0.0004939589,0.0029669025,auto_accept,low_unc_low_risk
ISIC_0031758,nv,nv,4.517612e-09,2.1625108e-09,auto_accept,low_unc_low_risk
ISIC_0028658,nv,nv,0.000836228,0.004694126,auto_accept,low_unc_low_risk
ISIC_0031208,mel,mel,0.00026650718,0.99430794,auto_accept,low_unc_low_risk
ISIC_0028402,nv,nv,6.293187e-10,3.0003358e-07,auto_accept,low_unc_low_risk
ISIC_0027968,nv,nv,2.9540377e-08,5.732757e-06,auto_accept,low_unc_low_risk
ISIC_0031661,nv,nv,9.5187424e-08,2.2023144e-07,auto_accept,low_unc_low_risk
ISIC_0027573,mel,mel,0.024907302,0.89918756,escalate,high_unc_low_risk
ISIC_0032149,mel,mel,6.939991e-05,0.9901772,auto_accept,low_unc_low_risk
ISIC_0027820,bkl,bkl,0.0076236906,0.038446702,auto_accept,low_unc_low_risk
ISIC_0028133,nv,nv,0.0035670453,7.467958e-08,auto_accept,low_unc_low_risk
ISIC_0028044,nv,nv,1.5419903e-06,9.885175e-12,auto_accept,low_unc_low_risk
ISIC_0026386,nv,nv,1.15393495e-05,3.9059294e-05,auto_accept,low_unc_low_risk
ISIC_0031718,mel,mel,3.5171524e-05,0.9978205,auto_accept,low_unc_low_risk
ISIC_0031936,nv,nv,3.3259734e-05,0.00070573913,auto_accept,low_unc_low_risk
ISIC_0025783,mel,nv,0.0045889793,0.14556403,auto_accept,low_unc_low_risk
ISIC_0030033,nv,nv,0.00030120005,0.001564841,auto_accept,low_unc_low_risk
ISIC_0028878,mel,bkl,0.0003871683,0.044924404,auto_accept,low_unc_low_risk
ISIC_0029620,nv,nv,1.3867901e-06,2.5361656e-05,auto_accept,low_unc_low_risk
ISIC_0029795,nv,nv,1.5133721e-05,2.6318257e-05,auto_accept,low_unc_low_risk
ISIC_0028396,nv,nv,1.8141591e-07,3.2289116e-09,auto_accept,low_unc_low_risk
ISIC_0024398,nv,nv,3.0693809e-10,7.194788e-10,auto_accept,low_unc_low_risk
ISIC_0028116,nv,nv,0.0038956564,0.075805515,auto_accept,low_unc_low_risk
ISIC_0028033,mel,mel,6.9306107e-06,0.998486,auto_accept,low_unc_low_risk
ISIC_0031185,nv,nv,2.9489708e-08,2.5764986e-09,auto_accept,low_unc_low_risk
ISIC_0026373,nv,nv,2.0946887e-08,1.3780572e-08,auto_accept,low_unc_low_risk
ISIC_0032123,bkl,bkl,5.262845e-06,6.421658e-05,auto_accept,low_unc_low_risk
ISIC_0026334,nv,nv,4.1806545e-09,2.0847416e-07,auto_accept,low_unc_low_risk
ISIC_0028762,nv,nv,3.723751e-05,0.000983715,auto_accept,low_unc_low_risk
ISIC_0024756,mel,mel,0.010165341,0.9128443,auto_accept,low_unc_low_risk
ISIC_0033444,mel,nv,0.00022775822,0.006427639,auto_accept,low_unc_low_risk
ISIC_0027955,nv,nv,9.2655e-09,1.4512929e-09,auto_accept,low_unc_low_risk
ISIC_0031465,bkl,bkl,0.00019266208,0.01904492,auto_accept,low_unc_low_risk
ISIC_0028482,nv,nv,0.00072237273,0.0039611445,auto_accept,low_unc_low_risk
ISIC_0028434,nv,nv,1.7148129e-06,1.419741e-07,auto_accept,low_unc_low_risk
ISIC_0026547,nv,nv,1.3087208e-09,2.9389355e-10,auto_accept,low_unc_low_risk
ISIC_0033541,nv,nv,2.7170713e-06,4.0855267e-07,auto_accept,low_unc_low_risk
ISIC_0030060,mel,mel,2.2485518e-05,0.9987047,auto_accept,low_unc_low_risk
ISIC_0027899,nv,nv,1.5246779e-07,8.6013485e-10,auto_accept,low_unc_low_risk
ISIC_0030584,nv,nv,1.7311754e-07,5.252963e-08,auto_accept,low_unc_low_risk
ISIC_0032643,bkl,bkl,0.00020547342,3.1837324e-05,auto_accept,low_unc_low_risk
ISIC_0025547,nv,nv,0.0016816333,6.562916e-05,auto_accept,low_unc_low_risk
ISIC_0032670,nv,nv,0.000110822446,0.0007660325,auto_accept,low_unc_low_risk
ISIC_0034092,mel,mel,0.0054764757,0.94067633,auto_accept,low_unc_low_risk
ISIC_0024366,nv,nv,2.6124889e-08,4.5264542e-07,auto_accept,low_unc_low_risk
ISIC_0031118,mel,mel,0.0012647959,0.98293024,auto_accept,low_unc_low_risk
ISIC_0031849,nv,nv,1.6696623e-10,1.5367357e-08,auto_accept,low_unc_low_risk
ISIC_0029159,nv,nv,6.342399e-08,1.4492061e-06,auto_accept,low_unc_low_risk
ISIC_0026105,mel,mel,0.00430188,0.9429027,auto_accept,low_unc_low_risk
ISIC_0030202,nv,nv,7.140196e-07,1.1958003e-05,auto_accept,low_unc_low_risk
ISIC_0026183,nv,nv,0.000118356074,0.005018121,auto_accept,low_unc_low_risk
ISIC_0029137,nv,nv,0.0018072523,0.030875225,auto_accept,low_unc_low_risk
ISIC_0028667,nv,nv,2.9483825e-11,1.1080348e-09,auto_accept,low_unc_low_risk
ISIC_0031433,nv,nv,3.6933516e-09,4.995104e-10,auto_accept,low_unc_low_risk
ISIC_0028130,nv,bkl,0.011101327,0.33023313,auto_accept,low_unc_low_risk
ISIC_0026230,bcc,mel,0.00077134656,0.98573446,auto_accept,low_unc_low_risk
ISIC_0032305,nv,nv,0.00059614365,0.0014285927,auto_accept,low_unc_low_risk
ISIC_0031923,nv,nv,2.7777554e-07,1.1066941e-06,auto_accept,low_unc_low_risk
ISIC_0033323,mel,mel,0.0063421377,0.96699697,auto_accept,low_unc_low_risk
ISIC_0028414,bkl,bkl,0.0032863137,0.07821743,auto_accept,low_unc_low_risk
ISIC_0029541,akiec,akiec,7.696126e-05,0.9991279,auto_accept,low_unc_low_risk
ISIC_0029304,nv,nv,3.1043288e-05,1.8295513e-07,auto_accept,low_unc_low_risk
ISIC_0030141,nv,nv,0.0008627914,0.0001261038,auto_accept,low_unc_low_risk
ISIC_0030682,nv,nv,1.2640587e-05,0.00010829722,auto_accept,low_unc_low_risk
ISIC_0031711,mel,mel,0.0042853034,0.9557724,auto_accept,low_unc_low_risk
ISIC_0032082,nv,mel,0.013672116,0.8169693,escalate,low_unc_low_risk
ISIC_0032572,nv,nv,0.00021524266,0.019130178,auto_accept,low_unc_low_risk
ISIC_0031073,nv,nv,4.5183942e-08,1.8594646e-08,auto_accept,low_unc_low_risk
ISIC_0026814,nv,nv,1.5630684e-08,5.2768845e-11,auto_accept,low_unc_low_risk
ISIC_0032115,nv,nv,1.5748336e-07,2.137911e-10,auto_accept,low_unc_low_risk
ISIC_0028886,nv,nv,2.7365143e-06,3.312432e-06,auto_accept,low_unc_low_risk
ISIC_0029403,nv,nv,1.3639982e-06,3.130859e-06,auto_accept,low_unc_low_risk
ISIC_0027623,nv,nv,2.8923381e-05,0.006681638,auto_accept,low_unc_low_risk
ISIC_0027207,nv,nv,0.0018787301,0.002802867,auto_accept,low_unc_low_risk
ISIC_0028054,nv,nv,1.9007603e-08,1.8631274e-09,auto_accept,low_unc_low_risk
ISIC_0030152,nv,nv,7.3164784e-07,8.42019e-06,auto_accept,low_unc_low_risk
ISIC_0033152,mel,nv,0.013526388,0.1168663,escalate,low_unc_low_risk
ISIC_0026563,nv,nv,4.1181873e-05,9.863563e-06,auto_accept,low_unc_low_risk
ISIC_0034038,nv,mel,0.018423924,0.38119355,escalate,high_unc_low_risk
ISIC_0025370,nv,nv,2.4079753e-05,0.001515186,auto_accept,low_unc_low_risk
ISIC_0024979,nv,nv,1.860209e-06,1.027166e-06,auto_accept,low_unc_low_risk
ISIC_0031550,mel,mel,0.006424292,0.7905486,auto_accept,low_unc_low_risk
ISIC_0031606,nv,nv,0.00013489017,0.002030192,auto_accept,low_unc_low_risk
ISIC_0030519,nv,nv,0.00041403715,4.394134e-06,auto_accept,low_unc_low_risk
ISIC_0034240,nv,nv,8.266225e-05,6.009749e-05,auto_accept,low_unc_low_risk
ISIC_0031136,nv,nv,4.4972483e-05,9.0410896e-07,auto_accept,low_unc_low_risk
ISIC_0028855,nv,nv,7.0388597e-09,2.7719628e-12,auto_accept,low_unc_low_risk
ISIC_0026317,nv,nv,1.0367475e-09,1.4575067e-09,auto_accept,low_unc_low_risk
ISIC_0026714,bkl,bkl,0.0013472353,0.000135166,auto_accept,low_unc_low_risk
ISIC_0024696,bkl,mel,0.002304437,0.9457448,auto_accept,low_unc_low_risk
ISIC_0030364,nv,nv,4.284465e-07,2.4368498e-07,auto_accept,low_unc_low_risk
ISIC_0029685,nv,nv,5.5157113e-07,0.000107838445,auto_accept,low_unc_low_risk
ISIC_0025692,nv,nv,5.009771e-06,1.7907952e-07,auto_accept,low_unc_low_risk
ISIC_0034180,mel,mel,0.00035212983,0.9931021,auto_accept,low_unc_low_risk
ISIC_0025904,mel,mel,2.2038506e-05,0.9966182,auto_accept,low_unc_low_risk
ISIC_0030388,nv,nv,1.35750104e-08,1.7572792e-07,auto_accept,low_unc_low_risk
ISIC_0031110,nv,nv,7.509309e-08,8.3379955e-06,auto_accept,low_unc_low_risk
ISIC_0026204,nv,nv,2.1806691e-10,1.3515944e-07,auto_accept,low_unc_low_risk
ISIC_0027746,nv,nv,0.00020230026,0.0010825038,auto_accept,low_unc_low_risk
ISIC_0024726,bkl,bkl,0.0013787599,0.006368056,auto_accept,low_unc_low_risk
ISIC_0033908,bkl,bkl,0.00017323565,0.003453612,auto_accept,low_unc_low_risk
ISIC_0032746,nv,nv,0.012432192,0.03514903,auto_accept,low_unc_low_risk
ISIC_0033836,nv,nv,0.00020535818,0.00022433078,auto_accept,low_unc_low_risk
ISIC_0034104,mel,mel,0.00080272194,0.99762815,auto_accept,low_unc_low_risk
ISIC_0029968,nv,nv,7.076918e-06,7.320464e-05,auto_accept,low_unc_low_risk
ISIC_0026139,bkl,bkl,0.0020682705,0.027795546,auto_accept,low_unc_low_risk
ISIC_0025038,bkl,bkl,0.0034253262,0.24188337,auto_accept,low_unc_low_risk
ISIC_0027764,nv,nv,8.302287e-05,0.00240662,auto_accept,low_unc_low_risk
ISIC_0028945,nv,nv,0.009325192,0.013068902,auto_accept,low_unc_low_risk
ISIC_0034130,nv,nv,8.84931e-06,0.00013837239,auto_accept,low_unc_low_risk
ISIC_0034248,nv,nv,0.004810627,0.013878926,auto_accept,low_unc_low_risk
ISIC_0027214,nv,nv,2.856399e-08,1.5591102e-10,auto_accept,low_unc_low_risk
ISIC_0028462,nv,nv,1.9757403e-08,4.6014095e-09,auto_accept,low_unc_low_risk
ISIC_0030274,nv,nv,1.0915056e-05,3.7338512e-05,auto_accept,low_unc_low_risk
ISIC_0031476,nv,nv,0.0011232616,0.014764764,auto_accept,low_unc_low_risk
ISIC_0031210,nv,nv,2.856387e-09,1.272973e-07,auto_accept,low_unc_low_risk
ISIC_0026092,vasc,vasc,2.658664e-05,0.0001776704,auto_accept,low_unc_low_risk
ISIC_0030572,nv,nv,2.0165876e-08,2.37864e-06,auto_accept,low_unc_low_risk
ISIC_0029770,bkl,mel,0.00042168636,0.99328,auto_accept,low_unc_low_risk
ISIC_0029446,nv,nv,7.538548e-06,9.4362764e-07,auto_accept,low_unc_low_risk
ISIC_0025941,mel,mel,0.005915525,0.9423709,auto_accept,low_unc_low_risk
ISIC_0029699,nv,nv,1.4180343e-06,1.1931018e-05,auto_accept,low_unc_low_risk
ISIC_0027438,nv,nv,8.5796995e-07,4.1947726e-05,auto_accept,low_unc_low_risk
ISIC_0029075,nv,nv,0.0028492024,0.078188516,auto_accept,low_unc_low_risk
ISIC_0030861,nv,nv,2.2566116e-09,1.14148506e-07,auto_accept,low_unc_low_risk
ISIC_0031275,nv,nv,1.9796553e-05,0.00011028259,auto_accept,low_unc_low_risk
ISIC_0030394,bkl,bkl,0.0028135036,0.00022258543,auto_accept,low_unc_low_risk
ISIC_0025558,nv,nv,1.6255852e-09,3.8706682e-09,auto_accept,low_unc_low_risk
ISIC_0031637,nv,nv,0.00015114038,3.156035e-08,auto_accept,low_unc_low_risk
ISIC_0027264,nv,nv,0.00070685806,0.0035386442,auto_accept,low_unc_low_risk
ISIC_0031221,nv,nv,0.010963544,0.21499754,auto_accept,low_unc_low_risk
ISIC_0029630,mel,mel,9.6531796e-05,0.99813336,auto_accept,low_unc_low_risk
ISIC_0029246,nv,nv,1.4229254e-09,1.4246264e-07,auto_accept,low_unc_low_risk
ISIC_0028177,nv,nv,1.1663486e-05,0.0007718458,auto_accept,low_unc_low_risk
ISIC_0033228,nv,nv,0.00024734103,0.012160619,auto_accept,low_unc_low_risk
ISIC_0032814,nv,nv,0.0001290204,4.437662e-06,auto_accept,low_unc_low_risk
ISIC_0026701,nv,nv,4.2254313e-05,1.0999997e-06,auto_accept,low_unc_low_risk
ISIC_0033780,df,df,1.0986728e-10,7.184156e-05,auto_accept,low_unc_low_risk
ISIC_0031970,nv,nv,0.01732863,0.0010567614,escalate,high_unc_low_risk
ISIC_0031975,nv,bkl,0.009779223,0.17963962,auto_accept,low_unc_low_risk
ISIC_0025470,bkl,bkl,2.3771734e-06,0.00089571887,auto_accept,low_unc_low_risk
ISIC_0027894,nv,nv,6.617648e-08,3.931605e-06,auto_accept,low_unc_low_risk
ISIC_0028369,nv,nv,1.1272925e-08,1.2472745e-07,auto_accept,low_unc_low_risk
ISIC_0028967,nv,nv,7.0846916e-08,1.2580358e-06,auto_accept,low_unc_low_risk
ISIC_0029168,nv,nv,6.306194e-07,1.3994207e-05,auto_accept,low_unc_low_risk
ISIC_0024957,nv,nv,4.229931e-09,1.6620868e-07,auto_accept,low_unc_low_risk
ISIC_0025685,nv,nv,3.1892298e-09,2.4703197e-09,auto_accept,low_unc_low_risk
ISIC_0029494,nv,nv,3.891551e-06,2.840487e-08,auto_accept,low_unc_low_risk
ISIC_0025364,nv,nv,1.0520047e-07,8.47306e-07,auto_accept,low_unc_low_risk
ISIC_0027199,nv,nv,6.6708594e-06,3.6572444e-06,auto_accept,low_unc_low_risk
ISIC_0029907,nv,nv,2.649936e-08,8.1812436e-07,auto_accept,low_unc_low_risk
ISIC_0024811,nv,nv,1.5504773e-11,1.5780468e-08,auto_accept,low_unc_low_risk
ISIC_0026342,nv,nv,3.2486705e-10,5.768829e-13,auto_accept,low_unc_low_risk
ISIC_0029737,nv,nv,1.04502014e-07,3.2729125e-07,auto_accept,low_unc_low_risk
ISIC_0024785,nv,nv,1.3288219e-07,4.5210504e-06,auto_accept,low_unc_low_risk
ISIC_0025418,nv,nv,1.02161495e-10,5.4870736e-10,auto_accept,low_unc_low_risk
ISIC_0031653,nv,nv,1.1487956e-07,8.370966e-06,auto_accept,low_unc_low_risk
ISIC_0033729,nv,nv,5.2598475e-06,1.3289295e-05,auto_accept,low_unc_low_risk
ISIC_0033902,mel,mel,0.007085647,0.86719644,auto_accept,low_unc_low_risk
ISIC_0034221,bkl,bkl,4.415164e-05,0.010015248,auto_accept,low_unc_low_risk
ISIC_0026882,nv,nv,6.18751e-05,0.0006511857,auto_accept,low_unc_low_risk
ISIC_0026294,nv,nv,3.9566098e-07,3.0053414e-08,auto_accept,low_unc_low_risk
ISIC_0025494,nv,nv,4.9735467e-05,3.854084e-06,auto_accept,low_unc_low_risk
ISIC_0025176,nv,nv,5.6807596e-05,1.0072953e-06,auto_accept,low_unc_low_risk
ISIC_0031143,nv,nv,0.0016933152,0.0023819164,auto_accept,low_unc_low_risk
ISIC_0029436,nv,nv,4.249046e-06,1.0693914e-06,auto_accept,low_unc_low_risk
ISIC_0034084,nv,nv,0.0013681892,3.1965526e-05,auto_accept,low_unc_low_risk
ISIC_0025201,nv,nv,3.6207908e-09,7.127859e-10,auto_accept,low_unc_low_risk
ISIC_0026088,nv,nv,5.3654974e-05,6.82525e-07,auto_accept,low_unc_low_risk
ISIC_0030972,nv,nv,8.4564535e-06,7.970438e-06,auto_accept,low_unc_low_risk
ISIC_0027642,nv,nv,0.00066050637,0.0021526949,auto_accept,low_unc_low_risk
ISIC_0030083,mel,mel,0.00028660244,0.98550344,auto_accept,low_unc_low_risk
ISIC_0027082,nv,nv,1.349386e-06,2.4037707e-08,auto_accept,low_unc_low_risk
ISIC_0031329,bkl,bkl,4.0929608e-05,0.036114354,auto_accept,low_unc_low_risk
ISIC_0024939,nv,nv,8.617765e-07,1.4404962e-06,auto_accept,low_unc_low_risk
ISIC_0031916,nv,nv,5.8569407e-09,4.7895323e-08,auto_accept,low_unc_low_risk
ISIC_0025369,nv,nv,3.2452892e-08,4.0878213e-08,auto_accept,low_unc_low_risk
ISIC_0031822,nv,nv,0.0004961469,4.298104e-06,auto_accept,low_unc_low_risk
ISIC_0033618,nv,nv,0.025323639,0.5890135,escalate,high_unc_low_risk
ISIC_0026944,nv,nv,3.242523e-07,5.83219e-09,auto_accept,low_unc_low_risk
ISIC_0026150,mel,mel,0.00072543195,0.9638389,auto_accept,low_unc_low_risk
ISIC_0028011,nv,nv,4.996001e-07,2.3393582e-06,auto_accept,low_unc_low_risk
ISIC_0026529,nv,nv,3.3490694e-06,0.000299897,auto_accept,low_unc_low_risk
ISIC_0030087,nv,nv,1.2291897e-08,4.2122985e-09,auto_accept,low_unc_low_risk
ISIC_0027319,nv,nv,0.0011733916,0.0112456,auto_accept,low_unc_low_risk
ISIC_0031487,nv,nv,0.00012389598,2.768862e-06,auto_accept,low_unc_low_risk
ISIC_0025232,nv,nv,1.18811095e-05,0.00014185392,auto_accept,low_unc_low_risk
ISIC_0032236,nv,nv,1.8394883e-05,0.00024540597,auto_accept,low_unc_low_risk
ISIC_0027619,nv,nv,2.8033075e-05,0.00022111618,auto_accept,low_unc_low_risk
ISIC_0025006,nv,nv,2.7874583e-07,1.4521515e-06,auto_accept,low_unc_low_risk
ISIC_0028792,bkl,bkl,6.7436944e-05,0.07374638,auto_accept,low_unc_low_risk
ISIC_0027624,nv,nv,1.72926e-11,3.5583578e-10,auto_accept,low_unc_low_risk
ISIC_0027570,nv,nv,0.001168644,6.833718e-05,auto_accept,low_unc_low_risk
ISIC_0029086,nv,nv,2.9305511e-09,8.7676085e-08,auto_accept,low_unc_low_risk
ISIC_0033673,nv,nv,0.0068598883,0.0008730132,auto_accept,low_unc_low_risk
ISIC_0030993,nv,nv,3.3980493e-10,5.17761e-09,auto_accept,low_unc_low_risk
ISIC_0028180,bkl,bkl,0.0013030913,0.15960573,auto_accept,low_unc_low_risk
ISIC_0032016,nv,nv,1.6247783e-07,7.184553e-05,auto_accept,low_unc_low_risk
ISIC_0024889,nv,nv,4.6393552e-08,8.476662e-06,auto_accept,low_unc_low_risk
ISIC_0024639,nv,nv,4.261229e-05,0.00017403068,auto_accept,low_unc_low_risk
ISIC_0025875,nv,nv,8.497303e-09,1.4509725e-08,auto_accept,low_unc_low_risk
ISIC_0031149,nv,nv,0.0055961646,0.0020593102,auto_accept,low_unc_low_risk
ISIC_0027201,nv,nv,9.809337e-05,0.0023822521,auto_accept,low_unc_low_risk
ISIC_0031764,nv,nv,3.0888935e-07,6.174395e-09,auto_accept,low_unc_low_risk
ISIC_0024901,nv,nv,5.6669123e-09,1.0326173e-08,auto_accept,low_unc_low_risk
ISIC_0024471,bkl,bkl,1.7566525e-05,4.8232454e-05,auto_accept,low_unc_low_risk
ISIC_0031965,nv,nv,0.0062002093,0.0033443624,auto_accept,low_unc_low_risk
ISIC_0027777,nv,nv,2.6693403e-10,2.5466971e-07,auto_accept,low_unc_low_risk
ISIC_0030611,nv,nv,1.2377581e-10,3.4808648e-10,auto_accept,low_unc_low_risk
ISIC_0028186,nv,nv,8.2696206e-05,0.0004084512,auto_accept,low_unc_low_risk
ISIC_0026756,nv,nv,7.953499e-11,1.2838909e-11,auto_accept,low_unc_low_risk
ISIC_0028024,nv,nv,3.6687908e-09,2.3579352e-11,auto_accept,low_unc_low_risk
ISIC_0026285,nv,nv,1.1149068e-07,3.3417689e-09,auto_accept,low_unc_low_risk
ISIC_0028494,nv,nv,0.00014076507,1.8522666e-06,auto_accept,low_unc_low_risk
ISIC_0028786,nv,nv,9.920881e-08,3.074304e-09,auto_accept,low_unc_low_risk
ISIC_0031255,nv,nv,0.0024835549,0.0030404066,auto_accept,low_unc_low_risk
ISIC_0033996,nv,nv,0.00012200058,0.001894301,auto_accept,low_unc_low_risk
ISIC_0028806,nv,nv,1.0104502e-08,1.4673097e-07,auto_accept,low_unc_low_risk
ISIC_0032377,nv,nv,1.2559317e-10,2.2700794e-11,auto_accept,low_unc_low_risk
ISIC_0024818,nv,bkl,0.009186044,0.20714241,auto_accept,low_unc_low_risk
ISIC_0030599,nv,nv,1.6890006e-07,1.07786875e-07,auto_accept,low_unc_low_risk
ISIC_0030106,mel,mel,0.016328575,0.44828293,escalate,high_unc_low_risk
ISIC_0027151,bkl,nv,0.0005183811,0.0022793238,auto_accept,low_unc_low_risk
ISIC_0030791,nv,nv,7.47705e-09,8.711151e-08,auto_accept,low_unc_low_risk
ISIC_0032301,nv,nv,6.539129e-08,5.8577175e-06,auto_accept,low_unc_low_risk
ISIC_0028954,nv,nv,3.030253e-06,2.2198248e-05,auto_accept,low_unc_low_risk
ISIC_0032518,nv,nv,7.753402e-06,0.0002651719,auto_accept,low_unc_low_risk
ISIC_0032027,nv,nv,0.015054087,0.3681676,escalate,high_unc_low_risk
ISIC_0032157,nv,nv,0.0047746273,0.01762743,auto_accept,low_unc_low_risk
ISIC_0026101,nv,nv,6.6836915e-06,0.0002493882,auto_accept,low_unc_low_risk
ISIC_0026320,nv,nv,1.760265e-10,1.5090598e-09,auto_accept,low_unc_low_risk
ISIC_0032431,nv,nv,1.2284234e-07,1.4290093e-11,auto_accept,low_unc_low_risk
ISIC_0030824,mel,mel,3.232448e-05,0.9986916,auto_accept,low_unc_low_risk
ISIC_0032255,nv,nv,1.8192779e-07,1.6773129e-07,auto_accept,low_unc_low_risk
ISIC_0026170,nv,nv,5.380978e-06,1.4329751e-07,auto_accept,low_unc_low_risk
ISIC_0028851,nv,nv,1.2414736e-06,0.00027287897,auto_accept,low_unc_low_risk
ISIC_0028294,bkl,bkl,0.00081675674,0.12186919,auto_accept,low_unc_low_risk
ISIC_0031655,nv,nv,8.977353e-08,3.3537385e-06,auto_accept,low_unc_low_risk
ISIC_0027864,nv,nv,1.0010237e-08,5.7037637e-09,auto_accept,low_unc_low_risk
ISIC_0027386,nv,nv,2.069955e-08,1.31951134e-08,auto_accept,low_unc_low_risk
ISIC_0026599,nv,mel,0.020614386,0.87084836,escalate,high_unc_low_risk
ISIC_0032025,nv,nv,1.8652709e-05,2.1301405e-06,auto_accept,low_unc_low_risk
ISIC_0030185,nv,nv,2.2428799e-07,8.345633e-06,auto_accept,low_unc_low_risk
ISIC_0030960,nv,nv,0.0015361048,0.004160657,auto_accept,low_unc_low_risk
ISIC_0026721,nv,nv,2.2162924e-08,1.0962005e-08,auto_accept,low_unc_low_risk
ISIC_0028683,nv,nv,0.0037222013,2.9118435e-06,auto_accept,low_unc_low_risk
ISIC_0034308,nv,nv,0.003911547,0.0013342352,auto_accept,low_unc_low_risk
ISIC_0033106,nv,nv,0.012907207,0.3802344,escalate,low_unc_low_risk
ISIC_0033304,mel,mel,7.678732e-07,0.9998561,auto_accept,low_unc_low_risk
ISIC_0030250,nv,nv,6.704211e-08,1.6494812e-09,auto_accept,low_unc_low_risk
ISIC_0026898,nv,nv,1.3753669e-06,1.9654758e-06,auto_accept,low_unc_low_risk
ISIC_0031642,mel,mel,0.0018814764,0.9951403,auto_accept,low_unc_low_risk
ISIC_0027482,nv,nv,5.728383e-06,2.6266412e-07,auto_accept,low_unc_low_risk
ISIC_0027016,nv,nv,3.1797267e-08,2.786279e-09,auto_accept,low_unc_low_risk
ISIC_0029942,nv,nv,1.0935829e-07,2.5984973e-05,auto_accept,low_unc_low_risk
ISIC_0033765,nv,nv,4.9160975e-05,0.00014919286,auto_accept,low_unc_low_risk
ISIC_0030238,mel,nv,0.001351918,0.0027170363,auto_accept,low_unc_low_risk
ISIC_0031467,nv,nv,2.7914534e-06,4.2720217e-07,auto_accept,low_unc_low_risk
ISIC_0025065,nv,nv,0.009695606,0.089405864,auto_accept,low_unc_low_risk
ISIC_0033994,nv,nv,4.376662e-06,2.654285e-07,auto_accept,low_unc_low_risk
ISIC_0029920,nv,nv,0.00060001836,0.015864214,auto_accept,low_unc_low_risk
ISIC_0030984,nv,nv,5.692709e-11,2.720066e-07,auto_accept,low_unc_low_risk
ISIC_0034127,nv,nv,0.0010837802,6.766899e-05,auto_accept,low_unc_low_risk
ISIC_0025880,nv,nv,1.3443075e-06,2.1670494e-06,auto_accept,low_unc_low_risk
ISIC_0031183,nv,nv,6.8587855e-07,1.676858e-05,auto_accept,low_unc_low_risk
ISIC_0034159,mel,mel,0.0003861778,0.99196905,auto_accept,low_unc_low_risk
ISIC_0031528,bkl,bkl,0.0012291522,0.007640334,auto_accept,low_unc_low_risk
ISIC_0028379,nv,nv,9.875833e-10,3.754458e-09,auto_accept,low_unc_low_risk
ISIC_0031800,nv,nv,9.19997e-09,1.6907673e-08,auto_accept,low_unc_low_risk
ISIC_0031320,nv,nv,0.0003463039,4.663402e-06,auto_accept,low_unc_low_risk
ISIC_0029848,nv,nv,9.059677e-08,9.384995e-09,auto_accept,low_unc_low_risk
ISIC_0027350,mel,nv,0.0073218746,0.017271763,auto_accept,low_unc_low_risk
ISIC_0027323,nv,mel,0.0026815324,0.9107791,auto_accept,low_unc_low_risk
ISIC_0030209,nv,nv,0.0012707438,0.0071336646,auto_accept,low_unc_low_risk
ISIC_0025229,nv,nv,2.2615238e-06,2.9685211e-06,auto_accept,low_unc_low_risk
ISIC_0029464,bkl,bkl,0.014975895,0.6151196,escalate,high_unc_low_risk
ISIC_0027730,nv,nv,6.0072374e-09,8.129182e-07,auto_accept,low_unc_low_risk
ISIC_0032962,nv,nv,0.0055103884,0.0025405283,auto_accept,low_unc_low_risk
ISIC_0033660,bkl,bkl,2.287784e-05,0.010239763,auto_accept,low_unc_low_risk
ISIC_0029180,nv,nv,4.109613e-09,1.2164084e-10,auto_accept,low_unc_low_risk
ISIC_0033452,mel,nv,4.287351e-05,0.0018093926,auto_accept,low_unc_low_risk
ISIC_0027216,df,df,1.3583036e-05,8.496591e-07,auto_accept,low_unc_low_risk
ISIC_0027101,mel,mel,0.0054474324,0.9517154,auto_accept,low_unc_low_risk
ISIC_0026973,nv,nv,7.478309e-05,7.21585e-05,auto_accept,low_unc_low_risk
ISIC_0032331,mel,mel,0.0058193128,0.9463891,auto_accept,low_unc_low_risk
ISIC_0025456,nv,nv,4.0886778e-05,0.00219426,auto_accept,low_unc_low_risk
ISIC_0025870,nv,nv,2.5751142e-05,3.8471586e-05,auto_accept,low_unc_low_risk
ISIC_0027133,nv,nv,0.01455398,0.0014464421,escalate,high_unc_low_risk
ISIC_0031066,nv,nv,8.415271e-08,4.5249524e-07,auto_accept,low_unc_low_risk
ISIC_0025208,nv,nv,7.7802404e-05,0.00057305594,auto_accept,low_unc_low_risk
ISIC_0031232,nv,nv,8.9541466e-08,3.1050142e-08,auto_accept,low_unc_low_risk
ISIC_0024589,nv,nv,1.3594752e-07,1.02042925e-08,auto_accept,low_unc_low_risk
ISIC_0028956,nv,nv,4.4841017e-05,4.0100895e-06,auto_accept,low_unc_low_risk
ISIC_0033535,nv,nv,1.4998249e-05,0.0002308734,auto_accept,low_unc_low_risk
ISIC_0031684,nv,nv,0.00012431042,8.433638e-07,auto_accept,low_unc_low_risk
ISIC_0029451,nv,nv,2.0978757e-07,3.920476e-05,auto_accept,low_unc_low_risk
ISIC_0030149,nv,nv,1.8901332e-10,8.496606e-09,auto_accept,low_unc_low_risk
ISIC_0029298,nv,nv,0.0058870083,0.031119669,auto_accept,low_unc_low_risk
ISIC_0033326,nv,nv,1.4315808e-05,4.3641758e-05,auto_accept,low_unc_low_risk
ISIC_0031104,nv,nv,1.4585761e-07,1.2726319e-11,auto_accept,low_unc_low_risk
ISIC_0026675,bkl,bkl,0.01104149,2.4485176e-05,auto_accept,low_unc_low_risk
ISIC_0031777,nv,nv,7.4362845e-07,1.6700423e-09,auto_accept,low_unc_low_risk
ISIC_0027306,mel,mel,3.7884172e-05,0.9942458,auto_accept,low_unc_low_risk
ISIC_0031855,nv,nv,1.0461484e-08,1.3500398e-06,auto_accept,low_unc_low_risk
ISIC_0032367,nv,nv,0.00014569778,8.735709e-06,auto_accept,low_unc_low_risk
ISIC_0026099,nv,nv,0.00034061578,0.00052892865,auto_accept,low_unc_low_risk
ISIC_0027268,nv,nv,0.0002272333,5.0513836e-07,auto_accept,low_unc_low_risk
ISIC_0030720,nv,nv,5.1780774e-10,1.3154711e-11,auto_accept,low_unc_low_risk
ISIC_0024942,nv,nv,7.3851254e-09,1.03140906e-07,auto_accept,low_unc_low_risk
ISIC_0031493,nv,nv,0.0006812319,0.0029874116,auto_accept,low_unc_low_risk
ISIC_0030728,nv,nv,3.2881367e-09,8.446404e-07,auto_accept,low_unc_low_risk
ISIC_0032645,mel,mel,0.0007197721,0.9902208,auto_accept,low_unc_low_risk
ISIC_0026396,nv,nv,4.9093956e-07,5.195397e-06,auto_accept,low_unc_low_risk
ISIC_0029808,nv,nv,1.21654e-07,2.7496277e-05,auto_accept,low_unc_low_risk
ISIC_0024711,bkl,bkl,0.010997452,0.018464064,auto_accept,low_unc_low_risk
ISIC_0024355,nv,nv,4.6106558e-07,1.6301912e-05,auto_accept,low_unc_low_risk
ISIC_0027479,nv,nv,4.057838e-09,2.8185063e-06,auto_accept,low_unc_low_risk
ISIC_0033022,bkl,bkl,0.003992837,0.4327958,auto_accept,low_unc_low_risk
ISIC_0025695,nv,nv,1.7969368e-06,5.5126335e-08,auto_accept,low_unc_low_risk
ISIC_0025448,nv,nv,2.2159379e-09,2.2782526e-10,auto_accept,low_unc_low_risk
ISIC_0026962,nv,nv,3.1776176e-07,2.2357332e-07,auto_accept,low_unc_low_risk
ISIC_0032342,nv,nv,0.011176697,0.19329941,auto_accept,low_unc_low_risk
ISIC_0033777,nv,nv,0.00019261891,5.246117e-05,auto_accept,low_unc_low_risk
ISIC_0031765,nv,nv,5.6350336e-07,2.1984305e-09,auto_accept,low_unc_low_risk
ISIC_0027656,nv,nv,0.00038482223,2.1658201e-05,auto_accept,low_unc_low_risk
ISIC_0034111,nv,nv,2.6412456e-06,0.00012158188,auto_accept,low_unc_low_risk
ISIC_0031645,nv,nv,0.00044506896,0.032264493,auto_accept,low_unc_low_risk
ISIC_0032783,nv,nv,0.00014119894,4.4984503e-05,auto_accept,low_unc_low_risk
ISIC_0026360,mel,mel,0.0003335149,0.9882549,auto_accept,low_unc_low_risk
ISIC_0027906,nv,nv,2.1818947e-07,6.450913e-06,auto_accept,low_unc_low_risk
ISIC_0025624,nv,nv,6.3206166e-08,5.8725064e-10,auto_accept,low_unc_low_risk
ISIC_0032317,nv,nv,1.4576763e-07,3.514452e-07,auto_accept,low_unc_low_risk
ISIC_0029239,nv,nv,1.4102617e-08,3.511745e-07,auto_accept,low_unc_low_risk
ISIC_0025300,nv,nv,0.0063582966,0.036398534,auto_accept,low_unc_low_risk
ISIC_0027560,mel,mel,0.0003918044,0.995395,auto_accept,low_unc_low_risk
ISIC_0028904,nv,nv,2.2255985e-07,3.0187125e-06,auto_accept,low_unc_low_risk
ISIC_0027491,nv,nv,3.7818096e-05,0.000105501174,auto_accept,low_unc_low_risk
ISIC_0027315,nv,nv,0.0015933916,0.009097929,auto_accept,low_unc_low_risk
ISIC_0032300,nv,nv,0.0016875973,0.0031821341,auto_accept,low_unc_low_risk
ISIC_0027964,mel,mel,0.016209925,0.99992263,escalate,high_unc_high_risk
ISIC_0034151,bkl,bkl,4.0851206e-05,0.045744102,auto_accept,low_unc_low_risk
ISIC_0028322,nv,nv,6.180178e-06,1.0343918e-07,auto_accept,low_unc_low_risk
ISIC_0027160,nv,nv,1.6693904e-06,5.265001e-05,auto_accept,low_unc_low_risk
ISIC_0028917,nv,nv,8.395909e-09,6.5687266e-07,auto_accept,low_unc_low_risk
ISIC_0030374,nv,nv,5.219975e-06,2.057123e-06,auto_accept,low_unc_low_risk
ISIC_0025263,nv,nv,1.9756426e-05,2.7947838e-06,auto_accept,low_unc_low_risk
ISIC_0031830,nv,nv,3.8707926e-06,2.7688735e-05,auto_accept,low_unc_low_risk
ISIC_0030013,nv,nv,1.1803693e-06,1.3944895e-06,auto_accept,low_unc_low_risk
ISIC_0026763,nv,nv,9.866642e-10,3.750979e-09,auto_accept,low_unc_low_risk
ISIC_0028079,bcc,bkl,0.008337913,0.14933267,auto_accept,low_unc_low_risk
ISIC_0031683,nv,nv,2.2844187e-08,1.812953e-08,auto_accept,low_unc_low_risk
ISIC_0026906,nv,nv,4.6824152e-05,4.935347e-07,auto_accept,low_unc_low_risk
ISIC_0026331,nv,nv,1.2207919e-07,3.5332442e-07,auto_accept,low_unc_low_risk
ISIC_0025060,nv,nv,1.6312e-09,4.1165578e-09,auto_accept,low_unc_low_risk
ISIC_0032272,nv,nv,2.6622633e-05,1.1625122e-05,auto_accept,low_unc_low_risk
ISIC_0025499,nv,nv,0.0072147404,0.0111604575,auto_accept,low_unc_low_risk
ISIC_0029385,nv,nv,0.0012635242,5.6150766e-06,auto_accept,low_unc_low_risk
ISIC_0031463,nv,nv,5.3042626e-11,5.338706e-09,auto_accept,low_unc_low_risk
ISIC_0024834,nv,nv,0.0027042371,1.6749398e-05,auto_accept,low_unc_low_risk
ISIC_0031174,nv,nv,7.627507e-08,4.538393e-08,auto_accept,low_unc_low_risk
ISIC_0028313,nv,nv,1.3942604e-10,4.031376e-07,auto_accept,low_unc_low_risk
ISIC_0033135,vasc,vasc,3.55518e-08,1.5365857e-05,auto_accept,low_unc_low_risk
ISIC_0024774,bkl,bkl,5.6884768e-05,0.016405942,auto_accept,low_unc_low_risk
ISIC_0030176,nv,nv,0.01055674,0.20465524,auto_accept,low_unc_low_risk
ISIC_0025988,nv,nv,0.00018309201,0.0004157501,auto_accept,low_unc_low_risk
ISIC_0030428,nv,nv,2.2351337e-07,8.510745e-10,auto_accept,low_unc_low_risk
ISIC_0033102,nv,mel,0.00021547904,0.9948377,auto_accept,low_unc_low_risk
ISIC_0029922,nv,nv,1.823523e-08,2.2546671e-10,auto_accept,low_unc_low_risk
ISIC_0032483,nv,nv,3.3106514e-07,1.1068233e-07,auto_accept,low_unc_low_risk
ISIC_0028766,nv,nv,0.017505126,0.18994653,escalate,high_unc_low_risk
ISIC_0034016,nv,nv,0.0004859681,0.006949213,auto_accept,low_unc_low_risk
ISIC_0033536,akiec,akiec,9.590212e-07,0.9998449,auto_accept,low_unc_low_risk
ISIC_0027919,nv,nv,3.6211904e-07,1.3810542e-08,auto_accept,low_unc_low_risk
ISIC_0024429,nv,nv,3.8924154e-06,1.1922858e-06,auto_accept,low_unc_low_risk
ISIC_0024309,nv,nv,1.8698042e-07,2.21849e-06,auto_accept,low_unc_low_risk
ISIC_0027584,bkl,bkl,0.0005849497,0.062330928,auto_accept,low_unc_low_risk
ISIC_0029274,nv,nv,0.0008751862,6.285453e-06,auto_accept,low_unc_low_risk
ISIC_0031177,mel,nv,0.013764872,0.15158755,escalate,low_unc_low_risk
ISIC_0033379,bkl,bkl,0.00043170925,7.382322e-05,auto_accept,low_unc_low_risk
ISIC_0033877,nv,nv,0.0003081,3.458386e-06,auto_accept,low_unc_low_risk
ISIC_0032285,nv,nv,1.7143224e-09,6.6544777e-07,auto_accept,low_unc_low_risk
ISIC_0029611,nv,nv,9.812909e-06,3.63048e-06,auto_accept,low_unc_low_risk
ISIC_0026288,nv,nv,4.1005615e-06,0.00011591692,auto_accept,low_unc_low_risk
ISIC_0032982,mel,nv,0.00023293801,0.018427033,auto_accept,low_unc_low_risk
ISIC_0030781,nv,nv,1.1547738e-06,3.9175547e-06,auto_accept,low_unc_low_risk
ISIC_0028769,nv,nv,1.03483595e-08,3.7174673e-06,auto_accept,low_unc_low_risk
ISIC_0031959,nv,nv,0.0033346165,0.05955325,auto_accept,low_unc_low_risk
ISIC_0026931,nv,nv,2.5126305e-09,3.657604e-11,auto_accept,low_unc_low_risk
ISIC_0030320,nv,nv,1.6225678e-06,5.133917e-07,auto_accept,low_unc_low_risk
ISIC_0029156,nv,nv,3.1473315e-09,8.917803e-06,auto_accept,low_unc_low_risk
ISIC_0030154,nv,nv,1.396415e-08,4.6326912e-07,auto_accept,low_unc_low_risk
ISIC_0025256,nv,nv,0.00040586575,1.5084472e-05,auto_accept,low_unc_low_risk
ISIC_0032451,nv,nv,7.081116e-06,2.7493724e-07,auto_accept,low_unc_low_risk
ISIC_0033698,nv,nv,0.00022124611,0.0013535395,auto_accept,low_unc_low_risk
ISIC_0034211,mel,mel,0.0038829115,0.8432133,auto_accept,low_unc_low_risk
ISIC_0033294,nv,mel,0.02449201,0.7537233,escalate,high_unc_low_risk
ISIC_0029898,nv,nv,0.0011141185,0.0066482765,auto_accept,low_unc_low_risk
ISIC_0031227,nv,nv,8.393356e-08,4.6250898e-07,auto_accept,low_unc_low_risk
ISIC_0027507,mel,mel,0.014552864,0.6635709,escalate,high_unc_low_risk
ISIC_0028469,nv,nv,5.882128e-06,2.1136069e-07,auto_accept,low_unc_low_risk
ISIC_0030221,nv,bkl,0.010046752,0.012457102,auto_accept,low_unc_low_risk
ISIC_0026836,nv,nv,0.0011655983,1.7420605e-08,auto_accept,low_unc_low_risk
ISIC_0032779,nv,nv,2.0810742e-06,1.0093695e-06,auto_accept,low_unc_low_risk
ISIC_0033149,nv,nv,0.00025961158,0.0020169378,auto_accept,low_unc_low_risk
ISIC_0025705,nv,nv,8.255596e-07,4.120151e-05,auto_accept,low_unc_low_risk
ISIC_0033716,bkl,mel,0.00014323497,0.98660165,auto_accept,low_unc_low_risk
ISIC_0027177,nv,nv,1.9318183e-08,9.44746e-09,auto_accept,low_unc_low_risk
ISIC_0027614,nv,nv,2.004822e-05,6.0662045e-05,auto_accept,low_unc_low_risk
ISIC_0027236,nv,nv,0.0011545236,4.2113716e-06,auto_accept,low_unc_low_risk
ISIC_0029976,nv,nv,0.00016247215,0.00028138922,auto_accept,low_unc_low_risk
ISIC_0031523,nv,nv,0.00026959335,0.000245435,auto_accept,low_unc_low_risk
ISIC_0033824,nv,nv,0.00034634472,0.00097114267,auto_accept,low_unc_low_risk
ISIC_0031368,mel,mel,0.00086567237,0.99925417,auto_accept,low_unc_low_risk
ISIC_0033525,nv,nv,0.0054133483,0.037041504,auto_accept,low_unc_low_risk
ISIC_0029821,nv,nv,1.3770511e-09,1.3700363e-10,auto_accept,low_unc_low_risk
ISIC_0027078,nv,nv,1.2838688e-08,5.169403e-08,auto_accept,low_unc_low_risk
ISIC_0030575,mel,nv,0.01584564,0.059035853,escalate,high_unc_low_risk
ISIC_0031983,nv,nv,5.3539526e-07,1.1946601e-06,auto_accept,low_unc_low_risk
ISIC_0030502,nv,nv,1.4711765e-05,1.1210193e-05,auto_accept,low_unc_low_risk
ISIC_0027723,nv,nv,9.097989e-07,2.32726e-06,auto_accept,low_unc_low_risk
ISIC_0030999,nv,nv,7.4087474e-08,1.6055473e-08,auto_accept,low_unc_low_risk
ISIC_0029599,nv,nv,0.0003820577,1.5886e-05,auto_accept,low_unc_low_risk
ISIC_0026707,nv,nv,7.316348e-11,2.4097475e-12,auto_accept,low_unc_low_risk
ISIC_0027679,nv,nv,0.00021546186,0.0019767086,auto_accept,low_unc_low_risk
ISIC_0027048,nv,nv,3.508407e-08,1.7450959e-05,auto_accept,low_unc_low_risk
ISIC_0030246,mel,mel,0.00063209207,0.9777394,auto_accept,low_unc_low_risk
ISIC_0029248,df,df,1.439533e-06,3.002601e-09,auto_accept,low_unc_low_risk
ISIC_0027500,nv,nv,9.076175e-06,1.7380204e-06,auto_accept,low_unc_low_risk
ISIC_0025388,bkl,bkl,0.00027576296,0.0013108936,auto_accept,low_unc_low_risk
ISIC_0030962,nv,nv,9.621117e-07,4.3269957e-09,auto_accept,low_unc_low_risk
ISIC_0031551,nv,nv,6.229862e-10,3.3132075e-10,auto_accept,low_unc_low_risk
ISIC_0031843,nv,nv,5.1473556e-08,1.4876306e-06,auto_accept,low_unc_low_risk
ISIC_0029551,nv,nv,0.0001990688,5.8270813e-05,auto_accept,low_unc_low_risk
ISIC_0024523,nv,nv,4.065883e-05,2.5284098e-06,auto_accept,low_unc_low_risk
ISIC_0024670,nv,nv,2.7805473e-08,1.5684185e-06,auto_accept,low_unc_low_risk
ISIC_0030996,nv,nv,3.1486263e-05,3.650672e-07,auto_accept,low_unc_low_risk
ISIC_0032239,nv,nv,3.5070997e-08,3.885467e-06,auto_accept,low_unc_low_risk
ISIC_0026291,bkl,bkl,1.3913284e-07,0.00063720584,auto_accept,low_unc_low_risk
ISIC_0030117,nv,nv,5.913196e-05,7.505034e-05,auto_accept,low_unc_low_risk
ISIC_0027901,nv,nv,4.2789042e-10,7.855472e-08,auto_accept,low_unc_low_risk
ISIC_0028300,nv,nv,1.4259767e-06,2.2739924e-07,auto_accept,low_unc_low_risk
ISIC_0027104,nv,nv,3.3362032e-11,2.11444e-09,auto_accept,low_unc_low_risk
ISIC_0032480,nv,nv,0.0004917401,0.008168134,auto_accept,low_unc_low_risk
ISIC_0031252,nv,nv,2.518334e-05,5.1284307e-08,auto_accept,low_unc_low_risk
ISIC_0024315,mel,mel,0.00012477092,0.9754664,auto_accept,low_unc_low_risk
ISIC_0028182,nv,nv,0.00813594,2.0939932e-07,auto_accept,low_unc_low_risk
ISIC_0028078,nv,nv,6.968462e-09,1.1781505e-06,auto_accept,low_unc_low_risk
ISIC_0026938,nv,nv,6.0745547e-06,0.00014072037,auto_accept,low_unc_low_risk
ISIC_0025430,nv,nv,7.1685676e-08,3.389128e-09,auto_accept,low_unc_low_risk
ISIC_0026748,nv,nv,0.0010350111,0.000939977,auto_accept,low_unc_low_risk
ISIC_0027990,bkl,bkl,0.013859906,0.11033272,escalate,low_unc_low_risk
ISIC_0025312,bkl,bkl,0.0019215951,0.046202824,auto_accept,low_unc_low_risk
ISIC_0024779,nv,nv,5.666239e-07,3.8045714e-06,auto_accept,low_unc_low_risk
ISIC_0031046,nv,nv,0.00011714956,0.0028295843,auto_accept,low_unc_low_risk
ISIC_0031514,nv,nv,0.0012273064,0.000112568305,auto_accept,low_unc_low_risk
ISIC_0026164,nv,nv,4.207859e-10,4.0380627e-08,auto_accept,low_unc_low_risk
ISIC_0027040,nv,nv,2.9250852e-05,8.0282086e-07,auto_accept,low_unc_low_risk
ISIC_0029112,nv,nv,1.1995185e-09,3.528467e-09,auto_accept,low_unc_low_risk
ISIC_0032104,nv,nv,2.9178226e-11,5.1991043e-09,auto_accept,low_unc_low_risk
ISIC_0031805,nv,nv,7.042619e-09,1.4677675e-09,auto_accept,low_unc_low_risk
ISIC_0034296,bkl,bkl,0.0006420956,0.00022857073,auto_accept,low_unc_low_risk
ISIC_0025609,nv,nv,1.0314846e-05,0.00034478877,auto_accept,low_unc_low_risk
ISIC_0030842,nv,nv,0.01171428,0.10956649,auto_accept,low_unc_low_risk
ISIC_0026497,nv,nv,0.028424475,0.1951752,escalate,high_unc_low_risk
ISIC_0025349,nv,nv,2.8044718e-09,5.298058e-13,auto_accept,low_unc_low_risk
ISIC_0034167,bkl,bkl,0.00024955758,0.007192613,auto_accept,low_unc_low_risk
ISIC_0029657,nv,nv,1.0803319e-05,1.0945534e-09,auto_accept,low_unc_low_risk
ISIC_0031097,nv,nv,4.4839035e-07,5.738418e-06,auto_accept,low_unc_low_risk
ISIC_0029069,nv,nv,1.1425756e-10,4.351556e-11,auto_accept,low_unc_low_risk
ISIC_0032242,nv,nv,0.013273156,0.11577906,escalate,low_unc_low_risk
ISIC_0029945,nv,mel,0.014844105,0.8144757,escalate,high_unc_low_risk
ISIC_0027927,nv,nv,1.9364983e-10,5.332231e-10,auto_accept,low_unc_low_risk
ISIC_0026537,nv,nv,0.0028611019,0.00085227186,auto_accept,low_unc_low_risk
ISIC_0026742,nv,nv,0.010010931,0.088915616,auto_accept,low_unc_low_risk
ISIC_0031739,nv,nv,1.2409052e-08,5.5637547e-06,auto_accept,low_unc_low_risk
ISIC_0030520,nv,nv,9.9851786e-05,0.0018612939,auto_accept,low_unc_low_risk
ISIC_0024967,mel,mel,3.966424e-06,0.9985619,auto_accept,low_unc_low_risk
ISIC_0026548,nv,nv,3.0053147e-09,8.7617906e-08,auto_accept,low_unc_low_risk
ISIC_0024704,nv,nv,0.0005088476,0.01210578,auto_accept,low_unc_low_risk
ISIC_0028846,bkl,bkl,3.640314e-05,0.023157457,auto_accept,low_unc_low_risk
ISIC_0024797,nv,nv,1.6946464e-10,2.2545334e-14,auto_accept,low_unc_low_risk
ISIC_0031341,nv,nv,9.154687e-08,1.6348798e-08,auto_accept,low_unc_low_risk
ISIC_0030086,nv,nv,2.7786959e-05,3.417801e-06,auto_accept,low_unc_low_risk
ISIC_0026677,nv,nv,1.0156302e-11,6.121297e-10,auto_accept,low_unc_low_risk
ISIC_0029136,nv,nv,5.4311568e-06,1.4135835e-05,auto_accept,low_unc_low_risk
ISIC_0028455,nv,nv,0.00040893568,2.8510671e-11,auto_accept,low_unc_low_risk
ISIC_0027221,nv,nv,0.0003750155,1.8416861e-06,auto_accept,low_unc_low_risk
ISIC_0024830,nv,nv,0.00478096,0.010719738,auto_accept,low_unc_low_risk
ISIC_0032234,nv,nv,2.123056e-06,0.00010536967,auto_accept,low_unc_low_risk
ISIC_0025139,nv,nv,2.4985086e-10,1.1793162e-10,auto_accept,low_unc_low_risk
ISIC_0029253,nv,nv,3.1505956e-06,2.8261672e-07,auto_accept,low_unc_low_risk
ISIC_0030836,nv,nv,0.0063223266,2.355252e-06,auto_accept,low_unc_low_risk
ISIC_0028050,bcc,bcc,6.230934e-05,0.9993793,auto_accept,low_unc_low_risk
ISIC_0027317,nv,nv,4.2907902e-10,5.290876e-10,auto_accept,low_unc_low_risk
ISIC_0030651,nv,nv,4.4502184e-07,1.5334352e-06,auto_accept,low_unc_low_risk
ISIC_0025120,nv,nv,0.0001494299,0.014452545,auto_accept,low_unc_low_risk
ISIC_0028215,mel,mel,0.002067407,0.99559194,auto_accept,low_unc_low_risk
ISIC_0030334,nv,mel,0.005731904,0.95394254,auto_accept,low_unc_low_risk
ISIC_0029618,nv,nv,9.216992e-05,1.7160564e-05,auto_accept,low_unc_low_risk
ISIC_0034061,mel,mel,0.0008434057,0.98672545,auto_accept,low_unc_low_risk
ISIC_0025998,nv,nv,1.1422983e-06,1.3454138e-05,auto_accept,low_unc_low_risk
ISIC_0024487,nv,nv,4.863117e-06,0.00025350804,auto_accept,low_unc_low_risk
ISIC_0030218,nv,nv,3.5578708e-07,1.9479707e-07,auto_accept,low_unc_low_risk
ISIC_0024327,nv,nv,2.7398295e-07,7.623287e-08,auto_accept,low_unc_low_risk
ISIC_0027091,nv,nv,0.00015962461,0.011748083,auto_accept,low_unc_low_risk
ISIC_0026407,nv,nv,2.5331203e-06,2.2080762e-08,auto_accept,low_unc_low_risk
ISIC_0026767,nv,nv,9.794997e-06,3.2852677e-05,auto_accept,low_unc_low_risk
ISIC_0025004,nv,nv,5.098687e-07,1.7249821e-06,auto_accept,low_unc_low_risk
ISIC_0034046,mel,mel,0.0001636414,0.9984485,auto_accept,low_unc_low_risk
ISIC_0025320,nv,nv,4.626689e-05,0.00010569471,auto_accept,low_unc_low_risk
ISIC_0030237,nv,nv,3.494583e-06,8.732136e-06,auto_accept,low_unc_low_risk
ISIC_0027054,nv,nv,6.464666e-05,7.833026e-05,auto_accept,low_unc_low_risk
ISIC_0030459,bkl,bkl,0.00381575,0.025774375,auto_accept,low_unc_low_risk
ISIC_0026436,nv,nv,0.00045227222,0.0005441254,auto_accept,low_unc_low_risk
ISIC_0025857,nv,nv,2.993609e-07,3.7558602e-06,auto_accept,low_unc_low_risk
ISIC_0029296,nv,nv,2.1910775e-05,0.00020722252,auto_accept,low_unc_low_risk
ISIC_0030302,nv,nv,1.7069964e-06,1.344275e-07,auto_accept,low_unc_low_risk
ISIC_0024622,nv,nv,3.777824e-07,4.0444097e-06,auto_accept,low_unc_low_risk
ISIC_0034282,nv,nv,7.024855e-05,1.6132071e-05,auto_accept,low_unc_low_risk
ISIC_0030078,nv,nv,1.460422e-06,4.67153e-06,auto_accept,low_unc_low_risk
ISIC_0026478,nv,nv,0.00687246,0.03973949,auto_accept,low_unc_low_risk
ISIC_0027782,nv,nv,1.090828e-05,2.4462265e-06,auto_accept,low_unc_low_risk
ISIC_0025056,nv,nv,1.4398099e-08,2.3319774e-10,auto_accept,low_unc_low_risk
ISIC_0029357,nv,nv,0.013220398,0.067482956,escalate,low_unc_low_risk
ISIC_0025967,nv,nv,0.0005347435,0.0011459056,auto_accept,low_unc_low_risk
ISIC_0028119,nv,nv,3.7979415e-05,0.0020249062,auto_accept,low_unc_low_risk
ISIC_0025387,bkl,bkl,9.0883495e-06,8.031147e-05,auto_accept,low_unc_low_risk
ISIC_0032010,nv,nv,4.942978e-08,2.8098158e-08,auto_accept,low_unc_low_risk
ISIC_0032267,nv,nv,1.9525326e-06,6.42217e-12,auto_accept,low_unc_low_risk
ISIC_0032938,mel,mel,0.0018029345,0.99040246,auto_accept,low_unc_low_risk
ISIC_0034283,bkl,bkl,0.011448839,0.00014747887,auto_accept,low_unc_low_risk
ISIC_0028828,nv,nv,0.00045773605,0.014547154,auto_accept,low_unc_low_risk
ISIC_0030634,nv,nv,1.1989184e-06,6.6999215e-05,auto_accept,low_unc_low_risk
ISIC_0024380,nv,nv,0.0065593,3.2898795e-05,auto_accept,low_unc_low_risk
ISIC_0034082,nv,nv,7.76254e-07,1.8773832e-06,auto_accept,low_unc_low_risk
ISIC_0033840,nv,nv,3.0596824e-05,0.00029971063,auto_accept,low_unc_low_risk
ISIC_0024400,mel,bkl,0.0051588067,0.066191435,auto_accept,low_unc_low_risk
ISIC_0030500,nv,nv,4.9832405e-08,2.1763133e-06,auto_accept,low_unc_low_risk
ISIC_0026398,nv,nv,0.0025202034,0.15540633,auto_accept,low_unc_low_risk
ISIC_0029434,mel,mel,0.00018496903,0.9898808,auto_accept,low_unc_low_risk
ISIC_0025189,nv,nv,0.00510772,0.000108932334,auto_accept,low_unc_low_risk
ISIC_0031325,nv,nv,2.2070684e-05,0.00015485092,auto_accept,low_unc_low_risk
ISIC_0033237,nv,nv,0.001519598,0.012181199,auto_accept,low_unc_low_risk
ISIC_0027330,nv,nv,2.4784124e-06,7.445264e-05,auto_accept,low_unc_low_risk
ISIC_0034311,nv,nv,0.00030366424,0.0011701366,auto_accept,low_unc_low_risk
ISIC_0029387,nv,nv,2.7595297e-05,0.00012752536,auto_accept,low_unc_low_risk
ISIC_0031870,nv,nv,4.7624532e-08,2.2322045e-08,auto_accept,low_unc_low_risk
ISIC_0025109,nv,nv,8.531804e-06,4.7884732e-06,auto_accept,low_unc_low_risk
ISIC_0030318,bkl,bkl,0.00026114378,0.0064342916,auto_accept,low_unc_low_risk
ISIC_0029721,nv,nv,1.4239207e-05,0.002721512,auto_accept,low_unc_low_risk
ISIC_0026527,nv,nv,1.203416e-07,2.2412454e-11,auto_accept,low_unc_low_risk
ISIC_0024780,nv,nv,1.4389552e-07,3.025543e-10,auto_accept,low_unc_low_risk
ISIC_0031006,nv,nv,5.8858936e-05,3.7821387e-06,auto_accept,low_unc_low_risk
ISIC_0029160,nv,nv,0.020969575,0.24610676,escalate,high_unc_low_risk
ISIC_0025579,nv,nv,0.00022584772,0.0011838329,auto_accept,low_unc_low_risk
ISIC_0026346,nv,nv,3.4797395e-05,2.5998406e-05,auto_accept,low_unc_low_risk
ISIC_0034266,nv,nv,5.1531797e-09,2.2415973e-10,auto_accept,low_unc_low_risk
ISIC_0028979,nv,nv,1.1248711e-06,1.7094701e-06,auto_accept,low_unc_low_risk
ISIC_0033154,mel,mel,0.0065837833,0.99851936,auto_accept,low_unc_low_risk
ISIC_0025813,nv,nv,4.444425e-06,1.6991737e-07,auto_accept,low_unc_low_risk
ISIC_0033324,mel,mel,1.2203627e-06,0.9983342,auto_accept,low_unc_low_risk
ISIC_0026024,nv,nv,3.0990739e-06,7.83591e-09,auto_accept,low_unc_low_risk
ISIC_0033588,nv,nv,0.0012365867,0.119707964,auto_accept,low_unc_low_risk
ISIC_0030108,nv,nv,2.766888e-10,6.264947e-07,auto_accept,low_unc_low_risk
ISIC_0028703,nv,nv,1.14763445e-07,8.283099e-07,auto_accept,low_unc_low_risk
ISIC_0031274,nv,nv,8.070034e-05,0.00061851885,auto_accept,low_unc_low_risk
ISIC_0031434,nv,nv,1.1455849e-06,2.7269639e-08,auto_accept,low_unc_low_risk
ISIC_0027349,nv,nv,0.0019949498,0.002216415,auto_accept,low_unc_low_risk
ISIC_0030773,nv,nv,0.0006886042,7.6278884e-05,auto_accept,low_unc_low_risk
ISIC_0027168,nv,nv,1.1092497e-08,6.797203e-08,auto_accept,low_unc_low_risk
ISIC_0024467,nv,nv,6.295705e-10,1.4110502e-10,auto_accept,low_unc_low_risk
ISIC_0027539,nv,nv,1.2824068e-09,7.926508e-09,auto_accept,low_unc_low_risk
ISIC_0029252,nv,bkl,0.004996485,0.018449904,auto_accept,low_unc_low_risk
ISIC_0029762,nv,nv,1.2767647e-06,7.869037e-05,auto_accept,low_unc_low_risk
ISIC_0029543,nv,nv,2.9897517e-06,0.000102063575,auto_accept,low_unc_low_risk
ISIC_0026426,nv,nv,1.6090759e-06,6.083109e-10,auto_accept,low_unc_low_risk
ISIC_0028572,nv,nv,3.5741945e-08,2.5623206e-09,auto_accept,low_unc_low_risk
ISIC_0027877,nv,nv,9.539075e-11,2.8964747e-10,auto_accept,low_unc_low_risk
ISIC_0028848,nv,nv,6.932512e-08,7.886291e-06,auto_accept,low_unc_low_risk
ISIC_0030099,nv,nv,2.476356e-08,9.096405e-06,auto_accept,low_unc_low_risk
ISIC_0029654,nv,nv,5.887868e-06,6.716689e-05,auto_accept,low_unc_low_risk
ISIC_0030275,vasc,vasc,2.4135593e-06,1.1509089e-06,auto_accept,low_unc_low_risk
ISIC_0031924,nv,nv,0.004180901,0.07247191,auto_accept,low_unc_low_risk
ISIC_0030287,nv,nv,5.8223695e-06,9.148464e-06,auto_accept,low_unc_low_risk
ISIC_0025191,nv,nv,3.0418673e-07,1.9521661e-07,auto_accept,low_unc_low_risk
ISIC_0030879,nv,nv,0.00013764935,5.1423776e-05,auto_accept,low_unc_low_risk
ISIC_0027845,nv,nv,3.9586503e-08,2.377016e-06,auto_accept,low_unc_low_risk
ISIC_0027559,bkl,bkl,2.9227467e-05,0.0020221523,auto_accept,low_unc_low_risk
ISIC_0028307,nv,nv,0.01376691,0.05720102,escalate,low_unc_low_risk
ISIC_0025710,bkl,bkl,0.0027773078,0.18539421,auto_accept,low_unc_low_risk
ISIC_0026144,nv,nv,3.8261377e-11,6.4072503e-10,auto_accept,low_unc_low_risk
ISIC_0030834,nv,nv,1.0936745e-08,2.4702563e-06,auto_accept,low_unc_low_risk
ISIC_0029564,bcc,bcc,4.763946e-09,0.99995613,escalate,low_unc_high_risk
ISIC_0029637,nv,nv,1.571259e-10,1.884012e-08,auto_accept,low_unc_low_risk
ISIC_0032034,nv,bkl,0.007868374,0.20145565,auto_accept,low_unc_low_risk
ISIC_0029996,nv,nv,7.1554304e-11,1.98207e-10,auto_accept,low_unc_low_risk
ISIC_0025816,nv,nv,0.0049754614,0.02464949,auto_accept,low_unc_low_risk
ISIC_0031014,nv,nv,0.0011690073,0.025977135,auto_accept,low_unc_low_risk
ISIC_0033614,nv,nv,0.00042331027,0.00810673,auto_accept,low_unc_low_risk
ISIC_0028783,nv,nv,7.9009316e-10,1.32810385e-08,auto_accept,low_unc_low_risk
ISIC_0025255,nv,nv,5.5972378e-06,3.0270296e-06,auto_accept,low_unc_low_risk
ISIC_0027055,nv,nv,2.6066e-07,8.1031595e-07,auto_accept,low_unc_low_risk
ISIC_0029350,nv,nv,9.215415e-07,9.814405e-08,auto_accept,low_unc_low_risk
ISIC_0024695,nv,nv,1.1474774e-08,1.5604633e-06,auto_accept,low_unc_low_risk
ISIC_0032033,nv,nv,0.0018692574,1.9877282e-08,auto_accept,low_unc_low_risk
ISIC_0025257,nv,mel,0.019335449,0.58333224,escalate,high_unc_low_risk
ISIC_0027949,nv,mel,0.0039485926,0.8358167,auto_accept,low_unc_low_risk
ISIC_0030563,nv,nv,1.8963766e-08,9.937351e-08,auto_accept,low_unc_low_risk
ISIC_0029817,nv,nv,2.5863762e-09,4.966111e-10,auto_accept,low_unc_low_risk
ISIC_0034272,nv,nv,0.0005736131,0.00016287953,auto_accept,low_unc_low_risk
ISIC_0027881,nv,nv,4.1960158e-07,2.8816993e-07,auto_accept,low_unc_low_risk
ISIC_0027301,nv,nv,2.3414615e-09,6.0982697e-10,auto_accept,low_unc_low_risk
ISIC_0025131,bkl,bkl,1.3764722e-07,4.0276328e-07,auto_accept,low_unc_low_risk
ISIC_0032767,nv,nv,0.011932072,0.13409439,auto_accept,low_unc_low_risk
ISIC_0031377,mel,nv,0.0025029606,0.017959448,auto_accept,low_unc_low_risk
ISIC_0025132,mel,mel,0.01723365,0.7663707,escalate,high_unc_low_risk
ISIC_0031795,mel,mel,0.0026833494,0.99633104,auto_accept,low_unc_low_risk
ISIC_0029250,nv,nv,6.692054e-09,5.875083e-07,auto_accept,low_unc_low_risk
ISIC_0033032,nv,nv,5.242728e-07,1.3788924e-07,auto_accept,low_unc_low_risk
ISIC_0024433,nv,nv,6.1440886e-07,4.9455855e-07,auto_accept,low_unc_low_risk
ISIC_0027395,nv,nv,5.6230757e-08,1.279731e-07,auto_accept,low_unc_low_risk
ISIC_0031555,nv,nv,0.0036647436,0.0052676285,auto_accept,low_unc_low_risk
ISIC_0024983,nv,nv,6.523431e-07,4.799699e-09,auto_accept,low_unc_low_risk
ISIC_0028195,nv,mel,0.0064072465,0.7463534,auto_accept,low_unc_low_risk
ISIC_0024552,mel,mel,0.0050575905,0.94002426,auto_accept,low_unc_low_risk
ISIC_0025465,bkl,bkl,0.0026228477,0.031179983,auto_accept,low_unc_low_risk
ISIC_0033760,nv,nv,1.831012e-05,3.9832386e-07,auto_accept,low_unc_low_risk
ISIC_0026901,nv,nv,2.4880048e-05,0.00070684095,auto_accept,low_unc_low_risk
ISIC_0029923,nv,nv,0.014289387,3.366873e-07,escalate,high_unc_low_risk
ISIC_0024560,nv,nv,0.011512944,0.06670879,auto_accept,low_unc_low_risk
ISIC_0024911,mel,nv,0.0021859466,0.03904257,auto_accept,low_unc_low_risk
ISIC_0032110,mel,mel,2.6327922e-05,0.99873894,auto_accept,low_unc_low_risk
ISIC_0027765,nv,nv,2.9604797e-07,3.0160276e-08,auto_accept,low_unc_low_risk
ISIC_0032293,nv,nv,1.972287e-05,0.0007084507,auto_accept,low_unc_low_risk
ISIC_0031560,nv,nv,0.0040389327,0.003623723,auto_accept,low_unc_low_risk
ISIC_0031690,nv,nv,3.283099e-09,2.1738058e-08,auto_accept,low_unc_low_risk
ISIC_0025570,nv,nv,1.5738526e-06,2.2732334e-07,auto_accept,low_unc_low_risk
ISIC_0030705,bkl,bkl,4.416427e-06,2.7530104e-08,auto_accept,low_unc_low_risk
ISIC_0031466,nv,nv,1.1809355e-05,2.4675862e-06,auto_accept,low_unc_low_risk
ISIC_0027963,nv,nv,0.00014888668,0.0020731497,auto_accept,low_unc_low_risk
ISIC_0031725,nv,nv,6.453572e-05,4.969776e-05,auto_accept,low_unc_low_risk
ISIC_0033759,nv,nv,1.016948e-05,6.430563e-05,auto_accept,low_unc_low_risk
ISIC_0025573,mel,mel,0.017349005,0.20954101,escalate,high_unc_low_risk
ISIC_0030265,nv,nv,4.6728076e-08,3.107662e-06,auto_accept,low_unc_low_risk
ISIC_0030681,mel,mel,0.004379421,0.9247905,auto_accept,low_unc_low_risk
ISIC_0028435,nv,nv,1.7669256e-08,1.225172e-07,auto_accept,low_unc_low_risk
ISIC_0025777,bkl,bkl,0.0011937461,0.020212742,auto_accept,low_unc_low_risk
ISIC_0024421,nv,nv,0.0026374855,2.0028721e-05,auto_accept,low_unc_low_risk
ISIC_0026480,nv,nv,0.0010319675,0.002592313,auto_accept,low_unc_low_risk
ISIC_0030615,nv,nv,0.016663175,0.05624448,escalate,high_unc_low_risk
ISIC_0032170,bkl,bkl,0.0012744624,7.776402e-05,auto_accept,low_unc_low_risk
ISIC_0025071,nv,nv,2.9800907e-05,3.1948327e-06,auto_accept,low_unc_low_risk
ISIC_0028903,nv,nv,7.732538e-05,0.0009957118,auto_accept,low_unc_low_risk
ISIC_0025385,nv,nv,5.056721e-10,2.916176e-10,auto_accept,low_unc_low_risk
ISIC_0030213,nv,nv,0.00031678236,1.3100171e-05,auto_accept,low_unc_low_risk
ISIC_0033159,nv,nv,7.5168165e-09,2.5409758e-08,auto_accept,low_unc_low_risk
ISIC_0026891,nv,nv,0.00010068096,1.4743818e-05,auto_accept,low_unc_low_risk
ISIC_0028428,nv,nv,2.6384615e-08,1.1313432e-07,auto_accept,low_unc_low_risk
ISIC_0034258,nv,nv,9.40035e-05,0.00041709465,auto_accept,low_unc_low_risk
ISIC_0028630,nv,nv,2.5386738e-08,2.563571e-10,auto_accept,low_unc_low_risk
ISIC_0030713,nv,nv,1.7847848e-08,1.7580804e-07,auto_accept,low_unc_low_risk
ISIC_0031753,bkl,bkl,1.0492192e-05,0.0017490475,auto_accept,low_unc_low_risk
ISIC_0031485,bkl,nv,0.00566938,0.00084364414,auto_accept,low_unc_low_risk
ISIC_0026075,nv,nv,2.260912e-08,4.3233864e-11,auto_accept,low_unc_low_risk
ISIC_0024719,nv,nv,1.3173823e-09,1.6701314e-06,auto_accept,low_unc_low_risk
ISIC_0025202,nv,nv,2.6624802e-09,8.8786436e-08,auto_accept,low_unc_low_risk
ISIC_0030147,nv,nv,1.2722652e-08,1.2819432e-07,auto_accept,low_unc_low_risk
ISIC_0026217,nv,nv,0.00020365408,0.01094387,auto_accept,low_unc_low_risk
ISIC_0028859,nv,nv,0.013397905,0.16776358,escalate,low_unc_low_risk
ISIC_0031055,nv,nv,1.599236e-07,1.3234236e-07,auto_accept,low_unc_low_risk
ISIC_0024990,nv,nv,1.2938704e-10,1.0435865e-08,auto_accept,low_unc_low_risk
ISIC_0030110,mel,mel,0.022406619,0.5808619,escalate,high_unc_low_risk
ISIC_0032517,mel,mel,3.032349e-05,0.9885477,auto_accept,low_unc_low_risk
ISIC_0032942,nv,nv,2.930537e-07,2.3859486e-05,auto_accept,low_unc_low_risk
ISIC_0030641,nv,nv,5.93482e-07,3.5097248e-05,auto_accept,low_unc_low_risk
ISIC_0025607,nv,nv,6.247415e-06,1.707288e-08,auto_accept,low_unc_low_risk
ISIC_0029694,nv,nv,8.206295e-07,6.8812744e-07,auto_accept,low_unc_low_risk
ISIC_0027905,bkl,nv,0.016693816,0.074398436,escalate,high_unc_low_risk
ISIC_0030677,bkl,bkl,0.0090415245,0.345086,auto_accept,low_unc_low_risk
ISIC_0030015,df,df,0.0001539425,0.00230748,auto_accept,low_unc_low_risk
ISIC_0024368,nv,nv,4.5562976e-07,6.8722767e-07,auto_accept,low_unc_low_risk
ISIC_0030985,nv,nv,8.457356e-11,1.5104125e-10,auto_accept,low_unc_low_risk
ISIC_0027219,bkl,bkl,4.9656355e-05,0.012356789,auto_accept,low_unc_low_risk
ISIC_0026431,nv,nv,6.0141747e-06,1.5709678e-06,auto_accept,low_unc_low_risk
ISIC_0028914,nv,nv,2.8740005e-05,4.1105995e-06,auto_accept,low_unc_low_risk
ISIC_0030768,bkl,bkl,9.944041e-05,0.0002571427,auto_accept,low_unc_low_risk
ISIC_0025123,nv,bkl,0.009419675,0.10516449,auto_accept,low_unc_low_risk
ISIC_0032492,nv,nv,3.529569e-05,0.00017557976,auto_accept,low_unc_low_risk
ISIC_0026292,nv,nv,3.2009562e-09,3.0924224e-07,auto_accept,low_unc_low_risk
ISIC_0030917,nv,nv,2.714722e-05,6.917991e-07,auto_accept,low_unc_low_risk
ISIC_0031137,nv,nv,0.0001920537,0.002486938,auto_accept,low_unc_low_risk
ISIC_0025739,nv,nv,2.4064954e-12,1.0111845e-10,auto_accept,low_unc_low_risk
ISIC_0029640,nv,nv,0.00076629594,5.6965848e-05,auto_accept,low_unc_low_risk
ISIC_0028712,nv,nv,5.074278e-11,1.7813309e-10,auto_accept,low_unc_low_risk
ISIC_0033037,mel,mel,0.0010643207,0.96505606,auto_accept,low_unc_low_risk
ISIC_0028959,nv,nv,4.032882e-07,1.5779437e-06,auto_accept,low_unc_low_risk
ISIC_0027805,nv,nv,6.820893e-08,1.5922622e-09,auto_accept,low_unc_low_risk
ISIC_0032169,nv,nv,1.121261e-08,9.309313e-13,auto_accept,low_unc_low_risk
ISIC_0033400,bkl,bkl,0.00016859653,0.00021122617,auto_accept,low_unc_low_risk
ISIC_0025560,nv,nv,1.8645663e-08,1.0547285e-06,auto_accept,low_unc_low_risk
ISIC_0029836,bkl,bkl,0.00020579946,0.0011311813,auto_accept,low_unc_low_risk
ISIC_0028137,nv,nv,2.1347375e-07,1.5955623e-06,auto_accept,low_unc_low_risk
ISIC_0028006,nv,nv,4.698041e-06,0.00032665872,auto_accept,low_unc_low_risk
ISIC_0027520,nv,nv,1.468383e-10,9.2375857e-10,auto_accept,low_unc_low_risk
ISIC_0029990,nv,nv,6.3652517e-10,5.20755e-09,auto_accept,low_unc_low_risk
ISIC_0024344,nv,mel,0.001076141,0.84781766,auto_accept,low_unc_low_risk
ISIC_0026169,nv,nv,7.14004e-10,3.7159724e-09,auto_accept,low_unc_low_risk
ISIC_0031715,nv,nv,0.00018450666,0.0021375867,auto_accept,low_unc_low_risk
ISIC_0026808,nv,nv,5.6549453e-08,6.063839e-07,auto_accept,low_unc_low_risk
ISIC_0032291,nv,nv,1.0222273e-06,2.9099672e-05,auto_accept,low_unc_low_risk
ISIC_0028610,nv,nv,0.00024333554,0.00024949407,auto_accept,low_unc_low_risk
ISIC_0025526,bkl,bkl,0.010698743,0.45645362,auto_accept,low_unc_low_risk
ISIC_0033646,bkl,bkl,8.0391146e-05,0.0031685717,auto_accept,low_unc_low_risk
ISIC_0024960,nv,nv,2.4170417e-06,3.7574406e-05,auto_accept,low_unc_low_risk
ISIC_0029623,nv,nv,1.3598874e-05,7.760059e-08,auto_accept,low_unc_low_risk
ISIC_0029482,nv,nv,6.999654e-07,1.0707364e-06,auto_accept,low_unc_low_risk
ISIC_0032237,nv,nv,3.4852696e-10,1.0693007e-08,auto_accept,low_unc_low_risk
ISIC_0032065,nv,bkl,0.0054122587,0.00037644137,auto_accept,low_unc_low_risk
ISIC_0028791,nv,nv,0.010782826,0.03391344,auto_accept,low_unc_low_risk
ISIC_0033362,mel,mel,0.012941489,0.67514753,escalate,low_unc_low_risk
ISIC_0030667,nv,nv,3.1730834e-09,1.279454e-07,auto_accept,low_unc_low_risk
ISIC_0031696,nv,nv,3.1520744e-07,4.208709e-05,auto_accept,low_unc_low_risk
ISIC_0031837,nv,nv,1.1591844e-06,1.1329644e-06,auto_accept,low_unc_low_risk
ISIC_0024408,bkl,bkl,1.9378642e-05,0.008393664,auto_accept,low_unc_low_risk
ISIC_0025962,nv,nv,6.05396e-07,1.6474969e-05,auto_accept,low_unc_low_risk
ISIC_0027942,nv,nv,2.9250415e-09,6.2735324e-08,auto_accept,low_unc_low_risk
ISIC_0025749,nv,nv,1.9247894e-07,7.8920176e-10,auto_accept,low_unc_low_risk
ISIC_0031577,bkl,nv,0.007923507,0.00012585992,auto_accept,low_unc_low_risk
ISIC_0027272,nv,nv,2.279738e-08,2.4734194e-07,auto_accept,low_unc_low_risk
ISIC_0027839,nv,nv,0.010750214,0.11451818,auto_accept,low_unc_low_risk
ISIC_0033717,mel,mel,0.024367135,0.66757864,escalate,high_unc_low_risk
ISIC_0025819,bkl,bkl,4.313518e-06,0.0031338467,auto_accept,low_unc_low_risk
ISIC_0029927,bkl,bkl,0.00017788316,0.012222967,auto_accept,low_unc_low_risk
ISIC_0027926,nv,nv,1.2958144e-08,2.997131e-09,auto_accept,low_unc_low_risk
ISIC_0031283,nv,nv,1.14266915e-10,1.4909497e-09,auto_accept,low_unc_low_risk
ISIC_0024586,mel,nv,0.011967908,0.22527564,auto_accept,low_unc_low_risk
ISIC_0024705,bkl,bkl,1.2165118e-05,0.01143433,auto_accept,low_unc_low_risk
ISIC_0026699,nv,nv,3.6280567e-06,1.2786121e-05,auto_accept,low_unc_low_risk
ISIC_0034181,nv,nv,0.0067834635,0.0778494,auto_accept,low_unc_low_risk
ISIC_0026685,nv,nv,4.087868e-06,3.061029e-06,auto_accept,low_unc_low_risk
ISIC_0026039,nv,nv,4.9045294e-08,3.201531e-12,auto_accept,low_unc_low_risk
ISIC_0031895,nv,nv,4.68875e-07,8.535317e-06,auto_accept,low_unc_low_risk
ISIC_0026278,nv,nv,1.2852213e-06,5.7828624e-06,auto_accept,low_unc_low_risk
ISIC_0025487,nv,nv,2.5600714e-06,3.1663756e-08,auto_accept,low_unc_low_risk
ISIC_0026256,nv,nv,4.9357194e-08,3.1043037e-08,auto_accept,low_unc_low_risk
ISIC_0025148,nv,nv,0.012109386,0.024428431,auto_accept,low_unc_low_risk
ISIC_0028263,nv,nv,1.0070614e-06,4.8731403e-05,auto_accept,low_unc_low_risk
ISIC_0026617,nv,nv,1.8810707e-06,7.534047e-05,auto_accept,low_unc_low_risk
ISIC_0028770,nv,nv,6.0480727e-09,3.310935e-06,auto_accept,low_unc_low_risk
ISIC_0025588,nv,nv,0.0019118648,0.00090880954,auto_accept,low_unc_low_risk
ISIC_0029627,bkl,bkl,0.009018132,0.3164793,auto_accept,low_unc_low_risk
ISIC_0025773,nv,nv,2.1683216e-05,0.0007236669,auto_accept,low_unc_low_risk
ISIC_0028845,nv,nv,3.3207647e-07,1.7461662e-06,auto_accept,low_unc_low_risk
ISIC_0027521,nv,nv,3.773087e-07,1.0729826e-05,auto_accept,low_unc_low_risk
ISIC_0032193,nv,nv,5.8052424e-06,1.029614e-06,auto_accept,low_unc_low_risk
ISIC_0030121,nv,nv,0.0010088,0.0069656787,auto_accept,low_unc_low_risk
ISIC_0024769,nv,nv,9.9886776e-08,2.721382e-09,auto_accept,low_unc_low_risk
ISIC_0030517,nv,nv,2.0679845e-07,1.5319999e-09,auto_accept,low_unc_low_risk
ISIC_0024933,nv,nv,8.686201e-05,0.006737595,auto_accept,low_unc_low_risk
ISIC_0026536,nv,nv,2.0200562e-12,2.2154002e-07,auto_accept,low_unc_low_risk
ISIC_0024650,nv,nv,8.213028e-06,3.9767475e-08,auto_accept,low_unc_low_risk
ISIC_0033126,nv,nv,0.0003437218,4.8562448e-05,auto_accept,low_unc_low_risk
ISIC_0028798,nv,nv,1.6308886e-05,0.00017611663,auto_accept,low_unc_low_risk
ISIC_0030850,nv,nv,8.4093806e-08,1.5727006e-06,auto_accept,low_unc_low_risk
ISIC_0034234,nv,nv,5.6039753e-06,3.492811e-06,auto_accept,low_unc_low_risk
ISIC_0030518,nv,nv,9.507804e-07,1.7160826e-05,auto_accept,low_unc_low_risk
ISIC_0030501,mel,mel,0.0042244433,0.9611213,auto_accept,low_unc_low_risk
ISIC_0031155,nv,nv,5.2214828e-06,0.0013661328,auto_accept,low_unc_low_risk
ISIC_0030546,nv,nv,0.005479408,4.756421e-05,auto_accept,low_unc_low_risk
ISIC_0032496,nv,nv,0.0022361467,4.8169524e-05,auto_accept,low_unc_low_risk
ISIC_0029843,mel,nv,0.014199445,0.2093973,escalate,high_unc_low_risk
ISIC_0029475,nv,nv,0.0057268897,0.02357148,auto_accept,low_unc_low_risk
ISIC_0028840,bkl,bkl,0.00036198506,0.0361003,auto_accept,low_unc_low_risk
ISIC_0031796,nv,nv,0.014325098,3.974158e-06,escalate,high_unc_low_risk
ISIC_0025740,nv,nv,6.708721e-08,1.2283753e-07,auto_accept,low_unc_low_risk
ISIC_0027840,nv,nv,0.0008108019,0.0011472052,auto_accept,low_unc_low_risk
ISIC_0026506,mel,mel,0.023405075,0.7652723,escalate,high_unc_low_risk
ISIC_0024862,nv,bkl,0.015991112,0.45782852,escalate,high_unc_low_risk
ISIC_0032417,bkl,bkl,8.294131e-05,8.622301e-06,auto_accept,low_unc_low_risk
ISIC_0029592,nv,nv,0.00016083261,0.0005661314,auto_accept,low_unc_low_risk
ISIC_0030373,nv,nv,2.1057833e-06,1.2606048e-06,auto_accept,low_unc_low_risk
ISIC_0026358,nv,nv,0.00010020162,0.00015492193,auto_accept,low_unc_low_risk
ISIC_0031303,mel,mel,0.0003007047,0.9853334,auto_accept,low_unc_low_risk
ISIC_0025054,nv,nv,0.0041136793,4.7189664e-05,auto_accept,low_unc_low_risk
ISIC_0027661,nv,nv,3.2095662e-10,5.910626e-09,auto_accept,low_unc_low_risk
ISIC_0033863,mel,mel,0.0036854956,0.9813975,auto_accept,low_unc_low_risk
ISIC_0024880,bkl,bkl,0.001657801,1.0746909e-05,auto_accept,low_unc_low_risk
ISIC_0025548,bkl,bkl,0.00028590043,0.006803922,auto_accept,low_unc_low_risk
ISIC_0030479,nv,nv,0.003959088,0.0029087162,auto_accept,low_unc_low_risk
ISIC_0030127,nv,nv,0.0009844003,0.0008285239,auto_accept,low_unc_low_risk
ISIC_0032211,nv,nv,1.9075171e-06,4.9576124e-07,auto_accept,low_unc_low_risk
ISIC_0025706,nv,nv,5.3504503e-09,1.8397603e-06,auto_accept,low_unc_low_risk
ISIC_0026086,mel,mel,0.0014399615,0.9950251,auto_accept,low_unc_low_risk
ISIC_0030523,nv,nv,3.735115e-08,6.0865844e-08,auto_accept,low_unc_low_risk
ISIC_0028694,nv,nv,0.004950314,0.0009987768,auto_accept,low_unc_low_risk
ISIC_0025723,nv,nv,0.00025671293,0.0026186884,auto_accept,low_unc_low_risk
ISIC_0024754,nv,nv,9.933924e-06,4.2102783e-05,auto_accept,low_unc_low_risk
ISIC_0030793,nv,nv,0.013687578,0.20421408,escalate,low_unc_low_risk
ISIC_0026543,nv,nv,1.6029373e-08,1.9037462e-07,auto_accept,low_unc_low_risk
ISIC_0027028,nv,nv,4.9157514e-09,8.7514856e-08,auto_accept,low_unc_low_risk
ISIC_0030357,nv,nv,1.7302458e-05,2.2209766e-05,auto_accept,low_unc_low_risk
ISIC_0032992,nv,nv,0.00013979847,4.8746744e-05,auto_accept,low_unc_low_risk
ISIC_0030997,nv,nv,5.1550906e-08,3.2908882e-09,auto_accept,low_unc_low_risk
ISIC_0033565,vasc,vasc,1.9594903e-12,3.5910893e-05,auto_accept,low_unc_low_risk
ISIC_0027096,nv,nv,3.0461724e-09,2.6108005e-09,auto_accept,low_unc_low_risk
ISIC_0026238,nv,nv,5.075126e-06,1.9119612e-07,auto_accept,low_unc_low_risk
ISIC_0024524,nv,nv,0.009483593,0.043208152,auto_accept,low_unc_low_risk
ISIC_0031693,nv,nv,4.400014e-05,3.391217e-06,auto_accept,low_unc_low_risk
ISIC_0028867,nv,nv,0.0004066342,0.0012321104,auto_accept,low_unc_low_risk
ISIC_0031084,nv,nv,8.89396e-09,8.5524935e-06,auto_accept,low_unc_low_risk
ISIC_0028980,bcc,bcc,1.7167698e-06,0.9999114,auto_accept,low_unc_low_risk
ISIC_0028288,mel,mel,0.0012962924,0.95123297,auto_accept,low_unc_low_risk
ISIC_0030853,nv,nv,6.0332597e-09,2.3576678e-09,auto_accept,low_unc_low_risk
ISIC_0030062,nv,nv,1.6405088e-10,1.1433645e-09,auto_accept,low_unc_low_risk
ISIC_0031352,bkl,bkl,6.3563252e-06,0.0033125326,auto_accept,low_unc_low_risk
ISIC_0030671,nv,nv,6.2126557e-09,1.8216412e-10,auto_accept,low_unc_low_risk
ISIC_0034225,nv,nv,2.0511807e-06,0.00014546547,auto_accept,low_unc_low_risk
ISIC_0025429,nv,nv,3.505518e-09,8.337577e-09,auto_accept,low_unc_low_risk
ISIC_0026301,bkl,mel,0.010291399,0.7977345,auto_accept,low_unc_low_risk
ISIC_0030884,nv,nv,7.822493e-11,1.1195205e-10,auto_accept,low_unc_low_risk
ISIC_0032797,mel,mel,0.01111901,0.8430966,auto_accept,low_unc_low_risk
ISIC_0028361,mel,mel,4.590326e-05,0.9915843,auto_accept,low_unc_low_risk
ISIC_0029400,nv,nv,8.8474074e-08,1.8875404e-05,auto_accept,low_unc_low_risk
ISIC_0029234,nv,nv,3.3694067e-07,8.76e-07,auto_accept,low_unc_low_risk
ISIC_0028498,nv,mel,0.011625365,0.87906003,auto_accept,low_unc_low_risk
ISIC_0031647,nv,nv,2.1831622e-06,2.0923714e-12,auto_accept,low_unc_low_risk
ISIC_0026803,bkl,bkl,3.0188874e-05,0.0020410335,auto_accept,low_unc_low_risk
ISIC_0028949,nv,nv,1.5209325e-06,4.420188e-05,auto_accept,low_unc_low_risk
ISIC_0028072,nv,nv,1.790083e-05,1.8195456e-08,auto_accept,low_unc_low_risk
ISIC_0030540,nv,nv,0.00044809026,2.6194817e-07,auto_accept,low_unc_low_risk
ISIC_0029356,nv,nv,2.2405722e-07,2.4634573e-06,auto_accept,low_unc_low_risk
ISIC_0033236,nv,nv,0.006453366,0.003690019,auto_accept,low_unc_low_risk
ISIC_0025121,mel,mel,8.754899e-05,0.99411666,auto_accept,low_unc_low_risk
ISIC_0025182,akiec,df,0.0042009773,0.013547155,auto_accept,low_unc_low_risk
ISIC_0031888,bkl,bkl,2.6219248e-05,0.007577636,auto_accept,low_unc_low_risk
ISIC_0027019,nv,nv,5.335398e-07,5.026782e-06,auto_accept,low_unc_low_risk
ISIC_0030474,nv,nv,2.8371185e-06,2.8785564e-06,auto_accept,low_unc_low_risk
ISIC_0027762,nv,nv,3.4558179e-10,1.5738147e-08,auto_accept,low_unc_low_risk
ISIC_0026203,akiec,nv,0.014643805,0.21542361,escalate,high_unc_low_risk
ISIC_0032583,mel,mel,0.012946918,0.78807646,escalate,low_unc_low_risk
ISIC_0030368,nv,nv,3.904875e-09,6.014607e-08,auto_accept,low_unc_low_risk
ISIC_0033103,mel,mel,0.028199831,0.66421,escalate,high_unc_low_risk
ISIC_0032152,mel,mel,0.0007055789,0.98979414,auto_accept,low_unc_low_risk
ISIC_0024674,nv,nv,0.008213933,0.0005128642,auto_accept,low_unc_low_risk
ISIC_0031991,nv,bkl,0.0012931097,0.0022623602,auto_accept,low_unc_low_risk
ISIC_0027981,nv,nv,2.3315344e-05,0.0008812884,auto_accept,low_unc_low_risk
ISIC_0028947,nv,nv,0.00013870149,0.0020603586,auto_accept,low_unc_low_risk
ISIC_0027910,nv,nv,5.394114e-08,3.969325e-06,auto_accept,low_unc_low_risk
ISIC_0030788,nv,nv,9.1167623e-10,1.5126476e-09,auto_accept,low_unc_low_risk
ISIC_0031727,nv,nv,0.010455583,0.044918265,auto_accept,low_unc_low_risk
ISIC_0032386,nv,nv,4.0546544e-10,3.057744e-08,auto_accept,low_unc_low_risk
ISIC_0025061,nv,nv,0.001794773,0.0013752183,auto_accept,low_unc_low_risk
ISIC_0028248,nv,nv,1.0262899e-07,3.664565e-08,auto_accept,low_unc_low_risk
ISIC_0025631,nv,nv,0.001296377,0.011425075,auto_accept,low_unc_low_risk
ISIC_0026302,nv,nv,1.8018963e-09,2.172683e-07,auto_accept,low_unc_low_risk
ISIC_0029355,nv,bkl,0.011490733,0.083579965,auto_accept,low_unc_low_risk
ISIC_0028555,bkl,bkl,6.424526e-05,0.004969766,auto_accept,low_unc_low_risk
ISIC_0025294,nv,nv,1.1358235e-07,7.639249e-06,auto_accept,low_unc_low_risk
ISIC_0029646,nv,nv,5.941579e-11,2.1495408e-09,auto_accept,low_unc_low_risk
ISIC_0025929,nv,nv,1.1836074e-10,6.3471046e-09,auto_accept,low_unc_low_risk
ISIC_0027673,mel,mel,1.7083364e-06,0.9998795,auto_accept,low_unc_low_risk
ISIC_0025116,nv,nv,7.5063144e-05,6.9851114e-05,auto_accept,low_unc_low_risk
ISIC_0027211,nv,nv,0.019597342,0.045054905,escalate,high_unc_low_risk
ISIC_0028031,nv,nv,9.984112e-07,4.7112726e-06,auto_accept,low_unc_low_risk
ISIC_0032004,nv,nv,2.8436323e-06,0.00015412629,auto_accept,low_unc_low_risk
ISIC_0033615,nv,nv,0.0011282476,0.011962248,auto_accept,low_unc_low_risk
ISIC_0025032,bkl,bkl,0.0023527972,0.019421302,auto_accept,low_unc_low_risk
ISIC_0026487,nv,nv,3.0867468e-05,8.92297e-05,auto_accept,low_unc_low_risk
ISIC_0033185,bkl,mel,0.0019070733,0.9839256,auto_accept,low_unc_low_risk
ISIC_0025581,nv,nv,7.001911e-05,0.005271188,auto_accept,low_unc_low_risk
ISIC_0026482,nv,nv,5.9146142e-08,2.8183556e-06,auto_accept,low_unc_low_risk
ISIC_0027709,nv,nv,0.008001883,8.616943e-05,auto_accept,low_unc_low_risk
ISIC_0028471,nv,nv,6.782455e-07,6.696017e-06,auto_accept,low_unc_low_risk
ISIC_0030643,nv,nv,2.4331328e-05,1.0044231e-05,auto_accept,low_unc_low_risk
ISIC_0024307,nv,nv,1.0481546e-06,5.683714e-06,auto_accept,low_unc_low_risk
ISIC_0032571,nv,nv,9.837207e-07,0.00066190335,auto_accept,low_unc_low_risk
ISIC_0027255,nv,nv,0.012331927,0.44679323,auto_accept,low_unc_low_risk
ISIC_0029797,nv,nv,5.3780487e-12,6.9910834e-11,auto_accept,low_unc_low_risk
ISIC_0029579,nv,nv,1.0690193e-10,2.9326586e-10,auto_accept,low_unc_low_risk
ISIC_0030567,nv,nv,8.920155e-07,4.7652343e-10,auto_accept,low_unc_low_risk
ISIC_0027887,nv,nv,6.9738e-07,4.4711298e-05,auto_accept,low_unc_low_risk
ISIC_0025736,nv,nv,1.8693191e-10,7.2500833e-10,auto_accept,low_unc_low_risk
ISIC_0027853,nv,nv,1.8316841e-05,0.00019823732,auto_accept,low_unc_low_risk
ISIC_0024860,nv,nv,1.2144893e-07,7.764841e-08,auto_accept,low_unc_low_risk
ISIC_0028862,nv,nv,5.7888604e-07,5.9078666e-06,auto_accept,low_unc_low_risk
ISIC_0027707,nv,nv,0.00035140646,2.0169646e-05,auto_accept,low_unc_low_risk
ISIC_0033981,mel,mel,0.01372885,0.50499797,escalate,low_unc_low_risk
ISIC_0025698,nv,nv,3.3483087e-09,2.579551e-10,auto_accept,low_unc_low_risk
ISIC_0026770,mel,nv,0.0020817153,0.020453287,auto_accept,low_unc_low_risk
ISIC_0026450,nv,nv,6.196039e-11,5.842444e-13,auto_accept,low_unc_low_risk
ISIC_0032106,nv,nv,1.925069e-08,2.5520733e-06,auto_accept,low_unc_low_risk
ISIC_0029461,nv,nv,3.5216294e-06,1.4118841e-07,auto_accept,low_unc_low_risk
ISIC_0025538,nv,nv,7.544306e-09,1.116551e-08,auto_accept,low_unc_low_risk
ISIC_0029852,nv,nv,1.4366632e-08,5.1874163e-06,auto_accept,low_unc_low_risk
ISIC_0032676,nv,nv,0.00022766402,0.00022178677,auto_accept,low_unc_low_risk
ISIC_0025908,nv,nv,0.004784631,0.08903796,auto_accept,low_unc_low_risk
ISIC_0030498,nv,nv,2.4311444e-07,1.6077415e-08,auto_accept,low_unc_low_risk
ISIC_0027516,nv,nv,8.663034e-05,1.370757e-07,auto_accept,low_unc_low_risk
ISIC_0030327,nv,nv,2.4461228e-08,7.697261e-06,auto_accept,low_unc_low_risk
ISIC_0028416,nv,nv,1.3372904e-09,1.0233783e-08,auto_accept,low_unc_low_risk
ISIC_0026695,nv,nv,1.2010579e-10,1.0465076e-10,auto_accept,low_unc_low_risk
ISIC_0024765,nv,nv,1.8595865e-09,5.0512238e-08,auto_accept,low_unc_low_risk
ISIC_0032151,nv,mel,0.004110873,0.96923727,auto_accept,low_unc_low_risk
ISIC_0033875,nv,nv,0.0070484956,0.14339978,auto_accept,low_unc_low_risk
ISIC_0028124,bkl,bkl,0.00015460487,0.00095902063,auto_accept,low_unc_low_risk
ISIC_0024844,nv,nv,1.3167245e-07,5.968199e-08,auto_accept,low_unc_low_risk
ISIC_0026026,nv,nv,1.6630321e-10,6.260984e-11,auto_accept,low_unc_low_risk
ISIC_0031502,nv,nv,8.198201e-06,5.625944e-05,auto_accept,low_unc_low_risk
ISIC_0031387,nv,nv,1.5326157e-07,2.0442976e-06,auto_accept,low_unc_low_risk
ISIC_0028723,nv,nv,9.429718e-10,2.16276e-07,auto_accept,low_unc_low_risk
ISIC_0029749,nv,nv,0.0043182536,0.00067579065,auto_accept,low_unc_low_risk
ISIC_0030751,nv,nv,1.2165411e-06,9.574753e-07,auto_accept,low_unc_low_risk
ISIC_0026145,nv,nv,6.4902815e-05,0.002124405,auto_accept,low_unc_low_risk
ISIC_0029893,mel,mel,0.001989715,0.99825495,auto_accept,low_unc_low_risk
ISIC_0028397,nv,nv,2.3416906e-06,0.000321876,auto_accept,low_unc_low_risk
ISIC_0025192,nv,nv,5.72235e-10,2.8082899e-11,auto_accept,low_unc_low_risk
ISIC_0026307,nv,nv,1.3513765e-07,3.1446928e-06,auto_accept,low_unc_low_risk
ISIC_0027465,nv,nv,0.00070189673,0.000764708,auto_accept,low_unc_low_risk
ISIC_0026375,nv,nv,6.3415796e-06,5.3225494e-06,auto_accept,low_unc_low_risk
ISIC_0034249,nv,nv,0.0028419737,0.0018045178,auto_accept,low_unc_low_risk
ISIC_0033340,nv,nv,0.0052529424,0.1848749,auto_accept,low_unc_low_risk
ISIC_0030143,akiec,akiec,0.0042243456,0.9712092,auto_accept,low_unc_low_risk
ISIC_0032730,mel,mel,0.000567567,0.99963117,auto_accept,low_unc_low_risk
ISIC_0028906,nv,nv,2.9134756e-07,2.3257135e-06,auto_accept,low_unc_low_risk
ISIC_0028210,nv,nv,2.6101217e-05,0.00025628877,auto_accept,low_unc_low_risk
ISIC_0024736,nv,nv,0.0001518774,1.0722396e-06,auto_accept,low_unc_low_risk
ISIC_0028912,nv,nv,0.000112265814,9.671549e-06,auto_accept,low_unc_low_risk
ISIC_0033321,bkl,bkl,0.00073518656,0.01670074,auto_accept,low_unc_low_risk
ISIC_0027432,nv,nv,9.606049e-06,0.0004889973,auto_accept,low_unc_low_risk
ISIC_0033553,bkl,bkl,0.008618423,0.017232826,auto_accept,low_unc_low_risk
ISIC_0031116,nv,nv,1.5940994e-10,2.681333e-09,auto_accept,low_unc_low_risk
ISIC_0025830,bkl,bkl,1.1190081e-05,0.0025088463,auto_accept,low_unc_low_risk
ISIC_0032124,bkl,bkl,0.002217345,0.00030743517,auto_accept,low_unc_low_risk
ISIC_0026921,nv,nv,0.0070564067,0.022657339,auto_accept,low_unc_low_risk
ISIC_0029223,nv,bkl,0.002249164,0.047671765,auto_accept,low_unc_low_risk
ISIC_0030904,nv,nv,6.419009e-06,8.855684e-10,auto_accept,low_unc_low_risk
ISIC_0031347,nv,nv,2.7306763e-07,1.6332582e-05,auto_accept,low_unc_low_risk
ISIC_0032856,mel,mel,7.4920295e-05,0.9925464,auto_accept,low_unc_low_risk
ISIC_0028889,nv,nv,2.4538897e-08,6.3826536e-07,auto_accept,low_unc_low_risk
ISIC_0033528,bkl,bkl,7.613253e-05,0.015529799,auto_accept,low_unc_low_risk
ISIC_0026705,nv,nv,0.0014688065,0.014927966,auto_accept,low_unc_low_risk
ISIC_0027527,bkl,bkl,0.00041510124,0.010102268,auto_accept,low_unc_low_risk
ISIC_0030481,nv,nv,7.213401e-09,2.8785297e-07,auto_accept,low_unc_low_risk
ISIC_0029184,nv,nv,3.6569672e-05,0.00018615741,auto_accept,low_unc_low_risk
ISIC_0027880,nv,nv,0.00013132438,8.882925e-05,auto_accept,low_unc_low_risk
ISIC_0030155,nv,nv,0.00029680206,2.6863643e-06,auto_accept,low_unc_low_risk
ISIC_0034291,bkl,bkl,1.416111e-05,9.180768e-06,auto_accept,low_unc_low_risk
ISIC_0025519,bkl,bkl,0.0007004765,0.0041699,auto_accept,low_unc_low_risk
ISIC_0032594,nv,nv,0.0007069249,0.021013826,auto_accept,low_unc_low_risk
ISIC_0024770,bkl,bkl,0.0006338977,0.004008671,auto_accept,low_unc_low_risk
ISIC_0025108,nv,nv,0.0011089223,0.0018905038,auto_accept,low_unc_low_risk
ISIC_0030109,nv,nv,1.2362206e-09,4.5453497e-08,auto_accept,low_unc_low_risk
ISIC_0029506,nv,nv,8.9055885e-07,1.5196689e-06,auto_accept,low_unc_low_risk
ISIC_0027399,nv,nv,2.8247754e-08,5.936219e-08,auto_accept,low_unc_low_risk
ISIC_0028267,nv,nv,1.7920244e-07,4.222933e-05,auto_accept,low_unc_low_risk
ISIC_0026624,nv,nv,4.112183e-08,2.3449567e-05,auto_accept,low_unc_low_risk
ISIC_0032155,nv,nv,2.1783559e-07,2.1897122e-06,auto_accept,low_unc_low_risk
ISIC_0028062,nv,nv,0.0015098492,4.5017885e-05,auto_accept,low_unc_low_risk
ISIC_0032659,nv,nv,0.00039505676,0.0039919694,auto_accept,low_unc_low_risk
ISIC_0024801,nv,nv,6.9941455e-11,1.7796568e-10,auto_accept,low_unc_low_risk
ISIC_0029931,bkl,bkl,3.0095327e-05,0.0010058422,auto_accept,low_unc_low_risk
ISIC_0025997,nv,nv,1.03456665e-08,1.024466e-06,auto_accept,low_unc_low_risk
ISIC_0029908,nv,nv,1.6824035e-08,3.8092207e-05,auto_accept,low_unc_low_risk
ISIC_0026629,df,df,0.0004199065,3.4926977e-06,auto_accept,low_unc_low_risk
ISIC_0029662,nv,nv,6.640533e-05,5.8006462e-05,auto_accept,low_unc_low_risk
ISIC_0025670,nv,nv,6.6188494e-07,1.9908091e-08,auto_accept,low_unc_low_risk
ISIC_0026010,nv,nv,4.0811923e-07,5.1099283e-07,auto_accept,low_unc_low_risk
ISIC_0027288,nv,nv,1.1022163e-06,6.13029e-11,auto_accept,low_unc_low_risk
ISIC_0029393,nv,nv,1.0628706e-05,3.156229e-05,auto_accept,low_unc_low_risk
ISIC_0027112,nv,nv,0.0002516168,2.7522565e-05,auto_accept,low_unc_low_risk
ISIC_0025846,nv,mel,0.01283395,0.9432594,escalate,low_unc_low_risk
ISIC_0028834,nv,nv,0.017953645,0.53731114,escalate,high_unc_low_risk
ISIC_0030482,nv,nv,8.782929e-08,3.2587167e-07,auto_accept,low_unc_low_risk
ISIC_0030564,mel,bkl,0.0067111286,0.11321079,auto_accept,low_unc_low_risk
ISIC_0026184,nv,nv,8.858366e-08,7.971959e-10,auto_accept,low_unc_low_risk
ISIC_0031456,nv,nv,0.00026601195,3.1949728e-06,auto_accept,low_unc_low_risk
ISIC_0030316,bkl,bkl,0.0087049175,0.0006749231,auto_accept,low_unc_low_risk
ISIC_0032113,bkl,nv,0.010640284,0.010215455,auto_accept,low_unc_low_risk
ISIC_0024377,nv,nv,0.0099286465,0.04790918,auto_accept,low_unc_low_risk
ISIC_0032945,nv,nv,1.1238175e-07,2.078867e-07,auto_accept,low_unc_low_risk
ISIC_0029807,nv,nv,0.000118770404,5.2656225e-07,auto_accept,low_unc_low_risk
ISIC_0029336,nv,nv,3.9253518e-07,5.845992e-07,auto_accept,low_unc_low_risk
ISIC_0029256,nv,nv,3.8468957e-07,9.762109e-07,auto_accept,low_unc_low_risk
ISIC_0027745,df,df,5.010322e-12,9.706307e-07,auto_accept,low_unc_low_risk
ISIC_0028018,nv,nv,1.0089897e-08,2.1373319e-06,auto_accept,low_unc_low_risk
ISIC_0033308,nv,nv,5.393818e-07,5.8640495e-07,auto_accept,low_unc_low_risk
ISIC_0024922,nv,nv,0.0061229942,0.25747678,auto_accept,low_unc_low_risk
ISIC_0033677,bkl,bkl,1.4715619e-05,0.0019061709,auto_accept,low_unc_low_risk
ISIC_0032586,mel,mel,1.1243959e-05,0.999765,auto_accept,low_unc_low_risk
ISIC_0024773,bkl,bkl,0.00059827743,0.051396098,auto_accept,low_unc_low_risk
ISIC_0031049,nv,nv,0.010907854,0.057620008,auto_accept,low_unc_low_risk
ISIC_0024578,nv,nv,0.0006879465,0.0008718407,auto_accept,low_unc_low_risk
ISIC_0028328,nv,nv,9.441772e-09,2.2679622e-08,auto_accept,low_unc_low_risk
ISIC_0026681,nv,nv,8.4995875e-08,5.7638727e-06,auto_accept,low_unc_low_risk
ISIC_0026928,nv,nv,4.888772e-07,3.7970432e-07,auto_accept,low_unc_low_risk
ISIC_0031383,nv,nv,0.00011953504,0.0002544401,auto_accept,low_unc_low_risk
ISIC_0033467,nv,nv,4.9829787e-06,6.248989e-06,auto_accept,low_unc_low_risk
ISIC_0024538,nv,nv,8.379769e-05,0.0014149447,auto_accept,low_unc_low_risk
ISIC_0032477,nv,nv,0.00030185093,8.080234e-05,auto_accept,low_unc_low_risk
ISIC_0029048,bkl,bkl,1.5001903e-05,1.5244009e-06,auto_accept,low_unc_low_risk
ISIC_0029338,nv,nv,2.039318e-07,2.7364779e-08,auto_accept,low_unc_low_risk
ISIC_0024810,nv,nv,9.8691235e-06,2.6332273e-07,auto_accept,low_unc_low_risk
ISIC_0031334,bkl,bkl,0.004316201,0.12982221,auto_accept,low_unc_low_risk
ISIC_0031650,bkl,bkl,0.0017445518,0.013047395,auto_accept,low_unc_low_risk
ISIC_0025451,mel,nv,0.00014289236,0.0071216314,auto_accept,low_unc_low_risk
ISIC_0025872,nv,nv,7.067807e-10,2.4014393e-11,auto_accept,low_unc_low_risk
ISIC_0032590,nv,nv,0.00037412805,0.0032090782,auto_accept,low_unc_low_risk
ISIC_0029384,bkl,bkl,4.9549607e-07,5.2929314e-05,auto_accept,low_unc_low_risk
ISIC_0025181,nv,nv,0.004133332,0.08919929,auto_accept,low_unc_low_risk
ISIC_0030306,nv,nv,5.582355e-06,3.3370412e-10,auto_accept,low_unc_low_risk
ISIC_0034162,mel,mel,5.8106114e-05,0.99733824,auto_accept,low_unc_low_risk
ISIC_0033035,nv,nv,0.0002428561,0.008437345,auto_accept,low_unc_low_risk
ISIC_0025359,nv,nv,0.00012860415,7.991756e-06,auto_accept,low_unc_low_risk
ISIC_0030912,nv,nv,0.007783706,0.0025238094,auto_accept,low_unc_low_risk
ISIC_0032672,mel,mel,9.933444e-06,0.99950385,auto_accept,low_unc_low_risk
ISIC_0033529,bkl,bkl,0.00046242352,0.0008974634,auto_accept,low_unc_low_risk
ISIC_0033066,nv,nv,0.003140656,0.000994035,auto_accept,low_unc_low_risk
ISIC_0033574,nv,nv,8.112838e-06,0.00015512916,auto_accept,low_unc_low_risk
ISIC_0025051,nv,nv,0.0035585451,0.0952835,auto_accept,low_unc_low_risk
ISIC_0027142,bkl,nv,0.009337798,6.869668e-05,auto_accept,low_unc_low_risk
ISIC_0027225,nv,nv,4.7185178e-05,0.0011573177,auto_accept,low_unc_low_risk
ISIC_0026304,nv,nv,6.005186e-06,3.738361e-07,auto_accept,low_unc_low_risk
ISIC_0025303,mel,mel,0.011088361,0.80524486,auto_accept,low_unc_low_risk
ISIC_0032226,nv,nv,0.015878724,0.12609923,escalate,high_unc_low_risk
ISIC_0026474,nv,nv,7.920341e-09,6.2335985e-08,auto_accept,low_unc_low_risk
ISIC_0027220,nv,nv,2.2579685e-07,1.2933785e-06,auto_accept,low_unc_low_risk
ISIC_0024631,nv,nv,1.4071384e-07,4.0023913e-08,auto_accept,low_unc_low_risk
ISIC_0030905,nv,nv,0.0011519339,8.4657665e-07,auto_accept,low_unc_low_risk
ISIC_0030322,nv,nv,0.00047304734,8.898058e-05,auto_accept,low_unc_low_risk
ISIC_0033319,nv,nv,6.3807315e-06,0.0007981844,auto_accept,low_unc_low_risk
ISIC_0031580,bkl,bkl,0.0036854316,0.121404305,auto_accept,low_unc_low_risk
ISIC_0028101,nv,nv,1.3887231e-07,3.8798916e-07,auto_accept,low_unc_low_risk
ISIC_0026597,nv,nv,2.0202076e-06,0.00014298322,auto_accept,low_unc_low_risk
ISIC_0031914,nv,nv,1.01864885e-07,1.2319837e-08,auto_accept,low_unc_low_risk
ISIC_0029306,nv,nv,0.0031649487,0.000319604,auto_accept,low_unc_low_risk
ISIC_0027773,nv,nv,9.231172e-10,1.0636807e-11,auto_accept,low_unc_low_risk
ISIC_0030385,nv,nv,0.00093380327,2.417676e-07,auto_accept,low_unc_low_risk
ISIC_0032788,nv,nv,0.0050661936,0.0166369,auto_accept,low_unc_low_risk
ISIC_0026662,nv,nv,4.6918307e-05,6.542916e-09,auto_accept,low_unc_low_risk
ISIC_0024864,mel,nv,0.005624928,0.006039522,auto_accept,low_unc_low_risk
ISIC_0024823,mel,mel,0.0005174818,0.99950993,auto_accept,low_unc_low_risk
ISIC_0034043,nv,nv,0.0011172675,0.021707155,auto_accept,low_unc_low_risk
ISIC_0026628,nv,nv,1.2918868e-08,6.217364e-09,auto_accept,low_unc_low_risk
ISIC_0033435,nv,nv,1.5591382e-05,1.8865742e-06,auto_accept,low_unc_low_risk
ISIC_0033647,nv,nv,5.8663586e-06,2.1829524e-05,auto_accept,low_unc_low_risk
ISIC_0025815,nv,nv,2.56709e-07,1.506838e-07,auto_accept,low_unc_low_risk
ISIC_0024903,nv,nv,1.5681819e-06,0.00063235685,auto_accept,low_unc_low_risk
ISIC_0030717,nv,nv,2.7861697e-06,2.3010286e-06,auto_accept,low_unc_low_risk
ISIC_0029550,nv,nv,6.547231e-06,2.6264051e-05,auto_accept,low_unc_low_risk
ISIC_0024605,nv,nv,1.4962716e-07,0.00012201858,auto_accept,low_unc_low_risk
ISIC_0032307,bcc,bkl,6.876208e-05,0.02073623,auto_accept,low_unc_low_risk
ISIC_0030613,nv,nv,2.1327382e-07,3.7816883e-07,auto_accept,low_unc_low_risk
ISIC_0027683,nv,nv,2.310763e-05,0.0003894531,auto_accept,low_unc_low_risk
ISIC_0033233,nv,nv,0.00056537485,0.0044620913,auto_accept,low_unc_low_risk
ISIC_0030140,nv,nv,0.0041395,0.028652769,auto_accept,low_unc_low_risk
ISIC_0033631,bkl,bkl,0.0049632066,6.9064845e-05,auto_accept,low_unc_low_risk
ISIC_0026485,nv,nv,1.470015e-07,2.9442908e-06,auto_accept,low_unc_low_risk
ISIC_0031922,akiec,akiec,0.0031303202,0.9988167,auto_accept,low_unc_low_risk
ISIC_0030345,nv,nv,5.018429e-07,7.255471e-08,auto_accept,low_unc_low_risk
ISIC_0032297,nv,nv,6.006484e-08,1.5274395e-07,auto_accept,low_unc_low_risk
ISIC_0031840,nv,nv,5.590699e-07,2.697434e-06,auto_accept,low_unc_low_risk
ISIC_0026524,bkl,bkl,0.009698047,0.25090486,auto_accept,low_unc_low_risk
ISIC_0024689,nv,nv,6.491481e-08,2.829181e-06,auto_accept,low_unc_low_risk
ISIC_0028833,nv,nv,4.6961646e-10,1.3295083e-07,auto_accept,low_unc_low_risk
ISIC_0032956,nv,nv,0.0002766026,0.0047452785,auto_accept,low_unc_low_risk
ISIC_0034277,nv,bkl,0.00042705107,0.010387294,auto_accept,low_unc_low_risk
ISIC_0025309,nv,nv,0.0010470924,0.0047887475,auto_accept,low_unc_low_risk
ISIC_0032776,bkl,bkl,8.048628e-05,5.1919375e-05,auto_accept,low_unc_low_risk
ISIC_0033469,mel,mel,0.012150898,0.86349934,auto_accept,low_unc_low_risk
ISIC_0032807,mel,mel,3.514239e-05,0.9990163,auto_accept,low_unc_low_risk
ISIC_0033312,mel,mel,0.012607836,0.9531362,escalate,low_unc_low_risk
ISIC_0030048,nv,nv,4.900359e-07,1.4735853e-09,auto_accept,low_unc_low_risk
ISIC_0030239,nv,nv,3.680815e-08,5.1260642e-08,auto_accept,low_unc_low_risk
ISIC_0031261,bkl,bkl,0.0014508945,0.005107188,auto_accept,low_unc_low_risk
ISIC_0033718,nv,nv,6.556143e-08,2.7228612e-06,auto_accept,low_unc_low_risk
ISIC_0032760,nv,nv,0.0011490157,0.007348949,auto_accept,low_unc_low_risk
ISIC_0024584,nv,nv,5.3201416e-06,7.3362295e-05,auto_accept,low_unc_low_risk
ISIC_0027353,nv,nv,1.3514849e-06,1.48881e-06,auto_accept,low_unc_low_risk
ISIC_0024721,nv,nv,0.0009482306,0.00477512,auto_accept,low_unc_low_risk
ISIC_0031951,bkl,bkl,0.0007484901,0.024070738,auto_accept,low_unc_low_risk
ISIC_0025757,nv,nv,7.3316943e-07,3.2278838e-06,auto_accept,low_unc_low_risk
ISIC_0026363,nv,nv,2.358976e-10,2.0992752e-08,auto_accept,low_unc_low_risk
ISIC_0030749,nv,nv,5.744042e-11,1.0853315e-09,auto_accept,low_unc_low_risk
ISIC_0025466,bkl,bkl,0.0063318224,0.0063545527,auto_accept,low_unc_low_risk
ISIC_0025246,nv,nv,5.238575e-08,1.2131477e-07,auto_accept,low_unc_low_risk
ISIC_0033464,nv,nv,0.0006682868,0.00014506407,auto_accept,low_unc_low_risk
ISIC_0026821,nv,nv,1.6022811e-07,1.1062048e-07,auto_accept,low_unc_low_risk
ISIC_0031153,nv,nv,2.1259538e-07,3.0968192e-10,auto_accept,low_unc_low_risk
ISIC_0034094,mel,mel,0.00019413872,0.99309146,auto_accept,low_unc_low_risk
ISIC_0030418,nv,nv,3.895265e-07,3.5875953e-06,auto_accept,low_unc_low_risk
ISIC_0027487,mel,mel,0.00055466034,0.9933234,auto_accept,low_unc_low_risk
ISIC_0032467,nv,nv,1.0423684e-07,9.598783e-08,auto_accept,low_unc_low_risk
ISIC_0026799,nv,nv,2.6565888e-06,1.1311526e-05,auto_accept,low_unc_low_risk
ISIC_0034185,nv,nv,0.0011594325,0.00012277512,auto_accept,low_unc_low_risk
ISIC_0029916,nv,nv,4.7134204e-06,0.00013942161,auto_accept,low_unc_low_risk
ISIC_0025382,nv,nv,1.9611407e-05,3.3507487e-05,auto_accept,low_unc_low_risk
ISIC_0030731,bkl,nv,0.028620264,5.940814e-05,escalate,high_unc_low_risk
ISIC_0034309,nv,nv,2.9042174e-06,5.480782e-07,auto_accept,low_unc_low_risk
ISIC_0030435,nv,nv,9.5577086e-08,1.7669637e-07,auto_accept,low_unc_low_risk
ISIC_0029280,nv,nv,5.955766e-07,3.558654e-05,auto_accept,low_unc_low_risk
ISIC_0024473,nv,nv,0.005119398,0.0022885024,auto_accept,low_unc_low_risk
ISIC_0027706,bkl,mel,0.00033405802,0.991732,auto_accept,low_unc_low_risk
ISIC_0026030,nv,mel,0.011837958,0.8117226,auto_accept,low_unc_low_risk
ISIC_0025174,nv,nv,5.019598e-08,4.4930043e-06,auto_accept,low_unc_low_risk
ISIC_0024766,nv,nv,3.4334997e-07,4.62307e-07,auto_accept,low_unc_low_risk
ISIC_0028731,nv,nv,3.7379875e-06,3.5380629e-06,auto_accept,low_unc_low_risk
ISIC_0027000,nv,nv,4.3703178e-08,5.0737067e-14,auto_accept,low_unc_low_risk
ISIC_0031189,mel,mel,0.00013166206,0.9910813,auto_accept,low_unc_low_risk
ISIC_0031557,mel,mel,0.0008697649,0.8902347,auto_accept,low_unc_low_risk
ISIC_0026120,mel,mel,1.9354272e-07,0.99923706,auto_accept,low_unc_low_risk
ISIC_0033276,nv,nv,0.0030327574,0.0033562402,auto_accept,low_unc_low_risk
ISIC_0029965,nv,nv,2.9392679e-08,1.7362789e-08,auto_accept,low_unc_low_risk
ISIC_0024610,nv,nv,8.617685e-08,5.9181307e-08,auto_accept,low_unc_low_risk
ISIC_0025224,nv,nv,1.17919635e-05,3.1155232e-05,auto_accept,low_unc_low_risk
ISIC_0030195,nv,nv,6.914451e-06,9.3398876e-07,auto_accept,low_unc_low_risk
ISIC_0025110,nv,nv,2.1961037e-08,1.0743855e-07,auto_accept,low_unc_low_risk
ISIC_0028661,nv,nv,2.8075135e-08,3.967086e-09,auto_accept,low_unc_low_risk
ISIC_0024727,nv,nv,0.00029664187,0.00010703821,auto_accept,low_unc_low_risk
ISIC_0034252,bkl,mel,0.000686858,0.9872251,auto_accept,low_unc_low_risk
ISIC_0025412,nv,nv,0.00062270893,1.5944869e-07,auto_accept,low_unc_low_risk
ISIC_0031025,mel,mel,0.005005646,0.88663685,auto_accept,low_unc_low_risk
ISIC_0033518,mel,mel,6.0441823e-07,0.9999163,escalate,low_unc_high_risk
ISIC_0031912,nv,nv,1.8516532e-07,1.3188173e-07,auto_accept,low_unc_low_risk
ISIC_0030630,bkl,bkl,0.007882397,0.0009304614,auto_accept,low_unc_low_risk
ISIC_0028617,nv,nv,1.4412199e-12,6.3369683e-09,auto_accept,low_unc_low_risk
ISIC_0026172,nv,nv,1.0988332e-07,6.657094e-06,auto_accept,low_unc_low_risk
ISIC_0025589,mel,mel,0.003332512,0.93458056,auto_accept,low_unc_low_risk
ISIC_0030039,nv,nv,0.016851997,0.3348944,escalate,high_unc_low_risk
ISIC_0024348,nv,nv,0.0012337511,1.5231467e-06,auto_accept,low_unc_low_risk
ISIC_0024758,bkl,bkl,0.0010728915,0.04447705,auto_accept,low_unc_low_risk
ISIC_0028751,nv,nv,9.834483e-05,0.007472283,auto_accept,low_unc_low_risk
ISIC_0027875,bkl,bkl,0.00020214173,9.375135e-05,auto_accept,low_unc_low_risk
ISIC_0026038,nv,nv,1.42514255e-05,1.0351776e-05,auto_accept,low_unc_low_risk
ISIC_0031120,nv,nv,6.317739e-08,2.347623e-06,auto_accept,low_unc_low_risk
ISIC_0033802,mel,mel,0.021472668,0.9160531,escalate,high_unc_low_risk
ISIC_0031535,nv,nv,6.8103596e-05,7.170106e-06,auto_accept,low_unc_low_risk
ISIC_0025600,bcc,bcc,7.550199e-06,0.9990491,auto_accept,low_unc_low_risk
ISIC_0033055,mel,mel,5.42928e-05,0.9982496,auto_accept,low_unc_low_risk
ISIC_0026472,nv,nv,7.793465e-08,4.7240183e-06,auto_accept,low_unc_low_risk
ISIC_0025437,nv,nv,0.00054319913,0.001069386,auto_accept,low_unc_low_risk
ISIC_0032442,nv,nv,1.1244172e-06,1.8203756e-06,auto_accept,low_unc_low_risk
ISIC_0031028,nv,nv,1.4097236e-11,3.5197e-10,auto_accept,low_unc_low_risk
ISIC_0026680,nv,nv,2.6997925e-06,6.236572e-07,auto_accept,low_unc_low_risk
ISIC_0032366,nv,nv,2.2349166e-06,9.917543e-06,auto_accept,low_unc_low_risk
ISIC_0027129,nv,nv,0.011234902,0.030991778,auto_accept,low_unc_low_risk
ISIC_0031617,nv,mel,0.015901374,0.8495147,escalate,high_unc_low_risk
ISIC_0031193,nv,nv,9.785947e-07,7.225614e-05,auto_accept,low_unc_low_risk
ISIC_0029710,nv,nv,0.0001712672,0.00030694957,auto_accept,low_unc_low_risk
ISIC_0031962,nv,nv,3.90354e-09,2.2737806e-06,auto_accept,low_unc_low_risk
ISIC_0027594,nv,nv,2.3033465e-07,0.00031675835,auto_accept,low_unc_low_risk
ISIC_0031469,nv,nv,5.1127654e-06,0.00029937795,auto_accept,low_unc_low_risk
ISIC_0031751,nv,nv,7.123492e-06,5.739244e-07,auto_accept,low_unc_low_risk
ISIC_0025030,bkl,bkl,0.00043895646,0.034570128,auto_accept,low_unc_low_risk
ISIC_0026804,nv,nv,0.0014383886,0.0019262707,auto_accept,low_unc_low_risk
ISIC_0027215,nv,nv,3.3805844e-11,1.7790026e-09,auto_accept,low_unc_low_risk
ISIC_0024544,nv,nv,1.08766635e-07,5.265961e-09,auto_accept,low_unc_low_risk
ISIC_0034207,nv,nv,3.4198816e-08,6.150447e-06,auto_accept,low_unc_low_risk
ISIC_0033162,nv,nv,9.588123e-07,1.2391131e-05,auto_accept,low_unc_low_risk
ISIC_0029155,nv,nv,3.257946e-06,0.00021351874,auto_accept,low_unc_low_risk
ISIC_0032716,mel,mel,0.0154431155,0.9074812,escalate,high_unc_low_risk
ISIC_0030367,nv,nv,0.0011925685,0.00011145163,auto_accept,low_unc_low_risk
ISIC_0029650,nv,nv,9.475332e-05,9.941631e-05,auto_accept,low_unc_low_risk
ISIC_0027116,nv,nv,4.7351185e-07,4.387967e-05,auto_accept,low_unc_low_risk
ISIC_0027547,nv,nv,6.8070896e-11,6.362423e-10,auto_accept,low_unc_low_risk
ISIC_0031490,nv,nv,3.5861685e-05,2.2254585e-07,auto_accept,low_unc_low_risk
ISIC_0032117,nv,nv,3.1875025e-08,5.1215494e-07,auto_accept,low_unc_low_risk
ISIC_0029021,mel,nv,0.0059452457,0.006939095,auto_accept,low_unc_low_risk
ISIC_0026364,nv,nv,1.8452139e-06,1.0814473e-08,auto_accept,low_unc_low_risk
ISIC_0027835,nv,nv,5.9146323e-08,3.2269636e-06,auto_accept,low_unc_low_risk
ISIC_0029511,nv,nv,0.0013438243,0.00028078328,auto_accept,low_unc_low_risk
ISIC_0025269,nv,nv,4.2379433e-08,5.343993e-06,auto_accept,low_unc_low_risk
ISIC_0027290,nv,nv,0.00065325137,0.0010773978,auto_accept,low_unc_low_risk
ISIC_0026768,nv,nv,3.3856622e-07,1.7491199e-07,auto_accept,low_unc_low_risk
ISIC_0026418,nv,nv,0.012357319,0.0026323851,auto_accept,low_unc_low_risk
ISIC_0027592,nv,nv,0.000279529,1.4945064e-05,auto_accept,low_unc_low_risk
ISIC_0034073,nv,nv,0.0010693993,0.0063527077,auto_accept,low_unc_low_risk
ISIC_0032989,nv,mel,0.012634264,0.95661974,escalate,low_unc_low_risk
ISIC_0028782,nv,nv,5.8835354e-08,1.3717315e-06,auto_accept,low_unc_low_risk
ISIC_0027725,nv,nv,1.242909e-07,3.2666423e-05,auto_accept,low_unc_low_risk
ISIC_0029409,nv,nv,0.006607651,0.0044169566,auto_accept,low_unc_low_risk
ISIC_0028985,nv,nv,1.6003195e-08,1.0772045e-08,auto_accept,low_unc_low_risk
ISIC_0030554,nv,nv,1.4953051e-10,1.1986602e-10,auto_accept,low_unc_low_risk
ISIC_0028280,nv,nv,0.00022223029,0.0007146823,auto_accept,low_unc_low_risk
ISIC_0026415,nv,nv,1.5830677e-08,1.2094823e-09,auto_accept,low_unc_low_risk
ISIC_0026447,nv,nv,3.687909e-06,3.5055252e-06,auto_accept,low_unc_low_risk
ISIC_0030946,nv,nv,1.6857857e-08,1.5846182e-06,auto_accept,low_unc_low_risk
ISIC_0030058,nv,nv,0.010696538,0.000511065,auto_accept,low_unc_low_risk
ISIC_0031386,mel,nv,0.0035965487,0.0063734045,auto_accept,low_unc_low_risk
ISIC_0029834,nv,nv,2.906999e-06,0.00016535814,auto_accept,low_unc_low_risk
ISIC_0028637,nv,mel,0.0072627463,0.97426254,auto_accept,low_unc_low_risk
ISIC_0031648,vasc,vasc,6.747438e-10,3.3350325e-06,auto_accept,low_unc_low_risk
ISIC_0024749,nv,nv,0.0055965926,0.014044077,auto_accept,low_unc_low_risk
ISIC_0027181,nv,nv,0.00016499778,9.79476e-05,auto_accept,low_unc_low_risk
ISIC_0031370,nv,nv,3.6440124e-05,0.00017039751,auto_accept,low_unc_low_risk
ISIC_0026507,nv,nv,8.9704946e-07,0.00010717702,auto_accept,low_unc_low_risk
ISIC_0029219,nv,nv,1.7822272e-07,3.288732e-07,auto_accept,low_unc_low_risk
ISIC_0029349,nv,nv,0.0008082306,0.00067784474,auto_accept,low_unc_low_risk
ISIC_0030678,nv,nv,0.0005311455,0.0015302204,auto_accept,low_unc_low_risk
ISIC_0032413,nv,nv,1.104862e-09,5.2782617e-08,auto_accept,low_unc_low_risk
ISIC_0032839,vasc,vasc,1.209404e-09,0.00079997,auto_accept,low_unc_low_risk
ISIC_0032597,mel,mel,4.5033744e-06,0.99944836,auto_accept,low_unc_low_risk
ISIC_0027459,nv,nv,2.6750373e-05,1.4166915e-05,auto_accept,low_unc_low_risk
ISIC_0027775,nv,nv,0.0009743603,5.5834214e-05,auto_accept,low_unc_low_risk
ISIC_0028574,nv,nv,1.0242098e-09,2.7550593e-08,auto_accept,low_unc_low_risk
ISIC_0032394,nv,nv,1.9485382e-08,3.2064845e-10,auto_accept,low_unc_low_risk
ISIC_0033734,nv,nv,3.2791246e-07,1.763437e-07,auto_accept,low_unc_low_risk
ISIC_0024464,nv,nv,3.1183257e-07,2.6635203e-06,auto_accept,low_unc_low_risk
ISIC_0029681,nv,nv,6.745173e-05,0.00063123385,auto_accept,low_unc_low_risk
ISIC_0028203,nv,nv,0.00015291585,4.0382216e-05,auto_accept,low_unc_low_risk
ISIC_0030398,nv,nv,2.4315227e-08,1.7118114e-07,auto_accept,low_unc_low_risk
ISIC_0027834,nv,nv,1.1873692e-05,0.00043827383,auto_accept,low_unc_low_risk
ISIC_0032828,nv,nv,0.0017755051,0.000960696,auto_accept,low_unc_low_risk
ISIC_0029989,nv,nv,5.6456875e-06,8.614411e-06,auto_accept,low_unc_low_risk
ISIC_0026983,nv,nv,3.443063e-08,5.4928777e-09,auto_accept,low_unc_low_risk
ISIC_0033548,nv,nv,4.0832728e-07,5.229105e-05,auto_accept,low_unc_low_risk
ISIC_0030126,nv,nv,0.00017104366,0.0008713769,auto_accept,low_unc_low_risk
ISIC_0025582,nv,nv,1.4885328e-05,0.00010305886,auto_accept,low_unc_low_risk
ISIC_0032111,bkl,bkl,0.010527871,0.00018066389,auto_accept,low_unc_low_risk
ISIC_0027445,nv,nv,1.3074996e-06,9.038847e-09,auto_accept,low_unc_low_risk
ISIC_0029073,nv,nv,1.4708851e-06,1.012861e-05,auto_accept,low_unc_low_risk
ISIC_0030454,nv,nv,3.615795e-06,2.542297e-05,auto_accept,low_unc_low_risk
ISIC_0025151,nv,nv,5.2688703e-10,7.599446e-09,auto_accept,low_unc_low_risk
ISIC_0033905,mel,mel,0.0037817222,0.9233687,auto_accept,low_unc_low_risk
ISIC_0027702,mel,mel,4.384696e-05,0.99915564,auto_accept,low_unc_low_risk
ISIC_0033889,nv,nv,0.0017735175,0.000657159,auto_accept,low_unc_low_risk
ISIC_0031994,nv,nv,8.826183e-09,2.6553507e-06,auto_accept,low_unc_low_risk
ISIC_0024311,nv,nv,2.4139576e-06,3.855408e-05,auto_accept,low_unc_low_risk
ISIC_0026036,nv,nv,2.0767432e-06,4.07711e-06,auto_accept,low_unc_low_risk
ISIC_0027908,nv,nv,0.0021636311,0.049126316,auto_accept,low_unc_low_risk
ISIC_0025528,nv,nv,4.1420594e-07,1.3057806e-07,auto_accept,low_unc_low_risk
ISIC_0026488,nv,bkl,0.009998186,0.023484267,auto_accept,low_unc_low_risk
ISIC_0030304,nv,nv,1.782744e-07,5.2520086e-06,auto_accept,low_unc_low_risk
ISIC_0031206,nv,nv,0.00014132177,6.1853825e-05,auto_accept,low_unc_low_risk
ISIC_0032440,nv,nv,1.8422884e-07,8.996109e-06,auto_accept,low_unc_low_risk
ISIC_0030854,nv,nv,1.9201108e-05,3.912968e-05,auto_accept,low_unc_low_risk
ISIC_0025886,nv,nv,4.499893e-09,1.2492233e-09,auto_accept,low_unc_low_risk
ISIC_0026990,nv,nv,9.415965e-08,2.5661661e-08,auto_accept,low_unc_low_risk
ISIC_0031295,mel,mel,0.010886742,0.8792984,auto_accept,low_unc_low_risk
ISIC_0032568,nv,nv,0.00023800989,2.5762156e-06,auto_accept,low_unc_low_risk
ISIC_0031373,nv,nv,8.273448e-08,1.6914768e-05,auto_accept,low_unc_low_risk
ISIC_0028484,nv,nv,0.012646333,0.011284999,escalate,low_unc_low_risk
ISIC_0027501,nv,nv,0.005431124,0.1107628,auto_accept,low_unc_low_risk
ISIC_0032411,nv,nv,7.689056e-07,0.0011092067,auto_accept,low_unc_low_risk
ISIC_0033078,nv,nv,0.0017242024,0.00067718135,auto_accept,low_unc_low_risk
ISIC_0032084,nv,nv,7.1895884e-06,8.5955035e-06,auto_accept,low_unc_low_risk
ISIC_0031459,bkl,nv,0.013779419,0.07081598,escalate,low_unc_low_risk
ISIC_0030748,nv,nv,2.1764517e-08,9.1492447e-10,auto_accept,low_unc_low_risk
ISIC_0031199,nv,nv,6.499511e-06,4.778528e-06,auto_accept,low_unc_low_risk
ISIC_0033453,bkl,bkl,0.0009166345,0.00287143,auto_accept,low_unc_low_risk
ISIC_0028527,nv,mel,0.009242344,0.46363086,auto_accept,low_unc_low_risk
ISIC_0033567,nv,nv,0.00024291775,0.0010136999,auto_accept,low_unc_low_risk
ISIC_0033481,nv,nv,0.016858611,0.06976778,escalate,high_unc_low_risk
ISIC_0030405,nv,nv,9.803183e-08,1.0775536e-06,auto_accept,low_unc_low_risk
ISIC_0027302,mel,nv,2.80811e-06,6.53816e-05,auto_accept,low_unc_low_risk
ISIC_0024353,nv,nv,1.8336648e-08,8.586015e-08,auto_accept,low_unc_low_risk
ISIC_0032077,nv,nv,8.071596e-09,3.8026815e-08,auto_accept,low_unc_low_risk
ISIC_0030393,nv,nv,4.3036177e-10,1.0356053e-12,auto_accept,low_unc_low_risk
ISIC_0026899,nv,nv,3.4038998e-09,2.7465227e-08,auto_accept,low_unc_low_risk
ISIC_0024852,nv,nv,5.8808473e-07,2.6423413e-07,auto_accept,low_unc_low_risk
ISIC_0027826,bkl,bkl,0.0073218937,0.041378327,auto_accept,low_unc_low_risk
ISIC_0024438,nv,nv,7.438619e-10,2.0982269e-07,auto_accept,low_unc_low_risk
ISIC_0025750,nv,nv,6.571841e-08,8.082847e-08,auto_accept,low_unc_low_risk
ISIC_0024399,nv,nv,8.437003e-09,8.8486155e-07,auto_accept,low_unc_low_risk
ISIC_0024630,mel,mel,0.00025297524,0.9994037,auto_accept,low_unc_low_risk
ISIC_0031246,nv,nv,2.377811e-08,3.6208512e-05,auto_accept,low_unc_low_risk
ISIC_0028516,nv,nv,0.008028224,0.01790789,auto_accept,low_unc_low_risk
ISIC_0026900,nv,nv,8.17227e-12,1.3737622e-14,auto_accept,low_unc_low_risk
ISIC_0030777,nv,nv,5.992802e-06,7.159161e-07,auto_accept,low_unc_low_risk
ISIC_0026134,nv,nv,1.3507041e-07,8.1989424e-07,auto_accept,low_unc_low_risk
ISIC_0031460,nv,nv,0.0026594477,0.0009392706,auto_accept,low_unc_low_risk
ISIC_0028485,nv,nv,2.9216233e-06,2.324296e-07,auto_accept,low_unc_low_risk
ISIC_0026395,bcc,mel,0.022994945,0.62519073,escalate,high_unc_low_risk
ISIC_0031020,nv,nv,0.0018765264,4.799958e-06,auto_accept,low_unc_low_risk
ISIC_0031315,nv,nv,4.5271377e-06,1.7293385e-06,auto_accept,low_unc_low_risk
ISIC_0026920,nv,nv,1.7701794e-09,3.5006903e-07,auto_accept,low_unc_low_risk
ISIC_0027962,nv,nv,1.85584e-08,2.5412013e-05,auto_accept,low_unc_low_risk
ISIC_0027312,nv,nv,0.009121896,0.002856632,auto_accept,low_unc_low_risk
ISIC_0029497,nv,nv,0.00025711866,2.240499e-05,auto_accept,low_unc_low_risk
ISIC_0029902,nv,nv,0.015888792,0.5351157,escalate,high_unc_low_risk
ISIC_0031300,nv,nv,1.660118e-09,8.664021e-09,auto_accept,low_unc_low_risk
ISIC_0028096,nv,nv,4.8760732e-05,0.00035558385,auto_accept,low_unc_low_risk
ISIC_0030709,nv,nv,0.007973793,0.15451588,auto_accept,low_unc_low_risk
ISIC_0024676,bkl,bkl,0.0014351914,0.018240301,auto_accept,low_unc_low_risk
ISIC_0026591,nv,nv,2.029186e-07,1.5519756e-06,auto_accept,low_unc_low_risk
ISIC_0027389,nv,nv,5.115968e-06,1.23566e-07,auto_accept,low_unc_low_risk
ISIC_0026504,nv,nv,2.1281128e-06,2.7554094e-07,auto_accept,low_unc_low_risk
ISIC_0028143,nv,nv,1.2561952e-07,4.7029364e-08,auto_accept,low_unc_low_risk
ISIC_0027180,nv,nv,1.4231474e-08,6.8199912e-09,auto_accept,low_unc_low_risk
ISIC_0027280,nv,nv,2.052938e-09,3.9786134e-12,auto_accept,low_unc_low_risk
ISIC_0031638,nv,nv,1.8550616e-06,1.4659922e-07,auto_accept,low_unc_low_risk
ISIC_0030692,nv,nv,6.0429455e-05,0.000104149454,auto_accept,low_unc_low_risk
ISIC_0025899,nv,nv,9.145832e-06,9.52991e-06,auto_accept,low_unc_low_risk
ISIC_0025827,nv,nv,8.25067e-08,8.8010255e-10,auto_accept,low_unc_low_risk
ISIC_0030614,nv,nv,1.7427526e-08,8.149348e-07,auto_accept,low_unc_low_risk
ISIC_0027711,nv,nv,0.0025097874,0.013659579,auto_accept,low_unc_low_risk
ISIC_0026966,nv,nv,1.4269793e-07,2.4960775e-07,auto_accept,low_unc_low_risk
ISIC_0032119,nv,nv,3.748431e-10,1.6949017e-10,auto_accept,low_unc_low_risk
ISIC_0029686,nv,nv,1.358879e-06,8.457408e-05,auto_accept,low_unc_low_risk
ISIC_0032121,nv,nv,4.08099e-08,3.996917e-06,auto_accept,low_unc_low_risk
ISIC_0026513,nv,mel,0.02117893,0.5193061,escalate,high_unc_low_risk
ISIC_0027484,nv,nv,5.101119e-07,8.339428e-06,auto_accept,low_unc_low_risk
ISIC_0025473,nv,nv,0.0044163293,0.0032173728,auto_accept,low_unc_low_risk
ISIC_0027158,nv,nv,3.858343e-10,6.603597e-09,auto_accept,low_unc_low_risk
ISIC_0025092,nv,nv,6.8985054e-11,7.352852e-08,auto_accept,low_unc_low_risk
ISIC_0030165,mel,mel,0.014129191,0.63726354,escalate,high_unc_low_risk
ISIC_0033634,nv,nv,0.0016025531,0.0015372181,auto_accept,low_unc_low_risk
ISIC_0029876,nv,nv,1.3590022e-06,0.00011441287,auto_accept,low_unc_low_risk
ISIC_0026067,nv,nv,3.3277684e-05,4.184752e-05,auto_accept,low_unc_low_risk
ISIC_0028503,bkl,bkl,6.2035433e-06,0.00028212875,auto_accept,low_unc_low_risk
ISIC_0025797,nv,nv,3.6889556e-08,6.2189124e-06,auto_accept,low_unc_low_risk
ISIC_0028005,nv,nv,5.85061e-10,5.21282e-08,auto_accept,low_unc_low_risk
ISIC_0030146,nv,nv,4.670082e-05,0.00013013974,auto_accept,low_unc_low_risk
ISIC_0029536,nv,nv,3.193333e-05,2.6099015e-06,auto_accept,low_unc_low_risk
ISIC_0033184,bkl,bkl,0.010583364,0.0007849001,auto_accept,low_unc_low_risk
ISIC_0030765,nv,nv,2.149242e-05,2.846884e-05,auto_accept,low_unc_low_risk
ISIC_0028251,nv,nv,1.2455605e-07,6.517186e-08,auto_accept,low_unc_low_risk
ISIC_0029351,nv,nv,0.0009988406,5.2395673e-05,auto_accept,low_unc_low_risk
ISIC_0028221,nv,nv,0.00020549461,0.00060723064,auto_accept,low_unc_low_risk
ISIC_0026263,bkl,bkl,0.0009001295,0.06052153,auto_accept,low_unc_low_risk
ISIC_0032007,nv,nv,0.0021646689,0.0022409034,auto_accept,low_unc_low_risk
ISIC_0025909,nv,mel,0.004708358,0.9727739,auto_accept,low_unc_low_risk
ISIC_0027692,nv,nv,7.7450857e-10,1.2083808e-08,auto_accept,low_unc_low_risk
ISIC_0031082,nv,nv,4.1866586e-09,4.609104e-09,auto_accept,low_unc_low_risk
ISIC_0030397,nv,nv,4.9521446e-07,2.930416e-05,auto_accept,low_unc_low_risk
ISIC_0033005,df,df,4.935476e-06,1.486044e-06,auto_accept,low_unc_low_risk
ISIC_0029081,mel,mel,0.0006409848,0.9614359,auto_accept,low_unc_low_risk
ISIC_0028030,nv,nv,0.0012808094,4.895637e-08,auto_accept,low_unc_low_risk
ISIC_0029061,bkl,bkl,0.0007411058,0.0109632015,auto_accept,low_unc_low_risk
ISIC_0032337,nv,nv,2.8188065e-06,3.8132896e-06,auto_accept,low_unc_low_risk
ISIC_0025098,nv,nv,5.7059555e-05,1.9728745e-06,auto_accept,low_unc_low_risk
ISIC_0032143,nv,nv,8.105756e-07,3.7586337e-06,auto_accept,low_unc_low_risk
ISIC_0025613,nv,nv,6.343324e-05,8.505616e-10,auto_accept,low_unc_low_risk
ISIC_0025344,nv,nv,2.3344198e-08,1.4731862e-09,auto_accept,low_unc_low_risk
ISIC_0029273,nv,nv,3.8284742e-08,7.1436256e-07,auto_accept,low_unc_low_risk
ISIC_0030980,nv,nv,0.0003050991,0.000667064,auto_accept,low_unc_low_risk
ISIC_0031858,nv,nv,0.006030966,9.5354613e-07,auto_accept,low_unc_low_risk
ISIC_0027390,nv,nv,2.3321452e-06,1.818634e-05,auto_accept,low_unc_low_risk
ISIC_0029798,nv,nv,1.6351527e-06,0.00022337589,auto_accept,low_unc_low_risk
ISIC_0025625,nv,nv,7.1055143e-07,8.663866e-05,auto_accept,low_unc_low_risk
ISIC_0025559,nv,nv,0.00025372757,0.00046827388,auto_accept,low_unc_low_risk
ISIC_0032012,nv,nv,4.3617374e-06,1.5494805e-07,auto_accept,low_unc_low_risk
ISIC_0024934,nv,nv,0.007933036,0.021945132,auto_accept,low_unc_low_risk
ISIC_0025493,nv,nv,2.9973094e-07,6.4017684e-09,auto_accept,low_unc_low_risk
ISIC_0024614,nv,nv,8.289005e-09,1.1975884e-10,auto_accept,low_unc_low_risk
ISIC_0029785,nv,nv,2.283026e-06,0.00020119591,auto_accept,low_unc_low_risk
ISIC_0029226,nv,nv,0.00010511215,9.151225e-08,auto_accept,low_unc_low_risk
ISIC_0031080,nv,nv,0.014418117,0.0001887971,escalate,high_unc_low_risk
ISIC_0030020,nv,nv,4.30447e-07,6.393199e-10,auto_accept,low_unc_low_risk
ISIC_0034231,nv,mel,0.014975271,0.967498,escalate,high_unc_low_risk
ISIC_0028933,nv,nv,1.4113536e-07,8.3525734e-08,auto_accept,low_unc_low_risk
ISIC_0030867,nv,nv,0.0063377144,1.2068363e-05,auto_accept,low_unc_low_risk
ISIC_0030595,nv,nv,1.4126813e-08,6.0955354e-05,auto_accept,low_unc_low_risk
ISIC_0032340,nv,nv,0.00010182961,0.005199834,auto_accept,low_unc_low_risk
ISIC_0032902,nv,nv,0.00014203848,0.002965935,auto_accept,low_unc_low_risk
ISIC_0031545,mel,mel,0.006833422,0.8566782,auto_accept,low_unc_low_risk
ISIC_0025002,nv,nv,1.5041984e-07,3.3870876e-08,auto_accept,low_unc_low_risk
ISIC_0031135,nv,nv,3.3763465e-07,2.8683522e-07,auto_accept,low_unc_low_risk
ISIC_0033870,nv,nv,1.9363265e-06,0.00015417744,auto_accept,low_unc_low_risk
ISIC_0030363,nv,nv,3.9400728e-08,3.8140313e-06,auto_accept,low_unc_low_risk
ISIC_0032495,nv,nv,1.0308361e-08,2.5641316e-07,auto_accept,low_unc_low_risk
ISIC_0024905,nv,df,4.585093e-05,6.129852e-05,auto_accept,low_unc_low_risk
ISIC_0033197,nv,nv,8.930374e-06,9.728781e-07,auto_accept,low_unc_low_risk
ISIC_0026887,nv,nv,0.000620035,0.00044854367,auto_accept,low_unc_low_risk
ISIC_0028674,nv,nv,2.753587e-08,3.7769775e-07,auto_accept,low_unc_low_risk
ISIC_0026594,nv,nv,0.007263469,0.00013650086,auto_accept,low_unc_low_risk
ISIC_0024839,bkl,bkl,5.708893e-07,9.2959235e-05,auto_accept,low_unc_low_risk
ISIC_0033872,mel,mel,0.00053884566,0.96659684,auto_accept,low_unc_low_risk
ISIC_0028602,nv,nv,0.010305777,0.25198308,auto_accept,low_unc_low_risk
ISIC_0032256,nv,nv,2.7303962e-10,1.9423304e-12,auto_accept,low_unc_low_risk
ISIC_0025217,nv,nv,9.473238e-08,1.2678251e-05,auto_accept,low_unc_low_risk
ISIC_0030530,nv,nv,6.6241357e-10,1.2473411e-07,auto_accept,low_unc_low_risk
ISIC_0028686,nv,nv,0.001954418,0.0004158716,auto_accept,low_unc_low_risk
ISIC_0027198,nv,nv,1.1189235e-05,9.6109754e-05,auto_accept,low_unc_low_risk
ISIC_0030409,nv,nv,1.3286055e-07,3.206898e-07,auto_accept,low_unc_low_risk
ISIC_0025193,nv,nv,1.1812958e-05,2.952785e-05,auto_accept,low_unc_low_risk
ISIC_0026972,nv,nv,2.979882e-09,1.0628955e-08,auto_accept,low_unc_low_risk
ISIC_0030612,nv,nv,4.3004173e-11,4.1528245e-10,auto_accept,low_unc_low_risk
ISIC_0033616,mel,mel,0.0072460803,0.8153547,auto_accept,low_unc_low_risk
ISIC_0028138,nv,nv,8.049029e-08,1.7946041e-06,auto_accept,low_unc_low_risk
ISIC_0033023,mel,mel,2.0454532e-05,0.99957675,auto_accept,low_unc_low_risk
ISIC_0031492,nv,nv,0.00014170015,0.0043559107,auto_accept,low_unc_low_risk
ISIC_0031861,nv,nv,3.4772205e-07,6.5274617e-07,auto_accept,low_unc_low_risk
ISIC_0026299,nv,nv,1.17172256e-07,2.643433e-06,auto_accept,low_unc_low_risk
ISIC_0029861,nv,nv,4.398788e-08,4.5264542e-07,auto_accept,low_unc_low_risk
ISIC_0032002,nv,nv,3.912699e-09,1.492247e-09,auto_accept,low_unc_low_risk
ISIC_0032156,bkl,bkl,0.0001398993,0.00038766032,auto_accept,low_unc_low_risk
ISIC_0033898,nv,nv,0.0032426834,0.029667474,auto_accept,low_unc_low_risk
ISIC_0031835,nv,nv,3.0196207e-07,3.9483505e-09,auto_accept,low_unc_low_risk
ISIC_0024430,nv,nv,2.5744008e-05,0.00074096443,auto_accept,low_unc_low_risk
ISIC_0030272,bkl,bkl,0.000111889385,0.0014133615,auto_accept,low_unc_low_risk
ISIC_0030082,nv,nv,0.0129824225,0.024598673,escalate,low_unc_low_risk
ISIC_0026448,nv,nv,2.0160311e-07,0.00020388134,auto_accept,low_unc_low_risk
ISIC_0026464,nv,nv,6.5475184e-08,3.0246605e-10,auto_accept,low_unc_low_risk
ISIC_0031213,nv,nv,2.3574958e-09,5.943002e-09,auto_accept,low_unc_low_risk
ISIC_0028533,nv,nv,3.719236e-09,7.6610035e-10,auto_accept,low_unc_low_risk
ISIC_0025994,nv,nv,0.000312913,2.8659659e-05,auto_accept,low_unc_low_risk
ISIC_0031425,nv,nv,1.658411e-07,6.8923873e-07,auto_accept,low_unc_low_risk
ISIC_0024691,nv,nv,3.390689e-08,7.0425784e-07,auto_accept,low_unc_low_risk
ISIC_0030779,nv,nv,5.8620674e-07,1.2260183e-07,auto_accept,low_unc_low_risk
ISIC_0031036,nv,nv,0.0006057766,8.8762545e-06,auto_accept,low_unc_low_risk
ISIC_0031362,bkl,bkl,1.5739128e-06,7.862083e-05,auto_accept,low_unc_low_risk
ISIC_0031657,nv,nv,0.00014731739,0.00092583196,auto_accept,low_unc_low_risk
ISIC_0026762,nv,nv,8.779109e-09,1.086336e-09,auto_accept,low_unc_low_risk
ISIC_0028654,nv,nv,3.2690716e-07,3.0271796e-08,auto_accept,low_unc_low_risk
ISIC_0029518,bkl,bkl,0.0029716447,0.43314713,auto_accept,low_unc_low_risk
ISIC_0029766,nv,nv,7.137505e-06,6.508152e-05,auto_accept,low_unc_low_risk
ISIC_0028291,mel,mel,0.0022779617,0.7511367,auto_accept,low_unc_low_risk
ISIC_0025367,nv,nv,2.885758e-06,0.00016370525,auto_accept,low_unc_low_risk
ISIC_0025688,nv,nv,1.0201004e-06,8.843623e-08,auto_accept,low_unc_low_risk
ISIC_0026102,nv,nv,2.2571617e-08,2.7760115e-07,auto_accept,low_unc_low_risk
ISIC_0032523,nv,nv,9.690432e-10,8.391016e-10,auto_accept,low_unc_low_risk
ISIC_0029787,nv,nv,1.4184957e-05,5.8432517e-05,auto_accept,low_unc_low_risk
ISIC_0027332,bkl,nv,0.0025165132,0.000113037284,auto_accept,low_unc_low_risk
ISIC_0028948,nv,nv,1.0765417e-09,1.5368889e-07,auto_accept,low_unc_low_risk
ISIC_0029181,nv,nv,9.685833e-08,1.484764e-08,auto_accept,low_unc_low_risk
ISIC_0026936,nv,nv,8.033635e-05,0.00014090943,auto_accept,low_unc_low_risk
ISIC_0029939,nv,nv,1.0964598e-06,2.7344146e-05,auto_accept,low_unc_low_risk
ISIC_0030938,nv,nv,2.618858e-06,1.7716681e-07,auto_accept,low_unc_low_risk
ISIC_0031685,nv,nv,0.00030313412,0.0007752927,auto_accept,low_unc_low_risk
ISIC_0034150,mel,mel,0.00020829121,0.9903868,auto_accept,low_unc_low_risk
ISIC_0032343,bkl,bkl,4.7731087e-06,0.0070865666,auto_accept,low_unc_low_risk
ISIC_0030268,nv,nv,2.529923e-05,1.5713867e-05,auto_accept,low_unc_low_risk
ISIC_0026663,bkl,bkl,6.635877e-06,0.000274989,auto_accept,low_unc_low_risk
ISIC_0024742,nv,nv,1.7382545e-05,4.8720876e-06,auto_accept,low_unc_low_risk
ISIC_0031687,nv,nv,1.6395005e-10,4.2099273e-07,auto_accept,low_unc_low_risk
ISIC_0026007,nv,nv,5.4392153e-09,3.9951895e-09,auto_accept,low_unc_low_risk
ISIC_0027510,nv,nv,1.8259243e-07,5.0317653e-06,auto_accept,low_unc_low_risk
ISIC_0027986,nv,nv,6.0662725e-05,0.00012252318,auto_accept,low_unc_low_risk
ISIC_0027342,nv,nv,2.195345e-06,1.20520535e-05,auto_accept,low_unc_low_risk
ISIC_0027677,bcc,bcc,0.009510447,0.99572766,auto_accept,low_unc_low_risk
ISIC_0025245,nv,nv,0.0076937866,0.0008954774,auto_accept,low_unc_low_risk
ISIC_0032916,nv,nv,2.0321762e-08,6.1763856e-09,auto_accept,low_unc_low_risk
ISIC_0026016,bkl,bkl,0.00045987876,0.07084313,auto_accept,low_unc_low_risk
ISIC_0033776,bkl,bkl,6.3187676e-06,0.00013241053,auto_accept,low_unc_low_risk
ISIC_0027883,nv,nv,0.014735685,0.046382196,escalate,high_unc_low_risk
ISIC_0026896,nv,nv,7.3737946e-11,2.974305e-10,auto_accept,low_unc_low_risk
ISIC_0025495,nv,nv,0.0002931847,8.64721e-05,auto_accept,low_unc_low_risk
ISIC_0031907,nv,nv,0.00014125017,0.008265141,auto_accept,low_unc_low_risk
ISIC_0028561,nv,nv,2.168663e-06,1.3665696e-07,auto_accept,low_unc_low_risk
ISIC_0027537,nv,nv,0.0003740277,0.0020605763,auto_accept,low_unc_low_risk
ISIC_0024796,nv,nv,2.2380379e-11,4.0466904e-08,auto_accept,low_unc_low_risk
ISIC_0027238,mel,mel,0.023226889,0.8181723,escalate,high_unc_low_risk
ISIC_0024444,nv,nv,4.26038e-07,1.167002e-05,auto_accept,low_unc_low_risk
ISIC_0028162,nv,nv,1.90685e-07,1.620936e-07,auto_accept,low_unc_low_risk
ISIC_0031785,nv,nv,5.297393e-09,1.4443442e-10,auto_accept,low_unc_low_risk
ISIC_0025921,nv,nv,1.0507413e-09,3.7109985e-10,auto_accept,low_unc_low_risk
ISIC_0032358,bkl,bkl,0.014703305,0.18920961,escalate,high_unc_low_risk
ISIC_0027499,nv,nv,8.054356e-08,2.392441e-08,auto_accept,low_unc_low_risk
ISIC_0024828,nv,nv,5.7062665e-05,2.2242373e-06,auto_accept,low_unc_low_risk
ISIC_0032088,nv,nv,2.7093568e-08,5.7633747e-09,auto_accept,low_unc_low_risk
ISIC_0027551,nv,nv,7.617683e-09,1.3576299e-07,auto_accept,low_unc_low_risk
ISIC_0029463,nv,nv,3.870243e-08,2.7861409e-09,auto_accept,low_unc_low_risk
ISIC_0030273,nv,bkl,0.008216391,0.0039279507,auto_accept,low_unc_low_risk
ISIC_0030362,nv,nv,1.6486456e-05,5.3908792e-05,auto_accept,low_unc_low_risk
ISIC_0033699,nv,mel,0.010712613,0.7483231,auto_accept,low_unc_low_risk
ISIC_0031618,nv,nv,0.00069808436,0.0021885482,auto_accept,low_unc_low_risk
ISIC_0027946,nv,nv,6.87953e-11,2.1567388e-10,auto_accept,low_unc_low_risk
ISIC_0032607,nv,nv,0.004961482,0.013294739,auto_accept,low_unc_low_risk
ISIC_0024342,nv,nv,0.0011444332,0.0008552053,auto_accept,low_unc_low_risk
ISIC_0024784,nv,nv,0.014455286,0.059149627,escalate,high_unc_low_risk
ISIC_0031248,nv,nv,3.8186444e-11,1.8128035e-09,auto_accept,low_unc_low_risk
ISIC_0026715,nv,nv,9.734113e-08,2.5984224e-07,auto_accept,low_unc_low_risk
ISIC_0027778,nv,nv,1.485828e-11,5.0768383e-12,auto_accept,low_unc_low_risk
ISIC_0029958,mel,bkl,0.0027900715,0.04018148,auto_accept,low_unc_low_risk
ISIC_0026182,nv,nv,0.00010617378,0.0005550393,auto_accept,low_unc_low_risk
ISIC_0033891,df,df,0.0007021984,0.0010436435,auto_accept,low_unc_low_risk
ISIC_0024735,nv,nv,4.2140645e-11,8.5844015e-10,auto_accept,low_unc_low_risk
ISIC_0027027,bkl,bkl,1.435001e-06,0.0015959205,auto_accept,low_unc_low_risk
ISIC_0031568,nv,nv,1.9873266e-07,1.6568264e-07,auto_accept,low_unc_low_risk
ISIC_0028879,nv,nv,2.9105482e-07,1.4949449e-06,auto_accept,low_unc_low_risk
ISIC_0028790,df,df,0.0072437427,0.76044846,auto_accept,low_unc_low_risk
ISIC_0026969,nv,nv,8.170366e-08,4.8305552e-05,auto_accept,low_unc_low_risk
ISIC_0029063,nv,nv,5.6583183e-09,2.1200086e-09,auto_accept,low_unc_low_risk
ISIC_0028040,nv,nv,4.037906e-06,1.6227057e-05,auto_accept,low_unc_low_risk
ISIC_0033514,nv,nv,0.0030881544,0.0055145537,auto_accept,low_unc_low_risk
ISIC_0032622,mel,mel,7.152418e-05,0.9963336,auto_accept,low_unc_low_risk
ISIC_0027743,nv,nv,2.5600883e-10,1.1080695e-07,auto_accept,low_unc_low_risk
ISIC_0025949,nv,nv,2.3332605e-07,1.2563738e-07,auto_accept,low_unc_low_risk
ISIC_0028421,nv,nv,3.503978e-08,5.4068156e-11,auto_accept,low_unc_low_risk
ISIC_0027586,nv,nv,9.2086225e-08,4.113787e-09,auto_accept,low_unc_low_risk
ISIC_0028809,nv,nv,0.0070417724,0.011132465,auto_accept,low_unc_low_risk
ISIC_0024917,nv,nv,7.4316886e-06,3.9277268e-08,auto_accept,low_unc_low_risk
ISIC_0028021,nv,nv,1.9748734e-06,2.978368e-05,auto_accept,low_unc_low_risk
ISIC_0027032,nv,nv,4.2347665e-08,1.6267571e-06,auto_accept,low_unc_low_risk
ISIC_0031873,nv,nv,5.6150636e-08,1.05179215e-05,auto_accept,low_unc_low_risk
ISIC_0030666,nv,mel,0.014589071,0.7230889,escalate,high_unc_low_risk
ISIC_0030865,nv,nv,1.4785276e-08,6.032018e-07,auto_accept,low_unc_low_risk
ISIC_0028408,nv,nv,0.02478286,0.18603137,escalate,high_unc_low_risk
ISIC_0028247,nv,nv,0.01151575,0.0022433067,auto_accept,low_unc_low_risk
ISIC_0027931,nv,nv,0.015451938,0.20692906,escalate,high_unc_low_risk
ISIC_0032333,nv,nv,0.0032423988,0.006554306,auto_accept,low_unc_low_risk
ISIC_0027647,nv,nv,5.877924e-07,0.00040976546,auto_accept,low_unc_low_risk
ISIC_0034292,nv,nv,4.3710799e-07,1.2837088e-06,auto_accept,low_unc_low_risk
ISIC_0033238,mel,mel,0.0002730601,0.9933522,auto_accept,low_unc_low_risk
ISIC_0031920,nv,nv,2.757752e-05,0.0018523927,auto_accept,low_unc_low_risk
ISIC_0033800,nv,nv,0.00015793594,0.000870835,auto_accept,low_unc_low_risk
ISIC_0030715,nv,nv,2.902036e-06,4.7716494e-05,auto_accept,low_unc_low_risk
ISIC_0026556,bkl,bkl,6.0683513e-05,0.00011612745,auto_accept,low_unc_low_risk
ISIC_0031409,nv,nv,7.214936e-07,2.206684e-06,auto_accept,low_unc_low_risk
ISIC_0028507,nv,nv,0.008399408,0.030556116,auto_accept,low_unc_low_risk
ISIC_0030658,nv,nv,7.691778e-07,1.5310607e-06,auto_accept,low_unc_low_risk
ISIC_0028026,mel,mel,0.00095862435,0.9918474,auto_accept,low_unc_low_risk
ISIC_0032227,nv,nv,0.008872741,8.923546e-06,auto_accept,low_unc_low_risk
ISIC_0029154,nv,nv,1.1963728e-07,4.4742924e-06,auto_accept,low_unc_low_risk
ISIC_0028682,nv,nv,5.6992653e-06,1.2032026e-05,auto_accept,low_unc_low_risk
ISIC_0024570,nv,nv,0.00015885569,2.429366e-05,auto_accept,low_unc_low_risk
ISIC_0032198,nv,nv,0.0060869525,0.06390482,auto_accept,low_unc_low_risk
ISIC_0033047,mel,mel,0.00011577021,0.9993268,auto_accept,low_unc_low_risk
ISIC_0034077,nv,nv,0.0010457879,0.0003026039,auto_accept,low_unc_low_risk
ISIC_0028236,bkl,nv,0.00040692062,0.013619144,auto_accept,low_unc_low_risk
ISIC_0027228,nv,nv,1.7659744e-09,5.5167425e-06,auto_accept,low_unc_low_risk
ISIC_0030727,nv,nv,0.0053701727,0.00020054587,auto_accept,low_unc_low_risk
ISIC_0025868,nv,nv,5.332579e-06,2.9065203e-07,auto_accept,low_unc_low_risk
ISIC_0032159,bkl,bkl,0.00029606855,0.02780757,auto_accept,low_unc_low_risk
ISIC_0032039,nv,nv,0.00012272535,5.9392653e-07,auto_accept,low_unc_low_risk
ISIC_0025966,nv,nv,6.433717e-05,3.6622282e-06,auto_accept,low_unc_low_risk
ISIC_0027690,nv,nv,0.0059740245,2.7221644e-10,auto_accept,low_unc_low_risk
ISIC_0030848,nv,nv,7.345465e-05,0.0034492086,auto_accept,low_unc_low_risk
ISIC_0031182,nv,nv,1.396651e-06,4.004158e-06,auto_accept,low_unc_low_risk
ISIC_0030212,nv,nv,4.803376e-08,8.2579385e-07,auto_accept,low_unc_low_risk
ISIC_0025590,nv,nv,6.1362276e-10,1.411839e-10,auto_accept,low_unc_low_risk
ISIC_0029200,nv,nv,3.1477725e-09,1.2938841e-07,auto_accept,low_unc_low_risk
ISIC_0026708,nv,nv,8.232199e-07,4.4371481e-10,auto_accept,low_unc_low_risk
ISIC_0028149,nv,nv,0.0006084054,0.0005524573,auto_accept,low_unc_low_risk
ISIC_0029576,bkl,bkl,0.012782424,0.19110546,escalate,low_unc_low_risk
ISIC_0027155,mel,mel,0.0035636674,0.82365984,auto_accept,low_unc_low_risk
ISIC_0025118,nv,nv,0.012086218,0.04984802,auto_accept,low_unc_low_risk
ISIC_0034044,nv,nv,1.0556798e-05,4.9753096e-05,auto_accept,low_unc_low_risk
ISIC_0029769,nv,nv,1.3380458e-06,1.1719707e-05,auto_accept,low_unc_low_risk
ISIC_0029959,nv,nv,1.0168688e-05,2.9606632e-05,auto_accept,low_unc_low_risk
ISIC_0030092,nv,nv,1.4850975e-08,2.6048217e-09,auto_accept,low_unc_low_risk
ISIC_0030236,nv,nv,0.0011925038,0.00021104416,auto_accept,low_unc_low_risk
ISIC_0030300,nv,nv,3.3032318e-06,9.270189e-06,auto_accept,low_unc_low_risk
ISIC_0033866,akiec,bkl,0.0019011955,0.06055588,auto_accept,low_unc_low_risk
ISIC_0033583,bkl,bkl,3.0281906e-05,0.010823756,auto_accept,low_unc_low_risk
ISIC_0028633,nv,nv,0.005138611,0.0014430213,auto_accept,low_unc_low_risk
ISIC_0029255,nv,nv,9.957729e-10,4.752885e-08,auto_accept,low_unc_low_risk
ISIC_0029625,nv,nv,0.00090601685,0.001475277,auto_accept,low_unc_low_risk
ISIC_0033731,nv,nv,8.68902e-07,4.7834674e-05,auto_accept,low_unc_low_risk
ISIC_0027065,mel,mel,0.0071897754,0.9902636,auto_accept,low_unc_low_risk
ISIC_0026202,nv,nv,0.00047384694,2.6455098e-05,auto_accept,low_unc_low_risk
ISIC_0031128,nv,nv,0.00015534543,3.9713206e-05,auto_accept,low_unc_low_risk
ISIC_0032067,nv,nv,0.00013285583,0.066072196,auto_accept,low_unc_low_risk
ISIC_0026986,nv,nv,2.3278652e-09,1.749859e-09,auto_accept,low_unc_low_risk
ISIC_0026098,nv,nv,4.92469e-07,1.1853887e-07,auto_accept,low_unc_low_risk
ISIC_0029649,nv,nv,1.3971725e-06,1.3718001e-05,auto_accept,low_unc_low_risk
ISIC_0026240,nv,nv,2.781422e-05,3.763052e-05,auto_accept,low_unc_low_risk
ISIC_0033841,nv,nv,3.5651453e-09,1.5632605e-07,auto_accept,low_unc_low_risk
ISIC_0025485,bkl,bkl,4.912228e-07,0.0003043462,auto_accept,low_unc_low_risk
ISIC_0030819,nv,nv,0.0005550317,0.0005153649,auto_accept,low_unc_low_risk
ISIC_0029596,bkl,bkl,0.0007314122,0.057084434,auto_accept,low_unc_low_risk
ISIC_0030263,nv,nv,0.00015125329,0.010120107,auto_accept,low_unc_low_risk
ISIC_0024713,nv,nv,2.0376782e-09,1.7260527e-08,auto_accept,low_unc_low_risk
ISIC_0033406,nv,nv,0.008543467,0.2243419,auto_accept,low_unc_low_risk
ISIC_0028360,nv,nv,0.0023685696,1.9217903e-06,auto_accept,low_unc_low_risk
ISIC_0030161,nv,nv,1.2059397e-07,2.250295e-06,auto_accept,low_unc_low_risk
ISIC_0033880,nv,nv,1.5210001e-09,3.3359576e-11,auto_accept,low_unc_low_risk
ISIC_0026189,nv,nv,1.0394352e-05,0.0017882583,auto_accept,low_unc_low_risk
ISIC_0029317,nv,nv,1.894043e-10,3.5773546e-08,auto_accept,low_unc_low_risk
ISIC_0026471,df,df,0.000599746,0.00015638176,auto_accept,low_unc_low_risk
ISIC_0029634,akiec,akiec,0.004557262,0.9655929,auto_accept,low_unc_low_risk
ISIC_0034318,bkl,bkl,0.00034003283,2.674739e-05,auto_accept,low_unc_low_risk
ISIC_0032266,nv,nv,1.3675793e-05,5.4507475e-12,auto_accept,low_unc_low_risk
ISIC_0027307,nv,nv,1.9409354e-06,4.938666e-06,auto_accept,low_unc_low_risk
ISIC_0028565,mel,mel,0.001766203,0.9576183,auto_accept,low_unc_low_risk
ISIC_0029914,mel,mel,6.9030347e-07,0.9990237,auto_accept,low_unc_low_risk
ISIC_0025881,nv,nv,0.00586883,0.110057995,auto_accept,low_unc_low_risk
ISIC_0030811,nv,nv,1.679999e-08,1.0143226e-08,auto_accept,low_unc_low_risk
ISIC_0032494,nv,nv,7.333837e-05,0.0028406165,auto_accept,low_unc_low_risk
ISIC_0031051,nv,nv,2.8595272e-08,7.280688e-08,auto_accept,low_unc_low_risk
ISIC_0028784,nv,nv,4.481067e-07,1.0181245e-05,auto_accept,low_unc_low_risk
ISIC_0029708,nv,nv,1.8045617e-06,1.29740265e-05,auto_accept,low_unc_low_risk
ISIC_0034144,nv,nv,6.475988e-05,0.00024809898,auto_accept,low_unc_low_risk
ISIC_0030260,nv,bkl,0.010285054,0.057448927,auto_accept,low_unc_low_risk
ISIC_0024777,nv,nv,4.74865e-05,0.0010291879,auto_accept,low_unc_low_risk
ISIC_0026727,nv,nv,3.0168803e-05,0.000112105416,auto_accept,low_unc_low_risk
ISIC_0028644,akiec,mel,0.007753942,0.9481507,auto_accept,low_unc_low_risk
ISIC_0025933,nv,nv,1.3664755e-08,8.3315065e-08,auto_accept,low_unc_low_risk
ISIC_0031736,nv,nv,2.0026552e-07,6.066048e-05,auto_accept,low_unc_low_risk
ISIC_0024807,nv,nv,5.5635936e-09,1.5496337e-08,auto_accept,low_unc_low_risk
ISIC_0030617,nv,nv,3.446976e-06,1.2786332e-09,auto_accept,low_unc_low_risk
ISIC_0027485,nv,nv,7.348318e-05,0.0040832562,auto_accept,low_unc_low_risk
ISIC_0027164,nv,nv,1.2835484e-07,3.9070528e-07,auto_accept,low_unc_low_risk
ISIC_0030100,nv,nv,3.157093e-08,2.4955937e-10,auto_accept,low_unc_low_risk
ISIC_0026325,nv,nv,6.024205e-05,2.42384e-07,auto_accept,low_unc_low_risk
ISIC_0025664,nv,nv,4.793125e-07,7.843268e-07,auto_accept,low_unc_low_risk
ISIC_0033837,nv,nv,5.2483167e-05,5.5945286e-05,auto_accept,low_unc_low_risk
ISIC_0030632,nv,nv,3.0885405e-16,2.12671e-14,auto_accept,low_unc_low_risk
ISIC_0025563,nv,nv,0.00051393907,0.0055460525,auto_accept,low_unc_low_risk
ISIC_0027356,nv,nv,0.0007694776,1.0640862e-08,auto_accept,low_unc_low_risk
ISIC_0033495,nv,nv,0.00019898002,0.0030237124,auto_accept,low_unc_low_risk
ISIC_0029800,nv,nv,1.2306424e-07,0.00013425414,auto_accept,low_unc_low_risk
ISIC_0031130,bkl,bkl,0.00012074578,0.00022045097,auto_accept,low_unc_low_risk
ISIC_0027572,nv,nv,2.345872e-08,3.3487228e-07,auto_accept,low_unc_low_risk
ISIC_0026932,nv,nv,6.9227104e-07,1.5088073e-08,auto_accept,low_unc_low_risk
ISIC_0030380,nv,nv,1.1217694e-05,0.00030301386,auto_accept,low_unc_low_risk
ISIC_0031391,nv,nv,1.8617904e-05,0.00030817467,auto_accept,low_unc_low_risk
ISIC_0026673,nv,nv,5.4325943e-07,8.9575997e-07,auto_accept,low_unc_low_risk
ISIC_0026880,nv,nv,1.5872091e-07,9.682887e-09,auto_accept,low_unc_low_risk
ISIC_0031947,nv,nv,1.9926303e-05,3.0295715e-07,auto_accept,low_unc_low_risk
ISIC_0032728,nv,nv,1.115676e-07,2.9107773e-06,auto_accept,low_unc_low_risk
ISIC_0034007,bkl,bkl,9.088905e-05,0.0034151005,auto_accept,low_unc_low_risk
ISIC_0026300,nv,nv,1.6801042e-07,9.969222e-09,auto_accept,low_unc_low_risk
ISIC_0026093,nv,nv,4.2144904e-08,5.470646e-10,auto_accept,low_unc_low_risk
ISIC_0033259,nv,nv,0.00021794236,1.37610195e-05,auto_accept,low_unc_low_risk
ISIC_0028038,nv,nv,4.781222e-09,1.3962925e-07,auto_accept,low_unc_low_risk
ISIC_0025820,nv,nv,2.2771545e-08,1.7359265e-06,auto_accept,low_unc_low_risk
ISIC_0024981,bkl,nv,0.00028201524,0.00031301184,auto_accept,low_unc_low_risk
ISIC_0028004,nv,nv,8.4364035e-07,2.9226154e-08,auto_accept,low_unc_low_risk
ISIC_0028029,mel,mel,0.009679677,0.9076329,auto_accept,low_unc_low_risk
ISIC_0029829,nv,nv,7.5604746e-08,2.7573915e-06,auto_accept,low_unc_low_risk
ISIC_0029983,nv,nv,0.005724297,0.03929517,auto_accept,low_unc_low_risk
ISIC_0025496,nv,nv,2.1863323e-05,5.423171e-06,auto_accept,low_unc_low_risk
ISIC_0034068,mel,nv,0.0003030037,0.003251734,auto_accept,low_unc_low_risk
ISIC_0024534,nv,nv,5.8895584e-08,7.700858e-07,auto_accept,low_unc_low_risk
ISIC_0031340,nv,nv,0.0002555285,0.00013390995,auto_accept,low_unc_low_risk
ISIC_0026665,nv,nv,0.00087932724,0.009191975,auto_accept,low_unc_low_risk
ISIC_0028257,nv,nv,1.9534945e-11,4.316768e-12,auto_accept,low_unc_low_risk
ISIC_0029906,nv,nv,1.8786542e-07,9.0652475e-06,auto_accept,low_unc_low_risk
ISIC_0024798,nv,nv,0.0037365197,0.00011792056,auto_accept,low_unc_low_risk
ISIC_0028541,nv,nv,8.518087e-08,2.5329587e-07,auto_accept,low_unc_low_risk
ISIC_0029832,nv,nv,3.3150154e-05,6.37486e-05,auto_accept,low_unc_low_risk
ISIC_0033316,nv,nv,6.658047e-07,1.0813299e-05,auto_accept,low_unc_low_risk
ISIC_0032920,nv,nv,0.004635407,0.003993139,auto_accept,low_unc_low_risk
ISIC_0031842,nv,nv,5.666292e-11,1.8924563e-13,auto_accept,low_unc_low_risk
ISIC_0025498,nv,nv,3.3343227e-07,8.368296e-08,auto_accept,low_unc_low_risk
ISIC_0033853,bkl,bkl,0.00035628685,0.0009354482,auto_accept,low_unc_low_risk
ISIC_0024902,nv,nv,0.0012689378,0.010075005,auto_accept,low_unc_low_risk
ISIC_0028193,nv,nv,1.1292626e-08,5.170547e-08,auto_accept,low_unc_low_risk
ISIC_0029993,nv,mel,0.0015925802,0.9558371,auto_accept,low_unc_low_risk
ISIC_0027891,nv,nv,7.5778903e-06,5.52744e-05,auto_accept,low_unc_low_risk
ISIC_0026428,nv,nv,1.0883646e-07,3.3283737e-08,auto_accept,low_unc_low_risk
ISIC_0029523,nv,nv,3.2464934e-05,0.00017030395,auto_accept,low_unc_low_risk
ISIC_0024659,nv,nv,1.3141039e-05,3.0083006e-06,auto_accept,low_unc_low_risk
ISIC_0028256,nv,nv,3.463608e-05,2.8268401e-05,auto_accept,low_unc_low_risk
ISIC_0033623,nv,nv,5.4761585e-07,6.327974e-05,auto_accept,low_unc_low_risk
ISIC_0032763,bkl,bkl,0.000814105,0.006226903,auto_accept,low_unc_low_risk
ISIC_0032598,mel,mel,0.008568184,0.9812013,auto_accept,low_unc_low_risk
ISIC_0030626,nv,nv,0.00035357708,0.0004159967,auto_accept,low_unc_low_risk
ISIC_0026313,df,df,3.287024e-09,0.0008023535,auto_accept,low_unc_low_risk
ISIC_0030594,bcc,bcc,0.011686302,0.9903258,auto_accept,low_unc_low_risk
ISIC_0030379,nv,nv,3.5140496e-10,6.4002753e-10,auto_accept,low_unc_low_risk
ISIC_0025878,nv,nv,3.2744898e-05,1.4278285e-06,auto_accept,low_unc_low_risk
ISIC_0033892,nv,nv,2.6477297e-05,0.0013333369,auto_accept,low_unc_low_risk
ISIC_0029870,nv,nv,2.7642997e-07,4.844488e-07,auto_accept,low_unc_low_risk
ISIC_0031235,nv,nv,4.2634746e-10,4.7829474e-09,auto_accept,low_unc_low_risk
ISIC_0031282,nv,nv,7.7126913e-07,1.654895e-06,auto_accept,low_unc_low_risk
ISIC_0026059,nv,nv,1.5878877e-13,1.7521857e-14,auto_accept,low_unc_low_risk
ISIC_0028344,nv,mel,0.014136218,0.6962255,escalate,high_unc_low_risk
ISIC_0028073,nv,nv,5.0131085e-08,5.5374613e-08,auto_accept,low_unc_low_risk
ISIC_0025190,nv,nv,2.8755356e-09,2.6847527e-08,auto_accept,low_unc_low_risk
ISIC_0026309,nv,nv,2.7732403e-05,4.8909813e-05,auto_accept,low_unc_low_risk
ISIC_0030875,nv,nv,9.852221e-11,2.4465137e-09,auto_accept,low_unc_low_risk
ISIC_0033649,nv,nv,8.771485e-06,0.000107618296,auto_accept,low_unc_low_risk
ISIC_0033412,nv,nv,0.0011658756,0.008198132,auto_accept,low_unc_low_risk
ISIC_0026997,nv,nv,2.1085602e-07,1.2796678e-06,auto_accept,low_unc_low_risk
ISIC_0032996,nv,nv,2.739479e-08,7.069414e-06,auto_accept,low_unc_low_risk
ISIC_0030315,nv,nv,1.0144568e-08,1.0742698e-09,auto_accept,low_unc_low_risk
ISIC_0025087,nv,nv,1.24666985e-05,2.1483562e-09,auto_accept,low_unc_low_risk
ISIC_0033725,mel,mel,0.00021166484,0.9946978,auto_accept,low_unc_low_risk
ISIC_0027961,nv,nv,0.0002886324,2.673084e-05,auto_accept,low_unc_low_risk
ISIC_0028802,nv,nv,1.315249e-07,2.8194611e-07,auto_accept,low_unc_low_risk
ISIC_0032513,bkl,bkl,0.0053054676,0.0057080826,auto_accept,low_unc_low_risk
ISIC_0026642,nv,nv,0.00048573696,0.0008137232,auto_accept,low_unc_low_risk
ISIC_0031279,nv,nv,3.6868456e-10,4.794152e-10,auto_accept,low_unc_low_risk
ISIC_0027860,nv,nv,7.483309e-10,8.0957125e-09,auto_accept,low_unc_low_risk
ISIC_0032751,mel,mel,0.0058957897,0.8319914,auto_accept,low_unc_low_risk
ISIC_0032934,nv,nv,0.0016126534,0.00020955116,auto_accept,low_unc_low_risk
ISIC_0031688,nv,nv,2.0091349e-08,3.032427e-08,auto_accept,low_unc_low_risk
ISIC_0025532,nv,nv,6.7087935e-06,5.4670338e-05,auto_accept,low_unc_low_risk
ISIC_0028115,nv,nv,0.0009252182,0.00017973865,auto_accept,low_unc_low_risk
ISIC_0025048,nv,nv,4.8970556e-09,7.150623e-11,auto_accept,low_unc_low_risk
ISIC_0029925,nv,nv,1.5624882e-10,4.874248e-10,auto_accept,low_unc_low_risk
ISIC_0031979,nv,nv,1.5623982e-06,4.47435e-05,auto_accept,low_unc_low_risk
ISIC_0031271,df,df,5.7426877e-13,4.934438e-06,auto_accept,low_unc_low_risk
ISIC_0031587,nv,nv,5.2840797e-08,4.860004e-07,auto_accept,low_unc_low_risk
ISIC_0032406,nv,nv,1.7271852e-05,0.00051532855,auto_accept,low_unc_low_risk
ISIC_0027327,mel,mel,0.0069211116,0.9918371,auto_accept,low_unc_low_risk
ISIC_0024786,bkl,bkl,0.0026425368,0.06491376,auto_accept,low_unc_low_risk
ISIC_0028153,nv,nv,0.0010936097,0.0019884415,auto_accept,low_unc_low_risk
ISIC_0025775,nv,nv,2.715646e-08,4.545269e-09,auto_accept,low_unc_low_risk
ISIC_0027920,bcc,bcc,0.015958505,0.92180026,escalate,high_unc_low_risk
ISIC_0032772,nv,nv,0.0009838444,5.201284e-05,auto_accept,low_unc_low_risk
ISIC_0034126,bkl,bkl,0.0005046308,0.03218309,auto_accept,low_unc_low_risk
ISIC_0024397,nv,nv,9.080377e-05,2.361769e-05,auto_accept,low_unc_low_risk
ISIC_0030600,nv,nv,1.8280557e-09,1.7489197e-07,auto_accept,low_unc_low_risk
ISIC_0025426,nv,nv,3.354992e-06,0.00034972173,auto_accept,low_unc_low_risk
ISIC_0033202,nv,nv,1.3548907e-06,8.992489e-06,auto_accept,low_unc_low_risk
ISIC_0032026,nv,nv,0.00023824073,0.0013365332,auto_accept,low_unc_low_risk
ISIC_0027831,bkl,bkl,0.00011931494,0.0123519655,auto_accept,low_unc_low_risk
ISIC_0030764,nv,nv,1.1203092e-06,5.2010582e-06,auto_accept,low_unc_low_risk
ISIC_0028564,nv,nv,2.1233895e-05,3.866601e-05,auto_accept,low_unc_low_risk
ISIC_0032864,nv,nv,5.6541085e-05,0.0013009976,auto_accept,low_unc_low_risk
ISIC_0033637,nv,nv,0.023960192,0.00015862849,escalate,high_unc_low_risk
ISIC_0030444,nv,nv,0.002365471,0.013454129,auto_accept,low_unc_low_risk
ISIC_0029803,nv,nv,2.401757e-06,0.00029585583,auto_accept,low_unc_low_risk
ISIC_0026308,nv,nv,8.238031e-08,7.5576304e-07,auto_accept,low_unc_low_risk
ISIC_0028913,bkl,bkl,1.3089333e-05,3.0743973e-05,auto_accept,low_unc_low_risk
ISIC_0032000,nv,nv,3.7298075e-06,3.7743378e-06,auto_accept,low_unc_low_risk
ISIC_0033207,nv,nv,0.0020793348,0.0026658892,auto_accept,low_unc_low_risk
ISIC_0029117,nv,nv,3.0708828e-11,3.0817643e-10,auto_accept,low_unc_low_risk
ISIC_0025938,nv,nv,0.00010897597,0.008316919,auto_accept,low_unc_low_risk
ISIC_0030921,nv,nv,0.00088950095,3.527549e-05,auto_accept,low_unc_low_risk
ISIC_0031427,nv,nv,2.8691845e-08,1.4183594e-07,auto_accept,low_unc_low_risk
ISIC_0028636,nv,nv,0.00061634614,0.0030083908,auto_accept,low_unc_low_risk
ISIC_0028801,nv,nv,1.5060715e-08,1.8182416e-07,auto_accept,low_unc_low_risk
ISIC_0032662,mel,nv,0.0030164344,0.00022096127,auto_accept,low_unc_low_risk
ISIC_0032734,nv,nv,2.3040337e-05,0.006863287,auto_accept,low_unc_low_risk
ISIC_0031946,nv,nv,4.7114734e-10,3.0542496e-10,auto_accept,low_unc_low_risk
ISIC_0027035,nv,nv,3.7010628e-07,6.2227923e-06,auto_accept,low_unc_low_risk
ISIC_0033342,nv,nv,0.00070448656,0.00019122023,auto_accept,low_unc_low_risk
ISIC_0028244,nv,nv,5.3985373e-06,1.6505449e-09,auto_accept,low_unc_low_risk
ISIC_0032770,nv,nv,8.126473e-05,0.00065605325,auto_accept,low_unc_low_risk
ISIC_0026977,nv,nv,9.9217565e-11,2.6892564e-09,auto_accept,low_unc_low_risk
ISIC_0032474,nv,nv,0.002104,0.059929807,auto_accept,low_unc_low_risk
ISIC_0031590,nv,nv,1.8838865e-06,8.246511e-07,auto_accept,low_unc_low_risk
ISIC_0026505,nv,nv,1.8868448e-08,2.6246219e-12,auto_accept,low_unc_low_risk
ISIC_0027674,nv,nv,8.1967744e-05,0.000612383,auto_accept,low_unc_low_risk
ISIC_0029270,bkl,bkl,4.4288572e-05,0.032266553,auto_accept,low_unc_low_risk
ISIC_0029077,nv,nv,4.12258e-07,4.6093525e-08,auto_accept,low_unc_low_risk
ISIC_0028025,nv,nv,2.5868497e-08,4.9925372e-08,auto_accept,low_unc_low_risk
ISIC_0034250,nv,nv,0.00026277523,0.0023278566,auto_accept,low_unc_low_risk
ISIC_0027918,nv,nv,1.881349e-06,3.150196e-07,auto_accept,low_unc_low_risk
ISIC_0029307,nv,nv,3.876665e-08,2.5953137e-10,auto_accept,low_unc_low_risk
ISIC_0033543,nv,nv,0.0008416424,0.0020424654,auto_accept,low_unc_low_risk
ISIC_0024536,nv,nv,3.7854136e-06,0.00057888706,auto_accept,low_unc_low_risk
ISIC_0028742,nv,nv,7.905051e-05,1.6717874e-07,auto_accept,low_unc_low_risk
ISIC_0030719,nv,nv,0.00316082,0.040835254,auto_accept,low_unc_low_risk
ISIC_0026160,nv,nv,1.1684459e-05,0.00010390988,auto_accept,low_unc_low_risk
ISIC_0025545,nv,nv,0.019954024,0.05956253,escalate,high_unc_low_risk
ISIC_0026683,nv,nv,2.9652188e-08,1.1664336e-09,auto_accept,low_unc_low_risk
ISIC_0028595,nv,nv,0.00016062133,8.116627e-10,auto_accept,low_unc_low_risk
ISIC_0032210,nv,nv,0.00060376636,1.2633038e-05,auto_accept,low_unc_low_risk
ISIC_0033964,nv,nv,0.0007275085,0.0012519128,auto_accept,low_unc_low_risk
ISIC_0026570,nv,nv,4.8671645e-05,0.00035329067,auto_accept,low_unc_low_risk
ISIC_0029294,nv,nv,5.926082e-07,1.1762005e-10,auto_accept,low_unc_low_risk
ISIC_0032795,nv,nv,8.102004e-05,0.00031031301,auto_accept,low_unc_low_risk
ISIC_0031313,nv,nv,3.335415e-05,8.1940656e-05,auto_accept,low_unc_low_risk
ISIC_0025796,nv,nv,1.5151016e-06,7.674364e-05,auto_accept,low_unc_low_risk
ISIC_0030931,nv,nv,2.0959471e-06,0.00046396884,auto_accept,low_unc_low_risk
ISIC_0029636,nv,nv,0.010211558,0.14725935,auto_accept,low_unc_low_risk
ISIC_0025580,nv,nv,1.1652121e-06,0.00010436498,auto_accept,low_unc_low_risk
ISIC_0030558,nv,nv,1.880195e-10,1.6267651e-07,auto_accept,low_unc_low_risk
ISIC_0032401,nv,nv,6.488864e-09,2.183291e-09,auto_accept,low_unc_low_risk
ISIC_0030253,nv,mel,0.0015508857,0.9902823,auto_accept,low_unc_low_risk
ISIC_0032551,nv,nv,0.01381836,0.00861958,escalate,low_unc_low_risk
ISIC_0033120,mel,nv,0.0019326897,0.0011679138,auto_accept,low_unc_low_risk
ISIC_0025916,nv,nv,0.0014371006,7.4520336e-05,auto_accept,low_unc_low_risk
ISIC_0029670,nv,nv,3.459036e-08,1.345732e-07,auto_accept,low_unc_low_risk
ISIC_0032064,nv,nv,3.5191378e-11,3.7236068e-09,auto_accept,low_unc_low_risk
ISIC_0031544,nv,nv,1.4645683e-06,2.721981e-06,auto_accept,low_unc_low_risk
ISIC_0024498,bkl,bkl,1.1776771e-05,0.0010402773,auto_accept,low_unc_low_risk
ISIC_0027347,nv,nv,6.294217e-06,1.4346983e-06,auto_accept,low_unc_low_risk
ISIC_0030799,nv,nv,2.7428698e-10,2.038494e-08,auto_accept,low_unc_low_risk
ISIC_0027823,nv,nv,3.3953581e-06,2.1795856e-07,auto_accept,low_unc_low_risk
ISIC_0026860,nv,nv,5.770798e-08,1.8804219e-08,auto_accept,low_unc_low_risk
ISIC_0033758,bkl,bkl,0.015970869,0.00014944829,escalate,high_unc_low_risk
ISIC_0027913,nv,nv,7.7571775e-07,1.4574177e-09,auto_accept,low_unc_low_risk
ISIC_0032560,nv,mel,0.017529132,0.7174171,escalate,high_unc_low_risk
ISIC_0027154,bkl,bkl,2.7746542e-05,0.004503076,auto_accept,low_unc_low_risk
ISIC_0029197,nv,nv,0.00016009486,0.0014329439,auto_accept,low_unc_low_risk
ISIC_0025290,nv,nv,8.511245e-09,5.345015e-08,auto_accept,low_unc_low_risk
ISIC_0027080,nv,nv,2.1281195e-09,3.671158e-10,auto_accept,low_unc_low_risk
ISIC_0028057,nv,nv,8.809407e-06,0.00012430937,auto_accept,low_unc_low_risk
ISIC_0029023,nv,nv,0.00048672612,0.0015874653,auto_accept,low_unc_low_risk
ISIC_0031703,nv,nv,0.001542834,0.009830844,auto_accept,low_unc_low_risk
ISIC_0024455,nv,nv,1.6636885e-07,2.5028417e-08,auto_accept,low_unc_low_risk
ISIC_0032452,nv,nv,0.0012010543,5.0033384e-05,auto_accept,low_unc_low_risk
ISIC_0027015,nv,nv,2.4868385e-05,2.3638828e-08,auto_accept,low_unc_low_risk
ISIC_0034202,mel,mel,9.334013e-07,0.99991834,escalate,low_unc_high_risk
ISIC_0028092,nv,nv,0.00018878917,0.00065859675,auto_accept,low_unc_low_risk
ISIC_0032750,mel,mel,6.936573e-05,0.9977181,auto_accept,low_unc_low_risk
ISIC_0026508,nv,nv,0.0010971853,0.00036656755,auto_accept,low_unc_low_risk
ISIC_0030051,nv,nv,7.0986284e-06,2.5576455e-06,auto_accept,low_unc_low_risk
ISIC_0027039,nv,nv,3.4153384e-08,3.7359015e-07,auto_accept,low_unc_low_risk
ISIC_0030908,nv,nv,1.9746805e-07,6.343105e-06,auto_accept,low_unc_low_risk
ISIC_0025273,nv,nv,6.879602e-05,1.5488362e-05,auto_accept,low_unc_low_risk
ISIC_0033819,mel,mel,0.0035365156,0.9370963,auto_accept,low_unc_low_risk
ISIC_0032896,nv,nv,0.0008408949,0.00057573064,auto_accept,low_unc_low_risk
ISIC_0028774,bkl,bkl,0.00035531752,0.016460368,auto_accept,low_unc_low_risk
ISIC_0031869,nv,nv,3.9679016e-05,0.00086735596,auto_accept,low_unc_low_risk
ISIC_0030949,nv,nv,0.000116458985,3.03474e-09,auto_accept,low_unc_low_risk
ISIC_0031139,nv,nv,1.484301e-06,4.383332e-09,auto_accept,low_unc_low_risk
ISIC_0027758,nv,nv,4.8481274e-06,7.565083e-06,auto_accept,low_unc_low_risk
ISIC_0028125,nv,nv,3.4053716e-08,6.1622e-11,auto_accept,low_unc_low_risk
ISIC_0024677,nv,nv,1.0717143e-07,5.9294905e-07,auto_accept,low_unc_low_risk
ISIC_0028268,nv,nv,3.8109063e-09,4.1651808e-07,auto_accept,low_unc_low_risk
ISIC_0029165,nv,nv,4.0179566e-06,3.3505094e-05,auto_accept,low_unc_low_risk
ISIC_0024945,nv,nv,2.935004e-05,6.5743943e-06,auto_accept,low_unc_low_risk
ISIC_0028829,nv,nv,4.063905e-05,1.1126498e-06,auto_accept,low_unc_low_risk
ISIC_0033887,nv,nv,0.00049120653,0.008337293,auto_accept,low_unc_low_risk
ISIC_0033408,nv,nv,2.7694505e-05,3.0823765e-05,auto_accept,low_unc_low_risk
ISIC_0033008,nv,nv,0.0027224824,0.0003210635,auto_accept,low_unc_low_risk
ISIC_0032970,mel,mel,0.0074604983,0.99575967,auto_accept,low_unc_low_risk
ISIC_0025566,nv,nv,1.012277e-08,4.145698e-05,auto_accept,low_unc_low_risk
ISIC_0025767,bkl,bkl,0.00017908202,0.00011815479,auto_accept,low_unc_low_risk
ISIC_0030968,nv,nv,0.0021110044,0.00022970988,auto_accept,low_unc_low_risk
ISIC_0025064,bkl,nv,0.0039202576,0.0027168812,auto_accept,low_unc_low_risk
ISIC_0026408,nv,nv,1.2282885e-09,6.978137e-07,auto_accept,low_unc_low_risk
ISIC_0025114,nv,nv,1.7483809e-07,1.8024426e-06,auto_accept,low_unc_low_risk
ISIC_0027793,mel,nv,0.0020177134,0.00035992413,auto_accept,low_unc_low_risk
ISIC_0031592,nv,nv,0.00059045444,6.334006e-05,auto_accept,low_unc_low_risk
ISIC_0028205,nv,nv,0.003087331,0.02476185,auto_accept,low_unc_low_risk
ISIC_0028860,mel,mel,0.0089932745,0.8553652,auto_accept,low_unc_low_risk
ISIC_0028991,nv,nv,4.6188684e-06,2.504187e-09,auto_accept,low_unc_low_risk
ISIC_0030199,nv,nv,6.169399e-10,8.936353e-09,auto_accept,low_unc_low_risk
ISIC_0028422,nv,nv,4.4231e-07,1.00760104e-07,auto_accept,low_unc_low_risk
ISIC_0028921,nv,nv,2.3508613e-09,1.5178923e-10,auto_accept,low_unc_low_risk
ISIC_0028178,nv,nv,9.631731e-07,2.5972038e-05,auto_accept,low_unc_low_risk
ISIC_0030128,nv,nv,1.5773601e-07,8.5839365e-06,auto_accept,low_unc_low_risk
ISIC_0026496,bcc,bcc,5.2964733e-05,0.99212897,auto_accept,low_unc_low_risk
ISIC_0026196,nv,nv,1.5370779e-09,1.8404988e-08,auto_accept,low_unc_low_risk
ISIC_0027293,nv,nv,0.0064099743,0.38071626,auto_accept,low_unc_low_risk
ISIC_0031935,nv,nv,2.1305036e-07,5.292675e-09,auto_accept,low_unc_low_risk
ISIC_0025902,nv,nv,0.016316036,0.031231204,escalate,high_unc_low_risk
ISIC_0026224,nv,nv,6.2011765e-09,1.2538565e-13,auto_accept,low_unc_low_risk
ISIC_0032446,nv,nv,4.0683863e-06,0.001043821,auto_accept,low_unc_low_risk
ISIC_0031379,nv,nv,0.0023838792,0.0019569981,auto_accept,low_unc_low_risk
ISIC_0034099,nv,nv,2.044136e-06,3.4142286e-05,auto_accept,low_unc_low_risk
ISIC_0031998,nv,nv,6.5212053e-06,8.169524e-06,auto_accept,low_unc_low_risk
ISIC_0033125,mel,mel,1.0976637e-06,0.999445,auto_accept,low_unc_low_risk
ISIC_0025602,nv,nv,5.2198576e-08,8.165684e-09,auto_accept,low_unc_low_risk
ISIC_0032445,bkl,bkl,0.0003741554,0.0068050753,auto_accept,low_unc_low_risk
ISIC_0027581,nv,nv,1.5041475e-07,3.4802956e-06,auto_accept,low_unc_low_risk
ISIC_0031220,nv,nv,0.002835103,0.014385317,auto_accept,low_unc_low_risk
ISIC_0027688,nv,nv,0.0060507157,0.030821394,auto_accept,low_unc_low_risk
ISIC_0027972,nv,nv,6.543286e-06,0.0004622846,auto_accept,low_unc_low_risk
ISIC_0024326,nv,nv,1.2250903e-06,2.7925116e-05,auto_accept,low_unc_low_risk
ISIC_0030760,mel,mel,0.003245844,0.843205,auto_accept,low_unc_low_risk
ISIC_0032150,nv,nv,5.6042527e-06,0.00018659598,auto_accept,low_unc_low_risk
ISIC_0025199,bkl,nv,0.016343443,0.0007267219,escalate,high_unc_low_risk
ISIC_0031750,nv,nv,0.012688897,0.45138636,escalate,low_unc_low_risk
ISIC_0026126,nv,nv,8.436673e-06,0.0003316999,auto_accept,low_unc_low_risk
ISIC_0032008,nv,bkl,0.0062040044,0.006041154,auto_accept,low_unc_low_risk
ISIC_0031722,nv,nv,2.8239102e-09,1.8982018e-08,auto_accept,low_unc_low_risk
ISIC_0025253,nv,nv,9.571888e-05,0.022404002,auto_accept,low_unc_low_risk
ISIC_0029776,bkl,bkl,0.00045420718,0.022582471,auto_accept,low_unc_low_risk
ISIC_0031807,nv,nv,2.3369851e-07,1.7433836e-08,auto_accept,low_unc_low_risk
ISIC_0025329,nv,nv,7.50597e-05,0.0007557985,auto_accept,low_unc_low_risk
ISIC_0024772,bkl,bkl,0.0041562007,0.32199615,auto_accept,low_unc_low_risk
ISIC_0028304,nv,nv,0.0006395828,0.012988628,auto_accept,low_unc_low_risk
ISIC_0030206,nv,nv,9.262011e-09,2.5413306e-07,auto_accept,low_unc_low_risk
ISIC_0025598,nv,bkl,0.008810372,0.11398353,auto_accept,low_unc_low_risk
ISIC_0026481,bkl,bkl,0.0044183484,0.09862672,auto_accept,low_unc_low_risk
ISIC_0027266,nv,nv,0.0007631519,0.005710836,auto_accept,low_unc_low_risk
ISIC_0025527,nv,nv,3.8807384e-09,1.3174824e-07,auto_accept,low_unc_low_risk
ISIC_0025854,nv,nv,2.0337477e-08,6.234835e-08,auto_accept,low_unc_low_risk
ISIC_0026356,nv,nv,1.718777e-08,3.2046228e-05,auto_accept,low_unc_low_risk
ISIC_0033190,nv,nv,6.2068616e-06,3.611447e-05,auto_accept,low_unc_low_risk
ISIC_0031522,bkl,bkl,0.00023895294,0.002357975,auto_accept,low_unc_low_risk
ISIC_0031978,nv,nv,2.0626845e-09,7.981734e-08,auto_accept,low_unc_low_risk
ISIC_0032183,nv,nv,7.514763e-11,3.1781908e-09,auto_accept,low_unc_low_risk
ISIC_0028176,nv,nv,5.400692e-09,3.0771275e-08,auto_accept,low_unc_low_risk
ISIC_0028861,nv,nv,5.7292702e-08,1.276541e-07,auto_accept,low_unc_low_risk
ISIC_0025226,nv,nv,5.4561762e-05,0.00057642855,auto_accept,low_unc_low_risk
ISIC_0033987,bkl,bkl,1.5394738e-06,0.009096682,auto_accept,low_unc_low_risk
ISIC_0031652,nv,nv,4.218688e-05,4.1983083e-07,auto_accept,low_unc_low_risk
ISIC_0032188,nv,nv,1.8818004e-10,3.1265105e-11,auto_accept,low_unc_low_risk
ISIC_0031509,nv,nv,7.070354e-11,4.2539384e-08,auto_accept,low_unc_low_risk
ISIC_0029548,bkl,bkl,0.021141669,1.3510934e-06,escalate,high_unc_low_risk
ISIC_0030030,nv,nv,2.8915626e-06,9.066915e-05,auto_accept,low_unc_low_risk
ISIC_0025152,nv,nv,0.0001402566,0.00012498804,auto_accept,low_unc_low_risk
ISIC_0025413,mel,mel,3.2861462e-06,0.9995782,auto_accept,low_unc_low_risk
ISIC_0024641,nv,nv,1.8525997e-08,1.7782774e-08,auto_accept,low_unc_low_risk
ISIC_0025330,bkl,bkl,5.793105e-07,0.000667057,auto_accept,low_unc_low_risk
ISIC_0025844,nv,nv,2.1020607e-08,7.821472e-07,auto_accept,low_unc_low_risk
ISIC_0028532,nv,nv,9.369602e-08,4.1870288e-07,auto_accept,low_unc_low_risk
ISIC_0026640,nv,nv,1.1856066e-05,0.00020236721,auto_accept,low_unc_low_risk
ISIC_0030969,nv,nv,5.7909595e-08,8.452801e-09,auto_accept,low_unc_low_risk
ISIC_0031666,mel,mel,4.090975e-06,0.9996983,auto_accept,low_unc_low_risk
ISIC_0028852,nv,nv,4.4699615e-07,5.061326e-10,auto_accept,low_unc_low_risk
ISIC_0030170,nv,nv,4.7039075e-06,2.381652e-06,auto_accept,low_unc_low_risk
ISIC_0030739,nv,nv,8.474775e-07,0.00013753262,auto_accept,low_unc_low_risk
ISIC_0024580,nv,nv,3.7814456e-08,1.0266021e-08,auto_accept,low_unc_low_risk
ISIC_0029505,bkl,bkl,7.68335e-06,0.00153929,auto_accept,low_unc_low_risk
ISIC_0030422,nv,nv,0.006046366,0.004787652,auto_accept,low_unc_low_risk
ISIC_0034079,nv,nv,0.00065604324,0.0004317624,auto_accept,low_unc_low_risk
ISIC_0025591,nv,nv,1.2582907e-05,0.00013172056,auto_accept,low_unc_low_risk
ISIC_0033489,nv,nv,1.6848287e-05,2.9501083e-05,auto_accept,low_unc_low_risk
ISIC_0034027,nv,mel,0.00478465,0.9728636,auto_accept,low_unc_low_risk
ISIC_0030084,nv,nv,0.00026551436,0.0010902636,auto_accept,low_unc_low_risk
ISIC_0031508,nv,nv,8.8635476e-05,3.7164584e-05,auto_accept,low_unc_low_risk
ISIC_0032633,nv,nv,0.0003495053,0.0033512996,auto_accept,low_unc_low_risk
ISIC_0024977,nv,nv,1.455398e-07,3.3294011e-06,auto_accept,low_unc_low_risk
ISIC_0030776,nv,nv,2.7363143e-07,1.1270319e-06,auto_accept,low_unc_low_risk
ISIC_0030495,nv,nv,2.7694e-10,6.208174e-11,auto_accept,low_unc_low_risk
ISIC_0029559,bkl,bkl,0.005317815,0.006456478,auto_accept,low_unc_low_risk
ISIC_0031767,nv,nv,2.4789558e-06,3.7897742e-05,auto_accept,low_unc_low_risk
ISIC_0032128,bkl,bkl,0.005912497,0.015473088,auto_accept,low_unc_low_risk
ISIC_0031234,nv,nv,7.7423357e-07,5.141142e-06,auto_accept,low_unc_low_risk
ISIC_0029131,nv,nv,1.9743015e-06,7.6394734e-08,auto_accept,low_unc_low_risk
ISIC_0026658,nv,nv,0.0034561146,0.00031998055,auto_accept,low_unc_low_risk
ISIC_0025779,nv,nv,4.563627e-07,1.3331589e-06,auto_accept,low_unc_low_risk
ISIC_0025771,df,df,5.482181e-09,2.9911196e-05,auto_accept,low_unc_low_risk
ISIC_0032219,mel,mel,8.742593e-05,0.99467975,auto_accept,low_unc_low_risk
ISIC_0028241,nv,nv,0.006651558,0.025886778,auto_accept,low_unc_low_risk
ISIC_0032954,nv,nv,0.00011560725,0.000827333,auto_accept,low_unc_low_risk
ISIC_0030056,bkl,bkl,1.5268404e-06,8.0717946e-05,auto_accept,low_unc_low_risk
ISIC_0029984,nv,nv,1.8171808e-05,5.0711413e-05,auto_accept,low_unc_low_risk
ISIC_0032100,nv,nv,4.5932684e-05,4.0068144e-07,auto_accept,low_unc_low_risk
ISIC_0033640,nv,nv,2.5096359e-05,4.438554e-05,auto_accept,low_unc_low_risk
ISIC_0031147,nv,nv,4.0872266e-09,9.965798e-13,auto_accept,low_unc_low_risk
ISIC_0028009,nv,nv,1.1013258e-05,8.4845895e-05,auto_accept,low_unc_low_risk
ISIC_0030535,nv,bkl,0.00048307123,0.061005194,auto_accept,low_unc_low_risk
ISIC_0033960,nv,nv,5.8375907e-05,2.1108113e-05,auto_accept,low_unc_low_risk
ISIC_0027357,nv,nv,9.075564e-08,9.259551e-06,auto_accept,low_unc_low_risk
ISIC_0030961,nv,nv,0.0016288068,9.351902e-05,auto_accept,low_unc_low_risk
ISIC_0027833,nv,nv,4.1558924e-06,1.4446152e-06,auto_accept,low_unc_low_risk
ISIC_0027549,nv,nv,1.7166636e-05,1.3544899e-05,auto_accept,low_unc_low_risk
ISIC_0028838,nv,nv,0.00020292366,2.2480737e-05,auto_accept,low_unc_low_risk
ISIC_0024392,nv,nv,6.6630456e-08,6.922532e-08,auto_accept,low_unc_low_risk
ISIC_0032810,mel,mel,0.005751009,0.9259677,auto_accept,low_unc_low_risk
ISIC_0029419,nv,nv,6.4287415e-09,4.408937e-10,auto_accept,low_unc_low_risk
ISIC_0029236,nv,nv,6.6970846e-05,0.00065482076,auto_accept,low_unc_low_risk
ISIC_0028452,nv,nv,3.6177134e-05,7.24561e-07,auto_accept,low_unc_low_risk
ISIC_0029561,nv,nv,1.31029765e-05,5.9609615e-09,auto_accept,low_unc_low_risk
ISIC_0028988,nv,nv,0.003936627,3.4357295e-06,auto_accept,low_unc_low_risk
ISIC_0032509,mel,nv,0.0027750318,0.015503845,auto_accept,low_unc_low_risk
ISIC_0026253,nv,nv,1.1826087e-06,1.481284e-06,auto_accept,low_unc_low_risk
ISIC_0026338,nv,nv,2.4770717e-12,3.4066247e-10,auto_accept,low_unc_low_risk
ISIC_0026585,nv,nv,0.00018813061,3.933185e-07,auto_accept,low_unc_low_risk
ISIC_0029909,mel,akiec,0.0012016452,0.99758947,auto_accept,low_unc_low_risk
ISIC_0025023,nv,nv,9.0559546e-08,8.259771e-11,auto_accept,low_unc_low_risk
ISIC_0027411,nv,nv,6.6283207e-10,6.4482255e-09,auto_accept,low_unc_low_risk
ISIC_0029753,nv,nv,9.8322035e-09,3.6901633e-06,auto_accept,low_unc_low_risk
ISIC_0025608,nv,nv,6.9910584e-09,2.1046704e-09,auto_accept,low_unc_low_risk
ISIC_0028518,nv,nv,2.4840474e-05,0.00010329362,auto_accept,low_unc_low_risk
ISIC_0031793,nv,nv,2.2678103e-06,9.485265e-06,auto_accept,low_unc_low_risk
ISIC_0028753,nv,nv,7.986722e-08,1.3817378e-10,auto_accept,low_unc_low_risk
ISIC_0034233,mel,mel,6.617589e-05,0.9982666,auto_accept,low_unc_low_risk
ISIC_0028526,nv,nv,1.5414939e-07,3.0158608e-06,auto_accept,low_unc_low_risk
ISIC_0033449,bkl,bkl,0.00012853967,0.024147155,auto_accept,low_unc_low_risk
ISIC_0033330,nv,nv,2.1517655e-08,1.4118358e-07,auto_accept,low_unc_low_risk
ISIC_0031172,nv,nv,8.750334e-06,4.4741034e-07,auto_accept,low_unc_low_risk
ISIC_0032205,nv,nv,6.86788e-08,2.6396682e-08,auto_accept,low_unc_low_risk
ISIC_0026974,nv,nv,3.953646e-05,0.0032937024,auto_accept,low_unc_low_risk
ISIC_0032573,nv,nv,0.00017248243,0.0012245704,auto_accept,low_unc_low_risk
ISIC_0028475,nv,nv,5.251773e-08,1.8994255e-05,auto_accept,low_unc_low_risk
ISIC_0024802,nv,nv,4.363612e-07,1.3536777e-07,auto_accept,low_unc_low_risk
ISIC_0026227,nv,nv,9.1802826e-10,2.1464122e-07,auto_accept,low_unc_low_risk
ISIC_0032850,bcc,bcc,1.6822822e-06,0.9999386,escalate,low_unc_high_risk
ISIC_0033596,nv,bkl,0.002661363,0.0011931208,auto_accept,low_unc_low_risk
ISIC_0027796,bkl,bkl,0.016342683,0.0052502975,escalate,high_unc_low_risk
ISIC_0026221,nv,nv,1.1459878e-05,4.046227e-08,auto_accept,low_unc_low_risk
ISIC_0027996,bkl,bkl,0.00036544199,0.042709943,auto_accept,low_unc_low_risk
ISIC_0033561,nv,nv,0.020817196,0.07069234,escalate,high_unc_low_risk
ISIC_0025022,nv,nv,1.1592446e-08,1.9550858e-07,auto_accept,low_unc_low_risk
ISIC_0033701,bkl,bkl,0.011128515,0.10220452,auto_accept,low_unc_low_risk
ISIC_0030538,nv,nv,8.3162e-07,4.454198e-06,auto_accept,low_unc_low_risk
ISIC_0027943,nv,nv,1.753258e-08,1.2184295e-06,auto_accept,low_unc_low_risk
ISIC_0031681,nv,bkl,0.017571544,0.6152909,escalate,high_unc_low_risk
ISIC_0029232,bkl,bkl,1.0896844e-05,3.940191e-05,auto_accept,low_unc_low_risk
ISIC_0028717,nv,nv,1.4992392e-07,1.4321514e-09,auto_accept,low_unc_low_risk
ISIC_0024964,nv,nv,3.3437697e-10,1.886673e-08,auto_accept,low_unc_low_risk
ISIC_0030220,nv,nv,3.9067797e-07,1.4731005e-07,auto_accept,low_unc_low_risk
ISIC_0032743,nv,nv,8.285964e-05,0.0033219543,auto_accept,low_unc_low_risk
ISIC_0026255,nv,nv,6.8892217e-07,2.9405066e-07,auto_accept,low_unc_low_risk
ISIC_0032051,bkl,bkl,0.00043325758,0.00037314248,auto_accept,low_unc_low_risk
ISIC_0032798,nv,nv,0.0017576341,0.026823675,auto_accept,low_unc_low_risk
ISIC_0032507,nv,nv,6.015894e-10,2.5865765e-10,auto_accept,low_unc_low_risk
ISIC_0032647,nv,nv,0.0007075494,0.0040834285,auto_accept,low_unc_low_risk
ISIC_0030055,nv,nv,2.6812935e-05,8.352126e-07,auto_accept,low_unc_low_risk
ISIC_0028212,nv,nv,0.011466521,0.093794055,auto_accept,low_unc_low_risk
ISIC_0024608,nv,mel,0.0017397078,0.998314,auto_accept,low_unc_low_risk
ISIC_0030111,nv,nv,6.8657227e-09,9.997865e-08,auto_accept,low_unc_low_risk
ISIC_0030505,nv,nv,2.7651305e-07,1.820801e-06,auto_accept,low_unc_low_risk
ISIC_0033036,nv,nv,4.6342625e-06,3.7028032e-05,auto_accept,low_unc_low_risk
ISIC_0033070,nv,nv,0.020687232,0.25879133,escalate,high_unc_low_risk
ISIC_0031619,bkl,bkl,0.00041557467,3.6003864e-06,auto_accept,low_unc_low_risk
ISIC_0030163,nv,nv,6.076865e-10,6.853017e-10,auto_accept,low_unc_low_risk
ISIC_0029009,nv,nv,7.6539516e-05,1.4954049e-08,auto_accept,low_unc_low_risk
ISIC_0028876,bkl,bkl,0.00020977487,0.00461406,auto_accept,low_unc_low_risk
ISIC_0027721,mel,bkl,0.00025012947,0.10429882,auto_accept,low_unc_low_risk
ISIC_0029944,nv,nv,1.5687267e-07,1.1628726e-05,auto_accept,low_unc_low_risk
ISIC_0029979,nv,nv,3.762781e-07,9.0502164e-07,auto_accept,low_unc_low_risk
ISIC_0025722,nv,nv,1.0131557e-06,7.63913e-07,auto_accept,low_unc_low_risk
ISIC_0025788,nv,nv,1.6443776e-07,6.8091153e-06,auto_accept,low_unc_low_risk
ISIC_0029661,nv,mel,0.018075097,0.8669503,escalate,high_unc_low_risk
ISIC_0027890,nv,nv,2.2758218e-10,3.7338266e-09,auto_accept,low_unc_low_risk
ISIC_0028883,nv,mel,0.008962412,0.9407938,auto_accept,low_unc_low_risk
ISIC_0025434,bkl,bkl,3.2150554e-05,0.0011198162,auto_accept,low_unc_low_risk
ISIC_0027515,nv,nv,6.217514e-08,3.4307416e-08,auto_accept,low_unc_low_risk
ISIC_0029859,mel,nv,1.1698321e-06,7.620873e-05,auto_accept,low_unc_low_risk
ISIC_0030174,nv,nv,0.0004165833,0.0042848196,auto_accept,low_unc_low_risk
ISIC_0034280,bkl,bkl,0.0012568877,0.053710435,auto_accept,low_unc_low_risk
ISIC_0031432,nv,nv,3.471447e-05,0.0005910362,auto_accept,low_unc_low_risk
ISIC_0033942,mel,mel,5.8488763e-06,0.9992229,auto_accept,low_unc_low_risk
ISIC_0029535,nv,nv,5.7246043e-06,1.2681845e-06,auto_accept,low_unc_low_risk
ISIC_0025704,nv,nv,9.014352e-09,1.2546971e-08,auto_accept,low_unc_low_risk
ISIC_0030798,mel,mel,0.000390968,0.9957943,auto_accept,low_unc_low_risk
ISIC_0033558,nv,nv,6.402407e-06,1.1156016e-08,auto_accept,low_unc_low_risk
ISIC_0025185,nv,nv,2.23455e-06,5.096238e-07,auto_accept,low_unc_low_risk
ISIC_0027148,nv,nv,8.4056545e-08,2.2342103e-06,auto_accept,low_unc_low_risk
ISIC_0028927,nv,nv,0.00022894211,0.0024200247,auto_accept,low_unc_low_risk
ISIC_0026635,nv,nv,4.4665383e-05,6.0271173e-06,auto_accept,low_unc_low_risk
ISIC_0027250,nv,nv,0.009453074,0.031656183,auto_accept,low_unc_low_risk
ISIC_0027448,nv,nv,0.024159458,0.075794555,escalate,high_unc_low_risk
ISIC_0028535,nv,nv,6.368651e-07,0.0001340786,auto_accept,low_unc_low_risk
ISIC_0033438,bkl,bkl,4.2744846e-06,2.4187275e-05,auto_accept,low_unc_low_risk
ISIC_0024466,nv,nv,0.017681751,0.3109453,escalate,high_unc_low_risk
ISIC_0033982,nv,nv,2.8910606e-05,1.6776175e-05,auto_accept,low_unc_low_risk
ISIC_0024509,nv,nv,9.532644e-09,2.1404248e-05,auto_accept,low_unc_low_risk
ISIC_0024530,nv,nv,5.7634026e-09,9.780018e-09,auto_accept,low_unc_low_risk
ISIC_0031096,nv,nv,1.766394e-09,9.8437605e-09,auto_accept,low_unc_low_risk
ISIC_0029040,bkl,bkl,0.0004943697,0.050852668,auto_accept,low_unc_low_risk
ISIC_0029709,nv,nv,7.334741e-07,3.3668261e-06,auto_accept,low_unc_low_risk
ISIC_0025876,bkl,bkl,7.583312e-07,0.0001344231,auto_accept,low_unc_low_risk
ISIC_0025867,bkl,bkl,0.0009647578,0.055497512,auto_accept,low_unc_low_risk
ISIC_0028349,nv,nv,6.7487554e-07,5.4633074e-06,auto_accept,low_unc_low_risk
ISIC_0028684,nv,nv,1.10684605e-05,0.00027816885,auto_accept,low_unc_low_risk
ISIC_0025204,nv,nv,4.6918774e-10,3.682707e-11,auto_accept,low_unc_low_risk
ISIC_0025623,bkl,bkl,0.0031911605,0.014307788,auto_accept,low_unc_low_risk
ISIC_0031297,nv,nv,5.582974e-07,2.4847385e-08,auto_accept,low_unc_low_risk
ISIC_0027223,nv,nv,4.3408255e-10,5.7857577e-12,auto_accept,low_unc_low_risk
ISIC_0026417,df,df,0.0005483225,1.9126743e-07,auto_accept,low_unc_low_risk
ISIC_0024703,nv,nv,5.2465396e-08,7.1879356e-07,auto_accept,low_unc_low_risk
ISIC_0029326,nv,nv,1.7981238e-11,1.16588925e-08,auto_accept,low_unc_low_risk
ISIC_0032052,nv,nv,7.03229e-05,5.1455605e-05,auto_accept,low_unc_low_risk
ISIC_0028112,nv,nv,1.887984e-07,3.5890187e-06,auto_accept,low_unc_low_risk
ISIC_0028277,nv,nv,2.0487125e-06,0.00018341414,auto_accept,low_unc_low_risk
ISIC_0031694,nv,nv,0.00074380956,0.0033513724,auto_accept,low_unc_low_risk
ISIC_0030753,nv,nv,5.9000613e-09,1.6777509e-06,auto_accept,low_unc_low_risk
ISIC_0033192,mel,mel,0.0048238956,0.99517584,auto_accept,low_unc_low_risk
ISIC_0031395,nv,mel,0.005145889,0.8970631,auto_accept,low_unc_low_risk
ISIC_0025700,bcc,bkl,0.0036004477,0.07145526,auto_accept,low_unc_low_risk
ISIC_0031579,nv,nv,1.8107103e-05,7.3489726e-05,auto_accept,low_unc_low_risk
ISIC_0027461,nv,nv,0.005822773,0.020132154,auto_accept,low_unc_low_risk
ISIC_0027703,nv,nv,0.011544226,0.0004586803,auto_accept,low_unc_low_risk
ISIC_0030288,nv,nv,2.3443468e-08,1.379457e-06,auto_accept,low_unc_low_risk
ISIC_0027056,nv,nv,6.373043e-08,1.6837907e-06,auto_accept,low_unc_low_risk
ISIC_0028055,nv,nv,4.376047e-05,1.63297e-11,auto_accept,low_unc_low_risk
ISIC_0024606,nv,nv,2.7543379e-06,2.0775097e-09,auto_accept,low_unc_low_risk
ISIC_0025479,nv,nv,5.8538244e-11,2.233267e-10,auto_accept,low_unc_low_risk
ISIC_0026552,nv,nv,0.0056327595,0.15589747,auto_accept,low_unc_low_risk
ISIC_0030989,nv,nv,0.00015833399,0.0002421114,auto_accept,low_unc_low_risk
ISIC_0032649,nv,nv,0.00065280934,0.005297014,auto_accept,low_unc_low_risk
ISIC_0030888,nv,nv,1.473033e-05,0.000107299216,auto_accept,low_unc_low_risk
ISIC_0031399,nv,nv,0.0016491403,0.0009821568,auto_accept,low_unc_low_risk
ISIC_0030025,nv,nv,2.2939778e-06,1.0788447e-09,auto_accept,low_unc_low_risk
ISIC_0029883,nv,nv,1.8924176e-07,3.664796e-07,auto_accept,low_unc_low_risk
ISIC_0031229,nv,nv,1.360576e-06,1.7251509e-08,auto_accept,low_unc_low_risk
ISIC_0031260,nv,nv,1.0891862e-09,1.39822145e-08,auto_accept,low_unc_low_risk
ISIC_0029166,bkl,bkl,0.004318847,0.14413388,auto_accept,low_unc_low_risk
ISIC_0033950,nv,nv,3.8198172e-07,2.1164491e-05,auto_accept,low_unc_low_risk
ISIC_0033307,bkl,bkl,1.4614935e-05,0.00037155932,auto_accept,low_unc_low_risk
ISIC_0029799,nv,nv,0.0005183072,1.0452059e-06,auto_accept,low_unc_low_risk
ISIC_0032078,nv,nv,0.0016146442,0.0004276773,auto_accept,low_unc_low_risk
ISIC_0024343,nv,nv,5.4803486e-06,0.0022275576,auto_accept,low_unc_low_risk
ISIC_0033332,nv,nv,1.5570263e-08,1.532384e-11,auto_accept,low_unc_low_risk
ISIC_0027494,nv,nv,1.1297255e-09,2.8832332e-07,auto_accept,low_unc_low_risk
ISIC_0029751,nv,nv,1.0490864e-06,5.8269785e-07,auto_accept,low_unc_low_risk
ISIC_0026582,nv,nv,1.1784159e-07,5.5615063e-05,auto_accept,low_unc_low_risk
ISIC_0027391,nv,nv,2.8060018e-07,2.2128536e-07,auto_accept,low_unc_low_risk
ISIC_0028225,mel,mel,0.00033041748,0.9864542,auto_accept,low_unc_low_risk
ISIC_0029977,nv,nv,7.1980515e-09,7.728298e-09,auto_accept,low_unc_low_risk
ISIC_0028459,nv,nv,1.798433e-05,0.0008827027,auto_accept,low_unc_low_risk
ISIC_0029702,nv,nv,8.5582305e-11,3.404603e-11,auto_accept,low_unc_low_risk
ISIC_0028902,nv,nv,4.0167876e-07,6.253502e-06,auto_accept,low_unc_low_risk
ISIC_0032858,nv,nv,3.303809e-05,0.001522823,auto_accept,low_unc_low_risk
ISIC_0032435,nv,nv,7.015173e-09,2.496887e-07,auto_accept,low_unc_low_risk
ISIC_0026780,nv,nv,5.3561907e-05,0.0017828895,auto_accept,low_unc_low_risk
ISIC_0025652,nv,nv,4.95139e-07,1.2966951e-05,auto_accept,low_unc_low_risk
ISIC_0027059,nv,nv,2.32935e-05,0.00010435405,auto_accept,low_unc_low_risk
ISIC_0028488,nv,nv,0.0023227239,0.015632292,auto_accept,low_unc_low_risk
ISIC_0029806,nv,nv,1.8441483e-13,2.220606e-13,auto_accept,low_unc_low_risk
ISIC_0026064,nv,nv,3.4699387e-05,3.549672e-07,auto_accept,low_unc_low_risk
ISIC_0029507,nv,nv,1.294076e-09,1.402142e-08,auto_accept,low_unc_low_risk
ISIC_0033375,nv,nv,8.5127397e-07,5.6211866e-05,auto_accept,low_unc_low_risk
ISIC_0029414,nv,nv,2.5215475e-06,2.4658725e-08,auto_accept,low_unc_low_risk
ISIC_0025159,nv,nv,6.885086e-08,1.8089848e-07,auto_accept,low_unc_low_risk
ISIC_0026851,nv,nv,2.9917405e-08,1.5130472e-07,auto_accept,low_unc_low_risk
ISIC_0025107,nv,nv,4.5757876e-08,4.7436203e-07,auto_accept,low_unc_low_risk
ISIC_0030042,nv,nv,3.6338029e-06,4.898378e-07,auto_accept,low_unc_low_risk
ISIC_0030557,nv,mel,0.029918388,0.8498255,escalate,high_unc_low_risk
ISIC_0029395,nv,nv,0.0004211104,0.0027339216,auto_accept,low_unc_low_risk
ISIC_0026174,bkl,bkl,0.0004351864,0.022878367,auto_accept,low_unc_low_risk
ISIC_0033952,bkl,bkl,5.6154964e-05,0.008382688,auto_accept,low_unc_low_risk
ISIC_0030683,bkl,bkl,0.0015279932,0.039471727,auto_accept,low_unc_low_risk
ISIC_0029718,nv,nv,0.0001461074,0.011056467,auto_accept,low_unc_low_risk
ISIC_0026200,nv,nv,5.2328382e-06,4.2115803e-06,auto_accept,low_unc_low_risk
ISIC_0033107,nv,nv,0.00115599,0.04129979,auto_accept,low_unc_low_risk
ISIC_0025117,nv,nv,0.0023574329,0.007336854,auto_accept,low_unc_low_risk
ISIC_0025296,nv,nv,1.6601152e-10,1.0359981e-09,auto_accept,low_unc_low_risk
ISIC_0033564,nv,nv,0.0102655515,0.020417811,auto_accept,low_unc_low_risk
ISIC_0031859,nv,nv,6.9515113e-06,4.38249e-07,auto_accept,low_unc_low_risk
ISIC_0030887,nv,nv,1.225965e-07,7.475974e-07,auto_accept,low_unc_low_risk
ISIC_0030568,nv,nv,2.1106453e-07,3.980356e-06,auto_accept,low_unc_low_risk
ISIC_0031060,bkl,bkl,4.69929e-05,0.010119248,auto_accept,low_unc_low_risk
ISIC_0031454,nv,nv,2.6279915e-05,4.1719777e-05,auto_accept,low_unc_low_risk
ISIC_0028952,bkl,bkl,0.004541475,0.036112,auto_accept,low_unc_low_risk
ISIC_0027305,nv,nv,0.0068108696,0.027863752,auto_accept,low_unc_low_risk
ISIC_0031909,nv,nv,7.881819e-07,2.4074795e-06,auto_accept,low_unc_low_risk
ISIC_0027685,nv,nv,3.8618105e-06,0.0010428727,auto_accept,low_unc_low_risk
ISIC_0027754,bkl,bkl,1.5481015e-05,0.00462233,auto_accept,low_unc_low_risk
ISIC_0031365,nv,nv,8.510768e-07,4.6032383e-06,auto_accept,low_unc_low_risk
ISIC_0031339,mel,mel,7.252913e-07,0.99940264,auto_accept,low_unc_low_risk
ISIC_0032473,nv,nv,1.7679862e-07,1.0807873e-06,auto_accept,low_unc_low_risk
ISIC_0024465,nv,nv,8.275877e-09,2.458661e-10,auto_accept,low_unc_low_risk
ISIC_0033944,nv,nv,0.006100016,0.0023645714,auto_accept,low_unc_low_risk
ISIC_0028546,nv,nv,1.9577769e-08,8.057416e-09,auto_accept,low_unc_low_risk
ISIC_0030916,nv,nv,1.670629e-09,9.420724e-08,auto_accept,low_unc_low_risk
ISIC_0034128,nv,nv,0.0003035664,0.0028495858,auto_accept,low_unc_low_risk
ISIC_0025717,nv,nv,1.2599004e-09,1.7990046e-06,auto_accept,low_unc_low_risk
ISIC_0030151,nv,bkl,0.0025590106,0.034537915,auto_accept,low_unc_low_risk
ISIC_0033544,nv,nv,5.5738292e-05,0.0050776633,auto_accept,low_unc_low_risk
ISIC_0033167,nv,nv,2.5121242e-05,0.00076598406,auto_accept,low_unc_low_risk
ISIC_0027787,nv,nv,1.532345e-06,2.0714292e-06,auto_accept,low_unc_low_risk
ISIC_0030029,nv,nv,1.5475287e-08,4.2912066e-11,auto_accept,low_unc_low_risk
ISIC_0029171,nv,nv,0.000117707015,0.0005231542,auto_accept,low_unc_low_risk
ISIC_0033269,mel,mel,2.5717102e-06,0.99886537,auto_accept,low_unc_low_risk
ISIC_0029897,bkl,bkl,0.0005132063,0.028677583,auto_accept,low_unc_low_risk
ISIC_0025137,nv,nv,1.3999966e-08,2.983035e-07,auto_accept,low_unc_low_risk
ISIC_0026581,nv,nv,0.00095868384,0.0029858584,auto_accept,low_unc_low_risk
ISIC_0024367,mel,mel,0.0057306816,0.83186847,auto_accept,low_unc_low_risk
ISIC_0024989,nv,nv,6.0143384e-06,1.32194455e-05,auto_accept,low_unc_low_risk
ISIC_0030045,nv,nv,2.6893822e-05,1.9812043e-05,auto_accept,low_unc_low_risk
ISIC_0033686,nv,nv,0.00022246267,0.0018197552,auto_accept,low_unc_low_risk
ISIC_0033951,nv,nv,0.000118241835,0.010195957,auto_accept,low_unc_low_risk
ISIC_0034096,nv,nv,0.00063332956,0.014067562,auto_accept,low_unc_low_risk
ISIC_0029212,mel,mel,2.208938e-05,0.9993388,auto_accept,low_unc_low_risk
ISIC_0025333,nv,nv,7.884519e-08,4.648584e-10,auto_accept,low_unc_low_risk
ISIC_0028896,nv,nv,2.0531195e-05,9.838966e-06,auto_accept,low_unc_low_risk
ISIC_0033465,bkl,bkl,1.0259214e-05,0.0072502596,auto_accept,low_unc_low_risk
ISIC_0029601,nv,nv,4.389219e-07,3.765788e-06,auto_accept,low_unc_low_risk
ISIC_0027329,nv,nv,1.2936024e-09,4.5132815e-08,auto_accept,low_unc_low_risk
ISIC_0029431,nv,nv,3.5776106e-05,9.391875e-08,auto_accept,low_unc_low_risk
ISIC_0028286,nv,nv,9.887061e-10,2.4908724e-07,auto_accept,low_unc_low_risk
ISIC_0028034,nv,nv,0.00020811347,0.00011330372,auto_accept,low_unc_low_risk
ISIC_0031768,nv,nv,1.0963292e-06,1.4267573e-05,auto_accept,low_unc_low_risk
ISIC_0031701,nv,nv,0.0049600573,0.0010021934,auto_accept,low_unc_low_risk
ISIC_0028437,nv,nv,3.9379725e-06,2.0805535e-05,auto_accept,low_unc_low_risk
ISIC_0028001,nv,nv,1.9460533e-07,1.0294962e-06,auto_accept,low_unc_low_risk
ISIC_0027874,nv,nv,8.619788e-05,0.0018692617,auto_accept,low_unc_low_risk
ISIC_0030959,bkl,bkl,0.006062402,2.8075822e-06,auto_accept,low_unc_low_risk
ISIC_0029124,nv,nv,1.0405386e-06,4.020086e-09,auto_accept,low_unc_low_risk
ISIC_0029725,nv,nv,0.0066929483,0.29765174,auto_accept,low_unc_low_risk
ISIC_0024587,nv,nv,0.00026986314,0.00044456954,auto_accept,low_unc_low_risk
ISIC_0031671,nv,nv,1.552013e-05,2.1463895e-05,auto_accept,low_unc_low_risk
ISIC_0025444,nv,nv,4.158368e-07,9.2293485e-06,auto_accept,low_unc_low_risk
ISIC_0025378,bkl,bkl,1.0630286e-05,0.0014018348,auto_accept,low_unc_low_risk
ISIC_0032172,nv,nv,0.00016218064,0.00010083787,auto_accept,low_unc_low_risk
ISIC_0026410,nv,nv,1.1860067e-08,4.1635863e-06,auto_accept,low_unc_low_risk
ISIC_0032393,nv,nv,4.2295787e-07,1.8452672e-06,auto_accept,low_unc_low_risk
ISIC_0027252,nv,nv,3.047799e-06,5.981545e-07,auto_accept,low_unc_low_risk
ISIC_0025405,nv,nv,1.287781e-05,0.0007580768,auto_accept,low_unc_low_risk
ISIC_0024415,nv,nv,7.035935e-05,9.932099e-09,auto_accept,low_unc_low_risk
ISIC_0032951,nv,nv,0.007671325,0.0034175175,auto_accept,low_unc_low_risk
ISIC_0029423,nv,nv,2.2591882e-06,3.6928807e-07,auto_accept,low_unc_low_risk
ISIC_0026858,nv,nv,7.0722017e-06,1.2088326e-08,auto_accept,low_unc_low_risk
ISIC_0032579,nv,nv,0.0032425462,0.006049228,auto_accept,low_unc_low_risk
ISIC_0034030,nv,nv,0.00823968,0.009930201,auto_accept,low_unc_low_risk
ISIC_0025291,nv,nv,1.060084e-09,1.9130677e-08,auto_accept,low_unc_low_risk
ISIC_0028037,nv,nv,0.00062852213,0.00013560559,auto_accept,low_unc_low_risk
ISIC_0032581,nv,nv,5.047747e-05,0.00018232001,auto_accept,low_unc_low_risk
ISIC_0026193,nv,nv,3.0783085e-07,7.9981595e-09,auto_accept,low_unc_low_risk
ISIC_0027265,nv,nv,0.0009654099,0.0010145226,auto_accept,low_unc_low_risk
ISIC_0032083,nv,nv,3.4208205e-09,1.0750579e-07,auto_accept,low_unc_low_risk
ISIC_0028056,mel,mel,0.00027824045,0.9728789,auto_accept,low_unc_low_risk
ISIC_0028875,nv,nv,1.7597397e-07,9.242049e-06,auto_accept,low_unc_low_risk
ISIC_0024384,nv,nv,0.00019413648,0.0012344675,auto_accept,low_unc_low_risk
ISIC_0026270,nv,nv,0.0064037526,0.0007223402,auto_accept,low_unc_low_risk
ISIC_0024529,nv,nv,2.8617213e-05,0.00023256752,auto_accept,low_unc_low_risk
ISIC_0033972,nv,nv,0.0016582997,0.005142906,auto_accept,low_unc_low_risk
ISIC_0029823,bkl,bkl,0.0002164717,0.025233148,auto_accept,low_unc_low_risk
ISIC_0029796,nv,nv,6.0638104e-07,1.1305058e-06,auto_accept,low_unc_low_risk
ISIC_0032094,nv,nv,5.1533696e-08,4.7437015e-06,auto_accept,low_unc_low_risk
ISIC_0032049,nv,nv,9.0686335e-08,5.166528e-06,auto_accept,low_unc_low_risk
ISIC_0033923,nv,nv,9.662305e-08,1.3105354e-06,auto_accept,low_unc_low_risk
ISIC_0024638,nv,nv,3.7069527e-05,0.001770631,auto_accept,low_unc_low_risk
ISIC_0031290,nv,nv,0.000985987,4.5383844e-05,auto_accept,low_unc_low_risk
ISIC_0027346,nv,mel,0.008192797,0.8245774,auto_accept,low_unc_low_risk
ISIC_0026937,nv,nv,3.3992129e-07,3.0225008e-06,auto_accept,low_unc_low_risk
ISIC_0025654,bkl,bkl,0.0001351057,9.525967e-06,auto_accept,low_unc_low_risk
ISIC_0026755,nv,nv,6.372787e-10,7.918077e-09,auto_accept,low_unc_low_risk
ISIC_0025424,nv,nv,0.011478683,0.008025891,auto_accept,low_unc_low_risk
ISIC_0026520,nv,nv,2.9863295e-07,4.6738853e-05,auto_accept,low_unc_low_risk
ISIC_0025606,vasc,vasc,0.014184133,4.051401e-06,escalate,high_unc_low_risk
ISIC_0025259,nv,nv,0.0002004688,0.0013857913,auto_accept,low_unc_low_risk
ISIC_0034166,nv,nv,7.3503756e-08,6.749969e-08,auto_accept,low_unc_low_risk
ISIC_0027836,nv,nv,1.2555824e-08,1.8363574e-08,auto_accept,low_unc_low_risk
ISIC_0025211,nv,nv,8.763736e-06,3.836156e-07,auto_accept,low_unc_low_risk
ISIC_0029170,mel,nv,2.9954886e-05,5.882859e-05,auto_accept,low_unc_low_risk
ISIC_0027115,nv,nv,1.8811264e-08,1.5621868e-08,auto_accept,low_unc_low_risk
ISIC_0032460,bkl,bkl,0.0005079393,0.00050470815,auto_accept,low_unc_low_risk
ISIC_0025627,bkl,bkl,0.008493413,0.045748815,auto_accept,low_unc_low_risk
ISIC_0025744,mel,mel,0.0038960134,0.9818779,auto_accept,low_unc_low_risk
ISIC_0029736,nv,nv,0.00037738206,0.0017655527,auto_accept,low_unc_low_risk
ISIC_0027388,bkl,bkl,0.0033286165,0.056088254,auto_accept,low_unc_low_risk
ISIC_0024655,nv,nv,3.3146138e-05,4.65757e-08,auto_accept,low_unc_low_risk
ISIC_0029928,nv,nv,5.5481095e-11,4.2332436e-11,auto_accept,low_unc_low_risk
ISIC_0027486,nv,nv,0.004727896,0.017245565,auto_accept,low_unc_low_risk
ISIC_0032650,nv,nv,0.0035087033,0.025256425,auto_accept,low_unc_low_risk
ISIC_0025337,bkl,bkl,0.002406951,0.1764564,auto_accept,low_unc_low_risk
ISIC_0024847,nv,nv,2.1833108e-08,5.895777e-07,auto_accept,low_unc_low_risk
ISIC_0030412,nv,nv,1.8778946e-08,3.8048947e-07,auto_accept,low_unc_low_risk
ISIC_0025274,nv,nv,0.0004070929,9.2029775e-05,auto_accept,low_unc_low_risk
ISIC_0024660,nv,nv,1.8054848e-07,8.850516e-06,auto_accept,low_unc_low_risk
ISIC_0030331,nv,nv,1.3839416e-09,4.7822453e-09,auto_accept,low_unc_low_risk
ISIC_0028837,nv,nv,0.005030715,0.06578039,auto_accept,low_unc_low_risk
ISIC_0025853,nv,nv,0.00020028539,1.33572585e-05,auto_accept,low_unc_low_risk
ISIC_0033602,nv,nv,7.184277e-08,4.4905377e-05,auto_accept,low_unc_low_risk
ISIC_0025386,nv,nv,3.1872023e-06,3.5710727e-05,auto_accept,low_unc_low_risk
ISIC_0033855,bkl,bkl,2.0184407e-05,2.4985118e-05,auto_accept,low_unc_low_risk
ISIC_0032141,nv,nv,0.00054613675,0.020410035,auto_accept,low_unc_low_risk
ISIC_0027186,nv,nv,1.1336558e-07,2.3326379e-08,auto_accept,low_unc_low_risk
ISIC_0030689,mel,bkl,0.0086742565,0.28105414,auto_accept,low_unc_low_risk
ISIC_0033260,bkl,bkl,0.006020698,3.4164725e-05,auto_accept,low_unc_low_risk
ISIC_0030809,nv,nv,0.0024490224,0.010148156,auto_accept,low_unc_low_risk
ISIC_0024793,nv,nv,0.000557417,0.0001922154,auto_accept,low_unc_low_risk
ISIC_0032929,bkl,akiec,0.003535041,0.9988097,auto_accept,low_unc_low_risk
ISIC_0024317,nv,nv,8.640925e-05,3.6792055e-05,auto_accept,low_unc_low_risk
ISIC_0032122,nv,nv,1.7749903e-07,4.627244e-06,auto_accept,low_unc_low_risk
ISIC_0032428,nv,nv,0.0002807995,0.009303872,auto_accept,low_unc_low_risk
ISIC_0030493,nv,nv,7.11149e-05,0.0058674435,auto_accept,low_unc_low_risk
ISIC_0026810,nv,nv,0.007579512,0.03838554,auto_accept,low_unc_low_risk
ISIC_0024790,nv,nv,0.007765685,0.20423736,auto_accept,low_unc_low_risk
ISIC_0031611,nv,nv,1.6246708e-05,1.040191e-05,auto_accept,low_unc_low_risk
ISIC_0030619,nv,nv,1.213219e-07,7.1291133e-09,auto_accept,low_unc_low_risk
ISIC_0026311,bkl,bkl,1.45899585e-05,0.00038196298,auto_accept,low_unc_low_risk
ISIC_0032062,nv,nv,0.00028323493,0.00011331906,auto_accept,low_unc_low_risk
ISIC_0033879,nv,nv,6.02027e-06,3.6878686e-05,auto_accept,low_unc_low_risk
ISIC_0031482,nv,nv,0.00014320391,2.8818968e-06,auto_accept,low_unc_low_risk
ISIC_0025843,nv,nv,5.3230524e-05,7.322157e-09,auto_accept,low_unc_low_risk
ISIC_0032370,nv,nv,6.663003e-10,2.5386495e-09,auto_accept,low_unc_low_risk
ISIC_0026119,nv,nv,7.6402584e-10,2.5286434e-07,auto_accept,low_unc_low_risk
ISIC_0029004,nv,nv,9.765691e-07,0.00046637395,auto_accept,low_unc_low_risk
ISIC_0026806,nv,nv,0.0006432654,0.014831531,auto_accept,low_unc_low_risk
ISIC_0033087,nv,nv,0.00018774766,0.00014057338,auto_accept,low_unc_low_risk
ISIC_0030470,nv,nv,5.1474063e-07,4.1175077e-09,auto_accept,low_unc_low_risk
ISIC_0029373,nv,nv,2.2039563e-08,2.486759e-07,auto_accept,low_unc_low_risk
ISIC_0027405,nv,nv,8.726276e-09,3.011392e-10,auto_accept,low_unc_low_risk
ISIC_0029186,nv,nv,1.0539269e-05,8.181074e-05,auto_accept,low_unc_low_risk
ISIC_0028242,nv,nv,2.6441656e-11,4.2776308e-12,auto_accept,low_unc_low_risk
ISIC_0029743,nv,nv,3.202292e-08,1.6077391e-06,auto_accept,low_unc_low_risk
ISIC_0026079,nv,nv,0.00011709793,0.00036935872,auto_accept,low_unc_low_risk
ISIC_0033555,nv,nv,0.0029117074,0.012799246,auto_accept,low_unc_low_risk
ISIC_0030430,nv,nv,9.515075e-09,9.325886e-11,auto_accept,low_unc_low_risk
ISIC_0024593,nv,nv,1.5250009e-06,0.0003187371,auto_accept,low_unc_low_risk
ISIC_0029064,nv,nv,8.101527e-09,5.007763e-07,auto_accept,low_unc_low_risk
ISIC_0025150,nv,nv,5.5027776e-06,3.2591922e-07,auto_accept,low_unc_low_risk
ISIC_0026890,nv,nv,5.2653857e-05,0.0030677055,auto_accept,low_unc_low_risk
ISIC_0028536,nv,nv,1.6525796e-11,6.762285e-13,auto_accept,low_unc_low_risk
ISIC_0027810,nv,nv,0.0014767761,4.016014e-06,auto_accept,low_unc_low_risk
ISIC_0028228,mel,mel,0.0051480616,0.954071,auto_accept,low_unc_low_risk
ISIC_0024927,nv,nv,0.0011050336,0.010455669,auto_accept,low_unc_low_risk
ISIC_0034174,nv,nv,5.578362e-05,0.0009005033,auto_accept,low_unc_low_risk
ISIC_0033886,mel,mel,0.006722419,0.9812122,auto_accept,low_unc_low_risk
ISIC_0031319,nv,nv,8.073878e-08,3.05459e-06,auto_accept,low_unc_low_risk
ISIC_0027939,nv,nv,7.670539e-06,6.758083e-05,auto_accept,low_unc_low_risk
ISIC_0025515,bkl,bkl,0.0025327615,0.012590757,auto_accept,low_unc_low_risk
ISIC_0032769,nv,nv,2.3733763e-05,4.2740536e-05,auto_accept,low_unc_low_risk
ISIC_0025415,nv,nv,8.2770455e-08,4.61596e-07,auto_accept,low_unc_low_risk
ISIC_0026390,nv,nv,9.233505e-05,0.0010372325,auto_accept,low_unc_low_risk
ISIC_0030235,nv,nv,4.217061e-09,8.551228e-10,auto_accept,low_unc_low_risk
ISIC_0027902,nv,nv,0.0015610553,0.016150715,auto_accept,low_unc_low_risk
ISIC_0024607,nv,nv,5.4551283e-09,4.877187e-10,auto_accept,low_unc_low_risk
ISIC_0027267,nv,nv,1.3718379e-07,4.99916e-08,auto_accept,low_unc_low_risk
ISIC_0032142,nv,nv,5.2013935e-09,1.0532449e-08,auto_accept,low_unc_low_risk
ISIC_0028362,nv,nv,9.954169e-06,8.643621e-07,auto_accept,low_unc_low_risk
ISIC_0025013,nv,nv,1.5377393e-05,2.1226708e-05,auto_accept,low_unc_low_risk
ISIC_0024532,nv,nv,2.2907122e-08,2.2656539e-07,auto_accept,low_unc_low_risk
ISIC_0030660,nv,nv,6.566017e-07,1.667256e-11,auto_accept,low_unc_low_risk
ISIC_0031269,nv,nv,2.095953e-05,0.00040376457,auto_accept,low_unc_low_risk
ISIC_0028681,bkl,bkl,0.0019068186,6.4446135e-07,auto_accept,low_unc_low_risk
ISIC_0033783,bkl,bkl,7.003981e-08,0.0002994287,auto_accept,low_unc_low_risk
ISIC_0034115,bkl,bkl,0.006475107,0.0013085814,auto_accept,low_unc_low_risk
ISIC_0032684,mel,mel,3.407624e-05,0.9971495,auto_accept,low_unc_low_risk
ISIC_0028271,nv,nv,0.00071098504,0.0013191466,auto_accept,low_unc_low_risk
ISIC_0029801,bkl,bkl,2.0257494e-07,0.0006598768,auto_accept,low_unc_low_risk
ISIC_0027339,nv,nv,8.260853e-05,9.413967e-07,auto_accept,low_unc_low_risk
ISIC_0031001,nv,mel,0.009772649,0.8835052,auto_accept,low_unc_low_risk
ISIC_0033359,nv,nv,0.0012322543,0.024915893,auto_accept,low_unc_low_risk
ISIC_0030640,nv,bkl,0.012943648,0.011367797,escalate,low_unc_low_risk
ISIC_0024625,nv,nv,1.3943895e-08,6.6528213e-07,auto_accept,low_unc_low_risk
ISIC_0033965,nv,nv,0.0002952772,0.00035829432,auto_accept,low_unc_low_risk
ISIC_0026725,nv,nv,1.6575193e-09,1.0196106e-07,auto_accept,low_unc_low_risk
ISIC_0027368,nv,nv,2.0962081e-05,0.0006100897,auto_accept,low_unc_low_risk
ISIC_0030560,nv,nv,5.320275e-10,3.1189273e-08,auto_accept,low_unc_low_risk
ISIC_0029480,mel,bkl,0.0020457997,0.0023157906,auto_accept,low_unc_low_risk
ISIC_0031778,mel,nv,0.018910384,0.75557387,escalate,high_unc_low_risk
ISIC_0026424,nv,nv,0.0042997748,0.008131012,auto_accept,low_unc_low_risk
ISIC_0029882,nv,nv,7.857369e-09,8.405938e-08,auto_accept,low_unc_low_risk
ISIC_0029074,nv,nv,2.815813e-08,4.4068056e-12,auto_accept,low_unc_low_risk
ISIC_0034200,nv,nv,8.913782e-06,0.00051297544,auto_accept,low_unc_low_risk
ISIC_0027085,nv,nv,0.0062032626,2.4945528e-05,auto_accept,low_unc_low_risk
ISIC_0031729,nv,nv,0.0002973495,3.3237036e-06,auto_accept,low_unc_low_risk
ISIC_0029348,nv,nv,0.0022121964,0.00027308956,auto_accept,low_unc_low_risk
ISIC_0033895,nv,nv,0.00011565301,0.0015068,auto_accept,low_unc_low_risk
ISIC_0029437,nv,nv,8.002041e-05,0.0005557953,auto_accept,low_unc_low_risk
ISIC_0026176,nv,nv,3.5252196e-08,3.956291e-07,auto_accept,low_unc_low_risk
ISIC_0028557,nv,mel,0.02059358,0.8099187,escalate,high_unc_low_risk
ISIC_0031452,nv,nv,0.0011758165,4.9946897e-07,auto_accept,low_unc_low_risk
ISIC_0029871,nv,nv,0.0020620015,0.0009118598,auto_accept,low_unc_low_risk
ISIC_0032448,nv,nv,0.0018527495,0.039258286,auto_accept,low_unc_low_risk
ISIC_0034259,bkl,bkl,2.8383698e-05,0.001600844,auto_accept,low_unc_low_risk
ISIC_0025474,nv,nv,1.8250075e-09,1.4145614e-10,auto_accept,low_unc_low_risk
ISIC_0027625,nv,nv,2.5526043e-07,6.210295e-06,auto_accept,low_unc_low_risk
ISIC_0025361,nv,nv,4.6594337e-06,8.50863e-05,auto_accept,low_unc_low_risk
ISIC_0032288,nv,nv,1.0903681e-06,5.385713e-07,auto_accept,low_unc_low_risk
ISIC_0030569,nv,nv,0.0007112179,6.6178677e-06,auto_accept,low_unc_low_risk
ISIC_0032616,nv,nv,0.0020839074,0.000388375,auto_accept,low_unc_low_risk
ISIC_0028315,nv,nv,7.628322e-09,6.564831e-07,auto_accept,low_unc_low_risk
ISIC_0024755,nv,nv,1.3851732e-09,1.581012e-06,auto_accept,low_unc_low_risk
ISIC_0033425,nv,nv,0.00044570724,0.00056670845,auto_accept,low_unc_low_risk
ISIC_0031021,nv,nv,3.977299e-10,1.2557199e-07,auto_accept,low_unc_low_risk
ISIC_0026567,bkl,bkl,0.0117389085,0.023218047,auto_accept,low_unc_low_risk
ISIC_0025142,nv,nv,6.9552043e-06,7.0470746e-10,auto_accept,low_unc_low_risk
ISIC_0024722,nv,nv,3.712753e-05,6.221189e-05,auto_accept,low_unc_low_risk
ISIC_0024768,nv,nv,4.781754e-07,7.792534e-06,auto_accept,low_unc_low_risk
ISIC_0033873,nv,nv,0.004992573,0.007526778,auto_accept,low_unc_low_risk
ISIC_0028835,nv,nv,9.464368e-09,1.0829122e-09,auto_accept,low_unc_low_risk
ISIC_0028380,nv,nv,0.00066162104,0.00029486633,auto_accept,low_unc_low_risk
ISIC_0031948,nv,bkl,0.013528735,0.053824503,escalate,low_unc_low_risk
ISIC_0026466,akiec,bkl,0.02289964,0.77419585,escalate,high_unc_low_risk
ISIC_0028209,bkl,bkl,0.0005040126,0.0064810133,auto_accept,low_unc_low_risk
ISIC_0026971,nv,nv,5.294868e-10,9.984449e-08,auto_accept,low_unc_low_risk
ISIC_0031416,nv,nv,2.1783877e-07,4.7060587e-07,auto_accept,low_unc_low_risk
ISIC_0032426,nv,nv,6.412693e-08,2.0794175e-08,auto_accept,low_unc_low_risk
ISIC_0027451,bkl,bkl,4.8134925e-06,0.0035305426,auto_accept,low_unc_low_risk
ISIC_0029873,nv,nv,4.6958706e-07,9.202418e-06,auto_accept,low_unc_low_risk
ISIC_0026881,nv,nv,7.73094e-12,2.69799e-13,auto_accept,low_unc_low_risk
ISIC_0028660,nv,nv,3.096256e-07,1.2439584e-10,auto_accept,low_unc_low_risk
ISIC_0029626,nv,nv,5.4254528e-05,0.0078287935,auto_accept,low_unc_low_risk
ISIC_0025694,nv,nv,1.3026049e-09,1.9161208e-08,auto_accept,low_unc_low_risk
ISIC_0026501,nv,nv,0.00015277308,0.0002225222,auto_accept,low_unc_low_risk
ISIC_0026228,nv,nv,6.254341e-08,2.5145658e-07,auto_accept,low_unc_low_risk
ISIC_0027136,nv,nv,0.002367178,0.014847901,auto_accept,low_unc_low_risk
ISIC_0030545,nv,nv,6.148289e-10,1.299797e-07,auto_accept,low_unc_low_risk
ISIC_0028547,nv,nv,1.6288672e-05,1.5792257e-05,auto_accept,low_unc_low_risk
ISIC_0030293,nv,nv,4.5073493e-06,9.683298e-08,auto_accept,low_unc_low_risk
ISIC_0032972,bkl,bkl,0.002159768,1.788513e-06,auto_accept,low_unc_low_risk
ISIC_0027414,nv,nv,3.5161877e-11,4.910384e-12,auto_accept,low_unc_low_risk
ISIC_0025768,nv,nv,1.1643471e-09,9.5577695e-12,auto_accept,low_unc_low_risk
ISIC_0026772,nv,nv,0.00016947249,6.4224055e-06,auto_accept,low_unc_low_risk
ISIC_0029988,nv,nv,3.7094843e-08,1.1123126e-08,auto_accept,low_unc_low_risk
ISIC_0033573,mel,mel,0.006854802,0.93336886,auto_accept,low_unc_low_risk
ISIC_0034241,nv,nv,4.289144e-05,0.00045347027,auto_accept,low_unc_low_risk
ISIC_0029560,nv,mel,0.005565964,0.9021129,auto_accept,low_unc_low_risk
ISIC_0028841,nv,nv,4.1987924e-08,8.552897e-07,auto_accept,low_unc_low_risk
ISIC_0028587,bkl,bkl,5.7329764e-08,0.0012941869,auto_accept,low_unc_low_risk
ISIC_0028523,nv,nv,5.4293243e-05,1.973971e-09,auto_accept,low_unc_low_risk
ISIC_0024621,nv,nv,7.9660715e-08,5.4627876e-09,auto_accept,low_unc_low_risk
ISIC_0032605,nv,nv,7.8325775e-07,7.7877024e-07,auto_accept,low_unc_low_risk
ISIC_0027156,nv,nv,0.0025730333,0.00063758605,auto_accept,low_unc_low_risk
ISIC_0031934,nv,nv,2.7511529e-05,8.712408e-05,auto_accept,low_unc_low_risk
ISIC_0028629,nv,nv,7.1940906e-07,0.00010307361,auto_accept,low_unc_low_risk
ISIC_0026242,nv,nv,1.0230643e-08,3.6652988e-08,auto_accept,low_unc_low_risk
ISIC_0029566,nv,nv,0.0049549392,0.0043226965,auto_accept,low_unc_low_risk
ISIC_0024394,nv,nv,4.0769018e-07,0.00015382648,auto_accept,low_unc_low_risk
ISIC_0026314,mel,nv,0.0020856888,0.023761187,auto_accept,low_unc_low_risk
ISIC_0024510,nv,nv,2.504695e-07,1.4795841e-09,auto_accept,low_unc_low_risk
ISIC_0033482,bkl,bkl,0.0010916789,0.10155065,auto_accept,low_unc_low_risk
ISIC_0024861,nv,nv,0.0035001144,0.0081452085,auto_accept,low_unc_low_risk
ISIC_0029606,mel,mel,0.007670454,0.9359028,auto_accept,low_unc_low_risk
ISIC_0027314,nv,nv,1.1296978e-06,1.7607376e-06,auto_accept,low_unc_low_risk
ISIC_0031689,nv,nv,2.2800037e-09,1.6466906e-08,auto_accept,low_unc_low_risk
ISIC_0025348,nv,nv,7.641041e-06,1.687274e-06,auto_accept,low_unc_low_risk
ISIC_0032475,nv,nv,0.00015765808,3.0536983e-05,auto_accept,low_unc_low_risk
ISIC_0033048,nv,nv,0.0003900006,8.248804e-05,auto_accept,low_unc_low_risk
ISIC_0027383,nv,nv,0.0015539114,2.214627e-07,auto_accept,low_unc_low_risk
ISIC_0033974,nv,nv,0.00024224201,0.0013601655,auto_accept,low_unc_low_risk
ISIC_0024682,nv,nv,0.00028373493,4.2829328e-05,auto_accept,low_unc_low_risk
ISIC_0024356,nv,mel,0.02060095,0.8430366,escalate,high_unc_low_risk
ISIC_0029527,bkl,bkl,0.0020583447,0.064085394,auto_accept,low_unc_low_risk
ISIC_0033591,vasc,vasc,1.19975825e-08,0.0010958101,auto_accept,low_unc_low_risk
ISIC_0033901,mel,mel,0.0024079073,0.983335,auto_accept,low_unc_low_risk
ISIC_0029375,nv,nv,2.9518221e-06,4.8598504e-06,auto_accept,low_unc_low_risk
ISIC_0029110,nv,nv,1.4301413e-06,5.422247e-05,auto_accept,low_unc_low_risk
ISIC_0030833,nv,nv,0.005971347,0.02781563,auto_accept,low_unc_low_risk
ISIC_0033050,mel,mel,0.0012797785,0.97173136,auto_accept,low_unc_low_risk
ISIC_0026114,nv,nv,1.1214203e-08,3.510105e-06,auto_accept,low_unc_low_risk
ISIC_0032391,nv,nv,3.355886e-10,3.453307e-11,auto_accept,low_unc_low_risk
ISIC_0028761,nv,nv,0.001514489,0.0043999767,auto_accept,low_unc_low_risk
ISIC_0030590,nv,nv,0.00013149038,3.3627497e-05,auto_accept,low_unc_low_risk
ISIC_0025935,nv,nv,1.0286505e-08,2.2405823e-08,auto_accept,low_unc_low_risk
ISIC_0026750,nv,nv,1.2253003e-05,0.0006579163,auto_accept,low_unc_low_risk
ISIC_0026982,nv,nv,3.31755e-09,1.9295258e-07,auto_accept,low_unc_low_risk
ISIC_0028534,nv,nv,0.0004407932,0.02853501,auto_accept,low_unc_low_risk
ISIC_0024383,bkl,bkl,1.1104353e-05,1.1675442e-05,auto_accept,low_unc_low_risk
ISIC_0028799,nv,nv,2.0298485e-09,4.5334097e-08,auto_accept,low_unc_low_risk
ISIC_0032550,mel,mel,2.2906881e-06,0.9994603,auto_accept,low_unc_low_risk
ISIC_0028740,nv,nv,2.228907e-07,1.0890813e-06,auto_accept,low_unc_low_risk
ISIC_0031893,bkl,bkl,8.601215e-06,0.0011865083,auto_accept,low_unc_low_risk
ISIC_0029044,nv,nv,3.655324e-12,4.376515e-09,auto_accept,low_unc_low_risk
ISIC_0027593,nv,nv,1.6651029e-07,1.5164701e-08,auto_accept,low_unc_low_risk
ISIC_0025852,nv,nv,1.6766364e-07,1.0285678e-06,auto_accept,low_unc_low_risk
ISIC_0025708,mel,nv,1.9194051e-06,8.69313e-05,auto_accept,low_unc_low_risk
ISIC_0029643,nv,nv,1.337375e-06,4.0680963e-08,auto_accept,low_unc_low_risk
