image_id,true_label,predicted_label,uncertainty_score,risk_score,decision,category
ISIC_0032784,nv,nv,0.098019734,0.009743781,auto_accept,low_unc_low_risk
ISIC_0031382,nv,nv,0.023658156,0.0025879755,auto_accept,low_unc_low_risk
ISIC_0025947,nv,nv,0.04910736,0.0012439555,auto_accept,low_unc_low_risk
ISIC_0032879,mel,mel,0.03655146,0.9934796,auto_accept,low_unc_low_risk
ISIC_0029691,nv,nv,0.034527767,0.00094566867,auto_accept,low_unc_low_risk
ISIC_0031732,nv,nv,0.0034984872,4.280417e-05,auto_accept,low_unc_low_risk
ISIC_0026035,nv,nv,0.011820318,0.00018994205,auto_accept,low_unc_low_risk
ISIC_0026646,nv,nv,0.11448775,7.14881e-05,auto_accept,low_unc_low_risk
ISIC_0028474,nv,nv,0.0005147402,6.5881272e-06,auto_accept,low_unc_low_risk
ISIC_0032449,nv,nv,0.0049768607,1.7117967e-05,auto_accept,low_unc_low_risk
ISIC_0028064,nv,nv,0.012758073,0.00069644174,auto_accept,low_unc_low_risk
ISIC_0028013,nv,nv,0.033245064,0.0012643016,auto_accept,low_unc_low_risk
ISIC_0027971,nv,nv,0.0557668,0.0016718745,auto_accept,low_unc_low_risk
ISIC_0028338,nv,nv,0.24170627,0.0025790145,auto_accept,low_unc_low_risk
ISIC_0033056,bkl,bkl,0.014089603,0.0012296278,auto_accept,low_unc_low_risk
ISIC_0032976,mel,mel,0.096693955,0.9813812,auto_accept,low_unc_low_risk
ISIC_0024341,nv,nv,0.077130504,0.0002448514,auto_accept,low_unc_low_risk
ISIC_0031241,nv,mel,0.32280266,0.91030896,auto_accept,low_unc_low_risk
ISIC_0032201,nv,nv,0.0008386132,1.4247435e-06,auto_accept,low_unc_low_risk
ISIC_0032229,nv,nv,0.021372514,0.0002422871,auto_accept,low_unc_low_risk
ISIC_0027741,nv,nv,0.017703269,0.00011664016,auto_accept,low_unc_low_risk
ISIC_0029222,nv,nv,0.114136636,0.028311005,auto_accept,low_unc_low_risk
ISIC_0032952,nv,nv,0.08951028,0.01568268,auto_accept,low_unc_low_risk
ISIC_0025254,nv,mel,0.6894387,0.7032854,escalate,high_unc_low_risk
ISIC_0028439,nv,nv,0.012024792,0.0012143576,auto_accept,low_unc_low_risk
ISIC_0028692,nv,nv,0.36250958,0.14393637,auto_accept,low_unc_low_risk
ISIC_0033926,nv,nv,0.009203459,0.00022039613,auto_accept,low_unc_low_risk
ISIC_0026512,nv,nv,0.36451215,0.044263545,auto_accept,low_unc_low_risk
ISIC_0034227,nv,nv,0.14145002,0.05053477,auto_accept,low_unc_low_risk
ISIC_0033861,nv,nv,0.31518355,0.07639185,auto_accept,low_unc_low_risk
ISIC_0029941,nv,nv,0.18062267,0.060623735,auto_accept,low_unc_low_risk
ISIC_0025626,nv,nv,0.0031457776,0.00022130302,auto_accept,low_unc_low_risk
ISIC_0024819,nv,nv,0.13413838,0.0011948016,auto_accept,low_unc_low_risk
ISIC_0029490,nv,nv,0.0021706528,6.111663e-05,auto_accept,low_unc_low_risk
ISIC_0029105,nv,nv,0.01661482,0.002427884,auto_accept,low_unc_low_risk
ISIC_0031905,nv,nv,0.08576544,0.014427593,auto_accept,low_unc_low_risk
ISIC_0033665,nv,nv,0.44534367,0.017569574,auto_accept,low_unc_low_risk
ISIC_0028213,nv,nv,0.06616162,0.018320546,auto_accept,low_unc_low_risk
ISIC_0032196,nv,nv,0.0009353164,1.440573e-05,auto_accept,low_unc_low_risk
ISIC_0032137,nv,nv,0.02500682,0.00036627127,auto_accept,low_unc_low_risk
ISIC_0026630,nv,nv,0.008028222,0.000866019,auto_accept,low_unc_low_risk
ISIC_0024734,nv,nv,0.0032096847,0.00013851984,auto_accept,low_unc_low_risk
ISIC_0026073,nv,nv,0.08412905,0.0042504095,auto_accept,low_unc_low_risk
ISIC_0030499,nv,nv,0.004940769,0.00017726194,auto_accept,low_unc_low_risk
ISIC_0028000,nv,nv,0.08709327,0.0042657484,auto_accept,low_unc_low_risk
ISIC_0028577,bcc,bcc,0.12220895,0.9967482,auto_accept,low_unc_low_risk
ISIC_0029314,nv,nv,0.0035736067,0.00010286555,auto_accept,low_unc_low_risk
ISIC_0025398,nv,nv,0.002873209,0.00018152122,auto_accept,low_unc_low_risk
ISIC_0027898,nv,nv,0.062246345,0.0005058636,auto_accept,low_unc_low_risk
ISIC_0026344,nv,nv,0.11174599,0.00021789192,auto_accept,low_unc_low_risk
ISIC_0029148,nv,nv,0.0012976028,2.6990092e-05,auto_accept,low_unc_low_risk
ISIC_0026234,nv,nv,0.035080325,0.00032881304,auto_accept,low_unc_low_risk
ISIC_0029986,nv,mel,0.13295145,0.9248261,auto_accept,low_unc_low_risk
ISIC_0031226,bkl,bkl,0.30537975,7.8197714e-05,auto_accept,low_unc_low_risk
ISIC_0030780,nv,nv,0.038937356,0.00025927564,auto_accept,low_unc_low_risk
ISIC_0029910,nv,nv,0.06400551,0.0014842646,auto_accept,low_unc_low_risk
ISIC_0032816,bcc,bcc,1.0618063,0.85044456,escalate,high_unc_low_risk
ISIC_0029295,nv,nv,0.064327225,0.0003487615,auto_accept,low_unc_low_risk
ISIC_0028432,nv,nv,0.011610877,0.0012431288,auto_accept,low_unc_low_risk
ISIC_0032791,nv,nv,0.012153126,0.0017205462,auto_accept,low_unc_low_risk
ISIC_0026561,nv,nv,0.0061402917,0.0001741937,auto_accept,low_unc_low_risk
ISIC_0032069,nv,nv,0.08687379,0.00017603235,auto_accept,low_unc_low_risk
ISIC_0027637,nv,nv,0.008069208,0.00023662647,auto_accept,low_unc_low_risk
ISIC_0032800,nv,nv,0.003097053,1.0051936e-05,auto_accept,low_unc_low_risk
ISIC_0030947,nv,nv,0.0027382846,2.111631e-05,auto_accept,low_unc_low_risk
ISIC_0033411,nv,nv,0.2840577,0.03611965,auto_accept,low_unc_low_risk
ISIC_0027630,nv,nv,0.0063371425,9.38093e-05,auto_accept,low_unc_low_risk
ISIC_0032120,nv,nv,0.031668548,3.1665124e-05,auto_accept,low_unc_low_risk
ISIC_0033164,nv,nv,0.0493681,0.0055386676,auto_accept,low_unc_low_risk
ISIC_0030335,bcc,bcc,0.34253308,0.47467518,auto_accept,low_unc_low_risk
ISIC_0026052,nv,nv,0.038489826,0.002616165,auto_accept,low_unc_low_risk
ISIC_0031610,nv,nv,0.0010330748,1.6195596e-05,auto_accept,low_unc_low_risk
ISIC_0028676,nv,nv,0.027084013,0.0026276845,auto_accept,low_unc_low_risk
ISIC_0032232,mel,bkl,0.9561208,0.06954148,escalate,high_unc_low_risk
ISIC_0026383,nv,nv,0.013859686,6.175375e-05,auto_accept,low_unc_low_risk
ISIC_0032738,nv,nv,0.10558076,0.0051241275,auto_accept,low_unc_low_risk
ISIC_0032913,mel,mel,0.6230083,0.55872774,escalate,high_unc_low_risk
ISIC_0032308,mel,mel,0.0044934833,0.99848676,auto_accept,low_unc_low_risk
ISIC_0025514,nv,nv,0.03946682,0.00210793,auto_accept,low_unc_low_risk
ISIC_0031364,nv,nv,0.03601748,0.0003233616,auto_accept,low_unc_low_risk
ISIC_0032265,mel,nv,0.053777628,0.026711682,auto_accept,low_unc_low_risk
ISIC_0032491,nv,nv,0.001055825,1.1011418e-05,auto_accept,low_unc_low_risk
ISIC_0024474,nv,nv,0.010155513,0.000706167,auto_accept,low_unc_low_risk
ISIC_0027659,mel,mel,0.11431586,0.9679366,auto_accept,low_unc_low_risk
ISIC_0033922,nv,nv,0.27832085,0.0007928908,auto_accept,low_unc_low_risk
ISIC_0029024,nv,nv,0.0025540798,8.3972656e-05,auto_accept,low_unc_low_risk
ISIC_0028430,nv,nv,0.33230528,5.9519396e-05,auto_accept,low_unc_low_risk
ISIC_0028327,nv,nv,0.21608965,0.001957289,auto_accept,low_unc_low_risk
ISIC_0032661,nv,nv,0.22524844,0.021684574,auto_accept,low_unc_low_risk
ISIC_0031956,nv,nv,0.12264229,3.4616462e-06,auto_accept,low_unc_low_risk
ISIC_0024826,nv,nv,0.013453007,0.0005062746,auto_accept,low_unc_low_risk
ISIC_0030797,nv,nv,0.111322656,0.017053097,auto_accept,low_unc_low_risk
ISIC_0025969,nv,nv,0.23068392,6.827179e-05,auto_accept,low_unc_low_risk
ISIC_0028817,nv,nv,0.01882024,6.0653423e-05,auto_accept,low_unc_low_risk
ISIC_0027119,nv,nv,0.0019679812,4.771372e-05,auto_accept,low_unc_low_risk
ISIC_0031860,nv,nv,0.009495776,0.0021956405,auto_accept,low_unc_low_risk
ISIC_0030761,nv,nv,0.011417611,0.0014874587,auto_accept,low_unc_low_risk
ISIC_0026475,mel,mel,0.95518684,0.43304944,escalate,high_unc_low_risk
ISIC_0031635,nv,nv,0.2179022,0.03667715,auto_accept,low_unc_low_risk
ISIC_0024894,nv,nv,0.0026914598,0.00013959775,auto_accept,low_unc_low_risk
ISIC_0033821,nv,nv,0.5932277,0.1669474,escalate,high_unc_low_risk
ISIC_0026572,nv,nv,0.02370366,0.0021888232,auto_accept,low_unc_low_risk
ISIC_0024462,nv,nv,0.0116530135,0.00048229314,auto_accept,low_unc_low_risk
ISIC_0031882,nv,nv,0.00056952226,3.2076743e-05,auto_accept,low_unc_low_risk
ISIC_0032899,nv,nv,0.1668241,0.03394965,auto_accept,low_unc_low_risk
ISIC_0025839,nv,nv,0.009721003,0.0012820527,auto_accept,low_unc_low_risk
ISIC_0033347,nv,nv,0.046247967,3.72246e-05,auto_accept,low_unc_low_risk
ISIC_0025313,mel,nv,0.0032000355,0.00041244252,auto_accept,low_unc_low_risk
ISIC_0024992,nv,nv,0.017798077,0.00026112757,auto_accept,low_unc_low_risk
ISIC_0030496,nv,nv,0.2736674,0.00027494362,auto_accept,low_unc_low_risk
ISIC_0026942,nv,bkl,0.043133806,0.0009071987,auto_accept,low_unc_low_risk
ISIC_0025252,nv,nv,0.029380402,0.0037000214,auto_accept,low_unc_low_risk
ISIC_0026592,nv,nv,0.34606782,0.0130765615,auto_accept,low_unc_low_risk
ISIC_0031997,nv,nv,0.027102567,0.0022494576,auto_accept,low_unc_low_risk
ISIC_0030573,nv,nv,0.010084541,2.7765733e-05,auto_accept,low_unc_low_risk
ISIC_0028192,nv,nv,0.008584919,0.00031620442,auto_accept,low_unc_low_risk
ISIC_0027493,nv,nv,0.0029351956,4.3226108e-05,auto_accept,low_unc_low_risk
ISIC_0028099,nv,nv,0.024242215,0.0002533947,auto_accept,low_unc_low_risk
ISIC_0028908,nv,nv,0.0029215708,2.4301724e-05,auto_accept,low_unc_low_risk
ISIC_0024624,mel,bkl,0.31927487,0.11363738,auto_accept,low_unc_low_risk
ISIC_0025380,nv,nv,0.00023864718,1.08565955e-05,auto_accept,low_unc_low_risk
ISIC_0024868,nv,nv,0.010293196,0.009827721,auto_accept,low_unc_low_risk
ISIC_0025974,nv,nv,0.024124151,3.788506e-05,auto_accept,low_unc_low_risk
ISIC_0032464,nv,nv,0.002263225,7.16209e-06,auto_accept,low_unc_low_risk
ISIC_0027800,nv,nv,0.30758995,0.05119255,auto_accept,low_unc_low_risk
ISIC_0027925,nv,nv,0.02705035,0.002767983,auto_accept,low_unc_low_risk
ISIC_0025645,nv,nv,0.0029595746,7.4569225e-06,auto_accept,low_unc_low_risk
ISIC_0031374,nv,mel,0.91944385,0.37604553,escalate,high_unc_low_risk
ISIC_0025720,nv,nv,0.3710943,0.0057934066,auto_accept,low_unc_low_risk
ISIC_0030698,bkl,bkl,0.657499,0.0012205297,escalate,high_unc_low_risk
ISIC_0028827,nv,nv,0.07654567,0.009086587,auto_accept,low_unc_low_risk
ISIC_0025275,bkl,nv,0.050795317,0.0030988248,auto_accept,low_unc_low_risk
ISIC_0030178,nv,nv,0.003189672,0.00038195006,auto_accept,low_unc_low_risk
ISIC_0026425,nv,nv,0.020034535,0.0017664235,auto_accept,low_unc_low_risk
ISIC_0027643,nv,nv,0.04017714,0.0021579661,auto_accept,low_unc_low_risk
ISIC_0026489,mel,nv,0.27951163,0.04024603,auto_accept,low_unc_low_risk
ISIC_0025266,bcc,bcc,0.19458023,0.9850973,auto_accept,low_unc_low_risk
ISIC_0028965,mel,mel,0.005405748,0.9993699,escalate,low_unc_high_risk
ISIC_0024668,nv,nv,0.0013527101,4.62806e-06,auto_accept,low_unc_low_risk
ISIC_0029376,nv,nv,0.12329786,0.00044753272,auto_accept,low_unc_low_risk
ISIC_0027001,nv,nv,0.00104043,2.1837645e-06,auto_accept,low_unc_low_risk
ISIC_0029816,nv,nv,0.006829756,1.9995248e-05,auto_accept,low_unc_low_risk
ISIC_0033335,nv,nv,0.022328466,0.0019600578,auto_accept,low_unc_low_risk
ISIC_0026323,nv,nv,0.18000153,0.053839985,auto_accept,low_unc_low_risk
ISIC_0033689,nv,nv,0.029743254,0.0029643562,auto_accept,low_unc_low_risk
ISIC_0025672,nv,nv,0.029985769,0.00038072348,auto_accept,low_unc_low_risk
ISIC_0026013,nv,nv,0.09785184,0.00012318016,auto_accept,low_unc_low_risk
ISIC_0031952,nv,nv,0.06719038,0.0005553823,auto_accept,low_unc_low_risk
ISIC_0028456,nv,nv,0.0013415588,6.4553565e-06,auto_accept,low_unc_low_risk
ISIC_0029556,nv,nv,0.009026482,0.00015174235,auto_accept,low_unc_low_risk
ISIC_0031328,nv,nv,0.7789525,0.008039532,escalate,high_unc_low_risk
ISIC_0030953,akiec,akiec,0.11036021,0.996718,auto_accept,low_unc_low_risk
ISIC_0024308,nv,nv,0.00026017087,1.129986e-05,auto_accept,low_unc_low_risk
ISIC_0026731,nv,nv,0.00074109016,1.5932972e-05,auto_accept,low_unc_low_risk
ISIC_0024520,nv,nv,0.018822778,0.0015047601,auto_accept,low_unc_low_risk
ISIC_0028269,nv,nv,0.029377535,0.002917858,auto_accept,low_unc_low_risk
ISIC_0032427,nv,nv,0.31729448,0.12294123,auto_accept,low_unc_low_risk
ISIC_0026435,nv,nv,0.20122811,0.02997342,auto_accept,low_unc_low_risk
ISIC_0027109,nv,nv,0.1927369,1.4874339e-05,auto_accept,low_unc_low_risk
ISIC_0027684,nv,nv,0.75270414,0.48780796,escalate,high_unc_low_risk
ISIC_0024410,mel,nv,0.29659736,0.002804547,auto_accept,low_unc_low_risk
ISIC_0032298,nv,nv,0.008360995,0.00055015314,auto_accept,low_unc_low_risk
ISIC_0030003,nv,nv,0.007780717,0.0002746298,auto_accept,low_unc_low_risk
ISIC_0028830,bkl,bkl,0.654034,0.005916877,escalate,high_unc_low_risk
ISIC_0028571,nv,mel,0.62691545,0.75576794,escalate,high_unc_low_risk
ISIC_0024347,nv,nv,0.22423343,0.076369666,auto_accept,low_unc_low_risk
ISIC_0026618,nv,nv,0.04951407,0.0032921548,auto_accept,low_unc_low_risk
ISIC_0028805,nv,nv,0.026181767,3.612925e-05,auto_accept,low_unc_low_risk
ISIC_0033226,mel,mel,0.25828376,0.91344476,auto_accept,low_unc_low_risk
ISIC_0031752,nv,nv,0.015373722,0.0014743964,auto_accept,low_unc_low_risk
ISIC_0025871,nv,nv,0.090651534,0.0005976628,auto_accept,low_unc_low_risk
ISIC_0025147,nv,nv,0.003701347,3.7532078e-05,auto_accept,low_unc_low_risk
ISIC_0026781,nv,nv,0.01814555,0.0010315223,auto_accept,low_unc_low_risk
ISIC_0027343,akiec,mel,0.2374546,0.9500387,auto_accept,low_unc_low_risk
ISIC_0025406,nv,nv,0.038724557,0.0002668137,auto_accept,low_unc_low_risk
ISIC_0027724,nv,nv,0.068964675,0.009737474,auto_accept,low_unc_low_risk
ISIC_0026159,bkl,bkl,0.034327872,0.002698489,auto_accept,low_unc_low_risk
ISIC_0033667,nv,nv,0.05877096,0.0033580177,auto_accept,low_unc_low_risk
ISIC_0031113,nv,nv,0.4211883,0.25053692,auto_accept,low_unc_low_risk
ISIC_0025561,nv,nv,0.023485323,0.002736358,auto_accept,low_unc_low_risk
ISIC_0027417,nv,nv,0.010785267,0.0014698788,auto_accept,low_unc_low_risk
ISIC_0033490,bkl,bkl,0.022874102,0.00018276334,auto_accept,low_unc_low_risk
ISIC_0032620,nv,nv,0.39092493,3.529427e-05,auto_accept,low_unc_low_risk
ISIC_0025840,nv,nv,0.035865407,0.00057533593,auto_accept,low_unc_low_risk
ISIC_0033989,nv,nv,0.1994648,0.070889264,auto_accept,low_unc_low_risk
ISIC_0034191,nv,nv,0.1043559,0.0008228915,auto_accept,low_unc_low_risk
ISIC_0029688,nv,nv,0.0629679,0.011549612,auto_accept,low_unc_low_risk
ISIC_0028337,nv,nv,0.08172498,0.00043320755,auto_accept,low_unc_low_risk
ISIC_0033092,vasc,vasc,0.03794865,0.07227968,auto_accept,low_unc_low_risk
ISIC_0032419,nv,nv,0.034945868,0.0012834106,auto_accept,low_unc_low_risk
ISIC_0030361,nv,nv,0.0014427113,2.368438e-06,auto_accept,low_unc_low_risk
ISIC_0025595,nv,nv,0.004882137,2.2935337e-05,auto_accept,low_unc_low_risk
ISIC_0031575,nv,nv,0.00711626,2.5782098e-05,auto_accept,low_unc_low_risk
ISIC_0025517,nv,nv,0.5274465,0.1980613,auto_accept,low_unc_low_risk
ISIC_0029815,nv,nv,0.00024979564,5.241396e-06,auto_accept,low_unc_low_risk
ISIC_0028870,nv,nv,0.24879645,0.040106595,auto_accept,low_unc_low_risk
ISIC_0031717,nv,nv,0.003720677,0.0005486193,auto_accept,low_unc_low_risk
ISIC_0028600,nv,nv,0.03327295,0.0010016265,auto_accept,low_unc_low_risk
ISIC_0032710,nv,nv,0.5080562,0.13283347,auto_accept,low_unc_low_risk
ISIC_0029442,nv,nv,0.014426233,0.00015095512,auto_accept,low_unc_low_risk
ISIC_0029282,nv,nv,0.010521564,0.0054564457,auto_accept,low_unc_low_risk
ISIC_0028299,nv,nv,0.02346301,0.00043077752,auto_accept,low_unc_low_risk
ISIC_0033772,nv,nv,0.034216274,0.01018666,auto_accept,low_unc_low_risk
ISIC_0031816,nv,nv,0.016207943,0.00028905118,auto_accept,low_unc_low_risk
ISIC_0031327,nv,nv,0.0009346969,1.150889e-05,auto_accept,low_unc_low_risk
ISIC_0028907,nv,nv,0.0021118545,1.9488087e-05,auto_accept,low_unc_low_risk
ISIC_0029607,nv,nv,0.018986214,0.00014799544,auto_accept,low_unc_low_risk
ISIC_0025175,nv,nv,0.64345527,1.8739538e-05,escalate,high_unc_low_risk
ISIC_0031654,nv,nv,0.17248358,0.00092975516,auto_accept,low_unc_low_risk
ISIC_0028961,nv,nv,0.09406153,0.011117352,auto_accept,low_unc_low_risk
ISIC_0024335,nv,nv,0.0026894528,9.148553e-05,auto_accept,low_unc_low_risk
ISIC_0026797,nv,nv,0.00044936824,1.2537565e-06,auto_accept,low_unc_low_risk
ISIC_0031115,nv,mel,0.20807439,0.94106764,auto_accept,low_unc_low_risk
ISIC_0027959,nv,nv,0.7673632,0.29312402,escalate,high_unc_low_risk
ISIC_0027813,nv,nv,0.008024077,0.0006980035,auto_accept,low_unc_low_risk
ISIC_0028938,nv,nv,0.41331077,0.088235915,auto_accept,low_unc_low_risk
ISIC_0025965,nv,nv,0.013946712,0.00030331995,auto_accept,low_unc_low_risk
ISIC_0024656,nv,nv,0.06343809,0.0005989491,auto_accept,low_unc_low_risk
ISIC_0034212,nv,nv,0.011048048,0.0008658416,auto_accept,low_unc_low_risk
ISIC_0031850,nv,nv,0.0891438,0.016394872,auto_accept,low_unc_low_risk
ISIC_0029788,nv,nv,0.0053549623,0.0003764356,auto_accept,low_unc_low_risk
ISIC_0028755,nv,bkl,0.7062629,0.011861184,escalate,high_unc_low_risk
ISIC_0032675,bkl,bkl,0.0795614,0.0014987969,auto_accept,low_unc_low_risk
ISIC_0029321,nv,nv,0.0043430254,3.670032e-05,auto_accept,low_unc_low_risk
ISIC_0025715,nv,nv,0.02208653,0.002491437,auto_accept,low_unc_low_risk
ISIC_0034182,nv,nv,0.7601055,0.38796946,escalate,high_unc_low_risk
ISIC_0025896,nv,nv,0.0005177014,1.531531e-06,auto_accept,low_unc_low_risk
ISIC_0032999,nv,nv,0.0031589607,4.662489e-05,auto_accept,low_unc_low_risk
ISIC_0029833,nv,nv,0.10214086,0.00077606336,auto_accept,low_unc_low_risk
ISIC_0025115,nv,nv,0.0004828174,1.0389241e-05,auto_accept,low_unc_low_risk
ISIC_0028857,nv,nv,0.36552873,0.14097904,auto_accept,low_unc_low_risk
ISIC_0033177,nv,nv,0.029069234,0.0070464015,auto_accept,low_unc_low_risk
ISIC_0034109,nv,nv,0.0988779,0.005430908,auto_accept,low_unc_low_risk
ISIC_0032859,nv,nv,0.23832272,0.006189141,auto_accept,low_unc_low_risk
ISIC_0031088,bkl,bkl,0.36818367,0.007676423,auto_accept,low_unc_low_risk
ISIC_0028134,nv,nv,0.23756495,0.06829933,auto_accept,low_unc_low_risk
ISIC_0024929,mel,mel,0.014839206,0.9955124,auto_accept,low_unc_low_risk
ISIC_0024648,nv,nv,0.0060059507,0.0003008916,auto_accept,low_unc_low_risk
ISIC_0031813,nv,nv,0.7605561,0.22549708,escalate,high_unc_low_risk
ISIC_0032606,nv,nv,0.42843923,0.009846591,auto_accept,low_unc_low_risk
ISIC_0030255,mel,nv,0.10154335,0.016353093,auto_accept,low_unc_low_risk
ISIC_0025508,nv,nv,0.009620413,1.7349503e-05,auto_accept,low_unc_low_risk
ISIC_0028897,mel,mel,0.09199568,0.9636873,auto_accept,low_unc_low_risk
ISIC_0030745,nv,nv,0.12346881,0.035409294,auto_accept,low_unc_low_risk
ISIC_0033080,nv,nv,0.005894232,1.5819056e-05,auto_accept,low_unc_low_risk
ISIC_0024485,nv,nv,0.1018756,0.00016347872,auto_accept,low_unc_low_risk
ISIC_0029213,bkl,bkl,0.04534128,0.011441717,auto_accept,low_unc_low_risk
ISIC_0027508,nv,nv,0.04412657,0.0006208988,auto_accept,low_unc_low_risk
ISIC_0030186,nv,nv,0.007873434,0.0003886422,auto_accept,low_unc_low_risk
ISIC_0025055,nv,nv,0.11529418,0.008202017,auto_accept,low_unc_low_risk
ISIC_0031148,nv,nv,0.014712125,0.0022018189,auto_accept,low_unc_low_risk
ISIC_0031567,nv,nv,0.12609586,0.010294532,auto_accept,low_unc_low_risk
ISIC_0025289,nv,nv,0.023286529,0.0006845721,auto_accept,low_unc_low_risk
ISIC_0024956,nv,nv,0.025107823,3.827792e-05,auto_accept,low_unc_low_risk
ISIC_0030136,nv,nv,0.004069616,0.00031966984,auto_accept,low_unc_low_risk
ISIC_0026000,nv,nv,0.013940806,0.00093333697,auto_accept,low_unc_low_risk
ISIC_0028563,nv,nv,0.011027179,0.0005254436,auto_accept,low_unc_low_risk
ISIC_0026107,bkl,nv,0.046349224,7.867984e-06,auto_accept,low_unc_low_risk
ISIC_0033998,nv,nv,0.053775277,0.00040127462,auto_accept,low_unc_low_risk
ISIC_0032145,nv,nv,0.0240219,0.004357102,auto_accept,low_unc_low_risk
ISIC_0029407,nv,nv,0.00039618294,7.4452696e-06,auto_accept,low_unc_low_risk
ISIC_0030382,mel,bkl,0.91258407,0.028721567,escalate,high_unc_low_risk
ISIC_0028136,nv,nv,0.16981612,0.0009721117,auto_accept,low_unc_low_risk
ISIC_0029071,nv,nv,0.07247326,0.0012839438,auto_accept,low_unc_low_risk
ISIC_0024658,nv,nv,0.00014042231,2.739889e-06,auto_accept,low_unc_low_risk
ISIC_0032261,nv,nv,0.0014016915,4.128222e-05,auto_accept,low_unc_low_risk
ISIC_0032352,nv,nv,0.41882163,0.10914896,auto_accept,low_unc_low_risk
ISIC_0031376,bkl,bkl,0.0036840197,0.0009420036,auto_accept,low_unc_low_risk
ISIC_0033427,nv,nv,0.11170638,0.020711657,auto_accept,low_unc_low_risk
ISIC_0026590,bkl,bkl,0.039932348,0.009793772,auto_accept,low_unc_low_risk
ISIC_0029127,nv,nv,0.019193098,0.0034055228,auto_accept,low_unc_low_risk
ISIC_0026739,nv,nv,0.05345276,0.00013183527,auto_accept,low_unc_low_risk
ISIC_0032131,nv,nv,0.0023047684,7.754291e-05,auto_accept,low_unc_low_risk
ISIC_0028699,nv,nv,0.037788562,0.0011852314,auto_accept,low_unc_low_risk
ISIC_0030366,mel,nv,0.38541728,0.054550074,auto_accept,low_unc_low_risk
ISIC_0025678,nv,nv,0.03144714,0.00024540388,auto_accept,low_unc_low_risk
ISIC_0027505,nv,nv,0.025097024,0.00022253366,auto_accept,low_unc_low_risk
ISIC_0030629,nv,nv,0.005546396,5.5600417e-06,auto_accept,low_unc_low_risk
ISIC_0032487,nv,nv,0.066193976,0.005397302,auto_accept,low_unc_low_risk
ISIC_0026903,nv,nv,0.006476075,6.0448445e-05,auto_accept,low_unc_low_risk
ISIC_0031497,nv,nv,0.0171126,0.000107678155,auto_accept,low_unc_low_risk
ISIC_0033896,nv,nv,0.05231752,2.24101e-05,auto_accept,low_unc_low_risk
ISIC_0032696,bcc,bcc,0.0067778225,0.998485,auto_accept,low_unc_low_risk
ISIC_0030069,nv,nv,0.07125888,0.013460461,auto_accept,low_unc_low_risk
ISIC_0028189,nv,nv,0.027030757,0.0020690293,auto_accept,low_unc_low_risk
ISIC_0033170,nv,nv,0.16738564,0.0134411985,auto_accept,low_unc_low_risk
ISIC_0026815,nv,nv,0.061174903,0.019660315,auto_accept,low_unc_low_risk
ISIC_0032702,nv,nv,0.033303525,0.00046135447,auto_accept,low_unc_low_risk
ISIC_0032085,nv,nv,0.01902196,0.0046405136,auto_accept,low_unc_low_risk
ISIC_0026261,nv,nv,0.0010422141,1.4993315e-05,auto_accept,low_unc_low_risk
ISIC_0032847,mel,nv,0.64053905,0.33336988,escalate,high_unc_low_risk
ISIC_0024937,nv,nv,0.03627153,0.003347067,auto_accept,low_unc_low_risk
ISIC_0026379,nv,nv,0.0060211127,9.332419e-05,auto_accept,low_unc_low_risk
ISIC_0028787,nv,nv,0.29009268,0.12134613,auto_accept,low_unc_low_risk
ISIC_0033132,nv,mel,0.7214599,0.55548173,escalate,high_unc_low_risk
ISIC_0031879,nv,nv,0.007984009,0.00026049797,auto_accept,low_unc_low_risk
ISIC_0026419,nv,nv,0.71933407,2.2932054e-05,escalate,high_unc_low_risk
ISIC_0030662,nv,nv,0.0011919828,5.5029336e-06,auto_accept,low_unc_low_risk
ISIC_0026495,nv,nv,0.012257077,0.00020346385,auto_accept,low_unc_low_risk
ISIC_0034279,nv,nv,0.09042971,0.00073566014,auto_accept,low_unc_low_risk
ISIC_0030295,nv,nv,0.012827514,8.588681e-05,auto_accept,low_unc_low_risk
ISIC_0033074,mel,mel,0.023910826,0.9977495,auto_accept,low_unc_low_risk
ISIC_0030080,mel,mel,0.6968578,0.9097691,escalate,high_unc_low_risk
ISIC_0026143,nv,nv,0.0027309512,4.5074892e-05,auto_accept,low_unc_low_risk
ISIC_0030473,nv,nv,0.38519216,0.12800199,auto_accept,low_unc_low_risk
ISIC_0031311,nv,nv,0.0038328483,0.0002565254,auto_accept,low_unc_low_risk
ISIC_0024527,nv,nv,0.004711017,0.00010979529,auto_accept,low_unc_low_risk
ISIC_0031534,nv,nv,0.05570258,0.0054566995,auto_accept,low_unc_low_risk
ISIC_0031067,nv,nv,0.11691193,0.006300444,auto_accept,low_unc_low_risk
ISIC_0024800,akiec,bkl,0.33947298,0.010912189,auto_accept,low_unc_low_risk
ISIC_0029954,nv,nv,0.0005660368,3.2732965e-05,auto_accept,low_unc_low_risk
ISIC_0034008,nv,nv,0.02309709,0.0009368665,auto_accept,low_unc_low_risk
ISIC_0029051,bkl,bkl,0.2560381,0.021491386,auto_accept,low_unc_low_risk
ISIC_0033540,nv,nv,0.034365773,1.0084823e-05,auto_accept,low_unc_low_risk
ISIC_0028417,nv,nv,0.052333795,0.009332588,auto_accept,low_unc_low_risk
ISIC_0026019,nv,nv,5.6231984e-05,3.0598503e-08,auto_accept,low_unc_low_risk
ISIC_0033478,nv,nv,0.14596671,0.011117101,auto_accept,low_unc_low_risk
ISIC_0026197,nv,nv,0.0017604615,1.18632715e-05,auto_accept,low_unc_low_risk
ISIC_0032398,nv,nv,0.0023101994,2.0519643e-05,auto_accept,low_unc_low_risk
ISIC_0024406,nv,nv,0.0047270274,0.00048026012,auto_accept,low_unc_low_risk
ISIC_0031222,nv,nv,0.01667055,0.0004455307,auto_accept,low_unc_low_risk
ISIC_0026353,nv,nv,0.049689267,9.03836e-05,auto_accept,low_unc_low_risk
ISIC_0029122,nv,nv,0.004857999,0.00041396217,auto_accept,low_unc_low_risk
ISIC_0033664,nv,nv,0.0636825,0.01476668,auto_accept,low_unc_low_risk
ISIC_0029368,nv,nv,0.14245208,0.009396997,auto_accept,low_unc_low_risk
ISIC_0033662,mel,nv,0.610167,0.3840896,escalate,high_unc_low_risk
ISIC_0031390,nv,nv,0.06506336,0.0036381586,auto_accept,low_unc_low_risk
ISIC_0031010,nv,nv,0.0010557843,1.1272543e-05,auto_accept,low_unc_low_risk
ISIC_0028780,nv,nv,0.0056050173,0.0001965665,auto_accept,low_unc_low_risk
ISIC_0025141,nv,nv,0.11436238,0.0042623472,auto_accept,low_unc_low_risk
ISIC_0026469,nv,nv,0.010639323,4.1828847e-05,auto_accept,low_unc_low_risk
ISIC_0028219,mel,nv,0.0090948455,0.0010327613,auto_accept,low_unc_low_risk
ISIC_0027497,nv,nv,0.15960166,0.0004034114,auto_accept,low_unc_low_risk
ISIC_0024651,nv,nv,0.060163584,0.0026643567,auto_accept,low_unc_low_risk
ISIC_0026670,nv,nv,0.043665472,0.0011978762,auto_accept,low_unc_low_risk
ISIC_0030920,nv,nv,0.21009338,0.010722409,auto_accept,low_unc_low_risk
ISIC_0027143,nv,nv,0.12065026,0.008361747,auto_accept,low_unc_low_risk
ISIC_0026639,nv,nv,0.00931984,0.000622463,auto_accept,low_unc_low_risk
ISIC_0032950,nv,nv,0.45518437,0.0026897157,auto_accept,low_unc_low_risk
ISIC_0026616,nv,nv,0.024089595,0.005949365,auto_accept,low_unc_low_risk
ISIC_0026838,nv,nv,0.005580794,0.00018974238,auto_accept,low_unc_low_risk
ISIC_0029911,nv,nv,0.14729588,0.00019573311,auto_accept,low_unc_low_risk
ISIC_0031125,bkl,bkl,0.045987293,0.00015040998,auto_accept,low_unc_low_risk
ISIC_0026341,nv,nv,0.03126464,0.00081511243,auto_accept,low_unc_low_risk
ISIC_0026578,nv,nv,0.0032216841,7.029046e-05,auto_accept,low_unc_low_risk
ISIC_0026422,bkl,bkl,0.026278563,8.90591e-05,auto_accept,low_unc_low_risk
ISIC_0031985,nv,nv,0.0033316507,0.000515136,auto_accept,low_unc_low_risk
ISIC_0028181,nv,nv,0.00067266,1.5636315e-05,auto_accept,low_unc_low_risk
ISIC_0028743,nv,nv,0.0055068145,5.1620354e-05,auto_accept,low_unc_low_risk
ISIC_0025977,nv,nv,0.009048774,0.000455043,auto_accept,low_unc_low_risk
ISIC_0025522,nv,nv,0.61654454,0.0029177081,escalate,high_unc_low_risk
ISIC_0026516,mel,mel,0.3896529,0.8869442,auto_accept,low_unc_low_risk
ISIC_0028819,nv,nv,0.22761254,0.0083075715,auto_accept,low_unc_low_risk
ISIC_0030194,nv,mel,0.6684177,0.6779259,escalate,high_unc_low_risk
ISIC_0029153,nv,nv,0.0006566832,4.15528e-06,auto_accept,low_unc_low_risk
ISIC_0024549,nv,nv,0.07666101,0.00966686,auto_accept,low_unc_low_risk
ISIC_0030407,nv,nv,0.012247675,0.001263382,auto_accept,low_unc_low_risk
ISIC_0028696,mel,nv,0.20372601,0.028748017,auto_accept,low_unc_low_risk
ISIC_0034239,mel,mel,0.020528061,0.9972363,auto_accept,low_unc_low_risk
ISIC_0032528,nv,nv,0.0023762418,2.9559349e-05,auto_accept,low_unc_low_risk
ISIC_0030684,nv,bcc,0.5852225,0.5130828,escalate,high_unc_low_risk
ISIC_0025393,nv,nv,0.019157708,0.0022192546,auto_accept,low_unc_low_risk
ISIC_0033641,nv,nv,0.0074620494,0.00022706157,auto_accept,low_unc_low_risk
ISIC_0029157,mel,nv,0.68535197,0.31110847,escalate,high_unc_low_risk
ISIC_0025235,mel,mel,0.43990976,0.8597498,auto_accept,low_unc_low_risk
ISIC_0033828,bkl,bkl,0.20531218,0.0017572229,auto_accept,low_unc_low_risk
ISIC_0033011,nv,nv,0.0013099103,8.635296e-06,auto_accept,low_unc_low_risk
ISIC_0028515,nv,nv,0.020431692,5.1561224e-06,auto_accept,low_unc_low_risk
ISIC_0026829,bcc,bcc,0.11909487,0.9507684,auto_accept,low_unc_low_risk
ISIC_0029633,nv,bkl,0.46502438,0.0013966173,auto_accept,low_unc_low_risk
ISIC_0033560,mel,mel,0.11968431,0.9634159,auto_accept,low_unc_low_risk
ISIC_0030673,nv,nv,0.00561038,0.00016807018,auto_accept,low_unc_low_risk
ISIC_0028996,nv,nv,0.07035157,0.00093504234,auto_accept,low_unc_low_risk
ISIC_0029739,nv,nv,0.011467702,0.00011573114,auto_accept,low_unc_low_risk
ISIC_0034206,nv,nv,0.047118872,0.0022648023,auto_accept,low_unc_low_risk
ISIC_0032339,nv,nv,0.034508727,0.002903242,auto_accept,low_unc_low_risk
ISIC_0030389,nv,nv,0.01248497,0.0014088516,auto_accept,low_unc_low_risk
ISIC_0031504,nv,nv,0.43745333,7.57579e-05,auto_accept,low_unc_low_risk
ISIC_0026027,nv,mel,0.7112501,0.553746,escalate,high_unc_low_risk
ISIC_0031214,nv,nv,0.0031625894,0.000113560935,auto_accept,low_unc_low_risk
ISIC_0027633,nv,nv,0.039414424,0.0029925455,auto_accept,low_unc_low_risk
ISIC_0028940,nv,nv,0.0067296014,0.0005838174,auto_accept,low_unc_low_risk
ISIC_0033652,nv,nv,0.63734007,0.38526106,escalate,high_unc_low_risk
ISIC_0031058,nv,nv,0.058424775,0.0005980699,auto_accept,low_unc_low_risk
ISIC_0026795,nv,nv,0.011725824,0.0006908476,auto_accept,low_unc_low_risk
ISIC_0030204,nv,nv,0.016191108,6.8932553e-07,auto_accept,low_unc_low_risk
ISIC_0028301,nv,nv,0.017615607,0.0010213602,auto_accept,low_unc_low_risk
ISIC_0032161,nv,nv,0.04024831,0.0009147976,auto_accept,low_unc_low_risk
ISIC_0029191,nv,nv,0.048900522,4.0947296e-05,auto_accept,low_unc_low_risk
ISIC_0025334,nv,nv,0.004111771,0.00023609103,auto_accept,low_unc_low_risk
ISIC_0027193,nv,nv,0.0070093484,2.6875872e-05,auto_accept,low_unc_low_risk
ISIC_0026676,nv,nv,0.79685664,0.25008008,escalate,high_unc_low_risk
ISIC_0025593,nv,nv,0.0022401966,6.57748e-06,auto_accept,low_unc_low_risk
ISIC_0030054,nv,nv,0.003935938,4.5583107e-05,auto_accept,low_unc_low_risk
ISIC_0032834,bcc,bcc,0.002592899,0.99891245,auto_accept,low_unc_low_risk
ISIC_0026807,nv,vasc,0.11157499,7.457635e-05,auto_accept,low_unc_low_risk
ISIC_0031821,mel,mel,0.28299662,0.9147953,auto_accept,low_unc_low_risk
ISIC_0029981,nv,nv,0.12576503,0.00038030237,auto_accept,low_unc_low_risk
ISIC_0026589,nv,nv,0.019850982,0.00016466394,auto_accept,low_unc_low_risk
ISIC_0027384,nv,nv,0.00765074,8.55672e-06,auto_accept,low_unc_low_risk
ISIC_0029116,nv,nv,0.016539082,4.823052e-05,auto_accept,low_unc_low_risk
ISIC_0027941,nv,nv,0.010840308,0.00016730062,auto_accept,low_unc_low_risk
ISIC_0034247,nv,nv,0.6277035,0.014081297,escalate,high_unc_low_risk
ISIC_0029782,nv,nv,0.006545204,0.0003485491,auto_accept,low_unc_low_risk
ISIC_0027153,nv,nv,0.0023501513,5.487954e-05,auto_accept,low_unc_low_risk
ISIC_0028019,nv,nv,0.0011982736,3.770521e-05,auto_accept,low_unc_low_risk
ISIC_0025100,nv,nv,0.015102721,0.0015201834,auto_accept,low_unc_low_risk
ISIC_0025447,nv,nv,0.02631588,0.0016961851,auto_accept,low_unc_low_risk
ISIC_0032080,nv,nv,0.032376397,0.008789297,auto_accept,low_unc_low_risk
ISIC_0033121,nv,nv,0.18612215,0.044128478,auto_accept,low_unc_low_risk
ISIC_0026168,nv,nv,0.07387872,0.00025045266,auto_accept,low_unc_low_risk
ISIC_0032957,nv,nv,0.11886837,0.0019429225,auto_accept,low_unc_low_risk
ISIC_0025506,nv,nv,0.14977881,0.004513654,auto_accept,low_unc_low_risk
ISIC_0032506,nv,nv,0.015650563,0.022637622,auto_accept,low_unc_low_risk
ISIC_0027227,nv,nv,0.031798843,0.0039845384,auto_accept,low_unc_low_risk
ISIC_0028483,nv,nv,0.0052075987,0.00113745,auto_accept,low_unc_low_risk
ISIC_0027719,akiec,akiec,0.105146244,0.96446145,auto_accept,low_unc_low_risk
ISIC_0029347,nv,nv,0.0028293098,0.00029709103,auto_accept,low_unc_low_risk
ISIC_0024617,nv,nv,0.16282278,0.022428539,auto_accept,low_unc_low_risk
ISIC_0024976,nv,nv,0.11560904,2.8732396e-05,auto_accept,low_unc_low_risk
ISIC_0028049,nv,nv,0.004852645,0.0004620886,auto_accept,low_unc_low_risk
ISIC_0031867,nv,mel,0.6393313,0.63132656,escalate,high_unc_low_risk
ISIC_0024434,nv,nv,0.01481565,0.00017711156,auto_accept,low_unc_low_risk
ISIC_0028298,nv,nv,0.009824329,7.3426956e-05,auto_accept,low_unc_low_risk
ISIC_0033927,nv,nv,0.006625039,0.0010520141,auto_accept,low_unc_low_risk
ISIC_0031422,nv,bkl,0.06736615,0.002689595,auto_accept,low_unc_low_risk
ISIC_0024405,nv,nv,0.03257706,0.00080091244,auto_accept,low_unc_low_risk
ISIC_0031156,nv,nv,0.0012985857,6.7763945e-06,auto_accept,low_unc_low_risk
ISIC_0031415,nv,nv,0.03531504,0.00064936705,auto_accept,low_unc_low_risk
ISIC_0032362,nv,nv,0.06664223,0.00029040218,auto_accept,low_unc_low_risk
ISIC_0027879,nv,nv,0.032523196,0.0014083788,auto_accept,low_unc_low_risk
ISIC_0026834,nv,nv,0.023863774,0.002931846,auto_accept,low_unc_low_risk
ISIC_0028673,nv,nv,0.21745029,0.0030817331,auto_accept,low_unc_low_risk
ISIC_0032785,nv,nv,0.010415644,1.6250906e-05,auto_accept,low_unc_low_risk
ISIC_0031742,nv,nv,0.31884757,0.08425114,auto_accept,low_unc_low_risk
ISIC_0032678,nv,nv,0.048771825,8.644051e-06,auto_accept,low_unc_low_risk
ISIC_0031925,bcc,bcc,0.433919,0.75007784,auto_accept,low_unc_low_risk
ISIC_0029967,df,df,0.00076935004,0.0007794589,auto_accept,low_unc_low_risk
ISIC_0027742,mel,nv,0.4606721,0.16467603,auto_accept,low_unc_low_risk
ISIC_0030421,nv,nv,0.006678477,0.00013361785,auto_accept,low_unc_low_risk
ISIC_0030461,nv,nv,0.019643208,0.000517117,auto_accept,low_unc_low_risk
ISIC_0028028,nv,nv,0.0029429377,7.293324e-05,auto_accept,low_unc_low_risk
ISIC_0031180,nv,nv,0.65960425,0.034223635,escalate,high_unc_low_risk
ISIC_0026551,nv,nv,0.15505192,0.030962221,auto_accept,low_unc_low_risk
ISIC_0034020,nv,nv,0.64998555,0.31594208,escalate,high_unc_low_risk
ISIC_0031829,nv,nv,0.3873787,0.055049203,auto_accept,low_unc_low_risk
ISIC_0026999,nv,nv,0.03226665,0.002184206,auto_accept,low_unc_low_risk
ISIC_0031033,nv,nv,0.066055104,0.0005346877,auto_accept,low_unc_low_risk
ISIC_0027011,nv,nv,0.008030004,0.0005812315,auto_accept,low_unc_low_risk
ISIC_0028597,nv,nv,0.24710917,0.00055837637,auto_accept,low_unc_low_risk
ISIC_0028012,nv,nv,0.060383152,0.017500587,auto_accept,low_unc_low_risk
ISIC_0032324,nv,nv,0.59227854,0.28301543,escalate,high_unc_low_risk
ISIC_0029289,bkl,nv,0.016262386,0.00010460341,auto_accept,low_unc_low_risk
ISIC_0026864,nv,nv,0.007705076,0.00028302832,auto_accept,low_unc_low_risk
ISIC_0025952,nv,nv,0.011900418,0.00015199084,auto_accept,low_unc_low_risk
ISIC_0026095,nv,nv,0.023647677,0.0003459395,auto_accept,low_unc_low_risk
ISIC_0025618,nv,nv,0.0042714747,2.3982493e-06,auto_accept,low_unc_low_risk
ISIC_0026187,nv,nv,0.06970928,0.00013643489,auto_accept,low_unc_low_risk
ISIC_0028604,nv,nv,0.00042511555,3.1242314e-06,auto_accept,low_unc_low_risk
ISIC_0029936,nv,nv,0.032532543,0.0005835885,auto_accept,low_unc_low_risk
ISIC_0029167,nv,nv,0.030556407,0.00012724234,auto_accept,low_unc_low_risk
ISIC_0031656,nv,nv,0.008242014,0.0004376522,auto_accept,low_unc_low_risk
ISIC_0031419,nv,nv,0.17911385,0.03628892,auto_accept,low_unc_low_risk
ISIC_0030386,nv,nv,0.011683735,0.0015348347,auto_accept,low_unc_low_risk
ISIC_0027381,nv,nv,0.034779623,2.9910456e-05,auto_accept,low_unc_low_risk
ISIC_0024340,nv,nv,0.0078100846,1.4170819e-06,auto_accept,low_unc_low_risk
ISIC_0025280,nv,nv,0.02109721,0.00023886238,auto_accept,low_unc_low_risk
ISIC_0030023,nv,nv,0.019365516,0.00020246777,auto_accept,low_unc_low_risk
ISIC_0032380,nv,nv,0.0074412576,0.00044552112,auto_accept,low_unc_low_risk
ISIC_0033810,df,df,0.0005912528,0.00044375198,auto_accept,low_unc_low_risk
ISIC_0031639,bkl,bkl,0.4036096,0.044734698,auto_accept,low_unc_low_risk
ISIC_0027132,nv,nv,0.000103884835,1.0481865e-06,auto_accept,low_unc_low_risk
ISIC_0028339,nv,nv,0.02316095,0.00044818426,auto_accept,low_unc_low_risk
ISIC_0033628,nv,nv,0.017412053,0.0011437028,auto_accept,low_unc_low_risk
ISIC_0030118,bkl,bkl,0.22190611,0.00029306114,auto_accept,low_unc_low_risk
ISIC_0028047,nv,nv,0.007245581,9.249148e-05,auto_accept,low_unc_low_risk
ISIC_0025028,nv,nv,0.18571056,0.003615563,auto_accept,low_unc_low_risk
ISIC_0030301,nv,nv,0.000201708,5.9919586e-07,auto_accept,low_unc_low_risk
ISIC_0026434,nv,nv,0.0027274704,0.00027665388,auto_accept,low_unc_low_risk
ISIC_0029706,nv,nv,0.0180781,0.00015649828,auto_accept,low_unc_low_risk
ISIC_0032059,nv,nv,0.06907861,0.00085138786,auto_accept,low_unc_low_risk
ISIC_0028603,nv,nv,0.03576634,0.00033400653,auto_accept,low_unc_low_risk
ISIC_0030098,nv,nv,0.013070238,0.00042122058,auto_accept,low_unc_low_risk
ISIC_0032273,nv,nv,0.06409857,0.012745321,auto_accept,low_unc_low_risk
ISIC_0028102,nv,nv,0.0019007813,5.4810447e-05,auto_accept,low_unc_low_risk
ISIC_0024325,nv,nv,0.009514985,0.00023593033,auto_accept,low_unc_low_risk
ISIC_0024876,nv,nv,0.02997075,0.0019729806,auto_accept,low_unc_low_risk
ISIC_0026175,nv,nv,0.2499203,8.540138e-05,auto_accept,low_unc_low_risk
ISIC_0026816,nv,nv,0.053213384,0.0006943438,auto_accept,low_unc_low_risk
ISIC_0030455,nv,nv,0.03365654,0.0010129942,auto_accept,low_unc_low_risk
ISIC_0028934,nv,nv,0.025565414,0.00014668185,auto_accept,low_unc_low_risk
ISIC_0027278,nv,nv,0.024296353,0.00016540008,auto_accept,low_unc_low_risk
ISIC_0024750,nv,nv,0.004572485,0.00015564005,auto_accept,low_unc_low_risk
ISIC_0032434,nv,nv,0.016613087,0.0002553816,auto_accept,low_unc_low_risk
ISIC_0027689,nv,nv,0.012314461,5.878519e-05,auto_accept,low_unc_low_risk
ISIC_0026005,nv,nv,0.0038352355,0.00012405383,auto_accept,low_unc_low_risk
ISIC_0025648,nv,nv,0.010062576,0.00030954272,auto_accept,low_unc_low_risk
ISIC_0027809,nv,nv,0.004736026,2.20466e-05,auto_accept,low_unc_low_risk
ISIC_0027733,nv,nv,0.009564404,0.00014815683,auto_accept,low_unc_low_risk
ISIC_0025315,nv,nv,0.039866943,0.013938168,auto_accept,low_unc_low_risk
ISIC_0026384,nv,nv,0.5120929,0.13452798,auto_accept,low_unc_low_risk
ISIC_0029590,nv,nv,0.010949096,2.2626647e-05,auto_accept,low_unc_low_risk
ISIC_0025187,nv,nv,0.096816845,0.0021010742,auto_accept,low_unc_low_risk
ISIC_0027313,nv,nv,0.024444327,0.00170368,auto_accept,low_unc_low_risk
ISIC_0027453,nv,nv,0.29183283,0.08563316,auto_accept,low_unc_low_risk
ISIC_0029999,nv,nv,0.06421866,0.00016557744,auto_accept,low_unc_low_risk
ISIC_0031512,nv,nv,0.0061675366,0.00025597884,auto_accept,low_unc_low_risk
ISIC_0031200,bkl,bkl,0.0661633,0.00017664488,auto_accept,low_unc_low_risk
ISIC_0032584,nv,nv,0.039306097,1.9772293e-05,auto_accept,low_unc_low_risk
ISIC_0031402,nv,nv,0.030099023,0.00365438,auto_accept,low_unc_low_risk
ISIC_0030733,nv,nv,0.21032754,0.001597469,auto_accept,low_unc_low_risk
ISIC_0030637,nv,nv,0.04196049,5.9621987e-05,auto_accept,low_unc_low_risk
ISIC_0030927,nv,nv,0.00082738965,4.2175965e-05,auto_accept,low_unc_low_risk
ISIC_0026053,nv,mel,0.19238076,0.93103534,auto_accept,low_unc_low_risk
ISIC_0032489,nv,nv,0.2785351,0.11536182,auto_accept,low_unc_low_risk
ISIC_0029669,bcc,bcc,0.116205424,0.96044654,auto_accept,low_unc_low_risk
ISIC_0024558,nv,nv,0.002409726,1.8089682e-05,auto_accept,low_unc_low_risk
ISIC_0029690,nv,nv,0.018453784,0.0014641464,auto_accept,low_unc_low_risk
ISIC_0030340,nv,nv,0.055559818,0.004458468,auto_accept,low_unc_low_risk
ISIC_0031024,bkl,bkl,0.09554094,0.0013189468,auto_accept,low_unc_low_risk
ISIC_0031529,mel,nv,0.04860543,0.00814561,auto_accept,low_unc_low_risk
ISIC_0033904,nv,nv,0.019104173,0.00013065239,auto_accept,low_unc_low_risk
ISIC_0029237,nv,nv,0.0007529657,3.927855e-05,auto_accept,low_unc_low_risk
ISIC_0028754,nv,nv,0.048372675,0.010775805,auto_accept,low_unc_low_risk
ISIC_0031162,nv,nv,0.0014306125,5.2990214e-05,auto_accept,low_unc_low_risk
ISIC_0026370,nv,nv,0.008723621,0.0009610133,auto_accept,low_unc_low_risk
ISIC_0030131,nv,nv,0.040997367,0.000558714,auto_accept,low_unc_low_risk
ISIC_0034228,nv,nv,0.0045507094,4.495028e-05,auto_accept,low_unc_low_risk
ISIC_0026378,bkl,bkl,0.22019781,0.08344096,auto_accept,low_unc_low_risk
ISIC_0029449,nv,nv,0.06669488,0.00010278172,auto_accept,low_unc_low_risk
ISIC_0027732,nv,nv,0.03567289,0.0017627598,auto_accept,low_unc_low_risk
ISIC_0027575,nv,nv,0.25986022,5.7116144e-05,auto_accept,low_unc_low_risk
ISIC_0024357,nv,nv,0.14026678,0.0032189498,auto_accept,low_unc_low_risk
ISIC_0031250,nv,nv,0.005264506,0.000299447,auto_accept,low_unc_low_risk
ISIC_0025721,nv,nv,0.0051861783,0.00077436905,auto_accept,low_unc_low_risk
ISIC_0029125,nv,nv,0.3932831,0.0040988056,auto_accept,low_unc_low_risk
ISIC_0027886,nv,nv,0.016694358,0.0005436077,auto_accept,low_unc_low_risk
ISIC_0030650,nv,nv,0.05765125,0.0043885033,auto_accept,low_unc_low_risk
ISIC_0025215,nv,nv,0.0020541716,5.5093427e-05,auto_accept,low_unc_low_risk
ISIC_0029244,nv,nv,0.0038737964,0.000117495154,auto_accept,low_unc_low_risk
ISIC_0024995,nv,nv,0.6219417,0.0030708895,escalate,high_unc_low_risk
ISIC_0029850,nv,nv,0.025946142,0.0008172808,auto_accept,low_unc_low_risk
ISIC_0032933,nv,nv,0.21025288,0.0030459214,auto_accept,low_unc_low_risk
ISIC_0027585,nv,nv,0.04764308,0.0009842841,auto_accept,low_unc_low_risk
ISIC_0024414,nv,nv,0.02227056,0.0012141452,auto_accept,low_unc_low_risk
ISIC_0028594,nv,nv,0.08828747,0.0027886292,auto_accept,low_unc_low_risk
ISIC_0029386,nv,nv,0.0036140261,5.438103e-05,auto_accept,low_unc_low_risk
ISIC_0030688,nv,nv,0.08224386,0.006153359,auto_accept,low_unc_low_risk
ISIC_0028390,nv,nv,0.1542363,0.073114626,auto_accept,low_unc_low_risk
ISIC_0025931,nv,nv,0.08286934,0.015367081,auto_accept,low_unc_low_risk
ISIC_0032712,nv,nv,0.06181278,0.0073361318,auto_accept,low_unc_low_risk
ISIC_0028196,nv,nv,0.0027318022,0.00024587344,auto_accept,low_unc_low_risk
ISIC_0033584,nv,nv,0.14488919,0.022714878,auto_accept,low_unc_low_risk
ISIC_0028950,nv,nv,0.0049534016,0.00011863379,auto_accept,low_unc_low_risk
ISIC_0032802,nv,nv,0.0015727975,5.710449e-05,auto_accept,low_unc_low_risk
ISIC_0028348,nv,nv,0.06803992,0.00014759281,auto_accept,low_unc_low_risk
ISIC_0025453,nv,nv,0.16190112,8.350934e-05,auto_accept,low_unc_low_risk
ISIC_0034015,bcc,bkl,0.1040555,0.021862669,auto_accept,low_unc_low_risk
ISIC_0026269,nv,nv,0.05239767,0.0031594066,auto_accept,low_unc_low_risk
ISIC_0028161,nv,nv,0.033834204,8.313971e-05,auto_accept,low_unc_low_risk
ISIC_0024709,bkl,df,0.5797817,0.0010739088,escalate,high_unc_low_risk
ISIC_0029617,bkl,nv,0.054505993,0.00044883453,auto_accept,low_unc_low_risk
ISIC_0027992,nv,nv,0.40607738,0.00022438,auto_accept,low_unc_low_risk
ISIC_0026359,nv,mel,0.6490515,0.7512016,escalate,high_unc_low_risk
ISIC_0030911,nv,nv,0.04262322,0.00016210129,auto_accept,low_unc_low_risk
ISIC_0025619,nv,nv,0.14668351,0.0014908974,auto_accept,low_unc_low_risk
ISIC_0029595,nv,nv,0.021617837,0.00338433,auto_accept,low_unc_low_risk
ISIC_0033843,mel,mel,0.026816482,0.9926091,auto_accept,low_unc_low_risk
ISIC_0025544,nv,nv,0.0871669,7.1652266e-07,auto_accept,low_unc_low_risk
ISIC_0033778,bkl,nv,0.6251957,0.00028270765,escalate,high_unc_low_risk
ISIC_0034069,nv,nv,0.94843256,0.2954822,escalate,high_unc_low_risk
ISIC_0030486,mel,mel,0.1949975,0.96159977,auto_accept,low_unc_low_risk
ISIC_0032005,nv,nv,0.05423511,0.0050267945,auto_accept,low_unc_low_risk
ISIC_0025321,vasc,vasc,0.041064195,0.00061829813,auto_accept,low_unc_low_risk
ISIC_0033040,nv,nv,0.030348476,0.000475277,auto_accept,low_unc_low_risk
ISIC_0032319,nv,nv,0.019748427,0.0025645762,auto_accept,low_unc_low_risk
ISIC_0033585,nv,bkl,0.42492896,9.757709e-06,auto_accept,low_unc_low_risk
ISIC_0034168,bkl,bkl,0.6102223,6.682107e-05,escalate,high_unc_low_risk
ISIC_0031558,bkl,nv,0.6892512,0.0039262753,escalate,high_unc_low_risk
ISIC_0029675,nv,nv,0.0056986697,0.0004993325,auto_accept,low_unc_low_risk
ISIC_0028655,mel,mel,0.16508356,0.96198046,auto_accept,low_unc_low_risk
ISIC_0033878,mel,mel,0.081462465,0.9857076,auto_accept,low_unc_low_risk
ISIC_0032176,nv,bkl,1.0619372,0.07762705,escalate,high_unc_low_risk
ISIC_0027817,nv,nv,0.00403775,1.0379851e-05,auto_accept,low_unc_low_risk
ISIC_0033946,mel,mel,0.0015491724,0.9993092,escalate,low_unc_high_risk
ISIC_0033839,nv,nv,0.026359318,0.0014333827,auto_accept,low_unc_low_risk
ISIC_0026328,nv,nv,0.07111745,0.011598051,auto_accept,low_unc_low_risk
ISIC_0025258,nv,nv,0.029311154,0.00013760674,auto_accept,low_unc_low_risk
ISIC_0028982,nv,nv,0.30083284,0.035224423,auto_accept,low_unc_low_risk
ISIC_0032469,nv,nv,0.0046404344,0.000187311,auto_accept,low_unc_low_risk
ISIC_0025658,nv,nv,0.010214039,0.0007626732,auto_accept,low_unc_low_risk
ISIC_0028154,nv,nv,0.6553062,8.41938e-05,escalate,high_unc_low_risk
ISIC_0032407,nv,nv,0.0020371974,0.00010659443,auto_accept,low_unc_low_risk
ISIC_0032909,nv,bkl,0.5402119,0.00027033998,auto_accept,low_unc_low_risk
ISIC_0029189,nv,nv,0.2353478,0.07653274,auto_accept,low_unc_low_risk
ISIC_0028147,bcc,bcc,0.05506642,0.98991793,auto_accept,low_unc_low_risk
ISIC_0030279,nv,nv,0.053639323,0.0034802016,auto_accept,low_unc_low_risk
ISIC_0025416,nv,nv,0.0022969602,4.357118e-05,auto_accept,low_unc_low_risk
ISIC_0030556,nv,nv,0.064466335,0.00437194,auto_accept,low_unc_low_risk
ISIC_0029111,nv,nv,0.14158721,7.545515e-05,auto_accept,low_unc_low_risk
ISIC_0032457,nv,nv,0.029049072,0.0002919317,auto_accept,low_unc_low_risk
ISIC_0031889,nv,nv,0.07599445,0.016065212,auto_accept,low_unc_low_risk
ISIC_0032980,nv,nv,0.012360724,0.0012219184,auto_accept,low_unc_low_risk
ISIC_0025205,nv,nv,0.056560904,5.177009e-06,auto_accept,low_unc_low_risk
ISIC_0032167,nv,nv,0.03865511,0.00047081345,auto_accept,low_unc_low_risk
ISIC_0029678,bkl,nv,0.85775083,0.47000566,escalate,high_unc_low_risk
ISIC_0028443,nv,nv,0.029253405,9.943549e-06,auto_accept,low_unc_low_risk
ISIC_0031357,nv,nv,0.002050591,7.508872e-05,auto_accept,low_unc_low_risk
ISIC_0027665,vasc,vasc,0.6893306,0.0040761693,escalate,high_unc_low_risk
ISIC_0032883,bkl,bkl,0.0497602,0.1291145,auto_accept,low_unc_low_risk
ISIC_0032612,nv,nv,0.4414695,0.14336696,auto_accept,low_unc_low_risk
ISIC_0028068,nv,nv,0.029712291,4.7713675e-05,auto_accept,low_unc_low_risk
ISIC_0028141,nv,nv,0.39125332,0.10385878,auto_accept,low_unc_low_risk
ISIC_0030228,nv,nv,0.008372781,0.0007374149,auto_accept,low_unc_low_risk
ISIC_0032384,bcc,bcc,0.2957286,0.94719684,auto_accept,low_unc_low_risk
ISIC_0028943,bkl,bkl,0.08769805,0.08715629,auto_accept,low_unc_low_risk
ISIC_0025912,nv,nv,0.3967575,0.000721241,auto_accept,low_unc_low_risk
ISIC_0026284,nv,nv,3.3342487e-05,2.231392e-07,auto_accept,low_unc_low_risk
ISIC_0024751,nv,nv,0.0019434463,0.00010747278,auto_accept,low_unc_low_risk
ISIC_0024601,nv,nv,0.034183543,0.007167212,auto_accept,low_unc_low_risk
ISIC_0029078,nv,nv,0.38488582,0.001093572,auto_accept,low_unc_low_risk
ISIC_0024379,nv,nv,0.011092781,3.546985e-07,auto_accept,low_unc_low_risk
ISIC_0025210,nv,nv,0.017085887,0.0022444287,auto_accept,low_unc_low_risk
ISIC_0033407,nv,nv,0.021779396,0.0011292128,auto_accept,low_unc_low_risk
ISIC_0030325,nv,nv,0.14632086,0.0011617475,auto_accept,low_unc_low_risk
ISIC_0027304,nv,nv,0.06588192,0.014378261,auto_accept,low_unc_low_risk
ISIC_0033929,nv,nv,0.050965663,0.0039103967,auto_accept,low_unc_low_risk
ISIC_0031828,nv,nv,0.10242369,0.020585759,auto_accept,low_unc_low_risk
ISIC_0027977,nv,nv,0.011791247,6.670952e-05,auto_accept,low_unc_low_risk
ISIC_0026477,bkl,nv,0.0010200092,7.1376858e-06,auto_accept,low_unc_low_risk
ISIC_0025662,nv,nv,0.0002348443,1.790149e-05,auto_accept,low_unc_low_risk
ISIC_0026108,nv,nv,0.018002905,0.0021193752,auto_accept,low_unc_low_risk
ISIC_0034217,nv,nv,0.07238679,0.009997725,auto_accept,low_unc_low_risk
ISIC_0026046,bkl,bkl,0.15200402,0.00019677822,auto_accept,low_unc_low_risk
ISIC_0026757,nv,nv,0.0120789595,0.000395499,auto_accept,low_unc_low_risk
ISIC_0030577,nv,nv,0.0028749723,2.8529013e-05,auto_accept,low_unc_low_risk
ISIC_0026979,nv,nv,0.009377077,5.580472e-05,auto_accept,low_unc_low_risk
ISIC_0025761,nv,nv,0.012576498,0.00086235546,auto_accept,low_unc_low_risk
ISIC_0033600,nv,nv,0.048656747,0.0003263384,auto_accept,low_unc_low_risk
ISIC_0028407,nv,nv,0.023082972,0.0001757047,auto_accept,low_unc_low_risk
ISIC_0031787,nv,nv,0.046500575,5.8390942e-06,auto_accept,low_unc_low_risk
ISIC_0026012,nv,nv,0.4196611,0.01897953,auto_accept,low_unc_low_risk
ISIC_0029281,mel,nv,0.73428756,0.02524828,escalate,high_unc_low_risk
ISIC_0028540,nv,nv,0.0067096474,9.220352e-05,auto_accept,low_unc_low_risk
ISIC_0027322,nv,nv,0.06262056,0.002362599,auto_accept,low_unc_low_risk
ISIC_0029526,nv,nv,0.0020422456,3.82665e-05,auto_accept,low_unc_low_risk
ISIC_0027036,nv,mel,1.083905,0.44737777,escalate,high_unc_low_risk
ISIC_0033868,bkl,nv,0.10524634,4.687669e-05,auto_accept,low_unc_low_risk
ISIC_0027075,nv,nv,0.0792839,3.634e-05,auto_accept,low_unc_low_risk
ISIC_0028410,mel,mel,0.7333732,0.6257058,escalate,high_unc_low_risk
ISIC_0025993,nv,nv,0.16749696,0.044624645,auto_accept,low_unc_low_risk
ISIC_0030878,nv,nv,0.011516894,0.00036461226,auto_accept,low_unc_low_risk
ISIC_0026433,bcc,bcc,0.1925015,0.9719216,auto_accept,low_unc_low_risk
ISIC_0034148,nv,nv,0.1318592,0.00026026907,auto_accept,low_unc_low_risk
ISIC_0030509,nv,nv,0.006551232,4.1727013e-05,auto_accept,low_unc_low_risk
ISIC_0033749,vasc,vasc,0.0038070495,0.0021065841,auto_accept,low_unc_low_risk
ISIC_0029783,df,nv,0.8918722,0.016888132,escalate,high_unc_low_risk
ISIC_0033767,nv,nv,0.059609782,0.0014082626,auto_accept,low_unc_low_risk
ISIC_0025742,nv,nv,0.004039233,0.000994386,auto_accept,low_unc_low_risk
ISIC_0030889,nv,nv,0.0016896226,2.177023e-05,auto_accept,low_unc_low_risk
ISIC_0033195,bkl,bkl,0.0136126205,7.598305e-05,auto_accept,low_unc_low_risk
ISIC_0026205,bkl,bkl,0.46746445,0.0002724116,auto_accept,low_unc_low_risk
ISIC_0027511,nv,nv,0.0062989797,1.9655112e-05,auto_accept,low_unc_low_risk
ISIC_0030032,mel,mel,0.40812942,0.8539429,auto_accept,low_unc_low_risk
ISIC_0032011,nv,nv,0.012057517,9.401007e-05,auto_accept,low_unc_low_risk
ISIC_0026619,nv,nv,0.1043285,0.0002931145,auto_accept,low_unc_low_risk
ISIC_0034029,nv,nv,0.55967605,0.22470549,auto_accept,low_unc_low_risk
ISIC_0025759,nv,nv,0.18519044,0.0010126275,auto_accept,low_unc_low_risk
ISIC_0030480,nv,nv,0.0018264009,2.2458644e-05,auto_accept,low_unc_low_risk
ISIC_0032686,nv,nv,0.014534758,0.0017691473,auto_accept,low_unc_low_risk
ISIC_0025828,nv,nv,0.011890288,0.00069338,auto_accept,low_unc_low_risk
ISIC_0030527,nv,nv,0.0014248547,8.5576985e-06,auto_accept,low_unc_low_risk
ISIC_0028169,nv,nv,0.014105511,0.0014379827,auto_accept,low_unc_low_risk
ISIC_0025168,nv,mel,0.7076973,0.55445033,escalate,high_unc_low_risk
ISIC_0028053,nv,nv,0.2263532,0.0003268895,auto_accept,low_unc_low_risk
ISIC_0033792,nv,nv,0.0032256707,0.00011310294,auto_accept,low_unc_low_risk
ISIC_0028093,nv,nv,5.8518894e-05,1.3490012e-06,auto_accept,low_unc_low_risk
ISIC_0024460,nv,nv,0.004181655,9.997569e-05,auto_accept,low_unc_low_risk
ISIC_0025231,nv,mel,0.05370517,0.9785417,auto_accept,low_unc_low_risk
ISIC_0032901,nv,nv,0.1694656,0.032417707,auto_accept,low_unc_low_risk
ISIC_0026298,bkl,bkl,0.2930439,0.2906655,auto_accept,low_unc_low_risk
ISIC_0034131,nv,nv,0.20342346,0.02106624,auto_accept,low_unc_low_risk
ISIC_0024535,nv,nv,0.0013918206,0.00014408912,auto_accept,low_unc_low_risk
ISIC_0031731,nv,nv,8.794695e-05,2.4957687e-06,auto_accept,low_unc_low_risk
ISIC_0028392,nv,nv,0.009792366,6.7596775e-06,auto_accept,low_unc_low_risk
ISIC_0027202,bkl,bkl,0.3229528,0.0027833378,auto_accept,low_unc_low_risk
ISIC_0027696,nv,nv,0.023706928,0.0018660501,auto_accept,low_unc_low_risk
ISIC_0028734,nv,nv,0.3162099,0.1416086,auto_accept,low_unc_low_risk
ISIC_0029695,nv,nv,0.0070327725,6.0861195e-05,auto_accept,low_unc_low_risk
ISIC_0028641,nv,nv,0.0036630582,1.357613e-05,auto_accept,low_unc_low_risk
ISIC_0028905,nv,nv,0.44134668,0.11328143,auto_accept,low_unc_low_risk
ISIC_0028383,nv,nv,0.0010042489,8.047088e-06,auto_accept,low_unc_low_risk
ISIC_0032330,bkl,bkl,0.0043338863,5.5356955e-05,auto_accept,low_unc_low_risk
ISIC_0025122,nv,nv,0.003428581,1.2508136e-05,auto_accept,low_unc_low_risk
ISIC_0027025,bkl,bkl,0.40564016,0.0054638744,auto_accept,low_unc_low_risk
ISIC_0033648,nv,nv,0.047757223,0.0039349156,auto_accept,low_unc_low_risk
ISIC_0025306,nv,nv,0.011827073,0.0016938283,auto_accept,low_unc_low_risk
ISIC_0034178,nv,nv,0.4083632,0.10842897,auto_accept,low_unc_low_risk
ISIC_0031089,nv,nv,0.0029093304,0.00026534993,auto_accept,low_unc_low_risk
ISIC_0026859,nv,nv,0.0061241146,3.450354e-05,auto_accept,low_unc_low_risk
ISIC_0030593,nv,nv,0.16024916,0.03357023,auto_accept,low_unc_low_risk
ISIC_0025347,nv,nv,4.193664e-05,1.5533171e-06,auto_accept,low_unc_low_risk
ISIC_0025889,nv,nv,0.002099709,2.804505e-06,auto_accept,low_unc_low_risk
ISIC_0032488,nv,nv,0.013552509,2.855054e-05,auto_accept,low_unc_low_risk
ISIC_0025807,vasc,vasc,0.04206779,0.00815864,auto_accept,low_unc_low_risk
ISIC_0026220,nv,nv,0.0063436106,8.1755206e-05,auto_accept,low_unc_low_risk
ISIC_0025443,nv,nv,0.7013859,0.20310028,escalate,high_unc_low_risk
ISIC_0028893,nv,nv,0.03127783,0.00042287656,auto_accept,low_unc_low_risk
ISIC_0029517,nv,nv,0.015001191,0.00028423165,auto_accept,low_unc_low_risk
ISIC_0029426,nv,nv,0.015092372,2.8535516e-05,auto_accept,low_unc_low_risk
ISIC_0030468,nv,nv,9.8959965e-05,3.0151189e-06,auto_accept,low_unc_low_risk
ISIC_0027789,nv,nv,0.120593175,0.00013019635,auto_accept,low_unc_low_risk
ISIC_0034243,mel,mel,0.108175725,0.97313833,auto_accept,low_unc_low_risk
ISIC_0029017,mel,nv,0.047409,0.0015499798,auto_accept,low_unc_low_risk
ISIC_0030134,mel,mel,0.41042328,0.76435953,auto_accept,low_unc_low_risk
ISIC_0028646,bkl,bkl,0.35153544,0.0010054532,auto_accept,low_unc_low_risk
ISIC_0032279,nv,nv,0.0019402762,7.349981e-05,auto_accept,low_unc_low_risk
ISIC_0028449,bkl,bkl,0.003450616,0.0050905985,auto_accept,low_unc_low_risk
ISIC_0025610,nv,nv,0.006271754,0.0011412182,auto_accept,low_unc_low_risk
ISIC_0031673,nv,nv,0.0050682416,4.7020225e-05,auto_accept,low_unc_low_risk
ISIC_0028007,nv,nv,0.02707683,0.00025411838,auto_accept,low_unc_low_risk
ISIC_0025327,nv,nv,0.035292417,0.0013463463,auto_accept,low_unc_low_risk
ISIC_0030289,nv,nv,5.4477925e-05,5.75313e-07,auto_accept,low_unc_low_risk
ISIC_0033461,nv,nv,0.050827116,0.0006057417,auto_accept,low_unc_low_risk
ISIC_0028168,bcc,bcc,0.19486564,0.9943423,auto_accept,low_unc_low_risk
ISIC_0030198,nv,mel,0.58018416,0.7453147,escalate,high_unc_low_risk
ISIC_0033031,vasc,vasc,0.0066517526,0.00059869624,auto_accept,low_unc_low_risk
ISIC_0029079,nv,nv,0.0661944,0.0042341985,auto_accept,low_unc_low_risk
ISIC_0025999,nv,nv,0.010043805,5.5652676e-05,auto_accept,low_unc_low_risk
ISIC_0032741,bcc,bcc,0.036752615,0.959288,auto_accept,low_unc_low_risk
ISIC_0031772,nv,nv,0.0036470152,1.8858813e-05,auto_accept,low_unc_low_risk
ISIC_0026127,nv,nv,0.017081108,0.00028645122,auto_accept,low_unc_low_risk
ISIC_0032714,nv,nv,0.18658566,0.0004306293,auto_accept,low_unc_low_risk
ISIC_0030559,nv,nv,0.19591632,0.00023048122,auto_accept,low_unc_low_risk
ISIC_0030679,nv,nv,0.18912983,3.3173677e-05,auto_accept,low_unc_low_risk
ISIC_0024759,nv,nv,0.00025570966,2.1843613e-07,auto_accept,low_unc_low_risk
ISIC_0029703,nv,nv,0.035779864,0.0048829494,auto_accept,low_unc_low_risk
ISIC_0029772,nv,nv,0.0002868112,2.436913e-06,auto_accept,low_unc_low_risk
ISIC_0030851,nv,nv,0.020466076,0.0010131524,auto_accept,low_unc_low_risk
ISIC_0030006,nv,nv,0.015947325,0.00017011019,auto_accept,low_unc_low_risk
ISIC_0032334,nv,mel,0.6890936,0.6056168,escalate,high_unc_low_risk
ISIC_0031267,nv,nv,0.0066554057,0.00010860893,auto_accept,low_unc_low_risk
ISIC_0030740,nv,mel,0.38959175,0.87853235,auto_accept,low_unc_low_risk
ISIC_0027854,nv,nv,0.12705952,0.0001475371,auto_accept,low_unc_low_risk
ISIC_0029335,nv,nv,0.122201525,0.004049812,auto_accept,low_unc_low_risk
ISIC_0029668,nv,nv,0.0046748826,8.806788e-05,auto_accept,low_unc_low_risk
ISIC_0028246,nv,nv,0.026050191,8.816854e-05,auto_accept,low_unc_low_risk
ISIC_0027176,nv,nv,0.0069630486,1.489228e-05,auto_accept,low_unc_low_risk
ISIC_0025518,nv,nv,0.014858204,0.0016410522,auto_accept,low_unc_low_risk
ISIC_0031933,nv,mel,0.16333184,0.95119894,auto_accept,low_unc_low_risk
ISIC_0029761,nv,nv,0.023773646,0.0011891972,auto_accept,low_unc_low_risk
ISIC_0026720,akiec,akiec,0.029296339,0.9975305,auto_accept,low_unc_low_risk
ISIC_0029866,nv,nv,0.002743053,0.0001418638,auto_accept,low_unc_low_risk
ISIC_0027565,nv,nv,0.0027121378,0.0001043816,auto_accept,low_unc_low_risk
ISIC_0026922,nv,nv,0.42424905,0.00017003866,auto_accept,low_unc_low_risk
ISIC_0033021,nv,nv,0.07254629,0.013192034,auto_accept,low_unc_low_risk
ISIC_0029198,nv,nv,0.003041016,8.381082e-05,auto_accept,low_unc_low_risk
ISIC_0025090,nv,nv,0.20855868,0.044616897,auto_accept,low_unc_low_risk
ISIC_0031436,bkl,bkl,0.5389913,0.0004208393,auto_accept,low_unc_low_risk
ISIC_0026565,nv,nv,0.034681424,0.003102154,auto_accept,low_unc_low_risk
ISIC_0027413,nv,nv,0.0013223509,1.7497117e-05,auto_accept,low_unc_low_risk
ISIC_0028513,nv,nv,0.019802706,0.0006195679,auto_accept,low_unc_low_risk
ISIC_0027467,nv,nv,0.014171104,0.0031084334,auto_accept,low_unc_low_risk
ISIC_0029956,nv,nv,0.009462752,0.00042190775,auto_accept,low_unc_low_risk
ISIC_0034057,bkl,bkl,0.5482561,0.5165104,auto_accept,low_unc_low_risk
ISIC_0030990,nv,nv,0.6294556,0.4723723,escalate,high_unc_low_risk
ISIC_0025794,nv,nv,0.012863367,0.00020037292,auto_accept,low_unc_low_risk
ISIC_0033707,nv,nv,0.022663336,0.0010862853,auto_accept,low_unc_low_risk
ISIC_0030909,nv,nv,0.004856824,0.00015367636,auto_accept,low_unc_low_risk
ISIC_0025047,nv,nv,0.003503943,6.6593784e-05,auto_accept,low_unc_low_risk
ISIC_0024334,nv,nv,0.005522509,3.579597e-05,auto_accept,low_unc_low_risk
ISIC_0024577,nv,nv,0.07191882,0.0075713703,auto_accept,low_unc_low_risk
ISIC_0031501,nv,nv,0.338965,0.012760569,auto_accept,low_unc_low_risk
ISIC_0030772,nv,nv,0.009035297,0.00012124544,auto_accept,low_unc_low_risk
ISIC_0027843,nv,nv,0.1468566,0.0012495362,auto_accept,low_unc_low_risk
ISIC_0031086,nv,nv,0.00095923577,2.6941385e-05,auto_accept,low_unc_low_risk
ISIC_0031195,nv,nv,0.00567094,6.300883e-05,auto_accept,low_unc_low_risk
ISIC_0025124,nv,nv,0.019800832,0.00011532266,auto_accept,low_unc_low_risk
ISIC_0028722,nv,nv,0.035320763,0.0078007765,auto_accept,low_unc_low_risk
ISIC_0026661,bkl,bkl,0.033188984,0.00038497592,auto_accept,low_unc_low_risk
ISIC_0025230,nv,nv,0.004117922,8.905987e-05,auto_accept,low_unc_low_risk
ISIC_0029345,bkl,bkl,0.5416085,0.00018535896,auto_accept,low_unc_low_risk
ISIC_0026279,nv,nv,0.011932829,0.0007174867,auto_accept,low_unc_low_risk
ISIC_0024531,nv,nv,0.0005918772,3.3501742e-06,auto_accept,low_unc_low_risk
ISIC_0025460,nv,nv,0.0070901182,0.000121698686,auto_accept,low_unc_low_risk
ISIC_0030024,nv,nv,0.023797045,0.0005425918,auto_accept,low_unc_low_risk
ISIC_0033127,bkl,bkl,0.06258135,0.00542491,auto_accept,low_unc_low_risk
ISIC_0028185,nv,nv,0.0215421,0.0062536164,auto_accept,low_unc_low_risk
ISIC_0024944,nv,nv,0.015378838,0.0022640969,auto_accept,low_unc_low_risk
ISIC_0028441,nv,mel,0.5480593,0.76527745,auto_accept,low_unc_low_risk
ISIC_0032092,bcc,bcc,0.41348413,0.9673492,auto_accept,low_unc_low_risk
ISIC_0032087,nv,nv,0.0041043446,5.176938e-05,auto_accept,low_unc_low_risk
ISIC_0028618,nv,nv,0.01633265,0.0012974215,auto_accept,low_unc_low_risk
ISIC_0029621,nv,nv,0.059536237,0.019662809,auto_accept,low_unc_low_risk
ISIC_0026500,mel,mel,0.09784528,0.988772,auto_accept,low_unc_low_risk
ISIC_0030449,nv,nv,0.026029967,2.950499e-05,auto_accept,low_unc_low_risk
ISIC_0027545,bcc,bcc,0.22113389,0.86996293,auto_accept,low_unc_low_risk
ISIC_0027808,nv,nv,0.028357131,0.0014894465,auto_accept,low_unc_low_risk
ISIC_0030829,nv,nv,0.08736161,0.0013099388,auto_accept,low_unc_low_risk
ISIC_0033803,nv,vasc,0.04444884,0.12205801,auto_accept,low_unc_low_risk
ISIC_0031491,nv,nv,0.06848643,0.00090197864,auto_accept,low_unc_low_risk
ISIC_0024550,bcc,bcc,0.5109472,0.9972058,auto_accept,low_unc_low_risk
ISIC_0031966,nv,nv,0.09911939,0.014270526,auto_accept,low_unc_low_risk
ISIC_0030001,nv,nv,0.023091527,0.006550774,auto_accept,low_unc_low_risk
ISIC_0032944,nv,nv,0.010005018,2.8699616e-05,auto_accept,low_unc_low_risk
ISIC_0025041,nv,nv,0.041934174,0.0007047376,auto_accept,low_unc_low_risk
ISIC_0028378,nv,nv,0.052739803,0.0065955617,auto_accept,low_unc_low_risk
ISIC_0031448,nv,nv,0.0073212837,0.0009092743,auto_accept,low_unc_low_risk
ISIC_0030881,nv,nv,0.0022304333,0.00051486556,auto_accept,low_unc_low_risk
ISIC_0034319,nv,nv,0.34953764,0.15990737,auto_accept,low_unc_low_risk
ISIC_0026689,nv,nv,0.007903991,0.00031890944,auto_accept,low_unc_low_risk
ISIC_0030490,nv,nv,0.020811275,0.0024272674,auto_accept,low_unc_low_risk
ISIC_0028290,nv,nv,0.0001589713,1.2140818e-07,auto_accept,low_unc_low_risk
ISIC_0030489,nv,nv,0.005103445,3.1278505e-05,auto_accept,low_unc_low_risk
ISIC_0032739,nv,mel,0.15572305,0.9593807,auto_accept,low_unc_low_risk
ISIC_0025242,nv,nv,0.06985442,0.008974651,auto_accept,low_unc_low_risk
ISIC_0030347,nv,nv,0.0047064247,0.000119883334,auto_accept,low_unc_low_risk
ISIC_0028453,nv,vasc,0.24340072,0.00028149385,auto_accept,low_unc_low_risk
ISIC_0025035,mel,nv,0.1733795,0.028330738,auto_accept,low_unc_low_risk
ISIC_0027111,nv,nv,0.10943808,0.00042156482,auto_accept,low_unc_low_risk
ISIC_0030562,nv,nv,0.13378444,0.0007206464,auto_accept,low_unc_low_risk
ISIC_0034210,nv,nv,0.7307969,0.45683333,escalate,high_unc_low_risk
ISIC_0027844,nv,nv,0.00050516817,7.870716e-06,auto_accept,low_unc_low_risk
ISIC_0026571,mel,mel,0.13182406,0.98620427,auto_accept,low_unc_low_risk
ISIC_0028046,nv,nv,0.0006027098,1.1954024e-05,auto_accept,low_unc_low_risk
ISIC_0030205,nv,mel,0.20513459,0.9443658,auto_accept,low_unc_low_risk
ISIC_0029765,nv,nv,0.021595618,0.0002905268,auto_accept,low_unc_low_risk
ISIC_0027870,nv,nv,0.15879625,0.0036953501,auto_accept,low_unc_low_risk
ISIC_0027289,nv,nv,0.009163937,0.0008261655,auto_accept,low_unc_low_risk
ISIC_0025483,nv,nv,0.0033090103,4.4587864e-07,auto_accept,low_unc_low_risk
ISIC_0033769,nv,nv,0.03521455,0.00025169528,auto_accept,low_unc_low_risk
ISIC_0026355,nv,nv,0.020328786,0.00044091215,auto_accept,low_unc_low_risk
ISIC_0031588,nv,nv,0.06462424,0.0014927498,auto_accept,low_unc_low_risk
ISIC_0026057,nv,nv,1.5415328,0.29737854,escalate,high_unc_low_risk
ISIC_0024950,nv,nv,0.012379158,7.3376556e-05,auto_accept,low_unc_low_risk
ISIC_0025991,nv,nv,0.003616104,4.8040118e-05,auto_accept,low_unc_low_risk
ISIC_0024488,nv,nv,0.13217801,0.00081051665,auto_accept,low_unc_low_risk
ISIC_0028957,nv,nv,0.0017452392,5.531775e-05,auto_accept,low_unc_low_risk
ISIC_0024351,mel,mel,0.030184977,0.9946131,auto_accept,low_unc_low_risk
ISIC_0030515,nv,nv,0.00025184493,1.9569545e-05,auto_accept,low_unc_low_risk
ISIC_0026894,nv,nv,0.26616675,0.0018143825,auto_accept,low_unc_low_risk
ISIC_0024401,nv,nv,0.0065989774,2.9656618e-05,auto_accept,low_unc_low_risk
ISIC_0024918,mel,nv,0.06980828,0.008564956,auto_accept,low_unc_low_risk
ISIC_0034054,nv,nv,0.006133119,4.2190324e-05,auto_accept,low_unc_low_risk
ISIC_0029379,nv,nv,0.036465112,5.9286063e-05,auto_accept,low_unc_low_risk
ISIC_0027169,nv,nv,0.010718824,6.155439e-05,auto_accept,low_unc_low_risk
ISIC_0032757,bkl,nv,0.15573992,0.0013601454,auto_accept,low_unc_low_risk
ISIC_0028231,akiec,mel,0.58498544,0.75498146,escalate,high_unc_low_risk
ISIC_0027944,nv,nv,0.0066127465,2.5419673e-05,auto_accept,low_unc_low_risk
ISIC_0032385,nv,mel,0.66748774,0.74690115,escalate,high_unc_low_risk
ISIC_0033475,nv,nv,0.40740287,0.06117649,auto_accept,low_unc_low_risk
ISIC_0031719,vasc,nv,0.04217642,6.6292064e-06,auto_accept,low_unc_low_risk
ISIC_0026509,nv,nv,0.048952658,0.000117635405,auto_accept,low_unc_low_risk
ISIC_0033711,nv,nv,0.79340523,0.19966415,escalate,high_unc_low_risk
ISIC_0026177,nv,nv,0.066395395,0.0024577011,auto_accept,low_unc_low_risk
ISIC_0030846,nv,nv,0.00244288,0.00010892911,auto_accept,low_unc_low_risk
ISIC_0031626,nv,nv,0.004166596,0.00065362576,auto_accept,low_unc_low_risk
ISIC_0031367,nv,nv,0.0441532,0.0012002519,auto_accept,low_unc_low_risk
ISIC_0032876,bkl,bkl,0.073217764,0.0004981013,auto_accept,low_unc_low_risk
ISIC_0033702,nv,nv,0.59618336,0.077401355,escalate,high_unc_low_risk
ISIC_0029085,nv,nv,0.015806265,1.2294281e-05,auto_accept,low_unc_low_risk
ISIC_0030699,nv,nv,0.03618665,0.0034589386,auto_accept,low_unc_low_risk
ISIC_0027173,nv,nv,0.018841444,0.00080699904,auto_accept,low_unc_low_risk
ISIC_0030423,mel,mel,0.033988975,0.99287146,auto_accept,low_unc_low_risk
ISIC_0024306,nv,nv,0.0069271773,4.0944724e-05,auto_accept,low_unc_low_risk
ISIC_0032813,nv,nv,0.042167302,0.0013331797,auto_accept,low_unc_low_risk
ISIC_0026058,nv,nv,0.0046927007,2.4532505e-05,auto_accept,low_unc_low_risk
ISIC_0032357,nv,nv,0.02714742,1.2031177e-05,auto_accept,low_unc_low_risk
ISIC_0027564,nv,nv,0.028952304,0.018031416,auto_accept,low_unc_low_risk
ISIC_0031472,nv,nv,0.0013932796,2.3038765e-06,auto_accept,low_unc_low_risk
ISIC_0026136,nv,nv,0.0043225177,0.00021358555,auto_accept,low_unc_low_risk
ISIC_0027583,nv,nv,0.009650023,1.1451051e-05,auto_accept,low_unc_low_risk
ISIC_0031608,nv,nv,0.00519366,0.00021716394,auto_accept,low_unc_low_risk
ISIC_0030936,nv,nv,0.040359385,0.0018120689,auto_accept,low_unc_low_risk
ISIC_0031541,nv,nv,0.0049691736,1.0248715e-05,auto_accept,low_unc_low_risk
ISIC_0025371,nv,nv,0.07188717,0.0025117144,auto_accept,low_unc_low_risk
ISIC_0024409,bkl,bkl,0.030257631,0.0044551254,auto_accept,low_unc_low_risk
ISIC_0026232,nv,nv,0.012471684,4.771722e-05,auto_accept,low_unc_low_risk
ISIC_0026078,nv,nv,0.06630026,0.0059036203,auto_accept,low_unc_low_risk
ISIC_0030646,nv,nv,0.039019164,8.0647e-05,auto_accept,low_unc_low_risk
ISIC_0029971,nv,nv,0.012942155,0.00022271833,auto_accept,low_unc_low_risk
ISIC_0025225,nv,nv,0.7076601,0.00685955,escalate,high_unc_low_risk
ISIC_0028586,nv,nv,0.16510074,0.034840394,auto_accept,low_unc_low_risk
ISIC_0032458,nv,nv,0.040920954,0.00056791434,auto_accept,low_unc_low_risk
ISIC_0032003,nv,nv,0.005892543,6.0468163e-05,auto_accept,low_unc_low_risk
ISIC_0029520,nv,nv,0.09842007,0.010648929,auto_accept,low_unc_low_risk
ISIC_0033093,nv,mel,0.6037882,0.7641713,escalate,high_unc_low_risk
ISIC_0024907,nv,nv,0.00037014956,1.5118863e-05,auto_accept,low_unc_low_risk
ISIC_0027195,nv,nv,0.038712066,0.00012932059,auto_accept,low_unc_low_risk
ISIC_0027200,nv,nv,0.011565402,0.0011138816,auto_accept,low_unc_low_risk
ISIC_0032197,mel,mel,0.7256627,0.5775299,escalate,high_unc_low_risk
ISIC_0025699,bkl,nv,0.6957877,0.0009814051,escalate,high_unc_low_risk
ISIC_0029179,nv,nv,0.04733926,0.0019344277,auto_accept,low_unc_low_risk
ISIC_0030012,nv,nv,0.067736894,0.0024515851,auto_accept,low_unc_low_risk
ISIC_0031801,nv,nv,0.0066491044,0.000505752,auto_accept,low_unc_low_risk
ISIC_0030370,nv,nv,0.2776004,0.08180573,auto_accept,low_unc_low_risk
ISIC_0032563,nv,nv,1.1025486,0.1632481,escalate,high_unc_low_risk
ISIC_0030041,nv,nv,0.002428557,9.803031e-05,auto_accept,low_unc_low_risk
ISIC_0030264,nv,nv,0.026225913,9.29402e-06,auto_accept,low_unc_low_risk
ISIC_0024486,nv,nv,0.68306595,0.2071278,escalate,high_unc_low_risk
ISIC_0029114,nv,nv,0.019335827,1.5511703e-05,auto_accept,low_unc_low_risk
ISIC_0026608,nv,nv,0.5030734,0.00055024517,auto_accept,low_unc_low_risk
ISIC_0025900,nv,nv,0.020169042,2.6087691e-05,auto_accept,low_unc_low_risk
ISIC_0027566,nv,nv,0.033885118,0.0015116142,auto_accept,low_unc_low_risk
ISIC_0028566,nv,nv,0.0111751575,0.00064665294,auto_accept,low_unc_low_risk
ISIC_0030839,nv,bkl,0.050884947,0.0016115876,auto_accept,low_unc_low_risk
ISIC_0028374,nv,nv,0.0063307006,0.0005731384,auto_accept,low_unc_low_risk
ISIC_0033212,bkl,bkl,0.020997506,0.006520877,auto_accept,low_unc_low_risk
ISIC_0027233,nv,nv,0.0011297216,8.613097e-06,auto_accept,low_unc_low_risk
ISIC_0028371,nv,nv,0.0041041924,0.0002807541,auto_accept,low_unc_low_risk
ISIC_0024873,nv,nv,0.0046753692,3.09191e-05,auto_accept,low_unc_low_risk
ISIC_0027761,nv,nv,0.72831804,0.430481,escalate,high_unc_low_risk
ISIC_0025760,nv,nv,0.024057448,0.00023909206,auto_accept,low_unc_low_risk
ISIC_0030955,nv,nv,0.00014002516,8.755475e-06,auto_accept,low_unc_low_risk
ISIC_0025216,nv,nv,0.012310618,2.2878453e-06,auto_accept,low_unc_low_risk
ISIC_0025897,nv,nv,0.05566615,0.0007839474,auto_accept,low_unc_low_risk
ISIC_0031169,bcc,bcc,0.021070069,0.9934958,auto_accept,low_unc_low_risk
ISIC_0032403,nv,nv,0.14559112,0.02717701,auto_accept,low_unc_low_risk
ISIC_0030627,nv,nv,0.096530266,0.01520609,auto_accept,low_unc_low_risk
ISIC_0028235,nv,nv,0.10483177,0.00079443445,auto_accept,low_unc_low_risk
ISIC_0028230,nv,mel,0.16223009,0.94226295,auto_accept,low_unc_low_risk
ISIC_0033113,nv,nv,0.05639936,0.017678913,auto_accept,low_unc_low_risk
ISIC_0031068,nv,nv,0.045026198,0.0010133976,auto_accept,low_unc_low_risk
ISIC_0030631,nv,nv,0.015272281,0.00036405103,auto_accept,low_unc_low_risk
ISIC_0030129,mel,nv,0.0749494,0.009598006,auto_accept,low_unc_low_risk
ISIC_0029957,nv,nv,0.08241722,0.0005031149,auto_accept,low_unc_low_risk
ISIC_0034107,mel,nv,0.58277744,0.16707505,escalate,high_unc_low_risk
ISIC_0027922,nv,nv,0.07517134,0.0046576425,auto_accept,low_unc_low_risk
ISIC_0024491,nv,nv,0.006429939,0.0007883996,auto_accept,low_unc_low_risk
ISIC_0030337,nv,nv,0.26342958,0.021596717,auto_accept,low_unc_low_risk
ISIC_0031480,nv,nv,0.02012827,0.00016775397,auto_accept,low_unc_low_risk
ISIC_0024390,nv,nv,0.0021593645,2.6532638e-05,auto_accept,low_unc_low_risk
ISIC_0024585,nv,nv,0.010448694,7.614364e-05,auto_accept,low_unc_low_risk
ISIC_0031163,nv,nv,0.22250293,0.030451326,auto_accept,low_unc_low_risk
ISIC_0032486,bkl,bkl,0.924552,0.11217169,escalate,high_unc_low_risk
ISIC_0024378,nv,nv,0.04520449,0.0024337578,auto_accept,low_unc_low_risk
ISIC_0027117,bcc,bcc,0.10029344,0.9552984,auto_accept,low_unc_low_risk
ISIC_0026734,nv,nv,0.0365516,0.00020136613,auto_accept,low_unc_low_risk
ISIC_0027731,nv,nv,0.045024846,0.005439554,auto_accept,low_unc_low_risk
ISIC_0033921,nv,nv,0.08797631,0.0064495937,auto_accept,low_unc_low_risk
ISIC_0034049,mel,mel,0.11796493,0.9644658,auto_accept,low_unc_low_risk
ISIC_0028429,nv,nv,0.003102344,6.923411e-05,auto_accept,low_unc_low_risk
ISIC_0032742,nv,nv,0.3972128,0.003331323,auto_accept,low_unc_low_risk
ISIC_0025042,nv,nv,0.017698292,0.0023236359,auto_accept,low_unc_low_risk
ISIC_0030332,nv,nv,0.0755806,0.0130415,auto_accept,low_unc_low_risk
ISIC_0032673,nv,bkl,0.7940654,0.028688112,escalate,high_unc_low_risk
ISIC_0033337,mel,nv,0.17632873,0.012498483,auto_accept,low_unc_low_risk
ISIC_0029542,nv,nv,0.1247731,0.007093298,auto_accept,low_unc_low_risk
ISIC_0033143,nv,nv,0.013437345,0.000113719805,auto_accept,low_unc_low_risk
ISIC_0028150,nv,nv,0.020155864,0.00041745344,auto_accept,low_unc_low_risk
ISIC_0029784,nv,nv,0.0027185671,1.46994535e-05,auto_accept,low_unc_low_risk
ISIC_0029424,nv,nv,0.054292038,0.0034855686,auto_accept,low_unc_low_risk
ISIC_0032634,nv,nv,0.704947,0.0040204977,escalate,high_unc_low_risk
ISIC_0026690,mel,nv,0.9762643,0.08574934,escalate,high_unc_low_risk
ISIC_0028039,nv,nv,0.021060513,0.00016732312,auto_accept,low_unc_low_risk
ISIC_0028910,nv,nv,0.015843982,0.0002417967,auto_accept,low_unc_low_risk
ISIC_0032522,mel,mel,0.14859535,0.9381246,auto_accept,low_unc_low_risk
ISIC_0026001,nv,nv,0.07058792,6.480096e-06,auto_accept,low_unc_low_risk
ISIC_0029445,nv,nv,0.43856972,0.001575092,auto_accept,low_unc_low_risk
ISIC_0024744,nv,nv,0.0017313531,7.685952e-06,auto_accept,low_unc_low_risk
ISIC_0026128,nv,nv,0.05783886,0.00025140794,auto_accept,low_unc_low_risk
ISIC_0030539,mel,bkl,0.43990663,0.30179268,auto_accept,low_unc_low_risk
ISIC_0024865,mel,mel,0.031089688,0.9917121,auto_accept,low_unc_low_risk
ISIC_0024667,nv,nv,0.034245476,0.0029500548,auto_accept,low_unc_low_risk
ISIC_0024761,bkl,bkl,0.05370091,0.034999106,auto_accept,low_unc_low_risk
ISIC_0026939,nv,nv,0.005281609,6.344924e-05,auto_accept,low_unc_low_risk
ISIC_0027030,mel,mel,0.09056173,0.9683897,auto_accept,low_unc_low_risk
ISIC_0025585,nv,nv,0.012237833,0.00017321119,auto_accept,low_unc_low_risk
ISIC_0031708,nv,mel,0.42097583,0.86027765,auto_accept,low_unc_low_risk
ISIC_0032721,nv,nv,0.2122916,0.000121824545,auto_accept,low_unc_low_risk
ISIC_0026397,nv,nv,0.0066581983,0.00012765433,auto_accept,low_unc_low_risk
ISIC_0029266,nv,nv,0.064718336,7.085691e-05,auto_accept,low_unc_low_risk
ISIC_0024775,nv,nv,0.011867259,0.00055047474,auto_accept,low_unc_low_risk
ISIC_0030710,nv,nv,0.012934163,4.0932933e-05,auto_accept,low_unc_low_risk
ISIC_0032852,nv,nv,0.022002455,0.0047977935,auto_accept,low_unc_low_risk
ISIC_0025163,nv,nv,0.027747042,0.0009151341,auto_accept,low_unc_low_risk
ISIC_0028270,nv,nv,0.009217829,0.00044935636,auto_accept,low_unc_low_risk
ISIC_0031129,nv,nv,0.038313955,0.0011306466,auto_accept,low_unc_low_risk
ISIC_0034273,nv,nv,0.07703593,0.004940697,auto_accept,low_unc_low_risk
ISIC_0028240,nv,nv,0.0069391592,0.0007843853,auto_accept,low_unc_low_risk
ISIC_0033387,mel,mel,0.20727871,0.9371176,auto_accept,low_unc_low_risk
ISIC_0034019,nv,nv,0.04483233,0.0010414072,auto_accept,low_unc_low_risk
ISIC_0026645,akiec,bcc,0.5058086,0.99469334,auto_accept,low_unc_low_risk
ISIC_0031446,nv,nv,0.035682715,0.00029524468,auto_accept,low_unc_low_risk
ISIC_0028649,nv,nv,0.8657773,0.3125408,escalate,high_unc_low_risk
ISIC_0029269,nv,nv,0.12636366,0.039751023,auto_accept,low_unc_low_risk
ISIC_0030604,mel,mel,0.1581837,0.96455836,auto_accept,low_unc_low_risk
ISIC_0025615,nv,nv,0.07802036,6.9209025e-05,auto_accept,low_unc_low_risk
ISIC_0028901,mel,nv,0.93485934,0.012276092,escalate,high_unc_low_risk
ISIC_0033788,nv,nv,0.67242193,0.08285856,escalate,high_unc_low_risk
ISIC_0029903,nv,nv,0.021039555,0.0010978418,auto_accept,low_unc_low_risk
ISIC_0027478,bcc,bcc,0.0337954,0.99573237,auto_accept,low_unc_low_risk
ISIC_0025653,nv,nv,0.37990028,0.006329768,auto_accept,low_unc_low_risk
ISIC_0033136,nv,mel,1.0682337,0.17900537,escalate,high_unc_low_risk
ISIC_0030284,nv,nv,0.0034353703,2.6867852e-05,auto_accept,low_unc_low_risk
ISIC_0027632,nv,nv,6.9278576e-05,7.0694678e-06,auto_accept,low_unc_low_risk
ISIC_0025184,nv,nv,0.24391906,0.044138495,auto_accept,low_unc_low_risk
ISIC_0033414,bkl,nv,0.18095773,0.02342759,auto_accept,low_unc_low_risk
ISIC_0031804,nv,nv,0.271731,0.00045282216,auto_accept,low_unc_low_risk
ISIC_0029388,nv,nv,0.006648367,0.00073553214,auto_accept,low_unc_low_risk
ISIC_0029508,nv,nv,0.017382659,0.0009104837,auto_accept,low_unc_low_risk
ISIC_0030992,nv,nv,0.0013094649,6.9020634e-06,auto_accept,low_unc_low_risk
ISIC_0025701,nv,nv,0.33988428,0.0012288605,auto_accept,low_unc_low_risk
ISIC_0024890,bkl,mel,0.14154515,0.94948834,auto_accept,low_unc_low_risk
ISIC_0024567,nv,nv,0.01769735,6.99035e-05,auto_accept,low_unc_low_risk
ISIC_0024991,nv,nv,0.020044172,5.066694e-05,auto_accept,low_unc_low_risk
ISIC_0028354,bkl,bkl,0.2053255,0.0989258,auto_accept,low_unc_low_risk
ISIC_0033214,nv,nv,0.008246991,0.0002856154,auto_accept,low_unc_low_risk
ISIC_0031022,nv,nv,0.05493673,0.0026338764,auto_accept,low_unc_low_risk
ISIC_0031892,nv,nv,0.007274667,1.568411e-06,auto_accept,low_unc_low_risk
ISIC_0033682,nv,nv,0.7233004,0.06666027,escalate,high_unc_low_risk
ISIC_0030072,nv,nv,0.0009919646,1.3530297e-05,auto_accept,low_unc_low_risk
ISIC_0027230,nv,nv,0.019317735,0.0023809427,auto_accept,low_unc_low_risk
ISIC_0029938,nv,nv,0.07246797,0.00085635006,auto_accept,low_unc_low_risk
ISIC_0026091,bcc,bcc,0.70659024,0.7646651,escalate,high_unc_low_risk
ISIC_0026032,nv,bkl,0.46563053,0.00085730536,auto_accept,low_unc_low_risk
ISIC_0031081,nv,nv,0.44860065,0.01589675,auto_accept,low_unc_low_risk
ISIC_0030077,nv,nv,0.19445989,0.037182473,auto_accept,low_unc_low_risk
ISIC_0030104,vasc,vasc,0.0023433021,0.00012334916,auto_accept,low_unc_low_risk
ISIC_0031205,nv,nv,0.016128339,0.0011734309,auto_accept,low_unc_low_risk
ISIC_0029201,bcc,bcc,0.10751219,0.9678179,auto_accept,low_unc_low_risk
ISIC_0027424,nv,nv,0.08009294,0.00034573377,auto_accept,low_unc_low_risk
ISIC_0025307,nv,nv,0.0033026743,0.00017325132,auto_accept,low_unc_low_risk
ISIC_0026946,nv,nv,0.0046742377,9.9416124e-05,auto_accept,low_unc_low_risk
ISIC_0034021,nv,nv,0.013457855,0.0009960433,auto_accept,low_unc_low_risk
ISIC_0028458,nv,nv,0.00290494,9.622897e-05,auto_accept,low_unc_low_risk
ISIC_0032846,nv,nv,0.0551408,0.0010086115,auto_accept,low_unc_low_risk
ISIC_0026033,nv,nv,0.07136167,6.4276435e-05,auto_accept,low_unc_low_risk
ISIC_0027245,nv,nv,0.0032660263,1.5737563e-05,auto_accept,low_unc_low_risk
ISIC_0026244,nv,nv,0.105062716,0.019376315,auto_accept,low_unc_low_risk
ISIC_0028287,nv,mel,0.5920045,0.73060864,escalate,high_unc_low_risk
ISIC_0027013,nv,nv,0.051912148,0.00039841983,auto_accept,low_unc_low_risk
ISIC_0025375,nv,nv,0.029601559,0.00036319168,auto_accept,low_unc_low_risk
ISIC_0028109,mel,nv,0.29515463,0.03758219,auto_accept,low_unc_low_risk
ISIC_0024555,nv,nv,6.207305e-05,1.6872011e-08,auto_accept,low_unc_low_risk
ISIC_0030657,nv,nv,0.021992847,8.934004e-05,auto_accept,low_unc_low_risk
ISIC_0026021,nv,nv,0.0847453,0.0065513942,auto_accept,low_unc_low_risk
ISIC_0027299,nv,nv,0.18589322,0.010121062,auto_accept,low_unc_low_risk
ISIC_0027755,nv,nv,0.11691409,0.0032814683,auto_accept,low_unc_low_risk
ISIC_0031207,nv,nv,0.00088780414,9.058627e-05,auto_accept,low_unc_low_risk
ISIC_0029104,nv,nv,0.004836885,0.0001852291,auto_accept,low_unc_low_risk
ISIC_0030723,bkl,bkl,0.53714395,0.7109194,auto_accept,low_unc_low_risk
ISIC_0032438,nv,nv,0.008522028,0.0004713047,auto_accept,low_unc_low_risk
ISIC_0025682,nv,nv,0.21602753,0.012270796,auto_accept,low_unc_low_risk
ISIC_0031157,nv,nv,0.001659592,2.9195373e-05,auto_accept,low_unc_low_risk
ISIC_0033611,mel,mel,0.19091396,0.9018921,auto_accept,low_unc_low_risk
ISIC_0033554,df,df,0.0012654621,0.00051256095,auto_accept,low_unc_low_risk
ISIC_0026724,nv,nv,0.010837133,0.000981342,auto_accept,low_unc_low_risk
ISIC_0026339,nv,nv,0.015628839,8.532632e-05,auto_accept,low_unc_low_risk
ISIC_0030550,nv,nv,0.011057484,0.0011479881,auto_accept,low_unc_low_risk
ISIC_0025316,mel,nv,0.040369157,0.009670709,auto_accept,low_unc_low_risk
ISIC_0032399,nv,nv,0.00013075638,3.0505203e-06,auto_accept,low_unc_low_risk
ISIC_0028319,nv,nv,0.33093148,0.0018408404,auto_accept,low_unc_low_risk
ISIC_0031667,nv,mel,0.6681214,0.79330164,escalate,high_unc_low_risk
ISIC_0030885,nv,nv,0.2698171,0.08016155,auto_accept,low_unc_low_risk
ISIC_0025089,akiec,akiec,0.024626434,0.99771655,auto_accept,low_unc_low_risk
ISIC_0029275,nv,nv,0.010214227,4.2107404e-05,auto_accept,low_unc_low_risk
ISIC_0026782,nv,mel,0.39615396,0.8416451,auto_accept,low_unc_low_risk
ISIC_0030763,nv,nv,0.003255406,0.000352508,auto_accept,low_unc_low_risk
ISIC_0031030,nv,nv,0.008487158,0.0020649235,auto_accept,low_unc_low_risk
ISIC_0027097,nv,nv,0.0081629995,0.0017046697,auto_accept,low_unc_low_risk
ISIC_0026833,nv,nv,0.0011489665,1.4953818e-05,auto_accept,low_unc_low_risk
ISIC_0033823,nv,nv,0.40402484,0.18553413,auto_accept,low_unc_low_risk
ISIC_0033670,mel,mel,0.116362855,0.9710749,auto_accept,low_unc_low_risk
ISIC_0026354,nv,nv,0.12052485,0.022173814,auto_accept,low_unc_low_risk
ISIC_0031360,nv,nv,0.09239231,0.0041057803,auto_accept,low_unc_low_risk
ISIC_0025913,nv,nv,0.005321671,0.00030487712,auto_accept,low_unc_low_risk
ISIC_0026637,bkl,mel,0.6697331,0.74542314,escalate,high_unc_low_risk
ISIC_0025340,nv,nv,0.50315434,0.0033444671,auto_accept,low_unc_low_risk
ISIC_0024858,nv,nv,0.010121145,6.221938e-06,auto_accept,low_unc_low_risk
ISIC_0031852,akiec,nv,0.6404916,0.0030489,escalate,high_unc_low_risk
ISIC_0031622,nv,nv,0.09379144,0.0038273586,auto_accept,low_unc_low_risk
ISIC_0027885,nv,nv,0.0008442383,3.1586e-06,auto_accept,low_unc_low_risk
ISIC_0027337,bcc,nv,0.28257373,0.0159495,auto_accept,low_unc_low_risk
ISIC_0033168,nv,nv,0.107100345,0.0009406252,auto_accept,low_unc_low_risk
ISIC_0026873,nv,nv,0.016494771,0.0010619445,auto_accept,low_unc_low_risk
ISIC_0026011,nv,nv,0.14498803,0.0063783773,auto_accept,low_unc_low_risk
ISIC_0031047,nv,nv,0.020236159,3.3742628e-05,auto_accept,low_unc_low_risk
ISIC_0025020,nv,nv,0.0022708413,9.035403e-05,auto_accept,low_unc_low_risk
ISIC_0031566,nv,nv,0.0057397764,0.00032627897,auto_accept,low_unc_low_risk
ISIC_0030251,nv,nv,0.010270227,0.0015653017,auto_accept,low_unc_low_risk
ISIC_0026381,nv,nv,0.0026971265,0.000104736755,auto_accept,low_unc_low_risk
ISIC_0027751,nv,nv,0.014945976,0.0002659801,auto_accept,low_unc_low_risk
ISIC_0028936,nv,nv,0.0020017205,9.335454e-05,auto_accept,low_unc_low_risk
ISIC_0031949,nv,nv,0.02923105,0.0007544014,auto_accept,low_unc_low_risk
ISIC_0031669,nv,nv,0.14949368,0.05291703,auto_accept,low_unc_low_risk
ISIC_0028440,nv,nv,0.019318562,0.0021285384,auto_accept,low_unc_low_risk
ISIC_0026819,nv,nv,0.012164357,0.00052591256,auto_accept,low_unc_low_risk
ISIC_0029228,nv,nv,0.0130877495,1.1128452e-05,auto_accept,low_unc_low_risk
ISIC_0027512,nv,nv,0.7300075,0.06338721,escalate,high_unc_low_risk
ISIC_0024350,nv,nv,0.0011644566,1.8925533e-06,auto_accept,low_unc_low_risk
ISIC_0027443,nv,nv,0.0024744847,1.5479694e-05,auto_accept,low_unc_low_risk
ISIC_0025481,nv,nv,0.007645829,2.4538003e-05,auto_accept,low_unc_low_risk
ISIC_0031902,nv,nv,0.004839422,4.1776548e-05,auto_accept,low_unc_low_risk
ISIC_0033210,nv,nv,0.43425843,0.08734709,auto_accept,low_unc_low_risk
ISIC_0031589,nv,nv,0.009521363,1.8648118e-06,auto_accept,low_unc_low_risk
ISIC_0026824,nv,nv,0.0009406492,1.7549809e-06,auto_accept,low_unc_low_risk
ISIC_0031549,nv,nv,0.13111377,0.006086092,auto_accept,low_unc_low_risk
ISIC_0027530,nv,nv,0.19573216,0.00015010296,auto_accept,low_unc_low_risk
ISIC_0033370,nv,mel,0.7294102,0.5764572,escalate,high_unc_low_risk
ISIC_0030815,nv,nv,0.080394275,0.013522133,auto_accept,low_unc_low_risk
ISIC_0025636,nv,nv,0.012190422,0.00058769423,auto_accept,low_unc_low_risk
ISIC_0028995,bkl,nv,0.5645665,0.004895068,auto_accept,low_unc_low_risk
ISIC_0028467,mel,bkl,1.1008418,0.20724466,escalate,high_unc_low_risk
ISIC_0030913,nv,nv,0.38049418,0.16955861,auto_accept,low_unc_low_risk
ISIC_0029746,nv,nv,0.7141446,0.24407151,escalate,high_unc_low_risk
ISIC_0034218,mel,mel,0.076025784,0.97807777,auto_accept,low_unc_low_risk
ISIC_0025218,nv,nv,0.05955416,0.0006774976,auto_accept,low_unc_low_risk
ISIC_0031122,bcc,bcc,0.010058179,0.9966126,auto_accept,low_unc_low_risk
ISIC_0024952,mel,mel,0.6479051,0.6897394,escalate,high_unc_low_risk
ISIC_0031792,nv,nv,0.00689825,0.0023517734,auto_accept,low_unc_low_risk
ISIC_0033298,nv,nv,0.67269003,0.18694055,escalate,high_unc_low_risk
ISIC_0025727,nv,nv,0.00031157676,5.129242e-05,auto_accept,low_unc_low_risk
ISIC_0031304,nv,nv,0.066838145,0.005211491,auto_accept,low_unc_low_risk
ISIC_0027569,nv,nv,0.10392145,0.00079633563,auto_accept,low_unc_low_risk
ISIC_0031581,nv,nv,0.00070889195,6.0047773e-06,auto_accept,low_unc_low_risk
ISIC_0031984,nv,nv,0.020461293,0.0029565361,auto_accept,low_unc_low_risk
ISIC_0032144,nv,nv,0.12943643,0.030619849,auto_accept,low_unc_low_risk
ISIC_0028634,nv,nv,0.0011201516,4.146845e-05,auto_accept,low_unc_low_risk
ISIC_0028366,nv,nv,0.017922813,0.00036523052,auto_accept,low_unc_low_risk
ISIC_0032379,nv,nv,0.018401608,0.0009412326,auto_accept,low_unc_low_risk
ISIC_0027370,bkl,bkl,0.004499981,9.524577e-06,auto_accept,low_unc_low_risk
ISIC_0025432,nv,nv,0.019766534,4.5013243e-05,auto_accept,low_unc_low_risk
ISIC_0033218,bcc,bcc,0.07055031,0.98712873,auto_accept,low_unc_low_risk
ISIC_0027205,nv,nv,0.027150383,0.0020880974,auto_accept,low_unc_low_risk
ISIC_0030669,nv,nv,0.029124076,0.0037320056,auto_accept,low_unc_low_risk
ISIC_0026146,nv,nv,0.019592268,0.00024128798,auto_accept,low_unc_low_risk
ISIC_0024841,nv,nv,0.20799138,0.014402058,auto_accept,low_unc_low_risk
ISIC_0031481,nv,nv,0.02070906,0.0015995038,auto_accept,low_unc_low_risk
ISIC_0026366,nv,nv,0.0022811247,3.0916857e-05,auto_accept,low_unc_low_risk
ISIC_0028506,nv,nv,0.00076227187,2.4692112e-05,auto_accept,low_unc_low_risk
ISIC_0028170,nv,nv,0.4105251,0.07076282,auto_accept,low_unc_low_risk
ISIC_0030190,nv,nv,0.109788805,0.0040754606,auto_accept,low_unc_low_risk
ISIC_0029134,nv,nv,0.0050677815,6.4447268e-06,auto_accept,low_unc_low_risk
ISIC_0028058,nv,nv,0.038318455,0.0006765253,auto_accept,low_unc_low_risk
ISIC_0025003,nv,nv,0.06578543,8.173873e-06,auto_accept,low_unc_low_risk
ISIC_0029946,nv,nv,0.010791598,0.00030825462,auto_accept,low_unc_low_risk
ISIC_0030214,nv,nv,0.07071053,0.003976075,auto_accept,low_unc_low_risk
ISIC_0026791,nv,nv,0.043614678,9.634117e-05,auto_accept,low_unc_low_risk
ISIC_0027548,nv,nv,0.03264619,4.986843e-05,auto_accept,low_unc_low_risk
ISIC_0029666,nv,nv,0.010171853,0.0010930361,auto_accept,low_unc_low_risk
ISIC_0028616,nv,nv,0.055732343,0.0010700842,auto_accept,low_unc_low_risk
ISIC_0024820,nv,nv,0.068140626,0.014006497,auto_accept,low_unc_low_risk
ISIC_0029132,nv,nv,0.030061863,0.00049614283,auto_accept,low_unc_low_risk
ISIC_0026830,nv,nv,0.14595664,0.0018599374,auto_accept,low_unc_low_risk
ISIC_0030548,nv,nv,0.0022694669,0.00014568272,auto_accept,low_unc_low_risk
ISIC_0026494,nv,nv,0.5915744,0.031871315,escalate,high_unc_low_risk
ISIC_0033356,nv,nv,0.0063373633,0.00011486304,auto_accept,low_unc_low_risk
ISIC_0033134,nv,nv,0.5459469,7.230066e-05,auto_accept,low_unc_low_risk
ISIC_0031616,nv,nv,0.0021382608,2.166593e-05,auto_accept,low_unc_low_risk
ISIC_0029485,nv,nv,0.05804279,0.0001141126,auto_accept,low_unc_low_risk
ISIC_0026461,nv,nv,0.0530724,0.00045515032,auto_accept,low_unc_low_risk
ISIC_0026856,nv,nv,0.0050174934,1.9340378e-05,auto_accept,low_unc_low_risk
ISIC_0026535,nv,nv,0.002578289,0.00016391986,auto_accept,low_unc_low_risk
ISIC_0029456,nv,nv,0.0054130475,3.8006212e-05,auto_accept,low_unc_low_risk
ISIC_0027273,nv,nv,0.0037713086,0.00024632653,auto_accept,low_unc_low_risk
ISIC_0028986,nv,nv,0.061342895,7.605771e-05,auto_accept,low_unc_low_risk
ISIC_0031636,nv,nv,0.20773554,0.0012422522,auto_accept,low_unc_low_risk
ISIC_0032309,nv,bcc,1.109335,0.4780407,escalate,high_unc_low_risk
ISIC_0032603,mel,nv,0.035725534,0.0044169542,auto_accept,low_unc_low_risk
ISIC_0029203,nv,bkl,0.6476413,0.002581842,escalate,high_unc_low_risk
ISIC_0029934,nv,nv,0.003209821,0.0001022047,auto_accept,low_unc_low_risk
ISIC_0031780,nv,nv,0.012644339,7.301277e-05,auto_accept,low_unc_low_risk
ISIC_0025149,nv,nv,0.021381402,0.0037958764,auto_accept,low_unc_low_risk
ISIC_0026764,nv,nv,0.6886533,0.33048603,escalate,high_unc_low_risk
ISIC_0032079,mel,bcc,1.2992111,0.5632374,escalate,high_unc_low_risk
ISIC_0025509,bcc,bcc,0.11363711,0.94738746,auto_accept,low_unc_low_risk
ISIC_0029700,nv,nv,0.0125490995,0.0007370741,auto_accept,low_unc_low_risk
ISIC_0028554,nv,nv,0.019555667,0.0029240376,auto_accept,low_unc_low_risk
ISIC_0033507,bkl,nv,0.8722031,0.012946833,escalate,high_unc_low_risk
ISIC_0029139,bkl,bkl,0.0136342235,0.001808901,auto_accept,low_unc_low_risk
ISIC_0028585,nv,nv,0.16678162,0.00032486423,auto_accept,low_unc_low_risk
ISIC_0030148,nv,nv,0.017689934,9.183192e-05,auto_accept,low_unc_low_risk
ISIC_0033680,nv,mel,0.78045756,0.32996225,escalate,high_unc_low_risk
ISIC_0029468,nv,nv,0.0008562818,2.7867117e-07,auto_accept,low_unc_low_risk
ISIC_0031101,nv,nv,0.027321016,0.00013214991,auto_accept,low_unc_low_risk
ISIC_0024542,nv,nv,0.1738539,0.0018158037,auto_accept,low_unc_low_risk
ISIC_0027658,nv,nv,0.014622529,0.00023799717,auto_accept,low_unc_low_risk
ISIC_0025643,nv,nv,0.016400235,0.00032929174,auto_accept,low_unc_low_risk
ISIC_0028249,nv,nv,0.22430325,0.0017827343,auto_accept,low_unc_low_risk
ISIC_0033995,mel,mel,0.0798066,0.9710125,auto_accept,low_unc_low_risk
ISIC_0029692,nv,nv,0.00075153256,9.761488e-06,auto_accept,low_unc_low_risk
ISIC_0027243,nv,nv,0.012774631,0.00023106144,auto_accept,low_unc_low_risk
ISIC_0031167,nv,nv,0.060204547,0.002197714,auto_accept,low_unc_low_risk
ISIC_0027426,nv,nv,0.01465827,4.3339285e-05,auto_accept,low_unc_low_risk
ISIC_0025480,nv,nv,0.0082863,0.00015446778,auto_accept,low_unc_low_risk
ISIC_0030359,nv,nv,0.0041622324,1.564825e-05,auto_accept,low_unc_low_risk
ISIC_0027247,nv,nv,0.074324384,0.007767288,auto_accept,low_unc_low_risk
ISIC_0028854,akiec,bkl,0.4455088,0.09454647,auto_accept,low_unc_low_risk
ISIC_0032054,nv,nv,0.015820758,0.00027523842,auto_accept,low_unc_low_risk
ISIC_0030726,nv,nv,0.031553045,0.00061011006,auto_accept,low_unc_low_risk
ISIC_0026264,nv,nv,0.087454244,0.0016499731,auto_accept,low_unc_low_risk
ISIC_0032602,mel,mel,0.048927043,0.98462856,auto_accept,low_unc_low_risk
ISIC_0033305,bkl,bkl,0.6804505,0.013702387,escalate,high_unc_low_risk
ISIC_0025808,akiec,akiec,0.17408471,0.97381276,auto_accept,low_unc_low_risk
ISIC_0033581,bkl,bkl,0.04268219,0.00028433788,auto_accept,low_unc_low_risk
ISIC_0024540,nv,nv,0.35262468,0.17518233,auto_accept,low_unc_low_risk
ISIC_0031503,nv,nv,0.0074295066,0.00016851258,auto_accept,low_unc_low_risk
ISIC_0031571,nv,nv,0.06774735,0.00017366199,auto_accept,low_unc_low_risk
ISIC_0027649,bkl,mel,0.66337067,0.77394456,escalate,high_unc_low_risk
ISIC_0029242,mel,mel,0.024211321,0.99918467,escalate,low_unc_high_risk
ISIC_0032578,nv,nv,0.014560946,3.0061872e-05,auto_accept,low_unc_low_risk
ISIC_0032296,nv,nv,0.061676145,0.00086555246,auto_accept,low_unc_low_risk
ISIC_0028229,bkl,bkl,0.25441068,0.15143122,auto_accept,low_unc_low_risk
ISIC_0031230,nv,nv,0.44657332,0.0031938038,auto_accept,low_unc_low_risk
ISIC_0030494,nv,nv,0.07683716,1.2385215e-06,auto_accept,low_unc_low_risk
ISIC_0026511,bkl,bkl,0.066450685,0.00013035882,auto_accept,low_unc_low_risk
ISIC_0028695,nv,nv,0.039068308,0.004404562,auto_accept,low_unc_low_risk
ISIC_0030402,nv,nv,0.0360973,8.018245e-05,auto_accept,low_unc_low_risk
ISIC_0033764,nv,nv,0.3285642,0.003298018,auto_accept,low_unc_low_risk
ISIC_0034149,nv,nv,0.03837652,0.00098107,auto_accept,low_unc_low_risk
ISIC_0029364,nv,nv,0.021221463,0.0016071255,auto_accept,low_unc_low_risk
ISIC_0032057,vasc,vasc,0.0013691908,0.00047060277,auto_accept,low_unc_low_risk
ISIC_0028284,nv,nv,0.015862707,2.9079669e-05,auto_accept,low_unc_low_risk
ISIC_0030622,nv,nv,0.012118973,0.0014860731,auto_accept,low_unc_low_risk
ISIC_0031919,nv,mel,1.0149467,0.19791608,escalate,high_unc_low_risk
ISIC_0027134,nv,nv,0.006277866,6.630193e-05,auto_accept,low_unc_low_risk
ISIC_0027053,bkl,bkl,0.021837581,0.0010588559,auto_accept,low_unc_low_risk
ISIC_0030132,nv,nv,0.021802621,0.01745146,auto_accept,low_unc_low_risk
ISIC_0029918,nv,nv,0.8140067,0.324558,escalate,high_unc_low_risk
ISIC_0024373,nv,nv,0.019910002,0.0018607962,auto_accept,low_unc_low_risk
ISIC_0026289,nv,nv,0.0050468473,0.000728167,auto_accept,low_unc_low_risk
ISIC_0024492,nv,nv,0.008421827,0.00063031225,auto_accept,low_unc_low_risk
ISIC_0031995,nv,nv,0.0003968763,6.7619276e-06,auto_accept,low_unc_low_risk
ISIC_0032127,nv,nv,0.027119776,0.00029549922,auto_accept,low_unc_low_risk
ISIC_0025497,nv,nv,0.030511733,0.0034203369,auto_accept,low_unc_low_risk
ISIC_0029973,df,df,0.002241626,0.0033629953,auto_accept,low_unc_low_risk
ISIC_0026290,bkl,nv,0.62879944,0.024746187,escalate,high_unc_low_risk
ISIC_0025755,mel,mel,0.71531945,0.6689636,escalate,high_unc_low_risk
ISIC_0032068,nv,nv,0.004609842,0.00020664993,auto_accept,low_unc_low_risk
ISIC_0032704,nv,nv,0.6247431,0.2986878,escalate,high_unc_low_risk
ISIC_0028962,nv,nv,0.004820495,9.0652204e-05,auto_accept,low_unc_low_risk
ISIC_0028599,nv,mel,0.14817874,0.9558522,auto_accept,low_unc_low_risk
ISIC_0025070,nv,nv,0.006717935,0.0006599425,auto_accept,low_unc_low_risk
ISIC_0027359,mel,mel,0.047600865,0.9808828,auto_accept,low_unc_low_risk
ISIC_0026190,nv,nv,0.0076431036,7.689835e-07,auto_accept,low_unc_low_risk
ISIC_0030786,nv,df,1.3117607,0.033972193,escalate,high_unc_low_risk
ISIC_0024450,akiec,akiec,0.040639963,0.9941111,auto_accept,low_unc_low_risk
ISIC_0033376,nv,nv,0.61721355,0.0024160154,escalate,high_unc_low_risk
ISIC_0031836,bcc,bcc,0.38137236,0.8822333,auto_accept,low_unc_low_risk
ISIC_0027641,nv,nv,0.00048377848,3.960647e-06,auto_accept,low_unc_low_risk
ISIC_0025845,nv,nv,0.005318614,1.7967199e-05,auto_accept,low_unc_low_risk
ISIC_0032939,nv,nv,0.0888241,0.005972449,auto_accept,low_unc_low_risk
ISIC_0031950,vasc,vasc,0.50304115,0.002375166,auto_accept,low_unc_low_risk
ISIC_0032532,mel,nv,0.8667155,0.07142657,escalate,high_unc_low_risk
ISIC_0031890,mel,mel,1.0011284,0.40479255,escalate,high_unc_low_risk
ISIC_0034261,nv,nv,0.030761745,0.0014515311,auto_accept,low_unc_low_risk
ISIC_0028942,nv,nv,0.010770879,0.00013340436,auto_accept,low_unc_low_risk
ISIC_0027514,nv,nv,0.16460322,0.0010593417,auto_accept,low_unc_low_risk
ISIC_0032390,nv,nv,0.0037686268,0.00035754964,auto_accept,low_unc_low_risk
ISIC_0032347,nv,nv,0.022815669,0.0023581558,auto_accept,low_unc_low_risk
ISIC_0026850,nv,nv,0.048808135,0.0007605478,auto_accept,low_unc_low_risk
ISIC_0034138,nv,nv,0.18232505,0.027237821,auto_accept,low_unc_low_risk
ISIC_0029058,nv,nv,0.056264687,0.00048685094,auto_accept,low_unc_low_risk
ISIC_0032392,nv,nv,0.0076067355,4.1437165e-06,auto_accept,low_unc_low_risk
ISIC_0027189,bcc,bcc,0.10019351,0.9750597,auto_accept,low_unc_low_risk
ISIC_0031285,nv,nv,0.32710752,0.07584346,auto_accept,low_unc_low_risk
ISIC_0031964,nv,nv,0.0052391523,7.950831e-05,auto_accept,low_unc_low_risk
ISIC_0033779,mel,mel,0.5307953,0.52806556,auto_accept,low_unc_low_risk
ISIC_0026908,nv,nv,0.02415226,0.0010507177,auto_accept,low_unc_low_risk
ISIC_0024483,nv,nv,0.04786624,1.5322365e-05,auto_accept,low_unc_low_risk
ISIC_0030566,nv,nv,0.0033712778,0.00015973623,auto_accept,low_unc_low_risk
ISIC_0032262,nv,nv,0.06702667,0.00039626478,auto_accept,low_unc_low_risk
ISIC_0029224,nv,nv,0.009520859,3.474717e-05,auto_accept,low_unc_low_risk
ISIC_0031461,nv,nv,0.069301374,6.867703e-05,auto_accept,low_unc_low_risk
ISIC_0025792,nv,nv,0.042065106,0.0028801071,auto_accept,low_unc_low_risk
ISIC_0024592,bkl,bkl,0.0017038629,5.3564786e-06,auto_accept,low_unc_low_risk
ISIC_0028593,bkl,bkl,0.10051411,0.01440537,auto_accept,low_unc_low_risk
ISIC_0032162,nv,nv,0.0114220325,0.0009468118,auto_accept,low_unc_low_risk
ISIC_0031755,nv,nv,0.006266184,7.12234e-05,auto_accept,low_unc_low_risk
ISIC_0027682,nv,nv,0.00076808187,9.635039e-06,auto_accept,low_unc_low_risk
ISIC_0031100,nv,nv,0.009902871,0.0008094959,auto_accept,low_unc_low_risk
ISIC_0032805,nv,nv,0.14059813,0.026497068,auto_accept,low_unc_low_risk
ISIC_0033531,bkl,bkl,0.15859196,0.0019791035,auto_accept,low_unc_low_risk
ISIC_0033017,mel,mel,0.1322303,0.9561884,auto_accept,low_unc_low_risk
ISIC_0033443,nv,mel,0.57121587,0.8398622,escalate,high_unc_low_risk
ISIC_0032831,nv,nv,0.19121315,0.009905768,auto_accept,low_unc_low_risk
ISIC_0029741,bkl,df,0.4250926,0.0044357693,auto_accept,low_unc_low_risk
ISIC_0033681,nv,nv,0.590288,0.008073034,escalate,high_unc_low_risk
ISIC_0033245,mel,mel,0.38444936,0.68521357,auto_accept,low_unc_low_risk
ISIC_0024908,nv,mel,0.67500037,0.67619705,escalate,high_unc_low_risk
ISIC_0034004,nv,nv,0.0156407,6.4384544e-06,auto_accept,low_unc_low_risk
ISIC_0033844,vasc,vasc,0.0036290146,0.0010681855,auto_accept,low_unc_low_risk
ISIC_0027135,bcc,bcc,0.004788126,0.99735755,auto_accept,low_unc_low_risk
ISIC_0030333,mel,mel,0.76755536,0.55145377,escalate,high_unc_low_risk
ISIC_0027929,nv,nv,0.013220739,0.00014392215,auto_accept,low_unc_low_risk
ISIC_0034120,mel,nv,0.5628448,0.2484601,auto_accept,low_unc_low_risk
ISIC_0033546,mel,nv,0.12620102,0.013353628,auto_accept,low_unc_low_risk
ISIC_0029053,bcc,bcc,0.13165767,0.9921888,auto_accept,low_unc_low_risk
ISIC_0031486,nv,nv,0.000815854,6.395811e-06,auto_accept,low_unc_low_risk
ISIC_0026241,nv,nv,0.011140477,8.995478e-05,auto_accept,low_unc_low_risk
ISIC_0030941,nv,nv,0.0048747933,0.0005027635,auto_accept,low_unc_low_risk
ISIC_0025012,nv,nv,0.032830738,0.006557331,auto_accept,low_unc_low_risk
ISIC_0030900,nv,nv,0.003835001,0.00033513855,auto_accept,low_unc_low_risk
ISIC_0025421,nv,nv,0.10921496,0.028915918,auto_accept,low_unc_low_risk
ISIC_0025462,nv,nv,0.03770926,0.00074273325,auto_accept,low_unc_low_risk
ISIC_0028853,nv,nv,0.18461369,0.0023689577,auto_accept,low_unc_low_risk
ISIC_0027291,bcc,bcc,0.0007994501,0.9992981,escalate,low_unc_high_risk
ISIC_0029635,nv,nv,0.0017695742,9.655624e-06,auto_accept,low_unc_low_risk
ISIC_0029714,nv,nv,0.036330447,0.000112411784,auto_accept,low_unc_low_risk
ISIC_0028470,nv,nv,0.003620363,0.0001110826,auto_accept,low_unc_low_risk
ISIC_0030511,bcc,bcc,0.004869385,0.9990308,escalate,low_unc_high_risk
ISIC_0027602,nv,nv,0.0011730259,3.4170593e-05,auto_accept,low_unc_low_risk
ISIC_0029067,akiec,akiec,0.6720242,0.9759926,escalate,high_unc_low_risk
ISIC_0028204,nv,nv,0.00036078037,2.4745145e-06,auto_accept,low_unc_low_risk
ISIC_0033431,mel,mel,0.23279779,0.9712573,auto_accept,low_unc_low_risk
ISIC_0030718,nv,nv,0.0025462473,4.8542726e-05,auto_accept,low_unc_low_risk
ISIC_0025482,nv,nv,0.002378043,5.8383837e-05,auto_accept,low_unc_low_risk
ISIC_0030223,mel,mel,0.14127158,0.9492956,auto_accept,low_unc_low_risk
ISIC_0030464,nv,nv,0.012242193,0.00026920874,auto_accept,low_unc_low_risk
ISIC_0031612,nv,nv,0.01680012,1.4885267e-05,auto_accept,low_unc_low_risk
ISIC_0028815,bcc,bcc,0.06316226,0.9294457,auto_accept,low_unc_low_risk
ISIC_0032484,nv,nv,0.12472413,0.004230913,auto_accept,low_unc_low_risk
ISIC_0030016,nv,nv,0.49049383,0.024722058,auto_accept,low_unc_low_risk
ISIC_0033091,nv,nv,0.011077932,0.00022795309,auto_accept,low_unc_low_risk
ISIC_0034091,nv,nv,0.53387785,0.00014979327,auto_accept,low_unc_low_risk
ISIC_0027239,bkl,bkl,1.0203677,0.5478352,escalate,high_unc_low_risk
ISIC_0033268,mel,mel,0.07912864,0.9641862,auto_accept,low_unc_low_risk
ISIC_0032709,mel,mel,0.055574056,0.98951167,auto_accept,low_unc_low_risk
ISIC_0025864,nv,nv,0.054041922,0.0039427243,auto_accept,low_unc_low_risk
ISIC_0030880,nv,nv,0.12545662,0.0004912651,auto_accept,low_unc_low_risk
ISIC_0031385,nv,bkl,0.6942255,0.000121690326,escalate,high_unc_low_risk
ISIC_0026587,nv,nv,0.021716801,0.004325517,auto_accept,low_unc_low_risk
ISIC_0028250,nv,nv,0.045802355,0.0002243633,auto_accept,low_unc_low_risk
ISIC_0031438,nv,nv,0.07474355,0.007975693,auto_accept,low_unc_low_risk
ISIC_0032212,nv,nv,7.572117e-05,8.619353e-09,auto_accept,low_unc_low_risk
ISIC_0033339,nv,nv,0.19619974,0.0015395551,auto_accept,low_unc_low_risk
ISIC_0031910,nv,nv,0.0033128702,6.99838e-05,auto_accept,low_unc_low_risk
ISIC_0028748,nv,nv,0.019293964,0.0015685876,auto_accept,low_unc_low_risk
ISIC_0027867,nv,nv,0.34769914,0.0002405236,auto_accept,low_unc_low_risk
ISIC_0025200,nv,nv,0.041146856,0.00041205034,auto_accept,low_unc_low_risk
ISIC_0024349,nv,nv,0.06689337,0.025407238,auto_accept,low_unc_low_risk
ISIC_0032756,bkl,bkl,0.67243636,0.00082009385,escalate,high_unc_low_risk
ISIC_0026233,nv,nv,0.019714259,0.0023756926,auto_accept,low_unc_low_risk
ISIC_0028191,nv,nv,0.035021782,0.0002012366,auto_accept,low_unc_low_risk
ISIC_0033171,mel,mel,0.033521514,0.98585814,auto_accept,low_unc_low_risk
ISIC_0034056,nv,bkl,0.75775206,0.0033351597,escalate,high_unc_low_risk
ISIC_0030907,nv,mel,0.6773961,0.63521755,escalate,high_unc_low_risk
ISIC_0028425,nv,nv,0.0021552558,3.6141555e-05,auto_accept,low_unc_low_risk
ISIC_0032243,nv,nv,0.13351351,0.0113019515,auto_accept,low_unc_low_risk
ISIC_0026627,nv,nv,0.0026506989,3.9290003e-06,auto_accept,low_unc_low_risk
ISIC_0031713,nv,nv,0.15767507,0.0032210632,auto_accept,low_unc_low_risk
ISIC_0032108,nv,nv,0.001620444,9.0611675e-06,auto_accept,low_unc_low_risk
ISIC_0032587,nv,nv,0.5792012,0.172337,escalate,high_unc_low_risk
ISIC_0034192,nv,nv,0.02359318,0.0013057647,auto_accept,low_unc_low_risk
ISIC_0028387,nv,nv,0.22959681,0.0024176766,auto_accept,low_unc_low_risk
ISIC_0028520,mel,mel,0.29255527,0.91339374,auto_accept,low_unc_low_risk
ISIC_0032666,nv,mel,0.06929538,0.9694698,auto_accept,low_unc_low_risk
ISIC_0025026,nv,nv,0.073749214,0.014930708,auto_accept,low_unc_low_risk
ISIC_0026394,nv,nv,0.0057795257,4.5576548e-05,auto_accept,low_unc_low_risk
ISIC_0025690,nv,nv,0.02673316,0.004009276,auto_accept,low_unc_low_risk
ISIC_0033299,mel,mel,0.02636506,0.98637253,auto_accept,low_unc_low_risk
ISIC_0034197,bkl,bkl,0.007759866,0.001796286,auto_accept,low_unc_low_risk
ISIC_0026862,nv,nv,0.046532717,0.00014454668,auto_accept,low_unc_low_risk
ISIC_0033448,nv,nv,0.05557569,0.00048797717,auto_accept,low_unc_low_risk
ISIC_0031631,nv,nv,0.7036647,0.0016522636,escalate,high_unc_low_risk
ISIC_0032720,nv,nv,0.016682163,0.003177633,auto_accept,low_unc_low_risk
ISIC_0024496,mel,nv,0.7016255,0.25385857,escalate,high_unc_low_risk
ISIC_0030074,nv,nv,0.0020408474,0.00010173184,auto_accept,low_unc_low_risk
ISIC_0029462,akiec,akiec,0.17813964,0.99474514,auto_accept,low_unc_low_risk
ISIC_0025164,nv,nv,0.0017071256,7.030782e-07,auto_accept,low_unc_low_risk
ISIC_0027628,nv,nv,0.014500962,0.0020947102,auto_accept,low_unc_low_risk
ISIC_0032041,nv,nv,0.006466492,9.63895e-05,auto_accept,low_unc_low_risk
ISIC_0030113,nv,nv,0.020752208,2.7734137e-05,auto_accept,low_unc_low_risk
ISIC_0028184,nv,nv,0.0012815692,1.7725375e-05,auto_accept,low_unc_low_risk
ISIC_0033978,nv,nv,0.06933264,0.004542507,auto_accept,low_unc_low_risk
ISIC_0030472,nv,nv,0.0015350623,3.905594e-05,auto_accept,low_unc_low_risk
ISIC_0027749,nv,nv,0.01150584,8.933648e-05,auto_accept,low_unc_low_risk
ISIC_0027017,bkl,bkl,0.04223794,0.0067109764,auto_accept,low_unc_low_risk
ISIC_0030291,nv,nv,7.044727e-06,3.1455723e-08,auto_accept,low_unc_low_risk
ISIC_0027728,nv,nv,0.014837864,0.000104870676,auto_accept,low_unc_low_risk
ISIC_0027128,nv,nv,0.021610172,1.29349e-05,auto_accept,low_unc_low_risk
ISIC_0026380,nv,nv,0.01824677,0.00035697946,auto_accept,low_unc_low_risk
ISIC_0025083,bkl,bkl,0.24854095,0.025234677,auto_accept,low_unc_low_risk
ISIC_0030027,nv,nv,0.0020932294,4.5184763e-05,auto_accept,low_unc_low_risk
ISIC_0026538,bkl,bkl,0.005873204,0.0013183584,auto_accept,low_unc_low_risk
ISIC_0028142,nv,nv,0.0034535604,3.7342714e-05,auto_accept,low_unc_low_risk
ISIC_0024728,nv,nv,0.006277006,9.9613215e-05,auto_accept,low_unc_low_risk
ISIC_0025772,nv,nv,5.279143e-05,4.065656e-06,auto_accept,low_unc_low_risk
ISIC_0026588,nv,nv,0.11965794,0.00085025857,auto_accept,low_unc_low_risk
ISIC_0031564,nv,nv,0.63834643,0.0018803896,escalate,high_unc_low_risk
ISIC_0033562,mel,mel,0.19464944,0.9245795,auto_accept,low_unc_low_risk
ISIC_0028131,nv,mel,0.22454667,0.8710295,auto_accept,low_unc_low_risk
ISIC_0025891,mel,nv,0.28138992,0.05775044,auto_accept,low_unc_low_risk
ISIC_0030248,nv,nv,0.00215835,5.715679e-05,auto_accept,low_unc_low_risk
ISIC_0029888,nv,nv,0.025809573,0.0003807164,auto_accept,low_unc_low_risk
ISIC_0024996,nv,nv,0.07492913,0.00055672316,auto_accept,low_unc_low_risk
ISIC_0033831,mel,mel,0.017829966,0.9953674,auto_accept,low_unc_low_risk
ISIC_0031165,nv,nv,0.57386035,0.00029144756,escalate,high_unc_low_risk
ISIC_0034116,nv,nv,0.018428158,0.00073943095,auto_accept,low_unc_low_risk
ISIC_0029858,nv,nv,0.10322964,0.017618801,auto_accept,low_unc_low_risk
ISIC_0028705,nv,nv,0.01935687,0.00045446062,auto_accept,low_unc_low_risk
ISIC_0032190,mel,nv,0.74630183,0.2594679,escalate,high_unc_low_risk
ISIC_0032904,nv,nv,0.00088634656,2.4230729e-05,auto_accept,low_unc_low_risk
ISIC_0026811,mel,mel,0.04800957,0.9899886,auto_accept,low_unc_low_risk
ISIC_0030794,akiec,akiec,0.015333069,0.9976802,auto_accept,low_unc_low_risk
ISIC_0025338,nv,nv,0.020891905,0.00062714773,auto_accept,low_unc_low_risk
ISIC_0024849,nv,nv,0.040373378,0.0023493404,auto_accept,low_unc_low_risk
ISIC_0031455,nv,nv,0.01362802,5.9535974e-05,auto_accept,low_unc_low_risk
ISIC_0031445,nv,nv,0.15422784,0.01532583,auto_accept,low_unc_low_risk
ISIC_0026020,nv,nv,0.2010024,0.0029183116,auto_accept,low_unc_low_risk
ISIC_0029483,nv,nv,0.004142711,0.00033341636,auto_accept,low_unc_low_risk
ISIC_0034293,nv,nv,0.15544662,0.0012681528,auto_accept,low_unc_low_risk
ISIC_0031938,nv,nv,0.003197879,0.0005713092,auto_accept,low_unc_low_risk
ISIC_0031533,nv,nv,0.06598318,2.2762868e-05,auto_accept,low_unc_low_risk
ISIC_0032787,nv,nv,0.09330639,0.00023848258,auto_accept,low_unc_low_risk
ISIC_0027523,nv,nv,0.008683379,8.496573e-05,auto_accept,low_unc_low_risk
ISIC_0031114,nv,nv,0.030392481,0.0002654532,auto_accept,low_unc_low_risk
ISIC_0029284,nv,nv,0.033928655,0.0016970079,auto_accept,low_unc_low_risk
ISIC_0033771,nv,nv,0.026588976,0.0003464719,auto_accept,low_unc_low_risk
ISIC_0026195,nv,nv,0.012730759,1.16023175e-05,auto_accept,low_unc_low_risk
ISIC_0031219,nv,nv,0.011912002,0.0018298982,auto_accept,low_unc_low_risk
ISIC_0025420,nv,nv,0.003762281,4.0562692e-05,auto_accept,low_unc_low_risk
ISIC_0026917,nv,nv,0.0016997246,8.149546e-05,auto_accept,low_unc_low_risk
ISIC_0027472,nv,nv,0.00017336285,1.3646854e-06,auto_accept,low_unc_low_risk
ISIC_0031877,nv,nv,0.0036161658,7.9296315e-06,auto_accept,low_unc_low_risk
ISIC_0032748,nv,nv,0.0381119,0.004809525,auto_accept,low_unc_low_risk
ISIC_0033188,nv,nv,0.18740427,0.025910415,auto_accept,low_unc_low_risk
ISIC_0031190,nv,nv,0.0014808218,3.8830738e-05,auto_accept,low_unc_low_risk
ISIC_0029529,nv,nv,0.012684376,0.0002895308,auto_accept,low_unc_low_risk
ISIC_0033957,mel,mel,0.5850609,0.6841238,escalate,high_unc_low_risk
ISIC_0028553,nv,nv,0.0006507852,1.7758728e-05,auto_accept,low_unc_low_risk
ISIC_0030553,nv,nv,0.06024995,0.008727095,auto_accept,low_unc_low_risk
ISIC_0026953,nv,nv,0.029648697,0.00013958842,auto_accept,low_unc_low_risk
ISIC_0027985,nv,nv,0.25030285,0.00040017557,auto_accept,low_unc_low_risk
ISIC_0025818,bcc,bcc,0.017588018,0.99671197,auto_accept,low_unc_low_risk
ISIC_0030215,nv,nv,0.0077890554,0.00031866785,auto_accept,low_unc_low_risk
ISIC_0025635,nv,nv,0.0043971823,7.649523e-05,auto_accept,low_unc_low_risk
ISIC_0027336,nv,nv,0.0025524893,5.1028284e-05,auto_accept,low_unc_low_risk
ISIC_0033329,nv,nv,0.095554024,2.609202e-05,auto_accept,low_unc_low_risk
ISIC_0028690,nv,nv,0.009071223,0.00016706022,auto_accept,low_unc_low_risk
ISIC_0033883,mel,nv,0.1397351,0.0047665467,auto_accept,low_unc_low_risk
ISIC_0033629,bkl,bkl,0.096970186,0.00030588213,auto_accept,low_unc_low_risk
ISIC_0025617,bcc,bcc,0.76847553,0.5013699,escalate,high_unc_low_risk
ISIC_0025352,nv,nv,0.8622551,0.029788382,escalate,high_unc_low_risk
ISIC_0029447,nv,nv,0.011198286,0.00027509258,auto_accept,low_unc_low_risk
ISIC_0032346,nv,nv,0.0034398285,2.1275893e-07,auto_accept,low_unc_low_risk
ISIC_0031209,nv,nv,0.10198117,0.00033579,auto_accept,low_unc_low_risk
ISIC_0032443,nv,nv,0.00030148687,7.0150156e-07,auto_accept,low_unc_low_risk
ISIC_0025318,nv,nv,0.0075777443,2.6964184e-05,auto_accept,low_unc_low_risk
ISIC_0030860,nv,nv,0.039064202,2.1166468e-05,auto_accept,low_unc_low_risk
ISIC_0028662,bkl,bkl,0.048796188,0.053391352,auto_accept,low_unc_low_risk
ISIC_0031406,mel,nv,0.27441567,0.017770017,auto_accept,low_unc_low_risk
ISIC_0033809,nv,nv,0.022418609,0.000819818,auto_accept,low_unc_low_risk
ISIC_0028296,nv,nv,0.025595369,0.0015337411,auto_accept,low_unc_low_risk
ISIC_0028657,nv,nv,0.037676767,6.370655e-05,auto_accept,low_unc_low_risk
ISIC_0029097,nv,nv,0.0001971145,5.2154132e-06,auto_accept,low_unc_low_risk
ISIC_0029428,nv,nv,0.0026031842,2.6006392e-05,auto_accept,low_unc_low_risk
ISIC_0029261,nv,nv,0.046213318,0.003200499,auto_accept,low_unc_low_risk
ISIC_0034001,nv,mel,0.3572139,0.82127136,auto_accept,low_unc_low_risk
ISIC_0033272,mel,mel,0.2097273,0.9323029,auto_accept,low_unc_low_risk
ISIC_0024851,bkl,nv,0.53039175,0.022928895,auto_accept,low_unc_low_risk
ISIC_0030734,nv,nv,0.07228029,0.0005231819,auto_accept,low_unc_low_risk
ISIC_0026614,bkl,bkl,0.029223397,0.0037797599,auto_accept,low_unc_low_risk
ISIC_0029310,nv,nv,0.017991796,2.8750872e-05,auto_accept,low_unc_low_risk
ISIC_0031256,nv,nv,0.058807652,0.009395559,auto_accept,low_unc_low_risk
ISIC_0024804,nv,nv,0.024879428,0.00012804702,auto_accept,low_unc_low_risk
ISIC_0029276,nv,nv,0.033414356,2.0863954e-05,auto_accept,low_unc_low_risk
ISIC_0025646,nv,nv,0.011369624,1.2014529e-05,auto_accept,low_unc_low_risk
ISIC_0027321,nv,nv,0.012947363,0.00018157264,auto_accept,low_unc_low_risk
ISIC_0024528,nv,nv,0.035875287,0.000363974,auto_accept,low_unc_low_risk
ISIC_0034085,mel,mel,0.104279734,0.9635123,auto_accept,low_unc_low_risk
ISIC_0026651,nv,nv,0.21561347,0.0047040773,auto_accept,low_unc_low_risk
ISIC_0025731,bcc,bcc,0.42411312,0.9550929,auto_accept,low_unc_low_risk
ISIC_0031181,bkl,bcc,0.7932323,0.8349185,escalate,high_unc_low_risk
ISIC_0029949,nv,nv,0.0003459183,5.3771015e-07,auto_accept,low_unc_low_risk
ISIC_0024687,nv,nv,0.04362792,0.0010574376,auto_accept,low_unc_low_risk
ISIC_0033733,nv,nv,0.0041341027,0.00023671897,auto_accept,low_unc_low_risk
ISIC_0024613,nv,nv,0.044488553,0.00022208854,auto_accept,low_unc_low_risk
ISIC_0026401,nv,nv,0.09004101,0.015270455,auto_accept,low_unc_low_risk
ISIC_0029036,bkl,bkl,0.0033790346,0.00028324343,auto_accept,low_unc_low_risk
ISIC_0027415,nv,nv,0.009924727,0.0010066034,auto_accept,low_unc_low_risk
ISIC_0032885,nv,nv,0.64663637,0.33422923,escalate,high_unc_low_risk
ISIC_0026823,mel,mel,0.04744601,0.99733377,auto_accept,low_unc_low_risk
ISIC_0030687,bcc,bcc,0.07000595,0.98682517,auto_accept,low_unc_low_risk
ISIC_0031930,nv,mel,0.8519759,0.4867152,escalate,high_unc_low_risk
ISIC_0024551,nv,nv,0.006979828,0.00038269084,auto_accept,low_unc_low_risk
ISIC_0024320,nv,nv,0.00027391315,8.0069526e-07,auto_accept,low_unc_low_risk
ISIC_0032361,nv,nv,0.000724254,4.302377e-05,auto_accept,low_unc_low_risk
ISIC_0031176,nv,nv,0.007328324,0.00018554249,auto_accept,low_unc_low_risk
ISIC_0027477,nv,nv,0.0027474428,3.102821e-05,auto_accept,low_unc_low_risk
ISIC_0034305,nv,nv,0.16533977,0.01707579,auto_accept,low_unc_low_risk
ISIC_0028858,bcc,bcc,0.075689465,0.9121946,auto_accept,low_unc_low_risk
ISIC_0027260,mel,nv,0.17594053,0.059215646,auto_accept,low_unc_low_risk
ISIC_0030934,nv,nv,0.056255247,0.00016627405,auto_accept,low_unc_low_risk
ISIC_0033506,nv,nv,0.016033426,6.072964e-06,auto_accept,low_unc_low_risk
ISIC_0025267,nv,nv,0.026108505,0.00041559752,auto_accept,low_unc_low_risk
ISIC_0025612,vasc,vasc,0.0034337249,6.709941e-05,auto_accept,low_unc_low_risk
ISIC_0030252,nv,nv,0.002292952,7.430306e-05,auto_accept,low_unc_low_risk
ISIC_0024909,bkl,bkl,1.1003453,0.17539631,escalate,high_unc_low_risk
ISIC_0032900,nv,nv,0.013008408,0.00046099178,auto_accept,low_unc_low_risk
ISIC_0034215,nv,nv,0.06219047,0.0030366727,auto_accept,low_unc_low_risk
ISIC_0029429,nv,nv,0.22794358,0.002883623,auto_accept,low_unc_low_risk
ISIC_0033864,nv,nv,0.00073399016,4.1962707e-08,auto_accept,low_unc_low_risk
ISIC_0032240,vasc,vasc,0.79968023,0.57632625,escalate,high_unc_low_risk
ISIC_0030755,bcc,bcc,0.15485935,0.88108236,auto_accept,low_unc_low_risk
ISIC_0031921,nv,nv,0.011833271,0.0002756565,auto_accept,low_unc_low_risk
ISIC_0027603,nv,nv,0.07629986,0.016499283,auto_accept,low_unc_low_risk
ISIC_0029894,nv,nv,0.73369914,0.3946155,escalate,high_unc_low_risk
ISIC_0026926,nv,nv,0.0023003733,2.9961844e-05,auto_accept,low_unc_low_risk
ISIC_0032275,nv,nv,0.0014032471,0.00015397806,auto_accept,low_unc_low_risk
ISIC_0030120,nv,nv,0.111049265,0.0067217345,auto_accept,low_unc_low_risk
ISIC_0028105,nv,nv,0.0020857642,0.00019162946,auto_accept,low_unc_low_risk
ISIC_0028781,nv,nv,0.0041271844,0.00011878162,auto_accept,low_unc_low_risk
ISIC_0032801,nv,nv,0.21728387,0.12679943,auto_accept,low_unc_low_risk
ISIC_0029278,bcc,bcc,0.13087603,0.996637,auto_accept,low_unc_low_risk
ISIC_0032591,nv,nv,0.004182784,5.4508753e-05,auto_accept,low_unc_low_risk
ISIC_0030899,nv,nv,0.22085951,0.027832698,auto_accept,low_unc_low_risk
ISIC_0029992,nv,nv,0.00091715535,5.7590546e-06,auto_accept,low_unc_low_risk
ISIC_0030413,nv,nv,0.0041366615,0.00039716408,auto_accept,low_unc_low_risk
ISIC_0032764,nv,mel,0.4205829,0.7852521,auto_accept,low_unc_low_risk
ISIC_0033970,nv,nv,0.080063194,2.9998093e-05,auto_accept,low_unc_low_risk
ISIC_0031734,nv,nv,0.033620086,0.00047371656,auto_accept,low_unc_low_risk
ISIC_0026989,mel,nv,0.0022079353,0.00013721483,auto_accept,low_unc_low_risk
ISIC_0025986,bkl,nv,0.020709489,0.0016360959,auto_accept,low_unc_low_risk
ISIC_0026805,nv,nv,0.16217175,0.03022421,auto_accept,low_unc_low_risk
ISIC_0030935,bkl,bkl,0.6065189,0.0003320508,escalate,high_unc_low_risk
ISIC_0026432,nv,nv,0.5494409,0.26979327,auto_accept,low_unc_low_risk
ISIC_0028022,mel,mel,0.027831007,0.99427044,auto_accept,low_unc_low_risk
ISIC_0027442,mel,mel,0.14721358,0.9665849,auto_accept,low_unc_low_risk
ISIC_0028023,nv,bkl,0.7443035,0.00024596442,escalate,high_unc_low_risk
ISIC_0031972,mel,mel,0.6383257,0.78232574,escalate,high_unc_low_risk
ISIC_0033477,mel,mel,0.07234789,0.9839893,auto_accept,low_unc_low_risk
ISIC_0029477,nv,nv,0.43426013,0.00028959126,auto_accept,low_unc_low_risk
ISIC_0028874,nv,nv,0.04848266,0.015280575,auto_accept,low_unc_low_risk
ISIC_0028813,nv,nv,0.05118457,0.00018528049,auto_accept,low_unc_low_risk
ISIC_0030547,nv,nv,0.011355969,0.00044955642,auto_accept,low_unc_low_risk
ISIC_0024469,nv,nv,0.0154005615,0.00014136486,auto_accept,low_unc_low_risk
ISIC_0030188,bkl,bkl,1.0118313,0.6630721,escalate,high_unc_low_risk
ISIC_0032811,nv,nv,0.010107978,4.966914e-05,auto_accept,low_unc_low_risk
ISIC_0032549,nv,nv,0.66908586,0.06977368,escalate,high_unc_low_risk
ISIC_0033937,nv,nv,0.011012383,0.001171366,auto_accept,low_unc_low_risk
ISIC_0027553,nv,nv,0.01472572,0.00022868125,auto_accept,low_unc_low_risk
ISIC_0028668,nv,nv,0.04345403,2.890543e-05,auto_accept,low_unc_low_risk
ISIC_0030963,nv,nv,0.0034655514,0.00023090729,auto_accept,low_unc_low_risk
ISIC_0025833,nv,nv,0.09805919,0.016547838,auto_accept,low_unc_low_risk
ISIC_0028097,nv,nv,0.0020669806,0.00020321023,auto_accept,low_unc_low_risk
ISIC_0028601,nv,nv,0.03659545,0.0005654304,auto_accept,low_unc_low_risk
ISIC_0027917,nv,nv,0.006328917,1.5211511e-05,auto_accept,low_unc_low_risk
ISIC_0034267,nv,nv,0.15537935,3.31063e-05,auto_accept,low_unc_low_risk
ISIC_0030906,nv,nv,0.016814534,0.0019459052,auto_accept,low_unc_low_risk
ISIC_0025384,nv,nv,0.02268633,0.0010359442,auto_accept,low_unc_low_risk
ISIC_0029890,nv,nv,0.018971102,0.0005575494,auto_accept,low_unc_low_risk
ISIC_0026832,nv,nv,0.058572747,0.001568516,auto_accept,low_unc_low_risk
ISIC_0026736,nv,nv,0.014254278,1.0860902e-05,auto_accept,low_unc_low_risk
ISIC_0024547,bkl,mel,0.47655168,0.80886644,auto_accept,low_unc_low_risk
ISIC_0032820,nv,nv,0.43492362,0.14209604,auto_accept,low_unc_low_risk
ISIC_0029312,nv,nv,0.11956489,0.00017539535,auto_accept,low_unc_low_risk
ISIC_0033341,nv,nv,0.008131586,0.00030653435,auto_accept,low_unc_low_risk
ISIC_0024634,bcc,bcc,0.0072934134,0.9975712,auto_accept,low_unc_low_risk
ISIC_0032867,vasc,vasc,0.0064643337,0.0013847413,auto_accept,low_unc_low_risk
ISIC_0033663,mel,mel,0.21976942,0.9114617,auto_accept,low_unc_low_risk
ISIC_0026267,nv,nv,0.0040202537,0.00040858044,auto_accept,low_unc_low_risk
ISIC_0032930,nv,nv,0.72763234,0.59893626,escalate,high_unc_low_risk
ISIC_0027037,bkl,bkl,0.82887745,0.19149527,escalate,high_unc_low_risk
ISIC_0024968,nv,nv,0.012307912,0.00011915917,auto_accept,low_unc_low_risk
ISIC_0026840,nv,nv,0.060900204,0.00530589,auto_accept,low_unc_low_risk
ISIC_0027157,nv,nv,0.0243939,0.0011335387,auto_accept,low_unc_low_risk
ISIC_0027095,nv,nv,0.0036930458,3.0274594e-05,auto_accept,low_unc_low_risk
ISIC_0029966,nv,nv,0.021737626,2.9611545e-05,auto_accept,low_unc_low_risk
ISIC_0031170,mel,mel,0.76083404,0.7179101,escalate,high_unc_low_risk
ISIC_0033713,mel,mel,0.3002624,0.89791554,auto_accept,low_unc_low_risk
ISIC_0032355,nv,nv,0.11648833,0.00012817222,auto_accept,low_unc_low_risk
ISIC_0027933,nv,nv,0.055860225,0.00073800265,auto_accept,low_unc_low_risk
ISIC_0029457,nv,mel,0.085800454,0.97992146,auto_accept,low_unc_low_risk
ISIC_0033906,nv,nv,0.05361829,0.0002696567,auto_accept,low_unc_low_risk
ISIC_0032381,nv,nv,0.079050556,0.012417118,auto_accept,low_unc_low_risk
ISIC_0026929,nv,nv,0.15526684,0.06178916,auto_accept,low_unc_low_risk
ISIC_0029056,mel,nv,0.21701397,0.0060160155,auto_accept,low_unc_low_risk
ISIC_0026087,nv,nv,0.06385498,0.0006239676,auto_accept,low_unc_low_risk
ISIC_0027914,nv,nv,0.07078576,0.00033149662,auto_accept,low_unc_low_risk
ISIC_0027610,nv,nv,0.008661522,0.00011760478,auto_accept,low_unc_low_risk
ISIC_0029840,akiec,akiec,0.03719161,0.986357,auto_accept,low_unc_low_risk
ISIC_0026085,bkl,bkl,0.036697887,0.0012268827,auto_accept,low_unc_low_risk
ISIC_0033346,nv,nv,0.58072275,0.00053456443,escalate,high_unc_low_risk
ISIC_0030168,nv,nv,0.09120371,0.000811037,auto_accept,low_unc_low_risk
ISIC_0028391,nv,nv,0.004008314,0.00011442575,auto_accept,low_unc_low_risk
ISIC_0025165,nv,nv,0.10313308,0.0018402403,auto_accept,low_unc_low_risk
ISIC_0026820,nv,nv,0.5361224,0.315559,auto_accept,low_unc_low_risk
ISIC_0027171,mel,nv,0.07896259,0.00917938,auto_accept,low_unc_low_risk
ISIC_0025523,nv,nv,0.00033939726,4.1077624e-06,auto_accept,low_unc_low_risk
ISIC_0032562,nv,nv,0.660175,0.39476302,escalate,high_unc_low_risk
ISIC_0024998,nv,nv,0.05362891,0.01704702,auto_accept,low_unc_low_risk
ISIC_0025126,nv,nv,0.013044605,2.6318334e-05,auto_accept,low_unc_low_risk
ISIC_0027428,bkl,bkl,0.6620004,0.0002494898,escalate,high_unc_low_risk
ISIC_0029007,nv,nv,0.19897108,5.1157254e-05,auto_accept,low_unc_low_risk
ISIC_0029285,nv,nv,0.012463984,0.00045813405,auto_accept,low_unc_low_risk
ISIC_0031968,nv,nv,0.011618418,0.0011037155,auto_accept,low_unc_low_risk
ISIC_0025143,nv,nv,0.003775164,0.00033108445,auto_accept,low_unc_low_risk
ISIC_0028480,nv,nv,0.07820528,1.4184138e-05,auto_accept,low_unc_low_risk
ISIC_0031392,nv,nv,0.03348942,0.00012598625,auto_accept,low_unc_low_risk
ISIC_0026377,nv,nv,0.19671355,0.0008783788,auto_accept,low_unc_low_risk
ISIC_0033221,nv,nv,0.004464685,4.974783e-05,auto_accept,low_unc_low_risk
ISIC_0029593,nv,nv,0.006603788,0.00019073859,auto_accept,low_unc_low_risk
ISIC_0034298,nv,mel,0.7481299,0.58059454,escalate,high_unc_low_risk
ISIC_0032056,nv,nv,0.054126643,0.005061797,auto_accept,low_unc_low_risk
ISIC_0029233,bkl,bkl,0.22214827,0.00041941312,auto_accept,low_unc_low_risk
ISIC_0028305,nv,nv,0.5868276,0.1912917,escalate,high_unc_low_risk
ISIC_0027474,nv,nv,0.004048533,0.00040637646,auto_accept,low_unc_low_risk
ISIC_0026555,nv,nv,0.0112744225,0.0005215714,auto_accept,low_unc_low_risk
ISIC_0032091,nv,nv,0.007947678,0.00024559067,auto_accept,low_unc_low_risk
ISIC_0032953,nv,nv,0.042706233,1.9392012e-06,auto_accept,low_unc_low_risk
ISIC_0031884,nv,nv,0.016937206,0.00025949403,auto_accept,low_unc_low_risk
ISIC_0031045,nv,nv,0.744878,0.12890331,escalate,high_unc_low_risk
ISIC_0024930,mel,nv,0.10740011,0.030564046,auto_accept,low_unc_low_risk
ISIC_0024616,nv,nv,0.20957108,0.020744896,auto_accept,low_unc_low_risk
ISIC_0031758,nv,nv,0.01368744,2.2097709e-05,auto_accept,low_unc_low_risk
ISIC_0030982,nv,nv,0.0015497433,7.860937e-05,auto_accept,low_unc_low_risk
ISIC_0026621,nv,nv,0.3050312,0.00030507482,auto_accept,low_unc_low_risk
ISIC_0028658,nv,nv,0.65834457,0.59347403,escalate,high_unc_low_risk
ISIC_0033015,nv,nv,0.022869818,0.00010011306,auto_accept,low_unc_low_risk
ISIC_0027286,nv,nv,0.28508067,0.053893905,auto_accept,low_unc_low_risk
ISIC_0031208,mel,mel,0.38193592,0.9116968,auto_accept,low_unc_low_risk
ISIC_0028402,nv,nv,0.005348001,0.00036328967,auto_accept,low_unc_low_risk
ISIC_0027968,nv,nv,0.0023794156,7.29034e-05,auto_accept,low_unc_low_risk
ISIC_0033189,nv,nv,0.2871691,0.054930374,auto_accept,low_unc_low_risk
ISIC_0031661,nv,nv,0.09329642,0.0001723739,auto_accept,low_unc_low_risk
ISIC_0028133,nv,nv,0.5605622,8.770499e-05,auto_accept,low_unc_low_risk
ISIC_0028044,nv,nv,0.019550439,0.00027162474,auto_accept,low_unc_low_risk
ISIC_0031302,nv,mel,0.16569573,0.9609295,auto_accept,low_unc_low_risk
ISIC_0033420,nv,nv,0.16088541,0.0050310413,auto_accept,low_unc_low_risk
ISIC_0032053,nv,nv,0.0013409881,5.142927e-05,auto_accept,low_unc_low_risk
ISIC_0026386,nv,nv,0.010688528,0.00056650274,auto_accept,low_unc_low_risk
ISIC_0031718,mel,mel,0.08860387,0.9837722,auto_accept,low_unc_low_risk
ISIC_0032707,nv,nv,0.02208022,3.866837e-05,auto_accept,low_unc_low_risk
ISIC_0025920,nv,nv,0.020570148,0.0001759144,auto_accept,low_unc_low_risk
ISIC_0027106,nv,nv,0.0064024813,0.0005162017,auto_accept,low_unc_low_risk
ISIC_0032221,nv,nv,0.036617048,0.0025613569,auto_accept,low_unc_low_risk
ISIC_0031936,nv,nv,0.007700332,0.00035182314,auto_accept,low_unc_low_risk
ISIC_0025783,mel,nv,0.4381575,0.10793893,auto_accept,low_unc_low_risk
ISIC_0029720,nv,nv,0.043956935,0.00013986396,auto_accept,low_unc_low_risk
ISIC_0033563,nv,nv,0.18900055,0.07789701,auto_accept,low_unc_low_risk
ISIC_0032744,nv,bkl,0.69743407,0.0013827197,escalate,high_unc_low_risk
ISIC_0030033,nv,nv,0.11208225,0.012938364,auto_accept,low_unc_low_risk
ISIC_0033607,mel,nv,0.039289564,0.0044924733,auto_accept,low_unc_low_risk
ISIC_0029620,nv,nv,0.011616199,0.0030786756,auto_accept,low_unc_low_risk
ISIC_0033333,mel,mel,0.46917745,0.840785,auto_accept,low_unc_low_risk
ISIC_0029795,nv,nv,0.019314718,0.0012336383,auto_accept,low_unc_low_risk
ISIC_0029534,nv,vasc,0.8267872,0.24666935,escalate,high_unc_low_risk
ISIC_0029440,nv,nv,0.08765294,0.01834035,auto_accept,low_unc_low_risk
ISIC_0028396,nv,nv,0.0041457294,0.00020531577,auto_accept,low_unc_low_risk
ISIC_0024398,nv,nv,0.017015552,0.00023572955,auto_accept,low_unc_low_risk
ISIC_0028033,mel,nv,0.83464783,0.46507138,escalate,high_unc_low_risk
ISIC_0031185,nv,nv,0.016700193,3.9721992e-05,auto_accept,low_unc_low_risk
ISIC_0026373,nv,nv,0.008084248,0.00047397154,auto_accept,low_unc_low_risk
ISIC_0026334,nv,nv,0.0065615303,3.96867e-05,auto_accept,low_unc_low_risk
ISIC_0028762,nv,nv,0.010974078,0.0017971358,auto_accept,low_unc_low_risk
ISIC_0024756,mel,nv,0.92574036,0.46238524,escalate,high_unc_low_risk
ISIC_0031553,nv,nv,0.061571877,0.00030409882,auto_accept,low_unc_low_risk
ISIC_0027955,nv,nv,0.0012402689,5.4055527e-06,auto_accept,low_unc_low_risk
ISIC_0025088,nv,nv,0.04084237,1.15961575e-05,auto_accept,low_unc_low_risk
ISIC_0031146,mel,nv,0.43036392,0.031123059,auto_accept,low_unc_low_risk
ISIC_0029510,nv,nv,0.016283633,2.1393087e-05,auto_accept,low_unc_low_risk
ISIC_0029216,mel,mel,0.021792121,0.994337,auto_accept,low_unc_low_risk
ISIC_0028482,nv,nv,0.31886268,0.0010444248,auto_accept,low_unc_low_risk
ISIC_0028434,nv,nv,0.0024478484,3.6176592e-05,auto_accept,low_unc_low_risk
ISIC_0026547,nv,nv,0.008324876,0.00039797375,auto_accept,low_unc_low_risk
ISIC_0025332,nv,nv,0.0021273687,4.615613e-05,auto_accept,low_unc_low_risk
ISIC_0032874,nv,mel,0.08791527,0.96977913,auto_accept,low_unc_low_risk
ISIC_0033541,nv,nv,0.004069111,8.43995e-06,auto_accept,low_unc_low_risk
ISIC_0027899,nv,nv,0.0011644799,0.0001567532,auto_accept,low_unc_low_risk
ISIC_0030584,nv,nv,0.084306344,0.011693483,auto_accept,low_unc_low_risk
ISIC_0033429,mel,mel,0.33319357,0.8355054,auto_accept,low_unc_low_risk
ISIC_0032643,bkl,bkl,0.3247192,0.00049594045,auto_accept,low_unc_low_risk
ISIC_0034092,mel,mel,0.14496773,0.9525681,auto_accept,low_unc_low_risk
ISIC_0026667,nv,nv,0.032310776,0.0016168625,auto_accept,low_unc_low_risk
ISIC_0025396,nv,nv,0.009699879,0.001741733,auto_accept,low_unc_low_risk
ISIC_0024366,nv,nv,0.0477665,0.0012399212,auto_accept,low_unc_low_risk
ISIC_0025951,nv,nv,0.023941828,0.0003205313,auto_accept,low_unc_low_risk
ISIC_0027481,nv,nv,0.09006543,0.000603867,auto_accept,low_unc_low_risk
ISIC_0031849,nv,nv,0.05732608,2.7443468e-05,auto_accept,low_unc_low_risk
ISIC_0032112,nv,nv,0.70832443,0.25467256,escalate,high_unc_low_risk
ISIC_0029159,nv,nv,0.02507287,9.947633e-05,auto_accept,low_unc_low_risk
ISIC_0027636,nv,nv,0.06611441,0.0068323365,auto_accept,low_unc_low_risk
ISIC_0026183,nv,nv,0.5063682,0.008843157,auto_accept,low_unc_low_risk
ISIC_0032617,mel,mel,0.17193672,0.94647884,auto_accept,low_unc_low_risk
ISIC_0029137,nv,nv,0.034781404,0.00044088232,auto_accept,low_unc_low_risk
ISIC_0031483,nv,nv,0.028178945,0.007832324,auto_accept,low_unc_low_risk
ISIC_0029059,akiec,bcc,0.017676227,0.99933136,escalate,low_unc_high_risk
ISIC_0033940,nv,nv,0.78390247,0.13735206,escalate,high_unc_low_risk
ISIC_0028667,nv,nv,0.004030607,5.3689423e-06,auto_accept,low_unc_low_risk
ISIC_0031433,nv,nv,0.006315225,0.00032642458,auto_accept,low_unc_low_risk
ISIC_0028130,nv,nv,0.25141373,0.0015279374,auto_accept,low_unc_low_risk
ISIC_0026717,bkl,bkl,0.042588353,0.029088557,auto_accept,low_unc_low_risk
ISIC_0032305,nv,nv,0.17934018,0.016326202,auto_accept,low_unc_low_risk
ISIC_0031923,nv,nv,0.0350697,0.0011246208,auto_accept,low_unc_low_risk
ISIC_0025450,mel,nv,0.014911464,3.2143369e-06,auto_accept,low_unc_low_risk
ISIC_0033323,mel,nv,0.23003936,0.08631048,auto_accept,low_unc_low_risk
ISIC_0029304,nv,nv,0.004188146,3.6568537e-05,auto_accept,low_unc_low_risk
ISIC_0034245,nv,nv,0.019694628,0.0011549642,auto_accept,low_unc_low_risk
ISIC_0030795,mel,nv,0.4952861,0.1611627,auto_accept,low_unc_low_risk
ISIC_0025356,nv,nv,0.019641224,0.0015085766,auto_accept,low_unc_low_risk
ISIC_0025391,mel,mel,0.052824467,0.98874587,auto_accept,low_unc_low_risk
ISIC_0030141,nv,nv,0.25964755,0.0169479,auto_accept,low_unc_low_risk
ISIC_0030682,nv,nv,0.07614019,0.009941937,auto_accept,low_unc_low_risk
ISIC_0033300,mel,mel,0.23573013,0.94742113,auto_accept,low_unc_low_risk
ISIC_0031711,mel,mel,0.26379287,0.9494129,auto_accept,low_unc_low_risk
ISIC_0025776,nv,nv,0.022167131,0.0013332671,auto_accept,low_unc_low_risk
ISIC_0030954,bcc,nv,0.06740066,0.011364109,auto_accept,low_unc_low_risk
ISIC_0026613,nv,nv,0.012287401,0.00053592044,auto_accept,low_unc_low_risk
ISIC_0026879,nv,nv,0.013064946,0.000107595515,auto_accept,low_unc_low_risk
ISIC_0033030,nv,nv,0.14253461,0.030433249,auto_accept,low_unc_low_risk
ISIC_0032572,nv,nv,0.036547747,0.0017454954,auto_accept,low_unc_low_risk
ISIC_0031073,nv,nv,0.050880782,0.00028874513,auto_accept,low_unc_low_risk
ISIC_0025716,bkl,mel,0.029067408,0.9989349,auto_accept,low_unc_low_risk
ISIC_0026814,nv,nv,0.251399,0.07958141,auto_accept,low_unc_low_risk
ISIC_0031741,mel,mel,0.0647912,0.9850767,auto_accept,low_unc_low_risk
ISIC_0032115,nv,nv,0.0047068223,0.0004083757,auto_accept,low_unc_low_risk
ISIC_0028886,nv,nv,0.035608258,0.0068548834,auto_accept,low_unc_low_risk
ISIC_0031102,nv,nv,0.22279146,6.0006954e-05,auto_accept,low_unc_low_risk
ISIC_0031299,nv,nv,0.0033158506,3.1985714e-05,auto_accept,low_unc_low_risk
ISIC_0033498,mel,nv,0.13842379,1.4492554e-05,auto_accept,low_unc_low_risk
ISIC_0025018,mel,nv,0.17460205,0.011192776,auto_accept,low_unc_low_risk
ISIC_0029403,nv,nv,0.023669705,0.012764583,auto_accept,low_unc_low_risk
ISIC_0030528,bcc,nv,0.66444844,0.28252852,escalate,high_unc_low_risk
ISIC_0027623,nv,nv,0.032764796,0.006017892,auto_accept,low_unc_low_risk
ISIC_0027207,nv,nv,0.06353733,0.0014152748,auto_accept,low_unc_low_risk
ISIC_0028054,nv,nv,0.027306188,0.0002658313,auto_accept,low_unc_low_risk
ISIC_0030152,nv,nv,0.002953472,3.9615537e-05,auto_accept,low_unc_low_risk
ISIC_0033152,mel,nv,0.05859212,0.0008885645,auto_accept,low_unc_low_risk
ISIC_0026563,nv,nv,0.0046367,7.0022994e-05,auto_accept,low_unc_low_risk
ISIC_0034038,nv,nv,0.050369225,0.001960589,auto_accept,low_unc_low_risk
ISIC_0025370,nv,nv,0.0003110536,9.070418e-06,auto_accept,low_unc_low_risk
ISIC_0024979,nv,nv,0.011380854,0.00030026663,auto_accept,low_unc_low_risk
ISIC_0031606,nv,nv,0.027307024,0.00017492352,auto_accept,low_unc_low_risk
ISIC_0030519,nv,nv,0.2488472,0.0027611614,auto_accept,low_unc_low_risk
ISIC_0027790,vasc,vasc,0.75628537,0.016263068,escalate,high_unc_low_risk
ISIC_0034240,nv,nv,0.5797968,0.27849716,escalate,high_unc_low_risk
ISIC_0031136,nv,nv,0.047208507,0.0055926824,auto_accept,low_unc_low_risk
ISIC_0028855,nv,nv,0.008321697,5.748564e-05,auto_accept,low_unc_low_risk
ISIC_0025435,nv,nv,0.0004402734,1.1903196e-05,auto_accept,low_unc_low_risk
ISIC_0026317,nv,nv,0.0050579603,0.00044489303,auto_accept,low_unc_low_risk
ISIC_0029684,nv,nv,0.021233993,8.259847e-05,auto_accept,low_unc_low_risk
ISIC_0024812,nv,nv,0.008804801,4.2725547e-05,auto_accept,low_unc_low_risk
ISIC_0030364,nv,nv,0.40925983,1.4075046e-05,auto_accept,low_unc_low_risk
ISIC_0031881,nv,nv,0.18521205,0.051458597,auto_accept,low_unc_low_risk
ISIC_0029685,nv,nv,0.0133493235,9.137071e-05,auto_accept,low_unc_low_risk
ISIC_0025692,nv,nv,0.17906141,0.00027260388,auto_accept,low_unc_low_risk
ISIC_0030840,nv,nv,0.2547827,0.0012841161,auto_accept,low_unc_low_risk
ISIC_0034180,mel,mel,0.5539741,0.72129095,auto_accept,low_unc_low_risk
ISIC_0024637,nv,nv,0.002618474,0.0002868155,auto_accept,low_unc_low_risk
ISIC_0025904,mel,mel,0.0208154,0.995811,auto_accept,low_unc_low_risk
ISIC_0030807,nv,nv,0.0061373897,0.00019208934,auto_accept,low_unc_low_risk
ISIC_0029142,nv,nv,0.09016552,0.0070636948,auto_accept,low_unc_low_risk
ISIC_0027629,bcc,bcc,0.016076542,0.9890031,auto_accept,low_unc_low_risk
ISIC_0030388,nv,nv,0.022531943,0.0005489296,auto_accept,low_unc_low_risk
ISIC_0024376,nv,nv,0.040884815,0.0003552706,auto_accept,low_unc_low_risk
ISIC_0031110,nv,nv,0.009917925,0.0005015258,auto_accept,low_unc_low_risk
ISIC_0028295,nv,nv,0.009840274,0.0005198787,auto_accept,low_unc_low_risk
ISIC_0024732,mel,mel,0.07228464,0.9761268,auto_accept,low_unc_low_risk
ISIC_0025529,bkl,bkl,0.046209477,0.0030100287,auto_accept,low_unc_low_risk
ISIC_0032423,nv,mel,0.7105762,0.56915957,escalate,high_unc_low_risk
ISIC_0026204,nv,nv,0.0030616238,7.358587e-05,auto_accept,low_unc_low_risk
ISIC_0033217,mel,mel,0.50636196,0.754281,auto_accept,low_unc_low_risk
ISIC_0027746,nv,nv,0.0069656298,0.0012609048,auto_accept,low_unc_low_risk
ISIC_0033908,bkl,bkl,0.00035216432,2.757168e-06,auto_accept,low_unc_low_risk
ISIC_0032465,nv,nv,0.0020013847,3.406745e-05,auto_accept,low_unc_low_risk
ISIC_0032746,nv,mel,0.2028211,0.8373513,auto_accept,low_unc_low_risk
ISIC_0033836,nv,nv,0.081742905,0.0008417765,auto_accept,low_unc_low_risk
ISIC_0029968,nv,nv,0.019762741,0.0009384692,auto_accept,low_unc_low_risk
ISIC_0027764,nv,nv,0.0053396476,0.0002030758,auto_accept,low_unc_low_risk
ISIC_0034130,nv,nv,0.026187737,1.574459e-05,auto_accept,low_unc_low_risk
ISIC_0034248,nv,nv,0.07224139,0.00017110804,auto_accept,low_unc_low_risk
ISIC_0027214,nv,nv,0.0012154712,1.9098732e-05,auto_accept,low_unc_low_risk
ISIC_0025956,nv,nv,0.28583893,0.0055557676,auto_accept,low_unc_low_risk
ISIC_0028713,nv,nv,0.06690394,0.00015414481,auto_accept,low_unc_low_risk
ISIC_0031265,nv,nv,0.0040102117,4.9156137e-05,auto_accept,low_unc_low_risk
ISIC_0028462,nv,nv,0.029945912,0.00033335536,auto_accept,low_unc_low_risk
ISIC_0030274,nv,nv,0.26652378,0.054402642,auto_accept,low_unc_low_risk
ISIC_0031210,nv,nv,0.011276201,0.00083090557,auto_accept,low_unc_low_risk
ISIC_0024352,nv,nv,0.1758686,0.033008214,auto_accept,low_unc_low_risk
ISIC_0030467,nv,nv,0.014469047,0.0010500987,auto_accept,low_unc_low_risk
ISIC_0030838,nv,nv,0.17942059,0.00014872159,auto_accept,low_unc_low_risk
ISIC_0031963,nv,nv,0.040403284,0.0006665759,auto_accept,low_unc_low_risk
ISIC_0032822,nv,mel,0.10839722,0.9731243,auto_accept,low_unc_low_risk
ISIC_0026092,vasc,vasc,0.04406707,0.0043428685,auto_accept,low_unc_low_risk
ISIC_0030572,nv,nv,0.0012375414,4.0659584e-06,auto_accept,low_unc_low_risk
ISIC_0029446,nv,nv,0.014140954,4.633629e-06,auto_accept,low_unc_low_risk
ISIC_0025941,mel,nv,0.20690739,0.028011583,auto_accept,low_unc_low_risk
ISIC_0029699,nv,nv,0.5614051,0.00011307684,auto_accept,low_unc_low_risk
ISIC_0027438,nv,nv,0.00063576887,1.1843286e-05,auto_accept,low_unc_low_risk
ISIC_0029969,nv,nv,0.019874295,0.0003042003,auto_accept,low_unc_low_risk
ISIC_0031112,nv,df,0.013886964,0.0025804793,auto_accept,low_unc_low_risk
ISIC_0029075,nv,mel,0.23402596,0.94585776,auto_accept,low_unc_low_risk
ISIC_0030861,nv,nv,0.017124845,0.0010166557,auto_accept,low_unc_low_risk
ISIC_0031275,nv,nv,0.0008523833,6.4052174e-06,auto_accept,low_unc_low_risk
ISIC_0033500,mel,mel,1.0926074,0.24590173,escalate,high_unc_low_risk
ISIC_0025558,nv,nv,0.04663724,0.006881274,auto_accept,low_unc_low_risk
ISIC_0031637,nv,nv,0.014636099,3.902177e-05,auto_accept,low_unc_low_risk
ISIC_0027264,nv,nv,0.062531725,0.014507248,auto_accept,low_unc_low_risk
ISIC_0030924,nv,bcc,0.8511533,0.49913362,escalate,high_unc_low_risk
ISIC_0029630,mel,mel,0.06033186,0.98894453,auto_accept,low_unc_low_risk
ISIC_0024596,nv,nv,0.6888295,0.46748033,escalate,high_unc_low_risk
ISIC_0032312,nv,nv,0.03924881,0.00049109344,auto_accept,low_unc_low_risk
ISIC_0025265,mel,mel,1.0135398,0.41754195,escalate,high_unc_low_risk
ISIC_0028569,nv,nv,0.012864619,0.0009560334,auto_accept,low_unc_low_risk
ISIC_0027534,nv,nv,0.17090867,0.014404489,auto_accept,low_unc_low_risk
ISIC_0029246,nv,nv,0.0016209894,1.0449793e-05,auto_accept,low_unc_low_risk
ISIC_0033025,nv,nv,0.004180799,0.0007254588,auto_accept,low_unc_low_risk
ISIC_0028177,nv,nv,0.008562326,0.000234371,auto_accept,low_unc_low_risk
ISIC_0033228,nv,nv,0.013412784,4.4292065e-06,auto_accept,low_unc_low_risk
ISIC_0032814,nv,nv,0.034542877,0.0013746812,auto_accept,low_unc_low_risk
ISIC_0026701,nv,nv,0.16111606,2.3548619e-05,auto_accept,low_unc_low_risk
ISIC_0027320,bkl,mel,0.072671495,0.98230034,auto_accept,low_unc_low_risk
ISIC_0027695,nv,nv,0.03895732,0.00077983044,auto_accept,low_unc_low_risk
ISIC_0033780,df,df,0.00023023944,0.005487637,auto_accept,low_unc_low_risk
ISIC_0031970,nv,nv,0.23199435,3.0648205e-06,auto_accept,low_unc_low_risk
ISIC_0027396,nv,nv,0.00078809884,7.1710167e-07,auto_accept,low_unc_low_risk
ISIC_0026818,nv,nv,0.7095655,0.34289184,escalate,high_unc_low_risk
ISIC_0027894,nv,nv,0.013152101,0.0005417043,auto_accept,low_unc_low_risk
ISIC_0031342,nv,nv,0.048529986,0.0026831704,auto_accept,low_unc_low_risk
ISIC_0028369,nv,nv,0.03734995,0.00068725355,auto_accept,low_unc_low_risk
ISIC_0029964,nv,nv,0.16030458,0.0053197136,auto_accept,low_unc_low_risk
ISIC_0028967,nv,nv,0.008217316,0.0008149279,auto_accept,low_unc_low_risk
ISIC_0029168,nv,nv,0.086645074,0.02172467,auto_accept,low_unc_low_risk
ISIC_0024957,nv,nv,0.027991863,0.0002537816,auto_accept,low_unc_low_risk
ISIC_0025685,nv,nv,0.035318024,0.0008771248,auto_accept,low_unc_low_risk
ISIC_0029494,nv,nv,0.0066463454,7.335208e-05,auto_accept,low_unc_low_risk
ISIC_0025364,nv,nv,0.055096004,0.003229541,auto_accept,low_unc_low_risk
ISIC_0027199,nv,nv,0.0026535215,0.00013195437,auto_accept,low_unc_low_risk
ISIC_0029907,nv,nv,0.003598856,7.0079965e-05,auto_accept,low_unc_low_risk
ISIC_0026243,nv,nv,0.007855385,0.0001651001,auto_accept,low_unc_low_risk
ISIC_0024811,nv,nv,0.042959478,0.006445171,auto_accept,low_unc_low_risk
ISIC_0026342,nv,nv,0.00035708785,4.7588537e-06,auto_accept,low_unc_low_risk
ISIC_0025923,nv,nv,0.06469815,0.006820988,auto_accept,low_unc_low_risk
ISIC_0029737,nv,nv,0.0022210875,0.00026246396,auto_accept,low_unc_low_risk
ISIC_0024785,nv,nv,0.002103638,3.7609825e-05,auto_accept,low_unc_low_risk
ISIC_0025418,nv,nv,0.0052342443,1.5894038e-06,auto_accept,low_unc_low_risk
ISIC_0031653,nv,nv,0.023777336,0.0017079114,auto_accept,low_unc_low_risk
ISIC_0033039,nv,nv,0.06538626,6.0424005e-05,auto_accept,low_unc_low_risk
ISIC_0033729,nv,nv,0.10003265,0.016436046,auto_accept,low_unc_low_risk
ISIC_0033748,nv,mel,0.2549902,0.94137496,auto_accept,low_unc_low_risk
ISIC_0030450,nv,nv,0.004681186,0.00014550793,auto_accept,low_unc_low_risk
ISIC_0026306,nv,nv,0.016347025,0.00018256877,auto_accept,low_unc_low_risk
ISIC_0034221,bkl,bkl,0.04296106,0.00033363453,auto_accept,low_unc_low_risk
ISIC_0026882,nv,nv,0.004822405,3.0002842e-05,auto_accept,low_unc_low_risk
ISIC_0031083,nv,nv,0.18508962,0.03339,auto_accept,low_unc_low_risk
ISIC_0026294,nv,nv,0.014173826,2.1639002e-05,auto_accept,low_unc_low_risk
ISIC_0033619,mel,mel,0.06128687,0.9911243,auto_accept,low_unc_low_risk
ISIC_0029970,nv,nv,0.11301266,0.00050672475,auto_accept,low_unc_low_risk
ISIC_0025494,nv,nv,0.0026698965,0.00015191028,auto_accept,low_unc_low_risk
ISIC_0025176,nv,nv,0.114301436,0.0052442164,auto_accept,low_unc_low_risk
ISIC_0031143,nv,nv,0.051647555,0.0031541127,auto_accept,low_unc_low_risk
ISIC_0029436,nv,nv,0.59525084,0.09727206,escalate,high_unc_low_risk
ISIC_0029251,bkl,bkl,0.09937199,5.3749758e-05,auto_accept,low_unc_low_risk
ISIC_0027531,bcc,bcc,0.0122635085,0.9986223,auto_accept,low_unc_low_risk
ISIC_0034084,nv,nv,0.082401045,0.004918035,auto_accept,low_unc_low_risk
ISIC_0025201,nv,nv,0.002233331,5.2619704e-05,auto_accept,low_unc_low_risk
ISIC_0026674,nv,nv,0.016238082,0.0020633985,auto_accept,low_unc_low_risk
ISIC_0030883,mel,mel,0.92361933,0.3530023,escalate,high_unc_low_risk
ISIC_0026975,nv,nv,0.61383927,0.00039282645,escalate,high_unc_low_risk
ISIC_0030972,nv,nv,0.205692,0.0072187935,auto_accept,low_unc_low_risk
ISIC_0027082,nv,nv,0.19645591,0.0005215655,auto_accept,low_unc_low_risk
ISIC_0028140,nv,nv,0.025095448,6.148621e-05,auto_accept,low_unc_low_risk
ISIC_0027752,nv,nv,0.05782826,0.0021753323,auto_accept,low_unc_low_risk
ISIC_0034067,nv,nv,0.10655298,0.02536214,auto_accept,low_unc_low_risk
ISIC_0030522,bkl,nv,0.07072521,6.899598e-05,auto_accept,low_unc_low_risk
ISIC_0024939,nv,nv,0.014827984,5.3561875e-05,auto_accept,low_unc_low_risk
ISIC_0031916,nv,nv,0.09692053,0.00062019913,auto_accept,low_unc_low_risk
ISIC_0027121,nv,nv,0.0031632646,2.5076235e-05,auto_accept,low_unc_low_risk
ISIC_0033108,nv,nv,0.7581584,0.5008921,escalate,high_unc_low_risk
ISIC_0032708,nv,nv,0.0021193267,1.0577198e-05,auto_accept,low_unc_low_risk
ISIC_0025369,nv,nv,0.00071192003,8.488143e-05,auto_accept,low_unc_low_risk
ISIC_0030979,nv,nv,0.7181668,0.3858803,escalate,high_unc_low_risk
ISIC_0028773,mel,mel,0.7132659,0.42969295,escalate,high_unc_low_risk
ISIC_0032421,nv,nv,0.2459156,0.009248305,auto_accept,low_unc_low_risk
ISIC_0031822,nv,nv,0.3909865,0.00022984372,auto_accept,low_unc_low_risk
ISIC_0026606,bkl,nv,0.017648831,0.0024785283,auto_accept,low_unc_low_risk
ISIC_0026368,nv,nv,0.0073877876,2.551315e-05,auto_accept,low_unc_low_risk
ISIC_0027889,nv,nv,0.22333369,0.058272347,auto_accept,low_unc_low_risk
ISIC_0030285,nv,nv,0.5267249,0.0023486386,auto_accept,low_unc_low_risk
ISIC_0033618,nv,nv,0.27657813,0.065106556,auto_accept,low_unc_low_risk
ISIC_0026944,nv,nv,0.009787233,6.931015e-05,auto_accept,low_unc_low_risk
ISIC_0033144,nv,nv,0.10417933,0.018324323,auto_accept,low_unc_low_risk
ISIC_0032925,mel,mel,0.01072038,0.9978808,auto_accept,low_unc_low_risk
ISIC_0026150,mel,mel,0.12290538,0.95521444,auto_accept,low_unc_low_risk
ISIC_0028011,nv,nv,0.020336691,9.794574e-05,auto_accept,low_unc_low_risk
ISIC_0032543,nv,nv,0.009044957,1.59024e-05,auto_accept,low_unc_low_risk
ISIC_0026529,nv,nv,0.22631183,4.624336e-05,auto_accept,low_unc_low_risk
ISIC_0030087,nv,nv,0.008505676,1.0408498e-05,auto_accept,low_unc_low_risk
ISIC_0026776,nv,nv,0.03416745,0.00051929004,auto_accept,low_unc_low_risk
ISIC_0031487,nv,nv,0.001388766,1.3182105e-06,auto_accept,low_unc_low_risk
ISIC_0025232,nv,nv,0.003134709,0.00022957282,auto_accept,low_unc_low_risk
ISIC_0028932,nv,nv,0.0053693647,3.345988e-06,auto_accept,low_unc_low_risk
ISIC_0026913,nv,nv,0.7233912,0.0017396366,escalate,high_unc_low_risk
ISIC_0025587,nv,nv,0.09083335,0.0024101702,auto_accept,low_unc_low_risk
ISIC_0032236,nv,mel,0.5480667,0.77356905,auto_accept,low_unc_low_risk
ISIC_0027363,nv,nv,0.0037061954,4.0364084e-05,auto_accept,low_unc_low_risk
ISIC_0027619,nv,nv,0.005841954,8.9909416e-05,auto_accept,low_unc_low_risk
ISIC_0028367,nv,nv,0.061003305,0.0008450485,auto_accept,low_unc_low_risk
ISIC_0025006,nv,nv,0.0030405193,2.377835e-05,auto_accept,low_unc_low_risk
ISIC_0027624,nv,nv,0.0010698693,2.3875034e-06,auto_accept,low_unc_low_risk
ISIC_0027570,nv,nv,0.12701143,0.026431242,auto_accept,low_unc_low_risk
ISIC_0029086,nv,nv,0.00030266633,6.462018e-07,auto_accept,low_unc_low_risk
ISIC_0032063,bkl,bkl,0.04521715,6.982701e-05,auto_accept,low_unc_low_risk
ISIC_0030993,nv,nv,0.0059540938,0.0005393724,auto_accept,low_unc_low_risk
ISIC_0032016,nv,nv,0.004283527,9.504215e-05,auto_accept,low_unc_low_risk
ISIC_0033191,nv,nv,0.0068150284,8.90405e-05,auto_accept,low_unc_low_risk
ISIC_0024889,nv,nv,0.029456131,0.0013437126,auto_accept,low_unc_low_risk
ISIC_0033137,nv,nv,0.37062657,0.0002566399,auto_accept,low_unc_low_risk
ISIC_0030818,mel,nv,0.11263989,0.032112803,auto_accept,low_unc_low_risk
ISIC_0024639,nv,nv,0.0073345876,1.6662952e-05,auto_accept,low_unc_low_risk
ISIC_0027970,nv,nv,0.003452364,7.38711e-05,auto_accept,low_unc_low_risk
ISIC_0025875,nv,nv,0.012941459,4.0816467e-05,auto_accept,low_unc_low_risk
ISIC_0031149,nv,nv,0.062152687,0.01978779,auto_accept,low_unc_low_risk
ISIC_0026403,nv,nv,0.018714905,3.995034e-05,auto_accept,low_unc_low_risk
ISIC_0027201,nv,nv,0.074662164,0.0012951905,auto_accept,low_unc_low_risk
ISIC_0033069,nv,nv,0.014393482,0.0001621608,auto_accept,low_unc_low_risk
ISIC_0033369,mel,mel,0.08636047,0.9683194,auto_accept,low_unc_low_risk
ISIC_0029370,mel,mel,0.117744096,0.9532573,auto_accept,low_unc_low_risk
ISIC_0031955,vasc,nv,0.07764512,0.006147088,auto_accept,low_unc_low_risk
ISIC_0031764,nv,nv,0.00068818673,1.0609798e-05,auto_accept,low_unc_low_risk
ISIC_0024901,nv,nv,0.005858173,3.9525876e-05,auto_accept,low_unc_low_risk
ISIC_0033635,bkl,nv,0.3747718,1.0880901e-05,auto_accept,low_unc_low_risk
ISIC_0024471,bkl,bkl,0.2313804,0.0031465148,auto_accept,low_unc_low_risk
ISIC_0024791,nv,nv,0.31786868,3.803797e-05,auto_accept,low_unc_low_risk
ISIC_0027777,nv,nv,0.0001356385,4.918736e-06,auto_accept,low_unc_low_risk
ISIC_0030611,nv,nv,0.00079718657,6.0114467e-06,auto_accept,low_unc_low_risk
ISIC_0028501,nv,nv,0.00013515557,1.3389131e-06,auto_accept,low_unc_low_risk
ISIC_0028186,nv,mel,0.7933912,0.5879137,escalate,high_unc_low_risk
ISIC_0026756,nv,nv,0.1047924,0.02394047,auto_accept,low_unc_low_risk
ISIC_0028024,nv,nv,0.0014392687,7.0776373e-06,auto_accept,low_unc_low_risk
ISIC_0026285,nv,nv,0.00029387217,1.5217355e-06,auto_accept,low_unc_low_risk
ISIC_0028494,nv,nv,0.0030616077,0.00014187233,auto_accept,low_unc_low_risk
ISIC_0028786,nv,nv,0.040318277,0.00094178016,auto_accept,low_unc_low_risk
ISIC_0028806,nv,nv,0.00020823955,2.160566e-08,auto_accept,low_unc_low_risk
ISIC_0032377,nv,nv,0.16713455,0.00024601343,auto_accept,low_unc_low_risk
ISIC_0030599,nv,nv,0.09036415,0.0041091936,auto_accept,low_unc_low_risk
ISIC_0027151,bkl,nv,0.032316342,0.0017236441,auto_accept,low_unc_low_risk
ISIC_0030791,nv,nv,0.008882876,0.0004565056,auto_accept,low_unc_low_risk
ISIC_0026077,nv,nv,0.0020122994,1.2565656e-07,auto_accept,low_unc_low_risk
ISIC_0029538,mel,nv,0.40528318,0.14883192,auto_accept,low_unc_low_risk
ISIC_0032301,nv,nv,0.04656976,0.0012659306,auto_accept,low_unc_low_risk
ISIC_0028954,nv,nv,0.010647439,0.00046410155,auto_accept,low_unc_low_risk
ISIC_0032518,nv,nv,0.020405907,0.003113715,auto_accept,low_unc_low_risk
ISIC_0032027,nv,nv,0.3782015,0.0026607772,auto_accept,low_unc_low_risk
ISIC_0026101,nv,nv,0.011530282,0.0013069728,auto_accept,low_unc_low_risk
ISIC_0026320,nv,nv,0.0017232879,3.005915e-05,auto_accept,low_unc_low_risk
ISIC_0031539,bcc,bcc,1.0307332,0.7152873,escalate,high_unc_low_risk
ISIC_0032431,nv,nv,0.015769906,0.0005429325,auto_accept,low_unc_low_risk
ISIC_0030824,mel,mel,0.74505126,0.5770962,escalate,high_unc_low_risk
ISIC_0032255,nv,nv,0.0038791897,8.283803e-05,auto_accept,low_unc_low_risk
ISIC_0026170,nv,nv,0.016242282,0.002333437,auto_accept,low_unc_low_risk
ISIC_0028851,nv,nv,0.00047367357,2.4716794e-06,auto_accept,low_unc_low_risk
ISIC_0027900,mel,nv,0.05082818,0.0009689623,auto_accept,low_unc_low_risk
ISIC_0031655,nv,nv,0.0087584285,6.7278493e-06,auto_accept,low_unc_low_risk
ISIC_0027864,nv,nv,0.06859483,0.00023100198,auto_accept,low_unc_low_risk
ISIC_0027386,nv,nv,0.010231479,0.00017616333,auto_accept,low_unc_low_risk
ISIC_0033034,mel,mel,0.46238074,0.715824,auto_accept,low_unc_low_risk
ISIC_0028148,mel,nv,0.009009255,0.00097559387,auto_accept,low_unc_low_risk
ISIC_0026599,nv,nv,0.17636405,0.041941434,auto_accept,low_unc_low_risk
ISIC_0032025,nv,nv,0.029993879,0.0072749164,auto_accept,low_unc_low_risk
ISIC_0030185,nv,nv,0.18113193,0.00036055117,auto_accept,low_unc_low_risk
ISIC_0026721,nv,nv,0.0035852594,0.00015681538,auto_accept,low_unc_low_risk
ISIC_0033063,mel,mel,0.3901931,0.7132112,auto_accept,low_unc_low_risk
ISIC_0028683,nv,nv,0.009068687,0.00021174076,auto_accept,low_unc_low_risk
ISIC_0033832,nv,nv,0.76237977,0.12149792,escalate,high_unc_low_risk
ISIC_0034308,nv,nv,0.11627676,0.004278828,auto_accept,low_unc_low_risk
ISIC_0033106,nv,nv,0.86241275,0.114589915,escalate,high_unc_low_risk
ISIC_0034317,mel,nv,0.0084222155,0.00063796836,auto_accept,low_unc_low_risk
ISIC_0033304,mel,mel,0.04783121,0.9851815,auto_accept,low_unc_low_risk
ISIC_0033893,mel,mel,0.9348201,0.5628141,escalate,high_unc_low_risk
ISIC_0030250,nv,nv,0.11386469,0.015173842,auto_accept,low_unc_low_risk
ISIC_0026898,nv,nv,0.5180414,0.23242424,auto_accept,low_unc_low_risk
ISIC_0024494,bkl,mel,0.14833584,0.9352817,auto_accept,low_unc_low_risk
ISIC_0027482,nv,nv,0.018774461,0.0014920542,auto_accept,low_unc_low_risk
ISIC_0027016,nv,nv,0.15493542,5.8852215e-06,auto_accept,low_unc_low_risk
ISIC_0028922,nv,nv,0.1518553,0.0012577983,auto_accept,low_unc_low_risk
ISIC_0029942,nv,nv,0.0017435579,3.0656556e-05,auto_accept,low_unc_low_risk
ISIC_0027935,nv,nv,0.3303317,0.0015544136,auto_accept,low_unc_low_risk
ISIC_0033765,nv,nv,0.1369861,0.01681807,auto_accept,low_unc_low_risk
ISIC_0030238,mel,nv,0.3880645,0.064799964,auto_accept,low_unc_low_risk
ISIC_0024688,mel,nv,0.22777665,0.090349555,auto_accept,low_unc_low_risk
ISIC_0031467,nv,nv,0.0025871596,7.655658e-06,auto_accept,low_unc_low_risk
ISIC_0026226,nv,bcc,0.026108515,0.9621586,auto_accept,low_unc_low_risk
ISIC_0025279,nv,nv,0.015128632,7.98446e-05,auto_accept,low_unc_low_risk
ISIC_0033994,nv,nv,0.00051106175,4.2357865e-08,auto_accept,low_unc_low_risk
ISIC_0029920,nv,nv,0.005538752,0.00029015227,auto_accept,low_unc_low_risk
ISIC_0032946,nv,nv,0.01757967,0.0003040069,auto_accept,low_unc_low_risk
ISIC_0030984,nv,nv,0.004724234,1.9891177e-05,auto_accept,low_unc_low_risk
ISIC_0034242,mel,mel,0.17717671,0.9749188,auto_accept,low_unc_low_risk
ISIC_0031634,nv,nv,0.12555593,0.0057940325,auto_accept,low_unc_low_risk
ISIC_0033232,mel,nv,0.37979716,0.20093028,auto_accept,low_unc_low_risk
ISIC_0030064,nv,mel,1.1110483,0.925047,escalate,high_unc_low_risk
ISIC_0027802,akiec,akiec,0.00053688075,0.9999157,escalate,low_unc_high_risk
ISIC_0025880,nv,nv,0.17394505,0.024921015,auto_accept,low_unc_low_risk
ISIC_0031183,nv,nv,0.042700324,0.0015091382,auto_accept,low_unc_low_risk
ISIC_0034159,mel,mel,0.15403,0.965963,auto_accept,low_unc_low_risk
ISIC_0033763,nv,nv,0.01434623,0.0012005103,auto_accept,low_unc_low_risk
ISIC_0028379,nv,nv,0.0029038568,9.988755e-05,auto_accept,low_unc_low_risk
ISIC_0031800,nv,nv,0.024082625,0.0009448005,auto_accept,low_unc_low_risk
ISIC_0025503,nv,nv,0.004791468,3.6534242e-05,auto_accept,low_unc_low_risk
ISIC_0025887,nv,nv,0.11508265,0.012260837,auto_accept,low_unc_low_risk
ISIC_0026376,nv,nv,0.012418588,4.7555044e-05,auto_accept,low_unc_low_risk
ISIC_0031320,nv,nv,0.009197253,7.299468e-05,auto_accept,low_unc_low_risk
ISIC_0029848,nv,nv,0.021791529,9.4725285e-05,auto_accept,low_unc_low_risk
ISIC_0027350,mel,nv,0.18037802,0.015612488,auto_accept,low_unc_low_risk
ISIC_0027323,nv,nv,0.35124633,0.07910018,auto_accept,low_unc_low_risk
ISIC_0030209,nv,nv,0.46694764,0.013536057,auto_accept,low_unc_low_risk
ISIC_0025229,nv,nv,0.013512699,0.00021813327,auto_accept,low_unc_low_risk
ISIC_0029863,nv,nv,0.010501044,9.325222e-05,auto_accept,low_unc_low_risk
ISIC_0032195,nv,nv,0.44942945,0.14243263,auto_accept,low_unc_low_risk
ISIC_0027730,nv,nv,0.0023436863,0.00012530094,auto_accept,low_unc_low_risk
ISIC_0029469,nv,nv,0.494973,0.00071291055,auto_accept,low_unc_low_risk
ISIC_0025906,bkl,bkl,0.6804775,1.1289056e-05,escalate,high_unc_low_risk
ISIC_0034199,nv,bkl,0.5601035,0.00033949848,auto_accept,low_unc_low_risk
ISIC_0029180,nv,nv,0.07244553,0.000111503505,auto_accept,low_unc_low_risk
ISIC_0033452,mel,mel,0.43552548,0.7886888,auto_accept,low_unc_low_risk
ISIC_0027149,mel,mel,0.9449416,0.6981649,escalate,high_unc_low_risk
ISIC_0027216,df,df,0.036789816,0.021803493,auto_accept,low_unc_low_risk
ISIC_0027101,mel,mel,0.104191005,0.9797815,auto_accept,low_unc_low_risk
ISIC_0026973,nv,nv,0.014998068,2.6133384e-05,auto_accept,low_unc_low_risk
ISIC_0025456,nv,nv,0.00943233,0.000109734785,auto_accept,low_unc_low_risk
ISIC_0031066,nv,nv,0.0021817265,0.00011231001,auto_accept,low_unc_low_risk
ISIC_0027604,mel,mel,0.7643181,0.5934283,escalate,high_unc_low_risk
ISIC_0032295,nv,nv,0.027265705,0.008758783,auto_accept,low_unc_low_risk
ISIC_0025208,nv,nv,0.5393355,0.012212424,auto_accept,low_unc_low_risk
ISIC_0031232,nv,nv,0.016410537,0.0013974727,auto_accept,low_unc_low_risk
ISIC_0024589,nv,nv,0.0021117164,1.5741842e-05,auto_accept,low_unc_low_risk
ISIC_0028956,nv,nv,0.014477089,1.8005416e-05,auto_accept,low_unc_low_risk
ISIC_0030633,nv,nv,0.4389664,0.001178919,auto_accept,low_unc_low_risk
ISIC_0025782,nv,mel,0.008355198,0.99869126,auto_accept,low_unc_low_risk
ISIC_0030286,nv,nv,0.004721927,8.650038e-05,auto_accept,low_unc_low_risk
ISIC_0033971,nv,nv,0.26113477,0.022703048,auto_accept,low_unc_low_risk
ISIC_0031684,nv,nv,0.007220621,5.061092e-05,auto_accept,low_unc_low_risk
ISIC_0033980,mel,nv,0.025567621,0.004533893,auto_accept,low_unc_low_risk
ISIC_0030090,nv,nv,0.044912565,0.007318131,auto_accept,low_unc_low_risk
ISIC_0029451,nv,nv,0.018688796,0.0020063547,auto_accept,low_unc_low_risk
ISIC_0027409,nv,nv,0.005079583,1.5516824e-05,auto_accept,low_unc_low_risk
ISIC_0030149,nv,nv,0.029097876,2.2040043e-05,auto_accept,low_unc_low_risk
ISIC_0029298,nv,nv,0.2653778,0.047655,auto_accept,low_unc_low_risk
ISIC_0033326,nv,nv,0.0044453843,0.00020190196,auto_accept,low_unc_low_risk
ISIC_0028538,nv,nv,0.009639569,0.00017549207,auto_accept,low_unc_low_risk
ISIC_0031104,nv,nv,0.0016329001,2.9730097e-07,auto_accept,low_unc_low_risk
ISIC_0032626,mel,mel,0.09702661,0.97941214,auto_accept,low_unc_low_risk
ISIC_0031777,nv,nv,0.047255564,0.0024931864,auto_accept,low_unc_low_risk
ISIC_0032402,nv,nv,0.0040261704,2.1688793e-06,auto_accept,low_unc_low_risk
ISIC_0029378,nv,nv,0.0842136,6.868279e-05,auto_accept,low_unc_low_risk
ISIC_0032367,nv,nv,0.04080075,0.0013693861,auto_accept,low_unc_low_risk
ISIC_0028745,nv,nv,0.017482016,0.0008004909,auto_accept,low_unc_low_risk
ISIC_0026099,nv,nv,0.42262766,0.032489695,auto_accept,low_unc_low_risk
ISIC_0024441,nv,nv,0.14058934,0.020197447,auto_accept,low_unc_low_risk
ISIC_0032073,nv,nv,0.0073547917,5.486965e-05,auto_accept,low_unc_low_risk
ISIC_0034209,nv,bkl,0.5906109,0.019935356,escalate,high_unc_low_risk
ISIC_0027268,nv,nv,0.45884532,6.383309e-05,auto_accept,low_unc_low_risk
ISIC_0030720,nv,nv,0.005670484,0.00012245686,auto_accept,low_unc_low_risk
ISIC_0024942,nv,nv,0.016650006,0.0007145866,auto_accept,low_unc_low_risk
ISIC_0031493,nv,nv,0.052822236,0.001082263,auto_accept,low_unc_low_risk
ISIC_0030728,nv,nv,0.008275396,0.0002186436,auto_accept,low_unc_low_risk
ISIC_0032645,mel,mel,0.060563203,0.9849498,auto_accept,low_unc_low_risk
ISIC_0032136,nv,nv,0.019317664,0.002640809,auto_accept,low_unc_low_risk
ISIC_0026396,nv,nv,0.03811711,0.004069821,auto_accept,low_unc_low_risk
ISIC_0030343,nv,nv,0.05460561,0.019379545,auto_accept,low_unc_low_risk
ISIC_0029808,nv,nv,0.019604677,0.00032171735,auto_accept,low_unc_low_risk
ISIC_0030944,nv,nv,0.14656943,0.0012918432,auto_accept,low_unc_low_risk
ISIC_0024564,bcc,bcc,0.008816079,0.99918014,escalate,low_unc_high_risk
ISIC_0033067,nv,nv,0.2775943,0.013099839,auto_accept,low_unc_low_risk
ISIC_0026303,nv,nv,0.11823086,0.0028154764,auto_accept,low_unc_low_risk
ISIC_0025308,nv,nv,0.009155872,9.094208e-05,auto_accept,low_unc_low_risk
ISIC_0034164,nv,nv,0.11735194,0.021690927,auto_accept,low_unc_low_risk
ISIC_0024476,nv,bkl,0.2150815,0.0010374265,auto_accept,low_unc_low_risk
ISIC_0028090,nv,nv,0.0075437124,0.0002863532,auto_accept,low_unc_low_risk
ISIC_0025859,nv,nv,0.039724085,0.00031955744,auto_accept,low_unc_low_risk
ISIC_0024355,nv,nv,0.00018664522,1.0960793e-05,auto_accept,low_unc_low_risk
ISIC_0027479,nv,nv,0.01744068,0.001302111,auto_accept,low_unc_low_risk
ISIC_0033022,bkl,bkl,0.003665337,0.001208506,auto_accept,low_unc_low_risk
ISIC_0025448,nv,nv,0.033322774,0.00040913202,auto_accept,low_unc_low_risk
ISIC_0026962,nv,nv,0.036398415,8.2000064e-05,auto_accept,low_unc_low_risk
ISIC_0025363,mel,mel,0.13590443,0.98577696,auto_accept,low_unc_low_risk
ISIC_0029767,nv,nv,0.0028610483,0.00010675138,auto_accept,low_unc_low_risk
ISIC_0033777,nv,nv,0.1557051,0.008280877,auto_accept,low_unc_low_risk
ISIC_0029439,vasc,vasc,0.005247769,0.0019569632,auto_accept,low_unc_low_risk
ISIC_0031765,nv,nv,0.00010142128,5.439538e-06,auto_accept,low_unc_low_risk
ISIC_0033656,nv,nv,0.030548144,0.00010381461,auto_accept,low_unc_low_risk
ISIC_0027656,nv,nv,0.09716403,0.00025199231,auto_accept,low_unc_low_risk
ISIC_0034111,nv,nv,0.05716119,1.5468423e-06,auto_accept,low_unc_low_risk
ISIC_0032783,nv,nv,0.043675214,0.003782653,auto_accept,low_unc_low_risk
ISIC_0026360,mel,mel,0.14292274,0.95017415,auto_accept,low_unc_low_risk
ISIC_0027906,nv,nv,0.08910401,0.0005143662,auto_accept,low_unc_low_risk
ISIC_0031595,nv,nv,0.021163536,0.0007735327,auto_accept,low_unc_low_risk
ISIC_0025624,nv,nv,0.0031151003,3.655961e-05,auto_accept,low_unc_low_risk
ISIC_0032936,mel,nv,0.05604131,0.017690476,auto_accept,low_unc_low_risk
ISIC_0034039,nv,nv,0.34200457,0.021081012,auto_accept,low_unc_low_risk
ISIC_0026271,nv,nv,0.049558662,4.3965072e-05,auto_accept,low_unc_low_risk
ISIC_0030224,nv,nv,0.04338163,3.3752607e-05,auto_accept,low_unc_low_risk
ISIC_0032317,nv,nv,0.048377194,0.00020876659,auto_accept,low_unc_low_risk
ISIC_0027558,nv,nv,0.31206596,0.0035759432,auto_accept,low_unc_low_risk
ISIC_0026719,nv,nv,0.0028113974,0.000110801506,auto_accept,low_unc_low_risk
ISIC_0029239,nv,nv,0.044430636,0.00034077012,auto_accept,low_unc_low_risk
ISIC_0025300,nv,nv,0.2147573,0.0006573472,auto_accept,low_unc_low_risk
ISIC_0027560,mel,mel,0.0027061736,0.9995981,escalate,low_unc_high_risk
ISIC_0031757,nv,nv,0.010699985,0.00048694838,auto_accept,low_unc_low_risk
ISIC_0032871,nv,mel,0.1157353,0.9724157,auto_accept,low_unc_low_risk
ISIC_0028904,nv,nv,0.07163809,0.0005442927,auto_accept,low_unc_low_risk
ISIC_0031318,bcc,bcc,0.0217065,0.998602,auto_accept,low_unc_low_risk
ISIC_0031423,nv,nv,0.0052797017,0.00034570147,auto_accept,low_unc_low_risk
ISIC_0028259,nv,nv,0.20314431,0.023874626,auto_accept,low_unc_low_risk
ISIC_0027491,nv,nv,0.009018729,0.0006066961,auto_accept,low_unc_low_risk
ISIC_0027315,nv,nv,0.020798603,0.0016812813,auto_accept,low_unc_low_risk
ISIC_0025407,nv,nv,0.021058038,0.00019318462,auto_accept,low_unc_low_risk
ISIC_0028969,mel,mel,0.20514208,0.9463693,auto_accept,low_unc_low_risk
ISIC_0032300,nv,nv,0.0032554027,6.0101385e-05,auto_accept,low_unc_low_risk
ISIC_0031658,nv,nv,0.0050926735,3.8236074e-05,auto_accept,low_unc_low_risk
ISIC_0033580,nv,nv,0.32141656,0.08928129,auto_accept,low_unc_low_risk
ISIC_0034194,nv,nv,0.012139974,0.0013080232,auto_accept,low_unc_low_risk
ISIC_0028322,nv,nv,0.0077814073,1.2436638e-05,auto_accept,low_unc_low_risk
ISIC_0027160,nv,nv,0.52001745,0.0014396412,auto_accept,low_unc_low_risk
ISIC_0028917,nv,nv,0.017934406,0.00085296814,auto_accept,low_unc_low_risk
ISIC_0030374,nv,nv,0.00041047492,4.9767254e-06,auto_accept,low_unc_low_risk
ISIC_0025263,nv,nv,0.00038608795,1.1530992e-05,auto_accept,low_unc_low_risk
ISIC_0026521,nv,nv,0.01125965,0.0002486171,auto_accept,low_unc_low_risk
ISIC_0029614,nv,nv,0.026446862,0.0037878568,auto_accept,low_unc_low_risk
ISIC_0030625,nv,nv,0.09115508,0.0037807473,auto_accept,low_unc_low_risk
ISIC_0029470,nv,mel,0.54609776,0.74297947,auto_accept,low_unc_low_risk
ISIC_0026185,nv,nv,0.025206022,0.0010978595,auto_accept,low_unc_low_risk
ISIC_0031830,nv,nv,0.09044795,0.004067427,auto_accept,low_unc_low_risk
ISIC_0030013,nv,nv,4.4503624e-05,5.3380876e-07,auto_accept,low_unc_low_risk
ISIC_0026763,nv,nv,0.034591928,0.0026929844,auto_accept,low_unc_low_risk
ISIC_0033234,nv,nv,0.22966513,0.05270225,auto_accept,low_unc_low_risk
ISIC_0027947,nv,nv,0.049002748,0.00074935856,auto_accept,low_unc_low_risk
ISIC_0025917,nv,nv,0.012704375,1.8880847e-07,auto_accept,low_unc_low_risk
ISIC_0031683,nv,nv,0.019404966,0.0079550985,auto_accept,low_unc_low_risk
ISIC_0026906,nv,nv,0.0009886707,2.0398495e-06,auto_accept,low_unc_low_risk
ISIC_0026331,nv,nv,0.009080245,5.0295395e-05,auto_accept,low_unc_low_risk
ISIC_0027425,bcc,bcc,0.16442992,0.9900477,auto_accept,low_unc_low_risk
ISIC_0025060,nv,nv,0.0021788285,4.4628698e-05,auto_accept,low_unc_low_risk
ISIC_0032272,nv,nv,0.003880247,1.6268956e-05,auto_accept,low_unc_low_risk
ISIC_0028939,nv,nv,0.0035488484,1.6923772e-05,auto_accept,low_unc_low_risk
ISIC_0029385,nv,nv,0.17591862,0.0021160387,auto_accept,low_unc_low_risk
ISIC_0031463,nv,nv,0.0040839287,0.00025970687,auto_accept,low_unc_low_risk
ISIC_0024834,nv,nv,0.0046802587,2.6008076e-05,auto_accept,low_unc_low_risk
ISIC_0031174,nv,nv,0.0108318515,0.0005266324,auto_accept,low_unc_low_risk
ISIC_0027114,nv,nv,0.031732377,0.0047191647,auto_accept,low_unc_low_risk
ISIC_0027387,mel,nv,0.073168725,0.010475341,auto_accept,low_unc_low_risk
ISIC_0032691,nv,nv,0.15205364,0.039562102,auto_accept,low_unc_low_risk
ISIC_0030957,nv,nv,0.06982967,0.009700118,auto_accept,low_unc_low_risk
ISIC_0032263,nv,nv,0.0011291289,2.3072997e-05,auto_accept,low_unc_low_risk
ISIC_0028706,nv,vasc,0.34746975,0.00013681308,auto_accept,low_unc_low_risk
ISIC_0028313,nv,nv,0.0020875917,0.00015676487,auto_accept,low_unc_low_risk
ISIC_0033135,vasc,vasc,0.0034014073,0.004088598,auto_accept,low_unc_low_risk
ISIC_0024407,nv,nv,0.15987478,0.00093691907,auto_accept,low_unc_low_risk
ISIC_0024774,bkl,bkl,0.1074664,0.0016666737,auto_accept,low_unc_low_risk
ISIC_0024561,nv,nv,0.70638645,0.6352162,escalate,high_unc_low_risk
ISIC_0025693,bkl,mel,0.55697566,0.9487268,auto_accept,low_unc_low_risk
ISIC_0031913,nv,mel,0.18215849,0.942048,auto_accept,low_unc_low_risk
ISIC_0031507,nv,nv,0.036944713,0.0009712,auto_accept,low_unc_low_risk
ISIC_0030428,nv,nv,0.01466194,0.00068977324,auto_accept,low_unc_low_risk
ISIC_0033102,nv,nv,0.029084748,0.0012116286,auto_accept,low_unc_low_risk
ISIC_0029922,nv,nv,0.004263784,0.00014816121,auto_accept,low_unc_low_risk
ISIC_0032483,nv,nv,0.0065248497,0.0005220802,auto_accept,low_unc_low_risk
ISIC_0028766,nv,nv,0.25266966,0.0008933273,auto_accept,low_unc_low_risk
ISIC_0034016,nv,nv,0.00048145562,2.4363972e-06,auto_accept,low_unc_low_risk
ISIC_0027919,nv,nv,0.015861738,1.7813683e-05,auto_accept,low_unc_low_risk
ISIC_0024429,nv,nv,0.007818543,0.00032488466,auto_accept,low_unc_low_risk
ISIC_0030578,nv,nv,0.009698909,0.00026770198,auto_accept,low_unc_low_risk
ISIC_0024309,nv,nv,0.010424633,0.00025579418,auto_accept,low_unc_low_risk
ISIC_0028648,nv,nv,0.21608303,0.036144618,auto_accept,low_unc_low_risk
ISIC_0029274,nv,nv,0.00072701444,5.605059e-07,auto_accept,low_unc_low_risk
ISIC_0031177,mel,mel,0.5998737,0.72250336,escalate,high_unc_low_risk
ISIC_0031863,nv,nv,0.02283611,8.874357e-07,auto_accept,low_unc_low_risk
ISIC_0027807,nv,nv,0.18470654,0.0006343174,auto_accept,low_unc_low_risk
ISIC_0033608,vasc,vasc,0.00018657946,0.00018076609,auto_accept,low_unc_low_risk
ISIC_0024526,nv,nv,0.076216385,0.0052013383,auto_accept,low_unc_low_risk
ISIC_0032285,nv,nv,0.016537802,0.0018695279,auto_accept,low_unc_low_risk
ISIC_0028733,nv,nv,0.0027452006,4.611723e-05,auto_accept,low_unc_low_risk
ISIC_0029611,nv,nv,0.015364333,0.0028077343,auto_accept,low_unc_low_risk
ISIC_0030135,nv,nv,0.004154821,0.00027940585,auto_accept,low_unc_low_risk
ISIC_0026288,nv,nv,0.00617573,0.00011932063,auto_accept,low_unc_low_risk
ISIC_0030958,nv,nv,0.0011565218,7.184471e-05,auto_accept,low_unc_low_risk
ISIC_0033133,nv,nv,0.040376607,0.0043044817,auto_accept,low_unc_low_risk
ISIC_0032982,mel,nv,0.120432965,0.030613463,auto_accept,low_unc_low_risk
ISIC_0030781,nv,nv,0.002310485,0.00011131195,auto_accept,low_unc_low_risk
ISIC_0028769,nv,nv,0.3369529,1.8031777e-05,auto_accept,low_unc_low_risk
ISIC_0026931,nv,nv,0.20380658,1.602263e-05,auto_accept,low_unc_low_risk
ISIC_0025394,mel,nv,0.005280569,0.00022488632,auto_accept,low_unc_low_risk
ISIC_0030320,nv,nv,0.006707623,0.00023883142,auto_accept,low_unc_low_risk
ISIC_0025866,nv,nv,0.0143134715,0.001013364,auto_accept,low_unc_low_risk
ISIC_0029156,nv,nv,0.014479344,0.0017823236,auto_accept,low_unc_low_risk
ISIC_0030154,nv,nv,0.019456545,0.00011172221,auto_accept,low_unc_low_risk
ISIC_0025256,nv,nv,0.2723186,0.00020456544,auto_accept,low_unc_low_risk
ISIC_0032451,nv,nv,0.011660749,0.0005526938,auto_accept,low_unc_low_risk
ISIC_0033698,nv,nv,0.2782766,0.120196134,auto_accept,low_unc_low_risk
ISIC_0034211,mel,mel,0.6993722,0.6822182,escalate,high_unc_low_risk
ISIC_0034213,nv,nv,0.067806095,0.009400949,auto_accept,low_unc_low_risk
ISIC_0028999,nv,nv,0.63126343,0.2576203,escalate,high_unc_low_risk
ISIC_0033294,nv,nv,0.19591832,0.0336471,auto_accept,low_unc_low_risk
ISIC_0029898,nv,nv,0.10366609,0.019757416,auto_accept,low_unc_low_risk
ISIC_0031227,nv,nv,0.11342973,0.0009191333,auto_accept,low_unc_low_risk
ISIC_0029742,vasc,vasc,0.00067833706,0.00012076682,auto_accept,low_unc_low_risk
ISIC_0028469,nv,nv,0.03779312,0.0015257841,auto_accept,low_unc_low_risk
ISIC_0030043,nv,nv,0.025521195,2.5604722e-05,auto_accept,low_unc_low_risk
ISIC_0025397,nv,nv,0.058412414,0.0012244381,auto_accept,low_unc_low_risk
ISIC_0030221,nv,nv,0.10578318,0.000215433,auto_accept,low_unc_low_risk
ISIC_0026836,nv,nv,0.004108992,1.0859473e-05,auto_accept,low_unc_low_risk
ISIC_0032779,nv,nv,0.08156761,0.024830425,auto_accept,low_unc_low_risk
ISIC_0032249,bkl,bkl,0.61602944,3.5620837e-05,escalate,high_unc_low_risk
ISIC_0028785,nv,nv,0.005203295,9.06605e-05,auto_accept,low_unc_low_risk
ISIC_0033149,nv,nv,0.06831967,0.009886995,auto_accept,low_unc_low_risk
ISIC_0029594,nv,nv,0.0066357343,0.00063762954,auto_accept,low_unc_low_risk
ISIC_0027418,nv,nv,0.019827215,0.0011269486,auto_accept,low_unc_low_risk
ISIC_0026336,vasc,vasc,0.0016983307,0.00072978984,auto_accept,low_unc_low_risk
ISIC_0025705,nv,nv,0.3595859,0.11081453,auto_accept,low_unc_low_risk
ISIC_0033716,bkl,mel,0.07112491,0.97353,auto_accept,low_unc_low_risk
ISIC_0024478,nv,nv,0.008948162,0.0006189674,auto_accept,low_unc_low_risk
ISIC_0027177,nv,nv,0.016565247,2.630235e-05,auto_accept,low_unc_low_risk
ISIC_0024892,nv,nv,0.03634801,0.006790125,auto_accept,low_unc_low_risk
ISIC_0031627,nv,nv,0.004530298,0.00010044756,auto_accept,low_unc_low_risk
ISIC_0033142,nv,nv,0.10603047,3.550566e-05,auto_accept,low_unc_low_risk
ISIC_0027614,nv,nv,0.14334695,0.002705676,auto_accept,low_unc_low_risk
ISIC_0032060,nv,nv,0.074438214,0.0016753003,auto_accept,low_unc_low_risk
ISIC_0026831,bcc,bcc,0.017010016,0.9954444,auto_accept,low_unc_low_risk
ISIC_0033386,nv,nv,0.28481776,0.0032608048,auto_accept,low_unc_low_risk
ISIC_0027236,nv,nv,0.025813026,8.296673e-05,auto_accept,low_unc_low_risk
ISIC_0029976,nv,nv,0.2083946,0.0175127,auto_accept,low_unc_low_risk
ISIC_0031641,nv,nv,0.0014575834,3.2057964e-05,auto_accept,low_unc_low_risk
ISIC_0031523,nv,nv,0.05418281,0.00030400432,auto_accept,low_unc_low_risk
ISIC_0030549,akiec,bcc,0.7394248,0.9790466,escalate,high_unc_low_risk
ISIC_0033824,nv,nv,0.038681947,0.0014188814,auto_accept,low_unc_low_risk
ISIC_0033525,nv,nv,0.84746027,0.30819643,escalate,high_unc_low_risk
ISIC_0033328,nv,nv,0.036697585,0.00041117842,auto_accept,low_unc_low_risk
ISIC_0029821,nv,nv,0.14426406,0.016021455,auto_accept,low_unc_low_risk
ISIC_0032660,bcc,bcc,0.015320619,0.99742705,auto_accept,low_unc_low_risk
ISIC_0027078,nv,nv,0.07714396,0.0026086036,auto_accept,low_unc_low_risk
ISIC_0030059,nv,nv,0.01310818,6.148145e-07,auto_accept,low_unc_low_risk
ISIC_0031065,vasc,vasc,0.002098402,0.00023047638,auto_accept,low_unc_low_risk
ISIC_0030575,mel,nv,0.010067563,0.00033952022,auto_accept,low_unc_low_risk
ISIC_0034285,nv,nv,0.16251701,0.04526393,auto_accept,low_unc_low_risk
ISIC_0027190,mel,mel,0.24175982,0.8671968,auto_accept,low_unc_low_risk
ISIC_0031983,nv,nv,0.051021636,0.0002689494,auto_accept,low_unc_low_risk
ISIC_0030085,nv,nv,0.48497966,0.14179672,auto_accept,low_unc_low_risk
ISIC_0029775,nv,nv,0.16929063,0.00013885643,auto_accept,low_unc_low_risk
ISIC_0026638,nv,nv,0.2837711,0.0021103474,auto_accept,low_unc_low_risk
ISIC_0030502,nv,nv,0.08745226,0.009125293,auto_accept,low_unc_low_risk
ISIC_0029723,nv,nv,0.0077360943,0.0005096037,auto_accept,low_unc_low_risk
ISIC_0027723,nv,nv,0.02651953,0.0018709609,auto_accept,low_unc_low_risk
ISIC_0030999,nv,nv,0.4488661,0.00015741526,auto_accept,low_unc_low_risk
ISIC_0029599,nv,nv,0.00998068,0.00040812037,auto_accept,low_unc_low_risk
ISIC_0026707,nv,nv,0.004003943,4.789368e-06,auto_accept,low_unc_low_risk
ISIC_0027048,nv,nv,0.003505114,0.0002623861,auto_accept,low_unc_low_risk
ISIC_0032350,nv,nv,0.0019035385,5.8426947e-05,auto_accept,low_unc_low_risk
ISIC_0030246,mel,mel,0.11440074,0.9678544,auto_accept,low_unc_low_risk
ISIC_0029248,df,df,0.002484155,0.0010327416,auto_accept,low_unc_low_risk
ISIC_0027500,nv,nv,0.034563582,5.538588e-06,auto_accept,low_unc_low_risk
ISIC_0033388,nv,nv,0.07537546,0.0018413962,auto_accept,low_unc_low_risk
ISIC_0026429,nv,bkl,0.70801973,0.000940649,escalate,high_unc_low_risk
ISIC_0033295,akiec,akiec,0.7390332,0.93574494,escalate,high_unc_low_risk
ISIC_0030962,nv,nv,0.0014244908,2.0864889e-05,auto_accept,low_unc_low_risk
ISIC_0031551,nv,nv,0.029960519,0.0017063055,auto_accept,low_unc_low_risk
ISIC_0031843,nv,nv,0.008510331,0.0018939108,auto_accept,low_unc_low_risk
ISIC_0029551,nv,nv,0.011911224,0.00025876347,auto_accept,low_unc_low_risk
ISIC_0024523,nv,nv,0.042945884,0.00019517308,auto_accept,low_unc_low_risk
ISIC_0024670,nv,nv,0.0035954502,3.972616e-05,auto_accept,low_unc_low_risk
ISIC_0029363,mel,mel,0.36559004,0.9116992,auto_accept,low_unc_low_risk
ISIC_0030996,nv,nv,0.061581038,0.0042150235,auto_accept,low_unc_low_risk
ISIC_0032239,nv,nv,0.01251394,0.000848353,auto_accept,low_unc_low_risk
ISIC_0027912,nv,nv,0.025755892,0.0019180248,auto_accept,low_unc_low_risk
ISIC_0026291,bkl,bkl,0.03585123,0.0015205911,auto_accept,low_unc_low_risk
ISIC_0030117,nv,nv,0.017694348,0.0009318451,auto_accept,low_unc_low_risk
ISIC_0026112,nv,nv,0.055494066,0.001842148,auto_accept,low_unc_low_risk
ISIC_0027901,nv,nv,0.032704674,0.0024367617,auto_accept,low_unc_low_risk
ISIC_0033726,nv,nv,0.029038196,0.0004270098,auto_accept,low_unc_low_risk
ISIC_0028300,nv,nv,0.052043345,0.00087718194,auto_accept,low_unc_low_risk
ISIC_0027104,nv,nv,0.004902098,0.00033262235,auto_accept,low_unc_low_risk
ISIC_0028549,nv,nv,0.040178284,6.714089e-05,auto_accept,low_unc_low_risk
ISIC_0027541,nv,nv,0.012700389,0.00025899254,auto_accept,low_unc_low_risk
ISIC_0032480,nv,nv,0.031164313,0.00093323604,auto_accept,low_unc_low_risk
ISIC_0031521,nv,nv,0.029709663,0.001578831,auto_accept,low_unc_low_risk
ISIC_0031252,nv,nv,0.0013406044,6.1118204e-05,auto_accept,low_unc_low_risk
ISIC_0024315,mel,mel,0.074018575,0.9855833,auto_accept,low_unc_low_risk
ISIC_0031974,nv,nv,0.0145728635,0.0006415396,auto_accept,low_unc_low_risk
ISIC_0028182,nv,nv,0.012643213,0.0032720729,auto_accept,low_unc_low_risk
ISIC_0032217,nv,nv,0.035937805,0.00050683634,auto_accept,low_unc_low_risk
ISIC_0028078,nv,nv,0.06522792,0.012049977,auto_accept,low_unc_low_risk
ISIC_0026938,nv,nv,0.06080314,0.0025112173,auto_accept,low_unc_low_risk
ISIC_0025430,nv,nv,0.014908023,4.9040023e-05,auto_accept,low_unc_low_risk
ISIC_0034256,mel,bcc,0.29045027,0.9947107,auto_accept,low_unc_low_risk
ISIC_0025604,nv,nv,0.0005357479,5.665779e-06,auto_accept,low_unc_low_risk
ISIC_0026178,akiec,akiec,0.81146,0.9919132,escalate,high_unc_low_risk
ISIC_0027909,nv,nv,0.0032546702,0.00024311252,auto_accept,low_unc_low_risk
ISIC_0025787,nv,nv,0.00505575,1.3001696e-05,auto_accept,low_unc_low_risk
ISIC_0026748,nv,nv,0.03326957,0.027178837,auto_accept,low_unc_low_risk
ISIC_0024961,mel,mel,0.022662451,0.99279743,auto_accept,low_unc_low_risk
ISIC_0027990,bkl,bkl,0.013425034,0.00038427542,auto_accept,low_unc_low_risk
ISIC_0030782,bcc,bcc,0.032852616,0.96374387,auto_accept,low_unc_low_risk
ISIC_0024779,nv,nv,0.000590024,5.1612333e-05,auto_accept,low_unc_low_risk
ISIC_0028778,nv,nv,0.01643391,0.00033507307,auto_accept,low_unc_low_risk
ISIC_0031046,nv,nv,0.015217667,0.00018851683,auto_accept,low_unc_low_risk
ISIC_0033859,nv,nv,0.64234275,0.12072248,escalate,high_unc_low_risk
ISIC_0031514,nv,nv,0.07436928,0.00050842494,auto_accept,low_unc_low_risk
ISIC_0026164,nv,nv,0.0033041234,7.571847e-05,auto_accept,low_unc_low_risk
ISIC_0027726,nv,nv,0.0006311542,6.4533433e-06,auto_accept,low_unc_low_risk
ISIC_0029135,bkl,nv,0.2736722,0.00027587052,auto_accept,low_unc_low_risk
ISIC_0029152,nv,nv,0.25359505,0.12850167,auto_accept,low_unc_low_risk
ISIC_0032577,nv,nv,0.55570525,0.1355144,auto_accept,low_unc_low_risk
ISIC_0027040,nv,nv,0.061113656,0.015165642,auto_accept,low_unc_low_risk
ISIC_0029112,nv,nv,0.0026946573,1.078286e-05,auto_accept,low_unc_low_risk
ISIC_0032104,nv,nv,0.007606543,6.863479e-05,auto_accept,low_unc_low_risk
ISIC_0031805,nv,nv,0.0065944805,0.000107008615,auto_accept,low_unc_low_risk
ISIC_0029565,nv,nv,0.017604558,0.0007302121,auto_accept,low_unc_low_risk
ISIC_0025609,nv,nv,0.045278963,2.652108e-05,auto_accept,low_unc_low_risk
ISIC_0026785,nv,nv,0.13349995,0.0003056606,auto_accept,low_unc_low_risk
ISIC_0030742,nv,nv,0.7097166,0.32091478,escalate,high_unc_low_risk
ISIC_0030842,nv,nv,0.02696554,0.006046906,auto_accept,low_unc_low_risk
ISIC_0028505,mel,mel,0.78533953,0.5659901,escalate,high_unc_low_risk
ISIC_0026497,nv,nv,0.22151573,0.02332475,auto_accept,low_unc_low_risk
ISIC_0025349,nv,nv,0.033935234,0.0001760285,auto_accept,low_unc_low_risk
ISIC_0024701,mel,mel,0.4794999,0.79732686,auto_accept,low_unc_low_risk
ISIC_0030966,nv,nv,0.041576102,0.0041937237,auto_accept,low_unc_low_risk
ISIC_0031525,nv,nv,0.0031891721,2.4122297e-05,auto_accept,low_unc_low_risk
ISIC_0034167,bkl,bkl,0.41350672,0.00494746,auto_accept,low_unc_low_risk
ISIC_0029657,nv,nv,0.006190486,1.4626934e-05,auto_accept,low_unc_low_risk
ISIC_0031097,nv,nv,0.010828726,0.0006218852,auto_accept,low_unc_low_risk
ISIC_0029069,nv,nv,0.00019058728,8.9676854e-07,auto_accept,low_unc_low_risk
ISIC_0030862,nv,nv,0.083463565,0.012212941,auto_accept,low_unc_low_risk
ISIC_0032242,nv,nv,0.122170076,0.0018292076,auto_accept,low_unc_low_risk
ISIC_0029945,nv,mel,0.035991967,0.9840279,auto_accept,low_unc_low_risk
ISIC_0033730,mel,nv,0.56522316,0.15553668,auto_accept,low_unc_low_risk
ISIC_0029476,nv,nv,1.0600877,0.047255315,escalate,high_unc_low_risk
ISIC_0033297,nv,nv,0.3784657,0.08099256,auto_accept,low_unc_low_risk
ISIC_0027927,nv,nv,0.01380244,1.9643569e-05,auto_accept,low_unc_low_risk
ISIC_0030872,nv,nv,0.23716958,0.017936181,auto_accept,low_unc_low_risk
ISIC_0024835,nv,nv,0.002034886,0.000119208045,auto_accept,low_unc_low_risk
ISIC_0026537,nv,nv,0.09238278,0.0028724119,auto_accept,low_unc_low_risk
ISIC_0026742,nv,nv,0.058824975,0.00016872771,auto_accept,low_unc_low_risk
ISIC_0030445,mel,mel,0.17187065,0.99151224,auto_accept,low_unc_low_risk
ISIC_0031739,nv,nv,0.019626837,0.0004302344,auto_accept,low_unc_low_risk
ISIC_0029092,mel,nv,0.6807744,0.26574397,escalate,high_unc_low_risk
ISIC_0025884,nv,nv,0.009860264,1.3789552e-05,auto_accept,low_unc_low_risk
ISIC_0031697,bcc,bcc,0.014930374,0.9973187,auto_accept,low_unc_low_risk
ISIC_0026548,nv,nv,0.0028884513,3.342043e-05,auto_accept,low_unc_low_risk
ISIC_0024704,nv,mel,0.4861884,0.90686554,auto_accept,low_unc_low_risk
ISIC_0024797,nv,nv,0.10167246,0.016836964,auto_accept,low_unc_low_risk
ISIC_0031341,nv,nv,0.0030356525,9.6071075e-05,auto_accept,low_unc_low_risk
ISIC_0027814,bcc,bcc,0.3222069,0.9884593,auto_accept,low_unc_low_risk
ISIC_0030086,nv,nv,0.1604969,0.0360575,auto_accept,low_unc_low_risk
ISIC_0026677,nv,nv,0.02435649,0.00027564913,auto_accept,low_unc_low_risk
ISIC_0029136,nv,nv,0.016727854,0.0013349939,auto_accept,low_unc_low_risk
ISIC_0028455,nv,nv,0.09197324,5.1403476e-05,auto_accept,low_unc_low_risk
ISIC_0032609,nv,nv,0.09292995,0.0009350415,auto_accept,low_unc_low_risk
ISIC_0027221,nv,nv,0.20484483,0.00014552096,auto_accept,low_unc_low_risk
ISIC_0029948,nv,nv,0.011233682,0.00033112642,auto_accept,low_unc_low_risk
ISIC_0032234,nv,nv,0.008898058,5.3139596e-05,auto_accept,low_unc_low_risk
ISIC_0025139,nv,nv,0.024816891,2.1945436e-06,auto_accept,low_unc_low_risk
ISIC_0029253,nv,nv,0.027284086,0.0007816406,auto_accept,low_unc_low_risk
ISIC_0027034,nv,nv,0.0008839495,2.6565223e-05,auto_accept,low_unc_low_risk
ISIC_0027317,nv,nv,0.002245634,0.0002848564,auto_accept,low_unc_low_risk
ISIC_0030651,nv,nv,0.02163201,0.0013202734,auto_accept,low_unc_low_risk
ISIC_0025120,nv,nv,0.03363262,0.0016062274,auto_accept,low_unc_low_risk
ISIC_0033690,nv,nv,0.016598022,0.0002396046,auto_accept,low_unc_low_risk
ISIC_0031743,akiec,akiec,0.041693635,0.99622357,auto_accept,low_unc_low_risk
ISIC_0029618,nv,nv,0.005258993,0.00033394096,auto_accept,low_unc_low_risk
ISIC_0032447,mel,mel,0.20219538,0.9732382,auto_accept,low_unc_low_risk
ISIC_0034061,mel,mel,0.008723549,0.99791914,auto_accept,low_unc_low_risk
ISIC_0028020,bkl,bkl,0.68943524,1.8691937e-05,escalate,high_unc_low_risk
ISIC_0025998,nv,nv,0.14264156,0.04286451,auto_accept,low_unc_low_risk
ISIC_0030570,nv,nv,0.13615097,0.00092848926,auto_accept,low_unc_low_risk
ISIC_0024487,nv,nv,0.017077142,1.26633395e-05,auto_accept,low_unc_low_risk
ISIC_0031276,vasc,vasc,0.23916127,0.0023767734,auto_accept,low_unc_low_risk
ISIC_0030218,nv,nv,0.0010366082,2.2587432e-05,auto_accept,low_unc_low_risk
ISIC_0024327,nv,nv,0.0029336072,1.3624314e-05,auto_accept,low_unc_low_risk
ISIC_0027091,nv,mel,0.19950177,0.93625593,auto_accept,low_unc_low_risk
ISIC_0032463,bkl,mel,0.4652435,0.89479554,auto_accept,low_unc_low_risk
ISIC_0032884,nv,nv,0.24538212,0.030958889,auto_accept,low_unc_low_risk
ISIC_0030896,nv,nv,0.006651779,0.00053213397,auto_accept,low_unc_low_risk
ISIC_0026407,nv,nv,0.016192991,7.17033e-05,auto_accept,low_unc_low_risk
ISIC_0024698,nv,nv,0.014754001,0.0014244799,auto_accept,low_unc_low_risk
ISIC_0026767,nv,nv,0.044314552,0.00048781646,auto_accept,low_unc_low_risk
ISIC_0031851,bkl,bkl,0.0021141109,0.0002192321,auto_accept,low_unc_low_risk
ISIC_0030844,akiec,akiec,0.030831639,0.99960417,escalate,low_unc_high_risk
ISIC_0025004,nv,nv,0.0013107922,6.1422805e-05,auto_accept,low_unc_low_risk
ISIC_0032614,vasc,vasc,0.0005780564,4.9878465e-05,auto_accept,low_unc_low_risk
ISIC_0034046,mel,mel,0.03035018,0.990317,auto_accept,low_unc_low_risk
ISIC_0025320,nv,nv,0.11872058,0.00024524765,auto_accept,low_unc_low_risk
ISIC_0031237,nv,nv,0.08337515,0.008728015,auto_accept,low_unc_low_risk
ISIC_0029638,akiec,akiec,0.105305225,0.99195355,auto_accept,low_unc_low_risk
ISIC_0025058,nv,nv,0.02167959,1.926674e-05,auto_accept,low_unc_low_risk
ISIC_0034246,mel,mel,0.3428424,0.82733065,auto_accept,low_unc_low_risk
ISIC_0030237,nv,nv,0.098306775,0.0001017042,auto_accept,low_unc_low_risk
ISIC_0030459,bkl,bkl,0.45486116,0.19118641,auto_accept,low_unc_low_risk
ISIC_0026436,nv,nv,0.059331667,0.039461378,auto_accept,low_unc_low_risk
ISIC_0028888,nv,nv,0.058136847,0.00014289163,auto_accept,low_unc_low_risk
ISIC_0025910,nv,nv,0.20680656,0.0039088684,auto_accept,low_unc_low_risk
ISIC_0031811,nv,nv,0.00983088,0.0004848193,auto_accept,low_unc_low_risk
ISIC_0025857,nv,nv,0.15642445,0.0103136,auto_accept,low_unc_low_risk
ISIC_0030065,nv,mel,0.06829128,0.9802786,auto_accept,low_unc_low_risk
ISIC_0031443,df,df,0.000613264,0.00019109175,auto_accept,low_unc_low_risk
ISIC_0033963,nv,nv,0.9420234,0.045071423,escalate,high_unc_low_risk
ISIC_0030302,nv,nv,0.0038587989,3.876473e-06,auto_accept,low_unc_low_risk
ISIC_0024622,nv,nv,0.057348546,0.00045592245,auto_accept,low_unc_low_risk
ISIC_0030928,nv,nv,0.05336438,0.004154184,auto_accept,low_unc_low_risk
ISIC_0034282,nv,nv,0.01610861,0.00069659133,auto_accept,low_unc_low_risk
ISIC_0030078,nv,nv,0.015685877,0.00017829287,auto_accept,low_unc_low_risk
ISIC_0029144,nv,nv,0.0029141745,6.552029e-05,auto_accept,low_unc_low_risk
ISIC_0032975,mel,mel,0.7404185,0.5097778,escalate,high_unc_low_risk
ISIC_0027152,nv,nv,0.07490608,0.020983433,auto_accept,low_unc_low_risk
ISIC_0027469,nv,nv,0.45644227,0.1377596,auto_accept,low_unc_low_risk
ISIC_0026478,nv,nv,0.35074502,0.2232875,auto_accept,low_unc_low_risk
ISIC_0027234,mel,bkl,0.28101557,0.049712952,auto_accept,low_unc_low_risk
ISIC_0027782,nv,nv,0.000113018395,2.697501e-05,auto_accept,low_unc_low_risk
ISIC_0032512,nv,nv,0.025525453,0.00015592943,auto_accept,low_unc_low_risk
ISIC_0025056,nv,nv,0.0015901241,6.807169e-05,auto_accept,low_unc_low_risk
ISIC_0029354,nv,mel,0.95165765,0.43628886,escalate,high_unc_low_risk
ISIC_0028243,nv,nv,0.19514205,0.029506847,auto_accept,low_unc_low_risk
ISIC_0027093,bcc,bcc,0.015860181,0.9988513,auto_accept,low_unc_low_risk
ISIC_0029600,bkl,nv,0.5095147,3.3579847e-05,auto_accept,low_unc_low_risk
ISIC_0028119,nv,nv,0.15032598,0.016745487,auto_accept,low_unc_low_risk
ISIC_0025387,bkl,bkl,0.003021846,7.551281e-05,auto_accept,low_unc_low_risk
ISIC_0032010,nv,nv,0.0046047373,0.00032052214,auto_accept,low_unc_low_risk
ISIC_0032267,nv,nv,0.020464687,0.000115799354,auto_accept,low_unc_low_risk
ISIC_0025377,nv,nv,0.03161391,0.00026256556,auto_accept,low_unc_low_risk
ISIC_0031845,nv,nv,0.055604156,1.7206286e-05,auto_accept,low_unc_low_risk
ISIC_0026541,nv,nv,0.04341593,0.0027389575,auto_accept,low_unc_low_risk
ISIC_0028828,nv,nv,0.10526579,0.026877929,auto_accept,low_unc_low_risk
ISIC_0030447,nv,nv,0.08652762,0.0049351975,auto_accept,low_unc_low_risk
ISIC_0031054,nv,nv,0.004212084,0.0005608813,auto_accept,low_unc_low_risk
ISIC_0030634,nv,nv,0.0038525315,3.483283e-05,auto_accept,low_unc_low_risk
ISIC_0024380,nv,nv,0.03766016,0.00038445462,auto_accept,low_unc_low_risk
ISIC_0034082,nv,nv,0.000369157,2.1875708e-06,auto_accept,low_unc_low_risk
ISIC_0033840,nv,nv,0.09551216,0.016978813,auto_accept,low_unc_low_risk
ISIC_0024400,mel,bkl,0.0057265167,0.0018120091,auto_accept,low_unc_low_risk
ISIC_0030500,nv,nv,0.005867756,5.7291247e-05,auto_accept,low_unc_low_risk
ISIC_0032943,nv,nv,0.04090995,0.0020773606,auto_accept,low_unc_low_risk
ISIC_0026398,nv,nv,0.012653688,0.003402802,auto_accept,low_unc_low_risk
ISIC_0025422,nv,nv,0.3964261,0.017985368,auto_accept,low_unc_low_risk
ISIC_0031540,nv,nv,0.054660313,0.00012792046,auto_accept,low_unc_low_risk
ISIC_0025189,nv,nv,0.0074092136,1.0895678e-05,auto_accept,low_unc_low_risk
ISIC_0031325,nv,nv,0.037795845,0.00018167916,auto_accept,low_unc_low_risk
ISIC_0031865,nv,nv,0.028391153,3.41586e-05,auto_accept,low_unc_low_risk
ISIC_0027330,nv,nv,0.008458876,1.1954649e-05,auto_accept,low_unc_low_risk
ISIC_0034311,nv,nv,0.067306206,0.000755945,auto_accept,low_unc_low_risk
ISIC_0031903,bkl,bkl,0.059867516,0.053064857,auto_accept,low_unc_low_risk
ISIC_0031161,nv,nv,0.0007377097,2.0169962e-06,auto_accept,low_unc_low_risk
ISIC_0029387,nv,nv,0.008856376,0.0018390546,auto_accept,low_unc_low_risk
ISIC_0031870,nv,nv,0.0024415778,0.00014712759,auto_accept,low_unc_low_risk
ISIC_0033493,nv,nv,0.29445934,0.021575892,auto_accept,low_unc_low_risk
ISIC_0029121,nv,nv,0.040798306,0.00031704418,auto_accept,low_unc_low_risk
ISIC_0025109,nv,nv,0.00027650988,1.23214195e-05,auto_accept,low_unc_low_risk
ISIC_0029249,bkl,bkl,0.07833172,0.011116429,auto_accept,low_unc_low_risk
ISIC_0029721,nv,nv,0.0954073,0.0071635447,auto_accept,low_unc_low_risk
ISIC_0026527,nv,nv,0.010259477,0.0004510468,auto_accept,low_unc_low_risk
ISIC_0024780,nv,nv,0.011295296,1.1803022e-05,auto_accept,low_unc_low_risk
ISIC_0031006,nv,nv,0.0009560284,1.0056798e-05,auto_accept,low_unc_low_risk
ISIC_0025579,nv,mel,0.56269974,0.8203911,auto_accept,low_unc_low_risk
ISIC_0026346,nv,nv,0.004052845,2.8304548e-05,auto_accept,low_unc_low_risk
ISIC_0034266,nv,nv,0.0001265328,1.957332e-07,auto_accept,low_unc_low_risk
ISIC_0028979,nv,nv,0.17489876,0.014982625,auto_accept,low_unc_low_risk
ISIC_0033154,mel,nv,0.20712775,0.033680025,auto_accept,low_unc_low_risk
ISIC_0025813,nv,nv,0.04034378,1.8909237e-05,auto_accept,low_unc_low_risk
ISIC_0033324,mel,mel,0.020754587,0.9932928,auto_accept,low_unc_low_risk
ISIC_0026024,nv,nv,0.00036966067,8.9961595e-06,auto_accept,low_unc_low_risk
ISIC_0033588,nv,nv,0.029367339,0.004444289,auto_accept,low_unc_low_risk
ISIC_0030108,nv,nv,0.038759585,0.00491,auto_accept,low_unc_low_risk
ISIC_0028703,nv,nv,0.005938542,0.00053767674,auto_accept,low_unc_low_risk
ISIC_0029780,mel,akiec,0.67375004,0.9996172,escalate,high_unc_high_risk
ISIC_0033204,mel,mel,0.06788993,0.9849547,auto_accept,low_unc_low_risk
ISIC_0026713,vasc,vasc,0.27837715,0.012578269,auto_accept,low_unc_low_risk
ISIC_0030171,mel,mel,0.7522837,0.6483104,escalate,high_unc_low_risk
ISIC_0031274,nv,nv,0.009445483,0.0019302756,auto_accept,low_unc_low_risk
ISIC_0031434,nv,nv,0.0002547765,2.4694972e-07,auto_accept,low_unc_low_risk
ISIC_0026852,nv,nv,0.04568902,0.0032542434,auto_accept,low_unc_low_risk
ISIC_0027349,nv,mel,0.39519054,0.8525144,auto_accept,low_unc_low_risk
ISIC_0030773,nv,nv,0.64741874,0.359604,escalate,high_unc_low_risk
ISIC_0031644,nv,nv,0.373769,0.0075175515,auto_accept,low_unc_low_risk
ISIC_0027168,nv,nv,0.13065442,0.022293033,auto_accept,low_unc_low_risk
ISIC_0032848,nv,nv,0.029502515,0.0001951742,auto_accept,low_unc_low_risk
ISIC_0033781,nv,nv,0.050829038,0.00081406295,auto_accept,low_unc_low_risk
ISIC_0028320,nv,nv,0.0017480938,7.1300387e-06,auto_accept,low_unc_low_risk
ISIC_0024467,nv,nv,0.0008142862,6.967747e-05,auto_accept,low_unc_low_risk
ISIC_0027590,mel,mel,0.032865286,0.9858315,auto_accept,low_unc_low_risk
ISIC_0027539,nv,nv,0.00038472828,1.153383e-05,auto_accept,low_unc_low_risk
ISIC_0029762,nv,nv,0.008510809,0.0011878071,auto_accept,low_unc_low_risk
ISIC_0032703,nv,nv,0.12067307,0.0001103438,auto_accept,low_unc_low_risk
ISIC_0029998,nv,nv,0.0140553815,0.000176733,auto_accept,low_unc_low_risk
ISIC_0029543,nv,nv,0.032525443,0.0025873196,auto_accept,low_unc_low_risk
ISIC_0026426,nv,nv,0.02521976,0.0006753008,auto_accept,low_unc_low_risk
ISIC_0028572,nv,nv,0.019669766,5.037167e-06,auto_accept,low_unc_low_risk
ISIC_0031838,nv,nv,0.7116123,0.32751143,escalate,high_unc_low_risk
ISIC_0030647,nv,nv,0.00059051113,1.4972425e-05,auto_accept,low_unc_low_risk
ISIC_0027877,nv,nv,0.0039383797,0.0005795741,auto_accept,low_unc_low_risk
ISIC_0028848,nv,nv,0.009921135,0.0005131498,auto_accept,low_unc_low_risk
ISIC_0028849,nv,nv,0.05668577,0.0021932141,auto_accept,low_unc_low_risk
ISIC_0029416,nv,nv,0.0034727938,0.00036053263,auto_accept,low_unc_low_risk
ISIC_0031960,nv,nv,0.18781754,0.006809398,auto_accept,low_unc_low_risk
ISIC_0030099,nv,nv,0.0033739747,4.054134e-05,auto_accept,low_unc_low_risk
ISIC_0030275,vasc,vasc,0.004189282,0.00073113467,auto_accept,low_unc_low_risk
ISIC_0031924,nv,nv,0.017445,9.828329e-05,auto_accept,low_unc_low_risk
ISIC_0026259,nv,nv,0.0006832852,1.2507113e-06,auto_accept,low_unc_low_risk
ISIC_0027952,nv,nv,0.19880037,4.9649298e-05,auto_accept,low_unc_low_risk
ISIC_0025660,nv,nv,0.056941133,0.0061908094,auto_accept,low_unc_low_risk
ISIC_0030287,nv,nv,0.098762795,0.0037539834,auto_accept,low_unc_low_risk
ISIC_0025191,nv,nv,0.036463197,0.0059520113,auto_accept,low_unc_low_risk
ISIC_0031815,nv,nv,0.0027588436,3.3650156e-06,auto_accept,low_unc_low_risk
ISIC_0032158,nv,mel,0.4974876,0.8186286,auto_accept,low_unc_low_risk
ISIC_0027845,nv,nv,0.019876633,0.0019577753,auto_accept,low_unc_low_risk
ISIC_0027559,bkl,bkl,0.0038259272,0.00012732731,auto_accept,low_unc_low_risk
ISIC_0030004,nv,nv,0.007467506,0.00025971432,auto_accept,low_unc_low_risk
ISIC_0026528,bcc,bcc,0.41681623,0.8982041,auto_accept,low_unc_low_risk
ISIC_0032627,nv,nv,0.03647883,0.0013901733,auto_accept,low_unc_low_risk
ISIC_0027380,nv,nv,0.0026379868,0.0001872367,auto_accept,low_unc_low_risk
ISIC_0027489,nv,nv,0.33447164,0.081369966,auto_accept,low_unc_low_risk
ISIC_0026144,nv,nv,0.0048935344,0.0002549561,auto_accept,low_unc_low_risk
ISIC_0029454,mel,mel,0.14438821,0.95820045,auto_accept,low_unc_low_risk
ISIC_0028924,nv,nv,0.0330091,0.00011221345,auto_accept,low_unc_low_risk
ISIC_0028042,nv,nv,0.063909836,0.00046062548,auto_accept,low_unc_low_risk
ISIC_0030834,nv,nv,0.0034257104,0.00039093336,auto_accept,low_unc_low_risk
ISIC_0028741,nv,nv,0.17485853,0.0042530517,auto_accept,low_unc_low_risk
ISIC_0029637,nv,nv,0.008755175,0.0005678039,auto_accept,low_unc_low_risk
ISIC_0029996,nv,nv,0.049763907,0.00026977452,auto_accept,low_unc_low_risk
ISIC_0028252,nv,nv,0.053977042,0.011745143,auto_accept,low_unc_low_risk
ISIC_0030411,nv,nv,0.04974394,0.0002728228,auto_accept,low_unc_low_risk
ISIC_0025449,nv,nv,0.011153039,0.0013971472,auto_accept,low_unc_low_risk
ISIC_0031014,nv,nv,0.18108658,0.033777498,auto_accept,low_unc_low_risk
ISIC_0033551,bcc,bcc,0.004719011,0.99877816,auto_accept,low_unc_low_risk
ISIC_0026812,nv,nv,0.00024457762,4.935766e-07,auto_accept,low_unc_low_risk
ISIC_0033614,nv,nv,0.15207434,0.019562488,auto_accept,low_unc_low_risk
ISIC_0028783,nv,nv,0.03243317,0.00014765884,auto_accept,low_unc_low_risk
ISIC_0025255,nv,nv,0.011842192,8.927294e-05,auto_accept,low_unc_low_risk
ISIC_0026135,bkl,bkl,0.24393274,0.00041529932,auto_accept,low_unc_low_risk
ISIC_0026250,nv,nv,0.062061135,0.0006452149,auto_accept,low_unc_low_risk
ISIC_0027055,nv,nv,0.0010750667,3.347252e-06,auto_accept,low_unc_low_risk
ISIC_0029350,nv,nv,0.22827004,0.00020352028,auto_accept,low_unc_low_risk
ISIC_0024695,nv,nv,0.0045030755,0.000184229,auto_accept,low_unc_low_risk
ISIC_0032033,nv,nv,0.036639478,0.0012484227,auto_accept,low_unc_low_risk
ISIC_0032580,nv,nv,0.18701322,0.001704591,auto_accept,low_unc_low_risk
ISIC_0030563,nv,nv,0.016904553,0.0010316944,auto_accept,low_unc_low_risk
ISIC_0030628,nv,nv,0.1127853,0.0044574924,auto_accept,low_unc_low_risk
ISIC_0029817,nv,nv,0.00053946255,3.084085e-07,auto_accept,low_unc_low_risk
ISIC_0024442,nv,nv,0.0004987395,3.197919e-07,auto_accept,low_unc_low_risk
ISIC_0027881,nv,nv,0.0009842971,1.9270929e-05,auto_accept,low_unc_low_risk
ISIC_0028579,mel,nv,0.2999069,0.018821059,auto_accept,low_unc_low_risk
ISIC_0027301,nv,nv,0.006279146,0.0002330774,auto_accept,low_unc_low_risk
ISIC_0026491,nv,mel,0.31661427,0.9379444,auto_accept,low_unc_low_risk
ISIC_0028431,vasc,nv,0.045928903,0.00026583232,auto_accept,low_unc_low_risk
ISIC_0032767,nv,nv,0.46875694,0.0053708586,auto_accept,low_unc_low_risk
ISIC_0031377,mel,nv,0.13999574,0.010197497,auto_accept,low_unc_low_risk
ISIC_0031795,mel,mel,0.38136217,0.8232517,auto_accept,low_unc_low_risk
ISIC_0029250,nv,nv,0.00910753,0.0004496668,auto_accept,low_unc_low_risk
ISIC_0033032,nv,nv,0.05092963,0.010689561,auto_accept,low_unc_low_risk
ISIC_0024503,nv,nv,0.6448889,0.3789057,escalate,high_unc_low_risk
ISIC_0030309,nv,nv,0.035886135,0.00016733188,auto_accept,low_unc_low_risk
ISIC_0024433,nv,nv,0.14182283,0.0005503954,auto_accept,low_unc_low_risk
ISIC_0029885,mel,mel,1.387853,0.9288935,escalate,high_unc_low_risk
ISIC_0025569,nv,nv,0.0048206984,8.220338e-05,auto_accept,low_unc_low_risk
ISIC_0027395,nv,nv,0.029864095,0.00016571107,auto_accept,low_unc_low_risk
ISIC_0032948,nv,nv,0.023588445,0.00011808416,auto_accept,low_unc_low_risk
ISIC_0034158,nv,nv,0.6556932,0.4824128,escalate,high_unc_low_risk
ISIC_0030510,nv,nv,0.034039404,0.00020006267,auto_accept,low_unc_low_risk
ISIC_0024983,nv,nv,0.00994576,0.001261237,auto_accept,low_unc_low_risk
ISIC_0024552,mel,nv,0.19402467,0.013844808,auto_accept,low_unc_low_risk
ISIC_0025552,nv,nv,0.03647623,0.0009004081,auto_accept,low_unc_low_risk
ISIC_0030075,nv,nv,0.019799968,0.00015495621,auto_accept,low_unc_low_risk
ISIC_0026846,bkl,bkl,0.027864283,0.0010326422,auto_accept,low_unc_low_risk
ISIC_0033760,nv,nv,0.19854659,0.029143432,auto_accept,low_unc_low_risk
ISIC_0026901,nv,nv,0.06985714,0.032428484,auto_accept,low_unc_low_risk
ISIC_0029923,nv,nv,0.14405802,0.0012938528,auto_accept,low_unc_low_risk
ISIC_0030046,nv,nv,0.013710152,0.0005703282,auto_accept,low_unc_low_risk
ISIC_0024560,nv,nv,0.053142928,0.008349009,auto_accept,low_unc_low_risk
ISIC_0031117,nv,nv,0.06101918,0.0007472906,auto_accept,low_unc_low_risk
ISIC_0032204,mel,nv,0.055564526,0.0038249379,auto_accept,low_unc_low_risk
ISIC_0030845,nv,nv,0.23225266,0.041675545,auto_accept,low_unc_low_risk
ISIC_0027765,nv,nv,0.04026869,2.3158706e-05,auto_accept,low_unc_low_risk
ISIC_0025046,bcc,bcc,0.017088572,0.9966461,auto_accept,low_unc_low_risk
ISIC_0032293,nv,nv,0.0053765513,0.00038780764,auto_accept,low_unc_low_risk
ISIC_0031560,nv,nv,0.07134509,0.0060744206,auto_accept,low_unc_low_risk
ISIC_0025452,vasc,vasc,0.00023399518,4.1401672e-05,auto_accept,low_unc_low_risk
ISIC_0031690,nv,nv,0.023480712,0.0020273505,auto_accept,low_unc_low_risk
ISIC_0025570,nv,nv,0.0025061443,2.0660886e-05,auto_accept,low_unc_low_risk
ISIC_0024598,nv,nv,0.03395314,0.00077963725,auto_accept,low_unc_low_risk
ISIC_0030705,bkl,bkl,0.00061742455,4.750869e-06,auto_accept,low_unc_low_risk
ISIC_0031466,nv,nv,0.0055259936,0.0028695727,auto_accept,low_unc_low_risk
ISIC_0027963,nv,nv,0.046083618,0.0044407356,auto_accept,low_unc_low_risk
ISIC_0031500,nv,nv,0.21656504,0.03501965,auto_accept,low_unc_low_risk
ISIC_0031725,nv,nv,0.55988336,0.26807195,auto_accept,low_unc_low_risk
ISIC_0033759,nv,nv,0.19892639,0.0510042,auto_accept,low_unc_low_risk
ISIC_0024776,nv,nv,0.022364052,0.0003399691,auto_accept,low_unc_low_risk
ISIC_0028446,nv,nv,0.067136936,0.00035813643,auto_accept,low_unc_low_risk
ISIC_0025573,mel,mel,0.19330907,0.94427544,auto_accept,low_unc_low_risk
ISIC_0030265,nv,nv,0.051059052,0.0023787972,auto_accept,low_unc_low_risk
ISIC_0028435,nv,nv,0.013953081,0.00031561052,auto_accept,low_unc_low_risk
ISIC_0028306,mel,nv,0.052569762,0.0012266127,auto_accept,low_unc_low_risk
ISIC_0033625,nv,nv,0.06530365,0.0054176603,auto_accept,low_unc_low_risk
ISIC_0025777,bkl,bkl,0.2964445,0.008027862,auto_accept,low_unc_low_risk
ISIC_0024421,nv,nv,0.049722176,0.00026773004,auto_accept,low_unc_low_risk
ISIC_0031818,nv,nv,0.0007938903,8.750785e-08,auto_accept,low_unc_low_risk
ISIC_0027382,nv,nv,0.1512209,0.024324525,auto_accept,low_unc_low_risk
ISIC_0029322,nv,nv,0.07408118,2.9070961e-05,auto_accept,low_unc_low_risk
ISIC_0025071,nv,nv,0.0003688574,8.865763e-07,auto_accept,low_unc_low_risk
ISIC_0028903,nv,nv,0.55582696,0.29828808,auto_accept,low_unc_low_risk
ISIC_0025385,nv,nv,0.0022607686,0.00013000876,auto_accept,low_unc_low_risk
ISIC_0030213,nv,nv,0.010606042,7.3188436e-05,auto_accept,low_unc_low_risk
ISIC_0033159,nv,nv,0.026722385,0.0027304164,auto_accept,low_unc_low_risk
ISIC_0026891,nv,nv,0.014661159,5.870905e-05,auto_accept,low_unc_low_risk
ISIC_0027440,nv,nv,0.008388621,0.00020563748,auto_accept,low_unc_low_risk
ISIC_0028428,nv,nv,0.085037485,0.016568484,auto_accept,low_unc_low_risk
ISIC_0024912,nv,nv,0.0289146,0.0004096054,auto_accept,low_unc_low_risk
ISIC_0034229,nv,nv,0.04534957,0.00032230435,auto_accept,low_unc_low_risk
ISIC_0025556,nv,nv,0.0030104283,8.958079e-05,auto_accept,low_unc_low_risk
ISIC_0029033,mel,nv,0.23955022,0.083559185,auto_accept,low_unc_low_risk
ISIC_0030355,nv,nv,0.0035645135,6.958564e-05,auto_accept,low_unc_low_risk
ISIC_0028630,nv,nv,0.027557561,0.0041390876,auto_accept,low_unc_low_risk
ISIC_0034177,nv,nv,0.08385891,0.000338982,auto_accept,low_unc_low_risk
ISIC_0031524,nv,nv,0.015164337,2.1332255e-05,auto_accept,low_unc_low_risk
ISIC_0025073,nv,nv,0.2358794,0.030232191,auto_accept,low_unc_low_risk
ISIC_0024649,nv,nv,0.097846344,0.0004825815,auto_accept,low_unc_low_risk
ISIC_0030713,nv,nv,0.029568616,0.000646548,auto_accept,low_unc_low_risk
ISIC_0031414,nv,nv,0.0026039835,1.6316142e-05,auto_accept,low_unc_low_risk
ISIC_0026075,nv,nv,0.00349958,5.426789e-05,auto_accept,low_unc_low_risk
ISIC_0026121,nv,nv,0.030646514,0.00044690777,auto_accept,low_unc_low_risk
ISIC_0030513,nv,nv,0.029000178,0.0023884827,auto_accept,low_unc_low_risk
ISIC_0024719,nv,nv,0.052679062,5.7564516e-06,auto_accept,low_unc_low_risk
ISIC_0031240,nv,nv,0.025552874,0.00047563482,auto_accept,low_unc_low_risk
ISIC_0029035,bcc,akiec,0.26615116,0.9320239,auto_accept,low_unc_low_risk
ISIC_0031106,nv,nv,0.19809523,0.0002583604,auto_accept,low_unc_low_risk
ISIC_0025486,nv,nv,0.002501114,1.3281516e-05,auto_accept,low_unc_low_risk
ISIC_0025202,nv,nv,0.100876436,0.00048209986,auto_accept,low_unc_low_risk
ISIC_0030147,nv,nv,0.019657202,6.001594e-05,auto_accept,low_unc_low_risk
ISIC_0026217,nv,nv,0.033110816,0.0040302244,auto_accept,low_unc_low_risk
ISIC_0028859,nv,mel,0.7533147,0.63564736,escalate,high_unc_low_risk
ISIC_0031055,nv,nv,0.0068433434,3.373481e-05,auto_accept,low_unc_low_risk
ISIC_0029015,nv,nv,0.14801951,0.003576943,auto_accept,low_unc_low_risk
ISIC_0031651,bcc,akiec,1.3413025,0.5846791,escalate,high_unc_low_risk
ISIC_0025287,nv,nv,0.14365473,0.009878242,auto_accept,low_unc_low_risk
ISIC_0025161,nv,nv,0.022036517,0.0010621274,auto_accept,low_unc_low_risk
ISIC_0024990,nv,nv,0.016241495,0.0010342618,auto_accept,low_unc_low_risk
ISIC_0030110,mel,nv,0.7448803,0.3170156,escalate,high_unc_low_risk
ISIC_0033997,nv,nv,0.37169445,0.02910963,auto_accept,low_unc_low_risk
ISIC_0032517,mel,nv,0.58404136,0.038575582,escalate,high_unc_low_risk
ISIC_0032021,nv,nv,0.0026890521,5.0618448e-05,auto_accept,low_unc_low_risk
ISIC_0032942,nv,nv,6.4668384e-05,9.998072e-07,auto_accept,low_unc_low_risk
ISIC_0030641,nv,nv,0.026796523,0.0005788476,auto_accept,low_unc_low_risk
ISIC_0025607,nv,nv,0.01768841,0.00029675305,auto_accept,low_unc_low_risk
ISIC_0029694,nv,nv,0.013062903,0.000110823166,auto_accept,low_unc_low_risk
ISIC_0025169,nv,nv,0.09980249,0.030490454,auto_accept,low_unc_low_risk
ISIC_0028635,nv,nv,0.48520392,0.0394386,auto_accept,low_unc_low_risk
ISIC_0030677,bkl,akiec,0.4282084,0.9297642,auto_accept,low_unc_low_risk
ISIC_0030015,df,df,0.003169564,0.007912991,auto_accept,low_unc_low_risk
ISIC_0032853,nv,nv,0.03833678,0.0043639084,auto_accept,low_unc_low_risk
ISIC_0024368,nv,nv,0.0011301182,4.6571735e-05,auto_accept,low_unc_low_risk
ISIC_0030985,nv,nv,0.008959492,0.00024469336,auto_accept,low_unc_low_risk
ISIC_0027956,mel,nv,0.6303231,0.27314025,escalate,high_unc_low_risk
ISIC_0026431,nv,nv,0.0020477371,0.00021013699,auto_accept,low_unc_low_risk
ISIC_0025511,nv,nv,0.013097929,0.0011914106,auto_accept,low_unc_low_risk
ISIC_0028914,nv,nv,0.025008503,0.00010424751,auto_accept,low_unc_low_risk
ISIC_0024583,nv,nv,0.0031102814,5.8621332e-05,auto_accept,low_unc_low_risk
ISIC_0029458,nv,nv,0.021605864,0.0022955835,auto_accept,low_unc_low_risk
ISIC_0030768,bkl,bkl,0.12948747,3.4319569e-06,auto_accept,low_unc_low_risk
ISIC_0030994,nv,nv,0.07877882,0.0054157847,auto_accept,low_unc_low_risk
ISIC_0024451,nv,nv,0.31085104,0.00080501713,auto_accept,low_unc_low_risk
ISIC_0026158,mel,bcc,0.34920725,0.9978473,auto_accept,low_unc_low_risk
ISIC_0030789,bkl,bkl,0.6380442,0.021410637,escalate,high_unc_low_risk
ISIC_0026659,nv,nv,0.15635915,0.00034517713,auto_accept,low_unc_low_risk
ISIC_0027871,nv,nv,0.012199667,0.00019996731,auto_accept,low_unc_low_risk
ISIC_0026292,nv,nv,0.0029177286,3.8287853e-05,auto_accept,low_unc_low_risk
ISIC_0028409,nv,nv,0.03619383,1.548811e-05,auto_accept,low_unc_low_risk
ISIC_0030917,nv,nv,0.060514513,0.00034994716,auto_accept,low_unc_low_risk
ISIC_0027865,bcc,bcc,0.005626032,0.99501354,auto_accept,low_unc_low_risk
ISIC_0026479,nv,nv,0.03331262,0.0001584767,auto_accept,low_unc_low_risk
ISIC_0031137,nv,nv,0.0013183391,0.00012886953,auto_accept,low_unc_low_risk
ISIC_0025739,nv,nv,0.29583865,0.00012969959,auto_accept,low_unc_low_risk
ISIC_0029640,nv,nv,0.05297637,0.004255122,auto_accept,low_unc_low_risk
ISIC_0028712,nv,nv,0.004680739,0.0003428271,auto_accept,low_unc_low_risk
ISIC_0028959,nv,nv,0.0027394826,1.3621859e-05,auto_accept,low_unc_low_risk
ISIC_0029804,nv,nv,0.0005483047,5.430499e-06,auto_accept,low_unc_low_risk
ISIC_0027805,nv,nv,0.025412923,1.1460952e-06,auto_accept,low_unc_low_risk
ISIC_0032169,nv,nv,0.22446038,0.0053759688,auto_accept,low_unc_low_risk
ISIC_0033549,nv,nv,0.042225707,0.0007472464,auto_accept,low_unc_low_risk
ISIC_0033400,bkl,bkl,0.07828659,0.00093887164,auto_accept,low_unc_low_risk
ISIC_0025560,nv,nv,0.00015079987,1.5286897e-06,auto_accept,low_unc_low_risk
ISIC_0028137,nv,nv,0.3463205,0.00024471065,auto_accept,low_unc_low_risk
ISIC_0032472,nv,nv,0.07479223,0.010825219,auto_accept,low_unc_low_risk
ISIC_0028006,nv,nv,0.07822082,0.009629841,auto_accept,low_unc_low_risk
ISIC_0028175,nv,nv,0.011748456,0.0015644798,auto_accept,low_unc_low_risk
ISIC_0027520,nv,nv,0.04306194,0.0006501011,auto_accept,low_unc_low_risk
ISIC_0029990,nv,nv,0.0045519266,7.428677e-05,auto_accept,low_unc_low_risk
ISIC_0024344,nv,nv,0.22754128,0.010868274,auto_accept,low_unc_low_risk
ISIC_0027318,nv,nv,0.026162172,0.0004828808,auto_accept,low_unc_low_risk
ISIC_0030156,nv,nv,0.05980451,0.0089272875,auto_accept,low_unc_low_risk
ISIC_0026169,nv,nv,0.00585049,0.00021090978,auto_accept,low_unc_low_risk
ISIC_0031715,nv,nv,0.21814054,0.0020864448,auto_accept,low_unc_low_risk
ISIC_0032792,nv,nv,0.19265564,0.073674105,auto_accept,low_unc_low_risk
ISIC_0026808,nv,nv,0.006599303,0.00022561608,auto_accept,low_unc_low_risk
ISIC_0032291,nv,nv,0.02448237,0.010040483,auto_accept,low_unc_low_risk
ISIC_0033862,nv,nv,0.051691733,0.0034632226,auto_accept,low_unc_low_risk
ISIC_0031939,nv,nv,0.0857764,0.00022805872,auto_accept,low_unc_low_risk
ISIC_0034003,bkl,bkl,0.37846044,0.0002854254,auto_accept,low_unc_low_risk
ISIC_0024960,nv,nv,0.09778517,0.00077185134,auto_accept,low_unc_low_risk
ISIC_0029828,nv,nv,0.08013829,0.0059813336,auto_accept,low_unc_low_risk
ISIC_0029623,nv,nv,0.026414033,0.0030138646,auto_accept,low_unc_low_risk
ISIC_0029482,nv,nv,0.11413946,0.004045324,auto_accept,low_unc_low_risk
ISIC_0026866,nv,nv,0.0677385,0.013064193,auto_accept,low_unc_low_risk
ISIC_0032237,nv,nv,0.0019224,4.2169446e-05,auto_accept,low_unc_low_risk
ISIC_0029199,nv,nv,0.015194401,7.379626e-05,auto_accept,low_unc_low_risk
ISIC_0030419,nv,nv,0.0015034134,9.29753e-06,auto_accept,low_unc_low_risk
ISIC_0031953,mel,nv,0.04651151,0.0020908075,auto_accept,low_unc_low_risk
ISIC_0024752,nv,nv,0.15518156,0.030072885,auto_accept,low_unc_low_risk
ISIC_0033222,nv,mel,0.029246783,0.9926997,auto_accept,low_unc_low_risk
ISIC_0031723,nv,nv,0.0045591462,0.00017869269,auto_accept,low_unc_low_risk
ISIC_0033362,mel,nv,0.6283581,0.20570222,escalate,high_unc_low_risk
ISIC_0025863,nv,nv,0.3755832,0.19464098,auto_accept,low_unc_low_risk
ISIC_0028866,nv,nv,0.07635519,0.01850018,auto_accept,low_unc_low_risk
ISIC_0030667,nv,nv,0.0050061266,1.9072413e-05,auto_accept,low_unc_low_risk
ISIC_0030716,nv,nv,0.20967443,0.000112683534,auto_accept,low_unc_low_risk
ISIC_0028590,nv,nv,0.17652133,5.608566e-05,auto_accept,low_unc_low_risk
ISIC_0027232,nv,df,0.15688422,0.0039028968,auto_accept,low_unc_low_risk
ISIC_0031696,nv,nv,0.008318332,0.00054177846,auto_accept,low_unc_low_risk
ISIC_0031837,nv,nv,0.4386198,0.19883686,auto_accept,low_unc_low_risk
ISIC_0034083,nv,nv,0.011625632,0.00037783917,auto_accept,low_unc_low_risk
ISIC_0027606,bkl,bkl,0.0017004102,5.121978e-05,auto_accept,low_unc_low_risk
ISIC_0027897,nv,nv,0.038392194,0.00011710636,auto_accept,low_unc_low_risk
ISIC_0025962,nv,nv,0.00397093,3.0845997e-05,auto_accept,low_unc_low_risk
ISIC_0027942,nv,nv,0.0016107248,2.1745705e-06,auto_accept,low_unc_low_risk
ISIC_0024993,nv,nv,0.032395102,0.0050194925,auto_accept,low_unc_low_risk
ISIC_0025749,nv,nv,0.13187717,0.0002617819,auto_accept,low_unc_low_risk
ISIC_0031577,bkl,nv,0.02408861,0.00043368642,auto_accept,low_unc_low_risk
ISIC_0027272,nv,nv,0.054351438,0.0004212563,auto_accept,low_unc_low_risk
ISIC_0029405,nv,nv,0.50334626,0.131736,auto_accept,low_unc_low_risk
ISIC_0033717,mel,nv,0.7599595,0.16334571,escalate,high_unc_low_risk
ISIC_0025819,bkl,bkl,0.041539796,0.0030244947,auto_accept,low_unc_low_risk
ISIC_0033053,nv,nv,0.07813968,0.017795235,auto_accept,low_unc_low_risk
ISIC_0027926,nv,nv,0.0042295954,4.1765666e-06,auto_accept,low_unc_low_risk
ISIC_0031283,nv,nv,0.0020362407,8.177182e-05,auto_accept,low_unc_low_risk
ISIC_0026664,mel,nv,0.5679024,0.19261873,auto_accept,low_unc_low_risk
ISIC_0024586,mel,nv,0.28121102,0.0040080007,auto_accept,low_unc_low_risk
ISIC_0026699,nv,nv,0.014113105,0.0011548343,auto_accept,low_unc_low_risk
ISIC_0034181,nv,nv,0.013279478,0.0015304113,auto_accept,low_unc_low_risk
ISIC_0026685,nv,nv,0.002968566,5.4515305e-05,auto_accept,low_unc_low_risk
ISIC_0026039,nv,nv,0.0034723298,2.1517017e-05,auto_accept,low_unc_low_risk
ISIC_0026318,nv,nv,0.00042677976,1.0155353e-05,auto_accept,low_unc_low_risk
ISIC_0026278,nv,nv,0.046695113,0.0003638848,auto_accept,low_unc_low_risk
ISIC_0025487,nv,nv,0.002084695,9.642802e-05,auto_accept,low_unc_low_risk
ISIC_0031782,nv,nv,0.0054769563,3.2553605e-06,auto_accept,low_unc_low_risk
ISIC_0026256,nv,nv,0.00085932977,3.4266393e-06,auto_accept,low_unc_low_risk
ISIC_0029435,nv,nv,0.10118682,0.020634132,auto_accept,low_unc_low_risk
ISIC_0028234,nv,nv,0.004871823,0.0005706294,auto_accept,low_unc_low_risk
ISIC_0028263,nv,nv,0.13988294,0.010536551,auto_accept,low_unc_low_risk
ISIC_0026617,nv,nv,0.023876833,0.0005881826,auto_accept,low_unc_low_risk
ISIC_0028770,nv,nv,0.0028637764,2.2413882e-05,auto_accept,low_unc_low_risk
ISIC_0025588,nv,nv,0.18675147,0.015988376,auto_accept,low_unc_low_risk
ISIC_0030184,nv,nv,0.02670033,0.0012335131,auto_accept,low_unc_low_risk
ISIC_0029217,bkl,bkl,0.004494626,0.00058616203,auto_accept,low_unc_low_risk
ISIC_0025773,nv,nv,0.016981248,0.0010031635,auto_accept,low_unc_low_risk
ISIC_0025804,bkl,nv,0.0038982707,1.8655643e-05,auto_accept,low_unc_low_risk
ISIC_0028845,nv,nv,0.032455094,0.00020621376,auto_accept,low_unc_low_risk
ISIC_0027521,nv,nv,0.017199852,0.00019382653,auto_accept,low_unc_low_risk
ISIC_0032541,nv,nv,0.08366455,0.007708315,auto_accept,low_unc_low_risk
ISIC_0032193,nv,nv,0.002892112,7.253269e-05,auto_accept,low_unc_low_risk
ISIC_0031042,nv,mel,0.07260234,0.9819334,auto_accept,low_unc_low_risk
ISIC_0030121,nv,nv,0.3053614,0.014939506,auto_accept,low_unc_low_risk
ISIC_0024769,nv,nv,0.00047868668,7.915414e-06,auto_accept,low_unc_low_risk
ISIC_0033899,bkl,bkl,0.18404663,0.015075035,auto_accept,low_unc_low_risk
ISIC_0030517,nv,nv,0.023129564,0.00018054267,auto_accept,low_unc_low_risk
ISIC_0024933,nv,nv,0.28246403,0.017685719,auto_accept,low_unc_low_risk
ISIC_0026536,nv,nv,0.004895054,0.00051387714,auto_accept,low_unc_low_risk
ISIC_0024650,nv,nv,0.03774144,0.0008352551,auto_accept,low_unc_low_risk
ISIC_0033126,nv,nv,0.002459142,3.195617e-05,auto_accept,low_unc_low_risk
ISIC_0028798,nv,nv,0.48527467,0.0011921155,auto_accept,low_unc_low_risk
ISIC_0026486,nv,nv,0.23852183,0.0022379924,auto_accept,low_unc_low_risk
ISIC_0030850,nv,nv,0.001725068,9.525773e-05,auto_accept,low_unc_low_risk
ISIC_0034234,nv,nv,0.06351759,0.0044052983,auto_accept,low_unc_low_risk
ISIC_0024361,nv,nv,0.31665695,0.071165666,auto_accept,low_unc_low_risk
ISIC_0030518,nv,nv,0.0069903396,0.00012641898,auto_accept,low_unc_low_risk
ISIC_0026372,nv,nv,0.031911243,0.003712701,auto_accept,low_unc_low_risk
ISIC_0031155,nv,nv,0.034885865,0.0025208413,auto_accept,low_unc_low_risk
ISIC_0032496,nv,nv,0.0012330572,4.5963247e-06,auto_accept,low_unc_low_risk
ISIC_0025841,nv,nv,0.26369238,0.13981171,auto_accept,low_unc_low_risk
ISIC_0028975,nv,nv,0.00036085403,4.918347e-06,auto_accept,low_unc_low_risk
ISIC_0030424,nv,nv,0.06094801,0.0049635405,auto_accept,low_unc_low_risk
ISIC_0029843,mel,nv,0.57300496,0.16706383,escalate,high_unc_low_risk
ISIC_0026867,bkl,nv,0.789016,0.036914397,escalate,high_unc_low_risk
ISIC_0028788,nv,nv,0.003416261,0.00031947577,auto_accept,low_unc_low_risk
ISIC_0031371,nv,nv,0.07265566,0.021703536,auto_accept,low_unc_low_risk
ISIC_0030192,mel,nv,0.35797244,0.074604586,auto_accept,low_unc_low_risk
ISIC_0031796,nv,nv,0.33122623,0.00018123239,auto_accept,low_unc_low_risk
ISIC_0025740,nv,nv,0.0016973258,0.00017535657,auto_accept,low_unc_low_risk
ISIC_0030690,bcc,bcc,0.0050505837,0.9989266,auto_accept,low_unc_low_risk
ISIC_0032849,nv,nv,0.022513453,0.00010323828,auto_accept,low_unc_low_risk
ISIC_0024862,nv,nv,0.23169419,0.004162673,auto_accept,low_unc_low_risk
ISIC_0032417,bkl,bkl,0.003488687,3.6216006e-05,auto_accept,low_unc_low_risk
ISIC_0030181,bcc,bcc,0.014142144,0.9985966,auto_accept,low_unc_low_risk
ISIC_0031079,nv,nv,0.013992645,0.006004028,auto_accept,low_unc_low_risk
ISIC_0027544,bcc,bcc,0.02323129,0.9980703,auto_accept,low_unc_low_risk
ISIC_0027009,nv,nv,0.008984674,0.00060667587,auto_accept,low_unc_low_risk
ISIC_0028721,nv,nv,0.57566917,7.0139875e-05,escalate,high_unc_low_risk
ISIC_0026358,nv,nv,0.07944709,0.00019975008,auto_accept,low_unc_low_risk
ISIC_0025054,nv,nv,0.41606227,0.405236,auto_accept,low_unc_low_risk
ISIC_0027661,nv,nv,0.0031095287,6.334037e-05,auto_accept,low_unc_low_risk
ISIC_0025282,nv,nv,0.033966683,8.1422695e-06,auto_accept,low_unc_low_risk
ISIC_0033863,mel,nv,0.02108561,0.0028804208,auto_accept,low_unc_low_risk
ISIC_0028970,bkl,bkl,0.20683242,0.09430091,auto_accept,low_unc_low_risk
ISIC_0031896,nv,nv,0.2665326,0.008192201,auto_accept,low_unc_low_risk
ISIC_0027667,nv,nv,0.19889283,0.073221475,auto_accept,low_unc_low_risk
ISIC_0027967,bkl,bkl,0.07976733,0.00078670506,auto_accept,low_unc_low_risk
ISIC_0024869,nv,mel,0.440668,0.8083456,auto_accept,low_unc_low_risk
ISIC_0030479,nv,nv,0.26749936,0.10228492,auto_accept,low_unc_low_risk
ISIC_0025171,nv,vasc,0.25805545,0.00044320873,auto_accept,low_unc_low_risk
ISIC_0029693,nv,nv,0.07593634,0.011936375,auto_accept,low_unc_low_risk
ISIC_0032211,nv,nv,0.004043756,1.6676784e-05,auto_accept,low_unc_low_risk
ISIC_0034170,mel,mel,0.19502082,0.92847866,auto_accept,low_unc_low_risk
ISIC_0025706,nv,nv,0.0006497606,3.741068e-06,auto_accept,low_unc_low_risk
ISIC_0026086,mel,mel,0.4110875,0.91012365,auto_accept,low_unc_low_risk
ISIC_0032071,nv,nv,0.9146628,0.0010064768,escalate,high_unc_low_risk
ISIC_0030523,nv,nv,8.0291094e-05,2.4704989e-06,auto_accept,low_unc_low_risk
ISIC_0028694,nv,nv,0.12460745,0.010870529,auto_accept,low_unc_low_risk
ISIC_0024724,nv,nv,0.0026680618,7.7247845e-05,auto_accept,low_unc_low_risk
ISIC_0025723,nv,nv,0.10190338,0.002714589,auto_accept,low_unc_low_risk
ISIC_0033446,bkl,bkl,0.23047343,0.0022875005,auto_accept,low_unc_low_risk
ISIC_0024754,nv,nv,0.08594409,0.0029013376,auto_accept,low_unc_low_risk
ISIC_0030793,nv,nv,0.022897433,0.0018530803,auto_accept,low_unc_low_risk
ISIC_0026543,nv,nv,0.07396842,0.00011008651,auto_accept,low_unc_low_risk
ISIC_0028406,vasc,vasc,0.0016320457,0.00018052218,auto_accept,low_unc_low_risk
ISIC_0027028,nv,nv,0.046202082,6.2094296e-05,auto_accept,low_unc_low_risk
ISIC_0030210,nv,nv,0.021603985,0.00018683348,auto_accept,low_unc_low_risk
ISIC_0030357,nv,nv,0.009003139,0.00053739164,auto_accept,low_unc_low_risk
ISIC_0032992,nv,nv,0.7173045,0.21165591,escalate,high_unc_low_risk
ISIC_0030997,nv,nv,0.068869196,9.505104e-05,auto_accept,low_unc_low_risk
ISIC_0031251,nv,nv,0.0065998286,6.475132e-05,auto_accept,low_unc_low_risk
ISIC_0034051,mel,mel,0.31167874,0.86700535,auto_accept,low_unc_low_risk
ISIC_0033565,vasc,vasc,6.8034475e-05,6.9112204e-05,auto_accept,low_unc_low_risk
ISIC_0030112,nv,nv,0.0045685023,8.7136286e-05,auto_accept,low_unc_low_risk
ISIC_0025395,nv,nv,0.021426931,0.0004155809,auto_accept,low_unc_low_risk
ISIC_0025822,nv,nv,0.00400353,0.0004172545,auto_accept,low_unc_low_risk
ISIC_0026726,nv,nv,0.3560986,0.0023403508,auto_accept,low_unc_low_risk
ISIC_0027096,nv,nv,0.020021606,0.0029225156,auto_accept,low_unc_low_risk
ISIC_0026238,nv,nv,0.13692087,0.0007481741,auto_accept,low_unc_low_risk
ISIC_0024524,nv,mel,0.35067958,0.9271719,auto_accept,low_unc_low_risk
ISIC_0032987,mel,mel,0.023601854,0.99684227,auto_accept,low_unc_low_risk
ISIC_0027081,nv,nv,0.0038614897,0.00014649385,auto_accept,low_unc_low_risk
ISIC_0031693,nv,nv,0.08685619,0.0011008013,auto_accept,low_unc_low_risk
ISIC_0026181,nv,nv,0.005450882,9.781021e-05,auto_accept,low_unc_low_risk
ISIC_0026293,nv,nv,0.19706129,0.025589716,auto_accept,low_unc_low_risk
ISIC_0028867,nv,nv,0.020254245,0.0015494981,auto_accept,low_unc_low_risk
ISIC_0031084,nv,nv,0.021037204,0.00047977053,auto_accept,low_unc_low_risk
ISIC_0028288,mel,mel,0.062119994,0.9897484,auto_accept,low_unc_low_risk
ISIC_0030853,nv,nv,0.106839314,4.5706118e-05,auto_accept,low_unc_low_risk
ISIC_0026788,nv,nv,0.6592964,0.03026298,escalate,high_unc_low_risk
ISIC_0030062,nv,nv,0.013585583,1.3083289e-05,auto_accept,low_unc_low_risk
ISIC_0026258,mel,nv,0.9773246,0.10268029,escalate,high_unc_low_risk
ISIC_0030671,nv,nv,0.07105032,0.00013849515,auto_accept,low_unc_low_risk
ISIC_0028067,nv,nv,0.017687052,0.00033825732,auto_accept,low_unc_low_risk
ISIC_0034225,nv,nv,0.04216408,0.0008120304,auto_accept,low_unc_low_risk
ISIC_0025429,nv,nv,0.00873455,0.00020107528,auto_accept,low_unc_low_risk
ISIC_0032089,nv,nv,0.0037344522,0.0002811267,auto_accept,low_unc_low_risk
ISIC_0026301,bkl,mel,0.78989375,0.5198246,escalate,high_unc_low_risk
ISIC_0030884,nv,nv,0.00036661758,9.855232e-06,auto_accept,low_unc_low_risk
ISIC_0029711,nv,nv,0.0041810004,0.00029125312,auto_accept,low_unc_low_risk
ISIC_0031699,nv,nv,6.314001e-05,1.4619098e-07,auto_accept,low_unc_low_risk
ISIC_0032797,mel,mel,0.32630777,0.8977838,auto_accept,low_unc_low_risk
ISIC_0029400,nv,nv,0.045483194,0.002768779,auto_accept,low_unc_low_risk
ISIC_0029234,nv,nv,0.0018418907,0.00029924064,auto_accept,low_unc_low_risk
ISIC_0031647,nv,nv,0.0064863623,7.2596355e-05,auto_accept,low_unc_low_risk
ISIC_0024748,bkl,nv,0.018743442,2.2411446e-05,auto_accept,low_unc_low_risk
ISIC_0028794,nv,nv,0.07472033,0.009573748,auto_accept,low_unc_low_risk
ISIC_0031009,bcc,bcc,0.091343105,0.9878564,auto_accept,low_unc_low_risk
ISIC_0024387,nv,nv,0.052751828,0.0059208027,auto_accept,low_unc_low_risk
ISIC_0028949,nv,nv,0.0024051897,3.7109407e-05,auto_accept,low_unc_low_risk
ISIC_0030420,nv,nv,0.06324359,8.438421e-06,auto_accept,low_unc_low_risk
ISIC_0026754,mel,mel,0.7435153,0.64330465,escalate,high_unc_low_risk
ISIC_0028072,nv,nv,0.016792763,0.00029130286,auto_accept,low_unc_low_risk
ISIC_0030540,nv,nv,0.022847971,2.7843504e-05,auto_accept,low_unc_low_risk
ISIC_0029356,nv,nv,0.0105406465,2.2989687e-05,auto_accept,low_unc_low_risk
ISIC_0026451,nv,nv,0.24928795,0.14065462,auto_accept,low_unc_low_risk
ISIC_0033236,nv,nv,0.14464474,0.012206213,auto_accept,low_unc_low_risk
ISIC_0027374,bkl,bkl,0.14884427,0.00068175915,auto_accept,low_unc_low_risk
ISIC_0026438,mel,nv,0.0010269958,7.8770405e-05,auto_accept,low_unc_low_risk
ISIC_0028863,nv,nv,0.013903162,1.8848492e-05,auto_accept,low_unc_low_risk
ISIC_0028083,nv,nv,0.057551287,0.002627827,auto_accept,low_unc_low_risk
ISIC_0033723,nv,nv,0.24117424,0.011620741,auto_accept,low_unc_low_risk
ISIC_0027007,nv,nv,0.4751547,0.021999206,auto_accept,low_unc_low_risk
ISIC_0027057,bcc,df,0.42910248,0.942974,auto_accept,low_unc_low_risk
ISIC_0030474,nv,nv,0.058870323,4.7701888e-05,auto_accept,low_unc_low_risk
ISIC_0027762,nv,nv,0.0057966704,2.8330092e-05,auto_accept,low_unc_low_risk
ISIC_0026385,nv,nv,0.6410729,3.7291327e-05,escalate,high_unc_low_risk
ISIC_0024323,mel,bkl,0.38814932,0.039398015,auto_accept,low_unc_low_risk
ISIC_0026161,nv,nv,0.008654635,3.3968958e-05,auto_accept,low_unc_low_risk
ISIC_0029896,nv,nv,0.0077387905,0.00042860376,auto_accept,low_unc_low_risk
ISIC_0026967,bkl,df,0.61228985,0.020807968,escalate,high_unc_low_risk
ISIC_0031464,bkl,bkl,0.23379107,0.017073253,auto_accept,low_unc_low_risk
ISIC_0032583,mel,nv,0.72490793,0.41433132,escalate,high_unc_low_risk
ISIC_0030368,nv,nv,0.00015616331,4.3720289e-07,auto_accept,low_unc_low_risk
ISIC_0027191,nv,nv,0.020660944,0.0031152791,auto_accept,low_unc_low_risk
ISIC_0033344,mel,mel,1.0916255,0.3362596,escalate,high_unc_low_risk
ISIC_0026322,nv,nv,0.36959085,0.0010667416,auto_accept,low_unc_low_risk
ISIC_0024674,nv,nv,0.022304207,0.0016092039,auto_accept,low_unc_low_risk
ISIC_0024887,nv,nv,0.032665808,0.0005619017,auto_accept,low_unc_low_risk
ISIC_0027981,nv,nv,0.0076071937,4.3970398e-05,auto_accept,low_unc_low_risk
ISIC_0028947,nv,nv,0.1297052,5.4363507e-05,auto_accept,low_unc_low_risk
ISIC_0027910,nv,nv,0.36824977,0.09346066,auto_accept,low_unc_low_risk
ISIC_0030788,nv,nv,0.022604685,0.001944209,auto_accept,low_unc_low_risk
ISIC_0032386,nv,nv,0.002874898,1.625069e-05,auto_accept,low_unc_low_risk
ISIC_0030182,nv,nv,0.029780433,0.0056717764,auto_accept,low_unc_low_risk
ISIC_0032778,bkl,nv,0.1168816,0.00020653922,auto_accept,low_unc_low_risk
ISIC_0028248,nv,nv,0.0043199696,0.00024192147,auto_accept,low_unc_low_risk
ISIC_0025445,nv,nv,0.0049567735,0.00011429903,auto_accept,low_unc_low_risk
ISIC_0028919,nv,nv,0.03776343,8.978887e-05,auto_accept,low_unc_low_risk
ISIC_0025631,nv,nv,0.39871153,0.11378972,auto_accept,low_unc_low_risk
ISIC_0026302,nv,nv,0.0062663183,5.079204e-05,auto_accept,low_unc_low_risk
ISIC_0029791,bkl,bkl,0.124347955,0.05212743,auto_accept,low_unc_low_risk
ISIC_0031194,nv,nv,0.39271453,7.3613305e-06,auto_accept,low_unc_low_risk
ISIC_0032959,bcc,nv,1.1457769,0.19125418,escalate,high_unc_low_risk
ISIC_0028555,bkl,bkl,0.19346502,0.00463196,auto_accept,low_unc_low_risk
ISIC_0025294,nv,nv,0.005001951,0.00014711707,auto_accept,low_unc_low_risk
ISIC_0024388,nv,nv,0.31397253,0.0010664947,auto_accept,low_unc_low_risk
ISIC_0029646,nv,nv,0.05180169,0.014481507,auto_accept,low_unc_low_risk
ISIC_0034042,nv,nv,0.051277347,0.00019488207,auto_accept,low_unc_low_risk
ISIC_0025929,nv,nv,0.0028332674,8.308818e-05,auto_accept,low_unc_low_risk
ISIC_0030102,nv,nv,0.011767114,0.0003428645,auto_accept,low_unc_low_risk
ISIC_0026252,nv,nv,0.011147453,0.00020549342,auto_accept,low_unc_low_risk
ISIC_0033293,nv,nv,0.15503073,0.0011414852,auto_accept,low_unc_low_risk
ISIC_0025093,nv,nv,0.02528619,0.0004841686,auto_accept,low_unc_low_risk
ISIC_0032097,nv,nv,0.0058785994,0.000115736664,auto_accept,low_unc_low_risk
ISIC_0026268,mel,mel,1.1121569,0.23851086,escalate,high_unc_low_risk
ISIC_0025116,nv,nv,0.01181352,0.0017664789,auto_accept,low_unc_low_risk
ISIC_0028135,nv,nv,0.10448127,0.0141623365,auto_accept,low_unc_low_risk
ISIC_0028031,nv,nv,0.18116027,0.0001069775,auto_accept,low_unc_low_risk
ISIC_0032004,nv,nv,0.7481742,0.3980249,escalate,high_unc_low_risk
ISIC_0033615,nv,nv,0.042843014,0.009387831,auto_accept,low_unc_low_risk
ISIC_0033185,bkl,mel,0.36385074,0.8451049,auto_accept,low_unc_low_risk
ISIC_0025581,nv,nv,0.005476046,0.0003331949,auto_accept,low_unc_low_risk
ISIC_0026482,nv,nv,0.062491845,0.009389179,auto_accept,low_unc_low_risk
ISIC_0025756,nv,nv,0.054843757,0.012575318,auto_accept,low_unc_low_risk
ISIC_0028471,nv,nv,0.057653643,0.00030066105,auto_accept,low_unc_low_risk
ISIC_0030399,nv,nv,0.16770817,0.0028117695,auto_accept,low_unc_low_risk
ISIC_0030624,nv,nv,0.00029408565,1.8886768e-06,auto_accept,low_unc_low_risk
ISIC_0030643,nv,nv,0.016236886,0.0030577923,auto_accept,low_unc_low_risk
ISIC_0024307,nv,nv,0.045438584,0.00034090056,auto_accept,low_unc_low_risk
ISIC_0032571,nv,nv,0.020763831,1.1562994e-05,auto_accept,low_unc_low_risk
ISIC_0027397,nv,bkl,0.31649813,0.013326082,auto_accept,low_unc_low_risk
ISIC_0029334,nv,nv,0.06965079,0.012506314,auto_accept,low_unc_low_risk
ISIC_0029797,nv,nv,0.0021843517,2.9808332e-06,auto_accept,low_unc_low_risk
ISIC_0029579,nv,nv,0.0026611886,8.9552006e-05,auto_accept,low_unc_low_risk
ISIC_0030567,nv,nv,0.03195048,0.000101521444,auto_accept,low_unc_low_risk
ISIC_0027974,nv,bkl,0.73412037,0.00016239136,escalate,high_unc_low_risk
ISIC_0027253,mel,nv,0.5563449,0.08225159,auto_accept,low_unc_low_risk
ISIC_0027887,nv,nv,0.25186938,0.08125155,auto_accept,low_unc_low_risk
ISIC_0025736,nv,nv,0.02007933,0.0005312652,auto_accept,low_unc_low_risk
ISIC_0027853,nv,nv,0.3104864,0.07133769,auto_accept,low_unc_low_risk
ISIC_0024860,nv,nv,0.0017266952,3.5141387e-05,auto_accept,low_unc_low_risk
ISIC_0031826,nv,nv,0.0015986788,6.424672e-05,auto_accept,low_unc_low_risk
ISIC_0027827,nv,nv,0.016396547,0.0027000601,auto_accept,low_unc_low_risk
ISIC_0025146,nv,nv,0.014864537,0.0005123971,auto_accept,low_unc_low_risk
ISIC_0027446,nv,nv,0.034067404,0.00011036948,auto_accept,low_unc_low_risk
ISIC_0028862,nv,nv,0.008373709,9.5816555e-05,auto_accept,low_unc_low_risk
ISIC_0025343,nv,nv,0.010989739,5.4692864e-05,auto_accept,low_unc_low_risk
ISIC_0027852,nv,mel,0.7298177,0.56058097,escalate,high_unc_low_risk
ISIC_0027707,nv,nv,0.05356293,0.0030614838,auto_accept,low_unc_low_risk
ISIC_0025698,nv,nv,0.009765041,0.0011383964,auto_accept,low_unc_low_risk
ISIC_0024591,nv,nv,0.0034148516,3.9744423e-06,auto_accept,low_unc_low_risk
ISIC_0032979,nv,nv,0.06387553,0.0030000096,auto_accept,low_unc_low_risk
ISIC_0026450,nv,nv,0.0028903633,8.782659e-05,auto_accept,low_unc_low_risk
ISIC_0028356,nv,nv,0.057533544,6.6130044e-05,auto_accept,low_unc_low_risk
ISIC_0032106,nv,nv,0.00884097,0.00010222876,auto_accept,low_unc_low_risk
ISIC_0032046,mel,mel,0.8836852,0.6020137,escalate,high_unc_low_risk
ISIC_0029461,nv,nv,0.1907555,0.027435599,auto_accept,low_unc_low_risk
ISIC_0025538,nv,nv,0.0068157264,0.00036976245,auto_accept,low_unc_low_risk
ISIC_0029852,nv,nv,0.016812524,0.00047536578,auto_accept,low_unc_low_risk
ISIC_0032676,nv,nv,0.00515115,6.7300184e-06,auto_accept,low_unc_low_risk
ISIC_0028048,nv,nv,0.0939837,0.0051564416,auto_accept,low_unc_low_risk
ISIC_0025908,nv,nv,0.0055738334,0.00018847785,auto_accept,low_unc_low_risk
ISIC_0030498,nv,nv,0.012943229,0.00090473634,auto_accept,low_unc_low_risk
ISIC_0027516,nv,nv,0.008691628,0.00013338108,auto_accept,low_unc_low_risk
ISIC_0030327,nv,nv,0.00025442138,1.913234e-06,auto_accept,low_unc_low_risk
ISIC_0026041,nv,nv,0.043283824,5.4060343e-05,auto_accept,low_unc_low_risk
ISIC_0028911,nv,nv,0.0011406047,1.55599e-05,auto_accept,low_unc_low_risk
ISIC_0027165,nv,nv,0.0073869107,0.00031328952,auto_accept,low_unc_low_risk
ISIC_0028416,nv,nv,0.016642584,0.000100467674,auto_accept,low_unc_low_risk
ISIC_0026695,nv,nv,0.011966875,0.0008685249,auto_accept,low_unc_low_risk
ISIC_0024765,nv,nv,0.00010628524,6.9407366e-07,auto_accept,low_unc_low_risk
ISIC_0025987,mel,mel,0.6793699,0.6201054,escalate,high_unc_low_risk
ISIC_0028124,bkl,bkl,0.0148137,0.0024062707,auto_accept,low_unc_low_risk
ISIC_0024844,nv,nv,0.053787936,4.9360424e-05,auto_accept,low_unc_low_risk
ISIC_0026026,nv,nv,0.004708027,0.00023020209,auto_accept,low_unc_low_risk
ISIC_0029465,nv,nv,0.073251314,0.0063698664,auto_accept,low_unc_low_risk
ISIC_0031502,nv,nv,0.032129053,0.0007181396,auto_accept,low_unc_low_risk
ISIC_0031387,nv,nv,0.0008742612,4.7033587e-05,auto_accept,low_unc_low_risk
ISIC_0031202,nv,mel,0.62941426,0.72451407,escalate,high_unc_low_risk
ISIC_0025892,nv,mel,0.264319,0.917908,auto_accept,low_unc_low_risk
ISIC_0029842,nv,nv,0.030874418,0.002055269,auto_accept,low_unc_low_risk
ISIC_0024815,nv,nv,0.030319221,0.00088987657,auto_accept,low_unc_low_risk
ISIC_0028723,nv,nv,0.0014485107,0.00013946362,auto_accept,low_unc_low_risk
ISIC_0030751,nv,nv,0.01348397,6.894514e-05,auto_accept,low_unc_low_risk
ISIC_0026188,mel,mel,0.17654493,0.95322233,auto_accept,low_unc_low_risk
ISIC_0026145,nv,nv,0.2526147,0.07443369,auto_accept,low_unc_low_risk
ISIC_0029893,mel,mel,0.05214145,0.9886651,auto_accept,low_unc_low_risk
ISIC_0032836,mel,nv,0.46278208,0.08584692,auto_accept,low_unc_low_risk
ISIC_0028397,nv,nv,0.0142659955,0.00044585014,auto_accept,low_unc_low_risk
ISIC_0025192,nv,nv,0.028350782,5.8374815e-05,auto_accept,low_unc_low_risk
ISIC_0026307,nv,nv,0.0070049134,1.9248688e-05,auto_accept,low_unc_low_risk
ISIC_0027465,nv,nv,0.6989874,0.0037460309,escalate,high_unc_low_risk
ISIC_0024393,nv,nv,0.061644383,0.0009300227,auto_accept,low_unc_low_risk
ISIC_0026375,nv,nv,0.0002180994,7.278966e-08,auto_accept,low_unc_low_risk
ISIC_0034251,nv,nv,0.1427317,7.135679e-05,auto_accept,low_unc_low_risk
ISIC_0028679,nv,nv,0.38059175,0.12438497,auto_accept,low_unc_low_risk
ISIC_0028918,nv,nv,0.034453046,0.0005046557,auto_accept,low_unc_low_risk
ISIC_0032663,nv,nv,0.26131308,0.024797078,auto_accept,low_unc_low_risk
ISIC_0032730,mel,mel,0.09952082,0.9768289,auto_accept,low_unc_low_risk
ISIC_0028906,nv,nv,0.00107735,5.419176e-05,auto_accept,low_unc_low_risk
ISIC_0028210,nv,nv,0.07749478,0.015625779,auto_accept,low_unc_low_risk
ISIC_0024736,nv,nv,0.08050221,0.0003425092,auto_accept,low_unc_low_risk
ISIC_0028912,nv,nv,0.006505631,0.00037764062,auto_accept,low_unc_low_risk
ISIC_0026483,nv,nv,0.00055666734,2.0023037e-06,auto_accept,low_unc_low_risk
ISIC_0031116,nv,nv,0.002941489,2.699493e-05,auto_accept,low_unc_low_risk
ISIC_0032124,bkl,bkl,0.083056875,7.218533e-05,auto_accept,low_unc_low_risk
ISIC_0026916,mel,mel,0.5757968,0.6824054,escalate,high_unc_low_risk
ISIC_0034274,nv,nv,0.09281269,0.0039054193,auto_accept,low_unc_low_risk
ISIC_0024859,nv,nv,0.16391021,0.006803393,auto_accept,low_unc_low_risk
ISIC_0032231,nv,nv,0.038315315,0.0054495693,auto_accept,low_unc_low_risk
ISIC_0031775,nv,nv,0.0014719171,0.00014154449,auto_accept,low_unc_low_risk
ISIC_0033059,nv,nv,0.01023392,0.0018550749,auto_accept,low_unc_low_risk
ISIC_0030904,nv,nv,0.009530765,0.00063355855,auto_accept,low_unc_low_risk
ISIC_0031347,nv,nv,0.412171,0.17846544,auto_accept,low_unc_low_risk
ISIC_0029390,nv,mel,0.9891342,0.82312584,escalate,high_unc_low_risk
ISIC_0032856,mel,mel,0.13766102,0.96819174,auto_accept,low_unc_low_risk
ISIC_0027029,nv,nv,0.005730981,0.001667571,auto_accept,low_unc_low_risk
ISIC_0028889,nv,nv,0.017224073,0.0009611333,auto_accept,low_unc_low_risk
ISIC_0033528,bkl,bkl,0.010177981,0.00038655323,auto_accept,low_unc_low_risk
ISIC_0027242,nv,akiec,0.06772334,0.99440455,auto_accept,low_unc_low_risk
ISIC_0026705,nv,nv,0.03122991,0.0015847984,auto_accept,low_unc_low_risk
ISIC_0024684,nv,nv,0.4568075,0.0003727501,auto_accept,low_unc_low_risk
ISIC_0029773,nv,nv,0.17563781,0.0024587684,auto_accept,low_unc_low_risk
ISIC_0024657,nv,nv,0.11031183,0.0062074102,auto_accept,low_unc_low_risk
ISIC_0024504,bcc,bcc,0.8090808,0.66679037,escalate,high_unc_low_risk
ISIC_0029184,nv,nv,0.087237425,0.008689494,auto_accept,low_unc_low_risk
ISIC_0027880,nv,nv,0.016062325,0.000116614705,auto_accept,low_unc_low_risk
ISIC_0028639,nv,nv,0.013072617,5.32003e-05,auto_accept,low_unc_low_risk
ISIC_0032733,mel,mel,0.04830045,0.98949134,auto_accept,low_unc_low_risk
ISIC_0032594,nv,nv,0.15310915,0.0016307989,auto_accept,low_unc_low_risk
ISIC_0027862,nv,nv,0.0024117087,6.9229754e-05,auto_accept,low_unc_low_risk
ISIC_0029408,nv,nv,0.0022251585,6.0536644e-05,auto_accept,low_unc_low_risk
ISIC_0025108,nv,nv,0.1580056,0.03930126,auto_accept,low_unc_low_risk
ISIC_0024600,nv,nv,0.015767667,0.00050360715,auto_accept,low_unc_low_risk
ISIC_0033010,nv,nv,0.5427489,0.17394492,auto_accept,low_unc_low_risk
ISIC_0030109,nv,nv,0.014877638,8.9101144e-05,auto_accept,low_unc_low_risk
ISIC_0027948,nv,mel,0.080989756,0.9544218,auto_accept,low_unc_low_risk
ISIC_0026131,mel,mel,0.045345053,0.99099547,auto_accept,low_unc_low_risk
ISIC_0026272,nv,nv,0.0010265431,1.2577032e-05,auto_accept,low_unc_low_risk
ISIC_0029506,nv,nv,0.15247457,0.00033360685,auto_accept,low_unc_low_risk
ISIC_0026002,nv,nv,0.0041702148,0.00019477952,auto_accept,low_unc_low_risk
ISIC_0032595,nv,nv,0.03352493,0.002149208,auto_accept,low_unc_low_risk
ISIC_0027399,nv,nv,0.004548998,0.00029590097,auto_accept,low_unc_low_risk
ISIC_0028267,nv,nv,0.009085438,2.7769865e-05,auto_accept,low_unc_low_risk
ISIC_0031473,nv,bkl,0.81826556,0.2291306,escalate,high_unc_low_risk
ISIC_0026624,nv,nv,0.005730695,0.00024200704,auto_accept,low_unc_low_risk
ISIC_0032155,nv,nv,0.0053335037,6.912038e-05,auto_accept,low_unc_low_risk
ISIC_0028062,nv,nv,0.0723086,0.003393468,auto_accept,low_unc_low_risk
ISIC_0031706,vasc,vasc,0.17924088,0.0026741514,auto_accept,low_unc_low_risk
ISIC_0032659,nv,nv,0.013146175,0.0012191986,auto_accept,low_unc_low_risk
ISIC_0024801,nv,nv,0.022016872,5.572357e-06,auto_accept,low_unc_low_risk
ISIC_0026133,nv,nv,0.30593562,0.074232,auto_accept,low_unc_low_risk
ISIC_0029931,bkl,bkl,0.02082408,0.00702122,auto_accept,low_unc_low_risk
ISIC_0027351,nv,mel,0.6865803,0.71184963,escalate,high_unc_low_risk
ISIC_0025997,nv,nv,0.008551435,5.9541868e-05,auto_accept,low_unc_low_risk
ISIC_0029908,nv,nv,0.0023891742,3.7976537e-05,auto_accept,low_unc_low_risk
ISIC_0033775,nv,mel,0.29993743,0.9107098,auto_accept,low_unc_low_risk
ISIC_0025670,nv,nv,3.495513e-05,2.70426e-07,auto_accept,low_unc_low_risk
ISIC_0034220,nv,mel,0.044056986,0.984711,auto_accept,low_unc_low_risk
ISIC_0030009,nv,nv,0.0061483444,7.570092e-05,auto_accept,low_unc_low_risk
ISIC_0026010,nv,nv,0.0053249695,0.0005092269,auto_accept,low_unc_low_risk
ISIC_0027824,nv,nv,0.0017738348,2.901142e-05,auto_accept,low_unc_low_risk
ISIC_0032908,nv,nv,0.011036052,1.8156223e-05,auto_accept,low_unc_low_risk
ISIC_0027288,nv,nv,0.08762271,2.5287589e-05,auto_accept,low_unc_low_risk
ISIC_0029393,nv,nv,0.74630904,0.085142486,escalate,high_unc_low_risk
ISIC_0027112,nv,nv,0.010356259,0.000139208,auto_accept,low_unc_low_risk
ISIC_0030482,nv,nv,0.00010712792,1.81272e-06,auto_accept,low_unc_low_risk
ISIC_0026184,nv,nv,0.0043544667,0.00014520688,auto_accept,low_unc_low_risk
ISIC_0031456,nv,nv,0.066651985,0.0013236426,auto_accept,low_unc_low_risk
ISIC_0029038,nv,nv,0.031970873,9.105671e-05,auto_accept,low_unc_low_risk
ISIC_0029293,nv,nv,0.025127979,0.00031902472,auto_accept,low_unc_low_risk
ISIC_0029629,nv,nv,0.017073,4.5757315e-05,auto_accept,low_unc_low_risk
ISIC_0024377,nv,nv,0.62793386,0.29506874,escalate,high_unc_low_risk
ISIC_0027076,mel,mel,0.6093633,0.67028195,escalate,high_unc_low_risk
ISIC_0030571,nv,nv,0.02440402,0.00011074943,auto_accept,low_unc_low_risk
ISIC_0029807,nv,nv,0.015988605,0.0009861145,auto_accept,low_unc_low_risk
ISIC_0030892,nv,mel,0.787872,0.76735425,escalate,high_unc_low_risk
ISIC_0025798,nv,nv,0.6559713,0.0014400786,escalate,high_unc_low_risk
ISIC_0025809,nv,nv,0.127159,0.009626621,auto_accept,low_unc_low_risk
ISIC_0030035,nv,nv,0.10568116,0.00746449,auto_accept,low_unc_low_risk
ISIC_0027022,nv,nv,0.00037244064,7.61661e-06,auto_accept,low_unc_low_risk
ISIC_0029336,nv,nv,0.001263141,4.022034e-05,auto_accept,low_unc_low_risk
ISIC_0029256,nv,nv,0.00059630413,1.7696502e-07,auto_accept,low_unc_low_risk
ISIC_0027745,df,df,0.0007524852,0.0019797017,auto_accept,low_unc_low_risk
ISIC_0033360,nv,bkl,0.87301993,0.040016025,escalate,high_unc_low_risk
ISIC_0028018,nv,nv,0.0026443128,0.00019536898,auto_accept,low_unc_low_risk
ISIC_0024479,nv,nv,0.21141021,0.023245947,auto_accept,low_unc_low_risk
ISIC_0028832,nv,nv,0.0033437111,3.8279457e-05,auto_accept,low_unc_low_risk
ISIC_0027740,nv,nv,0.008342216,0.00088577997,auto_accept,low_unc_low_risk
ISIC_0027928,nv,nv,0.74935275,0.0067452868,escalate,high_unc_low_risk
ISIC_0033308,nv,nv,0.02643647,0.0022495235,auto_accept,low_unc_low_risk
ISIC_0029358,bkl,nv,1.0021274,0.09840526,escalate,high_unc_low_risk
ISIC_0033677,bkl,bkl,0.08675503,0.0004690396,auto_accept,low_unc_low_risk
ISIC_0025271,nv,nv,0.014003012,5.6845376e-05,auto_accept,low_unc_low_risk
ISIC_0029689,nv,nv,0.037042037,0.0002822724,auto_accept,low_unc_low_risk
ISIC_0032525,nv,mel,0.046919625,0.9891179,auto_accept,low_unc_low_risk
ISIC_0031049,nv,nv,0.04368773,0.016413432,auto_accept,low_unc_low_risk
ISIC_0024578,nv,nv,0.4299438,0.020522114,auto_accept,low_unc_low_risk
ISIC_0024521,nv,nv,0.25810778,0.0014547055,auto_accept,low_unc_low_risk
ISIC_0028328,nv,nv,0.012594612,0.0002479063,auto_accept,low_unc_low_risk
ISIC_0026923,bkl,akiec,0.03220946,0.99113137,auto_accept,low_unc_low_risk
ISIC_0026681,nv,nv,0.06556448,4.855851e-05,auto_accept,low_unc_low_risk
ISIC_0025850,nv,nv,0.02376386,0.0027076283,auto_accept,low_unc_low_risk
ISIC_0026928,nv,nv,0.07703548,0.0006461713,auto_accept,low_unc_low_risk
ISIC_0031383,nv,nv,0.1527978,0.06567886,auto_accept,low_unc_low_risk
ISIC_0027378,nv,nv,0.44362414,0.0007433657,auto_accept,low_unc_low_risk
ISIC_0033467,nv,nv,0.021782985,0.001715782,auto_accept,low_unc_low_risk
ISIC_0033374,nv,nv,0.0005801117,1.6678025e-05,auto_accept,low_unc_low_risk
ISIC_0024538,nv,nv,0.44608063,0.0076721087,auto_accept,low_unc_low_risk
ISIC_0032477,nv,nv,0.56217736,0.08120397,auto_accept,low_unc_low_risk
ISIC_0027577,akiec,akiec,0.050918013,0.9933484,auto_accept,low_unc_low_risk
ISIC_0029048,bkl,bkl,0.06136946,0.00082178676,auto_accept,low_unc_low_risk
ISIC_0029338,nv,nv,0.008463962,7.0846174e-05,auto_accept,low_unc_low_risk
ISIC_0031784,mel,nv,0.023938524,0.00033841984,auto_accept,low_unc_low_risk
ISIC_0034201,bkl,nv,0.7006938,0.0012576832,escalate,high_unc_low_risk
ISIC_0024895,nv,nv,0.033405453,0.00019267303,auto_accept,low_unc_low_risk
ISIC_0024941,nv,nv,0.11852276,0.0013661719,auto_accept,low_unc_low_risk
ISIC_0027863,mel,mel,0.15819399,0.95859367,auto_accept,low_unc_low_risk
ISIC_0028424,nv,nv,0.003548466,0.00010086644,auto_accept,low_unc_low_risk
ISIC_0030469,nv,nv,0.04091944,2.1278353e-05,auto_accept,low_unc_low_risk
ISIC_0032093,nv,nv,0.0031860517,0.0001248143,auto_accept,low_unc_low_risk
ISIC_0031334,bkl,bkl,0.011724429,0.0050521665,auto_accept,low_unc_low_risk
ISIC_0025451,mel,nv,0.0013394696,6.6673405e-05,auto_accept,low_unc_low_risk
ISIC_0025872,nv,nv,0.0016235063,1.1215893e-05,auto_accept,low_unc_low_risk
ISIC_0032590,nv,nv,0.061312106,0.009228609,auto_accept,low_unc_low_risk
ISIC_0029676,bkl,nv,0.22763814,0.00012738159,auto_accept,low_unc_low_risk
ISIC_0026919,nv,nv,0.015959963,9.148362e-05,auto_accept,low_unc_low_risk
ISIC_0030477,nv,nv,0.009689676,0.0002712583,auto_accept,low_unc_low_risk
ISIC_0025181,nv,nv,0.16328129,0.019003427,auto_accept,low_unc_low_risk
ISIC_0026103,nv,nv,0.56854635,0.27051324,auto_accept,low_unc_low_risk
ISIC_0030306,nv,nv,0.013242657,0.0005632881,auto_accept,low_unc_low_risk
ISIC_0033472,nv,nv,0.0015694419,1.0731709e-05,auto_accept,low_unc_low_risk
ISIC_0033035,nv,nv,0.59538615,0.23723225,escalate,high_unc_low_risk
ISIC_0025359,nv,nv,0.003340753,8.6825836e-05,auto_accept,low_unc_low_risk
ISIC_0030983,nv,nv,0.0030063149,7.27813e-06,auto_accept,low_unc_low_risk
ISIC_0030912,nv,nv,0.05400359,0.0051179933,auto_accept,low_unc_low_risk
ISIC_0032672,mel,mel,0.038075242,0.98775136,auto_accept,low_unc_low_risk
ISIC_0033529,bkl,bkl,0.053971924,0.002268929,auto_accept,low_unc_low_risk
ISIC_0033066,nv,nv,0.07557774,0.0012866375,auto_accept,low_unc_low_risk
ISIC_0027568,nv,akiec,0.38802648,0.97043794,auto_accept,low_unc_low_risk
ISIC_0032615,nv,nv,0.0091528185,0.00030524243,auto_accept,low_unc_low_risk
ISIC_0033574,nv,nv,0.04718457,0.0016457933,auto_accept,low_unc_low_risk
ISIC_0025051,nv,nv,0.14161752,0.034790676,auto_accept,low_unc_low_risk
ISIC_0027988,nv,nv,0.37997407,0.0011800723,auto_accept,low_unc_low_risk
ISIC_0027142,bkl,nv,0.00921048,2.688569e-05,auto_accept,low_unc_low_risk
ISIC_0030541,nv,nv,0.06475631,0.00019834073,auto_accept,low_unc_low_risk
ISIC_0030524,nv,nv,0.55047506,0.00057415327,auto_accept,low_unc_low_risk
ISIC_0026304,nv,nv,0.019459119,0.00064712466,auto_accept,low_unc_low_risk
ISIC_0025213,nv,nv,0.0060185506,6.5388456e-05,auto_accept,low_unc_low_risk
ISIC_0025303,mel,nv,0.75442725,0.3278708,escalate,high_unc_low_risk
ISIC_0032226,nv,nv,0.022974372,0.0031906338,auto_accept,low_unc_low_risk
ISIC_0026474,nv,nv,0.0016566946,3.407024e-05,auto_accept,low_unc_low_risk
ISIC_0027557,nv,nv,0.00336634,3.6900386e-05,auto_accept,low_unc_low_risk
ISIC_0027220,nv,nv,0.0039880006,0.00041035845,auto_accept,low_unc_low_risk
ISIC_0024631,nv,nv,0.083826944,0.0001674781,auto_accept,low_unc_low_risk
ISIC_0025801,nv,nv,0.0024359461,8.735351e-06,auto_accept,low_unc_low_risk
ISIC_0030905,nv,nv,0.47438657,0.00041605975,auto_accept,low_unc_low_risk
ISIC_0028418,mel,mel,0.11672842,0.9905377,auto_accept,low_unc_low_risk
ISIC_0030322,nv,nv,0.47549328,0.0028129257,auto_accept,low_unc_low_risk
ISIC_0031628,nv,nv,0.08029227,0.004728295,auto_accept,low_unc_low_risk
ISIC_0033319,nv,nv,0.061895154,0.016644204,auto_accept,low_unc_low_risk
ISIC_0028101,nv,nv,0.014200251,0.0006821137,auto_accept,low_unc_low_risk
ISIC_0026597,nv,nv,0.008934777,0.00058709126,auto_accept,low_unc_low_risk
ISIC_0031914,nv,nv,0.02358497,1.8429757e-05,auto_accept,low_unc_low_risk
ISIC_0029306,nv,nv,0.039370496,0.010170704,auto_accept,low_unc_low_risk
ISIC_0029422,nv,nv,0.021705138,0.0005234451,auto_accept,low_unc_low_risk
ISIC_0027773,nv,nv,0.02807216,0.0029533864,auto_accept,low_unc_low_risk
ISIC_0030385,nv,nv,0.008637028,2.0374796e-06,auto_accept,low_unc_low_risk
ISIC_0024823,mel,nv,0.13448378,0.00032602085,auto_accept,low_unc_low_risk
ISIC_0033737,nv,nv,0.3389808,0.078805886,auto_accept,low_unc_low_risk
ISIC_0026628,nv,nv,0.18461843,0.00052826735,auto_accept,low_unc_low_risk
ISIC_0028107,bcc,bcc,0.30478287,0.99547935,auto_accept,low_unc_low_risk
ISIC_0028887,nv,nv,0.677708,0.44698453,escalate,high_unc_low_risk
ISIC_0033435,nv,nv,0.002650035,3.2774403e-06,auto_accept,low_unc_low_risk
ISIC_0026357,nv,nv,0.0002479004,2.8272932e-06,auto_accept,low_unc_low_risk
ISIC_0033647,nv,nv,0.0031189262,3.8531653e-05,auto_accept,low_unc_low_risk
ISIC_0026863,nv,nv,0.024756698,0.0036154173,auto_accept,low_unc_low_risk
ISIC_0025507,bkl,bkl,0.6849537,0.43185592,escalate,high_unc_low_risk
ISIC_0025311,nv,nv,0.008535657,0.0005987998,auto_accept,low_unc_low_risk
ISIC_0025815,nv,nv,0.017784273,3.3955664e-06,auto_accept,low_unc_low_risk
ISIC_0024903,nv,nv,0.0025244402,4.735981e-05,auto_accept,low_unc_low_risk
ISIC_0030717,nv,nv,0.004140945,0.00021834801,auto_accept,low_unc_low_risk
ISIC_0033391,bkl,bcc,0.7756576,0.8921343,escalate,high_unc_low_risk
ISIC_0032028,nv,nv,0.69686866,0.00018079781,escalate,high_unc_low_risk
ISIC_0033645,nv,nv,0.70024765,0.3359865,escalate,high_unc_low_risk
ISIC_0025930,nv,nv,0.006170487,4.210082e-05,auto_accept,low_unc_low_risk
ISIC_0029550,nv,nv,0.00877419,6.6198445e-05,auto_accept,low_unc_low_risk
ISIC_0024605,nv,nv,0.038194068,0.004872404,auto_accept,low_unc_low_risk
ISIC_0032307,bcc,bkl,0.10481231,0.004603747,auto_accept,low_unc_low_risk
ISIC_0033636,mel,mel,0.005416844,0.9996055,escalate,low_unc_high_risk
ISIC_0031388,nv,nv,0.014136342,4.8629365e-05,auto_accept,low_unc_low_risk
ISIC_0030613,nv,nv,0.009143397,6.377669e-05,auto_accept,low_unc_low_risk
ISIC_0027683,nv,nv,0.087165244,0.00011697935,auto_accept,low_unc_low_risk
ISIC_0030140,nv,nv,0.34641352,0.03024198,auto_accept,low_unc_low_risk
ISIC_0029663,nv,nv,0.017033061,0.00016310536,auto_accept,low_unc_low_risk
ISIC_0027838,mel,mel,0.71280533,0.43994686,escalate,high_unc_low_risk
ISIC_0033631,bkl,bkl,0.038977563,0.00040455398,auto_accept,low_unc_low_risk
ISIC_0026485,nv,nv,0.014306571,3.895313e-05,auto_accept,low_unc_low_risk
ISIC_0030345,nv,nv,0.005102308,0.00014383435,auto_accept,low_unc_low_risk
ISIC_0032297,nv,nv,0.014167599,0.00120713,auto_accept,low_unc_low_risk
ISIC_0026209,nv,mel,0.037511114,0.99685067,auto_accept,low_unc_low_risk
ISIC_0031840,nv,nv,0.45430958,7.628667e-05,auto_accept,low_unc_low_risk
ISIC_0030433,nv,nv,0.08338573,0.001342335,auto_accept,low_unc_low_risk
ISIC_0029129,bcc,bcc,0.00420706,0.9994956,escalate,low_unc_high_risk
ISIC_0024689,nv,nv,0.0150389625,0.0011484058,auto_accept,low_unc_low_risk
ISIC_0026208,nv,nv,0.0043347636,7.4691656e-05,auto_accept,low_unc_low_risk
ISIC_0029619,nv,nv,0.008970835,0.00022288617,auto_accept,low_unc_low_risk
ISIC_0028833,nv,nv,0.14857833,0.0003662671,auto_accept,low_unc_low_risk
ISIC_0032956,nv,nv,0.10853894,0.046919834,auto_accept,low_unc_low_risk
ISIC_0032776,bkl,bkl,0.0190069,0.00076957786,auto_accept,low_unc_low_risk
ISIC_0031856,nv,nv,0.0048136837,3.039836e-05,auto_accept,low_unc_low_risk
ISIC_0033312,mel,mel,0.408403,0.77212495,auto_accept,low_unc_low_risk
ISIC_0030048,nv,nv,7.189846e-05,6.1485673e-07,auto_accept,low_unc_low_risk
ISIC_0030239,nv,nv,0.018409643,0.0014111365,auto_accept,low_unc_low_risk
ISIC_0033718,nv,nv,0.06953067,0.0063844724,auto_accept,low_unc_low_risk
ISIC_0025464,nv,nv,0.008559264,0.0020463178,auto_accept,low_unc_low_risk
ISIC_0024584,nv,nv,0.030915674,0.0009395114,auto_accept,low_unc_low_risk
ISIC_0032880,nv,nv,0.014212401,0.0022065148,auto_accept,low_unc_low_risk
ISIC_0027353,nv,nv,0.028140739,0.0018087778,auto_accept,low_unc_low_risk
ISIC_0024721,nv,mel,0.33047098,0.8303548,auto_accept,low_unc_low_risk
ISIC_0030344,akiec,mel,0.03343547,0.99610597,auto_accept,low_unc_low_risk
ISIC_0031099,nv,nv,0.005370963,0.0001156226,auto_accept,low_unc_low_risk
ISIC_0031951,bkl,bkl,0.14442809,0.0012893676,auto_accept,low_unc_low_risk
ISIC_0025757,nv,nv,0.32769832,0.10380544,auto_accept,low_unc_low_risk
ISIC_0026363,nv,nv,0.0038548508,2.393693e-05,auto_accept,low_unc_low_risk
ISIC_0030749,nv,nv,0.023703663,0.00026439736,auto_accept,low_unc_low_risk
ISIC_0033451,nv,nv,0.40604335,0.07411323,auto_accept,low_unc_low_risk
ISIC_0033258,mel,mel,0.041464914,0.98901653,auto_accept,low_unc_low_risk
ISIC_0025246,nv,nv,0.0007238268,7.842249e-05,auto_accept,low_unc_low_risk
ISIC_0033464,nv,nv,0.023658877,0.0047738105,auto_accept,low_unc_low_risk
ISIC_0026821,nv,nv,0.010548909,9.6531156e-05,auto_accept,low_unc_low_risk
ISIC_0031153,nv,nv,0.0017150393,3.620437e-05,auto_accept,low_unc_low_risk
ISIC_0034094,mel,mel,0.02260791,0.99500847,auto_accept,low_unc_low_risk
ISIC_0030418,nv,nv,0.022010053,0.001682252,auto_accept,low_unc_low_risk
ISIC_0032977,nv,nv,0.0054606926,4.2067342e-05,auto_accept,low_unc_low_risk
ISIC_0031484,nv,nv,0.0077006393,0.00012948592,auto_accept,low_unc_low_risk
ISIC_0031710,nv,nv,0.008282015,0.0012916765,auto_accept,low_unc_low_risk
ISIC_0025599,vasc,vasc,0.0015761671,0.00013189965,auto_accept,low_unc_low_risk
ISIC_0032467,nv,nv,0.0020878613,1.504176e-06,auto_accept,low_unc_low_risk
ISIC_0026799,nv,nv,0.0053408593,0.0009414784,auto_accept,low_unc_low_risk
ISIC_0034185,nv,nv,0.20978501,0.09678357,auto_accept,low_unc_low_risk
ISIC_0029916,nv,nv,0.012349767,0.000100834695,auto_accept,low_unc_low_risk
ISIC_0025382,nv,nv,0.0073881727,4.7104553e-05,auto_accept,low_unc_low_risk
ISIC_0031944,nv,nv,0.0083434405,7.502724e-05,auto_accept,low_unc_low_risk
ISIC_0031817,nv,bkl,0.2513962,4.058823e-05,auto_accept,low_unc_low_risk
ISIC_0033587,bkl,bkl,0.709903,0.01798599,escalate,high_unc_low_risk
ISIC_0034309,nv,nv,0.029958164,0.00084293465,auto_accept,low_unc_low_risk
ISIC_0030435,nv,nv,0.03560009,1.5202315e-05,auto_accept,low_unc_low_risk
ISIC_0029260,bkl,bkl,0.00861792,0.0045857704,auto_accept,low_unc_low_risk
ISIC_0029280,nv,nv,0.04370844,0.000106152664,auto_accept,low_unc_low_risk
ISIC_0027256,vasc,vasc,6.8844995e-05,1.1168745e-05,auto_accept,low_unc_low_risk
ISIC_0032338,nv,nv,0.0016008234,4.7300724e-05,auto_accept,low_unc_low_risk
ISIC_0024473,nv,nv,0.15028134,0.042127907,auto_accept,low_unc_low_risk
ISIC_0028575,nv,nv,0.054583125,0.00020984406,auto_accept,low_unc_low_risk
ISIC_0027706,bkl,nv,0.1990664,0.00880812,auto_accept,low_unc_low_risk
ISIC_0033285,nv,nv,0.03972134,0.0005783891,auto_accept,low_unc_low_risk
ISIC_0026030,nv,mel,0.67400974,0.60118395,escalate,high_unc_low_risk
ISIC_0032540,nv,nv,0.12440635,0.021237532,auto_accept,low_unc_low_risk
ISIC_0028552,nv,nv,0.4205737,0.0035299486,auto_accept,low_unc_low_risk
ISIC_0030456,nv,nv,0.2902457,0.011517332,auto_accept,low_unc_low_risk
ISIC_0025174,nv,nv,0.0050034276,0.00025433628,auto_accept,low_unc_low_risk
ISIC_0026157,nv,nv,0.031162687,0.0017906569,auto_accept,low_unc_low_risk
ISIC_0033503,nv,nv,0.594256,0.0038477345,escalate,high_unc_low_risk
ISIC_0026918,nv,nv,0.0014315457,2.4781373e-06,auto_accept,low_unc_low_risk
ISIC_0024766,nv,nv,0.0067046243,0.0001427782,auto_accept,low_unc_low_risk
ISIC_0027262,nv,nv,0.017508868,0.000370361,auto_accept,low_unc_low_risk
ISIC_0028731,nv,nv,0.068038255,0.03805495,auto_accept,low_unc_low_risk
ISIC_0027000,nv,nv,0.0064961202,0.00016281386,auto_accept,low_unc_low_risk
ISIC_0033276,nv,nv,0.0034427824,5.439555e-05,auto_accept,low_unc_low_risk
ISIC_0031511,bkl,bkl,0.1425995,0.0009510059,auto_accept,low_unc_low_risk
ISIC_0029965,nv,nv,0.002921936,1.1134821e-05,auto_accept,low_unc_low_risk
ISIC_0024610,nv,nv,0.00047745518,6.9212314e-07,auto_accept,low_unc_low_risk
ISIC_0025224,nv,nv,0.5292221,0.088397555,auto_accept,low_unc_low_risk
ISIC_0030195,nv,nv,0.13565019,0.0007002855,auto_accept,low_unc_low_risk
ISIC_0025110,nv,nv,0.14751673,0.03221649,auto_accept,low_unc_low_risk
ISIC_0028661,nv,nv,0.0002942913,2.3763705e-05,auto_accept,low_unc_low_risk
ISIC_0030596,nv,nv,0.11077578,0.0024131013,auto_accept,low_unc_low_risk
ISIC_0024727,nv,nv,0.1347226,0.042828724,auto_accept,low_unc_low_risk
ISIC_0027995,nv,nv,0.053181686,0.004489889,auto_accept,low_unc_low_risk
ISIC_0034252,bkl,bkl,0.95602983,0.04411927,escalate,high_unc_low_risk
ISIC_0025412,nv,nv,0.008032104,0.0007069709,auto_accept,low_unc_low_risk
ISIC_0032600,nv,nv,0.057061285,0.0063034836,auto_accept,low_unc_low_risk
ISIC_0031912,nv,nv,0.013605804,0.0001589319,auto_accept,low_unc_low_risk
ISIC_0028617,nv,nv,0.007201521,0.00038837333,auto_accept,low_unc_low_risk
ISIC_0026065,nv,nv,0.00710814,4.6304438e-05,auto_accept,low_unc_low_risk
ISIC_0026172,nv,nv,0.0076963347,0.00030090826,auto_accept,low_unc_low_risk
ISIC_0027574,nv,nv,0.07015936,0.0029623022,auto_accept,low_unc_low_risk
ISIC_0033675,df,df,0.006789095,0.0033763235,auto_accept,low_unc_low_risk
ISIC_0033838,nv,nv,0.13274911,0.028626047,auto_accept,low_unc_low_risk
ISIC_0024348,nv,nv,0.04624586,2.1208558e-05,auto_accept,low_unc_low_risk
ISIC_0030179,nv,nv,0.011350649,0.0008586674,auto_accept,low_unc_low_risk
ISIC_0031296,nv,nv,0.005057161,1.4151953e-05,auto_accept,low_unc_low_risk
ISIC_0028751,nv,nv,0.030723691,0.0005046471,auto_accept,low_unc_low_risk
ISIC_0027875,bkl,bkl,0.71482426,0.00089759385,escalate,high_unc_low_risk
ISIC_0028194,nv,nv,1.2507674,0.60322964,escalate,high_unc_low_risk
ISIC_0027369,nv,nv,0.019044152,0.00022844154,auto_accept,low_unc_low_risk
ISIC_0032699,mel,mel,0.20370555,0.85733825,auto_accept,low_unc_low_risk
ISIC_0026038,nv,nv,0.08499624,0.00041250305,auto_accept,low_unc_low_risk
ISIC_0031120,nv,nv,0.014124375,0.0008633857,auto_accept,low_unc_low_risk
ISIC_0031535,nv,nv,0.010887684,0.0009823912,auto_accept,low_unc_low_risk
ISIC_0025600,bcc,bcc,0.1415823,0.9834325,auto_accept,low_unc_low_risk
ISIC_0028528,nv,mel,0.5304132,0.71600884,auto_accept,low_unc_low_risk
ISIC_0026352,mel,nv,0.08528298,0.018640189,auto_accept,low_unc_low_risk
ISIC_0033055,mel,mel,0.1225165,0.97826195,auto_accept,low_unc_low_risk
ISIC_0026472,nv,nv,0.0057791322,0.0005041057,auto_accept,low_unc_low_risk
ISIC_0025437,nv,nv,0.17058234,0.0001824588,auto_accept,low_unc_low_risk
ISIC_0032442,nv,nv,0.000261138,2.706992e-06,auto_accept,low_unc_low_risk
ISIC_0031028,nv,nv,0.013241209,0.00074067607,auto_accept,low_unc_low_risk
ISIC_0026680,nv,nv,0.008192166,3.9854535e-06,auto_accept,low_unc_low_risk
ISIC_0032366,nv,nv,0.003797602,0.00017438515,auto_accept,low_unc_low_risk
ISIC_0033447,nv,nv,0.032807853,0.0042899107,auto_accept,low_unc_low_risk
ISIC_0027129,nv,nv,0.29446495,0.13932781,auto_accept,low_unc_low_risk
ISIC_0027873,nv,nv,0.54739636,0.21220608,auto_accept,low_unc_low_risk
ISIC_0031193,nv,nv,0.023078948,0.00038351788,auto_accept,low_unc_low_risk
ISIC_0029710,nv,nv,0.011802684,0.00068091304,auto_accept,low_unc_low_risk
ISIC_0031962,nv,nv,0.00052560127,1.0768885e-05,auto_accept,low_unc_low_risk
ISIC_0027594,nv,nv,0.10924287,0.0002850857,auto_accept,low_unc_low_risk
ISIC_0027858,bcc,bcc,0.047663987,0.94772804,auto_accept,low_unc_low_risk
ISIC_0032654,bkl,bkl,0.12801456,0.0022341604,auto_accept,low_unc_low_risk
ISIC_0026207,mel,nv,0.026935244,0.008375494,auto_accept,low_unc_low_risk
ISIC_0031469,nv,nv,0.032713976,0.00024208646,auto_accept,low_unc_low_risk
ISIC_0024919,nv,nv,0.0038294382,0.0002756873,auto_accept,low_unc_low_risk
ISIC_0031751,nv,nv,0.00020415129,3.899499e-06,auto_accept,low_unc_low_risk
ISIC_0026804,nv,nv,0.12519392,1.3992485e-05,auto_accept,low_unc_low_risk
ISIC_0027215,nv,nv,0.0022586738,3.059548e-05,auto_accept,low_unc_low_risk
ISIC_0032610,mel,mel,0.031225838,0.9892546,auto_accept,low_unc_low_risk
ISIC_0032453,nv,nv,0.05925498,0.0062667513,auto_accept,low_unc_low_risk
ISIC_0026484,nv,nv,0.00015026862,1.1167926e-06,auto_accept,low_unc_low_risk
ISIC_0024544,nv,nv,0.041294564,0.0005412886,auto_accept,low_unc_low_risk
ISIC_0034207,nv,nv,0.00025548483,3.1089958e-06,auto_accept,low_unc_low_risk
ISIC_0033162,nv,mel,0.718426,0.55804336,escalate,high_unc_low_risk
ISIC_0032931,nv,nv,0.41935307,0.24491747,auto_accept,low_unc_low_risk
ISIC_0029155,nv,nv,0.002014389,4.0916228e-05,auto_accept,low_unc_low_risk
ISIC_0032716,mel,mel,0.021008722,0.99689305,auto_accept,low_unc_low_risk
ISIC_0030290,nv,nv,0.033007156,0.00046131224,auto_accept,low_unc_low_risk
ISIC_0031899,nv,nv,0.017745199,0.000114091155,auto_accept,low_unc_low_risk
ISIC_0030367,nv,nv,0.08151025,0.012114587,auto_accept,low_unc_low_risk
ISIC_0029650,nv,nv,0.032030623,0.0007260574,auto_accept,low_unc_low_risk
ISIC_0030018,nv,nv,0.06451951,0.00014476835,auto_accept,low_unc_low_risk
ISIC_0027116,nv,nv,0.015440685,0.00032930306,auto_accept,low_unc_low_risk
ISIC_0027547,nv,nv,0.008710661,1.611863e-05,auto_accept,low_unc_low_risk
ISIC_0034186,bkl,bcc,0.75654674,0.9099559,escalate,high_unc_low_risk
ISIC_0032117,nv,nv,0.26633793,0.00071275944,auto_accept,low_unc_low_risk
ISIC_0029021,mel,nv,0.940979,0.34166995,escalate,high_unc_low_risk
ISIC_0026364,nv,nv,0.0028484315,8.726534e-05,auto_accept,low_unc_low_risk
ISIC_0026666,nv,nv,0.011531094,0.0001291977,auto_accept,low_unc_low_risk
ISIC_0027835,nv,nv,0.0024499863,0.0001199618,auto_accept,low_unc_low_risk
ISIC_0029511,nv,nv,0.2848259,9.212917e-05,auto_accept,low_unc_low_risk
ISIC_0025269,nv,nv,0.004413503,3.1645024e-05,auto_accept,low_unc_low_risk
ISIC_0025021,nv,nv,0.44372216,0.0019554326,auto_accept,low_unc_low_risk
ISIC_0027290,nv,nv,0.22077765,0.015795426,auto_accept,low_unc_low_risk
ISIC_0026768,nv,nv,0.017709266,8.690245e-05,auto_accept,low_unc_low_risk
ISIC_0032235,bkl,bkl,1.0432793,0.2608882,escalate,high_unc_low_risk
ISIC_0026418,nv,nv,0.11295947,0.007936297,auto_accept,low_unc_low_risk
ISIC_0033604,nv,mel,0.73434806,0.43707368,escalate,high_unc_low_risk
ISIC_0027592,nv,nv,0.017145928,0.00024449773,auto_accept,low_unc_low_risk
ISIC_0028394,nv,nv,0.014951401,0.0002646695,auto_accept,low_unc_low_risk
ISIC_0025007,nv,nv,0.06585853,0.0015522084,auto_accept,low_unc_low_risk
ISIC_0025136,bkl,mel,0.0961703,0.96550804,auto_accept,low_unc_low_risk
ISIC_0031854,nv,nv,0.13366336,2.5880954e-05,auto_accept,low_unc_low_risk
ISIC_0027170,nv,nv,0.12507191,0.016076913,auto_accept,low_unc_low_risk
ISIC_0033173,nv,nv,0.0073868125,0.0005137493,auto_accept,low_unc_low_risk
ISIC_0032989,nv,mel,0.5760642,0.69483477,escalate,high_unc_low_risk
ISIC_0028782,nv,nv,0.018001195,0.00019542912,auto_accept,low_unc_low_risk
ISIC_0032315,bkl,nv,0.3025041,0.022526601,auto_accept,low_unc_low_risk
ISIC_0029409,nv,nv,0.31004187,0.022090802,auto_accept,low_unc_low_risk
ISIC_0028070,nv,nv,0.0048509133,8.3190775e-05,auto_accept,low_unc_low_risk
ISIC_0028985,nv,nv,0.015928466,0.0012681729,auto_accept,low_unc_low_risk
ISIC_0033315,nv,nv,0.027202353,0.002284386,auto_accept,low_unc_low_risk
ISIC_0030554,nv,nv,0.0138750905,0.000961589,auto_accept,low_unc_low_risk
ISIC_0028698,nv,nv,0.21209455,0.0033419027,auto_accept,low_unc_low_risk
ISIC_0028280,nv,nv,0.7348161,0.25578505,escalate,high_unc_low_risk
ISIC_0026415,nv,nv,0.026715968,6.3298336e-05,auto_accept,low_unc_low_risk
ISIC_0026447,nv,nv,0.0018938417,0.00018354307,auto_accept,low_unc_low_risk
ISIC_0026915,nv,nv,0.0017302094,3.3588527e-05,auto_accept,low_unc_low_risk
ISIC_0030946,nv,nv,0.0010471881,2.9429822e-05,auto_accept,low_unc_low_risk
ISIC_0026081,mel,mel,0.6100667,0.72280234,escalate,high_unc_low_risk
ISIC_0030058,nv,nv,0.06074288,0.00048752056,auto_accept,low_unc_low_risk
ISIC_0032336,nv,nv,0.002692056,6.520533e-05,auto_accept,low_unc_low_risk
ISIC_0027429,nv,nv,0.059029266,0.0048962664,auto_accept,low_unc_low_risk
ISIC_0024866,nv,nv,0.0019797133,0.000109493536,auto_accept,low_unc_low_risk
ISIC_0033794,nv,nv,0.6115165,0.00083887257,escalate,high_unc_low_risk
ISIC_0029834,nv,nv,0.002974264,2.6494637e-05,auto_accept,low_unc_low_risk
ISIC_0033526,mel,nv,0.5512465,0.03736858,auto_accept,low_unc_low_risk
ISIC_0028637,nv,mel,0.08699687,0.977505,auto_accept,low_unc_low_risk
ISIC_0031398,nv,nv,0.028227609,0.0005100134,auto_accept,low_unc_low_risk
ISIC_0027579,nv,nv,0.027721237,0.0015630191,auto_accept,low_unc_low_risk
ISIC_0024974,nv,nv,0.030880079,0.00048605015,auto_accept,low_unc_low_risk
ISIC_0032681,bkl,bkl,0.22845024,0.0012757387,auto_accept,low_unc_low_risk
ISIC_0031648,vasc,vasc,0.00014630613,0.00036740545,auto_accept,low_unc_low_risk
ISIC_0027785,nv,nv,0.013526303,1.0687705e-06,auto_accept,low_unc_low_risk
ISIC_0024749,nv,nv,0.04960109,0.006257917,auto_accept,low_unc_low_risk
ISIC_0025936,nv,nv,0.14253911,0.036324836,auto_accept,low_unc_low_risk
ISIC_0033004,mel,nv,0.011833279,0.0010768208,auto_accept,low_unc_low_risk
ISIC_0026391,nv,nv,0.044924226,0.0039610453,auto_accept,low_unc_low_risk
ISIC_0029583,nv,nv,0.11450552,0.0022100916,auto_accept,low_unc_low_risk
ISIC_0027181,nv,nv,0.09137196,0.003337633,auto_accept,low_unc_low_risk
ISIC_0031370,nv,nv,0.07345497,0.00044604362,auto_accept,low_unc_low_risk
ISIC_0026507,nv,nv,0.08908352,0.009441015,auto_accept,low_unc_low_risk
ISIC_0029349,nv,nv,0.0101553,0.0008271166,auto_accept,low_unc_low_risk
ISIC_0027791,nv,nv,0.0005233418,3.7809194e-05,auto_accept,low_unc_low_risk
ISIC_0032413,nv,nv,0.0122479405,0.000323434,auto_accept,low_unc_low_risk
ISIC_0032839,vasc,vasc,0.02803687,0.00031931745,auto_accept,low_unc_low_risk
ISIC_0032966,nv,vasc,0.5611582,0.0015495282,auto_accept,low_unc_low_risk
ISIC_0032018,nv,nv,0.22474405,1.748519e-06,auto_accept,low_unc_low_risk
ISIC_0027459,nv,nv,0.005463827,0.0004253253,auto_accept,low_unc_low_risk
ISIC_0029267,nv,nv,0.018207755,0.00031655582,auto_accept,low_unc_low_risk
ISIC_0026709,akiec,akiec,0.8319443,0.6340562,escalate,high_unc_low_risk
ISIC_0027775,nv,nv,0.0469397,0.008639614,auto_accept,low_unc_low_risk
ISIC_0033147,nv,nv,0.18411507,0.0073267515,auto_accept,low_unc_low_risk
ISIC_0031330,nv,nv,0.15898277,0.0005624681,auto_accept,low_unc_low_risk
ISIC_0028574,nv,nv,0.0013824909,1.3921687e-05,auto_accept,low_unc_low_risk
ISIC_0026991,nv,nv,0.00046627966,1.9740376e-06,auto_accept,low_unc_low_risk
ISIC_0032394,nv,nv,0.0032617387,0.0003173048,auto_accept,low_unc_low_risk
ISIC_0033734,nv,nv,0.06028391,0.010238313,auto_accept,low_unc_low_risk
ISIC_0030061,nv,mel,0.44490868,0.83712953,auto_accept,low_unc_low_risk
ISIC_0024464,nv,nv,0.0065315226,0.00069670664,auto_accept,low_unc_low_risk
ISIC_0029681,nv,nv,0.049571224,0.0005281068,auto_accept,low_unc_low_risk
ISIC_0032485,nv,nv,0.0018232298,2.3824472e-05,auto_accept,low_unc_low_risk
ISIC_0028203,nv,nv,0.058195338,0.006386294,auto_accept,low_unc_low_risk
ISIC_0033061,mel,vasc,0.91170967,0.0027366476,escalate,high_unc_low_risk
ISIC_0030398,nv,nv,0.0048227767,3.4166387e-05,auto_accept,low_unc_low_risk
ISIC_0032416,nv,nv,0.1596401,0.004050912,auto_accept,low_unc_low_risk
ISIC_0027834,nv,nv,0.034748774,0.0030549706,auto_accept,low_unc_low_risk
ISIC_0032828,nv,nv,0.23594202,0.10174525,auto_accept,low_unc_low_risk
ISIC_0029989,nv,nv,0.0035946663,0.00013523988,auto_accept,low_unc_low_risk
ISIC_0026983,nv,nv,0.0057044076,4.0959872e-05,auto_accept,low_unc_low_risk
ISIC_0033548,nv,nv,0.02375559,0.0033739307,auto_accept,low_unc_low_risk
ISIC_0029616,nv,nv,0.009746557,0.00050062785,auto_accept,low_unc_low_risk
ISIC_0026839,nv,nv,0.08858233,0.015093843,auto_accept,low_unc_low_risk
ISIC_0025582,nv,nv,0.026098091,0.00047442468,auto_accept,low_unc_low_risk
ISIC_0026421,nv,nv,0.21104613,0.007010971,auto_accept,low_unc_low_risk
ISIC_0027403,nv,nv,0.0022026151,2.6819027e-06,auto_accept,low_unc_low_risk
ISIC_0027445,nv,nv,0.021357773,0.0012580779,auto_accept,low_unc_low_risk
ISIC_0029073,nv,nv,0.036936697,0.0030253346,auto_accept,low_unc_low_risk
ISIC_0030454,nv,nv,0.02736546,0.0008951515,auto_accept,low_unc_low_risk
ISIC_0025151,nv,nv,0.008670283,0.00036688813,auto_accept,low_unc_low_risk
ISIC_0032223,nv,nv,0.01921875,0.00027531953,auto_accept,low_unc_low_risk
ISIC_0025293,nv,nv,0.0035753793,4.1956773e-06,auto_accept,low_unc_low_risk
ISIC_0028701,bkl,bkl,1.3076961,0.38679543,escalate,high_unc_low_risk
ISIC_0033504,bcc,bcc,0.19438925,0.98980147,auto_accept,low_unc_low_risk
ISIC_0027702,mel,mel,0.18461691,0.9304561,auto_accept,low_unc_low_risk
ISIC_0033889,nv,nv,0.7505014,0.0074120457,escalate,high_unc_low_risk
ISIC_0031994,nv,nv,0.020817824,7.9501864e-05,auto_accept,low_unc_low_risk
ISIC_0024311,nv,nv,0.005903477,0.00036572805,auto_accept,low_unc_low_risk
ISIC_0026036,nv,nv,0.006735338,0.0002747534,auto_accept,low_unc_low_risk
ISIC_0025528,nv,nv,0.0029934538,1.3402901e-05,auto_accept,low_unc_low_risk
ISIC_0027222,nv,nv,0.010781348,0.0020697038,auto_accept,low_unc_low_risk
ISIC_0030304,nv,nv,0.097769566,0.0015720131,auto_accept,low_unc_low_risk
ISIC_0025667,nv,nv,0.14057839,0.004080015,auto_accept,low_unc_low_risk
ISIC_0031206,nv,nv,0.007633848,0.0002650824,auto_accept,low_unc_low_risk
ISIC_0028665,nv,nv,0.32353368,0.0009144974,auto_accept,low_unc_low_risk
ISIC_0027720,nv,nv,0.0082252445,0.00043793078,auto_accept,low_unc_low_risk
ISIC_0027364,nv,nv,0.021852657,0.0004968364,auto_accept,low_unc_low_risk
ISIC_0026295,nv,nv,0.09153494,0.009638727,auto_accept,low_unc_low_risk
ISIC_0033513,nv,nv,0.0013944576,4.3066055e-05,auto_accept,low_unc_low_risk
ISIC_0032440,nv,nv,0.017077822,4.2956864e-05,auto_accept,low_unc_low_risk
ISIC_0030854,nv,nv,0.08787654,0.0014479678,auto_accept,low_unc_low_risk
ISIC_0025886,nv,nv,0.06361673,0.0031618432,auto_accept,low_unc_low_risk
ISIC_0026990,nv,nv,0.030269872,0.0005068245,auto_accept,low_unc_low_risk
ISIC_0029531,nv,nv,0.005495536,0.00019888593,auto_accept,low_unc_low_risk
ISIC_0028010,nv,mel,0.11445316,0.95186657,auto_accept,low_unc_low_risk
ISIC_0033589,nv,mel,0.76641285,0.44570643,escalate,high_unc_low_risk
ISIC_0034214,vasc,vasc,0.008716568,0.2871553,auto_accept,low_unc_low_risk
ISIC_0033002,nv,nv,0.02423998,0.0007738504,auto_accept,low_unc_low_risk
ISIC_0028499,akiec,akiec,0.048359472,0.97914314,auto_accept,low_unc_low_risk
ISIC_0030443,mel,bkl,1.0025655,0.46143064,escalate,high_unc_low_risk
ISIC_0032568,nv,nv,0.0065825074,2.5584954e-05,auto_accept,low_unc_low_risk
ISIC_0026598,nv,nv,0.010483649,0.0002661049,auto_accept,low_unc_low_risk
ISIC_0026878,nv,nv,0.005378078,0.00038991356,auto_accept,low_unc_low_risk
ISIC_0031373,nv,nv,0.016892163,8.511566e-06,auto_accept,low_unc_low_risk
ISIC_0028484,nv,nv,0.049064524,0.016592072,auto_accept,low_unc_low_risk
ISIC_0033909,nv,nv,0.17164683,0.00029849357,auto_accept,low_unc_low_risk
ISIC_0032411,nv,nv,0.008725126,0.0008484117,auto_accept,low_unc_low_risk
ISIC_0031582,nv,nv,0.04277602,6.487982e-05,auto_accept,low_unc_low_risk
ISIC_0033078,nv,nv,0.06605323,0.0005993396,auto_accept,low_unc_low_risk
ISIC_0033542,nv,nv,0.028481634,0.0033417728,auto_accept,low_unc_low_risk
ISIC_0032084,nv,nv,0.006178785,0.00014088552,auto_accept,low_unc_low_risk
ISIC_0031459,bkl,nv,1.0142261,0.17202069,escalate,high_unc_low_risk
ISIC_0030748,nv,nv,0.17681926,0.008343832,auto_accept,low_unc_low_risk
ISIC_0033417,nv,nv,0.00041514487,1.0182255e-05,auto_accept,low_unc_low_risk
ISIC_0026162,nv,nv,0.093375444,0.00035677775,auto_accept,low_unc_low_risk
ISIC_0025324,mel,nv,0.060650457,1.4334482e-06,auto_accept,low_unc_low_risk
ISIC_0031199,nv,nv,0.034909725,0.0017451914,auto_accept,low_unc_low_risk
ISIC_0026985,nv,nv,0.029693408,0.00028340824,auto_accept,low_unc_low_risk
ISIC_0033871,mel,nv,0.1577674,0.05215822,auto_accept,low_unc_low_risk
ISIC_0033567,nv,bcc,0.4525326,0.41618842,auto_accept,low_unc_low_risk
ISIC_0033481,nv,nv,0.019698031,0.00061232375,auto_accept,low_unc_low_risk
ISIC_0030405,nv,nv,0.028000448,0.00017094205,auto_accept,low_unc_low_risk
ISIC_0029724,nv,nv,0.08856478,0.0049771047,auto_accept,low_unc_low_risk
ISIC_0027657,nv,nv,0.7481313,0.52250665,escalate,high_unc_low_risk
ISIC_0027518,nv,nv,0.0023397256,3.9278028e-05,auto_accept,low_unc_low_risk
ISIC_0026446,bkl,bkl,0.46519312,0.0008250158,auto_accept,low_unc_low_risk
ISIC_0027302,mel,nv,0.076688014,0.0039151064,auto_accept,low_unc_low_risk
ISIC_0034118,mel,nv,1.0469229,0.05021277,escalate,high_unc_low_risk
ISIC_0031013,mel,mel,0.07344083,0.98145354,auto_accept,low_unc_low_risk
ISIC_0026113,mel,nv,0.5514984,0.14928332,auto_accept,low_unc_low_risk
ISIC_0025976,nv,nv,0.41316795,0.13187373,auto_accept,low_unc_low_risk
ISIC_0024353,nv,nv,0.0073789433,2.7018803e-05,auto_accept,low_unc_low_risk
ISIC_0032655,bkl,nv,0.12591448,0.00013912586,auto_accept,low_unc_low_risk
ISIC_0032077,nv,nv,0.0005342361,2.293932e-06,auto_accept,low_unc_low_risk
ISIC_0028145,nv,nv,0.00083872734,6.4004686e-05,auto_accept,low_unc_low_risk
ISIC_0030393,nv,nv,0.019164918,0.00010306004,auto_accept,low_unc_low_risk
ISIC_0032895,nv,nv,0.008425999,0.0004622413,auto_accept,low_unc_low_risk
ISIC_0026899,nv,nv,0.0035920134,8.6535285e-05,auto_accept,low_unc_low_risk
ISIC_0024852,nv,nv,0.014996226,1.500294e-05,auto_accept,low_unc_low_risk
ISIC_0033532,nv,nv,0.7808264,0.34866965,escalate,high_unc_low_risk
ISIC_0029503,nv,nv,0.16761555,0.005207325,auto_accept,low_unc_low_risk
ISIC_0028514,nv,nv,0.03161084,0.0009337501,auto_accept,low_unc_low_risk
ISIC_0031323,nv,nv,0.032749776,0.004450919,auto_accept,low_unc_low_risk
ISIC_0027826,bkl,bkl,0.012598307,0.00031826552,auto_accept,low_unc_low_risk
ISIC_0024438,nv,nv,0.00020628244,1.2606104e-05,auto_accept,low_unc_low_risk
ISIC_0025750,nv,nv,0.04190472,0.0002536202,auto_accept,low_unc_low_risk
ISIC_0024399,nv,nv,0.014205023,0.0006792292,auto_accept,low_unc_low_risk
ISIC_0024630,mel,mel,0.4133376,0.80082834,auto_accept,low_unc_low_risk
ISIC_0028302,nv,nv,0.17786355,0.0005145432,auto_accept,low_unc_low_risk
ISIC_0031246,nv,nv,0.0098747965,4.4623375e-05,auto_accept,low_unc_low_risk
ISIC_0026900,nv,nv,0.0060663223,6.952848e-06,auto_accept,low_unc_low_risk
ISIC_0030777,nv,nv,0.02928178,0.0023814882,auto_accept,low_unc_low_risk
ISIC_0026134,nv,nv,0.029608348,0.00015459434,auto_accept,low_unc_low_risk
ISIC_0031460,nv,nv,0.003970751,0.00034881604,auto_accept,low_unc_low_risk
ISIC_0028485,nv,nv,0.01552046,0.0010697193,auto_accept,low_unc_low_risk
ISIC_0026560,nv,nv,0.23702462,0.060107294,auto_accept,low_unc_low_risk
ISIC_0025104,nv,nv,0.42749813,0.00018308076,auto_accept,low_unc_low_risk
ISIC_0027130,mel,nv,0.5188036,0.14198981,auto_accept,low_unc_low_risk
ISIC_0026003,nv,nv,0.06720688,0.001666668,auto_accept,low_unc_low_risk
ISIC_0031020,nv,nv,0.009150342,0.00015511113,auto_accept,low_unc_low_risk
ISIC_0026641,nv,nv,0.0015071037,7.348384e-05,auto_accept,low_unc_low_risk
ISIC_0031315,nv,nv,8.7456305e-05,8.045515e-07,auto_accept,low_unc_low_risk
ISIC_0030017,nv,nv,0.05342582,7.392015e-05,auto_accept,low_unc_low_risk
ISIC_0032521,nv,nv,0.10013851,0.02616944,auto_accept,low_unc_low_risk
ISIC_0026920,nv,nv,0.0014455947,1.1563049e-05,auto_accept,low_unc_low_risk
ISIC_0027962,nv,nv,0.01100496,0.0009619294,auto_accept,low_unc_low_risk
ISIC_0024685,nv,nv,0.007173948,0.0001971807,auto_accept,low_unc_low_risk
ISIC_0025441,nv,nv,0.0030531755,2.5040126e-06,auto_accept,low_unc_low_risk
ISIC_0027503,nv,nv,0.01878083,0.0020452742,auto_accept,low_unc_low_risk
ISIC_0033160,nv,mel,0.6906395,0.73344994,escalate,high_unc_low_risk
ISIC_0029497,nv,nv,0.18051812,2.1255879e-05,auto_accept,low_unc_low_risk
ISIC_0027309,nv,nv,0.0061459225,3.4344524e-05,auto_accept,low_unc_low_risk
ISIC_0031003,nv,nv,0.008511003,5.224938e-05,auto_accept,low_unc_low_risk
ISIC_0031300,nv,nv,0.08299769,0.0043720067,auto_accept,low_unc_low_risk
ISIC_0027174,mel,nv,1.3978237,0.50824887,escalate,high_unc_low_risk
ISIC_0032282,nv,nv,0.10846701,0.00022148839,auto_accept,low_unc_low_risk
ISIC_0028096,nv,nv,0.03631892,0.00014898842,auto_accept,low_unc_low_risk
ISIC_0030709,nv,nv,0.6822086,0.03979064,escalate,high_unc_low_risk
ISIC_0029471,nv,nv,0.012868182,0.0006528386,auto_accept,low_unc_low_risk
ISIC_0026591,nv,nv,0.088219464,0.00061413937,auto_accept,low_unc_low_risk
ISIC_0030952,nv,nv,0.04318244,6.828058e-05,auto_accept,low_unc_low_risk
ISIC_0033903,nv,nv,0.6112743,0.17638561,escalate,high_unc_low_risk
ISIC_0027389,nv,nv,0.026305577,0.0002750244,auto_accept,low_unc_low_risk
ISIC_0026504,nv,nv,0.020050723,1.4543034e-05,auto_accept,low_unc_low_risk
ISIC_0028143,nv,nv,0.0055005136,2.9567242e-05,auto_accept,low_unc_low_risk
ISIC_0027180,nv,nv,0.005408589,0.0001703431,auto_accept,low_unc_low_risk
ISIC_0027280,nv,nv,0.0005165903,2.0470443e-06,auto_accept,low_unc_low_risk
ISIC_0031638,nv,nv,0.021001505,0.00026810373,auto_accept,low_unc_low_risk
ISIC_0030692,nv,nv,0.053517807,0.0026639022,auto_accept,low_unc_low_risk
ISIC_0027542,nv,nv,0.0082247285,0.0004903822,auto_accept,low_unc_low_risk
ISIC_0024764,nv,nv,0.0012551729,4.5098583e-05,auto_accept,low_unc_low_risk
ISIC_0025827,nv,nv,0.031724185,1.1542964e-05,auto_accept,low_unc_low_risk
ISIC_0030614,nv,nv,0.114128485,0.016381752,auto_accept,low_unc_low_risk
ISIC_0027711,nv,nv,0.26033235,0.11917091,auto_accept,low_unc_low_risk
ISIC_0025166,nv,nv,0.066523895,0.0026584044,auto_accept,low_unc_low_risk
ISIC_0032964,nv,nv,0.2039479,0.03709155,auto_accept,low_unc_low_risk
ISIC_0029756,nv,nv,0.41477954,0.0003749332,auto_accept,low_unc_low_risk
ISIC_0026966,nv,nv,0.017762527,0.0021017331,auto_accept,low_unc_low_risk
ISIC_0032119,nv,nv,0.000737997,1.11925565e-05,auto_accept,low_unc_low_risk
ISIC_0032375,nv,nv,0.017028613,0.00016328569,auto_accept,low_unc_low_risk
ISIC_0029686,nv,nv,0.027347041,0.00051046786,auto_accept,low_unc_low_risk
ISIC_0032121,nv,nv,0.00198595,4.694639e-05,auto_accept,low_unc_low_risk
ISIC_0026513,nv,mel,0.6479283,0.7817005,escalate,high_unc_low_risk
ISIC_0027484,nv,nv,0.27129546,0.045610454,auto_accept,low_unc_low_risk
ISIC_0025095,nv,nv,0.020491842,0.00016558297,auto_accept,low_unc_low_risk
ISIC_0034172,mel,mel,0.16938855,0.9326768,auto_accept,low_unc_low_risk
ISIC_0024699,nv,nv,0.00023859394,6.098985e-07,auto_accept,low_unc_low_risk
ISIC_0033065,nv,nv,0.09286296,0.00017124416,auto_accept,low_unc_low_risk
ISIC_0024788,nv,nv,0.08394002,4.6145655e-05,auto_accept,low_unc_low_risk
ISIC_0029790,nv,nv,0.04444415,0.004503397,auto_accept,low_unc_low_risk
ISIC_0031337,nv,nv,0.24424906,0.044229116,auto_accept,low_unc_low_risk
ISIC_0027158,nv,nv,0.004585068,6.330491e-05,auto_accept,low_unc_low_risk
ISIC_0025092,nv,nv,0.066169724,0.011965129,auto_accept,low_unc_low_risk
ISIC_0030165,mel,mel,0.046993643,0.9827315,auto_accept,low_unc_low_risk
ISIC_0029876,nv,nv,0.013559937,3.994676e-05,auto_accept,low_unc_low_risk
ISIC_0026067,nv,nv,0.0017960026,1.0671047e-05,auto_accept,low_unc_low_risk
ISIC_0031477,nv,nv,0.015529971,0.00028047693,auto_accept,low_unc_low_risk
ISIC_0034100,mel,mel,0.7385354,0.6120977,escalate,high_unc_low_risk
ISIC_0030166,nv,nv,0.04293995,0.00033221606,auto_accept,low_unc_low_risk
ISIC_0028531,nv,nv,0.4759244,0.013784186,auto_accept,low_unc_low_risk
ISIC_0031871,nv,mel,0.69746464,0.58889437,escalate,high_unc_low_risk
ISIC_0028503,bkl,bkl,0.37499598,6.824327e-05,auto_accept,low_unc_low_risk
ISIC_0025797,nv,nv,0.004544957,0.0006284764,auto_accept,low_unc_low_risk
ISIC_0033826,nv,nv,0.0021152862,3.875013e-05,auto_accept,low_unc_low_risk
ISIC_0032912,nv,mel,0.43165037,0.8579173,auto_accept,low_unc_low_risk
ISIC_0032599,nv,nv,0.0026898659,3.534196e-05,auto_accept,low_unc_low_risk
ISIC_0026703,nv,nv,0.008841119,0.0009070989,auto_accept,low_unc_low_risk
ISIC_0034183,mel,nv,0.022329284,0.0004355811,auto_accept,low_unc_low_risk
ISIC_0033552,nv,nv,0.72831416,0.0025174255,escalate,high_unc_low_risk
ISIC_0029444,nv,nv,0.33871293,2.04078e-05,auto_accept,low_unc_low_risk
ISIC_0029793,bkl,nv,0.41604078,1.191778e-05,auto_accept,low_unc_low_risk
ISIC_0028005,nv,nv,0.01940651,0.00082481094,auto_accept,low_unc_low_risk
ISIC_0030146,nv,nv,0.11825597,0.010008642,auto_accept,low_unc_low_risk
ISIC_0025140,bkl,nv,0.99663496,0.05612623,escalate,high_unc_low_risk
ISIC_0029536,nv,nv,0.05288819,0.00069063826,auto_accept,low_unc_low_risk
ISIC_0026260,nv,mel,0.70702446,0.56974614,escalate,high_unc_low_risk
ISIC_0032727,bcc,akiec,1.0045784,0.8055993,escalate,high_unc_low_risk
ISIC_0029341,bcc,bcc,0.0032235496,0.99934703,escalate,low_unc_high_risk
ISIC_0030765,nv,nv,0.26197508,0.107587025,auto_accept,low_unc_low_risk
ISIC_0028251,nv,nv,0.030207545,0.0017947595,auto_accept,low_unc_low_risk
ISIC_0029351,nv,nv,0.15613683,0.03885926,auto_accept,low_unc_low_risk
ISIC_0032007,nv,nv,0.056689855,0.012962002,auto_accept,low_unc_low_risk
ISIC_0029644,bcc,bcc,0.04753261,0.99654466,auto_accept,low_unc_low_risk
ISIC_0027804,nv,nv,0.0032633587,7.889744e-05,auto_accept,low_unc_low_risk
ISIC_0027060,mel,nv,0.45567188,0.057721782,auto_accept,low_unc_low_risk
ISIC_0027692,nv,nv,0.0030388536,0.00029123426,auto_accept,low_unc_low_risk
ISIC_0025153,mel,nv,0.04461835,0.0076014544,auto_accept,low_unc_low_risk
ISIC_0031082,nv,nv,0.02172373,0.0020917114,auto_accept,low_unc_low_risk
ISIC_0030397,nv,nv,0.083307765,0.008647995,auto_accept,low_unc_low_risk
ISIC_0033932,nv,nv,0.29315114,0.01919244,auto_accept,low_unc_low_risk
ISIC_0025078,nv,nv,0.035398733,0.0035277402,auto_accept,low_unc_low_risk
ISIC_0033005,df,df,4.2430474e-05,6.337764e-05,auto_accept,low_unc_low_risk
ISIC_0026332,nv,nv,0.09982287,0.020440899,auto_accept,low_unc_low_risk
ISIC_0029081,mel,mel,0.44459778,0.83658886,auto_accept,low_unc_low_risk
ISIC_0032075,nv,nv,0.8205147,0.020478059,escalate,high_unc_low_risk
ISIC_0027524,nv,nv,0.0029857378,3.348647e-05,auto_accept,low_unc_low_risk
ISIC_0028030,nv,nv,0.00093903736,3.2407536e-07,auto_accept,low_unc_low_risk
ISIC_0028923,nv,nv,0.028925287,0.0014526705,auto_accept,low_unc_low_risk
ISIC_0032337,nv,nv,0.014722656,7.198516e-05,auto_accept,low_unc_low_risk
ISIC_0025194,nv,nv,0.018775903,0.00041786075,auto_accept,low_unc_low_risk
ISIC_0027251,nv,nv,0.027817192,0.00027028582,auto_accept,low_unc_low_risk
ISIC_0025098,nv,nv,0.008623814,0.00017170869,auto_accept,low_unc_low_risk
ISIC_0032143,nv,nv,0.063492715,0.00295736,auto_accept,low_unc_low_risk
ISIC_0029016,nv,nv,0.00022644893,4.379371e-06,auto_accept,low_unc_low_risk
ISIC_0025613,nv,nv,0.008132477,0.0012664433,auto_accept,low_unc_low_risk
ISIC_0025344,nv,nv,0.09076287,0.00016203329,auto_accept,low_unc_low_risk
ISIC_0029151,nv,nv,0.0038754975,0.00032864156,auto_accept,low_unc_low_risk
ISIC_0030173,bkl,nv,0.5468527,0.005686152,auto_accept,low_unc_low_risk
ISIC_0029273,nv,nv,0.0005857248,4.492987e-06,auto_accept,low_unc_low_risk
ISIC_0029225,nv,nv,0.043387406,0.00061767315,auto_accept,low_unc_low_risk
ISIC_0027892,nv,nv,0.06458278,0.0041407035,auto_accept,low_unc_low_risk
ISIC_0026502,nv,nv,0.3290778,0.13511856,auto_accept,low_unc_low_risk
ISIC_0026945,nv,nv,0.0048321476,0.00048174223,auto_accept,low_unc_low_risk
ISIC_0029912,bkl,nv,0.009563148,8.419701e-05,auto_accept,low_unc_low_risk
ISIC_0033365,nv,nv,0.14989609,0.03520352,auto_accept,low_unc_low_risk
ISIC_0027421,nv,bkl,0.2075684,0.034776825,auto_accept,low_unc_low_risk
ISIC_0031858,nv,nv,0.017152678,0.00023070064,auto_accept,low_unc_low_risk
ISIC_0027390,nv,nv,0.032295693,0.0012947834,auto_accept,low_unc_low_risk
ISIC_0029798,nv,nv,0.09464003,0.013071265,auto_accept,low_unc_low_risk
ISIC_0033208,nv,nv,0.1470412,0.0012042624,auto_accept,low_unc_low_risk
ISIC_0025009,nv,nv,0.034834363,0.0008621788,auto_accept,low_unc_low_risk
ISIC_0025625,nv,nv,0.065889925,0.0046873717,auto_accept,low_unc_low_risk
ISIC_0028900,mel,mel,0.071349025,0.9648749,auto_accept,low_unc_low_risk
ISIC_0033497,nv,nv,0.7138672,0.017848855,escalate,high_unc_low_risk
ISIC_0029025,akiec,akiec,1.0734291,0.9547581,escalate,high_unc_low_risk
ISIC_0032012,nv,nv,0.034147408,2.8655559e-05,auto_accept,low_unc_low_risk
ISIC_0031355,nv,nv,0.006022072,0.00031213282,auto_accept,low_unc_low_risk
ISIC_0024934,nv,nv,0.34701794,0.14331505,auto_accept,low_unc_low_risk
ISIC_0025423,nv,nv,0.09753685,0.0024038157,auto_accept,low_unc_low_risk
ISIC_0027861,nv,bkl,0.9381211,0.6684455,escalate,high_unc_low_risk
ISIC_0025493,nv,nv,0.00079281366,2.2401607e-06,auto_accept,low_unc_low_risk
ISIC_0024614,nv,nv,0.0032088296,1.9406149e-05,auto_accept,low_unc_low_risk
ISIC_0029785,nv,nv,0.0062884735,0.00010318513,auto_accept,low_unc_low_risk
ISIC_0029226,nv,nv,0.012199265,5.5379867e-05,auto_accept,low_unc_low_risk
ISIC_0030020,nv,nv,0.0024360365,4.2622737e-06,auto_accept,low_unc_low_risk
ISIC_0024439,nv,nv,0.1783454,0.039740905,auto_accept,low_unc_low_risk
ISIC_0030725,nv,nv,0.0028352586,0.000102330494,auto_accept,low_unc_low_risk
ISIC_0030439,nv,nv,0.0013588115,4.5272922e-05,auto_accept,low_unc_low_risk
ISIC_0030262,nv,nv,0.0038150211,0.00023135486,auto_accept,low_unc_low_risk
ISIC_0028183,nv,nv,0.0107307555,0.00050710945,auto_accept,low_unc_low_risk
ISIC_0027496,nv,nv,0.08950423,0.002001879,auto_accept,low_unc_low_risk
ISIC_0028933,nv,nv,0.00057710125,1.7245908e-05,auto_accept,low_unc_low_risk
ISIC_0030867,nv,nv,0.1898968,1.1065875e-05,auto_accept,low_unc_low_risk
ISIC_0027138,nv,nv,0.6531561,0.333812,escalate,high_unc_low_risk
ISIC_0024559,nv,nv,0.07119629,0.007583547,auto_accept,low_unc_low_risk
ISIC_0030595,nv,nv,0.0039724885,0.0001688861,auto_accept,low_unc_low_risk
ISIC_0032340,nv,nv,0.05540968,0.00812152,auto_accept,low_unc_low_risk
ISIC_0032902,nv,nv,0.12972909,0.0004408027,auto_accept,low_unc_low_risk
ISIC_0025002,nv,nv,0.005594767,0.00011220875,auto_accept,low_unc_low_risk
ISIC_0025425,vasc,vasc,0.11134438,0.0024437378,auto_accept,low_unc_low_risk
ISIC_0031135,nv,nv,0.0024408398,1.3744809e-05,auto_accept,low_unc_low_risk
ISIC_0033870,nv,nv,0.020026254,0.0010838608,auto_accept,low_unc_low_risk
ISIC_0030363,nv,nv,0.0065219896,0.00016341078,auto_accept,low_unc_low_risk
ISIC_0030219,nv,nv,0.6557884,0.20769708,escalate,high_unc_low_risk
ISIC_0032495,nv,nv,0.00040639305,7.553671e-06,auto_accept,low_unc_low_risk
ISIC_0024905,nv,df,0.24685068,0.03770532,auto_accept,low_unc_low_risk
ISIC_0026445,nv,nv,0.026941396,0.0022247636,auto_accept,low_unc_low_risk
ISIC_0033197,nv,nv,0.023561342,0.001682812,auto_accept,low_unc_low_risk
ISIC_0026887,nv,nv,0.0044006733,0.0001425294,auto_accept,low_unc_low_risk
ISIC_0028674,nv,nv,0.07316995,0.0004972881,auto_accept,low_unc_low_risk
ISIC_0026594,nv,nv,0.06326836,0.00042285316,auto_accept,low_unc_low_risk
ISIC_0024839,bkl,bkl,0.9779921,0.30779365,escalate,high_unc_low_risk
ISIC_0033872,mel,mel,0.087335706,0.95769364,auto_accept,low_unc_low_risk
ISIC_0028824,nv,nv,0.017390069,7.825903e-05,auto_accept,low_unc_low_risk
ISIC_0025730,nv,nv,0.06251782,0.013793997,auto_accept,low_unc_low_risk
ISIC_0031625,nv,nv,0.109296836,0.0019127878,auto_accept,low_unc_low_risk
ISIC_0025638,nv,nv,0.49315062,0.08914131,auto_accept,low_unc_low_risk
ISIC_0029940,nv,nv,0.17142175,0.019330772,auto_accept,low_unc_low_risk
ISIC_0032256,nv,nv,0.038309243,8.307297e-05,auto_accept,low_unc_low_risk
ISIC_0025217,nv,nv,0.030472938,0.0001346942,auto_accept,low_unc_low_risk
ISIC_0030530,nv,nv,0.010939102,0.0002683554,auto_accept,low_unc_low_risk
ISIC_0025862,nv,nv,0.001347641,1.17193385e-05,auto_accept,low_unc_low_risk
ISIC_0025989,nv,nv,0.11126801,0.00063119805,auto_accept,low_unc_low_risk
ISIC_0026499,nv,nv,0.0387683,0.0035273232,auto_accept,low_unc_low_risk
ISIC_0028686,nv,nv,0.010659809,2.4517221e-06,auto_accept,low_unc_low_risk
ISIC_0028164,nv,nv,0.018729182,7.393862e-05,auto_accept,low_unc_low_risk
ISIC_0033095,nv,nv,0.10619653,0.033798613,auto_accept,low_unc_low_risk
ISIC_0027198,nv,nv,0.010284134,0.00089937367,auto_accept,low_unc_low_risk
ISIC_0027795,akiec,akiec,0.14788297,0.9722598,auto_accept,low_unc_low_risk
ISIC_0030409,nv,nv,0.015352537,0.0006122885,auto_accept,low_unc_low_risk
ISIC_0025193,nv,nv,0.009174,4.3248137e-06,auto_accept,low_unc_low_risk
ISIC_0026972,nv,nv,0.003377364,3.781886e-05,auto_accept,low_unc_low_risk
ISIC_0030612,nv,nv,0.0020869612,4.389721e-05,auto_accept,low_unc_low_risk
ISIC_0033616,mel,mel,0.06893485,0.98475665,auto_accept,low_unc_low_risk
ISIC_0033527,nv,nv,0.13096346,0.0040085264,auto_accept,low_unc_low_risk
ISIC_0024539,akiec,bkl,0.21753147,0.0015449374,auto_accept,low_unc_low_risk
ISIC_0028138,nv,nv,0.00096207415,1.1013486e-06,auto_accept,low_unc_low_risk
ISIC_0024884,nv,nv,0.0057948544,5.4246262e-05,auto_accept,low_unc_low_risk
ISIC_0031702,bkl,nv,0.32475457,0.02194938,auto_accept,low_unc_low_risk
ISIC_0025733,nv,nv,0.0007937116,2.8427041e-06,auto_accept,low_unc_low_risk
ISIC_0033023,mel,mel,0.045970235,0.99037945,auto_accept,low_unc_low_risk
ISIC_0031492,nv,nv,0.014736891,0.00057952193,auto_accept,low_unc_low_risk
ISIC_0028631,nv,nv,0.07487093,0.004740563,auto_accept,low_unc_low_risk
ISIC_0031861,nv,nv,0.09105808,0.0064159115,auto_accept,low_unc_low_risk
ISIC_0026299,nv,nv,0.0007552996,9.269004e-06,auto_accept,low_unc_low_risk
ISIC_0029359,nv,nv,0.46767494,0.051047523,auto_accept,low_unc_low_risk
ISIC_0029861,nv,nv,0.0477665,0.0012399212,auto_accept,low_unc_low_risk
ISIC_0032002,nv,nv,0.17925093,0.00027981267,auto_accept,low_unc_low_risk
ISIC_0032156,bkl,bkl,0.0326592,0.001778555,auto_accept,low_unc_low_risk
ISIC_0031835,nv,nv,0.12076959,4.1672574e-05,auto_accept,low_unc_low_risk
ISIC_0024430,nv,nv,0.00036087693,2.6155252e-05,auto_accept,low_unc_low_risk
ISIC_0030272,bkl,bkl,0.030014226,0.001155022,auto_accept,low_unc_low_risk
ISIC_0032593,nv,mel,0.3217666,0.92881083,auto_accept,low_unc_low_risk
ISIC_0026448,nv,nv,0.05507604,0.0052882973,auto_accept,low_unc_low_risk
ISIC_0026464,nv,nv,4.1575062e-05,8.367911e-07,auto_accept,low_unc_low_risk
ISIC_0031213,nv,nv,0.001177932,6.620753e-05,auto_accept,low_unc_low_risk
ISIC_0027965,nv,nv,0.036651988,2.6075106e-05,auto_accept,low_unc_low_risk
ISIC_0028533,nv,nv,0.00073042786,0.00011068777,auto_accept,low_unc_low_risk
ISIC_0031425,nv,nv,0.010018166,0.0009705108,auto_accept,low_unc_low_risk
ISIC_0024715,nv,nv,0.0002451955,6.762171e-07,auto_accept,low_unc_low_risk
ISIC_0024691,nv,nv,0.022520864,0.0035950406,auto_accept,low_unc_low_risk
ISIC_0030621,nv,nv,0.19301671,0.06309241,auto_accept,low_unc_low_risk
ISIC_0033804,mel,nv,0.31603333,0.06463366,auto_accept,low_unc_low_risk
ISIC_0031338,nv,nv,0.006059461,0.00043027726,auto_accept,low_unc_low_risk
ISIC_0029950,nv,nv,0.19741218,6.194206e-05,auto_accept,low_unc_low_risk
ISIC_0027224,nv,nv,0.017933685,0.0006541625,auto_accept,low_unc_low_risk
ISIC_0030779,nv,nv,0.023610974,0.0015039681,auto_accept,low_unc_low_risk
ISIC_0031417,mel,nv,0.0164336,0.0005771599,auto_accept,low_unc_low_risk
ISIC_0031036,nv,nv,0.019747948,0.0013687668,auto_accept,low_unc_low_risk
ISIC_0029000,mel,nv,0.16088523,0.030923616,auto_accept,low_unc_low_risk
ISIC_0031362,bkl,bkl,0.0028959871,2.7221338e-05,auto_accept,low_unc_low_risk
ISIC_0031657,nv,nv,0.18748638,0.03078888,auto_accept,low_unc_low_risk
ISIC_0030792,nv,nv,0.5398606,0.015648458,auto_accept,low_unc_low_risk
ISIC_0026762,nv,nv,0.022923255,0.00018337267,auto_accept,low_unc_low_risk
ISIC_0028654,nv,nv,0.015700797,0.00026342086,auto_accept,low_unc_low_risk
ISIC_0028331,bkl,bkl,0.039152447,0.0037424734,auto_accept,low_unc_low_risk
ISIC_0029766,nv,nv,0.3047224,0.0023051635,auto_accept,low_unc_low_risk
ISIC_0028291,mel,mel,0.6345741,0.7673522,escalate,high_unc_low_risk
ISIC_0024316,nv,nv,0.0015543189,4.4724325e-06,auto_accept,low_unc_low_risk
ISIC_0024716,nv,nv,0.41727075,0.10547923,auto_accept,low_unc_low_risk
ISIC_0025688,nv,nv,0.00023359808,3.56024e-06,auto_accept,low_unc_low_risk
ISIC_0026102,nv,nv,0.025568182,0.0004328612,auto_accept,low_unc_low_risk
ISIC_0032523,nv,nv,0.010613474,0.00072981894,auto_accept,low_unc_low_risk
ISIC_0029787,nv,nv,0.015768357,5.315227e-05,auto_accept,low_unc_low_risk
ISIC_0033797,nv,nv,0.0006967524,7.470575e-06,auto_accept,low_unc_low_risk
ISIC_0027332,bkl,nv,0.35751188,0.0038032471,auto_accept,low_unc_low_risk
ISIC_0028948,nv,nv,0.0051693604,0.00013409292,auto_accept,low_unc_low_risk
ISIC_0029181,nv,nv,0.0002850205,3.0925485e-06,auto_accept,low_unc_low_risk
ISIC_0028272,nv,nv,0.0057831043,0.0005328257,auto_accept,low_unc_low_risk
ISIC_0026936,nv,nv,0.017864214,0.00018853824,auto_accept,low_unc_low_risk
ISIC_0029939,nv,nv,0.6042881,0.14670588,escalate,high_unc_low_risk
ISIC_0032732,bkl,nv,0.17085475,0.00033811125,auto_accept,low_unc_low_risk
ISIC_0030938,nv,nv,0.1815936,0.008123395,auto_accept,low_unc_low_risk
ISIC_0031685,nv,nv,0.0688571,0.00012097912,auto_accept,low_unc_low_risk
ISIC_0034088,nv,mel,0.9563829,0.27712318,escalate,high_unc_low_risk
ISIC_0034150,mel,mel,0.028061599,0.9921665,auto_accept,low_unc_low_risk
ISIC_0032919,vasc,vasc,0.0027089568,0.0006863618,auto_accept,low_unc_low_risk
ISIC_0030196,nv,nv,0.012088191,0.00021791479,auto_accept,low_unc_low_risk
ISIC_0024742,nv,nv,0.1501581,0.0005117654,auto_accept,low_unc_low_risk
ISIC_0032508,bkl,nv,0.65334356,0.0007174929,escalate,high_unc_low_risk
ISIC_0031687,nv,nv,0.15826298,0.00024975656,auto_accept,low_unc_low_risk
ISIC_0026007,nv,nv,0.000575845,3.1012169e-06,auto_accept,low_unc_low_risk
ISIC_0027510,nv,nv,0.00033635253,2.6255839e-05,auto_accept,low_unc_low_risk
ISIC_0027986,nv,nv,0.03381795,0.000108905006,auto_accept,low_unc_low_risk
ISIC_0028167,nv,nv,0.01855218,4.8232545e-05,auto_accept,low_unc_low_risk
ISIC_0027342,nv,nv,0.005860418,0.00043936187,auto_accept,low_unc_low_risk
ISIC_0025245,nv,mel,0.4858924,0.85704076,auto_accept,low_unc_low_risk
ISIC_0032782,mel,mel,0.6738449,0.548886,escalate,high_unc_low_risk
ISIC_0032916,nv,nv,0.02976202,0.0063621025,auto_accept,low_unc_low_risk
ISIC_0033153,nv,nv,0.021540483,0.00010157936,auto_accept,low_unc_low_risk
ISIC_0033306,bkl,bkl,0.022377178,0.011099711,auto_accept,low_unc_low_risk
ISIC_0024365,nv,nv,0.08304086,0.00033620355,auto_accept,low_unc_low_risk
ISIC_0026896,nv,nv,0.011454045,1.3004003e-05,auto_accept,low_unc_low_risk
ISIC_0025495,nv,nv,0.00028600934,4.177567e-05,auto_accept,low_unc_low_risk
ISIC_0031907,nv,nv,0.0003951079,1.840745e-05,auto_accept,low_unc_low_risk
ISIC_0032628,nv,nv,0.002576877,0.00031074672,auto_accept,low_unc_low_risk
ISIC_0028561,nv,nv,2.8476816e-05,1.8126386e-08,auto_accept,low_unc_low_risk
ISIC_0028126,mel,nv,0.0005293986,1.5227505e-05,auto_accept,low_unc_low_risk
ISIC_0025440,nv,nv,0.00084868603,1.8775965e-07,auto_accept,low_unc_low_risk
ISIC_0033912,nv,nv,0.043053,0.00068111334,auto_accept,low_unc_low_risk
ISIC_0024796,nv,nv,0.027742403,0.0022763559,auto_accept,low_unc_low_risk
ISIC_0027238,mel,mel,0.42181596,0.8838953,auto_accept,low_unc_low_risk
ISIC_0024444,nv,nv,0.015415397,8.862593e-05,auto_accept,low_unc_low_risk
ISIC_0028162,nv,nv,0.035206944,4.3450353e-05,auto_accept,low_unc_low_risk
ISIC_0031785,nv,nv,0.0016863208,2.5455623e-05,auto_accept,low_unc_low_risk
ISIC_0025921,nv,nv,0.050152007,0.001394943,auto_accept,low_unc_low_risk
ISIC_0032926,nv,nv,0.004167677,8.025936e-06,auto_accept,low_unc_low_risk
ISIC_0025922,nv,nv,0.0062817982,2.0026508e-05,auto_accept,low_unc_low_risk
ISIC_0028359,nv,nv,0.08584774,0.0018207465,auto_accept,low_unc_low_risk
ISIC_0030312,nv,df,0.7503526,0.71939117,escalate,high_unc_low_risk
ISIC_0027499,nv,nv,0.013679396,0.00028162726,auto_accept,low_unc_low_risk
ISIC_0024828,nv,nv,0.0022401777,5.1633115e-06,auto_accept,low_unc_low_risk
ISIC_0029361,nv,nv,0.037000503,0.003079377,auto_accept,low_unc_low_risk
ISIC_0032088,nv,nv,0.0036773593,7.529802e-05,auto_accept,low_unc_low_risk
ISIC_0027551,nv,nv,0.104061924,0.0029688326,auto_accept,low_unc_low_risk
ISIC_0027345,nv,nv,0.7421923,0.47788396,escalate,high_unc_low_risk
ISIC_0029463,nv,nv,0.016765082,0.00023370537,auto_accept,low_unc_low_risk
ISIC_0030093,nv,nv,0.66195875,0.42657238,escalate,high_unc_low_risk
ISIC_0033410,bkl,bkl,0.0066021,0.0015299714,auto_accept,low_unc_low_risk
ISIC_0027816,nv,nv,0.02422298,0.00066388556,auto_accept,low_unc_low_risk
ISIC_0027150,nv,bkl,0.7246592,0.002323702,escalate,high_unc_low_risk
ISIC_0033714,nv,nv,0.37791744,0.04905438,auto_accept,low_unc_low_risk
ISIC_0031618,nv,nv,0.016773947,0.0016412289,auto_accept,low_unc_low_risk
ISIC_0030504,nv,nv,0.030086474,0.0023494633,auto_accept,low_unc_low_risk
ISIC_0027946,nv,nv,0.0033304258,2.9850205e-06,auto_accept,low_unc_low_risk
ISIC_0032607,nv,nv,0.046054207,0.00082824717,auto_accept,low_unc_low_risk
ISIC_0024342,nv,nv,0.092560194,0.018014792,auto_accept,low_unc_low_risk
ISIC_0027412,nv,nv,0.061183624,0.0019440186,auto_accept,low_unc_low_risk
ISIC_0031248,nv,nv,0.0049524275,0.00032986203,auto_accept,low_unc_low_risk
ISIC_0026715,nv,nv,0.016130187,0.00016141786,auto_accept,low_unc_low_risk
ISIC_0027778,nv,nv,0.002401084,2.4202991e-05,auto_accept,low_unc_low_risk
ISIC_0033890,nv,nv,0.90275085,0.04978132,escalate,high_unc_low_risk
ISIC_0031788,nv,nv,0.013896271,0.0005251067,auto_accept,low_unc_low_risk
ISIC_0028530,nv,nv,0.020054406,0.00015461705,auto_accept,low_unc_low_risk
ISIC_0033891,df,df,0.0010835344,0.0014362753,auto_accept,low_unc_low_risk
ISIC_0024735,nv,nv,0.00937504,0.00028382463,auto_accept,low_unc_low_risk
ISIC_0027027,bkl,bkl,0.0034062327,0.00014237699,auto_accept,low_unc_low_risk
ISIC_0031568,nv,nv,0.002210491,7.2836433e-06,auto_accept,low_unc_low_risk
ISIC_0033275,mel,mel,0.6755938,0.51332325,escalate,high_unc_low_risk
ISIC_0032928,nv,nv,0.12843832,0.017351868,auto_accept,low_unc_low_risk
ISIC_0028879,nv,nv,0.0322357,0.0023108053,auto_accept,low_unc_low_risk
ISIC_0028944,nv,nv,0.26219767,0.00023175798,auto_accept,low_unc_low_risk
ISIC_0028790,df,df,0.007861556,0.08004657,auto_accept,low_unc_low_risk
ISIC_0026106,nv,nv,0.0020947717,5.620549e-05,auto_accept,low_unc_low_risk
ISIC_0030282,nv,nv,0.023068186,0.00080859964,auto_accept,low_unc_low_risk
ISIC_0026969,nv,nv,0.013942312,0.00067532645,auto_accept,low_unc_low_risk
ISIC_0028700,nv,nv,0.015834821,0.0025978175,auto_accept,low_unc_low_risk
ISIC_0029063,nv,nv,0.006149472,0.00020635851,auto_accept,low_unc_low_risk
ISIC_0025053,nv,nv,0.00047571497,2.9505816e-06,auto_accept,low_unc_low_risk
ISIC_0028040,nv,nv,0.47800547,0.0002426045,auto_accept,low_unc_low_risk
ISIC_0033471,nv,mel,0.9984188,0.3829064,escalate,high_unc_low_risk
ISIC_0024926,nv,nv,0.048181944,0.0016166532,auto_accept,low_unc_low_risk
ISIC_0029240,nv,nv,0.043393448,0.004154655,auto_accept,low_unc_low_risk
ISIC_0032622,mel,mel,0.011620538,0.99756783,auto_accept,low_unc_low_risk
ISIC_0032921,mel,mel,0.013706956,0.99357456,auto_accept,low_unc_low_risk
ISIC_0027743,nv,nv,0.027231706,0.0015845884,auto_accept,low_unc_low_risk
ISIC_0025949,nv,nv,0.0020505164,3.445751e-05,auto_accept,low_unc_low_risk
ISIC_0028421,nv,nv,0.0085925,0.00058307423,auto_accept,low_unc_low_risk
ISIC_0027586,nv,nv,0.019253362,7.706405e-05,auto_accept,low_unc_low_risk
ISIC_0031730,nv,nv,0.044971768,0.00034684528,auto_accept,low_unc_low_risk
ISIC_0031866,nv,nv,0.9953355,0.21972108,escalate,high_unc_low_risk
ISIC_0033743,nv,nv,0.013403763,0.00014259072,auto_accept,low_unc_low_risk
ISIC_0030942,nv,nv,0.1820315,0.019610774,auto_accept,low_unc_low_risk
ISIC_0024917,nv,nv,0.035959233,0.0004139681,auto_accept,low_unc_low_risk
ISIC_0028021,nv,nv,0.048828103,0.00021151798,auto_accept,low_unc_low_risk
ISIC_0027032,nv,nv,0.004721352,7.153325e-05,auto_accept,low_unc_low_risk
ISIC_0025355,nv,nv,0.38758928,0.009144196,auto_accept,low_unc_low_risk
ISIC_0031179,nv,nv,0.007770062,0.00066089985,auto_accept,low_unc_low_risk
ISIC_0033774,nv,nv,0.010060079,0.0018364944,auto_accept,low_unc_low_risk
ISIC_0031873,nv,nv,0.018046228,0.0024853402,auto_accept,low_unc_low_risk
ISIC_0025059,nv,nv,0.00597087,0.00020624699,auto_accept,low_unc_low_risk
ISIC_0030865,nv,nv,0.019784361,0.0027957933,auto_accept,low_unc_low_risk
ISIC_0033741,nv,nv,0.06569604,6.1735846e-05,auto_accept,low_unc_low_risk
ISIC_0028408,nv,mel,0.452043,0.9260282,auto_accept,low_unc_low_risk
ISIC_0025671,nv,nv,0.039724264,0.0021677136,auto_accept,low_unc_low_risk
ISIC_0031894,nv,nv,0.014287499,0.00055843976,auto_accept,low_unc_low_risk
ISIC_0032333,nv,nv,0.054315906,0.0033146997,auto_accept,low_unc_low_risk
ISIC_0027647,nv,nv,0.0065103397,0.0001548747,auto_accept,low_unc_low_risk
ISIC_0027014,nv,nv,0.018102357,0.0033849124,auto_accept,low_unc_low_risk
ISIC_0028971,nv,nv,0.17287476,0.024093602,auto_accept,low_unc_low_risk
ISIC_0030169,nv,nv,0.010800597,9.946316e-05,auto_accept,low_unc_low_risk
ISIC_0034292,nv,nv,0.0003499962,6.967185e-06,auto_accept,low_unc_low_risk
ISIC_0024706,vasc,vasc,0.00055097666,7.375686e-05,auto_accept,low_unc_low_risk
ISIC_0031920,nv,nv,0.0011679949,4.7585227e-06,auto_accept,low_unc_low_risk
ISIC_0032679,nv,nv,0.31267306,0.027854873,auto_accept,low_unc_low_risk
ISIC_0029974,bcc,bcc,0.18915889,0.9768415,auto_accept,low_unc_low_risk
ISIC_0033800,nv,nv,0.4689956,0.1686365,auto_accept,low_unc_low_risk
ISIC_0030715,nv,nv,0.024002362,0.00078578165,auto_accept,low_unc_low_risk
ISIC_0024381,bkl,bkl,0.0075542848,0.01773596,auto_accept,low_unc_low_risk
ISIC_0032037,nv,nv,0.0030771126,0.00011311178,auto_accept,low_unc_low_risk
ISIC_0033440,mel,mel,0.010520693,0.9982968,auto_accept,low_unc_low_risk
ISIC_0031992,nv,nv,0.0022248644,3.8447743e-06,auto_accept,low_unc_low_risk
ISIC_0026556,bkl,bkl,0.5851672,0.039233785,escalate,high_unc_low_risk
ISIC_0031409,nv,nv,0.02061902,0.0025237363,auto_accept,low_unc_low_risk
ISIC_0028507,nv,nv,0.0149044525,0.00037334635,auto_accept,low_unc_low_risk
ISIC_0030658,nv,nv,0.07123331,0.007397725,auto_accept,low_unc_low_risk
ISIC_0028026,mel,mel,0.01976273,0.99609727,auto_accept,low_unc_low_risk
ISIC_0027799,nv,nv,0.032733858,0.00022108054,auto_accept,low_unc_low_risk
ISIC_0030105,bkl,bkl,0.576451,0.020142565,escalate,high_unc_low_risk
ISIC_0029154,nv,nv,0.0115637155,0.00042928415,auto_accept,low_unc_low_risk
ISIC_0028682,nv,nv,0.01857008,2.0439355e-05,auto_accept,low_unc_low_risk
ISIC_0024570,nv,nv,0.049709637,0.0006330225,auto_accept,low_unc_low_risk
ISIC_0032198,nv,nv,0.2560812,0.014397682,auto_accept,low_unc_low_risk
ISIC_0027212,nv,nv,0.18350005,0.0031031484,auto_accept,low_unc_low_risk
ISIC_0025914,nv,nv,0.016545331,6.0438815e-05,auto_accept,low_unc_low_risk
ISIC_0024678,nv,nv,0.08139912,7.0525115e-05,auto_accept,low_unc_low_risk
ISIC_0026392,nv,nv,0.0015880315,4.101241e-05,auto_accept,low_unc_low_risk
ISIC_0027228,nv,nv,0.0099936165,0.00043374227,auto_accept,low_unc_low_risk
ISIC_0024988,nv,nv,0.01224477,1.5409529e-05,auto_accept,low_unc_low_risk
ISIC_0030727,nv,nv,0.4834161,0.0003924198,auto_accept,low_unc_low_risk
ISIC_0025868,nv,nv,0.022501092,0.0004758233,auto_accept,low_unc_low_risk
ISIC_0025468,nv,nv,0.009573283,4.2512816e-05,auto_accept,low_unc_low_risk
ISIC_0032039,nv,nv,0.05230872,0.01238456,auto_accept,low_unc_low_risk
ISIC_0027690,nv,nv,0.011488815,0.00013120296,auto_accept,low_unc_low_risk
ISIC_0025578,vasc,vasc,0.0030033584,0.00076519384,auto_accept,low_unc_low_risk
ISIC_0027257,nv,nv,0.08984582,0.0068685804,auto_accept,low_unc_low_risk
ISIC_0028224,akiec,akiec,1.4301001,0.8011545,escalate,high_unc_low_risk
ISIC_0033753,nv,nv,0.13699366,0.00866829,auto_accept,low_unc_low_risk
ISIC_0031182,nv,nv,0.031671498,0.0016084382,auto_accept,low_unc_low_risk
ISIC_0029814,nv,nv,0.019026589,0.0021200823,auto_accept,low_unc_low_risk
ISIC_0032830,nv,nv,0.65031403,0.012329271,escalate,high_unc_low_risk
ISIC_0026199,nv,nv,0.035494,0.004331586,auto_accept,low_unc_low_risk
ISIC_0024645,nv,nv,0.20579064,0.09298853,auto_accept,low_unc_low_risk
ISIC_0028405,nv,nv,0.70251167,0.00082562526,escalate,high_unc_low_risk
ISIC_0030212,nv,nv,0.00491284,1.6726224e-05,auto_accept,low_unc_low_risk
ISIC_0026694,mel,nv,0.23522612,0.0092299245,auto_accept,low_unc_low_risk
ISIC_0025043,nv,nv,0.06334172,0.004683978,auto_accept,low_unc_low_risk
ISIC_0025590,nv,nv,0.0030734488,3.4683566e-05,auto_accept,low_unc_low_risk
ISIC_0029200,nv,nv,0.06055263,0.0011449662,auto_accept,low_unc_low_risk
ISIC_0033818,nv,nv,0.5652225,0.23499195,auto_accept,low_unc_low_risk
ISIC_0026708,nv,nv,0.0024866902,9.06446e-05,auto_accept,low_unc_low_risk
ISIC_0028149,nv,nv,0.020199155,0.0012933052,auto_accept,low_unc_low_risk
ISIC_0029576,bkl,mel,0.24395856,0.9273666,auto_accept,low_unc_low_risk
ISIC_0027155,mel,mel,0.55191326,0.74981695,auto_accept,low_unc_low_risk
ISIC_0030971,nv,bkl,0.415713,1.7273956e-05,auto_accept,low_unc_low_risk
ISIC_0025118,nv,mel,0.023428023,0.992455,auto_accept,low_unc_low_risk
ISIC_0034044,nv,nv,0.024837684,0.00066093635,auto_accept,low_unc_low_risk
ISIC_0029769,nv,nv,0.01480512,5.6246186e-05,auto_accept,low_unc_low_risk
ISIC_0029959,nv,nv,0.014523248,0.000119553646,auto_accept,low_unc_low_risk
ISIC_0029013,mel,nv,0.55379313,0.28435692,auto_accept,low_unc_low_risk
ISIC_0030283,vasc,vasc,0.008482933,0.0003469779,auto_accept,low_unc_low_risk
ISIC_0028521,nv,nv,0.00011329421,2.1766485e-07,auto_accept,low_unc_low_risk
ISIC_0030092,nv,nv,0.26942608,0.028288528,auto_accept,low_unc_low_risk
ISIC_0027896,akiec,akiec,0.0023789145,0.99682957,auto_accept,low_unc_low_risk
ISIC_0030236,nv,nv,0.08267164,0.0012098893,auto_accept,low_unc_low_risk
ISIC_0029975,nv,mel,0.044128098,0.98928493,auto_accept,low_unc_low_risk
ISIC_0034081,nv,nv,0.028246284,0.0010959171,auto_accept,low_unc_low_risk
ISIC_0033583,bkl,bkl,0.55191684,0.23433533,auto_accept,low_unc_low_risk
ISIC_0025362,bcc,bcc,0.00830665,0.99850464,auto_accept,low_unc_low_risk
ISIC_0026198,nv,nv,0.0049992017,7.844637e-06,auto_accept,low_unc_low_risk
ISIC_0028633,nv,nv,0.02203756,3.3681095e-05,auto_accept,low_unc_low_risk
ISIC_0029255,nv,nv,0.00272324,6.374736e-06,auto_accept,low_unc_low_risk
ISIC_0030466,nv,nv,0.0002157568,4.2039883e-06,auto_accept,low_unc_low_risk
ISIC_0029625,nv,nv,0.067450814,0.0038594713,auto_accept,low_unc_low_risk
ISIC_0033731,nv,nv,0.11399283,1.098989e-05,auto_accept,low_unc_low_risk
ISIC_0028864,nv,nv,0.010225057,5.0772574e-05,auto_accept,low_unc_low_risk
ISIC_0027626,df,df,7.293454e-05,0.0036110978,auto_accept,low_unc_low_risk
ISIC_0025072,nv,nv,0.03731475,0.002689383,auto_accept,low_unc_low_risk
ISIC_0027065,mel,mel,0.016115643,0.99497765,auto_accept,low_unc_low_risk
ISIC_0033671,nv,nv,0.12433334,0.014554081,auto_accept,low_unc_low_risk
ISIC_0026202,nv,nv,0.050598163,0.0012971682,auto_accept,low_unc_low_risk
ISIC_0031128,nv,nv,0.1478062,0.00055168255,auto_accept,low_unc_low_risk
ISIC_0026986,nv,nv,0.028643755,0.0021304027,auto_accept,low_unc_low_risk
ISIC_0026098,nv,nv,0.0072281463,0.00013631603,auto_accept,low_unc_low_risk
ISIC_0029649,nv,nv,0.005004666,0.00016463664,auto_accept,low_unc_low_risk
ISIC_0026240,nv,nv,0.103027634,0.02027434,auto_accept,low_unc_low_risk
ISIC_0033841,nv,nv,0.004051568,0.0001018826,auto_accept,low_unc_low_risk
ISIC_0027715,nv,nv,0.019810304,0.0015915199,auto_accept,low_unc_low_risk
ISIC_0034193,nv,nv,0.01285616,0.0012981285,auto_accept,low_unc_low_risk
ISIC_0031053,nv,nv,0.018301541,0.0020106721,auto_accept,low_unc_low_risk
ISIC_0033474,nv,nv,0.12999465,0.015789762,auto_accept,low_unc_low_risk
ISIC_0026671,nv,bkl,0.39194596,1.7559521e-05,auto_accept,low_unc_low_risk
ISIC_0025062,nv,nv,0.36872563,0.09539917,auto_accept,low_unc_low_risk
ISIC_0026740,nv,nv,0.037341908,0.00061656156,auto_accept,low_unc_low_risk
ISIC_0030609,nv,nv,0.01542523,1.2200341e-05,auto_accept,low_unc_low_risk
ISIC_0032257,nv,nv,0.0011416274,0.00016316789,auto_accept,low_unc_low_risk
ISIC_0024713,nv,nv,0.023223888,3.4604574e-05,auto_accept,low_unc_low_risk
ISIC_0029474,bkl,bkl,0.0018249184,0.0007574745,auto_accept,low_unc_low_risk
ISIC_0033406,nv,bkl,0.78456545,0.14017403,escalate,high_unc_low_risk
ISIC_0028360,nv,nv,0.04786781,0.0014790158,auto_accept,low_unc_low_risk
ISIC_0027966,bcc,bcc,0.22179472,0.89669836,auto_accept,low_unc_low_risk
ISIC_0032985,mel,nv,0.12631649,0.0558317,auto_accept,low_unc_low_risk
ISIC_0030161,nv,nv,0.010114232,0.001178044,auto_accept,low_unc_low_risk
ISIC_0033880,nv,nv,0.0009615876,5.1773362e-08,auto_accept,low_unc_low_risk
ISIC_0028642,mel,mel,0.017593803,0.9980495,auto_accept,low_unc_low_risk
ISIC_0026189,nv,nv,0.016149301,0.0004781831,auto_accept,low_unc_low_risk
ISIC_0024978,nv,nv,0.025492286,0.00021042791,auto_accept,low_unc_low_risk
ISIC_0029317,nv,nv,0.0010643243,1.5973168e-05,auto_accept,low_unc_low_risk
ISIC_0027596,nv,nv,0.004442389,7.1408654e-06,auto_accept,low_unc_low_risk
ISIC_0032499,nv,nv,0.010483168,0.00025964424,auto_accept,low_unc_low_risk
ISIC_0027750,nv,nv,0.08018745,0.0011753237,auto_accept,low_unc_low_risk
ISIC_0029586,nv,nv,0.035549898,0.0011808027,auto_accept,low_unc_low_risk
ISIC_0026471,df,df,0.011399796,0.0017720195,auto_accept,low_unc_low_risk
ISIC_0033352,nv,nv,0.021136269,0.0024568406,auto_accept,low_unc_low_risk
ISIC_0034318,bkl,bkl,0.009521916,2.1449121e-05,auto_accept,low_unc_low_risk
ISIC_0032266,nv,nv,0.065397985,0.00014763448,auto_accept,low_unc_low_risk
ISIC_0030200,nv,nv,0.13336128,0.0024336088,auto_accept,low_unc_low_risk
ISIC_0027020,nv,nv,0.020130327,0.0020846385,auto_accept,low_unc_low_risk
ISIC_0027307,nv,nv,0.01112296,9.844091e-06,auto_accept,low_unc_low_risk
ISIC_0026049,nv,nv,0.050113223,1.8813795e-05,auto_accept,low_unc_low_risk
ISIC_0028565,mel,nv,0.3764757,0.048929892,auto_accept,low_unc_low_risk
ISIC_0029427,bkl,bkl,0.2567107,1.0437723e-05,auto_accept,low_unc_low_risk
ISIC_0030811,nv,nv,0.004538709,2.1522104e-05,auto_accept,low_unc_low_risk
ISIC_0032494,nv,nv,0.012999592,4.912857e-06,auto_accept,low_unc_low_risk
ISIC_0031051,nv,nv,0.041815203,0.00054809934,auto_accept,low_unc_low_risk
ISIC_0033931,mel,mel,0.031170275,0.9912976,auto_accept,low_unc_low_risk
ISIC_0028784,nv,nv,0.049714666,0.008926701,auto_accept,low_unc_low_risk
ISIC_0029708,nv,nv,0.021193951,0.00022035807,auto_accept,low_unc_low_risk
ISIC_0032713,nv,nv,0.045480512,0.0042263065,auto_accept,low_unc_low_risk
ISIC_0029978,nv,nv,0.8285115,0.035195112,escalate,high_unc_low_risk
ISIC_0029499,nv,nv,0.52669704,0.005188925,auto_accept,low_unc_low_risk
ISIC_0034144,nv,mel,0.4552825,0.85960954,auto_accept,low_unc_low_risk
ISIC_0024576,nv,nv,0.028626932,0.0019832454,auto_accept,low_unc_low_risk
ISIC_0025869,nv,nv,0.011523302,4.7783928e-05,auto_accept,low_unc_low_risk
ISIC_0024777,nv,nv,0.07246797,0.00085635006,auto_accept,low_unc_low_risk
ISIC_0033659,bkl,bkl,0.4843661,0.102151014,auto_accept,low_unc_low_risk
ISIC_0026727,nv,nv,0.024162894,4.93185e-05,auto_accept,low_unc_low_risk
ISIC_0028644,akiec,mel,0.3128986,0.91998637,auto_accept,low_unc_low_risk
ISIC_0025933,nv,nv,0.041041788,0.00014558704,auto_accept,low_unc_low_risk
ISIC_0025251,nv,nv,0.007182683,0.0003375547,auto_accept,low_unc_low_risk
ISIC_0024906,nv,nv,0.031892072,1.5001324e-05,auto_accept,low_unc_low_risk
ISIC_0031736,nv,nv,0.019961484,0.000328075,auto_accept,low_unc_low_risk
ISIC_0028152,nv,nv,0.02396705,0.0009992498,auto_accept,low_unc_low_risk
ISIC_0024807,nv,nv,3.7634465e-05,1.5144127e-07,auto_accept,low_unc_low_risk
ISIC_0027729,nv,nv,0.01755276,0.00048128283,auto_accept,low_unc_low_risk
ISIC_0030617,nv,nv,0.07815802,0.001696441,auto_accept,low_unc_low_risk
ISIC_0027485,nv,nv,0.03438425,3.8390812e-05,auto_accept,low_unc_low_risk
ISIC_0026576,bkl,bkl,0.02244282,0.0011819174,auto_accept,low_unc_low_risk
ISIC_0031494,mel,nv,0.090898596,0.0044656442,auto_accept,low_unc_low_risk
ISIC_0032533,mel,nv,0.061939236,0.0019227437,auto_accept,low_unc_low_risk
ISIC_0033288,nv,nv,0.019784527,0.0007189168,auto_accept,low_unc_low_risk
ISIC_0027164,nv,nv,0.0026366701,0.00017451205,auto_accept,low_unc_low_risk
ISIC_0030100,nv,nv,0.56681687,1.0112269e-05,auto_accept,low_unc_low_risk
ISIC_0026325,nv,nv,0.05445389,3.789413e-05,auto_accept,low_unc_low_risk
ISIC_0025664,nv,nv,0.08913029,0.00024219173,auto_accept,low_unc_low_risk
ISIC_0033837,nv,nv,0.08893518,0.022253938,auto_accept,low_unc_low_risk
ISIC_0031396,bkl,nv,0.7191574,0.0007243631,escalate,high_unc_low_risk
ISIC_0033157,nv,nv,0.40417376,4.284166e-05,auto_accept,low_unc_low_risk
ISIC_0027356,nv,nv,0.19015944,1.9381254e-05,auto_accept,low_unc_low_risk
ISIC_0024672,bkl,mel,0.033041216,0.9901703,auto_accept,low_unc_low_risk
ISIC_0033393,mel,mel,0.1456137,0.95104545,auto_accept,low_unc_low_risk
ISIC_0029800,nv,nv,0.022523113,0.0017148594,auto_accept,low_unc_low_risk
ISIC_0029096,nv,nv,0.0018526382,0.00018516924,auto_accept,low_unc_low_risk
ISIC_0030380,nv,nv,0.3934137,0.0018895513,auto_accept,low_unc_low_risk
ISIC_0033045,nv,nv,0.03647001,0.005460644,auto_accept,low_unc_low_risk
ISIC_0027938,nv,nv,0.0020453155,3.9717484e-05,auto_accept,low_unc_low_risk
ISIC_0031391,nv,nv,0.0012987902,2.913427e-06,auto_accept,low_unc_low_risk
ISIC_0026673,nv,nv,0.022288077,0.0042853914,auto_accept,low_unc_low_risk
ISIC_0024663,nv,nv,0.007739726,0.00041683388,auto_accept,low_unc_low_risk
ISIC_0026880,nv,nv,0.03307077,2.7629121e-05,auto_accept,low_unc_low_risk
ISIC_0033599,nv,vasc,0.33751664,0.10559913,auto_accept,low_unc_low_risk
ISIC_0031947,nv,nv,0.0317874,0.0007670008,auto_accept,low_unc_low_risk
ISIC_0032728,nv,nv,0.011241775,0.00072850985,auto_accept,low_unc_low_risk
ISIC_0026300,nv,nv,0.08195998,0.00022167937,auto_accept,low_unc_low_risk
ISIC_0026909,mel,mel,0.49677283,0.83689576,auto_accept,low_unc_low_risk
ISIC_0026951,nv,nv,0.032402094,0.0060417843,auto_accept,low_unc_low_risk
ISIC_0026093,nv,nv,0.0059674303,1.7716302e-05,auto_accept,low_unc_low_risk
ISIC_0033259,nv,nv,0.06753036,0.0024648167,auto_accept,low_unc_low_risk
ISIC_0028038,nv,nv,0.0008897478,1.4872297e-05,auto_accept,low_unc_low_risk
ISIC_0025820,nv,nv,0.35438892,0.13915882,auto_accept,low_unc_low_risk
ISIC_0024981,bkl,nv,0.11656384,0.023624508,auto_accept,low_unc_low_risk
ISIC_0033653,mel,nv,0.9630145,0.08743145,escalate,high_unc_low_risk
ISIC_0032887,mel,mel,0.100236446,0.9732388,auto_accept,low_unc_low_risk
ISIC_0028004,nv,nv,0.00016855272,2.6548976e-06,auto_accept,low_unc_low_risk
ISIC_0028029,mel,mel,0.027596474,0.99252737,auto_accept,low_unc_low_risk
ISIC_0033914,nv,nv,0.019830791,0.0013627483,auto_accept,low_unc_low_risk
ISIC_0025052,nv,nv,0.059645396,0.000999576,auto_accept,low_unc_low_risk
ISIC_0029734,nv,nv,0.019554337,0.00016180478,auto_accept,low_unc_low_risk
ISIC_0029829,nv,nv,0.08172148,0.018513545,auto_accept,low_unc_low_risk
ISIC_0033728,mel,nv,1.0306941,0.1657693,escalate,high_unc_low_risk
ISIC_0029983,nv,mel,0.4109562,0.87528884,auto_accept,low_unc_low_risk
ISIC_0025496,nv,nv,0.013364685,2.2719623e-05,auto_accept,low_unc_low_risk
ISIC_0034068,mel,nv,0.6142789,0.16550435,escalate,high_unc_low_risk
ISIC_0024534,nv,nv,0.10894928,0.016843192,auto_accept,low_unc_low_risk
ISIC_0033476,mel,mel,0.024444051,0.99552035,auto_accept,low_unc_low_risk
ISIC_0026665,nv,nv,0.03359352,0.00020555357,auto_accept,low_unc_low_risk
ISIC_0028257,nv,nv,0.00012090647,4.7369565e-07,auto_accept,low_unc_low_risk
ISIC_0029906,nv,nv,0.04192883,0.00070519384,auto_accept,low_unc_low_risk
ISIC_0024548,nv,nv,0.03346797,0.0001890502,auto_accept,low_unc_low_risk
ISIC_0028541,nv,nv,0.007019349,0.0002017434,auto_accept,low_unc_low_risk
ISIC_0029832,nv,nv,0.06473439,0.003883274,auto_accept,low_unc_low_risk
ISIC_0033316,nv,nv,0.377635,0.19877888,auto_accept,low_unc_low_risk
ISIC_0024447,nv,nv,0.7357321,0.618599,escalate,high_unc_low_risk
ISIC_0029340,bkl,bkl,0.06429049,1.7433726e-05,auto_accept,low_unc_low_risk
ISIC_0031842,nv,nv,0.004316008,4.5058514e-06,auto_accept,low_unc_low_risk
ISIC_0025498,nv,nv,0.04003457,0.00018471145,auto_accept,low_unc_low_risk
ISIC_0033853,bkl,bkl,0.047313076,0.00013976969,auto_accept,low_unc_low_risk
ISIC_0028544,nv,nv,0.036009856,0.0008436096,auto_accept,low_unc_low_risk
ISIC_0026801,nv,nv,0.059989825,0.0010900093,auto_accept,low_unc_low_risk
ISIC_0024902,nv,nv,0.10326718,0.019640815,auto_accept,low_unc_low_risk
ISIC_0028193,nv,nv,0.13818696,0.0046692677,auto_accept,low_unc_low_risk
ISIC_0029993,nv,nv,0.72914577,0.4908728,escalate,high_unc_low_risk
ISIC_0027891,nv,nv,0.0052168565,0.001050632,auto_accept,low_unc_low_risk
ISIC_0026428,nv,nv,0.001834486,3.6502723e-05,auto_accept,low_unc_low_risk
ISIC_0029523,nv,nv,0.012171835,9.120558e-05,auto_accept,low_unc_low_risk
ISIC_0031034,mel,nv,0.53428406,0.20311561,auto_accept,low_unc_low_risk
ISIC_0025943,nv,nv,0.00045347345,7.865193e-06,auto_accept,low_unc_low_risk
ISIC_0024659,nv,nv,0.102530494,0.019348936,auto_accept,low_unc_low_risk
ISIC_0032260,nv,nv,0.12570958,0.025428856,auto_accept,low_unc_low_risk
ISIC_0028256,nv,nv,0.0038323554,0.00014599295,auto_accept,low_unc_low_risk
ISIC_0030216,nv,nv,0.63028073,0.27700588,escalate,high_unc_low_risk
ISIC_0025074,nv,nv,0.63442206,0.28333503,escalate,high_unc_low_risk
ISIC_0033811,akiec,bkl,0.9710537,0.70833254,escalate,high_unc_low_risk
ISIC_0027002,nv,nv,0.038247023,0.0030654066,auto_accept,low_unc_low_risk
ISIC_0026165,nv,nv,0.003940248,8.4418985e-05,auto_accept,low_unc_low_risk
ISIC_0024883,bkl,bkl,0.37095803,0.0035694046,auto_accept,low_unc_low_risk
ISIC_0032598,mel,nv,0.2743477,0.10065881,auto_accept,low_unc_low_risk
ISIC_0030307,nv,nv,0.0044511165,0.00010253816,auto_accept,low_unc_low_risk
ISIC_0029022,bkl,bkl,0.5150052,0.28526255,auto_accept,low_unc_low_risk
ISIC_0030626,nv,nv,0.2975133,0.032924905,auto_accept,low_unc_low_risk
ISIC_0030379,nv,nv,0.037500534,5.627382e-05,auto_accept,low_unc_low_risk
ISIC_0025878,nv,nv,0.09211554,0.028274057,auto_accept,low_unc_low_risk
ISIC_0029870,nv,nv,0.45659137,0.12432557,auto_accept,low_unc_low_risk
ISIC_0031235,nv,nv,0.013588334,5.945659e-05,auto_accept,low_unc_low_risk
ISIC_0029008,nv,nv,0.014651065,0.0006430091,auto_accept,low_unc_low_risk
ISIC_0031282,nv,nv,0.36059636,0.0011091452,auto_accept,low_unc_low_risk
ISIC_0026059,nv,nv,0.042906906,0.005407125,auto_accept,low_unc_low_risk
ISIC_0028344,nv,nv,0.15866125,0.010694136,auto_accept,low_unc_low_risk
ISIC_0025838,bkl,bkl,0.023237402,0.0014194843,auto_accept,low_unc_low_risk
ISIC_0027377,nv,nv,0.0034831867,0.00019213589,auto_accept,low_unc_low_risk
ISIC_0028073,nv,nv,0.025101561,0.00018005494,auto_accept,low_unc_low_risk
ISIC_0025190,nv,nv,7.108453e-05,8.635662e-07,auto_accept,low_unc_low_risk
ISIC_0026309,nv,nv,0.10503302,0.0040768236,auto_accept,low_unc_low_risk
ISIC_0032825,nv,nv,0.12350692,0.017371269,auto_accept,low_unc_low_risk
ISIC_0030875,nv,nv,0.002686785,1.8806378e-07,auto_accept,low_unc_low_risk
ISIC_0027246,nv,nv,0.060555175,0.012349656,auto_accept,low_unc_low_risk
ISIC_0028831,nv,mel,0.44043615,0.8256548,auto_accept,low_unc_low_risk
ISIC_0025091,nv,nv,0.002829762,1.2268397e-05,auto_accept,low_unc_low_risk
ISIC_0028612,nv,nv,0.020090185,0.0012355627,auto_accept,low_unc_low_risk
ISIC_0025817,nv,nv,0.0155575005,0.0012738063,auto_accept,low_unc_low_risk
ISIC_0031596,nv,nv,0.009785404,0.00048497922,auto_accept,low_unc_low_risk
ISIC_0033649,nv,nv,0.038844973,0.0018573824,auto_accept,low_unc_low_risk
ISIC_0026997,nv,nv,0.012267745,9.025457e-05,auto_accept,low_unc_low_risk
ISIC_0032996,nv,nv,0.0048947204,9.622642e-06,auto_accept,low_unc_low_risk
ISIC_0030315,nv,nv,0.017744062,0.00079040695,auto_accept,low_unc_low_risk
ISIC_0026110,nv,nv,0.00011327539,9.643124e-07,auto_accept,low_unc_low_risk
ISIC_0031833,nv,nv,0.21521676,0.014901309,auto_accept,low_unc_low_risk
ISIC_0025087,nv,nv,0.018069698,0.00021441905,auto_accept,low_unc_low_risk
ISIC_0028341,nv,nv,0.0043730717,0.00044111855,auto_accept,low_unc_low_risk
ISIC_0033725,mel,mel,0.4518338,0.9293749,auto_accept,low_unc_low_risk
ISIC_0027961,nv,nv,0.0031000834,2.0837308e-05,auto_accept,low_unc_low_risk
ISIC_0028087,mel,nv,0.045313425,0.0075053014,auto_accept,low_unc_low_risk
ISIC_0028802,nv,nv,0.007159876,4.5069133e-05,auto_accept,low_unc_low_risk
ISIC_0030103,nv,nv,0.3359981,0.07996086,auto_accept,low_unc_low_risk
ISIC_0030431,nv,nv,1.0290988e-05,2.3718767e-08,auto_accept,low_unc_low_risk
ISIC_0032513,bkl,nv,0.21303225,0.017585812,auto_accept,low_unc_low_risk
ISIC_0026642,nv,nv,0.0013673907,4.7091035e-05,auto_accept,low_unc_low_risk
ISIC_0031279,nv,nv,0.07373393,0.0004880404,auto_accept,low_unc_low_risk
ISIC_0026943,nv,nv,0.017714389,0.000518261,auto_accept,low_unc_low_risk
ISIC_0028334,nv,nv,0.0054328763,0.00011723148,auto_accept,low_unc_low_risk
ISIC_0027860,nv,nv,0.025983727,0.0027555749,auto_accept,low_unc_low_risk
ISIC_0026965,nv,nv,0.034674376,0.0002298352,auto_accept,low_unc_low_risk
ISIC_0031776,nv,bkl,1.2283043,0.02956764,escalate,high_unc_low_risk
ISIC_0031688,nv,nv,0.046820093,4.0322644e-05,auto_accept,low_unc_low_risk
ISIC_0024916,nv,nv,0.059392203,0.0006397457,auto_accept,low_unc_low_risk
ISIC_0026992,akiec,akiec,0.043994617,0.99436224,auto_accept,low_unc_low_risk
ISIC_0025532,nv,nv,0.007092294,0.00020582794,auto_accept,low_unc_low_risk
ISIC_0033977,mel,nv,0.77449,0.37096122,escalate,high_unc_low_risk
ISIC_0031144,nv,nv,0.0014050178,1.5886972e-05,auto_accept,low_unc_low_risk
ISIC_0024962,mel,nv,0.31253278,0.00048082037,auto_accept,low_unc_low_risk
ISIC_0029605,nv,nv,0.012868693,0.0001396237,auto_accept,low_unc_low_risk
ISIC_0024568,nv,nv,0.009173777,0.0003976145,auto_accept,low_unc_low_risk
ISIC_0024627,nv,nv,0.08605656,0.0013271264,auto_accept,low_unc_low_risk
ISIC_0024653,nv,nv,0.03211368,0.0005915468,auto_accept,low_unc_low_risk
ISIC_0025048,nv,nv,0.011526968,0.00031954827,auto_accept,low_unc_low_risk
ISIC_0028963,nv,nv,0.044360165,0.0005139842,auto_accept,low_unc_low_risk
ISIC_0027567,nv,nv,0.006210858,0.0005491878,auto_accept,low_unc_low_risk
ISIC_0029925,nv,nv,0.0036294037,0.00018638546,auto_accept,low_unc_low_risk
ISIC_0031151,nv,nv,0.17924872,0.00088608766,auto_accept,low_unc_low_risk
ISIC_0031979,nv,nv,0.009364831,0.0013875702,auto_accept,low_unc_low_risk
ISIC_0032640,nv,nv,0.70853525,0.53869694,escalate,high_unc_low_risk
ISIC_0029540,nv,nv,0.0003035991,1.3789743e-06,auto_accept,low_unc_low_risk
ISIC_0033203,bcc,mel,0.21619037,0.9556643,auto_accept,low_unc_low_risk
ISIC_0031271,df,df,0.00017721072,0.00095490186,auto_accept,low_unc_low_risk
ISIC_0029553,nv,nv,0.009725666,9.796675e-06,auto_accept,low_unc_low_risk
ISIC_0031587,nv,nv,0.0042903386,1.4979937e-05,auto_accept,low_unc_low_risk
ISIC_0033568,mel,nv,0.0631837,0.0057171537,auto_accept,low_unc_low_risk
ISIC_0028687,bcc,bcc,0.5284757,0.7968204,auto_accept,low_unc_low_risk
ISIC_0032406,nv,nv,0.008275381,0.0008576208,auto_accept,low_unc_low_risk
ISIC_0028153,nv,nv,0.10241627,0.0009164002,auto_accept,low_unc_low_risk
ISIC_0025775,nv,nv,0.029217876,3.4363267e-05,auto_accept,low_unc_low_risk
ISIC_0027920,bcc,nv,0.32618323,0.0072749164,auto_accept,low_unc_low_risk
ISIC_0032772,nv,nv,0.011116945,0.00013939396,auto_accept,low_unc_low_risk
ISIC_0026463,nv,nv,0.015757369,0.0011189075,auto_accept,low_unc_low_risk
ISIC_0024397,nv,nv,0.0036845626,7.0499904e-05,auto_accept,low_unc_low_risk
ISIC_0034040,bkl,nv,0.55854315,0.09404976,auto_accept,low_unc_low_risk
ISIC_0028522,nv,nv,0.0034241832,0.0002962315,auto_accept,low_unc_low_risk
ISIC_0030600,nv,nv,0.03693125,0.0041018086,auto_accept,low_unc_low_risk
ISIC_0025426,nv,nv,0.014698947,0.0029222118,auto_accept,low_unc_low_risk
ISIC_0033202,nv,nv,0.003998234,0.00014471092,auto_accept,low_unc_low_risk
ISIC_0032026,nv,nv,0.11026638,0.013293363,auto_accept,low_unc_low_risk
ISIC_0029227,bkl,nv,0.24213691,5.768707e-05,auto_accept,low_unc_low_risk
ISIC_0027763,nv,nv,0.025268372,0.00012073538,auto_accept,low_unc_low_risk
ISIC_0028478,nv,nv,0.15656562,0.01683817,auto_accept,low_unc_low_risk
ISIC_0027831,bkl,bkl,0.10244774,0.030927533,auto_accept,low_unc_low_risk
ISIC_0030764,nv,nv,0.0020095103,3.269229e-05,auto_accept,low_unc_low_risk
ISIC_0028564,nv,nv,0.09487673,0.0030515885,auto_accept,low_unc_low_risk
ISIC_0032864,nv,nv,0.0018870957,4.5058172e-05,auto_accept,low_unc_low_risk
ISIC_0033637,nv,nv,0.43440077,9.306584e-05,auto_accept,low_unc_low_risk
ISIC_0029803,nv,mel,0.6081629,0.7380487,escalate,high_unc_low_risk
ISIC_0026308,nv,nv,0.015412433,0.0005616838,auto_accept,low_unc_low_risk
ISIC_0029839,mel,nv,0.03637407,0.006373788,auto_accept,low_unc_low_risk
ISIC_0024643,bkl,nv,0.7579654,0.0038460244,escalate,high_unc_low_risk
ISIC_0029960,nv,nv,0.018503182,0.00012880146,auto_accept,low_unc_low_risk
ISIC_0032000,nv,nv,0.04667659,0.00024640476,auto_accept,low_unc_low_risk
ISIC_0033013,nv,nv,0.008083793,6.3960492e-06,auto_accept,low_unc_low_risk
ISIC_0031613,nv,nv,0.053438794,0.00021821375,auto_accept,low_unc_low_risk
ISIC_0027139,bkl,nv,0.025446089,0.013727387,auto_accept,low_unc_low_risk
ISIC_0029117,nv,nv,0.14272532,0.03707514,auto_accept,low_unc_low_risk
ISIC_0025938,nv,nv,0.032965876,0.0028285512,auto_accept,low_unc_low_risk
ISIC_0030401,nv,nv,0.06653738,0.014968768,auto_accept,low_unc_low_risk
ISIC_0033948,nv,nv,0.53214157,0.19106536,auto_accept,low_unc_low_risk
ISIC_0030921,nv,nv,0.13568474,0.00048581898,auto_accept,low_unc_low_risk
ISIC_0026191,nv,nv,0.19854957,0.008718973,auto_accept,low_unc_low_risk
ISIC_0031427,nv,nv,0.059190102,0.00047851456,auto_accept,low_unc_low_risk
ISIC_0025979,nv,nv,0.076401025,0.0022823212,auto_accept,low_unc_low_risk
ISIC_0028636,nv,nv,0.078155644,0.030235477,auto_accept,low_unc_low_risk
ISIC_0028801,nv,nv,0.039788384,0.000507601,auto_accept,low_unc_low_risk
ISIC_0032662,mel,nv,0.76947165,0.1416506,escalate,high_unc_low_risk
ISIC_0032017,mel,mel,0.014201601,0.99791795,auto_accept,low_unc_low_risk
ISIC_0029183,nv,nv,0.17747834,0.000980644,auto_accept,low_unc_low_risk
ISIC_0032734,nv,nv,0.5486468,0.27829492,auto_accept,low_unc_low_risk
ISIC_0031946,nv,nv,0.076283954,0.0001880542,auto_accept,low_unc_low_risk
ISIC_0027035,nv,nv,0.0066622267,0.0001189698,auto_accept,low_unc_low_risk
ISIC_0033342,nv,nv,0.13886297,0.01163494,auto_accept,low_unc_low_risk
ISIC_0028244,nv,nv,0.04996609,0.00093661074,auto_accept,low_unc_low_risk
ISIC_0032770,nv,nv,0.02711194,0.0004595063,auto_accept,low_unc_low_risk
ISIC_0026977,nv,nv,0.0016760586,5.1220366e-05,auto_accept,low_unc_low_risk
ISIC_0025540,nv,nv,0.019587584,0.0007826013,auto_accept,low_unc_low_risk
ISIC_0032474,nv,nv,0.0136586195,0.0002741252,auto_accept,low_unc_low_risk
ISIC_0027123,nv,nv,0.0023892182,7.445838e-06,auto_accept,low_unc_low_risk
ISIC_0031615,nv,nv,0.004328369,2.7847822e-08,auto_accept,low_unc_low_risk
ISIC_0034098,nv,nv,0.03672682,0.0036314565,auto_accept,low_unc_low_risk
ISIC_0031590,nv,nv,0.0054234522,3.423485e-05,auto_accept,low_unc_low_risk
ISIC_0033865,bkl,bkl,0.019053513,0.00018181502,auto_accept,low_unc_low_risk
ISIC_0026505,nv,nv,0.00043126356,1.9739924e-05,auto_accept,low_unc_low_risk
ISIC_0027674,nv,nv,0.023977095,0.00025434478,auto_accept,low_unc_low_risk
ISIC_0029270,bkl,bkl,0.00059021,0.00022148629,auto_accept,low_unc_low_risk
ISIC_0029077,nv,nv,0.05508514,0.000960923,auto_accept,low_unc_low_risk
ISIC_0032412,nv,mel,0.5217744,0.825864,auto_accept,low_unc_low_risk
ISIC_0028025,nv,nv,0.054445416,5.391393e-05,auto_accept,low_unc_low_risk
ISIC_0034250,nv,nv,0.0432718,0.0002459023,auto_accept,low_unc_low_risk
ISIC_0027918,nv,nv,0.0014664718,5.8074547e-05,auto_accept,low_unc_low_risk
ISIC_0033117,mel,mel,0.5757327,0.79506195,escalate,high_unc_low_risk
ISIC_0030805,nv,nv,0.0841023,0.00079428643,auto_accept,low_unc_low_risk
ISIC_0033984,nv,nv,0.06921612,0.007236178,auto_accept,low_unc_low_risk
ISIC_0024565,nv,nv,0.011289268,0.0008123543,auto_accept,low_unc_low_risk
ISIC_0029307,nv,nv,0.03649058,7.306933e-05,auto_accept,low_unc_low_risk
ISIC_0033543,nv,nv,0.028852032,0.000653462,auto_accept,low_unc_low_risk
ISIC_0024536,nv,nv,0.023871206,0.003961845,auto_accept,low_unc_low_risk
ISIC_0028742,nv,nv,0.027928708,4.3201962e-05,auto_accept,low_unc_low_risk
ISIC_0030719,nv,nv,0.10286975,0.0006438265,auto_accept,low_unc_low_risk
ISIC_0031027,nv,nv,0.46246377,0.21694951,auto_accept,low_unc_low_risk
ISIC_0029481,nv,nv,0.08121309,0.0024593547,auto_accept,low_unc_low_risk
ISIC_0033827,nv,nv,0.4601638,0.009825316,auto_accept,low_unc_low_risk
ISIC_0026160,nv,nv,0.03166214,4.9988368e-05,auto_accept,low_unc_low_risk
ISIC_0025545,nv,nv,0.004026453,0.00012329286,auto_accept,low_unc_low_risk
ISIC_0027087,nv,nv,0.70649433,0.5259268,escalate,high_unc_low_risk
ISIC_0026683,nv,nv,0.0017073469,0.00023620788,auto_accept,low_unc_low_risk
ISIC_0028595,nv,nv,0.24810341,0.00020227964,auto_accept,low_unc_low_risk
ISIC_0028395,nv,nv,0.596754,0.0018049147,escalate,high_unc_low_risk
ISIC_0032210,nv,nv,0.05666963,0.00014593214,auto_accept,low_unc_low_risk
ISIC_0033964,nv,nv,0.49135283,0.032943033,auto_accept,low_unc_low_risk
ISIC_0026570,nv,nv,0.0017955407,1.9967465e-05,auto_accept,low_unc_low_risk
ISIC_0031094,nv,nv,0.010450151,1.6368025e-05,auto_accept,low_unc_low_risk
ISIC_0029294,nv,nv,0.0039943526,0.00014118539,auto_accept,low_unc_low_risk
ISIC_0032924,nv,nv,0.5126262,0.023378842,auto_accept,low_unc_low_risk
ISIC_0032795,nv,nv,0.5374074,0.03706898,auto_accept,low_unc_low_risk
ISIC_0031313,nv,nv,0.011787395,1.4593217e-05,auto_accept,low_unc_low_risk
ISIC_0025796,nv,nv,0.016632922,0.00094701024,auto_accept,low_unc_low_risk
ISIC_0030931,nv,nv,0.01889206,0.0034763834,auto_accept,low_unc_low_risk
ISIC_0028318,nv,nv,0.07326684,0.00012067012,auto_accept,low_unc_low_risk
ISIC_0029636,nv,nv,0.033783905,0.0021078677,auto_accept,low_unc_low_risk
ISIC_0024337,bkl,bkl,0.35702625,0.00037693945,auto_accept,low_unc_low_risk
ISIC_0029410,nv,nv,0.0067732222,0.00010536364,auto_accept,low_unc_low_risk
ISIC_0025580,nv,nv,0.0012863374,7.881413e-05,auto_accept,low_unc_low_risk
ISIC_0031771,nv,nv,0.3828371,0.07573922,auto_accept,low_unc_low_risk
ISIC_0030558,nv,nv,0.014015989,4.9247068e-05,auto_accept,low_unc_low_risk
ISIC_0028157,nv,nv,0.0008594025,1.1375372e-05,auto_accept,low_unc_low_risk
ISIC_0032401,nv,nv,0.014195073,2.298905e-05,auto_accept,low_unc_low_risk
ISIC_0029786,nv,nv,0.055234272,0.010476137,auto_accept,low_unc_low_risk
ISIC_0030253,nv,nv,0.44461432,0.003625473,auto_accept,low_unc_low_risk
ISIC_0032551,nv,nv,0.010868429,0.00041201807,auto_accept,low_unc_low_risk
ISIC_0029382,nv,mel,0.7231673,0.6667595,escalate,high_unc_low_risk
ISIC_0033120,mel,nv,0.6873705,0.08352222,escalate,high_unc_low_risk
ISIC_0025916,nv,nv,0.013639195,0.0008915888,auto_accept,low_unc_low_risk
ISIC_0029670,nv,nv,0.007873579,0.0002345257,auto_accept,low_unc_low_risk
ISIC_0027444,nv,nv,0.0821983,0.0030611241,auto_accept,low_unc_low_risk
ISIC_0032064,nv,nv,0.056989625,0.0006857357,auto_accept,low_unc_low_risk
ISIC_0025399,nv,nv,0.013892448,0.0011229706,auto_accept,low_unc_low_risk
ISIC_0031544,nv,nv,0.017920688,0.0015228289,auto_accept,low_unc_low_risk
ISIC_0027460,nv,nv,0.1515662,0.00032516164,auto_accept,low_unc_low_risk
ISIC_0024498,bkl,bkl,0.006320564,0.00077938545,auto_accept,low_unc_low_risk
ISIC_0027347,nv,nv,0.10303283,4.030635e-05,auto_accept,low_unc_low_risk
ISIC_0033830,nv,nv,0.07671451,0.010097892,auto_accept,low_unc_low_risk
ISIC_0027217,nv,nv,0.025235906,0.002085611,auto_accept,low_unc_low_risk
ISIC_0030799,nv,nv,0.028683102,0.00023723546,auto_accept,low_unc_low_risk
ISIC_0024443,bcc,bcc,0.014987593,0.9963786,auto_accept,low_unc_low_risk
ISIC_0027823,nv,nv,0.011388364,8.8006935e-05,auto_accept,low_unc_low_risk
ISIC_0026860,nv,nv,0.03147819,0.0063078543,auto_accept,low_unc_low_risk
ISIC_0027913,nv,nv,0.0030749412,0.00013233266,auto_accept,low_unc_low_risk
ISIC_0032560,nv,mel,0.011472093,0.9944212,auto_accept,low_unc_low_risk
ISIC_0026612,nv,nv,0.0062601673,2.8887291e-06,auto_accept,low_unc_low_risk
ISIC_0033216,mel,nv,0.6028261,0.37486988,escalate,high_unc_low_risk
ISIC_0025747,nv,bkl,0.5350775,0.0001664392,auto_accept,low_unc_low_risk
ISIC_0033227,nv,nv,0.13385764,0.008392698,auto_accept,low_unc_low_risk
ISIC_0029197,nv,nv,0.02585511,0.0061631184,auto_accept,low_unc_low_risk
ISIC_0024472,bcc,bcc,0.44258103,0.7372142,auto_accept,low_unc_low_risk
ISIC_0031682,nv,nv,0.12808919,0.013285528,auto_accept,low_unc_low_risk
ISIC_0032558,nv,nv,0.07893821,0.0072357124,auto_accept,low_unc_low_risk
ISIC_0025365,nv,nv,0.13923381,0.0001323208,auto_accept,low_unc_low_risk
ISIC_0027080,nv,nv,0.0030770937,0.00014263898,auto_accept,low_unc_low_risk
ISIC_0034157,nv,nv,0.69419134,0.11972826,escalate,high_unc_low_risk
ISIC_0028057,nv,nv,0.023195889,0.0006196862,auto_accept,low_unc_low_risk
ISIC_0029023,nv,nv,0.41924453,0.012353171,auto_accept,low_unc_low_risk
ISIC_0031703,nv,nv,0.0027153983,1.8337243e-05,auto_accept,low_unc_low_risk
ISIC_0024455,nv,nv,0.0059051756,0.00023444387,auto_accept,low_unc_low_risk
ISIC_0032452,nv,nv,0.05205105,0.0016366023,auto_accept,low_unc_low_risk
ISIC_0033205,bcc,bcc,0.0025139272,0.9992176,escalate,low_unc_high_risk
ISIC_0032327,nv,nv,0.6978195,0.0031870008,escalate,high_unc_low_risk
ISIC_0027015,nv,nv,0.010416078,9.286834e-05,auto_accept,low_unc_low_risk
ISIC_0028386,bkl,nv,0.6508884,5.3650107e-05,escalate,high_unc_low_risk
ISIC_0028092,nv,nv,0.021128824,0.001454542,auto_accept,low_unc_low_risk
ISIC_0024856,nv,nv,0.017952712,0.0010068992,auto_accept,low_unc_low_risk
ISIC_0025390,nv,nv,0.05111096,0.00036866957,auto_accept,low_unc_low_risk
ISIC_0032750,mel,mel,0.19858734,0.9414322,auto_accept,low_unc_low_risk
ISIC_0026508,nv,nv,0.5327235,6.659137e-05,auto_accept,low_unc_low_risk
ISIC_0033003,nv,nv,0.03688643,0.00090557383,auto_accept,low_unc_low_risk
ISIC_0030051,nv,nv,0.014434874,0.00029210435,auto_accept,low_unc_low_risk
ISIC_0027352,mel,nv,0.5596458,0.040086865,auto_accept,low_unc_low_risk
ISIC_0026454,nv,mel,0.23383068,0.92885154,auto_accept,low_unc_low_risk
ISIC_0027039,nv,nv,0.0071625193,0.00020073834,auto_accept,low_unc_low_risk
ISIC_0031887,nv,nv,0.23515636,0.0131144505,auto_accept,low_unc_low_risk
ISIC_0030908,nv,nv,0.014027966,9.580869e-05,auto_accept,low_unc_low_risk
ISIC_0028510,nv,nv,0.36606178,0.21339989,auto_accept,low_unc_low_risk
ISIC_0025907,nv,nv,0.6942964,0.061025824,escalate,high_unc_low_risk
ISIC_0028466,nv,nv,0.015330297,3.4262546e-05,auto_accept,low_unc_low_risk
ISIC_0025283,nv,nv,2.3828225e-05,3.1972642e-09,auto_accept,low_unc_low_risk
ISIC_0025273,nv,nv,0.07070383,0.0026294624,auto_accept,low_unc_low_risk
ISIC_0033819,mel,mel,0.19928648,0.94403857,auto_accept,low_unc_low_risk
ISIC_0028352,mel,mel,0.016060561,0.9955591,auto_accept,low_unc_low_risk
ISIC_0029072,nv,nv,0.035452683,0.00074062846,auto_accept,low_unc_low_risk
ISIC_0026004,nv,nv,0.051080436,0.00021895152,auto_accept,low_unc_low_risk
ISIC_0028774,bkl,bkl,0.0020197313,0.0004404746,auto_accept,low_unc_low_risk
ISIC_0031869,nv,nv,0.0072615207,0.00019646008,auto_accept,low_unc_low_risk
ISIC_0030949,nv,nv,0.047556262,0.0003504052,auto_accept,low_unc_low_risk
ISIC_0031139,nv,nv,0.013428544,0.00015761862,auto_accept,low_unc_low_risk
ISIC_0027758,nv,nv,0.032859344,2.6847822e-05,auto_accept,low_unc_low_risk
ISIC_0030903,nv,nv,0.18113722,3.553927e-05,auto_accept,low_unc_low_risk
ISIC_0028125,nv,nv,0.00837356,4.4625933e-05,auto_accept,low_unc_low_risk
ISIC_0024677,nv,nv,0.001276012,5.5749088e-06,auto_accept,low_unc_low_risk
ISIC_0034028,mel,nv,0.77233577,0.016078016,escalate,high_unc_low_risk
ISIC_0033140,nv,nv,0.2785789,0.07084536,auto_accept,low_unc_low_risk
ISIC_0028268,nv,nv,0.02877931,0.00030682023,auto_accept,low_unc_low_risk
ISIC_0029346,nv,nv,0.57716274,0.0013478511,escalate,high_unc_low_risk
ISIC_0029165,nv,nv,0.23580621,0.00012592861,auto_accept,low_unc_low_risk
ISIC_0031188,nv,nv,0.00042661733,6.185128e-06,auto_accept,low_unc_low_risk
ISIC_0024945,nv,nv,0.04549677,0.006475655,auto_accept,low_unc_low_risk
ISIC_0028829,nv,nv,0.004587866,0.00022149326,auto_accept,low_unc_low_risk
ISIC_0030676,nv,nv,0.00080152875,4.8187765e-05,auto_accept,low_unc_low_risk
ISIC_0033887,nv,nv,0.69954747,0.5922885,escalate,high_unc_low_risk
ISIC_0030832,nv,nv,0.009336377,0.0005071372,auto_accept,low_unc_low_risk
ISIC_0033408,nv,nv,0.008732069,1.0843061e-05,auto_accept,low_unc_low_risk
ISIC_0029300,nv,nv,0.4858237,0.039478723,auto_accept,low_unc_low_risk
ISIC_0025795,nv,nv,0.024164883,0.0003816585,auto_accept,low_unc_low_risk
ISIC_0024697,nv,nv,0.24529122,0.09651168,auto_accept,low_unc_low_risk
ISIC_0033008,nv,nv,0.36714014,0.082356535,auto_accept,low_unc_low_risk
ISIC_0029332,nv,mel,0.46766123,0.83073235,auto_accept,low_unc_low_risk
ISIC_0025566,nv,nv,0.0021681518,0.00014068697,auto_accept,low_unc_low_risk
ISIC_0030317,nv,nv,0.017816795,0.00074924435,auto_accept,low_unc_low_risk
ISIC_0033283,nv,nv,0.717131,0.40335706,escalate,high_unc_low_risk
ISIC_0030857,nv,nv,0.2356253,0.0012035903,auto_accept,low_unc_low_risk
ISIC_0026510,nv,nv,0.00084917597,1.4780618e-05,auto_accept,low_unc_low_risk
ISIC_0028592,nv,nv,0.07331234,0.025814107,auto_accept,low_unc_low_risk
ISIC_0031536,nv,nv,0.02068462,8.3634535e-05,auto_accept,low_unc_low_risk
ISIC_0027404,nv,df,1.0061129,0.0066023134,escalate,high_unc_low_risk
ISIC_0032826,bkl,bkl,0.6905839,0.0011799106,escalate,high_unc_low_risk
ISIC_0025064,bkl,nv,0.6913497,0.001210828,escalate,high_unc_low_risk
ISIC_0026408,nv,nv,0.00079944084,6.932455e-06,auto_accept,low_unc_low_risk
ISIC_0025114,nv,nv,0.007284263,0.00028967328,auto_accept,low_unc_low_risk
ISIC_0027793,mel,nv,0.0058134636,1.0733859e-05,auto_accept,low_unc_low_risk
ISIC_0027269,vasc,vasc,0.07115811,0.008793129,auto_accept,low_unc_low_risk
ISIC_0031592,nv,nv,0.10913357,0.00011301389,auto_accept,low_unc_low_risk
ISIC_0028205,nv,bkl,0.70067114,0.0020258452,escalate,high_unc_low_risk
ISIC_0024609,nv,nv,0.0018233646,0.00010076953,auto_accept,low_unc_low_risk
ISIC_0024850,bkl,nv,0.65441227,8.176682e-05,escalate,high_unc_low_risk
ISIC_0028991,nv,nv,0.03184316,8.450379e-05,auto_accept,low_unc_low_risk
ISIC_0028976,nv,nv,0.021345636,0.0006868787,auto_accept,low_unc_low_risk
ISIC_0030199,nv,nv,0.0020201777,2.8803393e-05,auto_accept,low_unc_low_risk
ISIC_0032556,bkl,bkl,0.04433549,0.016468383,auto_accept,low_unc_low_risk
ISIC_0028955,nv,nv,0.0027450998,0.00014236613,auto_accept,low_unc_low_risk
ISIC_0029146,mel,mel,0.30469376,0.98575366,auto_accept,low_unc_low_risk
ISIC_0030965,bkl,bkl,0.8271661,0.4474083,escalate,high_unc_low_risk
ISIC_0028422,nv,nv,0.010719225,0.0004853617,auto_accept,low_unc_low_risk
ISIC_0028921,nv,nv,0.0137736285,2.117616e-05,auto_accept,low_unc_low_risk
ISIC_0028178,nv,nv,0.006692026,0.00046344908,auto_accept,low_unc_low_risk
ISIC_0030128,nv,nv,0.041024446,0.0028003224,auto_accept,low_unc_low_risk
ISIC_0024985,nv,nv,0.03772266,0.0003772141,auto_accept,low_unc_low_risk
ISIC_0026196,nv,nv,0.0051240316,0.000327838,auto_accept,low_unc_low_risk
ISIC_0027293,nv,nv,0.5468478,0.42938268,auto_accept,low_unc_low_risk
ISIC_0031935,nv,nv,0.025625244,0.00036641903,auto_accept,low_unc_low_risk
ISIC_0025902,nv,nv,0.009905797,0.0002987236,auto_accept,low_unc_low_risk
ISIC_0026224,nv,nv,0.0009158489,1.3457192e-05,auto_accept,low_unc_low_risk
ISIC_0031562,nv,nv,0.009096946,0.0002859508,auto_accept,low_unc_low_risk
ISIC_0032446,nv,nv,0.0065397746,0.00062512327,auto_accept,low_unc_low_risk
ISIC_0031379,nv,nv,0.6059324,0.18840946,escalate,high_unc_low_risk
ISIC_0034099,nv,nv,0.0017671309,2.9812894e-05,auto_accept,low_unc_low_risk
ISIC_0026029,nv,nv,0.30261835,0.0011583416,auto_accept,low_unc_low_risk
ISIC_0031998,nv,nv,0.012846541,1.0653737e-06,auto_accept,low_unc_low_risk
ISIC_0031559,nv,nv,0.011349859,0.00013964472,auto_accept,low_unc_low_risk
ISIC_0033125,mel,mel,0.7650535,0.57939476,escalate,high_unc_low_risk
ISIC_0025602,nv,nv,0.055527378,0.0020481804,auto_accept,low_unc_low_risk
ISIC_0032789,nv,nv,0.20136204,0.0008691032,auto_accept,low_unc_low_risk
ISIC_0029084,nv,nv,0.00013339911,4.6838593e-07,auto_accept,low_unc_low_risk
ISIC_0032445,bkl,bkl,0.0049768547,0.0022204055,auto_accept,low_unc_low_risk
ISIC_0028796,nv,nv,0.022247873,4.521485e-05,auto_accept,low_unc_low_risk
ISIC_0027581,nv,nv,0.13395351,0.04481414,auto_accept,low_unc_low_risk
ISIC_0031220,nv,nv,0.021462647,0.0021223098,auto_accept,low_unc_low_risk
ISIC_0027688,nv,nv,0.7236923,0.70438385,escalate,high_unc_low_risk
ISIC_0027972,nv,nv,0.0039304644,6.301965e-05,auto_accept,low_unc_low_risk
ISIC_0024326,nv,nv,0.029488094,0.0010811914,auto_accept,low_unc_low_risk
ISIC_0030760,mel,nv,0.5134892,0.23506342,auto_accept,low_unc_low_risk
ISIC_0027554,nv,bkl,0.16586895,0.0003594297,auto_accept,low_unc_low_risk
ISIC_0032150,nv,nv,0.42904845,0.145171,auto_accept,low_unc_low_risk
ISIC_0025774,nv,nv,0.08454589,0.0016450986,auto_accept,low_unc_low_risk
ISIC_0025199,bkl,nv,0.66204864,5.380012e-05,escalate,high_unc_low_risk
ISIC_0026126,nv,nv,0.06346727,0.023998726,auto_accept,low_unc_low_risk
ISIC_0032008,nv,nv,0.5534961,0.0032375157,auto_accept,low_unc_low_risk
ISIC_0032971,nv,nv,0.0033777594,0.00016027172,auto_accept,low_unc_low_risk
ISIC_0031722,nv,nv,0.00042725014,2.9368732e-05,auto_accept,low_unc_low_risk
ISIC_0032927,mel,mel,0.027428556,0.9917938,auto_accept,low_unc_low_risk
ISIC_0031032,nv,nv,0.4555253,0.04117891,auto_accept,low_unc_low_risk
ISIC_0032619,nv,nv,0.05875221,0.002620461,auto_accept,low_unc_low_risk
ISIC_0025253,nv,nv,0.0021353653,0.000107997635,auto_accept,low_unc_low_risk
ISIC_0030858,nv,mel,0.037633892,0.9898218,auto_accept,low_unc_low_risk
ISIC_0031807,nv,nv,0.0013682734,3.9249164e-05,auto_accept,low_unc_low_risk
ISIC_0025329,nv,nv,0.023412496,0.0011051829,auto_accept,low_unc_low_risk
ISIC_0026747,nv,nv,0.007841887,0.00013169393,auto_accept,low_unc_low_risk
ISIC_0026467,vasc,vasc,0.16316867,0.0003886003,auto_accept,low_unc_low_risk
ISIC_0030206,nv,nv,0.03687898,0.0011947175,auto_accept,low_unc_low_risk
ISIC_0033556,nv,nv,0.64643353,0.00055145664,escalate,high_unc_low_risk
ISIC_0027266,nv,nv,0.07971457,0.006579675,auto_accept,low_unc_low_risk
ISIC_0024336,bkl,bkl,0.6691434,0.017303566,escalate,high_unc_low_risk
ISIC_0025527,nv,nv,0.013259551,0.0011784374,auto_accept,low_unc_low_risk
ISIC_0025854,nv,nv,0.16318925,0.0049228333,auto_accept,low_unc_low_risk
ISIC_0029313,nv,nv,0.003831557,0.0002364163,auto_accept,low_unc_low_risk
ISIC_0026356,nv,nv,0.0025736548,2.4038545e-05,auto_accept,low_unc_low_risk
ISIC_0029163,mel,bkl,0.122471444,0.07597053,auto_accept,low_unc_low_risk
ISIC_0031291,nv,nv,0.005554498,0.00014339846,auto_accept,low_unc_low_risk
ISIC_0029113,bkl,nv,0.50594777,5.435127e-05,auto_accept,low_unc_low_risk
ISIC_0033190,nv,nv,0.004551049,0.0001887665,auto_accept,low_unc_low_risk
ISIC_0032994,nv,nv,0.06603811,0.0028755467,auto_accept,low_unc_low_risk
ISIC_0032515,nv,nv,0.04319786,0.00015074381,auto_accept,low_unc_low_risk
ISIC_0031978,nv,nv,0.6292394,0.3938156,escalate,high_unc_low_risk
ISIC_0032183,nv,nv,0.0005772864,1.2487896e-05,auto_accept,low_unc_low_risk
ISIC_0028176,nv,nv,0.0021362032,2.550207e-06,auto_accept,low_unc_low_risk
ISIC_0033697,nv,nv,0.093879946,0.002241859,auto_accept,low_unc_low_risk
ISIC_0025461,nv,nv,0.038727146,0.005332666,auto_accept,low_unc_low_risk
ISIC_0024633,nv,nv,0.021283757,0.0024049433,auto_accept,low_unc_low_risk
ISIC_0028861,nv,nv,0.039441347,0.00046515896,auto_accept,low_unc_low_risk
ISIC_0024321,nv,nv,0.0054456177,0.00014153292,auto_accept,low_unc_low_risk
ISIC_0025226,nv,nv,0.011946011,0.00017621188,auto_accept,low_unc_low_risk
ISIC_0031652,nv,nv,0.05090476,5.1302886e-05,auto_accept,low_unc_low_risk
ISIC_0026361,nv,nv,0.19197117,0.0050932225,auto_accept,low_unc_low_risk
ISIC_0032188,nv,nv,0.048767176,0.005782809,auto_accept,low_unc_low_risk
ISIC_0032657,nv,mel,0.5760739,0.7592982,escalate,high_unc_low_risk
ISIC_0031509,nv,nv,0.048305817,0.0004403976,auto_accept,low_unc_low_risk
ISIC_0029548,bkl,bkl,0.31544992,0.00046719535,auto_accept,low_unc_low_risk
ISIC_0030030,nv,nv,0.082878835,0.008383018,auto_accept,low_unc_low_risk
ISIC_0025152,nv,nv,0.056839176,1.1174222e-05,auto_accept,low_unc_low_risk
ISIC_0033165,nv,nv,0.33200055,0.0006468619,auto_accept,low_unc_low_risk
ISIC_0024641,nv,nv,0.0010482497,1.4134393e-05,auto_accept,low_unc_low_risk
ISIC_0032973,nv,mel,0.49561933,0.7765315,auto_accept,low_unc_low_risk
ISIC_0025844,nv,nv,0.0021128745,3.673225e-05,auto_accept,low_unc_low_risk
ISIC_0034045,nv,nv,0.010340219,0.00026936154,auto_accept,low_unc_low_risk
ISIC_0026406,nv,nv,0.69210714,0.00083295966,escalate,high_unc_low_risk
ISIC_0025138,nv,nv,0.011101728,0.00040278022,auto_accept,low_unc_low_risk
ISIC_0028532,nv,nv,0.006151632,5.765627e-05,auto_accept,low_unc_low_risk
ISIC_0026640,nv,nv,0.106239155,0.02536913,auto_accept,low_unc_low_risk
ISIC_0030969,nv,nv,0.20256399,0.000104267194,auto_accept,low_unc_low_risk
ISIC_0028852,nv,nv,0.10994031,0.0071221306,auto_accept,low_unc_low_risk
ISIC_0030170,nv,nv,0.045925736,2.7241747e-05,auto_accept,low_unc_low_risk
ISIC_0033961,nv,nv,0.054452017,0.009656056,auto_accept,low_unc_low_risk
ISIC_0032845,mel,nv,0.3893981,0.13957913,auto_accept,low_unc_low_risk
ISIC_0030739,nv,nv,0.0022101335,5.077291e-05,auto_accept,low_unc_low_risk
ISIC_0024580,nv,nv,0.032230295,0.0006889855,auto_accept,low_unc_low_risk
ISIC_0033018,nv,nv,0.6974379,0.0028066076,escalate,high_unc_low_risk
ISIC_0030422,nv,nv,0.023905188,0.002841746,auto_accept,low_unc_low_risk
ISIC_0030925,mel,mel,0.12043691,0.97699434,auto_accept,low_unc_low_risk
ISIC_0034079,nv,nv,0.23649386,0.025050387,auto_accept,low_unc_low_risk
ISIC_0025272,nv,nv,0.0039368686,6.697322e-05,auto_accept,low_unc_low_risk
ISIC_0025591,nv,nv,0.012637679,4.129915e-05,auto_accept,low_unc_low_risk
ISIC_0025374,bkl,bkl,0.096641004,0.024434172,auto_accept,low_unc_low_risk
ISIC_0030897,nv,nv,0.004805196,0.00012740723,auto_accept,low_unc_low_risk
ISIC_0033489,nv,nv,0.010195907,0.00074890064,auto_accept,low_unc_low_risk
ISIC_0025751,mel,nv,0.3847663,0.11300666,auto_accept,low_unc_low_risk
ISIC_0026544,nv,bcc,0.057657838,0.962096,auto_accept,low_unc_low_risk
ISIC_0029120,nv,nv,0.026015157,0.0017416949,auto_accept,low_unc_low_risk
ISIC_0030084,nv,nv,0.006082769,0.00018791294,auto_accept,low_unc_low_risk
ISIC_0033081,mel,nv,0.75334877,0.20689645,escalate,high_unc_low_risk
ISIC_0031508,nv,nv,0.0071548917,9.264649e-05,auto_accept,low_unc_low_risk
ISIC_0032633,nv,mel,0.67026305,0.729331,escalate,high_unc_low_risk
ISIC_0025611,mel,nv,0.33716938,0.13335076,auto_accept,low_unc_low_risk
ISIC_0025895,nv,nv,0.04494991,5.8374484e-05,auto_accept,low_unc_low_risk
ISIC_0024977,nv,nv,0.009044345,0.0004096085,auto_accept,low_unc_low_risk
ISIC_0030776,nv,nv,0.26466516,0.021080986,auto_accept,low_unc_low_risk
ISIC_0030495,nv,nv,0.00047796586,6.2424743e-07,auto_accept,low_unc_low_risk
ISIC_0031891,nv,nv,0.050640512,0.010817208,auto_accept,low_unc_low_risk
ISIC_0032585,nv,nv,0.17380139,0.028249908,auto_accept,low_unc_low_risk
ISIC_0026558,mel,nv,0.5644333,0.3324012,auto_accept,low_unc_low_risk
ISIC_0031767,nv,nv,0.0010406984,0.00011246776,auto_accept,low_unc_low_risk
ISIC_0032128,bkl,bkl,0.011905954,7.2838506e-05,auto_accept,low_unc_low_risk
ISIC_0031234,nv,nv,0.002205672,1.50141195e-05,auto_accept,low_unc_low_risk
ISIC_0025158,nv,nv,0.9163254,0.11997455,escalate,high_unc_low_risk
ISIC_0029131,nv,nv,0.007841274,0.0051072952,auto_accept,low_unc_low_risk
ISIC_0026658,nv,bkl,0.48834163,0.002188523,auto_accept,low_unc_low_risk
ISIC_0025779,nv,nv,0.0024575477,0.000313392,auto_accept,low_unc_low_risk
ISIC_0025771,df,df,0.0001557538,0.0026742406,auto_accept,low_unc_low_risk
ISIC_0026546,nv,nv,0.04828136,0.003125511,auto_accept,low_unc_low_risk
ISIC_0032219,mel,mel,0.09893,0.9772405,auto_accept,low_unc_low_risk
ISIC_0028241,nv,nv,0.036898095,0.00086527824,auto_accept,low_unc_low_risk
ISIC_0032954,nv,nv,0.005292802,0.00010403371,auto_accept,low_unc_low_risk
ISIC_0030056,bkl,bkl,0.019742317,2.085182e-05,auto_accept,low_unc_low_risk
ISIC_0029984,nv,nv,0.17043163,0.02403268,auto_accept,low_unc_low_risk
ISIC_0032100,nv,nv,0.06329214,5.368977e-05,auto_accept,low_unc_low_risk
ISIC_0027627,nv,nv,0.2062753,0.10847375,auto_accept,low_unc_low_risk
ISIC_0033640,nv,nv,0.0072966567,0.00064844434,auto_accept,low_unc_low_risk
ISIC_0031147,nv,nv,6.591076e-05,2.707542e-06,auto_accept,low_unc_low_risk
ISIC_0025489,mel,mel,0.058572225,0.9897193,auto_accept,low_unc_low_risk
ISIC_0028009,nv,nv,0.020398756,0.001609902,auto_accept,low_unc_low_risk
ISIC_0033291,nv,nv,0.26223284,0.11791003,auto_accept,low_unc_low_risk
ISIC_0030535,nv,bkl,0.036497783,0.0015572774,auto_accept,low_unc_low_risk
ISIC_0033256,df,df,0.00029145618,0.00010545803,auto_accept,low_unc_low_risk
ISIC_0030752,nv,nv,0.006151117,0.00040212472,auto_accept,low_unc_low_risk
ISIC_0033960,nv,nv,0.45505884,0.0005861131,auto_accept,low_unc_low_risk
ISIC_0033223,nv,nv,0.10991768,0.007526037,auto_accept,low_unc_low_risk
ISIC_0027357,nv,nv,0.023828967,4.9684437e-05,auto_accept,low_unc_low_risk
ISIC_0030975,nv,nv,0.001905872,2.8981165e-05,auto_accept,low_unc_low_risk
ISIC_0029572,nv,nv,0.0033453412,0.00014532685,auto_accept,low_unc_low_risk
ISIC_0030961,nv,nv,0.0029968629,0.000116303534,auto_accept,low_unc_low_risk
ISIC_0024543,nv,nv,0.026440993,0.00093550613,auto_accept,low_unc_low_risk
ISIC_0027549,nv,nv,0.0028000346,5.768256e-05,auto_accept,low_unc_low_risk
ISIC_0026779,nv,nv,0.062132094,0.0007699112,auto_accept,low_unc_low_risk
ISIC_0028838,nv,nv,0.09323567,0.0007224201,auto_accept,low_unc_low_risk
ISIC_0032781,nv,nv,0.06606365,0.0058024935,auto_accept,low_unc_low_risk
ISIC_0024392,nv,nv,0.038568456,0.0011746986,auto_accept,low_unc_low_risk
ISIC_0032810,mel,mel,0.034092803,0.9859389,auto_accept,low_unc_low_risk
ISIC_0033158,vasc,vasc,0.00023184658,0.00015391526,auto_accept,low_unc_low_risk
ISIC_0031075,nv,nv,0.055687454,0.008380897,auto_accept,low_unc_low_risk
ISIC_0029419,nv,nv,0.08182222,0.0063225674,auto_accept,low_unc_low_risk
ISIC_0032345,nv,bkl,0.4440616,0.00831478,auto_accept,low_unc_low_risk
ISIC_0029236,nv,nv,0.058107015,0.00075418793,auto_accept,low_unc_low_risk
ISIC_0028452,nv,nv,0.0008791788,5.0389874e-05,auto_accept,low_unc_low_risk
ISIC_0029561,nv,nv,0.014289136,6.1012866e-05,auto_accept,low_unc_low_risk
ISIC_0033179,nv,nv,0.08139287,0.0023001211,auto_accept,low_unc_low_risk
ISIC_0032163,nv,nv,0.027587049,0.0006914028,auto_accept,low_unc_low_risk
ISIC_0031077,mel,nv,0.3277745,0.112666264,auto_accept,low_unc_low_risk
ISIC_0024595,bcc,bcc,0.589112,0.7627668,escalate,high_unc_low_risk
ISIC_0032509,mel,nv,0.017775085,0.0009144508,auto_accept,low_unc_low_risk
ISIC_0026253,nv,nv,0.03843009,0.002061363,auto_accept,low_unc_low_risk
ISIC_0032639,nv,mel,0.792522,0.4866493,escalate,high_unc_low_risk
ISIC_0026338,nv,nv,0.041414756,0.0011222792,auto_accept,low_unc_low_risk
ISIC_0030038,nv,nv,0.21684973,0.0016722947,auto_accept,low_unc_low_risk
ISIC_0026585,nv,nv,0.15577759,0.003035915,auto_accept,low_unc_low_risk
ISIC_0029909,mel,akiec,0.14463316,0.9947242,auto_accept,low_unc_low_risk
ISIC_0025023,nv,nv,0.007766968,0.0009640276,auto_accept,low_unc_low_risk
ISIC_0027411,nv,nv,0.0026134392,0.00019667318,auto_accept,low_unc_low_risk
ISIC_0030049,nv,nv,0.04451221,0.0022486611,auto_accept,low_unc_low_risk
ISIC_0029753,nv,nv,0.004395439,4.8345457e-05,auto_accept,low_unc_low_risk
ISIC_0025608,nv,nv,0.0011750764,7.948651e-06,auto_accept,low_unc_low_risk
ISIC_0028518,nv,nv,0.015101336,0.0029996405,auto_accept,low_unc_low_risk
ISIC_0031793,nv,nv,0.0017475521,7.1582995e-06,auto_accept,low_unc_low_risk
ISIC_0028753,nv,nv,0.0026145112,1.0696397e-05,auto_accept,low_unc_low_risk
ISIC_0024746,nv,nv,0.10033547,0.000549053,auto_accept,low_unc_low_risk
ISIC_0034233,mel,mel,0.013247545,0.99681,auto_accept,low_unc_low_risk
ISIC_0030183,mel,mel,0.8058771,0.42196283,escalate,high_unc_low_risk
ISIC_0031345,bkl,df,0.077878,0.0015575927,auto_accept,low_unc_low_risk
ISIC_0028526,nv,nv,0.020294102,0.0014641832,auto_accept,low_unc_low_risk
ISIC_0033949,bkl,bkl,0.13338012,0.0052997074,auto_accept,low_unc_low_risk
ISIC_0027866,nv,nv,0.017415281,0.0006209829,auto_accept,low_unc_low_risk
ISIC_0028481,mel,mel,0.36925635,0.91898096,auto_accept,low_unc_low_risk
ISIC_0033657,nv,nv,0.36783773,0.26122767,auto_accept,low_unc_low_risk
ISIC_0033449,bkl,bkl,0.0067431573,0.004576829,auto_accept,low_unc_low_risk
ISIC_0033390,nv,nv,0.042843603,0.00550318,auto_accept,low_unc_low_risk
ISIC_0033330,nv,nv,0.01877388,0.0030756856,auto_accept,low_unc_low_risk
ISIC_0031172,nv,nv,0.010231101,0.00059963955,auto_accept,low_unc_low_risk
ISIC_0031201,vasc,vasc,3.4245535e-05,1.4634385e-05,auto_accept,low_unc_low_risk
ISIC_0032420,mel,mel,0.022985881,0.99676347,auto_accept,low_unc_low_risk
ISIC_0032205,nv,nv,0.1831378,0.000119615455,auto_accept,low_unc_low_risk
ISIC_0030415,nv,nv,0.03167717,1.2514439e-06,auto_accept,low_unc_low_risk
ISIC_0031862,nv,nv,0.028477369,3.6804828e-05,auto_accept,low_unc_low_risk
ISIC_0033361,bkl,mel,1.1220655,0.1678213,escalate,high_unc_low_risk
ISIC_0030462,nv,mel,0.098485336,0.98361117,auto_accept,low_unc_low_risk
ISIC_0026974,nv,nv,0.026084999,0.0017930382,auto_accept,low_unc_low_risk
ISIC_0025893,nv,nv,0.11736095,0.05752653,auto_accept,low_unc_low_risk
ISIC_0026498,nv,nv,0.011662477,1.9371939e-05,auto_accept,low_unc_low_risk
ISIC_0032573,nv,nv,0.0881081,0.022407223,auto_accept,low_unc_low_risk
ISIC_0029406,bkl,bkl,0.035777707,0.0075829085,auto_accept,low_unc_low_risk
ISIC_0028475,nv,nv,0.00731668,4.8766316e-05,auto_accept,low_unc_low_risk
ISIC_0026109,nv,nv,0.16317773,0.0058560898,auto_accept,low_unc_low_risk
ISIC_0024802,nv,nv,0.0010979248,1.3260329e-05,auto_accept,low_unc_low_risk
ISIC_0026227,nv,nv,0.009358475,0.00048476842,auto_accept,low_unc_low_risk
ISIC_0028226,nv,nv,0.5293811,0.13843158,auto_accept,low_unc_low_risk
ISIC_0026221,nv,nv,0.005484621,2.8097464e-05,auto_accept,low_unc_low_risk
ISIC_0027996,bkl,bkl,0.11603041,0.0033478339,auto_accept,low_unc_low_risk
ISIC_0033561,nv,mel,1.0457231,0.32796255,escalate,high_unc_low_risk
ISIC_0033850,nv,nv,0.4382576,0.018424083,auto_accept,low_unc_low_risk
ISIC_0030201,nv,nv,0.009538735,0.00038821113,auto_accept,low_unc_low_risk
ISIC_0025022,nv,nv,0.00044259627,8.7378085e-06,auto_accept,low_unc_low_risk
ISIC_0026072,bkl,bkl,0.15162677,0.007387221,auto_accept,low_unc_low_risk
ISIC_0030538,nv,nv,0.05253427,0.0055345637,auto_accept,low_unc_low_risk
ISIC_0030305,nv,nv,0.0008707794,4.8088063e-05,auto_accept,low_unc_low_risk
ISIC_0027943,nv,nv,0.02271088,0.0025199703,auto_accept,low_unc_low_risk
ISIC_0025849,nv,nv,0.05872634,0.0027048744,auto_accept,low_unc_low_risk
ISIC_0027712,nv,nv,0.006083455,6.836625e-05,auto_accept,low_unc_low_risk
ISIC_0033206,mel,mel,0.87021255,0.38763192,escalate,high_unc_low_risk
ISIC_0028717,nv,nv,0.06965931,0.00022187264,auto_accept,low_unc_low_risk
ISIC_0031754,nv,nv,0.44971326,0.14705472,auto_accept,low_unc_low_risk
ISIC_0024964,nv,nv,0.093668275,0.0010503728,auto_accept,low_unc_low_risk
ISIC_0025276,bkl,mel,0.84184355,0.98490787,escalate,high_unc_low_risk
ISIC_0030220,nv,nv,0.17347625,0.00023424478,auto_accept,low_unc_low_risk
ISIC_0032743,nv,nv,0.3903689,0.122607335,auto_accept,low_unc_low_risk
ISIC_0030654,nv,nv,0.4681773,0.00032151132,auto_accept,low_unc_low_risk
ISIC_0026255,nv,nv,0.008239204,0.00013440219,auto_accept,low_unc_low_risk
ISIC_0028998,nv,nv,0.009370544,0.0010931351,auto_accept,low_unc_low_risk
ISIC_0032798,nv,nv,0.0007921822,3.1069805e-05,auto_accept,low_unc_low_risk
ISIC_0026281,mel,mel,0.16708559,0.96760935,auto_accept,low_unc_low_risk
ISIC_0032507,nv,nv,0.24035807,0.07434635,auto_accept,low_unc_low_risk
ISIC_0032647,nv,nv,0.00028937077,9.5113563e-07,auto_accept,low_unc_low_risk
ISIC_0030055,nv,nv,0.015585102,6.128688e-05,auto_accept,low_unc_low_risk
ISIC_0026050,nv,nv,0.006672003,1.06933885e-05,auto_accept,low_unc_low_risk
ISIC_0031973,nv,nv,0.009419588,0.00090900494,auto_accept,low_unc_low_risk
ISIC_0028266,nv,nv,0.10915229,0.0008841564,auto_accept,low_unc_low_risk
ISIC_0024681,nv,nv,0.004290154,2.3285056e-06,auto_accept,low_unc_low_risk
ISIC_0024456,nv,nv,0.099197514,0.0030107226,auto_accept,low_unc_low_risk
ISIC_0028212,nv,nv,0.019082615,0.00010435514,auto_accept,low_unc_low_risk
ISIC_0024608,nv,nv,0.052497994,0.0059424317,auto_accept,low_unc_low_risk
ISIC_0030111,nv,nv,0.008315855,0.001121677,auto_accept,low_unc_low_risk
ISIC_0028524,nv,nv,0.0070418757,0.0028418677,auto_accept,low_unc_low_risk
ISIC_0025800,mel,mel,0.06569667,0.9933629,auto_accept,low_unc_low_risk
ISIC_0030505,nv,nv,0.00019213323,5.116158e-06,auto_accept,low_unc_low_risk
ISIC_0026449,nv,nv,0.0012741943,1.0751542e-05,auto_accept,low_unc_low_risk
ISIC_0033036,nv,nv,0.06907388,0.013169,auto_accept,low_unc_low_risk
ISIC_0028664,nv,nv,0.002655467,6.0414957e-05,auto_accept,low_unc_low_risk
ISIC_0031619,bkl,bkl,1.1973306,0.06423998,escalate,high_unc_low_risk
ISIC_0031904,nv,nv,0.041127484,0.008779345,auto_accept,low_unc_low_risk
ISIC_0029202,bkl,bkl,0.0365096,5.5526987e-05,auto_accept,low_unc_low_risk
ISIC_0029887,nv,nv,0.005872236,0.0001601996,auto_accept,low_unc_low_risk
ISIC_0030163,nv,nv,0.00075950037,1.7821803e-05,auto_accept,low_unc_low_risk
ISIC_0033181,nv,nv,0.08999714,3.847444e-06,auto_accept,low_unc_low_risk
ISIC_0029009,nv,nv,0.01757343,0.0002712226,auto_accept,low_unc_low_risk
ISIC_0025360,nv,nv,0.005904598,0.00024019153,auto_accept,low_unc_low_risk
ISIC_0029944,nv,nv,0.015510583,9.3358634e-05,auto_accept,low_unc_low_risk
ISIC_0029979,nv,nv,0.008480144,0.00047428877,auto_accept,low_unc_low_risk
ISIC_0025722,nv,nv,0.014036992,0.00022559932,auto_accept,low_unc_low_risk
ISIC_0026710,nv,nv,0.28502423,0.002985645,auto_accept,low_unc_low_risk
ISIC_0027855,nv,nv,0.1640112,0.0125024095,auto_accept,low_unc_low_risk
ISIC_0025788,nv,nv,0.07074572,0.0050047776,auto_accept,low_unc_low_risk
ISIC_0028953,nv,nv,0.015928226,0.00031126535,auto_accept,low_unc_low_risk
ISIC_0029661,nv,nv,0.70253146,0.0010443291,escalate,high_unc_low_risk
ISIC_0031576,nv,nv,0.010037699,0.0004776888,auto_accept,low_unc_low_risk
ISIC_0027890,nv,nv,0.004969451,0.0005195806,auto_accept,low_unc_low_risk
ISIC_0024855,nv,nv,0.013095049,0.00079365086,auto_accept,low_unc_low_risk
ISIC_0028245,nv,nv,0.03312881,0.00014187935,auto_accept,low_unc_low_risk
ISIC_0033798,nv,nv,0.01184682,0.0014210241,auto_accept,low_unc_low_risk
ISIC_0033409,nv,nv,0.048768524,0.0010917053,auto_accept,low_unc_low_risk
ISIC_0025434,bkl,bkl,0.0041912585,0.00014790107,auto_accept,low_unc_low_risk
ISIC_0027515,nv,nv,0.0049220463,9.668641e-07,auto_accept,low_unc_low_risk
ISIC_0033935,nv,mel,0.6891867,0.7155967,escalate,high_unc_low_risk
ISIC_0029859,mel,nv,0.023391226,0.0024679548,auto_accept,low_unc_low_risk
ISIC_0030174,nv,nv,0.38508645,0.14509833,auto_accept,low_unc_low_risk
ISIC_0031498,mel,mel,0.8050192,0.4989817,escalate,high_unc_low_risk
ISIC_0029094,mel,mel,0.7111307,0.6595468,escalate,high_unc_low_risk
ISIC_0031432,nv,nv,0.002393987,0.00032112165,auto_accept,low_unc_low_risk
ISIC_0032552,mel,mel,0.61755985,0.7529844,escalate,high_unc_low_risk
ISIC_0033942,mel,mel,0.013683671,0.9946273,auto_accept,low_unc_low_risk
ISIC_0029535,nv,nv,0.0068719867,3.6010682e-05,auto_accept,low_unc_low_risk
ISIC_0025793,bcc,bcc,0.14038196,0.981143,auto_accept,low_unc_low_risk
ISIC_0025704,nv,nv,0.0062926547,0.00011908739,auto_accept,low_unc_low_risk
ISIC_0030798,mel,mel,0.15982063,0.9335411,auto_accept,low_unc_low_risk
ISIC_0033558,nv,nv,0.005630179,6.861339e-05,auto_accept,low_unc_low_risk
ISIC_0025185,nv,nv,0.0028256415,0.0013119902,auto_accept,low_unc_low_risk
ISIC_0025304,nv,nv,0.011379883,0.00021060937,auto_accept,low_unc_low_risk
ISIC_0027148,nv,nv,0.029897097,0.0006564626,auto_accept,low_unc_low_risk
ISIC_0030144,nv,nv,0.6703446,0.15406474,escalate,high_unc_low_risk
ISIC_0028927,nv,nv,0.06171337,0.002846103,auto_accept,low_unc_low_risk
ISIC_0030234,nv,nv,0.00030883797,6.969086e-06,auto_accept,low_unc_low_risk
ISIC_0029738,nv,nv,0.00901902,0.00050979556,auto_accept,low_unc_low_risk
ISIC_0026635,nv,nv,0.012464374,0.00022354463,auto_accept,low_unc_low_risk
ISIC_0027448,nv,nv,0.036466263,0.004516614,auto_accept,low_unc_low_risk
ISIC_0028535,nv,nv,0.012959272,0.00019698414,auto_accept,low_unc_low_risk
ISIC_0025713,nv,nv,0.3562967,0.0128925955,auto_accept,low_unc_low_risk
ISIC_0033644,mel,mel,0.5557469,0.6200772,auto_accept,low_unc_low_risk
ISIC_0033438,bkl,bkl,0.03961466,6.171424e-05,auto_accept,low_unc_low_risk
ISIC_0026741,nv,nv,0.4504217,0.15829225,auto_accept,low_unc_low_risk
ISIC_0029528,nv,nv,0.9407789,0.000110678266,escalate,high_unc_low_risk
ISIC_0024729,mel,mel,0.26790312,0.9473759,auto_accept,low_unc_low_risk
ISIC_0031187,nv,nv,0.006246925,0.00054249587,auto_accept,low_unc_low_risk
ISIC_0033982,nv,nv,0.74873286,0.018336916,escalate,high_unc_low_risk
ISIC_0031366,nv,nv,0.112841256,0.02305056,auto_accept,low_unc_low_risk
ISIC_0025944,nv,nv,0.051203817,0.007199641,auto_accept,low_unc_low_risk
ISIC_0031675,nv,nv,0.0023156411,6.241532e-06,auto_accept,low_unc_low_risk
ISIC_0024509,nv,nv,0.00028133005,1.2242287e-05,auto_accept,low_unc_low_risk
ISIC_0024530,nv,nv,0.0057846364,0.0010185402,auto_accept,low_unc_low_risk
ISIC_0031096,nv,nv,0.0033324764,0.00012478062,auto_accept,low_unc_low_risk
ISIC_0027803,nv,nv,0.0011458199,1.9069485e-05,auto_accept,low_unc_low_risk
ISIC_0027997,nv,nv,0.0496001,0.0027870543,auto_accept,low_unc_low_risk
ISIC_0028725,nv,nv,0.011872031,7.893154e-05,auto_accept,low_unc_low_risk
ISIC_0029709,nv,nv,0.14764768,0.00014962525,auto_accept,low_unc_low_risk
ISIC_0029076,nv,nv,0.19903854,0.0012873883,auto_accept,low_unc_low_risk
ISIC_0028349,nv,nv,0.18437552,0.010436948,auto_accept,low_unc_low_risk
ISIC_0024924,nv,bkl,0.97259885,0.078580014,escalate,high_unc_low_risk
ISIC_0025204,nv,nv,0.012103638,0.00029155932,auto_accept,low_unc_low_risk
ISIC_0024824,nv,nv,0.07380302,0.022694923,auto_accept,low_unc_low_risk
ISIC_0033357,nv,nv,0.32420078,0.016628534,auto_accept,low_unc_low_risk
ISIC_0025623,bkl,bkl,0.044220425,0.0049507497,auto_accept,low_unc_low_risk
ISIC_0029303,nv,nv,0.70713276,0.0011608292,escalate,high_unc_low_risk
ISIC_0030395,nv,nv,0.07415379,0.0014552515,auto_accept,low_unc_low_risk
ISIC_0025119,nv,nv,0.10880276,0.0072992425,auto_accept,low_unc_low_risk
ISIC_0032341,nv,nv,0.3597259,0.010267279,auto_accept,low_unc_low_risk
ISIC_0032932,vasc,vasc,0.0057276594,0.0006361354,auto_accept,low_unc_low_risk
ISIC_0029027,nv,nv,0.056040347,0.0007083684,auto_accept,low_unc_low_risk
ISIC_0031297,nv,nv,0.033859283,0.00018347992,auto_accept,low_unc_low_risk
ISIC_0030843,mel,bkl,0.74172837,0.0057210466,escalate,high_unc_low_risk
ISIC_0027223,nv,nv,0.006575256,0.00026635878,auto_accept,low_unc_low_risk
ISIC_0026684,nv,nv,0.005455396,0.00044728557,auto_accept,low_unc_low_risk
ISIC_0024703,nv,nv,0.04377757,0.0002811071,auto_accept,low_unc_low_risk
ISIC_0029326,nv,nv,0.001924832,6.133406e-05,auto_accept,low_unc_low_risk
ISIC_0028509,nv,nv,0.019361107,0.0013965744,auto_accept,low_unc_low_risk
ISIC_0032052,nv,nv,0.5061217,0.00040084257,auto_accept,low_unc_low_risk
ISIC_0030974,nv,nv,0.014163183,0.0012486719,auto_accept,low_unc_low_risk
ISIC_0025167,nv,nv,0.07403299,0.00025313636,auto_accept,low_unc_low_risk
ISIC_0030950,mel,mel,0.007184687,0.9988205,auto_accept,low_unc_low_risk
ISIC_0026239,mel,mel,0.062471543,0.9865714,auto_accept,low_unc_low_risk
ISIC_0028112,nv,nv,0.048557673,0.015355166,auto_accept,low_unc_low_risk
ISIC_0028277,nv,nv,0.11937265,0.0010231403,auto_accept,low_unc_low_risk
ISIC_0030753,nv,nv,0.00026303908,1.706714e-06,auto_accept,low_unc_low_risk
ISIC_0033192,mel,nv,0.2773741,0.08501442,auto_accept,low_unc_low_risk
ISIC_0026636,nv,nv,0.12283346,0.0042832694,auto_accept,low_unc_low_risk
ISIC_0034102,nv,nv,0.06360661,0.0035425404,auto_accept,low_unc_low_risk
ISIC_0029450,nv,nv,0.34124607,0.12570575,auto_accept,low_unc_low_risk
ISIC_0025700,bcc,bkl,0.22552286,0.04482532,auto_accept,low_unc_low_risk
ISIC_0031579,nv,nv,0.028181627,0.001060222,auto_accept,low_unc_low_risk
ISIC_0031911,nv,nv,0.24402478,0.035445254,auto_accept,low_unc_low_risk
ISIC_0027461,nv,nv,0.030726407,0.0010844024,auto_accept,low_unc_low_risk
ISIC_0027703,nv,nv,0.29040116,0.0008781613,auto_accept,low_unc_low_risk
ISIC_0030288,nv,nv,0.019007597,0.00038694794,auto_accept,low_unc_low_risk
ISIC_0030356,mel,mel,0.1493028,0.9647875,auto_accept,low_unc_low_risk
ISIC_0027056,nv,nv,0.6213681,0.2190317,escalate,high_unc_low_risk
ISIC_0025766,mel,mel,0.027155135,0.9935783,auto_accept,low_unc_low_risk
ISIC_0030803,akiec,akiec,0.36757627,0.6652827,auto_accept,low_unc_low_risk
ISIC_0028055,nv,nv,0.005769763,0.0001407985,auto_accept,low_unc_low_risk
ISIC_0029878,bkl,bkl,0.39694566,0.0110955965,auto_accept,low_unc_low_risk
ISIC_0024606,nv,nv,0.006793614,0.00023898335,auto_accept,low_unc_low_risk
ISIC_0025479,nv,nv,0.0031533418,7.684903e-05,auto_accept,low_unc_low_risk
ISIC_0026552,nv,nv,0.15599316,0.036833208,auto_accept,low_unc_low_risk
ISIC_0033688,nv,nv,0.08815145,0.0035408004,auto_accept,low_unc_low_risk
ISIC_0030989,nv,nv,0.02140205,0.0005969242,auto_accept,low_unc_low_risk
ISIC_0032649,nv,nv,0.13585761,0.009079283,auto_accept,low_unc_low_risk
ISIC_0030888,nv,nv,0.2512233,0.010441119,auto_accept,low_unc_low_risk
ISIC_0026914,nv,nv,0.51958644,3.703022e-05,auto_accept,low_unc_low_risk
ISIC_0024693,nv,df,0.06820117,0.008178742,auto_accept,low_unc_low_risk
ISIC_0030025,nv,nv,0.07471356,0.0011268123,auto_accept,low_unc_low_risk
ISIC_0029883,nv,nv,0.6076841,0.00042615688,escalate,high_unc_low_risk
ISIC_0031229,nv,nv,0.05524015,0.0003568296,auto_accept,low_unc_low_risk
ISIC_0031260,nv,nv,0.000531973,2.1921986e-05,auto_accept,low_unc_low_risk
ISIC_0027735,bkl,mel,0.19272283,0.9166329,auto_accept,low_unc_low_risk
ISIC_0026413,nv,nv,0.012207536,0.000985027,auto_accept,low_unc_low_risk
ISIC_0033253,nv,mel,0.7480773,0.29651356,escalate,high_unc_low_risk
ISIC_0030774,nv,nv,0.15889716,0.00089825643,auto_accept,low_unc_low_risk
ISIC_0033950,nv,nv,0.010080093,0.0002110826,auto_accept,low_unc_low_risk
ISIC_0029030,nv,nv,0.13196091,0.005753494,auto_accept,low_unc_low_risk
ISIC_0024545,mel,mel,0.05026071,0.98778313,auto_accept,low_unc_low_risk
ISIC_0029799,nv,nv,0.022051843,2.9940076e-05,auto_accept,low_unc_low_risk
ISIC_0028108,nv,nv,0.07994372,0.00044290128,auto_accept,low_unc_low_risk
ISIC_0026137,nv,nv,0.23171201,0.009568217,auto_accept,low_unc_low_risk
ISIC_0029952,nv,nv,0.011637791,7.2275776e-05,auto_accept,low_unc_low_risk
ISIC_0026457,akiec,akiec,0.48534438,0.9885621,auto_accept,low_unc_low_risk
ISIC_0024343,nv,nv,0.011114334,0.0010699762,auto_accept,low_unc_low_risk
ISIC_0033332,nv,nv,7.353605e-05,3.5596308e-08,auto_accept,low_unc_low_risk
ISIC_0032566,nv,nv,0.97260326,0.21024121,escalate,high_unc_low_risk
ISIC_0027494,nv,nv,0.004785301,7.0225666e-05,auto_accept,low_unc_low_risk
ISIC_0029751,nv,nv,0.040434703,0.00048490058,auto_accept,low_unc_low_risk
ISIC_0026582,nv,nv,0.14151311,0.0002797913,auto_accept,low_unc_low_risk
ISIC_0027391,nv,nv,0.0007322418,5.2760137e-05,auto_accept,low_unc_low_risk
ISIC_0028225,mel,mel,0.057681587,0.98740107,auto_accept,low_unc_low_risk
ISIC_0027471,nv,mel,0.138098,0.96023434,auto_accept,low_unc_low_risk
ISIC_0029977,nv,nv,0.04136651,0.0037874,auto_accept,low_unc_low_risk
ISIC_0028459,nv,nv,0.06928873,0.00047809194,auto_accept,low_unc_low_risk
ISIC_0029702,nv,nv,0.41158876,0.08479094,auto_accept,low_unc_low_risk
ISIC_0028902,nv,nv,0.011950306,0.0005447039,auto_accept,low_unc_low_risk
ISIC_0027292,nv,nv,0.036886927,0.0046199984,auto_accept,low_unc_low_risk
ISIC_0032858,nv,nv,0.0028082212,0.0001131778,auto_accept,low_unc_low_risk
ISIC_0032435,nv,nv,0.03205628,0.0043359464,auto_accept,low_unc_low_risk
ISIC_0033331,nv,nv,0.15469632,0.014921495,auto_accept,low_unc_low_risk
ISIC_0026780,nv,nv,0.09724638,0.0012301109,auto_accept,low_unc_low_risk
ISIC_0025811,akiec,akiec,0.026583744,0.99780947,auto_accept,low_unc_low_risk
ISIC_0025652,nv,nv,0.009892831,1.5792505e-06,auto_accept,low_unc_low_risk
ISIC_0028916,mel,mel,0.19971417,0.93799645,auto_accept,low_unc_low_risk
ISIC_0033071,nv,nv,0.44029564,0.06466841,auto_accept,low_unc_low_risk
ISIC_0026835,bkl,bkl,0.96310556,0.31855327,escalate,high_unc_low_risk
ISIC_0027059,nv,nv,0.094803646,0.0004803009,auto_accept,low_unc_low_risk
ISIC_0028488,nv,nv,0.04282807,0.0005303798,auto_accept,low_unc_low_risk
ISIC_0024322,nv,nv,0.004874336,5.9192075e-06,auto_accept,low_unc_low_risk
ISIC_0028839,nv,nv,0.003633301,9.069681e-05,auto_accept,low_unc_low_risk
ISIC_0031569,bcc,bcc,0.18117416,0.8052998,auto_accept,low_unc_low_risk
ISIC_0024611,nv,nv,0.0006147933,1.7790866e-05,auto_accept,low_unc_low_risk
ISIC_0032889,nv,nv,0.028686084,0.012779199,auto_accept,low_unc_low_risk
ISIC_0034041,nv,nv,0.0828392,0.015700642,auto_accept,low_unc_low_risk
ISIC_0029806,nv,nv,0.009860561,0.001028109,auto_accept,low_unc_low_risk
ISIC_0026064,nv,nv,0.020248925,4.824819e-05,auto_accept,low_unc_low_risk
ISIC_0029507,nv,nv,0.0021792415,0.00014545576,auto_accept,low_unc_low_risk
ISIC_0030775,nv,nv,0.0007390403,9.398061e-06,auto_accept,low_unc_low_risk
ISIC_0033375,nv,nv,0.0016896654,3.8438466e-07,auto_accept,low_unc_low_risk
ISIC_0029414,nv,nv,0.0016883287,1.3426208e-05,auto_accept,low_unc_low_risk
ISIC_0025159,nv,nv,0.006060378,5.4708828e-05,auto_accept,low_unc_low_risk
ISIC_0026851,nv,nv,0.004631198,6.667398e-05,auto_accept,low_unc_low_risk
ISIC_0025107,nv,nv,0.15347293,0.00083933194,auto_accept,low_unc_low_risk
ISIC_0024425,nv,nv,0.087641716,0.00017981954,auto_accept,low_unc_low_risk
ISIC_0031029,bkl,nv,0.80104256,0.091246985,escalate,high_unc_low_risk
ISIC_0028539,nv,nv,0.13519034,4.7114932e-05,auto_accept,low_unc_low_risk
ISIC_0030042,nv,nv,0.015134964,0.0024997962,auto_accept,low_unc_low_risk
ISIC_0029106,nv,nv,0.0155790895,0.00040155472,auto_accept,low_unc_low_risk
ISIC_0024959,nv,nv,0.0056602764,0.0005260903,auto_accept,low_unc_low_risk
ISIC_0025823,nv,nv,0.00018573937,6.496621e-07,auto_accept,low_unc_low_risk
ISIC_0030396,bkl,bkl,0.057601526,0.016210496,auto_accept,low_unc_low_risk
ISIC_0029718,nv,nv,0.22720146,0.053521976,auto_accept,low_unc_low_risk
ISIC_0027655,nv,nv,0.21465997,9.14278e-05,auto_accept,low_unc_low_risk
ISIC_0026200,nv,nv,0.14344504,3.3730093e-06,auto_accept,low_unc_low_risk
ISIC_0033107,nv,nv,0.062595926,0.0053091724,auto_accept,low_unc_low_risk
ISIC_0029937,mel,nv,0.65073127,0.0012302165,escalate,high_unc_low_risk
ISIC_0029539,bcc,bcc,0.00277479,0.9963084,auto_accept,low_unc_low_risk
ISIC_0025296,nv,nv,0.001053871,3.3025197e-05,auto_accept,low_unc_low_risk
ISIC_0033564,nv,nv,0.054177344,0.0041123484,auto_accept,low_unc_low_risk
ISIC_0031859,nv,nv,0.015032707,0.00085117255,auto_accept,low_unc_low_risk
ISIC_0024921,nv,nv,0.24180016,0.0017632111,auto_accept,low_unc_low_risk
ISIC_0030887,nv,nv,0.010945815,0.0008953604,auto_accept,low_unc_low_risk
ISIC_0030568,nv,nv,0.020791873,0.0014993136,auto_accept,low_unc_low_risk
ISIC_0028293,nv,nv,0.23469108,0.0648726,auto_accept,low_unc_low_risk
ISIC_0025950,nv,nv,0.029658832,0.0043062316,auto_accept,low_unc_low_risk
ISIC_0025614,nv,nv,0.045008052,0.005539321,auto_accept,low_unc_low_risk
ISIC_0033163,nv,mel,0.39602646,0.9187385,auto_accept,low_unc_low_risk
ISIC_0027305,nv,nv,0.025505204,0.0012312979,auto_accept,low_unc_low_risk
ISIC_0032705,nv,nv,0.023870127,0.0023915307,auto_accept,low_unc_low_risk
ISIC_0026711,nv,nv,0.68713844,0.33128104,escalate,high_unc_low_risk
ISIC_0025628,vasc,vasc,0.0010351097,0.0010107307,auto_accept,low_unc_low_risk
ISIC_0031909,nv,nv,0.00758813,8.4845175e-05,auto_accept,low_unc_low_risk
ISIC_0032035,nv,nv,0.089206435,0.00975195,auto_accept,low_unc_low_risk
ISIC_0033650,nv,nv,0.0001953286,3.706988e-06,auto_accept,low_unc_low_risk
ISIC_0027685,nv,nv,0.0018758323,0.00012033574,auto_accept,low_unc_low_risk
ISIC_0031365,nv,nv,0.02740726,8.538753e-06,auto_accept,low_unc_low_risk
ISIC_0031339,mel,mel,0.05552597,0.99057394,auto_accept,low_unc_low_risk
ISIC_0031548,nv,nv,0.051334936,0.00014409119,auto_accept,low_unc_low_risk
ISIC_0032473,nv,nv,0.01749987,8.007266e-06,auto_accept,low_unc_low_risk
ISIC_0024465,nv,nv,0.028965108,0.0002069737,auto_accept,low_unc_low_risk
ISIC_0033683,nv,nv,0.19560295,0.06800913,auto_accept,low_unc_low_risk
ISIC_0026518,nv,nv,0.1440662,0.03546973,auto_accept,low_unc_low_risk
ISIC_0033944,nv,mel,0.6534253,0.57287955,escalate,high_unc_low_risk
ISIC_0028546,nv,nv,0.7106929,4.4949426e-05,escalate,high_unc_low_risk
ISIC_0030916,nv,nv,0.0014451089,0.00013705269,auto_accept,low_unc_low_risk
ISIC_0034128,nv,nv,0.09349013,0.00053925853,auto_accept,low_unc_low_risk
ISIC_0025717,nv,nv,0.021425024,0.00232782,auto_accept,low_unc_low_risk
ISIC_0031733,nv,vasc,0.34397554,0.0011194913,auto_accept,low_unc_low_risk
ISIC_0024965,nv,nv,0.011113573,0.002401155,auto_accept,low_unc_low_risk
ISIC_0033231,nv,nv,0.6659001,0.16336179,escalate,high_unc_low_risk
ISIC_0029066,nv,nv,0.048329297,1.6502457e-06,auto_accept,low_unc_low_risk
ISIC_0027555,nv,nv,0.004416458,0.0003753917,auto_accept,low_unc_low_risk
ISIC_0033770,bkl,bkl,0.05910518,0.0064495197,auto_accept,low_unc_low_risk
ISIC_0033544,nv,nv,0.006524162,0.00022731542,auto_accept,low_unc_low_risk
ISIC_0025574,nv,nv,0.00013954687,1.2828007e-06,auto_accept,low_unc_low_risk
ISIC_0033167,nv,nv,0.134315,0.01884976,auto_accept,low_unc_low_risk
ISIC_0030438,nv,nv,0.013520334,0.0010887401,auto_accept,low_unc_low_risk
ISIC_0027787,nv,nv,0.05775267,0.00010507638,auto_accept,low_unc_low_risk
ISIC_0030029,nv,nv,0.011364702,4.21301e-05,auto_accept,low_unc_low_risk
ISIC_0029171,nv,nv,0.09182031,0.0004688782,auto_accept,low_unc_low_risk
ISIC_0025964,mel,nv,0.1655085,0.008347177,auto_accept,low_unc_low_risk
ISIC_0033269,mel,mel,0.015226848,0.9955265,auto_accept,low_unc_low_risk
ISIC_0029897,bkl,bkl,0.00043497948,2.4611028e-05,auto_accept,low_unc_low_risk
ISIC_0033727,nv,nv,0.61116683,0.035834283,escalate,high_unc_low_risk
ISIC_0025137,nv,nv,0.00020307858,1.0665544e-05,auto_accept,low_unc_low_risk
ISIC_0026581,nv,nv,0.049487382,0.00076932483,auto_accept,low_unc_low_risk
ISIC_0024367,mel,nv,0.9265208,0.07387411,escalate,high_unc_low_risk
ISIC_0024989,nv,nv,0.023325287,0.0019651328,auto_accept,low_unc_low_risk
ISIC_0032724,mel,mel,0.025312368,0.99133897,auto_accept,low_unc_low_risk
ISIC_0030045,nv,nv,0.001195418,4.4560948e-05,auto_accept,low_unc_low_risk
ISIC_0033951,nv,nv,0.28574583,0.07489657,auto_accept,low_unc_low_risk
ISIC_0034096,nv,nv,0.2887344,0.05091804,auto_accept,low_unc_low_risk
ISIC_0032537,mel,mel,0.1295604,0.96152395,auto_accept,low_unc_low_risk
ISIC_0030864,nv,nv,0.108002126,0.001820592,auto_accept,low_unc_low_risk
ISIC_0025333,nv,nv,0.020220675,0.00092337065,auto_accept,low_unc_low_risk
ISIC_0030743,nv,nv,0.38201675,0.023673601,auto_accept,low_unc_low_risk
ISIC_0028896,nv,nv,0.027574236,0.00012541379,auto_accept,low_unc_low_risk
ISIC_0025442,nv,nv,0.017091876,0.0023246172,auto_accept,low_unc_low_risk
ISIC_0029601,nv,nv,0.11961917,0.020257406,auto_accept,low_unc_low_risk
ISIC_0030675,nv,nv,0.4434323,0.00058541546,auto_accept,low_unc_low_risk
ISIC_0034195,nv,nv,0.062175784,0.011345085,auto_accept,low_unc_low_risk
ISIC_0028419,bcc,bcc,0.013681766,0.99841964,auto_accept,low_unc_low_risk
ISIC_0027329,nv,nv,0.0010092255,1.32541845e-05,auto_accept,low_unc_low_risk
ISIC_0027172,akiec,akiec,0.778304,0.9946037,escalate,high_unc_low_risk
ISIC_0028286,nv,nv,0.0012908571,1.9536279e-05,auto_accept,low_unc_low_risk
ISIC_0028034,nv,nv,0.024804477,7.103491e-05,auto_accept,low_unc_low_risk
ISIC_0031704,nv,nv,0.0044583566,1.8640278e-05,auto_accept,low_unc_low_risk
ISIC_0031768,nv,nv,0.014853134,1.7073005e-05,auto_accept,low_unc_low_risk
ISIC_0029118,nv,nv,0.35212898,0.020027611,auto_accept,low_unc_low_risk
ISIC_0031701,nv,nv,0.003563693,0.0005078173,auto_accept,low_unc_low_risk
ISIC_0028437,nv,nv,0.003190657,0.0001971416,auto_accept,low_unc_low_risk
ISIC_0028001,nv,nv,0.019003345,0.000611405,auto_accept,low_unc_low_risk
ISIC_0027874,nv,nv,0.05286656,0.0034536514,auto_accept,low_unc_low_risk
ISIC_0028529,nv,nv,0.051538724,0.0010567227,auto_accept,low_unc_low_risk
ISIC_0030959,bkl,bkl,0.28390115,3.7601578e-05,auto_accept,low_unc_low_risk
ISIC_0029124,nv,nv,0.0058574136,0.00033840854,auto_accept,low_unc_low_risk
ISIC_0026644,bkl,bkl,0.018856984,0.0012242257,auto_accept,low_unc_low_risk
ISIC_0024587,nv,nv,0.0041281297,8.842805e-05,auto_accept,low_unc_low_risk
ISIC_0027550,akiec,mel,0.08527578,0.977472,auto_accept,low_unc_low_risk
ISIC_0031671,nv,nv,0.06847285,0.0011158007,auto_accept,low_unc_low_risk
ISIC_0025444,nv,nv,0.21613815,0.0069973287,auto_accept,low_unc_low_risk
ISIC_0030863,nv,nv,0.049376156,0.0024918483,auto_accept,low_unc_low_risk
ISIC_0025378,bkl,bkl,0.0062575336,0.0005957227,auto_accept,low_unc_low_risk
ISIC_0034060,nv,nv,0.10252097,0.016812505,auto_accept,low_unc_low_risk
ISIC_0026410,nv,nv,0.030360555,0.0007785481,auto_accept,low_unc_low_risk
ISIC_0032393,nv,nv,0.008330094,0.0009156251,auto_accept,low_unc_low_risk
ISIC_0027252,nv,nv,0.005513254,9.136617e-05,auto_accept,low_unc_low_risk
ISIC_0024686,nv,nv,0.0023786898,9.4463525e-05,auto_accept,low_unc_low_risk
ISIC_0027466,nv,nv,0.7741195,0.17463838,escalate,high_unc_low_risk
ISIC_0025405,nv,nv,0.00923755,0.00022607864,auto_accept,low_unc_low_risk
ISIC_0030736,nv,nv,0.0053189564,0.000105072075,auto_accept,low_unc_low_risk
ISIC_0024415,nv,nv,0.04412384,0.0032247857,auto_accept,low_unc_low_risk
ISIC_0025180,bkl,nv,0.25245553,1.2844448e-06,auto_accept,low_unc_low_risk
ISIC_0032951,nv,nv,0.03165235,7.100965e-05,auto_accept,low_unc_low_risk
ISIC_0027296,nv,nv,0.041221205,0.003572306,auto_accept,low_unc_low_risk
ISIC_0029423,nv,nv,0.016932137,0.00043531795,auto_accept,low_unc_low_risk
ISIC_0026858,nv,nv,0.008212454,0.00015451184,auto_accept,low_unc_low_risk
ISIC_0029530,nv,mel,0.92215395,0.3812718,escalate,high_unc_low_risk
ISIC_0032510,nv,nv,0.03953043,0.004656465,auto_accept,low_unc_low_risk
ISIC_0032579,nv,nv,0.43274224,0.09600399,auto_accept,low_unc_low_risk
ISIC_0032758,nv,nv,0.25522006,0.00027436417,auto_accept,low_unc_low_risk
ISIC_0032328,nv,nv,0.3350958,0.078688584,auto_accept,low_unc_low_risk
ISIC_0027653,nv,nv,0.021218508,0.014587534,auto_accept,low_unc_low_risk
ISIC_0025291,nv,nv,0.0034618962,2.793252e-05,auto_accept,low_unc_low_risk
ISIC_0028037,nv,nv,0.0029255815,5.2044794e-05,auto_accept,low_unc_low_risk
ISIC_0026324,bcc,bcc,0.4304416,0.9978067,auto_accept,low_unc_low_risk
ISIC_0032581,nv,nv,0.0003463539,1.0482065e-06,auto_accept,low_unc_low_risk
ISIC_0026193,nv,nv,0.00302077,0.00019352771,auto_accept,low_unc_low_risk
ISIC_0027265,nv,nv,0.088533826,0.00026469474,auto_accept,low_unc_low_risk
ISIC_0032083,nv,nv,0.10665396,0.012943822,auto_accept,low_unc_low_risk
ISIC_0028875,nv,nv,0.003466701,0.000221594,auto_accept,low_unc_low_risk
ISIC_0026048,nv,nv,0.76631826,0.051607035,escalate,high_unc_low_risk
ISIC_0031164,nv,nv,0.032609604,5.9228474e-05,auto_accept,low_unc_low_risk
ISIC_0026534,nv,nv,0.01177128,0.0002731989,auto_accept,low_unc_low_risk
ISIC_0024384,nv,nv,0.0015768289,2.9262832e-05,auto_accept,low_unc_low_risk
ISIC_0026270,nv,nv,0.082625836,0.011104422,auto_accept,low_unc_low_risk
ISIC_0024529,nv,nv,0.01110047,3.1421057e-06,auto_accept,low_unc_low_risk
ISIC_0029796,nv,nv,0.06767758,0.00048051428,auto_accept,low_unc_low_risk
ISIC_0032838,nv,nv,0.2013792,0.045298673,auto_accept,low_unc_low_risk
ISIC_0032765,nv,bkl,0.5939602,0.00080771954,escalate,high_unc_low_risk
ISIC_0028314,akiec,akiec,0.032460146,0.9961373,auto_accept,low_unc_low_risk
ISIC_0032094,nv,nv,0.005275618,5.2998705e-05,auto_accept,low_unc_low_risk
ISIC_0032049,nv,nv,0.010289114,3.1525593e-05,auto_accept,low_unc_low_risk
ISIC_0033923,nv,nv,0.04660441,0.012418147,auto_accept,low_unc_low_risk
ISIC_0024638,nv,nv,0.020943765,8.567111e-05,auto_accept,low_unc_low_risk
ISIC_0029884,mel,mel,0.036321364,0.9847513,auto_accept,low_unc_low_risk
ISIC_0027346,nv,nv,0.49002433,0.0043796515,auto_accept,low_unc_low_risk
ISIC_0026937,nv,nv,0.02543084,8.86621e-05,auto_accept,low_unc_low_risk
ISIC_0025654,bkl,bkl,0.0058326847,6.722546e-05,auto_accept,low_unc_low_risk
ISIC_0026755,nv,nv,0.11608912,0.0005839025,auto_accept,low_unc_low_risk
ISIC_0025424,nv,nv,0.12908214,0.03027173,auto_accept,low_unc_low_risk
ISIC_0027717,nv,nv,0.009645036,0.00020302375,auto_accept,low_unc_low_risk
ISIC_0026669,nv,nv,0.041199498,0.0011223509,auto_accept,low_unc_low_risk
ISIC_0033787,nv,nv,1.1207194,0.10961544,escalate,high_unc_low_risk
ISIC_0026520,nv,nv,0.021510279,0.0030545143,auto_accept,low_unc_low_risk
ISIC_0032389,mel,mel,0.019077437,0.99612564,auto_accept,low_unc_low_risk
ISIC_0025606,vasc,nv,0.9595248,0.041204344,escalate,high_unc_low_risk
ISIC_0032623,nv,nv,0.6805851,0.3875138,escalate,high_unc_low_risk
ISIC_0025259,nv,nv,0.048131555,0.0055874106,auto_accept,low_unc_low_risk
ISIC_0026037,nv,nv,0.2619654,0.0015008593,auto_accept,low_unc_low_risk
ISIC_0034166,nv,nv,0.0005220915,2.5766604e-07,auto_accept,low_unc_low_risk
ISIC_0027836,nv,nv,0.02621073,0.0011519908,auto_accept,low_unc_low_risk
ISIC_0025211,nv,nv,0.006299384,0.00026294257,auto_accept,low_unc_low_risk
ISIC_0025502,nv,nv,0.05213381,0.0054082978,auto_accept,low_unc_low_risk
ISIC_0032177,nv,nv,0.014947521,0.00016334753,auto_accept,low_unc_low_risk
ISIC_0024502,nv,nv,0.044882048,0.0016434187,auto_accept,low_unc_low_risk
ISIC_0029963,nv,nv,0.00032881935,3.1328334e-06,auto_accept,low_unc_low_risk
ISIC_0026771,nv,nv,0.010050405,6.3282816e-05,auto_accept,low_unc_low_risk
ISIC_0030124,bkl,nv,0.40764353,0.0023603567,auto_accept,low_unc_low_risk
ISIC_0027115,nv,nv,0.040966358,0.0006807243,auto_accept,low_unc_low_risk
ISIC_0032460,bkl,bkl,0.5768776,0.00050438783,escalate,high_unc_low_risk
ISIC_0025627,bkl,bkl,0.12004957,0.03932518,auto_accept,low_unc_low_risk
ISIC_0027166,nv,nv,0.012352722,0.00029576954,auto_accept,low_unc_low_risk
ISIC_0025744,mel,mel,0.63850975,0.77817136,escalate,high_unc_low_risk
ISIC_0030292,nv,nv,0.051426537,0.0017911104,auto_accept,low_unc_low_risk
ISIC_0029103,nv,nv,0.018298864,5.02988e-05,auto_accept,low_unc_low_risk
ISIC_0030342,nv,nv,0.002757274,3.212444e-05,auto_accept,low_unc_low_risk
ISIC_0029736,nv,nv,0.31879053,0.06456711,auto_accept,low_unc_low_risk
ISIC_0032815,nv,nv,0.2755711,0.053294387,auto_accept,low_unc_low_risk
ISIC_0028077,nv,nv,0.0059199315,6.8937385e-05,auto_accept,low_unc_low_risk
ISIC_0025459,nv,nv,0.009559419,0.0001412988,auto_accept,low_unc_low_risk
ISIC_0024655,nv,nv,0.07346799,3.466303e-05,auto_accept,low_unc_low_risk
ISIC_0027698,nv,nv,0.01253647,0.0011789874,auto_accept,low_unc_low_risk
ISIC_0029380,nv,nv,0.0027410015,0.00013945578,auto_accept,low_unc_low_risk
ISIC_0029928,nv,nv,0.00292271,8.80181e-05,auto_accept,low_unc_low_risk
ISIC_0032650,nv,nv,0.006066035,0.00025996083,auto_accept,low_unc_low_risk
ISIC_0024847,nv,nv,0.05616647,0.006667242,auto_accept,low_unc_low_risk
ISIC_0032254,nv,nv,0.17056704,1.7107068e-05,auto_accept,low_unc_low_risk
ISIC_0030412,nv,nv,0.0063354517,0.00022265952,auto_accept,low_unc_low_risk
ISIC_0024660,nv,nv,0.012680772,2.2181954e-05,auto_accept,low_unc_low_risk
ISIC_0027456,nv,nv,0.03980412,8.342751e-05,auto_accept,low_unc_low_risk
ISIC_0032863,bkl,bkl,0.27340057,0.0018784256,auto_accept,low_unc_low_risk
ISIC_0027830,nv,nv,0.07049612,0.00056188996,auto_accept,low_unc_low_risk
ISIC_0030331,nv,nv,0.003195668,3.3158023e-05,auto_accept,low_unc_low_risk
ISIC_0033613,bkl,bkl,0.007358676,0.0007329478,auto_accept,low_unc_low_risk
ISIC_0025342,nv,nv,0.561193,0.06180756,auto_accept,low_unc_low_risk
ISIC_0028837,nv,nv,0.02096322,0.00062486745,auto_accept,low_unc_low_risk
ISIC_0028951,nv,nv,0.46446556,0.14188583,auto_accept,low_unc_low_risk
ISIC_0033806,mel,mel,0.6414249,0.58215725,escalate,high_unc_low_risk
ISIC_0027669,mel,mel,0.03584135,0.9888392,auto_accept,low_unc_low_risk
ISIC_0024386,df,df,2.7313092e-05,8.584563e-05,auto_accept,low_unc_low_risk
ISIC_0031175,bcc,bcc,0.0058355792,0.99428314,auto_accept,low_unc_low_risk
ISIC_0025853,nv,nv,0.061622154,0.009879278,auto_accept,low_unc_low_risk
ISIC_0034114,nv,nv,0.0057495725,0.00017804113,auto_accept,low_unc_low_risk
ISIC_0033602,nv,nv,0.0060301847,0.00020923729,auto_accept,low_unc_low_risk
ISIC_0025386,nv,nv,0.058782812,0.0145581225,auto_accept,low_unc_low_risk
ISIC_0033855,bkl,bkl,0.023374364,0.0002638829,auto_accept,low_unc_low_risk
ISIC_0032141,nv,nv,0.010759061,0.00095827127,auto_accept,low_unc_low_risk
ISIC_0027186,nv,nv,0.2431792,0.0008908233,auto_accept,low_unc_low_risk
ISIC_0030689,mel,bkl,0.7438589,0.16107002,escalate,high_unc_low_risk
ISIC_0031403,nv,nv,0.0085845925,0.00033571417,auto_accept,low_unc_low_risk
ISIC_0027994,nv,nv,0.12783882,0.0022964168,auto_accept,low_unc_low_risk
ISIC_0033260,bkl,bkl,0.28770933,0.0010352983,auto_accept,low_unc_low_risk
ISIC_0030809,nv,nv,0.32674798,0.0028380826,auto_accept,low_unc_low_risk
ISIC_0024757,nv,nv,0.04879676,0.0041360436,auto_accept,low_unc_low_risk
ISIC_0032228,nv,nv,0.00013350706,2.7297015e-06,auto_accept,low_unc_low_risk
ISIC_0024317,nv,nv,0.0034451715,0.00015683363,auto_accept,low_unc_low_risk
ISIC_0027999,nv,nv,0.013575024,0.00040932003,auto_accept,low_unc_low_risk
ISIC_0032122,nv,nv,0.10710184,0.014989867,auto_accept,low_unc_low_risk
ISIC_0030493,nv,nv,0.043499183,0.0068367766,auto_accept,low_unc_low_risk
ISIC_0032747,nv,nv,0.16970938,0.022367794,auto_accept,low_unc_low_risk
ISIC_0024790,nv,mel,0.6126681,0.71388966,escalate,high_unc_low_risk
ISIC_0032664,nv,nv,0.070547946,0.00016832471,auto_accept,low_unc_low_risk
ISIC_0028500,nv,nv,0.055245675,0.003668293,auto_accept,low_unc_low_risk
ISIC_0031611,nv,nv,0.054317024,0.0010579283,auto_accept,low_unc_low_risk
ISIC_0030619,nv,nv,0.05901115,0.00057530025,auto_accept,low_unc_low_risk
ISIC_0028375,nv,nv,0.0354447,0.0012443591,auto_accept,low_unc_low_risk
ISIC_0032429,bcc,bcc,0.045567676,0.96255136,auto_accept,low_unc_low_risk
ISIC_0028088,nv,nv,0.021841949,1.9516501e-05,auto_accept,low_unc_low_risk
ISIC_0033530,nv,nv,0.4181507,0.116128445,auto_accept,low_unc_low_risk
ISIC_0031457,df,df,0.009878275,0.0011532985,auto_accept,low_unc_low_risk
ISIC_0027462,nv,nv,0.05309612,0.012187874,auto_accept,low_unc_low_risk
ISIC_0028898,mel,bkl,0.7767666,0.011159536,escalate,high_unc_low_risk
ISIC_0024603,nv,nv,0.002380135,9.2254355e-05,auto_accept,low_unc_low_risk
ISIC_0032062,nv,nv,0.0137593355,0.0005003921,auto_accept,low_unc_low_risk
ISIC_0025541,nv,nv,0.24518472,0.064435564,auto_accept,low_unc_low_risk
ISIC_0033879,nv,nv,0.0013388871,1.27461635e-05,auto_accept,low_unc_low_risk
ISIC_0031482,nv,nv,0.6234572,6.6378793e-06,escalate,high_unc_low_risk
ISIC_0024374,nv,nv,0.07353805,0.00010057829,auto_accept,low_unc_low_risk
ISIC_0032433,mel,mel,0.03372494,0.9865659,auto_accept,low_unc_low_risk
ISIC_0025843,nv,nv,0.032563638,0.0002859647,auto_accept,low_unc_low_risk
ISIC_0032370,nv,nv,0.013594481,0.00019974436,auto_accept,low_unc_low_risk
ISIC_0034165,bkl,mel,0.19841957,0.86503434,auto_accept,low_unc_low_risk
ISIC_0026119,nv,nv,0.016931428,0.00015026907,auto_accept,low_unc_low_risk
ISIC_0025689,nv,nv,0.44695616,0.0032168252,auto_accept,low_unc_low_risk
ISIC_0029004,nv,nv,0.011000201,3.5893016e-05,auto_accept,low_unc_low_risk
ISIC_0026806,nv,nv,0.67891914,0.1091704,escalate,high_unc_low_risk
ISIC_0027408,nv,nv,0.051958483,0.0034424083,auto_accept,low_unc_low_risk
ISIC_0030470,nv,nv,0.027417587,3.5357734e-05,auto_accept,low_unc_low_risk
ISIC_0029373,nv,nv,0.0069659906,5.8637044e-05,auto_accept,low_unc_low_risk
ISIC_0034288,nv,nv,0.13819928,0.029922832,auto_accept,low_unc_low_risk
ISIC_0027405,nv,nv,0.0011628326,2.1966373e-06,auto_accept,low_unc_low_risk
ISIC_0029186,nv,nv,0.035502873,0.006339819,auto_accept,low_unc_low_risk
ISIC_0028242,nv,nv,0.0014841483,4.0859613e-05,auto_accept,low_unc_low_risk
ISIC_0029389,nv,nv,0.41623414,0.003194625,auto_accept,low_unc_low_risk
ISIC_0029743,nv,nv,0.00056996295,5.986246e-06,auto_accept,low_unc_low_risk
ISIC_0032066,nv,nv,0.073249154,0.0007471802,auto_accept,low_unc_low_risk
ISIC_0026079,nv,nv,0.014257233,8.401855e-05,auto_accept,low_unc_low_risk
ISIC_0033555,nv,bkl,0.752072,0.0066640717,escalate,high_unc_low_risk
ISIC_0030430,nv,nv,3.901929e-05,2.8221191e-07,auto_accept,low_unc_low_risk
ISIC_0033955,nv,df,0.055296995,0.004306876,auto_accept,low_unc_low_risk
ISIC_0024593,nv,nv,0.16108628,0.03849647,auto_accept,low_unc_low_risk
ISIC_0033930,nv,nv,0.045316063,0.011880603,auto_accept,low_unc_low_risk
ISIC_0033290,nv,nv,0.06643576,5.820373e-05,auto_accept,low_unc_low_risk
ISIC_0030298,nv,nv,0.0016328724,2.5931402e-05,auto_accept,low_unc_low_risk
ISIC_0029740,mel,mel,0.27368432,0.9162061,auto_accept,low_unc_low_risk
ISIC_0029064,nv,nv,0.05031309,0.0003538096,auto_accept,low_unc_low_risk
ISIC_0024928,nv,nv,0.20267746,0.06426589,auto_accept,low_unc_low_risk
ISIC_0025150,nv,nv,0.010130825,6.664435e-05,auto_accept,low_unc_low_risk
ISIC_0028536,nv,nv,0.0021480871,2.7530268e-06,auto_accept,low_unc_low_risk
ISIC_0027810,nv,nv,0.007411419,0.0011142583,auto_accept,low_unc_low_risk
ISIC_0028228,mel,mel,0.27371618,0.90392965,auto_accept,low_unc_low_risk
ISIC_0027105,mel,mel,0.12018158,0.96288645,auto_accept,low_unc_low_risk
ISIC_0024927,nv,nv,0.0006783234,3.7475424e-05,auto_accept,low_unc_low_risk
ISIC_0034174,nv,nv,0.0052912417,0.000264289,auto_accept,low_unc_low_risk
ISIC_0033886,mel,mel,0.09011164,0.97368956,auto_accept,low_unc_low_risk
ISIC_0026211,nv,nv,0.010783363,5.338314e-05,auto_accept,low_unc_low_risk
ISIC_0031319,nv,nv,0.14375547,0.018572617,auto_accept,low_unc_low_risk
ISIC_0030256,nv,nv,0.068310216,0.00070173695,auto_accept,low_unc_low_risk
ISIC_0027939,nv,nv,0.08972541,0.0015778181,auto_accept,low_unc_low_risk
ISIC_0032769,nv,nv,0.20767772,0.014261273,auto_accept,low_unc_low_risk
ISIC_0025415,nv,nv,0.0013440062,0.00011402742,auto_accept,low_unc_low_risk
ISIC_0031071,nv,nv,0.13383816,2.5856381e-05,auto_accept,low_unc_low_risk
ISIC_0030821,akiec,mel,0.7956721,0.69068044,escalate,high_unc_low_risk
ISIC_0032194,bcc,bcc,0.0060340157,0.9998161,escalate,low_unc_high_risk
ISIC_0026452,nv,nv,0.58112574,0.21219796,escalate,high_unc_low_risk
ISIC_0026390,nv,nv,0.0018857958,2.9886276e-05,auto_accept,low_unc_low_risk
ISIC_0028582,mel,mel,0.36774194,0.89801216,auto_accept,low_unc_low_risk
ISIC_0030235,nv,nv,0.035248768,4.6878344e-05,auto_accept,low_unc_low_risk
ISIC_0027902,nv,nv,1.1773967,0.74083316,escalate,high_unc_low_risk
ISIC_0024607,nv,nv,0.029140478,0.0003489833,auto_accept,low_unc_low_risk
ISIC_0027267,nv,nv,0.04726882,0.0022760255,auto_accept,low_unc_low_risk
ISIC_0027064,bkl,bkl,0.17914803,0.052757587,auto_accept,low_unc_low_risk
ISIC_0032142,nv,nv,0.0020903961,9.622421e-06,auto_accept,low_unc_low_risk
ISIC_0025738,nv,nv,0.010818274,1.9638532e-05,auto_accept,low_unc_low_risk
ISIC_0033338,nv,nv,0.89613384,0.25080773,escalate,high_unc_low_risk
ISIC_0026817,nv,nv,0.016786622,8.827042e-05,auto_accept,low_unc_low_risk
ISIC_0028362,nv,nv,0.0083478,0.0007332528,auto_accept,low_unc_low_risk
ISIC_0030460,nv,nv,0.08483522,0.0048129745,auto_accept,low_unc_low_risk
ISIC_0028401,nv,mel,0.647421,0.6873581,escalate,high_unc_low_risk
ISIC_0025013,nv,nv,0.17024222,0.047971148,auto_accept,low_unc_low_risk
ISIC_0024532,nv,nv,0.019454181,0.00067162304,auto_accept,low_unc_low_risk
ISIC_0030660,nv,nv,0.0003299436,7.728051e-08,auto_accept,low_unc_low_risk
ISIC_0031269,nv,nv,0.31191853,0.00023951117,auto_accept,low_unc_low_risk
ISIC_0025961,nv,nv,0.12559418,0.00013071929,auto_accept,low_unc_low_risk
ISIC_0026615,nv,nv,0.7155958,0.0005016764,escalate,high_unc_low_risk
ISIC_0031231,nv,nv,0.003510105,4.827962e-05,auto_accept,low_unc_low_risk
ISIC_0030408,akiec,akiec,0.06426934,0.9921015,auto_accept,low_unc_low_risk
ISIC_0030353,nv,nv,0.11356289,5.3632917e-05,auto_accept,low_unc_low_risk
ISIC_0027430,nv,nv,0.020280588,0.00066065835,auto_accept,low_unc_low_risk
ISIC_0032479,nv,nv,0.00883438,0.00015411586,auto_accept,low_unc_low_risk
ISIC_0033783,bkl,bkl,0.00052038353,0.00013941815,auto_accept,low_unc_low_risk
ISIC_0027634,nv,nv,0.15785858,0.00028185453,auto_accept,low_unc_low_risk
ISIC_0027924,nv,nv,0.12551588,0.017180646,auto_accept,low_unc_low_risk
ISIC_0033975,mel,mel,0.85710555,0.5837093,escalate,high_unc_low_risk
ISIC_0034115,bkl,nv,0.51385933,0.00032820358,auto_accept,low_unc_low_risk
ISIC_0030747,mel,nv,0.14664179,0.026648251,auto_accept,low_unc_low_risk
ISIC_0030918,nv,bkl,0.32741725,1.1952882e-05,auto_accept,low_unc_low_risk
ISIC_0033966,nv,nv,0.10311053,0.015380397,auto_accept,low_unc_low_risk
ISIC_0031277,bkl,bkl,0.034039654,0.007909248,auto_accept,low_unc_low_risk
ISIC_0031092,nv,nv,0.1353465,0.0043384973,auto_accept,low_unc_low_risk
ISIC_0028271,nv,nv,0.25377658,0.12282564,auto_accept,low_unc_low_risk
ISIC_0029801,bkl,bkl,0.0037225783,5.3507247e-05,auto_accept,low_unc_low_risk
ISIC_0027339,nv,nv,0.01615304,0.00046343027,auto_accept,low_unc_low_risk
ISIC_0033359,nv,mel,0.7087924,0.60296535,escalate,high_unc_low_risk
ISIC_0030640,nv,nv,0.0951995,0.002575438,auto_accept,low_unc_low_risk
ISIC_0024625,nv,nv,0.0178196,0.0028055683,auto_accept,low_unc_low_risk
ISIC_0027687,nv,nv,0.101043686,0.0028986628,auto_accept,low_unc_low_risk
ISIC_0033965,nv,nv,0.0015637744,2.1355641e-05,auto_accept,low_unc_low_risk
ISIC_0033812,mel,nv,0.22523464,0.0077679786,auto_accept,low_unc_low_risk
ISIC_0026725,nv,nv,0.0089639295,0.00067640084,auto_accept,low_unc_low_risk
ISIC_0026875,nv,nv,0.0093964655,0.0001759545,auto_accept,low_unc_low_risk
ISIC_0027368,nv,nv,0.025081871,0.0025964747,auto_accept,low_unc_low_risk
ISIC_0027210,vasc,vasc,0.025167285,0.0077864835,auto_accept,low_unc_low_risk
ISIC_0033155,nv,nv,0.15053193,0.037408568,auto_accept,low_unc_low_risk
ISIC_0027464,nv,nv,0.0052983738,0.00021881443,auto_accept,low_unc_low_risk
ISIC_0030560,nv,nv,0.0122807175,0.00031238078,auto_accept,low_unc_low_risk
ISIC_0025758,bkl,bkl,0.6951912,0.00013026675,escalate,high_unc_low_risk
ISIC_0025939,bkl,akiec,0.39788598,0.7680795,auto_accept,low_unc_low_risk
ISIC_0024354,nv,nv,0.0019218235,3.1223015e-05,auto_accept,low_unc_low_risk
ISIC_0028958,bkl,nv,0.07481128,0.0007413148,auto_accept,low_unc_low_risk
ISIC_0031778,mel,mel,0.119102076,0.9460739,auto_accept,low_unc_low_risk
ISIC_0026996,mel,nv,0.6431601,0.0007270118,escalate,high_unc_low_risk
ISIC_0026424,nv,nv,0.0039642844,1.0340272e-05,auto_accept,low_unc_low_risk
ISIC_0029882,nv,nv,0.00021804319,7.1402604e-07,auto_accept,low_unc_low_risk
ISIC_0030551,nv,nv,1.0296109,0.009946551,escalate,high_unc_low_risk
ISIC_0027341,nv,nv,0.0020967885,6.497391e-06,auto_accept,low_unc_low_risk
ISIC_0024482,mel,mel,0.32321838,0.85717267,auto_accept,low_unc_low_risk
ISIC_0029074,nv,nv,0.0026209655,7.5242433e-06,auto_accept,low_unc_low_risk
ISIC_0034200,nv,nv,0.043742303,0.0003221833,auto_accept,low_unc_low_risk
ISIC_0026468,akiec,nv,0.8360422,0.02782401,escalate,high_unc_low_risk
ISIC_0027458,nv,nv,0.084714934,0.01373947,auto_accept,low_unc_low_risk
ISIC_0027085,nv,nv,0.47855866,0.000110762536,auto_accept,low_unc_low_risk
ISIC_0031729,nv,nv,0.006195602,0.00032782924,auto_accept,low_unc_low_risk
ISIC_0024420,bkl,bkl,0.06425614,5.469057e-05,auto_accept,low_unc_low_risk
ISIC_0029348,nv,nv,0.55140567,0.16164038,auto_accept,low_unc_low_risk
ISIC_0027869,nv,nv,0.5214175,6.591848e-06,auto_accept,low_unc_low_risk
ISIC_0033895,nv,nv,0.12877195,0.0012364934,auto_accept,low_unc_low_risk
ISIC_0028800,nv,nv,0.040304545,0.00016537769,auto_accept,low_unc_low_risk
ISIC_0029437,nv,nv,0.0958115,0.00028730705,auto_accept,low_unc_low_risk
ISIC_0033473,mel,mel,0.08380758,0.9764628,auto_accept,low_unc_low_risk
ISIC_0026176,nv,nv,0.0012754153,2.5540146e-05,auto_accept,low_unc_low_risk
ISIC_0024574,nv,nv,0.05000728,5.7097408e-05,auto_accept,low_unc_low_risk
ISIC_0028002,nv,nv,0.009558869,0.000550257,auto_accept,low_unc_low_risk
ISIC_0033252,bkl,bkl,0.18596962,0.0019903395,auto_accept,low_unc_low_risk
ISIC_0030586,akiec,bkl,0.010349776,0.002220298,auto_accept,low_unc_low_risk
ISIC_0031452,nv,nv,0.0023490936,8.7235894e-05,auto_accept,low_unc_low_risk
ISIC_0029871,nv,nv,0.006124489,4.151392e-05,auto_accept,low_unc_low_risk
ISIC_0032448,nv,nv,0.16258591,0.0013118327,auto_accept,low_unc_low_risk
ISIC_0028880,df,df,0.0004839934,2.4882895e-05,auto_accept,low_unc_low_risk
ISIC_0025474,nv,nv,0.03248579,0.0014094078,auto_accept,low_unc_low_risk
ISIC_0027625,nv,nv,0.008115649,0.0001046551,auto_accept,low_unc_low_risk
ISIC_0030932,mel,bkl,0.33569878,0.11155297,auto_accept,low_unc_low_risk
ISIC_0033459,nv,nv,0.6455175,0.25663772,escalate,high_unc_low_risk
ISIC_0025361,nv,nv,0.01639891,0.00031714787,auto_accept,low_unc_low_risk
ISIC_0032288,nv,nv,0.028348867,0.000298425,auto_accept,low_unc_low_risk
ISIC_0030569,nv,nv,0.011702692,0.00035559706,auto_accept,low_unc_low_risk
ISIC_0032616,nv,nv,0.06999389,0.013986315,auto_accept,low_unc_low_risk
ISIC_0025049,nv,nv,0.07264248,0.029313099,auto_accept,low_unc_low_risk
ISIC_0028315,nv,nv,0.014698149,0.000118986136,auto_accept,low_unc_low_risk
ISIC_0024755,nv,nv,0.001568973,0.00018367087,auto_accept,low_unc_low_risk
ISIC_0033425,nv,nv,0.7167638,0.42646676,escalate,high_unc_low_risk
ISIC_0031021,nv,nv,0.0399291,0.00032433934,auto_accept,low_unc_low_risk
ISIC_0025995,nv,nv,0.020547615,9.3582355e-05,auto_accept,low_unc_low_risk
ISIC_0029811,akiec,akiec,0.3127329,0.9015526,auto_accept,low_unc_low_risk
ISIC_0025142,nv,nv,0.003892507,2.1585206e-06,auto_accept,low_unc_low_risk
ISIC_0027490,nv,nv,0.13858202,0.001215506,auto_accept,low_unc_low_risk
ISIC_0032671,nv,mel,1.0209641,0.29623306,escalate,high_unc_low_risk
ISIC_0024722,nv,nv,0.039710507,7.194673e-05,auto_accept,low_unc_low_risk
ISIC_0024768,nv,nv,0.2519022,0.020661755,auto_accept,low_unc_low_risk
ISIC_0033873,nv,nv,0.33387202,0.0002525445,auto_accept,low_unc_low_risk
ISIC_0027538,nv,mel,0.39827245,0.8256299,auto_accept,low_unc_low_risk
ISIC_0028835,nv,nv,0.00057406,4.0384202e-06,auto_accept,low_unc_low_risk
ISIC_0031668,nv,nv,0.18642932,4.7990106e-06,auto_accept,low_unc_low_risk
ISIC_0025955,mel,nv,0.4601633,0.038049597,auto_accept,low_unc_low_risk
ISIC_0028380,nv,nv,0.0061274585,0.00015648201,auto_accept,low_unc_low_risk
ISIC_0031948,nv,mel,0.18778236,0.91827095,auto_accept,low_unc_low_risk
ISIC_0031103,vasc,vasc,0.0005124405,6.897144e-05,auto_accept,low_unc_low_risk
ISIC_0026971,nv,nv,0.02909585,0.0014323047,auto_accept,low_unc_low_risk
ISIC_0031416,nv,nv,0.0241582,0.004357677,auto_accept,low_unc_low_risk
ISIC_0029822,nv,nv,0.014155027,3.333109e-05,auto_accept,low_unc_low_risk
ISIC_0024878,nv,nv,0.02374181,0.0008092029,auto_accept,low_unc_low_risk
ISIC_0032426,nv,nv,0.0066892365,3.430943e-05,auto_accept,low_unc_low_risk
ISIC_0029873,nv,nv,0.07913182,1.4020842e-05,auto_accept,low_unc_low_risk
ISIC_0026881,nv,nv,0.009138298,8.164891e-07,auto_accept,low_unc_low_risk
ISIC_0026237,nv,nv,0.28137997,0.00035228932,auto_accept,low_unc_low_risk
ISIC_0031288,nv,nv,0.021563362,0.004430445,auto_accept,low_unc_low_risk
ISIC_0028660,nv,nv,0.04965519,0.00024306985,auto_accept,low_unc_low_risk
ISIC_0029626,nv,nv,0.033596747,0.0049761604,auto_accept,low_unc_low_risk
ISIC_0025694,nv,nv,0.0063864384,5.892629e-05,auto_accept,low_unc_low_risk
ISIC_0025505,nv,mel,0.714305,0.62106174,escalate,high_unc_low_risk
ISIC_0026501,nv,nv,0.0073493156,2.289838e-05,auto_accept,low_unc_low_risk
ISIC_0026228,nv,nv,0.015364718,8.522532e-05,auto_accept,low_unc_low_risk
ISIC_0025555,nv,nv,0.0011968773,1.6868213e-05,auto_accept,low_unc_low_risk
ISIC_0030545,nv,nv,0.3151857,0.08085254,auto_accept,low_unc_low_risk
ISIC_0028547,nv,nv,0.018935442,0.002156845,auto_accept,low_unc_low_risk
ISIC_0030293,nv,nv,0.033992708,0.0002775889,auto_accept,low_unc_low_risk
ISIC_0032972,bkl,bkl,0.115950935,5.497154e-06,auto_accept,low_unc_low_risk
ISIC_0026696,nv,nv,0.0046413587,1.4762044e-06,auto_accept,low_unc_low_risk
ISIC_0027414,nv,nv,0.0005875083,1.3810081e-05,auto_accept,low_unc_low_risk
ISIC_0033815,nv,nv,0.015795484,0.0008717323,auto_accept,low_unc_low_risk
ISIC_0025768,nv,nv,0.013240466,0.00058172806,auto_accept,low_unc_low_risk
ISIC_0026772,nv,nv,0.04281272,0.0003572169,auto_accept,low_unc_low_risk
ISIC_0029988,nv,nv,0.0021549922,6.9151436e-05,auto_accept,low_unc_low_risk
ISIC_0030070,vasc,vasc,0.37219453,0.0010523996,auto_accept,low_unc_low_risk
ISIC_0033573,mel,mel,0.6900078,0.59855807,escalate,high_unc_low_risk
ISIC_0029560,nv,nv,0.38426277,0.10110771,auto_accept,low_unc_low_risk
ISIC_0028841,nv,nv,0.033500943,0.000759924,auto_accept,low_unc_low_risk
ISIC_0028587,bkl,bkl,0.0022205755,0.0002909004,auto_accept,low_unc_low_risk
ISIC_0032130,nv,nv,0.00016335891,3.9541287e-06,auto_accept,low_unc_low_risk
ISIC_0034278,nv,nv,0.015143227,0.00085453293,auto_accept,low_unc_low_risk
ISIC_0029955,nv,nv,0.0008334711,1.5503334e-05,auto_accept,low_unc_low_risk
ISIC_0028523,nv,nv,0.011246479,0.0010269403,auto_accept,low_unc_low_risk
ISIC_0024621,nv,nv,0.0046337727,3.847489e-05,auto_accept,low_unc_low_risk
ISIC_0032605,nv,nv,0.0034198062,0.00039784843,auto_accept,low_unc_low_risk
ISIC_0024753,nv,nv,0.045089062,0.0027138481,auto_accept,low_unc_low_risk
ISIC_0028629,nv,nv,0.097103454,0.009764432,auto_accept,low_unc_low_risk
ISIC_0026242,nv,nv,0.10298135,0.056793272,auto_accept,low_unc_low_risk
ISIC_0024394,nv,nv,0.029153287,0.008291987,auto_accept,low_unc_low_risk
ISIC_0026314,mel,nv,0.013880419,0.0017056341,auto_accept,low_unc_low_risk
ISIC_0024510,nv,nv,0.093080014,0.00091307785,auto_accept,low_unc_low_risk
ISIC_0029265,mel,mel,1.2148627,0.66330045,escalate,high_unc_low_risk
ISIC_0033482,bkl,bkl,0.041403208,0.010336622,auto_accept,low_unc_low_risk
ISIC_0024861,nv,nv,0.027433522,0.0013428068,auto_accept,low_unc_low_risk
ISIC_0028570,bcc,bcc,0.046360914,0.9827576,auto_accept,low_unc_low_risk
ISIC_0031561,mel,mel,0.08366156,0.97310346,auto_accept,low_unc_low_risk
ISIC_0029606,mel,mel,0.080293916,0.9865739,auto_accept,low_unc_low_risk
ISIC_0027314,nv,nv,0.0018532849,4.1860017e-06,auto_accept,low_unc_low_risk
ISIC_0031689,nv,nv,0.04229148,0.002599888,auto_accept,low_unc_low_risk
ISIC_0031664,nv,nv,0.019298293,0.0005360997,auto_accept,low_unc_low_risk
ISIC_0028581,nv,nv,0.0119730765,1.6858651e-06,auto_accept,low_unc_low_risk
ISIC_0025125,nv,df,0.022282235,0.000987765,auto_accept,low_unc_low_risk
ISIC_0025348,nv,nv,0.023050845,4.8124207e-06,auto_accept,low_unc_low_risk
ISIC_0032475,nv,nv,0.008927505,0.00058540714,auto_accept,low_unc_low_risk
ISIC_0033048,nv,nv,0.08886441,0.0042180764,auto_accept,low_unc_low_risk
ISIC_0027383,nv,nv,0.015293539,0.000160482,auto_accept,low_unc_low_risk
ISIC_0027092,nv,nv,0.0007753792,6.6641705e-06,auto_accept,low_unc_low_risk
ISIC_0033974,nv,nv,0.47955313,0.11247375,auto_accept,low_unc_low_risk
ISIC_0034075,nv,nv,0.11214047,0.045715835,auto_accept,low_unc_low_risk
ISIC_0029150,nv,nv,0.016129889,0.0006935512,auto_accept,low_unc_low_risk
ISIC_0024356,nv,mel,0.7831947,0.6287275,escalate,high_unc_low_risk
ISIC_0026062,nv,nv,0.008001642,0.0003268437,auto_accept,low_unc_low_risk
ISIC_0029527,bkl,bkl,0.09473261,0.007415091,auto_accept,low_unc_low_risk
ISIC_0033591,vasc,vasc,0.004690347,0.0014811306,auto_accept,low_unc_low_risk
ISIC_0027071,mel,mel,0.0010973507,0.99992,escalate,low_unc_high_risk
ISIC_0025392,bkl,bkl,0.7144214,0.0046184086,escalate,high_unc_low_risk
ISIC_0032873,mel,mel,0.04329992,0.98333424,auto_accept,low_unc_low_risk
ISIC_0033082,nv,nv,0.72727203,0.5029625,escalate,high_unc_low_risk
ISIC_0027209,nv,nv,0.0005686637,1.3172729e-05,auto_accept,low_unc_low_risk
ISIC_0030702,nv,nv,0.42342776,0.17133562,auto_accept,low_unc_low_risk
ISIC_0033901,mel,mel,0.2255301,0.89528537,auto_accept,low_unc_low_risk
ISIC_0029375,nv,nv,0.009150719,0.00035930975,auto_accept,low_unc_low_risk
ISIC_0029110,nv,nv,0.0021309012,1.9060975e-05,auto_accept,low_unc_low_risk
ISIC_0026595,nv,nv,0.0052248132,0.00075246673,auto_accept,low_unc_low_risk
ISIC_0024720,nv,nv,0.6077931,0.23909871,escalate,high_unc_low_risk
ISIC_0033172,nv,nv,0.121385805,0.031004231,auto_accept,low_unc_low_risk
ISIC_0028091,nv,nv,0.049199656,0.0031539781,auto_accept,low_unc_low_risk
ISIC_0033050,mel,nv,0.45801765,0.014382938,auto_accept,low_unc_low_risk
ISIC_0026114,nv,nv,0.00073773775,2.4377856e-05,auto_accept,low_unc_low_risk
ISIC_0032216,nv,nv,0.00081384834,8.315e-05,auto_accept,low_unc_low_risk
ISIC_0033888,nv,mel,0.7432787,0.5300295,escalate,high_unc_low_risk
ISIC_0026008,nv,nv,0.14084165,0.0068349317,auto_accept,low_unc_low_risk
ISIC_0032391,nv,nv,0.017886443,4.0191848e-05,auto_accept,low_unc_low_risk
ISIC_0030590,nv,nv,0.0059697228,6.477306e-05,auto_accept,low_unc_low_risk
ISIC_0030686,nv,nv,0.00736415,3.4296147e-05,auto_accept,low_unc_low_risk
ISIC_0033501,nv,mel,0.5060891,0.70947045,auto_accept,low_unc_low_risk
ISIC_0032024,bkl,akiec,0.084491156,0.9679445,auto_accept,low_unc_low_risk
ISIC_0033086,nv,nv,0.08541675,0.016151926,auto_accept,low_unc_low_risk
ISIC_0025935,nv,nv,0.07323578,6.5710505e-05,auto_accept,low_unc_low_risk
ISIC_0026750,nv,nv,0.001505669,3.2070195e-05,auto_accept,low_unc_low_risk
ISIC_0030762,nv,nv,0.2888725,0.08381592,auto_accept,low_unc_low_risk
ISIC_0031942,nv,mel,0.96585757,0.4700836,escalate,high_unc_low_risk
ISIC_0026982,nv,nv,0.12064657,0.010381963,auto_accept,low_unc_low_risk
ISIC_0034224,nv,nv,0.020428706,0.00082315895,auto_accept,low_unc_low_risk
ISIC_0028534,nv,nv,0.0006427465,2.1148473e-05,auto_accept,low_unc_low_risk
ISIC_0033706,nv,nv,0.46880502,0.08946916,auto_accept,low_unc_low_risk
ISIC_0024898,mel,nv,0.41209164,0.16655536,auto_accept,low_unc_low_risk
ISIC_0030816,nv,nv,0.12337543,0.024059039,auto_accept,low_unc_low_risk
ISIC_0030410,nv,bkl,0.50342715,3.1553152e-06,auto_accept,low_unc_low_risk
ISIC_0033187,nv,nv,0.3136936,0.07211248,auto_accept,low_unc_low_risk
ISIC_0028799,nv,nv,0.0008593568,3.4336532e-05,auto_accept,low_unc_low_risk
ISIC_0032550,mel,mel,0.025407946,0.9910971,auto_accept,low_unc_low_risk
ISIC_0032881,nv,nv,0.010321669,0.000669428,auto_accept,low_unc_low_risk
ISIC_0025576,bcc,bcc,0.0929869,0.87733686,auto_accept,low_unc_low_risk
ISIC_0028740,nv,nv,0.0015120547,4.8614265e-06,auto_accept,low_unc_low_risk
ISIC_0031893,bkl,bkl,0.009538168,0.00040484802,auto_accept,low_unc_low_risk
ISIC_0029044,nv,nv,0.031713285,0.0020907938,auto_accept,low_unc_low_risk
ISIC_0027593,nv,nv,0.02305311,0.0007161024,auto_accept,low_unc_low_risk
ISIC_0025852,nv,nv,0.09962458,0.024792954,auto_accept,low_unc_low_risk
ISIC_0025708,mel,nv,0.30257875,0.08552478,auto_accept,low_unc_low_risk
ISIC_0029643,nv,nv,0.03910935,2.4961995e-05,auto_accept,low_unc_low_risk
ISIC_0030097,nv,nv,0.0016214895,0.00019588825,auto_accept,low_unc_low_risk
