image_id,true_label,predicted_label,uncertainty_score,risk_score,decision,category
ISIC_0025947,nv,nv,0.01384355,0.00029696446,auto_accept,baseline_vaal
ISIC_0027038,bcc,bcc,0.020934656,0.98904026,auto_accept,baseline_vaal
ISIC_0029691,nv,nv,0.002048338,3.9601637e-05,auto_accept,baseline_vaal
ISIC_0031732,nv,nv,0.00041405842,5.869046e-06,auto_accept,baseline_vaal
ISIC_0028370,akiec,akiec,0.0031278583,0.99999595,auto_accept,baseline_vaal
ISIC_0028474,nv,nv,0.00016767671,2.66598e-06,auto_accept,baseline_vaal
ISIC_0032449,nv,nv,0.0065785954,0.00013691043,auto_accept,baseline_vaal
ISIC_0029682,bkl,nv,1.0397124,0.19737494,auto_accept,baseline_vaal
ISIC_0028013,nv,nv,0.011928896,0.00013316011,auto_accept,baseline_vaal
ISIC_0027971,nv,nv,0.00025801518,2.1634833e-06,auto_accept,baseline_vaal
ISIC_0028338,nv,nv,0.5904419,0.0012551204,auto_accept,baseline_vaal
ISIC_0033056,bkl,bkl,0.10591205,0.0053700386,auto_accept,baseline_vaal
ISIC_0024341,nv,nv,0.0026061127,8.904588e-06,auto_accept,baseline_vaal
ISIC_0031241,nv,nv,0.38567173,0.0631368,auto_accept,baseline_vaal
ISIC_0032201,nv,nv,0.00017238497,1.4139338e-06,auto_accept,baseline_vaal
ISIC_0033869,akiec,akiec,0.044932373,0.9813338,auto_accept,baseline_vaal
ISIC_0025753,bkl,bkl,0.12284109,0.0131752975,auto_accept,baseline_vaal
ISIC_0028439,nv,nv,7.488144e-08,4.8563636e-11,auto_accept,baseline_vaal
ISIC_0028692,nv,nv,0.1754773,0.004766872,auto_accept,baseline_vaal
ISIC_0026122,nv,nv,1.6979693e-05,2.8339066e-08,escalate,baseline_vaal
ISIC_0026512,nv,mel,1.056559,0.39749616,auto_accept,baseline_vaal
ISIC_0025513,bcc,nv,0.33896732,0.0024676134,auto_accept,baseline_vaal
ISIC_0030063,nv,nv,0.019214336,5.75446e-05,auto_accept,baseline_vaal
ISIC_0025626,nv,nv,0.0045323707,6.649136e-05,auto_accept,baseline_vaal
ISIC_0024819,nv,nv,7.951085e-05,1.12563285e-07,auto_accept,baseline_vaal
ISIC_0026783,bkl,bkl,1.0850229,0.19850644,auto_accept,baseline_vaal
ISIC_0033148,nv,nv,0.001839115,3.115773e-05,auto_accept,baseline_vaal
ISIC_0029105,nv,nv,0.06030743,0.0029216032,auto_accept,baseline_vaal
ISIC_0025992,akiec,akiec,0.011284197,0.99998903,auto_accept,baseline_vaal
ISIC_0029879,nv,nv,0.00018129742,3.6320753e-08,auto_accept,baseline_vaal
ISIC_0033665,nv,nv,0.0040039504,2.706267e-05,auto_accept,baseline_vaal
ISIC_0028213,nv,nv,0.024261754,0.0021344968,auto_accept,baseline_vaal
ISIC_0032137,nv,nv,0.0022140024,2.5113375e-05,auto_accept,baseline_vaal
ISIC_0024566,nv,bcc,0.74223816,0.78970826,auto_accept,baseline_vaal
ISIC_0029602,bcc,bcc,0.009172572,0.99830973,auto_accept,baseline_vaal
ISIC_0026247,mel,nv,0.02088856,1.7570912e-05,auto_accept,baseline_vaal
ISIC_0028000,nv,nv,0.0047387467,8.504178e-05,auto_accept,baseline_vaal
ISIC_0028577,bcc,bcc,0.009570638,0.99543387,auto_accept,baseline_vaal
ISIC_0027898,nv,nv,0.0062325746,6.48166e-06,auto_accept,baseline_vaal
ISIC_0028066,nv,bkl,1.064948,0.123359956,escalate,baseline_vaal
ISIC_0026344,nv,nv,0.027997492,3.5298262e-06,auto_accept,baseline_vaal
ISIC_0031394,bkl,bkl,0.1464455,0.05231455,auto_accept,baseline_vaal
ISIC_0024806,mel,bkl,0.83277667,0.3119678,auto_accept,baseline_vaal
ISIC_0026234,nv,nv,0.18445568,0.0007182406,auto_accept,baseline_vaal
ISIC_0030780,nv,nv,1.760614e-05,1.967892e-07,auto_accept,baseline_vaal
ISIC_0029857,bcc,bcc,0.00075437874,0.9999007,auto_accept,baseline_vaal
ISIC_0033366,bcc,bcc,0.05119998,0.9507229,auto_accept,baseline_vaal
ISIC_0030383,bkl,bkl,4.5470948e-05,2.7679405e-06,auto_accept,baseline_vaal
ISIC_0029831,bcc,bcc,0.073483326,0.99934393,auto_accept,baseline_vaal
ISIC_0026561,nv,nv,0.24736086,0.0040939446,auto_accept,baseline_vaal
ISIC_0032800,nv,nv,0.0167596,0.00043916778,auto_accept,baseline_vaal
ISIC_0028156,mel,bkl,1.1659656,0.29851604,auto_accept,baseline_vaal
ISIC_0028493,mel,bkl,0.6588817,0.16935961,auto_accept,baseline_vaal
ISIC_0030947,nv,nv,5.6579427e-08,5.833272e-12,auto_accept,baseline_vaal
ISIC_0033411,nv,nv,0.08127271,0.0013131478,auto_accept,baseline_vaal
ISIC_0027630,nv,nv,0.05610273,0.0009781924,auto_accept,baseline_vaal
ISIC_0029323,bcc,bcc,0.031213854,0.9997974,auto_accept,baseline_vaal
ISIC_0031610,nv,nv,3.791083e-05,1.7324439e-07,auto_accept,baseline_vaal
ISIC_0028676,nv,nv,4.3433367e-05,5.542448e-07,auto_accept,baseline_vaal
ISIC_0031720,nv,bkl,0.71314776,0.20239578,auto_accept,baseline_vaal
ISIC_0026383,nv,nv,0.04428004,0.00045081513,auto_accept,baseline_vaal
ISIC_0032738,nv,mel,0.24944322,0.9747456,auto_accept,baseline_vaal
ISIC_0032913,mel,mel,0.0087682735,0.99932754,auto_accept,baseline_vaal
ISIC_0032308,mel,mel,0.47298825,0.84916824,escalate,baseline_vaal
ISIC_0025514,nv,nv,0.0025302437,2.4914621e-05,auto_accept,baseline_vaal
ISIC_0031364,nv,nv,4.9285923e-06,5.5732943e-09,auto_accept,baseline_vaal
ISIC_0032265,mel,nv,0.40843824,0.08833843,auto_accept,baseline_vaal
ISIC_0032491,nv,nv,0.0005226273,4.5324473e-06,auto_accept,baseline_vaal
ISIC_0033119,nv,nv,0.05149095,0.0028424433,auto_accept,baseline_vaal
ISIC_0029500,akiec,akiec,0.019611947,0.99999034,auto_accept,baseline_vaal
ISIC_0026930,mel,mel,0.5150828,0.98791933,auto_accept,baseline_vaal
ISIC_0024474,nv,nv,0.0020929454,4.0775147e-05,auto_accept,baseline_vaal
ISIC_0027659,mel,mel,1.0462657,0.3757624,auto_accept,baseline_vaal
ISIC_0033922,nv,nv,0.27277306,0.051460613,auto_accept,baseline_vaal
ISIC_0028327,nv,nv,2.2644419e-05,3.619758e-08,auto_accept,baseline_vaal
ISIC_0025516,nv,nv,0.003288698,4.121857e-05,escalate,baseline_vaal
ISIC_0031956,nv,nv,0.024020046,5.047698e-06,auto_accept,baseline_vaal
ISIC_0024826,nv,nv,0.03363319,0.0011101082,auto_accept,baseline_vaal
ISIC_0030797,nv,nv,0.0005780118,8.757847e-06,auto_accept,baseline_vaal
ISIC_0025969,nv,nv,0.0031196761,1.7371814e-10,escalate,baseline_vaal
ISIC_0030329,bkl,bkl,0.019630892,0.0015098858,auto_accept,baseline_vaal
ISIC_0030406,nv,nv,0.7043679,0.0011846456,auto_accept,baseline_vaal
ISIC_0028817,nv,nv,0.048894558,0.00042128164,auto_accept,baseline_vaal
ISIC_0031860,nv,nv,0.013598308,8.539143e-06,auto_accept,baseline_vaal
ISIC_0030761,nv,nv,0.10428167,0.009465967,auto_accept,baseline_vaal
ISIC_0031707,bkl,bkl,1.0045497,0.25221696,auto_accept,baseline_vaal
ISIC_0033821,nv,nv,0.42724884,0.06171255,auto_accept,baseline_vaal
ISIC_0029231,nv,nv,0.0041069207,7.40773e-05,auto_accept,baseline_vaal
ISIC_0026572,nv,nv,8.406155e-07,2.7013464e-10,auto_accept,baseline_vaal
ISIC_0025839,nv,nv,2.3500555e-05,2.55282e-07,auto_accept,baseline_vaal
ISIC_0025313,mel,nv,0.14705871,0.048415173,auto_accept,baseline_vaal
ISIC_0024992,nv,nv,0.0016388958,9.430731e-06,auto_accept,baseline_vaal
ISIC_0030496,nv,nv,0.021663472,0.0010853321,auto_accept,baseline_vaal
ISIC_0026942,nv,nv,0.015369305,2.8224495e-06,auto_accept,baseline_vaal
ISIC_0025252,nv,nv,0.0036025546,6.853527e-06,auto_accept,baseline_vaal
ISIC_0026592,nv,nv,0.72830236,0.06669223,auto_accept,baseline_vaal
ISIC_0026746,mel,mel,0.65311366,0.95992863,auto_accept,baseline_vaal
ISIC_0031997,nv,nv,6.261364e-05,8.069969e-08,auto_accept,baseline_vaal
ISIC_0030573,nv,nv,1.0288407e-07,3.505087e-11,auto_accept,baseline_vaal
ISIC_0028192,nv,nv,0.00035435875,9.289165e-07,auto_accept,baseline_vaal
ISIC_0025008,nv,mel,1.1508396,0.9617906,escalate,baseline_vaal
ISIC_0027493,nv,nv,1.381551e-08,2.6620587e-14,auto_accept,baseline_vaal
ISIC_0028908,nv,nv,0.0015492274,2.9383635e-05,escalate,baseline_vaal
ISIC_0025380,nv,nv,0.0007003107,5.9454696e-06,auto_accept,baseline_vaal
ISIC_0032819,nv,nv,0.9839626,0.30671546,auto_accept,baseline_vaal
ISIC_0024868,nv,nv,7.161269e-07,1.5809042e-10,auto_accept,baseline_vaal
ISIC_0025974,nv,nv,0.00048719748,6.184629e-07,auto_accept,baseline_vaal
ISIC_0032464,nv,nv,0.01957957,2.9980988e-06,auto_accept,baseline_vaal
ISIC_0026733,nv,nv,0.5805091,0.0032064144,auto_accept,baseline_vaal
ISIC_0030150,mel,mel,0.019841606,0.9991763,auto_accept,baseline_vaal
ISIC_0025645,nv,nv,3.176127e-07,3.1477299e-10,auto_accept,baseline_vaal
ISIC_0031374,nv,bkl,0.51529706,0.0079646995,auto_accept,baseline_vaal
ISIC_0025720,nv,nv,0.5550972,1.9150507e-07,auto_accept,baseline_vaal
ISIC_0033213,nv,nv,0.19459468,0.02483697,escalate,baseline_vaal
ISIC_0030698,bkl,bkl,0.6587641,5.276596e-07,auto_accept,baseline_vaal
ISIC_0028827,nv,nv,5.175446e-07,1.6161825e-10,auto_accept,baseline_vaal
ISIC_0026213,bcc,bcc,0.00019231209,0.9998883,auto_accept,baseline_vaal
ISIC_0030178,nv,nv,1.7114328e-08,1.1227532e-11,escalate,baseline_vaal
ISIC_0027051,nv,bkl,0.6602858,0.014994544,auto_accept,baseline_vaal
ISIC_0025266,bcc,bcc,0.0016675142,0.99983406,auto_accept,baseline_vaal
ISIC_0027001,nv,nv,1.381551e-08,6.213545e-17,escalate,baseline_vaal
ISIC_0029816,nv,nv,1.381551e-08,1.4985516e-15,auto_accept,baseline_vaal
ISIC_0033335,nv,nv,0.00038368982,6.2730815e-06,auto_accept,baseline_vaal
ISIC_0026323,nv,mel,0.88093877,0.81608677,auto_accept,baseline_vaal
ISIC_0033689,nv,nv,0.010160043,0.0008572335,escalate,baseline_vaal
ISIC_0025672,nv,nv,0.8654633,0.02424024,auto_accept,baseline_vaal
ISIC_0028456,nv,nv,1.381551e-08,7.315546e-15,auto_accept,baseline_vaal
ISIC_0031328,nv,nv,0.0148098,1.4382945e-06,auto_accept,baseline_vaal
ISIC_0030953,akiec,akiec,0.061341703,0.9992094,auto_accept,baseline_vaal
ISIC_0028075,mel,mel,0.17976932,0.99963117,auto_accept,baseline_vaal
ISIC_0028929,mel,akiec,0.49081,0.9904475,auto_accept,baseline_vaal
ISIC_0026435,nv,nv,3.7999162e-06,2.0747655e-09,auto_accept,baseline_vaal
ISIC_0031228,akiec,akiec,0.011995361,0.9998574,auto_accept,baseline_vaal
ISIC_0031686,bkl,akiec,1.361418,0.7033009,auto_accept,baseline_vaal
ISIC_0027109,nv,bkl,1.0759637,0.005713316,auto_accept,baseline_vaal
ISIC_0027684,nv,mel,0.5172231,0.7244674,auto_accept,baseline_vaal
ISIC_0028826,bkl,bkl,7.525639e-05,2.8556703e-06,auto_accept,baseline_vaal
ISIC_0032316,bcc,nv,1.2057282,0.2125754,auto_accept,baseline_vaal
ISIC_0033484,nv,df,0.4329544,0.00013247532,auto_accept,baseline_vaal
ISIC_0033768,nv,nv,0.61855817,0.07756566,auto_accept,baseline_vaal
ISIC_0032298,nv,nv,9.489948e-06,6.526939e-08,auto_accept,baseline_vaal
ISIC_0030003,nv,nv,0.0015925011,3.113747e-05,auto_accept,baseline_vaal
ISIC_0028830,bkl,bkl,0.00062777236,0.00078345527,auto_accept,baseline_vaal
ISIC_0028464,nv,bcc,0.6943351,0.7919398,auto_accept,baseline_vaal
ISIC_0026618,nv,nv,0.052116953,7.965683e-05,auto_accept,baseline_vaal
ISIC_0028805,nv,nv,0.006121505,4.095808e-06,auto_accept,baseline_vaal
ISIC_0033226,mel,mel,0.666735,0.7384801,auto_accept,baseline_vaal
ISIC_0031752,nv,nv,0.00041285405,2.257188e-06,auto_accept,baseline_vaal
ISIC_0025871,nv,nv,0.00057037995,1.5597e-07,auto_accept,baseline_vaal
ISIC_0025147,nv,nv,0.098270625,0.0006612892,auto_accept,baseline_vaal
ISIC_0026781,nv,nv,8.4407264e-05,7.1622344e-07,auto_accept,baseline_vaal
ISIC_0032851,nv,nv,0.585049,0.04106053,auto_accept,baseline_vaal
ISIC_0025406,nv,nv,0.6851521,2.4396184e-05,auto_accept,baseline_vaal
ISIC_0026245,bkl,bkl,0.6270565,0.08566528,auto_accept,baseline_vaal
ISIC_0026704,bkl,bkl,0.00095214817,6.712751e-05,auto_accept,baseline_vaal
ISIC_0028710,bkl,bkl,0.018057367,0.013980431,auto_accept,baseline_vaal
ISIC_0026159,bkl,bkl,0.050677635,0.079043016,auto_accept,baseline_vaal
ISIC_0033667,nv,nv,0.13735734,0.0044466695,auto_accept,baseline_vaal
ISIC_0030142,akiec,akiec,0.0034672078,0.9997794,auto_accept,baseline_vaal
ISIC_0033437,bkl,bkl,0.00071414915,3.132131e-05,auto_accept,baseline_vaal
ISIC_0025831,akiec,bcc,0.14979473,0.9917217,auto_accept,baseline_vaal
ISIC_0033490,bkl,bkl,0.000571407,1.848686e-05,auto_accept,baseline_vaal
ISIC_0025840,nv,nv,0.006639956,8.588326e-06,auto_accept,baseline_vaal
ISIC_0031640,bcc,mel,1.0309274,0.6584045,escalate,baseline_vaal
ISIC_0034191,nv,nv,0.00017189811,3.065873e-06,auto_accept,baseline_vaal
ISIC_0029688,nv,nv,0.059984554,0.0062411474,auto_accept,baseline_vaal
ISIC_0033092,vasc,vasc,0.0002794035,0.00010265674,auto_accept,baseline_vaal
ISIC_0029443,bkl,bcc,1.0508555,0.05314247,auto_accept,baseline_vaal
ISIC_0032419,nv,nv,0.0014611934,1.5444275e-05,auto_accept,baseline_vaal
ISIC_0028274,nv,nv,0.03973812,0.0006924453,auto_accept,baseline_vaal
ISIC_0031575,nv,nv,1.639981e-05,9.8688195e-09,auto_accept,baseline_vaal
ISIC_0025517,nv,nv,0.21633449,0.013753868,auto_accept,baseline_vaal
ISIC_0029815,nv,nv,0.00016192737,4.6324973e-07,auto_accept,baseline_vaal
ISIC_0028870,nv,nv,0.5339929,1.1124642e-05,auto_accept,baseline_vaal
ISIC_0028600,nv,nv,0.3322513,0.03177831,escalate,baseline_vaal
ISIC_0033601,bkl,bkl,3.2419774e-08,1.6749088e-07,auto_accept,baseline_vaal
ISIC_0029442,nv,nv,9.063878e-05,2.6587026e-08,auto_accept,baseline_vaal
ISIC_0029282,nv,nv,2.8687623e-06,1.1026607e-09,auto_accept,baseline_vaal
ISIC_0028299,nv,bkl,0.102464855,0.0007176447,auto_accept,baseline_vaal
ISIC_0033151,akiec,bkl,0.19689439,0.53175664,auto_accept,baseline_vaal
ISIC_0029003,bkl,bkl,0.11612993,0.0038809986,auto_accept,baseline_vaal
ISIC_0033772,nv,mel,0.05241145,0.99052703,escalate,baseline_vaal
ISIC_0031816,nv,nv,1.381551e-08,8.6323163e-13,auto_accept,baseline_vaal
ISIC_0031327,nv,nv,5.951693e-05,1.7244903e-07,auto_accept,baseline_vaal
ISIC_0030053,nv,mel,0.7492019,0.32012534,auto_accept,baseline_vaal
ISIC_0025812,nv,mel,0.9687704,0.45220295,auto_accept,baseline_vaal
ISIC_0031654,nv,nv,0.85389704,0.0016359183,auto_accept,baseline_vaal
ISIC_0028961,nv,nv,0.06014022,7.892093e-05,auto_accept,baseline_vaal
ISIC_0024335,nv,nv,0.03118495,0.0021757963,auto_accept,baseline_vaal
ISIC_0026797,nv,nv,2.6769878e-06,3.6453642e-09,auto_accept,baseline_vaal
ISIC_0030636,bkl,akiec,0.34015948,0.92131114,auto_accept,baseline_vaal
ISIC_0031115,nv,mel,0.6663198,0.49028498,auto_accept,baseline_vaal
ISIC_0027813,nv,nv,7.472659e-05,4.946792e-07,escalate,baseline_vaal
ISIC_0028938,nv,nv,0.007108015,3.9324656e-05,auto_accept,baseline_vaal
ISIC_0025965,nv,nv,1.8527626e-05,8.067166e-09,auto_accept,baseline_vaal
ISIC_0024656,nv,nv,0.13075416,0.00014946511,auto_accept,baseline_vaal
ISIC_0034212,nv,nv,0.003579417,4.664365e-05,auto_accept,baseline_vaal
ISIC_0029788,nv,nv,0.0043690447,0.00014312401,auto_accept,baseline_vaal
ISIC_0028755,nv,bkl,0.25896528,0.0014941954,auto_accept,baseline_vaal
ISIC_0029321,nv,nv,0.016284805,0.00041648117,auto_accept,baseline_vaal
ISIC_0024763,akiec,akiec,0.370614,0.9999447,auto_accept,baseline_vaal
ISIC_0025715,nv,nv,0.0003590885,5.351163e-06,auto_accept,baseline_vaal
ISIC_0025896,nv,nv,1.5110813e-05,1.9571333e-10,auto_accept,baseline_vaal
ISIC_0032999,nv,nv,0.015082467,0.0008168884,auto_accept,baseline_vaal
ISIC_0025115,nv,nv,0.0099583585,6.382857e-06,auto_accept,baseline_vaal
ISIC_0033367,nv,df,0.053540826,2.0120922e-05,auto_accept,baseline_vaal
ISIC_0028857,nv,nv,0.24590865,0.041812006,escalate,baseline_vaal
ISIC_0025428,nv,bkl,0.72744554,0.0012157857,auto_accept,baseline_vaal
ISIC_0032859,nv,nv,0.017332034,1.9713043e-05,auto_accept,baseline_vaal
ISIC_0031088,bkl,bkl,0.005479328,2.4149148e-08,auto_accept,baseline_vaal
ISIC_0026653,nv,bkl,0.3695871,0.060712088,auto_accept,baseline_vaal
ISIC_0032368,nv,nv,0.0026188195,8.128041e-05,escalate,baseline_vaal
ISIC_0031488,nv,nv,5.753554e-07,2.0530912e-12,auto_accept,baseline_vaal
ISIC_0031813,nv,nv,0.0049182842,0.00030958612,auto_accept,baseline_vaal
ISIC_0032911,nv,bkl,0.2170929,4.458433e-05,auto_accept,baseline_vaal
ISIC_0025508,nv,nv,3.4499504e-07,4.10283e-10,escalate,baseline_vaal
ISIC_0028897,mel,nv,0.30705813,0.010692184,auto_accept,baseline_vaal
ISIC_0027099,nv,nv,0.7588995,0.434857,auto_accept,baseline_vaal
ISIC_0025019,bcc,bcc,0.99251366,0.96577424,auto_accept,baseline_vaal
ISIC_0030186,nv,nv,0.000115877905,2.780712e-07,auto_accept,baseline_vaal
ISIC_0031567,nv,mel,0.27511147,0.9824159,auto_accept,baseline_vaal
ISIC_0025289,nv,nv,0.23067749,0.00031837448,auto_accept,baseline_vaal
ISIC_0033385,nv,bkl,0.9822975,0.053426497,auto_accept,baseline_vaal
ISIC_0024956,nv,nv,3.054786e-05,4.5103814e-08,escalate,baseline_vaal
ISIC_0028993,nv,bkl,0.24452104,0.16214909,auto_accept,baseline_vaal
ISIC_0029235,bkl,bkl,6.9907794e-05,2.269522e-05,auto_accept,baseline_vaal
ISIC_0032554,nv,nv,0.023118954,0.00028562086,auto_accept,baseline_vaal
ISIC_0033998,nv,nv,0.0058575035,0.000431556,auto_accept,baseline_vaal
ISIC_0029407,nv,nv,1.381551e-08,3.13306e-14,auto_accept,baseline_vaal
ISIC_0030382,mel,bkl,0.08776105,0.026800545,auto_accept,baseline_vaal
ISIC_0028136,nv,bkl,0.23174539,0.00048498108,escalate,baseline_vaal
ISIC_0029071,nv,nv,8.110349e-05,1.5969324e-06,auto_accept,baseline_vaal
ISIC_0031376,bkl,bkl,0.035824668,0.007095763,auto_accept,baseline_vaal
ISIC_0029495,mel,mel,0.4415358,0.93714565,auto_accept,baseline_vaal
ISIC_0026590,bkl,bkl,0.0004511552,0.00018715087,auto_accept,baseline_vaal
ISIC_0029138,nv,nv,0.0394686,1.237939e-05,auto_accept,baseline_vaal
ISIC_0026739,nv,nv,3.6182253e-06,3.8825153e-08,auto_accept,baseline_vaal
ISIC_0028699,nv,nv,0.034759007,0.0004580098,auto_accept,baseline_vaal
ISIC_0030366,mel,nv,0.243654,0.030823622,auto_accept,baseline_vaal
ISIC_0030827,akiec,akiec,0.3328567,0.7655213,auto_accept,baseline_vaal
ISIC_0027505,nv,nv,0.08842264,0.002541058,escalate,baseline_vaal
ISIC_0030180,nv,bkl,1.2528807,0.5279009,auto_accept,baseline_vaal
ISIC_0032487,nv,nv,5.957816e-06,8.371185e-08,auto_accept,baseline_vaal
ISIC_0031497,nv,nv,2.0680088e-06,9.071646e-09,auto_accept,baseline_vaal
ISIC_0033896,nv,nv,0.005983042,6.720706e-05,auto_accept,baseline_vaal
ISIC_0029082,bcc,bcc,0.0024246518,0.9997509,auto_accept,baseline_vaal
ISIC_0032696,bcc,bcc,0.03136479,0.9950896,auto_accept,baseline_vaal
ISIC_0027492,nv,bcc,0.08238169,0.98418,auto_accept,baseline_vaal
ISIC_0030069,nv,nv,0.023657769,0.00051213487,auto_accept,baseline_vaal
ISIC_0033170,nv,bkl,0.7326165,0.008861792,auto_accept,baseline_vaal
ISIC_0033267,mel,nv,0.7289923,0.33537802,auto_accept,baseline_vaal
ISIC_0030665,df,df,0.36322823,9.2667923e-10,auto_accept,baseline_vaal
ISIC_0026815,nv,bcc,0.84519553,0.6457132,auto_accept,baseline_vaal
ISIC_0032702,nv,nv,0.3687109,0.03830428,auto_accept,baseline_vaal
ISIC_0026261,nv,nv,9.043451e-06,2.106539e-08,auto_accept,baseline_vaal
ISIC_0032847,mel,nv,0.49400815,0.10267372,auto_accept,baseline_vaal
ISIC_0024937,nv,nv,0.47374186,0.004948561,auto_accept,baseline_vaal
ISIC_0026379,nv,nv,0.00070683204,1.00624775e-05,escalate,baseline_vaal
ISIC_0028008,nv,nv,0.2896374,0.007253464,auto_accept,baseline_vaal
ISIC_0028787,nv,nv,0.3708573,0.003991401,auto_accept,baseline_vaal
ISIC_0030561,bkl,df,0.57949555,0.00068019604,auto_accept,baseline_vaal
ISIC_0032378,nv,bkl,0.6918531,0.00048467185,auto_accept,baseline_vaal
ISIC_0033132,nv,nv,0.7456966,0.3331857,auto_accept,baseline_vaal
ISIC_0034050,mel,mel,0.0034045177,0.99970067,auto_accept,baseline_vaal
ISIC_0030662,nv,nv,8.654159e-05,2.686611e-09,auto_accept,baseline_vaal
ISIC_0034279,nv,df,0.12704171,0.0003040194,auto_accept,baseline_vaal
ISIC_0030295,nv,nv,1.7116188e-08,3.5069176e-12,auto_accept,baseline_vaal
ISIC_0030080,mel,mel,0.19730273,0.9840486,auto_accept,baseline_vaal
ISIC_0025228,nv,bkl,1.3248776,0.43989298,auto_accept,baseline_vaal
ISIC_0029320,bkl,nv,1.0669739,3.0080024e-05,auto_accept,baseline_vaal
ISIC_0031311,nv,nv,0.012324156,0.000954785,auto_accept,baseline_vaal
ISIC_0031534,nv,nv,0.6278361,0.00013007126,auto_accept,baseline_vaal
ISIC_0031067,nv,nv,0.00014226307,5.136155e-07,auto_accept,baseline_vaal
ISIC_0026623,bkl,bcc,0.44679025,0.99904567,escalate,baseline_vaal
ISIC_0024800,akiec,bkl,0.09803316,2.888019e-05,auto_accept,baseline_vaal
ISIC_0029051,bkl,nv,0.23625137,0.0017846123,auto_accept,baseline_vaal
ISIC_0033540,nv,df,0.0040013357,0.00014288306,auto_accept,baseline_vaal
ISIC_0028417,nv,bkl,0.6890244,7.056347e-07,auto_accept,baseline_vaal
ISIC_0033478,nv,mel,1.1038895,0.19373982,auto_accept,baseline_vaal
ISIC_0032398,nv,nv,9.0040896e-07,2.9016448e-10,auto_accept,baseline_vaal
ISIC_0024406,nv,mel,0.6047435,0.3854979,auto_accept,baseline_vaal
ISIC_0026353,nv,nv,1.5113267e-08,4.090182e-13,auto_accept,baseline_vaal
ISIC_0024554,mel,akiec,0.53338075,0.9495599,auto_accept,baseline_vaal
ISIC_0029368,nv,nv,0.0014454627,5.335327e-05,auto_accept,baseline_vaal
ISIC_0030672,nv,nv,0.1881711,0.0074261124,auto_accept,baseline_vaal
ISIC_0028656,bkl,nv,0.48880512,0.002686517,auto_accept,baseline_vaal
ISIC_0033662,mel,mel,0.0024931848,0.99963045,auto_accept,baseline_vaal
ISIC_0031390,nv,nv,0.008329623,4.440002e-05,auto_accept,baseline_vaal
ISIC_0031010,nv,nv,5.4288947e-08,4.3116514e-11,auto_accept,baseline_vaal
ISIC_0025141,nv,nv,0.8655662,0.014218925,auto_accept,baseline_vaal
ISIC_0025803,akiec,bkl,0.1279908,0.005340697,auto_accept,baseline_vaal
ISIC_0024651,nv,nv,0.0008729156,6.8353615e-06,escalate,baseline_vaal
ISIC_0030920,nv,nv,0.13637616,0.00093218294,auto_accept,baseline_vaal
ISIC_0027143,nv,nv,0.0068622525,1.35221335e-05,auto_accept,baseline_vaal
ISIC_0032950,nv,nv,1.0400672,0.03749122,auto_accept,baseline_vaal
ISIC_0026838,nv,nv,0.00087320036,1.1438055e-06,auto_accept,baseline_vaal
ISIC_0029911,nv,nv,0.0064295316,4.812223e-07,auto_accept,baseline_vaal
ISIC_0026341,nv,nv,0.41988713,0.00014478905,auto_accept,baseline_vaal
ISIC_0026578,nv,nv,5.203346e-07,5.6103514e-11,auto_accept,baseline_vaal
ISIC_0024910,bkl,bkl,0.7010129,0.0061732703,auto_accept,baseline_vaal
ISIC_0026549,akiec,akiec,0.46491092,0.9932955,auto_accept,baseline_vaal
ISIC_0026422,bkl,bkl,0.044026464,0.00010897659,auto_accept,baseline_vaal
ISIC_0028743,nv,nv,1.381551e-08,6.073323e-14,auto_accept,baseline_vaal
ISIC_0026516,mel,mel,0.024242992,0.9968077,auto_accept,baseline_vaal
ISIC_0028819,nv,nv,0.00044123395,1.1961079e-06,auto_accept,baseline_vaal
ISIC_0033480,bkl,akiec,0.21787609,0.9878329,auto_accept,baseline_vaal
ISIC_0030407,nv,nv,0.00026826398,9.856426e-06,auto_accept,baseline_vaal
ISIC_0027279,bkl,bkl,0.0044649113,0.0008391168,auto_accept,baseline_vaal
ISIC_0031700,nv,bkl,0.04909811,0.0048208237,auto_accept,baseline_vaal
ISIC_0024493,nv,nv,0.041318696,4.003237e-05,auto_accept,baseline_vaal
ISIC_0034239,mel,mel,0.0019290246,0.9998846,escalate,baseline_vaal
ISIC_0032528,nv,nv,0.13255563,4.8251957e-05,auto_accept,baseline_vaal
ISIC_0030684,nv,nv,0.0026327483,6.742995e-06,auto_accept,baseline_vaal
ISIC_0025393,nv,nv,0.017063621,5.451229e-05,auto_accept,baseline_vaal
ISIC_0025571,nv,bkl,0.82634425,0.020226113,auto_accept,baseline_vaal
ISIC_0033641,nv,nv,0.6963354,0.06468583,auto_accept,baseline_vaal
ISIC_0029157,mel,mel,0.22941846,0.89845514,auto_accept,baseline_vaal
ISIC_0025235,mel,nv,0.0069336677,0.00018715658,auto_accept,baseline_vaal
ISIC_0028515,nv,nv,0.0012104496,3.157149e-08,auto_accept,baseline_vaal
ISIC_0026829,bcc,bcc,0.0499276,0.99865484,auto_accept,baseline_vaal
ISIC_0030945,nv,bkl,0.19494246,0.04369083,auto_accept,baseline_vaal
ISIC_0026633,nv,bkl,0.034856115,3.9781514e-07,auto_accept,baseline_vaal
ISIC_0029633,nv,bkl,0.00017967647,1.5970588e-06,auto_accept,baseline_vaal
ISIC_0025188,mel,nv,0.81651366,0.01262681,auto_accept,baseline_vaal
ISIC_0029739,nv,nv,3.6755897e-05,2.482475e-07,auto_accept,baseline_vaal
ISIC_0034206,nv,nv,0.01711393,9.45706e-05,auto_accept,baseline_vaal
ISIC_0031504,nv,nv,0.0037989165,4.4683547e-05,auto_accept,baseline_vaal
ISIC_0027147,nv,bkl,0.43275428,0.0006165804,auto_accept,baseline_vaal
ISIC_0026027,nv,nv,0.21157388,0.018968686,auto_accept,baseline_vaal
ISIC_0027760,bkl,akiec,0.7536665,0.61077416,auto_accept,baseline_vaal
ISIC_0028940,nv,nv,0.00025004978,1.6820472e-08,auto_accept,baseline_vaal
ISIC_0030277,mel,bkl,0.031672023,0.009095586,auto_accept,baseline_vaal
ISIC_0027006,bkl,bkl,0.0002056666,1.5651636e-05,escalate,baseline_vaal
ISIC_0031058,nv,nv,0.000418737,2.2291001e-06,auto_accept,baseline_vaal
ISIC_0026795,nv,nv,0.008969902,0.00041899775,escalate,baseline_vaal
ISIC_0029900,akiec,akiec,0.0073577934,0.99998736,auto_accept,baseline_vaal
ISIC_0030204,nv,nv,0.70293045,0.00034813883,auto_accept,baseline_vaal
ISIC_0028301,nv,nv,7.688956e-06,1.5864549e-08,auto_accept,baseline_vaal
ISIC_0032161,nv,nv,1.2141886e-05,5.8403726e-09,auto_accept,baseline_vaal
ISIC_0029191,nv,nv,0.38494113,3.787451e-05,auto_accept,baseline_vaal
ISIC_0025334,nv,nv,2.2019591e-08,8.090529e-12,auto_accept,baseline_vaal
ISIC_0027193,nv,nv,1.381551e-08,4.942267e-15,auto_accept,baseline_vaal
ISIC_0026963,mel,bkl,0.0016979391,0.00025790656,auto_accept,baseline_vaal
ISIC_0030054,nv,nv,5.9827707e-06,1.5122408e-09,auto_accept,baseline_vaal
ISIC_0026345,nv,nv,0.0018809628,2.5575291e-05,auto_accept,baseline_vaal
ISIC_0025102,bcc,bcc,0.00076358713,0.9998265,auto_accept,baseline_vaal
ISIC_0026807,nv,nv,0.0047827144,1.4326748e-06,escalate,baseline_vaal
ISIC_0031821,mel,mel,0.017726526,0.99731666,auto_accept,baseline_vaal
ISIC_0029981,nv,nv,0.018093908,0.00020671182,auto_accept,baseline_vaal
ISIC_0027384,nv,nv,0.0009874017,7.146704e-06,auto_accept,baseline_vaal
ISIC_0029116,nv,nv,0.00012729307,1.9617194e-06,auto_accept,baseline_vaal
ISIC_0024951,mel,df,1.2383826,0.4637164,auto_accept,baseline_vaal
ISIC_0027780,bkl,bkl,0.03808877,0.0075219963,auto_accept,baseline_vaal
ISIC_0031756,nv,mel,0.022416893,0.99708766,escalate,baseline_vaal
ISIC_0027941,nv,nv,0.005814316,0.00014514901,auto_accept,baseline_vaal
ISIC_0029782,nv,nv,0.0005501722,5.752759e-05,auto_accept,baseline_vaal
ISIC_0027153,nv,nv,8.963052e-06,5.7501e-09,auto_accept,baseline_vaal
ISIC_0028019,nv,nv,1.381551e-08,3.477734e-13,auto_accept,baseline_vaal
ISIC_0025447,nv,nv,1.3234585e-05,3.1464964e-08,auto_accept,baseline_vaal
ISIC_0026168,nv,nv,0.00015996068,9.0589744e-08,auto_accept,baseline_vaal
ISIC_0032957,nv,bkl,0.084748216,3.1691663e-06,auto_accept,baseline_vaal
ISIC_0032506,nv,nv,2.0034788e-06,1.0086226e-10,escalate,baseline_vaal
ISIC_0028730,akiec,akiec,1.0719776,0.95363885,auto_accept,baseline_vaal
ISIC_0025769,nv,nv,0.0050711394,0.0002586093,auto_accept,baseline_vaal
ISIC_0029653,nv,nv,0.055185802,4.864662e-05,auto_accept,baseline_vaal
ISIC_0028483,nv,nv,0.0034575688,4.1522868e-05,auto_accept,baseline_vaal
ISIC_0032514,bkl,mel,0.011033659,0.99906665,auto_accept,baseline_vaal
ISIC_0028537,mel,df,0.7312885,0.8066942,escalate,baseline_vaal
ISIC_0024976,nv,nv,0.0017454572,1.915222e-06,auto_accept,baseline_vaal
ISIC_0032865,nv,nv,0.0067659006,0.00044120644,auto_accept,baseline_vaal
ISIC_0031867,nv,mel,0.651288,0.55546826,auto_accept,baseline_vaal
ISIC_0032006,bkl,bkl,0.00090402376,1.6450838e-05,auto_accept,baseline_vaal
ISIC_0024434,nv,nv,9.790482e-05,2.7879584e-13,auto_accept,baseline_vaal
ISIC_0028298,nv,nv,0.0003145896,2.7182872e-07,auto_accept,baseline_vaal
ISIC_0033927,nv,nv,0.00021861697,4.66077e-06,auto_accept,baseline_vaal
ISIC_0031422,nv,bkl,0.018458929,0.0005403604,auto_accept,baseline_vaal
ISIC_0024405,nv,nv,0.008810636,0.0003415805,auto_accept,baseline_vaal
ISIC_0031415,nv,nv,3.8588052e-08,7.266163e-12,auto_accept,baseline_vaal
ISIC_0031317,nv,mel,0.73673093,0.93380123,auto_accept,baseline_vaal
ISIC_0032362,nv,nv,0.20582432,0.0009853311,auto_accept,baseline_vaal
ISIC_0027879,nv,nv,3.2608502e-06,1.2274498e-08,auto_accept,baseline_vaal
ISIC_0028673,nv,nv,0.22542018,0.025331754,auto_accept,baseline_vaal
ISIC_0031335,akiec,bkl,1.1360455,0.73256725,auto_accept,baseline_vaal
ISIC_0031742,nv,bcc,1.5330707,0.9772354,auto_accept,baseline_vaal
ISIC_0029243,bkl,bkl,0.03183352,0.02218186,escalate,baseline_vaal
ISIC_0032678,nv,nv,0.015154095,0.0012280665,auto_accept,baseline_vaal
ISIC_0030034,mel,nv,0.024586469,1.1516566e-06,auto_accept,baseline_vaal
ISIC_0029967,df,df,0.0052845785,0.0033811247,auto_accept,baseline_vaal
ISIC_0030421,nv,nv,0.00026137964,3.2954506e-07,auto_accept,baseline_vaal
ISIC_0030461,nv,nv,3.6093436e-08,1.911881e-13,auto_accept,baseline_vaal
ISIC_0025601,bcc,nv,0.7731715,0.081647165,auto_accept,baseline_vaal
ISIC_0028028,nv,nv,1.381551e-08,7.0917454e-14,auto_accept,baseline_vaal
ISIC_0031180,nv,nv,0.006528242,2.0886488e-05,auto_accept,baseline_vaal
ISIC_0034020,nv,nv,0.34320182,0.008618473,auto_accept,baseline_vaal
ISIC_0028597,nv,nv,0.00023844354,1.1850649e-06,auto_accept,baseline_vaal
ISIC_0026864,nv,nv,2.4167262e-05,8.7762375e-09,auto_accept,baseline_vaal
ISIC_0025952,nv,nv,0.0023450684,4.293868e-05,auto_accept,baseline_vaal
ISIC_0026095,nv,nv,1.7221792e-08,8.225537e-13,auto_accept,baseline_vaal
ISIC_0025618,nv,bkl,0.67219126,1.1572128e-09,escalate,baseline_vaal
ISIC_0026187,nv,bkl,0.8785243,0.00068837253,auto_accept,baseline_vaal
ISIC_0029936,nv,nv,0.07847202,0.010034211,auto_accept,baseline_vaal
ISIC_0029167,nv,nv,2.360893e-06,7.7043927e-10,escalate,baseline_vaal
ISIC_0031656,nv,nv,0.00016008798,1.2033986e-06,auto_accept,baseline_vaal
ISIC_0031419,nv,nv,5.8306823e-06,3.5834036e-09,auto_accept,baseline_vaal
ISIC_0026988,bcc,bcc,3.719411e-05,0.9999926,auto_accept,baseline_vaal
ISIC_0034254,nv,bkl,0.97489387,0.039595716,auto_accept,baseline_vaal
ISIC_0025280,nv,nv,0.051990967,0.0004961116,auto_accept,baseline_vaal
ISIC_0032380,nv,nv,0.0001250128,1.1009297e-06,auto_accept,baseline_vaal
ISIC_0027240,nv,bcc,0.72036755,0.96032697,auto_accept,baseline_vaal
ISIC_0024710,akiec,akiec,0.9611016,0.9983676,auto_accept,baseline_vaal
ISIC_0033810,df,df,3.743914e-05,2.95737e-05,auto_accept,baseline_vaal
ISIC_0031639,bkl,bkl,0.0036037453,0.0011874806,escalate,baseline_vaal
ISIC_0027132,nv,nv,1.381551e-08,9.40979e-19,auto_accept,baseline_vaal
ISIC_0027998,bcc,bcc,3.7701534e-06,0.99999845,escalate,baseline_vaal
ISIC_0028339,nv,nv,1.9502843e-06,5.339317e-09,auto_accept,baseline_vaal
ISIC_0033628,nv,nv,3.319274e-05,3.5675907e-07,auto_accept,baseline_vaal
ISIC_0028047,nv,nv,0.0136405565,0.00024761524,auto_accept,baseline_vaal
ISIC_0026559,nv,bkl,0.7799857,0.012371067,auto_accept,baseline_vaal
ISIC_0026434,nv,nv,0.0077016153,0.0002579078,auto_accept,baseline_vaal
ISIC_0031150,bkl,bkl,0.049068637,0.00069729413,auto_accept,baseline_vaal
ISIC_0029706,nv,nv,0.0011382302,4.4240473e-06,auto_accept,baseline_vaal
ISIC_0028603,nv,nv,0.04896419,5.4225417e-05,auto_accept,baseline_vaal
ISIC_0030098,nv,nv,0.0017856312,3.3052766e-05,auto_accept,baseline_vaal
ISIC_0032273,nv,nv,0.10799162,0.004514655,auto_accept,baseline_vaal
ISIC_0025805,bkl,bkl,0.7370636,0.2693092,auto_accept,baseline_vaal
ISIC_0024876,nv,vasc,0.6005561,0.0016290328,auto_accept,baseline_vaal
ISIC_0026175,nv,nv,5.126881e-07,8.7325025e-10,auto_accept,baseline_vaal
ISIC_0026816,nv,nv,0.7992904,0.15324435,auto_accept,baseline_vaal
ISIC_0029498,nv,nv,0.020266648,0.0005520657,auto_accept,baseline_vaal
ISIC_0024452,bcc,bcc,0.0002695458,0.9998956,auto_accept,baseline_vaal
ISIC_0028934,nv,nv,0.0001856039,1.1372164e-06,auto_accept,baseline_vaal
ISIC_0027278,nv,nv,0.123104356,0.00095066114,auto_accept,baseline_vaal
ISIC_0032840,mel,mel,0.0031676076,0.99984396,escalate,baseline_vaal
ISIC_0032434,nv,nv,0.013379365,3.96376e-05,auto_accept,baseline_vaal
ISIC_0029083,bcc,bcc,4.3062435e-05,0.99999726,auto_accept,baseline_vaal
ISIC_0027689,nv,nv,0.0086042425,0.0003347375,auto_accept,baseline_vaal
ISIC_0028086,mel,mel,0.0026297567,0.9996921,auto_accept,baseline_vaal
ISIC_0026005,nv,nv,0.00015543256,2.6173966e-06,auto_accept,baseline_vaal
ISIC_0025648,nv,nv,3.5542644e-06,6.030468e-09,auto_accept,baseline_vaal
ISIC_0025784,nv,mel,1.5472195,0.74839234,auto_accept,baseline_vaal
ISIC_0027733,nv,nv,1.9881895e-06,6.358831e-10,auto_accept,baseline_vaal
ISIC_0026384,nv,nv,0.04055157,0.0037614696,auto_accept,baseline_vaal
ISIC_0029590,nv,nv,0.033928286,0.00021262566,auto_accept,baseline_vaal
ISIC_0027313,nv,nv,0.014434738,0.00026174326,auto_accept,baseline_vaal
ISIC_0033900,bkl,bkl,0.029336832,0.007113968,auto_accept,baseline_vaal
ISIC_0027453,nv,nv,0.016534595,0.0014507214,auto_accept,baseline_vaal
ISIC_0029999,nv,nv,0.00019630462,4.7009988e-07,auto_accept,baseline_vaal
ISIC_0031402,nv,nv,0.0014057473,2.2625503e-05,auto_accept,baseline_vaal
ISIC_0033845,nv,nv,0.25137544,0.008489424,auto_accept,baseline_vaal
ISIC_0030733,nv,nv,0.39598215,0.052228775,auto_accept,baseline_vaal
ISIC_0026678,nv,nv,0.0484219,0.006313485,auto_accept,baseline_vaal
ISIC_0030927,nv,nv,0.00025023211,4.936062e-06,auto_accept,baseline_vaal
ISIC_0027744,bcc,bcc,0.0003514842,0.99995685,auto_accept,baseline_vaal
ISIC_0026657,nv,nv,0.020112734,0.00023341365,auto_accept,baseline_vaal
ISIC_0026053,nv,nv,0.5918651,0.0037612517,auto_accept,baseline_vaal
ISIC_0032489,nv,mel,1.0534654,0.385627,auto_accept,baseline_vaal
ISIC_0026124,nv,bkl,1.2532699,0.4047386,auto_accept,baseline_vaal
ISIC_0029669,bcc,bcc,0.03473311,0.97912973,auto_accept,baseline_vaal
ISIC_0026335,bkl,bkl,0.01803054,6.608226e-05,auto_accept,baseline_vaal
ISIC_0024558,nv,nv,5.439109e-05,3.6069738e-07,auto_accept,baseline_vaal
ISIC_0033009,nv,mel,0.6530228,0.5500505,auto_accept,baseline_vaal
ISIC_0029690,nv,nv,0.0003235062,2.3359207e-06,auto_accept,baseline_vaal
ISIC_0033915,nv,nv,0.6607029,0.12693788,auto_accept,baseline_vaal
ISIC_0030340,nv,bkl,0.62225425,0.021468392,auto_accept,baseline_vaal
ISIC_0028709,mel,bcc,0.39638332,0.51141787,auto_accept,baseline_vaal
ISIC_0033904,nv,nv,0.31465384,0.00045755904,auto_accept,baseline_vaal
ISIC_0029237,nv,nv,0.0019426189,3.8672424e-05,auto_accept,baseline_vaal
ISIC_0034064,mel,nv,0.22043742,0.09461833,auto_accept,baseline_vaal
ISIC_0026370,nv,nv,0.09520872,0.0024250343,auto_accept,baseline_vaal
ISIC_0030131,nv,nv,0.0011074557,1.8809094e-05,auto_accept,baseline_vaal
ISIC_0031986,bcc,bcc,0.0008403422,0.99985933,auto_accept,baseline_vaal
ISIC_0034228,nv,nv,0.5595999,0.00014936851,auto_accept,baseline_vaal
ISIC_0026442,bcc,bcc,8.3285835e-05,0.99995506,auto_accept,baseline_vaal
ISIC_0026378,bkl,bkl,0.0070516723,0.0006573041,auto_accept,baseline_vaal
ISIC_0029449,nv,nv,2.6126693e-07,5.38727e-10,auto_accept,baseline_vaal
ISIC_0027732,nv,nv,1.8538736e-06,1.588532e-08,auto_accept,baseline_vaal
ISIC_0032166,nv,nv,0.00019452613,2.3720901e-07,auto_accept,baseline_vaal
ISIC_0027575,nv,nv,0.002688415,1.9480932e-07,auto_accept,baseline_vaal
ISIC_0024357,nv,bkl,0.65761876,0.00024702388,auto_accept,baseline_vaal
ISIC_0031250,nv,nv,0.0034222614,2.5972113e-07,auto_accept,baseline_vaal
ISIC_0025721,nv,nv,0.00052326673,1.5092056e-05,auto_accept,baseline_vaal
ISIC_0027886,nv,nv,0.00022162875,7.1614284e-07,auto_accept,baseline_vaal
ISIC_0030650,nv,nv,0.00041025653,2.0998793e-06,escalate,baseline_vaal
ISIC_0025215,nv,nv,0.41916063,2.9727978e-09,auto_accept,baseline_vaal
ISIC_0029244,nv,nv,0.014017172,0.00017148143,auto_accept,baseline_vaal
ISIC_0028720,nv,mel,0.71476793,0.32404155,auto_accept,baseline_vaal
ISIC_0029573,akiec,bcc,1.4078099,0.8572431,auto_accept,baseline_vaal
ISIC_0024853,mel,bkl,0.44973963,0.23137997,auto_accept,baseline_vaal
ISIC_0027585,nv,nv,0.015334236,2.6438653e-05,auto_accept,baseline_vaal
ISIC_0030081,bkl,bkl,1.3422269,0.2827189,auto_accept,baseline_vaal
ISIC_0029386,nv,nv,0.00039247837,4.020306e-06,auto_accept,baseline_vaal
ISIC_0030688,nv,nv,0.1758591,0.016186925,auto_accept,baseline_vaal
ISIC_0032476,mel,mel,0.8306439,0.4579366,auto_accept,baseline_vaal
ISIC_0025931,nv,nv,9.622643e-06,4.938704e-08,auto_accept,baseline_vaal
ISIC_0027021,mel,bcc,0.77238655,0.99427265,auto_accept,baseline_vaal
ISIC_0026861,bkl,akiec,0.813019,0.993786,auto_accept,baseline_vaal
ISIC_0032712,nv,nv,0.29618093,0.05166924,escalate,baseline_vaal
ISIC_0033584,nv,nv,0.8937378,0.021779966,auto_accept,baseline_vaal
ISIC_0028950,nv,nv,2.1845673e-07,1.5670108e-10,auto_accept,baseline_vaal
ISIC_0032802,nv,nv,0.22493073,0.0032947718,auto_accept,baseline_vaal
ISIC_0031412,nv,nv,0.11866608,5.5633733e-05,auto_accept,baseline_vaal
ISIC_0028348,nv,nv,2.164184e-07,1.0493023e-09,auto_accept,baseline_vaal
ISIC_0033799,nv,nv,0.38180447,0.09080396,auto_accept,baseline_vaal
ISIC_0029190,nv,nv,0.113933064,0.00016332418,auto_accept,baseline_vaal
ISIC_0025453,nv,nv,0.3095028,0.00177353,auto_accept,baseline_vaal
ISIC_0028282,nv,nv,0.76365644,0.018971123,auto_accept,baseline_vaal
ISIC_0034015,bcc,bkl,0.6205692,0.24244997,auto_accept,baseline_vaal
ISIC_0026269,nv,nv,2.8764776e-05,1.1610519e-07,auto_accept,baseline_vaal
ISIC_0030191,akiec,bkl,1.1495726,0.6947789,auto_accept,baseline_vaal
ISIC_0028161,nv,nv,0.0031701596,2.993045e-06,escalate,baseline_vaal
ISIC_0024709,bkl,bkl,1.0920479,0.5969258,auto_accept,baseline_vaal
ISIC_0025033,bkl,nv,0.020491237,0.00033659543,auto_accept,baseline_vaal
ISIC_0029617,bkl,nv,1.3554875,0.15218203,auto_accept,baseline_vaal
ISIC_0026359,nv,nv,0.7191957,0.14774069,auto_accept,baseline_vaal
ISIC_0030911,nv,nv,0.07507285,0.0020171343,auto_accept,baseline_vaal
ISIC_0029595,nv,nv,6.331307e-05,5.9638415e-07,auto_accept,baseline_vaal
ISIC_0033778,bkl,nv,0.21996683,0.0018676034,escalate,baseline_vaal
ISIC_0030486,mel,mel,0.9341217,0.99463093,escalate,baseline_vaal
ISIC_0033040,nv,nv,0.31302202,0.025704583,auto_accept,baseline_vaal
ISIC_0029818,nv,nv,0.5428852,0.008438386,auto_accept,baseline_vaal
ISIC_0032319,nv,nv,1.381551e-08,1.4908883e-15,auto_accept,baseline_vaal
ISIC_0031287,bkl,nv,0.39166236,0.037566945,auto_accept,baseline_vaal
ISIC_0034168,bkl,nv,0.15497452,0.0023742942,auto_accept,baseline_vaal
ISIC_0031558,bkl,nv,0.022356361,8.0177786e-05,auto_accept,baseline_vaal
ISIC_0029675,nv,nv,1.2994988e-05,1.0699295e-07,auto_accept,baseline_vaal
ISIC_0028655,mel,mel,0.4484297,0.8455224,auto_accept,baseline_vaal
ISIC_0033878,mel,mel,0.07958712,0.9941506,auto_accept,baseline_vaal
ISIC_0032176,nv,bkl,0.45460957,0.0007835497,auto_accept,baseline_vaal
ISIC_0027817,nv,nv,0.003856523,2.8598119e-05,auto_accept,baseline_vaal
ISIC_0033946,mel,mel,0.00067771977,0.9998192,escalate,baseline_vaal
ISIC_0026328,nv,nv,0.019976292,0.00016367901,escalate,baseline_vaal
ISIC_0025258,nv,nv,0.0009262756,1.0245544e-07,auto_accept,baseline_vaal
ISIC_0028982,nv,nv,0.4054723,0.09270683,auto_accept,baseline_vaal
ISIC_0032469,nv,nv,0.0058764736,2.3014786e-06,auto_accept,baseline_vaal
ISIC_0025658,nv,nv,0.00015023281,1.2691876e-06,auto_accept,baseline_vaal
ISIC_0028154,nv,nv,0.74352044,9.783885e-05,auto_accept,baseline_vaal
ISIC_0029845,nv,nv,0.29970294,0.058725584,auto_accept,baseline_vaal
ISIC_0028147,bcc,bcc,0.22289503,0.68402463,auto_accept,baseline_vaal
ISIC_0030279,nv,nv,0.11722169,0.00037266364,auto_accept,baseline_vaal
ISIC_0030556,nv,nv,0.026183419,0.00063509896,auto_accept,baseline_vaal
ISIC_0029111,nv,nv,0.1569828,8.830199e-05,auto_accept,baseline_vaal
ISIC_0032457,nv,nv,0.05578645,1.1522639e-05,auto_accept,baseline_vaal
ISIC_0032980,nv,nv,0.08587197,0.0017326485,auto_accept,baseline_vaal
ISIC_0031510,nv,mel,0.20546828,0.952446,auto_accept,baseline_vaal
ISIC_0032167,nv,nv,0.0003676889,5.843149e-06,auto_accept,baseline_vaal
ISIC_0028443,nv,nv,0.02647244,9.1230024e-05,escalate,baseline_vaal
ISIC_0031357,nv,nv,1.381551e-08,1.8842625e-13,auto_accept,baseline_vaal
ISIC_0027665,vasc,vasc,0.00040865474,6.530712e-08,auto_accept,baseline_vaal
ISIC_0032612,nv,nv,0.0013803183,1.45800295e-05,auto_accept,baseline_vaal
ISIC_0030521,mel,nv,0.045195125,0.00022684516,auto_accept,baseline_vaal
ISIC_0028068,nv,nv,9.481853e-05,3.8041367e-07,auto_accept,baseline_vaal
ISIC_0026872,akiec,akiec,0.6362934,0.9400688,auto_accept,baseline_vaal
ISIC_0032356,akiec,akiec,0.0028555559,0.9998591,auto_accept,baseline_vaal
ISIC_0028141,nv,mel,0.23964582,0.95728487,escalate,baseline_vaal
ISIC_0033691,bkl,bcc,1.3918874,0.9338492,escalate,baseline_vaal
ISIC_0026284,nv,nv,0.003231042,6.3271844e-05,auto_accept,baseline_vaal
ISIC_0027686,nv,akiec,0.7437032,0.9057537,auto_accept,baseline_vaal
ISIC_0024601,nv,nv,0.0005328453,2.0433638e-06,auto_accept,baseline_vaal
ISIC_0024395,nv,nv,0.05837713,0.00029373975,auto_accept,baseline_vaal
ISIC_0030325,nv,nv,2.0483507e-05,3.3976605e-08,auto_accept,baseline_vaal
ISIC_0027304,nv,nv,0.05620757,0.0058020786,auto_accept,baseline_vaal
ISIC_0029089,mel,mel,1.6165957,0.80210334,auto_accept,baseline_vaal
ISIC_0032546,nv,nv,0.97717917,0.17936516,auto_accept,baseline_vaal
ISIC_0033377,mel,bkl,0.6857912,0.72720623,auto_accept,baseline_vaal
ISIC_0027977,nv,nv,7.843459e-05,8.215221e-09,auto_accept,baseline_vaal
ISIC_0026108,nv,nv,0.00039671277,2.472282e-08,escalate,baseline_vaal
ISIC_0034217,nv,nv,0.00047506718,3.0486183e-06,auto_accept,baseline_vaal
ISIC_0026046,bkl,bkl,0.00071899453,8.22688e-06,auto_accept,baseline_vaal
ISIC_0026757,nv,nv,0.0740748,0.0010917842,auto_accept,baseline_vaal
ISIC_0030577,nv,nv,0.0004130501,6.0431585e-06,auto_accept,baseline_vaal
ISIC_0029612,bkl,bkl,0.021184865,0.0016908853,auto_accept,baseline_vaal
ISIC_0032752,nv,nv,0.048441567,0.0001108589,auto_accept,baseline_vaal
ISIC_0025761,nv,nv,0.0013668173,7.7268205e-06,auto_accept,baseline_vaal
ISIC_0033600,nv,mel,0.75142694,0.629449,auto_accept,baseline_vaal
ISIC_0031787,nv,nv,0.0018164095,1.2465634e-07,auto_accept,baseline_vaal
ISIC_0026012,nv,nv,0.001058695,9.1425255e-07,auto_accept,baseline_vaal
ISIC_0029281,mel,bkl,0.5727299,0.11695761,auto_accept,baseline_vaal
ISIC_0028540,nv,nv,0.017784636,0.00084481627,auto_accept,baseline_vaal
ISIC_0027322,nv,nv,0.07297275,0.00018579955,auto_accept,baseline_vaal
ISIC_0029526,nv,nv,1.601977e-06,2.483406e-09,auto_accept,baseline_vaal
ISIC_0027036,nv,mel,0.50698286,0.8656108,auto_accept,baseline_vaal
ISIC_0027075,nv,nv,3.951413e-07,2.9344654e-10,auto_accept,baseline_vaal
ISIC_0029522,bkl,nv,0.27618253,0.0035697015,escalate,baseline_vaal
ISIC_0028560,bkl,bkl,0.102701455,0.06625695,auto_accept,baseline_vaal
ISIC_0030835,bkl,bkl,0.034494843,3.100076e-05,auto_accept,baseline_vaal
ISIC_0030509,nv,nv,0.0011955583,3.67694e-05,auto_accept,baseline_vaal
ISIC_0024821,nv,bkl,0.54934275,6.5615095e-06,auto_accept,baseline_vaal
ISIC_0029783,df,df,0.19182876,0.11832374,auto_accept,baseline_vaal
ISIC_0033767,nv,nv,0.0068379417,0.00032326323,auto_accept,baseline_vaal
ISIC_0026205,bkl,bkl,0.69036645,6.0802377e-05,auto_accept,baseline_vaal
ISIC_0027511,nv,nv,0.00032913266,7.6845197e-07,auto_accept,baseline_vaal
ISIC_0025883,bkl,bkl,0.002893396,4.9711765e-08,auto_accept,baseline_vaal
ISIC_0034089,mel,bkl,1.3213996,0.2844684,auto_accept,baseline_vaal
ISIC_0026619,nv,nv,9.065015e-06,1.08430626e-07,escalate,baseline_vaal
ISIC_0034029,nv,nv,0.40987766,0.011110628,auto_accept,baseline_vaal
ISIC_0025759,nv,nv,0.12779991,6.314514e-05,auto_accept,baseline_vaal
ISIC_0030480,nv,nv,7.822324e-05,7.61692e-07,auto_accept,baseline_vaal
ISIC_0032686,nv,nv,0.26954293,0.08234229,auto_accept,baseline_vaal
ISIC_0025828,nv,nv,1.381551e-08,7.4931803e-13,auto_accept,baseline_vaal
ISIC_0028169,nv,nv,1.9434175e-07,3.0349338e-11,auto_accept,baseline_vaal
ISIC_0033792,nv,nv,0.07791935,0.0022765384,auto_accept,baseline_vaal
ISIC_0028093,nv,nv,1.381551e-08,1.32937704e-14,auto_accept,baseline_vaal
ISIC_0032901,nv,nv,0.30152357,0.019780861,auto_accept,baseline_vaal
ISIC_0026298,bkl,akiec,0.0011723072,0.9999869,auto_accept,baseline_vaal
ISIC_0026774,mel,nv,0.14310952,0.008936807,auto_accept,baseline_vaal
ISIC_0031731,nv,nv,1.7534721e-07,8.595797e-12,auto_accept,baseline_vaal
ISIC_0028392,nv,nv,0.0021733732,5.5223377e-06,auto_accept,baseline_vaal
ISIC_0027202,bkl,bkl,0.0076008537,0.0030743997,auto_accept,baseline_vaal
ISIC_0028641,nv,nv,0.026811296,0.0023869139,auto_accept,baseline_vaal
ISIC_0033111,nv,nv,0.012122401,0.00024688282,auto_accept,baseline_vaal
ISIC_0033424,mel,bkl,0.40394112,0.20535429,auto_accept,baseline_vaal
ISIC_0028905,nv,nv,0.020942321,0.00045472797,auto_accept,baseline_vaal
ISIC_0028383,nv,nv,0.0009330706,5.9123477e-06,auto_accept,baseline_vaal
ISIC_0032330,bkl,bkl,0.02819686,4.314074e-05,auto_accept,baseline_vaal
ISIC_0027025,bkl,bkl,0.004180234,0.0002637785,auto_accept,baseline_vaal
ISIC_0033648,nv,mel,0.009289679,0.99925417,auto_accept,baseline_vaal
ISIC_0025306,nv,nv,1.978426e-06,1.0538431e-09,auto_accept,baseline_vaal
ISIC_0027392,bkl,bkl,0.032558057,0.038220864,auto_accept,baseline_vaal
ISIC_0034178,nv,nv,1.0199825,0.12729795,auto_accept,baseline_vaal
ISIC_0031089,nv,nv,1.22465935e-05,1.522481e-08,escalate,baseline_vaal
ISIC_0030593,nv,nv,0.02731289,0.0039675767,auto_accept,baseline_vaal
ISIC_0025889,nv,nv,9.6584095e-05,1.7276468e-08,auto_accept,baseline_vaal
ISIC_0032488,nv,nv,6.2659988e-06,2.6421667e-08,auto_accept,baseline_vaal
ISIC_0026220,nv,nv,1.6772337e-06,1.5223524e-09,auto_accept,baseline_vaal
ISIC_0025443,nv,nv,0.23602274,0.00015703864,auto_accept,baseline_vaal
ISIC_0031931,mel,akiec,0.91944575,0.83778524,auto_accept,baseline_vaal
ISIC_0029517,nv,nv,0.001171533,4.291373e-07,auto_accept,baseline_vaal
ISIC_0026283,nv,bkl,0.051666614,0.00019836269,auto_accept,baseline_vaal
ISIC_0032086,nv,bcc,1.0641056,0.7189959,auto_accept,baseline_vaal
ISIC_0029426,nv,nv,0.0004423781,6.173256e-07,auto_accept,baseline_vaal
ISIC_0027435,bkl,bkl,0.0038182773,0.00071667385,auto_accept,baseline_vaal
ISIC_0027789,nv,nv,0.1768083,8.2329214e-05,auto_accept,baseline_vaal
ISIC_0029698,mel,bcc,0.00422182,0.9985348,auto_accept,baseline_vaal
ISIC_0028400,nv,bkl,0.8833709,0.47322434,auto_accept,baseline_vaal
ISIC_0029017,mel,nv,0.040729497,0.0017388551,auto_accept,baseline_vaal
ISIC_0030134,mel,nv,0.6361441,0.04646352,escalate,baseline_vaal
ISIC_0028646,bkl,bkl,0.10129296,0.13112187,auto_accept,baseline_vaal
ISIC_0025851,bkl,bkl,0.47236818,0.0047937585,escalate,baseline_vaal
ISIC_0033044,nv,nv,0.84342265,0.031451903,auto_accept,baseline_vaal
ISIC_0032279,nv,nv,1.2139837,0.37311053,auto_accept,baseline_vaal
ISIC_0028449,bkl,bkl,0.00026242356,0.0009943173,auto_accept,baseline_vaal
ISIC_0024331,bcc,bcc,0.00086249446,0.999754,auto_accept,baseline_vaal
ISIC_0031389,mel,bcc,1.365567,0.72058505,auto_accept,baseline_vaal
ISIC_0025810,bkl,bkl,5.1084735e-05,2.9847115e-05,auto_accept,baseline_vaal
ISIC_0025610,nv,nv,0.8148595,0.14273386,auto_accept,baseline_vaal
ISIC_0031673,nv,nv,0.00014057662,1.5722987e-06,auto_accept,baseline_vaal
ISIC_0028007,nv,nv,6.5959524e-05,6.922784e-08,escalate,baseline_vaal
ISIC_0033461,nv,nv,0.05764367,0.0044940324,auto_accept,baseline_vaal
ISIC_0028168,bcc,bcc,0.033491734,0.99676836,auto_accept,baseline_vaal
ISIC_0028974,nv,nv,0.40366608,0.010548264,escalate,baseline_vaal
ISIC_0032125,nv,bcc,0.089022994,0.9982547,auto_accept,baseline_vaal
ISIC_0034014,nv,nv,0.09476631,0.0022038827,auto_accept,baseline_vaal
ISIC_0029079,nv,nv,0.18263239,0.002614859,auto_accept,baseline_vaal
ISIC_0025999,nv,nv,0.01833077,1.1251514e-05,auto_accept,baseline_vaal
ISIC_0031772,nv,nv,7.609867e-08,2.6278102e-10,auto_accept,baseline_vaal
ISIC_0031225,bcc,bcc,0.37183675,0.9464926,auto_accept,baseline_vaal
ISIC_0032592,mel,vasc,1.2444167,0.9783976,auto_accept,baseline_vaal
ISIC_0030559,nv,nv,1.704252e-05,6.2144025e-08,auto_accept,baseline_vaal
ISIC_0025663,mel,mel,0.22918433,0.9750329,auto_accept,baseline_vaal
ISIC_0029772,nv,nv,7.815195e-07,4.660996e-10,auto_accept,baseline_vaal
ISIC_0030851,nv,nv,0.06990727,0.010847871,auto_accept,baseline_vaal
ISIC_0030006,nv,nv,0.7854995,0.21351351,auto_accept,baseline_vaal
ISIC_0032334,nv,mel,0.23347335,0.93094754,auto_accept,baseline_vaal
ISIC_0029825,nv,mel,0.6493834,0.656093,auto_accept,baseline_vaal
ISIC_0027854,nv,nv,0.001028794,3.7413676e-07,auto_accept,baseline_vaal
ISIC_0029335,nv,nv,0.004885307,5.877297e-05,auto_accept,baseline_vaal
ISIC_0029668,nv,nv,6.1804494e-05,5.0143154e-08,auto_accept,baseline_vaal
ISIC_0028246,nv,nv,0.008839478,0.000117243224,auto_accept,baseline_vaal
ISIC_0027176,nv,nv,3.306749e-06,6.183635e-09,auto_accept,baseline_vaal
ISIC_0025500,mel,bkl,0.0099296095,0.003756866,auto_accept,baseline_vaal
ISIC_0031933,nv,mel,0.019491144,0.99611014,auto_accept,baseline_vaal
ISIC_0031762,bcc,bcc,0.0012103746,0.99980146,auto_accept,baseline_vaal
ISIC_0026720,akiec,bkl,0.31421754,0.30134466,auto_accept,baseline_vaal
ISIC_0029866,nv,nv,0.15384863,0.012828436,auto_accept,baseline_vaal
ISIC_0026922,nv,nv,0.038907565,0.001353871,auto_accept,baseline_vaal
ISIC_0029198,nv,nv,0.0006634249,5.0370227e-06,auto_accept,baseline_vaal
ISIC_0031105,nv,nv,0.0104084,2.4376102e-06,auto_accept,baseline_vaal
ISIC_0031436,bkl,bkl,0.102831185,0.002338548,auto_accept,baseline_vaal
ISIC_0026565,nv,nv,1.3305791e-07,3.2216263e-10,auto_accept,baseline_vaal
ISIC_0028567,mel,mel,0.27794874,0.9574648,auto_accept,baseline_vaal
ISIC_0030970,mel,bkl,0.15042752,0.11592571,auto_accept,baseline_vaal
ISIC_0030488,bkl,bkl,0.3398599,2.2896153e-05,auto_accept,baseline_vaal
ISIC_0028513,nv,nv,0.00015219112,2.2331415e-08,auto_accept,baseline_vaal
ISIC_0030068,nv,nv,0.0018012498,3.9234415e-05,escalate,baseline_vaal
ISIC_0029956,nv,nv,1.6499267e-06,2.5288377e-10,auto_accept,baseline_vaal
ISIC_0026765,akiec,akiec,0.44556704,0.99992645,auto_accept,baseline_vaal
ISIC_0034057,bkl,mel,0.7360861,0.95346045,auto_accept,baseline_vaal
ISIC_0033707,nv,nv,0.9601847,0.16478653,auto_accept,baseline_vaal
ISIC_0030909,nv,nv,0.23089653,0.00037650988,auto_accept,baseline_vaal
ISIC_0024577,nv,nv,0.6720626,0.28816456,auto_accept,baseline_vaal
ISIC_0031501,nv,bcc,0.68284404,0.95908797,auto_accept,baseline_vaal
ISIC_0027843,nv,nv,0.007239685,0.00031829256,escalate,baseline_vaal
ISIC_0031195,nv,nv,1.5847377e-06,1.016351e-10,auto_accept,baseline_vaal
ISIC_0025124,nv,nv,0.005107577,2.6287112e-06,auto_accept,baseline_vaal
ISIC_0026661,bkl,bkl,0.10041395,0.007205185,auto_accept,baseline_vaal
ISIC_0031584,bkl,bkl,0.065160476,0.0011239896,auto_accept,baseline_vaal
ISIC_0024531,nv,nv,1.381551e-08,4.2700493e-16,escalate,baseline_vaal
ISIC_0025460,nv,nv,9.03773e-06,4.749668e-08,auto_accept,baseline_vaal
ISIC_0026573,nv,nv,1.1115029,0.18906029,auto_accept,baseline_vaal
ISIC_0028185,nv,nv,0.25791186,0.00022032004,auto_accept,baseline_vaal
ISIC_0032582,nv,nv,0.16844685,2.7813916e-05,auto_accept,baseline_vaal
ISIC_0032092,bcc,akiec,0.49085316,0.99476284,auto_accept,baseline_vaal
ISIC_0032087,nv,nv,3.2878627e-06,1.2522392e-08,auto_accept,baseline_vaal
ISIC_0028618,nv,nv,0.012642586,0.0006396219,auto_accept,baseline_vaal
ISIC_0033492,nv,nv,0.7276984,0.32727766,auto_accept,baseline_vaal
ISIC_0029621,nv,nv,2.549132e-05,2.6128344e-08,auto_accept,baseline_vaal
ISIC_0026500,mel,mel,0.0025109013,0.9998919,auto_accept,baseline_vaal
ISIC_0033945,bkl,bkl,0.5477287,0.06312581,auto_accept,baseline_vaal
ISIC_0030449,nv,nv,0.0021928723,1.6985456e-05,auto_accept,baseline_vaal
ISIC_0027545,bcc,nv,0.9674173,0.035949677,auto_accept,baseline_vaal
ISIC_0030829,nv,nv,0.09991795,2.4469828e-06,auto_accept,baseline_vaal
ISIC_0031491,nv,nv,0.08921206,0.000493005,escalate,baseline_vaal
ISIC_0024550,bcc,bcc,0.6518966,0.9513371,auto_accept,baseline_vaal
ISIC_0031966,nv,nv,0.0015884296,2.349287e-06,auto_accept,baseline_vaal
ISIC_0025041,nv,nv,0.03998858,0.00033544668,auto_accept,baseline_vaal
ISIC_0028378,nv,nv,0.012378526,0.0011656266,auto_accept,baseline_vaal
ISIC_0027044,df,nv,0.76098025,0.00030389713,auto_accept,baseline_vaal
ISIC_0032780,nv,nv,0.44174525,0.08608141,escalate,baseline_vaal
ISIC_0034319,nv,nv,0.0411036,0.0031246021,auto_accept,baseline_vaal
ISIC_0026689,nv,nv,0.00016026029,3.3090492e-07,auto_accept,baseline_vaal
ISIC_0030489,nv,nv,0.00032184436,1.8988665e-06,auto_accept,baseline_vaal
ISIC_0032739,nv,nv,0.43992826,0.0421536,auto_accept,baseline_vaal
ISIC_0025242,nv,nv,2.6252748e-05,5.328393e-08,auto_accept,baseline_vaal
ISIC_0029680,bcc,bcc,0.81419635,0.80234426,auto_accept,baseline_vaal
ISIC_0030347,nv,nv,0.0061714025,8.18357e-05,auto_accept,baseline_vaal
ISIC_0033279,mel,mel,0.029544413,0.99582183,auto_accept,baseline_vaal
ISIC_0024470,akiec,akiec,0.6761565,0.9225631,escalate,baseline_vaal
ISIC_0029489,bcc,bcc,0.00071393524,0.9999223,auto_accept,baseline_vaal
ISIC_0027111,nv,nv,3.2359443e-05,6.543131e-08,auto_accept,baseline_vaal
ISIC_0030562,nv,nv,3.9479244e-05,2.4229289e-08,auto_accept,baseline_vaal
ISIC_0024522,akiec,bkl,0.4234022,0.08548154,auto_accept,baseline_vaal
ISIC_0034210,nv,nv,0.012800301,0.000267753,auto_accept,baseline_vaal
ISIC_0027844,nv,nv,1.381551e-08,2.3495903e-14,auto_accept,baseline_vaal
ISIC_0032206,akiec,mel,0.86985224,0.83180994,auto_accept,baseline_vaal
ISIC_0030125,nv,nv,0.07938027,3.222968e-09,auto_accept,baseline_vaal
ISIC_0027851,bcc,bkl,0.13464567,0.004608092,auto_accept,baseline_vaal
ISIC_0029765,nv,nv,0.00044541858,1.5059572e-06,auto_accept,baseline_vaal
ISIC_0027289,nv,nv,0.00013085743,8.5994105e-07,auto_accept,baseline_vaal
ISIC_0025483,nv,nv,1.9417144e-05,1.5677888e-09,auto_accept,baseline_vaal
ISIC_0031588,nv,nv,3.31167e-06,5.9360883e-10,escalate,baseline_vaal
ISIC_0032045,bkl,akiec,0.6358673,0.8750875,escalate,baseline_vaal
ISIC_0026057,nv,nv,0.00052441575,8.6218785e-07,auto_accept,baseline_vaal
ISIC_0024950,nv,nv,2.1374131e-05,5.196702e-10,auto_accept,baseline_vaal
ISIC_0025991,nv,nv,0.00017108384,2.4126958e-08,auto_accept,baseline_vaal
ISIC_0024488,nv,nv,0.0017255101,3.469363e-06,auto_accept,baseline_vaal
ISIC_0024351,mel,mel,0.015288699,0.99763703,auto_accept,baseline_vaal
ISIC_0027526,bcc,bcc,0.060007785,0.94385046,auto_accept,baseline_vaal
ISIC_0030515,nv,nv,3.7323036e-07,3.3690197e-09,auto_accept,baseline_vaal
ISIC_0026894,nv,nv,0.5657591,0.0024258094,auto_accept,baseline_vaal
ISIC_0024401,nv,nv,1.3796983e-06,1.3656375e-10,auto_accept,baseline_vaal
ISIC_0032687,mel,mel,0.26596263,0.894322,auto_accept,baseline_vaal
ISIC_0033745,nv,nv,0.003915179,4.7517856e-09,auto_accept,baseline_vaal
ISIC_0024918,mel,mel,0.14656349,0.9789067,auto_accept,baseline_vaal
ISIC_0027169,nv,nv,0.00025730275,1.2725093e-07,auto_accept,baseline_vaal
ISIC_0027069,mel,akiec,0.76876265,0.91218716,escalate,baseline_vaal
ISIC_0032757,bkl,nv,0.7324783,0.011571613,auto_accept,baseline_vaal
ISIC_0028231,akiec,mel,1.0074457,0.97978836,auto_accept,baseline_vaal
ISIC_0027944,nv,nv,7.293439e-05,3.8787533e-09,auto_accept,baseline_vaal
ISIC_0028545,nv,nv,0.17735277,0.017786905,escalate,baseline_vaal
ISIC_0032385,nv,nv,0.5677952,0.0075422167,auto_accept,baseline_vaal
ISIC_0033475,nv,nv,0.030899795,7.831002e-05,auto_accept,baseline_vaal
ISIC_0033711,nv,nv,0.09586965,0.0025918516,auto_accept,baseline_vaal
ISIC_0032796,nv,bcc,1.343819,0.78842497,auto_accept,baseline_vaal
ISIC_0031626,nv,nv,0.00047042282,3.883037e-06,auto_accept,baseline_vaal
ISIC_0033262,bkl,nv,0.074187785,4.3006417e-05,auto_accept,baseline_vaal
ISIC_0031367,nv,nv,0.018645661,0.00024138742,auto_accept,baseline_vaal
ISIC_0029085,nv,nv,5.82189e-06,4.336555e-09,auto_accept,baseline_vaal
ISIC_0027173,nv,nv,0.00065286906,9.807622e-06,auto_accept,baseline_vaal
ISIC_0030423,mel,mel,0.0023792654,0.99976987,auto_accept,baseline_vaal
ISIC_0032109,nv,mel,0.28147903,0.9290889,auto_accept,baseline_vaal
ISIC_0026058,nv,nv,6.0216484e-05,1.4543951e-07,auto_accept,baseline_vaal
ISIC_0032357,nv,nv,0.00047990264,1.3740437e-06,auto_accept,baseline_vaal
ISIC_0031472,nv,nv,3.0020935e-08,6.792822e-12,auto_accept,baseline_vaal
ISIC_0027583,nv,nv,1.6504725e-08,8.368144e-14,auto_accept,baseline_vaal
ISIC_0031608,nv,nv,1.16757965e-05,4.236368e-07,auto_accept,baseline_vaal
ISIC_0030936,nv,nv,7.915078e-06,1.5236546e-08,auto_accept,baseline_vaal
ISIC_0026123,nv,mel,0.25185677,0.9434656,auto_accept,baseline_vaal
ISIC_0031541,nv,nv,0.023818832,6.210952e-06,auto_accept,baseline_vaal
ISIC_0025371,nv,nv,0.0021173656,2.5263698e-05,auto_accept,baseline_vaal
ISIC_0024409,bkl,bkl,0.009437827,4.3341784e-06,auto_accept,baseline_vaal
ISIC_0031748,nv,nv,0.022608353,0.0019827515,auto_accept,baseline_vaal
ISIC_0026232,nv,nv,0.17945486,6.2834515e-06,auto_accept,baseline_vaal
ISIC_0029875,nv,nv,0.0011397375,8.844331e-06,auto_accept,baseline_vaal
ISIC_0025225,nv,nv,0.05677805,0.0012856153,auto_accept,baseline_vaal
ISIC_0028586,nv,nv,0.26441666,2.9578128e-05,auto_accept,baseline_vaal
ISIC_0034065,mel,mel,0.008256351,0.9989268,auto_accept,baseline_vaal
ISIC_0032458,nv,nv,0.00011204264,2.7905244e-08,escalate,baseline_vaal
ISIC_0033093,nv,mel,0.4338941,0.8934793,auto_accept,baseline_vaal
ISIC_0024907,nv,nv,0.0005044482,6.3460457e-06,auto_accept,baseline_vaal
ISIC_0032197,mel,mel,0.01834999,0.99903667,auto_accept,baseline_vaal
ISIC_0025699,bkl,nv,0.40523654,0.0459663,auto_accept,baseline_vaal
ISIC_0030012,nv,nv,0.0016521813,3.5677134e-05,auto_accept,baseline_vaal
ISIC_0032563,nv,nv,0.012064758,0.000113616064,auto_accept,baseline_vaal
ISIC_0030041,nv,nv,3.6254092e-05,3.311827e-08,auto_accept,baseline_vaal
ISIC_0029544,nv,bkl,0.4727232,0.06287108,auto_accept,baseline_vaal
ISIC_0030264,nv,nv,0.11707116,0.005310465,escalate,baseline_vaal
ISIC_0024486,nv,nv,0.008475533,0.00054674636,auto_accept,baseline_vaal
ISIC_0025900,nv,nv,7.919225e-05,4.6989638e-07,auto_accept,baseline_vaal
ISIC_0024971,bkl,bkl,0.004003368,0.0002403748,auto_accept,baseline_vaal
ISIC_0032786,nv,nv,0.0002536912,3.939085e-06,auto_accept,baseline_vaal
ISIC_0030839,nv,bkl,0.02379954,0.0049869902,auto_accept,baseline_vaal
ISIC_0028374,nv,nv,0.0114627,0.00086084526,auto_accept,baseline_vaal
ISIC_0033212,bkl,bkl,1.4531467e-05,3.348826e-06,auto_accept,baseline_vaal
ISIC_0032382,bkl,bkl,0.0003677622,0.0007560957,auto_accept,baseline_vaal
ISIC_0027233,nv,nv,2.177811e-06,3.6393202e-09,auto_accept,baseline_vaal
ISIC_0028371,nv,nv,0.21726122,0.036426105,auto_accept,baseline_vaal
ISIC_0024873,nv,nv,2.8698481e-05,2.4465942e-08,auto_accept,baseline_vaal
ISIC_0029779,bcc,vasc,0.01155663,7.049896e-05,auto_accept,baseline_vaal
ISIC_0029108,bkl,bkl,0.00089528237,6.658083e-05,auto_accept,baseline_vaal
ISIC_0027287,bkl,bkl,0.019954557,0.04612921,auto_accept,baseline_vaal
ISIC_0030955,nv,nv,1.01165315e-05,1.8373665e-08,auto_accept,baseline_vaal
ISIC_0025216,nv,nv,0.00079325953,4.1466083e-07,auto_accept,baseline_vaal
ISIC_0025897,nv,nv,6.9380644e-06,4.0198556e-09,auto_accept,baseline_vaal
ISIC_0031169,bcc,bcc,0.012988234,0.99428576,auto_accept,baseline_vaal
ISIC_0032403,nv,nv,0.0034770428,1.0513569e-05,auto_accept,baseline_vaal
ISIC_0030627,nv,nv,2.5407402e-05,3.1094871e-09,auto_accept,baseline_vaal
ISIC_0028230,nv,bkl,0.3810905,0.17399341,auto_accept,baseline_vaal
ISIC_0033113,nv,nv,0.015668673,0.0010683425,auto_accept,baseline_vaal
ISIC_0031620,bkl,bkl,0.0027348497,0.0013120876,auto_accept,baseline_vaal
ISIC_0031068,nv,nv,0.0067544677,9.530529e-06,auto_accept,baseline_vaal
ISIC_0026610,nv,bkl,0.42836604,0.00623092,auto_accept,baseline_vaal
ISIC_0025322,bcc,bcc,0.11845134,0.9558029,auto_accept,baseline_vaal
ISIC_0030129,mel,nv,0.705621,0.39019275,auto_accept,baseline_vaal
ISIC_0029957,nv,nv,0.00021464993,2.2913204e-07,auto_accept,baseline_vaal
ISIC_0027651,mel,nv,0.019314421,0.00019473587,auto_accept,baseline_vaal
ISIC_0027922,nv,bkl,0.4188692,0.0005769916,escalate,baseline_vaal
ISIC_0029567,akiec,akiec,0.004038523,0.99997616,auto_accept,baseline_vaal
ISIC_0030337,nv,nv,0.5444219,0.0020691818,auto_accept,baseline_vaal
ISIC_0031163,nv,mel,0.70428956,0.47269705,escalate,baseline_vaal
ISIC_0026351,bkl,mel,0.13749549,0.9727236,auto_accept,baseline_vaal
ISIC_0032486,bkl,bkl,0.43265378,0.22509444,auto_accept,baseline_vaal
ISIC_0024378,nv,nv,0.7854641,0.0009738189,auto_accept,baseline_vaal
ISIC_0027117,bcc,bcc,0.0053820256,0.9995328,auto_accept,baseline_vaal
ISIC_0034097,nv,akiec,0.81644523,0.6332771,auto_accept,baseline_vaal
ISIC_0026734,nv,nv,0.0031921766,1.043613e-05,auto_accept,baseline_vaal
ISIC_0033921,nv,nv,0.19235486,0.0017505018,auto_accept,baseline_vaal
ISIC_0034049,mel,mel,0.00012443938,0.9999635,auto_accept,baseline_vaal
ISIC_0028884,nv,nv,0.03572556,0.0005034311,auto_accept,baseline_vaal
ISIC_0031677,bkl,bkl,0.014441511,0.022272455,auto_accept,baseline_vaal
ISIC_0032742,nv,nv,0.00037783006,6.913269e-06,auto_accept,baseline_vaal
ISIC_0025042,nv,nv,9.651077e-06,5.8140447e-08,auto_accept,baseline_vaal
ISIC_0032673,nv,nv,0.32909042,0.04256914,auto_accept,baseline_vaal
ISIC_0033337,mel,mel,0.8326755,0.5498294,auto_accept,baseline_vaal
ISIC_0028150,nv,nv,0.67718077,0.0032714568,auto_accept,baseline_vaal
ISIC_0025172,nv,bcc,0.11104483,0.9978403,auto_accept,baseline_vaal
ISIC_0032634,nv,nv,0.33475947,0.00012331881,escalate,baseline_vaal
ISIC_0028039,nv,nv,7.9913684e-07,1.111936e-10,escalate,baseline_vaal
ISIC_0028910,nv,nv,3.8226003e-06,2.2504403e-09,auto_accept,baseline_vaal
ISIC_0034163,nv,nv,0.81481487,0.0023674932,auto_accept,baseline_vaal
ISIC_0026001,nv,nv,0.004540466,1.0254972e-05,auto_accept,baseline_vaal
ISIC_0029445,nv,nv,0.018177943,0.00041994583,auto_accept,baseline_vaal
ISIC_0031131,nv,akiec,0.091924824,0.97493017,auto_accept,baseline_vaal
ISIC_0029308,bkl,bkl,0.03420591,0.0039071552,auto_accept,baseline_vaal
ISIC_0024744,nv,nv,0.00011304472,1.4912241e-07,auto_accept,baseline_vaal
ISIC_0030539,mel,bkl,0.00036076928,0.0001984268,auto_accept,baseline_vaal
ISIC_0032755,nv,nv,0.90270936,0.29157838,auto_accept,baseline_vaal
ISIC_0028675,nv,nv,1.3317686,0.0046009775,auto_accept,baseline_vaal
ISIC_0024865,mel,mel,0.22401637,0.9126583,auto_accept,baseline_vaal
ISIC_0024667,nv,nv,0.038037483,0.0016892746,auto_accept,baseline_vaal
ISIC_0024761,bkl,bkl,0.098326184,0.0700754,auto_accept,baseline_vaal
ISIC_0031496,bkl,akiec,0.37015638,0.8928653,auto_accept,baseline_vaal
ISIC_0029995,mel,mel,1.0034212,0.97920495,escalate,baseline_vaal
ISIC_0027030,mel,mel,0.18040358,0.8876775,auto_accept,baseline_vaal
ISIC_0031708,nv,mel,0.70139086,0.4993312,auto_accept,baseline_vaal
ISIC_0025346,nv,bkl,1.3408264,0.43953705,auto_accept,baseline_vaal
ISIC_0032721,nv,mel,0.91046304,0.44842738,auto_accept,baseline_vaal
ISIC_0034189,bkl,mel,0.12899837,0.9893797,auto_accept,baseline_vaal
ISIC_0031129,nv,bcc,0.5903804,0.54297954,auto_accept,baseline_vaal
ISIC_0034273,nv,nv,0.47949013,0.107493915,auto_accept,baseline_vaal
ISIC_0026843,bkl,nv,1.2227341,0.1931586,auto_accept,baseline_vaal
ISIC_0033387,mel,nv,1.1091559,0.38941762,auto_accept,baseline_vaal
ISIC_0026645,akiec,bcc,0.46260932,0.99915135,auto_accept,baseline_vaal
ISIC_0031446,nv,nv,0.0015689381,1.7755918e-06,auto_accept,baseline_vaal
ISIC_0028649,nv,nv,0.030480614,0.0005996413,escalate,baseline_vaal
ISIC_0031008,bkl,bkl,0.00012783246,9.706376e-06,auto_accept,baseline_vaal
ISIC_0031440,nv,mel,0.3616488,0.9474362,auto_accept,baseline_vaal
ISIC_0029269,nv,bkl,0.6846535,0.011954902,auto_accept,baseline_vaal
ISIC_0028901,mel,nv,0.0623535,0.0018731796,escalate,baseline_vaal
ISIC_0032287,mel,nv,0.05778533,0.000101363294,auto_accept,baseline_vaal
ISIC_0027478,bcc,bcc,0.009902507,0.99657345,auto_accept,baseline_vaal
ISIC_0025653,nv,nv,0.6635574,0.03614403,auto_accept,baseline_vaal
ISIC_0033136,nv,vasc,1.3660737,0.3128686,auto_accept,baseline_vaal
ISIC_0033976,nv,nv,0.11721516,0.0057971426,auto_accept,baseline_vaal
ISIC_0029809,nv,nv,0.61951923,0.105957866,auto_accept,baseline_vaal
ISIC_0030580,nv,bkl,0.96877956,0.1830756,auto_accept,baseline_vaal
ISIC_0028495,bcc,bcc,0.00012871869,0.9999726,auto_accept,baseline_vaal
ISIC_0033414,bkl,mel,0.29447362,0.942195,auto_accept,baseline_vaal
ISIC_0030227,bkl,bkl,0.19892651,0.10335024,auto_accept,baseline_vaal
ISIC_0031804,nv,nv,0.0023017367,1.9887754e-07,auto_accept,baseline_vaal
ISIC_0025701,nv,nv,0.06504405,0.00069454213,auto_accept,baseline_vaal
ISIC_0024890,bkl,mel,0.186864,0.97417676,auto_accept,baseline_vaal
ISIC_0024567,nv,nv,0.00047700666,1.0523623e-06,escalate,baseline_vaal
ISIC_0024991,nv,nv,5.1259935e-08,3.639835e-12,auto_accept,baseline_vaal
ISIC_0028354,bkl,bkl,0.004614463,7.267545e-05,auto_accept,baseline_vaal
ISIC_0031022,nv,nv,0.00053556403,2.3131173e-08,auto_accept,baseline_vaal
ISIC_0031892,nv,nv,3.0308307e-05,7.504169e-08,auto_accept,baseline_vaal
ISIC_0033682,nv,nv,0.20195471,0.00081631955,auto_accept,baseline_vaal
ISIC_0030072,nv,nv,0.00043224505,5.410373e-08,auto_accept,baseline_vaal
ISIC_0027230,nv,nv,0.02059158,0.0003159561,auto_accept,baseline_vaal
ISIC_0029938,nv,nv,0.018988727,0.0004196819,escalate,baseline_vaal
ISIC_0026091,bcc,df,0.69496256,0.4181163,auto_accept,baseline_vaal
ISIC_0024714,nv,nv,0.55655915,3.1453732e-05,auto_accept,baseline_vaal
ISIC_0031081,nv,bkl,0.65201133,0.008532322,auto_accept,baseline_vaal
ISIC_0030077,nv,nv,0.006007958,0.00029617787,auto_accept,baseline_vaal
ISIC_0027601,bcc,bcc,7.64392e-05,0.9999604,auto_accept,baseline_vaal
ISIC_0030104,vasc,vasc,0.0038431734,9.1902297e-07,auto_accept,baseline_vaal
ISIC_0031205,nv,nv,0.000105998544,5.67188e-09,auto_accept,baseline_vaal
ISIC_0029176,bkl,bkl,0.008055292,0.00019327839,auto_accept,baseline_vaal
ISIC_0029201,bcc,vasc,0.019907309,0.0003531498,auto_accept,baseline_vaal
ISIC_0031119,akiec,mel,0.7480279,0.99849296,auto_accept,baseline_vaal
ISIC_0027424,nv,nv,9.554521e-06,3.9790446e-09,auto_accept,baseline_vaal
ISIC_0026946,nv,nv,1.8829576e-05,5.89931e-08,auto_accept,baseline_vaal
ISIC_0028458,nv,nv,4.2863353e-06,8.749913e-09,auto_accept,baseline_vaal
ISIC_0034153,nv,bcc,0.50845474,0.9300323,auto_accept,baseline_vaal
ISIC_0032846,nv,nv,0.87223804,0.051431865,auto_accept,baseline_vaal
ISIC_0033789,nv,nv,0.06720999,0.0055700806,auto_accept,baseline_vaal
ISIC_0026033,nv,nv,0.13981381,8.5239626e-05,auto_accept,baseline_vaal
ISIC_0026244,nv,nv,8.142404e-06,3.629492e-08,auto_accept,baseline_vaal
ISIC_0028287,nv,nv,0.015042347,0.00049117336,auto_accept,baseline_vaal
ISIC_0027013,nv,nv,0.0033483196,0.00017565998,auto_accept,baseline_vaal
ISIC_0025375,nv,nv,0.0019444955,9.644209e-05,escalate,baseline_vaal
ISIC_0030923,nv,bcc,0.90378386,0.47624037,auto_accept,baseline_vaal
ISIC_0028109,mel,mel,0.6531548,0.41766882,auto_accept,baseline_vaal
ISIC_0033084,akiec,bkl,0.083681114,0.038189344,auto_accept,baseline_vaal
ISIC_0026327,akiec,bcc,0.617839,0.9997105,auto_accept,baseline_vaal
ISIC_0024555,nv,nv,0.03266187,2.2336371e-06,auto_accept,baseline_vaal
ISIC_0030657,nv,nv,0.0025689357,2.9123155e-08,auto_accept,baseline_vaal
ISIC_0033421,nv,nv,0.41284275,0.023567386,auto_accept,baseline_vaal
ISIC_0027299,nv,nv,0.020509738,0.00041980433,auto_accept,baseline_vaal
ISIC_0031207,nv,nv,0.0011625228,3.5540215e-05,escalate,baseline_vaal
ISIC_0024446,bkl,bkl,0.05563423,0.0031537502,auto_accept,baseline_vaal
ISIC_0029104,nv,nv,0.23664053,0.00028824233,auto_accept,baseline_vaal
ISIC_0030723,bkl,bkl,0.00012834178,0.00038496617,escalate,baseline_vaal
ISIC_0033611,mel,mel,0.4185595,0.78129447,escalate,baseline_vaal
ISIC_0033554,df,df,9.805985e-06,6.1881133e-06,auto_accept,baseline_vaal
ISIC_0026724,nv,nv,1.381551e-08,2.4863132e-15,auto_accept,baseline_vaal
ISIC_0026339,nv,nv,1.549236e-05,1.1206414e-07,auto_accept,baseline_vaal
ISIC_0030550,nv,nv,2.5782985e-05,5.77752e-07,auto_accept,baseline_vaal
ISIC_0026525,akiec,akiec,0.05978505,0.9999995,auto_accept,baseline_vaal
ISIC_0025316,mel,nv,0.0055198474,0.00040293366,auto_accept,baseline_vaal
ISIC_0030770,vasc,vasc,0.0074015856,0.0001232918,auto_accept,baseline_vaal
ISIC_0032399,nv,nv,2.3645505e-06,3.7372105e-09,auto_accept,baseline_vaal
ISIC_0027644,nv,bkl,0.372548,0.0010732213,auto_accept,baseline_vaal
ISIC_0028319,nv,nv,0.021570459,1.6529972e-05,auto_accept,baseline_vaal
ISIC_0031667,nv,nv,0.060528807,0.0010371943,auto_accept,baseline_vaal
ISIC_0025089,akiec,akiec,0.018090466,0.99991226,auto_accept,baseline_vaal
ISIC_0029275,nv,nv,4.265864e-06,2.1509445e-08,auto_accept,baseline_vaal
ISIC_0031017,bkl,bkl,0.0048166118,0.006918028,auto_accept,baseline_vaal
ISIC_0031030,nv,nv,0.009394924,7.7203505e-05,auto_accept,baseline_vaal
ISIC_0029080,bkl,bkl,3.3868604e-05,0.0001661983,escalate,baseline_vaal
ISIC_0027204,mel,bkl,0.32643935,0.07767595,auto_accept,baseline_vaal
ISIC_0033670,mel,mel,0.04014261,0.99375373,auto_accept,baseline_vaal
ISIC_0031360,nv,nv,0.00031447533,1.01916726e-07,auto_accept,baseline_vaal
ISIC_0024858,nv,nv,0.00067154557,6.366547e-06,auto_accept,baseline_vaal
ISIC_0031852,akiec,nv,1.1899985,0.40336666,auto_accept,baseline_vaal
ISIC_0031622,nv,bkl,0.1754314,0.0005460391,auto_accept,baseline_vaal
ISIC_0034013,nv,nv,0.5877678,0.17413262,auto_accept,baseline_vaal
ISIC_0027885,nv,nv,6.340161e-07,3.0666816e-11,escalate,baseline_vaal
ISIC_0027337,bcc,bkl,0.24240264,0.0017661746,auto_accept,baseline_vaal
ISIC_0033168,nv,nv,0.56731343,0.018000945,escalate,baseline_vaal
ISIC_0026873,nv,nv,1.439769e-05,1.5787385e-09,auto_accept,baseline_vaal
ISIC_0026011,nv,nv,0.0006348712,5.471024e-06,escalate,baseline_vaal
ISIC_0027348,nv,nv,0.9866193,0.024285609,auto_accept,baseline_vaal
ISIC_0025020,nv,nv,0.042569924,0.0042825677,auto_accept,baseline_vaal
ISIC_0031566,nv,nv,7.974789e-06,1.061933e-08,auto_accept,baseline_vaal
ISIC_0027751,nv,nv,0.22524063,0.00014666967,auto_accept,baseline_vaal
ISIC_0028117,nv,bcc,0.22375032,0.97580904,auto_accept,baseline_vaal
ISIC_0031041,bcc,bcc,0.0004787372,0.999887,auto_accept,baseline_vaal
ISIC_0031949,nv,nv,4.824627e-06,1.9225418e-08,auto_accept,baseline_vaal
ISIC_0031669,nv,nv,0.51236016,0.01379543,auto_accept,baseline_vaal
ISIC_0029271,mel,mel,0.82223916,0.9387853,auto_accept,baseline_vaal
ISIC_0024350,nv,nv,1.246988e-07,2.508543e-12,auto_accept,baseline_vaal
ISIC_0031902,nv,nv,7.2078095e-08,1.7371772e-11,auto_accept,baseline_vaal
ISIC_0033210,nv,nv,0.14629,0.008085775,auto_accept,baseline_vaal
ISIC_0028450,nv,akiec,0.23240234,0.9943368,auto_accept,baseline_vaal
ISIC_0026824,nv,nv,3.254836e-05,2.1177755e-07,auto_accept,baseline_vaal
ISIC_0027231,akiec,bcc,0.003530652,0.99977237,auto_accept,baseline_vaal
ISIC_0027530,nv,nv,0.004697001,1.4516723e-06,auto_accept,baseline_vaal
ISIC_0030326,nv,nv,0.5023082,0.048841894,auto_accept,baseline_vaal
ISIC_0033370,nv,nv,0.2959025,0.0351839,auto_accept,baseline_vaal
ISIC_0030815,nv,nv,1.381551e-08,7.183269e-14,auto_accept,baseline_vaal
ISIC_0028995,bkl,bkl,0.36226302,2.6522066e-05,auto_accept,baseline_vaal
ISIC_0028467,mel,nv,0.093380034,7.417386e-05,escalate,baseline_vaal
ISIC_0029746,nv,bkl,0.70285916,0.025831655,auto_accept,baseline_vaal
ISIC_0031122,bcc,bcc,0.0028331405,0.9993617,auto_accept,baseline_vaal
ISIC_0031792,nv,nv,1.0989844e-05,6.9196155e-08,auto_accept,baseline_vaal
ISIC_0033298,nv,nv,0.021519057,0.00075305573,escalate,baseline_vaal
ISIC_0027072,nv,nv,0.66589665,0.00017800006,auto_accept,baseline_vaal
ISIC_0025260,bcc,bkl,0.1731741,0.0011391916,auto_accept,baseline_vaal
ISIC_0032081,mel,bkl,0.9386182,0.59436595,auto_accept,baseline_vaal
ISIC_0025727,nv,nv,0.00037657007,1.2726862e-05,auto_accept,baseline_vaal
ISIC_0026826,nv,nv,0.07175842,3.574129e-05,auto_accept,baseline_vaal
ISIC_0031304,nv,nv,0.023799667,0.0014294051,auto_accept,baseline_vaal
ISIC_0027569,nv,bkl,0.7385177,0.014147565,auto_accept,baseline_vaal
ISIC_0032144,nv,nv,0.8673636,0.2239699,auto_accept,baseline_vaal
ISIC_0028366,nv,nv,0.00012699976,2.2350254e-07,auto_accept,baseline_vaal
ISIC_0028842,bkl,akiec,0.048930164,0.9999671,auto_accept,baseline_vaal
ISIC_0032379,nv,nv,0.0046833693,1.6618918e-07,auto_accept,baseline_vaal
ISIC_0027370,bkl,bkl,0.6027795,5.671969e-08,auto_accept,baseline_vaal
ISIC_0033235,bkl,bkl,0.06939435,0.0035232322,auto_accept,baseline_vaal
ISIC_0033218,bcc,bcc,0.06333509,0.98842967,escalate,baseline_vaal
ISIC_0028517,akiec,df,0.077869914,0.030088771,auto_accept,baseline_vaal
ISIC_0027205,nv,nv,0.0010655595,2.1159253e-06,auto_accept,baseline_vaal
ISIC_0030669,nv,nv,1.8746709e-08,6.30424e-12,auto_accept,baseline_vaal
ISIC_0026146,nv,nv,0.0018591548,8.782872e-06,auto_accept,baseline_vaal
ISIC_0024841,nv,mel,1.0728884,0.34181768,auto_accept,baseline_vaal
ISIC_0031481,nv,nv,0.0222058,0.00058505964,auto_accept,baseline_vaal
ISIC_0028506,nv,nv,1.381551e-08,4.8801198e-17,auto_accept,baseline_vaal
ISIC_0028170,nv,nv,0.09152815,0.0018092146,auto_accept,baseline_vaal
ISIC_0030190,nv,nv,0.50202227,0.013929686,auto_accept,baseline_vaal
ISIC_0028058,nv,nv,0.015517772,1.4945941e-06,auto_accept,baseline_vaal
ISIC_0030214,nv,nv,4.7492924e-07,3.6699332e-10,auto_accept,baseline_vaal
ISIC_0033219,nv,mel,0.20532516,0.89108485,auto_accept,baseline_vaal
ISIC_0026791,nv,nv,2.4220722e-05,2.7778752e-08,auto_accept,baseline_vaal
ISIC_0032009,nv,nv,0.57821006,0.016376972,auto_accept,baseline_vaal
ISIC_0028978,bcc,df,0.82329386,0.28367242,auto_accept,baseline_vaal
ISIC_0025656,bkl,bkl,2.4247283e-05,3.267971e-06,auto_accept,baseline_vaal
ISIC_0024843,akiec,bkl,0.07734035,0.021416625,auto_accept,baseline_vaal
ISIC_0032519,nv,bcc,0.24088718,0.78787875,auto_accept,baseline_vaal
ISIC_0033224,nv,nv,0.8306654,0.037900537,auto_accept,baseline_vaal
ISIC_0029132,nv,nv,0.45007607,0.009580145,auto_accept,baseline_vaal
ISIC_0029652,mel,bcc,0.21625257,0.93039614,auto_accept,baseline_vaal
ISIC_0026830,nv,nv,0.47103527,6.473045e-05,auto_accept,baseline_vaal
ISIC_0030548,nv,nv,0.03257764,0.0024322139,auto_accept,baseline_vaal
ISIC_0031875,nv,mel,0.67842984,0.9859017,auto_accept,baseline_vaal
ISIC_0026494,nv,vasc,0.1302754,6.563938e-06,auto_accept,baseline_vaal
ISIC_0027045,nv,bkl,1.0348542,0.3730186,auto_accept,baseline_vaal
ISIC_0033356,nv,nv,0.4976754,0.07105479,auto_accept,baseline_vaal
ISIC_0027747,bkl,nv,0.551752,1.1396111e-05,auto_accept,baseline_vaal
ISIC_0025651,mel,mel,0.31381854,0.98613495,auto_accept,baseline_vaal
ISIC_0026737,bkl,bkl,0.003012147,0.00062618975,auto_accept,baseline_vaal
ISIC_0029456,nv,nv,0.047535937,0.0004385516,auto_accept,baseline_vaal
ISIC_0027849,nv,nv,0.28691038,0.014154631,auto_accept,baseline_vaal
ISIC_0028986,nv,nv,0.00035757304,7.7332845e-07,auto_accept,baseline_vaal
ISIC_0031636,nv,nv,0.024743486,0.00065252016,auto_accept,baseline_vaal
ISIC_0028179,nv,bcc,0.19032566,0.97544754,auto_accept,baseline_vaal
ISIC_0032603,mel,nv,1.784149e-06,6.696365e-09,auto_accept,baseline_vaal
ISIC_0029934,nv,nv,2.7602664e-07,9.615064e-10,auto_accept,baseline_vaal
ISIC_0031780,nv,nv,0.0019472586,4.7128588e-06,auto_accept,baseline_vaal
ISIC_0026764,nv,nv,0.11876553,0.0013158201,auto_accept,baseline_vaal
ISIC_0032079,mel,bcc,0.47309694,0.9536612,auto_accept,baseline_vaal
ISIC_0025509,bcc,bcc,0.00010744772,0.99990654,auto_accept,baseline_vaal
ISIC_0029700,nv,nv,2.523456e-07,1.8317521e-10,auto_accept,baseline_vaal
ISIC_0028554,nv,nv,9.2498754e-05,3.355292e-07,auto_accept,baseline_vaal
ISIC_0029139,bkl,akiec,0.0021793232,0.99986506,auto_accept,baseline_vaal
ISIC_0028585,nv,nv,0.67251056,6.765991e-06,auto_accept,baseline_vaal
ISIC_0033680,nv,nv,0.00027529732,5.4692086e-06,auto_accept,baseline_vaal
ISIC_0024680,nv,mel,0.6474198,0.8086948,auto_accept,baseline_vaal
ISIC_0029468,nv,nv,1.3750983e-07,5.673745e-11,auto_accept,baseline_vaal
ISIC_0024542,nv,nv,0.008957553,4.959339e-07,auto_accept,baseline_vaal
ISIC_0025643,nv,nv,0.00019935769,9.845338e-07,auto_accept,baseline_vaal
ISIC_0028249,nv,nv,2.3772258e-05,9.472069e-09,auto_accept,baseline_vaal
ISIC_0034000,mel,nv,0.71393037,0.33297002,auto_accept,baseline_vaal
ISIC_0026523,bkl,bkl,3.467034e-07,2.2257934e-08,auto_accept,baseline_vaal
ISIC_0027243,nv,nv,0.012595933,0.00036353632,auto_accept,baseline_vaal
ISIC_0031167,nv,nv,0.00011832363,1.6635934e-06,auto_accept,baseline_vaal
ISIC_0025480,nv,nv,0.03038495,0.00014522918,auto_accept,baseline_vaal
ISIC_0028854,akiec,akiec,0.021091187,0.99905807,auto_accept,baseline_vaal
ISIC_0032054,nv,nv,1.5854188e-06,8.2217895e-09,auto_accept,baseline_vaal
ISIC_0032602,mel,mel,0.016851041,0.99908495,escalate,baseline_vaal
ISIC_0033305,bkl,bkl,0.00039084163,1.4370356e-05,auto_accept,baseline_vaal
ISIC_0025808,akiec,df,0.20292531,0.49757066,auto_accept,baseline_vaal
ISIC_0033581,bkl,bkl,0.06068967,2.9524637e-05,escalate,baseline_vaal
ISIC_0027631,bcc,bcc,0.0030604182,0.9966614,auto_accept,baseline_vaal
ISIC_0029412,bcc,bkl,0.0009041612,0.0024676954,auto_accept,baseline_vaal
ISIC_0027649,bkl,bkl,0.17529725,0.11479223,auto_accept,baseline_vaal
ISIC_0026151,nv,nv,1.1867706,0.42922047,auto_accept,baseline_vaal
ISIC_0026040,akiec,bkl,0.16447532,0.11090388,auto_accept,baseline_vaal
ISIC_0029242,mel,mel,1.0641992,0.9064482,auto_accept,baseline_vaal
ISIC_0032578,nv,nv,0.47417048,0.20164938,auto_accept,baseline_vaal
ISIC_0031023,mel,mel,6.0029593e-05,0.9999918,auto_accept,baseline_vaal
ISIC_0027945,nv,bkl,0.71971667,0.0027837325,auto_accept,baseline_vaal
ISIC_0032296,nv,nv,0.0039413646,1.4976867e-05,auto_accept,baseline_vaal
ISIC_0027297,bcc,bkl,0.4354976,0.017720921,auto_accept,baseline_vaal
ISIC_0030494,nv,nv,6.718096e-05,2.8090965e-09,auto_accept,baseline_vaal
ISIC_0030281,mel,nv,0.6699325,0.006045416,auto_accept,baseline_vaal
ISIC_0026511,bkl,bkl,2.4797907e-06,2.031585e-08,auto_accept,baseline_vaal
ISIC_0028548,mel,bkl,0.13837115,0.046738,auto_accept,baseline_vaal
ISIC_0028695,nv,nv,0.00086948613,3.1624456e-06,auto_accept,baseline_vaal
ISIC_0028445,mel,nv,0.23174797,0.010814587,auto_accept,baseline_vaal
ISIC_0030402,nv,nv,3.2083394e-06,2.0585134e-09,auto_accept,baseline_vaal
ISIC_0033764,nv,mel,0.6108408,0.83250386,auto_accept,baseline_vaal
ISIC_0034149,nv,nv,0.040592942,0.002019946,auto_accept,baseline_vaal
ISIC_0028284,nv,nv,1.8105602e-05,1.4938646e-09,auto_accept,baseline_vaal
ISIC_0030622,nv,nv,2.8134078e-08,2.3066549e-11,auto_accept,baseline_vaal
ISIC_0031919,nv,nv,0.19274497,0.013641429,auto_accept,baseline_vaal
ISIC_0027053,bkl,bkl,0.00050402666,2.573849e-05,auto_accept,baseline_vaal
ISIC_0030132,nv,nv,0.072863765,0.0004938318,auto_accept,baseline_vaal
ISIC_0029918,nv,nv,0.19768013,0.02071454,auto_accept,baseline_vaal
ISIC_0024373,nv,nv,0.0068898294,0.0001851964,auto_accept,baseline_vaal
ISIC_0032998,nv,bkl,0.91665787,0.55413437,auto_accept,baseline_vaal
ISIC_0032127,nv,nv,0.002677665,0.00011141336,escalate,baseline_vaal
ISIC_0025497,nv,nv,7.876775e-06,8.467097e-09,auto_accept,baseline_vaal
ISIC_0026290,bkl,mel,0.5906807,0.576895,auto_accept,baseline_vaal
ISIC_0033597,nv,nv,0.48356193,0.12342431,auto_accept,baseline_vaal
ISIC_0025755,mel,nv,0.056337178,0.004925036,auto_accept,baseline_vaal
ISIC_0032068,nv,nv,0.0024601538,0.0002931014,escalate,baseline_vaal
ISIC_0029488,nv,nv,0.9791108,0.23747353,auto_accept,baseline_vaal
ISIC_0028962,nv,nv,2.7295068e-08,4.4326014e-12,auto_accept,baseline_vaal
ISIC_0028599,nv,bkl,0.8209947,0.10436697,auto_accept,baseline_vaal
ISIC_0030425,nv,nv,0.9242565,0.028259635,auto_accept,baseline_vaal
ISIC_0027359,mel,mel,0.80811346,0.9283569,auto_accept,baseline_vaal
ISIC_0026190,nv,nv,0.054046895,0.0004650883,auto_accept,baseline_vaal
ISIC_0030786,nv,df,0.0010873174,0.00088389183,auto_accept,baseline_vaal
ISIC_0027298,nv,bkl,0.42677596,0.040015914,auto_accept,baseline_vaal
ISIC_0024450,akiec,akiec,0.006045012,0.99863154,auto_accept,baseline_vaal
ISIC_0027031,nv,nv,0.060645133,0.0018773727,auto_accept,baseline_vaal
ISIC_0031836,bcc,nv,1.017728,0.024774773,auto_accept,baseline_vaal
ISIC_0027641,nv,nv,0.007441883,1.6312082e-05,auto_accept,baseline_vaal
ISIC_0025845,nv,nv,0.00053498725,1.1075957e-05,auto_accept,baseline_vaal
ISIC_0032939,nv,nv,0.25992456,0.013994827,auto_accept,baseline_vaal
ISIC_0031853,bkl,bkl,1.6490816e-05,3.849349e-07,auto_accept,baseline_vaal
ISIC_0031890,mel,mel,0.0020567386,0.9997812,auto_accept,baseline_vaal
ISIC_0034261,nv,nv,0.5218408,0.093571305,auto_accept,baseline_vaal
ISIC_0026532,bkl,bkl,9.0538466e-05,5.721445e-06,auto_accept,baseline_vaal
ISIC_0026687,bcc,mel,1.3608508,0.95443845,auto_accept,baseline_vaal
ISIC_0026850,nv,nv,0.21762563,0.003940095,auto_accept,baseline_vaal
ISIC_0034138,nv,nv,0.02836606,6.7218334e-06,auto_accept,baseline_vaal
ISIC_0027189,bcc,bcc,0.8656324,0.9609141,auto_accept,baseline_vaal
ISIC_0026952,bcc,bcc,0.00074121857,0.9995951,auto_accept,baseline_vaal
ISIC_0031285,nv,nv,0.5152154,0.0473782,escalate,baseline_vaal
ISIC_0031964,nv,nv,0.00020803568,1.0981665e-06,auto_accept,baseline_vaal
ISIC_0033779,mel,nv,0.06919029,0.0038699696,auto_accept,baseline_vaal
ISIC_0029745,bcc,bcc,0.0039800294,0.99973947,auto_accept,baseline_vaal
ISIC_0026908,nv,nv,0.0013464396,1.1248124e-05,auto_accept,baseline_vaal
ISIC_0032812,mel,nv,0.041233353,0.0034079025,auto_accept,baseline_vaal
ISIC_0026017,nv,bkl,0.04458407,0.039570734,auto_accept,baseline_vaal
ISIC_0030566,nv,nv,8.16744e-07,9.293966e-13,auto_accept,baseline_vaal
ISIC_0031461,nv,nv,0.0038927281,3.7611113e-05,auto_accept,baseline_vaal
ISIC_0031344,df,bkl,0.326494,0.12725642,auto_accept,baseline_vaal
ISIC_0028593,bkl,akiec,0.018393582,0.9945497,auto_accept,baseline_vaal
ISIC_0032805,nv,nv,0.14166096,0.020532055,auto_accept,baseline_vaal
ISIC_0033166,mel,nv,0.0026573914,0.00012800953,auto_accept,baseline_vaal
ISIC_0033785,bkl,bkl,0.0029650452,5.048655e-05,auto_accept,baseline_vaal
ISIC_0033017,mel,nv,0.99458975,0.10728131,auto_accept,baseline_vaal
ISIC_0033443,nv,nv,0.00094806775,2.3807708e-05,auto_accept,baseline_vaal
ISIC_0032831,nv,mel,1.0412759,0.1967382,auto_accept,baseline_vaal
ISIC_0029455,bkl,bkl,0.08322816,0.11990578,auto_accept,baseline_vaal
ISIC_0029860,akiec,akiec,0.02288607,0.999974,auto_accept,baseline_vaal
ISIC_0029741,bkl,df,0.3876722,0.0023920187,auto_accept,baseline_vaal
ISIC_0024432,bcc,mel,1.4617214,0.8660512,auto_accept,baseline_vaal
ISIC_0033681,nv,nv,1.0730497,0.23604815,auto_accept,baseline_vaal
ISIC_0033396,nv,nv,0.18636854,0.039679874,auto_accept,baseline_vaal
ISIC_0028041,mel,mel,0.159618,0.9777535,auto_accept,baseline_vaal
ISIC_0024908,nv,mel,0.1625616,0.98244506,escalate,baseline_vaal
ISIC_0034004,nv,nv,0.71944237,0.0037419263,auto_accept,baseline_vaal
ISIC_0027135,bcc,bcc,0.00010344746,0.9999641,auto_accept,baseline_vaal
ISIC_0028519,mel,bcc,0.0135424845,0.9998752,auto_accept,baseline_vaal
ISIC_0027929,nv,nv,8.5595434e-07,7.9637225e-10,auto_accept,baseline_vaal
ISIC_0026236,mel,nv,0.012708359,0.00027689082,auto_accept,baseline_vaal
ISIC_0031987,bkl,bkl,0.048601706,0.0013100741,auto_accept,baseline_vaal
ISIC_0027141,df,df,0.52822125,0.031119533,auto_accept,baseline_vaal
ISIC_0030981,nv,nv,0.022298018,0.0013021791,auto_accept,baseline_vaal
ISIC_0034120,mel,mel,0.053380724,0.992113,auto_accept,baseline_vaal
ISIC_0033546,mel,mel,0.474348,0.74709076,auto_accept,baseline_vaal
ISIC_0029053,bcc,bcc,0.12503159,0.9960454,auto_accept,baseline_vaal
ISIC_0025012,nv,bkl,0.8101129,0.019620946,auto_accept,baseline_vaal
ISIC_0030900,nv,nv,0.7619652,0.42585444,auto_accept,baseline_vaal
ISIC_0025421,nv,nv,0.012757332,6.3681764e-05,auto_accept,baseline_vaal
ISIC_0025462,nv,nv,5.457065e-08,4.0718005e-11,auto_accept,baseline_vaal
ISIC_0028853,nv,nv,0.0035985485,3.1459808e-07,auto_accept,baseline_vaal
ISIC_0027291,bcc,bcc,0.21547545,0.07485802,auto_accept,baseline_vaal
ISIC_0029635,nv,nv,0.005036941,7.228646e-05,auto_accept,baseline_vaal
ISIC_0030511,bcc,bcc,0.127173,0.6321437,auto_accept,baseline_vaal
ISIC_0031057,bcc,bcc,1.2082148,0.113178045,auto_accept,baseline_vaal
ISIC_0027602,nv,nv,7.379726e-05,2.9617389e-09,auto_accept,baseline_vaal
ISIC_0029067,akiec,akiec,0.10733117,0.9909361,auto_accept,baseline_vaal
ISIC_0028204,nv,nv,5.8169796e-08,9.4427126e-11,auto_accept,baseline_vaal
ISIC_0031716,bkl,bkl,0.71480244,0.5014341,auto_accept,baseline_vaal
ISIC_0025482,nv,nv,0.0012553956,2.5847086e-05,auto_accept,baseline_vaal
ISIC_0031612,nv,bkl,0.47750458,0.0017247808,auto_accept,baseline_vaal
ISIC_0032484,nv,nv,0.009743253,0.00014903476,auto_accept,baseline_vaal
ISIC_0030016,nv,nv,5.1545932e-05,8.83733e-09,auto_accept,baseline_vaal
ISIC_0033091,nv,nv,6.601917e-05,2.3177565e-10,auto_accept,baseline_vaal
ISIC_0031158,nv,nv,0.81086916,0.0029014286,auto_accept,baseline_vaal
ISIC_0027239,bkl,akiec,0.79227453,0.98526603,auto_accept,baseline_vaal
ISIC_0027950,akiec,akiec,0.16053607,0.9998167,auto_accept,baseline_vaal
ISIC_0030007,bkl,bkl,0.019444326,0.013851861,auto_accept,baseline_vaal
ISIC_0030160,bkl,df,0.36613423,0.00018177809,auto_accept,baseline_vaal
ISIC_0033268,mel,nv,0.78982496,0.22000723,auto_accept,baseline_vaal
ISIC_0028810,nv,mel,0.07547689,0.98299617,auto_accept,baseline_vaal
ISIC_0030880,nv,nv,0.2055893,1.5174955e-05,auto_accept,baseline_vaal
ISIC_0024581,bkl,mel,1.0280477,0.64599615,auto_accept,baseline_vaal
ISIC_0033813,mel,mel,0.0454244,0.98876536,auto_accept,baseline_vaal
ISIC_0026587,nv,nv,0.017655104,0.0019288907,auto_accept,baseline_vaal
ISIC_0028250,nv,nv,0.023038099,5.895277e-07,auto_accept,baseline_vaal
ISIC_0031910,nv,nv,3.502474e-07,3.6419034e-09,auto_accept,baseline_vaal
ISIC_0028748,nv,nv,8.663842e-05,1.4316832e-06,auto_accept,baseline_vaal
ISIC_0032756,bkl,bkl,0.05169572,6.6108034e-05,auto_accept,baseline_vaal
ISIC_0034056,nv,nv,0.44813487,0.08402813,auto_accept,baseline_vaal
ISIC_0028425,nv,nv,9.28567e-06,2.1186586e-09,auto_accept,baseline_vaal
ISIC_0032243,nv,nv,0.17798238,0.0035226971,auto_accept,baseline_vaal
ISIC_0031943,bcc,bcc,1.1544285,0.6002248,auto_accept,baseline_vaal
ISIC_0024886,mel,nv,1.440562,0.699182,auto_accept,baseline_vaal
ISIC_0031713,nv,nv,0.029231405,2.2349423e-05,auto_accept,baseline_vaal
ISIC_0032108,nv,nv,7.857268e-06,2.7880773e-08,auto_accept,baseline_vaal
ISIC_0032587,nv,nv,0.7933945,0.3791738,auto_accept,baseline_vaal
ISIC_0034192,nv,nv,0.00025810432,4.6274245e-06,escalate,baseline_vaal
ISIC_0028387,nv,nv,0.12734953,0.004058565,auto_accept,baseline_vaal
ISIC_0032666,nv,nv,0.65093625,0.16268647,auto_accept,baseline_vaal
ISIC_0033502,nv,bkl,1.2158917,0.099405095,auto_accept,baseline_vaal
ISIC_0026394,nv,nv,0.0011083769,4.1387582e-05,auto_accept,baseline_vaal
ISIC_0031400,bcc,bcc,0.009289537,0.9992316,auto_accept,baseline_vaal
ISIC_0034197,bkl,akiec,0.038221773,0.9958066,auto_accept,baseline_vaal
ISIC_0033448,nv,nv,0.04403289,0.002284598,auto_accept,baseline_vaal
ISIC_0031631,nv,nv,0.67188764,2.004808e-05,auto_accept,baseline_vaal
ISIC_0024496,mel,nv,0.1803006,0.032658964,auto_accept,baseline_vaal
ISIC_0032470,nv,bkl,0.007522738,0.002044449,auto_accept,baseline_vaal
ISIC_0031479,mel,mel,0.02706634,0.99741346,auto_accept,baseline_vaal
ISIC_0029462,akiec,akiec,0.024219342,0.996789,auto_accept,baseline_vaal
ISIC_0025164,nv,nv,0.00048265394,2.3989196e-06,auto_accept,baseline_vaal
ISIC_0027628,nv,nv,0.0023393012,8.488419e-05,auto_accept,baseline_vaal
ISIC_0032041,nv,nv,0.017943455,0.0002980977,auto_accept,baseline_vaal
ISIC_0033534,mel,mel,0.005679296,0.99972683,escalate,baseline_vaal
ISIC_0033978,nv,nv,0.49253163,0.038581554,escalate,baseline_vaal
ISIC_0034141,mel,mel,0.030601585,0.99723417,auto_accept,baseline_vaal
ISIC_0027722,bcc,bcc,0.0014538756,0.99996805,auto_accept,baseline_vaal
ISIC_0027749,nv,nv,2.0108735e-07,1.4424329e-11,auto_accept,baseline_vaal
ISIC_0027728,nv,nv,0.04736582,0.0024421506,auto_accept,baseline_vaal
ISIC_0027128,nv,nv,0.00062327035,1.6196008e-06,auto_accept,baseline_vaal
ISIC_0026380,nv,nv,0.00019368048,2.0692376e-08,auto_accept,baseline_vaal
ISIC_0033096,nv,mel,1.4916826,0.8102703,auto_accept,baseline_vaal
ISIC_0031249,nv,nv,0.25471553,0.069300145,auto_accept,baseline_vaal
ISIC_0025083,bkl,bkl,0.070042156,0.00013861313,auto_accept,baseline_vaal
ISIC_0030027,nv,nv,0.0010125961,1.1871905e-05,auto_accept,baseline_vaal
ISIC_0026538,bkl,akiec,0.50465816,0.9309285,escalate,baseline_vaal
ISIC_0024728,nv,nv,1.4110324e-08,3.615526e-13,auto_accept,baseline_vaal
ISIC_0025772,nv,nv,0.0012569237,2.9551154e-06,auto_accept,baseline_vaal
ISIC_0026588,nv,akiec,0.96371996,0.58051443,auto_accept,baseline_vaal
ISIC_0028131,nv,nv,0.3828565,0.016140275,auto_accept,baseline_vaal
ISIC_0025891,mel,nv,0.46640754,0.058549464,auto_accept,baseline_vaal
ISIC_0030248,nv,nv,0.001153876,3.0647203e-05,escalate,baseline_vaal
ISIC_0029888,nv,nv,0.008565305,3.4071368e-06,auto_accept,baseline_vaal
ISIC_0029713,akiec,akiec,0.011771721,0.99995637,auto_accept,baseline_vaal
ISIC_0028550,bkl,bcc,1.0884546,0.9430969,auto_accept,baseline_vaal
ISIC_0031165,nv,bkl,0.6008334,0.0015950783,auto_accept,baseline_vaal
ISIC_0030233,bcc,bcc,1.2420853,0.7139805,auto_accept,baseline_vaal
ISIC_0030876,bkl,akiec,0.014701375,0.9999666,auto_accept,baseline_vaal
ISIC_0032190,mel,mel,0.20927379,0.97895014,auto_accept,baseline_vaal
ISIC_0026811,mel,bkl,1.0970397,0.20682932,auto_accept,baseline_vaal
ISIC_0030794,akiec,akiec,0.00041263716,0.99992406,auto_accept,baseline_vaal
ISIC_0025960,nv,nv,0.41203257,0.08448947,auto_accept,baseline_vaal
ISIC_0024932,mel,bkl,0.42023998,5.77973e-05,auto_accept,baseline_vaal
ISIC_0025338,nv,nv,0.00012437157,1.6841217e-07,auto_accept,baseline_vaal
ISIC_0031872,bkl,bcc,0.39919597,0.8068283,auto_accept,baseline_vaal
ISIC_0031455,nv,nv,0.36100358,0.0011931027,auto_accept,baseline_vaal
ISIC_0031445,nv,nv,0.0002501294,9.315268e-08,auto_accept,baseline_vaal
ISIC_0026020,nv,nv,0.2891091,6.192759e-05,auto_accept,baseline_vaal
ISIC_0029483,nv,nv,0.5234883,0.10121849,escalate,baseline_vaal
ISIC_0031938,nv,nv,0.0011554954,3.972805e-06,auto_accept,baseline_vaal
ISIC_0032837,nv,nv,0.11283033,0.00013028302,auto_accept,baseline_vaal
ISIC_0031533,nv,nv,0.009660749,7.4212265e-05,auto_accept,baseline_vaal
ISIC_0027523,nv,nv,0.20678285,4.7172434e-06,auto_accept,baseline_vaal
ISIC_0031114,nv,nv,0.46924928,0.0009202816,auto_accept,baseline_vaal
ISIC_0033771,nv,nv,0.009486273,0.00044898858,auto_accept,baseline_vaal
ISIC_0027067,mel,bkl,0.8899112,0.35742947,auto_accept,baseline_vaal
ISIC_0026195,nv,nv,0.0014973847,1.5046252e-06,auto_accept,baseline_vaal
ISIC_0025420,nv,nv,4.876406e-08,6.812219e-12,auto_accept,baseline_vaal
ISIC_0026917,nv,nv,2.212226e-05,4.3177483e-08,auto_accept,baseline_vaal
ISIC_0027472,nv,nv,0.00023906006,1.2599149e-06,auto_accept,baseline_vaal
ISIC_0033188,nv,nv,3.3886003e-08,6.9375217e-12,escalate,baseline_vaal
ISIC_0031239,mel,bkl,0.08164666,0.04727982,auto_accept,baseline_vaal
ISIC_0031190,nv,nv,0.00031980625,4.068596e-06,escalate,baseline_vaal
ISIC_0031245,bcc,bcc,0.022240022,0.997825,auto_accept,baseline_vaal
ISIC_0029529,nv,nv,0.00044556637,3.3204212e-06,auto_accept,baseline_vaal
ISIC_0034059,mel,mel,0.31128502,0.9744923,auto_accept,baseline_vaal
ISIC_0028553,nv,nv,1.381551e-08,5.3550323e-13,auto_accept,baseline_vaal
ISIC_0030553,nv,nv,0.3609663,0.045409266,auto_accept,baseline_vaal
ISIC_0026953,nv,nv,5.3066204e-05,8.324978e-08,auto_accept,baseline_vaal
ISIC_0025818,bcc,bcc,0.0022815533,0.99928135,auto_accept,baseline_vaal
ISIC_0030215,nv,nv,1.381551e-08,6.008733e-13,auto_accept,baseline_vaal
ISIC_0027336,nv,nv,2.7610682e-05,3.7554628e-07,escalate,baseline_vaal
ISIC_0033329,nv,nv,0.00011791513,1.1176312e-06,auto_accept,baseline_vaal
ISIC_0033058,nv,mel,0.92454666,0.6285499,auto_accept,baseline_vaal
ISIC_0025156,nv,bkl,0.5809444,2.0805886e-07,auto_accept,baseline_vaal
ISIC_0028690,nv,nv,0.1842505,0.0038681598,auto_accept,baseline_vaal
ISIC_0033883,mel,mel,0.04864033,0.9792789,escalate,baseline_vaal
ISIC_0025617,bcc,bcc,0.0016966705,0.99804914,auto_accept,baseline_vaal
ISIC_0031848,nv,nv,1.213347,0.034947608,auto_accept,baseline_vaal
ISIC_0025352,nv,nv,1.0426078,0.0837893,auto_accept,baseline_vaal
ISIC_0033309,nv,nv,0.8912581,0.040110886,auto_accept,baseline_vaal
ISIC_0029447,nv,nv,1.8232437e-06,1.7983292e-09,auto_accept,baseline_vaal
ISIC_0031614,bcc,bkl,0.013292809,0.0033652321,auto_accept,baseline_vaal
ISIC_0032346,nv,nv,0.015629865,0.0004219009,auto_accept,baseline_vaal
ISIC_0033246,bkl,mel,0.014266808,0.9991117,auto_accept,baseline_vaal
ISIC_0034235,bkl,bkl,0.0020078558,3.2002314e-05,auto_accept,baseline_vaal
ISIC_0025318,nv,nv,0.00026315753,4.7817736e-07,auto_accept,baseline_vaal
ISIC_0030860,nv,nv,0.0025218735,2.7708442e-05,auto_accept,baseline_vaal
ISIC_0028662,bkl,bkl,0.10338517,0.46373832,escalate,baseline_vaal
ISIC_0029913,mel,nv,0.68617994,0.24789958,auto_accept,baseline_vaal
ISIC_0031406,mel,mel,0.15764827,0.986413,auto_accept,baseline_vaal
ISIC_0033809,nv,nv,0.42227346,0.00083080586,auto_accept,baseline_vaal
ISIC_0030812,bkl,bcc,0.1252653,0.98895514,auto_accept,baseline_vaal
ISIC_0028296,nv,nv,4.073682e-05,4.5228083e-07,auto_accept,baseline_vaal
ISIC_0032230,bkl,akiec,0.22961994,0.9995003,auto_accept,baseline_vaal
ISIC_0028657,nv,nv,1.381551e-08,7.1609304e-14,escalate,baseline_vaal
ISIC_0025584,bcc,bcc,0.069720075,0.9985115,auto_accept,baseline_vaal
ISIC_0029261,nv,nv,0.0046021733,0.00021133375,auto_accept,baseline_vaal
ISIC_0034001,nv,mel,0.12783271,0.9596622,auto_accept,baseline_vaal
ISIC_0030695,mel,nv,0.8140811,0.12965806,auto_accept,baseline_vaal
ISIC_0033272,mel,bkl,0.9970643,0.88790345,auto_accept,baseline_vaal
ISIC_0026614,bkl,bkl,0.015464572,0.008001934,auto_accept,baseline_vaal
ISIC_0029310,nv,nv,0.00030619337,9.317178e-10,auto_accept,baseline_vaal
ISIC_0031256,nv,nv,0.0058810376,0.00022551631,auto_accept,baseline_vaal
ISIC_0024804,nv,nv,4.555588e-06,2.806119e-09,auto_accept,baseline_vaal
ISIC_0030358,nv,mel,0.58640766,0.9575294,auto_accept,baseline_vaal
ISIC_0025646,nv,nv,0.15384108,1.4558437e-05,auto_accept,baseline_vaal
ISIC_0024528,nv,nv,0.4292118,0.016851012,auto_accept,baseline_vaal
ISIC_0034085,mel,mel,0.062390625,0.98663074,auto_accept,baseline_vaal
ISIC_0026651,nv,nv,0.0014962698,4.906751e-06,auto_accept,baseline_vaal
ISIC_0025492,nv,akiec,0.483213,0.97984356,auto_accept,baseline_vaal
ISIC_0031181,bkl,bcc,0.09435908,0.99745876,auto_accept,baseline_vaal
ISIC_0029949,nv,nv,0.00011712032,7.0891485e-07,auto_accept,baseline_vaal
ISIC_0033733,nv,nv,0.008447867,0.00084406545,auto_accept,baseline_vaal
ISIC_0026823,mel,akiec,0.6587302,0.9999746,auto_accept,baseline_vaal
ISIC_0027023,bkl,bkl,0.0039032332,0.022789108,auto_accept,baseline_vaal
ISIC_0025567,bkl,bkl,0.005145504,4.2720134e-07,auto_accept,baseline_vaal
ISIC_0030341,akiec,bkl,0.14512898,0.26983222,auto_accept,baseline_vaal
ISIC_0031930,nv,nv,0.060359765,0.0026513606,auto_accept,baseline_vaal
ISIC_0026280,bkl,bkl,0.003981131,0.0059030796,auto_accept,baseline_vaal
ISIC_0024551,nv,nv,0.015651954,0.00012327063,auto_accept,baseline_vaal
ISIC_0027904,mel,mel,0.22518091,0.99133074,auto_accept,baseline_vaal
ISIC_0025575,bkl,bkl,0.8241938,0.7010525,auto_accept,baseline_vaal
ISIC_0032361,nv,nv,2.5491007e-08,1.5623513e-11,auto_accept,baseline_vaal
ISIC_0027477,nv,nv,0.008829081,0.00044246117,auto_accept,baseline_vaal
ISIC_0034305,nv,nv,0.40623724,0.029870426,auto_accept,baseline_vaal
ISIC_0031126,nv,bcc,1.6018778,0.37965313,auto_accept,baseline_vaal
ISIC_0027260,mel,nv,0.57248384,0.16127044,auto_accept,baseline_vaal
ISIC_0030934,nv,nv,0.006020393,2.4313362e-05,auto_accept,baseline_vaal
ISIC_0033506,nv,nv,0.037822284,0.0019850214,escalate,baseline_vaal
ISIC_0025612,vasc,vasc,0.0036095555,8.145651e-08,auto_accept,baseline_vaal
ISIC_0030252,nv,nv,1.381551e-08,7.9513205e-14,auto_accept,baseline_vaal
ISIC_0024909,bkl,bkl,0.024606919,0.03609325,auto_accept,baseline_vaal
ISIC_0032900,nv,nv,0.0020446868,7.8843375e-05,auto_accept,baseline_vaal
ISIC_0033732,bkl,bkl,0.00017250628,2.0890293e-05,auto_accept,baseline_vaal
ISIC_0032535,mel,mel,0.00018174858,0.9999914,auto_accept,baseline_vaal
ISIC_0029429,nv,nv,7.5629246e-06,4.399732e-09,auto_accept,baseline_vaal
ISIC_0032240,vasc,vasc,0.00049483904,1.7328368e-06,auto_accept,baseline_vaal
ISIC_0030755,bcc,bcc,0.002054571,0.99984074,auto_accept,baseline_vaal
ISIC_0031921,nv,nv,1.381551e-08,9.236691e-13,auto_accept,baseline_vaal
ISIC_0033814,mel,mel,1.2619473,0.9256871,auto_accept,baseline_vaal
ISIC_0027603,nv,nv,0.10441265,0.009130217,auto_accept,baseline_vaal
ISIC_0024771,akiec,akiec,0.001184001,0.99999774,auto_accept,baseline_vaal
ISIC_0034132,mel,nv,0.8250271,0.07766171,auto_accept,baseline_vaal
ISIC_0026926,nv,nv,0.026263189,1.1991038e-05,auto_accept,baseline_vaal
ISIC_0024949,bcc,bcc,0.0006312696,0.9999771,auto_accept,baseline_vaal
ISIC_0029187,nv,nv,0.050995726,4.9672595e-05,auto_accept,baseline_vaal
ISIC_0028781,nv,nv,0.00033031325,7.623049e-06,auto_accept,baseline_vaal
ISIC_0029278,bcc,bkl,0.95624256,0.8108721,auto_accept,baseline_vaal
ISIC_0030790,nv,nv,0.9423389,0.06023669,auto_accept,baseline_vaal
ISIC_0033970,nv,nv,0.020066893,0.00084151456,auto_accept,baseline_vaal
ISIC_0029305,nv,nv,0.03185661,0.00013594724,auto_accept,baseline_vaal
ISIC_0026805,nv,nv,0.8418498,0.32861772,auto_accept,baseline_vaal
ISIC_0030935,bkl,bkl,0.009419341,0.0013746172,auto_accept,baseline_vaal
ISIC_0026432,nv,mel,0.31515905,0.8908483,auto_accept,baseline_vaal
ISIC_0030652,nv,nv,0.0032064035,8.961394e-05,escalate,baseline_vaal
ISIC_0031972,mel,bkl,0.0011383021,0.007824798,auto_accept,baseline_vaal
ISIC_0024469,nv,nv,0.21932684,0.0025451775,auto_accept,baseline_vaal
ISIC_0033014,nv,nv,0.00053439126,9.52564e-06,auto_accept,baseline_vaal
ISIC_0032811,nv,nv,0.73524857,0.055615585,auto_accept,baseline_vaal
ISIC_0027553,nv,nv,0.00258296,6.8196445e-05,auto_accept,baseline_vaal
ISIC_0030963,nv,nv,2.5319132e-06,6.8664185e-09,auto_accept,baseline_vaal
ISIC_0033739,nv,nv,0.95436543,0.3889725,auto_accept,baseline_vaal
ISIC_0028601,nv,nv,0.0027623305,3.75595e-05,auto_accept,baseline_vaal
ISIC_0027529,akiec,akiec,0.0037964087,0.99995506,auto_accept,baseline_vaal
ISIC_0032132,bcc,bcc,1.1054633,0.93678135,auto_accept,baseline_vaal
ISIC_0029603,bkl,bkl,0.20125192,0.007401766,auto_accept,baseline_vaal
ISIC_0029890,nv,nv,0.003474282,6.2554784e-05,auto_accept,baseline_vaal
ISIC_0026832,nv,nv,0.007900773,7.295681e-05,auto_accept,baseline_vaal
ISIC_0026736,nv,nv,1.3240553e-05,6.473256e-08,auto_accept,baseline_vaal
ISIC_0024547,bkl,bkl,1.2069607,0.31652448,auto_accept,baseline_vaal
ISIC_0029312,nv,nv,0.0019488866,2.5588307e-07,auto_accept,baseline_vaal
ISIC_0033341,nv,nv,0.012027653,0.00017799497,auto_accept,baseline_vaal
ISIC_0029932,akiec,akiec,0.56339735,0.9982072,auto_accept,baseline_vaal
ISIC_0027595,bcc,bcc,0.001063632,0.9998093,auto_accept,baseline_vaal
ISIC_0024634,bcc,bcc,0.19939132,0.9073095,auto_accept,baseline_vaal
ISIC_0033663,mel,mel,0.0012929864,0.99991834,auto_accept,baseline_vaal
ISIC_0031783,bkl,bkl,0.83857906,0.7733647,auto_accept,baseline_vaal
ISIC_0032930,nv,nv,0.844497,0.15138376,auto_accept,baseline_vaal
ISIC_0025665,nv,nv,0.016084304,0.00072616286,auto_accept,baseline_vaal
ISIC_0027037,bkl,bkl,0.06676432,0.15129854,auto_accept,baseline_vaal
ISIC_0026840,nv,nv,0.0011164856,2.5300636e-05,auto_accept,baseline_vaal
ISIC_0027157,nv,nv,0.30847642,0.00020787436,auto_accept,baseline_vaal
ISIC_0027095,nv,nv,5.683854e-07,4.4742274e-10,escalate,baseline_vaal
ISIC_0029966,nv,nv,3.7452528e-06,8.276007e-09,auto_accept,baseline_vaal
ISIC_0033962,mel,nv,0.17387317,0.0022560982,auto_accept,baseline_vaal
ISIC_0031170,mel,bkl,0.0048676035,0.0054230844,auto_accept,baseline_vaal
ISIC_0032253,nv,akiec,1.0584369,0.865845,auto_accept,baseline_vaal
ISIC_0029457,nv,nv,0.9897404,0.29397002,auto_accept,baseline_vaal
ISIC_0026950,mel,bcc,0.0020962853,0.9998398,auto_accept,baseline_vaal
ISIC_0031660,nv,nv,0.5587953,0.105455354,auto_accept,baseline_vaal
ISIC_0032381,nv,nv,0.0036386754,3.8599326e-05,auto_accept,baseline_vaal
ISIC_0026087,nv,nv,0.0010510157,7.5388425e-07,auto_accept,baseline_vaal
ISIC_0027914,nv,nv,9.1533786e-07,3.3386152e-09,auto_accept,baseline_vaal
ISIC_0027610,nv,nv,9.101008e-06,1.08040034e-07,auto_accept,baseline_vaal
ISIC_0029840,akiec,akiec,0.046577323,0.9998957,auto_accept,baseline_vaal
ISIC_0031709,mel,akiec,0.5573938,0.8399872,escalate,baseline_vaal
ISIC_0029622,nv,nv,0.018391285,3.8158544e-07,auto_accept,baseline_vaal
ISIC_0033346,nv,bkl,0.004006462,2.7585129e-05,auto_accept,baseline_vaal
ISIC_0033679,mel,nv,0.90960354,0.018521504,auto_accept,baseline_vaal
ISIC_0025165,nv,bkl,0.6717828,0.044756383,auto_accept,baseline_vaal
ISIC_0030208,bkl,bkl,2.6503883e-05,1.2195805e-05,auto_accept,baseline_vaal
ISIC_0026820,nv,nv,0.09161819,7.23906e-06,auto_accept,baseline_vaal
ISIC_0025523,nv,nv,1.3952833e-05,7.2446926e-10,auto_accept,baseline_vaal
ISIC_0027428,bkl,bkl,0.0010949424,5.549029e-06,auto_accept,baseline_vaal
ISIC_0028607,bkl,bkl,0.000785093,8.105888e-06,auto_accept,baseline_vaal
ISIC_0029007,nv,nv,2.247592e-05,1.8478942e-10,auto_accept,baseline_vaal
ISIC_0028480,nv,nv,0.6984159,7.944119e-07,auto_accept,baseline_vaal
ISIC_0026377,nv,nv,0.054761767,0.00015474066,auto_accept,baseline_vaal
ISIC_0034298,nv,mel,0.85731393,0.42705995,auto_accept,baseline_vaal
ISIC_0034281,nv,bcc,0.7920995,0.34133467,auto_accept,baseline_vaal
ISIC_0029233,bkl,bkl,0.26683965,4.6599024e-07,auto_accept,baseline_vaal
ISIC_0027137,nv,nv,0.41251168,0.060379587,auto_accept,baseline_vaal
ISIC_0024882,nv,bkl,0.079023056,0.0014604464,auto_accept,baseline_vaal
ISIC_0028305,nv,nv,0.16855977,0.049865454,auto_accept,baseline_vaal
ISIC_0027474,nv,nv,0.007595451,7.2679264e-05,auto_accept,baseline_vaal
ISIC_0029328,nv,nv,0.0020106267,3.2669494e-08,auto_accept,baseline_vaal
ISIC_0026555,nv,nv,0.10321246,0.00046463718,auto_accept,baseline_vaal
ISIC_0032953,nv,nv,0.023692625,0.0001385238,auto_accept,baseline_vaal
ISIC_0031884,nv,nv,0.02397179,0.0001322832,auto_accept,baseline_vaal
ISIC_0034265,nv,nv,0.86397874,0.072406515,auto_accept,baseline_vaal
ISIC_0031045,nv,nv,0.3024793,0.044329226,auto_accept,baseline_vaal
ISIC_0031758,nv,nv,0.0016912741,9.195225e-06,auto_accept,baseline_vaal
ISIC_0030982,nv,nv,9.872672e-06,1.9243615e-08,auto_accept,baseline_vaal
ISIC_0033015,nv,bkl,0.100267485,0.0008101975,auto_accept,baseline_vaal
ISIC_0032536,bcc,bkl,0.4298496,0.23982045,escalate,baseline_vaal
ISIC_0027286,nv,nv,0.3044721,0.03120596,auto_accept,baseline_vaal
ISIC_0028822,bkl,akiec,0.102017805,0.9966264,auto_accept,baseline_vaal
ISIC_0033189,nv,nv,0.098660745,0.0015362005,auto_accept,baseline_vaal
ISIC_0031661,nv,nv,0.0005740196,1.7682496e-06,auto_accept,baseline_vaal
ISIC_0031302,nv,mel,0.8451718,0.5766973,auto_accept,baseline_vaal
ISIC_0033420,nv,nv,0.68849045,0.0013511709,auto_accept,baseline_vaal
ISIC_0026386,nv,nv,0.011201606,0.000384628,auto_accept,baseline_vaal
ISIC_0031718,mel,mel,0.032225292,0.9961784,auto_accept,baseline_vaal
ISIC_0032707,nv,nv,0.018812375,0.0008688473,auto_accept,baseline_vaal
ISIC_0025920,nv,nv,1.0659112e-06,9.370564e-12,auto_accept,baseline_vaal
ISIC_0027106,nv,nv,3.0655476e-05,1.08567626e-07,auto_accept,baseline_vaal
ISIC_0032221,nv,nv,0.009620067,6.423281e-05,auto_accept,baseline_vaal
ISIC_0031936,nv,nv,0.00012162204,2.6150164e-07,auto_accept,baseline_vaal
ISIC_0025783,mel,nv,0.20355667,0.002188663,auto_accept,baseline_vaal
ISIC_0029665,nv,akiec,1.447948,0.5998246,auto_accept,baseline_vaal
ISIC_0029720,nv,nv,0.118967324,0.0052320743,auto_accept,baseline_vaal
ISIC_0027281,bcc,nv,0.5023654,0.002537821,auto_accept,baseline_vaal
ISIC_0031321,bkl,bkl,0.025084719,0.00073320005,auto_accept,baseline_vaal
ISIC_0028878,mel,mel,0.97776943,0.43300575,auto_accept,baseline_vaal
ISIC_0029620,nv,nv,7.4663185e-05,5.4307503e-07,escalate,baseline_vaal
ISIC_0028396,nv,nv,2.2233664e-06,6.362171e-09,auto_accept,baseline_vaal
ISIC_0024398,nv,nv,0.0004783021,2.145057e-06,auto_accept,baseline_vaal
ISIC_0028116,nv,nv,0.19431399,0.01590527,auto_accept,baseline_vaal
ISIC_0028033,mel,mel,0.07336967,0.9863659,auto_accept,baseline_vaal
ISIC_0029352,bcc,bcc,0.0009825265,0.9999641,auto_accept,baseline_vaal
ISIC_0026373,nv,nv,4.6679276e-08,3.684089e-12,auto_accept,baseline_vaal
ISIC_0034025,nv,mel,0.022413334,0.9994165,auto_accept,baseline_vaal
ISIC_0032123,bkl,bkl,0.4444848,5.8361624e-05,auto_accept,baseline_vaal
ISIC_0029679,nv,bkl,0.734871,0.0023892235,escalate,baseline_vaal
ISIC_0026334,nv,nv,4.5945253e-06,3.6654736e-08,auto_accept,baseline_vaal
ISIC_0028762,nv,nv,8.847716e-06,6.846961e-08,auto_accept,baseline_vaal
ISIC_0024756,mel,bcc,0.6654205,0.71934295,auto_accept,baseline_vaal
ISIC_0028237,bkl,bkl,0.0014978203,0.0015948756,auto_accept,baseline_vaal
ISIC_0034071,mel,mel,0.04290886,0.99486625,auto_accept,baseline_vaal
ISIC_0033444,mel,mel,0.08265332,0.9713705,auto_accept,baseline_vaal
ISIC_0031465,bkl,bkl,0.0032722042,8.0075483e-07,auto_accept,baseline_vaal
ISIC_0025088,nv,nv,1.1174173,0.05838367,auto_accept,baseline_vaal
ISIC_0029216,mel,mel,0.06797925,0.997883,auto_accept,baseline_vaal
ISIC_0027355,bkl,akiec,0.5178006,0.9998803,auto_accept,baseline_vaal
ISIC_0028482,nv,nv,4.9222712e-05,1.1960208e-07,escalate,baseline_vaal
ISIC_0028434,nv,nv,8.1350845e-05,1.3413768e-07,auto_accept,baseline_vaal
ISIC_0026547,nv,nv,0.0026901746,4.221721e-05,auto_accept,baseline_vaal
ISIC_0025332,nv,nv,6.0317895e-08,6.957607e-13,auto_accept,baseline_vaal
ISIC_0025040,bkl,nv,0.07821301,0.0001996922,auto_accept,baseline_vaal
ISIC_0027652,bkl,akiec,0.6948854,0.9972932,auto_accept,baseline_vaal
ISIC_0030584,nv,nv,0.0032975702,1.10925e-05,auto_accept,baseline_vaal
ISIC_0033483,bcc,bkl,0.013225905,0.016864184,escalate,baseline_vaal
ISIC_0032643,bkl,bkl,0.0030091032,1.0793499e-07,auto_accept,baseline_vaal
ISIC_0025547,nv,nv,0.117891155,6.315586e-05,auto_accept,baseline_vaal
ISIC_0028591,nv,nv,0.01268247,0.0013861173,auto_accept,baseline_vaal
ISIC_0026667,nv,nv,8.939913e-06,3.1968085e-08,auto_accept,baseline_vaal
ISIC_0027528,nv,nv,0.07982844,0.001825267,auto_accept,baseline_vaal
ISIC_0024366,nv,nv,0.0003344246,7.59451e-06,auto_accept,baseline_vaal
ISIC_0031118,mel,bkl,0.036169857,0.018419128,auto_accept,baseline_vaal
ISIC_0025951,nv,nv,0.0005613691,3.9067054e-06,auto_accept,baseline_vaal
ISIC_0027481,nv,nv,3.6572796e-06,2.0980013e-09,auto_accept,baseline_vaal
ISIC_0032112,nv,nv,0.89637184,0.2500697,auto_accept,baseline_vaal
ISIC_0025248,mel,bkl,0.61298853,0.065989,auto_accept,baseline_vaal
ISIC_0029159,nv,nv,0.00024860387,1.9378201e-06,auto_accept,baseline_vaal
ISIC_0025419,bkl,nv,0.43435082,0.00037733957,auto_accept,baseline_vaal
ISIC_0030202,nv,nv,0.00027995295,1.442473e-06,auto_accept,baseline_vaal
ISIC_0032617,mel,mel,0.29212195,0.9684665,auto_accept,baseline_vaal
ISIC_0031289,bkl,bkl,7.377191e-05,2.033423e-05,auto_accept,baseline_vaal
ISIC_0033460,bkl,mel,0.19533437,0.9787769,auto_accept,baseline_vaal
ISIC_0031483,nv,bcc,0.805372,0.14104697,auto_accept,baseline_vaal
ISIC_0029059,akiec,bcc,0.020408291,0.991593,auto_accept,baseline_vaal
ISIC_0024422,bkl,akiec,0.81123143,0.98685944,auto_accept,baseline_vaal
ISIC_0033940,nv,nv,0.33221945,0.0017607805,auto_accept,baseline_vaal
ISIC_0031433,nv,nv,0.0011052663,9.415024e-06,auto_accept,baseline_vaal
ISIC_0028130,nv,bkl,0.70621943,0.10557992,auto_accept,baseline_vaal
ISIC_0026717,bkl,bkl,0.020231739,0.06606228,auto_accept,baseline_vaal
ISIC_0026230,bcc,bcc,0.6278438,0.996351,auto_accept,baseline_vaal
ISIC_0032305,nv,nv,0.03384564,0.00056725,auto_accept,baseline_vaal
ISIC_0033323,mel,mel,0.1466467,0.96621054,escalate,baseline_vaal
ISIC_0028414,bkl,bkl,0.24341264,0.017793033,auto_accept,baseline_vaal
ISIC_0028016,nv,bkl,0.8559763,0.106819734,auto_accept,baseline_vaal
ISIC_0029541,akiec,akiec,0.70115936,0.9999254,auto_accept,baseline_vaal
ISIC_0030193,nv,nv,0.34317213,0.0011991087,auto_accept,baseline_vaal
ISIC_0029304,nv,nv,3.7050348e-05,4.7642395e-08,auto_accept,baseline_vaal
ISIC_0030795,mel,nv,0.028915524,0.0028286132,auto_accept,baseline_vaal
ISIC_0025391,mel,mel,0.0070641246,0.99760205,auto_accept,baseline_vaal
ISIC_0030141,nv,nv,0.01662907,2.6945443e-06,auto_accept,baseline_vaal
ISIC_0030682,nv,nv,0.78138894,0.17727241,auto_accept,baseline_vaal
ISIC_0032082,nv,nv,0.94933873,0.24522354,auto_accept,baseline_vaal
ISIC_0025776,nv,nv,0.433635,0.0013181305,auto_accept,baseline_vaal
ISIC_0031769,nv,bcc,0.28631726,0.9859833,auto_accept,baseline_vaal
ISIC_0025243,nv,bkl,0.7527338,0.12064461,auto_accept,baseline_vaal
ISIC_0030954,bcc,bcc,0.068441786,0.95920396,auto_accept,baseline_vaal
ISIC_0026613,nv,nv,0.00020374788,1.7345794e-06,auto_accept,baseline_vaal
ISIC_0025711,bcc,bcc,1.3098067,0.523071,auto_accept,baseline_vaal
ISIC_0024618,nv,nv,0.79566604,0.012598395,auto_accept,baseline_vaal
ISIC_0026879,nv,nv,2.1226111e-05,8.497258e-08,auto_accept,baseline_vaal
ISIC_0028670,bcc,bcc,0.00072611566,0.99984133,auto_accept,baseline_vaal
ISIC_0028886,nv,nv,6.927878e-05,2.8059983e-07,escalate,baseline_vaal
ISIC_0025018,mel,mel,0.44384822,0.7503221,auto_accept,baseline_vaal
ISIC_0030528,bcc,bkl,0.040565368,0.00016702997,escalate,baseline_vaal
ISIC_0027207,nv,nv,0.01440623,0.00045306416,auto_accept,baseline_vaal
ISIC_0028054,nv,nv,4.468552e-06,2.4893292e-09,auto_accept,baseline_vaal
ISIC_0033152,mel,nv,0.67690694,0.000366999,auto_accept,baseline_vaal
ISIC_0030574,bcc,bcc,0.00068376807,0.9997811,auto_accept,baseline_vaal
ISIC_0024979,nv,nv,0.013658434,0.00051434856,auto_accept,baseline_vaal
ISIC_0031550,mel,nv,0.98003477,0.0549874,auto_accept,baseline_vaal
ISIC_0030519,nv,nv,0.0015344244,1.2035721e-05,auto_accept,baseline_vaal
ISIC_0029991,bkl,bkl,1.2563847,0.89266074,auto_accept,baseline_vaal
ISIC_0034240,nv,nv,0.0033758201,6.0405568e-05,auto_accept,baseline_vaal
ISIC_0032090,nv,bcc,0.008274285,0.99876946,auto_accept,baseline_vaal
ISIC_0031136,nv,nv,3.1104388e-05,2.0637982e-08,auto_accept,baseline_vaal
ISIC_0028855,nv,nv,0.00010090547,2.4626752e-09,auto_accept,baseline_vaal
ISIC_0025435,nv,nv,5.142475e-05,7.754642e-07,auto_accept,baseline_vaal
ISIC_0029684,nv,nv,3.0205208e-06,1.797291e-08,auto_accept,baseline_vaal
ISIC_0028442,mel,mel,0.035287667,0.9980964,auto_accept,baseline_vaal
ISIC_0027178,akiec,akiec,0.0013464144,0.9999808,auto_accept,baseline_vaal
ISIC_0026714,bkl,bkl,0.5010554,0.040699244,auto_accept,baseline_vaal
ISIC_0024696,bkl,bkl,0.80331767,0.19769743,auto_accept,baseline_vaal
ISIC_0024812,nv,nv,1.5852464e-05,5.3985056e-09,auto_accept,baseline_vaal
ISIC_0031881,nv,nv,3.3696764e-05,1.321847e-07,auto_accept,baseline_vaal
ISIC_0025173,nv,nv,0.20885496,0.0416547,auto_accept,baseline_vaal
ISIC_0025692,nv,nv,0.020999977,2.6537332e-06,auto_accept,baseline_vaal
ISIC_0030840,nv,bkl,0.53996146,0.0107022,auto_accept,baseline_vaal
ISIC_0034180,mel,mel,0.41831863,0.7454436,auto_accept,baseline_vaal
ISIC_0025904,mel,mel,0.0018590287,0.99990547,auto_accept,baseline_vaal
ISIC_0030807,nv,nv,0.00037150455,2.5747715e-07,auto_accept,baseline_vaal
ISIC_0027629,bcc,bcc,0.16959731,0.9941525,auto_accept,baseline_vaal
ISIC_0024376,nv,nv,0.05831907,5.5116765e-05,auto_accept,baseline_vaal
ISIC_0031110,nv,nv,0.00019444326,2.3470143e-06,auto_accept,baseline_vaal
ISIC_0028295,nv,nv,0.0022512367,1.6476573e-06,auto_accept,baseline_vaal
ISIC_0026204,nv,nv,0.0002879546,1.6526301e-06,auto_accept,baseline_vaal
ISIC_0032656,mel,mel,0.3054332,0.9939374,auto_accept,baseline_vaal
ISIC_0033217,mel,mel,0.48660168,0.9717487,auto_accept,baseline_vaal
ISIC_0027746,nv,nv,1.381551e-08,2.1819012e-16,auto_accept,baseline_vaal
ISIC_0024726,bkl,bkl,0.004419207,0.0019106822,auto_accept,baseline_vaal
ISIC_0027783,nv,bkl,0.65603495,5.235522e-05,auto_accept,baseline_vaal
ISIC_0032465,nv,nv,0.0016135608,1.3307887e-05,auto_accept,baseline_vaal
ISIC_0032746,nv,nv,1.1900207,0.47424784,auto_accept,baseline_vaal
ISIC_0033836,nv,nv,0.0012070225,3.4784294e-05,auto_accept,baseline_vaal
ISIC_0029968,nv,nv,0.00031053968,1.3193863e-06,auto_accept,baseline_vaal
ISIC_0026139,bkl,bkl,0.0019662515,0.002837447,auto_accept,baseline_vaal
ISIC_0025038,bkl,bkl,0.0035241533,0.00077633595,auto_accept,baseline_vaal
ISIC_0027764,nv,nv,0.25463635,7.371152e-05,auto_accept,baseline_vaal
ISIC_0028945,nv,nv,0.4527579,0.026460657,auto_accept,baseline_vaal
ISIC_0034248,nv,bkl,0.043156967,5.462719e-05,auto_accept,baseline_vaal
ISIC_0028462,nv,nv,6.3345986e-08,4.958723e-12,auto_accept,baseline_vaal
ISIC_0029855,nv,bcc,1.2367816,0.14314611,auto_accept,baseline_vaal
ISIC_0030274,nv,nv,0.002419989,1.844122e-05,auto_accept,baseline_vaal
ISIC_0031476,nv,bkl,1.167863,0.1396144,auto_accept,baseline_vaal
ISIC_0024352,nv,nv,0.050665673,0.0022143438,auto_accept,baseline_vaal
ISIC_0030467,nv,nv,9.4859515e-06,2.0354015e-08,auto_accept,baseline_vaal
ISIC_0030838,nv,nv,6.4377855e-05,8.379077e-12,auto_accept,baseline_vaal
ISIC_0030700,bkl,akiec,0.37632337,0.99770784,auto_accept,baseline_vaal
ISIC_0031963,nv,nv,0.08170826,4.0127784e-06,escalate,baseline_vaal
ISIC_0026092,vasc,vasc,7.0685484e-05,1.634118e-06,auto_accept,baseline_vaal
ISIC_0030572,nv,nv,0.00053777965,6.5331246e-06,auto_accept,baseline_vaal
ISIC_0029770,bkl,mel,1.0286607,0.9227085,auto_accept,baseline_vaal
ISIC_0029446,nv,nv,0.0051645134,1.5292733e-05,auto_accept,baseline_vaal
ISIC_0025941,mel,mel,0.6039473,0.8427997,auto_accept,baseline_vaal
ISIC_0029699,nv,nv,0.0062246113,3.3717475e-05,auto_accept,baseline_vaal
ISIC_0026716,bcc,bcc,0.0036627697,0.9975401,auto_accept,baseline_vaal
ISIC_0027438,nv,nv,0.00025202587,9.7994416e-08,auto_accept,baseline_vaal
ISIC_0029075,nv,nv,0.6246386,0.10648361,auto_accept,baseline_vaal
ISIC_0029371,akiec,akiec,0.040425774,0.99998236,auto_accept,baseline_vaal
ISIC_0027468,nv,bkl,0.88671273,0.06276342,auto_accept,baseline_vaal
ISIC_0028645,nv,bcc,1.0214932,0.97540987,auto_accept,baseline_vaal
ISIC_0033456,akiec,akiec,8.744508e-05,0.9999999,auto_accept,baseline_vaal
ISIC_0026660,nv,nv,0.07316177,0.0005621476,auto_accept,baseline_vaal
ISIC_0030707,akiec,bkl,0.6781548,0.052421983,auto_accept,baseline_vaal
ISIC_0030394,bkl,bkl,0.0047683697,3.970707e-05,auto_accept,baseline_vaal
ISIC_0026738,mel,bkl,0.16655055,0.24982083,auto_accept,baseline_vaal
ISIC_0031221,nv,mel,0.5273042,0.7217773,auto_accept,baseline_vaal
ISIC_0029630,mel,bkl,0.0012965347,0.0027870755,auto_accept,baseline_vaal
ISIC_0025564,bcc,bkl,1.0095944,0.47446585,auto_accept,baseline_vaal
ISIC_0030076,akiec,bkl,0.7432446,0.7861987,escalate,baseline_vaal
ISIC_0028216,nv,bcc,0.947278,0.63831055,auto_accept,baseline_vaal
ISIC_0031040,akiec,bcc,0.9216585,0.8344685,auto_accept,baseline_vaal
ISIC_0032312,nv,nv,0.6897965,2.2399543e-05,auto_accept,baseline_vaal
ISIC_0025265,mel,nv,0.014781459,0.0013142339,auto_accept,baseline_vaal
ISIC_0028569,nv,nv,1.381551e-08,2.4908603e-15,auto_accept,baseline_vaal
ISIC_0029246,nv,nv,1.381551e-08,5.3395365e-18,auto_accept,baseline_vaal
ISIC_0028177,nv,nv,0.00467018,8.342719e-05,auto_accept,baseline_vaal
ISIC_0028653,bcc,bcc,0.042476933,0.89610153,auto_accept,baseline_vaal
ISIC_0032947,akiec,mel,0.8742966,0.9967229,auto_accept,baseline_vaal
ISIC_0033228,nv,nv,5.289323e-05,2.8368065e-11,auto_accept,baseline_vaal
ISIC_0032814,nv,nv,0.21923,0.00012319587,auto_accept,baseline_vaal
ISIC_0026701,nv,nv,0.10692225,0.00031506695,auto_accept,baseline_vaal
ISIC_0025094,nv,bkl,0.5164186,0.0020853668,auto_accept,baseline_vaal
ISIC_0027394,bkl,bkl,0.8871498,0.40833125,auto_accept,baseline_vaal
ISIC_0027320,bkl,mel,0.12471218,0.9759361,auto_accept,baseline_vaal
ISIC_0034047,bcc,mel,0.52926195,0.9826012,auto_accept,baseline_vaal
ISIC_0033780,df,df,3.651188e-06,8.898563e-06,auto_accept,baseline_vaal
ISIC_0031506,akiec,bkl,0.027981983,0.0021718452,escalate,baseline_vaal
ISIC_0030348,nv,nv,0.2112495,8.5849315e-05,auto_accept,baseline_vaal
ISIC_0034123,bcc,bcc,0.0014385943,0.99980944,auto_accept,baseline_vaal
ISIC_0027396,nv,nv,1.6817305e-06,2.2943536e-09,auto_accept,baseline_vaal
ISIC_0031975,nv,bkl,1.0763403,0.9804196,auto_accept,baseline_vaal
ISIC_0026818,nv,nv,0.002707901,0.00011147234,auto_accept,baseline_vaal
ISIC_0025470,bkl,bkl,0.001029268,6.599252e-05,auto_accept,baseline_vaal
ISIC_0030697,nv,nv,0.05906976,0.004830453,auto_accept,baseline_vaal
ISIC_0031342,nv,nv,0.45012376,8.816467e-05,auto_accept,baseline_vaal
ISIC_0028369,nv,nv,1.8893896e-05,3.15615e-08,auto_accept,baseline_vaal
ISIC_0027203,nv,mel,0.52374345,0.96607155,auto_accept,baseline_vaal
ISIC_0024957,nv,nv,0.0046696104,0.00025895104,auto_accept,baseline_vaal
ISIC_0026566,bkl,bkl,0.0057677752,0.0002447993,auto_accept,baseline_vaal
ISIC_0025364,nv,nv,0.004645719,9.387211e-05,auto_accept,baseline_vaal
ISIC_0029907,nv,nv,1.381551e-08,6.7431514e-15,auto_accept,baseline_vaal
ISIC_0028217,nv,nv,0.8190237,0.07503252,auto_accept,baseline_vaal
ISIC_0024811,nv,nv,0.0001284535,1.7112872e-06,auto_accept,baseline_vaal
ISIC_0026342,nv,nv,1.4601168e-08,1.7900278e-12,auto_accept,baseline_vaal
ISIC_0025923,nv,nv,1.4118336e-06,1.0178536e-08,auto_accept,baseline_vaal
ISIC_0029737,nv,nv,0.00029971442,2.5622498e-06,auto_accept,baseline_vaal
ISIC_0025368,akiec,akiec,0.15539047,0.99998593,auto_accept,baseline_vaal
ISIC_0024785,nv,nv,6.2992162e-06,1.8180817e-08,auto_accept,baseline_vaal
ISIC_0033729,nv,mel,0.09092612,0.9732093,auto_accept,baseline_vaal
ISIC_0033902,mel,mel,0.00054738,0.9999852,auto_accept,baseline_vaal
ISIC_0034221,bkl,bkl,0.157868,0.0047350675,auto_accept,baseline_vaal
ISIC_0030360,mel,bkl,0.51840603,0.048180073,auto_accept,baseline_vaal
ISIC_0024481,mel,nv,0.7047023,0.017608836,auto_accept,baseline_vaal
ISIC_0027832,mel,bkl,0.17298378,0.0567751,auto_accept,baseline_vaal
ISIC_0031083,nv,nv,0.0018826501,4.10915e-06,auto_accept,baseline_vaal
ISIC_0029970,nv,bkl,0.7000748,7.460053e-05,auto_accept,baseline_vaal
ISIC_0029651,mel,bkl,0.7062224,0.10104502,auto_accept,baseline_vaal
ISIC_0025494,nv,nv,1.381551e-08,6.6519456e-14,auto_accept,baseline_vaal
ISIC_0026118,bcc,bcc,0.15523721,0.9758601,auto_accept,baseline_vaal
ISIC_0025176,nv,nv,0.00033422944,1.2885611e-06,auto_accept,baseline_vaal
ISIC_0031143,nv,mel,0.48067167,0.70234644,auto_accept,baseline_vaal
ISIC_0030452,bcc,bcc,0.27665734,0.8182731,auto_accept,baseline_vaal
ISIC_0026554,nv,bkl,0.020253891,0.016793676,auto_accept,baseline_vaal
ISIC_0027531,bcc,bcc,0.0010237218,0.99970657,auto_accept,baseline_vaal
ISIC_0034084,nv,nv,0.88396364,0.082801975,auto_accept,baseline_vaal
ISIC_0025201,nv,nv,3.8158546e-06,1.4097792e-08,auto_accept,baseline_vaal
ISIC_0030883,mel,bkl,0.49631518,0.5483628,auto_accept,baseline_vaal
ISIC_0026975,nv,nv,0.4767479,0.0002854755,auto_accept,baseline_vaal
ISIC_0030972,nv,nv,0.037108857,0.00066922,auto_accept,baseline_vaal
ISIC_0027642,nv,mel,0.76336545,0.67566526,auto_accept,baseline_vaal
ISIC_0027082,nv,nv,0.0013312636,8.573905e-08,escalate,baseline_vaal
ISIC_0027752,nv,nv,0.014650434,6.36187e-07,auto_accept,baseline_vaal
ISIC_0034067,nv,mel,0.71201855,0.52660656,auto_accept,baseline_vaal
ISIC_0031329,bkl,bkl,0.0008994078,2.7892831e-05,auto_accept,baseline_vaal
ISIC_0024939,nv,nv,0.00036234967,6.565971e-07,auto_accept,baseline_vaal
ISIC_0031916,nv,nv,0.16797033,8.798447e-07,auto_accept,baseline_vaal
ISIC_0030976,bkl,bcc,0.5781814,0.5078955,auto_accept,baseline_vaal
ISIC_0033108,nv,nv,0.28624478,0.13750643,auto_accept,baseline_vaal
ISIC_0034066,bcc,bkl,0.18019891,0.009682563,escalate,baseline_vaal
ISIC_0032708,nv,nv,0.05772188,0.005395368,auto_accept,baseline_vaal
ISIC_0028477,nv,nv,0.20277786,0.006520519,auto_accept,baseline_vaal
ISIC_0025369,nv,nv,1.0008655e-05,1.6212168e-08,auto_accept,baseline_vaal
ISIC_0030979,nv,nv,0.13348453,0.017824681,auto_accept,baseline_vaal
ISIC_0032421,nv,mel,0.71746373,0.46346638,auto_accept,baseline_vaal
ISIC_0026368,nv,nv,4.115277e-06,4.0838604e-09,auto_accept,baseline_vaal
ISIC_0030285,nv,nv,0.03180968,0.00059992936,auto_accept,baseline_vaal
ISIC_0026944,nv,nv,0.0010387716,9.224746e-06,auto_accept,baseline_vaal
ISIC_0034264,nv,nv,0.0071517183,0.00022405933,auto_accept,baseline_vaal
ISIC_0026956,nv,bcc,0.19556685,0.90006167,auto_accept,baseline_vaal
ISIC_0026150,mel,nv,0.70897806,0.15590009,auto_accept,baseline_vaal
ISIC_0027957,bkl,bkl,0.001030988,2.448334e-07,auto_accept,baseline_vaal
ISIC_0032543,nv,nv,0.004588402,9.393785e-06,escalate,baseline_vaal
ISIC_0026529,nv,nv,2.122887e-05,2.5785106e-08,auto_accept,baseline_vaal
ISIC_0027319,nv,nv,0.669273,0.054734312,auto_accept,baseline_vaal
ISIC_0026776,nv,nv,2.9679593e-06,1.253152e-08,auto_accept,baseline_vaal
ISIC_0025232,nv,nv,0.0019309958,6.870639e-06,auto_accept,baseline_vaal
ISIC_0025587,nv,nv,0.35614184,0.0024572122,auto_accept,baseline_vaal
ISIC_0032236,nv,nv,0.9663196,0.2612212,auto_accept,baseline_vaal
ISIC_0026682,nv,nv,0.22585112,0.0013489331,auto_accept,baseline_vaal
ISIC_0027363,nv,nv,2.5938449e-05,1.731869e-07,auto_accept,baseline_vaal
ISIC_0027619,nv,nv,0.018892001,0.00012994655,auto_accept,baseline_vaal
ISIC_0028490,bkl,bkl,0.0668564,0.0012568652,auto_accept,baseline_vaal
ISIC_0028882,nv,nv,0.48602152,0.055604316,auto_accept,baseline_vaal
ISIC_0028367,nv,nv,0.60100853,0.038701437,auto_accept,baseline_vaal
ISIC_0025006,nv,nv,0.0031485881,0.000109159424,auto_accept,baseline_vaal
ISIC_0028792,bkl,bkl,7.5798394e-05,0.00021034908,auto_accept,baseline_vaal
ISIC_0027624,nv,nv,4.5708504e-08,7.620602e-11,auto_accept,baseline_vaal
ISIC_0027570,nv,nv,0.005873158,0.0005039697,auto_accept,baseline_vaal
ISIC_0029086,nv,nv,2.6810864e-07,3.1974302e-12,auto_accept,baseline_vaal
ISIC_0033673,nv,nv,0.6711917,0.00084471,auto_accept,baseline_vaal
ISIC_0028180,bkl,bkl,0.40061828,0.004221405,auto_accept,baseline_vaal
ISIC_0033137,nv,nv,0.54603356,0.054998044,auto_accept,baseline_vaal
ISIC_0030818,mel,nv,0.0435868,0.006182094,auto_accept,baseline_vaal
ISIC_0032700,nv,nv,0.19682431,0.0066039828,auto_accept,baseline_vaal
ISIC_0024639,nv,nv,9.950917e-07,1.7824865e-10,escalate,baseline_vaal
ISIC_0027970,nv,nv,0.019983312,0.00010473656,auto_accept,baseline_vaal
ISIC_0025875,nv,nv,1.2655802e-05,4.172933e-08,auto_accept,baseline_vaal
ISIC_0027201,nv,nv,0.055784598,0.0014104513,auto_accept,baseline_vaal
ISIC_0033369,mel,mel,0.0055814274,0.9984889,auto_accept,baseline_vaal
ISIC_0029370,mel,mel,0.096157074,0.99387676,escalate,baseline_vaal
ISIC_0031955,vasc,bkl,0.082139224,0.0040784767,auto_accept,baseline_vaal
ISIC_0024901,nv,nv,0.013900516,1.4152277e-05,auto_accept,baseline_vaal
ISIC_0033635,bkl,bkl,0.0023037673,7.4525184e-07,escalate,baseline_vaal
ISIC_0024471,bkl,bkl,0.09861732,0.0008071483,auto_accept,baseline_vaal
ISIC_0033499,bcc,akiec,0.8101117,0.9999014,auto_accept,baseline_vaal
ISIC_0031965,nv,bkl,0.376372,0.10315714,auto_accept,baseline_vaal
ISIC_0024791,nv,nv,0.017600365,1.0652781e-06,escalate,baseline_vaal
ISIC_0027777,nv,nv,2.644352e-07,2.745813e-10,auto_accept,baseline_vaal
ISIC_0026911,nv,nv,0.48999983,0.06402107,auto_accept,baseline_vaal
ISIC_0030611,nv,nv,1.5455367e-08,1.735954e-12,auto_accept,baseline_vaal
ISIC_0028186,nv,mel,0.61492485,0.81353116,auto_accept,baseline_vaal
ISIC_0026756,nv,nv,0.017464519,4.7570095e-09,auto_accept,baseline_vaal
ISIC_0028024,nv,nv,3.3215194e-08,2.9187213e-12,auto_accept,baseline_vaal
ISIC_0028494,nv,nv,0.015287266,0.0005708008,escalate,baseline_vaal
ISIC_0028786,nv,nv,3.484845e-05,2.2645825e-07,auto_accept,baseline_vaal
ISIC_0033996,nv,nv,0.016183836,3.2459364e-05,auto_accept,baseline_vaal
ISIC_0024818,nv,mel,0.06465545,0.9886464,auto_accept,baseline_vaal
ISIC_0030106,mel,mel,1.1933557,0.81806517,auto_accept,baseline_vaal
ISIC_0027151,bkl,nv,0.50715375,0.061611403,auto_accept,baseline_vaal
ISIC_0026077,nv,nv,5.979854e-05,6.004669e-08,auto_accept,baseline_vaal
ISIC_0032518,nv,nv,0.70729756,0.28343025,auto_accept,baseline_vaal
ISIC_0032027,nv,mel,0.82059807,0.33288145,auto_accept,baseline_vaal
ISIC_0032157,nv,mel,0.08481465,0.96417236,auto_accept,baseline_vaal
ISIC_0026320,nv,nv,8.156817e-08,3.8927104e-12,auto_accept,baseline_vaal
ISIC_0031539,bcc,bcc,1.1406307,0.48950768,auto_accept,baseline_vaal
ISIC_0032431,nv,nv,0.0009374696,2.119505e-07,auto_accept,baseline_vaal
ISIC_0028294,bkl,bkl,0.00025198923,0.00031246984,auto_accept,baseline_vaal
ISIC_0027900,mel,mel,1.2359496,0.6899678,auto_accept,baseline_vaal
ISIC_0031655,nv,nv,2.2533503e-07,1.5779529e-09,auto_accept,baseline_vaal
ISIC_0027864,nv,nv,1.6686027e-07,1.326553e-10,auto_accept,baseline_vaal
ISIC_0027386,nv,nv,5.5174136e-05,5.3691133e-07,auto_accept,baseline_vaal
ISIC_0028148,mel,nv,0.7458664,0.8274336,escalate,baseline_vaal
ISIC_0026599,nv,bcc,0.3903321,0.98764116,auto_accept,baseline_vaal
ISIC_0032025,nv,nv,0.021071024,6.5787244e-05,auto_accept,baseline_vaal
ISIC_0028683,nv,nv,0.0033719372,1.7898934e-06,auto_accept,baseline_vaal
ISIC_0033832,nv,nv,0.08159365,0.004838907,auto_accept,baseline_vaal
ISIC_0033106,nv,mel,0.9190402,0.32386705,escalate,baseline_vaal
ISIC_0024572,bcc,bkl,0.057349484,0.030025769,auto_accept,baseline_vaal
ISIC_0033893,mel,mel,0.72047997,0.93222934,auto_accept,baseline_vaal
ISIC_0031294,bcc,bcc,0.00010817145,0.99998975,auto_accept,baseline_vaal
ISIC_0030250,nv,nv,0.0052107526,0.00011069242,auto_accept,baseline_vaal
ISIC_0026898,nv,nv,0.0073389644,0.00062985887,auto_accept,baseline_vaal
ISIC_0024494,bkl,bkl,0.45593962,0.17964262,auto_accept,baseline_vaal
ISIC_0031642,mel,mel,0.12226304,0.9737453,auto_accept,baseline_vaal
ISIC_0029942,nv,nv,6.1117853e-06,4.566716e-09,auto_accept,baseline_vaal
ISIC_0027935,nv,nv,0.0025857622,5.1086204e-06,auto_accept,baseline_vaal
ISIC_0029656,nv,nv,0.045063637,0.0003542163,auto_accept,baseline_vaal
ISIC_0030238,mel,nv,0.7348087,0.018761078,auto_accept,baseline_vaal
ISIC_0031467,nv,nv,1.1822982e-05,4.7103486e-09,escalate,baseline_vaal
ISIC_0026226,nv,bcc,0.7200004,0.66779757,auto_accept,baseline_vaal
ISIC_0025065,nv,nv,0.21272539,0.011806849,auto_accept,baseline_vaal
ISIC_0025279,nv,nv,0.13301581,0.009151656,auto_accept,baseline_vaal
ISIC_0033994,nv,nv,0.005563447,3.3114316e-05,auto_accept,baseline_vaal
ISIC_0027208,nv,nv,0.0023599584,6.266267e-05,auto_accept,baseline_vaal
ISIC_0029920,nv,nv,0.031939227,0.00064010127,auto_accept,baseline_vaal
ISIC_0032946,nv,nv,0.039381396,0.0018373358,escalate,baseline_vaal
ISIC_0030984,nv,nv,1.6600213e-06,8.50228e-09,auto_accept,baseline_vaal
ISIC_0029545,bcc,bcc,0.011480855,0.99573344,auto_accept,baseline_vaal
ISIC_0031634,nv,nv,0.0041739033,2.6011203e-05,auto_accept,baseline_vaal
ISIC_0034127,nv,nv,0.40698978,0.011296693,auto_accept,baseline_vaal
ISIC_0029453,mel,nv,0.6522956,3.9090532e-06,auto_accept,baseline_vaal
ISIC_0032466,mel,mel,0.18747807,0.942033,auto_accept,baseline_vaal
ISIC_0031802,nv,nv,0.009798636,0.0007517109,auto_accept,baseline_vaal
ISIC_0029524,bcc,bcc,0.011213816,0.9959501,auto_accept,baseline_vaal
ISIC_0027802,akiec,akiec,0.012058168,0.9999963,auto_accept,baseline_vaal
ISIC_0031183,nv,nv,0.0004151759,8.874747e-06,auto_accept,baseline_vaal
ISIC_0034159,mel,mel,0.012490568,0.9983291,auto_accept,baseline_vaal
ISIC_0031528,bkl,bkl,0.69262046,0.6896592,auto_accept,baseline_vaal
ISIC_0028379,nv,nv,9.205254e-06,1.6249938e-08,auto_accept,baseline_vaal
ISIC_0031800,nv,nv,0.0062182033,6.876807e-06,escalate,baseline_vaal
ISIC_0031320,nv,nv,0.010705755,5.8626196e-05,auto_accept,baseline_vaal
ISIC_0029848,nv,nv,4.7493588e-05,3.3967403e-08,auto_accept,baseline_vaal
ISIC_0029100,bkl,bkl,0.009533988,0.0029963185,escalate,baseline_vaal
ISIC_0027350,mel,nv,0.0002757715,4.065276e-06,auto_accept,baseline_vaal
ISIC_0027323,nv,nv,0.027036594,0.0029404156,auto_accept,baseline_vaal
ISIC_0025229,nv,nv,0.03626398,4.8698043e-05,auto_accept,baseline_vaal
ISIC_0029863,nv,nv,1.381551e-08,4.697787e-13,auto_accept,baseline_vaal
ISIC_0026273,bkl,bkl,0.031224415,0.00012848928,auto_accept,baseline_vaal
ISIC_0029598,akiec,bcc,0.051191807,0.94761014,auto_accept,baseline_vaal
ISIC_0032195,nv,nv,0.9212113,0.31211472,auto_accept,baseline_vaal
ISIC_0029464,bkl,akiec,0.70396173,0.99672747,auto_accept,baseline_vaal
ISIC_0027730,nv,nv,4.648244e-08,1.6379674e-11,auto_accept,baseline_vaal
ISIC_0029469,nv,nv,0.770966,1.9758061e-05,auto_accept,baseline_vaal
ISIC_0032962,nv,bkl,0.7337404,0.0031857057,auto_accept,baseline_vaal
ISIC_0029309,akiec,akiec,0.0035660125,0.99994063,auto_accept,baseline_vaal
ISIC_0025906,bkl,nv,0.40512085,4.9982634e-07,auto_accept,baseline_vaal
ISIC_0033660,bkl,bkl,0.67337275,0.0022406026,auto_accept,baseline_vaal
ISIC_0034199,nv,nv,0.6588159,0.00012953693,auto_accept,baseline_vaal
ISIC_0024505,bkl,bkl,0.34881347,0.28430718,auto_accept,baseline_vaal
ISIC_0033452,mel,nv,0.57984614,0.1638392,auto_accept,baseline_vaal
ISIC_0027149,mel,bkl,0.49423426,0.2917589,auto_accept,baseline_vaal
ISIC_0027101,mel,bkl,0.24138942,0.07182593,auto_accept,baseline_vaal
ISIC_0032331,mel,nv,0.5324036,0.058430687,auto_accept,baseline_vaal
ISIC_0025870,nv,nv,0.31716675,0.029023064,auto_accept,baseline_vaal
ISIC_0027133,nv,nv,0.0017063826,4.0455958e-05,auto_accept,baseline_vaal
ISIC_0031066,nv,nv,0.00013860507,5.9841636e-07,auto_accept,baseline_vaal
ISIC_0028956,nv,nv,0.009601228,1.3653292e-05,auto_accept,baseline_vaal
ISIC_0030633,nv,nv,0.00094631943,1.1577681e-07,auto_accept,baseline_vaal
ISIC_0033535,nv,nv,0.0023065174,0.00010104338,auto_accept,baseline_vaal
ISIC_0033971,nv,nv,0.23982814,0.047127508,auto_accept,baseline_vaal
ISIC_0033980,mel,nv,0.08432677,0.013164788,auto_accept,baseline_vaal
ISIC_0030090,nv,nv,0.00030851556,3.9637607e-06,auto_accept,baseline_vaal
ISIC_0029451,nv,nv,0.0076645147,0.0002171103,auto_accept,baseline_vaal
ISIC_0027409,nv,nv,0.8284842,0.18722315,auto_accept,baseline_vaal
ISIC_0030149,nv,nv,0.0019491238,2.663947e-07,auto_accept,baseline_vaal
ISIC_0029298,nv,nv,0.2880049,0.0397132,auto_accept,baseline_vaal
ISIC_0029344,nv,nv,0.24111903,0.004390858,auto_accept,baseline_vaal
ISIC_0033326,nv,nv,0.005125857,0.00041027044,auto_accept,baseline_vaal
ISIC_0031104,nv,nv,0.00010530766,1.0330294e-07,auto_accept,baseline_vaal
ISIC_0026675,bkl,bkl,0.2996413,0.004331023,auto_accept,baseline_vaal
ISIC_0031777,nv,nv,0.00038708013,3.8413728e-07,escalate,baseline_vaal
ISIC_0027306,mel,nv,0.26380947,0.0005086569,auto_accept,baseline_vaal
ISIC_0030806,bkl,akiec,0.0061991983,0.9999957,auto_accept,baseline_vaal
ISIC_0030825,akiec,akiec,0.7852348,0.9694812,auto_accept,baseline_vaal
ISIC_0032402,nv,nv,0.111875184,0.0110416375,auto_accept,baseline_vaal
ISIC_0024838,nv,nv,0.0022443421,9.0539625e-06,auto_accept,baseline_vaal
ISIC_0031855,nv,nv,0.0030818214,2.1846986e-07,auto_accept,baseline_vaal
ISIC_0029378,nv,nv,0.0014136662,6.7070016e-07,auto_accept,baseline_vaal
ISIC_0032367,nv,nv,2.2626564e-06,1.776806e-08,auto_accept,baseline_vaal
ISIC_0028745,nv,nv,0.045674365,0.0002723519,auto_accept,baseline_vaal
ISIC_0026099,nv,nv,0.2770399,0.029305395,escalate,baseline_vaal
ISIC_0032073,nv,nv,6.076818e-08,1.0723792e-11,escalate,baseline_vaal
ISIC_0030720,nv,nv,0.045553938,0.0006443795,auto_accept,baseline_vaal
ISIC_0024942,nv,nv,0.00014785505,1.3859696e-07,auto_accept,baseline_vaal
ISIC_0030728,nv,nv,2.2953286e-06,7.730517e-11,auto_accept,baseline_vaal
ISIC_0028525,bkl,bkl,0.17119794,0.072469264,auto_accept,baseline_vaal
ISIC_0032645,mel,mel,0.468698,0.7682406,auto_accept,baseline_vaal
ISIC_0032136,nv,nv,0.009971179,0.00081660267,auto_accept,baseline_vaal
ISIC_0028388,bkl,akiec,0.112628,0.99840623,auto_accept,baseline_vaal
ISIC_0024564,bcc,bcc,0.016975958,0.99413115,auto_accept,baseline_vaal
ISIC_0033067,nv,nv,7.558997e-06,2.597109e-08,auto_accept,baseline_vaal
ISIC_0026303,nv,nv,0.18040864,8.702278e-09,auto_accept,baseline_vaal
ISIC_0025308,nv,nv,0.0045603495,1.2659076e-05,auto_accept,baseline_vaal
ISIC_0030247,nv,df,0.09920474,0.007218097,auto_accept,baseline_vaal
ISIC_0024476,nv,bkl,0.0039272825,0.00031306708,auto_accept,baseline_vaal
ISIC_0031384,bcc,bcc,0.0073785814,0.9986743,auto_accept,baseline_vaal
ISIC_0027479,nv,nv,0.00011868786,4.403846e-06,auto_accept,baseline_vaal
ISIC_0033022,bkl,bkl,0.0023791394,0.002259083,auto_accept,baseline_vaal
ISIC_0025695,nv,mel,0.012910085,0.99957246,auto_accept,baseline_vaal
ISIC_0025448,nv,nv,1.381551e-08,1.5139686e-14,auto_accept,baseline_vaal
ISIC_0026962,nv,nv,0.0003288763,4.82579e-08,auto_accept,baseline_vaal
ISIC_0025363,mel,mel,0.53658605,0.92976826,auto_accept,baseline_vaal
ISIC_0032342,nv,mel,0.59378344,0.5882574,auto_accept,baseline_vaal
ISIC_0027535,nv,nv,0.68966824,0.009840619,auto_accept,baseline_vaal
ISIC_0029767,nv,nv,0.001315751,2.283882e-05,auto_accept,baseline_vaal
ISIC_0033777,nv,nv,1.0022289,0.3038053,auto_accept,baseline_vaal
ISIC_0031765,nv,nv,0.0010439899,8.053084e-07,auto_accept,baseline_vaal
ISIC_0033656,nv,nv,0.7068078,0.29760268,auto_accept,baseline_vaal
ISIC_0024385,nv,nv,0.43952662,0.010658357,auto_accept,baseline_vaal
ISIC_0027656,nv,nv,2.7119067e-06,8.8114394e-10,auto_accept,baseline_vaal
ISIC_0034111,nv,nv,7.817762e-05,6.871635e-08,auto_accept,baseline_vaal
ISIC_0031645,nv,nv,0.24418665,0.031046571,auto_accept,baseline_vaal
ISIC_0027906,nv,nv,0.027064187,0.00046573218,auto_accept,baseline_vaal
ISIC_0031595,nv,nv,0.09548129,0.00096215383,auto_accept,baseline_vaal
ISIC_0030591,akiec,akiec,0.75164807,0.76556855,auto_accept,baseline_vaal
ISIC_0034039,nv,nv,0.010915709,0.00072912243,auto_accept,baseline_vaal
ISIC_0026271,nv,nv,3.7599635e-05,1.9959485e-09,auto_accept,baseline_vaal
ISIC_0032317,nv,nv,0.023963198,2.6980493e-05,auto_accept,baseline_vaal
ISIC_0030830,df,bkl,1.0422628,0.000151898,auto_accept,baseline_vaal
ISIC_0029764,bkl,mel,0.98807865,0.9881294,auto_accept,baseline_vaal
ISIC_0027558,nv,bkl,0.1465797,0.0004191901,auto_accept,baseline_vaal
ISIC_0026719,nv,nv,1.381551e-08,4.5040257e-13,auto_accept,baseline_vaal
ISIC_0030620,nv,nv,0.026108949,0.0015011452,auto_accept,baseline_vaal
ISIC_0029239,nv,nv,7.726808e-06,4.8850033e-08,auto_accept,baseline_vaal
ISIC_0024647,mel,bkl,0.18360257,0.03104759,auto_accept,baseline_vaal
ISIC_0025300,nv,nv,0.0368746,6.2345657e-06,auto_accept,baseline_vaal
ISIC_0027560,mel,mel,0.63509846,0.9996755,auto_accept,baseline_vaal
ISIC_0025214,nv,bkl,0.00665539,0.0035029906,auto_accept,baseline_vaal
ISIC_0031757,nv,nv,0.0007635961,3.1870243e-06,auto_accept,baseline_vaal
ISIC_0025553,nv,bkl,0.0009857442,0.0001828475,auto_accept,baseline_vaal
ISIC_0031318,bcc,bcc,0.0012038901,0.99992085,auto_accept,baseline_vaal
ISIC_0031423,nv,nv,5.812276e-07,5.224978e-10,escalate,baseline_vaal
ISIC_0028259,nv,nv,0.0006440234,1.3972809e-07,auto_accept,baseline_vaal
ISIC_0031407,bcc,mel,0.75713295,0.99763656,auto_accept,baseline_vaal
ISIC_0027491,nv,nv,0.60277396,0.051049322,auto_accept,baseline_vaal
ISIC_0028969,mel,bkl,0.22235987,0.005723714,auto_accept,baseline_vaal
ISIC_0032300,nv,nv,1.0059797,0.15971896,auto_accept,baseline_vaal
ISIC_0031658,nv,nv,3.0039504e-07,5.2180865e-10,auto_accept,baseline_vaal
ISIC_0034194,nv,nv,0.05452217,1.4290722e-06,auto_accept,baseline_vaal
ISIC_0034151,bkl,mel,0.5228077,0.9451812,auto_accept,baseline_vaal
ISIC_0028322,nv,nv,7.301496e-05,3.1563516e-07,auto_accept,baseline_vaal
ISIC_0025984,bkl,bcc,0.20957898,0.9952413,auto_accept,baseline_vaal
ISIC_0027160,nv,nv,4.014794e-05,7.226234e-08,auto_accept,baseline_vaal
ISIC_0025263,nv,nv,9.237019e-07,1.15566775e-11,auto_accept,baseline_vaal
ISIC_0029614,nv,nv,0.117896885,0.01639925,auto_accept,baseline_vaal
ISIC_0030625,nv,nv,0.70453775,0.00034868967,auto_accept,baseline_vaal
ISIC_0029470,nv,nv,0.05092469,0.0069957045,auto_accept,baseline_vaal
ISIC_0028652,bcc,bcc,0.019869694,0.99952185,auto_accept,baseline_vaal
ISIC_0031830,nv,nv,0.010187105,1.934868e-05,auto_accept,baseline_vaal
ISIC_0033234,nv,nv,0.4789384,0.11526373,auto_accept,baseline_vaal
ISIC_0031268,nv,mel,0.52733696,0.8954222,auto_accept,baseline_vaal
ISIC_0028079,bcc,bkl,0.43319038,0.049113624,auto_accept,baseline_vaal
ISIC_0027947,nv,nv,0.23656687,0.005947753,auto_accept,baseline_vaal
ISIC_0025917,nv,nv,8.3117385e-08,6.628168e-12,auto_accept,baseline_vaal
ISIC_0024437,nv,nv,0.28784195,3.2137e-05,auto_accept,baseline_vaal
ISIC_0031683,nv,nv,7.632803e-07,7.645268e-10,auto_accept,baseline_vaal
ISIC_0026906,nv,nv,0.04641242,1.5108915e-06,auto_accept,baseline_vaal
ISIC_0026331,nv,nv,6.038975e-06,9.1629415e-09,auto_accept,baseline_vaal
ISIC_0027425,bcc,bcc,0.9295021,0.49873704,auto_accept,baseline_vaal
ISIC_0025060,nv,nv,0.00018143229,3.0647766e-06,auto_accept,baseline_vaal
ISIC_0034176,nv,nv,0.41392612,0.024729151,auto_accept,baseline_vaal
ISIC_0032272,nv,nv,0.049142435,0.001694613,auto_accept,baseline_vaal
ISIC_0025499,nv,bkl,0.31930032,4.900999e-06,auto_accept,baseline_vaal
ISIC_0028939,nv,nv,0.0047598775,6.3631906e-06,auto_accept,baseline_vaal
ISIC_0031463,nv,nv,4.0118237e-05,1.378857e-07,auto_accept,baseline_vaal
ISIC_0032103,bkl,bkl,0.71164376,0.16225114,auto_accept,baseline_vaal
ISIC_0027114,nv,nv,0.5406461,0.18203261,auto_accept,baseline_vaal
ISIC_0027387,mel,nv,0.4831853,0.12932028,auto_accept,baseline_vaal
ISIC_0032691,nv,nv,0.0050432095,0.00014392626,auto_accept,baseline_vaal
ISIC_0032263,nv,nv,2.187382e-08,1.625822e-11,auto_accept,baseline_vaal
ISIC_0024407,nv,nv,0.0006059936,4.1111175e-06,auto_accept,baseline_vaal
ISIC_0024774,bkl,bkl,0.00035106024,0.00015023498,auto_accept,baseline_vaal
ISIC_0033943,nv,bkl,0.30151057,0.024780927,auto_accept,baseline_vaal
ISIC_0025973,bkl,bkl,0.0055687525,0.001471137,auto_accept,baseline_vaal
ISIC_0024561,nv,mel,0.07601571,0.9835075,auto_accept,baseline_vaal
ISIC_0030176,nv,nv,0.7481944,0.045554444,auto_accept,baseline_vaal
ISIC_0025693,bkl,bkl,0.17797725,0.07534357,escalate,baseline_vaal
ISIC_0031913,nv,mel,0.5536949,0.91665053,auto_accept,baseline_vaal
ISIC_0031507,nv,nv,0.013534844,7.4001895e-05,auto_accept,baseline_vaal
ISIC_0029847,bcc,df,0.0479684,0.00084388215,auto_accept,baseline_vaal
ISIC_0030428,nv,nv,3.8534534e-08,3.3216428e-13,auto_accept,baseline_vaal
ISIC_0026631,bkl,bkl,2.0028021e-05,1.4080484e-05,auto_accept,baseline_vaal
ISIC_0029291,bkl,bkl,0.03679378,3.384942e-06,auto_accept,baseline_vaal
ISIC_0031322,nv,nv,0.4623988,0.026434267,auto_accept,baseline_vaal
ISIC_0030635,nv,mel,0.95882624,0.8395124,auto_accept,baseline_vaal
ISIC_0032483,nv,nv,5.0566623e-06,5.2506987e-08,auto_accept,baseline_vaal
ISIC_0028766,nv,nv,0.00029544963,6.74394e-06,auto_accept,baseline_vaal
ISIC_0033536,akiec,akiec,0.0008552945,0.9997987,auto_accept,baseline_vaal
ISIC_0029002,akiec,bcc,0.0033676254,0.9984162,auto_accept,baseline_vaal
ISIC_0027919,nv,nv,0.25259432,2.3849725e-05,auto_accept,baseline_vaal
ISIC_0030578,nv,nv,0.12518793,0.013940056,auto_accept,baseline_vaal
ISIC_0024309,nv,nv,0.070364274,0.0055777295,auto_accept,baseline_vaal
ISIC_0028648,nv,nv,0.8152683,0.16748971,auto_accept,baseline_vaal
ISIC_0029274,nv,nv,0.30865073,0.00012791033,auto_accept,baseline_vaal
ISIC_0032258,mel,vasc,0.010044761,7.549021e-05,auto_accept,baseline_vaal
ISIC_0032344,nv,bcc,0.50055635,0.9998223,auto_accept,baseline_vaal
ISIC_0033379,bkl,bkl,0.074313566,0.00020437651,auto_accept,baseline_vaal
ISIC_0031863,nv,nv,0.39952815,0.005736865,auto_accept,baseline_vaal
ISIC_0031791,nv,nv,0.06375322,0.0002107277,auto_accept,baseline_vaal
ISIC_0024312,bkl,bkl,0.047723822,0.18362562,auto_accept,baseline_vaal
ISIC_0033608,vasc,vasc,5.487727e-08,8.307824e-10,escalate,baseline_vaal
ISIC_0032285,nv,nv,0.00077647634,1.9250616e-05,escalate,baseline_vaal
ISIC_0028733,nv,nv,0.0024850992,6.347535e-06,auto_accept,baseline_vaal
ISIC_0029391,bcc,bcc,0.0025235743,0.9986688,auto_accept,baseline_vaal
ISIC_0026288,nv,nv,0.022452593,6.132056e-05,auto_accept,baseline_vaal
ISIC_0026411,akiec,bkl,0.2408159,0.005262709,auto_accept,baseline_vaal
ISIC_0030958,nv,nv,9.547822e-05,5.5857804e-08,auto_accept,baseline_vaal
ISIC_0033133,nv,nv,2.571797e-05,2.8277082e-08,escalate,baseline_vaal
ISIC_0032982,mel,mel,0.49986315,0.9773302,auto_accept,baseline_vaal
ISIC_0025292,bkl,bkl,0.006091635,0.00012707914,auto_accept,baseline_vaal
ISIC_0031959,nv,bkl,0.013023299,4.5405533e-05,auto_accept,baseline_vaal
ISIC_0026931,nv,nv,9.340531e-07,1.12321846e-10,auto_accept,baseline_vaal
ISIC_0025866,nv,nv,0.0012688284,1.7875218e-05,auto_accept,baseline_vaal
ISIC_0031216,nv,nv,1.1256199,0.23259345,auto_accept,baseline_vaal
ISIC_0028489,mel,nv,0.039447177,0.0003628539,auto_accept,baseline_vaal
ISIC_0025256,nv,nv,0.090289354,0.00049025833,auto_accept,baseline_vaal
ISIC_0033698,nv,nv,0.00011010503,1.2024925e-08,auto_accept,baseline_vaal
ISIC_0034211,mel,mel,1.1045911,0.4310079,auto_accept,baseline_vaal
ISIC_0029742,vasc,vasc,3.2073192e-05,6.2903287e-09,auto_accept,baseline_vaal
ISIC_0025029,akiec,mel,0.33221415,0.9875195,auto_accept,baseline_vaal
ISIC_0027507,mel,nv,0.09922707,0.00013635035,auto_accept,baseline_vaal
ISIC_0028608,nv,df,1.2854213,0.04425795,auto_accept,baseline_vaal
ISIC_0028469,nv,nv,2.5697656e-05,1.0018784e-08,auto_accept,baseline_vaal
ISIC_0025397,nv,nv,0.00022989504,6.9479887e-07,auto_accept,baseline_vaal
ISIC_0030221,nv,nv,0.939646,0.07936284,auto_accept,baseline_vaal
ISIC_0032249,bkl,nv,0.7915674,0.00078290334,auto_accept,baseline_vaal
ISIC_0028785,nv,nv,0.014302319,0.00082628045,auto_accept,baseline_vaal
ISIC_0033146,bcc,bcc,0.0073523014,0.9997408,auto_accept,baseline_vaal
ISIC_0031286,akiec,akiec,0.12071693,0.98967034,auto_accept,baseline_vaal
ISIC_0029594,nv,nv,0.0009577087,2.7443468e-05,auto_accept,baseline_vaal
ISIC_0027418,nv,nv,0.47021887,0.027085043,auto_accept,baseline_vaal
ISIC_0028973,bcc,bcc,0.019297551,0.9981217,auto_accept,baseline_vaal
ISIC_0025299,bcc,bcc,0.000854022,0.999926,auto_accept,baseline_vaal
ISIC_0026336,vasc,vasc,2.1445383e-07,1.7692561e-10,auto_accept,baseline_vaal
ISIC_0033716,bkl,mel,0.76673406,0.98854685,auto_accept,baseline_vaal
ISIC_0032280,bkl,bkl,0.0011140134,3.644328e-05,escalate,baseline_vaal
ISIC_0024892,nv,nv,0.013244496,0.0005044134,auto_accept,baseline_vaal
ISIC_0031627,nv,nv,1.0025097e-05,1.1371818e-08,auto_accept,baseline_vaal
ISIC_0033142,nv,nv,0.715015,0.0011152863,auto_accept,baseline_vaal
ISIC_0027614,nv,nv,0.03977655,0.005111532,auto_accept,baseline_vaal
ISIC_0033620,bkl,bkl,0.36091983,0.0014421523,auto_accept,baseline_vaal
ISIC_0025323,nv,nv,1.0501636,0.17031404,auto_accept,baseline_vaal
ISIC_0032516,nv,nv,0.031574357,0.00042414185,auto_accept,baseline_vaal
ISIC_0026831,bcc,bcc,0.024692863,0.9983699,auto_accept,baseline_vaal
ISIC_0031523,nv,nv,0.0023989007,1.5157122e-05,auto_accept,baseline_vaal
ISIC_0030549,akiec,akiec,0.35690883,0.99574333,auto_accept,baseline_vaal
ISIC_0033824,nv,nv,0.0015397716,1.853926e-05,auto_accept,baseline_vaal
ISIC_0028551,nv,bkl,1.1926595,0.16618225,auto_accept,baseline_vaal
ISIC_0031368,mel,bkl,0.02973791,0.061049283,auto_accept,baseline_vaal
ISIC_0028479,bkl,bkl,0.3060602,0.06865085,auto_accept,baseline_vaal
ISIC_0033525,nv,nv,0.0026127924,8.0351865e-06,auto_accept,baseline_vaal
ISIC_0033328,nv,bkl,0.39160305,0.33659232,auto_accept,baseline_vaal
ISIC_0032660,bcc,mel,1.3084755,0.95267636,auto_accept,baseline_vaal
ISIC_0026215,nv,vasc,1.258377,0.04496125,auto_accept,baseline_vaal
ISIC_0026902,bcc,bcc,0.012378298,0.99953115,auto_accept,baseline_vaal
ISIC_0030059,nv,nv,0.35442105,0.0041906647,auto_accept,baseline_vaal
ISIC_0031065,vasc,vasc,1.4930155e-06,6.589394e-08,auto_accept,baseline_vaal
ISIC_0030575,mel,bkl,0.0439263,0.005622094,auto_accept,baseline_vaal
ISIC_0027190,mel,nv,0.70251775,0.0012643051,auto_accept,baseline_vaal
ISIC_0031983,nv,nv,0.011279487,0.0001399851,auto_accept,baseline_vaal
ISIC_0030085,nv,nv,0.0017061316,9.700796e-06,auto_accept,baseline_vaal
ISIC_0026638,nv,df,0.08557796,2.5847063e-05,auto_accept,baseline_vaal
ISIC_0033684,nv,nv,0.5301599,0.09474221,auto_accept,baseline_vaal
ISIC_0030502,nv,nv,0.07053862,6.0424005e-05,auto_accept,baseline_vaal
ISIC_0029723,nv,nv,0.13019721,5.45272e-13,auto_accept,baseline_vaal
ISIC_0027723,nv,nv,0.03125789,0.0004450207,auto_accept,baseline_vaal
ISIC_0030999,nv,nv,0.0027370404,2.1344852e-07,escalate,baseline_vaal
ISIC_0026707,nv,nv,1.356261e-06,1.3205355e-09,auto_accept,baseline_vaal
ISIC_0034024,bkl,bkl,0.42903352,0.00288067,escalate,baseline_vaal
ISIC_0027679,nv,nv,0.006857612,1.2126079e-06,auto_accept,baseline_vaal
ISIC_0027048,nv,nv,0.0007222922,7.8801495e-06,auto_accept,baseline_vaal
ISIC_0032350,nv,nv,0.0016499514,3.8984545e-06,auto_accept,baseline_vaal
ISIC_0029248,df,df,6.19922e-05,8.623519e-06,auto_accept,baseline_vaal
ISIC_0027500,nv,nv,0.0017067081,3.7352012e-05,auto_accept,baseline_vaal
ISIC_0033388,nv,nv,0.17820112,0.00065774866,escalate,baseline_vaal
ISIC_0026429,nv,bcc,0.013126848,0.99640924,auto_accept,baseline_vaal
ISIC_0033280,bkl,bkl,0.00094135484,2.4529966e-06,escalate,baseline_vaal
ISIC_0033295,akiec,akiec,0.21449643,0.9986236,auto_accept,baseline_vaal
ISIC_0030962,nv,nv,0.008316985,2.6815574e-06,auto_accept,baseline_vaal
ISIC_0033413,akiec,akiec,0.1471204,0.9999753,auto_accept,baseline_vaal
ISIC_0033038,mel,bkl,0.93777776,0.22949575,auto_accept,baseline_vaal
ISIC_0031843,nv,nv,0.0150953485,2.9428109e-05,auto_accept,baseline_vaal
ISIC_0029551,nv,nv,0.0030873045,1.8157436e-05,auto_accept,baseline_vaal
ISIC_0024523,nv,nv,0.052268386,0.0042887377,auto_accept,baseline_vaal
ISIC_0024670,nv,nv,0.00023929372,1.4154989e-06,auto_accept,baseline_vaal
ISIC_0029363,mel,mel,0.5375273,0.99812406,auto_accept,baseline_vaal
ISIC_0030996,nv,nv,0.00022810521,3.5055345e-07,auto_accept,baseline_vaal
ISIC_0032239,nv,nv,0.0016657196,7.285573e-05,auto_accept,baseline_vaal
ISIC_0027912,nv,nv,1.381551e-08,5.128471e-15,auto_accept,baseline_vaal
ISIC_0026112,nv,nv,0.004488619,7.839527e-05,auto_accept,baseline_vaal
ISIC_0027901,nv,nv,0.0015099836,4.5583116e-07,auto_accept,baseline_vaal
ISIC_0024579,akiec,akiec,0.072782025,0.9686086,auto_accept,baseline_vaal
ISIC_0033726,nv,nv,0.025623553,0.0024066775,auto_accept,baseline_vaal
ISIC_0028300,nv,nv,9.834198e-07,2.0028434e-09,auto_accept,baseline_vaal
ISIC_0028113,bcc,bcc,0.029528039,0.99793565,auto_accept,baseline_vaal
ISIC_0025027,nv,bcc,0.0075399275,0.9997789,auto_accept,baseline_vaal
ISIC_0027104,nv,nv,1.4837901e-08,2.4507321e-12,auto_accept,baseline_vaal
ISIC_0029919,bcc,bcc,0.2891243,0.9767238,auto_accept,baseline_vaal
ISIC_0028549,nv,nv,2.7829997e-06,9.602932e-10,auto_accept,baseline_vaal
ISIC_0031521,nv,nv,0.021512315,0.0014944088,escalate,baseline_vaal
ISIC_0031252,nv,nv,3.224683e-07,9.047069e-10,auto_accept,baseline_vaal
ISIC_0028182,nv,nv,8.994347e-05,3.1554066e-07,auto_accept,baseline_vaal
ISIC_0032217,nv,nv,3.4803085e-07,3.993565e-10,auto_accept,baseline_vaal
ISIC_0028078,nv,nv,0.00060021906,3.4918903e-05,auto_accept,baseline_vaal
ISIC_0025430,nv,nv,0.10947181,6.742724e-07,auto_accept,baseline_vaal
ISIC_0029209,mel,bkl,0.100861214,1.3733646e-05,auto_accept,baseline_vaal
ISIC_0034256,mel,bcc,0.17960045,0.99056643,auto_accept,baseline_vaal
ISIC_0026178,akiec,bkl,0.3822349,0.57849866,auto_accept,baseline_vaal
ISIC_0027884,akiec,bcc,0.09412966,0.99291563,auto_accept,baseline_vaal
ISIC_0030800,bcc,bcc,0.006408211,0.9969892,auto_accept,baseline_vaal
ISIC_0029569,nv,nv,0.25750434,2.2519187e-05,auto_accept,baseline_vaal
ISIC_0025787,nv,nv,8.4469565e-07,2.696007e-11,auto_accept,baseline_vaal
ISIC_0026748,nv,nv,0.008597124,0.0004812275,auto_accept,baseline_vaal
ISIC_0029353,mel,akiec,0.45663115,0.99614197,auto_accept,baseline_vaal
ISIC_0028778,nv,nv,0.0007037642,1.2118784e-06,auto_accept,baseline_vaal
ISIC_0025075,bkl,bkl,0.6455931,0.05087804,auto_accept,baseline_vaal
ISIC_0031514,nv,nv,0.035080623,0.00026297945,auto_accept,baseline_vaal
ISIC_0025133,nv,bcc,1.2943292,0.88200086,auto_accept,baseline_vaal
ISIC_0030746,bcc,bcc,0.027709778,0.97182864,auto_accept,baseline_vaal
ISIC_0026164,nv,nv,5.4957967e-05,4.034695e-07,auto_accept,baseline_vaal
ISIC_0027726,nv,nv,0.0012923572,1.0566953e-05,auto_accept,baseline_vaal
ISIC_0029135,bkl,mel,0.2484228,0.9507141,auto_accept,baseline_vaal
ISIC_0029152,nv,nv,0.1649759,0.012963167,auto_accept,baseline_vaal
ISIC_0029112,nv,nv,0.0117071755,0.00034991096,auto_accept,baseline_vaal
ISIC_0034296,bkl,bkl,7.6609143e-07,4.7444436e-07,escalate,baseline_vaal
ISIC_0028074,nv,nv,0.2792724,0.00049238297,auto_accept,baseline_vaal
ISIC_0029565,nv,nv,0.009944271,0.0018667805,auto_accept,baseline_vaal
ISIC_0025609,nv,nv,0.11893791,0.00018462993,auto_accept,baseline_vaal
ISIC_0026785,nv,nv,0.0030266887,1.0919152e-06,auto_accept,baseline_vaal
ISIC_0030842,nv,nv,0.0060371617,0.00029440844,auto_accept,baseline_vaal
ISIC_0028505,mel,mel,0.3510285,0.999798,escalate,baseline_vaal
ISIC_0031971,bcc,bcc,0.5124277,0.9594312,auto_accept,baseline_vaal
ISIC_0026497,nv,nv,0.04103739,0.0037270025,auto_accept,baseline_vaal
ISIC_0025349,nv,nv,0.0008078897,2.547369e-10,auto_accept,baseline_vaal
ISIC_0030663,nv,mel,0.54044825,0.85351455,auto_accept,baseline_vaal
ISIC_0031525,nv,nv,0.0005160547,3.1925618e-05,auto_accept,baseline_vaal
ISIC_0031097,nv,nv,0.006987657,7.7253004e-05,auto_accept,baseline_vaal
ISIC_0030426,nv,nv,0.70217925,0.20994176,auto_accept,baseline_vaal
ISIC_0029945,nv,mel,0.22316454,0.8364168,escalate,baseline_vaal
ISIC_0033730,mel,mel,0.20319107,0.9050548,auto_accept,baseline_vaal
ISIC_0027183,nv,nv,1.4384451,0.18668893,auto_accept,baseline_vaal
ISIC_0029476,nv,nv,1.3975906,0.6176164,auto_accept,baseline_vaal
ISIC_0033297,nv,nv,0.8088107,0.09267485,auto_accept,baseline_vaal
ISIC_0027927,nv,nv,2.0232648e-05,4.8907836e-08,auto_accept,baseline_vaal
ISIC_0030445,mel,mel,1.6182394,0.7382628,auto_accept,baseline_vaal
ISIC_0030158,akiec,akiec,0.0014178216,0.999964,auto_accept,baseline_vaal
ISIC_0031739,nv,nv,0.0004126656,6.108856e-06,auto_accept,baseline_vaal
ISIC_0030893,bcc,bcc,0.10613349,0.8500443,auto_accept,baseline_vaal
ISIC_0030664,nv,vasc,0.71078897,4.0597897e-06,auto_accept,baseline_vaal
ISIC_0030520,nv,nv,0.0036276814,2.0339248e-06,auto_accept,baseline_vaal
ISIC_0024967,mel,mel,0.0007656589,0.99995375,auto_accept,baseline_vaal
ISIC_0025884,nv,nv,1.6836628e-08,3.630397e-13,auto_accept,baseline_vaal
ISIC_0031697,bcc,bcc,0.011586731,0.9972899,auto_accept,baseline_vaal
ISIC_0024704,nv,nv,0.58081853,0.11067839,auto_accept,baseline_vaal
ISIC_0028846,bkl,bkl,0.0035302558,0.010050352,auto_accept,baseline_vaal
ISIC_0026409,bkl,bkl,0.08710051,0.010311297,auto_accept,baseline_vaal
ISIC_0027814,bcc,akiec,0.026537182,0.9991541,auto_accept,baseline_vaal
ISIC_0026677,nv,nv,1.1329919e-07,1.048637e-11,auto_accept,baseline_vaal
ISIC_0028865,nv,mel,0.5271442,0.9749337,auto_accept,baseline_vaal
ISIC_0029136,nv,nv,9.018184e-05,1.8213865e-07,auto_accept,baseline_vaal
ISIC_0032609,nv,df,0.06792784,4.971251e-06,auto_accept,baseline_vaal
ISIC_0027221,nv,nv,9.6146425e-05,2.693426e-08,auto_accept,baseline_vaal
ISIC_0024830,nv,nv,0.13668273,0.00014273502,auto_accept,baseline_vaal
ISIC_0029948,nv,nv,0.52091026,0.001390746,auto_accept,baseline_vaal
ISIC_0029253,nv,nv,0.0010985476,3.425295e-08,auto_accept,baseline_vaal
ISIC_0027034,nv,nv,0.0012245637,3.0035937e-05,auto_accept,baseline_vaal
ISIC_0028050,bcc,bcc,0.17755586,0.9775229,auto_accept,baseline_vaal
ISIC_0027317,nv,nv,1.9665323e-07,1.6635943e-10,auto_accept,baseline_vaal
ISIC_0028309,bkl,bkl,0.0024584667,0.0008262434,auto_accept,baseline_vaal
ISIC_0028215,mel,bkl,1.2143569,0.4604357,auto_accept,baseline_vaal
ISIC_0033690,nv,nv,0.00013757561,3.2080398e-09,auto_accept,baseline_vaal
ISIC_0030334,nv,mel,0.7536424,0.45586887,auto_accept,baseline_vaal
ISIC_0027229,bcc,bcc,0.41977647,0.6525779,auto_accept,baseline_vaal
ISIC_0024767,mel,bcc,0.0504518,0.99745065,auto_accept,baseline_vaal
ISIC_0034061,mel,mel,0.32112458,0.813092,auto_accept,baseline_vaal
ISIC_0028020,bkl,df,0.0007310107,1.8510484e-05,auto_accept,baseline_vaal
ISIC_0025998,nv,nv,0.007831881,0.00023540996,auto_accept,baseline_vaal
ISIC_0033175,mel,nv,1.0312173,0.1409464,auto_accept,baseline_vaal
ISIC_0030241,bkl,bkl,0.027651869,0.000620422,auto_accept,baseline_vaal
ISIC_0024487,nv,nv,8.919579e-06,9.634615e-10,auto_accept,baseline_vaal
ISIC_0031276,vasc,vasc,9.218139e-05,2.055516e-09,auto_accept,baseline_vaal
ISIC_0030218,nv,nv,0.00038181085,1.795217e-06,escalate,baseline_vaal
ISIC_0024327,nv,nv,4.5476763e-06,5.522415e-10,escalate,baseline_vaal
ISIC_0027091,nv,nv,0.056154516,0.00016540985,auto_accept,baseline_vaal
ISIC_0032463,bkl,mel,0.95591944,0.20102836,auto_accept,baseline_vaal
ISIC_0032884,nv,nv,0.02395287,0.0023425906,auto_accept,baseline_vaal
ISIC_0024698,nv,nv,0.054395106,0.0017534072,auto_accept,baseline_vaal
ISIC_0030844,akiec,akiec,0.09012199,0.99812216,auto_accept,baseline_vaal
ISIC_0032614,vasc,vasc,0.000104295774,8.6799423e-07,auto_accept,baseline_vaal
ISIC_0025320,nv,nv,0.020147435,0.0002452114,auto_accept,baseline_vaal
ISIC_0029533,akiec,akiec,0.36951336,0.99665725,auto_accept,baseline_vaal
ISIC_0031237,nv,nv,1.8260154e-05,2.1141506e-08,auto_accept,baseline_vaal
ISIC_0032644,nv,nv,0.00023129657,4.447795e-08,escalate,baseline_vaal
ISIC_0029638,akiec,akiec,0.15291333,0.96522707,auto_accept,baseline_vaal
ISIC_0025058,nv,nv,2.0394318e-05,1.7816018e-11,auto_accept,baseline_vaal
ISIC_0028220,mel,bkl,0.20047171,0.04275118,auto_accept,baseline_vaal
ISIC_0027054,nv,nv,0.0010678701,4.83903e-07,auto_accept,baseline_vaal
ISIC_0030459,bkl,bkl,0.0003787221,7.6032986e-05,auto_accept,baseline_vaal
ISIC_0026436,nv,nv,0.00043064205,1.0828073e-06,auto_accept,baseline_vaal
ISIC_0025910,nv,nv,5.2149124e-05,6.673493e-08,auto_accept,baseline_vaal
ISIC_0025857,nv,nv,0.026461646,0.00040527002,auto_accept,baseline_vaal
ISIC_0029296,nv,nv,0.07249354,0.00028983405,auto_accept,baseline_vaal
ISIC_0030065,nv,nv,0.5122215,0.078216396,auto_accept,baseline_vaal
ISIC_0031443,df,df,0.0075097163,0.0017969599,auto_accept,baseline_vaal
ISIC_0031107,nv,bcc,1.5472292,0.8850974,auto_accept,baseline_vaal
ISIC_0031301,nv,mel,1.485613,0.8501249,escalate,baseline_vaal
ISIC_0024622,nv,nv,0.0014104199,3.4699092e-06,auto_accept,baseline_vaal
ISIC_0030928,nv,nv,0.008220792,9.4147326e-05,auto_accept,baseline_vaal
ISIC_0034282,nv,nv,0.11408904,0.005124864,escalate,baseline_vaal
ISIC_0030078,nv,nv,0.1780441,0.0005487543,auto_accept,baseline_vaal
ISIC_0026478,nv,nv,0.92973477,0.123919494,auto_accept,baseline_vaal
ISIC_0027234,mel,bkl,0.42131248,0.48278326,auto_accept,baseline_vaal
ISIC_0032512,nv,nv,0.38356018,0.045447633,auto_accept,baseline_vaal
ISIC_0025056,nv,nv,7.696146e-07,4.5581156e-10,auto_accept,baseline_vaal
ISIC_0029357,nv,bkl,0.6843227,0.25691321,auto_accept,baseline_vaal
ISIC_0029354,nv,mel,1.0393692,0.3395826,auto_accept,baseline_vaal
ISIC_0027093,bcc,bcc,0.0023187113,0.9999273,auto_accept,baseline_vaal
ISIC_0025967,nv,nv,0.8432121,0.021877129,auto_accept,baseline_vaal
ISIC_0028119,nv,nv,0.0049521145,0.0003125419,auto_accept,baseline_vaal
ISIC_0033512,nv,mel,0.83023465,0.98506606,auto_accept,baseline_vaal
ISIC_0032938,mel,df,0.3903611,0.44829643,auto_accept,baseline_vaal
ISIC_0026541,nv,nv,0.00551187,0.00040082118,auto_accept,baseline_vaal
ISIC_0034283,bkl,bkl,9.033794e-05,4.906219e-05,auto_accept,baseline_vaal
ISIC_0028828,nv,nv,1.918063e-05,2.597419e-07,auto_accept,baseline_vaal
ISIC_0024380,nv,nv,0.4414928,0.0002088767,auto_accept,baseline_vaal
ISIC_0033840,nv,nv,0.01052205,2.1297188e-05,escalate,baseline_vaal
ISIC_0024400,mel,mel,0.8104095,0.9418938,auto_accept,baseline_vaal
ISIC_0030500,nv,nv,3.194066e-05,2.1313424e-07,auto_accept,baseline_vaal
ISIC_0031705,nv,bkl,0.07489161,0.00019531662,auto_accept,baseline_vaal
ISIC_0024495,bkl,bkl,1.0462569,0.08856,auto_accept,baseline_vaal
ISIC_0026398,nv,nv,1.5902281,0.386252,auto_accept,baseline_vaal
ISIC_0025422,nv,nv,0.9046929,0.29479134,auto_accept,baseline_vaal
ISIC_0031540,nv,nv,3.794739e-05,5.991218e-11,auto_accept,baseline_vaal
ISIC_0031326,bkl,akiec,0.0862953,0.9765518,auto_accept,baseline_vaal
ISIC_0031325,nv,nv,0.061098427,0.00015382515,auto_accept,baseline_vaal
ISIC_0031865,nv,nv,0.17986134,0.00067350105,auto_accept,baseline_vaal
ISIC_0033237,nv,nv,0.033971637,0.0016937355,auto_accept,baseline_vaal
ISIC_0032173,akiec,bkl,0.14120492,0.075354494,auto_accept,baseline_vaal
ISIC_0034311,nv,nv,0.0187368,0.0008040691,auto_accept,baseline_vaal
ISIC_0034204,nv,mel,1.2969178,0.8515967,auto_accept,baseline_vaal
ISIC_0031903,bkl,bkl,0.003777096,0.0009848403,escalate,baseline_vaal
ISIC_0031870,nv,nv,1.5319038e-06,1.2672879e-08,auto_accept,baseline_vaal
ISIC_0033493,nv,mel,0.717172,0.39773938,auto_accept,baseline_vaal
ISIC_0029121,nv,nv,0.6211403,0.0052284026,escalate,baseline_vaal
ISIC_0025109,nv,nv,2.06219e-05,2.8471371e-08,auto_accept,baseline_vaal
ISIC_0031140,bcc,bcc,0.04811349,0.97041196,auto_accept,baseline_vaal
ISIC_0029362,akiec,bcc,0.5384905,0.9976252,auto_accept,baseline_vaal
ISIC_0029249,bkl,akiec,0.117039,0.99795604,auto_accept,baseline_vaal
ISIC_0029721,nv,nv,0.0008125636,3.676008e-06,auto_accept,baseline_vaal
ISIC_0026527,nv,nv,0.0008198284,5.75272e-06,auto_accept,baseline_vaal
ISIC_0031766,bkl,bkl,0.17395021,0.0055806767,auto_accept,baseline_vaal
ISIC_0029160,nv,bkl,0.8803719,0.029180117,auto_accept,baseline_vaal
ISIC_0034146,nv,nv,0.04862185,7.4005286e-05,auto_accept,baseline_vaal
ISIC_0026346,nv,nv,0.0022963213,8.711132e-07,auto_accept,baseline_vaal
ISIC_0034266,nv,nv,0.08379543,3.5212324e-06,auto_accept,baseline_vaal
ISIC_0025813,nv,nv,0.020479687,4.4771023e-05,auto_accept,baseline_vaal
ISIC_0033324,mel,mel,0.0019118612,0.99965227,auto_accept,baseline_vaal
ISIC_0028703,nv,nv,0.076732926,0.002127288,auto_accept,baseline_vaal
ISIC_0026713,vasc,vasc,0.013984497,2.834163e-05,auto_accept,baseline_vaal
ISIC_0030171,mel,mel,0.5322893,0.90233046,auto_accept,baseline_vaal
ISIC_0027349,nv,nv,0.21014611,0.05406651,escalate,baseline_vaal
ISIC_0031644,nv,mel,0.89941424,0.5392861,auto_accept,baseline_vaal
ISIC_0027168,nv,nv,0.0005376044,3.6229467e-06,auto_accept,baseline_vaal
ISIC_0032848,nv,nv,0.0016942848,7.4430336e-06,auto_accept,baseline_vaal
ISIC_0033781,nv,mel,0.9940072,0.41313326,auto_accept,baseline_vaal
ISIC_0028320,nv,nv,1.381551e-08,2.6151548e-14,auto_accept,baseline_vaal
ISIC_0024467,nv,nv,1.381551e-08,7.771418e-16,auto_accept,baseline_vaal
ISIC_0026104,bkl,bkl,0.6800084,0.0011838372,auto_accept,baseline_vaal
ISIC_0034117,mel,mel,0.14907768,0.9929584,auto_accept,baseline_vaal
ISIC_0027590,mel,mel,0.023271406,0.99589205,auto_accept,baseline_vaal
ISIC_0029252,nv,bkl,0.1166547,0.0314336,auto_accept,baseline_vaal
ISIC_0027026,bkl,df,0.025351226,0.0144267315,auto_accept,baseline_vaal
ISIC_0029762,nv,nv,0.032473948,4.0035857e-06,auto_accept,baseline_vaal
ISIC_0025971,bcc,bcc,0.011916142,0.9899624,auto_accept,baseline_vaal
ISIC_0032703,nv,nv,0.2757575,0.00026834797,auto_accept,baseline_vaal
ISIC_0029998,nv,nv,0.0013388046,6.4805856e-05,auto_accept,baseline_vaal
ISIC_0029543,nv,nv,0.0041467054,0.00024543056,auto_accept,baseline_vaal
ISIC_0028572,nv,nv,0.04564995,1.0737234e-08,auto_accept,baseline_vaal
ISIC_0024480,nv,mel,0.42034343,0.97944874,escalate,baseline_vaal
ISIC_0031542,bkl,akiec,0.5234549,0.9938152,auto_accept,baseline_vaal
ISIC_0030647,nv,nv,0.00030275874,2.3979698e-07,auto_accept,baseline_vaal
ISIC_0028848,nv,nv,0.003483117,1.755003e-07,auto_accept,baseline_vaal
ISIC_0028849,nv,mel,0.97890115,0.58475167,auto_accept,baseline_vaal
ISIC_0029416,nv,nv,1.381551e-08,5.0001784e-16,auto_accept,baseline_vaal
ISIC_0031960,nv,df,0.28853258,0.0007248036,auto_accept,baseline_vaal
ISIC_0030099,nv,nv,1.0601176e-05,9.34014e-08,auto_accept,baseline_vaal
ISIC_0029654,nv,nv,0.14434695,0.026164882,auto_accept,baseline_vaal
ISIC_0032870,mel,bkl,0.84740394,0.2326552,auto_accept,baseline_vaal
ISIC_0026042,bkl,bkl,0.0037669141,0.002115157,auto_accept,baseline_vaal
ISIC_0031924,nv,nv,0.39266917,0.03161795,auto_accept,baseline_vaal
ISIC_0026259,nv,nv,8.653316e-06,2.949866e-09,auto_accept,baseline_vaal
ISIC_0031815,nv,nv,0.00066977524,5.4714783e-06,auto_accept,baseline_vaal
ISIC_0030879,nv,nv,0.8890874,0.015908243,auto_accept,baseline_vaal
ISIC_0032158,nv,nv,0.6728416,0.011282529,auto_accept,baseline_vaal
ISIC_0033292,nv,nv,0.0019343768,6.678091e-06,auto_accept,baseline_vaal
ISIC_0027845,nv,nv,0.11450841,0.0055516227,auto_accept,baseline_vaal
ISIC_0027559,bkl,bkl,0.002938447,0.00082600565,auto_accept,baseline_vaal
ISIC_0030004,nv,nv,0.012788051,0.00051030656,escalate,baseline_vaal
ISIC_0028307,nv,mel,0.9929214,0.5960115,auto_accept,baseline_vaal
ISIC_0034009,nv,nv,1.0580574,0.15889442,auto_accept,baseline_vaal
ISIC_0026528,bcc,bcc,0.0052388236,0.99517787,auto_accept,baseline_vaal
ISIC_0026316,bkl,mel,0.20726179,0.98102164,auto_accept,baseline_vaal
ISIC_0025710,bkl,bkl,0.001668681,0.00065216824,auto_accept,baseline_vaal
ISIC_0027380,nv,nv,1.1382693e-05,2.7142713e-08,auto_accept,baseline_vaal
ISIC_0027489,nv,nv,0.69658536,4.0379364e-05,auto_accept,baseline_vaal
ISIC_0026144,nv,nv,7.2315815e-05,2.500235e-07,auto_accept,baseline_vaal
ISIC_0029454,mel,bkl,0.01374011,0.008837518,auto_accept,baseline_vaal
ISIC_0028924,nv,nv,4.5028509e-07,2.3635466e-10,auto_accept,baseline_vaal
ISIC_0030919,nv,bkl,0.66016984,0.04639715,auto_accept,baseline_vaal
ISIC_0033313,nv,nv,0.0002053093,2.4077743e-10,auto_accept,baseline_vaal
ISIC_0028042,nv,mel,0.49755904,0.7719073,auto_accept,baseline_vaal
ISIC_0030834,nv,nv,0.0011160665,2.4197705e-05,auto_accept,baseline_vaal
ISIC_0026775,bkl,bkl,0.8603512,0.8853689,auto_accept,baseline_vaal
ISIC_0029564,bcc,bcc,0.036490977,0.99648774,auto_accept,baseline_vaal
ISIC_0032034,nv,bkl,0.18164368,0.0032470778,auto_accept,baseline_vaal
ISIC_0031908,mel,mel,0.6676107,0.57664263,auto_accept,baseline_vaal
ISIC_0025449,nv,nv,8.5653155e-06,1.0710673e-10,auto_accept,baseline_vaal
ISIC_0025816,nv,nv,1.2786126,0.74079674,auto_accept,baseline_vaal
ISIC_0031014,nv,bcc,1.1779364,0.87971634,auto_accept,baseline_vaal
ISIC_0033551,bcc,bcc,0.01521833,0.9737955,auto_accept,baseline_vaal
ISIC_0026812,nv,nv,0.0004093916,1.9338931e-06,auto_accept,baseline_vaal
ISIC_0028728,bcc,akiec,1.3346984,0.95997083,auto_accept,baseline_vaal
ISIC_0028783,nv,nv,0.00023293095,5.464051e-08,auto_accept,baseline_vaal
ISIC_0025255,nv,nv,0.020197202,0.0004365152,auto_accept,baseline_vaal
ISIC_0026135,bkl,bkl,0.0005562614,2.7521673e-05,auto_accept,baseline_vaal
ISIC_0026250,nv,nv,8.9031346e-05,1.0346705e-06,escalate,baseline_vaal
ISIC_0029350,nv,nv,0.0013272706,8.192235e-09,auto_accept,baseline_vaal
ISIC_0025948,akiec,bkl,0.007041974,0.0020040772,escalate,baseline_vaal
ISIC_0025257,nv,mel,1.083122,0.39889282,auto_accept,baseline_vaal
ISIC_0034232,nv,nv,1.0055941,0.07519673,auto_accept,baseline_vaal
ISIC_0034299,bcc,bcc,0.981267,0.86176366,auto_accept,baseline_vaal
ISIC_0026769,bkl,bcc,1.0646441,0.9943778,auto_accept,baseline_vaal
ISIC_0028807,bcc,nv,1.0742915,0.03204562,auto_accept,baseline_vaal
ISIC_0030628,nv,nv,7.0526454e-05,2.9079471e-08,auto_accept,baseline_vaal
ISIC_0029817,nv,nv,2.4481425e-08,7.654707e-14,auto_accept,baseline_vaal
ISIC_0034272,nv,nv,0.5332968,0.059121683,auto_accept,baseline_vaal
ISIC_0024442,nv,nv,0.00010334733,6.45997e-09,auto_accept,baseline_vaal
ISIC_0028579,mel,nv,0.705028,0.16695897,auto_accept,baseline_vaal
ISIC_0026491,nv,mel,0.619203,0.7902183,auto_accept,baseline_vaal
ISIC_0028431,vasc,vasc,0.00043343953,1.2849001e-11,auto_accept,baseline_vaal
ISIC_0032767,nv,nv,0.08064162,0.00887538,auto_accept,baseline_vaal
ISIC_0031377,mel,nv,0.013781744,0.0005580625,auto_accept,baseline_vaal
ISIC_0025132,mel,mel,0.19062701,0.9827991,auto_accept,baseline_vaal
ISIC_0029250,nv,nv,0.0002356191,1.0979624e-06,escalate,baseline_vaal
ISIC_0031674,nv,mel,1.207398,0.91769755,auto_accept,baseline_vaal
ISIC_0032669,nv,nv,0.8280415,0.22203833,auto_accept,baseline_vaal
ISIC_0024503,nv,nv,0.39541882,0.027117522,auto_accept,baseline_vaal
ISIC_0030309,nv,nv,0.21986628,2.1503618e-06,auto_accept,baseline_vaal
ISIC_0024433,nv,nv,0.016754368,1.1670009e-05,auto_accept,baseline_vaal
ISIC_0029885,mel,akiec,0.8133433,0.92868507,auto_accept,baseline_vaal
ISIC_0025569,nv,nv,0.041642975,3.210229e-06,auto_accept,baseline_vaal
ISIC_0027395,nv,nv,0.0003182605,5.305734e-06,auto_accept,baseline_vaal
ISIC_0031555,nv,nv,0.0012100935,2.0702305e-06,auto_accept,baseline_vaal
ISIC_0025729,nv,nv,0.01377941,8.0598745e-09,auto_accept,baseline_vaal
ISIC_0026023,nv,mel,0.74446523,0.99783736,auto_accept,baseline_vaal
ISIC_0030510,nv,bkl,0.23188135,1.4335933e-05,auto_accept,baseline_vaal
ISIC_0028195,nv,nv,0.4871515,0.0010877807,auto_accept,baseline_vaal
ISIC_0024372,akiec,akiec,0.16667975,0.9985257,auto_accept,baseline_vaal
ISIC_0024552,mel,mel,0.5218403,0.6509321,auto_accept,baseline_vaal
ISIC_0025557,bcc,bcc,0.4559602,0.9935934,auto_accept,baseline_vaal
ISIC_0025552,nv,nv,0.0026904657,3.659592e-07,auto_accept,baseline_vaal
ISIC_0025465,bkl,bkl,1.8846044e-05,1.8416737e-06,auto_accept,baseline_vaal
ISIC_0026892,mel,nv,0.7200622,0.00086727785,auto_accept,baseline_vaal
ISIC_0030075,nv,nv,1.3404733e-06,6.3326633e-10,escalate,baseline_vaal
ISIC_0026846,bkl,bkl,0.00018833697,8.8675046e-07,auto_accept,baseline_vaal
ISIC_0033760,nv,nv,0.00028725533,1.4603272e-06,auto_accept,baseline_vaal
ISIC_0024560,nv,nv,0.1704354,0.01385304,auto_accept,baseline_vaal
ISIC_0034205,mel,nv,0.22256054,0.0016589377,auto_accept,baseline_vaal
ISIC_0031117,nv,nv,0.00078663294,4.687712e-08,auto_accept,baseline_vaal
ISIC_0032204,mel,bkl,0.15093613,0.055176314,auto_accept,baseline_vaal
ISIC_0024911,mel,mel,1.0186467,0.31993482,auto_accept,baseline_vaal
ISIC_0027765,nv,nv,3.121197e-08,2.285581e-11,auto_accept,baseline_vaal
ISIC_0027033,mel,bkl,0.6230283,0.73968047,auto_accept,baseline_vaal
ISIC_0025046,bcc,bcc,0.023603344,0.9993998,auto_accept,baseline_vaal
ISIC_0032293,nv,nv,0.0016463037,2.1172222e-05,auto_accept,baseline_vaal
ISIC_0025452,vasc,vasc,1.4080382e-05,7.999772e-10,auto_accept,baseline_vaal
ISIC_0031690,nv,nv,5.599134e-06,1.1104725e-08,auto_accept,baseline_vaal
ISIC_0025326,bkl,bkl,1.3424485,0.59103304,auto_accept,baseline_vaal
ISIC_0025570,nv,nv,0.0063045174,1.6274832e-06,auto_accept,baseline_vaal
ISIC_0025247,akiec,bkl,0.035646964,0.034697283,auto_accept,baseline_vaal
ISIC_0025657,nv,nv,1.0926256,0.38059846,auto_accept,baseline_vaal
ISIC_0030705,bkl,bkl,0.00876847,4.3344508e-06,auto_accept,baseline_vaal
ISIC_0029781,akiec,akiec,0.012639099,0.99998736,auto_accept,baseline_vaal
ISIC_0033669,nv,nv,0.18568642,0.00060373294,auto_accept,baseline_vaal
ISIC_0033759,nv,nv,0.0020972881,2.5513222e-05,auto_accept,baseline_vaal
ISIC_0024776,nv,nv,0.029502343,0.0004554073,auto_accept,baseline_vaal
ISIC_0028446,nv,nv,4.7285678e-08,3.7819357e-12,auto_accept,baseline_vaal
ISIC_0025573,mel,mel,0.7289128,0.75574774,auto_accept,baseline_vaal
ISIC_0033001,bcc,bcc,0.001465893,0.9998621,auto_accept,baseline_vaal
ISIC_0030265,nv,nv,0.029180499,7.9517996e-08,auto_accept,baseline_vaal
ISIC_0030681,mel,mel,0.10095483,0.98526865,escalate,baseline_vaal
ISIC_0028306,mel,nv,0.90889883,0.21758562,auto_accept,baseline_vaal
ISIC_0025777,bkl,nv,0.37998968,0.0019225412,auto_accept,baseline_vaal
ISIC_0024421,nv,nv,0.0033207182,6.1137457e-06,escalate,baseline_vaal
ISIC_0031818,nv,nv,0.00039226725,7.003826e-08,auto_accept,baseline_vaal
ISIC_0030615,nv,bkl,0.7097351,0.039270166,auto_accept,baseline_vaal
ISIC_0027382,nv,nv,0.25976455,0.009472551,auto_accept,baseline_vaal
ISIC_0032170,bkl,bkl,0.036381103,4.449781e-07,auto_accept,baseline_vaal
ISIC_0026149,akiec,akiec,0.04356034,0.9999201,auto_accept,baseline_vaal
ISIC_0029322,nv,nv,0.2540058,9.0402955e-06,auto_accept,baseline_vaal
ISIC_0033311,nv,nv,0.9470763,0.017628247,auto_accept,baseline_vaal
ISIC_0033159,nv,nv,5.2274758e-05,7.4647033e-07,auto_accept,baseline_vaal
ISIC_0028428,nv,nv,0.0037737975,3.585986e-05,auto_accept,baseline_vaal
ISIC_0024912,nv,nv,0.13180473,0.0059737065,auto_accept,baseline_vaal
ISIC_0026849,bkl,bkl,0.7174747,0.6137853,auto_accept,baseline_vaal
ISIC_0032520,nv,nv,0.91364497,0.033087824,auto_accept,baseline_vaal
ISIC_0034229,nv,nv,0.19397607,0.0044052624,auto_accept,baseline_vaal
ISIC_0025556,nv,nv,8.166359e-05,1.3790465e-07,auto_accept,baseline_vaal
ISIC_0030355,nv,nv,1.6348078e-05,1.5043496e-07,auto_accept,baseline_vaal
ISIC_0034177,nv,nv,0.16470344,0.013244505,auto_accept,baseline_vaal
ISIC_0025073,nv,bcc,0.0023210028,0.99983,auto_accept,baseline_vaal
ISIC_0024649,nv,bkl,0.70637625,0.00032993467,auto_accept,baseline_vaal
ISIC_0030713,nv,nv,0.00011811306,4.527197e-07,auto_accept,baseline_vaal
ISIC_0027859,bkl,akiec,0.002962354,0.99996483,auto_accept,baseline_vaal
ISIC_0031414,nv,nv,0.0051552258,0.00018082159,auto_accept,baseline_vaal
ISIC_0027244,nv,bkl,0.13982567,0.07647414,auto_accept,baseline_vaal
ISIC_0031753,bkl,bkl,0.25071263,0.0011886706,auto_accept,baseline_vaal
ISIC_0026404,nv,bkl,0.090998486,0.08207092,auto_accept,baseline_vaal
ISIC_0031485,bkl,mel,1.3018787,0.771186,auto_accept,baseline_vaal
ISIC_0034121,nv,nv,0.086007886,0.006749668,auto_accept,baseline_vaal
ISIC_0026121,nv,nv,0.0008128725,4.2532895e-07,auto_accept,baseline_vaal
ISIC_0030513,nv,nv,0.0012737912,2.7549246e-05,auto_accept,baseline_vaal
ISIC_0031240,nv,nv,0.00080035557,6.4173482e-06,auto_accept,baseline_vaal
ISIC_0030583,bkl,bkl,0.041699022,4.87696e-06,auto_accept,baseline_vaal
ISIC_0025486,nv,nv,1.5709357e-08,3.6104407e-13,auto_accept,baseline_vaal
ISIC_0025202,nv,nv,0.0076396856,5.103507e-06,escalate,baseline_vaal
ISIC_0026217,nv,nv,0.77236503,0.16061553,auto_accept,baseline_vaal
ISIC_0028859,nv,nv,0.22627676,0.0322658,auto_accept,baseline_vaal
ISIC_0031055,nv,nv,0.010065408,0.00032087654,auto_accept,baseline_vaal
ISIC_0033884,bkl,mel,0.59067106,0.92142206,escalate,baseline_vaal
ISIC_0029015,nv,nv,1.381551e-08,1.863534e-15,auto_accept,baseline_vaal
ISIC_0031651,bcc,akiec,0.022521172,0.9990484,auto_accept,baseline_vaal
ISIC_0025287,nv,nv,0.0724955,0.0017716839,auto_accept,baseline_vaal
ISIC_0030565,bkl,akiec,0.03056686,0.99999106,auto_accept,baseline_vaal
ISIC_0030110,mel,mel,0.11506289,0.9843693,auto_accept,baseline_vaal
ISIC_0033997,nv,nv,0.053920757,0.0011502672,auto_accept,baseline_vaal
ISIC_0032517,mel,mel,0.016566152,0.99547416,auto_accept,baseline_vaal
ISIC_0027536,akiec,akiec,0.002728881,0.99999595,auto_accept,baseline_vaal
ISIC_0027697,nv,nv,0.2286941,0.017517386,auto_accept,baseline_vaal
ISIC_0025169,nv,nv,0.600665,0.17829508,auto_accept,baseline_vaal
ISIC_0027905,bkl,nv,0.96412754,0.14160967,auto_accept,baseline_vaal
ISIC_0026607,bkl,bcc,0.9255605,0.9896891,auto_accept,baseline_vaal
ISIC_0028635,nv,nv,0.007275826,5.821905e-05,escalate,baseline_vaal
ISIC_0030677,bkl,bkl,0.32343662,0.66182125,auto_accept,baseline_vaal
ISIC_0030015,df,df,0.0031632197,0.04362396,auto_accept,baseline_vaal
ISIC_0030985,nv,nv,0.00010058865,7.706809e-07,auto_accept,baseline_vaal
ISIC_0027219,bkl,bkl,0.005210893,0.002228044,escalate,baseline_vaal
ISIC_0031958,mel,bkl,0.022441952,0.037770882,auto_accept,baseline_vaal
ISIC_0033761,bkl,nv,0.004491886,1.3359194e-05,escalate,baseline_vaal
ISIC_0025616,mel,bkl,0.48429346,0.54256266,auto_accept,baseline_vaal
ISIC_0028914,nv,nv,7.150379e-05,2.3912445e-09,auto_accept,baseline_vaal
ISIC_0030768,bkl,bkl,0.01585932,1.0012185e-05,escalate,baseline_vaal
ISIC_0025123,nv,nv,0.07987057,0.0035080109,auto_accept,baseline_vaal
ISIC_0024451,nv,nv,0.034214966,7.1710923e-07,auto_accept,baseline_vaal
ISIC_0025068,bkl,akiec,0.82169735,0.7273587,auto_accept,baseline_vaal
ISIC_0034133,nv,nv,0.20790388,0.038622875,auto_accept,baseline_vaal
ISIC_0032492,nv,nv,0.16611564,0.014334612,escalate,baseline_vaal
ISIC_0027871,nv,nv,2.1937284e-08,3.4550709e-12,auto_accept,baseline_vaal
ISIC_0026292,nv,nv,1.381551e-08,1.11720385e-14,auto_accept,baseline_vaal
ISIC_0028409,nv,nv,0.00064958795,2.1896611e-07,auto_accept,baseline_vaal
ISIC_0030917,nv,nv,0.0010003485,2.3278588e-05,auto_accept,baseline_vaal
ISIC_0033505,bkl,bkl,0.20944145,0.007838663,auto_accept,baseline_vaal
ISIC_0027865,bcc,bcc,0.20149182,0.9766732,auto_accept,baseline_vaal
ISIC_0026479,nv,nv,0.000577154,2.9742139e-06,auto_accept,baseline_vaal
ISIC_0031137,nv,nv,0.024614956,0.0016680522,auto_accept,baseline_vaal
ISIC_0025739,nv,nv,9.072497e-07,2.6978625e-12,auto_accept,baseline_vaal
ISIC_0034257,nv,mel,0.86079794,0.9997043,auto_accept,baseline_vaal
ISIC_0029640,nv,bcc,1.2599313,0.96928376,auto_accept,baseline_vaal
ISIC_0025814,mel,mel,1.0936166,0.95887506,auto_accept,baseline_vaal
ISIC_0028712,nv,nv,0.00058946275,6.413139e-06,auto_accept,baseline_vaal
ISIC_0033037,mel,mel,0.21259756,0.996311,auto_accept,baseline_vaal
ISIC_0029804,nv,nv,1.230335e-07,1.1654634e-10,auto_accept,baseline_vaal
ISIC_0025639,nv,nv,0.28577286,0.044830177,auto_accept,baseline_vaal
ISIC_0027805,nv,nv,3.183183e-07,3.567335e-10,auto_accept,baseline_vaal
ISIC_0033400,bkl,bkl,0.7148697,0.00091941137,auto_accept,baseline_vaal
ISIC_0028137,nv,nv,1.9632873e-05,2.2985072e-08,auto_accept,baseline_vaal
ISIC_0032472,nv,nv,0.00036946143,1.7042325e-05,auto_accept,baseline_vaal
ISIC_0033016,nv,nv,0.62018484,0.22622836,escalate,baseline_vaal
ISIC_0033736,bkl,bkl,1.118709,0.54062057,auto_accept,baseline_vaal
ISIC_0027318,nv,nv,0.00023183266,8.6159105e-07,auto_accept,baseline_vaal
ISIC_0030156,nv,bkl,0.28228247,0.004979009,auto_accept,baseline_vaal
ISIC_0030929,mel,bkl,0.0005697577,0.0005887622,auto_accept,baseline_vaal
ISIC_0032574,nv,nv,1.3248285,0.34760097,auto_accept,baseline_vaal
ISIC_0033402,nv,bkl,0.2757256,0.0031809486,auto_accept,baseline_vaal
ISIC_0031715,nv,nv,0.00018460894,1.7113018e-06,auto_accept,baseline_vaal
ISIC_0032291,nv,nv,0.013169832,0.0001688605,auto_accept,baseline_vaal
ISIC_0028610,nv,nv,0.0012338728,2.1170405e-07,auto_accept,baseline_vaal
ISIC_0032576,bkl,bkl,0.044931468,0.0043532397,auto_accept,baseline_vaal
ISIC_0033862,nv,nv,0.017851673,0.00064343726,auto_accept,baseline_vaal
ISIC_0031939,nv,nv,0.2694128,9.6815915e-05,auto_accept,baseline_vaal
ISIC_0025526,bkl,bkl,0.07967696,0.0017556153,auto_accept,baseline_vaal
ISIC_0031546,nv,nv,0.1374126,0.0022968298,auto_accept,baseline_vaal
ISIC_0024960,nv,nv,0.002065052,1.3333395e-05,auto_accept,baseline_vaal
ISIC_0026866,nv,mel,1.2887547,0.90348977,auto_accept,baseline_vaal
ISIC_0026845,bcc,bcc,0.35404095,0.99937385,auto_accept,baseline_vaal
ISIC_0032237,nv,nv,4.7990516e-06,5.968996e-08,auto_accept,baseline_vaal
ISIC_0032065,nv,bkl,0.024998978,0.0012242257,auto_accept,baseline_vaal
ISIC_0030419,nv,nv,1.381551e-08,1.5847125e-16,auto_accept,baseline_vaal
ISIC_0028791,nv,nv,0.095238835,2.4660341e-05,auto_accept,baseline_vaal
ISIC_0030231,bkl,akiec,0.026932431,0.9999734,auto_accept,baseline_vaal
ISIC_0031953,mel,nv,0.013678395,3.507824e-05,auto_accept,baseline_vaal
ISIC_0028765,bcc,bcc,0.0009337109,0.9997631,auto_accept,baseline_vaal
ISIC_0024752,nv,mel,0.77577907,0.25256655,auto_accept,baseline_vaal
ISIC_0033222,nv,bkl,0.28853363,0.22491823,auto_accept,baseline_vaal
ISIC_0033578,mel,bkl,0.801013,0.65916604,auto_accept,baseline_vaal
ISIC_0030667,nv,nv,2.7464102e-05,1.01104504e-07,auto_accept,baseline_vaal
ISIC_0027232,nv,df,0.6028243,0.01025557,auto_accept,baseline_vaal
ISIC_0024408,bkl,bkl,0.00010037373,0.00049654685,auto_accept,baseline_vaal
ISIC_0027897,nv,nv,0.0005465986,1.412959e-07,auto_accept,baseline_vaal
ISIC_0024993,nv,nv,0.012643332,0.00039822448,auto_accept,baseline_vaal
ISIC_0025749,nv,nv,1.1990126e-06,4.8800386e-12,auto_accept,baseline_vaal
ISIC_0032559,mel,bcc,0.87382305,0.86397207,escalate,baseline_vaal
ISIC_0031314,nv,akiec,0.8134578,0.66133404,auto_accept,baseline_vaal
ISIC_0031577,bkl,nv,0.19525073,0.0049144262,auto_accept,baseline_vaal
ISIC_0027272,nv,nv,0.050164834,0.00012722271,auto_accept,baseline_vaal
ISIC_0029405,nv,df,0.396798,0.025822658,auto_accept,baseline_vaal
ISIC_0033717,mel,mel,0.8319845,0.8836676,escalate,baseline_vaal
ISIC_0025819,bkl,bkl,0.0025256446,0.00076724455,auto_accept,baseline_vaal
ISIC_0029927,bkl,bkl,0.0061415182,0.0027091175,auto_accept,baseline_vaal
ISIC_0024314,nv,nv,0.17312708,0.0010454721,auto_accept,baseline_vaal
ISIC_0024586,mel,nv,0.34779504,0.013535199,auto_accept,baseline_vaal
ISIC_0024705,bkl,bkl,0.0032120035,0.00039233474,auto_accept,baseline_vaal
ISIC_0032530,nv,bkl,0.5767353,0.002510126,auto_accept,baseline_vaal
ISIC_0026699,nv,nv,0.3788476,0.15221044,auto_accept,baseline_vaal
ISIC_0026685,nv,nv,0.0006600372,3.1321551e-06,auto_accept,baseline_vaal
ISIC_0026039,nv,nv,6.20576e-05,6.282283e-09,auto_accept,baseline_vaal
ISIC_0031895,nv,nv,0.013034831,0.00096200814,auto_accept,baseline_vaal
ISIC_0025842,bkl,akiec,0.4872255,0.93428046,auto_accept,baseline_vaal
ISIC_0026278,nv,nv,4.6082445e-05,8.127339e-08,escalate,baseline_vaal
ISIC_0031782,nv,nv,0.0003835813,2.2274724e-06,auto_accept,baseline_vaal
ISIC_0029435,nv,nv,0.039692186,0.0011637222,auto_accept,baseline_vaal
ISIC_0028234,nv,nv,0.00010743972,1.3620618e-06,auto_accept,baseline_vaal
ISIC_0025148,nv,bkl,1.3411405,0.61933035,auto_accept,baseline_vaal
ISIC_0026617,nv,nv,0.004055976,2.6938302e-05,auto_accept,baseline_vaal
ISIC_0028770,nv,nv,1.381551e-08,3.9557256e-15,auto_accept,baseline_vaal
ISIC_0025588,nv,nv,0.1232424,0.002652489,auto_accept,baseline_vaal
ISIC_0032835,bkl,mel,0.0061239493,0.99926096,auto_accept,baseline_vaal
ISIC_0028775,nv,nv,0.015669243,9.045212e-07,auto_accept,baseline_vaal
ISIC_0029627,bkl,mel,0.1854954,0.9919818,auto_accept,baseline_vaal
ISIC_0029217,bkl,akiec,0.51648766,0.6192374,auto_accept,baseline_vaal
ISIC_0026540,nv,nv,1.4475474e-06,2.9878047e-09,auto_accept,baseline_vaal
ISIC_0025414,mel,mel,0.46399188,0.9937866,auto_accept,baseline_vaal
ISIC_0029001,nv,bkl,0.06353559,0.001518008,auto_accept,baseline_vaal
ISIC_0029012,bkl,bkl,0.027701529,1.93537e-05,auto_accept,baseline_vaal
ISIC_0033072,nv,nv,0.1157912,0.0026190581,auto_accept,baseline_vaal
ISIC_0032541,nv,nv,0.15440635,0.0003229626,auto_accept,baseline_vaal
ISIC_0031042,nv,mel,0.26222584,0.91786873,auto_accept,baseline_vaal
ISIC_0026074,bcc,bcc,0.00042676122,0.9999398,auto_accept,baseline_vaal
ISIC_0033899,bkl,bkl,0.0001454613,8.752521e-08,auto_accept,baseline_vaal
ISIC_0026536,nv,nv,5.827245e-07,3.0260816e-09,auto_accept,baseline_vaal
ISIC_0024650,nv,nv,0.0004398145,2.4913504e-06,auto_accept,baseline_vaal
ISIC_0030514,bcc,akiec,0.39269966,0.9172509,auto_accept,baseline_vaal
ISIC_0033126,nv,nv,0.0020906366,5.9415273e-05,auto_accept,baseline_vaal
ISIC_0026486,nv,nv,0.0016692157,1.2428622e-07,auto_accept,baseline_vaal
ISIC_0029994,nv,bkl,0.9671173,0.25622368,auto_accept,baseline_vaal
ISIC_0030518,nv,nv,0.008494162,6.483207e-05,auto_accept,baseline_vaal
ISIC_0031155,nv,nv,0.01763455,0.00035870637,auto_accept,baseline_vaal
ISIC_0030546,nv,nv,1.1785724,0.100215256,auto_accept,baseline_vaal
ISIC_0032496,nv,nv,0.07036891,5.5159922e-05,auto_accept,baseline_vaal
ISIC_0028975,nv,nv,2.1117048e-06,3.319463e-10,auto_accept,baseline_vaal
ISIC_0030424,nv,nv,0.0012430543,7.28231e-06,auto_accept,baseline_vaal
ISIC_0029843,mel,nv,0.34398875,0.0439073,auto_accept,baseline_vaal
ISIC_0028788,nv,nv,0.00058448367,5.289971e-06,auto_accept,baseline_vaal
ISIC_0033027,mel,mel,0.16253151,0.9963288,auto_accept,baseline_vaal
ISIC_0028840,bkl,nv,0.7784678,0.29408854,auto_accept,baseline_vaal
ISIC_0031371,nv,nv,0.00020370286,3.1682928e-06,auto_accept,baseline_vaal
ISIC_0032251,nv,bkl,1.2902087,0.7568182,auto_accept,baseline_vaal
ISIC_0030690,bcc,bcc,0.0009095982,0.9999285,auto_accept,baseline_vaal
ISIC_0026506,mel,vasc,0.00024857823,0.0022530134,auto_accept,baseline_vaal
ISIC_0032417,bkl,bkl,0.002087659,3.871778e-05,auto_accept,baseline_vaal
ISIC_0031211,akiec,akiec,0.014631925,0.996612,auto_accept,baseline_vaal
ISIC_0032624,mel,mel,0.68495303,0.55513936,auto_accept,baseline_vaal
ISIC_0029592,nv,df,0.6884224,6.991429e-05,auto_accept,baseline_vaal
ISIC_0031079,nv,bkl,0.077848814,0.00027063937,auto_accept,baseline_vaal
ISIC_0027544,bcc,bcc,0.4419824,0.9447485,auto_accept,baseline_vaal
ISIC_0027009,nv,nv,0.10179516,0.011829882,escalate,baseline_vaal
ISIC_0024831,nv,vasc,0.25975853,0.0006873908,auto_accept,baseline_vaal
ISIC_0026358,nv,nv,0.005712216,1.8787474e-05,auto_accept,baseline_vaal
ISIC_0030429,nv,bcc,0.2135115,0.9366141,auto_accept,baseline_vaal
ISIC_0025282,nv,nv,0.0035299885,1.7446699e-05,auto_accept,baseline_vaal
ISIC_0033863,mel,mel,0.50964916,0.65507525,escalate,baseline_vaal
ISIC_0024880,bkl,bkl,0.0011553131,1.743632e-05,auto_accept,baseline_vaal
ISIC_0031896,nv,nv,0.02107355,2.1352831e-05,auto_accept,baseline_vaal
ISIC_0025548,bkl,bkl,0.7445938,0.039126944,auto_accept,baseline_vaal
ISIC_0027667,nv,nv,0.50572264,0.18104824,auto_accept,baseline_vaal
ISIC_0027967,bkl,akiec,0.51472014,0.5739962,auto_accept,baseline_vaal
ISIC_0024869,nv,mel,0.31588253,0.9268971,auto_accept,baseline_vaal
ISIC_0030479,nv,nv,1.1506202,0.10993454,auto_accept,baseline_vaal
ISIC_0030127,nv,nv,2.8258724e-05,5.7210876e-09,auto_accept,baseline_vaal
ISIC_0025171,nv,vasc,0.03563246,1.2206369e-05,auto_accept,baseline_vaal
ISIC_0029693,nv,nv,0.015386805,0.0024826475,auto_accept,baseline_vaal
ISIC_0034170,mel,akiec,1.4012502,0.42809248,auto_accept,baseline_vaal
ISIC_0028694,nv,nv,0.71097636,0.0012306361,auto_accept,baseline_vaal
ISIC_0024724,nv,nv,0.00017099816,4.68002e-06,auto_accept,baseline_vaal
ISIC_0025723,nv,nv,0.016482266,0.000692097,auto_accept,baseline_vaal
ISIC_0033446,bkl,bkl,0.00012518422,0.00019678216,auto_accept,baseline_vaal
ISIC_0024754,nv,nv,0.064675264,0.0048938137,auto_accept,baseline_vaal
ISIC_0030793,nv,nv,0.016736796,0.0013063498,auto_accept,baseline_vaal
ISIC_0026543,nv,nv,0.0002659993,8.114187e-06,auto_accept,baseline_vaal
ISIC_0034301,nv,nv,0.014684989,0.00045060198,auto_accept,baseline_vaal
ISIC_0028406,vasc,vasc,3.1275926e-05,9.9027035e-09,auto_accept,baseline_vaal
ISIC_0034022,mel,mel,0.0663672,0.99795735,auto_accept,baseline_vaal
ISIC_0027028,nv,nv,0.0005962607,4.3084604e-08,auto_accept,baseline_vaal
ISIC_0030210,nv,nv,0.034546223,0.0009802885,auto_accept,baseline_vaal
ISIC_0033266,nv,mel,0.13861005,0.9722215,auto_accept,baseline_vaal
ISIC_0032992,nv,nv,0.011770429,0.0012663275,auto_accept,baseline_vaal
ISIC_0031251,nv,nv,0.0012654329,5.94055e-06,auto_accept,baseline_vaal
ISIC_0033565,vasc,vasc,3.54501e-06,5.9446602e-08,escalate,baseline_vaal
ISIC_0030112,nv,nv,1.381551e-08,1.5452083e-13,auto_accept,baseline_vaal
ISIC_0025395,nv,nv,0.0006887358,1.21268085e-05,auto_accept,baseline_vaal
ISIC_0027096,nv,nv,3.975571e-05,1.5724081e-06,auto_accept,baseline_vaal
ISIC_0026238,nv,nv,0.020691454,1.6205006e-05,auto_accept,baseline_vaal
ISIC_0033373,nv,bkl,0.32446557,1.767634e-05,auto_accept,baseline_vaal
ISIC_0032987,mel,mel,1.0454499,0.548584,auto_accept,baseline_vaal
ISIC_0027081,nv,nv,7.104659e-05,2.1985643e-07,auto_accept,baseline_vaal
ISIC_0031693,nv,nv,9.4843694e-05,1.3975596e-06,auto_accept,baseline_vaal
ISIC_0026293,nv,nv,0.3833898,0.034903686,auto_accept,baseline_vaal
ISIC_0028867,nv,nv,0.0010471793,1.9614366e-05,auto_accept,baseline_vaal
ISIC_0031084,nv,nv,0.00026387992,1.1332539e-06,auto_accept,baseline_vaal
ISIC_0028980,bcc,bcc,0.001302077,0.9998528,auto_accept,baseline_vaal
ISIC_0028288,mel,bcc,0.15241699,0.988927,auto_accept,baseline_vaal
ISIC_0030853,nv,nv,0.0001259469,2.3589013e-08,auto_accept,baseline_vaal
ISIC_0033054,bcc,bcc,0.2545008,0.99108046,escalate,baseline_vaal
ISIC_0026258,mel,nv,0.465934,0.0015395187,auto_accept,baseline_vaal
ISIC_0031352,bkl,bkl,0.02092459,0.0010010736,auto_accept,baseline_vaal
ISIC_0029486,vasc,vasc,0.91606635,0.027160386,auto_accept,baseline_vaal
ISIC_0028067,nv,vasc,0.9532299,0.3197141,auto_accept,baseline_vaal
ISIC_0025429,nv,nv,0.0030508027,4.3365333e-05,auto_accept,baseline_vaal
ISIC_0032089,nv,nv,0.0006358955,3.8011988e-06,escalate,baseline_vaal
ISIC_0030533,bkl,bkl,0.7889929,0.22502406,auto_accept,baseline_vaal
ISIC_0026194,akiec,akiec,0.026577462,0.999925,auto_accept,baseline_vaal
ISIC_0031699,nv,nv,0.0039933147,0.000105349565,auto_accept,baseline_vaal
ISIC_0032797,mel,mel,0.69549125,0.5161851,auto_accept,baseline_vaal
ISIC_0032248,mel,mel,0.80881834,0.9996532,auto_accept,baseline_vaal
ISIC_0029400,nv,nv,0.0054870094,6.5539616e-06,auto_accept,baseline_vaal
ISIC_0029234,nv,nv,1.381551e-08,2.5626809e-14,auto_accept,baseline_vaal
ISIC_0028498,nv,bkl,0.09481189,0.08686776,auto_accept,baseline_vaal
ISIC_0031647,nv,nv,0.00020828383,3.9410736e-07,auto_accept,baseline_vaal
ISIC_0028794,nv,nv,2.1194228e-07,5.841425e-11,auto_accept,baseline_vaal
ISIC_0031009,bcc,bcc,0.0593098,0.98095554,auto_accept,baseline_vaal
ISIC_0028223,bkl,bcc,0.3383077,0.99852556,auto_accept,baseline_vaal
ISIC_0026803,bkl,bkl,0.00025623117,2.8133501e-05,auto_accept,baseline_vaal
ISIC_0024387,nv,nv,0.27960324,0.041003507,auto_accept,baseline_vaal
ISIC_0028949,nv,nv,7.958642e-08,2.6527556e-12,auto_accept,baseline_vaal
ISIC_0026754,mel,mel,0.26019165,0.9725231,auto_accept,baseline_vaal
ISIC_0028072,nv,nv,0.00031594772,2.8617583e-06,escalate,baseline_vaal
ISIC_0029356,nv,nv,2.877466e-06,7.96871e-09,auto_accept,baseline_vaal
ISIC_0026451,nv,nv,0.19750895,0.0029406294,auto_accept,baseline_vaal
ISIC_0033236,nv,bkl,0.460941,0.29594806,auto_accept,baseline_vaal
ISIC_0028393,akiec,akiec,0.020779843,0.9999298,auto_accept,baseline_vaal
ISIC_0025915,bkl,bkl,0.013979635,0.0484952,auto_accept,baseline_vaal
ISIC_0028863,nv,nv,0.09685654,0.0032732862,auto_accept,baseline_vaal
ISIC_0033723,nv,nv,0.74778134,0.441151,auto_accept,baseline_vaal
ISIC_0025182,akiec,bkl,0.5644294,0.09017152,auto_accept,baseline_vaal
ISIC_0026371,nv,nv,0.017299257,4.802998e-08,auto_accept,baseline_vaal
ISIC_0031888,bkl,bkl,0.2379813,0.22666724,auto_accept,baseline_vaal
ISIC_0027057,bcc,bcc,0.0071315225,0.9964126,auto_accept,baseline_vaal
ISIC_0030474,nv,nv,0.0270584,0.0005425357,auto_accept,baseline_vaal
ISIC_0029525,bkl,akiec,0.013639267,0.99990296,auto_accept,baseline_vaal
ISIC_0027762,nv,nv,1.2071813e-06,1.0989359e-09,auto_accept,baseline_vaal
ISIC_0028094,bkl,bcc,0.43153167,0.9732107,auto_accept,baseline_vaal
ISIC_0026385,nv,nv,0.08547284,0.00010406239,auto_accept,baseline_vaal
ISIC_0024323,mel,bkl,0.37207386,0.0025652524,auto_accept,baseline_vaal
ISIC_0029896,nv,nv,0.0016834874,1.3852833e-05,escalate,baseline_vaal
ISIC_0026967,bkl,df,0.7717277,0.0037824735,auto_accept,baseline_vaal
ISIC_0030242,akiec,akiec,0.020610163,0.9999198,auto_accept,baseline_vaal
ISIC_0032583,mel,nv,0.7626459,0.22076987,auto_accept,baseline_vaal
ISIC_0030368,nv,nv,1.381551e-08,2.5091545e-13,auto_accept,baseline_vaal
ISIC_0027191,nv,nv,1.0905948e-05,2.255435e-08,auto_accept,baseline_vaal
ISIC_0033344,mel,mel,0.353716,0.95126504,auto_accept,baseline_vaal
ISIC_0032152,mel,bkl,0.7695386,0.35683703,auto_accept,baseline_vaal
ISIC_0031991,nv,bkl,0.26790196,0.20566943,auto_accept,baseline_vaal
ISIC_0028492,nv,nv,0.0871413,0.0026986548,auto_accept,baseline_vaal
ISIC_0028947,nv,nv,0.21246022,0.0048040957,auto_accept,baseline_vaal
ISIC_0025874,bkl,mel,0.81045955,0.77940774,escalate,baseline_vaal
ISIC_0031142,nv,bkl,0.0034750025,1.829768e-05,auto_accept,baseline_vaal
ISIC_0032386,nv,nv,1.4966943e-08,3.4032748e-13,escalate,baseline_vaal
ISIC_0028248,nv,nv,0.0017265589,6.278164e-05,escalate,baseline_vaal
ISIC_0025445,nv,nv,9.044189e-07,3.2514071e-09,auto_accept,baseline_vaal
ISIC_0028919,nv,nv,0.005978965,3.879743e-05,auto_accept,baseline_vaal
ISIC_0025631,nv,nv,0.69473,0.016610228,auto_accept,baseline_vaal
ISIC_0029355,nv,nv,0.11430295,5.06854e-05,auto_accept,baseline_vaal
ISIC_0029791,bkl,bkl,0.024898015,0.00772424,auto_accept,baseline_vaal
ISIC_0031194,nv,nv,0.31257552,0.002656016,escalate,baseline_vaal
ISIC_0031874,akiec,akiec,0.0031879186,0.9999511,auto_accept,baseline_vaal
ISIC_0028555,bkl,bkl,0.006743703,0.0004169579,auto_accept,baseline_vaal
ISIC_0032335,bkl,bkl,0.0009156344,0.0011795565,auto_accept,baseline_vaal
ISIC_0024388,nv,nv,5.155093e-05,3.4354937e-09,auto_accept,baseline_vaal
ISIC_0033293,nv,nv,0.0004076569,1.9960237e-06,auto_accept,baseline_vaal
ISIC_0033284,bkl,bkl,0.010997768,1.2332071e-06,escalate,baseline_vaal
ISIC_0025093,nv,nv,0.01726197,0.000791352,auto_accept,baseline_vaal
ISIC_0026192,bcc,bcc,0.00010500566,0.9999919,auto_accept,baseline_vaal
ISIC_0027700,akiec,bcc,0.3859964,0.78788316,escalate,baseline_vaal
ISIC_0032097,nv,nv,4.74344e-05,1.9163902e-09,auto_accept,baseline_vaal
ISIC_0026268,mel,mel,0.002222899,0.99978465,escalate,baseline_vaal
ISIC_0027211,nv,nv,0.012776555,0.00017240987,auto_accept,baseline_vaal
ISIC_0032004,nv,nv,7.32307e-05,3.226426e-08,escalate,baseline_vaal
ISIC_0025032,bkl,bkl,0.4694534,0.035126377,auto_accept,baseline_vaal
ISIC_0033185,bkl,mel,0.7113169,0.877679,auto_accept,baseline_vaal
ISIC_0025106,nv,nv,0.11056001,0.014077003,auto_accept,baseline_vaal
ISIC_0026482,nv,nv,0.00685852,0.00037222652,auto_accept,baseline_vaal
ISIC_0028937,bcc,bcc,0.24857855,0.97370493,escalate,baseline_vaal
ISIC_0025080,nv,nv,0.008195437,3.9546123e-07,auto_accept,baseline_vaal
ISIC_0027709,nv,bkl,0.6831234,0.0014335909,auto_accept,baseline_vaal
ISIC_0026844,bkl,bkl,0.17273791,0.036934298,auto_accept,baseline_vaal
ISIC_0028471,nv,nv,0.000108897606,2.7164083e-07,auto_accept,baseline_vaal
ISIC_0030399,nv,nv,0.74486524,0.0050880495,auto_accept,baseline_vaal
ISIC_0024307,nv,nv,0.026717156,0.00022424568,auto_accept,baseline_vaal
ISIC_0032571,nv,nv,0.6812055,0.00078187895,auto_accept,baseline_vaal
ISIC_0027397,nv,bkl,0.33881813,0.037631113,auto_accept,baseline_vaal
ISIC_0027255,nv,bkl,1.0817472,0.058177143,auto_accept,baseline_vaal
ISIC_0029334,nv,nv,0.013958384,3.8807895e-05,auto_accept,baseline_vaal
ISIC_0029579,nv,nv,1.381551e-08,1.2296035e-15,auto_accept,baseline_vaal
ISIC_0030567,nv,nv,0.008928394,2.0938094e-07,auto_accept,baseline_vaal
ISIC_0027974,nv,nv,0.07382887,3.424213e-05,auto_accept,baseline_vaal
ISIC_0027406,nv,nv,0.12730494,0.00933317,auto_accept,baseline_vaal
ISIC_0027253,mel,nv,0.6625978,0.004093808,auto_accept,baseline_vaal
ISIC_0024632,bcc,bcc,0.4906572,0.98789436,auto_accept,baseline_vaal
ISIC_0030581,nv,nv,1.381551e-08,1.2625783e-12,auto_accept,baseline_vaal
ISIC_0025736,nv,nv,7.236255e-06,2.2733476e-10,auto_accept,baseline_vaal
ISIC_0033720,bcc,bcc,0.0056553576,0.99854434,auto_accept,baseline_vaal
ISIC_0030067,bkl,bkl,0.44844747,0.00040725752,escalate,baseline_vaal
ISIC_0024860,nv,nv,1.1884771e-06,4.9510326e-11,auto_accept,baseline_vaal
ISIC_0031826,nv,nv,0.00010956546,7.4389845e-07,auto_accept,baseline_vaal
ISIC_0025146,nv,nv,0.0019983794,5.1810566e-05,auto_accept,baseline_vaal
ISIC_0028862,nv,nv,1.2640699e-07,1.4173155e-11,auto_accept,baseline_vaal
ISIC_0028084,bcc,bcc,0.00034322758,0.9999168,auto_accept,baseline_vaal
ISIC_0028757,nv,nv,0.664728,0.082185544,auto_accept,baseline_vaal
ISIC_0027852,nv,bkl,0.032611936,0.017488154,auto_accept,baseline_vaal
ISIC_0027707,nv,nv,0.32531446,0.14863956,auto_accept,baseline_vaal
ISIC_0028468,nv,bkl,0.07489754,0.0055762706,auto_accept,baseline_vaal
ISIC_0024591,nv,nv,1.8369987e-07,1.367921e-10,auto_accept,baseline_vaal
ISIC_0028356,nv,nv,0.00037531523,6.758999e-07,auto_accept,baseline_vaal
ISIC_0032046,mel,mel,0.68209547,0.82604325,auto_accept,baseline_vaal
ISIC_0029461,nv,nv,0.0725877,0.0014819177,escalate,baseline_vaal
ISIC_0029459,nv,nv,0.54180294,0.0319051,auto_accept,baseline_vaal
ISIC_0032676,nv,nv,2.8014085e-06,2.9712996e-10,auto_accept,baseline_vaal
ISIC_0025908,nv,nv,0.30466956,0.0023835984,auto_accept,baseline_vaal
ISIC_0027516,nv,nv,0.0029515936,2.0751365e-06,auto_accept,baseline_vaal
ISIC_0026437,nv,bkl,1.4375582,0.75570583,auto_accept,baseline_vaal
ISIC_0028911,nv,nv,0.00086467824,1.7978247e-06,auto_accept,baseline_vaal
ISIC_0027165,nv,nv,0.0045465147,4.5820718e-05,escalate,baseline_vaal
ISIC_0028416,nv,nv,1.872053e-05,2.1376769e-08,auto_accept,baseline_vaal
ISIC_0024765,nv,nv,6.8794456e-05,1.7764104e-07,auto_accept,baseline_vaal
ISIC_0025539,akiec,bkl,0.27472508,0.06860267,escalate,baseline_vaal
ISIC_0032151,nv,df,0.7176595,0.24652815,auto_accept,baseline_vaal
ISIC_0027194,bkl,bkl,0.0013095393,0.0010830536,auto_accept,baseline_vaal
ISIC_0034222,mel,mel,0.46517313,0.971675,escalate,baseline_vaal
ISIC_0033875,nv,nv,0.18947448,0.0028222478,auto_accept,baseline_vaal
ISIC_0029466,bcc,vasc,0.52472067,0.015587625,auto_accept,baseline_vaal
ISIC_0028124,bkl,bkl,0.12833594,0.003062811,auto_accept,baseline_vaal
ISIC_0025712,akiec,bkl,0.2333145,0.61932385,auto_accept,baseline_vaal
ISIC_0027371,bcc,bcc,0.008430474,0.98711336,auto_accept,baseline_vaal
ISIC_0029465,nv,nv,0.976945,0.25109982,auto_accept,baseline_vaal
ISIC_0031502,nv,nv,0.012528361,5.5443703e-05,escalate,baseline_vaal
ISIC_0025892,nv,bcc,1.3057021,0.96214795,auto_accept,baseline_vaal
ISIC_0029842,nv,nv,1.6253656e-05,2.9566491e-08,auto_accept,baseline_vaal
ISIC_0024815,nv,nv,0.00028276778,1.1449864e-06,auto_accept,baseline_vaal
ISIC_0029749,nv,bkl,0.52178925,0.0006658432,auto_accept,baseline_vaal
ISIC_0030751,nv,nv,0.0040328745,8.441283e-07,auto_accept,baseline_vaal
ISIC_0026188,mel,mel,0.012747169,0.99878997,auto_accept,baseline_vaal
ISIC_0026145,nv,nv,0.0059729163,0.0001460836,escalate,baseline_vaal
ISIC_0029893,mel,mel,0.643248,0.99998224,auto_accept,baseline_vaal
ISIC_0028397,nv,nv,0.016442962,0.0002504025,auto_accept,baseline_vaal
ISIC_0025144,bcc,bcc,0.08410777,0.9875608,auto_accept,baseline_vaal
ISIC_0026307,nv,nv,0.017086072,1.04538e-05,escalate,baseline_vaal
ISIC_0027465,nv,nv,0.02271258,0.00015505789,auto_accept,baseline_vaal
ISIC_0024393,nv,nv,5.5787694e-07,2.7692917e-10,auto_accept,baseline_vaal
ISIC_0031643,bcc,bcc,0.00079190417,0.9994573,auto_accept,baseline_vaal
ISIC_0026375,nv,nv,3.8313887e-05,4.6780027e-08,auto_accept,baseline_vaal
ISIC_0033389,nv,nv,0.12324821,0.010405888,auto_accept,baseline_vaal
ISIC_0025583,bkl,akiec,0.3142876,0.7989876,auto_accept,baseline_vaal
ISIC_0028679,nv,nv,0.7119056,0.2360409,auto_accept,baseline_vaal
ISIC_0031662,nv,mel,0.7384363,0.9196844,auto_accept,baseline_vaal
ISIC_0030143,akiec,akiec,0.78399247,0.62677824,auto_accept,baseline_vaal
ISIC_0028918,nv,nv,0.3175279,0.053247925,auto_accept,baseline_vaal
ISIC_0028210,nv,mel,0.67870146,0.622976,auto_accept,baseline_vaal
ISIC_0024736,nv,nv,0.00012512125,2.6746335e-07,auto_accept,baseline_vaal
ISIC_0028568,bcc,bcc,0.40180516,0.9089398,auto_accept,baseline_vaal
ISIC_0033321,bkl,bkl,0.22601135,0.15277506,escalate,baseline_vaal
ISIC_0026483,nv,nv,0.0023910096,0.00022883351,auto_accept,baseline_vaal
ISIC_0027432,nv,nv,0.00020102835,3.421643e-06,auto_accept,baseline_vaal
ISIC_0033553,bkl,bkl,0.074941196,0.0012713077,auto_accept,baseline_vaal
ISIC_0025837,bkl,nv,0.79754144,0.056972608,auto_accept,baseline_vaal
ISIC_0031116,nv,nv,0.035107594,0.00047149157,auto_accept,baseline_vaal
ISIC_0025830,bkl,bkl,0.016003847,0.0024032155,auto_accept,baseline_vaal
ISIC_0032124,bkl,bkl,0.016021471,5.761713e-06,auto_accept,baseline_vaal
ISIC_0034274,nv,nv,0.0014097982,1.9896528e-05,auto_accept,baseline_vaal
ISIC_0024859,nv,nv,0.00021293722,3.2004348e-06,escalate,baseline_vaal
ISIC_0031775,nv,nv,1.381551e-08,1.08283154e-13,auto_accept,baseline_vaal
ISIC_0026921,nv,nv,0.11988321,0.012043517,auto_accept,baseline_vaal
ISIC_0029223,nv,akiec,0.74386823,0.42332858,auto_accept,baseline_vaal
ISIC_0030904,nv,nv,0.0004046845,2.5082718e-06,auto_accept,baseline_vaal
ISIC_0029390,nv,mel,0.7939165,0.9944929,auto_accept,baseline_vaal
ISIC_0032856,mel,mel,0.19701624,0.99117565,escalate,baseline_vaal
ISIC_0027029,nv,nv,0.0023461299,9.005992e-05,auto_accept,baseline_vaal
ISIC_0033528,bkl,bkl,0.23126346,0.0076182997,auto_accept,baseline_vaal
ISIC_0027242,nv,mel,0.80570054,0.83670586,auto_accept,baseline_vaal
ISIC_0026705,nv,mel,0.7694027,0.4756166,auto_accept,baseline_vaal
ISIC_0029773,nv,nv,0.007275125,5.4803495e-05,auto_accept,baseline_vaal
ISIC_0028966,nv,nv,0.005521744,0.00016428069,auto_accept,baseline_vaal
ISIC_0033264,bkl,bkl,0.4314619,0.14390591,auto_accept,baseline_vaal
ISIC_0024657,nv,mel,0.42164177,0.82958734,auto_accept,baseline_vaal
ISIC_0024504,bcc,bcc,0.32614586,0.11062224,auto_accept,baseline_vaal
ISIC_0029184,nv,nv,0.07948402,0.00924467,auto_accept,baseline_vaal
ISIC_0027880,nv,nv,0.0004780962,9.474092e-06,auto_accept,baseline_vaal
ISIC_0027916,bkl,bkl,0.70551276,0.20149393,auto_accept,baseline_vaal
ISIC_0030155,nv,nv,0.0013491893,7.2151884e-08,auto_accept,baseline_vaal
ISIC_0034142,bkl,akiec,0.01780974,0.9979265,auto_accept,baseline_vaal
ISIC_0025519,bkl,bkl,0.021507172,0.0013887455,escalate,baseline_vaal
ISIC_0032594,nv,nv,0.21350162,0.022857763,auto_accept,baseline_vaal
ISIC_0027862,nv,nv,0.00120769,9.622079e-07,auto_accept,baseline_vaal
ISIC_0029408,nv,nv,1.3642332e-05,2.9604525e-08,auto_accept,baseline_vaal
ISIC_0024770,bkl,bkl,5.8606736e-05,1.7730534e-05,auto_accept,baseline_vaal
ISIC_0024600,nv,nv,0.2507343,9.0678914e-05,auto_accept,baseline_vaal
ISIC_0027948,nv,nv,0.0012138068,2.332872e-05,auto_accept,baseline_vaal
ISIC_0026131,mel,mel,0.53069437,0.90575117,auto_accept,baseline_vaal
ISIC_0029506,nv,nv,0.011454242,2.62476e-05,auto_accept,baseline_vaal
ISIC_0026002,nv,nv,0.00017257626,3.990767e-08,auto_accept,baseline_vaal
ISIC_0031473,nv,akiec,0.7141917,0.39772028,escalate,baseline_vaal
ISIC_0026624,nv,nv,2.470083e-05,3.6938212e-07,auto_accept,baseline_vaal
ISIC_0032497,bcc,bcc,0.42627302,0.94871044,auto_accept,baseline_vaal
ISIC_0032155,nv,nv,4.1765823e-08,4.9183886e-12,auto_accept,baseline_vaal
ISIC_0031706,vasc,vasc,0.00044049538,4.909925e-06,auto_accept,baseline_vaal
ISIC_0026133,nv,nv,0.019361878,4.591849e-05,auto_accept,baseline_vaal
ISIC_0029931,bkl,bkl,0.030210303,0.00078482786,auto_accept,baseline_vaal
ISIC_0025997,nv,nv,1.6927288e-08,2.9766042e-13,auto_accept,baseline_vaal
ISIC_0032680,nv,mel,1.0574057,0.24226786,auto_accept,baseline_vaal
ISIC_0031019,nv,mel,1.2251457,0.85411227,auto_accept,baseline_vaal
ISIC_0026629,df,bkl,0.010956091,2.682164e-05,auto_accept,baseline_vaal
ISIC_0026519,nv,nv,0.6160263,0.15977283,auto_accept,baseline_vaal
ISIC_0029662,nv,nv,1.1689734,0.28768733,auto_accept,baseline_vaal
ISIC_0025670,nv,nv,0.0001557077,1.0134001e-08,auto_accept,baseline_vaal
ISIC_0026010,nv,nv,0.049693566,0.005157651,auto_accept,baseline_vaal
ISIC_0032908,nv,nv,0.01592465,0.00025834364,auto_accept,baseline_vaal
ISIC_0027288,nv,nv,2.6204278e-05,2.2967455e-08,auto_accept,baseline_vaal
ISIC_0029393,nv,mel,0.7156486,0.5255631,auto_accept,baseline_vaal
ISIC_0026868,mel,bkl,0.23460257,0.14749381,auto_accept,baseline_vaal
ISIC_0026400,nv,nv,0.010702504,0.00052181,auto_accept,baseline_vaal
ISIC_0025846,nv,nv,1.1784666,0.11544705,auto_accept,baseline_vaal
ISIC_0030564,mel,akiec,0.13821667,0.9764282,auto_accept,baseline_vaal
ISIC_0029726,mel,akiec,0.11741944,0.993112,auto_accept,baseline_vaal
ISIC_0031456,nv,nv,0.007359609,0.00011311803,auto_accept,baseline_vaal
ISIC_0030316,bkl,bkl,0.09254007,0.00041653833,auto_accept,baseline_vaal
ISIC_0029038,nv,nv,0.0019719605,1.5588881e-06,auto_accept,baseline_vaal
ISIC_0030822,bkl,akiec,0.05770584,0.9875657,auto_accept,baseline_vaal
ISIC_0026326,nv,bkl,0.0008214982,7.296808e-05,auto_accept,baseline_vaal
ISIC_0026987,nv,nv,0.22391637,0.016767785,auto_accept,baseline_vaal
ISIC_0032113,bkl,bkl,1.0710064,0.052350234,auto_accept,baseline_vaal
ISIC_0029293,nv,nv,0.0022778886,5.5999728e-05,escalate,baseline_vaal
ISIC_0029629,nv,nv,5.142324e-05,1.3347132e-07,auto_accept,baseline_vaal
ISIC_0024377,nv,nv,0.559626,0.21321206,auto_accept,baseline_vaal
ISIC_0032945,nv,nv,0.01007579,0.00019199854,auto_accept,baseline_vaal
ISIC_0027076,mel,mel,0.52133334,0.789613,auto_accept,baseline_vaal
ISIC_0030892,nv,akiec,1.3447115,0.9158029,auto_accept,baseline_vaal
ISIC_0025798,nv,nv,0.35447735,0.06633691,auto_accept,baseline_vaal
ISIC_0025809,nv,nv,0.5558581,0.1270715,auto_accept,baseline_vaal
ISIC_0030035,nv,vasc,0.73427343,0.003258343,auto_accept,baseline_vaal
ISIC_0032906,bcc,bcc,0.0018135183,0.9998733,auto_accept,baseline_vaal
ISIC_0027022,nv,nv,1.381551e-08,2.4028044e-15,auto_accept,baseline_vaal
ISIC_0029336,nv,nv,0.006630438,8.876582e-05,auto_accept,baseline_vaal
ISIC_0031806,nv,bcc,0.06490033,0.99083954,auto_accept,baseline_vaal
ISIC_0029256,nv,nv,0.0012669793,8.240998e-06,auto_accept,baseline_vaal
ISIC_0027745,df,df,0.0001011445,1.1115014e-06,auto_accept,baseline_vaal
ISIC_0024479,nv,nv,0.0032932619,0.00013260952,auto_accept,baseline_vaal
ISIC_0028832,nv,nv,3.5705943e-05,7.225531e-08,auto_accept,baseline_vaal
ISIC_0027740,nv,nv,0.0007652868,4.524124e-07,auto_accept,baseline_vaal
ISIC_0027928,nv,bkl,0.28907472,0.010335086,auto_accept,baseline_vaal
ISIC_0034255,bcc,bcc,0.00039261204,0.999944,auto_accept,baseline_vaal
ISIC_0028281,nv,nv,0.7066298,0.0031461527,auto_accept,baseline_vaal
ISIC_0024922,nv,nv,1.1227552,0.34957492,escalate,baseline_vaal
ISIC_0033677,bkl,bkl,0.5302429,0.0004318276,auto_accept,baseline_vaal
ISIC_0025271,nv,nv,0.012839566,3.666967e-05,auto_accept,baseline_vaal
ISIC_0032525,nv,nv,0.34523675,0.048398297,auto_accept,baseline_vaal
ISIC_0024773,bkl,bkl,0.00083955517,0.00033465264,auto_accept,baseline_vaal
ISIC_0031049,nv,nv,0.44692492,0.035485223,auto_accept,baseline_vaal
ISIC_0024578,nv,df,0.13239996,0.0026309032,auto_accept,baseline_vaal
ISIC_0031474,nv,mel,0.86329275,0.58552414,auto_accept,baseline_vaal
ISIC_0024521,nv,nv,0.003156885,1.5142168e-05,auto_accept,baseline_vaal
ISIC_0028328,nv,nv,0.002987545,1.7510338e-05,auto_accept,baseline_vaal
ISIC_0026923,bkl,akiec,0.15621282,0.85092425,auto_accept,baseline_vaal
ISIC_0026681,nv,nv,6.45654e-05,7.356499e-08,escalate,baseline_vaal
ISIC_0025850,nv,nv,0.016842023,0.0005893326,auto_accept,baseline_vaal
ISIC_0026928,nv,nv,0.06764478,0.00320976,auto_accept,baseline_vaal
ISIC_0031383,nv,nv,0.11252354,0.00034300805,auto_accept,baseline_vaal
ISIC_0027378,nv,nv,0.39882344,0.002791134,escalate,baseline_vaal
ISIC_0033467,nv,nv,7.5966505e-05,6.447884e-07,auto_accept,baseline_vaal
ISIC_0030744,bkl,akiec,1.6112351,0.65153146,auto_accept,baseline_vaal
ISIC_0027525,bcc,bkl,0.026539907,0.0349594,auto_accept,baseline_vaal
ISIC_0024538,nv,nv,0.662033,0.0014667686,auto_accept,baseline_vaal
ISIC_0027577,akiec,akiec,0.10340656,0.9814612,auto_accept,baseline_vaal
ISIC_0029048,bkl,bkl,2.6432397e-07,5.23421e-07,auto_accept,baseline_vaal
ISIC_0034201,bkl,bkl,0.0030599546,0.00056690193,auto_accept,baseline_vaal
ISIC_0024895,nv,nv,1.381551e-08,3.914505e-15,auto_accept,baseline_vaal
ISIC_0027454,bkl,bkl,0.0012254138,0.00020889104,auto_accept,baseline_vaal
ISIC_0024941,nv,nv,0.32027164,0.015734067,auto_accept,baseline_vaal
ISIC_0027863,mel,akiec,0.46640593,0.9975262,auto_accept,baseline_vaal
ISIC_0034011,bkl,bkl,0.08977573,0.22564122,auto_accept,baseline_vaal
ISIC_0026848,akiec,akiec,0.028768152,0.9990982,auto_accept,baseline_vaal
ISIC_0031044,akiec,akiec,0.0052057263,0.9999846,auto_accept,baseline_vaal
ISIC_0032590,nv,nv,0.00024501383,5.8929604e-06,auto_accept,baseline_vaal
ISIC_0026919,nv,nv,0.00079332886,1.3456412e-06,auto_accept,baseline_vaal
ISIC_0029384,bkl,akiec,0.77297884,0.75864065,auto_accept,baseline_vaal
ISIC_0031659,akiec,bcc,0.35642365,0.9988593,auto_accept,baseline_vaal
ISIC_0025181,nv,nv,0.030506419,0.0007857479,auto_accept,baseline_vaal
ISIC_0028166,nv,nv,1.3266978,0.1581446,auto_accept,baseline_vaal
ISIC_0025239,nv,mel,0.0092826085,0.99781895,auto_accept,baseline_vaal
ISIC_0028651,df,df,0.0040734126,7.731744e-10,auto_accept,baseline_vaal
ISIC_0034162,mel,akiec,1.0606654,0.7722204,auto_accept,baseline_vaal
ISIC_0033035,nv,nv,0.82725626,0.2740048,auto_accept,baseline_vaal
ISIC_0030983,nv,nv,1.5348287e-05,4.1811948e-08,auto_accept,baseline_vaal
ISIC_0030912,nv,bkl,0.69266975,4.2878588e-07,auto_accept,baseline_vaal
ISIC_0034034,mel,mel,0.20488326,0.9203246,auto_accept,baseline_vaal
ISIC_0033529,bkl,bkl,0.12039532,2.1446727e-05,escalate,baseline_vaal
ISIC_0033066,nv,nv,0.61506784,0.13135919,auto_accept,baseline_vaal
ISIC_0027568,nv,akiec,0.025615104,0.99909914,auto_accept,baseline_vaal
ISIC_0033574,nv,nv,0.022642223,0.00056570367,auto_accept,baseline_vaal
ISIC_0028297,nv,mel,0.6382107,0.6364938,escalate,baseline_vaal
ISIC_0027142,bkl,bkl,0.39303413,0.00014427995,auto_accept,baseline_vaal
ISIC_0032542,nv,nv,0.5752388,0.12549184,auto_accept,baseline_vaal
ISIC_0030541,nv,nv,2.6025557e-05,7.962666e-08,auto_accept,baseline_vaal
ISIC_0027225,nv,nv,0.0011525691,1.187752e-06,auto_accept,baseline_vaal
ISIC_0030524,nv,nv,0.00079205586,5.201897e-06,auto_accept,baseline_vaal
ISIC_0025213,nv,nv,3.4347664e-08,1.2107783e-11,auto_accept,baseline_vaal
ISIC_0032226,nv,nv,0.058028415,0.0011293016,auto_accept,baseline_vaal
ISIC_0028323,bcc,bcc,0.007844016,0.9996234,auto_accept,baseline_vaal
ISIC_0030014,mel,nv,0.20414391,0.0017890962,auto_accept,baseline_vaal
ISIC_0026474,nv,nv,8.087453e-06,4.6104514e-08,auto_accept,baseline_vaal
ISIC_0027557,nv,nv,6.5237637e-06,3.0716607e-09,auto_accept,baseline_vaal
ISIC_0027220,nv,nv,3.6581318e-06,3.1392413e-09,auto_accept,baseline_vaal
ISIC_0032803,nv,mel,1.1577559,0.55442894,auto_accept,baseline_vaal
ISIC_0024631,nv,nv,2.6855512e-06,2.3608313e-09,auto_accept,baseline_vaal
ISIC_0025801,nv,nv,0.00416774,1.6757825e-06,auto_accept,baseline_vaal
ISIC_0026655,nv,mel,0.64130044,0.7599217,auto_accept,baseline_vaal
ISIC_0028418,mel,mel,0.6259442,0.9974661,auto_accept,baseline_vaal
ISIC_0031462,nv,bkl,0.6035806,0.65843475,auto_accept,baseline_vaal
ISIC_0024477,bkl,bcc,0.3356205,0.8688453,auto_accept,baseline_vaal
ISIC_0031628,nv,nv,0.037314404,0.0025268674,auto_accept,baseline_vaal
ISIC_0033319,nv,nv,0.0704659,0.0004894059,auto_accept,baseline_vaal
ISIC_0031580,bkl,bkl,0.001935087,0.001668297,auto_accept,baseline_vaal
ISIC_0024324,bkl,bkl,0.047219697,0.00013884714,auto_accept,baseline_vaal
ISIC_0028101,nv,nv,0.0034263523,4.6483976e-05,auto_accept,baseline_vaal
ISIC_0026597,nv,nv,0.092499115,1.8385186e-06,auto_accept,baseline_vaal
ISIC_0026654,nv,bkl,0.16681293,0.049690757,auto_accept,baseline_vaal
ISIC_0031914,nv,nv,0.0013170571,2.6407217e-06,auto_accept,baseline_vaal
ISIC_0028384,nv,bkl,0.54625994,0.00021546075,auto_accept,baseline_vaal
ISIC_0029422,nv,nv,0.2721046,0.043269977,auto_accept,baseline_vaal
ISIC_0032788,nv,nv,0.9462812,0.45559582,auto_accept,baseline_vaal
ISIC_0027781,bkl,akiec,1.2636008,0.8672045,auto_accept,baseline_vaal
ISIC_0033737,nv,nv,0.49336952,0.15983762,auto_accept,baseline_vaal
ISIC_0028107,bcc,bcc,0.031050362,0.97578555,auto_accept,baseline_vaal
ISIC_0028887,nv,nv,0.55691534,0.0074792043,auto_accept,baseline_vaal
ISIC_0033435,nv,nv,0.00059801235,2.1503392e-06,auto_accept,baseline_vaal
ISIC_0026855,bcc,bkl,0.010548097,0.0001410678,auto_accept,baseline_vaal
ISIC_0033116,nv,bkl,0.3076791,0.009090254,auto_accept,baseline_vaal
ISIC_0026863,nv,nv,9.256807e-05,6.967039e-08,auto_accept,baseline_vaal
ISIC_0025507,bkl,bkl,0.016210204,0.00058210274,escalate,baseline_vaal
ISIC_0032269,mel,bkl,0.082528085,0.06864365,auto_accept,baseline_vaal
ISIC_0025815,nv,nv,0.0013513245,4.310562e-05,auto_accept,baseline_vaal
ISIC_0024903,nv,nv,0.00028975506,7.051839e-06,escalate,baseline_vaal
ISIC_0028032,nv,nv,0.6736935,0.16289961,escalate,baseline_vaal
ISIC_0024675,mel,nv,0.010081598,0.0003302928,auto_accept,baseline_vaal
ISIC_0033391,bkl,bkl,0.6577576,0.9638439,auto_accept,baseline_vaal
ISIC_0026787,bkl,nv,1.1676679,0.014300246,auto_accept,baseline_vaal
ISIC_0029550,nv,nv,0.0010131209,1.0705945e-06,auto_accept,baseline_vaal
ISIC_0024605,nv,nv,0.010488302,0.00037226768,auto_accept,baseline_vaal
ISIC_0032307,bcc,bkl,0.12051234,0.068789974,auto_accept,baseline_vaal
ISIC_0031388,nv,nv,1.4874071e-07,4.657059e-10,auto_accept,baseline_vaal
ISIC_0030613,nv,nv,0.013478941,9.4857896e-05,auto_accept,baseline_vaal
ISIC_0027683,nv,nv,0.32746795,0.0017935265,auto_accept,baseline_vaal
ISIC_0033233,nv,nv,0.5004246,0.029825883,auto_accept,baseline_vaal
ISIC_0030140,nv,nv,0.002891716,0.00010703393,auto_accept,baseline_vaal
ISIC_0032207,mel,bkl,0.5806005,1.480791e-07,auto_accept,baseline_vaal
ISIC_0028095,bcc,bkl,0.46992835,0.23041953,auto_accept,baseline_vaal
ISIC_0029663,nv,nv,0.018174374,7.971374e-05,auto_accept,baseline_vaal
ISIC_0027612,bkl,nv,0.07816114,0.0013963911,auto_accept,baseline_vaal
ISIC_0033631,bkl,bkl,0.0005640454,1.50166115e-05,auto_accept,baseline_vaal
ISIC_0026485,nv,nv,0.016405744,0.0002789725,auto_accept,baseline_vaal
ISIC_0030345,nv,nv,0.027892701,1.1415712e-05,auto_accept,baseline_vaal
ISIC_0028764,mel,akiec,0.5271699,0.9111203,auto_accept,baseline_vaal
ISIC_0032297,nv,nv,0.0023792458,1.8100036e-05,escalate,baseline_vaal
ISIC_0026209,nv,bcc,1.0098076,0.99740607,auto_accept,baseline_vaal
ISIC_0031840,nv,nv,3.1704843e-07,4.0471782e-11,auto_accept,baseline_vaal
ISIC_0025484,bkl,df,1.2459719,0.012187817,auto_accept,baseline_vaal
ISIC_0026524,bkl,bkl,0.013044632,0.0004036166,auto_accept,baseline_vaal
ISIC_0024848,bcc,bcc,0.0006707823,0.99953365,auto_accept,baseline_vaal
ISIC_0030433,nv,nv,0.03713482,0.00096011005,auto_accept,baseline_vaal
ISIC_0032719,bkl,bkl,0.20478944,0.010441381,auto_accept,baseline_vaal
ISIC_0029129,bcc,bcc,0.3202117,0.59814346,auto_accept,baseline_vaal
ISIC_0024689,nv,nv,4.3806984e-05,1.4766364e-07,auto_accept,baseline_vaal
ISIC_0026208,nv,nv,9.369591e-06,6.9860015e-08,auto_accept,baseline_vaal
ISIC_0029619,nv,nv,0.049582332,0.0004120232,auto_accept,baseline_vaal
ISIC_0028833,nv,nv,0.00026350736,6.9397316e-08,auto_accept,baseline_vaal
ISIC_0034277,nv,nv,0.06130173,3.278917e-07,escalate,baseline_vaal
ISIC_0025309,nv,nv,0.0038841877,5.4143443e-06,auto_accept,baseline_vaal
ISIC_0032030,bcc,bcc,0.0030222486,0.9988248,auto_accept,baseline_vaal
ISIC_0033469,mel,mel,0.071262196,0.99791163,escalate,baseline_vaal
ISIC_0031856,nv,nv,0.00027428503,4.596934e-06,escalate,baseline_vaal
ISIC_0032807,mel,mel,0.53223324,0.8645377,auto_accept,baseline_vaal
ISIC_0028968,mel,mel,0.12108887,0.988825,auto_accept,baseline_vaal
ISIC_0031261,bkl,akiec,0.20643754,0.97652745,auto_accept,baseline_vaal
ISIC_0029102,bkl,akiec,0.078470126,0.9987257,auto_accept,baseline_vaal
ISIC_0032760,nv,nv,0.03264272,0.0016252093,auto_accept,baseline_vaal
ISIC_0024584,nv,nv,9.9000235e-06,4.5311275e-08,auto_accept,baseline_vaal
ISIC_0027353,nv,nv,0.0050262515,9.2133536e-07,auto_accept,baseline_vaal
ISIC_0030712,bcc,bcc,0.0019209373,0.9994672,auto_accept,baseline_vaal
ISIC_0024721,nv,nv,1.0400932,0.28309202,auto_accept,baseline_vaal
ISIC_0030902,nv,nv,0.0004297885,1.4674161e-07,auto_accept,baseline_vaal
ISIC_0031951,bkl,bkl,0.010045736,0.0037454118,auto_accept,baseline_vaal
ISIC_0030749,nv,nv,2.1233443e-06,9.996775e-09,auto_accept,baseline_vaal
ISIC_0027126,mel,mel,1.3909327,0.43370214,auto_accept,baseline_vaal
ISIC_0033258,mel,mel,0.01002609,0.99937016,auto_accept,baseline_vaal
ISIC_0025466,bkl,akiec,1.5777563,0.9557158,auto_accept,baseline_vaal
ISIC_0033464,nv,mel,0.05486106,0.9915705,auto_accept,baseline_vaal
ISIC_0026821,nv,nv,5.2727795e-05,3.1840605e-07,auto_accept,baseline_vaal
ISIC_0031153,nv,nv,5.5200868e-08,4.1308526e-11,escalate,baseline_vaal
ISIC_0030418,nv,nv,2.7850401e-06,3.8379415e-08,auto_accept,baseline_vaal
ISIC_0028447,nv,mel,0.45211396,0.99068224,auto_accept,baseline_vaal
ISIC_0028877,bcc,bcc,0.22397697,0.9992094,auto_accept,baseline_vaal
ISIC_0031915,mel,bkl,0.7885317,0.27620757,auto_accept,baseline_vaal
ISIC_0029417,akiec,akiec,1.436965,0.76571864,auto_accept,baseline_vaal
ISIC_0033537,nv,mel,0.6771127,0.6587245,auto_accept,baseline_vaal
ISIC_0027487,mel,mel,0.233543,0.99923575,auto_accept,baseline_vaal
ISIC_0025599,vasc,vasc,0.0047609247,1.216052e-06,auto_accept,baseline_vaal
ISIC_0032467,nv,nv,0.0003200946,1.2846482e-06,auto_accept,baseline_vaal
ISIC_0026799,nv,nv,0.003391451,0.00012833683,auto_accept,baseline_vaal
ISIC_0029916,nv,nv,9.252347e-05,6.328672e-07,auto_accept,baseline_vaal
ISIC_0025382,nv,nv,0.06860125,0.0006687421,auto_accept,baseline_vaal
ISIC_0033916,nv,nv,0.3500433,0.020201787,auto_accept,baseline_vaal
ISIC_0031817,nv,nv,0.014337424,0.0006713294,auto_accept,baseline_vaal
ISIC_0030731,bkl,bkl,0.14047804,1.8563886e-08,auto_accept,baseline_vaal
ISIC_0034309,nv,nv,0.0041127945,0.00010415381,auto_accept,baseline_vaal
ISIC_0029260,bkl,bkl,0.15822588,0.6493596,auto_accept,baseline_vaal
ISIC_0027256,vasc,vasc,0.009218016,3.208517e-09,auto_accept,baseline_vaal
ISIC_0032338,nv,nv,0.00951957,0.0006534923,auto_accept,baseline_vaal
ISIC_0027706,bkl,akiec,0.47641966,0.94585466,auto_accept,baseline_vaal
ISIC_0032540,nv,nv,0.0016378317,2.0222511e-05,auto_accept,baseline_vaal
ISIC_0028552,nv,nv,0.19731905,7.68664e-05,auto_accept,baseline_vaal
ISIC_0030456,nv,nv,0.057821017,0.00057185336,auto_accept,baseline_vaal
ISIC_0025174,nv,nv,0.0007805952,1.1445057e-05,auto_accept,baseline_vaal
ISIC_0026157,nv,nv,0.5277107,0.15016916,auto_accept,baseline_vaal
ISIC_0024766,nv,nv,2.9940776e-07,1.93963e-10,auto_accept,baseline_vaal
ISIC_0028731,nv,nv,0.30420917,0.078565136,auto_accept,baseline_vaal
ISIC_0027000,nv,nv,3.431002e-06,9.222586e-10,auto_accept,baseline_vaal
ISIC_0031189,mel,mel,0.010251569,0.9992873,auto_accept,baseline_vaal
ISIC_0031511,bkl,bkl,0.00012567773,4.192042e-06,escalate,baseline_vaal
ISIC_0029965,nv,nv,0.0013806879,7.397454e-06,auto_accept,baseline_vaal
ISIC_0024610,nv,nv,9.847151e-07,5.782664e-10,auto_accept,baseline_vaal
ISIC_0025224,nv,nv,0.048910405,0.0014348823,auto_accept,baseline_vaal
ISIC_0033415,mel,mel,0.43711558,0.99711454,auto_accept,baseline_vaal
ISIC_0025110,nv,nv,0.040242355,0.0025556304,auto_accept,baseline_vaal
ISIC_0028661,nv,nv,1.9202959e-07,5.854453e-11,auto_accept,baseline_vaal
ISIC_0030596,nv,nv,0.00077031436,3.8735284e-06,auto_accept,baseline_vaal
ISIC_0024727,nv,nv,0.14291991,0.02079345,escalate,baseline_vaal
ISIC_0027995,nv,nv,0.005991511,0.000816493,auto_accept,baseline_vaal
ISIC_0032600,nv,nv,0.0814595,0.00058864546,auto_accept,baseline_vaal
ISIC_0031025,mel,mel,0.6530954,0.64647716,auto_accept,baseline_vaal
ISIC_0032135,akiec,akiec,0.7903477,0.77286714,auto_accept,baseline_vaal
ISIC_0028617,nv,nv,0.0012014406,8.213867e-07,auto_accept,baseline_vaal
ISIC_0026172,nv,nv,0.05819188,0.0045256363,escalate,baseline_vaal
ISIC_0027574,nv,bkl,0.63879246,0.0012868157,auto_accept,baseline_vaal
ISIC_0030732,nv,akiec,0.34192094,0.8986992,auto_accept,baseline_vaal
ISIC_0025589,mel,nv,0.44098154,0.09140095,auto_accept,baseline_vaal
ISIC_0030039,nv,mel,1.0024399,0.79878306,auto_accept,baseline_vaal
ISIC_0029109,nv,nv,0.091017,0.005295888,auto_accept,baseline_vaal
ISIC_0029558,mel,mel,0.0052456395,0.9993261,auto_accept,baseline_vaal
ISIC_0024348,nv,nv,0.2374849,0.0012984675,auto_accept,baseline_vaal
ISIC_0031296,nv,nv,8.364342e-05,1.5371938e-07,auto_accept,baseline_vaal
ISIC_0024758,bkl,bkl,0.4408818,0.87309957,auto_accept,baseline_vaal
ISIC_0028751,nv,nv,0.29687154,0.042038836,auto_accept,baseline_vaal
ISIC_0028194,nv,nv,0.12291184,5.6951616e-05,escalate,baseline_vaal
ISIC_0026038,nv,nv,0.00015772895,2.5243837e-06,auto_accept,baseline_vaal
ISIC_0031535,nv,nv,1.2361492e-05,3.1751995e-08,auto_accept,baseline_vaal
ISIC_0025600,bcc,bcc,0.02220856,0.95861053,auto_accept,baseline_vaal
ISIC_0030319,bkl,mel,0.54182523,0.8324833,auto_accept,baseline_vaal
ISIC_0026352,mel,mel,0.01246475,0.99751735,auto_accept,baseline_vaal
ISIC_0033055,mel,mel,0.04006197,0.99033153,auto_accept,baseline_vaal
ISIC_0026472,nv,nv,2.7069076e-05,5.798197e-07,escalate,baseline_vaal
ISIC_0025437,nv,nv,0.044467114,0.00042736143,auto_accept,baseline_vaal
ISIC_0032442,nv,nv,0.0040491363,2.5817746e-05,auto_accept,baseline_vaal
ISIC_0031028,nv,nv,6.9281793e-07,1.0429293e-09,escalate,baseline_vaal
ISIC_0033447,nv,nv,0.00978941,0.0006260253,auto_accept,baseline_vaal
ISIC_0027129,nv,nv,0.51120216,0.05129963,auto_accept,baseline_vaal
ISIC_0027873,nv,nv,0.15755336,0.0013417457,auto_accept,baseline_vaal
ISIC_0031617,nv,nv,0.8457183,0.05579123,auto_accept,baseline_vaal
ISIC_0031193,nv,nv,3.3420852e-07,3.429809e-10,auto_accept,baseline_vaal
ISIC_0029710,nv,nv,0.0026488851,4.3417513e-05,auto_accept,baseline_vaal
ISIC_0027594,nv,nv,3.774183e-05,2.2180343e-07,auto_accept,baseline_vaal
ISIC_0027858,bcc,bcc,0.00015003282,0.99998355,auto_accept,baseline_vaal
ISIC_0032654,bkl,bkl,0.22572249,0.030432908,auto_accept,baseline_vaal
ISIC_0026207,mel,mel,0.0058018533,0.99942243,auto_accept,baseline_vaal
ISIC_0031469,nv,nv,0.001379328,1.7142993e-06,auto_accept,baseline_vaal
ISIC_0031751,nv,nv,0.03099134,0.0002316409,auto_accept,baseline_vaal
ISIC_0025030,bkl,bkl,0.0012671141,0.0006047696,auto_accept,baseline_vaal
ISIC_0032348,bkl,bkl,0.0046299393,0.00077469455,escalate,baseline_vaal
ISIC_0027215,nv,nv,7.132693e-08,5.983627e-10,auto_accept,baseline_vaal
ISIC_0032610,mel,nv,0.434218,0.038610667,auto_accept,baseline_vaal
ISIC_0032453,nv,nv,0.012726865,0.00084809493,escalate,baseline_vaal
ISIC_0026484,nv,nv,0.40326482,0.0031913195,auto_accept,baseline_vaal
ISIC_0034207,nv,nv,0.00018930415,1.2475783e-06,auto_accept,baseline_vaal
ISIC_0032931,nv,mel,0.41712466,0.8670747,auto_accept,baseline_vaal
ISIC_0030290,nv,nv,4.3746194e-08,1.3034377e-11,auto_accept,baseline_vaal
ISIC_0031899,nv,nv,1.5839619e-06,3.351214e-10,auto_accept,baseline_vaal
ISIC_0030346,bkl,bkl,0.6596709,0.64840776,auto_accept,baseline_vaal
ISIC_0029650,nv,nv,0.016168324,2.7432241e-05,auto_accept,baseline_vaal
ISIC_0030018,nv,nv,5.739822e-05,2.9622825e-08,auto_accept,baseline_vaal
ISIC_0027547,nv,nv,2.5032317e-05,1.6117268e-08,auto_accept,baseline_vaal
ISIC_0031586,mel,mel,0.019450424,0.998613,auto_accept,baseline_vaal
ISIC_0034186,bkl,bkl,0.16072296,0.7255639,auto_accept,baseline_vaal
ISIC_0031490,nv,nv,1.9556137e-06,1.8898414e-09,auto_accept,baseline_vaal
ISIC_0032117,nv,nv,0.04485139,8.1336793e-07,auto_accept,baseline_vaal
ISIC_0029021,mel,mel,1.0126475,0.4384876,auto_accept,baseline_vaal
ISIC_0026364,nv,nv,3.6115496e-05,9.430719e-08,auto_accept,baseline_vaal
ISIC_0029511,nv,nv,0.060098883,1.4865192e-05,auto_accept,baseline_vaal
ISIC_0026995,bcc,bcc,0.091241285,0.97529954,auto_accept,baseline_vaal
ISIC_0025021,nv,nv,0.004890418,1.9609023e-07,auto_accept,baseline_vaal
ISIC_0027290,nv,nv,0.16075687,0.011123614,auto_accept,baseline_vaal
ISIC_0029315,akiec,akiec,0.0028491253,0.9999577,auto_accept,baseline_vaal
ISIC_0026768,nv,nv,2.7060456e-05,4.59048e-08,escalate,baseline_vaal
ISIC_0032235,bkl,bkl,0.17628439,0.033560034,auto_accept,baseline_vaal
ISIC_0027592,nv,nv,0.06384108,0.002182357,auto_accept,baseline_vaal
ISIC_0028394,nv,nv,4.7587534e-07,1.7390388e-09,auto_accept,baseline_vaal
ISIC_0025007,nv,nv,0.00012322735,4.1598335e-07,auto_accept,baseline_vaal
ISIC_0025136,bkl,mel,0.0492095,0.99809366,escalate,baseline_vaal
ISIC_0027822,mel,bkl,0.11870598,0.008808898,auto_accept,baseline_vaal
ISIC_0031854,nv,nv,0.09571944,1.5176734e-05,auto_accept,baseline_vaal
ISIC_0027170,nv,nv,0.11671232,0.025158785,auto_accept,baseline_vaal
ISIC_0033173,nv,nv,0.30602235,0.025537517,auto_accept,baseline_vaal
ISIC_0034073,nv,nv,0.006229208,0.00037120085,auto_accept,baseline_vaal
ISIC_0032365,bkl,bkl,0.016570441,4.378303e-05,auto_accept,baseline_vaal
ISIC_0032989,nv,nv,0.10138876,0.004782493,escalate,baseline_vaal
ISIC_0028782,nv,nv,0.07380676,0.01277502,auto_accept,baseline_vaal
ISIC_0032315,bkl,nv,0.5258931,0.04611276,auto_accept,baseline_vaal
ISIC_0031353,nv,mel,0.07223667,0.99883574,auto_accept,baseline_vaal
ISIC_0029409,nv,mel,0.23469123,0.92263067,auto_accept,baseline_vaal
ISIC_0028070,nv,nv,0.005117825,3.000084e-07,auto_accept,baseline_vaal
ISIC_0028985,nv,nv,0.00088413083,1.0777432e-05,auto_accept,baseline_vaal
ISIC_0028080,bkl,bkl,0.010622286,0.00049200695,auto_accept,baseline_vaal
ISIC_0028698,nv,nv,0.91813195,0.02651217,auto_accept,baseline_vaal
ISIC_0028280,nv,mel,0.19341946,0.96805733,auto_accept,baseline_vaal
ISIC_0026415,nv,nv,8.162552e-06,5.5802325e-08,auto_accept,baseline_vaal
ISIC_0031043,akiec,bcc,0.8776944,0.32178682,escalate,baseline_vaal
ISIC_0026447,nv,nv,1.4834436e-05,1.0965769e-08,auto_accept,baseline_vaal
ISIC_0026915,nv,nv,0.00017385467,8.165724e-07,auto_accept,baseline_vaal
ISIC_0029472,bkl,nv,0.98808986,0.08428499,auto_accept,baseline_vaal
ISIC_0032632,nv,nv,0.6903618,0.0049995272,auto_accept,baseline_vaal
ISIC_0030137,bkl,bkl,0.042908054,0.0206271,auto_accept,baseline_vaal
ISIC_0030058,nv,bkl,0.28262547,0.0006454191,auto_accept,baseline_vaal
ISIC_0031386,mel,nv,0.41137332,0.08648004,auto_accept,baseline_vaal
ISIC_0024525,mel,bkl,0.7840112,0.7495157,auto_accept,baseline_vaal
ISIC_0027429,nv,nv,0.00069198076,3.7669265e-06,auto_accept,baseline_vaal
ISIC_0025244,vasc,vasc,0.004920815,0.00016976715,auto_accept,baseline_vaal
ISIC_0032652,bcc,bcc,0.00067215035,0.9995895,auto_accept,baseline_vaal
ISIC_0028448,bkl,bkl,0.021323405,9.245586e-05,auto_accept,baseline_vaal
ISIC_0029659,akiec,akiec,0.006699355,0.999987,auto_accept,baseline_vaal
ISIC_0033794,nv,nv,0.73611987,0.0037256535,auto_accept,baseline_vaal
ISIC_0033526,mel,mel,0.0008452084,0.99980813,escalate,baseline_vaal
ISIC_0028637,nv,mel,0.45480862,0.90929633,auto_accept,baseline_vaal
ISIC_0031398,nv,nv,7.928001e-05,8.349738e-08,auto_accept,baseline_vaal
ISIC_0025014,nv,nv,0.32017198,0.006255293,auto_accept,baseline_vaal
ISIC_0026730,nv,nv,0.37805638,0.0037762776,auto_accept,baseline_vaal
ISIC_0024974,nv,nv,6.425254e-05,5.313393e-08,escalate,baseline_vaal
ISIC_0032681,bkl,bkl,0.0031644567,0.0021953941,auto_accept,baseline_vaal
ISIC_0031648,vasc,vasc,0.0006955861,1.9546269e-05,escalate,baseline_vaal
ISIC_0033124,bkl,nv,0.6729953,8.0873485e-07,auto_accept,baseline_vaal
ISIC_0024749,nv,nv,0.07758018,0.003342513,auto_accept,baseline_vaal
ISIC_0025936,nv,nv,3.6610338e-06,2.0946755e-08,escalate,baseline_vaal
ISIC_0033004,mel,nv,0.02368562,0.0024947214,auto_accept,baseline_vaal
ISIC_0026391,nv,nv,0.1760578,0.0017736421,auto_accept,baseline_vaal
ISIC_0029583,nv,bkl,0.4065345,0.017426638,auto_accept,baseline_vaal
ISIC_0027181,nv,akiec,1.0849035,0.9676413,auto_accept,baseline_vaal
ISIC_0031370,nv,nv,0.00027946237,4.150642e-06,auto_accept,baseline_vaal
ISIC_0030678,nv,bkl,0.6116337,0.0007129833,auto_accept,baseline_vaal
ISIC_0027791,nv,mel,0.3344519,0.91785806,auto_accept,baseline_vaal
ISIC_0032413,nv,nv,1.36667195e-05,4.2918026e-07,auto_accept,baseline_vaal
ISIC_0032839,vasc,vasc,0.01145719,0.0016549834,auto_accept,baseline_vaal
ISIC_0031198,akiec,akiec,0.0396003,0.99968946,auto_accept,baseline_vaal
ISIC_0029632,mel,mel,0.14635058,0.9960542,auto_accept,baseline_vaal
ISIC_0030372,bkl,bcc,0.5176304,0.9381946,auto_accept,baseline_vaal
ISIC_0029043,akiec,bkl,0.4790991,0.09781794,auto_accept,baseline_vaal
ISIC_0026709,akiec,bkl,0.556959,0.074290276,auto_accept,baseline_vaal
ISIC_0032677,nv,nv,0.80725,0.29151726,auto_accept,baseline_vaal
ISIC_0028574,nv,nv,3.0766572e-07,2.9959293e-10,auto_accept,baseline_vaal
ISIC_0026991,nv,nv,0.40098977,0.18459886,auto_accept,baseline_vaal
ISIC_0030061,nv,nv,0.311024,0.0645267,auto_accept,baseline_vaal
ISIC_0030890,nv,nv,0.18570063,0.017800296,auto_accept,baseline_vaal
ISIC_0030589,nv,nv,0.2583265,0.0055854265,auto_accept,baseline_vaal
ISIC_0024573,bcc,bcc,0.00072375964,0.9999676,auto_accept,baseline_vaal
ISIC_0029681,nv,nv,0.00036252956,7.296401e-06,auto_accept,baseline_vaal
ISIC_0033247,nv,nv,0.004433274,8.208112e-07,escalate,baseline_vaal
ISIC_0025319,akiec,bcc,1.6458398,0.8633742,auto_accept,baseline_vaal
ISIC_0032485,nv,nv,2.1890353e-06,3.976844e-09,auto_accept,baseline_vaal
ISIC_0028203,nv,nv,0.03547685,7.134931e-05,auto_accept,baseline_vaal
ISIC_0030398,nv,nv,2.3056708e-05,4.0835197e-08,auto_accept,baseline_vaal
ISIC_0032991,bcc,df,1.3469386,0.954719,auto_accept,baseline_vaal
ISIC_0032416,nv,nv,0.0017913352,5.004254e-07,auto_accept,baseline_vaal
ISIC_0029254,nv,bkl,0.055578463,0.027909635,auto_accept,baseline_vaal
ISIC_0027834,nv,nv,0.042705186,1.2315287e-05,auto_accept,baseline_vaal
ISIC_0030126,nv,nv,0.40042302,0.028914964,auto_accept,baseline_vaal
ISIC_0025111,nv,bkl,1.2448945,0.027684314,auto_accept,baseline_vaal
ISIC_0030454,nv,nv,0.00046100884,1.4390105e-05,auto_accept,baseline_vaal
ISIC_0025151,nv,nv,8.935526e-05,1.3463224e-07,auto_accept,baseline_vaal
ISIC_0029820,bcc,bkl,0.0020631428,0.0018434742,auto_accept,baseline_vaal
ISIC_0027982,bkl,bkl,0.0022879723,0.00041080898,auto_accept,baseline_vaal
ISIC_0029169,nv,nv,0.5986861,0.010807666,escalate,baseline_vaal
ISIC_0025293,nv,nv,0.001441502,9.4868153e-07,auto_accept,baseline_vaal
ISIC_0028701,bkl,akiec,0.31350905,0.9369161,auto_accept,baseline_vaal
ISIC_0033504,bcc,bkl,0.46708173,0.3964578,auto_accept,baseline_vaal
ISIC_0030365,bkl,akiec,0.96964496,0.8000102,auto_accept,baseline_vaal
ISIC_0033889,nv,bkl,1.0869219,0.37797454,auto_accept,baseline_vaal
ISIC_0031594,nv,bkl,0.17168202,0.1132758,auto_accept,baseline_vaal
ISIC_0026018,bkl,bkl,0.0039960383,0.007879495,auto_accept,baseline_vaal
ISIC_0027850,bkl,bkl,1.0383426,0.102370545,auto_accept,baseline_vaal
ISIC_0027806,bkl,bkl,0.008362034,0.002838458,auto_accept,baseline_vaal
ISIC_0031994,nv,nv,3.1500018e-05,1.873781e-07,auto_accept,baseline_vaal
ISIC_0024311,nv,nv,0.02566339,0.0011309506,escalate,baseline_vaal
ISIC_0027908,nv,nv,1.5597432,0.5668864,auto_accept,baseline_vaal
ISIC_0024888,nv,nv,0.20121358,6.22497e-05,escalate,baseline_vaal
ISIC_0027222,nv,nv,0.4324015,0.02178859,auto_accept,baseline_vaal
ISIC_0030603,nv,bkl,0.026763568,0.021812579,auto_accept,baseline_vaal
ISIC_0026488,nv,bkl,0.016834708,0.010222396,auto_accept,baseline_vaal
ISIC_0025667,nv,nv,0.7299582,0.36612883,auto_accept,baseline_vaal
ISIC_0032683,nv,nv,0.016262498,0.0006851641,auto_accept,baseline_vaal
ISIC_0031206,nv,nv,0.06798101,0.0044203824,auto_accept,baseline_vaal
ISIC_0028665,nv,nv,0.038522165,1.1925933e-05,auto_accept,baseline_vaal
ISIC_0027261,mel,nv,1.3417829,0.51396114,escalate,baseline_vaal
ISIC_0024743,bcc,bcc,0.00091063103,0.99945086,auto_accept,baseline_vaal
ISIC_0026295,nv,nv,0.62804484,0.04389085,auto_accept,baseline_vaal
ISIC_0033513,nv,nv,0.2315778,0.0039642504,auto_accept,baseline_vaal
ISIC_0032440,nv,nv,0.0011461792,6.4482188e-06,auto_accept,baseline_vaal
ISIC_0026389,nv,nv,0.28107035,0.00010252535,auto_accept,baseline_vaal
ISIC_0030854,nv,nv,0.15286912,0.0029555385,auto_accept,baseline_vaal
ISIC_0026990,nv,nv,0.00033255562,2.7810913e-07,auto_accept,baseline_vaal
ISIC_0032186,nv,mel,0.2534938,0.9675644,auto_accept,baseline_vaal
ISIC_0028010,nv,mel,0.073879234,0.9620067,auto_accept,baseline_vaal
ISIC_0031295,mel,bcc,0.13055126,0.95814586,auto_accept,baseline_vaal
ISIC_0033589,nv,nv,0.27540535,0.04778304,auto_accept,baseline_vaal
ISIC_0034214,vasc,vasc,0.029510476,0.0018973228,auto_accept,baseline_vaal
ISIC_0033002,nv,nv,0.0047660368,0.00018793014,escalate,baseline_vaal
ISIC_0031431,akiec,akiec,0.048294704,0.9997671,auto_accept,baseline_vaal
ISIC_0028499,akiec,akiec,0.41880047,0.82053816,auto_accept,baseline_vaal
ISIC_0030443,mel,bkl,0.736872,0.8916304,auto_accept,baseline_vaal
ISIC_0032568,nv,nv,0.00011476158,5.511035e-07,auto_accept,baseline_vaal
ISIC_0026878,nv,nv,0.0049629346,2.9161121e-05,auto_accept,baseline_vaal
ISIC_0033934,nv,mel,0.37757584,0.98232573,auto_accept,baseline_vaal
ISIC_0031373,nv,nv,0.00094391196,6.1895673e-07,auto_accept,baseline_vaal
ISIC_0033909,nv,nv,0.014576114,3.8335933e-05,auto_accept,baseline_vaal
ISIC_0029917,bcc,bcc,0.0017671464,0.99923563,auto_accept,baseline_vaal
ISIC_0027501,nv,nv,0.048684157,6.5901404e-05,auto_accept,baseline_vaal
ISIC_0031582,nv,nv,0.0081726825,6.911872e-06,auto_accept,baseline_vaal
ISIC_0025439,mel,mel,0.7286147,0.92854446,escalate,baseline_vaal
ISIC_0033078,nv,nv,0.46993056,0.04272044,auto_accept,baseline_vaal
ISIC_0033542,nv,nv,9.8993705e-06,4.6498567e-08,auto_accept,baseline_vaal
ISIC_0030748,nv,nv,1.381551e-08,2.7328094e-13,auto_accept,baseline_vaal
ISIC_0033417,nv,nv,0.0024379927,4.9352468e-05,auto_accept,baseline_vaal
ISIC_0026162,nv,nv,0.0009614589,4.583245e-08,auto_accept,baseline_vaal
ISIC_0025324,mel,nv,0.0030253255,0.00011388062,auto_accept,baseline_vaal
ISIC_0031199,nv,nv,2.7814065e-07,9.655601e-11,auto_accept,baseline_vaal
ISIC_0026985,nv,nv,4.5490305e-07,1.8354593e-10,auto_accept,baseline_vaal
ISIC_0033453,bkl,bkl,6.303506e-05,1.6460757e-05,auto_accept,baseline_vaal
ISIC_0033871,mel,nv,3.442131e-06,1.5994221e-08,auto_accept,baseline_vaal
ISIC_0033567,nv,nv,0.19823441,0.031100595,auto_accept,baseline_vaal
ISIC_0033481,nv,nv,0.8064377,0.0761586,auto_accept,baseline_vaal
ISIC_0030405,nv,nv,2.8030578e-07,1.6654983e-11,auto_accept,baseline_vaal
ISIC_0029724,nv,bcc,1.5443958,0.9059257,auto_accept,baseline_vaal
ISIC_0027657,nv,nv,0.0050078584,3.5774754e-06,auto_accept,baseline_vaal
ISIC_0027518,nv,nv,0.0028536506,0.00010830455,auto_accept,baseline_vaal
ISIC_0026446,bkl,bkl,0.00056820584,1.5419098e-06,auto_accept,baseline_vaal
ISIC_0031013,mel,bkl,0.2011655,0.6847254,auto_accept,baseline_vaal
ISIC_0027263,mel,mel,1.2662644,0.54086405,auto_accept,baseline_vaal
ISIC_0034035,nv,nv,0.057463687,0.0028064556,auto_accept,baseline_vaal
ISIC_0025976,nv,nv,1.381551e-08,1.33706475e-17,auto_accept,baseline_vaal
ISIC_0024353,nv,nv,6.404675e-07,4.4030776e-11,auto_accept,baseline_vaal
ISIC_0028640,bkl,bkl,0.014789439,0.0037011215,escalate,baseline_vaal
ISIC_0032655,bkl,bkl,0.13986886,0.0020180224,auto_accept,baseline_vaal
ISIC_0032077,nv,nv,0.00025783942,7.595302e-09,auto_accept,baseline_vaal
ISIC_0028145,nv,nv,0.00781217,0.000597564,escalate,baseline_vaal
ISIC_0026899,nv,nv,0.00011652548,4.3773562e-07,auto_accept,baseline_vaal
ISIC_0032277,akiec,bkl,0.83217883,0.47236446,auto_accept,baseline_vaal
ISIC_0024852,nv,nv,8.591878e-06,3.8749524e-09,escalate,baseline_vaal
ISIC_0033816,nv,mel,0.65295684,0.51963866,auto_accept,baseline_vaal
ISIC_0033532,nv,nv,0.43646678,0.10665693,auto_accept,baseline_vaal
ISIC_0028514,nv,nv,5.478849e-05,1.01258514e-07,auto_accept,baseline_vaal
ISIC_0031323,nv,nv,0.010593857,0.00039178025,auto_accept,baseline_vaal
ISIC_0027826,bkl,bkl,0.41173032,0.0021692798,auto_accept,baseline_vaal
ISIC_0025240,nv,nv,0.01774077,3.856437e-05,auto_accept,baseline_vaal
ISIC_0025750,nv,nv,0.2841764,0.0015855094,auto_accept,baseline_vaal
ISIC_0028302,nv,nv,0.3388141,0.026631992,auto_accept,baseline_vaal
ISIC_0031246,nv,nv,2.6859183e-07,4.995104e-10,auto_accept,baseline_vaal
ISIC_0026900,nv,nv,1.9980841e-06,6.617441e-09,auto_accept,baseline_vaal
ISIC_0026395,bcc,mel,0.38954923,0.9552909,auto_accept,baseline_vaal
ISIC_0025104,nv,nv,1.2087063e-05,1.4098585e-10,auto_accept,baseline_vaal
ISIC_0027130,mel,mel,0.3864532,0.8067134,auto_accept,baseline_vaal
ISIC_0031020,nv,nv,0.021197286,4.862906e-06,auto_accept,baseline_vaal
ISIC_0026641,nv,nv,0.07572893,0.00861861,escalate,baseline_vaal
ISIC_0030017,nv,nv,0.001693749,2.637387e-06,auto_accept,baseline_vaal
ISIC_0032521,nv,nv,0.028075188,7.7469296e-05,escalate,baseline_vaal
ISIC_0026920,nv,nv,0.0024590245,1.5099437e-07,auto_accept,baseline_vaal
ISIC_0024685,nv,nv,0.00023115116,4.490948e-06,auto_accept,baseline_vaal
ISIC_0027312,nv,mel,1.4388727,0.7825909,auto_accept,baseline_vaal
ISIC_0025441,nv,nv,0.019319141,0.00089923094,auto_accept,baseline_vaal
ISIC_0032139,bcc,bcc,0.02002887,0.990704,auto_accept,baseline_vaal
ISIC_0029497,nv,nv,0.00689384,6.526747e-05,auto_accept,baseline_vaal
ISIC_0027309,nv,nv,3.0266244e-06,4.9421756e-10,auto_accept,baseline_vaal
ISIC_0031003,nv,nv,1.6307936e-08,7.276811e-13,auto_accept,baseline_vaal
ISIC_0028632,nv,akiec,0.17644879,0.9991541,auto_accept,baseline_vaal
ISIC_0027360,nv,bkl,0.6402151,0.3210752,auto_accept,baseline_vaal
ISIC_0032731,nv,nv,0.65961105,0.00033921414,auto_accept,baseline_vaal
ISIC_0025940,bcc,bcc,1.2404999,0.9947418,auto_accept,baseline_vaal
ISIC_0029902,nv,nv,0.032403693,0.00045057386,auto_accept,baseline_vaal
ISIC_0031300,nv,nv,0.002250896,1.0997241e-05,auto_accept,baseline_vaal
ISIC_0032282,nv,nv,0.0055952957,4.616022e-06,auto_accept,baseline_vaal
ISIC_0028096,nv,nv,0.0012200621,1.552797e-05,auto_accept,baseline_vaal
ISIC_0024676,bkl,bkl,0.0026780714,0.005015336,auto_accept,baseline_vaal
ISIC_0029471,nv,nv,2.1513083e-07,3.2982433e-11,auto_accept,baseline_vaal
ISIC_0026591,nv,nv,8.228478e-05,2.8299053e-07,auto_accept,baseline_vaal
ISIC_0030952,nv,nv,4.7908395e-07,8.587952e-11,auto_accept,baseline_vaal
ISIC_0032410,df,df,0.020486854,0.00021695945,escalate,baseline_vaal
ISIC_0029268,akiec,akiec,0.0005112395,0.9999708,auto_accept,baseline_vaal
ISIC_0033903,nv,nv,0.07684182,0.006463756,auto_accept,baseline_vaal
ISIC_0024403,bcc,bcc,0.038077608,0.9944916,escalate,baseline_vaal
ISIC_0026504,nv,nv,0.050305523,0.00021393853,escalate,baseline_vaal
ISIC_0028143,nv,nv,0.0010847115,3.3323302e-06,auto_accept,baseline_vaal
ISIC_0027280,nv,nv,0.00067008217,2.7291779e-05,auto_accept,baseline_vaal
ISIC_0031638,nv,nv,0.00014165015,1.895827e-07,auto_accept,baseline_vaal
ISIC_0030692,nv,nv,0.0010771289,2.7083996e-05,auto_accept,baseline_vaal
ISIC_0025899,nv,mel,0.69745815,0.5510078,auto_accept,baseline_vaal
ISIC_0027542,nv,nv,0.015800687,2.6949196e-05,auto_accept,baseline_vaal
ISIC_0025827,nv,nv,0.058019627,0.00077520416,auto_accept,baseline_vaal
ISIC_0033118,nv,nv,0.7451111,0.0029289578,auto_accept,baseline_vaal
ISIC_0025166,nv,nv,0.15333681,0.00021100252,auto_accept,baseline_vaal
ISIC_0033643,mel,mel,0.021991488,0.99612683,auto_accept,baseline_vaal
ISIC_0029756,nv,nv,0.0049023814,2.8997229e-05,auto_accept,baseline_vaal
ISIC_0026966,nv,nv,0.000113348666,5.451871e-08,escalate,baseline_vaal
ISIC_0031284,bcc,bcc,0.017746286,0.9987872,auto_accept,baseline_vaal
ISIC_0032375,nv,nv,0.21117023,0.01971721,auto_accept,baseline_vaal
ISIC_0029686,nv,nv,0.045018233,0.0032419143,auto_accept,baseline_vaal
ISIC_0032121,nv,nv,0.00094179384,1.0029062e-05,auto_accept,baseline_vaal
ISIC_0033712,nv,nv,0.8855892,0.1858572,auto_accept,baseline_vaal
ISIC_0026513,nv,nv,1.1738942,0.16891742,auto_accept,baseline_vaal
ISIC_0025095,nv,nv,0.32359505,0.0008237259,auto_accept,baseline_vaal
ISIC_0034172,mel,mel,0.029025314,0.9959518,auto_accept,baseline_vaal
ISIC_0024699,nv,nv,5.322908e-06,2.1580618e-08,auto_accept,baseline_vaal
ISIC_0033065,nv,nv,0.03454397,0.0005933382,auto_accept,baseline_vaal
ISIC_0024788,nv,nv,2.6966734e-06,4.124879e-10,auto_accept,baseline_vaal
ISIC_0031337,nv,bkl,0.68248415,0.00182846,auto_accept,baseline_vaal
ISIC_0033752,mel,bkl,0.3245836,0.128136,auto_accept,baseline_vaal
ISIC_0030165,mel,mel,0.053276718,0.98145753,auto_accept,baseline_vaal
ISIC_0033634,nv,bkl,0.14510402,0.00021790544,auto_accept,baseline_vaal
ISIC_0031478,nv,nv,0.1902872,0.00046032172,auto_accept,baseline_vaal
ISIC_0029147,bkl,bkl,0.047821295,0.0014151144,auto_accept,baseline_vaal
ISIC_0034100,mel,mel,0.20485592,0.9804134,auto_accept,baseline_vaal
ISIC_0030166,nv,nv,1.4347013e-07,7.282187e-12,auto_accept,baseline_vaal
ISIC_0034152,nv,bcc,0.08294983,0.94069433,auto_accept,baseline_vaal
ISIC_0028503,bkl,bkl,6.305698e-05,2.8383923e-07,auto_accept,baseline_vaal
ISIC_0025797,nv,nv,1.7094162e-05,1.8507309e-07,auto_accept,baseline_vaal
ISIC_0033826,nv,nv,0.0008016861,1.45801e-05,auto_accept,baseline_vaal
ISIC_0032912,nv,nv,0.21071489,0.027748236,auto_accept,baseline_vaal
ISIC_0029810,bkl,bkl,0.22247435,0.08937978,auto_accept,baseline_vaal
ISIC_0026703,nv,nv,1.6344412e-08,1.2710156e-12,auto_accept,baseline_vaal
ISIC_0034183,mel,mel,0.19505987,0.9416774,auto_accept,baseline_vaal
ISIC_0032893,nv,nv,7.4076095e-05,2.2837854e-07,auto_accept,baseline_vaal
ISIC_0029444,nv,nv,0.02721675,8.2720535e-06,auto_accept,baseline_vaal
ISIC_0029793,bkl,bkl,0.59789854,2.0747454e-07,auto_accept,baseline_vaal
ISIC_0025140,bkl,bkl,0.005175231,0.00028190023,auto_accept,baseline_vaal
ISIC_0029536,nv,nv,0.04465882,0.0007091363,auto_accept,baseline_vaal
ISIC_0032727,bcc,bcc,0.72336876,0.95174736,auto_accept,baseline_vaal
ISIC_0031372,df,df,0.48298618,0.00017887627,auto_accept,baseline_vaal
ISIC_0029341,bcc,bkl,0.60036296,0.060769875,auto_accept,baseline_vaal
ISIC_0033184,bkl,bkl,0.0037916924,7.0649253e-06,auto_accept,baseline_vaal
ISIC_0028251,nv,nv,0.0001064853,4.673472e-07,auto_accept,baseline_vaal
ISIC_0029644,bcc,bcc,0.1695784,0.95391256,auto_accept,baseline_vaal
ISIC_0027804,nv,nv,0.00015775418,1.4203872e-07,auto_accept,baseline_vaal
ISIC_0025909,nv,mel,0.8957483,0.51800644,auto_accept,baseline_vaal
ISIC_0031346,vasc,vasc,0.3859536,0.00027602105,auto_accept,baseline_vaal
ISIC_0031470,bcc,bcc,0.011430576,0.99907315,auto_accept,baseline_vaal
ISIC_0031351,bcc,bcc,0.011992475,0.9988175,auto_accept,baseline_vaal
ISIC_0030397,nv,nv,0.23167993,3.1723869e-06,auto_accept,baseline_vaal
ISIC_0033005,df,df,3.0642148e-06,9.991308e-08,auto_accept,baseline_vaal
ISIC_0029081,mel,mel,0.004171749,0.9991173,auto_accept,baseline_vaal
ISIC_0032075,nv,nv,0.6716099,2.4943705e-10,auto_accept,baseline_vaal
ISIC_0027524,nv,nv,4.5557367e-06,2.0369395e-08,auto_accept,baseline_vaal
ISIC_0029061,bkl,bkl,0.00085048884,0.00042658058,auto_accept,baseline_vaal
ISIC_0027251,nv,nv,0.01924135,3.3492925e-06,auto_accept,baseline_vaal
ISIC_0025098,nv,nv,0.015849534,7.952261e-06,auto_accept,baseline_vaal
ISIC_0032143,nv,nv,0.00016153554,1.9118568e-06,auto_accept,baseline_vaal
ISIC_0029151,nv,nv,2.0174824e-07,2.540502e-11,auto_accept,baseline_vaal
ISIC_0030173,bkl,bkl,0.0060312063,8.2281345e-05,auto_accept,baseline_vaal
ISIC_0029273,nv,nv,0.00096296694,2.7487495e-05,auto_accept,baseline_vaal
ISIC_0029225,nv,nv,0.00060361595,6.0055045e-06,auto_accept,baseline_vaal
ISIC_0027892,nv,nv,1.1268508,0.055406693,auto_accept,baseline_vaal
ISIC_0030980,nv,nv,0.109644294,1.1506479e-06,auto_accept,baseline_vaal
ISIC_0033365,nv,bkl,0.71298593,0.059726786,auto_accept,baseline_vaal
ISIC_0030741,nv,bkl,0.6192279,0.007834444,auto_accept,baseline_vaal
ISIC_0026927,akiec,bcc,0.30740705,0.9957152,auto_accept,baseline_vaal
ISIC_0027390,nv,nv,0.018934984,0.00024789496,auto_accept,baseline_vaal
ISIC_0025009,nv,nv,0.52742183,0.024042206,auto_accept,baseline_vaal
ISIC_0025625,nv,nv,0.11455514,0.0012284822,auto_accept,baseline_vaal
ISIC_0025559,nv,nv,0.781699,0.004862805,auto_accept,baseline_vaal
ISIC_0027616,mel,bcc,0.0012927738,0.99971503,escalate,baseline_vaal
ISIC_0033497,nv,nv,0.54442346,0.0043295156,escalate,baseline_vaal
ISIC_0031355,nv,nv,0.000116508876,9.200797e-07,auto_accept,baseline_vaal
ISIC_0024934,nv,nv,0.08370534,0.0034467163,auto_accept,baseline_vaal
ISIC_0027354,bkl,bkl,0.3441375,0.30240497,escalate,baseline_vaal
ISIC_0025423,nv,nv,0.00017164748,1.7200714e-08,auto_accept,baseline_vaal
ISIC_0032314,bcc,bcc,0.0041952794,0.9978123,auto_accept,baseline_vaal
ISIC_0025493,nv,nv,0.51950765,0.07026652,auto_accept,baseline_vaal
ISIC_0024614,nv,nv,2.6757114e-05,8.1212804e-08,escalate,baseline_vaal
ISIC_0029226,nv,nv,0.03046889,0.000266007,auto_accept,baseline_vaal
ISIC_0031080,nv,nv,0.14047635,0.0005259698,auto_accept,baseline_vaal
ISIC_0028132,akiec,bcc,0.047195453,0.9995845,auto_accept,baseline_vaal
ISIC_0024439,nv,nv,0.64809537,0.2725805,auto_accept,baseline_vaal
ISIC_0030725,nv,nv,7.576709e-07,4.9927323e-10,auto_accept,baseline_vaal
ISIC_0030737,bcc,bkl,1.1205723,0.06994653,auto_accept,baseline_vaal
ISIC_0030262,nv,nv,4.868552e-06,3.5762273e-09,auto_accept,baseline_vaal
ISIC_0028183,nv,nv,0.03396996,5.6371136e-05,auto_accept,baseline_vaal
ISIC_0034231,nv,nv,0.25423118,0.0014073545,auto_accept,baseline_vaal
ISIC_0027496,nv,nv,0.031272404,0.00027491216,auto_accept,baseline_vaal
ISIC_0027138,nv,nv,0.23086876,0.0006139015,auto_accept,baseline_vaal
ISIC_0026219,bkl,bkl,0.025186684,0.00027364734,auto_accept,baseline_vaal
ISIC_0032340,nv,nv,0.866176,0.27265227,auto_accept,baseline_vaal
ISIC_0032902,nv,nv,6.0150734e-05,1.1270663e-06,auto_accept,baseline_vaal
ISIC_0031545,mel,nv,0.011027892,7.617692e-06,auto_accept,baseline_vaal
ISIC_0025002,nv,nv,0.02348685,0.00016003317,auto_accept,baseline_vaal
ISIC_0026216,nv,mel,1.1074113,0.9262827,auto_accept,baseline_vaal
ISIC_0033586,mel,mel,0.1395389,0.9326004,auto_accept,baseline_vaal
ISIC_0025425,vasc,vasc,0.003051681,1.0047607e-07,auto_accept,baseline_vaal
ISIC_0030297,akiec,akiec,0.16780572,0.9564238,auto_accept,baseline_vaal
ISIC_0031135,nv,nv,1.6037731e-08,4.212057e-13,escalate,baseline_vaal
ISIC_0030363,nv,nv,0.0010920394,8.406726e-06,auto_accept,baseline_vaal
ISIC_0025079,nv,nv,0.0030031013,2.7918324e-07,auto_accept,baseline_vaal
ISIC_0030219,nv,nv,0.18354246,0.009174341,escalate,baseline_vaal
ISIC_0024708,bkl,mel,0.27702123,0.9381326,auto_accept,baseline_vaal
ISIC_0024905,nv,nv,0.44538987,1.2373441e-05,auto_accept,baseline_vaal
ISIC_0026594,nv,nv,0.04280962,0.00280251,auto_accept,baseline_vaal
ISIC_0033872,mel,mel,0.19121847,0.9747683,escalate,baseline_vaal
ISIC_0028824,nv,nv,0.0017598406,5.871151e-06,auto_accept,baseline_vaal
ISIC_0025730,nv,mel,0.8638559,0.9965347,auto_accept,baseline_vaal
ISIC_0025638,nv,nv,1.2428453,0.17490315,auto_accept,baseline_vaal
ISIC_0028602,nv,bkl,0.9855284,0.012313034,auto_accept,baseline_vaal
ISIC_0030530,nv,nv,7.081417e-06,9.749324e-09,auto_accept,baseline_vaal
ISIC_0025862,nv,nv,0.018572483,0.0009910619,auto_accept,baseline_vaal
ISIC_0025989,nv,bkl,1.2149388,0.23136997,auto_accept,baseline_vaal
ISIC_0026499,nv,nv,4.5426918e-07,3.1395556e-11,auto_accept,baseline_vaal
ISIC_0028686,nv,nv,0.3407025,8.00625e-05,auto_accept,baseline_vaal
ISIC_0025709,mel,akiec,0.6296012,0.9999876,auto_accept,baseline_vaal
ISIC_0033138,nv,nv,0.000114151095,8.4670525e-08,auto_accept,baseline_vaal
ISIC_0027198,nv,nv,1.381551e-08,1.383806e-13,auto_accept,baseline_vaal
ISIC_0030409,nv,nv,1.1903741e-06,9.793939e-10,auto_accept,baseline_vaal
ISIC_0025193,nv,nv,0.001867654,3.6686426e-06,auto_accept,baseline_vaal
ISIC_0026972,nv,nv,0.00055530225,4.3991224e-07,auto_accept,baseline_vaal
ISIC_0033527,nv,nv,0.37417787,0.031165913,auto_accept,baseline_vaal
ISIC_0024539,akiec,bkl,3.0134746e-05,5.1920368e-05,auto_accept,baseline_vaal
ISIC_0031702,bkl,bkl,0.3327983,0.020038918,auto_accept,baseline_vaal
ISIC_0025733,nv,nv,0.002882208,6.7939785e-05,auto_accept,baseline_vaal
ISIC_0033023,mel,mel,0.097688586,0.9929395,auto_accept,baseline_vaal
ISIC_0034244,nv,nv,0.23527618,0.0024940835,auto_accept,baseline_vaal
ISIC_0031492,nv,nv,0.00069855724,5.606943e-06,auto_accept,baseline_vaal
ISIC_0028631,nv,nv,0.35936132,0.008885663,escalate,baseline_vaal
ISIC_0031861,nv,nv,0.00014267139,1.1137836e-06,auto_accept,baseline_vaal
ISIC_0026299,nv,nv,0.002023763,1.1454437e-05,auto_accept,baseline_vaal
ISIC_0029861,nv,nv,0.0003344246,7.59451e-06,auto_accept,baseline_vaal
ISIC_0032002,nv,nv,0.0365844,3.7884053e-08,auto_accept,baseline_vaal
ISIC_0032156,bkl,bkl,0.11309979,0.039696913,auto_accept,baseline_vaal
ISIC_0033898,nv,nv,0.31063247,0.015677344,auto_accept,baseline_vaal
ISIC_0025927,mel,mel,0.03520626,0.99956256,escalate,baseline_vaal
ISIC_0024881,bkl,mel,1.1878698,0.9091572,auto_accept,baseline_vaal
ISIC_0025446,nv,nv,0.29616797,2.0226196e-07,auto_accept,baseline_vaal
ISIC_0029093,nv,nv,0.00075019174,1.2294776e-06,auto_accept,baseline_vaal
ISIC_0030272,bkl,bkl,0.13985474,4.0576806e-06,auto_accept,baseline_vaal
ISIC_0026414,nv,bkl,1.0762486,0.26307306,auto_accept,baseline_vaal
ISIC_0030082,nv,mel,0.48095995,0.831863,auto_accept,baseline_vaal
ISIC_0026448,nv,nv,0.00048804728,1.3047407e-05,auto_accept,baseline_vaal
ISIC_0026464,nv,nv,0.00017722145,1.2446414e-07,auto_accept,baseline_vaal
ISIC_0031213,nv,nv,3.6580754e-05,4.2623e-07,auto_accept,baseline_vaal
ISIC_0025994,nv,nv,0.316696,0.0014462143,auto_accept,baseline_vaal
ISIC_0034136,nv,nv,0.24377231,0.02940058,auto_accept,baseline_vaal
ISIC_0031425,nv,nv,4.3343618e-05,1.2643272e-07,auto_accept,baseline_vaal
ISIC_0024715,nv,nv,0.00016998427,2.4046067e-06,auto_accept,baseline_vaal
ISIC_0026796,mel,mel,0.38564023,0.9694123,auto_accept,baseline_vaal
ISIC_0031036,nv,nv,0.18275423,4.1653788e-05,auto_accept,baseline_vaal
ISIC_0029000,mel,nv,0.7540162,0.31668422,auto_accept,baseline_vaal
ISIC_0031362,bkl,bkl,0.0009099089,0.00038326601,auto_accept,baseline_vaal
ISIC_0024795,bcc,bcc,0.054191854,0.95743936,auto_accept,baseline_vaal
ISIC_0032974,nv,nv,0.33868802,0.009128518,auto_accept,baseline_vaal
ISIC_0031657,nv,nv,0.0058440827,0.00031342814,auto_accept,baseline_vaal
ISIC_0030792,nv,nv,0.29874122,0.0006482364,auto_accept,baseline_vaal
ISIC_0033273,nv,nv,0.081137516,0.0021929096,auto_accept,baseline_vaal
ISIC_0029518,bkl,bkl,0.5415124,0.95655787,auto_accept,baseline_vaal
ISIC_0028291,mel,mel,0.5609362,0.83461744,auto_accept,baseline_vaal
ISIC_0025367,nv,nv,0.5843524,1.3311656e-05,auto_accept,baseline_vaal
ISIC_0024716,nv,nv,0.040222585,0.004919055,auto_accept,baseline_vaal
ISIC_0025688,nv,nv,0.0855745,0.001200524,auto_accept,baseline_vaal
ISIC_0026102,nv,nv,0.0014596111,2.0877947e-05,auto_accept,baseline_vaal
ISIC_0032199,akiec,bkl,0.57107306,0.628208,auto_accept,baseline_vaal
ISIC_0029787,nv,nv,0.0009861198,3.5054784e-06,auto_accept,baseline_vaal
ISIC_0027332,bkl,nv,0.23315065,5.9627774e-07,auto_accept,baseline_vaal
ISIC_0028948,nv,nv,0.00031003787,1.534386e-06,auto_accept,baseline_vaal
ISIC_0028238,bcc,bcc,0.0014485761,0.9992353,auto_accept,baseline_vaal
ISIC_0029181,nv,nv,1.4662253e-05,1.4773113e-09,auto_accept,baseline_vaal
ISIC_0028272,nv,nv,0.043678492,0.0023738523,auto_accept,baseline_vaal
ISIC_0025957,akiec,akiec,0.0068172636,0.999918,auto_accept,baseline_vaal
ISIC_0029939,nv,nv,0.00041265268,9.644802e-06,auto_accept,baseline_vaal
ISIC_0030938,nv,nv,0.024066849,0.00014142416,auto_accept,baseline_vaal
ISIC_0034088,nv,nv,0.0045270547,2.463364e-05,auto_accept,baseline_vaal
ISIC_0030010,bcc,bcc,1.4510238e-05,0.9999956,auto_accept,baseline_vaal
ISIC_0034150,mel,mel,0.01646276,0.99972564,auto_accept,baseline_vaal
ISIC_0032919,vasc,vasc,5.328869e-05,1.9518497e-07,auto_accept,baseline_vaal
ISIC_0032343,bkl,bkl,0.03874922,0.0010561555,escalate,baseline_vaal
ISIC_0028355,nv,nv,0.65304023,7.4511696e-08,escalate,baseline_vaal
ISIC_0030268,nv,nv,0.019044045,0.0009219483,auto_accept,baseline_vaal
ISIC_0026663,bkl,bkl,0.0045732865,0.00021966729,auto_accept,baseline_vaal
ISIC_0031687,nv,nv,1.8688803e-08,3.497819e-12,auto_accept,baseline_vaal
ISIC_0030801,bkl,bkl,0.16604929,0.0001191652,auto_accept,baseline_vaal
ISIC_0026007,nv,nv,7.038938e-06,3.5789515e-08,auto_accept,baseline_vaal
ISIC_0027986,nv,nv,0.12132428,0.0027628674,auto_accept,baseline_vaal
ISIC_0028167,nv,bkl,0.8352863,0.016025119,auto_accept,baseline_vaal
ISIC_0034275,mel,mel,0.11940331,0.9426898,escalate,baseline_vaal
ISIC_0027677,bcc,bcc,0.9536725,0.92840767,auto_accept,baseline_vaal
ISIC_0032036,mel,mel,0.7602625,0.86845416,auto_accept,baseline_vaal
ISIC_0025245,nv,nv,0.23087849,0.07147287,auto_accept,baseline_vaal
ISIC_0032782,mel,mel,0.93151444,0.27546832,escalate,baseline_vaal
ISIC_0032916,nv,nv,1.9562676e-06,1.9954498e-09,auto_accept,baseline_vaal
ISIC_0026016,bkl,bkl,0.02494174,0.050745506,auto_accept,baseline_vaal
ISIC_0033153,nv,nv,0.056389425,0.0011783285,escalate,baseline_vaal
ISIC_0033776,bkl,bkl,0.01373491,3.5049514e-05,auto_accept,baseline_vaal
ISIC_0030507,mel,bkl,0.7984333,0.6982375,auto_accept,baseline_vaal
ISIC_0033306,bkl,mel,0.021981932,0.9990043,auto_accept,baseline_vaal
ISIC_0028625,nv,mel,0.14387502,0.9874802,auto_accept,baseline_vaal
ISIC_0027883,nv,mel,1.2426769,0.67930496,auto_accept,baseline_vaal
ISIC_0026896,nv,nv,0.0001806478,6.122482e-07,auto_accept,baseline_vaal
ISIC_0031907,nv,nv,0.0004880993,1.6788805e-08,auto_accept,baseline_vaal
ISIC_0032628,nv,nv,3.277995e-05,1.28358e-07,auto_accept,baseline_vaal
ISIC_0028561,nv,nv,1.381551e-08,2.348945e-14,auto_accept,baseline_vaal
ISIC_0025440,nv,nv,1.381551e-08,2.1151123e-14,auto_accept,baseline_vaal
ISIC_0033912,nv,nv,0.32291776,0.08686594,escalate,baseline_vaal
ISIC_0030266,nv,nv,0.31297684,0.0008323312,auto_accept,baseline_vaal
ISIC_0024796,nv,nv,0.00019666957,2.7582619e-06,auto_accept,baseline_vaal
ISIC_0024444,nv,nv,1.4996191e-06,3.4755223e-11,auto_accept,baseline_vaal
ISIC_0028162,nv,nv,0.0048794276,3.6098022e-08,auto_accept,baseline_vaal
ISIC_0030645,nv,mel,0.91040987,0.38396448,auto_accept,baseline_vaal
ISIC_0033042,mel,bkl,0.0018043851,0.00020362415,auto_accept,baseline_vaal
ISIC_0030312,nv,df,0.008940277,0.02126631,auto_accept,baseline_vaal
ISIC_0024828,nv,nv,0.013438207,1.3781111e-05,auto_accept,baseline_vaal
ISIC_0029361,nv,nv,0.8302441,0.034234826,auto_accept,baseline_vaal
ISIC_0032088,nv,nv,0.00047022797,3.5683032e-09,auto_accept,baseline_vaal
ISIC_0027551,nv,nv,1.6955166e-05,3.219934e-08,auto_accept,baseline_vaal
ISIC_0032983,bkl,bkl,0.3608707,0.00016381798,escalate,baseline_vaal
ISIC_0027345,nv,mel,1.0351195,0.59248,auto_accept,baseline_vaal
ISIC_0029463,nv,nv,0.0066265655,4.497724e-06,auto_accept,baseline_vaal
ISIC_0030273,nv,nv,1.0281934,0.120800935,auto_accept,baseline_vaal
ISIC_0030093,nv,bcc,0.87141985,0.98872304,auto_accept,baseline_vaal
ISIC_0027816,nv,nv,0.0020819395,6.2304584e-06,escalate,baseline_vaal
ISIC_0031184,nv,nv,0.00033946312,2.3778023e-07,auto_accept,baseline_vaal
ISIC_0027150,nv,nv,0.5833595,7.215605e-06,auto_accept,baseline_vaal
ISIC_0033714,nv,nv,0.009531204,0.000644506,auto_accept,baseline_vaal
ISIC_0031618,nv,nv,0.4064007,0.27265304,auto_accept,baseline_vaal
ISIC_0029549,akiec,bcc,1.1061811,0.46917588,auto_accept,baseline_vaal
ISIC_0032607,nv,nv,0.016412502,0.00059937726,auto_accept,baseline_vaal
ISIC_0024342,nv,nv,0.0026300838,2.4540344e-05,auto_accept,baseline_vaal
ISIC_0024784,nv,bkl,0.98635674,0.08483201,auto_accept,baseline_vaal
ISIC_0026715,nv,nv,0.0855616,3.9636207e-06,auto_accept,baseline_vaal
ISIC_0027778,nv,nv,6.504737e-07,3.5023023e-10,auto_accept,baseline_vaal
ISIC_0029958,mel,akiec,0.2759761,0.9196268,auto_accept,baseline_vaal
ISIC_0028530,nv,nv,1.381551e-08,1.1787926e-13,auto_accept,baseline_vaal
ISIC_0033891,df,df,1.5241591e-05,6.563105e-06,auto_accept,baseline_vaal
ISIC_0024735,nv,nv,4.4423027e-07,2.676045e-09,auto_accept,baseline_vaal
ISIC_0033275,mel,nv,0.21015559,0.022592422,auto_accept,baseline_vaal
ISIC_0032928,nv,nv,0.047588877,0.0011936642,auto_accept,baseline_vaal
ISIC_0028879,nv,nv,0.058326352,0.000170009,auto_accept,baseline_vaal
ISIC_0029272,mel,bkl,0.962183,0.15344252,auto_accept,baseline_vaal
ISIC_0026106,nv,nv,0.022579372,0.0013701068,auto_accept,baseline_vaal
ISIC_0030282,nv,nv,0.18042125,0.027685652,auto_accept,baseline_vaal
ISIC_0026969,nv,nv,2.2895347e-05,6.34188e-08,auto_accept,baseline_vaal
ISIC_0032200,bkl,bkl,0.8237501,0.011135441,auto_accept,baseline_vaal
ISIC_0029063,nv,nv,9.987855e-05,3.5747355e-08,auto_accept,baseline_vaal
ISIC_0028040,nv,nv,0.05843424,4.2477827e-06,auto_accept,baseline_vaal
ISIC_0033514,nv,bkl,0.7026046,0.022200044,auto_accept,baseline_vaal
ISIC_0033471,nv,mel,0.6791803,0.60929734,auto_accept,baseline_vaal
ISIC_0024926,nv,bkl,0.21859424,0.005257714,auto_accept,baseline_vaal
ISIC_0029240,nv,nv,2.9873478e-05,1.575924e-07,auto_accept,baseline_vaal
ISIC_0032921,mel,mel,0.42485845,0.9375796,auto_accept,baseline_vaal
ISIC_0029263,bcc,bcc,0.044996224,0.9981785,auto_accept,baseline_vaal
ISIC_0028816,akiec,akiec,0.011459467,0.99990225,auto_accept,baseline_vaal
ISIC_0030339,bcc,bcc,0.05437769,0.915401,auto_accept,baseline_vaal
ISIC_0025949,nv,nv,6.380168e-07,4.3742406e-11,auto_accept,baseline_vaal
ISIC_0027586,nv,nv,0.00028025397,1.2465182e-07,auto_accept,baseline_vaal
ISIC_0029805,bcc,bcc,0.00011048527,0.9999316,auto_accept,baseline_vaal
ISIC_0031730,nv,bkl,0.702941,0.00014380677,auto_accept,baseline_vaal
ISIC_0031866,nv,bkl,0.8086413,0.018642088,auto_accept,baseline_vaal
ISIC_0028809,nv,bkl,0.9154495,0.5246159,auto_accept,baseline_vaal
ISIC_0027846,bcc,bcc,0.0014093478,0.9996075,auto_accept,baseline_vaal
ISIC_0028021,nv,nv,0.15029596,0.0002098929,escalate,baseline_vaal
ISIC_0031179,nv,nv,0.00093531504,8.096231e-06,auto_accept,baseline_vaal
ISIC_0030666,nv,nv,0.08574293,0.0004947402,auto_accept,baseline_vaal
ISIC_0025059,nv,nv,0.00035832843,6.8506256e-06,auto_accept,baseline_vaal
ISIC_0031063,bcc,bcc,0.052784543,0.99277264,auto_accept,baseline_vaal
ISIC_0026132,akiec,bcc,0.9127767,0.9825304,auto_accept,baseline_vaal
ISIC_0033741,nv,nv,0.8035798,0.15196165,auto_accept,baseline_vaal
ISIC_0028408,nv,mel,0.93655384,0.96181136,auto_accept,baseline_vaal
ISIC_0028247,nv,nv,0.064411394,0.00023738254,auto_accept,baseline_vaal
ISIC_0027931,nv,nv,0.5288259,0.052126247,auto_accept,baseline_vaal
ISIC_0025671,nv,nv,0.22631,0.011179633,auto_accept,baseline_vaal
ISIC_0031894,nv,nv,0.014046028,6.0514765e-05,auto_accept,baseline_vaal
ISIC_0027647,nv,nv,8.546236e-06,4.7197403e-08,auto_accept,baseline_vaal
ISIC_0027014,nv,nv,0.12929858,0.029177578,auto_accept,baseline_vaal
ISIC_0028971,nv,bkl,0.11529059,0.00026665223,auto_accept,baseline_vaal
ISIC_0024706,vasc,vasc,1.950762e-07,1.3662783e-10,auto_accept,baseline_vaal
ISIC_0024762,nv,nv,0.15133268,0.00071328774,auto_accept,baseline_vaal
ISIC_0033238,mel,mel,0.6569083,0.8548551,auto_accept,baseline_vaal
ISIC_0031920,nv,nv,0.0016790994,7.608201e-07,auto_accept,baseline_vaal
ISIC_0032679,nv,nv,0.017675677,0.00076905446,auto_accept,baseline_vaal
ISIC_0024999,mel,mel,0.069007576,0.9996531,escalate,baseline_vaal
ISIC_0029974,bcc,bcc,0.0004759179,0.999964,auto_accept,baseline_vaal
ISIC_0033800,nv,nv,0.24009825,0.012485083,auto_accept,baseline_vaal
ISIC_0030715,nv,nv,0.060285944,0.00022342913,auto_accept,baseline_vaal
ISIC_0024381,bkl,bkl,0.014476091,0.083597645,escalate,baseline_vaal
ISIC_0031573,nv,nv,0.97980124,0.09094895,auto_accept,baseline_vaal
ISIC_0029026,nv,nv,0.6803252,0.0001519439,auto_accept,baseline_vaal
ISIC_0033440,mel,mel,0.001477334,0.99990916,escalate,baseline_vaal
ISIC_0029032,bkl,bkl,0.22508472,0.23908548,auto_accept,baseline_vaal
ISIC_0031992,nv,nv,2.114985e-05,2.4119325e-07,auto_accept,baseline_vaal
ISIC_0026556,bkl,bkl,0.059844162,0.0002558466,auto_accept,baseline_vaal
ISIC_0031409,nv,nv,0.01232634,0.00035661075,auto_accept,baseline_vaal
ISIC_0030658,nv,nv,2.1158987e-06,1.2609611e-08,auto_accept,baseline_vaal
ISIC_0028026,mel,mel,0.36653867,0.8791072,auto_accept,baseline_vaal
ISIC_0027799,nv,nv,6.0241405e-08,5.978878e-11,auto_accept,baseline_vaal
ISIC_0030105,bkl,bkl,0.10718664,0.0050648763,auto_accept,baseline_vaal
ISIC_0032227,nv,nv,0.9476896,0.27254903,escalate,baseline_vaal
ISIC_0032238,akiec,akiec,0.0020967827,0.99980026,auto_accept,baseline_vaal
ISIC_0029154,nv,nv,0.00040058733,3.5220048e-06,auto_accept,baseline_vaal
ISIC_0030311,nv,nv,1.4480624,0.6078783,auto_accept,baseline_vaal
ISIC_0028682,nv,nv,0.0007573996,5.714623e-07,auto_accept,baseline_vaal
ISIC_0029733,nv,bcc,0.14812094,0.7881621,auto_accept,baseline_vaal
ISIC_0024570,nv,nv,0.1518974,1.3398018e-05,auto_accept,baseline_vaal
ISIC_0033047,mel,mel,0.0020155986,0.999728,auto_accept,baseline_vaal
ISIC_0034077,nv,nv,4.88164e-05,1.0258465e-08,escalate,baseline_vaal
ISIC_0024678,nv,nv,5.872371e-05,9.180045e-10,auto_accept,baseline_vaal
ISIC_0026392,nv,nv,1.2503675e-06,9.355536e-10,auto_accept,baseline_vaal
ISIC_0034006,mel,mel,0.10554075,0.96077365,auto_accept,baseline_vaal
ISIC_0028707,bkl,akiec,0.13970146,0.9985215,auto_accept,baseline_vaal
ISIC_0028236,bkl,bkl,0.042802334,0.00023695089,auto_accept,baseline_vaal
ISIC_0027228,nv,nv,0.013886651,4.5669503e-06,auto_accept,baseline_vaal
ISIC_0024988,nv,nv,0.008012837,1.9258748e-07,auto_accept,baseline_vaal
ISIC_0025868,nv,nv,0.00018238736,6.6272696e-07,auto_accept,baseline_vaal
ISIC_0025468,nv,nv,0.09902913,0.0002111736,auto_accept,baseline_vaal
ISIC_0032159,bkl,bkl,0.031397544,0.05004537,auto_accept,baseline_vaal
ISIC_0026959,bkl,df,0.6820426,5.2879586e-06,auto_accept,baseline_vaal
ISIC_0027257,nv,bkl,0.05339337,0.0015703511,auto_accept,baseline_vaal
ISIC_0030848,nv,nv,0.028547786,0.00054912135,auto_accept,baseline_vaal
ISIC_0028224,akiec,akiec,0.029759927,0.999532,auto_accept,baseline_vaal
ISIC_0033753,nv,nv,0.12558706,0.00013300958,auto_accept,baseline_vaal
ISIC_0032450,mel,mel,0.004591937,0.999959,auto_accept,baseline_vaal
ISIC_0026199,nv,nv,0.00071604626,1.294939e-05,auto_accept,baseline_vaal
ISIC_0028405,nv,nv,0.011818224,6.297318e-07,auto_accept,baseline_vaal
ISIC_0027504,bkl,bcc,0.78493047,0.9713948,auto_accept,baseline_vaal
ISIC_0030212,nv,nv,0.0028312167,8.585426e-08,auto_accept,baseline_vaal
ISIC_0029402,nv,nv,0.084042124,3.514306e-05,auto_accept,baseline_vaal
ISIC_0025043,nv,nv,0.7485236,0.5529337,auto_accept,baseline_vaal
ISIC_0034208,mel,mel,0.013838055,0.99959236,auto_accept,baseline_vaal
ISIC_0033818,nv,nv,0.12753429,0.0048461817,auto_accept,baseline_vaal
ISIC_0032565,nv,mel,0.059297867,0.9902029,auto_accept,baseline_vaal
ISIC_0028149,nv,nv,0.007008093,0.00045751105,auto_accept,baseline_vaal
ISIC_0026871,bkl,akiec,0.02447565,0.9958841,auto_accept,baseline_vaal
ISIC_0029576,bkl,mel,0.21525599,0.98093754,auto_accept,baseline_vaal
ISIC_0033161,nv,nv,1.023257,0.23554043,auto_accept,baseline_vaal
ISIC_0027155,mel,mel,0.18343166,0.98025274,auto_accept,baseline_vaal
ISIC_0030971,nv,bkl,0.77460337,0.036823392,auto_accept,baseline_vaal
ISIC_0025118,nv,mel,0.42942366,0.7705698,auto_accept,baseline_vaal
ISIC_0026166,nv,bkl,1.3133318,0.19852503,auto_accept,baseline_vaal
ISIC_0034044,nv,nv,2.9566854e-05,1.5271713e-07,auto_accept,baseline_vaal
ISIC_0029769,nv,nv,1.3847346e-05,1.6742437e-08,auto_accept,baseline_vaal
ISIC_0033404,nv,nv,0.85518163,0.054303877,auto_accept,baseline_vaal
ISIC_0027084,akiec,bkl,0.008462817,0.002130791,auto_accept,baseline_vaal
ISIC_0030283,vasc,vasc,1.7870858e-05,1.31614e-09,auto_accept,baseline_vaal
ISIC_0028521,nv,nv,0.0008060662,1.771715e-06,auto_accept,baseline_vaal
ISIC_0027086,nv,bkl,0.5895388,1.6093682e-07,auto_accept,baseline_vaal
ISIC_0027896,akiec,akiec,0.01991307,0.9891188,auto_accept,baseline_vaal
ISIC_0029975,nv,nv,0.8134725,0.45688692,auto_accept,baseline_vaal
ISIC_0033866,akiec,bkl,0.07332179,0.050758295,auto_accept,baseline_vaal
ISIC_0034081,nv,nv,0.010545976,0.00022470736,auto_accept,baseline_vaal
ISIC_0026154,bcc,bcc,0.0020706863,0.999728,auto_accept,baseline_vaal
ISIC_0033583,bkl,bkl,0.33054674,0.0024630537,auto_accept,baseline_vaal
ISIC_0025362,bcc,bcc,0.0064703454,0.99896264,auto_accept,baseline_vaal
ISIC_0026198,nv,nv,0.17373051,1.0508777e-05,auto_accept,baseline_vaal
ISIC_0029255,nv,nv,7.698347e-06,2.3527276e-08,auto_accept,baseline_vaal
ISIC_0033632,nv,nv,0.43688568,0.0022269844,auto_accept,baseline_vaal
ISIC_0029625,nv,nv,0.24562417,0.0036904083,auto_accept,baseline_vaal
ISIC_0028864,nv,nv,0.010379037,6.531617e-05,auto_accept,baseline_vaal
ISIC_0025072,nv,nv,3.7807975e-05,4.192815e-07,auto_accept,baseline_vaal
ISIC_0027065,mel,mel,0.72533023,0.45747074,auto_accept,baseline_vaal
ISIC_0033671,nv,nv,0.65872824,0.037327077,auto_accept,baseline_vaal
ISIC_0026202,nv,nv,0.2156497,0.0006842538,auto_accept,baseline_vaal
ISIC_0031128,nv,nv,0.07090847,0.0056432565,auto_accept,baseline_vaal
ISIC_0032067,nv,nv,1.352388,0.16758204,auto_accept,baseline_vaal
ISIC_0026986,nv,nv,0.0005646927,1.0564943e-06,auto_accept,baseline_vaal
ISIC_0034287,mel,mel,0.0037395584,0.9996799,auto_accept,baseline_vaal
ISIC_0029649,nv,nv,1.706799e-06,2.4446525e-09,escalate,baseline_vaal
ISIC_0033841,nv,nv,0.0003321275,1.3814317e-06,auto_accept,baseline_vaal
ISIC_0030008,nv,bkl,0.86196405,0.48529315,auto_accept,baseline_vaal
ISIC_0034193,nv,nv,0.02730671,0.002351127,auto_accept,baseline_vaal
ISIC_0031053,nv,nv,0.0010053456,2.2357843e-05,auto_accept,baseline_vaal
ISIC_0025062,nv,nv,0.00019848048,2.054249e-06,auto_accept,baseline_vaal
ISIC_0025485,bkl,bkl,0.021963602,0.0027694874,auto_accept,baseline_vaal
ISIC_0026740,nv,nv,2.2453231e-07,1.1101617e-11,auto_accept,baseline_vaal
ISIC_0030978,nv,bkl,0.012027032,0.0052727433,auto_accept,baseline_vaal
ISIC_0029596,bkl,bkl,0.068724364,0.12342467,auto_accept,baseline_vaal
ISIC_0030263,nv,nv,0.007425547,5.057616e-07,auto_accept,baseline_vaal
ISIC_0032257,nv,nv,0.00011998856,7.477694e-08,auto_accept,baseline_vaal
ISIC_0029474,bkl,bkl,0.5165176,0.584387,escalate,baseline_vaal
ISIC_0028360,nv,nv,0.00062054466,1.40594575e-05,auto_accept,baseline_vaal
ISIC_0027966,bcc,bcc,0.7630207,0.17444548,auto_accept,baseline_vaal
ISIC_0030161,nv,nv,1.381551e-08,6.878115e-15,auto_accept,baseline_vaal
ISIC_0029329,bkl,bkl,0.023477415,6.00853e-07,auto_accept,baseline_vaal
ISIC_0033880,nv,nv,0.030906275,0.0005624257,auto_accept,baseline_vaal
ISIC_0027073,nv,bkl,0.0016048212,8.707226e-05,auto_accept,baseline_vaal
ISIC_0033918,nv,nv,0.5213494,4.5237975e-06,auto_accept,baseline_vaal
ISIC_0029317,nv,nv,4.030948e-06,4.945101e-09,auto_accept,baseline_vaal
ISIC_0029101,bkl,bkl,0.0066504385,7.94598e-05,escalate,baseline_vaal
ISIC_0033784,bkl,mel,1.3093954,0.58542955,auto_accept,baseline_vaal
ISIC_0029193,bcc,bkl,0.9839232,0.29234603,auto_accept,baseline_vaal
ISIC_0027596,nv,nv,0.14611244,3.073143e-05,auto_accept,baseline_vaal
ISIC_0024997,bkl,bkl,0.008730905,0.00012498687,auto_accept,baseline_vaal
ISIC_0032499,nv,nv,0.0005256777,2.7075446e-06,auto_accept,baseline_vaal
ISIC_0027750,nv,nv,4.8935763e-06,9.2477753e-10,auto_accept,baseline_vaal
ISIC_0029586,nv,nv,0.0018888544,3.0896544e-07,auto_accept,baseline_vaal
ISIC_0026471,df,df,0.09019938,0.0015082117,auto_accept,baseline_vaal
ISIC_0032175,nv,akiec,0.1767315,0.9973022,auto_accept,baseline_vaal
ISIC_0033352,nv,nv,0.0001320224,3.7335265e-06,auto_accept,baseline_vaal
ISIC_0027757,nv,nv,0.67618984,0.102084756,auto_accept,baseline_vaal
ISIC_0034318,bkl,bkl,0.4889787,2.6578857e-05,auto_accept,baseline_vaal
ISIC_0032266,nv,nv,0.0005090799,2.4719907e-06,escalate,baseline_vaal
ISIC_0027175,bcc,bcc,0.19016683,0.9421005,auto_accept,baseline_vaal
ISIC_0028565,mel,nv,0.1313335,0.010889161,auto_accept,baseline_vaal
ISIC_0029641,nv,nv,1.1252294,0.5660201,auto_accept,baseline_vaal
ISIC_0025881,nv,nv,0.03692359,3.179477e-06,auto_accept,baseline_vaal
ISIC_0029427,bkl,bkl,0.019115439,0.0006141224,escalate,baseline_vaal
ISIC_0030811,nv,nv,2.0982598e-06,1.5701403e-10,auto_accept,baseline_vaal
ISIC_0032494,nv,nv,0.016856475,0.00022674804,auto_accept,baseline_vaal
ISIC_0033931,mel,mel,0.01956044,0.9986707,auto_accept,baseline_vaal
ISIC_0032713,nv,bcc,1.0878717,0.8828038,auto_accept,baseline_vaal
ISIC_0029978,nv,bkl,0.005324495,0.000873763,auto_accept,baseline_vaal
ISIC_0029499,nv,nv,0.8682345,0.014391837,auto_accept,baseline_vaal
ISIC_0024576,nv,nv,0.000115774965,2.9839683e-07,auto_accept,baseline_vaal
ISIC_0030260,nv,bkl,0.27720055,0.046608556,auto_accept,baseline_vaal
ISIC_0025869,nv,nv,0.04843121,0.0015056753,auto_accept,baseline_vaal
ISIC_0024777,nv,nv,0.018988727,0.0004196819,escalate,baseline_vaal
ISIC_0033659,bkl,mel,0.51115865,0.9994836,auto_accept,baseline_vaal
ISIC_0029055,nv,nv,0.0038002867,2.2730328e-05,auto_accept,baseline_vaal
ISIC_0026727,nv,nv,5.0366334e-06,1.7046133e-08,auto_accept,baseline_vaal
ISIC_0028644,akiec,nv,0.9830219,0.6479391,auto_accept,baseline_vaal
ISIC_0034160,bcc,df,0.14324415,0.019590883,auto_accept,baseline_vaal
ISIC_0025251,nv,nv,0.026463695,4.191981e-05,auto_accept,baseline_vaal
ISIC_0024906,nv,bcc,0.8882655,0.24221782,auto_accept,baseline_vaal
ISIC_0026874,nv,bcc,0.06293767,0.98945194,auto_accept,baseline_vaal
ISIC_0024741,bkl,bkl,0.7087862,0.82742506,auto_accept,baseline_vaal
ISIC_0026576,bkl,bkl,0.00553741,0.00018294725,auto_accept,baseline_vaal
ISIC_0033398,nv,mel,0.723443,0.46199834,auto_accept,baseline_vaal
ISIC_0031494,mel,nv,0.09439908,0.0055342168,auto_accept,baseline_vaal
ISIC_0032533,mel,nv,0.027030922,0.0021045145,auto_accept,baseline_vaal
ISIC_0026865,bcc,bcc,0.0020161371,0.9995902,auto_accept,baseline_vaal
ISIC_0025664,nv,nv,0.0001869157,4.427566e-07,auto_accept,baseline_vaal
ISIC_0031746,mel,bkl,0.019453878,0.00148269,auto_accept,baseline_vaal
ISIC_0031396,bkl,nv,0.7585453,0.00041683327,auto_accept,baseline_vaal
ISIC_0033157,nv,nv,0.6865472,0.0020244506,auto_accept,baseline_vaal
ISIC_0030632,nv,nv,2.7346235e-07,1.2038424e-11,escalate,baseline_vaal
ISIC_0030810,nv,bkl,1.0273398,0.33685347,auto_accept,baseline_vaal
ISIC_0026084,nv,bcc,1.3031253,0.92403626,auto_accept,baseline_vaal
ISIC_0025563,nv,bcc,0.624254,0.86305463,auto_accept,baseline_vaal
ISIC_0033495,nv,mel,0.2366766,0.99062985,auto_accept,baseline_vaal
ISIC_0024672,bkl,mel,0.109400935,0.98963445,auto_accept,baseline_vaal
ISIC_0029899,bcc,bcc,4.355203e-06,0.9999993,auto_accept,baseline_vaal
ISIC_0029800,nv,nv,2.8298155e-05,9.060478e-08,auto_accept,baseline_vaal
ISIC_0031450,bcc,bkl,0.030105047,0.03872723,auto_accept,baseline_vaal
ISIC_0032184,nv,nv,0.033653717,0.0006434783,auto_accept,baseline_vaal
ISIC_0027572,nv,nv,0.05178906,0.0008883034,auto_accept,baseline_vaal
ISIC_0026932,nv,nv,0.3483535,0.001460103,auto_accept,baseline_vaal
ISIC_0029096,nv,nv,1.381551e-08,1.3745933e-21,auto_accept,baseline_vaal
ISIC_0032061,bcc,bcc,0.0057921717,0.9969116,auto_accept,baseline_vaal
ISIC_0031391,nv,nv,2.3096822e-05,2.775927e-07,auto_accept,baseline_vaal
ISIC_0026249,bkl,bkl,0.76178277,0.91228545,auto_accept,baseline_vaal
ISIC_0024900,mel,bkl,1.1537153,0.3308147,auto_accept,baseline_vaal
ISIC_0034007,bkl,bkl,0.016445158,0.0006881806,escalate,baseline_vaal
ISIC_0030089,mel,bcc,0.0826573,0.96437484,auto_accept,baseline_vaal
ISIC_0026300,nv,nv,0.00035840343,1.7873929e-06,auto_accept,baseline_vaal
ISIC_0026951,nv,nv,1.4567287e-08,1.537533e-12,auto_accept,baseline_vaal
ISIC_0024461,bcc,bcc,0.00016294295,0.9999815,auto_accept,baseline_vaal
ISIC_0033259,nv,nv,0.09874069,0.00070491305,auto_accept,baseline_vaal
ISIC_0028038,nv,nv,4.7339713e-06,4.3416326e-11,auto_accept,baseline_vaal
ISIC_0025820,nv,nv,9.180102e-05,1.2195234e-06,auto_accept,baseline_vaal
ISIC_0033653,mel,nv,9.254088e-05,2.1786036e-06,auto_accept,baseline_vaal
ISIC_0032887,mel,mel,0.0248207,0.9981981,auto_accept,baseline_vaal
ISIC_0025052,nv,nv,0.005878615,8.678577e-05,auto_accept,baseline_vaal
ISIC_0029734,nv,nv,3.6081834e-05,2.7198993e-08,auto_accept,baseline_vaal
ISIC_0029829,nv,nv,2.2677199e-05,1.0565407e-08,auto_accept,baseline_vaal
ISIC_0030616,mel,bkl,0.23726134,0.23179843,auto_accept,baseline_vaal
ISIC_0031824,bcc,bcc,0.06733139,0.9935847,auto_accept,baseline_vaal
ISIC_0029983,nv,mel,1.1413441,0.44014642,auto_accept,baseline_vaal
ISIC_0030659,bcc,bkl,0.63940084,0.4440065,auto_accept,baseline_vaal
ISIC_0025496,nv,nv,0.38108417,6.331246e-05,auto_accept,baseline_vaal
ISIC_0034068,mel,nv,0.7590876,0.005514867,auto_accept,baseline_vaal
ISIC_0026665,nv,df,0.3000166,0.0031433275,auto_accept,baseline_vaal
ISIC_0029906,nv,nv,0.0004587941,5.0961394e-06,auto_accept,baseline_vaal
ISIC_0031883,nv,nv,0.2713408,3.3693625e-05,auto_accept,baseline_vaal
ISIC_0024548,nv,nv,0.19105949,0.0004450954,auto_accept,baseline_vaal
ISIC_0024798,nv,nv,0.09436424,1.0424692e-05,auto_accept,baseline_vaal
ISIC_0028541,nv,nv,0.0005222622,3.4618042e-05,auto_accept,baseline_vaal
ISIC_0029832,nv,nv,0.0039866776,7.092885e-05,escalate,baseline_vaal
ISIC_0032920,nv,bkl,0.13674341,0.006573142,auto_accept,baseline_vaal
ISIC_0029340,bkl,bkl,0.0060930583,0.000121070756,auto_accept,baseline_vaal
ISIC_0031085,nv,bkl,0.048101112,0.036044642,auto_accept,baseline_vaal
ISIC_0025498,nv,nv,0.004691051,3.723074e-05,auto_accept,baseline_vaal
ISIC_0024690,nv,nv,0.0018450518,2.956312e-07,auto_accept,baseline_vaal
ISIC_0033853,bkl,bkl,0.0026337258,5.991437e-05,escalate,baseline_vaal
ISIC_0028544,nv,nv,0.19052844,0.0914867,auto_accept,baseline_vaal
ISIC_0026801,nv,nv,3.2186947e-06,1.108253e-08,auto_accept,baseline_vaal
ISIC_0029523,nv,nv,0.0050754044,6.217039e-06,auto_accept,baseline_vaal
ISIC_0031034,mel,mel,0.8129217,0.76471704,auto_accept,baseline_vaal
ISIC_0025943,nv,nv,0.006498978,1.6388572e-08,auto_accept,baseline_vaal
ISIC_0033623,nv,nv,0.48693264,0.10010848,auto_accept,baseline_vaal
ISIC_0033811,akiec,bkl,0.0001857823,0.00043646814,auto_accept,baseline_vaal
ISIC_0028873,nv,bkl,0.14557873,0.26100278,auto_accept,baseline_vaal
ISIC_0026165,nv,nv,1.3691955e-05,1.1773217e-08,auto_accept,baseline_vaal
ISIC_0026388,akiec,akiec,0.64456266,0.9884934,auto_accept,baseline_vaal
ISIC_0024883,bkl,nv,0.6437062,0.17294405,auto_accept,baseline_vaal
ISIC_0028935,nv,bkl,0.41477907,0.00017638686,auto_accept,baseline_vaal
ISIC_0025650,bcc,bcc,0.0008301935,0.9999716,auto_accept,baseline_vaal
ISIC_0025403,nv,bkl,0.8656925,0.034605328,auto_accept,baseline_vaal
ISIC_0025972,nv,nv,0.03629308,2.6300042e-05,auto_accept,baseline_vaal
ISIC_0030307,nv,nv,0.22243787,0.024121044,auto_accept,baseline_vaal
ISIC_0031988,nv,nv,0.054676987,0.0012073186,auto_accept,baseline_vaal
ISIC_0029022,bkl,bkl,0.00629655,0.0010446496,auto_accept,baseline_vaal
ISIC_0030626,nv,nv,0.6066645,0.20332702,auto_accept,baseline_vaal
ISIC_0026313,df,df,0.0043638702,0.000106952924,auto_accept,baseline_vaal
ISIC_0030594,bcc,bcc,4.9544233e-05,0.99998915,auto_accept,baseline_vaal
ISIC_0030379,nv,nv,3.4903415e-08,1.509524e-12,escalate,baseline_vaal
ISIC_0025878,nv,nv,0.00017474672,4.782905e-07,auto_accept,baseline_vaal
ISIC_0029870,nv,nv,0.00079047505,1.2110696e-06,auto_accept,baseline_vaal
ISIC_0026056,bcc,bkl,0.91703284,0.77945894,escalate,baseline_vaal
ISIC_0029008,nv,nv,0.4155151,0.0013536273,auto_accept,baseline_vaal
ISIC_0029705,mel,mel,1.1307263,0.9880036,auto_accept,baseline_vaal
ISIC_0028344,nv,nv,0.8160401,0.017578127,auto_accept,baseline_vaal
ISIC_0025838,bkl,bkl,0.00015673574,6.0436745e-05,auto_accept,baseline_vaal
ISIC_0027377,nv,nv,0.0014665514,1.6307198e-05,auto_accept,baseline_vaal
ISIC_0025190,nv,nv,1.381551e-08,5.3165293e-14,auto_accept,baseline_vaal
ISIC_0026309,nv,nv,0.000122251,2.4419936e-07,auto_accept,baseline_vaal
ISIC_0032825,nv,mel,0.008721255,0.99975413,auto_accept,baseline_vaal
ISIC_0030875,nv,nv,0.0017438873,2.2488382e-06,auto_accept,baseline_vaal
ISIC_0028831,nv,nv,0.3057687,0.033029784,auto_accept,baseline_vaal
ISIC_0025091,nv,nv,1.4608988e-06,5.7110574e-09,escalate,baseline_vaal
ISIC_0025817,nv,nv,0.79980856,0.5411551,auto_accept,baseline_vaal
ISIC_0033382,nv,nv,0.15040572,0.023780784,auto_accept,baseline_vaal
ISIC_0031596,nv,nv,0.6911886,0.016822273,auto_accept,baseline_vaal
ISIC_0033649,nv,nv,0.090336315,0.0057185385,auto_accept,baseline_vaal
ISIC_0033412,nv,nv,0.34920806,0.014767367,auto_accept,baseline_vaal
ISIC_0030598,nv,mel,1.1796163,0.746031,auto_accept,baseline_vaal
ISIC_0030649,bkl,bcc,0.49187583,0.7754684,auto_accept,baseline_vaal
ISIC_0026997,nv,nv,4.068914e-05,1.2120988e-07,auto_accept,baseline_vaal
ISIC_0032996,nv,nv,0.019822344,0.000512785,auto_accept,baseline_vaal
ISIC_0029133,akiec,mel,0.24950682,0.9902338,auto_accept,baseline_vaal
ISIC_0026110,nv,nv,8.718941e-08,4.088954e-11,auto_accept,baseline_vaal
ISIC_0029119,nv,nv,1.3722541,0.20409463,auto_accept,baseline_vaal
ISIC_0031833,nv,nv,0.005571996,9.697669e-06,auto_accept,baseline_vaal
ISIC_0025087,nv,nv,0.15768108,0.03853212,auto_accept,baseline_vaal
ISIC_0027407,mel,mel,0.18236715,0.9900069,auto_accept,baseline_vaal
ISIC_0027961,nv,bkl,0.51166904,7.3632186e-06,auto_accept,baseline_vaal
ISIC_0027192,bkl,akiec,1.096584,0.7163592,auto_accept,baseline_vaal
ISIC_0028087,mel,mel,0.71624,0.31479332,auto_accept,baseline_vaal
ISIC_0028802,nv,nv,9.3457245e-08,5.313081e-11,auto_accept,baseline_vaal
ISIC_0030103,nv,nv,0.0017444034,6.801109e-05,auto_accept,baseline_vaal
ISIC_0032513,bkl,bkl,0.8772567,0.16467702,auto_accept,baseline_vaal
ISIC_0026642,nv,nv,0.00011044223,1.4787943e-06,auto_accept,baseline_vaal
ISIC_0031279,nv,nv,7.8428184e-07,6.4756206e-10,auto_accept,baseline_vaal
ISIC_0026943,nv,nv,0.00065166154,9.384422e-07,auto_accept,baseline_vaal
ISIC_0027213,nv,nv,0.43339407,0.0073476,auto_accept,baseline_vaal
ISIC_0033939,nv,nv,0.08885845,1.4794523e-05,auto_accept,baseline_vaal
ISIC_0025469,nv,bcc,1.3228167,0.8963932,auto_accept,baseline_vaal
ISIC_0030416,nv,mel,0.93533546,0.50517136,auto_accept,baseline_vaal
ISIC_0026965,nv,nv,0.0049722744,0.000114282244,escalate,baseline_vaal
ISIC_0032934,nv,nv,0.0064268773,3.314288e-05,auto_accept,baseline_vaal
ISIC_0031688,nv,nv,0.0006196852,7.2371584e-08,auto_accept,baseline_vaal
ISIC_0030826,akiec,akiec,0.03491796,0.9999559,auto_accept,baseline_vaal
ISIC_0026992,akiec,akiec,0.0020303316,0.99998474,auto_accept,baseline_vaal
ISIC_0024517,akiec,bcc,0.065235615,0.96000147,auto_accept,baseline_vaal
ISIC_0031144,nv,bkl,0.15922584,3.5015418e-07,auto_accept,baseline_vaal
ISIC_0028115,nv,mel,0.94864976,0.40401378,auto_accept,baseline_vaal
ISIC_0032740,bkl,bkl,4.1784682e-05,7.8627134e-05,auto_accept,baseline_vaal
ISIC_0029605,nv,nv,7.5961234e-06,1.0457558e-09,auto_accept,baseline_vaal
ISIC_0024568,nv,nv,8.925519e-07,3.2548925e-10,auto_accept,baseline_vaal
ISIC_0024627,nv,nv,2.833765e-05,2.7894496e-08,auto_accept,baseline_vaal
ISIC_0032164,bcc,bcc,0.002092392,0.9998667,auto_accept,baseline_vaal
ISIC_0028963,nv,nv,1.0999682,0.13206482,auto_accept,baseline_vaal
ISIC_0029925,nv,nv,1.381551e-08,7.925596e-14,auto_accept,baseline_vaal
ISIC_0028558,akiec,akiec,0.015863286,0.9999819,auto_accept,baseline_vaal
ISIC_0025937,bkl,bkl,0.013844734,0.0014281851,auto_accept,baseline_vaal
ISIC_0031271,df,df,1.381551e-08,3.3957668e-09,auto_accept,baseline_vaal
ISIC_0031587,nv,nv,0.0053058686,0.00025020633,auto_accept,baseline_vaal
ISIC_0033423,nv,nv,0.41957703,0.026356248,auto_accept,baseline_vaal
ISIC_0028687,bcc,bcc,0.010682976,0.99859387,auto_accept,baseline_vaal
ISIC_0025928,bkl,akiec,0.20619605,0.9962022,auto_accept,baseline_vaal
ISIC_0027327,mel,mel,0.5882901,0.8043336,auto_accept,baseline_vaal
ISIC_0024786,bkl,bkl,0.00287239,0.00064245245,auto_accept,baseline_vaal
ISIC_0031698,bcc,nv,1.0845687,0.031397086,auto_accept,baseline_vaal
ISIC_0025339,bkl,bkl,0.38961157,0.18232048,auto_accept,baseline_vaal
ISIC_0028153,nv,mel,0.6221885,0.5766532,auto_accept,baseline_vaal
ISIC_0027920,bcc,bcc,0.00012569681,0.9999362,escalate,baseline_vaal
ISIC_0034126,bkl,bkl,1.655366e-05,2.296584e-07,auto_accept,baseline_vaal
ISIC_0028522,nv,nv,0.004342647,0.00015321402,escalate,baseline_vaal
ISIC_0030600,nv,nv,1.0879553e-05,7.781799e-09,auto_accept,baseline_vaal
ISIC_0025426,nv,nv,1.6882097e-05,1.8670699e-08,auto_accept,baseline_vaal
ISIC_0032026,nv,nv,5.7533307e-05,6.259351e-07,auto_accept,baseline_vaal
ISIC_0027763,nv,nv,0.72204626,0.0014810044,auto_accept,baseline_vaal
ISIC_0028478,nv,nv,0.60632783,0.01903345,auto_accept,baseline_vaal
ISIC_0027831,bkl,bkl,0.0022283918,0.00075124117,auto_accept,baseline_vaal
ISIC_0030764,nv,nv,5.3056636e-05,1.2264252e-07,auto_accept,baseline_vaal
ISIC_0028564,nv,nv,0.005925266,2.2557833e-05,auto_accept,baseline_vaal
ISIC_0025918,nv,bkl,0.3286049,0.11338741,auto_accept,baseline_vaal
ISIC_0028994,bcc,bcc,0.018882329,0.9995553,auto_accept,baseline_vaal
ISIC_0026006,nv,vasc,0.7850101,0.0026193897,auto_accept,baseline_vaal
ISIC_0034095,bcc,bcc,0.00050650176,0.9997999,auto_accept,baseline_vaal
ISIC_0025081,mel,vasc,0.5044948,9.4029965e-05,auto_accept,baseline_vaal
ISIC_0033637,nv,bkl,0.2235905,3.5169618e-05,auto_accept,baseline_vaal
ISIC_0030197,bcc,bcc,0.006357907,0.99915755,auto_accept,baseline_vaal
ISIC_0030526,bcc,bcc,0.30958244,0.99992836,auto_accept,baseline_vaal
ISIC_0029803,nv,nv,0.085521735,0.005667933,escalate,baseline_vaal
ISIC_0028335,akiec,bkl,0.07262867,0.042375907,auto_accept,baseline_vaal
ISIC_0029839,mel,nv,0.12803109,0.031535927,auto_accept,baseline_vaal
ISIC_0024643,bkl,bkl,0.597387,8.064604e-06,auto_accept,baseline_vaal
ISIC_0029960,nv,nv,1.2011179e-07,7.4642637e-10,auto_accept,baseline_vaal
ISIC_0031007,bcc,bcc,0.75634325,0.9999393,auto_accept,baseline_vaal
ISIC_0028913,bkl,bkl,0.0069646267,0.0013538167,auto_accept,baseline_vaal
ISIC_0033013,nv,nv,0.14671159,0.015959369,auto_accept,baseline_vaal
ISIC_0033207,nv,nv,0.01454852,0.00079915137,auto_accept,baseline_vaal
ISIC_0027552,mel,nv,0.4025023,0.010648054,escalate,baseline_vaal
ISIC_0027139,bkl,bkl,1.1528527,0.11009897,auto_accept,baseline_vaal
ISIC_0025938,nv,nv,0.021148203,0.00084179576,auto_accept,baseline_vaal
ISIC_0025661,bkl,bcc,0.81696165,0.96907926,auto_accept,baseline_vaal
ISIC_0030401,nv,nv,0.21489944,0.029645843,auto_accept,baseline_vaal
ISIC_0025932,bcc,bcc,0.00049050595,0.9999672,auto_accept,baseline_vaal
ISIC_0030921,nv,nv,0.0008956088,2.3510072e-05,auto_accept,baseline_vaal
ISIC_0026191,nv,nv,0.09988486,0.0006415466,auto_accept,baseline_vaal
ISIC_0031427,nv,nv,0.25136998,0.0017292638,auto_accept,baseline_vaal
ISIC_0025979,nv,nv,0.0017336212,1.891075e-05,auto_accept,baseline_vaal
ISIC_0028801,nv,nv,0.0019899423,9.2205516e-07,auto_accept,baseline_vaal
ISIC_0032662,mel,nv,0.07924879,0.0071835476,escalate,baseline_vaal
ISIC_0029183,nv,nv,0.5145694,0.04783947,auto_accept,baseline_vaal
ISIC_0029830,akiec,bcc,0.11340741,0.98900175,auto_accept,baseline_vaal
ISIC_0027094,bkl,bkl,0.014592239,0.0057445704,auto_accept,baseline_vaal
ISIC_0033342,nv,nv,0.06449322,0.0033931304,auto_accept,baseline_vaal
ISIC_0028244,nv,nv,0.01571746,0.0011204841,escalate,baseline_vaal
ISIC_0030133,akiec,akiec,0.0034693854,0.99997425,auto_accept,baseline_vaal
ISIC_0032770,nv,nv,0.12388069,0.0025691495,auto_accept,baseline_vaal
ISIC_0026977,nv,nv,0.002479901,4.865061e-05,escalate,baseline_vaal
ISIC_0032474,nv,nv,0.06520444,0.005273674,auto_accept,baseline_vaal
ISIC_0027123,nv,nv,0.006687206,2.8940061e-10,auto_accept,baseline_vaal
ISIC_0031615,nv,nv,0.07693468,6.9024254e-06,auto_accept,baseline_vaal
ISIC_0033959,nv,nv,0.83331466,0.16349924,auto_accept,baseline_vaal
ISIC_0031590,nv,nv,0.00057149795,3.1383715e-06,auto_accept,baseline_vaal
ISIC_0028983,nv,nv,0.26251224,0.0055631655,auto_accept,baseline_vaal
ISIC_0033865,bkl,bkl,0.29976705,0.097976476,auto_accept,baseline_vaal
ISIC_0026505,nv,nv,1.381551e-08,3.8981727e-15,auto_accept,baseline_vaal
ISIC_0027674,nv,nv,0.00017115002,9.640136e-07,auto_accept,baseline_vaal
ISIC_0033854,bkl,bkl,0.03265262,0.00026685136,auto_accept,baseline_vaal
ISIC_0029270,bkl,bkl,0.0006303419,9.18166e-05,auto_accept,baseline_vaal
ISIC_0029077,nv,nv,0.0082037,3.9679703e-06,auto_accept,baseline_vaal
ISIC_0032412,nv,bkl,0.94828403,0.08755927,auto_accept,baseline_vaal
ISIC_0028025,nv,nv,0.0054092556,3.058717e-05,auto_accept,baseline_vaal
ISIC_0034250,nv,nv,0.23093206,2.467711e-06,auto_accept,baseline_vaal
ISIC_0033117,mel,mel,0.009138278,0.99825627,auto_accept,baseline_vaal
ISIC_0033984,nv,mel,0.51218545,0.70858073,auto_accept,baseline_vaal
ISIC_0024565,nv,nv,2.8035438e-06,4.545026e-09,auto_accept,baseline_vaal
ISIC_0029307,nv,nv,0.028589534,1.3870323e-05,auto_accept,baseline_vaal
ISIC_0028742,nv,nv,0.0017793808,0.00010669774,auto_accept,baseline_vaal
ISIC_0030719,nv,nv,0.019049114,0.00069148187,auto_accept,baseline_vaal
ISIC_0025985,bkl,bcc,0.73267865,0.4045966,auto_accept,baseline_vaal
ISIC_0029481,nv,df,0.22013159,0.00018524713,auto_accept,baseline_vaal
ISIC_0033827,nv,nv,0.08496738,0.00923372,auto_accept,baseline_vaal
ISIC_0026160,nv,nv,6.315187e-06,4.598139e-08,auto_accept,baseline_vaal
ISIC_0027087,nv,nv,0.034128413,0.0016932373,auto_accept,baseline_vaal
ISIC_0028052,bkl,bkl,0.83964676,0.011766193,auto_accept,baseline_vaal
ISIC_0028353,nv,bkl,0.20447369,0.0009428342,auto_accept,baseline_vaal
ISIC_0029311,bkl,bkl,0.0065516625,0.011342251,auto_accept,baseline_vaal
ISIC_0034113,bkl,bkl,0.63478816,0.44205126,escalate,baseline_vaal
ISIC_0028395,nv,bkl,0.114014305,3.0693952e-06,auto_accept,baseline_vaal
ISIC_0032210,nv,nv,0.053754903,0.0001334989,auto_accept,baseline_vaal
ISIC_0026570,nv,nv,0.00019801667,1.9773274e-06,auto_accept,baseline_vaal
ISIC_0031094,nv,nv,0.043923274,0.0013017302,auto_accept,baseline_vaal
ISIC_0026735,mel,mel,0.08609669,0.9895614,auto_accept,baseline_vaal
ISIC_0029294,nv,nv,7.8439325e-06,2.2377376e-08,auto_accept,baseline_vaal
ISIC_0032795,nv,nv,0.017615648,0.00025852254,auto_accept,baseline_vaal
ISIC_0031313,nv,nv,0.014626263,4.07463e-05,auto_accept,baseline_vaal
ISIC_0025796,nv,nv,0.027845833,0.0016962417,auto_accept,baseline_vaal
ISIC_0029802,bkl,mel,1.1180562,0.99833953,auto_accept,baseline_vaal
ISIC_0028318,nv,nv,1.6952846e-08,9.363449e-13,auto_accept,baseline_vaal
ISIC_0026601,nv,df,0.88923675,0.13690674,auto_accept,baseline_vaal
ISIC_0029636,nv,nv,0.27380618,0.032616094,auto_accept,baseline_vaal
ISIC_0033248,bcc,bcc,1.9319026e-05,0.999997,escalate,baseline_vaal
ISIC_0024337,bkl,df,0.0021609566,2.1038265e-06,auto_accept,baseline_vaal
ISIC_0031670,mel,bkl,0.00024352188,5.8670316e-06,auto_accept,baseline_vaal
ISIC_0029410,nv,nv,2.1551316e-06,1.6818924e-09,auto_accept,baseline_vaal
ISIC_0025580,nv,nv,5.066439e-06,2.1367148e-08,auto_accept,baseline_vaal
ISIC_0030005,bkl,akiec,0.15575396,0.99397403,auto_accept,baseline_vaal
ISIC_0031771,nv,nv,0.003985545,6.549543e-05,auto_accept,baseline_vaal
ISIC_0028621,nv,bcc,1.4973648,0.4953211,auto_accept,baseline_vaal
ISIC_0028157,nv,nv,0.0015919814,2.525337e-06,auto_accept,baseline_vaal
ISIC_0025335,nv,nv,0.17008992,0.0011690964,auto_accept,baseline_vaal
ISIC_0032401,nv,nv,2.0469897e-05,2.8335974e-09,auto_accept,baseline_vaal
ISIC_0030253,nv,nv,0.6781782,0.030662965,auto_accept,baseline_vaal
ISIC_0032551,nv,nv,0.08127669,0.0005564494,auto_accept,baseline_vaal
ISIC_0029382,nv,bcc,0.35522297,0.99006736,auto_accept,baseline_vaal
ISIC_0032400,mel,mel,0.82351637,0.6091179,auto_accept,baseline_vaal
ISIC_0033120,mel,nv,0.5509145,0.0628328,auto_accept,baseline_vaal
ISIC_0025916,nv,nv,0.0015147931,4.0826935e-06,escalate,baseline_vaal
ISIC_0028598,nv,nv,1.3092291,0.6668707,auto_accept,baseline_vaal
ISIC_0025642,bkl,mel,0.30884707,0.90145385,auto_accept,baseline_vaal
ISIC_0025630,bcc,bcc,0.17475998,0.98361856,auto_accept,baseline_vaal
ISIC_0028677,bcc,nv,0.013582595,2.2527349e-05,auto_accept,baseline_vaal
ISIC_0027444,nv,nv,0.15018938,0.020064123,auto_accept,baseline_vaal
ISIC_0033907,nv,bkl,0.1264405,0.0044294484,auto_accept,baseline_vaal
ISIC_0028227,mel,bkl,0.94823736,0.7898638,auto_accept,baseline_vaal
ISIC_0032064,nv,nv,4.3158645e-05,4.7219192e-08,auto_accept,baseline_vaal
ISIC_0025399,nv,nv,0.0016744384,4.3307766e-05,auto_accept,baseline_vaal
ISIC_0031544,nv,nv,0.0019797815,5.675963e-06,auto_accept,baseline_vaal
ISIC_0027018,bkl,akiec,0.08651837,0.9955863,auto_accept,baseline_vaal
ISIC_0033830,nv,nv,0.00051521766,7.4453833e-06,auto_accept,baseline_vaal
ISIC_0027217,nv,nv,4.4418872e-08,8.151484e-11,auto_accept,baseline_vaal
ISIC_0024443,bcc,bcc,0.00026453743,0.99987876,auto_accept,baseline_vaal
ISIC_0031927,akiec,bkl,0.10389502,0.036372904,auto_accept,baseline_vaal
ISIC_0026860,nv,nv,0.010249799,5.0189603e-05,auto_accept,baseline_vaal
ISIC_0032439,bcc,bcc,0.014117029,0.9984382,auto_accept,baseline_vaal
ISIC_0027913,nv,nv,0.000101318314,6.423739e-07,auto_accept,baseline_vaal
ISIC_0032560,nv,nv,0.59111667,0.15812893,auto_accept,baseline_vaal
ISIC_0026612,nv,nv,0.0019330157,6.5890445e-06,auto_accept,baseline_vaal
ISIC_0027154,bkl,bkl,1.543532e-05,1.710635e-05,auto_accept,baseline_vaal
ISIC_0025747,nv,nv,0.03832853,5.9472302e-05,auto_accept,baseline_vaal
ISIC_0033227,nv,bkl,0.6542188,0.0010791174,auto_accept,baseline_vaal
ISIC_0024599,nv,akiec,0.49185148,0.616986,auto_accept,baseline_vaal
ISIC_0029197,nv,nv,0.11431904,0.0082198335,auto_accept,baseline_vaal
ISIC_0024472,bcc,bcc,0.00015327618,0.99995494,auto_accept,baseline_vaal
ISIC_0032558,nv,nv,0.36340177,0.050783973,auto_accept,baseline_vaal
ISIC_0025290,nv,nv,0.0004702553,6.547637e-07,auto_accept,baseline_vaal
ISIC_0034157,nv,nv,0.0012897273,4.450657e-06,auto_accept,baseline_vaal
ISIC_0028057,nv,nv,0.0013776084,3.940708e-06,auto_accept,baseline_vaal
ISIC_0024455,nv,nv,0.01005926,2.3271972e-05,auto_accept,baseline_vaal
ISIC_0032452,nv,nv,0.014991449,4.8559405e-06,auto_accept,baseline_vaal
ISIC_0033205,bcc,bcc,0.002224619,0.9996456,auto_accept,baseline_vaal
ISIC_0032327,nv,nv,0.66102093,0.001906757,auto_accept,baseline_vaal
ISIC_0027015,nv,nv,0.13896295,0.0032500485,auto_accept,baseline_vaal
ISIC_0028386,bkl,nv,0.69430864,1.1519826e-05,auto_accept,baseline_vaal
ISIC_0028092,nv,nv,0.27542883,0.02820198,auto_accept,baseline_vaal
ISIC_0026142,bkl,bkl,0.2143127,1.2689548e-05,auto_accept,baseline_vaal
ISIC_0034087,mel,nv,0.5388917,0.25319397,auto_accept,baseline_vaal
ISIC_0032750,mel,mel,0.12024614,0.9687583,auto_accept,baseline_vaal
ISIC_0026508,nv,nv,0.1096276,0.0014401032,auto_accept,baseline_vaal
ISIC_0033003,nv,nv,0.0040806443,1.9420755e-05,auto_accept,baseline_vaal
ISIC_0026296,mel,nv,0.030172003,3.565615e-07,auto_accept,baseline_vaal
ISIC_0027352,mel,mel,0.06525728,0.97989196,auto_accept,baseline_vaal
ISIC_0033006,nv,nv,3.119843e-05,2.3868742e-07,auto_accept,baseline_vaal
ISIC_0027039,nv,nv,0.0005084361,1.0441646e-05,auto_accept,baseline_vaal
ISIC_0031887,nv,nv,0.00878876,0.00010477311,auto_accept,baseline_vaal
ISIC_0026080,nv,df,0.18538053,0.0020013505,auto_accept,baseline_vaal
ISIC_0030908,nv,nv,7.734182e-07,5.902812e-11,auto_accept,baseline_vaal
ISIC_0025907,nv,nv,0.77227426,0.02097783,auto_accept,baseline_vaal
ISIC_0030988,bkl,bcc,1.2057784,0.9185261,auto_accept,baseline_vaal
ISIC_0029513,mel,bkl,0.5221189,0.14412569,auto_accept,baseline_vaal
ISIC_0030378,nv,nv,0.2659947,5.5857643e-05,auto_accept,baseline_vaal
ISIC_0025283,nv,nv,2.6747878e-07,7.261982e-11,auto_accept,baseline_vaal
ISIC_0027973,bkl,mel,0.4128207,0.8948268,auto_accept,baseline_vaal
ISIC_0032754,nv,nv,0.6702119,3.3469105e-06,auto_accept,baseline_vaal
ISIC_0028352,mel,bkl,0.859367,0.7236266,auto_accept,baseline_vaal
ISIC_0029072,nv,bcc,0.940454,0.9838072,escalate,baseline_vaal
ISIC_0026004,nv,nv,5.0720035e-05,5.5086602e-08,auto_accept,baseline_vaal
ISIC_0028774,bkl,akiec,0.0122184865,0.99996734,auto_accept,baseline_vaal
ISIC_0032478,nv,bkl,0.6052414,0.049915053,auto_accept,baseline_vaal
ISIC_0026577,nv,bkl,0.27050686,0.30735102,auto_accept,baseline_vaal
ISIC_0030544,nv,nv,0.011251155,3.4832376e-06,auto_accept,baseline_vaal
ISIC_0031139,nv,nv,0.004180844,9.314749e-07,auto_accept,baseline_vaal
ISIC_0027758,nv,nv,0.00034106508,3.2204383e-07,auto_accept,baseline_vaal
ISIC_0029346,nv,bkl,0.38523522,3.4254834e-05,auto_accept,baseline_vaal
ISIC_0024733,mel,mel,0.14883046,0.9983822,auto_accept,baseline_vaal
ISIC_0034269,mel,mel,0.075320475,0.9898212,auto_accept,baseline_vaal
ISIC_0031188,nv,nv,1.548028e-05,4.3341018e-08,auto_accept,baseline_vaal
ISIC_0030676,nv,bcc,0.21780643,0.79425603,auto_accept,baseline_vaal
ISIC_0033408,nv,nv,5.2750846e-07,7.4584855e-10,auto_accept,baseline_vaal
ISIC_0029300,nv,nv,0.29619718,0.015858214,auto_accept,baseline_vaal
ISIC_0033008,nv,nv,0.11106529,0.0065502585,auto_accept,baseline_vaal
ISIC_0033622,nv,nv,0.5881487,0.09372785,auto_accept,baseline_vaal
ISIC_0029332,nv,mel,0.049961958,0.99698323,auto_accept,baseline_vaal
ISIC_0030317,nv,nv,4.308674e-08,4.5714606e-11,auto_accept,baseline_vaal
ISIC_0033283,nv,nv,0.17403963,0.006633624,escalate,baseline_vaal
ISIC_0026510,nv,nv,0.00041745394,1.3522236e-07,auto_accept,baseline_vaal
ISIC_0031536,nv,nv,0.027496602,2.5006144e-05,auto_accept,baseline_vaal
ISIC_0025767,bkl,bkl,0.021796683,6.184232e-05,auto_accept,baseline_vaal
ISIC_0032826,bkl,bkl,0.015177248,5.1377006e-05,auto_accept,baseline_vaal
ISIC_0030968,nv,bkl,0.08165118,0.0015710966,auto_accept,baseline_vaal
ISIC_0025064,bkl,bcc,1.0219396,0.9212457,auto_accept,baseline_vaal
ISIC_0031832,nv,bkl,0.6361864,0.31017274,auto_accept,baseline_vaal
ISIC_0026408,nv,nv,4.961772e-05,2.381992e-07,auto_accept,baseline_vaal
ISIC_0031592,nv,nv,0.09797464,2.966082e-08,auto_accept,baseline_vaal
ISIC_0032918,mel,mel,0.10986052,0.990103,auto_accept,baseline_vaal
ISIC_0028205,nv,nv,0.17214693,0.0019708027,auto_accept,baseline_vaal
ISIC_0031519,bkl,bkl,0.19741526,0.15174645,auto_accept,baseline_vaal
ISIC_0028860,mel,akiec,1.1042441,0.7431326,escalate,baseline_vaal
ISIC_0024850,bkl,bkl,0.68132246,7.52081e-05,auto_accept,baseline_vaal
ISIC_0029926,nv,nv,0.6736123,1.5687423e-05,auto_accept,baseline_vaal
ISIC_0028991,nv,nv,4.4539274e-06,6.8948314e-09,auto_accept,baseline_vaal
ISIC_0025673,nv,nv,0.19242369,0.0001021172,auto_accept,baseline_vaal
ISIC_0030199,nv,nv,2.9016198e-07,5.8812266e-10,auto_accept,baseline_vaal
ISIC_0028955,nv,nv,0.00035876184,4.0386757e-07,auto_accept,baseline_vaal
ISIC_0029146,mel,mel,0.70851713,0.9994361,auto_accept,baseline_vaal
ISIC_0024799,bcc,bcc,0.006490519,0.9993487,auto_accept,baseline_vaal
ISIC_0028422,nv,nv,9.2564186e-08,1.8610169e-10,auto_accept,baseline_vaal
ISIC_0028921,nv,nv,1.20016375e-05,2.2407018e-08,auto_accept,baseline_vaal
ISIC_0030128,nv,nv,5.4646e-06,2.6737911e-08,auto_accept,baseline_vaal
ISIC_0024985,nv,nv,0.002391,5.4945226e-06,auto_accept,baseline_vaal
ISIC_0026496,bcc,bcc,0.0012347215,0.999019,auto_accept,baseline_vaal
ISIC_0026196,nv,nv,6.332264e-08,5.7777543e-11,auto_accept,baseline_vaal
ISIC_0025902,nv,nv,0.06939911,0.006576238,auto_accept,baseline_vaal
ISIC_0026224,nv,nv,0.0001183991,6.650569e-07,auto_accept,baseline_vaal
ISIC_0030602,akiec,bkl,1.2078247,0.1259978,auto_accept,baseline_vaal
ISIC_0031562,nv,nv,0.00030755458,1.998294e-06,auto_accept,baseline_vaal
ISIC_0032446,nv,nv,3.563796e-05,1.2953059e-08,auto_accept,baseline_vaal
ISIC_0034099,nv,nv,0.1923656,0.005250457,auto_accept,baseline_vaal
ISIC_0026029,nv,bkl,0.7199875,0.0007259436,auto_accept,baseline_vaal
ISIC_0031998,nv,nv,0.0013921923,1.3039719e-05,auto_accept,baseline_vaal
ISIC_0033125,mel,mel,0.29878545,0.95798916,auto_accept,baseline_vaal
ISIC_0025602,nv,nv,0.041483168,0.0012007384,auto_accept,baseline_vaal
ISIC_0024829,bcc,bcc,0.039506815,0.9885781,auto_accept,baseline_vaal
ISIC_0029084,nv,nv,3.139889e-05,1.1820738e-08,auto_accept,baseline_vaal
ISIC_0032445,bkl,bkl,0.013996347,0.035078667,auto_accept,baseline_vaal
ISIC_0031220,nv,nv,0.22730628,0.00045012502,auto_accept,baseline_vaal
ISIC_0031278,nv,nv,0.1839548,0.031244265,escalate,baseline_vaal
ISIC_0027972,nv,nv,0.17719088,2.0402685e-07,auto_accept,baseline_vaal
ISIC_0024326,nv,nv,2.7605731e-06,7.807962e-10,auto_accept,baseline_vaal
ISIC_0030760,mel,nv,0.043671217,0.0038162444,auto_accept,baseline_vaal
ISIC_0027554,nv,nv,0.1479594,4.1021526e-06,auto_accept,baseline_vaal
ISIC_0032150,nv,nv,0.014027377,4.220022e-05,auto_accept,baseline_vaal
ISIC_0025199,bkl,bkl,0.41792208,0.0006141581,auto_accept,baseline_vaal
ISIC_0031750,nv,nv,0.096366785,0.00054978364,auto_accept,baseline_vaal
ISIC_0028357,nv,nv,0.3085086,0.0010742975,auto_accept,baseline_vaal
ISIC_0032927,mel,mel,0.07071962,0.97933507,auto_accept,baseline_vaal
ISIC_0031032,nv,nv,0.09998102,0.010078253,auto_accept,baseline_vaal
ISIC_0032619,nv,bkl,0.09507585,0.0006189989,auto_accept,baseline_vaal
ISIC_0029776,bkl,bkl,2.662879e-05,8.878981e-06,auto_accept,baseline_vaal
ISIC_0031807,nv,nv,7.7375196e-05,2.5697124e-08,auto_accept,baseline_vaal
ISIC_0025329,nv,nv,1.126752,0.09738257,auto_accept,baseline_vaal
ISIC_0024772,bkl,mel,0.012295584,0.999577,auto_accept,baseline_vaal
ISIC_0026747,nv,nv,0.0019802745,2.3406883e-06,auto_accept,baseline_vaal
ISIC_0029218,nv,nv,0.2738858,0.008592047,auto_accept,baseline_vaal
ISIC_0033603,mel,nv,0.51257443,0.0012527652,auto_accept,baseline_vaal
ISIC_0025598,nv,bkl,0.1456321,0.03594079,auto_accept,baseline_vaal
ISIC_0033556,nv,bkl,0.137983,2.0140043e-05,auto_accept,baseline_vaal
ISIC_0026481,bkl,nv,0.2585675,0.00044861378,auto_accept,baseline_vaal
ISIC_0024336,bkl,bkl,0.020465134,0.0030643577,auto_accept,baseline_vaal
ISIC_0025527,nv,nv,0.002296293,1.7644643e-05,auto_accept,baseline_vaal
ISIC_0025854,nv,nv,5.8485902e-08,4.6351833e-12,auto_accept,baseline_vaal
ISIC_0033180,mel,nv,0.71017194,0.00573401,auto_accept,baseline_vaal
ISIC_0029163,mel,bkl,4.7627087e-05,0.00016508371,auto_accept,baseline_vaal
ISIC_0031291,nv,nv,0.00013407411,2.9543614e-07,auto_accept,baseline_vaal
ISIC_0028233,bkl,nv,0.027501587,5.8371035e-05,auto_accept,baseline_vaal
ISIC_0029113,bkl,bkl,0.017420905,3.4698846e-08,auto_accept,baseline_vaal
ISIC_0032126,nv,akiec,0.36963823,0.72514576,auto_accept,baseline_vaal
ISIC_0033190,nv,nv,0.034284305,1.1721317e-05,escalate,baseline_vaal
ISIC_0031522,bkl,bkl,0.0019151622,1.5725507e-06,auto_accept,baseline_vaal
ISIC_0029010,bkl,bkl,0.47815365,0.22910006,auto_accept,baseline_vaal
ISIC_0031978,nv,nv,0.0030982655,4.0540064e-05,auto_accept,baseline_vaal
ISIC_0028759,nv,mel,0.055479933,0.99394625,auto_accept,baseline_vaal
ISIC_0032183,nv,nv,1.786918e-07,6.271059e-11,auto_accept,baseline_vaal
ISIC_0034062,mel,bkl,0.014096914,0.0005715589,auto_accept,baseline_vaal
ISIC_0025691,bcc,nv,0.58245635,0.015249016,auto_accept,baseline_vaal
ISIC_0033697,nv,nv,0.2796141,0.017302422,auto_accept,baseline_vaal
ISIC_0024633,nv,nv,1.2547996e-06,3.007295e-09,auto_accept,baseline_vaal
ISIC_0027713,bkl,bkl,0.12861124,0.0032654016,auto_accept,baseline_vaal
ISIC_0032657,nv,mel,0.01635775,0.9976265,auto_accept,baseline_vaal
ISIC_0029548,bkl,bkl,5.2781605e-05,1.7930262e-05,auto_accept,baseline_vaal
ISIC_0028814,bcc,bcc,0.020713998,0.9997185,auto_accept,baseline_vaal
ISIC_0030030,nv,nv,0.0069713932,0.0002512426,auto_accept,baseline_vaal
ISIC_0025152,nv,nv,0.67055994,1.9379106e-06,auto_accept,baseline_vaal
ISIC_0025413,mel,mel,1.0088704,0.9901558,auto_accept,baseline_vaal
ISIC_0024641,nv,nv,1.8548228e-05,4.6063995e-08,escalate,baseline_vaal
ISIC_0025330,bkl,bkl,0.00017203685,4.4440403e-06,auto_accept,baseline_vaal
ISIC_0032973,nv,nv,0.3985975,0.051713403,auto_accept,baseline_vaal
ISIC_0034045,nv,bcc,0.761495,0.13427679,auto_accept,baseline_vaal
ISIC_0026406,nv,nv,1.1233907,0.0412187,auto_accept,baseline_vaal
ISIC_0025138,nv,nv,0.00082507986,1.6191761e-06,auto_accept,baseline_vaal
ISIC_0028532,nv,nv,0.013675328,0.00038976714,auto_accept,baseline_vaal
ISIC_0026640,nv,nv,0.016269447,8.919181e-06,auto_accept,baseline_vaal
ISIC_0025703,bkl,mel,0.2670702,0.967862,auto_accept,baseline_vaal
ISIC_0024338,bkl,bkl,0.18104431,0.03343398,auto_accept,baseline_vaal
ISIC_0028735,df,df,0.2680903,0.0033652834,auto_accept,baseline_vaal
ISIC_0028930,mel,mel,0.725261,0.95222783,auto_accept,baseline_vaal
ISIC_0028650,bkl,mel,0.14570299,0.97611016,auto_accept,baseline_vaal
ISIC_0029020,bcc,bcc,0.00838381,0.99914885,auto_accept,baseline_vaal
ISIC_0030739,nv,nv,0.08543267,0.0017312369,auto_accept,baseline_vaal
ISIC_0024580,nv,nv,0.0005129477,2.6836296e-06,auto_accept,baseline_vaal
ISIC_0029505,bkl,bkl,0.0010461758,5.316847e-06,auto_accept,baseline_vaal
ISIC_0028461,nv,mel,0.50084853,0.8387638,auto_accept,baseline_vaal
ISIC_0026784,nv,nv,0.20965049,0.026122738,escalate,baseline_vaal
ISIC_0030925,mel,bkl,0.4914774,0.7509362,auto_accept,baseline_vaal
ISIC_0025272,nv,nv,5.1335455e-06,6.2787103e-10,auto_accept,baseline_vaal
ISIC_0025591,nv,nv,0.034017462,5.1803057e-05,auto_accept,baseline_vaal
ISIC_0033334,nv,nv,0.43233657,2.6305937e-05,auto_accept,baseline_vaal
ISIC_0025374,bkl,bkl,0.0035016565,0.00030593725,auto_accept,baseline_vaal
ISIC_0030897,nv,nv,0.2123253,0.0011306601,auto_accept,baseline_vaal
ISIC_0033489,nv,mel,0.6928417,0.47253317,escalate,baseline_vaal
ISIC_0025751,mel,mel,0.009551895,0.99801326,auto_accept,baseline_vaal
ISIC_0026544,nv,bkl,0.009047265,3.038656e-05,auto_accept,baseline_vaal
ISIC_0034027,nv,bkl,0.048461612,0.011555307,auto_accept,baseline_vaal
ISIC_0032498,bkl,bkl,5.9816957e-05,0.00014895448,auto_accept,baseline_vaal
ISIC_0032320,nv,nv,0.6696584,0.015811015,auto_accept,baseline_vaal
ISIC_0031508,nv,nv,8.7269974e-08,1.6649815e-10,escalate,baseline_vaal
ISIC_0032633,nv,nv,0.38084188,0.0502189,auto_accept,baseline_vaal
ISIC_0032799,bcc,mel,0.23928417,0.9889038,auto_accept,baseline_vaal
ISIC_0025895,nv,nv,1.939267e-06,1.3355359e-09,escalate,baseline_vaal
ISIC_0024977,nv,nv,6.6499204e-05,8.298137e-07,auto_accept,baseline_vaal
ISIC_0024923,akiec,akiec,1.0095565,0.9070246,auto_accept,baseline_vaal
ISIC_0030776,nv,nv,8.078116e-06,4.459705e-08,auto_accept,baseline_vaal
ISIC_0026558,mel,nv,0.51040375,0.09100411,auto_accept,baseline_vaal
ISIC_0029559,bkl,bkl,0.011590645,4.550408e-06,auto_accept,baseline_vaal
ISIC_0031767,nv,nv,2.4343103e-07,4.240624e-10,auto_accept,baseline_vaal
ISIC_0032128,bkl,bkl,0.0016089883,0.00021847503,auto_accept,baseline_vaal
ISIC_0031234,nv,nv,0.00024064252,1.143282e-06,auto_accept,baseline_vaal
ISIC_0025158,nv,nv,0.24533053,0.03898884,auto_accept,baseline_vaal
ISIC_0026658,nv,nv,0.38576648,0.0007996237,auto_accept,baseline_vaal
ISIC_0025779,nv,nv,1.381551e-08,4.3125618e-16,auto_accept,baseline_vaal
ISIC_0030894,nv,bkl,0.30252954,0.0043038344,auto_accept,baseline_vaal
ISIC_0025771,df,df,8.040685e-05,0.00013580073,auto_accept,baseline_vaal
ISIC_0030230,bcc,bcc,3.6052388e-05,0.99996936,auto_accept,baseline_vaal
ISIC_0024328,nv,nv,0.083623216,0.006099285,auto_accept,baseline_vaal
ISIC_0030056,bkl,bkl,1.9945724e-05,5.608353e-07,auto_accept,baseline_vaal
ISIC_0029984,nv,nv,0.0005362239,1.1529575e-05,auto_accept,baseline_vaal
ISIC_0031354,nv,nv,0.5507476,0.11675851,auto_accept,baseline_vaal
ISIC_0030471,nv,nv,0.029195089,0.00018217701,auto_accept,baseline_vaal
ISIC_0033640,nv,nv,0.007021559,0.0005987966,auto_accept,baseline_vaal
ISIC_0025489,mel,mel,0.85556406,0.401958,auto_accept,baseline_vaal
ISIC_0033291,nv,nv,0.66803175,0.25647268,auto_accept,baseline_vaal
ISIC_0030535,nv,nv,0.5476854,0.003407724,auto_accept,baseline_vaal
ISIC_0030752,nv,nv,1.3297063e-05,3.693222e-08,auto_accept,baseline_vaal
ISIC_0027357,nv,nv,2.0726447e-05,6.0454517e-09,auto_accept,baseline_vaal
ISIC_0028836,nv,nv,0.08370316,0.00022777906,auto_accept,baseline_vaal
ISIC_0030975,nv,nv,0.0005213573,5.459935e-07,auto_accept,baseline_vaal
ISIC_0027833,nv,nv,0.0033045097,5.570131e-06,auto_accept,baseline_vaal
ISIC_0024543,nv,nv,0.16064905,0.022090899,auto_accept,baseline_vaal
ISIC_0028838,nv,nv,0.026969623,0.00036729165,auto_accept,baseline_vaal
ISIC_0031999,mel,bcc,0.3235525,0.9130591,auto_accept,baseline_vaal
ISIC_0032810,mel,mel,0.3216697,0.8652524,auto_accept,baseline_vaal
ISIC_0032101,nv,nv,0.00013892603,6.171125e-08,auto_accept,baseline_vaal
ISIC_0031075,nv,nv,2.3064197e-07,2.8384139e-11,auto_accept,baseline_vaal
ISIC_0029419,nv,nv,0.0023706132,1.774866e-07,auto_accept,baseline_vaal
ISIC_0032345,nv,nv,0.016961873,0.0006344328,auto_accept,baseline_vaal
ISIC_0029236,nv,nv,0.0061077704,1.1339544e-05,auto_accept,baseline_vaal
ISIC_0033179,nv,nv,0.34192967,0.01187028,auto_accept,baseline_vaal
ISIC_0028988,nv,nv,0.010107606,4.44644e-06,auto_accept,baseline_vaal
ISIC_0024595,bcc,bkl,0.30817217,0.051493403,auto_accept,baseline_vaal
ISIC_0029396,bkl,mel,0.8879614,0.996381,auto_accept,baseline_vaal
ISIC_0032509,mel,nv,0.25779587,0.0044128173,auto_accept,baseline_vaal
ISIC_0026253,nv,nv,0.014909629,0.0008222379,auto_accept,baseline_vaal
ISIC_0028103,mel,bkl,0.10719705,0.22581066,escalate,baseline_vaal
ISIC_0032639,nv,nv,0.0062463963,2.5827672e-05,auto_accept,baseline_vaal
ISIC_0031885,nv,nv,0.00058998,1.3959266e-06,auto_accept,baseline_vaal
ISIC_0030038,nv,nv,0.08077988,0.0016512484,auto_accept,baseline_vaal
ISIC_0029909,mel,akiec,0.041881528,0.9992611,auto_accept,baseline_vaal
ISIC_0030607,bkl,bkl,0.00018868604,0.00029735258,auto_accept,baseline_vaal
ISIC_0028376,bkl,bkl,0.00085460726,3.891801e-06,auto_accept,baseline_vaal
ISIC_0025608,nv,nv,1.381551e-08,5.138304e-14,auto_accept,baseline_vaal
ISIC_0028753,nv,nv,2.680085e-07,5.1189213e-12,auto_accept,baseline_vaal
ISIC_0031026,bcc,bcc,0.0019233878,0.9993759,auto_accept,baseline_vaal
ISIC_0027049,nv,bkl,0.76706475,0.025221983,auto_accept,baseline_vaal
ISIC_0030183,mel,bkl,0.08061003,0.0004678161,escalate,baseline_vaal
ISIC_0031345,bkl,df,0.00018724032,6.768274e-05,auto_accept,baseline_vaal
ISIC_0027866,nv,nv,0.21515854,0.00023744119,auto_accept,baseline_vaal
ISIC_0028481,mel,mel,0.0077152736,0.9997664,auto_accept,baseline_vaal
ISIC_0033657,nv,nv,0.23635338,0.0072186235,auto_accept,baseline_vaal
ISIC_0033449,bkl,bkl,0.0128814215,0.008890032,auto_accept,baseline_vaal
ISIC_0032527,nv,nv,0.0002603327,1.4656891e-06,escalate,baseline_vaal
ISIC_0031172,nv,nv,2.8276543e-05,4.287695e-07,auto_accept,baseline_vaal
ISIC_0032420,mel,bkl,0.43300846,0.52391195,auto_accept,baseline_vaal
ISIC_0030415,nv,nv,0.09312999,3.0501385e-05,auto_accept,baseline_vaal
ISIC_0025893,nv,nv,0.2846656,0.06083786,escalate,baseline_vaal
ISIC_0026498,nv,nv,0.008273128,6.745155e-05,auto_accept,baseline_vaal
ISIC_0032636,bkl,mel,0.7985441,0.45332885,auto_accept,baseline_vaal
ISIC_0029406,bkl,bkl,0.00086750457,0.0009803422,auto_accept,baseline_vaal
ISIC_0026109,nv,nv,0.27297497,0.00083338196,auto_accept,baseline_vaal
ISIC_0024802,nv,nv,0.012603129,6.695904e-05,auto_accept,baseline_vaal
ISIC_0026227,nv,nv,0.0025687437,3.823954e-05,auto_accept,baseline_vaal
ISIC_0033596,nv,nv,0.47101724,0.0006229432,auto_accept,baseline_vaal
ISIC_0028226,nv,mel,0.6698174,0.97902304,auto_accept,baseline_vaal
ISIC_0027796,bkl,nv,0.2992308,0.022781635,auto_accept,baseline_vaal
ISIC_0026221,nv,nv,3.9294179e-07,1.3522063e-10,auto_accept,baseline_vaal
ISIC_0027996,bkl,bkl,0.00057830993,0.00050602277,auto_accept,baseline_vaal
ISIC_0033850,nv,nv,0.7249838,0.17359792,auto_accept,baseline_vaal
ISIC_0030201,nv,nv,1.5654672e-05,1.3140668e-07,auto_accept,baseline_vaal
ISIC_0026072,bkl,akiec,0.0146374,0.9999349,auto_accept,baseline_vaal
ISIC_0032978,bkl,bkl,0.32449043,0.916545,escalate,baseline_vaal
ISIC_0025542,nv,nv,0.6810298,0.0029959097,auto_accept,baseline_vaal
ISIC_0033701,bkl,mel,0.9274496,0.54533374,auto_accept,baseline_vaal
ISIC_0030538,nv,nv,7.5156044e-05,2.6120927e-07,auto_accept,baseline_vaal
ISIC_0027943,nv,nv,0.035076354,0.0001328115,auto_accept,baseline_vaal
ISIC_0031681,nv,bkl,0.06516495,0.23042262,auto_accept,baseline_vaal
ISIC_0025849,nv,nv,1.3491916e-06,2.8929317e-09,auto_accept,baseline_vaal
ISIC_0029232,bkl,bkl,0.0057856324,0.00015260426,auto_accept,baseline_vaal
ISIC_0027712,nv,nv,1.736357e-08,6.161004e-14,escalate,baseline_vaal
ISIC_0031543,mel,bkl,0.05244478,0.06613133,auto_accept,baseline_vaal
ISIC_0032096,nv,bkl,0.8699407,0.005961662,auto_accept,baseline_vaal
ISIC_0032233,nv,nv,0.037684925,0.00015694044,auto_accept,baseline_vaal
ISIC_0025433,bcc,bcc,0.0018353671,0.9996306,auto_accept,baseline_vaal
ISIC_0024964,nv,nv,0.00015348496,9.011031e-07,auto_accept,baseline_vaal
ISIC_0025276,bkl,nv,0.6266408,0.00066742953,auto_accept,baseline_vaal
ISIC_0030220,nv,nv,0.0030291283,4.6570284e-07,auto_accept,baseline_vaal
ISIC_0030654,nv,nv,0.17831382,0.016523892,escalate,baseline_vaal
ISIC_0026255,nv,nv,1.9638803e-05,1.417181e-10,auto_accept,baseline_vaal
ISIC_0032051,bkl,bkl,0.0010947459,8.103769e-05,auto_accept,baseline_vaal
ISIC_0026281,mel,mel,0.2602906,0.99111557,auto_accept,baseline_vaal
ISIC_0032647,nv,nv,0.0023554794,0.00014917138,auto_accept,baseline_vaal
ISIC_0030055,nv,nv,0.0007346622,1.3884676e-06,auto_accept,baseline_vaal
ISIC_0028266,nv,nv,0.014959367,0.00251988,auto_accept,baseline_vaal
ISIC_0024681,nv,nv,1.210466e-07,2.6457836e-11,auto_accept,baseline_vaal
ISIC_0025592,mel,nv,0.060781498,6.4107546e-05,auto_accept,baseline_vaal
ISIC_0024456,nv,nv,0.003601394,3.4750456e-06,auto_accept,baseline_vaal
ISIC_0026365,bkl,mel,1.3167365,0.3610718,auto_accept,baseline_vaal
ISIC_0030111,nv,nv,0.026447257,0.0007015136,auto_accept,baseline_vaal
ISIC_0028524,nv,bkl,0.11801489,0.0004257025,auto_accept,baseline_vaal
ISIC_0025800,mel,mel,0.37812918,0.99788266,auto_accept,baseline_vaal
ISIC_0033029,mel,mel,0.48764297,0.79762465,auto_accept,baseline_vaal
ISIC_0032371,akiec,akiec,0.0017038496,0.9999913,auto_accept,baseline_vaal
ISIC_0031904,nv,nv,0.43152577,0.003942593,auto_accept,baseline_vaal
ISIC_0029202,bkl,bkl,0.23681562,9.812814e-08,auto_accept,baseline_vaal
ISIC_0029887,nv,nv,0.051555637,0.0006341868,auto_accept,baseline_vaal
ISIC_0025297,bkl,bkl,0.6829296,0.39646578,auto_accept,baseline_vaal
ISIC_0031272,bcc,bcc,0.032813378,0.9987148,auto_accept,baseline_vaal
ISIC_0030163,nv,nv,0.003683858,6.643712e-06,auto_accept,baseline_vaal
ISIC_0033181,nv,vasc,1.1231523,0.0168399,auto_accept,baseline_vaal
ISIC_0029009,nv,nv,1.354068e-06,5.964689e-10,auto_accept,baseline_vaal
ISIC_0025360,nv,nv,3.9143046e-07,1.7555623e-09,auto_accept,baseline_vaal
ISIC_0028876,bkl,bkl,0.16853367,0.0022982422,auto_accept,baseline_vaal
ISIC_0026553,bkl,bkl,0.1981199,0.009224698,auto_accept,baseline_vaal
ISIC_0027721,mel,bkl,0.19606394,0.17505565,auto_accept,baseline_vaal
ISIC_0029944,nv,nv,0.015805896,0.00065159047,auto_accept,baseline_vaal
ISIC_0025722,nv,nv,0.010967182,2.7099471e-05,auto_accept,baseline_vaal
ISIC_0027855,nv,nv,0.014410243,0.00079346716,auto_accept,baseline_vaal
ISIC_0028953,nv,nv,1.6520233e-06,7.2313595e-09,auto_accept,baseline_vaal
ISIC_0029661,nv,nv,0.3847901,0.0006384922,auto_accept,baseline_vaal
ISIC_0031576,nv,nv,4.144539e-07,6.5633105e-10,auto_accept,baseline_vaal
ISIC_0028990,akiec,bkl,0.59855705,0.1977456,auto_accept,baseline_vaal
ISIC_0027890,nv,nv,0.0032942528,0.00010562459,escalate,baseline_vaal
ISIC_0028245,nv,nv,0.0029700594,3.578836e-07,auto_accept,baseline_vaal
ISIC_0028883,nv,bkl,0.99959505,0.57327557,auto_accept,baseline_vaal
ISIC_0033798,nv,nv,0.098203145,0.0055740546,auto_accept,baseline_vaal
ISIC_0025434,bkl,bkl,0.010873212,0.0014460372,auto_accept,baseline_vaal
ISIC_0033935,nv,nv,0.0022714792,7.448616e-05,auto_accept,baseline_vaal
ISIC_0030174,nv,nv,0.030913057,0.0031492682,escalate,baseline_vaal
ISIC_0034280,bkl,bkl,0.027558038,0.0013341195,auto_accept,baseline_vaal
ISIC_0031432,nv,nv,4.420353e-05,2.6596797e-07,auto_accept,baseline_vaal
ISIC_0033942,mel,mel,0.0026008498,0.9998016,auto_accept,baseline_vaal
ISIC_0029535,nv,nv,0.11667412,4.872204e-06,auto_accept,baseline_vaal
ISIC_0033547,nv,mel,0.17019697,0.9661565,auto_accept,baseline_vaal
ISIC_0025704,nv,nv,0.00026857186,7.2253763e-09,auto_accept,baseline_vaal
ISIC_0033558,nv,nv,0.057560585,0.0017981268,escalate,baseline_vaal
ISIC_0025185,nv,nv,3.4532448e-07,4.8735327e-10,auto_accept,baseline_vaal
ISIC_0025304,nv,nv,1.7070379e-05,1.14798455e-08,auto_accept,baseline_vaal
ISIC_0027148,nv,nv,0.021606779,0.00020121876,auto_accept,baseline_vaal
ISIC_0030144,nv,nv,0.008566953,0.00021764151,auto_accept,baseline_vaal
ISIC_0029738,nv,nv,0.00021147107,1.8477692e-08,auto_accept,baseline_vaal
ISIC_0026635,nv,nv,0.01872472,9.637548e-06,auto_accept,baseline_vaal
ISIC_0027250,nv,nv,0.095235296,0.0042175464,auto_accept,baseline_vaal
ISIC_0029904,nv,nv,0.010541206,0.0008719857,auto_accept,baseline_vaal
ISIC_0028535,nv,nv,1.0406541e-05,3.129355e-08,auto_accept,baseline_vaal
ISIC_0033438,bkl,bkl,0.03871367,0.00033502612,auto_accept,baseline_vaal
ISIC_0029528,nv,nv,0.18988174,1.6039645e-05,auto_accept,baseline_vaal
ISIC_0031187,nv,nv,4.7196503e-05,6.394132e-07,auto_accept,baseline_vaal
ISIC_0024466,nv,akiec,1.4655194,0.8598393,auto_accept,baseline_vaal
ISIC_0031366,nv,nv,0.032127004,7.357344e-05,auto_accept,baseline_vaal
ISIC_0031675,nv,nv,0.03158786,0.00012214744,auto_accept,baseline_vaal
ISIC_0024509,nv,nv,0.000562696,2.6982802e-06,auto_accept,baseline_vaal
ISIC_0024530,nv,nv,3.7396967e-06,2.939789e-09,auto_accept,baseline_vaal
ISIC_0031096,nv,nv,4.7707005e-07,8.325876e-10,auto_accept,baseline_vaal
ISIC_0029040,bkl,bcc,0.22663356,0.96468514,auto_accept,baseline_vaal
ISIC_0027997,nv,nv,0.084400214,1.4834923e-06,auto_accept,baseline_vaal
ISIC_0028725,nv,nv,0.025969999,0.0006419072,auto_accept,baseline_vaal
ISIC_0026022,nv,mel,0.77187747,0.9786209,auto_accept,baseline_vaal
ISIC_0029709,nv,nv,0.06018975,3.2974844e-05,auto_accept,baseline_vaal
ISIC_0029076,nv,nv,0.123615146,0.00016226151,auto_accept,baseline_vaal
ISIC_0025867,bkl,bkl,0.013453643,0.00011443262,auto_accept,baseline_vaal
ISIC_0028684,nv,nv,0.9627368,0.24669686,auto_accept,baseline_vaal
ISIC_0025204,nv,nv,3.394956e-06,3.224702e-09,auto_accept,baseline_vaal
ISIC_0033357,nv,mel,0.056038987,0.9746653,auto_accept,baseline_vaal
ISIC_0025623,bkl,bkl,0.01341153,3.7814573e-07,auto_accept,baseline_vaal
ISIC_0026492,akiec,akiec,1.2130847,0.65005755,escalate,baseline_vaal
ISIC_0029303,nv,nv,0.005966047,1.7528517e-05,auto_accept,baseline_vaal
ISIC_0032524,nv,mel,0.31181377,0.82675755,auto_accept,baseline_vaal
ISIC_0029027,nv,nv,0.008140366,0.00017028593,auto_accept,baseline_vaal
ISIC_0031297,nv,nv,6.255759e-07,1.896735e-09,auto_accept,baseline_vaal
ISIC_0024836,nv,nv,0.56228906,0.00048806367,auto_accept,baseline_vaal
ISIC_0027223,nv,nv,1.9858295e-05,6.484229e-08,auto_accept,baseline_vaal
ISIC_0026417,df,df,1.465729e-05,2.708402e-06,auto_accept,baseline_vaal
ISIC_0024703,nv,nv,0.0001829526,4.6652303e-06,auto_accept,baseline_vaal
ISIC_0029326,nv,nv,1.692228e-08,8.3538916e-13,auto_accept,baseline_vaal
ISIC_0024310,mel,mel,0.05580732,0.9899393,escalate,baseline_vaal
ISIC_0028509,nv,bcc,0.031235218,0.99743265,auto_accept,baseline_vaal
ISIC_0032052,nv,nv,0.037688393,4.343375e-05,auto_accept,baseline_vaal
ISIC_0026223,nv,nv,0.0002067802,8.6062863e-07,auto_accept,baseline_vaal
ISIC_0030974,nv,nv,0.017341118,0.00014647542,auto_accept,baseline_vaal
ISIC_0025167,nv,nv,8.733163e-05,2.1070725e-09,auto_accept,baseline_vaal
ISIC_0030950,mel,mel,0.0018867278,0.9999602,auto_accept,baseline_vaal
ISIC_0028329,bcc,bcc,0.0053398283,0.9988524,auto_accept,baseline_vaal
ISIC_0028100,bkl,bcc,0.8731627,0.79331326,auto_accept,baseline_vaal
ISIC_0028277,nv,nv,0.008620366,0.000100456375,auto_accept,baseline_vaal
ISIC_0031694,nv,nv,0.007142754,7.877716e-05,auto_accept,baseline_vaal
ISIC_0026636,nv,nv,0.0021106028,2.6404487e-05,auto_accept,baseline_vaal
ISIC_0031395,nv,mel,0.39416578,0.850023,auto_accept,baseline_vaal
ISIC_0034102,nv,nv,0.0265484,0.0015215983,auto_accept,baseline_vaal
ISIC_0029450,nv,nv,0.006378804,7.9722406e-05,auto_accept,baseline_vaal
ISIC_0025700,bcc,bkl,0.017160293,0.004311923,auto_accept,baseline_vaal
ISIC_0031579,nv,nv,0.00047883595,4.3360693e-08,escalate,baseline_vaal
ISIC_0027461,nv,nv,0.06265365,0.00040094578,auto_accept,baseline_vaal
ISIC_0024546,mel,akiec,0.77809346,0.9915187,auto_accept,baseline_vaal
ISIC_0027703,nv,nv,0.04163413,6.0409253e-05,auto_accept,baseline_vaal
ISIC_0030288,nv,nv,0.018320028,0.00053149316,auto_accept,baseline_vaal
ISIC_0032768,bcc,bcc,0.021257723,0.9995153,auto_accept,baseline_vaal
ISIC_0025766,mel,nv,0.49954212,0.005658988,auto_accept,baseline_vaal
ISIC_0030803,akiec,bcc,0.7936834,0.99624276,auto_accept,baseline_vaal
ISIC_0028055,nv,nv,1.5448684e-08,7.649282e-13,auto_accept,baseline_vaal
ISIC_0029878,bkl,bkl,0.32721305,0.0021809225,auto_accept,baseline_vaal
ISIC_0026552,nv,nv,0.003036595,5.933642e-06,auto_accept,baseline_vaal
ISIC_0033688,nv,nv,0.68485016,0.27108243,auto_accept,baseline_vaal
ISIC_0029849,bkl,bkl,0.5498522,0.50508213,auto_accept,baseline_vaal
ISIC_0028818,bcc,bcc,0.43443283,0.9674383,auto_accept,baseline_vaal
ISIC_0030989,nv,nv,0.00022708127,3.583796e-06,auto_accept,baseline_vaal
ISIC_0026914,nv,nv,0.0014644073,3.3271444e-06,escalate,baseline_vaal
ISIC_0024693,nv,df,0.005023809,6.379562e-08,auto_accept,baseline_vaal
ISIC_0030025,nv,nv,4.9129336e-05,3.6482112e-07,escalate,baseline_vaal
ISIC_0029883,nv,nv,6.758138e-06,1.0031924e-11,auto_accept,baseline_vaal
ISIC_0027735,bkl,nv,0.83435225,0.022391304,auto_accept,baseline_vaal
ISIC_0026413,nv,nv,2.4278324e-05,3.4030214e-07,auto_accept,baseline_vaal
ISIC_0029166,bkl,bkl,0.8764896,0.6913333,auto_accept,baseline_vaal
ISIC_0033950,nv,nv,7.2767e-05,5.9681315e-07,auto_accept,baseline_vaal
ISIC_0029030,nv,nv,0.683597,0.19437982,auto_accept,baseline_vaal
ISIC_0033307,bkl,mel,1.1735512,0.94772375,auto_accept,baseline_vaal
ISIC_0029512,mel,mel,0.03248807,0.9905551,auto_accept,baseline_vaal
ISIC_0032078,nv,nv,0.28722444,0.003129903,auto_accept,baseline_vaal
ISIC_0029952,nv,nv,0.0027421336,5.455487e-06,auto_accept,baseline_vaal
ISIC_0026457,akiec,akiec,0.9071718,0.89188176,auto_accept,baseline_vaal
ISIC_0024343,nv,nv,0.025071263,0.0007296459,auto_accept,baseline_vaal
ISIC_0033332,nv,nv,1.3752769,0.11178597,auto_accept,baseline_vaal
ISIC_0032566,nv,nv,0.34200472,0.045545734,auto_accept,baseline_vaal
ISIC_0027494,nv,nv,0.0016265566,6.428368e-06,auto_accept,baseline_vaal
ISIC_0026582,nv,nv,0.00036723402,7.1949313e-07,auto_accept,baseline_vaal
ISIC_0027391,nv,nv,4.0487734e-08,1.1997073e-11,auto_accept,baseline_vaal
ISIC_0028225,mel,mel,0.6802988,0.81258804,auto_accept,baseline_vaal
ISIC_0031929,akiec,mel,0.7872917,0.9891032,auto_accept,baseline_vaal
ISIC_0028459,nv,nv,0.022762971,0.00040877608,escalate,baseline_vaal
ISIC_0028902,nv,nv,1.4999249e-06,5.112216e-09,auto_accept,baseline_vaal
ISIC_0033973,bkl,nv,0.6110127,0.005493516,auto_accept,baseline_vaal
ISIC_0033331,nv,nv,0.009318043,0.0003106558,auto_accept,baseline_vaal
ISIC_0025811,akiec,akiec,0.000850028,0.9999634,auto_accept,baseline_vaal
ISIC_0028916,mel,bkl,0.041552372,0.03324936,auto_accept,baseline_vaal
ISIC_0027059,nv,nv,0.0058507547,6.2565027e-06,auto_accept,baseline_vaal
ISIC_0027100,mel,bkl,0.11913045,0.23587495,auto_accept,baseline_vaal
ISIC_0024322,nv,nv,0.009103913,5.5517324e-10,auto_accept,baseline_vaal
ISIC_0028839,nv,nv,1.381551e-08,4.0929737e-14,auto_accept,baseline_vaal
ISIC_0031569,bcc,bcc,3.381436e-05,0.9999919,auto_accept,baseline_vaal
ISIC_0032889,nv,bkl,0.34915924,0.0009957594,auto_accept,baseline_vaal
ISIC_0032564,mel,mel,0.00406569,0.9996326,escalate,baseline_vaal
ISIC_0026064,nv,nv,0.0008937177,1.3202659e-07,auto_accept,baseline_vaal
ISIC_0029507,nv,nv,5.2829664e-06,1.5610311e-08,escalate,baseline_vaal
ISIC_0030775,nv,nv,0.0007700791,4.271588e-06,auto_accept,baseline_vaal
ISIC_0033375,nv,nv,0.04250786,0.00042643567,auto_accept,baseline_vaal
ISIC_0025159,nv,nv,0.001973086,7.785276e-08,auto_accept,baseline_vaal
ISIC_0025107,nv,nv,0.004089617,2.8447263e-05,auto_accept,baseline_vaal
ISIC_0024425,nv,akiec,0.42705145,0.32840395,auto_accept,baseline_vaal
ISIC_0031029,bkl,bkl,0.09576669,0.0036509617,auto_accept,baseline_vaal
ISIC_0030042,nv,nv,2.320349e-05,1.485705e-07,auto_accept,baseline_vaal
ISIC_0029395,nv,nv,0.015121221,8.945821e-05,auto_accept,baseline_vaal
ISIC_0029106,nv,nv,0.018180551,7.54447e-06,escalate,baseline_vaal
ISIC_0026174,bkl,bkl,1.0511252e-05,3.769899e-07,auto_accept,baseline_vaal
ISIC_0024959,nv,nv,0.1446954,0.0039648376,auto_accept,baseline_vaal
ISIC_0030683,bkl,bkl,0.5603725,0.05173488,auto_accept,baseline_vaal
ISIC_0030396,bkl,bkl,0.012554369,0.0041661137,auto_accept,baseline_vaal
ISIC_0029718,nv,nv,0.47657293,0.013494811,escalate,baseline_vaal
ISIC_0027655,nv,nv,8.497655e-06,2.43575e-08,auto_accept,baseline_vaal
ISIC_0030446,bcc,bcc,0.002676813,0.99966,auto_accept,baseline_vaal
ISIC_0026200,nv,nv,0.0062857005,1.2803758e-06,auto_accept,baseline_vaal
ISIC_0033107,nv,nv,0.78098935,0.33883128,auto_accept,baseline_vaal
ISIC_0031064,nv,mel,0.020894796,0.9982494,auto_accept,baseline_vaal
ISIC_0029277,nv,nv,0.14920382,0.0025462578,auto_accept,baseline_vaal
ISIC_0025117,nv,bcc,0.9879307,0.5707246,auto_accept,baseline_vaal
ISIC_0029937,mel,df,0.691892,0.0024262203,escalate,baseline_vaal
ISIC_0024921,nv,nv,0.3951565,5.548749e-06,auto_accept,baseline_vaal
ISIC_0032862,mel,mel,0.004191965,0.99980754,escalate,baseline_vaal
ISIC_0030568,nv,nv,0.0026242293,9.554137e-05,auto_accept,baseline_vaal
ISIC_0028293,nv,nv,0.01948669,0.00017748076,auto_accept,baseline_vaal
ISIC_0024781,nv,bcc,0.14780264,0.9997924,auto_accept,baseline_vaal
ISIC_0031060,bkl,bkl,0.30937988,0.023036899,auto_accept,baseline_vaal
ISIC_0028702,bkl,bcc,0.90386164,0.76437354,auto_accept,baseline_vaal
ISIC_0031454,nv,nv,0.23230898,4.6314944e-05,auto_accept,baseline_vaal
ISIC_0028952,bkl,bcc,0.9109828,0.31420797,auto_accept,baseline_vaal
ISIC_0025614,nv,nv,0.00025842868,5.9242843e-06,auto_accept,baseline_vaal
ISIC_0028460,mel,bcc,0.99687,0.9276521,auto_accept,baseline_vaal
ISIC_0027305,nv,nv,0.97877556,0.057437956,auto_accept,baseline_vaal
ISIC_0032705,nv,nv,0.011715883,0.0006833571,auto_accept,baseline_vaal
ISIC_0026711,nv,nv,0.24874301,0.009738063,auto_accept,baseline_vaal
ISIC_0027098,nv,bkl,0.09565062,0.00091166416,auto_accept,baseline_vaal
ISIC_0025628,vasc,vasc,5.0275748e-08,9.922692e-12,auto_accept,baseline_vaal
ISIC_0031909,nv,nv,0.007881288,5.5728033e-05,auto_accept,baseline_vaal
ISIC_0029951,bcc,bcc,0.037782382,0.89301413,auto_accept,baseline_vaal
ISIC_0024515,bcc,bkl,0.36386782,0.37359878,auto_accept,baseline_vaal
ISIC_0027685,nv,nv,0.105585836,0.0038142693,auto_accept,baseline_vaal
ISIC_0027754,bkl,bkl,0.06308606,0.036962014,auto_accept,baseline_vaal
ISIC_0032905,nv,mel,0.23645963,0.9273539,auto_accept,baseline_vaal
ISIC_0031339,mel,mel,0.9093229,0.98455656,auto_accept,baseline_vaal
ISIC_0032473,nv,nv,0.0028326246,6.251995e-08,auto_accept,baseline_vaal
ISIC_0029580,bkl,bcc,1.0207839,0.97255254,auto_accept,baseline_vaal
ISIC_0026518,nv,nv,0.19157511,0.01878588,auto_accept,baseline_vaal
ISIC_0033944,nv,nv,0.03794328,0.002509472,auto_accept,baseline_vaal
ISIC_0030916,nv,nv,0.0029358543,9.807023e-06,auto_accept,baseline_vaal
ISIC_0034128,nv,nv,0.017026633,0.0007953365,auto_accept,baseline_vaal
ISIC_0031733,nv,bkl,1.4921051,0.07680116,auto_accept,baseline_vaal
ISIC_0024965,nv,nv,6.8181376e-05,6.176129e-08,auto_accept,baseline_vaal
ISIC_0029066,nv,nv,4.7334914e-05,5.7167346e-13,auto_accept,baseline_vaal
ISIC_0030940,nv,nv,0.6071909,1.09245626e-07,auto_accept,baseline_vaal
ISIC_0030151,nv,bkl,0.0006344161,0.0003872459,auto_accept,baseline_vaal
ISIC_0032430,mel,mel,0.06540228,0.99579936,auto_accept,baseline_vaal
ISIC_0027555,nv,nv,8.484262e-08,5.4909237e-11,auto_accept,baseline_vaal
ISIC_0033770,bkl,bkl,4.16889e-05,9.081497e-06,auto_accept,baseline_vaal
ISIC_0033544,nv,nv,0.56994456,0.006575129,auto_accept,baseline_vaal
ISIC_0024416,nv,nv,0.028736545,0.00069707417,auto_accept,baseline_vaal
ISIC_0026055,nv,nv,0.5030565,2.4388135e-05,auto_accept,baseline_vaal
ISIC_0030438,nv,nv,1.6727388e-05,2.980376e-07,auto_accept,baseline_vaal
ISIC_0024970,bkl,bkl,0.015474223,0.00104558,auto_accept,baseline_vaal
ISIC_0027787,nv,nv,0.002799135,2.1765237e-07,auto_accept,baseline_vaal
ISIC_0025964,mel,nv,0.067861244,0.0024436985,auto_accept,baseline_vaal
ISIC_0033269,mel,mel,0.0027240987,0.9996158,auto_accept,baseline_vaal
ISIC_0032397,akiec,akiec,0.0019127892,0.9983492,auto_accept,baseline_vaal
ISIC_0024947,bkl,bkl,0.068243586,0.1917983,auto_accept,baseline_vaal
ISIC_0033727,nv,nv,1.0413624,0.023761319,auto_accept,baseline_vaal
ISIC_0025137,nv,nv,1.381551e-08,3.3650385e-16,auto_accept,baseline_vaal
ISIC_0024367,mel,mel,0.5818031,0.66059977,auto_accept,baseline_vaal
ISIC_0024989,nv,nv,0.03701549,9.652692e-05,auto_accept,baseline_vaal
ISIC_0034096,nv,nv,0.43432888,0.029201424,auto_accept,baseline_vaal
ISIC_0029212,mel,mel,0.13125628,0.9991085,escalate,baseline_vaal
ISIC_0032537,mel,mel,0.23952879,0.99465644,auto_accept,baseline_vaal
ISIC_0033364,nv,nv,0.005100579,1.4102914e-05,escalate,baseline_vaal
ISIC_0025333,nv,nv,0.0307964,4.1177747e-05,auto_accept,baseline_vaal
ISIC_0030743,nv,nv,0.02197211,2.547136e-05,auto_accept,baseline_vaal
ISIC_0025376,bkl,nv,0.1964215,2.6986334e-05,auto_accept,baseline_vaal
ISIC_0028896,nv,nv,1.39088415e-05,1.822255e-06,auto_accept,baseline_vaal
ISIC_0026045,mel,bkl,0.00077252445,0.0010876546,auto_accept,baseline_vaal
ISIC_0025442,nv,nv,0.075758666,0.005376608,auto_accept,baseline_vaal
ISIC_0029601,nv,nv,0.012000339,0.0003488596,auto_accept,baseline_vaal
ISIC_0030675,nv,bkl,0.73720294,0.0047963257,auto_accept,baseline_vaal
ISIC_0028419,bcc,bcc,0.000931559,0.99949634,auto_accept,baseline_vaal
ISIC_0025836,nv,nv,0.7543386,0.6044044,auto_accept,baseline_vaal
ISIC_0033242,nv,bcc,1.1087617,0.9629254,auto_accept,baseline_vaal
ISIC_0027329,nv,nv,8.9280526e-05,5.6233983e-08,auto_accept,baseline_vaal
ISIC_0027285,nv,nv,0.84363014,0.024917431,escalate,baseline_vaal
ISIC_0029431,nv,nv,0.3694363,0.093199864,auto_accept,baseline_vaal
ISIC_0028286,nv,nv,1.381551e-08,1.4824382e-15,auto_accept,baseline_vaal
ISIC_0031768,nv,nv,0.0012140846,1.873439e-05,auto_accept,baseline_vaal
ISIC_0029118,nv,nv,0.37058035,0.00019298359,auto_accept,baseline_vaal
ISIC_0031701,nv,nv,0.0063804374,4.5114324e-05,auto_accept,baseline_vaal
ISIC_0028437,nv,nv,2.1839537e-06,3.2196377e-09,auto_accept,baseline_vaal
ISIC_0028001,nv,nv,4.59294e-08,1.33963e-10,auto_accept,baseline_vaal
ISIC_0027046,bcc,mel,0.74209136,0.99034214,auto_accept,baseline_vaal
ISIC_0028529,nv,akiec,1.143573,0.84440476,auto_accept,baseline_vaal
ISIC_0030959,bkl,bkl,4.1232142e-05,1.3370995e-07,escalate,baseline_vaal
ISIC_0028045,nv,nv,0.0053102537,0.00015772793,auto_accept,baseline_vaal
ISIC_0029124,nv,nv,0.001963485,0.00014619828,auto_accept,baseline_vaal
ISIC_0029725,nv,nv,0.5168726,0.0035564783,auto_accept,baseline_vaal
ISIC_0025778,nv,bkl,0.0025530525,0.0011823671,auto_accept,baseline_vaal
ISIC_0031671,nv,nv,0.0007236684,2.2199917e-07,auto_accept,baseline_vaal
ISIC_0025444,nv,nv,0.002501076,9.595755e-06,auto_accept,baseline_vaal
ISIC_0030863,nv,nv,1.7272555e-06,2.5546445e-09,auto_accept,baseline_vaal
ISIC_0027113,nv,nv,0.022481913,1.8094237e-05,auto_accept,baseline_vaal
ISIC_0025001,nv,nv,0.26123258,0.010435195,auto_accept,baseline_vaal
ISIC_0025378,bkl,bkl,0.0003858167,5.300434e-06,auto_accept,baseline_vaal
ISIC_0032172,nv,bkl,0.4877741,0.00020659674,auto_accept,baseline_vaal
ISIC_0034188,mel,mel,0.15898362,0.9341842,auto_accept,baseline_vaal
ISIC_0026798,bcc,nv,0.10470019,0.0070578773,auto_accept,baseline_vaal
ISIC_0026410,nv,nv,0.0006404422,7.940181e-06,escalate,baseline_vaal
ISIC_0026947,bkl,bkl,0.01972171,0.003279488,auto_accept,baseline_vaal
ISIC_0027252,nv,nv,8.163044e-05,2.5751987e-07,escalate,baseline_vaal
ISIC_0024686,nv,nv,8.243259e-05,4.4396245e-07,auto_accept,baseline_vaal
ISIC_0027466,nv,mel,1.016562,0.45899191,auto_accept,baseline_vaal
ISIC_0033000,akiec,akiec,0.0016310859,0.99996316,auto_accept,baseline_vaal
ISIC_0032951,nv,nv,0.000706678,6.3234114e-07,auto_accept,baseline_vaal
ISIC_0027296,nv,nv,0.0023016417,7.714332e-06,escalate,baseline_vaal
ISIC_0029423,nv,nv,0.0007701017,7.6878695e-07,auto_accept,baseline_vaal
ISIC_0031789,bcc,bcc,0.8301557,0.9371113,auto_accept,baseline_vaal
ISIC_0028404,bkl,bcc,0.7969572,0.93880683,auto_accept,baseline_vaal
ISIC_0032579,nv,mel,0.81144166,0.4976896,auto_accept,baseline_vaal
ISIC_0032328,nv,nv,0.04819428,0.002771784,auto_accept,baseline_vaal
ISIC_0034030,nv,nv,0.41942674,0.045270752,auto_accept,baseline_vaal
ISIC_0027653,nv,nv,0.00047373166,4.2057927e-06,auto_accept,baseline_vaal
ISIC_0032042,nv,bkl,0.6575573,4.760052e-06,auto_accept,baseline_vaal
ISIC_0025291,nv,nv,3.84142e-06,8.8300134e-10,auto_accept,baseline_vaal
ISIC_0026324,bcc,bcc,0.07413335,0.9952879,auto_accept,baseline_vaal
ISIC_0031012,akiec,bcc,0.57409555,0.9989427,auto_accept,baseline_vaal
ISIC_0027265,nv,mel,0.7626227,0.37274504,auto_accept,baseline_vaal
ISIC_0032083,nv,nv,0.00012650703,4.4288495e-07,auto_accept,baseline_vaal
ISIC_0028056,mel,akiec,1.041384,0.98775333,auto_accept,baseline_vaal
ISIC_0026048,nv,nv,0.07269151,0.0054213046,auto_accept,baseline_vaal
ISIC_0033724,nv,bkl,0.38011363,0.004871149,auto_accept,baseline_vaal
ISIC_0031164,nv,nv,2.0102392e-05,6.141487e-08,auto_accept,baseline_vaal
ISIC_0026534,nv,nv,0.0004600765,9.400175e-06,auto_accept,baseline_vaal
ISIC_0028199,nv,nv,5.9751806e-06,1.0638842e-10,auto_accept,baseline_vaal
ISIC_0024384,nv,nv,5.0078885e-05,3.60888e-07,auto_accept,baseline_vaal
ISIC_0029812,nv,bkl,0.47892544,0.00088348304,auto_accept,baseline_vaal
ISIC_0033972,nv,bkl,0.61363214,0.10109257,auto_accept,baseline_vaal
ISIC_0029823,bkl,bkl,0.0046277395,2.7867547e-05,auto_accept,baseline_vaal
ISIC_0029796,nv,nv,0.43297428,0.04740141,auto_accept,baseline_vaal
ISIC_0032838,nv,nv,0.65407306,0.2357275,auto_accept,baseline_vaal
ISIC_0032765,nv,bkl,0.007969984,0.0015341099,auto_accept,baseline_vaal
ISIC_0028823,nv,nv,0.6506077,0.037104674,auto_accept,baseline_vaal
ISIC_0032094,nv,nv,0.0024081848,1.8861116e-05,auto_accept,baseline_vaal
ISIC_0032049,nv,nv,0.01999252,0.00033332867,auto_accept,baseline_vaal
ISIC_0024638,nv,nv,1.6615519e-05,2.7474501e-08,auto_accept,baseline_vaal
ISIC_0029884,mel,bcc,0.070680626,0.99897647,auto_accept,baseline_vaal
ISIC_0027346,nv,nv,0.89528733,0.2659374,auto_accept,baseline_vaal
ISIC_0026755,nv,nv,0.0009192635,5.048075e-07,auto_accept,baseline_vaal
ISIC_0027717,nv,bkl,0.7363014,0.0011571711,auto_accept,baseline_vaal
ISIC_0026669,nv,nv,4.8226354e-07,2.2690762e-10,auto_accept,baseline_vaal
ISIC_0031839,nv,nv,0.06642111,0.0021064398,escalate,baseline_vaal
ISIC_0032389,mel,mel,0.19230959,0.9999982,auto_accept,baseline_vaal
ISIC_0025606,vasc,vasc,0.0952033,9.939112e-07,auto_accept,baseline_vaal
ISIC_0032623,nv,nv,0.031376053,0.0021302518,auto_accept,baseline_vaal
ISIC_0025259,nv,nv,0.0009676601,2.8038634e-05,auto_accept,baseline_vaal
ISIC_0026037,nv,df,0.49266422,0.017885808,auto_accept,baseline_vaal
ISIC_0034166,nv,nv,0.08881976,0.0013643489,auto_accept,baseline_vaal
ISIC_0029789,bkl,bcc,0.10294458,0.9854478,auto_accept,baseline_vaal
ISIC_0027836,nv,nv,4.5656296e-05,9.511232e-08,auto_accept,baseline_vaal
ISIC_0025502,nv,nv,3.5062676e-05,6.089766e-08,auto_accept,baseline_vaal
ISIC_0029585,bkl,bkl,3.6269135e-05,3.4087727e-05,auto_accept,baseline_vaal
ISIC_0024502,nv,nv,0.00020378578,8.0801783e-07,auto_accept,baseline_vaal
ISIC_0033494,akiec,akiec,0.7886635,0.9998379,auto_accept,baseline_vaal
ISIC_0026771,nv,nv,2.532315e-06,9.5214485e-09,escalate,baseline_vaal
ISIC_0028346,df,akiec,0.5151467,0.79243386,auto_accept,baseline_vaal
ISIC_0032460,bkl,bkl,0.00592111,2.4726067e-05,auto_accept,baseline_vaal
ISIC_0025627,bkl,bkl,0.21890926,0.2734029,auto_accept,baseline_vaal
ISIC_0029318,mel,akiec,1.0824622,0.8383868,auto_accept,baseline_vaal
ISIC_0028120,bkl,bkl,0.008571746,0.0016156961,auto_accept,baseline_vaal
ISIC_0030738,nv,bkl,0.55941725,6.683184e-05,auto_accept,baseline_vaal
ISIC_0030292,nv,nv,1.02315255e-07,2.3849392e-10,auto_accept,baseline_vaal
ISIC_0030342,nv,nv,9.0640215e-06,8.094724e-09,auto_accept,baseline_vaal
ISIC_0030813,bcc,bcc,0.0012630451,0.9992987,auto_accept,baseline_vaal
ISIC_0031078,bkl,bkl,0.0011907648,0.00077118486,auto_accept,baseline_vaal
ISIC_0028077,nv,nv,0.011904239,0.00017022961,auto_accept,baseline_vaal
ISIC_0025459,nv,nv,1.381551e-08,4.877147e-15,auto_accept,baseline_vaal
ISIC_0026760,bcc,bcc,0.007481858,0.9989858,auto_accept,baseline_vaal
ISIC_0027388,bkl,bkl,0.3089373,0.051998932,auto_accept,baseline_vaal
ISIC_0024655,nv,nv,0.13415565,1.6837484e-08,auto_accept,baseline_vaal
ISIC_0032650,nv,nv,0.16901058,0.0026315262,auto_accept,baseline_vaal
ISIC_0028285,mel,mel,0.39127067,0.9816351,auto_accept,baseline_vaal
ISIC_0025337,bkl,bkl,0.2280199,0.024995387,auto_accept,baseline_vaal
ISIC_0024847,nv,nv,0.00038065258,3.421369e-06,escalate,baseline_vaal
ISIC_0032254,nv,nv,0.0003761633,1.3962673e-06,auto_accept,baseline_vaal
ISIC_0030412,nv,nv,2.241339e-06,9.255474e-09,auto_accept,baseline_vaal
ISIC_0025274,nv,nv,0.005446265,5.013139e-07,auto_accept,baseline_vaal
ISIC_0024660,nv,nv,0.00020868726,5.3763836e-07,auto_accept,baseline_vaal
ISIC_0032863,bkl,nv,0.10783511,0.0046352507,escalate,baseline_vaal
ISIC_0027830,nv,nv,9.350346e-06,3.1565047e-08,auto_accept,baseline_vaal
ISIC_0030331,nv,nv,0.00015600606,3.0288606e-07,auto_accept,baseline_vaal
ISIC_0033613,bkl,bkl,0.0005134529,0.0003316749,auto_accept,baseline_vaal
ISIC_0025342,nv,akiec,1.2565212,0.4968208,auto_accept,baseline_vaal
ISIC_0024897,bcc,bcc,0.090026155,0.9441934,auto_accept,baseline_vaal
ISIC_0025577,akiec,akiec,0.11947376,0.99029213,auto_accept,baseline_vaal
ISIC_0024386,df,df,9.67019e-08,7.803961e-09,auto_accept,baseline_vaal
ISIC_0031175,bcc,bcc,0.0056944657,0.997727,auto_accept,baseline_vaal
ISIC_0025853,nv,bkl,0.06570344,0.00014712816,auto_accept,baseline_vaal
ISIC_0034114,nv,nv,0.006053782,0.00039402983,auto_accept,baseline_vaal
ISIC_0029577,nv,nv,0.928591,0.1603177,auto_accept,baseline_vaal
ISIC_0033602,nv,nv,0.00047633727,9.880698e-06,escalate,baseline_vaal
ISIC_0030986,akiec,akiec,0.010579527,0.9999931,auto_accept,baseline_vaal
ISIC_0032141,nv,bcc,0.3648907,0.59621054,auto_accept,baseline_vaal
ISIC_0027186,nv,nv,0.268682,0.00080419326,auto_accept,baseline_vaal
ISIC_0030689,mel,bkl,0.19585428,0.05440493,auto_accept,baseline_vaal
ISIC_0031403,nv,nv,9.84753e-06,7.442491e-08,auto_accept,baseline_vaal
ISIC_0033260,bkl,bkl,0.00082861236,1.014725e-06,auto_accept,baseline_vaal
ISIC_0025781,bkl,bkl,0.5881868,0.12526637,escalate,baseline_vaal
ISIC_0030809,nv,nv,0.4772394,0.014489934,auto_accept,baseline_vaal
ISIC_0032228,nv,nv,1.381551e-08,7.135955e-13,auto_accept,baseline_vaal
ISIC_0032929,bkl,akiec,0.60676265,0.99810374,auto_accept,baseline_vaal
ISIC_0024317,nv,nv,1.9366425e-05,1.757596e-07,auto_accept,baseline_vaal
ISIC_0027999,nv,nv,0.21670976,0.029020593,auto_accept,baseline_vaal
ISIC_0030493,nv,nv,0.23166557,0.005405157,escalate,baseline_vaal
ISIC_0026810,nv,nv,0.061826136,0.0075452374,auto_accept,baseline_vaal
ISIC_0032894,bcc,bcc,0.0058740578,0.9999312,auto_accept,baseline_vaal
ISIC_0024790,nv,nv,0.15597722,0.01311664,auto_accept,baseline_vaal
ISIC_0028500,nv,nv,0.0006368244,1.139032e-05,auto_accept,baseline_vaal
ISIC_0032387,nv,nv,0.15941475,0.0004831202,auto_accept,baseline_vaal
ISIC_0032429,bcc,bcc,0.021898745,0.97420734,auto_accept,baseline_vaal
ISIC_0028088,nv,nv,5.266019e-06,5.810386e-12,escalate,baseline_vaal
ISIC_0031457,df,df,0.0015544035,0.004042936,auto_accept,baseline_vaal
ISIC_0027462,nv,mel,0.0028712389,0.9994381,auto_accept,baseline_vaal
ISIC_0026311,bkl,bkl,0.21743573,0.004088668,auto_accept,baseline_vaal
ISIC_0032062,nv,nv,0.003793112,0.00013722976,auto_accept,baseline_vaal
ISIC_0033879,nv,nv,0.024799747,0.00043957718,auto_accept,baseline_vaal
ISIC_0024374,nv,nv,0.06288466,0.00052117236,auto_accept,baseline_vaal
ISIC_0024571,mel,akiec,0.6802083,0.9999951,auto_accept,baseline_vaal
ISIC_0032433,mel,mel,0.10547563,0.97976065,auto_accept,baseline_vaal
ISIC_0025843,nv,nv,0.0013108444,5.44957e-06,auto_accept,baseline_vaal
ISIC_0032370,nv,nv,1.381551e-08,1.2675826e-12,escalate,baseline_vaal
ISIC_0034165,bkl,mel,0.08762377,0.98509073,escalate,baseline_vaal
ISIC_0026119,nv,nv,0.0011487623,1.0229128e-05,auto_accept,baseline_vaal
ISIC_0030926,bkl,bkl,0.718068,0.8477685,auto_accept,baseline_vaal
ISIC_0025689,nv,bkl,0.6746386,4.4063233e-07,auto_accept,baseline_vaal
ISIC_0029004,nv,nv,0.016424282,0.0003387426,auto_accept,baseline_vaal
ISIC_0026806,nv,nv,0.0027818247,1.4945692e-05,auto_accept,baseline_vaal
ISIC_0027408,nv,mel,0.86476153,0.40402937,auto_accept,baseline_vaal
ISIC_0030470,nv,nv,8.072594e-05,2.8127175e-07,auto_accept,baseline_vaal
ISIC_0034288,nv,mel,0.7288789,0.5934531,auto_accept,baseline_vaal
ISIC_0027405,nv,nv,0.00071005704,7.225833e-07,auto_accept,baseline_vaal
ISIC_0029186,nv,nv,0.00017473797,1.9053115e-06,auto_accept,baseline_vaal
ISIC_0029743,nv,nv,0.0014829861,6.570019e-06,auto_accept,baseline_vaal
ISIC_0032066,nv,nv,5.5863884e-06,1.0181681e-08,auto_accept,baseline_vaal
ISIC_0033555,nv,nv,0.068154745,0.00069847604,auto_accept,baseline_vaal
ISIC_0033290,nv,nv,0.005107199,6.0373134e-07,auto_accept,baseline_vaal
ISIC_0030298,nv,nv,0.005358546,6.463262e-05,escalate,baseline_vaal
ISIC_0028385,nv,nv,0.37100345,0.07455059,auto_accept,baseline_vaal
ISIC_0029064,nv,nv,0.00014953283,2.9268088e-07,auto_accept,baseline_vaal
ISIC_0025150,nv,nv,0.0067758313,4.116068e-06,auto_accept,baseline_vaal
ISIC_0026890,nv,nv,0.58089876,3.1575278e-06,auto_accept,baseline_vaal
ISIC_0028536,nv,nv,1.381551e-08,4.29632e-17,escalate,baseline_vaal
ISIC_0028228,mel,mel,1.0307571,0.38291603,auto_accept,baseline_vaal
ISIC_0033886,mel,mel,0.26156598,0.91883105,auto_accept,baseline_vaal
ISIC_0026211,nv,nv,0.045386534,1.3577741e-06,auto_accept,baseline_vaal
ISIC_0031319,nv,nv,0.040568925,0.00048956304,auto_accept,baseline_vaal
ISIC_0024958,mel,bkl,0.08952753,0.27607307,auto_accept,baseline_vaal
ISIC_0030256,nv,nv,0.045078192,4.0223335e-05,escalate,baseline_vaal
ISIC_0027939,nv,nv,0.31456065,0.0058977185,auto_accept,baseline_vaal
ISIC_0025515,bkl,bkl,0.003929388,0.00017261352,auto_accept,baseline_vaal
ISIC_0032769,nv,nv,0.036651764,0.0033423556,auto_accept,baseline_vaal
ISIC_0031074,nv,bkl,0.058283206,0.006361289,auto_accept,baseline_vaal
ISIC_0030821,akiec,bkl,0.07493336,0.025512785,auto_accept,baseline_vaal
ISIC_0034286,nv,nv,0.0017563074,3.4305262e-07,auto_accept,baseline_vaal
ISIC_0026452,nv,nv,0.015691984,0.00036240762,auto_accept,baseline_vaal
ISIC_0026390,nv,nv,5.053306e-08,4.774837e-12,auto_accept,baseline_vaal
ISIC_0028582,mel,mel,0.19860376,0.94695634,auto_accept,baseline_vaal
ISIC_0027902,nv,nv,0.07326944,0.0069127157,auto_accept,baseline_vaal
ISIC_0024607,nv,nv,2.5219135e-05,3.5540953e-08,auto_accept,baseline_vaal
ISIC_0027064,bkl,bkl,0.6629776,0.07730897,auto_accept,baseline_vaal
ISIC_0032142,nv,nv,1.007647e-05,8.0187457e-10,auto_accept,baseline_vaal
ISIC_0030639,nv,bcc,0.6897567,0.5104812,auto_accept,baseline_vaal
ISIC_0026817,nv,nv,0.021077782,0.00036608108,escalate,baseline_vaal
ISIC_0028401,nv,nv,0.6659143,0.38700572,auto_accept,baseline_vaal
ISIC_0032414,bcc,bkl,0.4814745,0.48798433,auto_accept,baseline_vaal
ISIC_0032072,mel,bkl,1.1918229,0.6332021,auto_accept,baseline_vaal
ISIC_0025013,nv,nv,0.0002526592,6.431109e-06,auto_accept,baseline_vaal
ISIC_0027767,akiec,bkl,1.0742025,0.43572164,auto_accept,baseline_vaal
ISIC_0024532,nv,nv,0.0024530888,9.440661e-05,auto_accept,baseline_vaal
ISIC_0029062,bkl,bkl,0.06871796,0.02335226,auto_accept,baseline_vaal
ISIC_0030660,nv,nv,0.016994646,1.4192377e-06,auto_accept,baseline_vaal
ISIC_0031269,nv,nv,0.14007214,0.09107573,auto_accept,baseline_vaal
ISIC_0025961,nv,nv,0.71060777,1.7548555e-05,auto_accept,baseline_vaal
ISIC_0026615,nv,bkl,1.1874835,0.047104303,auto_accept,baseline_vaal
ISIC_0030408,akiec,mel,1.2018821,0.95553106,auto_accept,baseline_vaal
ISIC_0030353,nv,nv,0.0001230568,1.5938757e-07,auto_accept,baseline_vaal
ISIC_0027430,nv,bcc,0.5977357,0.26260754,auto_accept,baseline_vaal
ISIC_0033783,bkl,bkl,4.9641465e-05,4.5605542e-05,auto_accept,baseline_vaal
ISIC_0027924,nv,nv,0.006370112,0.00037390538,auto_accept,baseline_vaal
ISIC_0031277,bkl,bkl,0.038317468,0.017110176,auto_accept,baseline_vaal
ISIC_0034023,nv,nv,7.854054e-05,6.92812e-08,auto_accept,baseline_vaal
ISIC_0031092,nv,nv,0.0011393719,2.1885093e-05,auto_accept,baseline_vaal
ISIC_0027339,nv,nv,0.031263955,0.00028896573,auto_accept,baseline_vaal
ISIC_0031001,nv,mel,0.2687733,0.9734123,auto_accept,baseline_vaal
ISIC_0024673,bcc,bkl,0.75073683,0.35073292,auto_accept,baseline_vaal
ISIC_0026493,bkl,nv,1.5471798,0.04821562,auto_accept,baseline_vaal
ISIC_0033359,nv,nv,0.056626014,0.002767614,auto_accept,baseline_vaal
ISIC_0033282,nv,nv,0.03202454,0.00017692319,auto_accept,baseline_vaal
ISIC_0031404,nv,bcc,0.00082246034,0.99972314,auto_accept,baseline_vaal
ISIC_0033965,nv,nv,0.20470521,0.02062286,auto_accept,baseline_vaal
ISIC_0032960,mel,bcc,0.26355562,0.998774,auto_accept,baseline_vaal
ISIC_0033812,mel,nv,0.00075312064,3.4945017e-05,auto_accept,baseline_vaal
ISIC_0026725,nv,nv,9.772741e-05,1.0758512e-06,auto_accept,baseline_vaal
ISIC_0026875,nv,nv,2.7010483e-05,7.118108e-09,escalate,baseline_vaal
ISIC_0027210,vasc,vasc,2.9747181e-07,1.0320698e-08,auto_accept,baseline_vaal
ISIC_0033155,nv,nv,0.37394962,0.08918242,auto_accept,baseline_vaal
ISIC_0027464,nv,nv,6.7308533e-06,4.1695436e-08,auto_accept,baseline_vaal
ISIC_0030560,nv,nv,0.0022468495,6.4808766e-05,auto_accept,baseline_vaal
ISIC_0029480,mel,nv,0.66720974,2.0254125e-05,auto_accept,baseline_vaal
ISIC_0025758,bkl,bkl,1.3235142e-06,5.9899103e-09,auto_accept,baseline_vaal
ISIC_0025939,bkl,akiec,0.013779888,0.99955803,auto_accept,baseline_vaal
ISIC_0025824,bcc,bcc,1.3942039,0.80743873,auto_accept,baseline_vaal
ISIC_0024354,nv,nv,0.0005175891,1.4060284e-07,auto_accept,baseline_vaal
ISIC_0028958,bkl,nv,0.20752859,1.3814468e-08,auto_accept,baseline_vaal
ISIC_0031778,mel,bkl,0.10000156,0.010217528,auto_accept,baseline_vaal
ISIC_0026996,mel,nv,0.0029089425,1.4437046e-05,auto_accept,baseline_vaal
ISIC_0030551,nv,nv,0.22600318,0.002395483,auto_accept,baseline_vaal
ISIC_0027341,nv,nv,1.381551e-08,1.6459023e-12,auto_accept,baseline_vaal
ISIC_0024482,mel,akiec,0.29632956,0.95141286,auto_accept,baseline_vaal
ISIC_0029074,nv,nv,0.00042110682,5.414894e-07,auto_accept,baseline_vaal
ISIC_0034200,nv,nv,0.06838834,0.004934954,auto_accept,baseline_vaal
ISIC_0026468,akiec,bkl,0.8675541,0.00036434756,auto_accept,baseline_vaal
ISIC_0027085,nv,nv,0.12776588,0.0008432395,auto_accept,baseline_vaal
ISIC_0024420,bkl,bkl,0.6972563,0.0051308875,auto_accept,baseline_vaal
ISIC_0027869,nv,nv,0.0003302941,1.6850143e-08,auto_accept,baseline_vaal
ISIC_0033895,nv,nv,0.0053520617,0.00018728798,auto_accept,baseline_vaal
ISIC_0034307,nv,nv,0.2579826,0.01648475,auto_accept,baseline_vaal
ISIC_0033473,mel,mel,0.113585055,0.9592779,auto_accept,baseline_vaal
ISIC_0028557,nv,bkl,1.1321027,0.21447887,auto_accept,baseline_vaal
ISIC_0024574,nv,nv,7.71512e-06,8.138718e-10,auto_accept,baseline_vaal
ISIC_0033265,nv,nv,0.042456668,9.872365e-05,auto_accept,baseline_vaal
ISIC_0028002,nv,nv,0.06864463,0.00011371416,auto_accept,baseline_vaal
ISIC_0031192,nv,bkl,0.00017342111,2.4738543e-05,auto_accept,baseline_vaal
ISIC_0033252,bkl,nv,0.23708776,0.007573577,auto_accept,baseline_vaal
ISIC_0031452,nv,nv,0.023920672,6.686448e-05,auto_accept,baseline_vaal
ISIC_0029871,nv,nv,0.011565318,0.00025065808,auto_accept,baseline_vaal
ISIC_0032448,nv,nv,0.0024335596,2.4267401e-05,auto_accept,baseline_vaal
ISIC_0032601,nv,mel,0.37325415,0.8963021,auto_accept,baseline_vaal
ISIC_0027976,bcc,bcc,0.0061996193,0.99910754,auto_accept,baseline_vaal
ISIC_0027625,nv,nv,1.9604272e-07,2.8131592e-10,auto_accept,baseline_vaal
ISIC_0030932,mel,bkl,0.8630102,0.2967482,auto_accept,baseline_vaal
ISIC_0030569,nv,nv,0.032474834,0.0021881484,auto_accept,baseline_vaal
ISIC_0032616,nv,nv,0.0005646062,6.4802106e-07,escalate,baseline_vaal
ISIC_0025049,nv,nv,0.017806552,0.0005807116,auto_accept,baseline_vaal
ISIC_0028315,nv,nv,0.0035573978,4.285376e-05,auto_accept,baseline_vaal
ISIC_0024755,nv,nv,4.5091856e-06,1.1345669e-08,auto_accept,baseline_vaal
ISIC_0028076,akiec,akiec,0.0009626241,0.9999273,auto_accept,baseline_vaal
ISIC_0031021,nv,nv,0.008688474,2.8236956e-05,auto_accept,baseline_vaal
ISIC_0025995,nv,nv,0.07370511,0.0017755284,auto_accept,baseline_vaal
ISIC_0026567,bkl,akiec,0.0041445713,0.99996483,auto_accept,baseline_vaal
ISIC_0029811,akiec,akiec,0.0008625533,0.9999678,auto_accept,baseline_vaal
ISIC_0033873,nv,mel,0.36562204,0.8678531,auto_accept,baseline_vaal
ISIC_0027538,nv,mel,0.09795813,0.9980039,auto_accept,baseline_vaal
ISIC_0028835,nv,nv,4.6477207e-06,3.8186168e-10,auto_accept,baseline_vaal
ISIC_0028283,bcc,bcc,0.010431252,0.99790287,auto_accept,baseline_vaal
ISIC_0031668,nv,nv,0.006559318,1.2081503e-08,auto_accept,baseline_vaal
ISIC_0028380,nv,nv,0.0008853604,1.4371083e-05,auto_accept,baseline_vaal
ISIC_0031948,nv,bkl,0.9582992,0.09463051,auto_accept,baseline_vaal
ISIC_0026466,akiec,bkl,0.61510223,0.20993496,auto_accept,baseline_vaal
ISIC_0031103,vasc,vasc,6.31003e-05,8.906375e-08,auto_accept,baseline_vaal
ISIC_0026971,nv,nv,7.992303e-05,1.9477032e-07,auto_accept,baseline_vaal
ISIC_0031416,nv,nv,6.1070255e-06,3.211099e-10,auto_accept,baseline_vaal
ISIC_0029822,nv,nv,1.381551e-08,2.0260066e-14,auto_accept,baseline_vaal
ISIC_0032426,nv,nv,1.3939541e-06,4.3372064e-10,auto_accept,baseline_vaal
ISIC_0027451,bkl,bkl,0.0018333565,0.0008524375,auto_accept,baseline_vaal
ISIC_0029873,nv,nv,1.9741028e-05,4.953024e-08,auto_accept,baseline_vaal
ISIC_0026237,nv,nv,0.19985643,9.578257e-06,auto_accept,baseline_vaal
ISIC_0031556,bkl,bkl,0.3102675,1.8482982e-05,auto_accept,baseline_vaal
ISIC_0031288,nv,nv,0.011800061,0.00036598125,auto_accept,baseline_vaal
ISIC_0031000,bkl,bkl,0.15722173,0.0028200399,auto_accept,baseline_vaal
ISIC_0028660,nv,nv,0.032140266,0.00020867585,auto_accept,baseline_vaal
ISIC_0029626,nv,nv,2.416363e-06,1.31416655e-08,escalate,baseline_vaal
ISIC_0025694,nv,nv,6.6858076e-05,2.038553e-07,auto_accept,baseline_vaal
ISIC_0033624,mel,bkl,0.12504295,0.023893578,escalate,baseline_vaal
ISIC_0025505,nv,nv,0.8117973,0.3897229,auto_accept,baseline_vaal
ISIC_0026501,nv,vasc,0.84072614,0.0078008533,auto_accept,baseline_vaal
ISIC_0026228,nv,nv,9.4181405e-06,2.1778272e-08,auto_accept,baseline_vaal
ISIC_0027136,nv,nv,0.46644202,3.476705e-05,auto_accept,baseline_vaal
ISIC_0025555,nv,nv,7.929599e-06,7.0814664e-08,auto_accept,baseline_vaal
ISIC_0028547,nv,nv,0.0028245596,0.00014694715,auto_accept,baseline_vaal
ISIC_0032972,bkl,bkl,0.010846554,2.676849e-05,auto_accept,baseline_vaal
ISIC_0026282,bcc,bcc,0.025310712,0.9983028,auto_accept,baseline_vaal
ISIC_0026696,nv,nv,0.0002588124,1.3510315e-06,auto_accept,baseline_vaal
ISIC_0027414,nv,nv,1.381551e-08,2.3676403e-13,auto_accept,baseline_vaal
ISIC_0028619,akiec,nv,0.69930077,5.645506e-05,auto_accept,baseline_vaal
ISIC_0029220,bcc,bcc,0.029103104,0.9994881,auto_accept,baseline_vaal
ISIC_0033815,nv,nv,0.026126217,3.5504036e-05,auto_accept,baseline_vaal
ISIC_0025768,nv,nv,2.1969111e-08,4.979688e-12,auto_accept,baseline_vaal
ISIC_0034253,mel,mel,0.5825246,0.52082574,auto_accept,baseline_vaal
ISIC_0025799,bkl,bkl,0.92209345,0.8224086,auto_accept,baseline_vaal
ISIC_0026772,nv,nv,0.0010845697,1.1341101e-05,auto_accept,baseline_vaal
ISIC_0030070,vasc,vasc,0.38755316,1.1600554e-08,auto_accept,baseline_vaal
ISIC_0033573,mel,mel,0.046167172,0.98829097,auto_accept,baseline_vaal
ISIC_0034241,nv,nv,0.03824144,0.004146862,auto_accept,baseline_vaal
ISIC_0029560,nv,mel,0.7155437,0.78363204,auto_accept,baseline_vaal
ISIC_0028841,nv,nv,1.9909612e-06,5.863284e-10,auto_accept,baseline_vaal
ISIC_0028587,bkl,bkl,1.0607349e-07,4.6778332e-08,escalate,baseline_vaal
ISIC_0032130,nv,nv,3.7782706e-07,5.500046e-10,auto_accept,baseline_vaal
ISIC_0029955,nv,nv,2.3998675e-06,1.0676555e-09,auto_accept,baseline_vaal
ISIC_0024621,nv,nv,2.110158e-06,3.226892e-09,auto_accept,baseline_vaal
ISIC_0032605,nv,nv,8.388874e-05,3.4613942e-07,auto_accept,baseline_vaal
ISIC_0027737,bkl,bkl,0.0013323093,0.0009205105,auto_accept,baseline_vaal
ISIC_0031520,bcc,akiec,0.009230422,0.999689,auto_accept,baseline_vaal
ISIC_0027156,nv,nv,0.31702113,0.036627498,auto_accept,baseline_vaal
ISIC_0031934,nv,nv,0.02502382,3.7510534e-05,escalate,baseline_vaal
ISIC_0028629,nv,nv,5.4004115e-05,7.232604e-08,auto_accept,baseline_vaal
ISIC_0026242,nv,nv,0.0014808828,1.38678615e-05,escalate,baseline_vaal
ISIC_0026314,mel,bcc,0.6999623,0.99879044,auto_accept,baseline_vaal
ISIC_0029265,mel,bkl,0.02029094,0.532994,auto_accept,baseline_vaal
ISIC_0033482,bkl,bkl,0.09062953,0.20266923,auto_accept,baseline_vaal
ISIC_0024861,nv,nv,0.13777576,0.0019650261,escalate,baseline_vaal
ISIC_0028570,bcc,bcc,0.0009021112,0.9998714,auto_accept,baseline_vaal
ISIC_0029606,mel,mel,0.124714546,0.9774774,auto_accept,baseline_vaal
ISIC_0032441,mel,bkl,0.28863394,0.0026732374,auto_accept,baseline_vaal
ISIC_0031664,nv,nv,1.4122529e-07,3.009593e-11,auto_accept,baseline_vaal
ISIC_0025125,nv,nv,0.47990477,5.7781708e-05,auto_accept,baseline_vaal
ISIC_0025348,nv,nv,0.00040332568,1.4627749e-06,auto_accept,baseline_vaal
ISIC_0032475,nv,nv,0.038211472,0.0025873822,auto_accept,baseline_vaal
ISIC_0033048,nv,nv,0.00024095784,5.875823e-06,auto_accept,baseline_vaal
ISIC_0027092,nv,nv,1.7444423e-08,3.6285018e-12,auto_accept,baseline_vaal
ISIC_0024682,nv,nv,0.053721465,0.0029916412,escalate,baseline_vaal
ISIC_0029150,nv,bkl,0.75851136,0.0024233921,auto_accept,baseline_vaal
ISIC_0024356,nv,bkl,1.1962463,0.36232412,auto_accept,baseline_vaal
ISIC_0031186,mel,akiec,0.18302439,0.9998677,auto_accept,baseline_vaal
ISIC_0026062,nv,nv,0.20156205,0.0041382005,auto_accept,baseline_vaal
ISIC_0029527,bkl,bkl,0.010398915,0.0013961197,auto_accept,baseline_vaal
ISIC_0033082,nv,nv,0.13930734,0.0039068027,auto_accept,baseline_vaal
ISIC_0027209,nv,nv,0.004123419,0.00023909024,auto_accept,baseline_vaal
ISIC_0033901,mel,bkl,0.85777205,0.36663193,auto_accept,baseline_vaal
ISIC_0026961,bkl,bkl,0.0052571543,0.0009380459,auto_accept,baseline_vaal
ISIC_0029110,nv,nv,4.641579e-05,6.9327854e-08,auto_accept,baseline_vaal
ISIC_0030833,nv,nv,0.39441794,0.008831814,auto_accept,baseline_vaal
ISIC_0028091,nv,nv,0.009495393,0.0007623502,auto_accept,baseline_vaal
ISIC_0029145,nv,bcc,0.17678039,0.88957125,auto_accept,baseline_vaal
ISIC_0025086,bkl,bkl,0.007934521,0.0032916602,escalate,baseline_vaal
ISIC_0026114,nv,nv,3.0093572e-06,2.5996945e-09,auto_accept,baseline_vaal
ISIC_0033888,nv,nv,0.5179384,0.092389576,auto_accept,baseline_vaal
ISIC_0028761,nv,bkl,0.73303455,0.0013893725,auto_accept,baseline_vaal
ISIC_0030686,nv,nv,0.0015588321,1.0950595e-06,auto_accept,baseline_vaal
ISIC_0033501,nv,nv,0.6560522,0.121717356,auto_accept,baseline_vaal
ISIC_0031602,nv,nv,0.5814099,0.013793756,auto_accept,baseline_vaal
ISIC_0032024,bkl,akiec,0.041786347,0.9823203,auto_accept,baseline_vaal
ISIC_0033852,nv,nv,0.16480073,0.006122477,auto_accept,baseline_vaal
ISIC_0026750,nv,nv,0.0032700095,3.1189236e-05,escalate,baseline_vaal
ISIC_0026982,nv,nv,1.1467199e-05,4.6908215e-09,auto_accept,baseline_vaal
ISIC_0028666,mel,akiec,1.4129804,0.23309223,auto_accept,baseline_vaal
ISIC_0034224,nv,nv,0.23284428,0.019075679,auto_accept,baseline_vaal
ISIC_0028534,nv,nv,0.09647083,0.0058050114,auto_accept,baseline_vaal
ISIC_0024383,bkl,bkl,2.8500956e-06,2.3637166e-07,auto_accept,baseline_vaal
ISIC_0033706,nv,nv,0.07658724,0.0051625418,auto_accept,baseline_vaal
ISIC_0030816,nv,nv,0.052296847,0.003967611,auto_accept,baseline_vaal
ISIC_0029068,bkl,bkl,0.45160598,0.008809085,auto_accept,baseline_vaal
ISIC_0030410,nv,nv,0.5521327,4.09597e-07,auto_accept,baseline_vaal
ISIC_0033187,nv,nv,0.015324146,6.994627e-07,auto_accept,baseline_vaal
ISIC_0028799,nv,nv,5.683449e-06,2.5089308e-08,auto_accept,baseline_vaal
ISIC_0024382,bkl,bkl,0.9485614,0.31361356,auto_accept,baseline_vaal
ISIC_0032550,mel,mel,2.07115e-05,0.9999981,auto_accept,baseline_vaal
ISIC_0032881,nv,nv,0.5660745,0.030941986,auto_accept,baseline_vaal
ISIC_0025576,bcc,bcc,0.008145867,0.9983204,auto_accept,baseline_vaal
ISIC_0031893,bkl,bkl,0.0036805666,0.000663715,auto_accept,baseline_vaal
ISIC_0027593,nv,nv,3.914763e-05,1.9131325e-09,auto_accept,baseline_vaal
ISIC_0030097,nv,nv,3.5702888e-05,7.7165474e-08,auto_accept,baseline_vaal
